source	destination	slack
s_axi_control_AWADDR[6]	control_s_axi_U/waddr_reg[6]/D	-1.650
s_axi_control_WDATA[0]	control_s_axi_U/int_ier_reg[0]/D	-1.647
s_axi_control_AWADDR[2]	control_s_axi_U/waddr_reg[2]/D	-1.646
s_axi_control_AWADDR[3]	control_s_axi_U/waddr_reg[3]/D	-1.646
s_axi_control_AWADDR[4]	control_s_axi_U/waddr_reg[4]/D	-1.645
s_axi_control_AWADDR[5]	control_s_axi_U/waddr_reg[5]/D	-1.645
s_axi_control_WDATA[1]	control_s_axi_U/int_ier_reg[1]/D	-1.643
ap_rst_n	v_gmem_m_axi_U/bus_read/rreq_burst_conv/last_sect_reg/D	-1.643
m_axi_v_gmem_ARREADY	v_gmem_m_axi_U/bus_read/rreq_burst_conv/could_multi_bursts.burst_valid_reg/D	-1.634
ap_rst_n	v_gmem_m_axi_U/load_unit_0/fifo_rreq/full_n_reg/D	-1.634
s_axi_control_WDATA[10]	control_s_axi_U/int_v_address_reg[42]/D	-1.632
s_axi_control_WDATA[14]	control_s_axi_U/int_v_address_reg[46]/D	-1.631
s_axi_control_WDATA[18]	control_s_axi_U/int_v_address_reg[50]/D	-1.631
s_axi_control_WDATA[8]	control_s_axi_U/int_o_address_reg[8]/D	-1.630
s_axi_control_WDATA[14]	control_s_axi_U/int_o_address_reg[46]/D	-1.630
s_axi_control_WDATA[18]	control_s_axi_U/int_o_address_reg[50]/D	-1.629
s_axi_control_WDATA[8]	control_s_axi_U/int_v_address_reg[8]/D	-1.629
s_axi_control_WDATA[16]	control_s_axi_U/int_v_address_reg[48]/D	-1.628
s_axi_control_WDATA[3]	control_s_axi_U/int_v_address_reg[35]/D	-1.628
s_axi_control_WDATA[12]	control_s_axi_U/int_v_address_reg[44]/D	-1.627
s_axi_control_WDATA[16]	control_s_axi_U/int_o_address_reg[48]/D	-1.625
s_axi_control_WDATA[1]	control_s_axi_U/int_v_address_reg[1]/D	-1.623
s_axi_control_WDATA[11]	control_s_axi_U/int_v_address_reg[43]/D	-1.623
s_axi_control_WDATA[10]	control_s_axi_U/int_o_address_reg[42]/D	-1.622
s_axi_control_WDATA[5]	control_s_axi_U/int_v_address_reg[37]/D	-1.622
s_axi_control_WDATA[6]	control_s_axi_U/int_v_address_reg[6]/D	-1.622
s_axi_control_WDATA[3]	control_s_axi_U/int_v_address_reg[3]/D	-1.621
s_axi_control_WDATA[7]	control_s_axi_U/int_v_address_reg[7]/D	-1.621
s_axi_control_WDATA[13]	control_s_axi_U/int_v_address_reg[45]/D	-1.621
s_axi_control_WDATA[4]	control_s_axi_U/int_o_address_reg[4]/D	-1.620
s_axi_control_WDATA[6]	control_s_axi_U/int_o_address_reg[6]/D	-1.620
s_axi_control_WDATA[7]	control_s_axi_U/int_q_address_reg[39]/D	-1.620
s_axi_control_WDATA[7]	control_s_axi_U/int_sequence_length_reg[7]/D	-1.620
s_axi_control_WDATA[9]	control_s_axi_U/int_sequence_length_reg[9]/D	-1.620
s_axi_control_WDATA[19]	control_s_axi_U/int_v_address_reg[51]/D	-1.620
s_axi_control_WDATA[5]	control_s_axi_U/int_v_address_reg[5]/D	-1.620
s_axi_control_WDATA[11]	control_s_axi_U/int_v_address_reg[11]/D	-1.619
s_axi_control_WDATA[12]	control_s_axi_U/int_o_address_reg[44]/D	-1.619
s_axi_control_WDATA[17]	control_s_axi_U/int_q_address_reg[49]/D	-1.619
s_axi_control_WDATA[19]	control_s_axi_U/int_q_address_reg[51]/D	-1.619
s_axi_control_WDATA[13]	control_s_axi_U/int_v_address_reg[13]/D	-1.619
s_axi_control_WDATA[0]	control_s_axi_U/int_v_address_reg[32]/D	-1.619
s_axi_control_WDATA[2]	control_s_axi_U/int_v_address_reg[34]/D	-1.619
s_axi_control_WDATA[7]	control_s_axi_U/int_v_address_reg[39]/D	-1.618
s_axi_control_WDATA[11]	control_s_axi_U/int_sequence_length_reg[11]/D	-1.617
s_axi_control_WDATA[3]	control_s_axi_U/int_sequence_length_reg[3]/D	-1.617
s_axi_control_WDATA[4]	control_s_axi_U/int_v_address_reg[4]/D	-1.617
s_axi_control_WDATA[15]	control_s_axi_U/int_v_address_reg[47]/D	-1.617
s_axi_control_WDATA[2]	control_s_axi_U/int_q_address_reg[34]/D	-1.616
s_axi_control_WDATA[15]	control_s_axi_U/int_v_address_reg[15]/D	-1.616
s_axi_control_WDATA[17]	control_s_axi_U/int_v_address_reg[17]/D	-1.616
s_axi_control_WDATA[21]	control_s_axi_U/int_v_address_reg[21]/D	-1.616
ap_rst_n	k_gmem_m_axi_U/load_unit_0/fifo_rreq/full_n_reg/D	-1.615
s_axi_control_WDATA[29]	control_s_axi_U/int_q_address_reg[61]/D	-1.615
s_axi_control_WDATA[23]	control_s_axi_U/int_v_address_reg[23]/D	-1.615
s_axi_control_WDATA[27]	control_s_axi_U/int_v_address_reg[27]/D	-1.615
s_axi_control_WDATA[29]	control_s_axi_U/int_v_address_reg[29]/D	-1.615
s_axi_control_WDATA[17]	control_s_axi_U/int_v_address_reg[49]/D	-1.615
s_axi_control_WDATA[0]	control_s_axi_U/int_q_address_reg[32]/D	-1.614
ap_rst_n	k_gmem_m_axi_U/bus_read/rreq_burst_conv/last_sect_reg/D	-1.614
s_axi_control_WDATA[9]	control_s_axi_U/int_v_address_reg[9]/D	-1.614
s_axi_control_WDATA[0]	control_s_axi_U/int_o_address_reg[32]/D	-1.614
s_axi_control_WDATA[11]	control_s_axi_U/int_q_address_reg[43]/D	-1.614
s_axi_control_WDATA[15]	control_s_axi_U/int_q_address_reg[47]/D	-1.614
s_axi_control_WDATA[27]	control_s_axi_U/int_sequence_length_reg[27]/D	-1.614
s_axi_control_WDATA[20]	control_s_axi_U/int_v_address_reg[52]/D	-1.614
s_axi_control_WDATA[5]	control_s_axi_U/int_q_address_reg[37]/D	-1.613
s_axi_control_WDATA[13]	control_s_axi_U/int_q_address_reg[45]/D	-1.613
s_axi_control_WDATA[20]	control_s_axi_U/int_o_address_reg[52]/D	-1.613
s_axi_control_WDATA[21]	control_s_axi_U/int_q_address_reg[53]/D	-1.613
s_axi_control_WDATA[27]	control_s_axi_U/int_q_address_reg[59]/D	-1.613
s_axi_control_WDATA[1]	control_s_axi_U/int_v_address_reg[33]/D	-1.613
s_axi_control_WDATA[9]	control_s_axi_U/int_v_address_reg[41]/D	-1.613
s_axi_control_ARADDR[1]	control_s_axi_U/rdata_reg[3]/D	-1.613
s_axi_control_WDATA[10]	control_s_axi_U/int_q_address_reg[42]/D	-1.612
s_axi_control_WDATA[4]	control_s_axi_U/int_q_address_reg[4]/D	-1.612
s_axi_control_WDATA[18]	control_s_axi_U/int_q_address_reg[50]/D	-1.612
s_axi_control_WDATA[6]	control_s_axi_U/int_q_address_reg[6]/D	-1.612
ap_rst_n	o_gmem_m_axi_U/bus_write/wreq_burst_conv/last_sect_reg/D	-1.612
s_axi_control_WDATA[2]	control_s_axi_U/int_o_address_reg[34]/D	-1.612
s_axi_control_WDATA[21]	control_s_axi_U/int_sequence_length_reg[21]/D	-1.612
s_axi_control_WDATA[29]	control_s_axi_U/int_v_address_reg[61]/D	-1.612
s_axi_control_WDATA[2]	control_s_axi_U/int_k_address_reg[34]/D	-1.611
s_axi_control_WDATA[8]	control_s_axi_U/int_v_address_reg[40]/D	-1.611
m_axi_o_gmem_BVALID	o_gmem_m_axi_U/bus_write/rs_resp/state_reg[0]/D	-1.611
s_axi_control_WDATA[23]	control_s_axi_U/int_q_address_reg[55]/D	-1.611
s_axi_control_WDATA[8]	control_s_axi_U/int_q_address_reg[8]/D	-1.611
s_axi_control_WDATA[1]	control_s_axi_U/int_sequence_length_reg[1]/D	-1.611
s_axi_control_WDATA[5]	control_s_axi_U/int_sequence_length_reg[5]/D	-1.611
s_axi_control_WDATA[21]	control_s_axi_U/int_v_address_reg[53]/D	-1.611
s_axi_control_WDATA[23]	control_s_axi_U/int_v_address_reg[55]/D	-1.611
s_axi_control_WDATA[12]	control_s_axi_U/int_q_address_reg[44]/D	-1.610
s_axi_control_WDATA[16]	control_s_axi_U/int_q_address_reg[48]/D	-1.610
s_axi_control_WDATA[4]	control_s_axi_U/int_k_address_reg[4]/D	-1.610
s_axi_control_WDATA[6]	control_s_axi_U/int_k_address_reg[6]/D	-1.610
s_axi_control_WDATA[24]	control_s_axi_U/int_o_address_reg[56]/D	-1.610
s_axi_control_WDATA[1]	control_s_axi_U/int_q_address_reg[33]/D	-1.610
s_axi_control_WDATA[3]	control_s_axi_U/int_q_address_reg[35]/D	-1.610
s_axi_control_WDATA[13]	control_s_axi_U/int_sequence_length_reg[13]/D	-1.610
s_axi_control_WDATA[17]	control_s_axi_U/int_sequence_length_reg[17]/D	-1.610
s_axi_control_WDATA[23]	control_s_axi_U/int_sequence_length_reg[23]/D	-1.610
s_axi_control_WDATA[29]	control_s_axi_U/int_sequence_length_reg[29]/D	-1.610
s_axi_control_WDATA[18]	control_s_axi_U/int_v_address_reg[18]/D	-1.610
s_axi_control_WDATA[19]	control_s_axi_U/int_v_address_reg[19]/D	-1.610
s_axi_control_WDATA[25]	control_s_axi_U/int_v_address_reg[57]/D	-1.610
s_axi_control_WDATA[27]	control_s_axi_U/int_v_address_reg[59]/D	-1.610
s_axi_control_ARADDR[1]	control_s_axi_U/rdata_reg[2]/D	-1.610
s_axi_control_WDATA[0]	control_s_axi_U/int_k_address_reg[32]/D	-1.609
s_axi_control_WDATA[10]	control_s_axi_U/int_k_address_reg[42]/D	-1.609
m_axi_k_gmem_ARREADY	k_gmem_m_axi_U/bus_read/rreq_burst_conv/could_multi_bursts.burst_valid_reg/D	-1.609
s_axi_control_WDATA[8]	control_s_axi_U/int_k_address_reg[8]/D	-1.609
s_axi_control_WDATA[8]	control_s_axi_U/int_o_address_reg[40]/D	-1.609
s_axi_control_WDATA[9]	control_s_axi_U/int_q_address_reg[41]/D	-1.609
s_axi_control_ARADDR[1]	control_s_axi_U/rdata_reg[9]/D	-1.609
s_axi_control_WDATA[19]	control_s_axi_U/int_sequence_length_reg[19]/D	-1.609
s_axi_control_RREADY	control_s_axi_U/FSM_onehot_rstate_reg[2]/D	-1.608
s_axi_control_ARADDR[1]	control_s_axi_U/rdata_reg[7]/D	-1.608
s_axi_control_WDATA[26]	control_s_axi_U/int_o_address_reg[58]/D	-1.608
s_axi_control_WDATA[30]	control_s_axi_U/int_o_address_reg[62]/D	-1.608
s_axi_control_WDATA[25]	control_s_axi_U/int_q_address_reg[57]/D	-1.608
s_axi_control_WDATA[31]	control_s_axi_U/int_q_address_reg[63]/D	-1.608
s_axi_control_WDATA[31]	control_s_axi_U/int_v_address_reg[31]/D	-1.608
s_axi_control_WDATA[22]	control_s_axi_U/int_v_address_reg[54]/D	-1.608
s_axi_control_WDATA[26]	control_s_axi_U/int_v_address_reg[58]/D	-1.608
s_axi_control_WDATA[12]	control_s_axi_U/int_k_address_reg[44]/D	-1.607
s_axi_control_WDATA[18]	control_s_axi_U/int_k_address_reg[50]/D	-1.607
s_axi_control_WDATA[14]	control_s_axi_U/int_q_address_reg[46]/D	-1.607
s_axi_control_WDATA[26]	control_s_axi_U/int_q_address_reg[58]/D	-1.607
s_axi_control_WDATA[16]	control_s_axi_U/int_o_address_reg[16]/D	-1.607
s_axi_control_WDATA[16]	control_s_axi_U/int_v_address_reg[16]/D	-1.607
s_axi_control_WDATA[22]	control_s_axi_U/int_o_address_reg[54]/D	-1.607
s_axi_control_WDATA[28]	control_s_axi_U/int_o_address_reg[60]/D	-1.607
s_axi_control_WDATA[28]	control_s_axi_U/int_v_address_reg[60]/D	-1.607
s_axi_control_WDATA[30]	control_s_axi_U/int_v_address_reg[62]/D	-1.607
s_axi_control_WDATA[16]	control_s_axi_U/int_k_address_reg[48]/D	-1.606
s_axi_control_WDATA[28]	control_s_axi_U/int_k_address_reg[60]/D	-1.606
s_axi_control_WDATA[10]	control_s_axi_U/int_v_address_reg[10]/D	-1.606
s_axi_control_WDATA[15]	control_s_axi_U/int_sequence_length_reg[15]/D	-1.606
s_axi_control_WDATA[24]	control_s_axi_U/int_q_address_reg[56]/D	-1.605
s_axi_control_WDATA[14]	control_s_axi_U/int_v_address_reg[14]/D	-1.605
s_axi_control_AWVALID	control_s_axi_U/FSM_onehot_wstate_reg[1]/D	-1.605
s_axi_control_WDATA[24]	control_s_axi_U/int_v_address_reg[56]/D	-1.605
s_axi_control_WDATA[31]	control_s_axi_U/int_v_address_reg[63]/D	-1.605
s_axi_control_WDATA[31]	control_s_axi_U/int_sequence_length_reg[31]/D	-1.605
ap_rst_n	v_gmem_m_axi_U/bus_read/rreq_burst_conv/sect_total_buf_reg[12]/R	-1.604
ap_rst_n	v_gmem_m_axi_U/bus_read/rreq_burst_conv/sect_total_buf_reg[13]/R	-1.604
ap_rst_n	v_gmem_m_axi_U/bus_read/rreq_burst_conv/sect_total_buf_reg[14]/R	-1.604
ap_rst_n	v_gmem_m_axi_U/bus_read/rreq_burst_conv/sect_total_buf_reg[15]/R	-1.604
ap_rst_n	v_gmem_m_axi_U/bus_read/rreq_burst_conv/sect_total_buf_reg[4]/R	-1.604
ap_rst_n	v_gmem_m_axi_U/bus_read/rreq_burst_conv/sect_total_buf_reg[5]/R	-1.604
ap_rst_n	v_gmem_m_axi_U/bus_read/rreq_burst_conv/sect_total_buf_reg[6]/R	-1.604
ap_rst_n	v_gmem_m_axi_U/bus_read/rreq_burst_conv/sect_total_buf_reg[7]/R	-1.604
s_axi_control_WDATA[14]	control_s_axi_U/int_o_address_reg[14]/D	-1.604
m_axi_o_gmem_BVALID	o_gmem_m_axi_U/bus_write/rs_resp/FSM_sequential_state_reg[0]/D	-1.604
s_axi_control_WDATA[14]	control_s_axi_U/int_k_address_reg[46]/D	-1.603
s_axi_control_WDATA[20]	control_s_axi_U/int_k_address_reg[52]/D	-1.603
s_axi_control_WDATA[18]	control_s_axi_U/int_o_address_reg[18]/D	-1.603
s_axi_control_WDATA[3]	control_s_axi_U/int_k_address_reg[35]/D	-1.603
s_axi_control_WDATA[11]	control_s_axi_U/int_k_address_reg[43]/D	-1.603
ap_rst_n	v_gmem_m_axi_U/load_unit_0/fifo_rreq/U_fifo_srl/dout_reg[71]/R	-1.603
ap_rst_n	v_gmem_m_axi_U/load_unit_0/fifo_rreq/U_fifo_srl/dout_reg[72]/R	-1.603
ap_rst_n	v_gmem_m_axi_U/load_unit_0/tmp_len_reg[3]/R	-1.603
ap_rst_n	v_gmem_m_axi_U/load_unit_0/tmp_len_reg[4]/R	-1.603
ap_rst_n	v_gmem_m_axi_U/load_unit_0/tmp_len_reg[5]/R	-1.603
s_axi_control_WDATA[25]	control_s_axi_U/int_v_address_reg[25]/D	-1.603
s_axi_control_WDATA[24]	control_s_axi_U/int_k_address_reg[56]/D	-1.602
s_axi_control_WDATA[6]	control_s_axi_U/int_o_address_reg[38]/D	-1.602
s_axi_control_WDATA[7]	control_s_axi_U/int_o_address_reg[39]/D	-1.602
s_axi_control_WDATA[3]	control_s_axi_U/int_o_address_reg[3]/D	-1.602
ap_rst_n	v_gmem_m_axi_U/load_unit_0/tmp_len_reg[10]/R	-1.602
ap_rst_n	v_gmem_m_axi_U/load_unit_0/tmp_len_reg[11]/R	-1.602
ap_rst_n	v_gmem_m_axi_U/load_unit_0/tmp_len_reg[12]/R	-1.602
ap_rst_n	v_gmem_m_axi_U/load_unit_0/tmp_len_reg[13]/R	-1.602
ap_rst_n	v_gmem_m_axi_U/load_unit_0/tmp_len_reg[18]/R	-1.602
ap_rst_n	v_gmem_m_axi_U/load_unit_0/tmp_len_reg[19]/R	-1.602
ap_rst_n	v_gmem_m_axi_U/load_unit_0/tmp_len_reg[20]/R	-1.602
ap_rst_n	v_gmem_m_axi_U/load_unit_0/tmp_len_reg[21]/R	-1.602
ap_rst_n	v_gmem_m_axi_U/load_unit_0/tmp_len_reg[26]/R	-1.602
ap_rst_n	v_gmem_m_axi_U/load_unit_0/tmp_len_reg[27]/R	-1.602
ap_rst_n	v_gmem_m_axi_U/load_unit_0/tmp_len_reg[28]/R	-1.602
ap_rst_n	v_gmem_m_axi_U/load_unit_0/tmp_len_reg[29]/R	-1.602
ap_rst_n	v_gmem_m_axi_U/load_unit_0/tmp_len_reg[6]/R	-1.602
ap_rst_n	v_gmem_m_axi_U/load_unit_0/tmp_len_reg[7]/R	-1.602
ap_rst_n	v_gmem_m_axi_U/load_unit_0/tmp_len_reg[8]/R	-1.602
ap_rst_n	v_gmem_m_axi_U/load_unit_0/tmp_len_reg[9]/R	-1.602
s_axi_control_WDATA[11]	control_s_axi_U/int_o_address_reg[11]/D	-1.602
s_axi_control_WDATA[25]	control_s_axi_U/int_sequence_length_reg[25]/D	-1.602
s_axi_control_WDATA[12]	control_s_axi_U/int_v_address_reg[12]/D	-1.601
m_axi_o_gmem_BVALID	o_gmem_m_axi_U/bus_write/rs_resp/state_reg[1]/D	-1.601
ap_rst_n	v_gmem_m_axi_U/bus_read/rreq_burst_conv/start_to_4k_reg[0]/R	-1.601
ap_rst_n	v_gmem_m_axi_U/load_unit_0/fifo_rreq/U_fifo_srl/dout_reg[91]/R	-1.601
ap_rst_n	v_gmem_m_axi_U/load_unit_0/fifo_rreq/U_fifo_srl/dout_reg[94]/R	-1.601
ap_rst_n	v_gmem_m_axi_U/load_unit_0/tmp_len_reg[14]/R	-1.601
ap_rst_n	v_gmem_m_axi_U/load_unit_0/tmp_len_reg[15]/R	-1.601
ap_rst_n	v_gmem_m_axi_U/load_unit_0/tmp_len_reg[16]/R	-1.601
ap_rst_n	v_gmem_m_axi_U/load_unit_0/tmp_len_reg[17]/R	-1.601
ap_rst_n	v_gmem_m_axi_U/load_unit_0/tmp_len_reg[22]/R	-1.601
ap_rst_n	v_gmem_m_axi_U/load_unit_0/tmp_len_reg[23]/R	-1.601
ap_rst_n	v_gmem_m_axi_U/load_unit_0/tmp_len_reg[24]/R	-1.601
ap_rst_n	v_gmem_m_axi_U/load_unit_0/tmp_len_reg[25]/R	-1.601
ap_rst_n	v_gmem_m_axi_U/load_unit_0/tmp_len_reg[30]/R	-1.601
ap_rst_n	v_gmem_m_axi_U/load_unit_0/tmp_len_reg[31]/R	-1.601
s_axi_control_WDATA[19]	control_s_axi_U/int_k_address_reg[19]/D	-1.601
s_axi_control_WDATA[7]	control_s_axi_U/int_k_address_reg[39]/D	-1.601
s_axi_control_WDATA[10]	control_s_axi_U/int_o_address_reg[10]/D	-1.601
s_axi_control_WDATA[5]	control_s_axi_U/int_o_address_reg[5]/D	-1.601
s_axi_control_WDATA[2]	control_s_axi_U/int_v_address_reg[2]/D	-1.601
s_axi_control_WDATA[6]	control_s_axi_U/int_v_address_reg[38]/D	-1.601
s_axi_control_WDATA[9]	control_s_axi_U/int_o_address_reg[41]/D	-1.600
ap_rst_n	v_gmem_m_axi_U/bus_read/rreq_burst_conv/beat_len_reg[3]/R	-1.600
ap_rst_n	v_gmem_m_axi_U/bus_read/rreq_burst_conv/beat_len_reg[5]/R	-1.600
ap_rst_n	v_gmem_m_axi_U/bus_read/rreq_burst_conv/beat_len_reg[7]/R	-1.600
ap_rst_n	v_gmem_m_axi_U/bus_read/rreq_burst_conv/end_from_4k_reg[4]/R	-1.600
ap_rst_n	v_gmem_m_axi_U/bus_read/rreq_burst_conv/end_from_4k_reg[5]/R	-1.600
ap_rst_n	v_gmem_m_axi_U/bus_read/rreq_burst_conv/end_from_4k_reg[6]/R	-1.600
ap_rst_n	v_gmem_m_axi_U/bus_read/rreq_burst_conv/end_from_4k_reg[7]/R	-1.600
ap_rst_n	v_gmem_m_axi_U/bus_read/rreq_burst_conv/sect_total_reg[11]/R	-1.600
ap_rst_n	v_gmem_m_axi_U/bus_read/rreq_burst_conv/sect_total_reg[12]/R	-1.600
ap_rst_n	v_gmem_m_axi_U/bus_read/rreq_burst_conv/sect_total_reg[13]/R	-1.600
ap_rst_n	v_gmem_m_axi_U/bus_read/rreq_burst_conv/sect_total_reg[14]/R	-1.600
ap_rst_n	v_gmem_m_axi_U/bus_read/rreq_burst_conv/sect_total_reg[3]/R	-1.600
ap_rst_n	v_gmem_m_axi_U/bus_read/rreq_burst_conv/sect_total_reg[4]/R	-1.600
ap_rst_n	v_gmem_m_axi_U/bus_read/rreq_burst_conv/sect_total_reg[5]/R	-1.600
ap_rst_n	v_gmem_m_axi_U/bus_read/rreq_burst_conv/sect_total_reg[6]/R	-1.600
ap_rst_n	v_gmem_m_axi_U/bus_read/rreq_burst_conv/start_to_4k_reg[1]/R	-1.600
ap_rst_n	v_gmem_m_axi_U/bus_read/rreq_burst_conv/start_to_4k_reg[2]/R	-1.600
ap_rst_n	v_gmem_m_axi_U/bus_read/rreq_burst_conv/start_to_4k_reg[3]/R	-1.600
ap_rst_n	v_gmem_m_axi_U/bus_read/rreq_burst_conv/start_to_4k_reg[5]/R	-1.600
s_axi_control_WDATA[20]	control_s_axi_U/int_q_address_reg[52]/D	-1.599
s_axi_control_WDATA[22]	control_s_axi_U/int_q_address_reg[54]/D	-1.599
s_axi_control_WDATA[5]	control_s_axi_U/int_k_address_reg[37]/D	-1.599
s_axi_control_WDATA[23]	control_s_axi_U/int_k_address_reg[55]/D	-1.599
s_axi_control_WDATA[7]	control_s_axi_U/int_k_address_reg[7]/D	-1.599
s_axi_control_WDATA[19]	control_s_axi_U/int_o_address_reg[19]/D	-1.599
s_axi_control_WDATA[3]	control_s_axi_U/int_o_address_reg[35]/D	-1.599
s_axi_control_WDATA[4]	control_s_axi_U/int_o_address_reg[36]/D	-1.599
s_axi_control_WDATA[4]	control_s_axi_U/int_v_address_reg[36]/D	-1.599
ap_rst_n	v_gmem_m_axi_U/bus_read/rreq_burst_conv/sect_total_buf_reg[0]/R	-1.599
ap_rst_n	v_gmem_m_axi_U/bus_read/rreq_burst_conv/sect_total_buf_reg[10]/R	-1.599
ap_rst_n	v_gmem_m_axi_U/bus_read/rreq_burst_conv/sect_total_buf_reg[11]/R	-1.599
ap_rst_n	v_gmem_m_axi_U/bus_read/rreq_burst_conv/sect_total_buf_reg[1]/R	-1.599
ap_rst_n	v_gmem_m_axi_U/bus_read/rreq_burst_conv/sect_total_buf_reg[2]/R	-1.599
ap_rst_n	v_gmem_m_axi_U/bus_read/rreq_burst_conv/sect_total_buf_reg[3]/R	-1.599
ap_rst_n	v_gmem_m_axi_U/bus_read/rreq_burst_conv/sect_total_buf_reg[8]/R	-1.599
ap_rst_n	v_gmem_m_axi_U/bus_read/rreq_burst_conv/sect_total_buf_reg[9]/R	-1.599
ap_rst_n	v_gmem_m_axi_U/bus_read/rreq_burst_conv/sect_total_reg[19]/R	-1.599
ap_rst_n	v_gmem_m_axi_U/bus_read/rreq_burst_conv/start_addr_reg[3]/R	-1.599
ap_rst_n	v_gmem_m_axi_U/bus_read/rreq_burst_conv/start_addr_reg[4]/R	-1.599
ap_rst_n	v_gmem_m_axi_U/load_unit_0/fifo_rreq/U_fifo_srl/dout_reg[26]/R	-1.599
ap_rst_n	v_gmem_m_axi_U/load_unit_0/fifo_rreq/U_fifo_srl/dout_reg[33]/R	-1.599
ap_rst_n	v_gmem_m_axi_U/load_unit_0/fifo_rreq/U_fifo_srl/dout_reg[66]/R	-1.599
ap_rst_n	v_gmem_m_axi_U/load_unit_0/fifo_rreq/U_fifo_srl/dout_reg[68]/R	-1.599
ap_rst_n	v_gmem_m_axi_U/load_unit_0/fifo_rreq/U_fifo_srl/dout_reg[69]/R	-1.599
ap_rst_n	v_gmem_m_axi_U/load_unit_0/fifo_rreq/U_fifo_srl/dout_reg[74]/R	-1.599
ap_rst_n	v_gmem_m_axi_U/load_unit_0/fifo_rreq/U_fifo_srl/dout_reg[81]/R	-1.599
ap_rst_n	v_gmem_m_axi_U/load_unit_0/fifo_rreq/U_fifo_srl/dout_reg[83]/R	-1.599
ap_rst_n	v_gmem_m_axi_U/load_unit_0/tmp_valid_reg/R	-1.599
s_axi_control_WDATA[28]	control_s_axi_U/int_q_address_reg[60]/D	-1.598
s_axi_control_WDATA[30]	control_s_axi_U/int_q_address_reg[62]/D	-1.598
ap_rst_n	v_gmem_m_axi_U/bus_read/rreq_burst_conv/could_multi_bursts.len_buf_reg[5]/R	-1.598
ap_rst_n	v_gmem_m_axi_U/bus_read/rreq_burst_conv/sect_total_buf_reg[16]/R	-1.598
ap_rst_n	v_gmem_m_axi_U/bus_read/rreq_burst_conv/sect_total_buf_reg[17]/R	-1.598
ap_rst_n	v_gmem_m_axi_U/bus_read/rreq_burst_conv/sect_total_buf_reg[18]/R	-1.598
ap_rst_n	v_gmem_m_axi_U/bus_read/rreq_burst_conv/sect_total_buf_reg[19]/R	-1.598
ap_rst_n	v_gmem_m_axi_U/load_unit_0/fifo_rreq/U_fifo_srl/dout_reg[70]/R	-1.598
ap_rst_n	v_gmem_m_axi_U/load_unit_0/fifo_rreq/U_fifo_srl/dout_reg[82]/R	-1.598
ap_rst_n	v_gmem_m_axi_U/load_unit_0/fifo_rreq/U_fifo_srl/dout_reg[86]/R	-1.598
ap_rst_n	v_gmem_m_axi_U/load_unit_0/fifo_rreq/U_fifo_srl/dout_reg[95]/R	-1.598
s_axi_control_WDATA[17]	control_s_axi_U/int_k_address_reg[49]/D	-1.598
ap_rst_n	v_gmem_m_axi_U/bus_read/rreq_burst_conv/start_addr_reg[14]/R	-1.598
ap_rst_n	v_gmem_m_axi_U/bus_read/rreq_burst_conv/start_addr_reg[22]/R	-1.598
ap_rst_n	v_gmem_m_axi_U/bus_read/rreq_burst_conv/start_addr_reg[23]/R	-1.598
ap_rst_n	v_gmem_m_axi_U/load_unit_0/fifo_rreq/U_fifo_srl/dout_reg[19]/R	-1.598
ap_rst_n	v_gmem_m_axi_U/load_unit_0/tmp_addr_reg[4]/R	-1.598
s_axi_control_WDATA[17]	control_s_axi_U/int_k_address_reg[17]/D	-1.598
s_axi_control_WDATA[12]	control_s_axi_U/int_o_address_reg[12]/D	-1.598
s_axi_control_WDATA[0]	control_s_axi_U/int_v_address_reg[0]/D	-1.598
ap_rst_n	v_gmem_m_axi_U/load_unit_0/tmp_addr_reg[21]/R	-1.598
s_axi_control_WDATA[22]	control_s_axi_U/int_k_address_reg[54]/D	-1.597
s_axi_control_WDATA[26]	control_s_axi_U/int_k_address_reg[58]/D	-1.597
s_axi_control_WDATA[3]	control_s_axi_U/int_q_address_reg[3]/D	-1.597
ap_rst_n	v_gmem_m_axi_U/bus_read/rreq_burst_conv/beat_len_reg[6]/R	-1.597
ap_rst_n	v_gmem_m_axi_U/bus_read/rreq_burst_conv/beat_len_reg[8]/R	-1.597
ap_rst_n	v_gmem_m_axi_U/bus_read/rreq_burst_conv/could_multi_bursts.addr_step_reg[7]/R	-1.597
ap_rst_n	v_gmem_m_axi_U/bus_read/rreq_burst_conv/could_multi_bursts.len_buf_reg[0]/R	-1.597
ap_rst_n	v_gmem_m_axi_U/bus_read/rreq_burst_conv/start_to_4k_reg[4]/R	-1.597
ap_rst_n	v_gmem_m_axi_U/bus_read/rreq_burst_conv/start_to_4k_reg[6]/R	-1.597
ap_rst_n	v_gmem_m_axi_U/bus_read/rreq_burst_conv/start_to_4k_reg[7]/R	-1.597
ap_rst_n	v_gmem_m_axi_U/bus_read/rreq_burst_conv/start_to_4k_reg[8]/R	-1.597
ap_rst_n	v_gmem_m_axi_U/load_unit_0/fifo_rreq/U_fifo_srl/dout_reg[87]/R	-1.597
s_axi_control_WDATA[1]	control_s_axi_U/int_k_address_reg[33]/D	-1.597
s_axi_control_WDATA[17]	control_s_axi_U/int_o_address_reg[17]/D	-1.597
ap_rst_n	v_gmem_m_axi_U/bus_read/rreq_burst_conv/sect_addr_buf_reg[22]/R	-1.597
ap_rst_n	v_gmem_m_axi_U/bus_read/rreq_burst_conv/sect_addr_buf_reg[23]/R	-1.597
s_axi_control_WDATA[27]	control_s_axi_U/int_k_address_reg[59]/D	-1.597
s_axi_control_WDATA[29]	control_s_axi_U/int_k_address_reg[61]/D	-1.597
s_axi_control_WDATA[11]	control_s_axi_U/int_o_address_reg[43]/D	-1.597
s_axi_control_WDATA[7]	control_s_axi_U/int_o_address_reg[7]/D	-1.597
ap_rst_n	v_gmem_m_axi_U/load_unit_0/tmp_addr_reg[22]/R	-1.597
ap_rst_n	v_gmem_m_axi_U/bus_read/rreq_burst_conv/could_multi_bursts.addr_step_reg[3]/R	-1.596
ap_rst_n	v_gmem_m_axi_U/bus_read/rreq_burst_conv/could_multi_bursts.addr_step_reg[4]/R	-1.596
ap_rst_n	v_gmem_m_axi_U/bus_read/rreq_burst_conv/could_multi_bursts.addr_step_reg[5]/R	-1.596
ap_rst_n	v_gmem_m_axi_U/bus_read/rreq_burst_conv/could_multi_bursts.addr_step_reg[6]/R	-1.596
ap_rst_n	v_gmem_m_axi_U/bus_read/rreq_burst_conv/could_multi_bursts.addr_step_reg[8]/R	-1.596
ap_rst_n	v_gmem_m_axi_U/bus_read/rreq_burst_conv/could_multi_bursts.addr_step_reg[9]/R	-1.596
ap_rst_n	v_gmem_m_axi_U/bus_read/rreq_burst_conv/last_sect_buf_reg/R	-1.596
ap_rst_n	v_gmem_m_axi_U/bus_read/rreq_burst_conv/start_addr_reg[10]/R	-1.596
ap_rst_n	v_gmem_m_axi_U/bus_read/rreq_burst_conv/start_addr_reg[9]/R	-1.596
ap_rst_n	o_gmem_m_axi_U/store_unit_0/fifo_wreq/full_n_reg/D	-1.596
ap_rst_n	v_gmem_m_axi_U/bus_read/rreq_burst_conv/could_multi_bursts.sect_handling_reg/R	-1.596
ap_rst_n	v_gmem_m_axi_U/bus_read/rreq_burst_conv/start_addr_reg[5]/R	-1.596
ap_rst_n	v_gmem_m_axi_U/bus_read/rreq_burst_conv/start_addr_reg[6]/R	-1.596
ap_rst_n	v_gmem_m_axi_U/bus_read/rreq_burst_conv/start_addr_reg[7]/R	-1.596
ap_rst_n	v_gmem_m_axi_U/bus_read/rreq_burst_conv/start_addr_reg[8]/R	-1.596
ap_rst_n	v_gmem_m_axi_U/load_unit_0/fifo_rreq/U_fifo_srl/dout_reg[67]/R	-1.596
ap_rst_n	v_gmem_m_axi_U/load_unit_0/fifo_rreq/U_fifo_srl/dout_reg[73]/R	-1.596
ap_rst_n	v_gmem_m_axi_U/load_unit_0/fifo_rreq/U_fifo_srl/dout_reg[89]/R	-1.596
s_axi_control_WDATA[15]	control_s_axi_U/int_k_address_reg[15]/D	-1.596
s_axi_control_WDATA[21]	control_s_axi_U/int_k_address_reg[53]/D	-1.596
s_axi_control_WDATA[0]	control_s_axi_U/int_o_address_reg[0]/D	-1.596
s_axi_control_WDATA[20]	control_s_axi_U/int_v_address_reg[20]/D	-1.596
s_axi_control_WDATA[5]	control_s_axi_U/int_k_address_reg[5]/D	-1.595
s_axi_control_WDATA[7]	control_s_axi_U/int_q_address_reg[7]/D	-1.595
ap_rst_n	v_gmem_m_axi_U/bus_read/rreq_burst_conv/could_multi_bursts.addr_buf_reg[3]/R	-1.595
ap_rst_n	v_gmem_m_axi_U/bus_read/rreq_burst_conv/could_multi_bursts.addr_buf_reg[4]/R	-1.595
ap_rst_n	v_gmem_m_axi_U/bus_read/rreq_burst_conv/could_multi_bursts.addr_buf_reg[5]/R	-1.595
ap_rst_n	v_gmem_m_axi_U/bus_read/rreq_burst_conv/could_multi_bursts.addr_buf_reg[6]/R	-1.595
ap_rst_n	v_gmem_m_axi_U/bus_read/rreq_burst_conv/could_multi_bursts.burst_valid_reg/R	-1.595
ap_rst_n	v_gmem_m_axi_U/load_unit_0/fifo_rreq/U_fifo_srl/dout_reg[79]/R	-1.595
ap_rst_n	v_gmem_m_axi_U/load_unit_0/fifo_rreq/U_fifo_srl/dout_reg[84]/R	-1.595
ap_rst_n	v_gmem_m_axi_U/load_unit_0/fifo_rreq/U_fifo_srl/dout_reg[88]/R	-1.595
ap_rst_n	v_gmem_m_axi_U/load_unit_0/fifo_rreq/U_fifo_srl/dout_reg[93]/R	-1.595
s_axi_control_WDATA[27]	control_s_axi_U/int_k_address_reg[27]/D	-1.595
s_axi_control_WDATA[15]	control_s_axi_U/int_k_address_reg[47]/D	-1.595
s_axi_control_WDATA[30]	control_s_axi_U/int_k_address_reg[62]/D	-1.595
s_axi_control_WDATA[13]	control_s_axi_U/int_o_address_reg[13]/D	-1.595
s_axi_control_WDATA[1]	control_s_axi_U/int_o_address_reg[1]/D	-1.595
s_axi_control_WDATA[27]	control_s_axi_U/int_o_address_reg[59]/D	-1.595
s_axi_control_WDATA[2]	control_s_axi_U/int_q_address_reg[2]/D	-1.595
ap_rst_n	v_gmem_m_axi_U/bus_read/rreq_burst_conv/rs_req/FSM_sequential_state_reg[0]/R	-1.595
ap_rst_n	v_gmem_m_axi_U/load_unit_0/fifo_rreq/U_fifo_srl/dout_reg[17]/R	-1.595
ap_rst_n	v_gmem_m_axi_U/load_unit_0/fifo_rreq/U_fifo_srl/dout_reg[41]/R	-1.595
ap_rst_n	v_gmem_m_axi_U/load_unit_0/tmp_addr_reg[15]/R	-1.595
ap_rst_n	v_gmem_m_axi_U/load_unit_0/tmp_addr_reg[20]/R	-1.595
ap_rst_n	v_gmem_m_axi_U/load_unit_0/tmp_addr_reg[25]/R	-1.595
ap_rst_n	v_gmem_m_axi_U/bus_read/rreq_burst_conv/beat_len_reg[0]/R	-1.595
ap_rst_n	v_gmem_m_axi_U/bus_read/rreq_burst_conv/beat_len_reg[1]/R	-1.595
ap_rst_n	v_gmem_m_axi_U/bus_read/rreq_burst_conv/beat_len_reg[2]/R	-1.595
ap_rst_n	v_gmem_m_axi_U/bus_read/rreq_burst_conv/beat_len_reg[4]/R	-1.595
ap_rst_n	v_gmem_m_axi_U/bus_read/rreq_burst_conv/end_from_4k_reg[0]/R	-1.595
ap_rst_n	v_gmem_m_axi_U/bus_read/rreq_burst_conv/end_from_4k_reg[1]/R	-1.595
ap_rst_n	v_gmem_m_axi_U/bus_read/rreq_burst_conv/end_from_4k_reg[2]/R	-1.595
ap_rst_n	v_gmem_m_axi_U/bus_read/rreq_burst_conv/end_from_4k_reg[3]/R	-1.595
ap_rst_n	v_gmem_m_axi_U/bus_read/rreq_burst_conv/end_from_4k_reg[8]/R	-1.595
ap_rst_n	v_gmem_m_axi_U/bus_read/rreq_burst_conv/sect_len_buf_reg[1]/R	-1.595
ap_rst_n	v_gmem_m_axi_U/bus_read/rreq_burst_conv/sect_len_buf_reg[2]/R	-1.595
ap_rst_n	v_gmem_m_axi_U/bus_read/rreq_burst_conv/sect_len_buf_reg[3]/R	-1.595
ap_rst_n	v_gmem_m_axi_U/bus_read/rreq_burst_conv/sect_len_buf_reg[5]/R	-1.595
ap_rst_n	v_gmem_m_axi_U/bus_read/rreq_burst_conv/sect_total_reg[0]/R	-1.595
ap_rst_n	v_gmem_m_axi_U/bus_read/rreq_burst_conv/sect_total_reg[10]/R	-1.595
ap_rst_n	v_gmem_m_axi_U/bus_read/rreq_burst_conv/sect_total_reg[1]/R	-1.595
ap_rst_n	v_gmem_m_axi_U/bus_read/rreq_burst_conv/sect_total_reg[2]/R	-1.595
ap_rst_n	v_gmem_m_axi_U/bus_read/rreq_burst_conv/sect_total_reg[7]/R	-1.595
ap_rst_n	v_gmem_m_axi_U/bus_read/rreq_burst_conv/sect_total_reg[8]/R	-1.595
ap_rst_n	v_gmem_m_axi_U/bus_read/rreq_burst_conv/sect_total_reg[9]/R	-1.595
s_axi_control_WDATA[18]	control_s_axi_U/int_q_address_reg[18]/D	-1.594
s_axi_control_WDATA[6]	control_s_axi_U/int_q_address_reg[38]/D	-1.594
s_axi_control_WDATA[1]	control_s_axi_U/int_q_address_reg[1]/D	-1.594
s_axi_control_WSTRB[0]	control_s_axi_U/int_sequence_length_reg[0]/D	-1.594
s_axi_control_WSTRB[0]	control_s_axi_U/int_sequence_length_reg[2]/D	-1.594
ap_rst_n	v_gmem_m_axi_U/bus_read/rreq_burst_conv/could_multi_bursts.last_loop_reg/R	-1.594
ap_rst_n	v_gmem_m_axi_U/bus_read/rreq_burst_conv/could_multi_bursts.len_buf_reg[1]/R	-1.594
ap_rst_n	v_gmem_m_axi_U/bus_read/rreq_burst_conv/could_multi_bursts.len_buf_reg[2]/R	-1.594
ap_rst_n	v_gmem_m_axi_U/bus_read/rreq_burst_conv/could_multi_bursts.loop_cnt_reg[0]/R	-1.594
ap_rst_n	v_gmem_m_axi_U/bus_read/rreq_burst_conv/could_multi_bursts.loop_cnt_reg[1]/R	-1.594
ap_rst_n	v_gmem_m_axi_U/bus_read/rreq_burst_conv/could_multi_bursts.loop_cnt_reg[2]/R	-1.594
ap_rst_n	v_gmem_m_axi_U/load_unit_0/fifo_rreq/U_fifo_srl/dout_reg[85]/R	-1.594
s_axi_control_WDATA[29]	control_s_axi_U/int_k_address_reg[29]/D	-1.594
s_axi_control_WDATA[9]	control_s_axi_U/int_k_address_reg[41]/D	-1.594
s_axi_control_WDATA[2]	control_s_axi_U/int_o_address_reg[2]/D	-1.594
m_axi_o_gmem_BVALID	o_gmem_m_axi_U/bus_write/rs_resp/s_ready_t_reg/D	-1.594
ap_rst_n	v_gmem_m_axi_U/bus_read/rreq_burst_conv/could_multi_bursts.addr_buf_reg[10]/R	-1.594
ap_rst_n	v_gmem_m_axi_U/bus_read/rreq_burst_conv/could_multi_bursts.addr_buf_reg[11]/R	-1.594
ap_rst_n	v_gmem_m_axi_U/bus_read/rreq_burst_conv/could_multi_bursts.addr_buf_reg[12]/R	-1.594
ap_rst_n	v_gmem_m_axi_U/bus_read/rreq_burst_conv/could_multi_bursts.addr_buf_reg[13]/R	-1.594
ap_rst_n	v_gmem_m_axi_U/bus_read/rreq_burst_conv/could_multi_bursts.addr_buf_reg[14]/R	-1.594
ap_rst_n	v_gmem_m_axi_U/bus_read/rreq_burst_conv/could_multi_bursts.addr_buf_reg[7]/R	-1.594
ap_rst_n	v_gmem_m_axi_U/bus_read/rreq_burst_conv/could_multi_bursts.addr_buf_reg[8]/R	-1.594
ap_rst_n	v_gmem_m_axi_U/bus_read/rreq_burst_conv/could_multi_bursts.addr_buf_reg[9]/R	-1.594
ap_rst_n	v_gmem_m_axi_U/bus_read/rreq_burst_conv/sect_cnt_reg[12]/R	-1.594
ap_rst_n	v_gmem_m_axi_U/bus_read/rreq_burst_conv/sect_cnt_reg[13]/R	-1.594
ap_rst_n	v_gmem_m_axi_U/bus_read/rreq_burst_conv/sect_cnt_reg[2]/R	-1.594
ap_rst_n	v_gmem_m_axi_U/bus_read/rreq_burst_conv/sect_cnt_reg[3]/R	-1.594
ap_rst_n	v_gmem_m_axi_U/bus_read/rreq_burst_conv/sect_cnt_reg[6]/R	-1.594
ap_rst_n	v_gmem_m_axi_U/bus_read/rreq_burst_conv/sect_cnt_reg[7]/R	-1.594
ap_rst_n	v_gmem_m_axi_U/bus_read/rreq_burst_conv/sect_cnt_reg[8]/R	-1.594
ap_rst_n	v_gmem_m_axi_U/bus_read/rreq_burst_conv/sect_cnt_reg[9]/R	-1.594
ap_rst_n	v_gmem_m_axi_U/bus_read/rreq_burst_conv/sect_len_buf_reg[0]/R	-1.594
ap_rst_n	v_gmem_m_axi_U/bus_read/rreq_burst_conv/sect_total_reg[15]/R	-1.594
ap_rst_n	v_gmem_m_axi_U/bus_read/rreq_burst_conv/sect_total_reg[16]/R	-1.594
ap_rst_n	v_gmem_m_axi_U/bus_read/rreq_burst_conv/sect_total_reg[17]/R	-1.594
ap_rst_n	v_gmem_m_axi_U/bus_read/rreq_burst_conv/sect_total_reg[18]/R	-1.594
ap_rst_n	v_gmem_m_axi_U/bus_read/rreq_burst_conv/start_addr_reg[11]/R	-1.594
ap_rst_n	v_gmem_m_axi_U/bus_read/rreq_burst_conv/start_addr_reg[20]/R	-1.594
ap_rst_n	v_gmem_m_axi_U/bus_read/rreq_burst_conv/start_addr_reg[21]/R	-1.594
ap_rst_n	v_gmem_m_axi_U/bus_read/rreq_burst_conv/start_addr_reg[25]/R	-1.594
ap_rst_n	v_gmem_m_axi_U/load_unit_0/fifo_rreq/U_fifo_srl/dout_reg[90]/R	-1.594
ap_rst_n	v_gmem_m_axi_U/load_unit_0/fifo_rreq/raddr_reg[0]/R	-1.594
ap_rst_n	v_gmem_m_axi_U/load_unit_0/tmp_addr_reg[36]/R	-1.594
ap_rst_n	v_gmem_m_axi_U/load_unit_0/tmp_addr_reg[40]/R	-1.594
s_axi_control_WDATA[0]	control_s_axi_U/int_ap_start_reg/D	-1.593
s_axi_control_WDATA[2]	control_s_axi_U/int_k_address_reg[2]/D	-1.593
s_axi_control_WDATA[0]	control_s_axi_U/int_q_address_reg[0]/D	-1.593
ap_rst_n	v_gmem_m_axi_U/bus_read/rreq_burst_conv/could_multi_bursts.addr_buf_reg[15]/R	-1.593
ap_rst_n	v_gmem_m_axi_U/bus_read/rreq_burst_conv/could_multi_bursts.addr_buf_reg[16]/R	-1.593
ap_rst_n	v_gmem_m_axi_U/bus_read/rreq_burst_conv/could_multi_bursts.addr_buf_reg[17]/R	-1.593
ap_rst_n	v_gmem_m_axi_U/bus_read/rreq_burst_conv/could_multi_bursts.addr_buf_reg[18]/R	-1.593
ap_rst_n	v_gmem_m_axi_U/bus_read/rreq_burst_conv/could_multi_bursts.addr_buf_reg[19]/R	-1.593
ap_rst_n	v_gmem_m_axi_U/bus_read/rreq_burst_conv/could_multi_bursts.addr_buf_reg[20]/R	-1.593
ap_rst_n	v_gmem_m_axi_U/bus_read/rreq_burst_conv/could_multi_bursts.addr_buf_reg[21]/R	-1.593
ap_rst_n	v_gmem_m_axi_U/bus_read/rreq_burst_conv/could_multi_bursts.addr_buf_reg[22]/R	-1.593
ap_rst_n	v_gmem_m_axi_U/load_unit_0/fifo_rreq/empty_n_reg/R	-1.593
ap_rst_n	v_gmem_m_axi_U/load_unit_0/fifo_rreq/mOutPtr_reg[0]/R	-1.593
ap_rst_n	v_gmem_m_axi_U/load_unit_0/fifo_rreq/mOutPtr_reg[1]/R	-1.593
ap_rst_n	v_gmem_m_axi_U/load_unit_0/fifo_rreq/mOutPtr_reg[2]/R	-1.593
ap_rst_n	v_gmem_m_axi_U/load_unit_0/fifo_rreq/mOutPtr_reg[3]/R	-1.593
ap_rst_n	v_gmem_m_axi_U/load_unit_0/fifo_rreq/mOutPtr_reg[5]/R	-1.593
s_axi_control_WDATA[13]	control_s_axi_U/int_k_address_reg[45]/D	-1.593
s_axi_control_WDATA[21]	control_s_axi_U/int_o_address_reg[21]/D	-1.593
s_axi_control_WDATA[1]	control_s_axi_U/int_o_address_reg[33]/D	-1.593
ap_rst_n	k_gmem_m_axi_U/load_unit_0/fifo_rreq/U_fifo_srl/dout_reg[77]/R	-1.593
ap_rst_n	k_gmem_m_axi_U/load_unit_0/fifo_rreq/U_fifo_srl/dout_reg[93]/R	-1.593
ap_rst_n	v_gmem_m_axi_U/load_unit_0/fifo_rreq/U_fifo_srl/dout_reg[3]/R	-1.593
ap_rst_n	v_gmem_m_axi_U/load_unit_0/fifo_rreq/U_fifo_srl/dout_reg[77]/R	-1.593
ap_rst_n	v_gmem_m_axi_U/load_unit_0/fifo_rreq/U_fifo_srl/dout_reg[78]/R	-1.593
s_axi_control_WDATA[11]	control_s_axi_U/int_k_address_reg[11]/D	-1.593
s_axi_control_WDATA[9]	control_s_axi_U/int_o_address_reg[9]/D	-1.593
ap_rst_n	v_gmem_m_axi_U/load_unit_0/fifo_rreq/U_fifo_srl/dout_reg[18]/R	-1.593
ap_rst_n	v_gmem_m_axi_U/load_unit_0/tmp_addr_reg[29]/R	-1.593
ap_rst_n	v_gmem_m_axi_U/load_unit_0/tmp_addr_reg[30]/R	-1.593
ap_rst_n	v_gmem_m_axi_U/load_unit_0/tmp_addr_reg[31]/R	-1.593
ap_rst_n	v_gmem_m_axi_U/load_unit_0/tmp_addr_reg[37]/R	-1.593
ap_rst_n	v_gmem_m_axi_U/load_unit_0/tmp_addr_reg[44]/R	-1.593
s_axi_control_WDATA[13]	control_s_axi_U/int_k_address_reg[13]/D	-1.592
s_axi_control_WDATA[16]	control_s_axi_U/int_q_address_reg[16]/D	-1.592
ap_rst_n	o_gmem_m_axi_U/bus_write/wreq_burst_conv/start_addr_reg[51]/R	-1.592
ap_rst_n	v_gmem_m_axi_U/bus_read/rreq_burst_conv/could_multi_bursts.addr_buf_reg[23]/R	-1.592
ap_rst_n	v_gmem_m_axi_U/bus_read/rreq_burst_conv/could_multi_bursts.addr_buf_reg[24]/R	-1.592
ap_rst_n	v_gmem_m_axi_U/bus_read/rreq_burst_conv/could_multi_bursts.addr_buf_reg[25]/R	-1.592
ap_rst_n	v_gmem_m_axi_U/bus_read/rreq_burst_conv/could_multi_bursts.addr_buf_reg[26]/R	-1.592
ap_rst_n	v_gmem_m_axi_U/bus_read/rreq_burst_conv/could_multi_bursts.addr_buf_reg[27]/R	-1.592
ap_rst_n	v_gmem_m_axi_U/bus_read/rreq_burst_conv/could_multi_bursts.addr_buf_reg[28]/R	-1.592
ap_rst_n	v_gmem_m_axi_U/bus_read/rreq_burst_conv/could_multi_bursts.addr_buf_reg[29]/R	-1.592
ap_rst_n	v_gmem_m_axi_U/bus_read/rreq_burst_conv/could_multi_bursts.addr_buf_reg[30]/R	-1.592
s_axi_control_WDATA[1]	control_s_axi_U/int_k_address_reg[1]/D	-1.592
s_axi_control_WDATA[4]	control_s_axi_U/int_k_address_reg[36]/D	-1.592
s_axi_control_WDATA[23]	control_s_axi_U/int_o_address_reg[55]/D	-1.592
s_axi_control_WDATA[17]	control_s_axi_U/int_q_address_reg[17]/D	-1.592
s_axi_control_WDATA[29]	control_s_axi_U/int_q_address_reg[29]/D	-1.592
ap_rst_n	k_gmem_m_axi_U/load_unit_0/fifo_rreq/U_fifo_srl/dout_reg[79]/R	-1.592
ap_rst_n	v_gmem_m_axi_U/load_unit_0/fifo_rreq/U_fifo_srl/dout_reg[13]/R	-1.592
ap_rst_n	v_gmem_m_axi_U/load_unit_0/fifo_rreq/U_fifo_srl/dout_reg[5]/R	-1.592
ap_rst_n	v_gmem_m_axi_U/load_unit_0/tmp_addr_reg[11]/R	-1.592
ap_rst_n	v_gmem_m_axi_U/load_unit_0/tmp_addr_reg[16]/R	-1.592
ap_rst_n	v_gmem_m_axi_U/load_unit_0/tmp_addr_reg[5]/R	-1.592
ap_rst_n	v_gmem_m_axi_U/load_unit_0/tmp_addr_reg[6]/R	-1.592
s_axi_control_WDATA[21]	control_s_axi_U/int_k_address_reg[21]/D	-1.592
s_axi_control_WDATA[25]	control_s_axi_U/int_o_address_reg[25]/D	-1.592
s_axi_control_WDATA[27]	control_s_axi_U/int_o_address_reg[27]/D	-1.592
s_axi_control_WDATA[13]	control_s_axi_U/int_o_address_reg[45]/D	-1.592
s_axi_control_WDATA[17]	control_s_axi_U/int_o_address_reg[49]/D	-1.592
s_axi_control_WDATA[21]	control_s_axi_U/int_o_address_reg[53]/D	-1.592
ap_rst_n	v_gmem_m_axi_U/bus_read/rreq_burst_conv/first_sect_reg/R	-1.592
ap_rst_n	v_gmem_m_axi_U/load_unit_0/fifo_rreq/U_fifo_srl/dout_reg[28]/R	-1.592
ap_rst_n	v_gmem_m_axi_U/load_unit_0/tmp_addr_reg[45]/R	-1.592
s_axi_control_WDATA[0]	control_s_axi_U/int_k_address_reg[0]/D	-1.591
s_axi_control_WDATA[10]	control_s_axi_U/int_q_address_reg[10]/D	-1.591
s_axi_control_WDATA[4]	control_s_axi_U/int_q_address_reg[36]/D	-1.591
ap_rst_n	o_gmem_m_axi_U/bus_write/wreq_burst_conv/start_addr_reg[44]/R	-1.591
ap_rst_n	o_gmem_m_axi_U/bus_write/wreq_burst_conv/start_addr_reg[45]/R	-1.591
ap_rst_n	v_gmem_m_axi_U/bus_read/rreq_burst_conv/could_multi_bursts.addr_buf_reg[31]/R	-1.591
ap_rst_n	v_gmem_m_axi_U/bus_read/rreq_burst_conv/could_multi_bursts.addr_buf_reg[32]/R	-1.591
ap_rst_n	v_gmem_m_axi_U/bus_read/rreq_burst_conv/could_multi_bursts.addr_buf_reg[33]/R	-1.591
ap_rst_n	v_gmem_m_axi_U/bus_read/rreq_burst_conv/could_multi_bursts.addr_buf_reg[34]/R	-1.591
s_axi_control_WSTRB[0]	control_s_axi_U/int_sequence_length_reg[6]/D	-1.591
ap_rst_n	v_gmem_m_axi_U/bus_read/rreq_burst_conv/could_multi_bursts.addr_buf_reg[35]/R	-1.591
ap_rst_n	v_gmem_m_axi_U/bus_read/rreq_burst_conv/could_multi_bursts.addr_buf_reg[36]/R	-1.591
ap_rst_n	v_gmem_m_axi_U/bus_read/rreq_burst_conv/could_multi_bursts.addr_buf_reg[37]/R	-1.591
ap_rst_n	v_gmem_m_axi_U/bus_read/rreq_burst_conv/could_multi_bursts.addr_buf_reg[38]/R	-1.591
ap_rst_n	v_gmem_m_axi_U/load_unit_0/fifo_rreq/U_fifo_srl/dout_reg[0]/R	-1.591
ap_rst_n	v_gmem_m_axi_U/load_unit_0/tmp_addr_reg[10]/R	-1.591
ap_rst_n	v_gmem_m_axi_U/load_unit_0/tmp_addr_reg[12]/R	-1.591
ap_rst_n	v_gmem_m_axi_U/load_unit_0/tmp_addr_reg[13]/R	-1.591
ap_rst_n	v_gmem_m_axi_U/load_unit_0/tmp_addr_reg[7]/R	-1.591
ap_rst_n	v_gmem_m_axi_U/load_unit_0/tmp_addr_reg[8]/R	-1.591
ap_rst_n	v_gmem_m_axi_U/load_unit_0/tmp_addr_reg[9]/R	-1.591
s_axi_control_WDATA[8]	control_s_axi_U/int_k_address_reg[40]/D	-1.591
s_axi_control_WDATA[9]	control_s_axi_U/int_k_address_reg[9]/D	-1.591
s_axi_control_WDATA[15]	control_s_axi_U/int_o_address_reg[15]/D	-1.591
s_axi_control_WDATA[23]	control_s_axi_U/int_o_address_reg[23]/D	-1.591
s_axi_control_WDATA[29]	control_s_axi_U/int_o_address_reg[29]/D	-1.591
s_axi_control_WDATA[5]	control_s_axi_U/int_o_address_reg[37]/D	-1.591
s_axi_control_WDATA[5]	control_s_axi_U/int_q_address_reg[5]/D	-1.591
s_axi_control_WDATA[9]	control_s_axi_U/int_q_address_reg[9]/D	-1.591
ap_rst_n	v_gmem_m_axi_U/bus_read/rreq_burst_conv/sect_cnt_reg[10]/R	-1.591
ap_rst_n	v_gmem_m_axi_U/bus_read/rreq_burst_conv/sect_cnt_reg[11]/R	-1.591
ap_rst_n	v_gmem_m_axi_U/bus_read/rreq_burst_conv/sect_cnt_reg[24]/R	-1.591
ap_rst_n	v_gmem_m_axi_U/bus_read/rreq_burst_conv/sect_cnt_reg[25]/R	-1.591
ap_rst_n	v_gmem_m_axi_U/bus_read/rreq_burst_conv/sect_cnt_reg[26]/R	-1.591
ap_rst_n	v_gmem_m_axi_U/bus_read/rreq_burst_conv/sect_cnt_reg[27]/R	-1.591
ap_rst_n	v_gmem_m_axi_U/bus_read/rreq_burst_conv/sect_cnt_reg[28]/R	-1.591
ap_rst_n	v_gmem_m_axi_U/bus_read/rreq_burst_conv/sect_cnt_reg[29]/R	-1.591
ap_rst_n	v_gmem_m_axi_U/bus_read/rreq_burst_conv/sect_cnt_reg[32]/R	-1.591
ap_rst_n	v_gmem_m_axi_U/bus_read/rreq_burst_conv/sect_cnt_reg[33]/R	-1.591
ap_rst_n	v_gmem_m_axi_U/bus_read/rreq_burst_conv/start_addr_reg[36]/R	-1.591
ap_rst_n	v_gmem_m_axi_U/bus_read/rreq_burst_conv/start_addr_reg[37]/R	-1.591
ap_rst_n	v_gmem_m_axi_U/bus_read/rreq_burst_conv/start_addr_reg[38]/R	-1.591
ap_rst_n	v_gmem_m_axi_U/bus_read/rreq_burst_conv/start_addr_reg[39]/R	-1.591
ap_rst_n	v_gmem_m_axi_U/bus_read/rreq_burst_conv/start_addr_reg[40]/R	-1.591
ap_rst_n	v_gmem_m_axi_U/bus_read/rreq_burst_conv/start_addr_reg[41]/R	-1.591
ap_rst_n	v_gmem_m_axi_U/bus_read/rreq_burst_conv/start_addr_reg[44]/R	-1.591
ap_rst_n	v_gmem_m_axi_U/bus_read/rreq_burst_conv/start_addr_reg[45]/R	-1.591
s_axi_control_RREADY	control_s_axi_U/FSM_onehot_rstate_reg[1]/D	-1.590
ap_rst_n	o_gmem_m_axi_U/store_unit_0/tmp_addr_reg[51]/R	-1.590
ap_rst_n	v_gmem_m_axi_U/bus_read/rreq_burst_conv/could_multi_bursts.addr_buf_reg[39]/R	-1.590
ap_rst_n	v_gmem_m_axi_U/bus_read/rreq_burst_conv/could_multi_bursts.addr_buf_reg[40]/R	-1.590
ap_rst_n	v_gmem_m_axi_U/bus_read/rreq_burst_conv/could_multi_bursts.addr_buf_reg[41]/R	-1.590
ap_rst_n	v_gmem_m_axi_U/bus_read/rreq_burst_conv/could_multi_bursts.addr_buf_reg[42]/R	-1.590
ap_rst_n	v_gmem_m_axi_U/bus_read/rreq_burst_conv/could_multi_bursts.addr_buf_reg[43]/R	-1.590
ap_rst_n	v_gmem_m_axi_U/bus_read/rreq_burst_conv/could_multi_bursts.addr_buf_reg[44]/R	-1.590
ap_rst_n	v_gmem_m_axi_U/bus_read/rreq_burst_conv/could_multi_bursts.addr_buf_reg[45]/R	-1.590
ap_rst_n	v_gmem_m_axi_U/bus_read/rreq_burst_conv/could_multi_bursts.addr_buf_reg[46]/R	-1.590
ap_rst_n	v_gmem_m_axi_U/bus_read/rreq_burst_conv/rs_req/FSM_sequential_state_reg[1]/R	-1.590
ap_rst_n	v_gmem_m_axi_U/bus_read/rreq_burst_conv/rs_req/s_ready_t_reg/R	-1.590
ap_rst_n	v_gmem_m_axi_U/bus_read/rreq_burst_conv/rs_req/state_reg[0]/R	-1.590
ap_rst_n	v_gmem_m_axi_U/bus_read/rreq_burst_conv/rs_req/state_reg[1]/S	-1.590
ap_rst_n	v_gmem_m_axi_U/load_unit_0/fifo_rreq/U_fifo_srl/dout_reg[75]/R	-1.590
ap_rst_n	v_gmem_m_axi_U/load_unit_0/fifo_rreq/U_fifo_srl/dout_reg[76]/R	-1.590
s_axi_control_WDATA[23]	control_s_axi_U/int_k_address_reg[23]/D	-1.590
s_axi_control_WDATA[31]	control_s_axi_U/int_k_address_reg[31]/D	-1.590
s_axi_control_WDATA[6]	control_s_axi_U/int_k_address_reg[38]/D	-1.590
s_axi_control_WDATA[3]	control_s_axi_U/int_k_address_reg[3]/D	-1.590
s_axi_control_WDATA[19]	control_s_axi_U/int_k_address_reg[51]/D	-1.590
s_axi_control_WDATA[26]	control_s_axi_U/int_o_address_reg[26]/D	-1.590
s_axi_control_WDATA[29]	control_s_axi_U/int_o_address_reg[61]/D	-1.590
s_axi_control_WDATA[19]	control_s_axi_U/int_q_address_reg[19]/D	-1.590
s_axi_control_WDATA[31]	control_s_axi_U/int_q_address_reg[31]/D	-1.590
s_axi_control_WDATA[8]	control_s_axi_U/int_q_address_reg[40]/D	-1.590
s_axi_control_WDATA[22]	control_s_axi_U/int_v_address_reg[22]/D	-1.590
ap_rst_n	v_gmem_m_axi_U/bus_read/rreq_burst_conv/sect_cnt_reg[0]/R	-1.590
ap_rst_n	v_gmem_m_axi_U/bus_read/rreq_burst_conv/sect_cnt_reg[1]/R	-1.590
ap_rst_n	v_gmem_m_axi_U/bus_read/rreq_burst_conv/sect_cnt_reg[36]/R	-1.590
ap_rst_n	v_gmem_m_axi_U/bus_read/rreq_burst_conv/sect_cnt_reg[37]/R	-1.590
ap_rst_n	v_gmem_m_axi_U/bus_read/rreq_burst_conv/sect_cnt_reg[40]/R	-1.590
ap_rst_n	v_gmem_m_axi_U/bus_read/rreq_burst_conv/sect_cnt_reg[41]/R	-1.590
ap_rst_n	v_gmem_m_axi_U/bus_read/rreq_burst_conv/sect_cnt_reg[4]/R	-1.590
ap_rst_n	v_gmem_m_axi_U/bus_read/rreq_burst_conv/sect_cnt_reg[5]/R	-1.590
ap_rst_n	v_gmem_m_axi_U/bus_read/rreq_burst_conv/start_addr_reg[48]/R	-1.590
ap_rst_n	v_gmem_m_axi_U/bus_read/rreq_burst_conv/start_addr_reg[49]/R	-1.590
ap_rst_n	v_gmem_m_axi_U/bus_read/rreq_burst_conv/start_addr_reg[52]/R	-1.590
ap_rst_n	v_gmem_m_axi_U/bus_read/rreq_burst_conv/start_addr_reg[53]/R	-1.590
ap_rst_n	v_gmem_m_axi_U/bus_read/rreq_burst_conv/start_addr_reg[54]/R	-1.590
ap_rst_n	v_gmem_m_axi_U/bus_read/rreq_burst_conv/start_addr_reg[55]/R	-1.590
ap_rst_n	v_gmem_m_axi_U/bus_read/rreq_burst_conv/start_addr_reg[56]/R	-1.590
ap_rst_n	v_gmem_m_axi_U/bus_read/rreq_burst_conv/start_addr_reg[57]/R	-1.590
ap_rst_n	k_gmem_m_axi_U/load_unit_0/fifo_rreq/U_fifo_srl/dout_reg[89]/R	-1.590
s_axi_control_WDATA[12]	control_s_axi_U/int_k_address_reg[12]/D	-1.589
s_axi_control_WDATA[26]	control_s_axi_U/int_q_address_reg[26]/D	-1.589
s_axi_control_WDATA[10]	control_s_axi_U/int_k_address_reg[10]/D	-1.589
s_axi_control_WDATA[12]	control_s_axi_U/int_q_address_reg[12]/D	-1.589
ap_rst_n	v_gmem_m_axi_U/bus_read/rreq_burst_conv/start_addr_reg[12]/R	-1.589
ap_rst_n	v_gmem_m_axi_U/bus_read/rreq_burst_conv/start_addr_reg[13]/R	-1.589
ap_rst_n	v_gmem_m_axi_U/bus_read/rreq_burst_conv/start_addr_reg[15]/R	-1.589
ap_rst_n	v_gmem_m_axi_U/bus_read/rreq_burst_conv/start_addr_reg[17]/R	-1.589
ap_rst_n	v_gmem_m_axi_U/load_unit_0/fifo_rreq/U_fifo_srl/dout_reg[11]/R	-1.589
ap_rst_n	v_gmem_m_axi_U/load_unit_0/fifo_rreq/U_fifo_srl/dout_reg[27]/R	-1.589
s_axi_control_WDATA[22]	control_s_axi_U/int_o_address_reg[22]/D	-1.589
s_axi_control_WDATA[24]	control_s_axi_U/int_o_address_reg[24]/D	-1.589
s_axi_control_WDATA[25]	control_s_axi_U/int_q_address_reg[25]/D	-1.589
s_axi_control_WSTRB[2]	control_s_axi_U/int_sequence_length_reg[16]/D	-1.589
s_axi_control_WSTRB[2]	control_s_axi_U/int_sequence_length_reg[18]/D	-1.589
s_axi_control_WSTRB[3]	control_s_axi_U/int_sequence_length_reg[24]/D	-1.589
s_axi_control_WSTRB[3]	control_s_axi_U/int_sequence_length_reg[28]/D	-1.589
ap_rst_n	o_gmem_m_axi_U/bus_write/wreq_burst_conv/sect_addr_buf_reg[48]/R	-1.589
ap_rst_n	o_gmem_m_axi_U/bus_write/wreq_burst_conv/sect_addr_buf_reg[49]/R	-1.589
ap_rst_n	o_gmem_m_axi_U/bus_write/wreq_burst_conv/sect_addr_buf_reg[50]/R	-1.589
ap_rst_n	o_gmem_m_axi_U/bus_write/wreq_burst_conv/sect_addr_buf_reg[51]/R	-1.589
ap_rst_n	o_gmem_m_axi_U/bus_write/wreq_burst_conv/sect_cnt_reg[48]/R	-1.589
ap_rst_n	o_gmem_m_axi_U/bus_write/wreq_burst_conv/sect_cnt_reg[49]/R	-1.589
ap_rst_n	v_gmem_m_axi_U/bus_read/rreq_burst_conv/could_multi_bursts.addr_buf_reg[47]/R	-1.589
ap_rst_n	v_gmem_m_axi_U/bus_read/rreq_burst_conv/could_multi_bursts.addr_buf_reg[48]/R	-1.589
ap_rst_n	v_gmem_m_axi_U/bus_read/rreq_burst_conv/could_multi_bursts.addr_buf_reg[49]/R	-1.589
ap_rst_n	v_gmem_m_axi_U/bus_read/rreq_burst_conv/could_multi_bursts.addr_buf_reg[50]/R	-1.589
ap_rst_n	v_gmem_m_axi_U/bus_read/rreq_burst_conv/could_multi_bursts.addr_buf_reg[51]/R	-1.589
ap_rst_n	v_gmem_m_axi_U/bus_read/rreq_burst_conv/could_multi_bursts.addr_buf_reg[52]/R	-1.589
ap_rst_n	v_gmem_m_axi_U/bus_read/rreq_burst_conv/could_multi_bursts.addr_buf_reg[53]/R	-1.589
ap_rst_n	v_gmem_m_axi_U/bus_read/rreq_burst_conv/could_multi_bursts.addr_buf_reg[54]/R	-1.589
ap_rst_n	v_gmem_m_axi_U/bus_read/rreq_burst_conv/req_handling_reg/R	-1.589
ap_rst_n	v_gmem_m_axi_U/bus_read/rreq_burst_conv/sect_addr_buf_reg[20]/R	-1.589
ap_rst_n	v_gmem_m_axi_U/bus_read/rreq_burst_conv/sect_addr_buf_reg[21]/R	-1.589
ap_rst_n	v_gmem_m_axi_U/bus_read/rreq_burst_conv/sect_len_buf_reg[4]/R	-1.589
ap_rst_n	v_gmem_m_axi_U/bus_read/rreq_burst_conv/start_addr_reg[34]/R	-1.589
ap_rst_n	v_gmem_m_axi_U/bus_read/rreq_burst_conv/start_addr_reg[35]/R	-1.589
ap_rst_n	v_gmem_m_axi_U/bus_read/rreq_burst_conv/start_addr_reg[42]/R	-1.589
ap_rst_n	v_gmem_m_axi_U/bus_read/rreq_burst_conv/start_addr_reg[43]/R	-1.589
ap_rst_n	v_gmem_m_axi_U/bus_read/rreq_burst_conv/start_addr_reg[60]/R	-1.589
ap_rst_n	v_gmem_m_axi_U/load_unit_0/fifo_rreq/U_fifo_srl/dout_reg[37]/R	-1.589
ap_rst_n	v_gmem_m_axi_U/load_unit_0/fifo_rreq/U_fifo_srl/dout_reg[80]/R	-1.589
ap_rst_n	v_gmem_m_axi_U/load_unit_0/fifo_rreq/raddr_reg[5]/R	-1.589
ap_rst_n	v_gmem_m_axi_U/load_unit_0/fifo_rreq/raddr_reg[6]/R	-1.589
ap_rst_n	v_gmem_m_axi_U/load_unit_0/tmp_addr_reg[17]/R	-1.589
ap_rst_n	v_gmem_m_axi_U/load_unit_0/tmp_addr_reg[24]/R	-1.589
ap_rst_n	v_gmem_m_axi_U/load_unit_0/tmp_addr_reg[28]/R	-1.589
ap_rst_n	v_gmem_m_axi_U/load_unit_0/tmp_addr_reg[39]/R	-1.589
s_axi_control_WDATA[28]	control_s_axi_U/int_v_address_reg[28]/D	-1.589
s_axi_control_WDATA[30]	control_s_axi_U/int_v_address_reg[30]/D	-1.589
s_axi_control_WDATA[16]	control_s_axi_U/int_k_address_reg[16]/D	-1.588
ap_rst_n	v_gmem_m_axi_U/bus_read/rreq_burst_conv/could_multi_bursts.addr_buf_reg[55]/R	-1.588
ap_rst_n	v_gmem_m_axi_U/bus_read/rreq_burst_conv/could_multi_bursts.addr_buf_reg[56]/R	-1.588
ap_rst_n	v_gmem_m_axi_U/bus_read/rreq_burst_conv/could_multi_bursts.addr_buf_reg[57]/R	-1.588
ap_rst_n	v_gmem_m_axi_U/bus_read/rreq_burst_conv/could_multi_bursts.addr_buf_reg[58]/R	-1.588
ap_rst_n	v_gmem_m_axi_U/bus_read/rreq_burst_conv/could_multi_bursts.addr_buf_reg[59]/R	-1.588
ap_rst_n	v_gmem_m_axi_U/bus_read/rreq_burst_conv/could_multi_bursts.addr_buf_reg[60]/R	-1.588
ap_rst_n	v_gmem_m_axi_U/bus_read/rreq_burst_conv/could_multi_bursts.addr_buf_reg[61]/R	-1.588
ap_rst_n	v_gmem_m_axi_U/bus_read/rreq_burst_conv/could_multi_bursts.addr_buf_reg[62]/R	-1.588
ap_rst_n	v_gmem_m_axi_U/bus_read/rreq_burst_conv/could_multi_bursts.len_buf_reg[3]/R	-1.588
ap_rst_n	v_gmem_m_axi_U/bus_read/rreq_burst_conv/could_multi_bursts.len_buf_reg[4]/R	-1.588
ap_rst_n	v_gmem_m_axi_U/bus_read/rreq_burst_conv/start_addr_reg[18]/R	-1.588
ap_rst_n	v_gmem_m_axi_U/bus_read/rreq_burst_conv/start_addr_reg[19]/R	-1.588
ap_rst_n	v_gmem_m_axi_U/bus_read/rreq_burst_conv/start_addr_reg[24]/R	-1.588
ap_rst_n	v_gmem_m_axi_U/bus_read/rreq_burst_conv/start_addr_reg[26]/R	-1.588
ap_rst_n	v_gmem_m_axi_U/bus_read/rreq_burst_conv/start_addr_reg[27]/R	-1.588
ap_rst_n	v_gmem_m_axi_U/load_unit_0/fifo_rreq/U_fifo_srl/dout_reg[21]/R	-1.588
ap_rst_n	v_gmem_m_axi_U/load_unit_0/fifo_rreq/mOutPtr_reg[4]/R	-1.588
ap_rst_n	v_gmem_m_axi_U/load_unit_0/fifo_rreq/mOutPtr_reg[6]/R	-1.588
ap_rst_n	v_gmem_m_axi_U/load_unit_0/fifo_rreq/mOutPtr_reg[7]/R	-1.588
ap_rst_n	v_gmem_m_axi_U/load_unit_0/tmp_addr_reg[14]/R	-1.588
ap_rst_n	v_gmem_m_axi_U/load_unit_0/tmp_addr_reg[19]/R	-1.588
s_axi_control_WDATA[23]	control_s_axi_U/int_q_address_reg[23]/D	-1.588
ap_rst_n	k_gmem_m_axi_U/load_unit_0/fifo_rreq/U_fifo_srl/dout_reg[66]/R	-1.588
ap_rst_n	k_gmem_m_axi_U/load_unit_0/fifo_rreq/U_fifo_srl/dout_reg[72]/R	-1.588
ap_rst_n	k_gmem_m_axi_U/load_unit_0/fifo_rreq/U_fifo_srl/dout_reg[73]/R	-1.588
ap_rst_n	k_gmem_m_axi_U/load_unit_0/fifo_rreq/U_fifo_srl/dout_reg[76]/R	-1.588
ap_rst_n	k_gmem_m_axi_U/load_unit_0/fifo_rreq/U_fifo_srl/dout_reg[78]/R	-1.588
ap_rst_n	k_gmem_m_axi_U/load_unit_0/fifo_rreq/U_fifo_srl/dout_reg[80]/R	-1.588
ap_rst_n	k_gmem_m_axi_U/load_unit_0/fifo_rreq/U_fifo_srl/dout_reg[81]/R	-1.588
ap_rst_n	k_gmem_m_axi_U/load_unit_0/fifo_rreq/U_fifo_srl/dout_reg[94]/R	-1.588
ap_rst_n	o_gmem_m_axi_U/bus_write/wreq_burst_conv/sect_cnt_reg[26]/R	-1.588
ap_rst_n	o_gmem_m_axi_U/bus_write/wreq_burst_conv/sect_cnt_reg[27]/R	-1.588
ap_rst_n	o_gmem_m_axi_U/bus_write/wreq_burst_conv/sect_cnt_reg[28]/R	-1.588
ap_rst_n	o_gmem_m_axi_U/bus_write/wreq_burst_conv/sect_cnt_reg[29]/R	-1.588
ap_rst_n	o_gmem_m_axi_U/bus_write/wreq_burst_conv/sect_cnt_reg[30]/R	-1.588
ap_rst_n	o_gmem_m_axi_U/bus_write/wreq_burst_conv/sect_cnt_reg[31]/R	-1.588
ap_rst_n	o_gmem_m_axi_U/bus_write/wreq_burst_conv/sect_cnt_reg[32]/R	-1.588
ap_rst_n	o_gmem_m_axi_U/bus_write/wreq_burst_conv/sect_cnt_reg[33]/R	-1.588
ap_rst_n	o_gmem_m_axi_U/bus_write/wreq_burst_conv/sect_cnt_reg[36]/R	-1.588
ap_rst_n	o_gmem_m_axi_U/bus_write/wreq_burst_conv/sect_cnt_reg[37]/R	-1.588
ap_rst_n	o_gmem_m_axi_U/bus_write/wreq_burst_conv/sect_cnt_reg[38]/R	-1.588
ap_rst_n	o_gmem_m_axi_U/bus_write/wreq_burst_conv/sect_cnt_reg[39]/R	-1.588
ap_rst_n	o_gmem_m_axi_U/bus_write/wreq_burst_conv/sect_cnt_reg[44]/R	-1.588
ap_rst_n	o_gmem_m_axi_U/bus_write/wreq_burst_conv/sect_cnt_reg[45]/R	-1.588
ap_rst_n	o_gmem_m_axi_U/bus_write/wreq_burst_conv/sect_cnt_reg[46]/R	-1.588
ap_rst_n	o_gmem_m_axi_U/bus_write/wreq_burst_conv/sect_cnt_reg[47]/R	-1.588
ap_rst_n	v_gmem_m_axi_U/bus_read/rreq_burst_conv/start_addr_reg[28]/R	-1.588
ap_rst_n	v_gmem_m_axi_U/bus_read/rreq_burst_conv/start_addr_reg[29]/R	-1.588
ap_rst_n	v_gmem_m_axi_U/bus_read/rreq_burst_conv/start_addr_reg[30]/R	-1.588
ap_rst_n	v_gmem_m_axi_U/bus_read/rreq_burst_conv/start_addr_reg[31]/R	-1.588
ap_rst_n	v_gmem_m_axi_U/bus_read/rreq_burst_conv/start_addr_reg[32]/R	-1.588
s_axi_control_AWVALID	control_s_axi_U/FSM_onehot_wstate_reg[2]/D	-1.588
s_axi_control_WDATA[30]	control_s_axi_U/int_o_address_reg[30]/D	-1.588
s_axi_control_WSTRB[1]	control_s_axi_U/int_sequence_length_reg[8]/D	-1.588
s_axi_control_WDATA[26]	control_s_axi_U/int_v_address_reg[26]/D	-1.588
s_axi_control_WDATA[18]	control_s_axi_U/int_k_address_reg[18]/D	-1.587
ap_rst_n	v_gmem_m_axi_U/bus_read/rreq_burst_conv/could_multi_bursts.addr_buf_reg[63]/R	-1.587
ap_rst_n	v_gmem_m_axi_U/bus_read/rreq_burst_conv/start_addr_reg[61]/R	-1.587
ap_rst_n	v_gmem_m_axi_U/bus_read/rreq_burst_conv/start_addr_reg[62]/R	-1.587
s_axi_control_WDATA[20]	control_s_axi_U/int_o_address_reg[20]/D	-1.587
s_axi_control_WDATA[31]	control_s_axi_U/int_o_address_reg[31]/D	-1.587
s_axi_control_WDATA[11]	control_s_axi_U/int_q_address_reg[11]/D	-1.587
s_axi_control_WDATA[24]	control_s_axi_U/int_v_address_reg[24]/D	-1.587
ap_rst_n	k_gmem_m_axi_U/load_unit_0/fifo_rreq/U_fifo_srl/dout_reg[83]/R	-1.587
ap_rst_n	k_gmem_m_axi_U/load_unit_0/fifo_rreq/U_fifo_srl/dout_reg[86]/R	-1.587
ap_rst_n	v_gmem_m_axi_U/bus_read/rreq_burst_conv/could_multi_bursts.first_loop_reg/R	-1.587
ap_rst_n	v_gmem_m_axi_U/bus_read/rreq_burst_conv/sect_cnt_reg[14]/R	-1.587
ap_rst_n	v_gmem_m_axi_U/bus_read/rreq_burst_conv/sect_cnt_reg[15]/R	-1.587
ap_rst_n	v_gmem_m_axi_U/bus_read/rreq_burst_conv/sect_cnt_reg[16]/R	-1.587
ap_rst_n	v_gmem_m_axi_U/bus_read/rreq_burst_conv/sect_cnt_reg[17]/R	-1.587
ap_rst_n	v_gmem_m_axi_U/load_unit_0/fifo_rreq/U_fifo_srl/dout_reg[2]/R	-1.587
ap_rst_n	v_gmem_m_axi_U/load_unit_0/fifo_rreq/U_fifo_srl/dout_reg[32]/R	-1.587
ap_rst_n	v_gmem_m_axi_U/load_unit_0/fifo_rreq/U_fifo_srl/dout_reg[46]/R	-1.587
ap_rst_n	v_gmem_m_axi_U/load_unit_0/fifo_rreq/U_fifo_srl/dout_reg[51]/R	-1.587
ap_rst_n	v_gmem_m_axi_U/load_unit_0/tmp_addr_reg[23]/R	-1.587
ap_rst_n	v_gmem_m_axi_U/load_unit_0/tmp_addr_reg[32]/R	-1.587
s_axi_control_WDATA[25]	control_s_axi_U/int_k_address_reg[25]/D	-1.587
s_axi_control_WDATA[28]	control_s_axi_U/int_o_address_reg[28]/D	-1.587
s_axi_control_WSTRB[0]	control_s_axi_U/int_sequence_length_reg[4]/D	-1.587
ap_rst_n	o_gmem_m_axi_U/bus_write/wreq_burst_conv/sect_cnt_reg[18]/R	-1.587
ap_rst_n	o_gmem_m_axi_U/bus_write/wreq_burst_conv/sect_cnt_reg[19]/R	-1.587
ap_rst_n	o_gmem_m_axi_U/bus_write/wreq_burst_conv/sect_cnt_reg[20]/R	-1.587
ap_rst_n	o_gmem_m_axi_U/bus_write/wreq_burst_conv/sect_cnt_reg[21]/R	-1.587
ap_rst_n	o_gmem_m_axi_U/bus_write/wreq_burst_conv/sect_cnt_reg[22]/R	-1.587
ap_rst_n	o_gmem_m_axi_U/bus_write/wreq_burst_conv/sect_cnt_reg[23]/R	-1.587
ap_rst_n	o_gmem_m_axi_U/bus_write/wreq_burst_conv/sect_cnt_reg[24]/R	-1.587
ap_rst_n	o_gmem_m_axi_U/bus_write/wreq_burst_conv/sect_cnt_reg[25]/R	-1.587
ap_rst_n	o_gmem_m_axi_U/bus_write/wreq_burst_conv/sect_cnt_reg[50]/R	-1.587
ap_rst_n	o_gmem_m_axi_U/bus_write/wreq_burst_conv/sect_cnt_reg[51]/R	-1.587
ap_rst_n	v_gmem_m_axi_U/load_unit_0/tmp_addr_reg[48]/R	-1.587
ap_rst_n	v_gmem_m_axi_U/load_unit_0/tmp_addr_reg[49]/R	-1.587
ap_rst_n	v_gmem_m_axi_U/load_unit_0/tmp_addr_reg[52]/R	-1.587
s_axi_control_WDATA[14]	control_s_axi_U/int_q_address_reg[14]/D	-1.586
ap_rst_n	v_gmem_m_axi_U/bus_read/rreq_burst_conv/start_addr_reg[50]/R	-1.586
ap_rst_n	v_gmem_m_axi_U/bus_read/rreq_burst_conv/start_addr_reg[58]/R	-1.586
ap_rst_n	v_gmem_m_axi_U/bus_read/rreq_burst_conv/start_addr_reg[59]/R	-1.586
ap_rst_n	v_gmem_m_axi_U/bus_read/rreq_burst_conv/start_addr_reg[63]/R	-1.586
ap_rst_n	v_gmem_m_axi_U/load_unit_0/tmp_addr_reg[61]/R	-1.586
s_axi_control_WDATA[28]	control_s_axi_U/int_k_address_reg[28]/D	-1.586
ap_rst_n	k_gmem_m_axi_U/load_unit_0/fifo_rreq/U_fifo_srl/dout_reg[88]/R	-1.586
ap_rst_n	k_gmem_m_axi_U/load_unit_0/fifo_rreq/U_fifo_srl/dout_reg[90]/R	-1.586
ap_rst_n	k_gmem_m_axi_U/load_unit_0/fifo_rreq/U_fifo_srl/dout_reg[91]/R	-1.586
ap_rst_n	k_gmem_m_axi_U/load_unit_0/fifo_rreq/U_fifo_srl/dout_reg[92]/R	-1.586
m_axi_v_gmem_ARREADY	v_gmem_m_axi_U/bus_read/rreq_burst_conv/could_multi_bursts.sect_handling_reg/D	-1.586
ap_rst_n	v_gmem_m_axi_U/bus_read/rreq_burst_conv/sect_cnt_reg[18]/R	-1.586
ap_rst_n	v_gmem_m_axi_U/bus_read/rreq_burst_conv/sect_cnt_reg[19]/R	-1.586
ap_rst_n	v_gmem_m_axi_U/bus_read/rreq_burst_conv/sect_cnt_reg[20]/R	-1.586
ap_rst_n	v_gmem_m_axi_U/bus_read/rreq_burst_conv/sect_cnt_reg[21]/R	-1.586
ap_rst_n	v_gmem_m_axi_U/bus_read/rreq_burst_conv/sect_cnt_reg[22]/R	-1.586
ap_rst_n	v_gmem_m_axi_U/bus_read/rreq_burst_conv/sect_cnt_reg[23]/R	-1.586
ap_rst_n	v_gmem_m_axi_U/bus_read/rreq_burst_conv/start_addr_reg[16]/R	-1.586
ap_rst_n	v_gmem_m_axi_U/load_unit_0/fifo_rreq/U_fifo_srl/dout_reg[31]/R	-1.586
ap_rst_n	v_gmem_m_axi_U/load_unit_0/fifo_rreq/U_fifo_srl/dout_reg[42]/R	-1.586
ap_rst_n	v_gmem_m_axi_U/load_unit_0/fifo_rreq/U_fifo_srl/dout_reg[54]/R	-1.586
ap_rst_n	v_gmem_m_axi_U/load_unit_0/fifo_rreq/U_fifo_srl/dout_reg[58]/R	-1.586
ap_rst_n	v_gmem_m_axi_U/load_unit_0/fifo_rreq/dout_vld_reg/R	-1.586
ap_rst_n	v_gmem_m_axi_U/load_unit_0/tmp_addr_reg[3]/R	-1.586
ap_rst_n	v_gmem_m_axi_U/load_unit_0/tmp_addr_reg[53]/R	-1.586
ap_rst_n	v_gmem_m_axi_U/load_unit_0/tmp_addr_reg[54]/R	-1.586
ap_rst_n	v_gmem_m_axi_U/load_unit_0/tmp_addr_reg[60]/R	-1.586
s_axi_control_WDATA[19]	control_s_axi_U/int_o_address_reg[51]/D	-1.586
s_axi_control_WDATA[15]	control_s_axi_U/int_q_address_reg[15]/D	-1.586
s_axi_control_WDATA[21]	control_s_axi_U/int_q_address_reg[21]/D	-1.586
s_axi_control_WDATA[27]	control_s_axi_U/int_q_address_reg[27]/D	-1.586
s_axi_control_WSTRB[3]	control_s_axi_U/int_sequence_length_reg[30]/D	-1.586
ap_rst_n	o_gmem_m_axi_U/bus_write/wreq_burst_conv/sect_addr_buf_reg[32]/R	-1.586
ap_rst_n	o_gmem_m_axi_U/bus_write/wreq_burst_conv/sect_addr_buf_reg[33]/R	-1.586
ap_rst_n	o_gmem_m_axi_U/bus_write/wreq_burst_conv/sect_addr_buf_reg[36]/R	-1.586
ap_rst_n	o_gmem_m_axi_U/bus_write/wreq_burst_conv/sect_addr_buf_reg[37]/R	-1.586
ap_rst_n	o_gmem_m_axi_U/bus_write/wreq_burst_conv/sect_cnt_reg[34]/R	-1.586
ap_rst_n	o_gmem_m_axi_U/bus_write/wreq_burst_conv/sect_cnt_reg[35]/R	-1.586
ap_rst_n	o_gmem_m_axi_U/bus_write/wreq_burst_conv/sect_cnt_reg[40]/R	-1.586
ap_rst_n	o_gmem_m_axi_U/bus_write/wreq_burst_conv/sect_cnt_reg[41]/R	-1.586
ap_rst_n	o_gmem_m_axi_U/bus_write/wreq_burst_conv/sect_cnt_reg[42]/R	-1.586
ap_rst_n	o_gmem_m_axi_U/bus_write/wreq_burst_conv/sect_cnt_reg[43]/R	-1.586
ap_rst_n	o_gmem_m_axi_U/bus_write/wreq_burst_conv/start_addr_reg[34]/R	-1.586
ap_rst_n	o_gmem_m_axi_U/bus_write/wreq_burst_conv/start_addr_reg[35]/R	-1.586
ap_rst_n	o_gmem_m_axi_U/bus_write/wreq_burst_conv/start_addr_reg[39]/R	-1.586
ap_rst_n	o_gmem_m_axi_U/bus_write/wreq_burst_conv/start_addr_reg[40]/R	-1.586
ap_rst_n	o_gmem_m_axi_U/bus_write/wreq_burst_conv/start_addr_reg[56]/R	-1.586
ap_rst_n	o_gmem_m_axi_U/bus_write/wreq_burst_conv/start_addr_reg[57]/R	-1.586
ap_rst_n	o_gmem_m_axi_U/bus_write/wreq_burst_conv/start_addr_reg[58]/R	-1.586
ap_rst_n	o_gmem_m_axi_U/bus_write/wreq_burst_conv/start_addr_reg[59]/R	-1.586
ap_rst_n	o_gmem_m_axi_U/bus_write/wreq_burst_conv/start_addr_reg[60]/R	-1.586
ap_rst_n	o_gmem_m_axi_U/bus_write/wreq_burst_conv/start_addr_reg[62]/R	-1.586
ap_rst_n	o_gmem_m_axi_U/bus_write/wreq_burst_conv/start_addr_reg[63]/R	-1.586
ap_rst_n	o_gmem_m_axi_U/store_unit_0/tmp_addr_reg[45]/R	-1.586
ap_rst_n	o_gmem_m_axi_U/store_unit_0/tmp_addr_reg[49]/R	-1.586
ap_rst_n	o_gmem_m_axi_U/store_unit_0/tmp_addr_reg[53]/R	-1.586
ap_rst_n	o_gmem_m_axi_U/store_unit_0/tmp_addr_reg[60]/R	-1.586
ap_rst_n	v_gmem_m_axi_U/bus_read/rreq_burst_conv/sect_addr_buf_reg[36]/R	-1.586
ap_rst_n	v_gmem_m_axi_U/bus_read/rreq_burst_conv/sect_addr_buf_reg[37]/R	-1.586
ap_rst_n	v_gmem_m_axi_U/bus_read/rreq_burst_conv/sect_addr_buf_reg[38]/R	-1.586
ap_rst_n	v_gmem_m_axi_U/bus_read/rreq_burst_conv/sect_addr_buf_reg[39]/R	-1.586
ap_rst_n	v_gmem_m_axi_U/bus_read/rreq_burst_conv/sect_addr_buf_reg[40]/R	-1.586
ap_rst_n	v_gmem_m_axi_U/bus_read/rreq_burst_conv/sect_addr_buf_reg[41]/R	-1.586
ap_rst_n	v_gmem_m_axi_U/bus_read/rreq_burst_conv/sect_addr_buf_reg[44]/R	-1.586
ap_rst_n	v_gmem_m_axi_U/bus_read/rreq_burst_conv/sect_addr_buf_reg[45]/R	-1.586
s_axi_control_WDATA[14]	control_s_axi_U/int_k_address_reg[14]/D	-1.585
ap_rst_n	v_gmem_m_axi_U/bus_read/rreq_burst_conv/sect_addr_buf_reg[12]/R	-1.585
ap_rst_n	v_gmem_m_axi_U/bus_read/rreq_burst_conv/sect_addr_buf_reg[13]/R	-1.585
ap_rst_n	v_gmem_m_axi_U/bus_read/rreq_burst_conv/sect_addr_buf_reg[14]/R	-1.585
ap_rst_n	v_gmem_m_axi_U/bus_read/rreq_burst_conv/sect_addr_buf_reg[15]/R	-1.585
ap_rst_n	v_gmem_m_axi_U/bus_read/rreq_burst_conv/sect_addr_buf_reg[16]/R	-1.585
ap_rst_n	v_gmem_m_axi_U/bus_read/rreq_burst_conv/sect_addr_buf_reg[17]/R	-1.585
ap_rst_n	v_gmem_m_axi_U/load_unit_0/fifo_rreq/U_fifo_srl/dout_reg[25]/R	-1.585
ap_rst_n	v_gmem_m_axi_U/load_unit_0/fifo_rreq/U_fifo_srl/dout_reg[44]/R	-1.585
ap_rst_n	v_gmem_m_axi_U/load_unit_0/fifo_rreq/U_fifo_srl/dout_reg[92]/R	-1.585
ap_rst_n	v_gmem_m_axi_U/load_unit_0/tmp_addr_reg[33]/R	-1.585
ap_rst_n	v_gmem_m_axi_U/load_unit_0/tmp_addr_reg[34]/R	-1.585
ap_rst_n	v_gmem_m_axi_U/load_unit_0/tmp_addr_reg[35]/R	-1.585
ap_rst_n	v_gmem_m_axi_U/load_unit_0/tmp_addr_reg[38]/R	-1.585
ap_rst_n	v_gmem_m_axi_U/load_unit_0/tmp_addr_reg[41]/R	-1.585
ap_rst_n	v_gmem_m_axi_U/load_unit_0/tmp_addr_reg[42]/R	-1.585
ap_rst_n	v_gmem_m_axi_U/load_unit_0/tmp_addr_reg[43]/R	-1.585
ap_rst_n	v_gmem_m_axi_U/load_unit_0/tmp_addr_reg[55]/R	-1.585
ap_rst_n	v_gmem_m_axi_U/load_unit_0/tmp_addr_reg[56]/R	-1.585
ap_rst_n	v_gmem_m_axi_U/load_unit_0/tmp_addr_reg[57]/R	-1.585
s_axi_control_WDATA[15]	control_s_axi_U/int_o_address_reg[47]/D	-1.585
s_axi_control_WDATA[13]	control_s_axi_U/int_q_address_reg[13]/D	-1.585
s_axi_control_WSTRB[2]	control_s_axi_U/int_sequence_length_reg[22]/D	-1.585
s_axi_control_WSTRB[3]	control_s_axi_U/int_sequence_length_reg[26]/D	-1.585
ap_rst_n	o_gmem_m_axi_U/bus_write/wreq_burst_conv/sect_addr_buf_reg[42]/R	-1.585
ap_rst_n	o_gmem_m_axi_U/bus_write/wreq_burst_conv/sect_addr_buf_reg[43]/R	-1.585
ap_rst_n	o_gmem_m_axi_U/bus_write/wreq_burst_conv/sect_addr_buf_reg[44]/R	-1.585
ap_rst_n	o_gmem_m_axi_U/bus_write/wreq_burst_conv/sect_addr_buf_reg[45]/R	-1.585
ap_rst_n	o_gmem_m_axi_U/bus_write/wreq_burst_conv/sect_addr_buf_reg[46]/R	-1.585
ap_rst_n	o_gmem_m_axi_U/bus_write/wreq_burst_conv/sect_addr_buf_reg[47]/R	-1.585
ap_rst_n	o_gmem_m_axi_U/bus_write/wreq_burst_conv/sect_addr_buf_reg[52]/R	-1.585
ap_rst_n	o_gmem_m_axi_U/bus_write/wreq_burst_conv/sect_addr_buf_reg[53]/R	-1.585
ap_rst_n	o_gmem_m_axi_U/bus_write/wreq_burst_conv/sect_addr_buf_reg[54]/R	-1.585
ap_rst_n	o_gmem_m_axi_U/bus_write/wreq_burst_conv/sect_addr_buf_reg[55]/R	-1.585
ap_rst_n	o_gmem_m_axi_U/bus_write/wreq_burst_conv/sect_addr_buf_reg[56]/R	-1.585
ap_rst_n	o_gmem_m_axi_U/bus_write/wreq_burst_conv/sect_addr_buf_reg[57]/R	-1.585
ap_rst_n	o_gmem_m_axi_U/bus_write/wreq_burst_conv/sect_addr_buf_reg[58]/R	-1.585
ap_rst_n	o_gmem_m_axi_U/bus_write/wreq_burst_conv/sect_addr_buf_reg[59]/R	-1.585
ap_rst_n	o_gmem_m_axi_U/bus_write/wreq_burst_conv/sect_addr_buf_reg[60]/R	-1.585
ap_rst_n	o_gmem_m_axi_U/bus_write/wreq_burst_conv/sect_addr_buf_reg[61]/R	-1.585
ap_rst_n	o_gmem_m_axi_U/bus_write/wreq_burst_conv/sect_addr_buf_reg[62]/R	-1.585
ap_rst_n	o_gmem_m_axi_U/bus_write/wreq_burst_conv/sect_addr_buf_reg[63]/R	-1.585
ap_rst_n	o_gmem_m_axi_U/bus_write/wreq_burst_conv/start_addr_reg[30]/R	-1.585
ap_rst_n	o_gmem_m_axi_U/bus_write/wreq_burst_conv/start_addr_reg[32]/R	-1.585
ap_rst_n	o_gmem_m_axi_U/bus_write/wreq_burst_conv/start_addr_reg[33]/R	-1.585
ap_rst_n	o_gmem_m_axi_U/bus_write/wreq_burst_conv/start_addr_reg[36]/R	-1.585
ap_rst_n	o_gmem_m_axi_U/bus_write/wreq_burst_conv/start_addr_reg[37]/R	-1.585
ap_rst_n	o_gmem_m_axi_U/bus_write/wreq_burst_conv/start_addr_reg[48]/R	-1.585
ap_rst_n	o_gmem_m_axi_U/bus_write/wreq_burst_conv/start_addr_reg[49]/R	-1.585
ap_rst_n	o_gmem_m_axi_U/bus_write/wreq_burst_conv/start_addr_reg[50]/R	-1.585
ap_rst_n	v_gmem_m_axi_U/bus_read/rreq_burst_conv/sect_addr_buf_reg[48]/R	-1.585
ap_rst_n	v_gmem_m_axi_U/bus_read/rreq_burst_conv/sect_addr_buf_reg[49]/R	-1.585
ap_rst_n	v_gmem_m_axi_U/bus_read/rreq_burst_conv/sect_addr_buf_reg[52]/R	-1.585
ap_rst_n	v_gmem_m_axi_U/bus_read/rreq_burst_conv/sect_addr_buf_reg[53]/R	-1.585
ap_rst_n	v_gmem_m_axi_U/bus_read/rreq_burst_conv/sect_addr_buf_reg[54]/R	-1.585
ap_rst_n	v_gmem_m_axi_U/bus_read/rreq_burst_conv/sect_addr_buf_reg[55]/R	-1.585
ap_rst_n	v_gmem_m_axi_U/bus_read/rreq_burst_conv/sect_addr_buf_reg[56]/R	-1.585
ap_rst_n	v_gmem_m_axi_U/bus_read/rreq_burst_conv/sect_addr_buf_reg[57]/R	-1.585
ap_rst_n	v_gmem_m_axi_U/bus_read/rreq_burst_conv/start_addr_reg[33]/R	-1.585
ap_rst_n	v_gmem_m_axi_U/bus_read/rreq_burst_conv/start_addr_reg[46]/R	-1.585
ap_rst_n	v_gmem_m_axi_U/bus_read/rreq_burst_conv/start_addr_reg[47]/R	-1.585
ap_rst_n	v_gmem_m_axi_U/load_unit_0/fifo_rreq/U_fifo_srl/dout_reg[23]/R	-1.585
ap_rst_n	v_gmem_m_axi_U/load_unit_0/fifo_rreq/U_fifo_srl/dout_reg[24]/R	-1.585
ap_rst_n	v_gmem_m_axi_U/load_unit_0/tmp_addr_reg[26]/R	-1.585
ap_rst_n	v_gmem_m_axi_U/load_unit_0/tmp_addr_reg[27]/R	-1.585
s_axi_control_WDATA[24]	control_s_axi_U/int_k_address_reg[24]/D	-1.584
s_axi_control_WDATA[24]	control_s_axi_U/int_q_address_reg[24]/D	-1.584
s_axi_control_WSTRB[1]	control_s_axi_U/int_sequence_length_reg[10]/D	-1.584
s_axi_control_WSTRB[1]	control_s_axi_U/int_sequence_length_reg[12]/D	-1.584
ap_rst_n	o_gmem_m_axi_U/bus_write/wreq_burst_conv/sect_cnt_reg[14]/R	-1.584
ap_rst_n	o_gmem_m_axi_U/bus_write/wreq_burst_conv/sect_cnt_reg[15]/R	-1.584
ap_rst_n	o_gmem_m_axi_U/bus_write/wreq_burst_conv/sect_cnt_reg[8]/R	-1.584
ap_rst_n	o_gmem_m_axi_U/bus_write/wreq_burst_conv/sect_cnt_reg[9]/R	-1.584
ap_rst_n	o_gmem_m_axi_U/bus_write/wreq_burst_conv/start_addr_reg[38]/R	-1.584
ap_rst_n	o_gmem_m_axi_U/bus_write/wreq_burst_conv/start_addr_reg[42]/R	-1.584
ap_rst_n	o_gmem_m_axi_U/bus_write/wreq_burst_conv/start_addr_reg[43]/R	-1.584
ap_rst_n	o_gmem_m_axi_U/bus_write/wreq_burst_conv/start_addr_reg[46]/R	-1.584
ap_rst_n	o_gmem_m_axi_U/bus_write/wreq_burst_conv/start_addr_reg[47]/R	-1.584
ap_rst_n	o_gmem_m_axi_U/bus_write/wreq_burst_conv/start_addr_reg[52]/R	-1.584
ap_rst_n	o_gmem_m_axi_U/bus_write/wreq_burst_conv/start_addr_reg[54]/R	-1.584
ap_rst_n	o_gmem_m_axi_U/bus_write/wreq_burst_conv/start_addr_reg[55]/R	-1.584
ap_rst_n	o_gmem_m_axi_U/store_unit_0/fifo_wreq/U_fifo_srl/dout_reg[41]/R	-1.584
ap_rst_n	o_gmem_m_axi_U/store_unit_0/tmp_addr_reg[44]/R	-1.584
ap_rst_n	v_gmem_m_axi_U/bus_read/rreq_burst_conv/sect_cnt_reg[42]/R	-1.584
ap_rst_n	v_gmem_m_axi_U/bus_read/rreq_burst_conv/sect_cnt_reg[43]/R	-1.584
ap_rst_n	v_gmem_m_axi_U/bus_read/rreq_burst_conv/sect_cnt_reg[44]/R	-1.584
ap_rst_n	v_gmem_m_axi_U/bus_read/rreq_burst_conv/sect_cnt_reg[45]/R	-1.584
ap_rst_n	v_gmem_m_axi_U/bus_read/rreq_burst_conv/sect_cnt_reg[48]/R	-1.584
ap_rst_n	v_gmem_m_axi_U/bus_read/rreq_burst_conv/sect_cnt_reg[49]/R	-1.584
ap_rst_n	v_gmem_m_axi_U/bus_read/rreq_burst_conv/sect_cnt_reg[50]/R	-1.584
ap_rst_n	v_gmem_m_axi_U/bus_read/rreq_burst_conv/sect_cnt_reg[51]/R	-1.584
ap_rst_n	v_gmem_m_axi_U/load_unit_0/fifo_rreq/U_fifo_srl/dout_reg[10]/R	-1.584
ap_rst_n	v_gmem_m_axi_U/load_unit_0/fifo_rreq/U_fifo_srl/dout_reg[34]/R	-1.584
ap_rst_n	v_gmem_m_axi_U/load_unit_0/fifo_rreq/U_fifo_srl/dout_reg[4]/R	-1.584
ap_rst_n	v_gmem_m_axi_U/load_unit_0/fifo_rreq/U_fifo_srl/dout_reg[8]/R	-1.584
ap_rst_n	v_gmem_m_axi_U/load_unit_0/fifo_rreq/U_fifo_srl/dout_reg[9]/R	-1.584
ap_rst_n	v_gmem_m_axi_U/load_unit_0/fifo_rreq/raddr_reg[1]/R	-1.584
ap_rst_n	v_gmem_m_axi_U/load_unit_0/fifo_rreq/raddr_reg[2]/R	-1.584
ap_rst_n	v_gmem_m_axi_U/load_unit_0/fifo_rreq/raddr_reg[3]/R	-1.584
ap_rst_n	v_gmem_m_axi_U/load_unit_0/fifo_rreq/raddr_reg[4]/R	-1.584
s_axi_control_WDATA[20]	control_s_axi_U/int_k_address_reg[20]/D	-1.583
ap_rst_n	o_gmem_m_axi_U/bus_write/wreq_throttle/req_fifo/U_fifo_srl/dout_reg[35]/R	-1.583
ap_rst_n	o_gmem_m_axi_U/bus_write/wreq_throttle/req_fifo/U_fifo_srl/dout_reg[36]/R	-1.583
ap_rst_n	o_gmem_m_axi_U/bus_write/wreq_throttle/req_fifo/U_fifo_srl/dout_reg[37]/R	-1.583
ap_rst_n	o_gmem_m_axi_U/bus_write/wreq_throttle/req_fifo/U_fifo_srl/dout_reg[38]/R	-1.583
ap_rst_n	o_gmem_m_axi_U/bus_write/wreq_throttle/req_fifo/U_fifo_srl/dout_reg[43]/R	-1.583
ap_rst_n	o_gmem_m_axi_U/bus_write/wreq_throttle/req_fifo/U_fifo_srl/dout_reg[44]/R	-1.583
ap_rst_n	o_gmem_m_axi_U/bus_write/wreq_throttle/req_fifo/U_fifo_srl/dout_reg[45]/R	-1.583
ap_rst_n	o_gmem_m_axi_U/bus_write/wreq_throttle/req_fifo/U_fifo_srl/dout_reg[46]/R	-1.583
ap_rst_n	v_gmem_m_axi_U/bus_read/rreq_burst_conv/sect_addr_buf_reg[18]/R	-1.583
ap_rst_n	v_gmem_m_axi_U/bus_read/rreq_burst_conv/sect_addr_buf_reg[19]/R	-1.583
ap_rst_n	v_gmem_m_axi_U/bus_read/rreq_burst_conv/sect_addr_buf_reg[24]/R	-1.583
ap_rst_n	v_gmem_m_axi_U/bus_read/rreq_burst_conv/sect_addr_buf_reg[25]/R	-1.583
ap_rst_n	v_gmem_m_axi_U/bus_read/rreq_burst_conv/sect_addr_buf_reg[26]/R	-1.583
ap_rst_n	v_gmem_m_axi_U/bus_read/rreq_burst_conv/sect_addr_buf_reg[27]/R	-1.583
ap_rst_n	v_gmem_m_axi_U/bus_read/rreq_burst_conv/sect_addr_buf_reg[28]/R	-1.583
ap_rst_n	v_gmem_m_axi_U/bus_read/rreq_burst_conv/sect_addr_buf_reg[29]/R	-1.583
ap_rst_n	v_gmem_m_axi_U/bus_read/rreq_burst_conv/sect_cnt_reg[38]/R	-1.583
ap_rst_n	v_gmem_m_axi_U/bus_read/rreq_burst_conv/sect_cnt_reg[39]/R	-1.583
ap_rst_n	v_gmem_m_axi_U/bus_read/rreq_burst_conv/sect_cnt_reg[46]/R	-1.583
ap_rst_n	v_gmem_m_axi_U/bus_read/rreq_burst_conv/sect_cnt_reg[47]/R	-1.583
ap_rst_n	v_gmem_m_axi_U/load_unit_0/fifo_rreq/U_fifo_srl/dout_reg[50]/R	-1.583
ap_rst_n	v_gmem_m_axi_U/load_unit_0/fifo_rreq/U_fifo_srl/dout_reg[55]/R	-1.583
ap_rst_n	v_gmem_m_axi_U/load_unit_0/tmp_addr_reg[58]/R	-1.583
ap_rst_n	o_gmem_m_axi_U/bus_write/wreq_burst_conv/first_sect_reg/R	-1.583
ap_rst_n	o_gmem_m_axi_U/bus_write/wreq_burst_conv/start_addr_reg[16]/R	-1.583
ap_rst_n	o_gmem_m_axi_U/bus_write/wreq_burst_conv/start_addr_reg[18]/R	-1.583
ap_rst_n	o_gmem_m_axi_U/store_unit_0/fifo_wreq/U_fifo_srl/dout_reg[18]/R	-1.583
ap_rst_n	v_gmem_m_axi_U/load_unit_0/fifo_rreq/U_fifo_srl/dout_reg[39]/R	-1.583
ap_rst_n	v_gmem_m_axi_U/load_unit_0/fifo_rreq/U_fifo_srl/dout_reg[47]/R	-1.583
ap_rst_n	v_gmem_m_axi_U/load_unit_0/fifo_rreq/U_fifo_srl/dout_reg[59]/R	-1.583
ap_rst_n	v_gmem_m_axi_U/load_unit_0/fifo_rreq/U_fifo_srl/dout_reg[6]/R	-1.583
ap_rst_n	v_gmem_m_axi_U/load_unit_0/fifo_rreq/U_fifo_srl/dout_reg[7]/R	-1.583
s_axi_control_WSTRB[2]	control_s_axi_U/int_sequence_length_reg[20]/D	-1.583
ap_rst_n	o_gmem_m_axi_U/bus_write/wreq_burst_conv/sect_addr_buf_reg[22]/R	-1.583
ap_rst_n	o_gmem_m_axi_U/bus_write/wreq_burst_conv/sect_addr_buf_reg[23]/R	-1.583
ap_rst_n	o_gmem_m_axi_U/bus_write/wreq_burst_conv/sect_addr_buf_reg[28]/R	-1.583
ap_rst_n	o_gmem_m_axi_U/bus_write/wreq_burst_conv/sect_addr_buf_reg[29]/R	-1.583
ap_rst_n	o_gmem_m_axi_U/bus_write/wreq_burst_conv/sect_addr_buf_reg[30]/R	-1.583
ap_rst_n	o_gmem_m_axi_U/bus_write/wreq_burst_conv/sect_addr_buf_reg[31]/R	-1.583
ap_rst_n	o_gmem_m_axi_U/bus_write/wreq_burst_conv/sect_addr_buf_reg[34]/R	-1.583
ap_rst_n	o_gmem_m_axi_U/bus_write/wreq_burst_conv/sect_addr_buf_reg[35]/R	-1.583
ap_rst_n	o_gmem_m_axi_U/bus_write/wreq_burst_conv/sect_addr_buf_reg[38]/R	-1.583
ap_rst_n	o_gmem_m_axi_U/bus_write/wreq_burst_conv/sect_addr_buf_reg[39]/R	-1.583
ap_rst_n	o_gmem_m_axi_U/bus_write/wreq_burst_conv/sect_addr_buf_reg[40]/R	-1.583
ap_rst_n	o_gmem_m_axi_U/bus_write/wreq_burst_conv/sect_addr_buf_reg[41]/R	-1.583
ap_rst_n	o_gmem_m_axi_U/bus_write/wreq_burst_conv/start_addr_reg[41]/R	-1.583
ap_rst_n	o_gmem_m_axi_U/bus_write/wreq_burst_conv/sect_total_buf_reg[16]/R	-1.582
ap_rst_n	o_gmem_m_axi_U/bus_write/wreq_burst_conv/sect_total_buf_reg[17]/R	-1.582
ap_rst_n	o_gmem_m_axi_U/bus_write/wreq_burst_conv/sect_total_buf_reg[18]/R	-1.582
ap_rst_n	o_gmem_m_axi_U/bus_write/wreq_burst_conv/sect_total_buf_reg[19]/R	-1.582
ap_rst_n	o_gmem_m_axi_U/bus_write/wreq_throttle/req_fifo/U_fifo_srl/dout_reg[39]/R	-1.582
ap_rst_n	o_gmem_m_axi_U/bus_write/wreq_throttle/req_fifo/U_fifo_srl/dout_reg[40]/R	-1.582
ap_rst_n	o_gmem_m_axi_U/bus_write/wreq_throttle/req_fifo/U_fifo_srl/dout_reg[41]/R	-1.582
ap_rst_n	o_gmem_m_axi_U/bus_write/wreq_throttle/req_fifo/U_fifo_srl/dout_reg[42]/R	-1.582
ap_rst_n	o_gmem_m_axi_U/bus_write/wreq_throttle/req_fifo/U_fifo_srl/dout_reg[47]/R	-1.582
ap_rst_n	o_gmem_m_axi_U/bus_write/wreq_throttle/req_fifo/U_fifo_srl/dout_reg[48]/R	-1.582
ap_rst_n	o_gmem_m_axi_U/bus_write/wreq_throttle/req_fifo/U_fifo_srl/dout_reg[49]/R	-1.582
ap_rst_n	o_gmem_m_axi_U/bus_write/wreq_throttle/req_fifo/U_fifo_srl/dout_reg[50]/R	-1.582
s_axi_control_WDATA[31]	control_s_axi_U/int_k_address_reg[63]/D	-1.582
ap_rst_n	v_gmem_m_axi_U/bus_read/rreq_burst_conv/sect_addr_buf_reg[30]/R	-1.582
ap_rst_n	v_gmem_m_axi_U/bus_read/rreq_burst_conv/sect_addr_buf_reg[31]/R	-1.582
ap_rst_n	v_gmem_m_axi_U/bus_read/rreq_burst_conv/sect_addr_buf_reg[32]/R	-1.582
ap_rst_n	v_gmem_m_axi_U/bus_read/rreq_burst_conv/sect_addr_buf_reg[33]/R	-1.582
ap_rst_n	v_gmem_m_axi_U/bus_read/rreq_burst_conv/sect_addr_buf_reg[34]/R	-1.582
ap_rst_n	v_gmem_m_axi_U/bus_read/rreq_burst_conv/sect_addr_buf_reg[35]/R	-1.582
ap_rst_n	v_gmem_m_axi_U/bus_read/rreq_burst_conv/start_addr_reg[51]/R	-1.582
ap_rst_n	v_gmem_m_axi_U/load_unit_0/fifo_rreq/U_fifo_srl/dout_reg[15]/R	-1.582
ap_rst_n	v_gmem_m_axi_U/load_unit_0/fifo_rreq/U_fifo_srl/dout_reg[1]/R	-1.582
ap_rst_n	v_gmem_m_axi_U/load_unit_0/fifo_rreq/U_fifo_srl/dout_reg[48]/R	-1.582
ap_rst_n	v_gmem_m_axi_U/load_unit_0/fifo_rreq/U_fifo_srl/dout_reg[53]/R	-1.582
ap_rst_n	v_gmem_m_axi_U/load_unit_0/fifo_rreq/U_fifo_srl/dout_reg[56]/R	-1.582
ap_rst_n	v_gmem_m_axi_U/load_unit_0/tmp_addr_reg[46]/R	-1.582
ap_rst_n	v_gmem_m_axi_U/load_unit_0/tmp_addr_reg[47]/R	-1.582
ap_rst_n	v_gmem_m_axi_U/load_unit_0/tmp_addr_reg[50]/R	-1.582
ap_rst_n	v_gmem_m_axi_U/load_unit_0/tmp_addr_reg[51]/R	-1.582
ap_rst_n	v_gmem_m_axi_U/load_unit_0/tmp_addr_reg[62]/R	-1.582
ap_rst_n	v_gmem_m_axi_U/load_unit_0/tmp_addr_reg[63]/R	-1.582
s_axi_control_WDATA[25]	control_s_axi_U/int_k_address_reg[57]/D	-1.582
s_axi_control_WDATA[31]	control_s_axi_U/int_o_address_reg[63]/D	-1.582
s_axi_control_WSTRB[1]	control_s_axi_U/int_sequence_length_reg[14]/D	-1.582
ap_rst_n	o_gmem_m_axi_U/bus_write/wreq_burst_conv/could_multi_bursts.addr_buf_reg[55]/R	-1.582
ap_rst_n	o_gmem_m_axi_U/bus_write/wreq_burst_conv/could_multi_bursts.addr_buf_reg[56]/R	-1.582
ap_rst_n	o_gmem_m_axi_U/bus_write/wreq_burst_conv/could_multi_bursts.addr_buf_reg[57]/R	-1.582
ap_rst_n	o_gmem_m_axi_U/bus_write/wreq_burst_conv/could_multi_bursts.addr_buf_reg[58]/R	-1.582
ap_rst_n	o_gmem_m_axi_U/bus_write/wreq_burst_conv/could_multi_bursts.addr_buf_reg[63]/R	-1.582
ap_rst_n	o_gmem_m_axi_U/bus_write/wreq_burst_conv/sect_addr_buf_reg[14]/R	-1.582
ap_rst_n	o_gmem_m_axi_U/bus_write/wreq_burst_conv/sect_addr_buf_reg[15]/R	-1.582
ap_rst_n	o_gmem_m_axi_U/bus_write/wreq_burst_conv/sect_cnt_reg[10]/R	-1.582
ap_rst_n	o_gmem_m_axi_U/bus_write/wreq_burst_conv/sect_cnt_reg[11]/R	-1.582
ap_rst_n	o_gmem_m_axi_U/bus_write/wreq_burst_conv/sect_cnt_reg[16]/R	-1.582
ap_rst_n	o_gmem_m_axi_U/bus_write/wreq_burst_conv/sect_cnt_reg[17]/R	-1.582
ap_rst_n	o_gmem_m_axi_U/bus_write/wreq_burst_conv/start_addr_reg[22]/R	-1.582
ap_rst_n	o_gmem_m_axi_U/bus_write/wreq_burst_conv/start_addr_reg[28]/R	-1.582
ap_rst_n	o_gmem_m_axi_U/bus_write/wreq_burst_conv/start_addr_reg[31]/R	-1.582
ap_rst_n	o_gmem_m_axi_U/store_unit_0/tmp_addr_reg[42]/R	-1.582
ap_rst_n	v_gmem_m_axi_U/load_unit_0/fifo_rreq/U_fifo_srl/dout_reg[45]/R	-1.582
ap_rst_n	v_gmem_m_axi_U/load_unit_0/fifo_rreq/U_fifo_srl/dout_reg[49]/R	-1.582
ap_rst_n	v_gmem_m_axi_U/load_unit_0/fifo_rreq/U_fifo_srl/dout_reg[57]/R	-1.582
s_axi_control_WDATA[20]	control_s_axi_U/int_q_address_reg[20]/D	-1.581
ap_rst_n	o_gmem_m_axi_U/store_unit_0/tmp_addr_reg[59]/R	-1.581
ap_rst_n	o_gmem_m_axi_U/store_unit_0/tmp_addr_reg[61]/R	-1.581
ap_rst_n	control_s_axi_U/int_v_address_reg[10]/R	-1.581
ap_rst_n	control_s_axi_U/int_v_address_reg[42]/R	-1.581
ap_rst_n	o_gmem_m_axi_U/bus_write/wreq_burst_conv/sect_total_buf_reg[10]/R	-1.581
ap_rst_n	o_gmem_m_axi_U/bus_write/wreq_burst_conv/sect_total_buf_reg[11]/R	-1.581
ap_rst_n	o_gmem_m_axi_U/bus_write/wreq_burst_conv/sect_total_buf_reg[8]/R	-1.581
ap_rst_n	o_gmem_m_axi_U/bus_write/wreq_burst_conv/sect_total_buf_reg[9]/R	-1.581
ap_rst_n	o_gmem_m_axi_U/store_unit_0/fifo_wreq/U_fifo_srl/dout_reg[17]/R	-1.581
ap_rst_n	o_gmem_m_axi_U/store_unit_0/fifo_wreq/U_fifo_srl/dout_reg[37]/R	-1.581
ap_rst_n	v_gmem_m_axi_U/bus_read/rreq_burst_conv/sect_addr_buf_reg[42]/R	-1.581
ap_rst_n	v_gmem_m_axi_U/bus_read/rreq_burst_conv/sect_addr_buf_reg[43]/R	-1.581
ap_rst_n	v_gmem_m_axi_U/bus_read/rreq_burst_conv/sect_addr_buf_reg[46]/R	-1.581
ap_rst_n	v_gmem_m_axi_U/bus_read/rreq_burst_conv/sect_addr_buf_reg[47]/R	-1.581
ap_rst_n	v_gmem_m_axi_U/load_unit_0/fifo_rreq/U_fifo_srl/dout_reg[12]/R	-1.581
ap_rst_n	v_gmem_m_axi_U/load_unit_0/fifo_rreq/U_fifo_srl/dout_reg[14]/R	-1.581
ap_rst_n	v_gmem_m_axi_U/load_unit_0/fifo_rreq/U_fifo_srl/dout_reg[16]/R	-1.581
ap_rst_n	v_gmem_m_axi_U/load_unit_0/fifo_rreq/U_fifo_srl/dout_reg[22]/R	-1.581
ap_rst_n	v_gmem_m_axi_U/load_unit_0/tmp_addr_reg[18]/R	-1.581
ap_rst_n	v_gmem_m_axi_U/load_unit_0/tmp_addr_reg[59]/R	-1.581
s_axi_control_WDATA[25]	control_s_axi_U/int_o_address_reg[57]/D	-1.581
ap_rst_n	k_gmem_m_axi_U/load_unit_0/fifo_rreq/U_fifo_srl/dout_reg[75]/R	-1.581
ap_rst_n	k_gmem_m_axi_U/load_unit_0/fifo_rreq/U_fifo_srl/dout_reg[85]/R	-1.581
ap_rst_n	k_gmem_m_axi_U/load_unit_0/fifo_rreq/U_fifo_srl/dout_reg[95]/R	-1.581
ap_rst_n	k_gmem_m_axi_U/load_unit_0/tmp_len_reg[14]/R	-1.581
ap_rst_n	k_gmem_m_axi_U/load_unit_0/tmp_len_reg[15]/R	-1.581
ap_rst_n	k_gmem_m_axi_U/load_unit_0/tmp_len_reg[16]/R	-1.581
ap_rst_n	k_gmem_m_axi_U/load_unit_0/tmp_len_reg[17]/R	-1.581
ap_rst_n	k_gmem_m_axi_U/load_unit_0/tmp_len_reg[22]/R	-1.581
ap_rst_n	k_gmem_m_axi_U/load_unit_0/tmp_len_reg[23]/R	-1.581
ap_rst_n	k_gmem_m_axi_U/load_unit_0/tmp_len_reg[24]/R	-1.581
ap_rst_n	k_gmem_m_axi_U/load_unit_0/tmp_len_reg[25]/R	-1.581
ap_rst_n	k_gmem_m_axi_U/load_unit_0/tmp_len_reg[30]/R	-1.581
ap_rst_n	k_gmem_m_axi_U/load_unit_0/tmp_len_reg[31]/R	-1.581
ap_rst_n	k_gmem_m_axi_U/load_unit_0/tmp_len_reg[6]/R	-1.581
ap_rst_n	k_gmem_m_axi_U/load_unit_0/tmp_len_reg[7]/R	-1.581
ap_rst_n	k_gmem_m_axi_U/load_unit_0/tmp_len_reg[8]/R	-1.581
ap_rst_n	k_gmem_m_axi_U/load_unit_0/tmp_len_reg[9]/R	-1.581
ap_rst_n	o_gmem_m_axi_U/bus_write/wreq_burst_conv/could_multi_bursts.addr_buf_reg[47]/R	-1.581
ap_rst_n	o_gmem_m_axi_U/bus_write/wreq_burst_conv/could_multi_bursts.addr_buf_reg[48]/R	-1.581
ap_rst_n	o_gmem_m_axi_U/bus_write/wreq_burst_conv/could_multi_bursts.addr_buf_reg[49]/R	-1.581
ap_rst_n	o_gmem_m_axi_U/bus_write/wreq_burst_conv/could_multi_bursts.addr_buf_reg[50]/R	-1.581
ap_rst_n	o_gmem_m_axi_U/bus_write/wreq_burst_conv/sect_cnt_reg[0]/R	-1.581
ap_rst_n	o_gmem_m_axi_U/bus_write/wreq_burst_conv/sect_cnt_reg[1]/R	-1.581
ap_rst_n	o_gmem_m_axi_U/bus_write/wreq_burst_conv/sect_cnt_reg[2]/R	-1.581
ap_rst_n	o_gmem_m_axi_U/bus_write/wreq_burst_conv/sect_cnt_reg[3]/R	-1.581
ap_rst_n	o_gmem_m_axi_U/bus_write/wreq_burst_conv/start_addr_reg[14]/R	-1.581
s_axi_control_WDATA[28]	control_s_axi_U/int_q_address_reg[28]/D	-1.580
s_axi_control_WDATA[30]	control_s_axi_U/int_q_address_reg[30]/D	-1.580
ap_rst_n	control_s_axi_U/int_v_address_reg[14]/R	-1.580
ap_rst_n	control_s_axi_U/int_v_address_reg[16]/R	-1.580
ap_rst_n	control_s_axi_U/int_v_address_reg[46]/R	-1.580
ap_rst_n	control_s_axi_U/int_v_address_reg[48]/R	-1.580
ap_rst_n	o_gmem_m_axi_U/bus_write/wreq_burst_conv/sect_total_buf_reg[0]/R	-1.580
ap_rst_n	o_gmem_m_axi_U/bus_write/wreq_burst_conv/sect_total_buf_reg[12]/R	-1.580
ap_rst_n	o_gmem_m_axi_U/bus_write/wreq_burst_conv/sect_total_buf_reg[13]/R	-1.580
ap_rst_n	o_gmem_m_axi_U/bus_write/wreq_burst_conv/sect_total_buf_reg[14]/R	-1.580
ap_rst_n	o_gmem_m_axi_U/bus_write/wreq_burst_conv/sect_total_buf_reg[15]/R	-1.580
ap_rst_n	o_gmem_m_axi_U/bus_write/wreq_burst_conv/sect_total_buf_reg[1]/R	-1.580
ap_rst_n	o_gmem_m_axi_U/bus_write/wreq_burst_conv/sect_total_buf_reg[2]/R	-1.580
ap_rst_n	o_gmem_m_axi_U/bus_write/wreq_burst_conv/sect_total_buf_reg[3]/R	-1.580
ap_rst_n	o_gmem_m_axi_U/store_unit_0/fifo_wreq/U_fifo_srl/dout_reg[13]/R	-1.580
ap_rst_n	o_gmem_m_axi_U/store_unit_0/fifo_wreq/U_fifo_srl/dout_reg[16]/R	-1.580
ap_rst_n	o_gmem_m_axi_U/store_unit_0/fifo_wreq/U_fifo_srl/dout_reg[48]/R	-1.580
ap_rst_n	o_gmem_m_axi_U/store_unit_0/tmp_addr_reg[37]/R	-1.580
ap_rst_n	v_gmem_m_axi_U/bus_read/rreq_burst_conv/sect_cnt_reg[30]/R	-1.580
ap_rst_n	v_gmem_m_axi_U/bus_read/rreq_burst_conv/sect_cnt_reg[31]/R	-1.580
ap_rst_n	v_gmem_m_axi_U/bus_read/rreq_burst_conv/sect_cnt_reg[34]/R	-1.580
ap_rst_n	v_gmem_m_axi_U/bus_read/rreq_burst_conv/sect_cnt_reg[35]/R	-1.580
ap_rst_n	control_s_axi_U/int_v_address_reg[18]/R	-1.580
ap_rst_n	control_s_axi_U/int_v_address_reg[38]/R	-1.580
ap_rst_n	control_s_axi_U/int_v_address_reg[50]/R	-1.580
ap_rst_n	control_s_axi_U/int_v_address_reg[6]/R	-1.580
ap_rst_n	k_gmem_m_axi_U/load_unit_0/tmp_valid_reg/R	-1.580
ap_rst_n	o_gmem_m_axi_U/bus_write/wreq_burst_conv/sect_cnt_reg[12]/R	-1.580
ap_rst_n	o_gmem_m_axi_U/bus_write/wreq_burst_conv/sect_cnt_reg[13]/R	-1.580
ap_rst_n	o_gmem_m_axi_U/bus_write/wreq_burst_conv/sect_cnt_reg[4]/R	-1.580
ap_rst_n	o_gmem_m_axi_U/bus_write/wreq_burst_conv/sect_cnt_reg[5]/R	-1.580
ap_rst_n	o_gmem_m_axi_U/bus_write/wreq_burst_conv/sect_cnt_reg[6]/R	-1.580
ap_rst_n	o_gmem_m_axi_U/bus_write/wreq_burst_conv/sect_cnt_reg[7]/R	-1.580
ap_rst_n	o_gmem_m_axi_U/store_unit_0/fifo_wreq/U_fifo_srl/dout_reg[57]/R	-1.580
ap_rst_n	o_gmem_m_axi_U/store_unit_0/tmp_addr_reg[48]/R	-1.580
ap_rst_n	o_gmem_m_axi_U/store_unit_0/tmp_addr_reg[63]/R	-1.580
ap_rst_n	o_gmem_m_axi_U/bus_write/wreq_burst_conv/could_multi_bursts.addr_buf_reg[39]/R	-1.580
ap_rst_n	o_gmem_m_axi_U/bus_write/wreq_burst_conv/could_multi_bursts.addr_buf_reg[40]/R	-1.580
ap_rst_n	o_gmem_m_axi_U/bus_write/wreq_burst_conv/could_multi_bursts.addr_buf_reg[41]/R	-1.580
ap_rst_n	o_gmem_m_axi_U/bus_write/wreq_burst_conv/could_multi_bursts.addr_buf_reg[42]/R	-1.580
s_axi_control_WDATA[22]	control_s_axi_U/int_k_address_reg[22]/D	-1.579
s_axi_control_WDATA[22]	control_s_axi_U/int_q_address_reg[22]/D	-1.579
ap_rst_n	control_s_axi_U/int_o_address_reg[14]/R	-1.579
ap_rst_n	control_s_axi_U/int_o_address_reg[40]/R	-1.579
ap_rst_n	control_s_axi_U/int_o_address_reg[46]/R	-1.579
ap_rst_n	control_s_axi_U/int_o_address_reg[8]/R	-1.579
ap_rst_n	grp_run_fu_161/grp_runController_fu_106/grp_runQueryTile_fu_142/entry_proc_U0/start_once_reg_reg/D	-1.579
ap_rst_n	o_gmem_m_axi_U/bus_write/wreq_burst_conv/sect_total_buf_reg[4]/R	-1.579
ap_rst_n	o_gmem_m_axi_U/bus_write/wreq_burst_conv/sect_total_buf_reg[5]/R	-1.579
ap_rst_n	o_gmem_m_axi_U/bus_write/wreq_burst_conv/sect_total_buf_reg[6]/R	-1.579
ap_rst_n	o_gmem_m_axi_U/bus_write/wreq_burst_conv/sect_total_buf_reg[7]/R	-1.579
ap_rst_n	o_gmem_m_axi_U/bus_write/wreq_throttle/req_fifo/U_fifo_srl/dout_reg[19]/R	-1.579
ap_rst_n	o_gmem_m_axi_U/bus_write/wreq_throttle/req_fifo/U_fifo_srl/dout_reg[20]/R	-1.579
ap_rst_n	o_gmem_m_axi_U/bus_write/wreq_throttle/req_fifo/U_fifo_srl/dout_reg[21]/R	-1.579
ap_rst_n	o_gmem_m_axi_U/bus_write/wreq_throttle/req_fifo/U_fifo_srl/dout_reg[22]/R	-1.579
ap_rst_n	o_gmem_m_axi_U/bus_write/wreq_throttle/req_fifo/U_fifo_srl/dout_reg[27]/R	-1.579
ap_rst_n	o_gmem_m_axi_U/bus_write/wreq_throttle/req_fifo/U_fifo_srl/dout_reg[28]/R	-1.579
ap_rst_n	o_gmem_m_axi_U/bus_write/wreq_throttle/req_fifo/U_fifo_srl/dout_reg[29]/R	-1.579
ap_rst_n	o_gmem_m_axi_U/bus_write/wreq_throttle/req_fifo/U_fifo_srl/dout_reg[30]/R	-1.579
ap_rst_n	o_gmem_m_axi_U/store_unit_0/fifo_wreq/U_fifo_srl/dout_reg[20]/R	-1.579
ap_rst_n	o_gmem_m_axi_U/store_unit_0/fifo_wreq/U_fifo_srl/dout_reg[60]/R	-1.579
ap_rst_n	o_gmem_m_axi_U/store_unit_0/tmp_addr_reg[40]/R	-1.579
ap_rst_n	o_gmem_m_axi_U/store_unit_0/tmp_addr_reg[43]/R	-1.579
ap_rst_n	v_gmem_m_axi_U/load_unit_0/fifo_rreq/U_fifo_srl/dout_reg[60]/R	-1.579
ap_rst_n	o_gmem_m_axi_U/bus_write/wreq_burst_conv/could_multi_bursts.addr_buf_reg[31]/R	-1.579
ap_rst_n	o_gmem_m_axi_U/bus_write/wreq_burst_conv/could_multi_bursts.addr_buf_reg[32]/R	-1.579
ap_rst_n	o_gmem_m_axi_U/bus_write/wreq_burst_conv/could_multi_bursts.addr_buf_reg[33]/R	-1.579
ap_rst_n	o_gmem_m_axi_U/bus_write/wreq_burst_conv/could_multi_bursts.addr_buf_reg[34]/R	-1.579
ap_rst_n	o_gmem_m_axi_U/bus_write/wreq_burst_conv/sect_addr_buf_reg[12]/R	-1.579
ap_rst_n	o_gmem_m_axi_U/bus_write/wreq_burst_conv/sect_addr_buf_reg[13]/R	-1.579
ap_rst_n	o_gmem_m_axi_U/bus_write/wreq_burst_conv/start_addr_reg[23]/R	-1.579
ap_rst_n	o_gmem_m_axi_U/bus_write/wreq_burst_conv/start_addr_reg[29]/R	-1.579
ap_rst_n	control_s_axi_U/int_o_address_reg[18]/R	-1.578
ap_rst_n	control_s_axi_U/int_o_address_reg[50]/R	-1.578
ap_rst_n	o_gmem_m_axi_U/bus_write/wreq_throttle/req_fifo/U_fifo_srl/dout_reg[23]/R	-1.578
ap_rst_n	o_gmem_m_axi_U/bus_write/wreq_throttle/req_fifo/U_fifo_srl/dout_reg[24]/R	-1.578
ap_rst_n	o_gmem_m_axi_U/bus_write/wreq_throttle/req_fifo/U_fifo_srl/dout_reg[25]/R	-1.578
ap_rst_n	o_gmem_m_axi_U/bus_write/wreq_throttle/req_fifo/U_fifo_srl/dout_reg[26]/R	-1.578
ap_rst_n	o_gmem_m_axi_U/bus_write/wreq_throttle/req_fifo/U_fifo_srl/dout_reg[31]/R	-1.578
ap_rst_n	o_gmem_m_axi_U/bus_write/wreq_throttle/req_fifo/U_fifo_srl/dout_reg[32]/R	-1.578
ap_rst_n	o_gmem_m_axi_U/bus_write/wreq_throttle/req_fifo/U_fifo_srl/dout_reg[33]/R	-1.578
ap_rst_n	o_gmem_m_axi_U/bus_write/wreq_throttle/req_fifo/U_fifo_srl/dout_reg[34]/R	-1.578
ap_rst_n	o_gmem_m_axi_U/bus_write/wreq_throttle/req_fifo/U_fifo_srl/dout_reg[51]/R	-1.578
ap_rst_n	o_gmem_m_axi_U/bus_write/wreq_throttle/req_fifo/U_fifo_srl/dout_reg[52]/R	-1.578
ap_rst_n	o_gmem_m_axi_U/bus_write/wreq_throttle/req_fifo/U_fifo_srl/dout_reg[53]/R	-1.578
ap_rst_n	o_gmem_m_axi_U/bus_write/wreq_throttle/req_fifo/U_fifo_srl/dout_reg[54]/R	-1.578
ap_rst_n	o_gmem_m_axi_U/bus_write/wreq_throttle/req_fifo/U_fifo_srl/dout_reg[59]/R	-1.578
ap_rst_n	o_gmem_m_axi_U/bus_write/wreq_throttle/req_fifo/U_fifo_srl/dout_reg[60]/R	-1.578
ap_rst_n	o_gmem_m_axi_U/bus_write/wreq_throttle/req_fifo/U_fifo_srl/dout_reg[61]/R	-1.578
ap_rst_n	o_gmem_m_axi_U/bus_write/wreq_throttle/req_fifo/U_fifo_srl/dout_reg[62]/R	-1.578
ap_rst_n	v_gmem_m_axi_U/bus_read/rreq_burst_conv/sect_addr_buf_reg[50]/R	-1.578
ap_rst_n	v_gmem_m_axi_U/bus_read/rreq_burst_conv/sect_addr_buf_reg[51]/R	-1.578
ap_rst_n	v_gmem_m_axi_U/bus_read/rreq_burst_conv/sect_addr_buf_reg[58]/R	-1.578
ap_rst_n	v_gmem_m_axi_U/bus_read/rreq_burst_conv/sect_addr_buf_reg[59]/R	-1.578
ap_rst_n	v_gmem_m_axi_U/bus_read/rreq_burst_conv/sect_addr_buf_reg[60]/R	-1.578
ap_rst_n	v_gmem_m_axi_U/bus_read/rreq_burst_conv/sect_addr_buf_reg[61]/R	-1.578
ap_rst_n	v_gmem_m_axi_U/bus_read/rreq_burst_conv/sect_addr_buf_reg[62]/R	-1.578
ap_rst_n	v_gmem_m_axi_U/bus_read/rreq_burst_conv/sect_addr_buf_reg[63]/R	-1.578
ap_rst_n	control_s_axi_U/int_v_address_reg[40]/R	-1.578
ap_rst_n	control_s_axi_U/int_v_address_reg[8]/R	-1.578
ap_rst_n	o_gmem_m_axi_U/store_unit_0/fifo_wreq/U_fifo_srl/dout_reg[50]/R	-1.578
ap_rst_n	o_gmem_m_axi_U/store_unit_0/tmp_addr_reg[50]/R	-1.578
ap_rst_n	o_gmem_m_axi_U/bus_write/wreq_burst_conv/could_multi_bursts.addr_buf_reg[23]/R	-1.578
ap_rst_n	o_gmem_m_axi_U/bus_write/wreq_burst_conv/could_multi_bursts.addr_buf_reg[24]/R	-1.578
ap_rst_n	o_gmem_m_axi_U/bus_write/wreq_burst_conv/could_multi_bursts.addr_buf_reg[25]/R	-1.578
ap_rst_n	o_gmem_m_axi_U/bus_write/wreq_burst_conv/could_multi_bursts.addr_buf_reg[26]/R	-1.578
ap_rst_n	o_gmem_m_axi_U/bus_write/wreq_burst_conv/start_addr_reg[12]/R	-1.578
ap_rst_n	o_gmem_m_axi_U/bus_write/wreq_burst_conv/start_addr_reg[13]/R	-1.578
ap_rst_n	o_gmem_m_axi_U/bus_write/wreq_burst_conv/start_addr_reg[15]/R	-1.578
ap_rst_n	o_gmem_m_axi_U/bus_write/wreq_burst_conv/start_addr_reg[17]/R	-1.578
ap_rst_n	o_gmem_m_axi_U/bus_write/wreq_burst_conv/start_addr_reg[19]/R	-1.578
ap_rst_n	o_gmem_m_axi_U/bus_write/wreq_burst_conv/start_addr_reg[20]/R	-1.578
ap_rst_n	o_gmem_m_axi_U/bus_write/wreq_burst_conv/start_addr_reg[21]/R	-1.578
ap_rst_n	o_gmem_m_axi_U/bus_write/wreq_burst_conv/start_addr_reg[24]/R	-1.578
ap_rst_n	o_gmem_m_axi_U/bus_write/wreq_burst_conv/start_addr_reg[25]/R	-1.578
ap_rst_n	o_gmem_m_axi_U/bus_write/wreq_burst_conv/start_addr_reg[26]/R	-1.578
ap_rst_n	o_gmem_m_axi_U/bus_write/wreq_burst_conv/start_addr_reg[27]/R	-1.578
s_axi_control_WDATA[26]	control_s_axi_U/int_k_address_reg[26]/D	-1.577
ap_rst_n	o_gmem_m_axi_U/bus_write/wreq_throttle/req_fifo/U_fifo_srl/dout_reg[55]/R	-1.577
ap_rst_n	o_gmem_m_axi_U/bus_write/wreq_throttle/req_fifo/U_fifo_srl/dout_reg[56]/R	-1.577
ap_rst_n	o_gmem_m_axi_U/bus_write/wreq_throttle/req_fifo/U_fifo_srl/dout_reg[57]/R	-1.577
ap_rst_n	o_gmem_m_axi_U/bus_write/wreq_throttle/req_fifo/U_fifo_srl/dout_reg[58]/R	-1.577
ap_rst_n	o_gmem_m_axi_U/bus_write/wreq_throttle/req_fifo/U_fifo_srl/dout_reg[63]/R	-1.577
ap_rst_n	o_gmem_m_axi_U/bus_write/wreq_throttle/req_fifo/U_fifo_srl/dout_reg[64]/R	-1.577
ap_rst_n	o_gmem_m_axi_U/bus_write/wreq_throttle/req_fifo/U_fifo_srl/dout_reg[65]/R	-1.577
ap_rst_n	o_gmem_m_axi_U/bus_write/wreq_throttle/req_fifo/U_fifo_srl/dout_reg[66]/R	-1.577
ap_rst_n	o_gmem_m_axi_U/store_unit_0/fifo_wreq/U_fifo_srl/dout_reg[25]/R	-1.577
s_axi_control_WDATA[30]	control_s_axi_U/int_k_address_reg[30]/D	-1.577
ap_rst_n	control_s_axi_U/int_o_address_reg[3]/R	-1.577
ap_rst_n	control_s_axi_U/int_v_address_reg[35]/R	-1.577
ap_rst_n	v_gmem_m_axi_U/load_unit_0/fifo_rreq/U_fifo_srl/dout_reg[36]/R	-1.577
ap_rst_n	v_gmem_m_axi_U/load_unit_0/fifo_rreq/U_fifo_srl/dout_reg[38]/R	-1.577
ap_rst_n	v_gmem_m_axi_U/load_unit_0/fifo_rreq/U_fifo_srl/dout_reg[52]/R	-1.577
ap_rst_n	o_gmem_m_axi_U/bus_write/wreq_burst_conv/could_multi_bursts.addr_buf_reg[15]/R	-1.577
ap_rst_n	o_gmem_m_axi_U/bus_write/wreq_burst_conv/could_multi_bursts.addr_buf_reg[16]/R	-1.577
ap_rst_n	o_gmem_m_axi_U/bus_write/wreq_burst_conv/could_multi_bursts.addr_buf_reg[17]/R	-1.577
ap_rst_n	o_gmem_m_axi_U/bus_write/wreq_burst_conv/could_multi_bursts.addr_buf_reg[18]/R	-1.577
ap_rst_n	o_gmem_m_axi_U/bus_write/wreq_burst_conv/could_multi_bursts.addr_buf_reg[51]/R	-1.577
ap_rst_n	o_gmem_m_axi_U/bus_write/wreq_burst_conv/could_multi_bursts.addr_buf_reg[52]/R	-1.577
ap_rst_n	o_gmem_m_axi_U/bus_write/wreq_burst_conv/could_multi_bursts.addr_buf_reg[53]/R	-1.577
ap_rst_n	o_gmem_m_axi_U/bus_write/wreq_burst_conv/could_multi_bursts.addr_buf_reg[54]/R	-1.577
ap_rst_n	o_gmem_m_axi_U/bus_write/wreq_burst_conv/could_multi_bursts.addr_buf_reg[59]/R	-1.577
ap_rst_n	o_gmem_m_axi_U/bus_write/wreq_burst_conv/could_multi_bursts.addr_buf_reg[60]/R	-1.577
ap_rst_n	o_gmem_m_axi_U/bus_write/wreq_burst_conv/could_multi_bursts.addr_buf_reg[61]/R	-1.577
ap_rst_n	o_gmem_m_axi_U/bus_write/wreq_burst_conv/could_multi_bursts.addr_buf_reg[62]/R	-1.577
ap_rst_n	o_gmem_m_axi_U/bus_write/wreq_burst_conv/start_addr_reg[53]/R	-1.577
ap_rst_n	o_gmem_m_axi_U/bus_write/wreq_burst_conv/start_addr_reg[61]/R	-1.577
ap_rst_n	o_gmem_m_axi_U/store_unit_0/fifo_wreq/U_fifo_srl/dout_reg[46]/R	-1.577
ap_rst_n	o_gmem_m_axi_U/store_unit_0/fifo_wreq/U_fifo_srl/dout_reg[47]/R	-1.577
ap_rst_n	o_gmem_m_axi_U/store_unit_0/tmp_addr_reg[39]/R	-1.577
ap_rst_n	o_gmem_m_axi_U/store_unit_0/tmp_addr_reg[58]/R	-1.577
ap_rst_n	o_gmem_m_axi_U/bus_write/wreq_burst_conv/could_multi_bursts.len_buf_reg[0]/R	-1.576
ap_rst_n	o_gmem_m_axi_U/bus_write/wreq_burst_conv/could_multi_bursts.len_buf_reg[2]/R	-1.576
ap_rst_n	o_gmem_m_axi_U/store_unit_0/fifo_wreq/U_fifo_srl/dout_reg[21]/R	-1.576
ap_rst_n	o_gmem_m_axi_U/store_unit_0/tmp_addr_reg[20]/R	-1.576
ap_rst_n	o_gmem_m_axi_U/store_unit_0/tmp_addr_reg[28]/R	-1.576
ap_rst_n	control_s_axi_U/int_v_address_reg[12]/R	-1.576
ap_rst_n	control_s_axi_U/int_v_address_reg[44]/R	-1.576
ap_rst_n	o_gmem_m_axi_U/bus_write/wreq_throttle/req_fifo/U_fifo_srl/dout_reg[11]/R	-1.576
ap_rst_n	o_gmem_m_axi_U/bus_write/wreq_throttle/req_fifo/U_fifo_srl/dout_reg[12]/R	-1.576
ap_rst_n	o_gmem_m_axi_U/bus_write/wreq_throttle/req_fifo/U_fifo_srl/dout_reg[13]/R	-1.576
ap_rst_n	o_gmem_m_axi_U/bus_write/wreq_throttle/req_fifo/U_fifo_srl/dout_reg[14]/R	-1.576
ap_rst_n	o_gmem_m_axi_U/bus_write/wreq_throttle/req_fifo/U_fifo_srl/dout_reg[3]/R	-1.576
ap_rst_n	o_gmem_m_axi_U/bus_write/wreq_throttle/req_fifo/U_fifo_srl/dout_reg[4]/R	-1.576
ap_rst_n	o_gmem_m_axi_U/bus_write/wreq_throttle/req_fifo/U_fifo_srl/dout_reg[5]/R	-1.576
ap_rst_n	o_gmem_m_axi_U/bus_write/wreq_throttle/req_fifo/U_fifo_srl/dout_reg[6]/R	-1.576
ap_rst_n	o_gmem_m_axi_U/store_unit_0/fifo_wreq/U_fifo_srl/dout_reg[12]/R	-1.576
ap_rst_n	o_gmem_m_axi_U/store_unit_0/fifo_wreq/U_fifo_srl/dout_reg[14]/R	-1.576
ap_rst_n	o_gmem_m_axi_U/store_unit_0/fifo_wreq/U_fifo_srl/dout_reg[23]/R	-1.576
ap_rst_n	o_gmem_m_axi_U/store_unit_0/fifo_wreq/U_fifo_srl/dout_reg[24]/R	-1.576
ap_rst_n	v_gmem_m_axi_U/load_unit_0/fifo_rreq/U_fifo_srl/dout_reg[35]/R	-1.576
ap_rst_n	k_gmem_m_axi_U/bus_read/rreq_burst_conv/beat_len_reg[0]/R	-1.576
ap_rst_n	k_gmem_m_axi_U/bus_read/rreq_burst_conv/beat_len_reg[1]/R	-1.576
ap_rst_n	k_gmem_m_axi_U/bus_read/rreq_burst_conv/beat_len_reg[2]/R	-1.576
ap_rst_n	k_gmem_m_axi_U/bus_read/rreq_burst_conv/beat_len_reg[4]/R	-1.576
ap_rst_n	k_gmem_m_axi_U/bus_read/rreq_burst_conv/beat_len_reg[8]/R	-1.576
ap_rst_n	k_gmem_m_axi_U/bus_read/rreq_burst_conv/sect_total_reg[11]/R	-1.576
ap_rst_n	k_gmem_m_axi_U/bus_read/rreq_burst_conv/sect_total_reg[12]/R	-1.576
ap_rst_n	k_gmem_m_axi_U/bus_read/rreq_burst_conv/sect_total_reg[13]/R	-1.576
ap_rst_n	k_gmem_m_axi_U/bus_read/rreq_burst_conv/sect_total_reg[14]/R	-1.576
ap_rst_n	k_gmem_m_axi_U/bus_read/rreq_burst_conv/sect_total_reg[19]/R	-1.576
ap_rst_n	k_gmem_m_axi_U/bus_read/rreq_burst_conv/sect_total_reg[3]/R	-1.576
ap_rst_n	k_gmem_m_axi_U/bus_read/rreq_burst_conv/sect_total_reg[4]/R	-1.576
ap_rst_n	k_gmem_m_axi_U/bus_read/rreq_burst_conv/sect_total_reg[5]/R	-1.576
ap_rst_n	k_gmem_m_axi_U/bus_read/rreq_burst_conv/sect_total_reg[6]/R	-1.576
ap_rst_n	k_gmem_m_axi_U/load_unit_0/fifo_rreq/U_fifo_srl/dout_reg[67]/R	-1.576
ap_rst_n	k_gmem_m_axi_U/load_unit_0/fifo_rreq/U_fifo_srl/dout_reg[68]/R	-1.576
ap_rst_n	k_gmem_m_axi_U/load_unit_0/fifo_rreq/U_fifo_srl/dout_reg[71]/R	-1.576
ap_rst_n	k_gmem_m_axi_U/load_unit_0/tmp_len_reg[10]/R	-1.576
ap_rst_n	k_gmem_m_axi_U/load_unit_0/tmp_len_reg[11]/R	-1.576
ap_rst_n	k_gmem_m_axi_U/load_unit_0/tmp_len_reg[12]/R	-1.576
ap_rst_n	k_gmem_m_axi_U/load_unit_0/tmp_len_reg[13]/R	-1.576
ap_rst_n	k_gmem_m_axi_U/load_unit_0/tmp_len_reg[18]/R	-1.576
ap_rst_n	k_gmem_m_axi_U/load_unit_0/tmp_len_reg[19]/R	-1.576
ap_rst_n	k_gmem_m_axi_U/load_unit_0/tmp_len_reg[20]/R	-1.576
ap_rst_n	k_gmem_m_axi_U/load_unit_0/tmp_len_reg[21]/R	-1.576
ap_rst_n	k_gmem_m_axi_U/load_unit_0/tmp_len_reg[26]/R	-1.576
ap_rst_n	k_gmem_m_axi_U/load_unit_0/tmp_len_reg[27]/R	-1.576
ap_rst_n	k_gmem_m_axi_U/load_unit_0/tmp_len_reg[28]/R	-1.576
ap_rst_n	k_gmem_m_axi_U/load_unit_0/tmp_len_reg[29]/R	-1.576
ap_rst_n	k_gmem_m_axi_U/load_unit_0/tmp_len_reg[3]/R	-1.576
ap_rst_n	k_gmem_m_axi_U/load_unit_0/tmp_len_reg[4]/R	-1.576
ap_rst_n	k_gmem_m_axi_U/load_unit_0/tmp_len_reg[5]/R	-1.576
ap_rst_n	o_gmem_m_axi_U/bus_write/wreq_burst_conv/could_multi_bursts.addr_buf_reg[43]/R	-1.576
ap_rst_n	o_gmem_m_axi_U/bus_write/wreq_burst_conv/could_multi_bursts.addr_buf_reg[44]/R	-1.576
ap_rst_n	o_gmem_m_axi_U/bus_write/wreq_burst_conv/could_multi_bursts.addr_buf_reg[45]/R	-1.576
ap_rst_n	o_gmem_m_axi_U/bus_write/wreq_burst_conv/could_multi_bursts.addr_buf_reg[46]/R	-1.576
ap_rst_n	o_gmem_m_axi_U/store_unit_0/fifo_wreq/U_fifo_srl/dout_reg[34]/R	-1.576
ap_rst_n	o_gmem_m_axi_U/store_unit_0/fifo_wreq/U_fifo_srl/dout_reg[40]/R	-1.576
ap_rst_n	o_gmem_m_axi_U/store_unit_0/fifo_wreq/U_fifo_srl/dout_reg[42]/R	-1.576
ap_rst_n	o_gmem_m_axi_U/store_unit_0/tmp_addr_reg[30]/R	-1.576
ap_rst_n	o_gmem_m_axi_U/bus_write/wreq_throttle/req_fifo/U_fifo_srl/dout_reg[10]/R	-1.575
ap_rst_n	o_gmem_m_axi_U/bus_write/wreq_throttle/req_fifo/U_fifo_srl/dout_reg[15]/R	-1.575
ap_rst_n	o_gmem_m_axi_U/bus_write/wreq_throttle/req_fifo/U_fifo_srl/dout_reg[16]/R	-1.575
ap_rst_n	o_gmem_m_axi_U/bus_write/wreq_throttle/req_fifo/U_fifo_srl/dout_reg[17]/R	-1.575
ap_rst_n	o_gmem_m_axi_U/bus_write/wreq_throttle/req_fifo/U_fifo_srl/dout_reg[18]/R	-1.575
ap_rst_n	o_gmem_m_axi_U/bus_write/wreq_throttle/req_fifo/U_fifo_srl/dout_reg[7]/R	-1.575
ap_rst_n	o_gmem_m_axi_U/bus_write/wreq_throttle/req_fifo/U_fifo_srl/dout_reg[8]/R	-1.575
ap_rst_n	o_gmem_m_axi_U/bus_write/wreq_throttle/req_fifo/U_fifo_srl/dout_reg[9]/R	-1.575
ap_rst_n	control_s_axi_U/FSM_onehot_wstate_reg[1]/R	-1.575
ap_rst_n	control_s_axi_U/FSM_onehot_wstate_reg[2]/R	-1.575
ap_rst_n	grp_run_fu_161/grp_runController_fu_106/grp_runQueryTile_fu_142/header_query_base_c_U/addr_reg[0]/R	-1.575
ap_rst_n	grp_run_fu_161/grp_runController_fu_106/grp_runQueryTile_fu_142/header_query_base_c_U/addr_reg[1]/R	-1.575
ap_rst_n	k_gmem_m_axi_U/bus_read/rreq_burst_conv/end_from_4k_reg[4]/R	-1.575
ap_rst_n	k_gmem_m_axi_U/bus_read/rreq_burst_conv/end_from_4k_reg[5]/R	-1.575
ap_rst_n	k_gmem_m_axi_U/bus_read/rreq_burst_conv/end_from_4k_reg[6]/R	-1.575
ap_rst_n	k_gmem_m_axi_U/bus_read/rreq_burst_conv/end_from_4k_reg[7]/R	-1.575
ap_rst_n	k_gmem_m_axi_U/load_unit_0/fifo_rreq/U_fifo_srl/dout_reg[82]/R	-1.575
ap_rst_n	k_gmem_m_axi_U/load_unit_0/fifo_rreq/U_fifo_srl/dout_reg[84]/R	-1.575
ap_rst_n	k_gmem_m_axi_U/load_unit_0/fifo_rreq/U_fifo_srl/dout_reg[87]/R	-1.575
ap_rst_n	o_gmem_m_axi_U/bus_write/wreq_burst_conv/sect_addr_buf_reg[16]/R	-1.575
ap_rst_n	o_gmem_m_axi_U/bus_write/wreq_burst_conv/sect_addr_buf_reg[17]/R	-1.575
ap_rst_n	o_gmem_m_axi_U/bus_write/wreq_burst_conv/sect_addr_buf_reg[18]/R	-1.575
ap_rst_n	o_gmem_m_axi_U/bus_write/wreq_burst_conv/sect_addr_buf_reg[19]/R	-1.575
ap_rst_n	o_gmem_m_axi_U/store_unit_0/fifo_wreq/U_fifo_srl/dout_reg[45]/R	-1.575
ap_rst_n	o_gmem_m_axi_U/bus_write/wreq_burst_conv/could_multi_bursts.addr_buf_reg[10]/R	-1.575
ap_rst_n	o_gmem_m_axi_U/bus_write/wreq_burst_conv/could_multi_bursts.addr_buf_reg[7]/R	-1.575
ap_rst_n	o_gmem_m_axi_U/bus_write/wreq_burst_conv/could_multi_bursts.addr_buf_reg[8]/R	-1.575
ap_rst_n	o_gmem_m_axi_U/bus_write/wreq_burst_conv/could_multi_bursts.addr_buf_reg[9]/R	-1.575
ap_rst_n	o_gmem_m_axi_U/bus_write/wreq_burst_conv/could_multi_bursts.addr_buf_reg[35]/R	-1.575
ap_rst_n	o_gmem_m_axi_U/bus_write/wreq_burst_conv/could_multi_bursts.addr_buf_reg[36]/R	-1.575
ap_rst_n	o_gmem_m_axi_U/bus_write/wreq_burst_conv/could_multi_bursts.addr_buf_reg[37]/R	-1.575
ap_rst_n	o_gmem_m_axi_U/bus_write/wreq_burst_conv/could_multi_bursts.addr_buf_reg[38]/R	-1.575
ap_rst_n	control_s_axi_U/FSM_onehot_wstate_reg[3]/R	-1.574
ap_rst_n	control_s_axi_U/int_o_address_reg[16]/R	-1.574
ap_rst_n	control_s_axi_U/int_o_address_reg[48]/R	-1.574
ap_rst_n	o_gmem_m_axi_U/bus_write/wreq_burst_conv/start_addr_reg[10]/R	-1.574
ap_rst_n	o_gmem_m_axi_U/bus_write/wreq_burst_conv/start_addr_reg[7]/R	-1.574
ap_rst_n	o_gmem_m_axi_U/bus_write/wreq_burst_conv/start_addr_reg[8]/R	-1.574
ap_rst_n	o_gmem_m_axi_U/bus_write/wreq_burst_conv/start_addr_reg[9]/R	-1.574
ap_rst_n	o_gmem_m_axi_U/store_unit_0/fifo_wreq/U_fifo_srl/dout_reg[15]/R	-1.574
ap_rst_n	o_gmem_m_axi_U/store_unit_0/fifo_wreq/U_fifo_srl/dout_reg[19]/R	-1.574
ap_rst_n	o_gmem_m_axi_U/store_unit_0/fifo_wreq/U_fifo_srl/dout_reg[27]/R	-1.574
ap_rst_n	o_gmem_m_axi_U/store_unit_0/fifo_wreq/U_fifo_srl/dout_reg[29]/R	-1.574
ap_rst_n	o_gmem_m_axi_U/store_unit_0/fifo_wreq/U_fifo_srl/dout_reg[31]/R	-1.574
ap_rst_n	o_gmem_m_axi_U/store_unit_0/tmp_addr_reg[57]/R	-1.574
ap_rst_n	o_gmem_m_axi_U/bus_write/wreq_burst_conv/could_multi_bursts.addr_buf_reg[27]/R	-1.574
ap_rst_n	o_gmem_m_axi_U/bus_write/wreq_burst_conv/could_multi_bursts.addr_buf_reg[28]/R	-1.574
ap_rst_n	o_gmem_m_axi_U/bus_write/wreq_burst_conv/could_multi_bursts.addr_buf_reg[29]/R	-1.574
ap_rst_n	o_gmem_m_axi_U/bus_write/wreq_burst_conv/could_multi_bursts.addr_buf_reg[30]/R	-1.574
ap_rst_n	o_gmem_m_axi_U/store_unit_0/fifo_wreq/U_fifo_srl/dout_reg[55]/R	-1.574
ap_rst_n	k_gmem_m_axi_U/bus_read/rreq_burst_conv/beat_len_reg[3]/R	-1.573
ap_rst_n	k_gmem_m_axi_U/bus_read/rreq_burst_conv/beat_len_reg[6]/R	-1.573
ap_rst_n	k_gmem_m_axi_U/bus_read/rreq_burst_conv/beat_len_reg[7]/R	-1.573
ap_rst_n	k_gmem_m_axi_U/bus_read/rreq_burst_conv/could_multi_bursts.last_loop_reg/R	-1.573
ap_rst_n	k_gmem_m_axi_U/bus_read/rreq_burst_conv/could_multi_bursts.loop_cnt_reg[0]/R	-1.573
ap_rst_n	k_gmem_m_axi_U/bus_read/rreq_burst_conv/could_multi_bursts.loop_cnt_reg[1]/R	-1.573
ap_rst_n	k_gmem_m_axi_U/bus_read/rreq_burst_conv/could_multi_bursts.loop_cnt_reg[2]/R	-1.573
ap_rst_n	k_gmem_m_axi_U/bus_read/rreq_burst_conv/req_handling_reg/R	-1.573
ap_rst_n	k_gmem_m_axi_U/bus_read/rreq_burst_conv/rs_req/FSM_sequential_state_reg[1]/R	-1.573
ap_rst_n	k_gmem_m_axi_U/bus_read/rreq_burst_conv/rs_req/s_ready_t_reg/R	-1.573
ap_rst_n	k_gmem_m_axi_U/bus_read/rreq_burst_conv/rs_req/state_reg[0]/R	-1.573
ap_rst_n	k_gmem_m_axi_U/bus_read/rreq_burst_conv/rs_req/state_reg[1]/S	-1.573
ap_rst_n	k_gmem_m_axi_U/bus_read/rreq_burst_conv/sect_total_buf_reg[12]/R	-1.573
ap_rst_n	k_gmem_m_axi_U/bus_read/rreq_burst_conv/sect_total_buf_reg[13]/R	-1.573
ap_rst_n	k_gmem_m_axi_U/bus_read/rreq_burst_conv/sect_total_buf_reg[14]/R	-1.573
ap_rst_n	k_gmem_m_axi_U/bus_read/rreq_burst_conv/sect_total_buf_reg[15]/R	-1.573
ap_rst_n	k_gmem_m_axi_U/bus_read/rreq_burst_conv/sect_total_buf_reg[4]/R	-1.573
ap_rst_n	k_gmem_m_axi_U/bus_read/rreq_burst_conv/sect_total_buf_reg[5]/R	-1.573
ap_rst_n	k_gmem_m_axi_U/bus_read/rreq_burst_conv/sect_total_buf_reg[6]/R	-1.573
ap_rst_n	k_gmem_m_axi_U/bus_read/rreq_burst_conv/sect_total_buf_reg[7]/R	-1.573
ap_rst_n	k_gmem_m_axi_U/bus_read/rreq_burst_conv/start_to_4k_reg[3]/R	-1.573
ap_rst_n	k_gmem_m_axi_U/bus_read/rreq_burst_conv/start_to_4k_reg[4]/R	-1.573
ap_rst_n	k_gmem_m_axi_U/bus_read/rreq_burst_conv/start_to_4k_reg[7]/R	-1.573
ap_rst_n	k_gmem_m_axi_U/bus_read/rreq_burst_conv/start_to_4k_reg[8]/R	-1.573
ap_rst_n	o_gmem_m_axi_U/store_unit_0/fifo_wreq/U_fifo_srl/dout_reg[54]/R	-1.573
ap_rst_n	o_gmem_m_axi_U/store_unit_0/fifo_wreq/U_fifo_srl/dout_reg[56]/R	-1.573
ap_rst_n	o_gmem_m_axi_U/store_unit_0/fifo_wreq/U_fifo_srl/dout_reg[11]/R	-1.573
ap_rst_n	o_gmem_m_axi_U/store_unit_0/fifo_wreq/U_fifo_srl/dout_reg[9]/R	-1.573
ap_rst_n	o_gmem_m_axi_U/store_unit_0/tmp_addr_reg[32]/R	-1.573
ap_rst_n	o_gmem_m_axi_U/store_unit_0/tmp_addr_reg[34]/R	-1.573
ap_rst_n	o_gmem_m_axi_U/store_unit_0/tmp_addr_reg[36]/R	-1.573
ap_rst_n	o_gmem_m_axi_U/bus_write/wreq_burst_conv/could_multi_bursts.addr_buf_reg[19]/R	-1.573
ap_rst_n	o_gmem_m_axi_U/bus_write/wreq_burst_conv/could_multi_bursts.addr_buf_reg[20]/R	-1.573
ap_rst_n	o_gmem_m_axi_U/bus_write/wreq_burst_conv/could_multi_bursts.addr_buf_reg[21]/R	-1.573
ap_rst_n	o_gmem_m_axi_U/bus_write/wreq_burst_conv/could_multi_bursts.addr_buf_reg[22]/R	-1.573
ap_rst_n	o_gmem_m_axi_U/bus_write/wreq_burst_conv/sect_addr_buf_reg[20]/R	-1.573
ap_rst_n	o_gmem_m_axi_U/bus_write/wreq_burst_conv/sect_addr_buf_reg[21]/R	-1.573
ap_rst_n	o_gmem_m_axi_U/bus_write/wreq_burst_conv/sect_addr_buf_reg[24]/R	-1.573
ap_rst_n	o_gmem_m_axi_U/bus_write/wreq_burst_conv/sect_addr_buf_reg[25]/R	-1.573
ap_rst_n	o_gmem_m_axi_U/bus_write/wreq_burst_conv/sect_addr_buf_reg[26]/R	-1.573
ap_rst_n	o_gmem_m_axi_U/bus_write/wreq_burst_conv/sect_addr_buf_reg[27]/R	-1.573
ap_rst_n	grp_run_fu_161/grp_runController_fu_106/grp_runQueryTile_fu_142/distributeQueryTile_U0/grp_distributeQueryTile_Pipeline_VITIS_LOOP_501_3_VITIS_LOOP_506_4_VITIS_LOOP_507_5_fu_220/ap_enable_reg_pp0_iter39_reg/R	-1.572
ap_rst_n	grp_run_fu_161/grp_runController_fu_106/grp_runQueryTile_fu_142/distributeQueryTile_U0/grp_distributeQueryTile_Pipeline_VITIS_LOOP_501_3_VITIS_LOOP_506_4_VITIS_LOOP_507_5_fu_220/ap_enable_reg_pp0_iter40_reg/R	-1.572
ap_rst_n	k_gmem_m_axi_U/bus_read/rreq_burst_conv/beat_len_reg[5]/R	-1.572
ap_rst_n	k_gmem_m_axi_U/bus_read/rreq_burst_conv/start_to_4k_reg[0]/R	-1.572
ap_rst_n	k_gmem_m_axi_U/bus_read/rreq_burst_conv/start_to_4k_reg[1]/R	-1.572
ap_rst_n	k_gmem_m_axi_U/bus_read/rreq_burst_conv/start_to_4k_reg[2]/R	-1.572
ap_rst_n	k_gmem_m_axi_U/bus_read/rreq_burst_conv/start_to_4k_reg[5]/R	-1.572
ap_rst_n	k_gmem_m_axi_U/load_unit_0/fifo_rreq/raddr_reg[5]/R	-1.572
ap_rst_n	k_gmem_m_axi_U/load_unit_0/fifo_rreq/raddr_reg[6]/R	-1.572
ap_rst_n	control_s_axi_U/int_k_address_reg[33]/R	-1.572
ap_rst_n	control_s_axi_U/int_k_address_reg[37]/R	-1.572
ap_rst_n	control_s_axi_U/int_k_address_reg[41]/R	-1.572
ap_rst_n	control_s_axi_U/int_k_address_reg[43]/R	-1.572
ap_rst_n	control_s_axi_U/int_v_address_reg[11]/R	-1.572
ap_rst_n	control_s_axi_U/int_v_address_reg[1]/R	-1.572
ap_rst_n	control_s_axi_U/int_v_address_reg[5]/R	-1.572
ap_rst_n	control_s_axi_U/int_v_address_reg[9]/R	-1.572
ap_rst_n	o_gmem_m_axi_U/bus_write/wreq_burst_conv/sect_total_reg[19]/R	-1.572
ap_rst_n	o_gmem_m_axi_U/store_unit_0/tmp_addr_reg[52]/R	-1.572
ap_rst_n	o_gmem_m_axi_U/store_unit_0/tmp_addr_reg[56]/R	-1.572
ap_rst_n	o_gmem_m_axi_U/store_unit_0/tmp_addr_reg[62]/R	-1.572
ap_rst_n	control_s_axi_U/int_o_address_reg[11]/R	-1.572
ap_rst_n	control_s_axi_U/int_v_address_reg[43]/R	-1.572
ap_rst_n	o_gmem_m_axi_U/bus_write/wreq_burst_conv/could_multi_bursts.addr_buf_reg[11]/R	-1.572
ap_rst_n	o_gmem_m_axi_U/bus_write/wreq_burst_conv/could_multi_bursts.addr_buf_reg[12]/R	-1.572
ap_rst_n	o_gmem_m_axi_U/bus_write/wreq_burst_conv/could_multi_bursts.addr_buf_reg[13]/R	-1.572
ap_rst_n	o_gmem_m_axi_U/bus_write/wreq_burst_conv/could_multi_bursts.addr_buf_reg[14]/R	-1.572
ap_rst_n	grp_run_fu_161/grp_runController_fu_106/grp_runQueryTile_fu_142/distributeQueryTile_U0/grp_distributeQueryTile_Pipeline_VITIS_LOOP_501_3_VITIS_LOOP_506_4_VITIS_LOOP_507_5_fu_220/ap_enable_reg_pp0_iter37_reg/R	-1.571
ap_rst_n	grp_run_fu_161/grp_runController_fu_106/grp_runQueryTile_fu_142/distributeQueryTile_U0/grp_distributeQueryTile_Pipeline_VITIS_LOOP_501_3_VITIS_LOOP_506_4_VITIS_LOOP_507_5_fu_220/ap_enable_reg_pp0_iter38_reg/R	-1.571
ap_rst_n	k_gmem_m_axi_U/load_unit_0/fifo_rreq/mOutPtr_reg[3]/R	-1.571
ap_rst_n	k_gmem_m_axi_U/load_unit_0/fifo_rreq/mOutPtr_reg[6]/R	-1.571
ap_rst_n	k_gmem_m_axi_U/load_unit_0/fifo_rreq/mOutPtr_reg[7]/R	-1.571
ap_rst_n	o_gmem_m_axi_U/bus_write/wreq_burst_conv/start_addr_reg[6]/R	-1.571
m_axi_o_gmem_BVALID	o_gmem_m_axi_U/bus_write/rs_resp/FSM_sequential_state_reg[1]/D	-1.571
ap_rst_n	o_gmem_m_axi_U/bus_write/wreq_burst_conv/could_multi_bursts.addr_step_reg[3]/R	-1.571
ap_rst_n	o_gmem_m_axi_U/bus_write/wreq_burst_conv/could_multi_bursts.addr_step_reg[4]/R	-1.571
ap_rst_n	o_gmem_m_axi_U/bus_write/wreq_burst_conv/could_multi_bursts.addr_step_reg[5]/R	-1.571
ap_rst_n	o_gmem_m_axi_U/bus_write/wreq_burst_conv/could_multi_bursts.addr_step_reg[6]/R	-1.571
ap_rst_n	o_gmem_m_axi_U/bus_write/wreq_burst_conv/could_multi_bursts.addr_step_reg[8]/R	-1.571
ap_rst_n	o_gmem_m_axi_U/bus_write/wreq_burst_conv/could_multi_bursts.addr_step_reg[9]/R	-1.571
ap_rst_n	o_gmem_m_axi_U/bus_write/wreq_burst_conv/could_multi_bursts.len_buf_reg[1]/R	-1.571
ap_rst_n	o_gmem_m_axi_U/bus_write/wreq_burst_conv/sect_total_reg[11]/R	-1.571
ap_rst_n	o_gmem_m_axi_U/bus_write/wreq_burst_conv/sect_total_reg[12]/R	-1.571
ap_rst_n	o_gmem_m_axi_U/bus_write/wreq_burst_conv/sect_total_reg[13]/R	-1.571
ap_rst_n	o_gmem_m_axi_U/bus_write/wreq_burst_conv/sect_total_reg[14]/R	-1.571
ap_rst_n	o_gmem_m_axi_U/store_unit_0/fifo_wreq/U_fifo_srl/dout_reg[36]/R	-1.571
ap_rst_n	o_gmem_m_axi_U/store_unit_0/fifo_wreq/U_fifo_srl/dout_reg[58]/R	-1.571
ap_rst_n	control_s_axi_U/int_o_address_reg[10]/R	-1.571
ap_rst_n	control_s_axi_U/int_o_address_reg[42]/R	-1.571
ap_rst_n	control_s_axi_U/int_o_address_reg[5]/R	-1.571
ap_rst_n	control_s_axi_U/int_v_address_reg[37]/R	-1.571
ap_rst_n	k_gmem_m_axi_U/bus_read/rreq_burst_conv/sect_total_reg[0]/R	-1.571
ap_rst_n	k_gmem_m_axi_U/bus_read/rreq_burst_conv/sect_total_reg[10]/R	-1.571
ap_rst_n	k_gmem_m_axi_U/bus_read/rreq_burst_conv/sect_total_reg[15]/R	-1.571
ap_rst_n	k_gmem_m_axi_U/bus_read/rreq_burst_conv/sect_total_reg[16]/R	-1.571
ap_rst_n	k_gmem_m_axi_U/bus_read/rreq_burst_conv/sect_total_reg[17]/R	-1.571
ap_rst_n	k_gmem_m_axi_U/bus_read/rreq_burst_conv/sect_total_reg[18]/R	-1.571
ap_rst_n	k_gmem_m_axi_U/bus_read/rreq_burst_conv/sect_total_reg[1]/R	-1.571
ap_rst_n	k_gmem_m_axi_U/bus_read/rreq_burst_conv/sect_total_reg[2]/R	-1.571
ap_rst_n	k_gmem_m_axi_U/bus_read/rreq_burst_conv/sect_total_reg[7]/R	-1.571
ap_rst_n	k_gmem_m_axi_U/bus_read/rreq_burst_conv/sect_total_reg[8]/R	-1.571
ap_rst_n	k_gmem_m_axi_U/bus_read/rreq_burst_conv/sect_total_reg[9]/R	-1.571
ap_rst_n	o_gmem_m_axi_U/store_unit_0/fifo_wreq/U_fifo_srl/dout_reg[22]/R	-1.571
ap_rst_n	o_gmem_m_axi_U/store_unit_0/fifo_wreq/U_fifo_srl/dout_reg[26]/R	-1.571
ap_rst_n	o_gmem_m_axi_U/store_unit_0/fifo_wreq/U_fifo_srl/dout_reg[35]/R	-1.571
ap_rst_n	o_gmem_m_axi_U/store_unit_0/tmp_addr_reg[16]/R	-1.571
ap_rst_n	o_gmem_m_axi_U/store_unit_0/tmp_addr_reg[19]/R	-1.571
ap_rst_n	o_gmem_m_axi_U/store_unit_0/tmp_addr_reg[24]/R	-1.571
ap_rst_n	v_gmem_m_axi_U/load_unit_0/fifo_rreq/U_fifo_srl/dout_reg[20]/R	-1.571
ap_rst_n	v_gmem_m_axi_U/load_unit_0/fifo_rreq/U_fifo_srl/dout_reg[29]/R	-1.571
ap_rst_n	o_gmem_m_axi_U/bus_write/fifo_resp/mOutPtr_reg[0]/R	-1.570
ap_rst_n	o_gmem_m_axi_U/bus_write/fifo_resp/mOutPtr_reg[1]/R	-1.570
ap_rst_n	o_gmem_m_axi_U/bus_write/fifo_resp/mOutPtr_reg[2]/R	-1.570
ap_rst_n	o_gmem_m_axi_U/bus_write/fifo_resp/mOutPtr_reg[3]/R	-1.570
ap_rst_n	o_gmem_m_axi_U/bus_write/rs_resp/FSM_sequential_state_reg[0]/R	-1.570
ap_rst_n	o_gmem_m_axi_U/bus_write/rs_resp/FSM_sequential_state_reg[1]/R	-1.570
ap_rst_n	o_gmem_m_axi_U/bus_write/rs_resp/s_ready_t_reg/R	-1.570
ap_rst_n	o_gmem_m_axi_U/bus_write/rs_resp/state_reg[0]/R	-1.570
ap_rst_n	o_gmem_m_axi_U/bus_write/rs_resp/state_reg[1]/S	-1.570
ap_rst_n	o_gmem_m_axi_U/bus_write/wreq_burst_conv/could_multi_bursts.addr_step_reg[7]/R	-1.570
ap_rst_n	o_gmem_m_axi_U/bus_write/wreq_burst_conv/could_multi_bursts.first_loop_reg/R	-1.570
ap_rst_n	o_gmem_m_axi_U/bus_write/wreq_burst_conv/could_multi_bursts.last_loop_reg/R	-1.570
ap_rst_n	o_gmem_m_axi_U/bus_write/wreq_burst_conv/could_multi_bursts.loop_cnt_reg[0]/R	-1.570
ap_rst_n	o_gmem_m_axi_U/bus_write/wreq_burst_conv/could_multi_bursts.loop_cnt_reg[1]/R	-1.570
ap_rst_n	control_s_axi_U/int_k_address_reg[35]/R	-1.570
ap_rst_n	control_s_axi_U/int_k_address_reg[39]/R	-1.570
ap_rst_n	control_s_axi_U/int_o_address_reg[13]/R	-1.570
ap_rst_n	control_s_axi_U/int_o_address_reg[7]/R	-1.570
ap_rst_n	control_s_axi_U/int_v_address_reg[39]/R	-1.570
ap_rst_n	control_s_axi_U/int_v_address_reg[3]/R	-1.570
ap_rst_n	control_s_axi_U/int_v_address_reg[45]/R	-1.570
ap_rst_n	control_s_axi_U/int_v_address_reg[7]/R	-1.570
ap_rst_n	k_gmem_m_axi_U/bus_read/rreq_burst_conv/end_from_4k_reg[0]/R	-1.570
ap_rst_n	k_gmem_m_axi_U/bus_read/rreq_burst_conv/end_from_4k_reg[1]/R	-1.570
ap_rst_n	k_gmem_m_axi_U/bus_read/rreq_burst_conv/end_from_4k_reg[2]/R	-1.570
ap_rst_n	k_gmem_m_axi_U/bus_read/rreq_burst_conv/end_from_4k_reg[3]/R	-1.570
ap_rst_n	k_gmem_m_axi_U/bus_read/rreq_burst_conv/end_from_4k_reg[8]/R	-1.570
ap_rst_n	o_gmem_m_axi_U/bus_write/wreq_burst_conv/sect_total_reg[3]/R	-1.570
ap_rst_n	o_gmem_m_axi_U/bus_write/wreq_burst_conv/sect_total_reg[4]/R	-1.570
ap_rst_n	o_gmem_m_axi_U/bus_write/wreq_burst_conv/sect_total_reg[5]/R	-1.570
ap_rst_n	o_gmem_m_axi_U/bus_write/wreq_burst_conv/sect_total_reg[6]/R	-1.570
ap_rst_n	o_gmem_m_axi_U/store_unit_0/tmp_addr_reg[13]/R	-1.570
ap_rst_n	o_gmem_m_axi_U/store_unit_0/tmp_addr_reg[17]/R	-1.570
ap_rst_n	o_gmem_m_axi_U/store_unit_0/tmp_addr_reg[21]/R	-1.570
ap_rst_n	o_gmem_m_axi_U/store_unit_0/tmp_addr_reg[23]/R	-1.570
ap_rst_n	o_gmem_m_axi_U/store_unit_0/tmp_addr_reg[25]/R	-1.570
ap_rst_n	o_gmem_m_axi_U/store_unit_0/tmp_addr_reg[26]/R	-1.570
ap_rst_n	o_gmem_m_axi_U/store_unit_0/tmp_addr_reg[29]/R	-1.570
ap_rst_n	o_gmem_m_axi_U/store_unit_0/tmp_addr_reg[31]/R	-1.570
ap_rst_n	v_gmem_m_axi_U/load_unit_0/fifo_rreq/U_fifo_srl/dout_reg[30]/R	-1.570
ap_rst_n	v_gmem_m_axi_U/load_unit_0/fifo_rreq/U_fifo_srl/dout_reg[40]/R	-1.570
ap_rst_n	o_gmem_m_axi_U/bus_write/wreq_burst_conv/could_multi_bursts.addr_buf_reg[3]/R	-1.570
ap_rst_n	o_gmem_m_axi_U/bus_write/wreq_burst_conv/could_multi_bursts.addr_buf_reg[4]/R	-1.570
ap_rst_n	o_gmem_m_axi_U/bus_write/wreq_burst_conv/could_multi_bursts.addr_buf_reg[5]/R	-1.570
ap_rst_n	o_gmem_m_axi_U/bus_write/wreq_burst_conv/could_multi_bursts.addr_buf_reg[6]/R	-1.570
ap_rst_n	grp_run_fu_161/grp_runController_fu_106/ap_CS_fsm_reg[0]/S	-1.569
ap_rst_n	grp_run_fu_161/grp_runController_fu_106/grp_runQueryTile_fu_142/distributeQueryTile_U0/grp_distributeQueryTile_Pipeline_VITIS_LOOP_501_3_VITIS_LOOP_506_4_VITIS_LOOP_507_5_fu_220/ap_enable_reg_pp0_iter36_reg/R	-1.569
ap_rst_n	grp_run_fu_161/grp_runController_fu_106/grp_runQueryTile_fu_142/distributeQueryTile_U0/grp_distributeQueryTile_Pipeline_VITIS_LOOP_501_3_VITIS_LOOP_506_4_VITIS_LOOP_507_5_fu_220/ap_enable_reg_pp0_iter4_reg/R	-1.569
ap_rst_n	grp_run_fu_161_ap_start_reg_reg/R	-1.569
ap_rst_n	control_s_axi_U/int_k_address_reg[7]/R	-1.569
ap_rst_n	control_s_axi_U/int_o_address_reg[19]/R	-1.569
ap_rst_n	control_s_axi_U/int_o_address_reg[36]/R	-1.569
ap_rst_n	control_s_axi_U/int_o_address_reg[38]/R	-1.569
ap_rst_n	control_s_axi_U/int_o_address_reg[39]/R	-1.569
ap_rst_n	control_s_axi_U/int_o_address_reg[41]/R	-1.569
ap_rst_n	control_s_axi_U/int_o_address_reg[4]/R	-1.569
ap_rst_n	control_s_axi_U/int_o_address_reg[6]/R	-1.569
ap_rst_n	control_s_axi_U/int_q_address_reg[39]/R	-1.569
ap_rst_n	control_s_axi_U/int_sequence_length_reg[7]/R	-1.569
ap_rst_n	control_s_axi_U/int_sequence_length_reg[9]/R	-1.569
ap_rst_n	control_s_axi_U/int_v_address_reg[51]/R	-1.569
ap_rst_n	o_gmem_m_axi_U/bus_write/fifo_resp/U_fifo_srl/dout_reg[0]/R	-1.569
ap_rst_n	o_gmem_m_axi_U/bus_write/fifo_resp/dout_vld_reg/R	-1.569
ap_rst_n	o_gmem_m_axi_U/bus_write/fifo_resp/raddr_reg[0]/R	-1.569
ap_rst_n	o_gmem_m_axi_U/bus_write/fifo_resp/raddr_reg[1]/R	-1.569
ap_rst_n	o_gmem_m_axi_U/bus_write/fifo_resp/raddr_reg[2]/R	-1.569
ap_rst_n	o_gmem_m_axi_U/bus_write/wreq_burst_conv/beat_len_reg[8]/R	-1.569
ap_rst_n	o_gmem_m_axi_U/bus_write/wreq_burst_conv/could_multi_bursts.loop_cnt_reg[2]/R	-1.569
ap_rst_n	o_gmem_m_axi_U/bus_write/wreq_burst_conv/start_to_4k_reg[7]/R	-1.569
ap_rst_n	o_gmem_m_axi_U/store_unit_0/tmp_addr_reg[54]/R	-1.569
ap_rst_n	o_gmem_m_axi_U/store_unit_0/tmp_addr_reg[47]/R	-1.569
ap_rst_n	grp_run_fu_161/grp_runController_fu_106/grp_runQueryTile_fu_142/distributeQueryTile_U0/grp_distributeQueryTile_Pipeline_VITIS_LOOP_501_3_VITIS_LOOP_506_4_VITIS_LOOP_507_5_fu_220/ap_enable_reg_pp0_iter41_reg/R	-1.568
ap_rst_n	k_gmem_m_axi_U/bus_read/rreq_burst_conv/rs_req/FSM_sequential_state_reg[0]/R	-1.568
ap_rst_n	k_gmem_m_axi_U/bus_read/rreq_burst_conv/sect_len_buf_reg[3]/R	-1.568
ap_rst_n	k_gmem_m_axi_U/bus_read/rreq_burst_conv/sect_len_buf_reg[4]/R	-1.568
ap_rst_n	k_gmem_m_axi_U/bus_read/rreq_burst_conv/sect_total_buf_reg[0]/R	-1.568
ap_rst_n	k_gmem_m_axi_U/bus_read/rreq_burst_conv/sect_total_buf_reg[10]/R	-1.568
ap_rst_n	k_gmem_m_axi_U/bus_read/rreq_burst_conv/sect_total_buf_reg[11]/R	-1.568
ap_rst_n	k_gmem_m_axi_U/bus_read/rreq_burst_conv/sect_total_buf_reg[16]/R	-1.568
ap_rst_n	k_gmem_m_axi_U/bus_read/rreq_burst_conv/sect_total_buf_reg[17]/R	-1.568
ap_rst_n	k_gmem_m_axi_U/bus_read/rreq_burst_conv/sect_total_buf_reg[18]/R	-1.568
ap_rst_n	k_gmem_m_axi_U/bus_read/rreq_burst_conv/sect_total_buf_reg[19]/R	-1.568
ap_rst_n	k_gmem_m_axi_U/bus_read/rreq_burst_conv/sect_total_buf_reg[1]/R	-1.568
ap_rst_n	k_gmem_m_axi_U/bus_read/rreq_burst_conv/sect_total_buf_reg[2]/R	-1.568
ap_rst_n	k_gmem_m_axi_U/bus_read/rreq_burst_conv/sect_total_buf_reg[3]/R	-1.568
ap_rst_n	k_gmem_m_axi_U/bus_read/rreq_burst_conv/sect_total_buf_reg[8]/R	-1.568
ap_rst_n	k_gmem_m_axi_U/bus_read/rreq_burst_conv/sect_total_buf_reg[9]/R	-1.568
ap_rst_n	k_gmem_m_axi_U/bus_read/rreq_burst_conv/start_to_4k_reg[6]/R	-1.568
ap_rst_n	k_gmem_m_axi_U/load_unit_0/tmp_addr_reg[5]/R	-1.568
ap_rst_n	o_gmem_m_axi_U/store_unit_0/fifo_wreq/U_fifo_srl/dout_reg[59]/R	-1.568
ap_rst_n	control_s_axi_U/int_k_address_reg[45]/R	-1.568
ap_rst_n	control_s_axi_U/int_k_address_reg[47]/R	-1.568
ap_rst_n	control_s_axi_U/int_k_address_reg[51]/R	-1.568
ap_rst_n	control_s_axi_U/int_k_address_reg[55]/R	-1.568
ap_rst_n	control_s_axi_U/int_v_address_reg[13]/R	-1.568
ap_rst_n	control_s_axi_U/int_v_address_reg[15]/R	-1.568
ap_rst_n	control_s_axi_U/int_v_address_reg[19]/R	-1.568
ap_rst_n	control_s_axi_U/int_v_address_reg[23]/R	-1.568
ap_rst_n	o_gmem_m_axi_U/store_unit_0/fifo_wrsp/U_fifo_srl/dout_reg[0]/R	-1.568
ap_rst_n	o_gmem_m_axi_U/store_unit_0/tmp_len_reg[30]/R	-1.568
ap_rst_n	o_gmem_m_axi_U/store_unit_0/tmp_len_reg[31]/R	-1.568
ap_rst_n	control_s_axi_U/int_k_address_reg[17]/R	-1.568
ap_rst_n	control_s_axi_U/int_k_address_reg[19]/R	-1.568
ap_rst_n	control_s_axi_U/int_o_address_reg[12]/R	-1.568
ap_rst_n	control_s_axi_U/int_o_address_reg[44]/R	-1.568
ap_rst_n	control_s_axi_U/int_q_address_reg[49]/R	-1.568
ap_rst_n	control_s_axi_U/int_q_address_reg[51]/R	-1.568
ap_rst_n	control_s_axi_U/int_v_address_reg[0]/R	-1.568
ap_rst_n	control_s_axi_U/int_v_address_reg[2]/R	-1.568
ap_rst_n	control_s_axi_U/int_v_address_reg[32]/R	-1.568
ap_rst_n	control_s_axi_U/int_v_address_reg[34]/R	-1.568
ap_rst_n	o_gmem_m_axi_U/store_unit_0/fifo_wreq/U_fifo_srl/dout_reg[43]/R	-1.568
ap_rst_n	o_gmem_m_axi_U/store_unit_0/tmp_addr_reg[12]/R	-1.568
ap_rst_n	o_gmem_m_axi_U/store_unit_0/tmp_addr_reg[14]/R	-1.568
ap_rst_n	o_gmem_m_axi_U/store_unit_0/tmp_addr_reg[15]/R	-1.568
ap_rst_n	o_gmem_m_axi_U/store_unit_0/tmp_addr_reg[22]/R	-1.568
ap_rst_n	o_gmem_m_axi_U/store_unit_0/tmp_addr_reg[38]/R	-1.568
ap_rst_n	o_gmem_m_axi_U/store_unit_0/tmp_addr_reg[41]/R	-1.568
ap_rst_n	o_gmem_m_axi_U/store_unit_0/tmp_addr_reg[46]/R	-1.568
ap_rst_n	ap_CS_fsm_reg[0]/S	-1.567
ap_rst_n	ap_CS_fsm_reg[1]/R	-1.567
ap_rst_n	control_s_axi_U/int_ap_idle_reg/R	-1.567
ap_rst_n	control_s_axi_U/int_gie_reg/R	-1.567
ap_rst_n	control_s_axi_U/int_ier_reg[1]/R	-1.567
ap_rst_n	grp_run_fu_161/grp_runController_fu_106/grp_runQueryTile_fu_142/distributeQueryTile_U0/grp_distributeQueryTile_Pipeline_VITIS_LOOP_501_3_VITIS_LOOP_506_4_VITIS_LOOP_507_5_fu_220/ap_enable_reg_pp0_iter32_reg/R	-1.567
ap_rst_n	grp_run_fu_161/grp_runController_fu_106/grp_runQueryTile_fu_142/distributeQueryTile_U0/grp_distributeQueryTile_Pipeline_VITIS_LOOP_501_3_VITIS_LOOP_506_4_VITIS_LOOP_507_5_fu_220/ap_enable_reg_pp0_iter33_reg/R	-1.567
ap_rst_n	grp_run_fu_161/grp_runController_fu_106/grp_runQueryTile_fu_142/distributeQueryTile_U0/grp_distributeQueryTile_Pipeline_VITIS_LOOP_501_3_VITIS_LOOP_506_4_VITIS_LOOP_507_5_fu_220/ap_enable_reg_pp0_iter34_reg/R	-1.567
ap_rst_n	grp_run_fu_161/grp_runController_fu_106/grp_runQueryTile_fu_142/distributeQueryTile_U0/grp_distributeQueryTile_Pipeline_VITIS_LOOP_501_3_VITIS_LOOP_506_4_VITIS_LOOP_507_5_fu_220/ap_enable_reg_pp0_iter35_reg/R	-1.567
ap_rst_n	k_gmem_m_axi_U/bus_read/rreq_burst_conv/last_sect_buf_reg/R	-1.567
ap_rst_n	k_gmem_m_axi_U/bus_read/rreq_burst_conv/sect_len_buf_reg[0]/R	-1.567
ap_rst_n	k_gmem_m_axi_U/bus_read/rreq_burst_conv/sect_len_buf_reg[1]/R	-1.567
ap_rst_n	k_gmem_m_axi_U/bus_read/rreq_burst_conv/sect_len_buf_reg[2]/R	-1.567
ap_rst_n	k_gmem_m_axi_U/bus_read/rreq_burst_conv/sect_len_buf_reg[5]/R	-1.567
ap_rst_n	k_gmem_m_axi_U/bus_read/rreq_burst_conv/start_addr_reg[11]/R	-1.567
ap_rst_n	k_gmem_m_axi_U/bus_read/rreq_burst_conv/start_addr_reg[6]/R	-1.567
ap_rst_n	k_gmem_m_axi_U/load_unit_0/fifo_rreq/U_fifo_srl/dout_reg[1]/R	-1.567
ap_rst_n	k_gmem_m_axi_U/load_unit_0/fifo_rreq/U_fifo_srl/dout_reg[2]/R	-1.567
ap_rst_n	k_gmem_m_axi_U/load_unit_0/fifo_rreq/U_fifo_srl/dout_reg[7]/R	-1.567
ap_rst_n	k_gmem_m_axi_U/load_unit_0/fifo_rreq/mOutPtr_reg[0]/R	-1.567
ap_rst_n	k_gmem_m_axi_U/load_unit_0/fifo_rreq/mOutPtr_reg[1]/R	-1.567
ap_rst_n	k_gmem_m_axi_U/load_unit_0/fifo_rreq/mOutPtr_reg[2]/R	-1.567
ap_rst_n	k_gmem_m_axi_U/load_unit_0/fifo_rreq/mOutPtr_reg[4]/R	-1.567
ap_rst_n	k_gmem_m_axi_U/load_unit_0/fifo_rreq/mOutPtr_reg[5]/R	-1.567
ap_rst_n	k_gmem_m_axi_U/load_unit_0/fifo_rreq/raddr_reg[0]/R	-1.567
ap_rst_n	k_gmem_m_axi_U/load_unit_0/fifo_rreq/raddr_reg[1]/R	-1.567
ap_rst_n	k_gmem_m_axi_U/load_unit_0/fifo_rreq/raddr_reg[2]/R	-1.567
ap_rst_n	k_gmem_m_axi_U/load_unit_0/fifo_rreq/raddr_reg[3]/R	-1.567
ap_rst_n	k_gmem_m_axi_U/load_unit_0/fifo_rreq/raddr_reg[4]/R	-1.567
ap_rst_n	k_gmem_m_axi_U/load_unit_0/tmp_addr_reg[4]/R	-1.567
ap_rst_n	k_gmem_m_axi_U/load_unit_0/tmp_addr_reg[6]/R	-1.567
ap_rst_n	k_gmem_m_axi_U/load_unit_0/tmp_addr_reg[9]/R	-1.567
ap_rst_n	o_gmem_m_axi_U/store_unit_0/fifo_wreq/U_fifo_srl/dout_reg[49]/R	-1.567
ap_rst_n	o_gmem_m_axi_U/bus_write/wreq_burst_conv/beat_len_reg[0]/R	-1.567
ap_rst_n	o_gmem_m_axi_U/bus_write/wreq_burst_conv/beat_len_reg[3]/R	-1.567
ap_rst_n	o_gmem_m_axi_U/bus_write/wreq_burst_conv/beat_len_reg[4]/R	-1.567
ap_rst_n	o_gmem_m_axi_U/bus_write/wreq_burst_conv/beat_len_reg[6]/R	-1.567
ap_rst_n	o_gmem_m_axi_U/bus_write/wreq_burst_conv/sect_len_buf_reg[0]/R	-1.567
ap_rst_n	o_gmem_m_axi_U/bus_write/wreq_burst_conv/sect_len_buf_reg[3]/R	-1.567
ap_rst_n	o_gmem_m_axi_U/bus_write/wreq_burst_conv/sect_len_buf_reg[4]/R	-1.567
ap_rst_n	o_gmem_m_axi_U/bus_write/wreq_burst_conv/sect_total_reg[15]/R	-1.567
ap_rst_n	o_gmem_m_axi_U/bus_write/wreq_burst_conv/sect_total_reg[16]/R	-1.567
ap_rst_n	o_gmem_m_axi_U/bus_write/wreq_burst_conv/sect_total_reg[17]/R	-1.567
ap_rst_n	o_gmem_m_axi_U/bus_write/wreq_burst_conv/sect_total_reg[18]/R	-1.567
ap_rst_n	o_gmem_m_axi_U/store_unit_0/tmp_len_reg[22]/R	-1.567
ap_rst_n	o_gmem_m_axi_U/store_unit_0/tmp_len_reg[23]/R	-1.567
ap_rst_n	o_gmem_m_axi_U/store_unit_0/tmp_len_reg[24]/R	-1.567
ap_rst_n	o_gmem_m_axi_U/store_unit_0/tmp_len_reg[25]/R	-1.567
ap_rst_n	grp_run_fu_161/grp_runController_fu_106/grp_runQueryTile_fu_142/header_query_base_c_U/mOutPtr_reg[0]/R	-1.567
ap_rst_n	grp_run_fu_161/grp_runController_fu_106/grp_runQueryTile_fu_142/header_query_base_c_U/mOutPtr_reg[1]/R	-1.567
ap_rst_n	grp_run_fu_161/grp_runController_fu_106/grp_runQueryTile_fu_142/header_query_base_c_U/mOutPtr_reg[2]/R	-1.567
ap_rst_n	o_gmem_m_axi_U/store_unit_0/fifo_wreq/U_fifo_srl/dout_reg[30]/R	-1.567
ap_rst_n	o_gmem_m_axi_U/store_unit_0/fifo_wreq/U_fifo_srl/dout_reg[32]/R	-1.567
ap_rst_n	o_gmem_m_axi_U/store_unit_0/fifo_wreq/U_fifo_srl/dout_reg[38]/R	-1.567
ap_rst_n	o_gmem_m_axi_U/store_unit_0/tmp_addr_reg[27]/R	-1.567
ap_rst_n	o_gmem_m_axi_U/store_unit_0/tmp_addr_reg[33]/R	-1.567
ap_rst_n	o_gmem_m_axi_U/store_unit_0/tmp_addr_reg[35]/R	-1.567
ap_rst_n	control_s_axi_U/int_auto_restart_reg/R	-1.566
ap_rst_n	control_s_axi_U/int_ier_reg[0]/R	-1.566
ap_rst_n	control_s_axi_U/int_interrupt_reg/R	-1.566
ap_rst_n	control_s_axi_U/int_isr_reg[0]/R	-1.566
ap_rst_n	grp_run_fu_161/grp_runController_fu_106/grp_runQueryTile_fu_142/distributeQueryTile_U0/ap_CS_fsm_reg[0]/S	-1.566
ap_rst_n	grp_run_fu_161/grp_runController_fu_106/grp_runQueryTile_fu_142/distributeQueryTile_U0/grp_distributeQueryTile_Pipeline_VITIS_LOOP_501_3_VITIS_LOOP_506_4_VITIS_LOOP_507_5_fu_220/ap_enable_reg_pp0_iter3_reg/R	-1.566
ap_rst_n	k_gmem_m_axi_U/bus_read/rreq_burst_conv/could_multi_bursts.len_buf_reg[0]/R	-1.566
ap_rst_n	k_gmem_m_axi_U/bus_read/rreq_burst_conv/start_addr_reg[4]/R	-1.566
ap_rst_n	k_gmem_m_axi_U/bus_read/rreq_burst_conv/start_addr_reg[9]/R	-1.566
ap_rst_n	k_gmem_m_axi_U/load_unit_0/fifo_rreq/U_fifo_srl/dout_reg[4]/R	-1.566
ap_rst_n	k_gmem_m_axi_U/load_unit_0/fifo_rreq/U_fifo_srl/dout_reg[5]/R	-1.566
ap_rst_n	k_gmem_m_axi_U/load_unit_0/fifo_rreq/dout_vld_reg/R	-1.566
ap_rst_n	k_gmem_m_axi_U/load_unit_0/fifo_rreq/empty_n_reg/R	-1.566
ap_rst_n	k_gmem_m_axi_U/load_unit_0/tmp_addr_reg[10]/R	-1.566
ap_rst_n	k_gmem_m_axi_U/load_unit_0/tmp_addr_reg[11]/R	-1.566
ap_rst_n	k_gmem_m_axi_U/load_unit_0/tmp_addr_reg[7]/R	-1.566
ap_rst_n	k_gmem_m_axi_U/load_unit_0/tmp_addr_reg[8]/R	-1.566
ap_rst_n	o_gmem_m_axi_U/bus_write/wreq_burst_conv/start_addr_reg[3]/R	-1.566
ap_rst_n	o_gmem_m_axi_U/bus_write/wreq_burst_conv/start_addr_reg[4]/R	-1.566
ap_rst_n	o_gmem_m_axi_U/bus_write/wreq_burst_conv/start_addr_reg[5]/R	-1.566
ap_rst_n	o_gmem_m_axi_U/bus_write/fifo_resp/empty_n_reg/R	-1.566
ap_rst_n	o_gmem_m_axi_U/bus_write/wreq_burst_conv/sect_total_reg[10]/R	-1.566
ap_rst_n	o_gmem_m_axi_U/bus_write/wreq_burst_conv/sect_total_reg[7]/R	-1.566
ap_rst_n	o_gmem_m_axi_U/bus_write/wreq_burst_conv/sect_total_reg[8]/R	-1.566
ap_rst_n	o_gmem_m_axi_U/bus_write/wreq_burst_conv/sect_total_reg[9]/R	-1.566
ap_rst_n	o_gmem_m_axi_U/bus_write/wreq_burst_conv/start_addr_reg[11]/R	-1.566
ap_rst_n	o_gmem_m_axi_U/store_unit_0/tmp_len_reg[14]/R	-1.566
ap_rst_n	o_gmem_m_axi_U/store_unit_0/tmp_len_reg[15]/R	-1.566
ap_rst_n	o_gmem_m_axi_U/store_unit_0/tmp_len_reg[16]/R	-1.566
ap_rst_n	o_gmem_m_axi_U/store_unit_0/tmp_len_reg[17]/R	-1.566
ap_rst_n	control_s_axi_U/int_o_address_reg[15]/R	-1.566
ap_rst_n	control_s_axi_U/int_o_address_reg[35]/R	-1.566
ap_rst_n	control_s_axi_U/int_o_address_reg[43]/R	-1.566
ap_rst_n	control_s_axi_U/int_sequence_length_reg[11]/R	-1.566
ap_rst_n	control_s_axi_U/int_sequence_length_reg[3]/R	-1.566
ap_rst_n	control_s_axi_U/int_v_address_reg[36]/R	-1.566
ap_rst_n	control_s_axi_U/int_v_address_reg[47]/R	-1.566
ap_rst_n	control_s_axi_U/int_v_address_reg[4]/R	-1.566
ap_rst_n	v_gmem_m_axi_U/load_unit_0/fifo_rreq/U_fifo_srl/dout_reg[43]/R	-1.566
ap_rst_n	k_gmem_m_axi_U/bus_read/rreq_burst_conv/start_addr_reg[10]/R	-1.565
ap_rst_n	k_gmem_m_axi_U/bus_read/rreq_burst_conv/start_addr_reg[7]/R	-1.565
ap_rst_n	k_gmem_m_axi_U/bus_read/rreq_burst_conv/start_addr_reg[8]/R	-1.565
ap_rst_n	k_gmem_m_axi_U/load_unit_0/fifo_rreq/U_fifo_srl/dout_reg[15]/R	-1.565
ap_rst_n	k_gmem_m_axi_U/load_unit_0/fifo_rreq/U_fifo_srl/dout_reg[6]/R	-1.565
ap_rst_n	k_gmem_m_axi_U/load_unit_0/fifo_rreq/U_fifo_srl/dout_reg[8]/R	-1.565
ap_rst_n	o_gmem_m_axi_U/bus_write/fifo_burst/U_fifo_srl/dout_reg[0]/R	-1.565
ap_rst_n	o_gmem_m_axi_U/bus_write/fifo_burst/U_fifo_srl/dout_reg[1]/R	-1.565
ap_rst_n	o_gmem_m_axi_U/bus_write/fifo_burst/U_fifo_srl/dout_reg[2]/R	-1.565
ap_rst_n	o_gmem_m_axi_U/bus_write/fifo_burst/U_fifo_srl/dout_reg[3]/R	-1.565
ap_rst_n	o_gmem_m_axi_U/bus_write/wreq_burst_conv/sect_total_reg[0]/R	-1.565
ap_rst_n	o_gmem_m_axi_U/bus_write/wreq_burst_conv/sect_total_reg[1]/R	-1.565
ap_rst_n	o_gmem_m_axi_U/bus_write/wreq_burst_conv/sect_total_reg[2]/R	-1.565
ap_rst_n	control_s_axi_U/int_causal_reg[0]/R	-1.565
ap_rst_n	control_s_axi_U/int_k_address_reg[49]/R	-1.565
ap_rst_n	control_s_axi_U/int_k_address_reg[53]/R	-1.565
ap_rst_n	control_s_axi_U/int_k_address_reg[59]/R	-1.565
ap_rst_n	control_s_axi_U/int_k_address_reg[61]/R	-1.565
ap_rst_n	control_s_axi_U/int_q_address_reg[2]/R	-1.565
ap_rst_n	control_s_axi_U/int_q_address_reg[34]/R	-1.565
ap_rst_n	control_s_axi_U/int_v_address_reg[17]/R	-1.565
ap_rst_n	control_s_axi_U/int_v_address_reg[21]/R	-1.565
ap_rst_n	control_s_axi_U/int_v_address_reg[27]/R	-1.565
ap_rst_n	control_s_axi_U/int_v_address_reg[29]/R	-1.565
ap_rst_n	grp_run_fu_161/grp_runController_fu_106/grp_runQueryTile_fu_142/runQueryBlock_0_U0/grp_runQueryBlock_0_Outline_VITIS_LOOP_117_5_fu_168/grp_runQueryBlock_0_Pipeline_VITIS_LOOP_300_25_fu_772/ap_enable_reg_pp0_iter5_reg/D	-1.565
ap_rst_n	o_gmem_m_axi_U/bus_write/wreq_burst_conv/end_from_4k_reg[4]/R	-1.565
ap_rst_n	o_gmem_m_axi_U/bus_write/wreq_burst_conv/end_from_4k_reg[5]/R	-1.565
ap_rst_n	o_gmem_m_axi_U/bus_write/wreq_burst_conv/end_from_4k_reg[6]/R	-1.565
ap_rst_n	o_gmem_m_axi_U/bus_write/wreq_burst_conv/end_from_4k_reg[7]/R	-1.565
ap_rst_n	o_gmem_m_axi_U/store_unit_0/fifo_wreq/U_fifo_srl/dout_reg[10]/R	-1.565
ap_rst_n	k_gmem_m_axi_U/load_unit_0/tmp_addr_reg[18]/R	-1.564
ap_rst_n	k_gmem_m_axi_U/load_unit_0/tmp_addr_reg[24]/R	-1.564
ap_rst_n	control_s_axi_U/int_q_address_reg[1]/R	-1.564
ap_rst_n	control_s_axi_U/int_q_address_reg[3]/R	-1.564
ap_rst_n	control_s_axi_U/int_q_address_reg[7]/R	-1.564
ap_rst_n	control_s_axi_U/int_sequence_length_reg[0]/R	-1.564
ap_rst_n	control_s_axi_U/int_sequence_length_reg[2]/R	-1.564
ap_rst_n	control_s_axi_U/int_sequence_length_reg[6]/R	-1.564
m_axi_k_gmem_ARREADY	k_gmem_m_axi_U/bus_read/rreq_burst_conv/could_multi_bursts.sect_handling_reg/D	-1.564
ap_rst_n	control_s_axi_U/int_k_address_reg[29]/R	-1.564
ap_rst_n	control_s_axi_U/int_o_address_reg[17]/R	-1.564
ap_rst_n	control_s_axi_U/int_o_address_reg[47]/R	-1.564
ap_rst_n	control_s_axi_U/int_o_address_reg[51]/R	-1.564
ap_rst_n	control_s_axi_U/int_o_address_reg[53]/R	-1.564
ap_rst_n	control_s_axi_U/int_o_address_reg[59]/R	-1.564
ap_rst_n	control_s_axi_U/int_q_address_reg[61]/R	-1.564
ap_rst_n	control_s_axi_U/int_sequence_length_reg[15]/R	-1.564
ap_rst_n	control_s_axi_U/int_sequence_length_reg[19]/R	-1.564
ap_rst_n	control_s_axi_U/int_sequence_length_reg[21]/R	-1.564
ap_rst_n	control_s_axi_U/int_sequence_length_reg[27]/R	-1.564
ap_rst_n	control_s_axi_U/int_v_address_reg[49]/R	-1.564
ap_rst_n	grp_run_fu_161/ap_CS_fsm_reg[0]/S	-1.564
ap_rst_n	grp_run_fu_161/ap_CS_fsm_reg[1]/R	-1.564
ap_rst_n	grp_run_fu_161/grp_runController_fu_106_ap_start_reg_reg/R	-1.564
ap_rst_n	k_gmem_m_axi_U/load_unit_0/fifo_rreq/U_fifo_srl/dout_reg[21]/R	-1.564
ap_rst_n	k_gmem_m_axi_U/load_unit_0/fifo_rreq/U_fifo_srl/dout_reg[25]/R	-1.564
ap_rst_n	k_gmem_m_axi_U/load_unit_0/tmp_addr_reg[26]/R	-1.564
ap_rst_n	o_gmem_m_axi_U/bus_write/fifo_burst/U_fifo_srl/dout_reg[4]/R	-1.564
ap_rst_n	o_gmem_m_axi_U/bus_write/fifo_burst/U_fifo_srl/dout_reg[5]/R	-1.564
ap_rst_n	o_gmem_m_axi_U/bus_write/wreq_burst_conv/beat_len_reg[2]/R	-1.564
ap_rst_n	o_gmem_m_axi_U/bus_write/wreq_burst_conv/beat_len_reg[5]/R	-1.564
ap_rst_n	o_gmem_m_axi_U/bus_write/wreq_burst_conv/last_sect_buf_reg/R	-1.564
ap_rst_n	o_gmem_m_axi_U/bus_write/wreq_burst_conv/sect_len_buf_reg[5]/R	-1.564
m_axi_o_gmem_AWREADY	o_gmem_m_axi_U/bus_write/wreq_throttle/rs_req/FSM_sequential_state_reg[0]/D	-1.564
ap_rst_n	o_gmem_m_axi_U/store_unit_0/tmp_len_reg[6]/R	-1.564
ap_rst_n	o_gmem_m_axi_U/store_unit_0/tmp_len_reg[7]/R	-1.564
ap_rst_n	o_gmem_m_axi_U/store_unit_0/tmp_len_reg[8]/R	-1.564
ap_rst_n	o_gmem_m_axi_U/store_unit_0/tmp_len_reg[9]/R	-1.564
ap_rst_n	o_gmem_m_axi_U/store_unit_0/fifo_wreq/U_fifo_srl/dout_reg[39]/R	-1.564
ap_rst_n	o_gmem_m_axi_U/store_unit_0/fifo_wreq/U_fifo_srl/dout_reg[44]/R	-1.564
ap_rst_n	o_gmem_m_axi_U/store_unit_0/tmp_addr_reg[18]/R	-1.564
ap_rst_n	control_s_axi_U/int_q_address_reg[0]/R	-1.563
ap_rst_n	control_s_axi_U/int_q_address_reg[32]/R	-1.563
s_axi_control_ARADDR[0]	control_s_axi_U/int_status_ap_vld_reg/D	-1.563
ap_rst_n	grp_run_fu_161/grp_runController_fu_106/grp_runQueryTile_fu_142/distributeQueryTile_U0/ap_CS_fsm_reg[75]/R	-1.563
ap_rst_n	grp_run_fu_161/grp_runController_fu_106/grp_runQueryTile_fu_142/distributeQueryTile_U0/grp_distributeQueryTile_Pipeline_VITIS_LOOP_501_3_VITIS_LOOP_506_4_VITIS_LOOP_507_5_fu_220/ap_enable_reg_pp0_iter31_reg/R	-1.563
ap_rst_n	grp_run_fu_161/grp_runController_fu_106/grp_runQueryTile_fu_142/distributeQueryTile_U0/grp_distributeQueryTile_Pipeline_VITIS_LOOP_501_3_VITIS_LOOP_506_4_VITIS_LOOP_507_5_fu_220/ap_enable_reg_pp0_iter5_reg/R	-1.563
ap_rst_n	grp_run_fu_161/grp_runController_fu_106/grp_runQueryTile_fu_142/distributeQueryTile_U0/grp_distributeQueryTile_Pipeline_VITIS_LOOP_501_3_VITIS_LOOP_506_4_VITIS_LOOP_507_5_fu_220/ap_enable_reg_pp0_iter6_reg/R	-1.563
ap_rst_n	grp_run_fu_161/grp_runController_fu_106/grp_runQueryTile_fu_142/distributeQueryTile_U0/grp_distributeQueryTile_Pipeline_VITIS_LOOP_501_3_VITIS_LOOP_506_4_VITIS_LOOP_507_5_fu_220_ap_start_reg_reg/R	-1.563
ap_rst_n	k_gmem_m_axi_U/bus_read/rreq_burst_conv/could_multi_bursts.burst_valid_reg/R	-1.563
ap_rst_n	k_gmem_m_axi_U/bus_read/rreq_burst_conv/could_multi_bursts.len_buf_reg[3]/R	-1.563
ap_rst_n	k_gmem_m_axi_U/bus_read/rreq_burst_conv/could_multi_bursts.len_buf_reg[4]/R	-1.563
ap_rst_n	k_gmem_m_axi_U/bus_read/rreq_burst_conv/could_multi_bursts.sect_handling_reg/R	-1.563
ap_rst_n	k_gmem_m_axi_U/load_unit_0/fifo_rreq/U_fifo_srl/dout_reg[18]/R	-1.563
ap_rst_n	k_gmem_m_axi_U/load_unit_0/fifo_rreq/U_fifo_srl/dout_reg[23]/R	-1.563
ap_rst_n	k_gmem_m_axi_U/load_unit_0/tmp_addr_reg[21]/R	-1.563
ap_rst_n	o_gmem_m_axi_U/bus_write/wreq_burst_conv/start_to_4k_reg[8]/R	-1.563
ap_rst_n	o_gmem_m_axi_U/bus_write/wreq_burst_conv/rs_req/FSM_sequential_state_reg[0]/R	-1.563
ap_rst_n	o_gmem_m_axi_U/bus_write/wreq_throttle/req_fifo/U_fifo_srl/dout_reg[67]/R	-1.563
ap_rst_n	o_gmem_m_axi_U/bus_write/wreq_throttle/req_fifo/U_fifo_srl/dout_reg[68]/R	-1.563
ap_rst_n	o_gmem_m_axi_U/bus_write/wreq_throttle/req_fifo/U_fifo_srl/dout_reg[69]/R	-1.563
ap_rst_n	o_gmem_m_axi_U/bus_write/wreq_throttle/req_fifo/dout_vld_reg/R	-1.563
ap_rst_n	o_gmem_m_axi_U/store_unit_0/tmp_len_reg[26]/R	-1.563
ap_rst_n	o_gmem_m_axi_U/store_unit_0/tmp_len_reg[27]/R	-1.563
ap_rst_n	o_gmem_m_axi_U/store_unit_0/tmp_len_reg[28]/R	-1.563
ap_rst_n	o_gmem_m_axi_U/store_unit_0/tmp_len_reg[29]/R	-1.563
ap_rst_n	control_s_axi_U/int_k_address_reg[11]/R	-1.563
ap_rst_n	control_s_axi_U/int_k_address_reg[15]/R	-1.563
ap_rst_n	control_s_axi_U/int_o_address_reg[0]/R	-1.563
ap_rst_n	control_s_axi_U/int_o_address_reg[32]/R	-1.563
ap_rst_n	control_s_axi_U/int_q_address_reg[43]/R	-1.563
ap_rst_n	control_s_axi_U/int_q_address_reg[47]/R	-1.563
ap_rst_n	control_s_axi_U/int_v_address_reg[20]/R	-1.563
ap_rst_n	control_s_axi_U/int_v_address_reg[52]/R	-1.563
ap_rst_n	control_s_axi_U/auto_restart_status_reg/R	-1.562
ap_rst_n	control_s_axi_U/int_ap_start_reg/R	-1.562
ap_rst_n	control_s_axi_U/int_isr_reg[1]/R	-1.562
ap_rst_n	control_s_axi_U/int_k_address_reg[13]/R	-1.562
ap_rst_n	control_s_axi_U/int_k_address_reg[5]/R	-1.562
ap_rst_n	control_s_axi_U/int_q_address_reg[37]/R	-1.562
ap_rst_n	control_s_axi_U/int_q_address_reg[45]/R	-1.562
ap_rst_n	control_s_axi_U/int_status_ap_vld_reg/R	-1.562
ap_rst_n	control_s_axi_U/int_status_reg[0]/R	-1.562
ap_rst_n	control_s_axi_U/int_task_ap_done_reg/R	-1.562
ap_rst_n	k_gmem_m_axi_U/bus_read/rreq_burst_conv/could_multi_bursts.len_buf_reg[1]/R	-1.562
ap_rst_n	k_gmem_m_axi_U/bus_read/rreq_burst_conv/could_multi_bursts.len_buf_reg[2]/R	-1.562
ap_rst_n	k_gmem_m_axi_U/bus_read/rreq_burst_conv/could_multi_bursts.len_buf_reg[5]/R	-1.562
ap_rst_n	k_gmem_m_axi_U/load_unit_0/fifo_rreq/U_fifo_srl/dout_reg[24]/R	-1.562
ap_rst_n	k_gmem_m_axi_U/load_unit_0/fifo_rreq/U_fifo_srl/dout_reg[3]/R	-1.562
ap_rst_n	o_gmem_m_axi_U/store_unit_0/tmp_addr_reg[11]/R	-1.562
ap_rst_n	o_gmem_m_axi_U/store_unit_0/tmp_addr_reg[9]/R	-1.562
ap_rst_n	control_s_axi_U/int_o_address_reg[20]/R	-1.562
ap_rst_n	control_s_axi_U/int_o_address_reg[52]/R	-1.562
ap_rst_n	o_gmem_m_axi_U/bus_write/wreq_burst_conv/beat_len_reg[1]/R	-1.562
ap_rst_n	o_gmem_m_axi_U/bus_write/wreq_burst_conv/beat_len_reg[7]/R	-1.562
ap_rst_n	o_gmem_m_axi_U/bus_write/wreq_burst_conv/could_multi_bursts.len_buf_reg[3]/R	-1.562
ap_rst_n	o_gmem_m_axi_U/bus_write/wreq_burst_conv/could_multi_bursts.len_buf_reg[4]/R	-1.562
ap_rst_n	o_gmem_m_axi_U/bus_write/wreq_burst_conv/could_multi_bursts.len_buf_reg[5]/R	-1.562
ap_rst_n	o_gmem_m_axi_U/bus_write/wreq_burst_conv/start_to_4k_reg[0]/R	-1.562
ap_rst_n	o_gmem_m_axi_U/bus_write/wreq_burst_conv/start_to_4k_reg[1]/R	-1.562
ap_rst_n	o_gmem_m_axi_U/bus_write/wreq_burst_conv/start_to_4k_reg[2]/R	-1.562
ap_rst_n	o_gmem_m_axi_U/bus_write/wreq_burst_conv/start_to_4k_reg[3]/R	-1.562
ap_rst_n	o_gmem_m_axi_U/bus_write/wreq_burst_conv/start_to_4k_reg[4]/R	-1.562
ap_rst_n	o_gmem_m_axi_U/bus_write/wreq_burst_conv/start_to_4k_reg[5]/R	-1.562
ap_rst_n	o_gmem_m_axi_U/bus_write/wreq_burst_conv/start_to_4k_reg[6]/R	-1.562
ap_rst_n	o_gmem_m_axi_U/store_unit_0/fifo_wreq/U_fifo_srl/dout_reg[52]/R	-1.562
ap_rst_n	o_gmem_m_axi_U/store_unit_0/fifo_wreq/U_fifo_srl/dout_reg[53]/R	-1.562
ap_rst_n	o_gmem_m_axi_U/store_unit_0/fifo_wreq/U_fifo_srl/dout_reg[69]/R	-1.562
ap_rst_n	o_gmem_m_axi_U/store_unit_0/tmp_addr_reg[55]/R	-1.562
ap_rst_n	o_gmem_m_axi_U/store_unit_0/tmp_len_reg[18]/R	-1.562
ap_rst_n	o_gmem_m_axi_U/store_unit_0/tmp_len_reg[19]/R	-1.562
ap_rst_n	o_gmem_m_axi_U/store_unit_0/tmp_len_reg[20]/R	-1.562
ap_rst_n	o_gmem_m_axi_U/store_unit_0/tmp_len_reg[21]/R	-1.562
ap_rst_n	control_s_axi_U/int_k_address_reg[21]/R	-1.562
ap_rst_n	control_s_axi_U/int_k_address_reg[27]/R	-1.562
ap_rst_n	control_s_axi_U/int_o_address_reg[1]/R	-1.562
ap_rst_n	control_s_axi_U/int_o_address_reg[9]/R	-1.562
ap_rst_n	control_s_axi_U/int_q_address_reg[53]/R	-1.562
ap_rst_n	control_s_axi_U/int_q_address_reg[59]/R	-1.562
ap_rst_n	control_s_axi_U/int_v_address_reg[33]/R	-1.562
ap_rst_n	control_s_axi_U/int_v_address_reg[41]/R	-1.562
ap_rst_n	grp_run_fu_161/grp_runController_fu_106/grp_runQueryTile_fu_142/header_query_base_c_U/empty_n_reg/R	-1.562
ap_rst_n	grp_run_fu_161/grp_runController_fu_106/grp_runQueryTile_fu_142/header_query_base_c_U/full_n_reg/S	-1.562
ap_rst_n	o_gmem_m_axi_U/store_unit_0/fifo_wreq/U_fifo_srl/dout_reg[33]/R	-1.562
ap_rst_n	control_s_axi_U/int_ap_ready_reg/R	-1.561
ap_rst_n	control_s_axi_U/int_q_address_reg[10]/R	-1.561
ap_rst_n	control_s_axi_U/int_q_address_reg[18]/R	-1.561
ap_rst_n	control_s_axi_U/int_q_address_reg[36]/R	-1.561
ap_rst_n	control_s_axi_U/int_q_address_reg[38]/R	-1.561
ap_rst_n	control_s_axi_U/int_q_address_reg[42]/R	-1.561
ap_rst_n	control_s_axi_U/int_q_address_reg[4]/R	-1.561
ap_rst_n	control_s_axi_U/int_q_address_reg[50]/R	-1.561
ap_rst_n	control_s_axi_U/int_q_address_reg[6]/R	-1.561
ap_rst_n	k_gmem_m_axi_U/load_unit_0/fifo_rreq/U_fifo_srl/dout_reg[33]/R	-1.561
ap_rst_n	k_gmem_m_axi_U/load_unit_0/tmp_addr_reg[27]/R	-1.561
ap_rst_n	k_gmem_m_axi_U/load_unit_0/tmp_addr_reg[36]/R	-1.561
ap_rst_n	o_gmem_m_axi_U/bus_write/wreq_burst_conv/end_from_4k_reg[8]/R	-1.561
ap_rst_n	o_gmem_m_axi_U/bus_write/wreq_burst_conv/rs_req/FSM_sequential_state_reg[1]/R	-1.561
ap_rst_n	o_gmem_m_axi_U/bus_write/wreq_burst_conv/rs_req/s_ready_t_reg/R	-1.561
ap_rst_n	o_gmem_m_axi_U/bus_write/wreq_burst_conv/rs_req/state_reg[0]/R	-1.561
ap_rst_n	o_gmem_m_axi_U/store_unit_0/tmp_len_reg[10]/R	-1.561
ap_rst_n	o_gmem_m_axi_U/store_unit_0/tmp_len_reg[11]/R	-1.561
ap_rst_n	o_gmem_m_axi_U/store_unit_0/tmp_len_reg[12]/R	-1.561
ap_rst_n	o_gmem_m_axi_U/store_unit_0/tmp_len_reg[13]/R	-1.561
ap_rst_n	o_gmem_m_axi_U/store_unit_0/tmp_valid_reg/R	-1.561
ap_rst_n	control_s_axi_U/int_k_address_reg[57]/R	-1.561
ap_rst_n	control_s_axi_U/int_o_address_reg[29]/R	-1.561
ap_rst_n	control_s_axi_U/int_o_address_reg[2]/R	-1.561
ap_rst_n	control_s_axi_U/int_o_address_reg[34]/R	-1.561
ap_rst_n	control_s_axi_U/int_v_address_reg[25]/R	-1.561
ap_rst_n	control_s_axi_U/int_v_address_reg[61]/R	-1.561
m_axi_o_gmem_AWREADY	o_gmem_m_axi_U/bus_write/wreq_throttle/rs_req/s_ready_t_reg/D	-1.561
ap_rst_n	o_gmem_m_axi_U/store_unit_0/fifo_wreq/U_fifo_srl/dout_reg[28]/R	-1.561
ap_rst_n	o_gmem_m_axi_U/store_unit_0/fifo_wrsp/dout_vld_reg/R	-1.561
ap_rst_n	control_s_axi_U/int_k_address_reg[2]/R	-1.560
ap_rst_n	control_s_axi_U/int_k_address_reg[34]/R	-1.560
ap_rst_n	o_gmem_m_axi_U/bus_write/wreq_burst_conv/end_from_4k_reg[0]/R	-1.560
ap_rst_n	o_gmem_m_axi_U/bus_write/wreq_burst_conv/end_from_4k_reg[1]/R	-1.560
ap_rst_n	o_gmem_m_axi_U/bus_write/wreq_burst_conv/end_from_4k_reg[2]/R	-1.560
ap_rst_n	o_gmem_m_axi_U/bus_write/wreq_burst_conv/end_from_4k_reg[3]/R	-1.560
ap_rst_n	o_gmem_m_axi_U/store_unit_0/fifo_wreq/U_fifo_srl/dout_reg[6]/R	-1.560
ap_rst_n	control_s_axi_U/int_k_address_reg[23]/R	-1.560
ap_rst_n	control_s_axi_U/int_o_address_reg[21]/R	-1.560
ap_rst_n	control_s_axi_U/int_o_address_reg[23]/R	-1.560
ap_rst_n	control_s_axi_U/int_o_address_reg[25]/R	-1.560
ap_rst_n	control_s_axi_U/int_o_address_reg[27]/R	-1.560
ap_rst_n	control_s_axi_U/int_o_address_reg[33]/R	-1.560
ap_rst_n	control_s_axi_U/int_o_address_reg[37]/R	-1.560
ap_rst_n	control_s_axi_U/int_o_address_reg[45]/R	-1.560
ap_rst_n	control_s_axi_U/int_o_address_reg[49]/R	-1.560
ap_rst_n	control_s_axi_U/int_o_address_reg[57]/R	-1.560
ap_rst_n	control_s_axi_U/int_o_address_reg[63]/R	-1.560
ap_rst_n	control_s_axi_U/int_q_address_reg[40]/R	-1.560
ap_rst_n	control_s_axi_U/int_q_address_reg[55]/R	-1.560
ap_rst_n	control_s_axi_U/int_q_address_reg[8]/R	-1.560
ap_rst_n	control_s_axi_U/int_sequence_length_reg[13]/R	-1.560
ap_rst_n	control_s_axi_U/int_sequence_length_reg[17]/R	-1.560
ap_rst_n	control_s_axi_U/int_sequence_length_reg[1]/R	-1.560
ap_rst_n	control_s_axi_U/int_sequence_length_reg[25]/R	-1.560
ap_rst_n	control_s_axi_U/int_sequence_length_reg[31]/R	-1.560
ap_rst_n	control_s_axi_U/int_sequence_length_reg[5]/R	-1.560
ap_rst_n	control_s_axi_U/int_v_address_reg[53]/R	-1.560
ap_rst_n	control_s_axi_U/int_v_address_reg[55]/R	-1.560
ap_rst_n	control_s_axi_U/int_v_address_reg[57]/R	-1.560
ap_rst_n	control_s_axi_U/int_v_address_reg[59]/R	-1.560
ap_rst_n	k_gmem_m_axi_U/load_unit_0/fifo_rreq/U_fifo_srl/dout_reg[13]/R	-1.560
ap_rst_n	k_gmem_m_axi_U/load_unit_0/fifo_rreq/U_fifo_srl/dout_reg[36]/R	-1.559
ap_rst_n	control_s_axi_U/int_q_address_reg[12]/R	-1.559
ap_rst_n	control_s_axi_U/int_q_address_reg[16]/R	-1.559
ap_rst_n	control_s_axi_U/int_q_address_reg[44]/R	-1.559
ap_rst_n	control_s_axi_U/int_q_address_reg[48]/R	-1.559
ap_rst_n	control_s_axi_U/int_k_address_reg[1]/R	-1.559
ap_rst_n	control_s_axi_U/int_k_address_reg[36]/R	-1.559
ap_rst_n	control_s_axi_U/int_k_address_reg[38]/R	-1.559
ap_rst_n	control_s_axi_U/int_k_address_reg[3]/R	-1.559
ap_rst_n	control_s_axi_U/int_k_address_reg[40]/R	-1.559
ap_rst_n	control_s_axi_U/int_k_address_reg[4]/R	-1.559
ap_rst_n	control_s_axi_U/int_k_address_reg[6]/R	-1.559
ap_rst_n	control_s_axi_U/int_k_address_reg[8]/R	-1.559
ap_rst_n	control_s_axi_U/int_k_address_reg[9]/R	-1.559
ap_rst_n	control_s_axi_U/int_o_address_reg[24]/R	-1.559
ap_rst_n	control_s_axi_U/int_o_address_reg[55]/R	-1.559
ap_rst_n	control_s_axi_U/int_o_address_reg[56]/R	-1.559
ap_rst_n	control_s_axi_U/int_o_address_reg[61]/R	-1.559
ap_rst_n	control_s_axi_U/int_q_address_reg[17]/R	-1.559
ap_rst_n	control_s_axi_U/int_q_address_reg[19]/R	-1.559
ap_rst_n	control_s_axi_U/int_q_address_reg[25]/R	-1.559
ap_rst_n	control_s_axi_U/int_q_address_reg[29]/R	-1.559
ap_rst_n	control_s_axi_U/int_q_address_reg[31]/R	-1.559
ap_rst_n	control_s_axi_U/int_q_address_reg[33]/R	-1.559
ap_rst_n	control_s_axi_U/int_q_address_reg[35]/R	-1.559
ap_rst_n	control_s_axi_U/int_q_address_reg[41]/R	-1.559
ap_rst_n	control_s_axi_U/int_q_address_reg[5]/R	-1.559
ap_rst_n	control_s_axi_U/int_q_address_reg[9]/R	-1.559
ap_rst_n	control_s_axi_U/int_sequence_length_reg[16]/R	-1.559
ap_rst_n	control_s_axi_U/int_sequence_length_reg[18]/R	-1.559
ap_rst_n	control_s_axi_U/int_sequence_length_reg[23]/R	-1.559
ap_rst_n	control_s_axi_U/int_sequence_length_reg[24]/R	-1.559
ap_rst_n	control_s_axi_U/int_sequence_length_reg[28]/R	-1.559
ap_rst_n	control_s_axi_U/int_sequence_length_reg[29]/R	-1.559
ap_rst_n	control_s_axi_U/int_sequence_length_reg[30]/R	-1.559
ap_rst_n	control_s_axi_U/int_sequence_length_reg[4]/R	-1.559
ap_rst_n	control_s_axi_U/int_sequence_length_reg[8]/R	-1.559
ap_rst_n	grp_run_fu_161/grp_runController_fu_106/ap_CS_fsm_reg[1]/R	-1.559
ap_rst_n	grp_run_fu_161/grp_runController_fu_106/ap_CS_fsm_reg[2]/R	-1.559
ap_rst_n	grp_run_fu_161/grp_runController_fu_106/grp_runQueryTile_fu_142/distributeQueryTile_U0/grp_distributeQueryTile_Pipeline_VITIS_LOOP_501_3_VITIS_LOOP_506_4_VITIS_LOOP_507_5_fu_220/ap_enable_reg_pp0_iter42_reg/R	-1.559
ap_rst_n	grp_run_fu_161/grp_runController_fu_106/grp_runQueryTile_fu_142/distributeQueryTile_U0/grp_distributeQueryTile_Pipeline_VITIS_LOOP_501_3_VITIS_LOOP_506_4_VITIS_LOOP_507_5_fu_220/ap_enable_reg_pp0_iter43_reg/R	-1.559
ap_rst_n	grp_run_fu_161/grp_runController_fu_106/grp_runQueryTile_fu_142/start_for_runQueryBlock_1_U0_U/mOutPtr_reg[0]/R	-1.559
ap_rst_n	grp_run_fu_161/grp_runController_fu_106/grp_runQueryTile_fu_142/start_for_runQueryBlock_1_U0_U/mOutPtr_reg[1]/R	-1.559
ap_rst_n	grp_run_fu_161/grp_runController_fu_106/grp_runQueryTile_fu_142_ap_start_reg_reg/R	-1.559
ap_rst_n	k_gmem_m_axi_U/bus_read/fifo_rctl/full_n_reg/D	-1.559
ap_rst_n	k_gmem_m_axi_U/bus_read/rreq_burst_conv/could_multi_bursts.first_loop_reg/R	-1.559
ap_rst_n	o_gmem_m_axi_U/bus_write/wreq_burst_conv/sect_len_buf_reg[2]/R	-1.559
ap_rst_n	o_gmem_m_axi_U/bus_write/wreq_throttle/req_fifo/raddr_reg[0]/R	-1.559
ap_rst_n	o_gmem_m_axi_U/bus_write/wreq_throttle/req_fifo/raddr_reg[1]/R	-1.559
ap_rst_n	o_gmem_m_axi_U/bus_write/wreq_throttle/req_fifo/raddr_reg[2]/R	-1.559
m_axi_o_gmem_AWREADY	o_gmem_m_axi_U/bus_write/wreq_throttle/rs_req/state_reg[1]/D	-1.559
ap_rst_n	o_gmem_m_axi_U/store_unit_0/fifo_wreq/U_fifo_srl/dout_reg[8]/R	-1.559
ap_rst_n	o_gmem_m_axi_U/store_unit_0/tmp_addr_reg[6]/R	-1.559
ap_rst_n	o_gmem_m_axi_U/store_unit_0/tmp_len_reg[3]/R	-1.559
ap_rst_n	o_gmem_m_axi_U/store_unit_0/tmp_len_reg[4]/R	-1.559
ap_rst_n	o_gmem_m_axi_U/store_unit_0/tmp_len_reg[5]/R	-1.559
ap_rst_n	q_gmem_m_axi_U/bus_read/rreq_burst_conv/last_sect_reg/D	-1.559
ap_rst_n	v_gmem_m_axi_U/bus_read/fifo_rctl/full_n_reg/D	-1.559
ap_rst_n	control_s_axi_U/int_k_address_reg[0]/R	-1.558
ap_rst_n	control_s_axi_U/int_k_address_reg[10]/R	-1.558
ap_rst_n	control_s_axi_U/int_k_address_reg[32]/R	-1.558
ap_rst_n	control_s_axi_U/int_k_address_reg[42]/R	-1.558
ap_rst_n	k_gmem_m_axi_U/load_unit_0/fifo_rreq/U_fifo_srl/dout_reg[39]/R	-1.558
ap_rst_n	k_gmem_m_axi_U/load_unit_0/fifo_rreq/U_fifo_srl/dout_reg[48]/R	-1.558
ap_rst_n	k_gmem_m_axi_U/load_unit_0/tmp_addr_reg[42]/R	-1.558
ap_rst_n	o_gmem_m_axi_U/store_unit_0/fifo_wreq/mOutPtr_reg[0]/R	-1.558
ap_rst_n	o_gmem_m_axi_U/store_unit_0/fifo_wreq/mOutPtr_reg[1]/R	-1.558
ap_rst_n	o_gmem_m_axi_U/store_unit_0/fifo_wreq/mOutPtr_reg[6]/R	-1.558
ap_rst_n	o_gmem_m_axi_U/store_unit_0/fifo_wreq/mOutPtr_reg[7]/R	-1.558
ap_rst_n	k_gmem_m_axi_U/bus_read/rreq_burst_conv/start_addr_reg[21]/R	-1.558
ap_rst_n	k_gmem_m_axi_U/bus_read/rreq_burst_conv/start_addr_reg[3]/R	-1.558
ap_rst_n	k_gmem_m_axi_U/bus_read/rreq_burst_conv/start_addr_reg[5]/R	-1.558
ap_rst_n	k_gmem_m_axi_U/load_unit_0/fifo_rreq/U_fifo_srl/dout_reg[0]/R	-1.558
ap_rst_n	k_gmem_m_axi_U/load_unit_0/fifo_rreq/U_fifo_srl/dout_reg[12]/R	-1.558
ap_rst_n	k_gmem_m_axi_U/load_unit_0/fifo_rreq/U_fifo_srl/dout_reg[16]/R	-1.558
ap_rst_n	o_gmem_m_axi_U/bus_write/fifo_burst/empty_n_reg/R	-1.558
ap_rst_n	o_gmem_m_axi_U/bus_write/wreq_burst_conv/could_multi_bursts.burst_valid_reg/R	-1.558
ap_rst_n	o_gmem_m_axi_U/bus_write/wreq_burst_conv/could_multi_bursts.sect_handling_reg/R	-1.558
ap_rst_n	o_gmem_m_axi_U/bus_write/wreq_burst_conv/req_handling_reg/R	-1.558
ap_rst_n	o_gmem_m_axi_U/bus_write/wreq_burst_conv/rs_req/state_reg[1]/S	-1.558
ap_rst_n	o_gmem_m_axi_U/store_unit_0/fifo_wreq/mOutPtr_reg[5]/R	-1.558
ap_rst_n	control_s_axi_U/FSM_onehot_rstate_reg[1]/R	-1.557
ap_rst_n	control_s_axi_U/FSM_onehot_rstate_reg[2]/R	-1.557
ap_rst_n	k_gmem_m_axi_U/load_unit_0/fifo_rreq/U_fifo_srl/dout_reg[54]/R	-1.557
ap_rst_n	control_s_axi_U/int_k_address_reg[63]/R	-1.557
ap_rst_n	control_s_axi_U/int_v_address_reg[31]/R	-1.557
ap_rst_n	k_gmem_m_axi_U/bus_read/rreq_burst_conv/sect_addr_buf_reg[20]/R	-1.557
ap_rst_n	k_gmem_m_axi_U/bus_read/rreq_burst_conv/sect_addr_buf_reg[21]/R	-1.557
ap_rst_n	o_gmem_m_axi_U/bus_write/wreq_burst_conv/sect_len_buf_reg[1]/R	-1.557
ap_rst_n	o_gmem_m_axi_U/store_unit_0/fifo_wreq/mOutPtr_reg[4]/R	-1.557
ap_rst_n	o_gmem_m_axi_U/store_unit_0/tmp_addr_reg[3]/R	-1.557
ap_rst_n	o_gmem_m_axi_U/store_unit_0/tmp_addr_reg[8]/R	-1.557
ap_rst_n	o_gmem_m_axi_U/store_unit_0/user_resp/empty_n_reg/R	-1.557
ap_rst_n	q_gmem_m_axi_U/bus_read/rreq_burst_conv/start_addr_reg[46]/R	-1.557
ap_rst_n	q_gmem_m_axi_U/bus_read/rreq_burst_conv/start_addr_reg[62]/R	-1.557
ap_rst_n	q_gmem_m_axi_U/bus_read/rreq_burst_conv/start_addr_reg[63]/R	-1.557
ap_rst_n	q_gmem_m_axi_U/load_unit_0/tmp_addr_reg[63]/R	-1.557
ap_rst_n	control_s_axi_U/int_k_address_reg[25]/R	-1.557
ap_rst_n	control_s_axi_U/int_k_address_reg[31]/R	-1.557
ap_rst_n	control_s_axi_U/int_o_address_reg[26]/R	-1.557
ap_rst_n	control_s_axi_U/int_o_address_reg[30]/R	-1.557
ap_rst_n	control_s_axi_U/int_o_address_reg[58]/R	-1.557
ap_rst_n	control_s_axi_U/int_o_address_reg[62]/R	-1.557
ap_rst_n	control_s_axi_U/int_q_address_reg[57]/R	-1.557
ap_rst_n	control_s_axi_U/int_q_address_reg[63]/R	-1.557
ap_rst_n	control_s_axi_U/int_v_address_reg[22]/R	-1.557
ap_rst_n	control_s_axi_U/int_v_address_reg[26]/R	-1.557
ap_rst_n	control_s_axi_U/int_v_address_reg[28]/R	-1.557
ap_rst_n	control_s_axi_U/int_v_address_reg[30]/R	-1.557
ap_rst_n	control_s_axi_U/int_v_address_reg[54]/R	-1.557
ap_rst_n	control_s_axi_U/int_v_address_reg[58]/R	-1.557
ap_rst_n	control_s_axi_U/int_v_address_reg[60]/R	-1.557
ap_rst_n	control_s_axi_U/int_v_address_reg[62]/R	-1.557
ap_rst_n	k_gmem_m_axi_U/bus_read/rreq_burst_conv/sect_addr_buf_reg[26]/R	-1.557
ap_rst_n	k_gmem_m_axi_U/bus_read/rreq_burst_conv/sect_addr_buf_reg[27]/R	-1.557
ap_rst_n	k_gmem_m_axi_U/bus_read/rreq_burst_conv/sect_addr_buf_reg[34]/R	-1.557
ap_rst_n	k_gmem_m_axi_U/bus_read/rreq_burst_conv/sect_addr_buf_reg[35]/R	-1.557
ap_rst_n	k_gmem_m_axi_U/bus_read/rreq_burst_conv/sect_addr_buf_reg[36]/R	-1.557
ap_rst_n	k_gmem_m_axi_U/bus_read/rreq_burst_conv/sect_addr_buf_reg[37]/R	-1.557
ap_rst_n	o_gmem_m_axi_U/store_unit_0/fifo_wreq/U_fifo_srl/dout_reg[7]/R	-1.557
s_axi_control_WDATA[0]	control_s_axi_U/int_gie_reg/D	-1.556
ap_rst_n	control_s_axi_U/int_k_address_reg[12]/R	-1.556
ap_rst_n	control_s_axi_U/int_k_address_reg[18]/R	-1.556
ap_rst_n	control_s_axi_U/int_k_address_reg[44]/R	-1.556
ap_rst_n	control_s_axi_U/int_k_address_reg[50]/R	-1.556
ap_rst_n	control_s_axi_U/int_q_address_reg[14]/R	-1.556
ap_rst_n	control_s_axi_U/int_q_address_reg[26]/R	-1.556
ap_rst_n	control_s_axi_U/int_q_address_reg[46]/R	-1.556
ap_rst_n	control_s_axi_U/int_q_address_reg[58]/R	-1.556
ap_rst_n	grp_run_fu_161/grp_runController_fu_106/grp_runQueryTile_fu_142/distributeQueryTile_U0/grp_distributeQueryTile_Pipeline_VITIS_LOOP_501_3_VITIS_LOOP_506_4_VITIS_LOOP_507_5_fu_220/ap_enable_reg_pp0_iter28_reg/R	-1.556
ap_rst_n	grp_run_fu_161/grp_runController_fu_106/grp_runQueryTile_fu_142/distributeQueryTile_U0/grp_distributeQueryTile_Pipeline_VITIS_LOOP_501_3_VITIS_LOOP_506_4_VITIS_LOOP_507_5_fu_220/ap_enable_reg_pp0_iter29_reg/R	-1.556
ap_rst_n	grp_run_fu_161/grp_runController_fu_106/grp_runQueryTile_fu_142/distributeQueryTile_U0/grp_distributeQueryTile_Pipeline_VITIS_LOOP_501_3_VITIS_LOOP_506_4_VITIS_LOOP_507_5_fu_220/ap_enable_reg_pp0_iter30_reg/R	-1.556
ap_rst_n	k_gmem_m_axi_U/load_unit_0/fifo_rreq/U_fifo_srl/dout_reg[55]/R	-1.556
ap_rst_n	k_gmem_m_axi_U/load_unit_0/fifo_rreq/U_fifo_srl/dout_reg[58]/R	-1.556
ap_rst_n	o_gmem_m_axi_U/store_unit_0/fifo_wreq/mOutPtr_reg[2]/R	-1.556
ap_rst_n	o_gmem_m_axi_U/store_unit_0/fifo_wreq/mOutPtr_reg[3]/R	-1.556
ap_rst_n	o_gmem_m_axi_U/store_unit_0/tmp_addr_reg[5]/R	-1.556
ap_rst_n	o_gmem_m_axi_U/store_unit_0/user_resp/mOutPtr_reg[0]/R	-1.556
ap_rst_n	o_gmem_m_axi_U/store_unit_0/user_resp/mOutPtr_reg[1]/R	-1.556
ap_rst_n	q_gmem_m_axi_U/bus_read/rreq_burst_conv/sect_addr_buf_reg[62]/R	-1.556
ap_rst_n	q_gmem_m_axi_U/bus_read/rreq_burst_conv/sect_addr_buf_reg[63]/R	-1.556
ap_rst_n	q_gmem_m_axi_U/load_unit_0/fifo_rreq/U_fifo_srl/dout_reg[54]/R	-1.556
ap_rst_n	q_gmem_m_axi_U/load_unit_0/fifo_rreq/U_fifo_srl/dout_reg[59]/R	-1.556
ap_rst_n	control_s_axi_U/int_o_address_reg[22]/R	-1.556
ap_rst_n	control_s_axi_U/int_o_address_reg[28]/R	-1.556
ap_rst_n	control_s_axi_U/int_o_address_reg[54]/R	-1.556
ap_rst_n	control_s_axi_U/int_o_address_reg[60]/R	-1.556
ap_rst_n	grp_run_fu_161/grp_runController_fu_106/grp_runQueryTile_fu_142/header1_U/empty_n_reg/R	-1.556
ap_rst_n	grp_run_fu_161/grp_runController_fu_106/grp_runQueryTile_fu_142/header1_U/full_n_reg/S	-1.556
ap_rst_n	grp_run_fu_161/grp_runController_fu_106/grp_runQueryTile_fu_142/runQueryBlock_0_U0/grp_runQueryBlock_0_Outline_VITIS_LOOP_117_5_fu_168/grp_runQueryBlock_0_Pipeline_VITIS_LOOP_369_33_fu_842/ap_enable_reg_pp0_iter9_reg_rep__2/R	-1.556
ap_rst_n	grp_run_fu_161/grp_runController_fu_106/grp_runQueryTile_fu_142/start_for_runQueryBlock_0_U0_U/empty_n_reg/R	-1.556
ap_rst_n	grp_run_fu_161/grp_runController_fu_106/grp_runQueryTile_fu_142/start_for_runQueryBlock_0_U0_U/full_n_reg/S	-1.556
ap_rst_n	k_gmem_m_axi_U/bus_read/rreq_burst_conv/sect_addr_buf_reg[50]/R	-1.556
ap_rst_n	k_gmem_m_axi_U/bus_read/rreq_burst_conv/sect_addr_buf_reg[51]/R	-1.556
ap_rst_n	k_gmem_m_axi_U/bus_read/rreq_burst_conv/sect_addr_buf_reg[52]/R	-1.556
ap_rst_n	k_gmem_m_axi_U/bus_read/rreq_burst_conv/sect_addr_buf_reg[53]/R	-1.556
ap_rst_n	k_gmem_m_axi_U/bus_read/rreq_burst_conv/start_addr_reg[26]/R	-1.556
ap_rst_n	k_gmem_m_axi_U/bus_read/rreq_burst_conv/start_addr_reg[27]/R	-1.556
ap_rst_n	k_gmem_m_axi_U/bus_read/rreq_burst_conv/start_addr_reg[34]/R	-1.556
ap_rst_n	k_gmem_m_axi_U/bus_read/rreq_burst_conv/start_addr_reg[35]/R	-1.556
ap_rst_n	k_gmem_m_axi_U/bus_read/rreq_burst_conv/start_addr_reg[36]/R	-1.556
ap_rst_n	k_gmem_m_axi_U/bus_read/rreq_burst_conv/start_addr_reg[37]/R	-1.556
ap_rst_n	k_gmem_m_axi_U/bus_read/rreq_burst_conv/start_addr_reg[42]/R	-1.556
ap_rst_n	k_gmem_m_axi_U/bus_read/rreq_burst_conv/start_addr_reg[43]/R	-1.556
ap_rst_n	k_gmem_m_axi_U/bus_read/rreq_burst_conv/start_addr_reg[50]/R	-1.556
ap_rst_n	k_gmem_m_axi_U/bus_read/rreq_burst_conv/start_addr_reg[52]/R	-1.556
ap_rst_n	k_gmem_m_axi_U/load_unit_0/fifo_rreq/U_fifo_srl/dout_reg[19]/R	-1.556
ap_rst_n	k_gmem_m_axi_U/load_unit_0/fifo_rreq/U_fifo_srl/dout_reg[22]/R	-1.556
ap_rst_n	k_gmem_m_axi_U/load_unit_0/tmp_addr_reg[16]/R	-1.556
ap_rst_n	k_gmem_m_axi_U/load_unit_0/tmp_addr_reg[25]/R	-1.556
ap_rst_n	o_gmem_m_axi_U/bus_write/wreq_throttle/last_cnt_reg[5]/R	-1.556
ap_rst_n	o_gmem_m_axi_U/bus_write/wreq_throttle/last_cnt_reg[6]/R	-1.556
ap_rst_n	o_gmem_m_axi_U/store_unit_0/fifo_wrsp/empty_n_reg/R	-1.556
ap_rst_n	o_gmem_m_axi_U/store_unit_0/fifo_wrsp/raddr_reg[0]/R	-1.556
ap_rst_n	o_gmem_m_axi_U/store_unit_0/fifo_wrsp/raddr_reg[1]/R	-1.556
ap_rst_n	o_gmem_m_axi_U/store_unit_0/fifo_wrsp/raddr_reg[2]/R	-1.556
ap_rst_n	q_gmem_m_axi_U/bus_read/rreq_burst_conv/start_addr_reg[60]/R	-1.556
ap_rst_n	q_gmem_m_axi_U/load_unit_0/fifo_rreq/U_fifo_srl/dout_reg[53]/R	-1.556
ap_rst_n	q_gmem_m_axi_U/load_unit_0/fifo_rreq/U_fifo_srl/dout_reg[58]/R	-1.556
ap_rst_n	k_gmem_m_axi_U/load_unit_0/fifo_rreq/U_fifo_srl/dout_reg[56]/R	-1.555
ap_rst_n	k_gmem_m_axi_U/load_unit_0/fifo_rreq/U_fifo_srl/dout_reg[57]/R	-1.555
ap_rst_n	control_s_axi_U/int_k_address_reg[16]/R	-1.555
ap_rst_n	control_s_axi_U/int_k_address_reg[28]/R	-1.555
ap_rst_n	control_s_axi_U/int_k_address_reg[48]/R	-1.555
ap_rst_n	control_s_axi_U/int_k_address_reg[60]/R	-1.555
ap_rst_n	o_gmem_m_axi_U/store_unit_0/fifo_wreq/U_fifo_srl/dout_reg[51]/R	-1.555
ap_rst_n	o_gmem_m_axi_U/store_unit_0/fifo_wreq/empty_n_reg/R	-1.555
ap_rst_n	o_gmem_m_axi_U/store_unit_0/tmp_addr_reg[10]/R	-1.555
ap_rst_n	q_gmem_m_axi_U/load_unit_0/tmp_addr_reg[56]/R	-1.555
ap_rst_n	q_gmem_m_axi_U/load_unit_0/tmp_addr_reg[62]/R	-1.555
ap_rst_n	control_s_axi_U/int_q_address_reg[23]/R	-1.555
ap_rst_n	control_s_axi_U/int_q_address_reg[27]/R	-1.555
ap_rst_n	control_s_axi_U/int_sequence_length_reg[22]/R	-1.555
ap_rst_n	control_s_axi_U/int_sequence_length_reg[26]/R	-1.555
ap_rst_n	grp_run_fu_161/grp_runController_fu_106/grp_runQueryTile_fu_142/distributeQueryTile_U0/start_once_reg_reg/R	-1.555
ap_rst_n	grp_run_fu_161/grp_runController_fu_106/grp_runQueryTile_fu_142/start_for_runQueryBlock_1_U0_U/empty_n_reg/R	-1.555
ap_rst_n	grp_run_fu_161/grp_runController_fu_106/grp_runQueryTile_fu_142/start_for_runQueryBlock_1_U0_U/full_n_reg/S	-1.555
ap_rst_n	k_gmem_m_axi_U/bus_read/rreq_burst_conv/could_multi_bursts.addr_buf_reg[10]/R	-1.555
ap_rst_n	k_gmem_m_axi_U/bus_read/rreq_burst_conv/could_multi_bursts.addr_buf_reg[7]/R	-1.555
ap_rst_n	k_gmem_m_axi_U/bus_read/rreq_burst_conv/could_multi_bursts.addr_buf_reg[8]/R	-1.555
ap_rst_n	k_gmem_m_axi_U/bus_read/rreq_burst_conv/could_multi_bursts.addr_buf_reg[9]/R	-1.555
ap_rst_n	k_gmem_m_axi_U/bus_read/rreq_burst_conv/sect_addr_buf_reg[42]/R	-1.555
ap_rst_n	k_gmem_m_axi_U/bus_read/rreq_burst_conv/sect_addr_buf_reg[43]/R	-1.555
ap_rst_n	k_gmem_m_axi_U/bus_read/rreq_burst_conv/sect_addr_buf_reg[46]/R	-1.555
ap_rst_n	k_gmem_m_axi_U/bus_read/rreq_burst_conv/sect_addr_buf_reg[47]/R	-1.555
ap_rst_n	k_gmem_m_axi_U/bus_read/rreq_burst_conv/sect_addr_buf_reg[58]/R	-1.555
ap_rst_n	k_gmem_m_axi_U/bus_read/rreq_burst_conv/sect_addr_buf_reg[59]/R	-1.555
ap_rst_n	k_gmem_m_axi_U/load_unit_0/tmp_addr_reg[3]/R	-1.555
ap_rst_n	o_gmem_m_axi_U/bus_write/wreq_throttle/rs_req/FSM_sequential_state_reg[0]/R	-1.555
ap_rst_n	o_gmem_m_axi_U/bus_write/wreq_throttle/rs_req/FSM_sequential_state_reg[1]/R	-1.555
ap_rst_n	o_gmem_m_axi_U/bus_write/wreq_throttle/rs_req/s_ready_t_reg/R	-1.555
ap_rst_n	o_gmem_m_axi_U/bus_write/wreq_throttle/rs_req/state_reg[0]/R	-1.555
ap_rst_n	o_gmem_m_axi_U/bus_write/wreq_throttle/rs_req/state_reg[1]/S	-1.555
ap_rst_n	o_gmem_m_axi_U/store_unit_0/fifo_wrsp/mOutPtr_reg[0]/R	-1.555
ap_rst_n	o_gmem_m_axi_U/store_unit_0/fifo_wrsp/mOutPtr_reg[1]/R	-1.555
ap_rst_n	o_gmem_m_axi_U/store_unit_0/fifo_wrsp/mOutPtr_reg[2]/R	-1.555
ap_rst_n	o_gmem_m_axi_U/store_unit_0/fifo_wrsp/mOutPtr_reg[3]/R	-1.555
ap_rst_n	control_s_axi_U/int_q_address_reg[24]/R	-1.554
ap_rst_n	control_s_axi_U/int_q_address_reg[56]/R	-1.554
ap_rst_n	control_s_axi_U/int_o_address_reg[31]/R	-1.554
ap_rst_n	control_s_axi_U/int_q_address_reg[11]/R	-1.554
ap_rst_n	control_s_axi_U/int_q_address_reg[13]/R	-1.554
ap_rst_n	control_s_axi_U/int_q_address_reg[15]/R	-1.554
ap_rst_n	control_s_axi_U/int_q_address_reg[21]/R	-1.554
ap_rst_n	control_s_axi_U/int_sequence_length_reg[10]/R	-1.554
ap_rst_n	control_s_axi_U/int_sequence_length_reg[12]/R	-1.554
ap_rst_n	control_s_axi_U/int_sequence_length_reg[14]/R	-1.554
ap_rst_n	control_s_axi_U/int_sequence_length_reg[20]/R	-1.554
ap_rst_n	control_s_axi_U/int_v_address_reg[24]/R	-1.554
ap_rst_n	control_s_axi_U/int_v_address_reg[56]/R	-1.554
ap_rst_n	control_s_axi_U/int_v_address_reg[63]/R	-1.554
ap_rst_n	grp_run_fu_161/grp_runController_fu_106/grp_runQueryTile_fu_142/runQueryBlock_0_U0/grp_runQueryBlock_0_Outline_VITIS_LOOP_117_5_fu_168/grp_runQueryBlock_0_Pipeline_VITIS_LOOP_369_33_fu_842/ap_enable_reg_pp0_iter9_reg/R	-1.554
ap_rst_n	k_gmem_m_axi_U/bus_read/rreq_burst_conv/could_multi_bursts.addr_buf_reg[15]/R	-1.554
ap_rst_n	k_gmem_m_axi_U/bus_read/rreq_burst_conv/could_multi_bursts.addr_buf_reg[16]/R	-1.554
ap_rst_n	k_gmem_m_axi_U/bus_read/rreq_burst_conv/could_multi_bursts.addr_buf_reg[17]/R	-1.554
ap_rst_n	k_gmem_m_axi_U/bus_read/rreq_burst_conv/could_multi_bursts.addr_buf_reg[18]/R	-1.554
ap_rst_n	k_gmem_m_axi_U/bus_read/rreq_burst_conv/could_multi_bursts.addr_buf_reg[23]/R	-1.554
ap_rst_n	k_gmem_m_axi_U/bus_read/rreq_burst_conv/could_multi_bursts.addr_buf_reg[24]/R	-1.554
ap_rst_n	k_gmem_m_axi_U/bus_read/rreq_burst_conv/could_multi_bursts.addr_buf_reg[25]/R	-1.554
ap_rst_n	k_gmem_m_axi_U/bus_read/rreq_burst_conv/could_multi_bursts.addr_buf_reg[26]/R	-1.554
ap_rst_n	k_gmem_m_axi_U/bus_read/rreq_burst_conv/start_addr_reg[46]/R	-1.554
ap_rst_n	k_gmem_m_axi_U/load_unit_0/fifo_rreq/U_fifo_srl/dout_reg[26]/R	-1.554
ap_rst_n	k_gmem_m_axi_U/load_unit_0/fifo_rreq/U_fifo_srl/dout_reg[29]/R	-1.554
ap_rst_n	k_gmem_m_axi_U/load_unit_0/fifo_rreq/U_fifo_srl/dout_reg[31]/R	-1.554
ap_rst_n	o_gmem_m_axi_U/bus_write/wreq_throttle/flying_req_reg/R	-1.554
ap_rst_n	o_gmem_m_axi_U/bus_write/wreq_throttle/req_fifo/empty_n_reg/R	-1.554
ap_rst_n	o_gmem_m_axi_U/store_unit_0/fifo_wreq/U_fifo_srl/dout_reg[0]/R	-1.554
ap_rst_n	o_gmem_m_axi_U/store_unit_0/fifo_wreq/U_fifo_srl/dout_reg[68]/R	-1.554
ap_rst_n	o_gmem_m_axi_U/store_unit_0/fifo_wreq/dout_vld_reg/R	-1.554
ap_rst_n	q_gmem_m_axi_U/bus_read/rreq_burst_conv/sect_addr_buf_reg[34]/R	-1.554
ap_rst_n	q_gmem_m_axi_U/bus_read/rreq_burst_conv/sect_addr_buf_reg[35]/R	-1.554
ap_rst_n	q_gmem_m_axi_U/bus_read/rreq_burst_conv/sect_addr_buf_reg[58]/R	-1.554
ap_rst_n	q_gmem_m_axi_U/bus_read/rreq_burst_conv/sect_addr_buf_reg[59]/R	-1.554
ap_rst_n	grp_run_fu_161/grp_runController_fu_106/grp_runQueryTile_fu_142/o_address_c_U/mOutPtr_reg[0]/R	-1.553
ap_rst_n	grp_run_fu_161/grp_runController_fu_106/grp_runQueryTile_fu_142/o_address_c_U/mOutPtr_reg[1]/R	-1.553
ap_rst_n	grp_run_fu_161/grp_runController_fu_106/grp_runQueryTile_fu_142/o_address_c_U/mOutPtr_reg[2]/R	-1.553
ap_rst_n	o_gmem_m_axi_U/store_unit_0/fifo_wreq/U_fifo_srl/dout_reg[1]/R	-1.553
ap_rst_n	o_gmem_m_axi_U/store_unit_0/tmp_addr_reg[4]/R	-1.553
ap_rst_n	k_gmem_m_axi_U/bus_read/rreq_burst_conv/start_addr_reg[53]/R	-1.553
ap_rst_n	k_gmem_m_axi_U/bus_read/rreq_burst_conv/start_addr_reg[58]/R	-1.553
ap_rst_n	k_gmem_m_axi_U/bus_read/rreq_burst_conv/start_addr_reg[62]/R	-1.553
ap_rst_n	k_gmem_m_axi_U/load_unit_0/fifo_rreq/U_fifo_srl/dout_reg[32]/R	-1.553
ap_rst_n	o_gmem_m_axi_U/bus_write/WLAST_Dummy_reg/R	-1.553
ap_rst_n	o_gmem_m_axi_U/bus_write/fifo_burst/dout_vld_reg/R	-1.553
ap_rst_n	o_gmem_m_axi_U/bus_write/fifo_burst/raddr_reg[0]/R	-1.553
ap_rst_n	o_gmem_m_axi_U/bus_write/fifo_burst/raddr_reg[1]/R	-1.553
ap_rst_n	o_gmem_m_axi_U/bus_write/fifo_burst/raddr_reg[2]/R	-1.553
ap_rst_n	o_gmem_m_axi_U/store_unit_0/fifo_wreq/U_fifo_srl/dout_reg[2]/R	-1.553
ap_rst_n	o_gmem_m_axi_U/store_unit_0/fifo_wreq/raddr_reg[5]/R	-1.553
ap_rst_n	o_gmem_m_axi_U/store_unit_0/fifo_wreq/raddr_reg[6]/R	-1.553
ap_rst_n	o_gmem_m_axi_U/store_unit_0/user_resp/dout_vld_reg/R	-1.553
ap_rst_n	q_gmem_m_axi_U/bus_read/rreq_burst_conv/sect_addr_buf_reg[48]/R	-1.553
ap_rst_n	q_gmem_m_axi_U/bus_read/rreq_burst_conv/sect_addr_buf_reg[49]/R	-1.553
ap_rst_n	q_gmem_m_axi_U/bus_read/rreq_burst_conv/sect_addr_buf_reg[60]/R	-1.553
ap_rst_n	q_gmem_m_axi_U/bus_read/rreq_burst_conv/sect_addr_buf_reg[61]/R	-1.553
ap_rst_n	q_gmem_m_axi_U/bus_read/rreq_burst_conv/start_addr_reg[22]/R	-1.553
ap_rst_n	q_gmem_m_axi_U/bus_read/rreq_burst_conv/start_addr_reg[23]/R	-1.553
ap_rst_n	q_gmem_m_axi_U/bus_read/rreq_burst_conv/start_addr_reg[32]/R	-1.553
ap_rst_n	q_gmem_m_axi_U/bus_read/rreq_burst_conv/start_addr_reg[34]/R	-1.553
ap_rst_n	q_gmem_m_axi_U/bus_read/rreq_burst_conv/start_addr_reg[35]/R	-1.553
ap_rst_n	q_gmem_m_axi_U/bus_read/rreq_burst_conv/start_addr_reg[48]/R	-1.553
ap_rst_n	q_gmem_m_axi_U/bus_read/rreq_burst_conv/start_addr_reg[49]/R	-1.553
ap_rst_n	q_gmem_m_axi_U/bus_read/rreq_burst_conv/start_addr_reg[61]/R	-1.553
ap_rst_n	q_gmem_m_axi_U/load_unit_0/fifo_rreq/U_fifo_srl/dout_reg[60]/R	-1.553
ap_rst_n	k_gmem_m_axi_U/bus_read/rreq_burst_conv/could_multi_bursts.addr_buf_reg[31]/R	-1.553
ap_rst_n	k_gmem_m_axi_U/bus_read/rreq_burst_conv/could_multi_bursts.addr_buf_reg[32]/R	-1.553
ap_rst_n	k_gmem_m_axi_U/bus_read/rreq_burst_conv/could_multi_bursts.addr_buf_reg[33]/R	-1.553
ap_rst_n	k_gmem_m_axi_U/bus_read/rreq_burst_conv/could_multi_bursts.addr_buf_reg[34]/R	-1.553
ap_rst_n	k_gmem_m_axi_U/bus_read/rreq_burst_conv/could_multi_bursts.addr_buf_reg[39]/R	-1.553
ap_rst_n	k_gmem_m_axi_U/bus_read/rreq_burst_conv/could_multi_bursts.addr_buf_reg[40]/R	-1.553
ap_rst_n	k_gmem_m_axi_U/bus_read/rreq_burst_conv/could_multi_bursts.addr_buf_reg[41]/R	-1.553
ap_rst_n	k_gmem_m_axi_U/bus_read/rreq_burst_conv/could_multi_bursts.addr_buf_reg[42]/R	-1.553
ap_rst_n	control_s_axi_U/int_k_address_reg[14]/R	-1.552
ap_rst_n	control_s_axi_U/int_k_address_reg[20]/R	-1.552
ap_rst_n	control_s_axi_U/int_k_address_reg[24]/R	-1.552
ap_rst_n	control_s_axi_U/int_k_address_reg[46]/R	-1.552
ap_rst_n	control_s_axi_U/int_k_address_reg[52]/R	-1.552
ap_rst_n	control_s_axi_U/int_k_address_reg[56]/R	-1.552
s_axi_control_WSTRB[0]	control_s_axi_U/int_causal_reg[0]/D	-1.552
ap_rst_n	k_gmem_m_axi_U/load_unit_0/tmp_addr_reg[39]/R	-1.552
ap_rst_n	o_gmem_m_axi_U/store_unit_0/fifo_wreq/U_fifo_srl/dout_reg[5]/R	-1.552
ap_rst_n	q_gmem_m_axi_U/bus_read/rreq_burst_conv/sect_cnt_reg[48]/R	-1.552
ap_rst_n	q_gmem_m_axi_U/bus_read/rreq_burst_conv/sect_cnt_reg[49]/R	-1.552
ap_rst_n	q_gmem_m_axi_U/bus_read/rreq_burst_conv/start_addr_reg[58]/R	-1.552
ap_rst_n	q_gmem_m_axi_U/bus_read/rreq_burst_conv/start_addr_reg[59]/R	-1.552
ap_rst_n	q_gmem_m_axi_U/load_unit_0/fifo_rreq/U_fifo_srl/dout_reg[45]/R	-1.552
ap_rst_n	q_gmem_m_axi_U/load_unit_0/tmp_addr_reg[36]/R	-1.552
ap_rst_n	q_gmem_m_axi_U/load_unit_0/tmp_addr_reg[46]/R	-1.552
ap_rst_n	q_gmem_m_axi_U/load_unit_0/tmp_addr_reg[48]/R	-1.552
ap_rst_n	q_gmem_m_axi_U/load_unit_0/tmp_addr_reg[49]/R	-1.552
ap_rst_n	q_gmem_m_axi_U/load_unit_0/tmp_addr_reg[58]/R	-1.552
ap_rst_n	q_gmem_m_axi_U/load_unit_0/tmp_addr_reg[60]/R	-1.552
ap_rst_n	k_gmem_m_axi_U/bus_read/rreq_burst_conv/could_multi_bursts.addr_buf_reg[47]/R	-1.552
ap_rst_n	k_gmem_m_axi_U/bus_read/rreq_burst_conv/could_multi_bursts.addr_buf_reg[48]/R	-1.552
ap_rst_n	k_gmem_m_axi_U/bus_read/rreq_burst_conv/could_multi_bursts.addr_buf_reg[49]/R	-1.552
ap_rst_n	k_gmem_m_axi_U/bus_read/rreq_burst_conv/could_multi_bursts.addr_buf_reg[50]/R	-1.552
ap_rst_n	k_gmem_m_axi_U/bus_read/rreq_burst_conv/could_multi_bursts.addr_buf_reg[55]/R	-1.552
ap_rst_n	k_gmem_m_axi_U/bus_read/rreq_burst_conv/could_multi_bursts.addr_buf_reg[56]/R	-1.552
ap_rst_n	k_gmem_m_axi_U/bus_read/rreq_burst_conv/could_multi_bursts.addr_buf_reg[57]/R	-1.552
ap_rst_n	k_gmem_m_axi_U/bus_read/rreq_burst_conv/could_multi_bursts.addr_buf_reg[58]/R	-1.552
ap_rst_n	grp_run_fu_161/grp_runController_fu_106/grp_runQueryTile_fu_142/o_address_c_U/addr_reg[0]/R	-1.551
ap_rst_n	grp_run_fu_161/grp_runController_fu_106/grp_runQueryTile_fu_142/o_address_c_U/addr_reg[1]/R	-1.551
ap_rst_n	o_gmem_m_axi_U/store_unit_0/fifo_wreq/U_fifo_srl/dout_reg[3]/R	-1.551
ap_rst_n	o_gmem_m_axi_U/store_unit_0/tmp_addr_reg[7]/R	-1.551
ap_rst_n	q_gmem_m_axi_U/load_unit_0/fifo_rreq/U_fifo_srl/dout_reg[46]/R	-1.551
ap_rst_n	grp_run_fu_161/grp_runController_fu_106/grp_runQueryTile_fu_142/header1_U/addr_reg[0]/R	-1.551
ap_rst_n	grp_run_fu_161/grp_runController_fu_106/grp_runQueryTile_fu_142/header1_U/mOutPtr_reg[0]/R	-1.551
ap_rst_n	grp_run_fu_161/grp_runController_fu_106/grp_runQueryTile_fu_142/header1_U/mOutPtr_reg[1]/R	-1.551
ap_rst_n	grp_run_fu_161/grp_runController_fu_106/grp_runQueryTile_fu_142/header1_U/mOutPtr_reg[2]/R	-1.551
ap_rst_n	grp_run_fu_161/grp_runController_fu_106/grp_runQueryTile_fu_142/start_for_runQueryBlock_0_U0_U/mOutPtr_reg[0]/R	-1.551
ap_rst_n	grp_run_fu_161/grp_runController_fu_106/grp_runQueryTile_fu_142/start_for_runQueryBlock_0_U0_U/mOutPtr_reg[1]/R	-1.551
ap_rst_n	k_gmem_m_axi_U/bus_read/rreq_burst_conv/could_multi_bursts.addr_buf_reg[63]/R	-1.551
ap_rst_n	k_gmem_m_axi_U/bus_read/rreq_burst_conv/start_addr_reg[56]/R	-1.551
ap_rst_n	k_gmem_m_axi_U/bus_read/rreq_burst_conv/start_addr_reg[57]/R	-1.551
ap_rst_n	k_gmem_m_axi_U/load_unit_0/fifo_rreq/U_fifo_srl/dout_reg[50]/R	-1.551
ap_rst_n	o_gmem_m_axi_U/bus_write/fifo_burst/mOutPtr_reg[0]/R	-1.551
ap_rst_n	o_gmem_m_axi_U/bus_write/fifo_burst/mOutPtr_reg[1]/R	-1.551
ap_rst_n	o_gmem_m_axi_U/bus_write/fifo_burst/mOutPtr_reg[2]/R	-1.551
ap_rst_n	o_gmem_m_axi_U/bus_write/fifo_burst/mOutPtr_reg[3]/R	-1.551
ap_rst_n	o_gmem_m_axi_U/bus_write/wreq_throttle/last_cnt_reg[1]/R	-1.551
ap_rst_n	o_gmem_m_axi_U/bus_write/wreq_throttle/last_cnt_reg[2]/R	-1.551
ap_rst_n	o_gmem_m_axi_U/bus_write/wreq_throttle/last_cnt_reg[3]/R	-1.551
ap_rst_n	o_gmem_m_axi_U/bus_write/wreq_throttle/last_cnt_reg[4]/R	-1.551
ap_rst_n	o_gmem_m_axi_U/bus_write/wreq_throttle/req_fifo/mOutPtr_reg[0]/R	-1.551
ap_rst_n	o_gmem_m_axi_U/bus_write/wreq_throttle/req_fifo/mOutPtr_reg[1]/R	-1.551
ap_rst_n	o_gmem_m_axi_U/bus_write/wreq_throttle/req_fifo/mOutPtr_reg[2]/R	-1.551
ap_rst_n	o_gmem_m_axi_U/bus_write/wreq_throttle/req_fifo/mOutPtr_reg[3]/R	-1.551
ap_rst_n	q_gmem_m_axi_U/bus_read/rreq_burst_conv/sect_cnt_reg[12]/R	-1.551
ap_rst_n	q_gmem_m_axi_U/bus_read/rreq_burst_conv/sect_cnt_reg[13]/R	-1.551
ap_rst_n	q_gmem_m_axi_U/bus_read/rreq_burst_conv/sect_cnt_reg[14]/R	-1.551
ap_rst_n	q_gmem_m_axi_U/bus_read/rreq_burst_conv/sect_cnt_reg[15]/R	-1.551
ap_rst_n	q_gmem_m_axi_U/load_unit_0/tmp_addr_reg[61]/R	-1.551
ap_rst_n	q_gmem_m_axi_U/load_unit_0/fifo_rreq/U_fifo_srl/dout_reg[22]/R	-1.550
ap_rst_n	grp_run_fu_161/grp_runController_fu_106/grp_runQueryTile_fu_142/o_address_c_U/empty_n_reg/R	-1.550
ap_rst_n	grp_run_fu_161/grp_runController_fu_106/grp_runQueryTile_fu_142/o_address_c_U/full_n_reg/S	-1.550
ap_rst_n	o_gmem_m_axi_U/store_unit_0/user_resp/mOutPtr_reg[2]/R	-1.550
ap_rst_n	o_gmem_m_axi_U/store_unit_0/user_resp/mOutPtr_reg[3]/R	-1.550
ap_rst_n	o_gmem_m_axi_U/store_unit_0/user_resp/mOutPtr_reg[4]/R	-1.550
ap_rst_n	q_gmem_m_axi_U/bus_read/rreq_burst_conv/sect_cnt_reg[34]/R	-1.550
ap_rst_n	q_gmem_m_axi_U/bus_read/rreq_burst_conv/sect_cnt_reg[35]/R	-1.550
ap_rst_n	q_gmem_m_axi_U/bus_read/rreq_burst_conv/sect_cnt_reg[40]/R	-1.550
ap_rst_n	q_gmem_m_axi_U/bus_read/rreq_burst_conv/sect_cnt_reg[41]/R	-1.550
ap_rst_n	q_gmem_m_axi_U/bus_read/rreq_burst_conv/sect_cnt_reg[50]/R	-1.550
ap_rst_n	q_gmem_m_axi_U/bus_read/rreq_burst_conv/sect_cnt_reg[51]/R	-1.550
ap_rst_n	grp_run_fu_161/grp_runController_fu_106/grp_runQueryTile_fu_142/distributeQueryTile_U0/grp_distributeQueryTile_Pipeline_VITIS_LOOP_501_3_VITIS_LOOP_506_4_VITIS_LOOP_507_5_fu_220/ap_enable_reg_pp0_iter20_reg/R	-1.550
ap_rst_n	grp_run_fu_161/grp_runController_fu_106/grp_runQueryTile_fu_142/distributeQueryTile_U0/grp_distributeQueryTile_Pipeline_VITIS_LOOP_501_3_VITIS_LOOP_506_4_VITIS_LOOP_507_5_fu_220/ap_enable_reg_pp0_iter21_reg/R	-1.550
ap_rst_n	grp_run_fu_161/grp_runController_fu_106/grp_runQueryTile_fu_142/distributeQueryTile_U0/grp_distributeQueryTile_Pipeline_VITIS_LOOP_501_3_VITIS_LOOP_506_4_VITIS_LOOP_507_5_fu_220/ap_enable_reg_pp0_iter22_reg/R	-1.550
ap_rst_n	grp_run_fu_161/grp_runController_fu_106/grp_runQueryTile_fu_142/distributeQueryTile_U0/grp_distributeQueryTile_Pipeline_VITIS_LOOP_501_3_VITIS_LOOP_506_4_VITIS_LOOP_507_5_fu_220/ap_enable_reg_pp0_iter23_reg/R	-1.550
ap_rst_n	grp_run_fu_161/grp_runController_fu_106/grp_runQueryTile_fu_142/distributeQueryTile_U0/grp_distributeQueryTile_Pipeline_VITIS_LOOP_501_3_VITIS_LOOP_506_4_VITIS_LOOP_507_5_fu_220/ap_enable_reg_pp0_iter24_reg/R	-1.550
ap_rst_n	grp_run_fu_161/grp_runController_fu_106/grp_runQueryTile_fu_142/distributeQueryTile_U0/grp_distributeQueryTile_Pipeline_VITIS_LOOP_501_3_VITIS_LOOP_506_4_VITIS_LOOP_507_5_fu_220/ap_enable_reg_pp0_iter25_reg/R	-1.550
ap_rst_n	grp_run_fu_161/grp_runController_fu_106/grp_runQueryTile_fu_142/distributeQueryTile_U0/grp_distributeQueryTile_Pipeline_VITIS_LOOP_501_3_VITIS_LOOP_506_4_VITIS_LOOP_507_5_fu_220/ap_enable_reg_pp0_iter26_reg/R	-1.550
ap_rst_n	grp_run_fu_161/grp_runController_fu_106/grp_runQueryTile_fu_142/distributeQueryTile_U0/grp_distributeQueryTile_Pipeline_VITIS_LOOP_501_3_VITIS_LOOP_506_4_VITIS_LOOP_507_5_fu_220/ap_enable_reg_pp0_iter27_reg/R	-1.550
ap_rst_n	k_gmem_m_axi_U/bus_read/rreq_burst_conv/could_multi_bursts.addr_buf_reg[3]/R	-1.550
ap_rst_n	k_gmem_m_axi_U/bus_read/rreq_burst_conv/could_multi_bursts.addr_buf_reg[4]/R	-1.550
ap_rst_n	k_gmem_m_axi_U/bus_read/rreq_burst_conv/could_multi_bursts.addr_buf_reg[5]/R	-1.550
ap_rst_n	k_gmem_m_axi_U/bus_read/rreq_burst_conv/could_multi_bursts.addr_buf_reg[6]/R	-1.550
ap_rst_n	k_gmem_m_axi_U/bus_read/rreq_burst_conv/could_multi_bursts.addr_step_reg[3]/R	-1.550
ap_rst_n	k_gmem_m_axi_U/bus_read/rreq_burst_conv/could_multi_bursts.addr_step_reg[4]/R	-1.550
ap_rst_n	k_gmem_m_axi_U/bus_read/rreq_burst_conv/could_multi_bursts.addr_step_reg[5]/R	-1.550
ap_rst_n	k_gmem_m_axi_U/bus_read/rreq_burst_conv/could_multi_bursts.addr_step_reg[6]/R	-1.550
ap_rst_n	k_gmem_m_axi_U/bus_read/rreq_burst_conv/could_multi_bursts.addr_step_reg[7]/R	-1.550
ap_rst_n	k_gmem_m_axi_U/bus_read/rreq_burst_conv/could_multi_bursts.addr_step_reg[8]/R	-1.550
ap_rst_n	k_gmem_m_axi_U/bus_read/rreq_burst_conv/could_multi_bursts.addr_step_reg[9]/R	-1.550
ap_rst_n	k_gmem_m_axi_U/bus_read/rreq_burst_conv/sect_cnt_reg[46]/R	-1.550
ap_rst_n	k_gmem_m_axi_U/bus_read/rreq_burst_conv/sect_cnt_reg[47]/R	-1.550
ap_rst_n	k_gmem_m_axi_U/bus_read/rreq_burst_conv/sect_cnt_reg[48]/R	-1.550
ap_rst_n	k_gmem_m_axi_U/bus_read/rreq_burst_conv/sect_cnt_reg[49]/R	-1.550
ap_rst_n	k_gmem_m_axi_U/load_unit_0/fifo_rreq/U_fifo_srl/dout_reg[44]/R	-1.550
ap_rst_n	k_gmem_m_axi_U/load_unit_0/tmp_addr_reg[51]/R	-1.550
ap_rst_n	q_gmem_m_axi_U/bus_read/rreq_burst_conv/sect_addr_buf_reg[36]/R	-1.550
ap_rst_n	q_gmem_m_axi_U/bus_read/rreq_burst_conv/sect_addr_buf_reg[37]/R	-1.550
ap_rst_n	q_gmem_m_axi_U/bus_read/rreq_burst_conv/sect_cnt_reg[0]/R	-1.550
ap_rst_n	q_gmem_m_axi_U/bus_read/rreq_burst_conv/sect_cnt_reg[16]/R	-1.550
ap_rst_n	q_gmem_m_axi_U/bus_read/rreq_burst_conv/sect_cnt_reg[17]/R	-1.550
ap_rst_n	q_gmem_m_axi_U/bus_read/rreq_burst_conv/sect_cnt_reg[1]/R	-1.550
ap_rst_n	q_gmem_m_axi_U/bus_read/rreq_burst_conv/sect_cnt_reg[8]/R	-1.550
ap_rst_n	q_gmem_m_axi_U/bus_read/rreq_burst_conv/sect_cnt_reg[9]/R	-1.550
ap_rst_n	grp_run_fu_161/grp_runController_fu_106/grp_runQueryTile_fu_142/gatherQueryTile_U0/grp_storeOutputTile_fu_118/ap_CS_fsm_reg[2]/R	-1.549
ap_rst_n	q_gmem_m_axi_U/load_unit_0/fifo_rreq/U_fifo_srl/dout_reg[15]/R	-1.549
ap_rst_n	q_gmem_m_axi_U/load_unit_0/fifo_rreq/U_fifo_srl/dout_reg[19]/R	-1.549
ap_rst_n	grp_run_fu_161/grp_runController_fu_106/grp_runQueryTile_fu_142/gatherQueryTile_U0/grp_storeOutputTile_fu_118/ap_CS_fsm_reg[55]/R	-1.549
ap_rst_n	grp_run_fu_161/grp_runController_fu_106/grp_runQueryTile_fu_142/gatherQueryTile_U0/grp_storeOutputTile_fu_118/ap_CS_fsm_reg[56]/R	-1.549
ap_rst_n	grp_run_fu_161/grp_runController_fu_106/grp_runQueryTile_fu_142/gatherQueryTile_U0/grp_storeOutputTile_fu_118/ap_CS_fsm_reg[57]/R	-1.549
ap_rst_n	grp_run_fu_161/grp_runController_fu_106/grp_runQueryTile_fu_142/gatherQueryTile_U0/grp_storeOutputTile_fu_118/ap_CS_fsm_reg[58]/R	-1.549
ap_rst_n	grp_run_fu_161/grp_runController_fu_106/grp_runQueryTile_fu_142/gatherQueryTile_U0/grp_storeOutputTile_fu_118/ap_CS_fsm_reg[60]/R	-1.549
ap_rst_n	grp_run_fu_161/grp_runController_fu_106/grp_runQueryTile_fu_142/gatherQueryTile_U0/grp_storeOutputTile_fu_118/ap_CS_fsm_reg[61]/R	-1.549
ap_rst_n	grp_run_fu_161/grp_runController_fu_106/grp_runQueryTile_fu_142/gatherQueryTile_U0/grp_storeOutputTile_fu_118/ap_CS_fsm_reg[62]/R	-1.549
ap_rst_n	grp_run_fu_161/grp_runController_fu_106/grp_runQueryTile_fu_142/gatherQueryTile_U0/grp_storeOutputTile_fu_118/ap_CS_fsm_reg[63]/R	-1.549
ap_rst_n	grp_run_fu_161/grp_runController_fu_106/grp_runQueryTile_fu_142/gatherQueryTile_U0/grp_storeOutputTile_fu_118/ap_CS_fsm_reg[64]/R	-1.549
ap_rst_n	grp_run_fu_161/grp_runController_fu_106/grp_runQueryTile_fu_142/gatherQueryTile_U0/grp_storeOutputTile_fu_118/ap_CS_fsm_reg[65]/R	-1.549
ap_rst_n	grp_run_fu_161/grp_runController_fu_106/grp_runQueryTile_fu_142/gatherQueryTile_U0/grp_storeOutputTile_fu_118/ap_CS_fsm_reg[66]/R	-1.549
ap_rst_n	grp_run_fu_161/grp_runController_fu_106/grp_runQueryTile_fu_142/gatherQueryTile_U0/grp_storeOutputTile_fu_118/ap_CS_fsm_reg[67]/R	-1.549
ap_rst_n	grp_run_fu_161/grp_runController_fu_106/grp_runQueryTile_fu_142/gatherQueryTile_U0/grp_storeOutputTile_fu_118/ap_CS_fsm_reg[68]/R	-1.549
ap_rst_n	grp_run_fu_161/grp_runController_fu_106/grp_runQueryTile_fu_142/gatherQueryTile_U0/grp_storeOutputTile_fu_118/ap_CS_fsm_reg[69]/R	-1.549
ap_rst_n	grp_run_fu_161/grp_runController_fu_106/grp_runQueryTile_fu_142/gatherQueryTile_U0/grp_storeOutputTile_fu_118/ap_CS_fsm_reg[70]/R	-1.549
ap_rst_n	k_gmem_m_axi_U/bus_read/rreq_burst_conv/could_multi_bursts.addr_buf_reg[11]/R	-1.549
ap_rst_n	k_gmem_m_axi_U/bus_read/rreq_burst_conv/could_multi_bursts.addr_buf_reg[12]/R	-1.549
ap_rst_n	k_gmem_m_axi_U/bus_read/rreq_burst_conv/could_multi_bursts.addr_buf_reg[13]/R	-1.549
ap_rst_n	k_gmem_m_axi_U/bus_read/rreq_burst_conv/could_multi_bursts.addr_buf_reg[14]/R	-1.549
ap_rst_n	k_gmem_m_axi_U/bus_read/rreq_burst_conv/could_multi_bursts.addr_buf_reg[19]/R	-1.549
ap_rst_n	k_gmem_m_axi_U/bus_read/rreq_burst_conv/could_multi_bursts.addr_buf_reg[20]/R	-1.549
ap_rst_n	k_gmem_m_axi_U/bus_read/rreq_burst_conv/could_multi_bursts.addr_buf_reg[21]/R	-1.549
ap_rst_n	k_gmem_m_axi_U/bus_read/rreq_burst_conv/could_multi_bursts.addr_buf_reg[22]/R	-1.549
ap_rst_n	k_gmem_m_axi_U/bus_read/rreq_burst_conv/start_addr_reg[48]/R	-1.549
ap_rst_n	k_gmem_m_axi_U/bus_read/rreq_burst_conv/start_addr_reg[60]/R	-1.549
ap_rst_n	k_gmem_m_axi_U/bus_read/rreq_burst_conv/start_addr_reg[61]/R	-1.549
ap_rst_n	k_gmem_m_axi_U/bus_read/rreq_burst_conv/start_addr_reg[63]/R	-1.549
ap_rst_n	k_gmem_m_axi_U/load_unit_0/fifo_rreq/U_fifo_srl/dout_reg[52]/R	-1.549
ap_rst_n	k_gmem_m_axi_U/load_unit_0/fifo_rreq/U_fifo_srl/dout_reg[60]/R	-1.549
ap_rst_n	k_gmem_m_axi_U/load_unit_0/tmp_addr_reg[35]/R	-1.549
ap_rst_n	o_gmem_m_axi_U/bus_write/wreq_throttle/last_cnt_reg[0]/R	-1.549
ap_rst_n	o_gmem_m_axi_U/store_unit_0/user_resp/mOutPtr_reg[5]/R	-1.549
ap_rst_n	o_gmem_m_axi_U/store_unit_0/user_resp/mOutPtr_reg[6]/R	-1.549
ap_rst_n	o_gmem_m_axi_U/store_unit_0/user_resp/mOutPtr_reg[7]/R	-1.549
ap_rst_n	q_gmem_m_axi_U/bus_read/rreq_burst_conv/sect_addr_buf_reg[46]/R	-1.549
ap_rst_n	q_gmem_m_axi_U/bus_read/rreq_burst_conv/sect_addr_buf_reg[47]/R	-1.549
ap_rst_n	q_gmem_m_axi_U/bus_read/rreq_burst_conv/sect_addr_buf_reg[52]/R	-1.549
ap_rst_n	q_gmem_m_axi_U/bus_read/rreq_burst_conv/sect_addr_buf_reg[53]/R	-1.549
ap_rst_n	q_gmem_m_axi_U/bus_read/rreq_burst_conv/sect_cnt_reg[36]/R	-1.549
ap_rst_n	q_gmem_m_axi_U/bus_read/rreq_burst_conv/sect_cnt_reg[37]/R	-1.549
ap_rst_n	q_gmem_m_axi_U/bus_read/rreq_burst_conv/sect_cnt_reg[46]/R	-1.549
ap_rst_n	q_gmem_m_axi_U/bus_read/rreq_burst_conv/sect_cnt_reg[47]/R	-1.549
ap_rst_n	q_gmem_m_axi_U/bus_read/rreq_burst_conv/start_addr_reg[12]/R	-1.549
ap_rst_n	q_gmem_m_axi_U/bus_read/rreq_burst_conv/start_addr_reg[13]/R	-1.549
ap_rst_n	q_gmem_m_axi_U/bus_read/rreq_burst_conv/start_addr_reg[18]/R	-1.549
ap_rst_n	q_gmem_m_axi_U/bus_read/rreq_burst_conv/start_addr_reg[20]/R	-1.549
ap_rst_n	q_gmem_m_axi_U/bus_read/rreq_burst_conv/start_addr_reg[21]/R	-1.549
ap_rst_n	q_gmem_m_axi_U/bus_read/rreq_burst_conv/start_addr_reg[24]/R	-1.549
ap_rst_n	q_gmem_m_axi_U/bus_read/rreq_burst_conv/start_addr_reg[25]/R	-1.549
ap_rst_n	q_gmem_m_axi_U/bus_read/rreq_burst_conv/start_addr_reg[26]/R	-1.549
ap_rst_n	q_gmem_m_axi_U/bus_read/rreq_burst_conv/start_addr_reg[27]/R	-1.549
ap_rst_n	q_gmem_m_axi_U/bus_read/rreq_burst_conv/start_addr_reg[28]/R	-1.549
ap_rst_n	q_gmem_m_axi_U/bus_read/rreq_burst_conv/start_addr_reg[33]/R	-1.549
ap_rst_n	q_gmem_m_axi_U/bus_read/rreq_burst_conv/start_addr_reg[36]/R	-1.549
ap_rst_n	q_gmem_m_axi_U/bus_read/rreq_burst_conv/start_addr_reg[37]/R	-1.549
ap_rst_n	q_gmem_m_axi_U/load_unit_0/fifo_rreq/U_fifo_srl/dout_reg[55]/R	-1.549
ap_rst_n	q_gmem_m_axi_U/load_unit_0/fifo_rreq/U_fifo_srl/dout_reg[57]/R	-1.549
ap_rst_n	control_s_axi_U/int_q_address_reg[20]/R	-1.548
ap_rst_n	control_s_axi_U/int_q_address_reg[22]/R	-1.548
ap_rst_n	control_s_axi_U/int_q_address_reg[28]/R	-1.548
ap_rst_n	control_s_axi_U/int_q_address_reg[30]/R	-1.548
ap_rst_n	control_s_axi_U/int_q_address_reg[52]/R	-1.548
ap_rst_n	control_s_axi_U/int_q_address_reg[54]/R	-1.548
ap_rst_n	control_s_axi_U/int_q_address_reg[60]/R	-1.548
ap_rst_n	control_s_axi_U/int_q_address_reg[62]/R	-1.548
ap_rst_n	q_gmem_m_axi_U/bus_read/rreq_burst_conv/start_addr_reg[47]/R	-1.548
ap_rst_n	q_gmem_m_axi_U/bus_read/rreq_burst_conv/start_addr_reg[52]/R	-1.548
ap_rst_n	q_gmem_m_axi_U/bus_read/rreq_burst_conv/start_addr_reg[53]/R	-1.548
ap_rst_n	q_gmem_m_axi_U/bus_read/rreq_burst_conv/start_addr_reg[56]/R	-1.548
ap_rst_n	grp_run_fu_161/grp_runController_fu_106/grp_runQueryTile_fu_142/start_for_gatherQueryTile_U0_U/empty_n_reg/R	-1.548
ap_rst_n	grp_run_fu_161/grp_runController_fu_106/grp_runQueryTile_fu_142/start_for_gatherQueryTile_U0_U/full_n_reg/S	-1.548
ap_rst_n	k_gmem_m_axi_U/load_unit_0/fifo_rreq/U_fifo_srl/dout_reg[59]/R	-1.548
ap_rst_n	k_gmem_m_axi_U/load_unit_0/tmp_addr_reg[58]/R	-1.548
ap_rst_n	k_gmem_m_axi_U/load_unit_0/tmp_addr_reg[60]/R	-1.548
ap_rst_n	k_gmem_m_axi_U/load_unit_0/tmp_addr_reg[61]/R	-1.548
ap_rst_n	o_gmem_m_axi_U/store_unit_0/fifo_wreq/raddr_reg[0]/R	-1.548
ap_rst_n	o_gmem_m_axi_U/store_unit_0/fifo_wreq/raddr_reg[1]/R	-1.548
ap_rst_n	o_gmem_m_axi_U/store_unit_0/fifo_wreq/raddr_reg[2]/R	-1.548
ap_rst_n	o_gmem_m_axi_U/store_unit_0/fifo_wreq/raddr_reg[3]/R	-1.548
ap_rst_n	o_gmem_m_axi_U/store_unit_0/fifo_wreq/raddr_reg[4]/R	-1.548
ap_rst_n	q_gmem_m_axi_U/bus_read/rreq_burst_conv/sect_cnt_reg[10]/R	-1.548
ap_rst_n	q_gmem_m_axi_U/bus_read/rreq_burst_conv/sect_cnt_reg[11]/R	-1.548
ap_rst_n	q_gmem_m_axi_U/bus_read/rreq_burst_conv/sect_cnt_reg[20]/R	-1.548
ap_rst_n	q_gmem_m_axi_U/bus_read/rreq_burst_conv/sect_cnt_reg[21]/R	-1.548
ap_rst_n	q_gmem_m_axi_U/bus_read/rreq_burst_conv/sect_cnt_reg[22]/R	-1.548
ap_rst_n	q_gmem_m_axi_U/bus_read/rreq_burst_conv/sect_cnt_reg[23]/R	-1.548
ap_rst_n	q_gmem_m_axi_U/bus_read/rreq_burst_conv/sect_cnt_reg[24]/R	-1.548
ap_rst_n	q_gmem_m_axi_U/bus_read/rreq_burst_conv/sect_cnt_reg[25]/R	-1.548
ap_rst_n	q_gmem_m_axi_U/bus_read/rreq_burst_conv/start_addr_reg[29]/R	-1.548
ap_rst_n	q_gmem_m_axi_U/load_unit_0/fifo_rreq/U_fifo_srl/dout_reg[34]/R	-1.548
ap_rst_n	k_gmem_m_axi_U/bus_read/rreq_burst_conv/could_multi_bursts.addr_buf_reg[27]/R	-1.548
ap_rst_n	k_gmem_m_axi_U/bus_read/rreq_burst_conv/could_multi_bursts.addr_buf_reg[28]/R	-1.548
ap_rst_n	k_gmem_m_axi_U/bus_read/rreq_burst_conv/could_multi_bursts.addr_buf_reg[29]/R	-1.548
ap_rst_n	k_gmem_m_axi_U/bus_read/rreq_burst_conv/could_multi_bursts.addr_buf_reg[30]/R	-1.548
ap_rst_n	k_gmem_m_axi_U/bus_read/rreq_burst_conv/could_multi_bursts.addr_buf_reg[35]/R	-1.548
ap_rst_n	k_gmem_m_axi_U/bus_read/rreq_burst_conv/could_multi_bursts.addr_buf_reg[36]/R	-1.548
ap_rst_n	k_gmem_m_axi_U/bus_read/rreq_burst_conv/could_multi_bursts.addr_buf_reg[37]/R	-1.548
ap_rst_n	k_gmem_m_axi_U/bus_read/rreq_burst_conv/could_multi_bursts.addr_buf_reg[38]/R	-1.548
ap_rst_n	q_gmem_m_axi_U/load_unit_0/fifo_rreq/U_fifo_srl/dout_reg[20]/R	-1.547
ap_rst_n	q_gmem_m_axi_U/load_unit_0/fifo_rreq/U_fifo_srl/dout_reg[29]/R	-1.547
ap_rst_n	q_gmem_m_axi_U/load_unit_0/tmp_addr_reg[13]/R	-1.547
ap_rst_n	grp_run_fu_161/grp_runController_fu_106/grp_runQueryTile_fu_142/start_for_gatherQueryTile_U0_U/mOutPtr_reg[0]/R	-1.547
ap_rst_n	grp_run_fu_161/grp_runController_fu_106/grp_runQueryTile_fu_142/start_for_gatherQueryTile_U0_U/mOutPtr_reg[1]/R	-1.547
ap_rst_n	grp_run_fu_161/grp_runController_fu_106/grp_runQueryTile_fu_142/start_for_gatherQueryTile_U0_U/mOutPtr_reg[2]/R	-1.547
ap_rst_n	q_gmem_m_axi_U/load_unit_0/tmp_addr_reg[37]/R	-1.547
ap_rst_n	k_gmem_m_axi_U/bus_read/rreq_burst_conv/could_multi_bursts.addr_buf_reg[43]/R	-1.547
ap_rst_n	k_gmem_m_axi_U/bus_read/rreq_burst_conv/could_multi_bursts.addr_buf_reg[44]/R	-1.547
ap_rst_n	k_gmem_m_axi_U/bus_read/rreq_burst_conv/could_multi_bursts.addr_buf_reg[45]/R	-1.547
ap_rst_n	k_gmem_m_axi_U/bus_read/rreq_burst_conv/could_multi_bursts.addr_buf_reg[46]/R	-1.547
ap_rst_n	k_gmem_m_axi_U/bus_read/rreq_burst_conv/could_multi_bursts.addr_buf_reg[51]/R	-1.547
ap_rst_n	k_gmem_m_axi_U/bus_read/rreq_burst_conv/could_multi_bursts.addr_buf_reg[52]/R	-1.547
ap_rst_n	k_gmem_m_axi_U/bus_read/rreq_burst_conv/could_multi_bursts.addr_buf_reg[53]/R	-1.547
ap_rst_n	k_gmem_m_axi_U/bus_read/rreq_burst_conv/could_multi_bursts.addr_buf_reg[54]/R	-1.547
ap_rst_n	control_s_axi_U/int_k_address_reg[22]/R	-1.546
ap_rst_n	control_s_axi_U/int_k_address_reg[26]/R	-1.546
ap_rst_n	control_s_axi_U/int_k_address_reg[54]/R	-1.546
ap_rst_n	control_s_axi_U/int_k_address_reg[58]/R	-1.546
ap_rst_n	q_gmem_m_axi_U/load_unit_0/fifo_rreq/full_n_reg/D	-1.546
ap_rst_n	q_gmem_m_axi_U/load_unit_0/tmp_addr_reg[23]/R	-1.546
ap_rst_n	k_gmem_m_axi_U/bus_read/rreq_burst_conv/could_multi_bursts.addr_buf_reg[59]/R	-1.546
ap_rst_n	k_gmem_m_axi_U/bus_read/rreq_burst_conv/could_multi_bursts.addr_buf_reg[60]/R	-1.546
ap_rst_n	k_gmem_m_axi_U/bus_read/rreq_burst_conv/could_multi_bursts.addr_buf_reg[61]/R	-1.546
ap_rst_n	k_gmem_m_axi_U/bus_read/rreq_burst_conv/could_multi_bursts.addr_buf_reg[62]/R	-1.546
ap_rst_n	k_gmem_m_axi_U/bus_read/rreq_burst_conv/start_addr_reg[47]/R	-1.546
ap_rst_n	k_gmem_m_axi_U/bus_read/rreq_burst_conv/start_addr_reg[51]/R	-1.546
ap_rst_n	k_gmem_m_axi_U/bus_read/rreq_burst_conv/start_addr_reg[59]/R	-1.546
ap_rst_n	q_gmem_m_axi_U/bus_read/rreq_burst_conv/sect_addr_buf_reg[22]/R	-1.546
ap_rst_n	q_gmem_m_axi_U/bus_read/rreq_burst_conv/sect_addr_buf_reg[23]/R	-1.546
ap_rst_n	q_gmem_m_axi_U/bus_read/rreq_burst_conv/sect_addr_buf_reg[26]/R	-1.546
ap_rst_n	q_gmem_m_axi_U/bus_read/rreq_burst_conv/sect_addr_buf_reg[27]/R	-1.546
ap_rst_n	q_gmem_m_axi_U/bus_read/rreq_burst_conv/sect_addr_buf_reg[32]/R	-1.546
ap_rst_n	q_gmem_m_axi_U/bus_read/rreq_burst_conv/sect_addr_buf_reg[33]/R	-1.546
ap_rst_n	grp_run_fu_161/grp_runController_fu_106/grp_runQueryTile_fu_142/distributeQueryTile_U0/grp_distributeQueryTile_Pipeline_VITIS_LOOP_501_3_VITIS_LOOP_506_4_VITIS_LOOP_507_5_fu_220/ap_enable_reg_pp0_iter10_reg/R	-1.545
ap_rst_n	grp_run_fu_161/grp_runController_fu_106/grp_runQueryTile_fu_142/distributeQueryTile_U0/grp_distributeQueryTile_Pipeline_VITIS_LOOP_501_3_VITIS_LOOP_506_4_VITIS_LOOP_507_5_fu_220/ap_enable_reg_pp0_iter11_reg/R	-1.545
ap_rst_n	grp_run_fu_161/grp_runController_fu_106/grp_runQueryTile_fu_142/distributeQueryTile_U0/grp_distributeQueryTile_Pipeline_VITIS_LOOP_501_3_VITIS_LOOP_506_4_VITIS_LOOP_507_5_fu_220/ap_enable_reg_pp0_iter12_reg/R	-1.545
ap_rst_n	grp_run_fu_161/grp_runController_fu_106/grp_runQueryTile_fu_142/distributeQueryTile_U0/grp_distributeQueryTile_Pipeline_VITIS_LOOP_501_3_VITIS_LOOP_506_4_VITIS_LOOP_507_5_fu_220/ap_enable_reg_pp0_iter7_reg/R	-1.545
ap_rst_n	grp_run_fu_161/grp_runController_fu_106/grp_runQueryTile_fu_142/distributeQueryTile_U0/grp_distributeQueryTile_Pipeline_VITIS_LOOP_501_3_VITIS_LOOP_506_4_VITIS_LOOP_507_5_fu_220/ap_enable_reg_pp0_iter8_reg/R	-1.545
ap_rst_n	grp_run_fu_161/grp_runController_fu_106/grp_runQueryTile_fu_142/distributeQueryTile_U0/grp_distributeQueryTile_Pipeline_VITIS_LOOP_501_3_VITIS_LOOP_506_4_VITIS_LOOP_507_5_fu_220/ap_enable_reg_pp0_iter9_reg/R	-1.545
ap_rst_n	k_gmem_m_axi_U/bus_read/rreq_burst_conv/sect_addr_buf_reg[48]/R	-1.545
ap_rst_n	k_gmem_m_axi_U/bus_read/rreq_burst_conv/sect_addr_buf_reg[49]/R	-1.545
ap_rst_n	k_gmem_m_axi_U/bus_read/rreq_burst_conv/sect_addr_buf_reg[60]/R	-1.545
ap_rst_n	k_gmem_m_axi_U/bus_read/rreq_burst_conv/sect_addr_buf_reg[61]/R	-1.545
ap_rst_n	k_gmem_m_axi_U/bus_read/rreq_burst_conv/sect_addr_buf_reg[62]/R	-1.545
ap_rst_n	k_gmem_m_axi_U/bus_read/rreq_burst_conv/sect_addr_buf_reg[63]/R	-1.545
ap_rst_n	k_gmem_m_axi_U/load_unit_0/fifo_rreq/U_fifo_srl/dout_reg[69]/R	-1.545
ap_rst_n	k_gmem_m_axi_U/load_unit_0/tmp_addr_reg[59]/R	-1.545
ap_rst_n	q_gmem_m_axi_U/bus_read/rreq_burst_conv/sect_addr_buf_reg[12]/R	-1.545
ap_rst_n	q_gmem_m_axi_U/bus_read/rreq_burst_conv/sect_addr_buf_reg[13]/R	-1.545
ap_rst_n	q_gmem_m_axi_U/bus_read/rreq_burst_conv/sect_addr_buf_reg[28]/R	-1.545
ap_rst_n	q_gmem_m_axi_U/bus_read/rreq_burst_conv/sect_addr_buf_reg[29]/R	-1.545
ap_rst_n	q_gmem_m_axi_U/bus_read/rreq_burst_conv/sect_addr_buf_reg[44]/R	-1.545
ap_rst_n	q_gmem_m_axi_U/bus_read/rreq_burst_conv/sect_addr_buf_reg[45]/R	-1.545
ap_rst_n	q_gmem_m_axi_U/bus_read/rreq_burst_conv/sect_addr_buf_reg[50]/R	-1.545
ap_rst_n	q_gmem_m_axi_U/bus_read/rreq_burst_conv/sect_addr_buf_reg[51]/R	-1.545
ap_rst_n	q_gmem_m_axi_U/bus_read/rreq_burst_conv/sect_addr_buf_reg[54]/R	-1.545
ap_rst_n	q_gmem_m_axi_U/bus_read/rreq_burst_conv/sect_addr_buf_reg[55]/R	-1.545
ap_rst_n	q_gmem_m_axi_U/bus_read/rreq_burst_conv/sect_addr_buf_reg[56]/R	-1.545
ap_rst_n	q_gmem_m_axi_U/bus_read/rreq_burst_conv/sect_addr_buf_reg[57]/R	-1.545
ap_rst_n	q_gmem_m_axi_U/load_unit_0/fifo_rreq/U_fifo_srl/dout_reg[21]/R	-1.544
ap_rst_n	control_s_axi_U/int_k_address_reg[30]/R	-1.544
ap_rst_n	control_s_axi_U/int_k_address_reg[62]/R	-1.544
ap_rst_n	grp_run_fu_161/grp_runController_fu_106/grp_runQueryTile_fu_142/gatherQueryTile_U0/grp_storeOutputTile_fu_118/ap_CS_fsm_reg[48]/R	-1.544
ap_rst_n	grp_run_fu_161/grp_runController_fu_106/grp_runQueryTile_fu_142/gatherQueryTile_U0/grp_storeOutputTile_fu_118/ap_CS_fsm_reg[49]/R	-1.544
ap_rst_n	grp_run_fu_161/grp_runController_fu_106/grp_runQueryTile_fu_142/gatherQueryTile_U0/grp_storeOutputTile_fu_118/ap_CS_fsm_reg[50]/R	-1.544
ap_rst_n	grp_run_fu_161/grp_runController_fu_106/grp_runQueryTile_fu_142/gatherQueryTile_U0/grp_storeOutputTile_fu_118/ap_CS_fsm_reg[51]/R	-1.544
ap_rst_n	grp_run_fu_161/grp_runController_fu_106/grp_runQueryTile_fu_142/gatherQueryTile_U0/grp_storeOutputTile_fu_118/ap_CS_fsm_reg[52]/R	-1.544
ap_rst_n	grp_run_fu_161/grp_runController_fu_106/grp_runQueryTile_fu_142/gatherQueryTile_U0/grp_storeOutputTile_fu_118/ap_CS_fsm_reg[53]/R	-1.544
ap_rst_n	grp_run_fu_161/grp_runController_fu_106/grp_runQueryTile_fu_142/gatherQueryTile_U0/grp_storeOutputTile_fu_118/ap_CS_fsm_reg[54]/R	-1.544
ap_rst_n	grp_run_fu_161/grp_runController_fu_106/grp_runQueryTile_fu_142/gatherQueryTile_U0/grp_storeOutputTile_fu_118/ap_CS_fsm_reg[59]/R	-1.544
ap_rst_n	k_gmem_m_axi_U/bus_read/rreq_burst_conv/start_addr_reg[49]/R	-1.544
ap_rst_n	q_gmem_m_axi_U/bus_read/rreq_burst_conv/could_multi_bursts.addr_buf_reg[63]/R	-1.544
m_axi_q_gmem_ARREADY	q_gmem_m_axi_U/bus_read/rreq_burst_conv/could_multi_bursts.burst_valid_reg/D	-1.544
ap_rst_n	q_gmem_m_axi_U/bus_read/rreq_burst_conv/sect_addr_buf_reg[20]/R	-1.544
ap_rst_n	q_gmem_m_axi_U/bus_read/rreq_burst_conv/sect_addr_buf_reg[21]/R	-1.544
ap_rst_n	q_gmem_m_axi_U/bus_read/rreq_burst_conv/sect_addr_buf_reg[24]/R	-1.544
ap_rst_n	q_gmem_m_axi_U/bus_read/rreq_burst_conv/sect_addr_buf_reg[25]/R	-1.544
ap_rst_n	q_gmem_m_axi_U/bus_read/rreq_burst_conv/start_addr_reg[44]/R	-1.544
ap_rst_n	q_gmem_m_axi_U/bus_read/rreq_burst_conv/start_addr_reg[45]/R	-1.544
ap_rst_n	q_gmem_m_axi_U/bus_read/rreq_burst_conv/start_addr_reg[50]/R	-1.544
ap_rst_n	q_gmem_m_axi_U/bus_read/rreq_burst_conv/start_addr_reg[51]/R	-1.544
ap_rst_n	q_gmem_m_axi_U/load_unit_0/fifo_rreq/U_fifo_srl/dout_reg[10]/R	-1.544
ap_rst_n	q_gmem_m_axi_U/load_unit_0/fifo_rreq/U_fifo_srl/dout_reg[44]/R	-1.544
ap_rst_n	q_gmem_m_axi_U/load_unit_0/fifo_rreq/U_fifo_srl/dout_reg[9]/R	-1.544
ap_rst_n	q_gmem_m_axi_U/load_unit_0/tmp_addr_reg[35]/R	-1.544
ap_rst_n	q_gmem_m_axi_U/load_unit_0/tmp_addr_reg[42]/R	-1.544
ap_rst_n	q_gmem_m_axi_U/load_unit_0/tmp_addr_reg[47]/R	-1.544
ap_rst_n	q_gmem_m_axi_U/load_unit_0/fifo_rreq/U_fifo_srl/dout_reg[18]/R	-1.543
ap_rst_n	q_gmem_m_axi_U/load_unit_0/fifo_rreq/U_fifo_srl/dout_reg[24]/R	-1.543
ap_rst_n	q_gmem_m_axi_U/load_unit_0/fifo_rreq/U_fifo_srl/dout_reg[32]/R	-1.543
ap_rst_n	q_gmem_m_axi_U/load_unit_0/tmp_addr_reg[18]/R	-1.543
ap_rst_n	q_gmem_m_axi_U/bus_read/rreq_burst_conv/could_multi_bursts.addr_buf_reg[55]/R	-1.543
ap_rst_n	q_gmem_m_axi_U/bus_read/rreq_burst_conv/could_multi_bursts.addr_buf_reg[56]/R	-1.543
ap_rst_n	q_gmem_m_axi_U/bus_read/rreq_burst_conv/could_multi_bursts.addr_buf_reg[57]/R	-1.543
ap_rst_n	q_gmem_m_axi_U/bus_read/rreq_burst_conv/could_multi_bursts.addr_buf_reg[58]/R	-1.543
ap_rst_n	grp_run_fu_161/grp_runController_fu_106/grp_runQueryTile_fu_142/gatherQueryTile_U0/ap_CS_fsm_reg[0]/S	-1.543
ap_rst_n	grp_run_fu_161/grp_runController_fu_106/grp_runQueryTile_fu_142/header_active_queries_c_U/addr_reg[0]/R	-1.543
ap_rst_n	grp_run_fu_161/grp_runController_fu_106/grp_runQueryTile_fu_142/header_active_queries_c_U/addr_reg[1]/R	-1.543
m_axi_o_gmem_AWREADY	o_gmem_m_axi_U/bus_write/wreq_throttle/rs_req/FSM_sequential_state_reg[1]/D	-1.542
ap_rst_n	q_gmem_m_axi_U/bus_read/rreq_burst_conv/could_multi_bursts.addr_buf_reg[47]/R	-1.542
ap_rst_n	q_gmem_m_axi_U/bus_read/rreq_burst_conv/could_multi_bursts.addr_buf_reg[48]/R	-1.542
ap_rst_n	q_gmem_m_axi_U/bus_read/rreq_burst_conv/could_multi_bursts.addr_buf_reg[49]/R	-1.542
ap_rst_n	q_gmem_m_axi_U/bus_read/rreq_burst_conv/could_multi_bursts.addr_buf_reg[50]/R	-1.542
ap_rst_n	grp_run_fu_161/grp_runController_fu_106/grp_runQueryTile_fu_142/header_active_queries_c_U/empty_n_reg/R	-1.542
ap_rst_n	grp_run_fu_161/grp_runController_fu_106/grp_runQueryTile_fu_142/header_active_queries_c_U/full_n_reg/S	-1.542
ap_rst_n	q_gmem_m_axi_U/load_unit_0/fifo_rreq/U_fifo_srl/dout_reg[23]/R	-1.541
ap_rst_n	q_gmem_m_axi_U/load_unit_0/tmp_addr_reg[21]/R	-1.541
ap_rst_n	q_gmem_m_axi_U/load_unit_0/tmp_addr_reg[22]/R	-1.541
ap_rst_n	q_gmem_m_axi_U/load_unit_0/tmp_addr_reg[25]/R	-1.541
ap_rst_n	q_gmem_m_axi_U/load_unit_0/tmp_addr_reg[26]/R	-1.541
ap_rst_n	grp_run_fu_161/grp_runController_fu_106/grp_runQueryTile_fu_142/runQueryBlock_1_U0/ap_CS_fsm_reg[0]/S	-1.541
ap_rst_n	k_gmem_m_axi_U/bus_read/rreq_burst_conv/start_addr_reg[16]/R	-1.541
ap_rst_n	q_gmem_m_axi_U/bus_read/rreq_burst_conv/could_multi_bursts.addr_buf_reg[39]/R	-1.541
ap_rst_n	q_gmem_m_axi_U/bus_read/rreq_burst_conv/could_multi_bursts.addr_buf_reg[40]/R	-1.541
ap_rst_n	q_gmem_m_axi_U/bus_read/rreq_burst_conv/could_multi_bursts.addr_buf_reg[41]/R	-1.541
ap_rst_n	q_gmem_m_axi_U/bus_read/rreq_burst_conv/could_multi_bursts.addr_buf_reg[42]/R	-1.541
ap_rst_n	q_gmem_m_axi_U/bus_read/rreq_burst_conv/start_addr_reg[16]/R	-1.541
ap_rst_n	q_gmem_m_axi_U/bus_read/rreq_burst_conv/start_addr_reg[17]/R	-1.541
ap_rst_n	q_gmem_m_axi_U/load_unit_0/fifo_rreq/U_fifo_srl/dout_reg[33]/R	-1.541
ap_rst_n	q_gmem_m_axi_U/load_unit_0/tmp_addr_reg[33]/R	-1.541
ap_rst_n	o_gmem_m_axi_U/store_unit_0/fifo_wreq/U_fifo_srl/dout_reg[67]/R	-1.541
ap_rst_n	q_gmem_m_axi_U/load_unit_0/fifo_rreq/U_fifo_srl/dout_reg[25]/R	-1.541
ap_rst_n	o_gmem_m_axi_U/store_unit_0/buff_wdata/U_fifo_mem/mem_reg/RSTRAMARSTRAM	-1.540
ap_rst_n	q_gmem_m_axi_U/bus_read/rreq_burst_conv/sect_addr_buf_reg[16]/R	-1.540
ap_rst_n	q_gmem_m_axi_U/bus_read/rreq_burst_conv/sect_addr_buf_reg[17]/R	-1.540
ap_rst_n	q_gmem_m_axi_U/bus_read/rreq_burst_conv/sect_cnt_reg[32]/R	-1.540
ap_rst_n	q_gmem_m_axi_U/bus_read/rreq_burst_conv/sect_cnt_reg[33]/R	-1.540
ap_rst_n	q_gmem_m_axi_U/bus_read/rreq_burst_conv/sect_cnt_reg[38]/R	-1.540
ap_rst_n	q_gmem_m_axi_U/bus_read/rreq_burst_conv/sect_cnt_reg[39]/R	-1.540
ap_rst_n	q_gmem_m_axi_U/bus_read/rreq_burst_conv/sect_cnt_reg[42]/R	-1.540
ap_rst_n	q_gmem_m_axi_U/bus_read/rreq_burst_conv/sect_cnt_reg[43]/R	-1.540
ap_rst_n	q_gmem_m_axi_U/bus_read/rreq_burst_conv/sect_cnt_reg[44]/R	-1.540
ap_rst_n	q_gmem_m_axi_U/bus_read/rreq_burst_conv/sect_cnt_reg[45]/R	-1.540
ap_rst_n	q_gmem_m_axi_U/load_unit_0/fifo_rreq/U_fifo_srl/dout_reg[39]/R	-1.540
ap_rst_n	grp_run_fu_161/grp_runController_fu_106/grp_runQueryTile_fu_142/distributeQueryTile_U0/grp_distributeQueryTile_Pipeline_VITIS_LOOP_501_3_VITIS_LOOP_506_4_VITIS_LOOP_507_5_fu_220/ap_enable_reg_pp0_iter13_reg/R	-1.540
ap_rst_n	grp_run_fu_161/grp_runController_fu_106/grp_runQueryTile_fu_142/distributeQueryTile_U0/grp_distributeQueryTile_Pipeline_VITIS_LOOP_501_3_VITIS_LOOP_506_4_VITIS_LOOP_507_5_fu_220/ap_enable_reg_pp0_iter14_reg/R	-1.540
ap_rst_n	grp_run_fu_161/grp_runController_fu_106/grp_runQueryTile_fu_142/distributeQueryTile_U0/grp_distributeQueryTile_Pipeline_VITIS_LOOP_501_3_VITIS_LOOP_506_4_VITIS_LOOP_507_5_fu_220/ap_enable_reg_pp0_iter15_reg/R	-1.540
ap_rst_n	grp_run_fu_161/grp_runController_fu_106/grp_runQueryTile_fu_142/distributeQueryTile_U0/grp_distributeQueryTile_Pipeline_VITIS_LOOP_501_3_VITIS_LOOP_506_4_VITIS_LOOP_507_5_fu_220/ap_enable_reg_pp0_iter16_reg/R	-1.540
ap_rst_n	grp_run_fu_161/grp_runController_fu_106/grp_runQueryTile_fu_142/distributeQueryTile_U0/grp_distributeQueryTile_Pipeline_VITIS_LOOP_501_3_VITIS_LOOP_506_4_VITIS_LOOP_507_5_fu_220/ap_enable_reg_pp0_iter17_reg/R	-1.540
ap_rst_n	grp_run_fu_161/grp_runController_fu_106/grp_runQueryTile_fu_142/distributeQueryTile_U0/grp_distributeQueryTile_Pipeline_VITIS_LOOP_501_3_VITIS_LOOP_506_4_VITIS_LOOP_507_5_fu_220/ap_enable_reg_pp0_iter18_reg/R	-1.540
ap_rst_n	grp_run_fu_161/grp_runController_fu_106/grp_runQueryTile_fu_142/distributeQueryTile_U0/grp_distributeQueryTile_Pipeline_VITIS_LOOP_501_3_VITIS_LOOP_506_4_VITIS_LOOP_507_5_fu_220/ap_enable_reg_pp0_iter19_reg/R	-1.540
ap_rst_n	grp_run_fu_161/grp_runController_fu_106/grp_runQueryTile_fu_142/gatherQueryTile_U0/grp_storeOutputTile_fu_118/ap_CS_fsm_reg[0]/S	-1.540
ap_rst_n	k_gmem_m_axi_U/bus_read/rreq_burst_conv/sect_cnt_reg[0]/R	-1.540
ap_rst_n	k_gmem_m_axi_U/bus_read/rreq_burst_conv/sect_cnt_reg[1]/R	-1.540
ap_rst_n	k_gmem_m_axi_U/bus_read/rreq_burst_conv/sect_cnt_reg[4]/R	-1.540
ap_rst_n	k_gmem_m_axi_U/bus_read/rreq_burst_conv/sect_cnt_reg[5]/R	-1.540
m_axi_o_gmem_AWREADY	o_gmem_m_axi_U/bus_write/wreq_throttle/rs_req/state_reg[0]/D	-1.540
s_axi_control_WDATA[0]	control_s_axi_U/int_isr_reg[0]/D	-1.539
ap_rst_n	k_gmem_m_axi_U/bus_read/rreq_burst_conv/sect_cnt_reg[12]/R	-1.539
ap_rst_n	k_gmem_m_axi_U/bus_read/rreq_burst_conv/sect_cnt_reg[13]/R	-1.539
ap_rst_n	k_gmem_m_axi_U/bus_read/rreq_burst_conv/sect_cnt_reg[2]/R	-1.539
ap_rst_n	k_gmem_m_axi_U/bus_read/rreq_burst_conv/sect_cnt_reg[3]/R	-1.539
ap_rst_n	k_gmem_m_axi_U/bus_read/rreq_burst_conv/sect_cnt_reg[6]/R	-1.539
ap_rst_n	k_gmem_m_axi_U/bus_read/rreq_burst_conv/sect_cnt_reg[7]/R	-1.539
ap_rst_n	k_gmem_m_axi_U/bus_read/rreq_burst_conv/sect_cnt_reg[8]/R	-1.539
ap_rst_n	k_gmem_m_axi_U/bus_read/rreq_burst_conv/sect_cnt_reg[9]/R	-1.539
ap_rst_n	k_gmem_m_axi_U/load_unit_0/fifo_rreq/U_fifo_srl/dout_reg[10]/R	-1.539
ap_rst_n	k_gmem_m_axi_U/load_unit_0/tmp_addr_reg[13]/R	-1.539
ap_rst_n	k_gmem_m_axi_U/load_unit_0/tmp_addr_reg[15]/R	-1.539
ap_rst_n	q_gmem_m_axi_U/bus_read/rreq_burst_conv/could_multi_bursts.addr_buf_reg[31]/R	-1.539
ap_rst_n	q_gmem_m_axi_U/bus_read/rreq_burst_conv/could_multi_bursts.addr_buf_reg[32]/R	-1.539
ap_rst_n	q_gmem_m_axi_U/bus_read/rreq_burst_conv/could_multi_bursts.addr_buf_reg[33]/R	-1.539
ap_rst_n	q_gmem_m_axi_U/bus_read/rreq_burst_conv/could_multi_bursts.addr_buf_reg[34]/R	-1.539
ap_rst_n	q_gmem_m_axi_U/bus_read/rreq_burst_conv/could_multi_bursts.addr_buf_reg[59]/R	-1.539
ap_rst_n	q_gmem_m_axi_U/bus_read/rreq_burst_conv/could_multi_bursts.addr_buf_reg[60]/R	-1.539
ap_rst_n	q_gmem_m_axi_U/bus_read/rreq_burst_conv/could_multi_bursts.addr_buf_reg[61]/R	-1.539
ap_rst_n	q_gmem_m_axi_U/bus_read/rreq_burst_conv/could_multi_bursts.addr_buf_reg[62]/R	-1.539
ap_rst_n	q_gmem_m_axi_U/bus_read/rreq_burst_conv/start_addr_reg[54]/R	-1.539
ap_rst_n	q_gmem_m_axi_U/bus_read/rreq_burst_conv/start_addr_reg[55]/R	-1.539
ap_rst_n	q_gmem_m_axi_U/bus_read/rreq_burst_conv/start_addr_reg[57]/R	-1.539
ap_rst_n	q_gmem_m_axi_U/load_unit_0/fifo_rreq/U_fifo_srl/dout_reg[30]/R	-1.539
ap_rst_n	q_gmem_m_axi_U/load_unit_0/fifo_rreq/U_fifo_srl/dout_reg[41]/R	-1.539
ap_rst_n	q_gmem_m_axi_U/load_unit_0/fifo_rreq/U_fifo_srl/dout_reg[43]/R	-1.539
ap_rst_n	k_gmem_m_axi_U/bus_read/rreq_burst_conv/sect_addr_buf_reg[18]/R	-1.538
ap_rst_n	k_gmem_m_axi_U/bus_read/rreq_burst_conv/sect_addr_buf_reg[19]/R	-1.538
ap_rst_n	k_gmem_m_axi_U/bus_read/rreq_burst_conv/start_addr_reg[12]/R	-1.538
ap_rst_n	k_gmem_m_axi_U/bus_read/rreq_burst_conv/start_addr_reg[13]/R	-1.538
ap_rst_n	k_gmem_m_axi_U/bus_read/rreq_burst_conv/start_addr_reg[14]/R	-1.538
ap_rst_n	k_gmem_m_axi_U/bus_read/rreq_burst_conv/start_addr_reg[15]/R	-1.538
ap_rst_n	k_gmem_m_axi_U/bus_read/rreq_burst_conv/start_addr_reg[17]/R	-1.538
ap_rst_n	k_gmem_m_axi_U/bus_read/rreq_burst_conv/start_addr_reg[18]/R	-1.538
ap_rst_n	q_gmem_m_axi_U/load_unit_0/fifo_rreq/U_fifo_srl/dout_reg[56]/R	-1.538
ap_rst_n	k_gmem_m_axi_U/bus_read/rreq_burst_conv/sect_addr_buf_reg[28]/R	-1.538
ap_rst_n	k_gmem_m_axi_U/bus_read/rreq_burst_conv/sect_addr_buf_reg[29]/R	-1.538
ap_rst_n	o_gmem_m_axi_U/store_unit_0/fifo_wreq/U_fifo_srl/dout_reg[4]/R	-1.538
ap_rst_n	q_gmem_m_axi_U/bus_read/rreq_burst_conv/could_multi_bursts.addr_buf_reg[23]/R	-1.538
ap_rst_n	q_gmem_m_axi_U/bus_read/rreq_burst_conv/could_multi_bursts.addr_buf_reg[24]/R	-1.538
ap_rst_n	q_gmem_m_axi_U/bus_read/rreq_burst_conv/could_multi_bursts.addr_buf_reg[25]/R	-1.538
ap_rst_n	q_gmem_m_axi_U/bus_read/rreq_burst_conv/could_multi_bursts.addr_buf_reg[26]/R	-1.538
ap_rst_n	q_gmem_m_axi_U/bus_read/rreq_burst_conv/could_multi_bursts.addr_buf_reg[51]/R	-1.538
ap_rst_n	q_gmem_m_axi_U/bus_read/rreq_burst_conv/could_multi_bursts.addr_buf_reg[52]/R	-1.538
ap_rst_n	q_gmem_m_axi_U/bus_read/rreq_burst_conv/could_multi_bursts.addr_buf_reg[53]/R	-1.538
ap_rst_n	q_gmem_m_axi_U/bus_read/rreq_burst_conv/could_multi_bursts.addr_buf_reg[54]/R	-1.538
ap_rst_n	q_gmem_m_axi_U/load_unit_0/fifo_rreq/U_fifo_srl/dout_reg[26]/R	-1.538
ap_rst_n	q_gmem_m_axi_U/load_unit_0/tmp_addr_reg[24]/R	-1.538
ap_rst_n	q_gmem_m_axi_U/load_unit_0/tmp_addr_reg[27]/R	-1.538
ap_rst_n	q_gmem_m_axi_U/load_unit_0/tmp_addr_reg[28]/R	-1.538
ap_rst_n	q_gmem_m_axi_U/load_unit_0/tmp_addr_reg[29]/R	-1.538
ap_rst_n	q_gmem_m_axi_U/load_unit_0/tmp_addr_reg[32]/R	-1.538
ap_rst_n	k_gmem_m_axi_U/bus_read/rreq_burst_conv/sect_cnt_reg[10]/R	-1.537
ap_rst_n	k_gmem_m_axi_U/bus_read/rreq_burst_conv/sect_cnt_reg[11]/R	-1.537
ap_rst_n	k_gmem_m_axi_U/bus_read/rreq_burst_conv/sect_cnt_reg[14]/R	-1.537
ap_rst_n	k_gmem_m_axi_U/bus_read/rreq_burst_conv/sect_cnt_reg[15]/R	-1.537
ap_rst_n	k_gmem_m_axi_U/bus_read/rreq_burst_conv/sect_cnt_reg[16]/R	-1.537
ap_rst_n	k_gmem_m_axi_U/bus_read/rreq_burst_conv/sect_cnt_reg[17]/R	-1.537
ap_rst_n	k_gmem_m_axi_U/bus_read/rreq_burst_conv/sect_cnt_reg[20]/R	-1.537
ap_rst_n	k_gmem_m_axi_U/bus_read/rreq_burst_conv/sect_cnt_reg[21]/R	-1.537
ap_rst_n	k_gmem_m_axi_U/load_unit_0/fifo_rreq/U_fifo_srl/dout_reg[28]/R	-1.537
ap_rst_n	q_gmem_m_axi_U/bus_read/rreq_burst_conv/could_multi_bursts.addr_buf_reg[15]/R	-1.537
ap_rst_n	q_gmem_m_axi_U/bus_read/rreq_burst_conv/could_multi_bursts.addr_buf_reg[16]/R	-1.537
ap_rst_n	q_gmem_m_axi_U/bus_read/rreq_burst_conv/could_multi_bursts.addr_buf_reg[17]/R	-1.537
ap_rst_n	q_gmem_m_axi_U/bus_read/rreq_burst_conv/could_multi_bursts.addr_buf_reg[18]/R	-1.537
ap_rst_n	q_gmem_m_axi_U/bus_read/rreq_burst_conv/could_multi_bursts.addr_buf_reg[43]/R	-1.537
ap_rst_n	q_gmem_m_axi_U/bus_read/rreq_burst_conv/could_multi_bursts.addr_buf_reg[44]/R	-1.537
ap_rst_n	q_gmem_m_axi_U/bus_read/rreq_burst_conv/could_multi_bursts.addr_buf_reg[45]/R	-1.537
ap_rst_n	q_gmem_m_axi_U/bus_read/rreq_burst_conv/could_multi_bursts.addr_buf_reg[46]/R	-1.537
ap_rst_n	q_gmem_m_axi_U/load_unit_0/tmp_addr_reg[12]/R	-1.537
ap_rst_n	q_gmem_m_axi_U/load_unit_0/tmp_addr_reg[15]/R	-1.537
ap_rst_n	grp_run_fu_161/grp_runController_fu_106/grp_runQueryTile_fu_142/header_active_queries_c_U/mOutPtr_reg[0]/R	-1.537
ap_rst_n	grp_run_fu_161/grp_runController_fu_106/grp_runQueryTile_fu_142/header_active_queries_c_U/mOutPtr_reg[1]/R	-1.537
ap_rst_n	grp_run_fu_161/grp_runController_fu_106/grp_runQueryTile_fu_142/header_active_queries_c_U/mOutPtr_reg[2]/R	-1.537
ap_rst_n	k_gmem_m_axi_U/load_unit_0/fifo_rreq/U_fifo_srl/dout_reg[70]/R	-1.537
ap_rst_n	k_gmem_m_axi_U/load_unit_0/fifo_rreq/U_fifo_srl/dout_reg[74]/R	-1.537
ap_rst_n	grp_run_fu_161/grp_runController_fu_106/grp_runQueryTile_fu_142/runQueryBlock_0_U0/grp_runQueryBlock_0_Outline_VITIS_LOOP_117_5_fu_168/grp_runPeArray_fu_718/ap_enable_reg_pp0_iter1_reg/R	-1.537
ap_rst_n	grp_run_fu_161/grp_runController_fu_106/grp_runQueryTile_fu_142/runQueryBlock_0_U0/grp_runQueryBlock_0_Outline_VITIS_LOOP_117_5_fu_168/grp_runQueryBlock_0_Pipeline_VITIS_LOOP_162_1_fu_828/ap_enable_reg_pp0_iter1_reg/D	-1.536
ap_rst_n	k_gmem_m_axi_U/bus_read/rreq_burst_conv/sect_cnt_reg[38]/R	-1.536
ap_rst_n	k_gmem_m_axi_U/bus_read/rreq_burst_conv/sect_cnt_reg[39]/R	-1.536
ap_rst_n	k_gmem_m_axi_U/bus_read/rreq_burst_conv/sect_cnt_reg[40]/R	-1.536
ap_rst_n	k_gmem_m_axi_U/bus_read/rreq_burst_conv/sect_cnt_reg[41]/R	-1.536
ap_rst_n	k_gmem_m_axi_U/bus_read/rreq_burst_conv/start_addr_reg[38]/R	-1.536
ap_rst_n	k_gmem_m_axi_U/bus_read/rreq_burst_conv/start_addr_reg[39]/R	-1.536
ap_rst_n	k_gmem_m_axi_U/bus_read/rreq_burst_conv/start_addr_reg[40]/R	-1.536
ap_rst_n	k_gmem_m_axi_U/bus_read/rreq_burst_conv/start_addr_reg[41]/R	-1.536
ap_rst_n	k_gmem_m_axi_U/load_unit_0/tmp_addr_reg[22]/R	-1.536
ap_rst_n	k_gmem_m_axi_U/load_unit_0/tmp_addr_reg[28]/R	-1.536
ap_rst_n	q_gmem_m_axi_U/bus_read/rreq_burst_conv/could_multi_bursts.addr_buf_reg[35]/R	-1.536
ap_rst_n	q_gmem_m_axi_U/bus_read/rreq_burst_conv/could_multi_bursts.addr_buf_reg[36]/R	-1.536
ap_rst_n	q_gmem_m_axi_U/bus_read/rreq_burst_conv/could_multi_bursts.addr_buf_reg[37]/R	-1.536
ap_rst_n	q_gmem_m_axi_U/bus_read/rreq_burst_conv/could_multi_bursts.addr_buf_reg[38]/R	-1.536
s_axi_control_WDATA[1]	control_s_axi_U/int_isr_reg[1]/D	-1.535
ap_rst_n	k_gmem_m_axi_U/bus_read/rreq_burst_conv/sect_addr_buf_reg[12]/R	-1.535
ap_rst_n	k_gmem_m_axi_U/bus_read/rreq_burst_conv/sect_addr_buf_reg[13]/R	-1.535
ap_rst_n	k_gmem_m_axi_U/bus_read/rreq_burst_conv/sect_addr_buf_reg[14]/R	-1.535
ap_rst_n	k_gmem_m_axi_U/bus_read/rreq_burst_conv/sect_addr_buf_reg[15]/R	-1.535
ap_rst_n	k_gmem_m_axi_U/bus_read/rreq_burst_conv/sect_addr_buf_reg[16]/R	-1.535
ap_rst_n	k_gmem_m_axi_U/bus_read/rreq_burst_conv/sect_addr_buf_reg[17]/R	-1.535
ap_rst_n	k_gmem_m_axi_U/load_unit_0/fifo_rreq/U_fifo_srl/dout_reg[34]/R	-1.535
ap_rst_n	k_gmem_m_axi_U/load_unit_0/fifo_rreq/U_fifo_srl/dout_reg[40]/R	-1.535
ap_rst_n	k_gmem_m_axi_U/load_unit_0/tmp_addr_reg[29]/R	-1.535
ap_rst_n	k_gmem_m_axi_U/load_unit_0/tmp_addr_reg[32]/R	-1.535
ap_rst_n	k_gmem_m_axi_U/load_unit_0/tmp_addr_reg[37]/R	-1.535
ap_rst_n	q_gmem_m_axi_U/load_unit_0/fifo_rreq/U_fifo_srl/dout_reg[31]/R	-1.535
ap_rst_n	q_gmem_m_axi_U/load_unit_0/fifo_rreq/U_fifo_srl/dout_reg[49]/R	-1.535
ap_rst_n	grp_run_fu_161/grp_runController_fu_106/grp_runQueryTile_fu_142/runQueryBlock_0_U0/grp_runQueryBlock_0_Outline_VITIS_LOOP_117_5_fu_168/ap_CS_fsm_reg[19]/R	-1.535
ap_rst_n	k_gmem_m_axi_U/bus_read/rreq_burst_conv/first_sect_reg/R	-1.535
ap_rst_n	k_gmem_m_axi_U/bus_read/rreq_burst_conv/start_addr_reg[19]/R	-1.535
ap_rst_n	k_gmem_m_axi_U/bus_read/rreq_burst_conv/start_addr_reg[20]/R	-1.535
ap_rst_n	k_gmem_m_axi_U/bus_read/rreq_burst_conv/start_addr_reg[24]/R	-1.535
ap_rst_n	k_gmem_m_axi_U/bus_read/rreq_burst_conv/start_addr_reg[25]/R	-1.535
ap_rst_n	k_gmem_m_axi_U/bus_read/rreq_burst_conv/start_addr_reg[30]/R	-1.535
ap_rst_n	k_gmem_m_axi_U/bus_read/rreq_burst_conv/start_addr_reg[31]/R	-1.535
ap_rst_n	k_gmem_m_axi_U/bus_read/rreq_burst_conv/start_addr_reg[32]/R	-1.535
ap_rst_n	k_gmem_m_axi_U/load_unit_0/fifo_rreq/U_fifo_srl/dout_reg[37]/R	-1.535
ap_rst_n	q_gmem_m_axi_U/bus_read/rreq_burst_conv/could_multi_bursts.addr_buf_reg[10]/R	-1.535
ap_rst_n	q_gmem_m_axi_U/bus_read/rreq_burst_conv/could_multi_bursts.addr_buf_reg[7]/R	-1.535
ap_rst_n	q_gmem_m_axi_U/bus_read/rreq_burst_conv/could_multi_bursts.addr_buf_reg[8]/R	-1.535
ap_rst_n	q_gmem_m_axi_U/bus_read/rreq_burst_conv/could_multi_bursts.addr_buf_reg[9]/R	-1.535
ap_rst_n	grp_run_fu_161/grp_runController_fu_106/grp_runQueryTile_fu_142/gatherQueryTile_U0/grp_storeOutputTile_fu_118/ap_CS_fsm_reg[13]/R	-1.535
ap_rst_n	grp_run_fu_161/grp_runController_fu_106/grp_runQueryTile_fu_142/gatherQueryTile_U0/grp_storeOutputTile_fu_118/ap_CS_fsm_reg[14]/R	-1.535
ap_rst_n	grp_run_fu_161/grp_runController_fu_106/grp_runQueryTile_fu_142/gatherQueryTile_U0/grp_storeOutputTile_fu_118/ap_CS_fsm_reg[15]/R	-1.535
ap_rst_n	grp_run_fu_161/grp_runController_fu_106/grp_runQueryTile_fu_142/gatherQueryTile_U0/grp_storeOutputTile_fu_118/ap_CS_fsm_reg[16]/R	-1.535
ap_rst_n	grp_run_fu_161/grp_runController_fu_106/grp_runQueryTile_fu_142/gatherQueryTile_U0/grp_storeOutputTile_fu_118/ap_CS_fsm_reg[17]/R	-1.535
ap_rst_n	k_gmem_m_axi_U/bus_read/rreq_burst_conv/start_addr_reg[22]/R	-1.534
ap_rst_n	k_gmem_m_axi_U/bus_read/rreq_burst_conv/start_addr_reg[23]/R	-1.534
ap_rst_n	k_gmem_m_axi_U/bus_read/rreq_burst_conv/start_addr_reg[28]/R	-1.534
ap_rst_n	k_gmem_m_axi_U/bus_read/rreq_burst_conv/start_addr_reg[29]/R	-1.534
ap_rst_n	k_gmem_m_axi_U/load_unit_0/fifo_rreq/U_fifo_srl/dout_reg[41]/R	-1.534
ap_rst_n	k_gmem_m_axi_U/load_unit_0/fifo_rreq/U_fifo_srl/dout_reg[9]/R	-1.534
ap_rst_n	k_gmem_m_axi_U/load_unit_0/tmp_addr_reg[43]/R	-1.534
ap_rst_n	q_gmem_m_axi_U/load_unit_0/tmp_addr_reg[34]/R	-1.534
ap_rst_n	grp_run_fu_161/grp_runController_fu_106/grp_runQueryTile_fu_142/gatherQueryTile_U0/grp_storeOutputTile_fu_118/ap_CS_fsm_reg[18]/R	-1.534
ap_rst_n	grp_run_fu_161/grp_runController_fu_106/grp_runQueryTile_fu_142/gatherQueryTile_U0/grp_storeOutputTile_fu_118/ap_CS_fsm_reg[19]/R	-1.534
ap_rst_n	grp_run_fu_161/grp_runController_fu_106/grp_runQueryTile_fu_142/gatherQueryTile_U0/grp_storeOutputTile_fu_118/ap_CS_fsm_reg[20]/R	-1.534
ap_rst_n	grp_run_fu_161/grp_runController_fu_106/grp_runQueryTile_fu_142/gatherQueryTile_U0/grp_storeOutputTile_fu_118/ap_CS_fsm_reg[21]/R	-1.534
ap_rst_n	grp_run_fu_161/grp_runController_fu_106/grp_runQueryTile_fu_142/gatherQueryTile_U0/grp_storeOutputTile_fu_118/ap_CS_fsm_reg[22]/R	-1.534
ap_rst_n	grp_run_fu_161/grp_runController_fu_106/grp_runQueryTile_fu_142/gatherQueryTile_U0/grp_storeOutputTile_fu_118/ap_CS_fsm_reg[23]/R	-1.534
ap_rst_n	grp_run_fu_161/grp_runController_fu_106/grp_runQueryTile_fu_142/gatherQueryTile_U0/grp_storeOutputTile_fu_118/ap_CS_fsm_reg[24]/R	-1.534
ap_rst_n	grp_run_fu_161/grp_runController_fu_106/grp_runQueryTile_fu_142/gatherQueryTile_U0/grp_storeOutputTile_fu_118/ap_CS_fsm_reg[30]/R	-1.534
ap_rst_n	grp_run_fu_161/grp_runController_fu_106/grp_runQueryTile_fu_142/gatherQueryTile_U0/grp_storeOutputTile_fu_118/ap_CS_fsm_reg[31]/R	-1.534
ap_rst_n	grp_run_fu_161/grp_runController_fu_106/grp_runQueryTile_fu_142/gatherQueryTile_U0/grp_storeOutputTile_fu_118/ap_CS_fsm_reg[32]/R	-1.534
ap_rst_n	grp_run_fu_161/grp_runController_fu_106/grp_runQueryTile_fu_142/gatherQueryTile_U0/grp_storeOutputTile_fu_118/ap_CS_fsm_reg[33]/R	-1.534
ap_rst_n	grp_run_fu_161/grp_runController_fu_106/grp_runQueryTile_fu_142/gatherQueryTile_U0/grp_storeOutputTile_fu_118/ap_CS_fsm_reg[34]/R	-1.534
ap_rst_n	grp_run_fu_161/grp_runController_fu_106/grp_runQueryTile_fu_142/gatherQueryTile_U0/grp_storeOutputTile_fu_118/ap_CS_fsm_reg[35]/R	-1.534
ap_rst_n	grp_run_fu_161/grp_runController_fu_106/grp_runQueryTile_fu_142/gatherQueryTile_U0/grp_storeOutputTile_fu_118/ap_CS_fsm_reg[36]/R	-1.534
ap_rst_n	grp_run_fu_161/grp_runController_fu_106/grp_runQueryTile_fu_142/gatherQueryTile_U0/grp_storeOutputTile_fu_118/ap_CS_fsm_reg[37]/R	-1.534
ap_rst_n	grp_run_fu_161/grp_runController_fu_106/grp_runQueryTile_fu_142/gatherQueryTile_U0/grp_storeOutputTile_fu_118/ap_CS_fsm_reg[38]/R	-1.534
ap_rst_n	grp_run_fu_161/grp_runController_fu_106/grp_runQueryTile_fu_142/gatherQueryTile_U0/grp_storeOutputTile_fu_118/ap_CS_fsm_reg[39]/R	-1.534
ap_rst_n	grp_run_fu_161/grp_runController_fu_106/grp_runQueryTile_fu_142/gatherQueryTile_U0/grp_storeOutputTile_fu_118/ap_CS_fsm_reg[42]/R	-1.534
ap_rst_n	grp_run_fu_161/grp_runController_fu_106/grp_runQueryTile_fu_142/runQueryBlock_0_U0/grp_reciprocalColumns_fu_201/grp_reciprocalColumns_Pipeline_VITIS_LOOP_369_1_fu_102/ap_enable_reg_pp0_iter1_reg/D	-1.534
ap_rst_n	q_gmem_m_axi_U/bus_read/rreq_burst_conv/could_multi_bursts.addr_buf_reg[27]/R	-1.534
ap_rst_n	q_gmem_m_axi_U/bus_read/rreq_burst_conv/could_multi_bursts.addr_buf_reg[28]/R	-1.534
ap_rst_n	q_gmem_m_axi_U/bus_read/rreq_burst_conv/could_multi_bursts.addr_buf_reg[29]/R	-1.534
ap_rst_n	q_gmem_m_axi_U/bus_read/rreq_burst_conv/could_multi_bursts.addr_buf_reg[30]/R	-1.534
ap_rst_n	grp_run_fu_161/grp_runController_fu_106/grp_runQueryTile_fu_142/runQueryBlock_0_U0/grp_runQueryBlock_0_Outline_VITIS_LOOP_117_5_fu_168/grp_runPeArray_fu_718/ap_enable_reg_pp0_iter2_reg/R	-1.534
ap_rst_n	k_gmem_m_axi_U/bus_read/rreq_burst_conv/sect_cnt_reg[26]/R	-1.533
ap_rst_n	k_gmem_m_axi_U/bus_read/rreq_burst_conv/sect_cnt_reg[27]/R	-1.533
ap_rst_n	k_gmem_m_axi_U/bus_read/rreq_burst_conv/sect_cnt_reg[28]/R	-1.533
ap_rst_n	k_gmem_m_axi_U/bus_read/rreq_burst_conv/sect_cnt_reg[29]/R	-1.533
ap_rst_n	k_gmem_m_axi_U/load_unit_0/fifo_rreq/U_fifo_srl/dout_reg[38]/R	-1.533
ap_rst_n	k_gmem_m_axi_U/load_unit_0/fifo_rreq/U_fifo_srl/dout_reg[42]/R	-1.533
ap_rst_n	k_gmem_m_axi_U/load_unit_0/tmp_addr_reg[41]/R	-1.533
ap_rst_n	k_gmem_m_axi_U/load_unit_0/tmp_addr_reg[44]/R	-1.533
ap_rst_n	k_gmem_m_axi_U/load_unit_0/tmp_addr_reg[45]/R	-1.533
ap_rst_n	q_gmem_m_axi_U/bus_read/rreq_burst_conv/could_multi_bursts.addr_buf_reg[19]/R	-1.533
ap_rst_n	q_gmem_m_axi_U/bus_read/rreq_burst_conv/could_multi_bursts.addr_buf_reg[20]/R	-1.533
ap_rst_n	q_gmem_m_axi_U/bus_read/rreq_burst_conv/could_multi_bursts.addr_buf_reg[21]/R	-1.533
ap_rst_n	q_gmem_m_axi_U/bus_read/rreq_burst_conv/could_multi_bursts.addr_buf_reg[22]/R	-1.533
ap_rst_n	grp_run_fu_161/grp_runController_fu_106/grp_runQueryTile_fu_142/gatherQueryTile_U0/grp_storeOutputTile_fu_118/ap_CS_fsm_reg[25]/R	-1.533
ap_rst_n	grp_run_fu_161/grp_runController_fu_106/grp_runQueryTile_fu_142/gatherQueryTile_U0/grp_storeOutputTile_fu_118/ap_CS_fsm_reg[26]/R	-1.533
ap_rst_n	grp_run_fu_161/grp_runController_fu_106/grp_runQueryTile_fu_142/gatherQueryTile_U0/grp_storeOutputTile_fu_118/ap_CS_fsm_reg[27]/R	-1.533
ap_rst_n	grp_run_fu_161/grp_runController_fu_106/grp_runQueryTile_fu_142/gatherQueryTile_U0/grp_storeOutputTile_fu_118/ap_CS_fsm_reg[28]/R	-1.533
ap_rst_n	grp_run_fu_161/grp_runController_fu_106/grp_runQueryTile_fu_142/gatherQueryTile_U0/grp_storeOutputTile_fu_118/ap_CS_fsm_reg[29]/R	-1.533
ap_rst_n	grp_run_fu_161/grp_runController_fu_106/grp_runQueryTile_fu_142/gatherQueryTile_U0/grp_storeOutputTile_fu_118/ap_CS_fsm_reg[40]/R	-1.533
ap_rst_n	grp_run_fu_161/grp_runController_fu_106/grp_runQueryTile_fu_142/gatherQueryTile_U0/grp_storeOutputTile_fu_118/ap_CS_fsm_reg[41]/R	-1.533
ap_rst_n	grp_run_fu_161/grp_runController_fu_106/grp_runQueryTile_fu_142/gatherQueryTile_U0/grp_storeOutputTile_fu_118/ap_CS_fsm_reg[43]/R	-1.533
ap_rst_n	grp_run_fu_161/grp_runController_fu_106/grp_runQueryTile_fu_142/gatherQueryTile_U0/grp_storeOutputTile_fu_118/ap_CS_fsm_reg[44]/R	-1.533
ap_rst_n	grp_run_fu_161/grp_runController_fu_106/grp_runQueryTile_fu_142/gatherQueryTile_U0/grp_storeOutputTile_fu_118/ap_CS_fsm_reg[45]/R	-1.533
ap_rst_n	grp_run_fu_161/grp_runController_fu_106/grp_runQueryTile_fu_142/gatherQueryTile_U0/grp_storeOutputTile_fu_118/ap_CS_fsm_reg[46]/R	-1.533
ap_rst_n	grp_run_fu_161/grp_runController_fu_106/grp_runQueryTile_fu_142/gatherQueryTile_U0/grp_storeOutputTile_fu_118/ap_CS_fsm_reg[47]/R	-1.533
ap_rst_n	grp_run_fu_161/grp_runController_fu_106/grp_runQueryTile_fu_142/runQueryBlock_0_U0/grp_reciprocalColumns_fu_201/grp_reciprocalColumns_Pipeline_VITIS_LOOP_369_13_fu_125/ap_enable_reg_pp0_iter1_reg/D	-1.533
ap_rst_n	k_gmem_m_axi_U/bus_read/rreq_burst_conv/sect_addr_buf_reg[54]/R	-1.532
ap_rst_n	k_gmem_m_axi_U/bus_read/rreq_burst_conv/sect_addr_buf_reg[55]/R	-1.532
ap_rst_n	k_gmem_m_axi_U/bus_read/rreq_burst_conv/sect_addr_buf_reg[56]/R	-1.532
ap_rst_n	k_gmem_m_axi_U/bus_read/rreq_burst_conv/sect_addr_buf_reg[57]/R	-1.532
ap_rst_n	k_gmem_m_axi_U/load_unit_0/tmp_addr_reg[47]/R	-1.532
ap_rst_n	k_gmem_m_axi_U/load_unit_0/tmp_addr_reg[53]/R	-1.532
ap_rst_n	k_gmem_m_axi_U/load_unit_0/tmp_addr_reg[57]/R	-1.532
ap_rst_n	q_gmem_m_axi_U/bus_read/rreq_burst_conv/could_multi_bursts.addr_buf_reg[11]/R	-1.532
ap_rst_n	q_gmem_m_axi_U/bus_read/rreq_burst_conv/could_multi_bursts.addr_buf_reg[12]/R	-1.532
ap_rst_n	q_gmem_m_axi_U/bus_read/rreq_burst_conv/could_multi_bursts.addr_buf_reg[13]/R	-1.532
ap_rst_n	q_gmem_m_axi_U/bus_read/rreq_burst_conv/could_multi_bursts.addr_buf_reg[14]/R	-1.532
ap_rst_n	q_gmem_m_axi_U/load_unit_0/fifo_rreq/U_fifo_srl/dout_reg[42]/R	-1.532
ap_rst_n	grp_run_fu_161/grp_runController_fu_106/grp_runQueryTile_fu_142/gatherQueryTile_U0/grp_storeOutputTile_fu_118/ap_CS_fsm_reg[10]/R	-1.532
ap_rst_n	grp_run_fu_161/grp_runController_fu_106/grp_runQueryTile_fu_142/gatherQueryTile_U0/grp_storeOutputTile_fu_118/ap_CS_fsm_reg[11]/R	-1.532
ap_rst_n	grp_run_fu_161/grp_runController_fu_106/grp_runQueryTile_fu_142/gatherQueryTile_U0/grp_storeOutputTile_fu_118/ap_CS_fsm_reg[12]/R	-1.532
ap_rst_n	grp_run_fu_161/grp_runController_fu_106/grp_runQueryTile_fu_142/gatherQueryTile_U0/grp_storeOutputTile_fu_118/ap_CS_fsm_reg[6]/R	-1.532
ap_rst_n	grp_run_fu_161/grp_runController_fu_106/grp_runQueryTile_fu_142/gatherQueryTile_U0/grp_storeOutputTile_fu_118/ap_CS_fsm_reg[7]/R	-1.532
ap_rst_n	grp_run_fu_161/grp_runController_fu_106/grp_runQueryTile_fu_142/gatherQueryTile_U0/grp_storeOutputTile_fu_118/ap_CS_fsm_reg[8]/R	-1.532
ap_rst_n	grp_run_fu_161/grp_runController_fu_106/grp_runQueryTile_fu_142/gatherQueryTile_U0/grp_storeOutputTile_fu_118/ap_CS_fsm_reg[9]/R	-1.532
ap_rst_n	k_gmem_m_axi_U/bus_read/rreq_burst_conv/sect_cnt_reg[50]/R	-1.531
ap_rst_n	k_gmem_m_axi_U/bus_read/rreq_burst_conv/sect_cnt_reg[51]/R	-1.531
ap_rst_n	k_gmem_m_axi_U/load_unit_0/fifo_rreq/U_fifo_srl/dout_reg[45]/R	-1.531
ap_rst_n	k_gmem_m_axi_U/load_unit_0/tmp_addr_reg[34]/R	-1.531
ap_rst_n	k_gmem_m_axi_U/load_unit_0/tmp_addr_reg[56]/R	-1.531
ap_rst_n	q_gmem_m_axi_U/load_unit_0/tmp_addr_reg[57]/R	-1.531
ap_rst_n	k_gmem_m_axi_U/bus_read/rreq_burst_conv/sect_addr_buf_reg[24]/R	-1.530
ap_rst_n	k_gmem_m_axi_U/bus_read/rreq_burst_conv/sect_addr_buf_reg[25]/R	-1.530
ap_rst_n	k_gmem_m_axi_U/bus_read/rreq_burst_conv/sect_cnt_reg[44]/R	-1.530
ap_rst_n	k_gmem_m_axi_U/bus_read/rreq_burst_conv/sect_cnt_reg[45]/R	-1.530
ap_rst_n	k_gmem_m_axi_U/load_unit_0/fifo_rreq/U_fifo_srl/dout_reg[46]/R	-1.530
ap_rst_n	k_gmem_m_axi_U/load_unit_0/fifo_rreq/U_fifo_srl/dout_reg[49]/R	-1.530
ap_rst_n	k_gmem_m_axi_U/load_unit_0/tmp_addr_reg[48]/R	-1.530
ap_rst_n	k_gmem_m_axi_U/load_unit_0/tmp_addr_reg[49]/R	-1.530
ap_rst_n	k_gmem_m_axi_U/load_unit_0/tmp_addr_reg[52]/R	-1.530
ap_rst_n	q_gmem_m_axi_U/bus_read/rreq_burst_conv/could_multi_bursts.addr_buf_reg[3]/R	-1.530
ap_rst_n	q_gmem_m_axi_U/bus_read/rreq_burst_conv/could_multi_bursts.addr_buf_reg[4]/R	-1.530
ap_rst_n	q_gmem_m_axi_U/bus_read/rreq_burst_conv/could_multi_bursts.addr_buf_reg[5]/R	-1.530
ap_rst_n	q_gmem_m_axi_U/bus_read/rreq_burst_conv/could_multi_bursts.addr_buf_reg[6]/R	-1.530
ap_rst_n	k_gmem_m_axi_U/bus_read/rreq_burst_conv/start_addr_reg[44]/R	-1.530
ap_rst_n	k_gmem_m_axi_U/bus_read/rreq_burst_conv/start_addr_reg[45]/R	-1.530
ap_rst_n	grp_run_fu_161/grp_runController_fu_106/grp_runQueryTile_fu_142/runQueryBlock_0_U0/grp_runQueryBlock_0_Outline_VITIS_LOOP_117_5_fu_168/grp_runQueryBlock_0_Pipeline_4_fu_546_ap_start_reg_reg/R	-1.529
ap_rst_n	k_gmem_m_axi_U/load_unit_0/fifo_rreq/U_fifo_srl/dout_reg[51]/R	-1.529
ap_rst_n	k_gmem_m_axi_U/load_unit_0/tmp_addr_reg[55]/R	-1.529
ap_rst_n	o_gmem_m_axi_U/store_unit_0/user_resp/full_n_reg/D	-1.529
ap_rst_n	k_gmem_m_axi_U/bus_read/rreq_burst_conv/sect_addr_buf_reg[22]/R	-1.529
ap_rst_n	k_gmem_m_axi_U/bus_read/rreq_burst_conv/sect_addr_buf_reg[23]/R	-1.529
ap_rst_n	k_gmem_m_axi_U/bus_read/rreq_burst_conv/sect_addr_buf_reg[30]/R	-1.529
ap_rst_n	k_gmem_m_axi_U/bus_read/rreq_burst_conv/sect_addr_buf_reg[31]/R	-1.529
ap_rst_n	k_gmem_m_axi_U/bus_read/rreq_burst_conv/sect_addr_buf_reg[32]/R	-1.529
ap_rst_n	k_gmem_m_axi_U/bus_read/rreq_burst_conv/sect_addr_buf_reg[33]/R	-1.529
ap_rst_n	k_gmem_m_axi_U/bus_read/rreq_burst_conv/sect_cnt_reg[18]/R	-1.529
ap_rst_n	k_gmem_m_axi_U/bus_read/rreq_burst_conv/sect_cnt_reg[19]/R	-1.529
ap_rst_n	k_gmem_m_axi_U/bus_read/rreq_burst_conv/sect_cnt_reg[22]/R	-1.529
ap_rst_n	k_gmem_m_axi_U/bus_read/rreq_burst_conv/sect_cnt_reg[23]/R	-1.529
ap_rst_n	k_gmem_m_axi_U/bus_read/rreq_burst_conv/sect_cnt_reg[24]/R	-1.529
ap_rst_n	k_gmem_m_axi_U/bus_read/rreq_burst_conv/sect_cnt_reg[25]/R	-1.529
ap_rst_n	grp_run_fu_161/grp_runController_fu_106/grp_runQueryTile_fu_142/distributeQueryTile_U0/grp_distributeQueryTile_Pipeline_VITIS_LOOP_501_3_VITIS_LOOP_506_4_VITIS_LOOP_507_5_fu_220/ap_enable_reg_pp0_iter44_reg/R	-1.528
ap_rst_n	grp_run_fu_161/grp_runController_fu_106/grp_runQueryTile_fu_142/distributeQueryTile_U0/grp_distributeQueryTile_Pipeline_VITIS_LOOP_501_3_VITIS_LOOP_506_4_VITIS_LOOP_507_5_fu_220/ap_enable_reg_pp0_iter45_reg/R	-1.528
ap_rst_n	grp_run_fu_161/grp_runController_fu_106/grp_runQueryTile_fu_142/distributeQueryTile_U0/grp_distributeQueryTile_Pipeline_VITIS_LOOP_501_3_VITIS_LOOP_506_4_VITIS_LOOP_507_5_fu_220/ap_enable_reg_pp0_iter46_reg/R	-1.528
ap_rst_n	grp_run_fu_161/grp_runController_fu_106/grp_runQueryTile_fu_142/distributeQueryTile_U0/grp_distributeQueryTile_Pipeline_VITIS_LOOP_501_3_VITIS_LOOP_506_4_VITIS_LOOP_507_5_fu_220/ap_enable_reg_pp0_iter47_reg/R	-1.528
ap_rst_n	grp_run_fu_161/grp_runController_fu_106/grp_runQueryTile_fu_142/distributeQueryTile_U0/grp_distributeQueryTile_Pipeline_VITIS_LOOP_501_3_VITIS_LOOP_506_4_VITIS_LOOP_507_5_fu_220/ap_enable_reg_pp0_iter48_reg/R	-1.528
ap_rst_n	grp_run_fu_161/grp_runController_fu_106/grp_runQueryTile_fu_142/gatherQueryTile_U0/grp_storeOutputTile_fu_118/ap_CS_fsm_reg[3]/R	-1.528
ap_rst_n	k_gmem_m_axi_U/load_unit_0/tmp_addr_reg[50]/R	-1.528
ap_rst_n	k_gmem_m_axi_U/load_unit_0/tmp_addr_reg[54]/R	-1.528
ap_rst_n	k_gmem_m_axi_U/bus_read/rreq_burst_conv/sect_addr_buf_reg[38]/R	-1.528
ap_rst_n	k_gmem_m_axi_U/bus_read/rreq_burst_conv/sect_addr_buf_reg[39]/R	-1.528
ap_rst_n	k_gmem_m_axi_U/bus_read/rreq_burst_conv/sect_addr_buf_reg[40]/R	-1.528
ap_rst_n	k_gmem_m_axi_U/bus_read/rreq_burst_conv/sect_addr_buf_reg[41]/R	-1.528
ap_rst_n	k_gmem_m_axi_U/bus_read/rreq_burst_conv/sect_addr_buf_reg[44]/R	-1.528
ap_rst_n	k_gmem_m_axi_U/bus_read/rreq_burst_conv/sect_addr_buf_reg[45]/R	-1.528
ap_rst_n	k_gmem_m_axi_U/bus_read/rreq_burst_conv/sect_cnt_reg[30]/R	-1.528
ap_rst_n	k_gmem_m_axi_U/bus_read/rreq_burst_conv/sect_cnt_reg[31]/R	-1.528
ap_rst_n	k_gmem_m_axi_U/bus_read/rreq_burst_conv/sect_cnt_reg[32]/R	-1.528
ap_rst_n	k_gmem_m_axi_U/bus_read/rreq_burst_conv/sect_cnt_reg[33]/R	-1.528
ap_rst_n	k_gmem_m_axi_U/bus_read/rreq_burst_conv/sect_cnt_reg[34]/R	-1.528
ap_rst_n	k_gmem_m_axi_U/bus_read/rreq_burst_conv/sect_cnt_reg[35]/R	-1.528
ap_rst_n	k_gmem_m_axi_U/bus_read/rreq_burst_conv/sect_cnt_reg[36]/R	-1.528
ap_rst_n	k_gmem_m_axi_U/bus_read/rreq_burst_conv/sect_cnt_reg[37]/R	-1.528
ap_rst_n	q_gmem_m_axi_U/bus_read/rreq_burst_conv/start_addr_reg[38]/R	-1.528
ap_rst_n	q_gmem_m_axi_U/load_unit_0/fifo_rreq/U_fifo_srl/dout_reg[47]/R	-1.528
ap_rst_n	q_gmem_m_axi_U/load_unit_0/fifo_rreq/U_fifo_srl/dout_reg[48]/R	-1.528
ap_rst_n	q_gmem_m_axi_U/load_unit_0/fifo_rreq/U_fifo_srl/dout_reg[51]/R	-1.528
ap_rst_n	q_gmem_m_axi_U/load_unit_0/fifo_rreq/U_fifo_srl/dout_reg[52]/R	-1.528
ap_rst_n	q_gmem_m_axi_U/load_unit_0/tmp_addr_reg[45]/R	-1.528
ap_rst_n	q_gmem_m_axi_U/load_unit_0/tmp_addr_reg[50]/R	-1.528
ap_rst_n	q_gmem_m_axi_U/load_unit_0/tmp_addr_reg[51]/R	-1.528
ap_rst_n	q_gmem_m_axi_U/load_unit_0/tmp_addr_reg[52]/R	-1.528
ap_rst_n	q_gmem_m_axi_U/load_unit_0/tmp_addr_reg[53]/R	-1.528
ap_rst_n	q_gmem_m_axi_U/load_unit_0/tmp_addr_reg[55]/R	-1.528
ap_rst_n	q_gmem_m_axi_U/load_unit_0/tmp_addr_reg[59]/R	-1.528
ap_rst_n	grp_run_fu_161/grp_runController_fu_106/grp_runQueryTile_fu_142/distributeQueryTile_U0/grp_distributeQueryTile_Pipeline_VITIS_LOOP_501_3_VITIS_LOOP_506_4_VITIS_LOOP_507_5_fu_220/ap_enable_reg_pp0_iter49_reg/R	-1.527
ap_rst_n	grp_run_fu_161/grp_runController_fu_106/grp_runQueryTile_fu_142/gatherQueryTile_U0/grp_storeOutputTile_fu_118/ap_CS_fsm_reg[71]/R	-1.527
ap_rst_n	grp_run_fu_161/grp_runController_fu_106/grp_runQueryTile_fu_142/runQueryBlock_0_U0/grp_runQueryBlock_0_Outline_VITIS_LOOP_117_5_fu_168/ap_CS_fsm_reg[23]/R	-1.527
ap_rst_n	q_gmem_m_axi_U/bus_read/rreq_burst_conv/sect_cnt_reg[18]/R	-1.527
ap_rst_n	q_gmem_m_axi_U/bus_read/rreq_burst_conv/sect_cnt_reg[19]/R	-1.527
ap_rst_n	q_gmem_m_axi_U/bus_read/rreq_burst_conv/sect_cnt_reg[28]/R	-1.527
ap_rst_n	q_gmem_m_axi_U/bus_read/rreq_burst_conv/sect_cnt_reg[29]/R	-1.527
ap_rst_n	q_gmem_m_axi_U/load_unit_0/fifo_rreq/U_fifo_srl/dout_reg[38]/R	-1.527
ap_rst_n	q_gmem_m_axi_U/load_unit_0/fifo_rreq/U_fifo_srl/dout_reg[50]/R	-1.527
ap_rst_n	q_gmem_m_axi_U/load_unit_0/tmp_addr_reg[44]/R	-1.527
ap_rst_n	q_gmem_m_axi_U/load_unit_0/tmp_addr_reg[54]/R	-1.527
ap_rst_n	grp_run_fu_161/grp_runController_fu_106/grp_runQueryTile_fu_142/distributeQueryTile_U0/grp_distributeQueryTile_Pipeline_VITIS_LOOP_501_3_VITIS_LOOP_506_4_VITIS_LOOP_507_5_fu_220/ap_enable_reg_pp0_iter50_reg/R	-1.526
ap_rst_n	grp_run_fu_161/grp_runController_fu_106/grp_runQueryTile_fu_142/runQueryBlock_0_U0/grp_runQueryBlock_0_Outline_VITIS_LOOP_117_5_fu_168/grp_runQueryBlock_0_Pipeline_VITIS_LOOP_162_1_fu_828/flow_control_loop_pipe_sequential_init_U/ap_done_cache_reg/D	-1.526
ap_rst_n	k_gmem_m_axi_U/bus_read/rreq_burst_conv/sect_cnt_reg[42]/R	-1.526
ap_rst_n	k_gmem_m_axi_U/bus_read/rreq_burst_conv/sect_cnt_reg[43]/R	-1.526
ap_rst_n	k_gmem_m_axi_U/load_unit_0/fifo_rreq/U_fifo_srl/dout_reg[53]/R	-1.526
ap_rst_n	k_gmem_m_axi_U/load_unit_0/tmp_addr_reg[62]/R	-1.526
ap_rst_n	k_gmem_m_axi_U/load_unit_0/tmp_addr_reg[63]/R	-1.526
ap_rst_n	k_gmem_m_axi_U/load_unit_0/fifo_rreq/U_fifo_srl/dout_reg[17]/R	-1.526
ap_rst_n	k_gmem_m_axi_U/load_unit_0/fifo_rreq/U_fifo_srl/dout_reg[20]/R	-1.526
ap_rst_n	q_gmem_m_axi_U/load_unit_0/tmp_addr_reg[41]/R	-1.526
ap_rst_n	q_gmem_m_axi_U/load_unit_0/fifo_rreq/U_fifo_srl/dout_reg[12]/R	-1.525
ap_rst_n	grp_run_fu_161/grp_runController_fu_106/grp_runQueryTile_fu_142/gatherQueryTile_U0/grp_storeOutputTile_fu_118/ap_CS_fsm_reg[5]/R	-1.525
ap_rst_n	k_gmem_m_axi_U/bus_read/rreq_burst_conv/start_addr_reg[33]/R	-1.525
ap_rst_n	k_gmem_m_axi_U/load_unit_0/fifo_rreq/U_fifo_srl/dout_reg[30]/R	-1.525
ap_rst_n	k_gmem_m_axi_U/load_unit_0/tmp_addr_reg[12]/R	-1.525
ap_rst_n	k_gmem_m_axi_U/load_unit_0/tmp_addr_reg[14]/R	-1.525
ap_rst_n	k_gmem_m_axi_U/load_unit_0/tmp_addr_reg[17]/R	-1.525
ap_rst_n	k_gmem_m_axi_U/load_unit_0/tmp_addr_reg[19]/R	-1.525
ap_rst_n	k_gmem_m_axi_U/load_unit_0/tmp_addr_reg[20]/R	-1.525
ap_rst_n	k_gmem_m_axi_U/load_unit_0/tmp_addr_reg[23]/R	-1.525
ap_rst_n	k_gmem_m_axi_U/load_unit_0/tmp_addr_reg[31]/R	-1.525
ap_rst_n	q_gmem_m_axi_U/bus_read/rreq_burst_conv/first_sect_reg/R	-1.525
ap_rst_n	q_gmem_m_axi_U/bus_read/rreq_burst_conv/start_addr_reg[30]/R	-1.525
ap_rst_n	q_gmem_m_axi_U/bus_read/rreq_burst_conv/start_addr_reg[31]/R	-1.525
ap_rst_n	q_gmem_m_axi_U/bus_read/rreq_burst_conv/start_addr_reg[39]/R	-1.525
ap_rst_n	q_gmem_m_axi_U/load_unit_0/fifo_rreq/U_fifo_srl/dout_reg[14]/R	-1.524
ap_rst_n	q_gmem_m_axi_U/load_unit_0/fifo_rreq/raddr_reg[0]/R	-1.524
ap_rst_n	grp_run_fu_161/grp_runController_fu_106/grp_runQueryTile_fu_142/distributeQueryTile_U0/grp_distributeQueryTile_Pipeline_VITIS_LOOP_489_1_VITIS_LOOP_490_2_fu_208_ap_start_reg_reg/R	-1.524
ap_rst_n	grp_run_fu_161/grp_runController_fu_106/grp_runQueryTile_fu_142/gatherQueryTile_U0/ap_CS_fsm_reg[5]/R	-1.524
ap_rst_n	grp_run_fu_161/grp_runController_fu_106/grp_runQueryTile_fu_142/gatherQueryTile_U0/grp_storeOutputTile_fu_118_ap_start_reg_reg/R	-1.524
ap_rst_n	k_gmem_m_axi_U/load_unit_0/tmp_addr_reg[33]/R	-1.524
ap_rst_n	q_gmem_m_axi_U/bus_read/rreq_burst_conv/sect_addr_buf_reg[14]/R	-1.524
ap_rst_n	q_gmem_m_axi_U/bus_read/rreq_burst_conv/sect_addr_buf_reg[15]/R	-1.524
ap_rst_n	q_gmem_m_axi_U/bus_read/rreq_burst_conv/sect_addr_buf_reg[18]/R	-1.524
ap_rst_n	q_gmem_m_axi_U/bus_read/rreq_burst_conv/sect_addr_buf_reg[19]/R	-1.524
ap_rst_n	q_gmem_m_axi_U/bus_read/rreq_burst_conv/sect_total_reg[15]/R	-1.524
ap_rst_n	q_gmem_m_axi_U/bus_read/rreq_burst_conv/sect_total_reg[16]/R	-1.524
ap_rst_n	q_gmem_m_axi_U/bus_read/rreq_burst_conv/sect_total_reg[17]/R	-1.524
ap_rst_n	q_gmem_m_axi_U/bus_read/rreq_burst_conv/sect_total_reg[18]/R	-1.524
ap_rst_n	grp_run_fu_161/grp_runController_fu_106/grp_runQueryTile_fu_142/distributeQueryTile_U0/ap_CS_fsm_reg[73]/R	-1.523
ap_rst_n	k_gmem_m_axi_U/bus_read/rreq_burst_conv/start_addr_reg[54]/R	-1.523
ap_rst_n	k_gmem_m_axi_U/bus_read/rreq_burst_conv/start_addr_reg[55]/R	-1.523
ap_rst_n	k_gmem_m_axi_U/load_unit_0/fifo_rreq/U_fifo_srl/dout_reg[27]/R	-1.523
ap_rst_n	q_gmem_m_axi_U/bus_read/rreq_burst_conv/sect_cnt_reg[26]/R	-1.523
ap_rst_n	q_gmem_m_axi_U/bus_read/rreq_burst_conv/sect_cnt_reg[27]/R	-1.523
ap_rst_n	q_gmem_m_axi_U/bus_read/rreq_burst_conv/sect_cnt_reg[30]/R	-1.523
ap_rst_n	q_gmem_m_axi_U/bus_read/rreq_burst_conv/sect_cnt_reg[31]/R	-1.523
ap_rst_n	q_gmem_m_axi_U/bus_read/rreq_burst_conv/sect_total_reg[10]/R	-1.523
ap_rst_n	q_gmem_m_axi_U/bus_read/rreq_burst_conv/sect_total_reg[19]/R	-1.523
ap_rst_n	q_gmem_m_axi_U/bus_read/rreq_burst_conv/sect_total_reg[7]/R	-1.523
ap_rst_n	q_gmem_m_axi_U/bus_read/rreq_burst_conv/sect_total_reg[8]/R	-1.523
ap_rst_n	q_gmem_m_axi_U/bus_read/rreq_burst_conv/sect_total_reg[9]/R	-1.523
ap_rst_n	k_gmem_m_axi_U/load_unit_0/fifo_rreq/U_fifo_srl/dout_reg[35]/R	-1.522
ap_rst_n	k_gmem_m_axi_U/load_unit_0/tmp_addr_reg[30]/R	-1.522
ap_rst_n	k_gmem_m_axi_U/load_unit_0/tmp_addr_reg[38]/R	-1.522
ap_rst_n	k_gmem_m_axi_U/load_unit_0/tmp_addr_reg[40]/R	-1.522
ap_rst_n	q_gmem_m_axi_U/load_unit_0/fifo_rreq/U_fifo_srl/dout_reg[13]/R	-1.522
ap_rst_n	k_gmem_m_axi_U/load_unit_0/fifo_rreq/U_fifo_srl/dout_reg[43]/R	-1.522
ap_rst_n	q_gmem_m_axi_U/bus_read/rreq_burst_conv/sect_addr_buf_reg[38]/R	-1.522
ap_rst_n	q_gmem_m_axi_U/bus_read/rreq_burst_conv/sect_addr_buf_reg[39]/R	-1.522
ap_rst_n	q_gmem_m_axi_U/bus_read/rreq_burst_conv/sect_addr_buf_reg[40]/R	-1.522
ap_rst_n	q_gmem_m_axi_U/bus_read/rreq_burst_conv/sect_addr_buf_reg[41]/R	-1.522
ap_rst_n	q_gmem_m_axi_U/bus_read/rreq_burst_conv/sect_addr_buf_reg[42]/R	-1.522
ap_rst_n	q_gmem_m_axi_U/bus_read/rreq_burst_conv/sect_addr_buf_reg[43]/R	-1.522
ap_rst_n	q_gmem_m_axi_U/bus_read/rreq_burst_conv/sect_total_reg[0]/R	-1.522
ap_rst_n	q_gmem_m_axi_U/bus_read/rreq_burst_conv/sect_total_reg[11]/R	-1.522
ap_rst_n	q_gmem_m_axi_U/bus_read/rreq_burst_conv/sect_total_reg[12]/R	-1.522
ap_rst_n	q_gmem_m_axi_U/bus_read/rreq_burst_conv/sect_total_reg[13]/R	-1.522
ap_rst_n	q_gmem_m_axi_U/bus_read/rreq_burst_conv/sect_total_reg[14]/R	-1.522
ap_rst_n	q_gmem_m_axi_U/bus_read/rreq_burst_conv/sect_total_reg[1]/R	-1.522
ap_rst_n	q_gmem_m_axi_U/bus_read/rreq_burst_conv/sect_total_reg[2]/R	-1.522
ap_rst_n	q_gmem_m_axi_U/bus_read/rreq_burst_conv/start_addr_reg[40]/R	-1.522
ap_rst_n	q_gmem_m_axi_U/bus_read/rreq_burst_conv/start_addr_reg[41]/R	-1.522
ap_rst_n	q_gmem_m_axi_U/bus_read/rreq_burst_conv/start_addr_reg[42]/R	-1.522
ap_rst_n	q_gmem_m_axi_U/bus_read/rreq_burst_conv/start_addr_reg[43]/R	-1.522
ap_rst_n	grp_run_fu_161/grp_runController_fu_106/grp_runQueryTile_fu_142/runQueryBlock_0_U0/grp_runQueryBlock_0_Outline_VITIS_LOOP_117_5_fu_168/grp_runQueryBlock_0_Pipeline_VITIS_LOOP_369_33_fu_842/ap_enable_reg_pp0_iter9_reg_rep/R	-1.522
ap_rst_n	grp_run_fu_161/grp_runController_fu_106/grp_runQueryTile_fu_142/distributeQueryTile_U0/grp_distributeQueryTile_Pipeline_VITIS_LOOP_501_3_VITIS_LOOP_506_4_VITIS_LOOP_507_5_fu_220/ap_enable_reg_pp0_iter51_reg/R	-1.521
ap_rst_n	grp_run_fu_161/grp_runController_fu_106/grp_runQueryTile_fu_142/distributeQueryTile_U0/grp_distributeQueryTile_Pipeline_VITIS_LOOP_501_3_VITIS_LOOP_506_4_VITIS_LOOP_507_5_fu_220/ap_enable_reg_pp0_iter52_reg/R	-1.521
ap_rst_n	grp_run_fu_161/grp_runController_fu_106/grp_runQueryTile_fu_142/distributeQueryTile_U0/grp_distributeQueryTile_Pipeline_VITIS_LOOP_501_3_VITIS_LOOP_506_4_VITIS_LOOP_507_5_fu_220/ap_enable_reg_pp0_iter53_reg/R	-1.521
ap_rst_n	grp_run_fu_161/grp_runController_fu_106/grp_runQueryTile_fu_142/distributeQueryTile_U0/grp_distributeQueryTile_Pipeline_VITIS_LOOP_501_3_VITIS_LOOP_506_4_VITIS_LOOP_507_5_fu_220/ap_enable_reg_pp0_iter55_reg/R	-1.521
ap_rst_n	k_gmem_m_axi_U/bus_read/fifo_rctl/dout_vld_reg/R	-1.521
ap_rst_n	k_gmem_m_axi_U/bus_read/fifo_rctl/empty_n_reg/R	-1.521
ap_rst_n	q_gmem_m_axi_U/load_unit_0/fifo_rreq/U_fifo_srl/dout_reg[11]/R	-1.521
ap_rst_n	q_gmem_m_axi_U/load_unit_0/fifo_rreq/U_fifo_srl/dout_reg[17]/R	-1.521
ap_rst_n	q_gmem_m_axi_U/load_unit_0/fifo_rreq/U_fifo_srl/dout_reg[35]/R	-1.521
ap_rst_n	q_gmem_m_axi_U/load_unit_0/tmp_addr_reg[11]/R	-1.521
ap_rst_n	v_gmem_m_axi_U/bus_read/fifo_rctl/dout_vld_reg/R	-1.521
ap_rst_n	v_gmem_m_axi_U/bus_read/fifo_rctl/empty_n_reg/R	-1.521
ap_rst_n	k_gmem_m_axi_U/load_unit_0/tmp_addr_reg[46]/R	-1.521
ap_rst_n	q_gmem_m_axi_U/bus_read/rreq_burst_conv/sect_total_reg[3]/R	-1.521
ap_rst_n	q_gmem_m_axi_U/bus_read/rreq_burst_conv/sect_total_reg[4]/R	-1.521
ap_rst_n	q_gmem_m_axi_U/bus_read/rreq_burst_conv/sect_total_reg[5]/R	-1.521
ap_rst_n	q_gmem_m_axi_U/bus_read/rreq_burst_conv/sect_total_reg[6]/R	-1.521
ap_rst_n	grp_run_fu_161/grp_runController_fu_106/grp_runQueryTile_fu_142/gatherQueryTile_U0/grp_storeOutputTile_fu_118/ap_CS_fsm_reg[4]/R	-1.520
ap_rst_n	k_gmem_m_axi_U/load_unit_0/fifo_rreq/U_fifo_srl/dout_reg[11]/R	-1.520
ap_rst_n	k_gmem_m_axi_U/load_unit_0/fifo_rreq/U_fifo_srl/dout_reg[14]/R	-1.520
ap_rst_n	k_gmem_m_axi_U/load_unit_0/fifo_rreq/U_fifo_srl/dout_reg[47]/R	-1.520
ap_rst_n	q_gmem_m_axi_U/load_unit_0/fifo_rreq/U_fifo_srl/dout_reg[3]/R	-1.520
ap_rst_n	q_gmem_m_axi_U/load_unit_0/tmp_addr_reg[38]/R	-1.520
ap_rst_n	q_gmem_m_axi_U/load_unit_0/tmp_addr_reg[6]/R	-1.520
ap_rst_n	q_gmem_m_axi_U/load_unit_0/tmp_addr_reg[14]/R	-1.520
ap_rst_n	q_gmem_m_axi_U/load_unit_0/tmp_addr_reg[16]/R	-1.520
ap_rst_n	q_gmem_m_axi_U/load_unit_0/tmp_addr_reg[17]/R	-1.520
ap_rst_n	q_gmem_m_axi_U/load_unit_0/tmp_addr_reg[20]/R	-1.520
ap_rst_n	q_gmem_m_axi_U/load_unit_0/tmp_addr_reg[30]/R	-1.520
ap_rst_n	q_gmem_m_axi_U/load_unit_0/tmp_addr_reg[31]/R	-1.520
ap_rst_n	q_gmem_m_axi_U/bus_read/rreq_burst_conv/sect_total_buf_reg[12]/R	-1.520
ap_rst_n	q_gmem_m_axi_U/bus_read/rreq_burst_conv/sect_total_buf_reg[13]/R	-1.520
ap_rst_n	q_gmem_m_axi_U/bus_read/rreq_burst_conv/sect_total_buf_reg[14]/R	-1.520
ap_rst_n	q_gmem_m_axi_U/bus_read/rreq_burst_conv/sect_total_buf_reg[15]/R	-1.520
ap_rst_n	q_gmem_m_axi_U/bus_read/rreq_burst_conv/sect_addr_buf_reg[30]/R	-1.520
ap_rst_n	q_gmem_m_axi_U/bus_read/rreq_burst_conv/sect_addr_buf_reg[31]/R	-1.520
ap_rst_n	grp_run_fu_161/grp_runController_fu_106/grp_runQueryTile_fu_142/distributeQueryTile_U0/grp_distributeQueryTile_Pipeline_VITIS_LOOP_501_3_VITIS_LOOP_506_4_VITIS_LOOP_507_5_fu_220/ap_enable_reg_pp0_iter56_reg/R	-1.519
ap_rst_n	q_gmem_m_axi_U/load_unit_0/fifo_rreq/dout_vld_reg/R	-1.519
ap_rst_n	q_gmem_m_axi_U/load_unit_0/tmp_addr_reg[19]/R	-1.519
ap_rst_n	q_gmem_m_axi_U/bus_read/rreq_burst_conv/beat_len_reg[8]/R	-1.519
ap_rst_n	q_gmem_m_axi_U/bus_read/rreq_burst_conv/could_multi_bursts.addr_step_reg[5]/R	-1.519
ap_rst_n	q_gmem_m_axi_U/bus_read/rreq_burst_conv/could_multi_bursts.addr_step_reg[6]/R	-1.519
ap_rst_n	q_gmem_m_axi_U/bus_read/rreq_burst_conv/could_multi_bursts.len_buf_reg[5]/R	-1.519
ap_rst_n	q_gmem_m_axi_U/bus_read/rreq_burst_conv/sect_cnt_reg[2]/R	-1.519
ap_rst_n	q_gmem_m_axi_U/bus_read/rreq_burst_conv/sect_cnt_reg[3]/R	-1.519
ap_rst_n	q_gmem_m_axi_U/bus_read/rreq_burst_conv/sect_cnt_reg[4]/R	-1.519
ap_rst_n	q_gmem_m_axi_U/bus_read/rreq_burst_conv/sect_cnt_reg[5]/R	-1.519
ap_rst_n	q_gmem_m_axi_U/bus_read/rreq_burst_conv/sect_cnt_reg[6]/R	-1.519
ap_rst_n	q_gmem_m_axi_U/bus_read/rreq_burst_conv/sect_cnt_reg[7]/R	-1.519
ap_rst_n	q_gmem_m_axi_U/bus_read/rreq_burst_conv/sect_total_buf_reg[4]/R	-1.519
ap_rst_n	q_gmem_m_axi_U/bus_read/rreq_burst_conv/sect_total_buf_reg[5]/R	-1.519
ap_rst_n	q_gmem_m_axi_U/bus_read/rreq_burst_conv/sect_total_buf_reg[6]/R	-1.519
ap_rst_n	q_gmem_m_axi_U/bus_read/rreq_burst_conv/sect_total_buf_reg[7]/R	-1.519
ap_rst_n	q_gmem_m_axi_U/bus_read/rreq_burst_conv/start_addr_reg[10]/R	-1.519
ap_rst_n	q_gmem_m_axi_U/bus_read/rreq_burst_conv/start_addr_reg[11]/R	-1.519
ap_rst_n	q_gmem_m_axi_U/bus_read/rreq_burst_conv/start_addr_reg[3]/R	-1.519
ap_rst_n	q_gmem_m_axi_U/bus_read/rreq_burst_conv/start_addr_reg[4]/R	-1.519
ap_rst_n	q_gmem_m_axi_U/bus_read/rreq_burst_conv/start_to_4k_reg[6]/R	-1.519
ap_rst_n	grp_run_fu_161/grp_runController_fu_106/grp_runQueryTile_fu_142/distributeQueryTile_U0/ap_CS_fsm_reg[32]/R	-1.518
ap_rst_n	grp_run_fu_161/grp_runController_fu_106/grp_runQueryTile_fu_142/distributeQueryTile_U0/grp_distributeQueryTile_Pipeline_VITIS_LOOP_501_3_VITIS_LOOP_506_4_VITIS_LOOP_507_5_fu_220/ap_enable_reg_pp0_iter54_reg/R	-1.518
ap_rst_n	q_gmem_m_axi_U/load_unit_0/fifo_rreq/U_fifo_srl/dout_reg[28]/R	-1.518
ap_rst_n	grp_run_fu_161/grp_runController_fu_106/grp_runQueryTile_fu_142/distributeQueryTile_U0/ap_CS_fsm_reg[29]/R	-1.518
ap_rst_n	grp_run_fu_161/grp_runController_fu_106/grp_runQueryTile_fu_142/distributeQueryTile_U0/ap_CS_fsm_reg[30]/R	-1.518
ap_rst_n	grp_run_fu_161/grp_runController_fu_106/grp_runQueryTile_fu_142/distributeQueryTile_U0/ap_CS_fsm_reg[31]/R	-1.518
ap_rst_n	v_gmem_m_axi_U/load_unit_0/buff_rdata/U_fifo_mem/mem_reg_bram_0/RSTRAMB	-1.518
ap_rst_n	q_gmem_m_axi_U/bus_read/rreq_burst_conv/last_sect_buf_reg/R	-1.518
ap_rst_n	q_gmem_m_axi_U/bus_read/rreq_burst_conv/sect_len_buf_reg[0]/R	-1.518
ap_rst_n	q_gmem_m_axi_U/load_unit_0/tmp_addr_reg[43]/R	-1.518
ap_rst_n	grp_run_fu_161/grp_runController_fu_106/grp_runQueryTile_fu_142/distributeQueryTile_U0/grp_distributeQueryTile_Pipeline_VITIS_LOOP_501_3_VITIS_LOOP_506_4_VITIS_LOOP_507_5_fu_220/ap_enable_reg_pp0_iter57_reg/R	-1.517
ap_rst_n	grp_run_fu_161/grp_runController_fu_106/grp_runQueryTile_fu_142/distributeQueryTile_U0/ap_CS_fsm_reg[20]/R	-1.517
ap_rst_n	grp_run_fu_161/grp_runController_fu_106/grp_runQueryTile_fu_142/distributeQueryTile_U0/ap_CS_fsm_reg[21]/R	-1.517
ap_rst_n	grp_run_fu_161/grp_runController_fu_106/grp_runQueryTile_fu_142/distributeQueryTile_U0/ap_CS_fsm_reg[22]/R	-1.517
ap_rst_n	grp_run_fu_161/grp_runController_fu_106/grp_runQueryTile_fu_142/distributeQueryTile_U0/ap_CS_fsm_reg[23]/R	-1.517
ap_rst_n	grp_run_fu_161/grp_runController_fu_106/grp_runQueryTile_fu_142/distributeQueryTile_U0/ap_CS_fsm_reg[24]/R	-1.517
ap_rst_n	grp_run_fu_161/grp_runController_fu_106/grp_runQueryTile_fu_142/distributeQueryTile_U0/ap_CS_fsm_reg[25]/R	-1.517
ap_rst_n	grp_run_fu_161/grp_runController_fu_106/grp_runQueryTile_fu_142/distributeQueryTile_U0/ap_CS_fsm_reg[26]/R	-1.517
ap_rst_n	grp_run_fu_161/grp_runController_fu_106/grp_runQueryTile_fu_142/distributeQueryTile_U0/ap_CS_fsm_reg[27]/R	-1.517
ap_rst_n	grp_run_fu_161/grp_runController_fu_106/grp_runQueryTile_fu_142/distributeQueryTile_U0/ap_CS_fsm_reg[28]/R	-1.517
ap_rst_n	grp_run_fu_161/grp_runController_fu_106/grp_runQueryTile_fu_142/distributeQueryTile_U0/ap_CS_fsm_reg[2]/R	-1.517
ap_rst_n	grp_run_fu_161/grp_runController_fu_106/grp_runQueryTile_fu_142/distributeQueryTile_U0/ap_CS_fsm_reg[3]/R	-1.517
ap_rst_n	grp_run_fu_161/grp_runController_fu_106/grp_runQueryTile_fu_142/distributeQueryTile_U0/ap_CS_fsm_reg[4]/R	-1.517
ap_rst_n	grp_run_fu_161/grp_runController_fu_106/grp_runQueryTile_fu_142/distributeQueryTile_U0/ap_CS_fsm_reg[50]/R	-1.517
ap_rst_n	grp_run_fu_161/grp_runController_fu_106/grp_runQueryTile_fu_142/distributeQueryTile_U0/ap_CS_fsm_reg[51]/R	-1.517
ap_rst_n	grp_run_fu_161/grp_runController_fu_106/grp_runQueryTile_fu_142/distributeQueryTile_U0/ap_CS_fsm_reg[52]/R	-1.517
ap_rst_n	grp_run_fu_161/grp_runController_fu_106/grp_runQueryTile_fu_142/distributeQueryTile_U0/ap_CS_fsm_reg[53]/R	-1.517
ap_rst_n	grp_run_fu_161/grp_runController_fu_106/grp_runQueryTile_fu_142/distributeQueryTile_U0/ap_CS_fsm_reg[54]/R	-1.517
ap_rst_n	grp_run_fu_161/grp_runController_fu_106/grp_runQueryTile_fu_142/distributeQueryTile_U0/ap_CS_fsm_reg[55]/R	-1.517
ap_rst_n	grp_run_fu_161/grp_runController_fu_106/grp_runQueryTile_fu_142/distributeQueryTile_U0/ap_CS_fsm_reg[5]/R	-1.517
ap_rst_n	grp_run_fu_161/grp_runController_fu_106/grp_runQueryTile_fu_142/distributeQueryTile_U0/ap_CS_fsm_reg[6]/R	-1.517
ap_rst_n	grp_run_fu_161/grp_runController_fu_106/grp_runQueryTile_fu_142/distributeQueryTile_U0/ap_CS_fsm_reg[7]/R	-1.517
ap_rst_n	q_gmem_m_axi_U/load_unit_0/fifo_rreq/U_fifo_srl/dout_reg[16]/R	-1.517
ap_rst_n	grp_run_fu_161/grp_runController_fu_106/grp_runQueryTile_fu_142/header0_U/addr_reg[0]/R	-1.517
ap_rst_n	grp_run_fu_161/grp_runController_fu_106/grp_runQueryTile_fu_142/header0_U/mOutPtr_reg[0]/R	-1.517
ap_rst_n	grp_run_fu_161/grp_runController_fu_106/grp_runQueryTile_fu_142/header0_U/mOutPtr_reg[1]/R	-1.517
ap_rst_n	grp_run_fu_161/grp_runController_fu_106/grp_runQueryTile_fu_142/header0_U/mOutPtr_reg[2]/R	-1.517
ap_rst_n	q_gmem_m_axi_U/bus_read/rreq_burst_conv/beat_len_reg[0]/R	-1.517
ap_rst_n	q_gmem_m_axi_U/bus_read/rreq_burst_conv/beat_len_reg[6]/R	-1.517
ap_rst_n	q_gmem_m_axi_U/bus_read/rreq_burst_conv/could_multi_bursts.len_buf_reg[0]/R	-1.517
ap_rst_n	q_gmem_m_axi_U/bus_read/rreq_burst_conv/could_multi_bursts.len_buf_reg[1]/R	-1.517
ap_rst_n	q_gmem_m_axi_U/bus_read/rreq_burst_conv/could_multi_bursts.len_buf_reg[2]/R	-1.517
ap_rst_n	q_gmem_m_axi_U/bus_read/rreq_burst_conv/could_multi_bursts.len_buf_reg[3]/R	-1.517
ap_rst_n	q_gmem_m_axi_U/bus_read/rreq_burst_conv/could_multi_bursts.len_buf_reg[4]/R	-1.517
ap_rst_n	q_gmem_m_axi_U/bus_read/rreq_burst_conv/sect_total_buf_reg[16]/R	-1.517
ap_rst_n	q_gmem_m_axi_U/bus_read/rreq_burst_conv/sect_total_buf_reg[17]/R	-1.517
ap_rst_n	q_gmem_m_axi_U/bus_read/rreq_burst_conv/sect_total_buf_reg[18]/R	-1.517
ap_rst_n	q_gmem_m_axi_U/bus_read/rreq_burst_conv/sect_total_buf_reg[19]/R	-1.517
ap_rst_n	grp_run_fu_161/grp_runController_fu_106/grp_runQueryTile_fu_142/runQueryBlock_0_U0/grp_runQueryBlock_0_Outline_VITIS_LOOP_117_5_fu_168/grp_runQueryBlock_0_Pipeline_VITIS_LOOP_369_33_fu_842/ap_enable_reg_pp0_iter8_reg/R	-1.517
ap_rst_n	k_gmem_m_axi_U/load_unit_0/buff_rdata/U_fifo_mem/mem_reg_bram_0/RSTRAMB	-1.516
ap_rst_n	grp_run_fu_161/grp_runController_fu_106/grp_runQueryTile_fu_142/gatherQueryTile_U0/grp_storeOutputTile_fu_118/ap_CS_fsm_reg[1]/R	-1.516
ap_rst_n	grp_run_fu_161/grp_runController_fu_106/grp_runQueryTile_fu_142/header0_U/empty_n_reg/R	-1.516
ap_rst_n	grp_run_fu_161/grp_runController_fu_106/grp_runQueryTile_fu_142/header0_U/full_n_reg/S	-1.516
ap_rst_n	q_gmem_m_axi_U/bus_read/rreq_burst_conv/start_to_4k_reg[0]/R	-1.516
ap_rst_n	q_gmem_m_axi_U/bus_read/rreq_burst_conv/start_to_4k_reg[8]/R	-1.516
ap_rst_n	q_gmem_m_axi_U/load_unit_0/fifo_rreq/U_fifo_srl/dout_reg[27]/R	-1.515
ap_rst_n	grp_run_fu_161/grp_runController_fu_106/grp_runQueryTile_fu_142/distributeQueryTile_U0/ap_CS_fsm_reg[15]/R	-1.515
ap_rst_n	grp_run_fu_161/grp_runController_fu_106/grp_runQueryTile_fu_142/distributeQueryTile_U0/ap_CS_fsm_reg[16]/R	-1.515
ap_rst_n	grp_run_fu_161/grp_runController_fu_106/grp_runQueryTile_fu_142/distributeQueryTile_U0/ap_CS_fsm_reg[17]/R	-1.515
ap_rst_n	grp_run_fu_161/grp_runController_fu_106/grp_runQueryTile_fu_142/distributeQueryTile_U0/ap_CS_fsm_reg[18]/R	-1.515
ap_rst_n	grp_run_fu_161/grp_runController_fu_106/grp_runQueryTile_fu_142/distributeQueryTile_U0/ap_CS_fsm_reg[19]/R	-1.515
ap_rst_n	grp_run_fu_161/grp_runController_fu_106/grp_runQueryTile_fu_142/distributeQueryTile_U0/ap_CS_fsm_reg[8]/R	-1.515
ap_rst_n	q_gmem_m_axi_U/bus_read/rreq_burst_conv/beat_len_reg[1]/R	-1.515
ap_rst_n	q_gmem_m_axi_U/bus_read/rreq_burst_conv/beat_len_reg[4]/R	-1.515
ap_rst_n	q_gmem_m_axi_U/bus_read/rreq_burst_conv/sect_len_buf_reg[1]/R	-1.515
ap_rst_n	q_gmem_m_axi_U/bus_read/rreq_burst_conv/sect_len_buf_reg[4]/R	-1.515
ap_rst_n	q_gmem_m_axi_U/bus_read/rreq_burst_conv/start_to_4k_reg[1]/R	-1.515
ap_rst_n	q_gmem_m_axi_U/bus_read/rreq_burst_conv/start_to_4k_reg[4]/R	-1.515
ap_rst_n	q_gmem_m_axi_U/load_unit_0/fifo_rreq/raddr_reg[5]/R	-1.515
ap_rst_n	q_gmem_m_axi_U/load_unit_0/fifo_rreq/raddr_reg[6]/R	-1.515
ap_rst_n	q_gmem_m_axi_U/load_unit_0/tmp_addr_reg[10]/R	-1.515
ap_rst_n	q_gmem_m_axi_U/load_unit_0/tmp_addr_reg[39]/R	-1.515
ap_rst_n	q_gmem_m_axi_U/bus_read/rreq_burst_conv/could_multi_bursts.first_loop_reg/R	-1.515
ap_rst_n	q_gmem_m_axi_U/bus_read/rreq_burst_conv/start_addr_reg[5]/R	-1.515
ap_rst_n	q_gmem_m_axi_U/bus_read/rreq_burst_conv/start_addr_reg[6]/R	-1.515
ap_rst_n	q_gmem_m_axi_U/bus_read/rreq_burst_conv/start_addr_reg[7]/R	-1.515
ap_rst_n	q_gmem_m_axi_U/bus_read/rreq_burst_conv/start_addr_reg[8]/R	-1.515
ap_rst_n	q_gmem_m_axi_U/bus_read/rreq_burst_conv/sect_total_buf_reg[10]/R	-1.515
ap_rst_n	q_gmem_m_axi_U/bus_read/rreq_burst_conv/sect_total_buf_reg[11]/R	-1.515
ap_rst_n	q_gmem_m_axi_U/bus_read/rreq_burst_conv/sect_total_buf_reg[8]/R	-1.515
ap_rst_n	q_gmem_m_axi_U/bus_read/rreq_burst_conv/sect_total_buf_reg[9]/R	-1.515
ap_rst_n	grp_run_fu_161/grp_runController_fu_106/grp_runQueryTile_fu_142/distributeQueryTile_U0/ap_CS_fsm_reg[10]/R	-1.514
ap_rst_n	grp_run_fu_161/grp_runController_fu_106/grp_runQueryTile_fu_142/distributeQueryTile_U0/ap_CS_fsm_reg[11]/R	-1.514
ap_rst_n	grp_run_fu_161/grp_runController_fu_106/grp_runQueryTile_fu_142/distributeQueryTile_U0/ap_CS_fsm_reg[12]/R	-1.514
ap_rst_n	grp_run_fu_161/grp_runController_fu_106/grp_runQueryTile_fu_142/distributeQueryTile_U0/ap_CS_fsm_reg[13]/R	-1.514
ap_rst_n	grp_run_fu_161/grp_runController_fu_106/grp_runQueryTile_fu_142/distributeQueryTile_U0/ap_CS_fsm_reg[14]/R	-1.514
ap_rst_n	q_gmem_m_axi_U/bus_read/rreq_burst_conv/could_multi_bursts.addr_step_reg[3]/R	-1.514
ap_rst_n	q_gmem_m_axi_U/bus_read/rreq_burst_conv/could_multi_bursts.addr_step_reg[4]/R	-1.514
ap_rst_n	q_gmem_m_axi_U/bus_read/rreq_burst_conv/could_multi_bursts.addr_step_reg[7]/R	-1.514
ap_rst_n	q_gmem_m_axi_U/bus_read/rreq_burst_conv/could_multi_bursts.addr_step_reg[8]/R	-1.514
ap_rst_n	q_gmem_m_axi_U/bus_read/rreq_burst_conv/could_multi_bursts.addr_step_reg[9]/R	-1.514
ap_rst_n	q_gmem_m_axi_U/bus_read/rreq_burst_conv/end_from_4k_reg[4]/R	-1.514
ap_rst_n	q_gmem_m_axi_U/bus_read/rreq_burst_conv/end_from_4k_reg[5]/R	-1.514
ap_rst_n	q_gmem_m_axi_U/bus_read/rreq_burst_conv/end_from_4k_reg[6]/R	-1.514
ap_rst_n	q_gmem_m_axi_U/bus_read/rreq_burst_conv/end_from_4k_reg[7]/R	-1.514
ap_rst_n	q_gmem_m_axi_U/bus_read/rreq_burst_conv/sect_total_buf_reg[0]/R	-1.514
ap_rst_n	q_gmem_m_axi_U/bus_read/rreq_burst_conv/sect_total_buf_reg[1]/R	-1.514
ap_rst_n	q_gmem_m_axi_U/bus_read/rreq_burst_conv/sect_total_buf_reg[2]/R	-1.514
ap_rst_n	q_gmem_m_axi_U/bus_read/rreq_burst_conv/sect_total_buf_reg[3]/R	-1.514
ap_rst_n	q_gmem_m_axi_U/load_unit_0/fifo_rreq/U_fifo_srl/dout_reg[36]/R	-1.514
ap_rst_n	q_gmem_m_axi_U/load_unit_0/fifo_rreq/U_fifo_srl/dout_reg[7]/R	-1.514
ap_rst_n	grp_run_fu_161/grp_runController_fu_106/grp_runQueryTile_fu_142/distributeQueryTile_U0/ap_CS_fsm_reg[9]/R	-1.513
ap_rst_n	k_gmem_m_axi_U/load_unit_0/buff_rdata/U_fifo_mem/mem_reg_bram_1/RSTRAMB	-1.513
ap_rst_n	q_gmem_m_axi_U/load_unit_0/fifo_rreq/U_fifo_srl/dout_reg[8]/R	-1.513
ap_rst_n	k_gmem_m_axi_U/bus_read/fifo_rctl/mOutPtr_reg[0]/R	-1.512
ap_rst_n	k_gmem_m_axi_U/bus_read/fifo_rctl/mOutPtr_reg[1]/R	-1.512
ap_rst_n	k_gmem_m_axi_U/bus_read/fifo_rctl/mOutPtr_reg[2]/R	-1.512
ap_rst_n	k_gmem_m_axi_U/bus_read/fifo_rctl/mOutPtr_reg[3]/R	-1.512
ap_rst_n	k_gmem_m_axi_U/bus_read/fifo_rctl/mOutPtr_reg[4]/R	-1.512
ap_rst_n	q_gmem_m_axi_U/load_unit_0/tmp_len_reg[26]/R	-1.512
ap_rst_n	q_gmem_m_axi_U/load_unit_0/tmp_len_reg[27]/R	-1.512
ap_rst_n	q_gmem_m_axi_U/load_unit_0/tmp_len_reg[28]/R	-1.512
ap_rst_n	q_gmem_m_axi_U/load_unit_0/tmp_len_reg[29]/R	-1.512
ap_rst_n	v_gmem_m_axi_U/bus_read/fifo_rctl/mOutPtr_reg[0]/R	-1.512
ap_rst_n	v_gmem_m_axi_U/bus_read/fifo_rctl/mOutPtr_reg[1]/R	-1.512
ap_rst_n	v_gmem_m_axi_U/bus_read/fifo_rctl/mOutPtr_reg[2]/R	-1.512
ap_rst_n	v_gmem_m_axi_U/bus_read/fifo_rctl/mOutPtr_reg[3]/R	-1.512
ap_rst_n	v_gmem_m_axi_U/bus_read/fifo_rctl/mOutPtr_reg[4]/R	-1.512
ap_rst_n	grp_run_fu_161/grp_runController_fu_106/grp_runQueryTile_fu_142/runQueryBlock_0_U0/ap_CS_fsm_reg[0]/S	-1.512
ap_rst_n	q_gmem_m_axi_U/bus_read/rreq_burst_conv/beat_len_reg[2]/R	-1.512
ap_rst_n	q_gmem_m_axi_U/bus_read/rreq_burst_conv/beat_len_reg[3]/R	-1.512
ap_rst_n	q_gmem_m_axi_U/bus_read/rreq_burst_conv/beat_len_reg[5]/R	-1.512
ap_rst_n	q_gmem_m_axi_U/bus_read/rreq_burst_conv/beat_len_reg[7]/R	-1.512
ap_rst_n	q_gmem_m_axi_U/bus_read/rreq_burst_conv/sect_len_buf_reg[2]/R	-1.512
ap_rst_n	q_gmem_m_axi_U/bus_read/rreq_burst_conv/sect_len_buf_reg[3]/R	-1.512
ap_rst_n	q_gmem_m_axi_U/bus_read/rreq_burst_conv/sect_len_buf_reg[5]/R	-1.512
ap_rst_n	q_gmem_m_axi_U/load_unit_0/tmp_len_reg[18]/R	-1.511
ap_rst_n	q_gmem_m_axi_U/load_unit_0/tmp_len_reg[19]/R	-1.511
ap_rst_n	q_gmem_m_axi_U/load_unit_0/tmp_len_reg[20]/R	-1.511
ap_rst_n	q_gmem_m_axi_U/load_unit_0/tmp_len_reg[21]/R	-1.511
ap_rst_n	q_gmem_m_axi_U/load_unit_0/tmp_len_reg[30]/R	-1.511
ap_rst_n	q_gmem_m_axi_U/load_unit_0/tmp_len_reg[31]/R	-1.511
ap_rst_n	q_gmem_m_axi_U/load_unit_0/fifo_rreq/U_fifo_srl/dout_reg[1]/R	-1.511
ap_rst_n	q_gmem_m_axi_U/load_unit_0/tmp_addr_reg[40]/R	-1.511
ap_rst_n	q_gmem_m_axi_U/load_unit_0/fifo_rreq/raddr_reg[1]/R	-1.510
ap_rst_n	q_gmem_m_axi_U/load_unit_0/fifo_rreq/raddr_reg[2]/R	-1.510
ap_rst_n	q_gmem_m_axi_U/load_unit_0/fifo_rreq/raddr_reg[3]/R	-1.510
ap_rst_n	q_gmem_m_axi_U/load_unit_0/fifo_rreq/raddr_reg[4]/R	-1.510
ap_rst_n	q_gmem_m_axi_U/load_unit_0/tmp_len_reg[22]/R	-1.510
ap_rst_n	q_gmem_m_axi_U/load_unit_0/tmp_len_reg[23]/R	-1.510
ap_rst_n	q_gmem_m_axi_U/load_unit_0/tmp_len_reg[24]/R	-1.510
ap_rst_n	q_gmem_m_axi_U/load_unit_0/tmp_len_reg[25]/R	-1.510
ap_rst_n	q_gmem_m_axi_U/load_unit_0/fifo_rreq/U_fifo_srl/dout_reg[0]/R	-1.510
ap_rst_n	q_gmem_m_axi_U/load_unit_0/fifo_rreq/U_fifo_srl/dout_reg[2]/R	-1.510
ap_rst_n	q_gmem_m_axi_U/load_unit_0/fifo_rreq/U_fifo_srl/dout_reg[6]/R	-1.510
ap_rst_n	q_gmem_m_axi_U/load_unit_0/tmp_addr_reg[3]/R	-1.510
ap_rst_n	q_gmem_m_axi_U/load_unit_0/tmp_addr_reg[5]/R	-1.510
ap_rst_n	v_gmem_m_axi_U/load_unit_0/buff_rdata/U_fifo_mem/mem_reg_bram_1/RSTRAMB	-1.510
ap_rst_n	q_gmem_m_axi_U/bus_read/rreq_burst_conv/start_addr_reg[14]/R	-1.510
ap_rst_n	q_gmem_m_axi_U/bus_read/rreq_burst_conv/start_addr_reg[15]/R	-1.510
ap_rst_n	q_gmem_m_axi_U/bus_read/rreq_burst_conv/start_addr_reg[19]/R	-1.510
ap_rst_n	q_gmem_m_axi_U/bus_read/rreq_burst_conv/end_from_4k_reg[8]/R	-1.510
ap_rst_n	q_gmem_m_axi_U/bus_read/rreq_burst_conv/start_addr_reg[9]/R	-1.510
ap_rst_n	grp_run_fu_161/grp_runController_fu_106/grp_runQueryTile_fu_142/runQueryBlock_0_U0/grp_runAccumulatorColumns_fu_512/ap_enable_reg_pp0_iter2_reg/R	-1.509
ap_rst_n	grp_run_fu_161/grp_runController_fu_106/grp_runQueryTile_fu_142/runQueryBlock_0_U0/grp_runAccumulatorColumns_fu_512/ap_enable_reg_pp0_iter3_reg/R	-1.509
ap_rst_n	grp_run_fu_161/grp_runController_fu_106/grp_runQueryTile_fu_142/runQueryBlock_0_U0/grp_runAccumulatorColumns_fu_512/ap_enable_reg_pp0_iter4_reg/R	-1.509
ap_rst_n	grp_run_fu_161/grp_runController_fu_106/grp_runQueryTile_fu_142/runQueryBlock_0_U0/grp_runAccumulatorColumns_fu_512/ap_enable_reg_pp0_iter5_reg/R	-1.509
ap_rst_n	q_gmem_m_axi_U/load_unit_0/tmp_len_reg[10]/R	-1.509
ap_rst_n	q_gmem_m_axi_U/load_unit_0/tmp_len_reg[11]/R	-1.509
ap_rst_n	q_gmem_m_axi_U/load_unit_0/tmp_len_reg[12]/R	-1.509
ap_rst_n	q_gmem_m_axi_U/load_unit_0/tmp_len_reg[13]/R	-1.509
ap_rst_n	q_gmem_m_axi_U/bus_read/rreq_burst_conv/end_from_4k_reg[0]/R	-1.509
ap_rst_n	q_gmem_m_axi_U/bus_read/rreq_burst_conv/end_from_4k_reg[1]/R	-1.509
ap_rst_n	q_gmem_m_axi_U/bus_read/rreq_burst_conv/end_from_4k_reg[2]/R	-1.509
ap_rst_n	q_gmem_m_axi_U/bus_read/rreq_burst_conv/end_from_4k_reg[3]/R	-1.509
ap_rst_n	q_gmem_m_axi_U/load_unit_0/fifo_rreq/U_fifo_srl/dout_reg[4]/R	-1.509
ap_rst_n	q_gmem_m_axi_U/load_unit_0/fifo_rreq/empty_n_reg/R	-1.508
ap_rst_n	q_gmem_m_axi_U/load_unit_0/fifo_rreq/mOutPtr_reg[3]/R	-1.508
ap_rst_n	q_gmem_m_axi_U/load_unit_0/tmp_len_reg[14]/R	-1.508
ap_rst_n	q_gmem_m_axi_U/load_unit_0/tmp_len_reg[15]/R	-1.508
ap_rst_n	q_gmem_m_axi_U/load_unit_0/tmp_len_reg[16]/R	-1.508
ap_rst_n	q_gmem_m_axi_U/load_unit_0/tmp_len_reg[17]/R	-1.508
ap_rst_n	grp_run_fu_161/grp_runController_fu_106/grp_runQueryTile_fu_142/runQueryBlock_0_U0/grp_runQueryBlock_0_Outline_VITIS_LOOP_117_5_fu_168/grp_runQueryBlock_0_Pipeline_VITIS_LOOP_369_33_fu_842/ap_enable_reg_pp0_iter6_reg/R	-1.508
ap_rst_n	q_gmem_m_axi_U/load_unit_0/fifo_rreq/mOutPtr_reg[5]/R	-1.508
ap_rst_n	q_gmem_m_axi_U/load_unit_0/tmp_len_reg[3]/R	-1.508
ap_rst_n	q_gmem_m_axi_U/load_unit_0/tmp_len_reg[4]/R	-1.508
ap_rst_n	q_gmem_m_axi_U/load_unit_0/tmp_len_reg[5]/R	-1.508
ap_rst_n	grp_run_fu_161/grp_runController_fu_106/grp_runQueryTile_fu_142/distributeQueryTile_U0/grp_distributeQueryTile_Pipeline_VITIS_LOOP_489_1_VITIS_LOOP_490_2_fu_208/ap_enable_reg_pp0_iter1_reg/D	-1.508
ap_rst_n	grp_run_fu_161/grp_runController_fu_106/grp_runQueryTile_fu_142/runQueryBlock_0_U0/grp_runQueryBlock_0_Outline_VITIS_LOOP_117_5_fu_168/grp_runQueryBlock_0_Pipeline_VITIS_LOOP_369_33_fu_842/ap_enable_reg_pp0_iter7_reg/R	-1.507
ap_rst_n	q_gmem_m_axi_U/load_unit_0/tmp_addr_reg[9]/R	-1.507
ap_rst_n	q_gmem_m_axi_U/load_unit_0/tmp_len_reg[6]/R	-1.507
ap_rst_n	q_gmem_m_axi_U/load_unit_0/tmp_len_reg[7]/R	-1.507
ap_rst_n	q_gmem_m_axi_U/load_unit_0/tmp_len_reg[8]/R	-1.507
ap_rst_n	q_gmem_m_axi_U/load_unit_0/tmp_len_reg[9]/R	-1.507
ap_rst_n	q_gmem_m_axi_U/bus_read/rreq_burst_conv/start_to_4k_reg[2]/R	-1.507
ap_rst_n	q_gmem_m_axi_U/bus_read/rreq_burst_conv/start_to_4k_reg[3]/R	-1.507
ap_rst_n	q_gmem_m_axi_U/bus_read/rreq_burst_conv/start_to_4k_reg[5]/R	-1.507
ap_rst_n	q_gmem_m_axi_U/bus_read/rreq_burst_conv/start_to_4k_reg[7]/R	-1.507
ap_rst_n	q_gmem_m_axi_U/load_unit_0/fifo_rreq/U_fifo_srl/dout_reg[66]/R	-1.507
ap_rst_n	q_gmem_m_axi_U/load_unit_0/buff_rdata/U_fifo_mem/mem_reg_bram_1/RSTRAMB	-1.507
ap_rst_n	q_gmem_m_axi_U/load_unit_0/fifo_rreq/mOutPtr_reg[2]/R	-1.506
ap_rst_n	q_gmem_m_axi_U/load_unit_0/tmp_addr_reg[4]/R	-1.506
ap_rst_n	q_gmem_m_axi_U/load_unit_0/fifo_rreq/U_fifo_srl/dout_reg[37]/R	-1.506
ap_rst_n	q_gmem_m_axi_U/load_unit_0/fifo_rreq/U_fifo_srl/dout_reg[40]/R	-1.505
ap_rst_n	q_gmem_m_axi_U/load_unit_0/tmp_addr_reg[7]/R	-1.505
ap_rst_n	q_gmem_m_axi_U/bus_read/rreq_burst_conv/could_multi_bursts.loop_cnt_reg[2]/R	-1.505
ap_rst_n	q_gmem_m_axi_U/bus_read/rreq_burst_conv/req_handling_reg/R	-1.505
ap_rst_n	q_gmem_m_axi_U/load_unit_0/tmp_valid_reg/R	-1.504
ap_rst_n	q_gmem_m_axi_U/load_unit_0/fifo_rreq/U_fifo_srl/dout_reg[67]/R	-1.503
ap_rst_n	q_gmem_m_axi_U/load_unit_0/fifo_rreq/mOutPtr_reg[0]/R	-1.503
ap_rst_n	q_gmem_m_axi_U/load_unit_0/fifo_rreq/mOutPtr_reg[1]/R	-1.503
ap_rst_n	q_gmem_m_axi_U/load_unit_0/fifo_rreq/mOutPtr_reg[4]/R	-1.503
ap_rst_n	q_gmem_m_axi_U/load_unit_0/fifo_rreq/mOutPtr_reg[6]/R	-1.503
ap_rst_n	q_gmem_m_axi_U/load_unit_0/fifo_rreq/mOutPtr_reg[7]/R	-1.503
ap_rst_n	q_gmem_m_axi_U/load_unit_0/buff_rdata/U_fifo_mem/mem_reg_bram_0/RSTRAMB	-1.503
ap_rst_n	q_gmem_m_axi_U/load_unit_0/fifo_rreq/U_fifo_srl/dout_reg[5]/R	-1.502
ap_rst_n	q_gmem_m_axi_U/load_unit_0/fifo_rreq/U_fifo_srl/dout_reg[68]/R	-1.502
ap_rst_n	q_gmem_m_axi_U/load_unit_0/tmp_addr_reg[8]/R	-1.502
m_axi_k_gmem_RLAST	k_gmem_m_axi_U/bus_read/rs_rdata/data_p2_reg[64]/D	-1.501
ap_rst_n	grp_run_fu_161/grp_runController_fu_106/grp_runQueryTile_fu_142/runQueryBlock_0_U0/grp_runQueryBlock_0_Outline_VITIS_LOOP_117_5_fu_168/grp_runQueryBlock_0_Pipeline_VITIS_LOOP_300_25_fu_772/ap_enable_reg_pp0_iter1_reg/R	-1.501
ap_rst_n	grp_run_fu_161/grp_runController_fu_106/grp_runQueryTile_fu_142/runQueryBlock_0_U0/grp_runQueryBlock_0_Outline_VITIS_LOOP_117_5_fu_168/grp_runQueryBlock_0_Pipeline_VITIS_LOOP_300_25_fu_772/ap_enable_reg_pp0_iter2_reg/R	-1.501
ap_rst_n	grp_run_fu_161/grp_runController_fu_106/grp_runQueryTile_fu_142/runQueryBlock_0_U0/grp_runQueryBlock_0_Outline_VITIS_LOOP_117_5_fu_168/grp_runQueryBlock_0_Pipeline_VITIS_LOOP_300_25_fu_772/ap_enable_reg_pp0_iter3_reg/R	-1.501
ap_rst_n	grp_run_fu_161/grp_runController_fu_106/grp_runQueryTile_fu_142/runQueryBlock_0_U0/grp_runQueryBlock_0_Outline_VITIS_LOOP_117_5_fu_168/grp_runQueryBlock_0_Pipeline_VITIS_LOOP_300_25_fu_772/ap_enable_reg_pp0_iter4_reg/R	-1.501
ap_rst_n	grp_run_fu_161/grp_runController_fu_106/grp_runQueryTile_fu_142/distributeQueryTile_U0/grp_distributeQueryTile_Pipeline_VITIS_LOOP_501_3_VITIS_LOOP_506_4_VITIS_LOOP_507_5_fu_220/ap_enable_reg_pp0_iter74_reg/R	-1.500
ap_rst_n	k_gmem_m_axi_U/load_unit_0/ready_for_outstanding_reg/R	-1.500
ap_rst_n	q_gmem_m_axi_U/bus_read/rreq_burst_conv/could_multi_bursts.last_loop_reg/R	-1.500
ap_rst_n	q_gmem_m_axi_U/bus_read/rreq_burst_conv/could_multi_bursts.loop_cnt_reg[0]/R	-1.500
ap_rst_n	q_gmem_m_axi_U/bus_read/rreq_burst_conv/could_multi_bursts.loop_cnt_reg[1]/R	-1.500
ap_rst_n	grp_run_fu_161/grp_runController_fu_106/grp_runQueryTile_fu_142/gatherQueryTile_U0/grp_gatherQueryTile_Pipeline_VITIS_LOOP_526_1_VITIS_LOOP_527_2_fu_106/flow_control_loop_pipe_sequential_init_U/ap_loop_init_int_reg/D	-1.499
m_axi_q_gmem_ARREADY	q_gmem_m_axi_U/bus_read/rreq_burst_conv/could_multi_bursts.sect_handling_reg/D	-1.499
ap_rst_n	grp_run_fu_161/grp_runController_fu_106/grp_runQueryTile_fu_142/runQueryBlock_0_U0/grp_runQueryBlock_0_Outline_VITIS_LOOP_117_5_fu_168/grp_runQueryBlock_0_Pipeline_VITIS_LOOP_300_25_fu_772/grp_runPeArray_fu_610_ap_start_reg_reg/R	-1.499
ap_rst_n	grp_run_fu_161/grp_runController_fu_106/grp_runQueryTile_fu_142/gatherQueryTile_U0/grp_gatherQueryTile_Pipeline_VITIS_LOOP_526_1_VITIS_LOOP_527_2_fu_106/flow_control_loop_pipe_sequential_init_U/ap_done_cache_reg/D	-1.498
ap_rst_n	q_gmem_m_axi_U/bus_read/rreq_burst_conv/could_multi_bursts.burst_valid_reg/R	-1.498
ap_rst_n	q_gmem_m_axi_U/bus_read/rreq_burst_conv/could_multi_bursts.sect_handling_reg/R	-1.498
m_axi_k_gmem_RDATA[59]	k_gmem_m_axi_U/bus_read/rs_rdata/data_p2_reg[59]/D	-1.497
ap_rst_n	grp_run_fu_161/grp_runController_fu_106/grp_runQueryTile_fu_142/runQueryBlock_0_U0/grp_runQueryBlock_0_Outline_VITIS_LOOP_117_5_fu_168/grp_runQueryBlock_0_Pipeline_VITIS_LOOP_162_1_fu_828/grp_runPeArray_fu_146_ap_start_reg_reg/R	-1.497
ap_rst_n	grp_run_fu_161/grp_runController_fu_106/grp_runQueryTile_fu_142/runQueryBlock_0_U0/grp_runQueryBlock_0_Outline_VITIS_LOOP_117_5_fu_168/grp_runQueryBlock_0_Pipeline_VITIS_LOOP_162_1_fu_828_ap_start_reg_reg/R	-1.497
m_axi_k_gmem_RDATA[20]	k_gmem_m_axi_U/bus_read/rs_rdata/data_p2_reg[20]/D	-1.497
m_axi_k_gmem_RDATA[22]	k_gmem_m_axi_U/bus_read/rs_rdata/data_p2_reg[22]/D	-1.497
ap_rst_n	grp_run_fu_161/grp_runController_fu_106/grp_runQueryTile_fu_142/runQueryBlock_0_U0/grp_reciprocalColumns_fu_201/ap_return_0_preg_reg[10]/R	-1.496
ap_rst_n	grp_run_fu_161/grp_runController_fu_106/grp_runQueryTile_fu_142/runQueryBlock_0_U0/grp_reciprocalColumns_fu_201/ap_return_0_preg_reg[11]/R	-1.496
ap_rst_n	grp_run_fu_161/grp_runController_fu_106/grp_runQueryTile_fu_142/runQueryBlock_0_U0/grp_reciprocalColumns_fu_201/ap_return_0_preg_reg[16]/R	-1.496
ap_rst_n	grp_run_fu_161/grp_runController_fu_106/grp_runQueryTile_fu_142/runQueryBlock_0_U0/grp_reciprocalColumns_fu_201/ap_return_0_preg_reg[17]/R	-1.496
ap_rst_n	grp_run_fu_161/grp_runController_fu_106/grp_runQueryTile_fu_142/runQueryBlock_0_U0/grp_runQueryBlock_0_Outline_VITIS_LOOP_117_5_fu_168/grp_runQueryBlock_0_Pipeline_VITIS_LOOP_162_1_fu_828/ap_CS_fsm_reg[0]/S	-1.496
ap_rst_n	grp_run_fu_161/grp_runController_fu_106/grp_runQueryTile_fu_142/runQueryBlock_0_U0/grp_runQueryBlock_0_Outline_VITIS_LOOP_117_5_fu_168/grp_runQueryBlock_0_Pipeline_VITIS_LOOP_162_1_fu_828/ap_CS_fsm_reg[1]/R	-1.496
ap_rst_n	grp_run_fu_161/grp_runController_fu_106/grp_runQueryTile_fu_142/runQueryBlock_0_U0/grp_runQueryBlock_0_Outline_VITIS_LOOP_117_5_fu_168/grp_runQueryBlock_0_Pipeline_VITIS_LOOP_162_1_fu_828/ap_CS_fsm_reg[2]/R	-1.496
ap_rst_n	grp_run_fu_161/grp_runController_fu_106/grp_runQueryTile_fu_142/runQueryBlock_0_U0/grp_runQueryBlock_0_Outline_VITIS_LOOP_117_5_fu_168/grp_runQueryBlock_0_Pipeline_VITIS_LOOP_162_1_fu_828/ap_CS_fsm_reg[3]/R	-1.496
ap_rst_n	grp_run_fu_161/grp_runController_fu_106/grp_runQueryTile_fu_142/runQueryBlock_0_U0/grp_runQueryBlock_0_Outline_VITIS_LOOP_117_5_fu_168/grp_runQueryBlock_0_Pipeline_VITIS_LOOP_162_1_fu_828/ap_CS_fsm_reg[4]/R	-1.496
ap_rst_n	grp_run_fu_161/grp_runController_fu_106/grp_runQueryTile_fu_142/runQueryBlock_0_U0/grp_runQueryBlock_0_Outline_VITIS_LOOP_117_5_fu_168/grp_runQueryBlock_0_Pipeline_VITIS_LOOP_162_1_fu_828/ap_enable_reg_pp0_iter0_reg_reg/D	-1.496
ap_rst_n	grp_run_fu_161/grp_runController_fu_106/grp_runQueryTile_fu_142/runQueryBlock_0_U0/grp_runQueryBlock_0_Outline_VITIS_LOOP_117_5_fu_168/grp_runQueryBlock_0_Pipeline_VITIS_LOOP_369_33_fu_842/ap_enable_reg_pp0_iter5_reg/R	-1.496
m_axi_k_gmem_RDATA[16]	k_gmem_m_axi_U/bus_read/rs_rdata/data_p2_reg[16]/D	-1.496
m_axi_k_gmem_RDATA[4]	k_gmem_m_axi_U/bus_read/rs_rdata/data_p2_reg[4]/D	-1.496
m_axi_k_gmem_RDATA[8]	k_gmem_m_axi_U/bus_read/rs_rdata/data_p2_reg[8]/D	-1.496
m_axi_v_gmem_RDATA[13]	v_gmem_m_axi_U/bus_read/rs_rdata/data_p2_reg[13]/D	-1.495
m_axi_v_gmem_RDATA[25]	v_gmem_m_axi_U/bus_read/rs_rdata/data_p2_reg[25]/D	-1.495
m_axi_v_gmem_RDATA[40]	v_gmem_m_axi_U/bus_read/rs_rdata/data_p2_reg[40]/D	-1.495
m_axi_v_gmem_RDATA[42]	v_gmem_m_axi_U/bus_read/rs_rdata/data_p2_reg[42]/D	-1.495
ap_rst_n	grp_run_fu_161/grp_runController_fu_106/grp_runQueryTile_fu_142/runQueryBlock_0_U0/grp_runQueryBlock_0_Outline_VITIS_LOOP_117_5_fu_168/grp_runQueryBlock_0_Pipeline_VITIS_LOOP_369_33_fu_842/ap_enable_reg_pp0_iter9_reg_rep__1/R	-1.494
m_axi_k_gmem_RDATA[11]	k_gmem_m_axi_U/bus_read/rs_rdata/data_p2_reg[11]/D	-1.494
m_axi_k_gmem_RDATA[27]	k_gmem_m_axi_U/bus_read/rs_rdata/data_p2_reg[27]/D	-1.494
m_axi_v_gmem_RDATA[16]	v_gmem_m_axi_U/bus_read/rs_rdata/data_p2_reg[16]/D	-1.494
m_axi_v_gmem_RDATA[17]	v_gmem_m_axi_U/bus_read/rs_rdata/data_p2_reg[17]/D	-1.494
m_axi_v_gmem_RDATA[35]	v_gmem_m_axi_U/bus_read/rs_rdata/data_p2_reg[35]/D	-1.494
m_axi_v_gmem_RDATA[44]	v_gmem_m_axi_U/bus_read/rs_rdata/data_p2_reg[44]/D	-1.494
m_axi_v_gmem_RDATA[58]	v_gmem_m_axi_U/bus_read/rs_rdata/data_p2_reg[58]/D	-1.494
ap_rst_n	grp_run_fu_161/grp_runController_fu_106/grp_runQueryTile_fu_142/runQueryBlock_0_U0/grp_runQueryBlock_0_Outline_VITIS_LOOP_117_5_fu_168/grp_runQueryBlock_0_Pipeline_VITIS_LOOP_190_122_fu_653/ap_enable_reg_pp0_iter1_reg/D	-1.494
m_axi_k_gmem_RDATA[31]	k_gmem_m_axi_U/bus_read/rs_rdata/data_p2_reg[31]/D	-1.493
m_axi_k_gmem_RDATA[5]	k_gmem_m_axi_U/bus_read/rs_rdata/data_p2_reg[5]/D	-1.493
ap_rst_n	q_gmem_m_axi_U/bus_read/fifo_rctl/full_n_reg/D	-1.493
m_axi_v_gmem_RDATA[18]	v_gmem_m_axi_U/bus_read/rs_rdata/data_p2_reg[18]/D	-1.493
m_axi_v_gmem_RDATA[8]	v_gmem_m_axi_U/bus_read/rs_rdata/data_p2_reg[8]/D	-1.493
m_axi_k_gmem_RDATA[32]	k_gmem_m_axi_U/bus_read/rs_rdata/data_p2_reg[32]/D	-1.492
m_axi_k_gmem_RDATA[9]	k_gmem_m_axi_U/bus_read/rs_rdata/data_p2_reg[9]/D	-1.492
m_axi_k_gmem_RDATA[0]	k_gmem_m_axi_U/bus_read/rs_rdata/data_p2_reg[0]/D	-1.492
m_axi_k_gmem_RDATA[47]	k_gmem_m_axi_U/bus_read/rs_rdata/data_p2_reg[47]/D	-1.492
ap_rst_n	grp_run_fu_161/grp_runController_fu_106/grp_runQueryTile_fu_142/runQueryBlock_0_U0/grp_runQueryBlock_0_Outline_VITIS_LOOP_117_5_fu_168/grp_runQueryBlock_0_Pipeline_VITIS_LOOP_369_33_fu_842/ap_enable_reg_pp0_iter3_reg/R	-1.491
ap_rst_n	grp_run_fu_161/grp_runController_fu_106/grp_runQueryTile_fu_142/runQueryBlock_0_U0/grp_runQueryBlock_0_Outline_VITIS_LOOP_117_5_fu_168/grp_runQueryBlock_0_Pipeline_VITIS_LOOP_369_33_fu_842/grp_runAccumulatorColumns_fu_582_ap_start_reg_reg/R	-1.491
ap_rst_n	grp_run_fu_161/grp_runController_fu_106/grp_runQueryTile_fu_142/runQueryBlock_0_U0/grp_runQueryBlock_0_Outline_VITIS_LOOP_117_5_fu_168/grp_runQueryBlock_0_Pipeline_VITIS_LOOP_369_33_fu_842_ap_start_reg_reg/R	-1.491
ap_rst_n	v_gmem_m_axi_U/load_unit_0/ready_for_outstanding_reg/R	-1.491
m_axi_k_gmem_RDATA[55]	k_gmem_m_axi_U/bus_read/rs_rdata/data_p2_reg[55]/D	-1.491
m_axi_k_gmem_RDATA[61]	k_gmem_m_axi_U/bus_read/rs_rdata/data_p2_reg[61]/D	-1.491
m_axi_q_gmem_RDATA[46]	q_gmem_m_axi_U/bus_read/rs_rdata/data_p2_reg[46]/D	-1.491
m_axi_q_gmem_RDATA[54]	q_gmem_m_axi_U/bus_read/rs_rdata/data_p2_reg[54]/D	-1.491
m_axi_q_gmem_RDATA[58]	q_gmem_m_axi_U/bus_read/rs_rdata/data_p2_reg[58]/D	-1.491
ap_rst_n	grp_run_fu_161/grp_runController_fu_106/grp_runQueryTile_fu_142/gatherQueryTile_U0/grp_storeOutputTile_fu_118/grp_storeOutputTile_Pipeline_VITIS_LOOP_76_1_fu_89/flow_control_loop_pipe_sequential_init_U/ap_loop_init_int_reg/D	-1.490
m_axi_k_gmem_RDATA[60]	k_gmem_m_axi_U/bus_read/rs_rdata/data_p2_reg[60]/D	-1.490
ap_rst_n	grp_run_fu_161/grp_runController_fu_106/grp_runQueryTile_fu_142/distributeQueryTile_U0/grp_distributeQueryTile_Pipeline_VITIS_LOOP_501_3_VITIS_LOOP_506_4_VITIS_LOOP_507_5_fu_220/ap_enable_reg_pp0_iter58_reg/R	-1.490
ap_rst_n	grp_run_fu_161/grp_runController_fu_106/grp_runQueryTile_fu_142/distributeQueryTile_U0/grp_distributeQueryTile_Pipeline_VITIS_LOOP_501_3_VITIS_LOOP_506_4_VITIS_LOOP_507_5_fu_220/ap_enable_reg_pp0_iter59_reg/R	-1.490
ap_rst_n	grp_run_fu_161/grp_runController_fu_106/grp_runQueryTile_fu_142/distributeQueryTile_U0/grp_distributeQueryTile_Pipeline_VITIS_LOOP_501_3_VITIS_LOOP_506_4_VITIS_LOOP_507_5_fu_220/ap_enable_reg_pp0_iter60_reg/R	-1.490
ap_rst_n	grp_run_fu_161/grp_runController_fu_106/grp_runQueryTile_fu_142/distributeQueryTile_U0/grp_distributeQueryTile_Pipeline_VITIS_LOOP_501_3_VITIS_LOOP_506_4_VITIS_LOOP_507_5_fu_220/ap_enable_reg_pp0_iter61_reg/R	-1.490
ap_rst_n	grp_run_fu_161/grp_runController_fu_106/grp_runQueryTile_fu_142/distributeQueryTile_U0/grp_distributeQueryTile_Pipeline_VITIS_LOOP_501_3_VITIS_LOOP_506_4_VITIS_LOOP_507_5_fu_220/ap_enable_reg_pp0_iter62_reg/R	-1.490
m_axi_q_gmem_RDATA[38]	q_gmem_m_axi_U/bus_read/rs_rdata/data_p2_reg[38]/D	-1.490
m_axi_q_gmem_RDATA[62]	q_gmem_m_axi_U/bus_read/rs_rdata/data_p2_reg[62]/D	-1.490
m_axi_v_gmem_RDATA[15]	v_gmem_m_axi_U/bus_read/rs_rdata/data_p2_reg[15]/D	-1.490
m_axi_v_gmem_RDATA[1]	v_gmem_m_axi_U/bus_read/rs_rdata/data_p2_reg[1]/D	-1.490
m_axi_v_gmem_RDATA[46]	v_gmem_m_axi_U/bus_read/rs_rdata/data_p2_reg[46]/D	-1.490
m_axi_v_gmem_RDATA[54]	v_gmem_m_axi_U/bus_read/rs_rdata/data_p2_reg[54]/D	-1.490
m_axi_q_gmem_RDATA[48]	q_gmem_m_axi_U/bus_read/rs_rdata/data_p2_reg[48]/D	-1.490
m_axi_v_gmem_RLAST	v_gmem_m_axi_U/bus_read/rs_rdata/data_p2_reg[64]/D	-1.489
m_axi_k_gmem_RDATA[17]	k_gmem_m_axi_U/bus_read/rs_rdata/data_p2_reg[17]/D	-1.489
m_axi_k_gmem_RDATA[1]	k_gmem_m_axi_U/bus_read/rs_rdata/data_p2_reg[1]/D	-1.489
m_axi_k_gmem_RDATA[29]	k_gmem_m_axi_U/bus_read/rs_rdata/data_p2_reg[29]/D	-1.489
m_axi_k_gmem_RDATA[34]	k_gmem_m_axi_U/bus_read/rs_rdata/data_p2_reg[34]/D	-1.489
m_axi_k_gmem_RDATA[38]	k_gmem_m_axi_U/bus_read/rs_rdata/data_p2_reg[38]/D	-1.489
m_axi_k_gmem_RDATA[41]	k_gmem_m_axi_U/bus_read/rs_rdata/data_p2_reg[41]/D	-1.489
m_axi_k_gmem_RDATA[54]	k_gmem_m_axi_U/bus_read/rs_rdata/data_p2_reg[54]/D	-1.489
m_axi_v_gmem_RDATA[32]	v_gmem_m_axi_U/bus_read/rs_rdata/data_p2_reg[32]/D	-1.489
m_axi_v_gmem_RDATA[34]	v_gmem_m_axi_U/bus_read/rs_rdata/data_p2_reg[34]/D	-1.489
ap_rst_n	grp_run_fu_161/grp_runController_fu_106/grp_runQueryTile_fu_142/runQueryBlock_0_U0/grp_reciprocalColumns_fu_201/ap_return_0_preg_reg[18]/R	-1.489
ap_rst_n	grp_run_fu_161/grp_runController_fu_106/grp_runQueryTile_fu_142/runQueryBlock_0_U0/grp_reciprocalColumns_fu_201/ap_return_0_preg_reg[19]/R	-1.489
m_axi_q_gmem_RDATA[52]	q_gmem_m_axi_U/bus_read/rs_rdata/data_p2_reg[52]/D	-1.488
m_axi_k_gmem_RDATA[33]	k_gmem_m_axi_U/bus_read/rs_rdata/data_p2_reg[33]/D	-1.488
m_axi_k_gmem_RDATA[56]	k_gmem_m_axi_U/bus_read/rs_rdata/data_p2_reg[56]/D	-1.488
m_axi_k_gmem_RDATA[58]	k_gmem_m_axi_U/bus_read/rs_rdata/data_p2_reg[58]/D	-1.488
m_axi_k_gmem_RDATA[7]	k_gmem_m_axi_U/bus_read/rs_rdata/data_p2_reg[7]/D	-1.488
m_axi_q_gmem_RDATA[34]	q_gmem_m_axi_U/bus_read/rs_rdata/data_p2_reg[34]/D	-1.488
m_axi_v_gmem_RDATA[4]	v_gmem_m_axi_U/bus_read/rs_rdata/data_p2_reg[4]/D	-1.488
m_axi_v_gmem_RDATA[6]	v_gmem_m_axi_U/bus_read/rs_rdata/data_p2_reg[6]/D	-1.488
ap_rst_n	grp_run_fu_161/grp_runController_fu_106/grp_runQueryTile_fu_142/runQueryBlock_0_U0/grp_runQueryBlock_0_Outline_VITIS_LOOP_117_5_fu_168/grp_runQueryBlock_0_Pipeline_VITIS_LOOP_369_33_fu_842/ap_enable_reg_pp0_iter9_reg_rep__0/R	-1.488
m_axi_v_gmem_RDATA[37]	v_gmem_m_axi_U/bus_read/rs_rdata/data_p2_reg[37]/D	-1.487
m_axi_v_gmem_RDATA[55]	v_gmem_m_axi_U/bus_read/rs_rdata/data_p2_reg[55]/D	-1.487
m_axi_q_gmem_RDATA[53]	q_gmem_m_axi_U/bus_read/rs_rdata/data_p2_reg[53]/D	-1.487
m_axi_k_gmem_RDATA[45]	k_gmem_m_axi_U/bus_read/rs_rdata/data_p2_reg[45]/D	-1.487
m_axi_k_gmem_RDATA[49]	k_gmem_m_axi_U/bus_read/rs_rdata/data_p2_reg[49]/D	-1.487
m_axi_q_gmem_RDATA[57]	q_gmem_m_axi_U/bus_read/rs_rdata/data_p2_reg[57]/D	-1.487
m_axi_q_gmem_RDATA[47]	q_gmem_m_axi_U/bus_read/rs_rdata/data_p2_reg[47]/D	-1.486
m_axi_v_gmem_RDATA[45]	v_gmem_m_axi_U/bus_read/rs_rdata/data_p2_reg[45]/D	-1.486
m_axi_v_gmem_RDATA[47]	v_gmem_m_axi_U/bus_read/rs_rdata/data_p2_reg[47]/D	-1.486
m_axi_v_gmem_RDATA[59]	v_gmem_m_axi_U/bus_read/rs_rdata/data_p2_reg[59]/D	-1.486
m_axi_v_gmem_RDATA[60]	v_gmem_m_axi_U/bus_read/rs_rdata/data_p2_reg[60]/D	-1.486
m_axi_q_gmem_RDATA[22]	q_gmem_m_axi_U/bus_read/rs_rdata/data_p2_reg[22]/D	-1.486
m_axi_q_gmem_RDATA[45]	q_gmem_m_axi_U/bus_read/rs_rdata/data_p2_reg[45]/D	-1.486
m_axi_q_gmem_RDATA[60]	q_gmem_m_axi_U/bus_read/rs_rdata/data_p2_reg[60]/D	-1.486
m_axi_k_gmem_RDATA[51]	k_gmem_m_axi_U/bus_read/rs_rdata/data_p2_reg[51]/D	-1.486
m_axi_k_gmem_RDATA[63]	k_gmem_m_axi_U/bus_read/rs_rdata/data_p2_reg[63]/D	-1.486
m_axi_q_gmem_RLAST	q_gmem_m_axi_U/bus_read/rs_rdata/data_p2_reg[64]/D	-1.486
m_axi_q_gmem_RDATA[6]	q_gmem_m_axi_U/bus_read/rs_rdata/data_p2_reg[6]/D	-1.486
m_axi_v_gmem_RDATA[51]	v_gmem_m_axi_U/bus_read/rs_rdata/data_p2_reg[51]/D	-1.485
m_axi_v_gmem_RDATA[63]	v_gmem_m_axi_U/bus_read/rs_rdata/data_p2_reg[63]/D	-1.485
m_axi_q_gmem_RDATA[16]	q_gmem_m_axi_U/bus_read/rs_rdata/data_p2_reg[16]/D	-1.485
m_axi_q_gmem_RDATA[49]	q_gmem_m_axi_U/bus_read/rs_rdata/data_p2_reg[49]/D	-1.485
m_axi_q_gmem_RDATA[51]	q_gmem_m_axi_U/bus_read/rs_rdata/data_p2_reg[51]/D	-1.485
ap_rst_n	grp_run_fu_161/grp_runController_fu_106/grp_runQueryTile_fu_142/runQueryBlock_0_U0/grp_reciprocalColumns_fu_201/ap_return_1_preg_reg[0]/R	-1.485
ap_rst_n	grp_run_fu_161/grp_runController_fu_106/grp_runQueryTile_fu_142/runQueryBlock_0_U0/grp_reciprocalColumns_fu_201/ap_return_1_preg_reg[11]/R	-1.485
ap_rst_n	grp_run_fu_161/grp_runController_fu_106/grp_runQueryTile_fu_142/runQueryBlock_0_U0/grp_reciprocalColumns_fu_201/ap_return_1_preg_reg[12]/R	-1.485
ap_rst_n	grp_run_fu_161/grp_runController_fu_106/grp_runQueryTile_fu_142/runQueryBlock_0_U0/grp_reciprocalColumns_fu_201/ap_return_1_preg_reg[13]/R	-1.485
ap_rst_n	grp_run_fu_161/grp_runController_fu_106/grp_runQueryTile_fu_142/runQueryBlock_0_U0/grp_reciprocalColumns_fu_201/ap_return_1_preg_reg[14]/R	-1.485
ap_rst_n	grp_run_fu_161/grp_runController_fu_106/grp_runQueryTile_fu_142/runQueryBlock_0_U0/grp_reciprocalColumns_fu_201/ap_return_1_preg_reg[15]/R	-1.485
ap_rst_n	grp_run_fu_161/grp_runController_fu_106/grp_runQueryTile_fu_142/runQueryBlock_0_U0/grp_reciprocalColumns_fu_201/ap_return_1_preg_reg[16]/R	-1.485
ap_rst_n	grp_run_fu_161/grp_runController_fu_106/grp_runQueryTile_fu_142/runQueryBlock_0_U0/grp_reciprocalColumns_fu_201/ap_return_1_preg_reg[17]/R	-1.485
ap_rst_n	grp_run_fu_161/grp_runController_fu_106/grp_runQueryTile_fu_142/runQueryBlock_0_U0/grp_reciprocalColumns_fu_201/ap_return_1_preg_reg[18]/R	-1.485
ap_rst_n	grp_run_fu_161/grp_runController_fu_106/grp_runQueryTile_fu_142/runQueryBlock_0_U0/grp_reciprocalColumns_fu_201/ap_return_1_preg_reg[9]/R	-1.485
m_axi_q_gmem_RDATA[59]	q_gmem_m_axi_U/bus_read/rs_rdata/data_p2_reg[59]/D	-1.484
m_axi_q_gmem_RDATA[61]	q_gmem_m_axi_U/bus_read/rs_rdata/data_p2_reg[61]/D	-1.484
ap_rst_n	grp_run_fu_161/grp_runController_fu_106/grp_runQueryTile_fu_142/runQueryBlock_0_U0/grp_runAccumulatorColumns_fu_512/ap_enable_reg_pp0_iter1_reg/R	-1.484
m_axi_k_gmem_RDATA[36]	k_gmem_m_axi_U/bus_read/rs_rdata/data_p2_reg[36]/D	-1.484
m_axi_k_gmem_RDATA[40]	k_gmem_m_axi_U/bus_read/rs_rdata/data_p2_reg[40]/D	-1.484
m_axi_q_gmem_RDATA[20]	q_gmem_m_axi_U/bus_read/rs_rdata/data_p2_reg[20]/D	-1.483
m_axi_q_gmem_RDATA[24]	q_gmem_m_axi_U/bus_read/rs_rdata/data_p2_reg[24]/D	-1.483
m_axi_q_gmem_RDATA[39]	q_gmem_m_axi_U/bus_read/rs_rdata/data_p2_reg[39]/D	-1.483
ap_rst_n	grp_run_fu_161/grp_runController_fu_106/grp_runQueryTile_fu_142/runQueryBlock_0_U0/grp_reciprocalColumns_fu_201/ap_return_0_preg_reg[12]/R	-1.483
ap_rst_n	grp_run_fu_161/grp_runController_fu_106/grp_runQueryTile_fu_142/runQueryBlock_0_U0/grp_reciprocalColumns_fu_201/ap_return_0_preg_reg[13]/R	-1.483
ap_rst_n	grp_run_fu_161/grp_runController_fu_106/grp_runQueryTile_fu_142/runQueryBlock_0_U0/grp_runQueryBlock_0_Outline_VITIS_LOOP_117_5_fu_168/grp_runQueryBlock_0_Pipeline_VITIS_LOOP_242_15_fu_667/ap_enable_reg_pp0_iter1_reg/D	-1.483
m_axi_k_gmem_RDATA[13]	k_gmem_m_axi_U/bus_read/rs_rdata/data_p2_reg[13]/D	-1.483
m_axi_k_gmem_RDATA[25]	k_gmem_m_axi_U/bus_read/rs_rdata/data_p2_reg[25]/D	-1.483
m_axi_k_gmem_RDATA[42]	k_gmem_m_axi_U/bus_read/rs_rdata/data_p2_reg[42]/D	-1.483
m_axi_k_gmem_RDATA[57]	k_gmem_m_axi_U/bus_read/rs_rdata/data_p2_reg[57]/D	-1.483
m_axi_v_gmem_RDATA[21]	v_gmem_m_axi_U/bus_read/rs_rdata/data_p2_reg[21]/D	-1.483
m_axi_v_gmem_RDATA[33]	v_gmem_m_axi_U/bus_read/rs_rdata/data_p2_reg[33]/D	-1.483
m_axi_q_gmem_RDATA[43]	q_gmem_m_axi_U/bus_read/rs_rdata/data_p2_reg[43]/D	-1.482
m_axi_q_gmem_RDATA[55]	q_gmem_m_axi_U/bus_read/rs_rdata/data_p2_reg[55]/D	-1.482
m_axi_v_gmem_RDATA[48]	v_gmem_m_axi_U/bus_read/rs_rdata/data_p2_reg[48]/D	-1.482
m_axi_v_gmem_RDATA[62]	v_gmem_m_axi_U/bus_read/rs_rdata/data_p2_reg[62]/D	-1.482
ap_rst_n	grp_run_fu_161/grp_runController_fu_106/grp_runQueryTile_fu_142/runQueryBlock_0_U0/grp_runQueryBlock_0_Outline_VITIS_LOOP_117_5_fu_168/grp_runQueryBlock_0_Pipeline_VITIS_LOOP_242_15_fu_667/ap_enable_reg_pp0_iter3_reg/R	-1.482
m_axi_k_gmem_RDATA[12]	k_gmem_m_axi_U/bus_read/rs_rdata/data_p2_reg[12]/D	-1.482
m_axi_k_gmem_RDATA[26]	k_gmem_m_axi_U/bus_read/rs_rdata/data_p2_reg[26]/D	-1.482
m_axi_q_gmem_RDATA[32]	q_gmem_m_axi_U/bus_read/rs_rdata/data_p2_reg[32]/D	-1.482
m_axi_v_gmem_RDATA[10]	v_gmem_m_axi_U/bus_read/rs_rdata/data_p2_reg[10]/D	-1.482
m_axi_v_gmem_RDATA[19]	v_gmem_m_axi_U/bus_read/rs_rdata/data_p2_reg[19]/D	-1.482
m_axi_v_gmem_RDATA[26]	v_gmem_m_axi_U/bus_read/rs_rdata/data_p2_reg[26]/D	-1.482
m_axi_v_gmem_RDATA[52]	v_gmem_m_axi_U/bus_read/rs_rdata/data_p2_reg[52]/D	-1.482
m_axi_v_gmem_RDATA[5]	v_gmem_m_axi_U/bus_read/rs_rdata/data_p2_reg[5]/D	-1.482
m_axi_v_gmem_RDATA[23]	v_gmem_m_axi_U/bus_read/rs_rdata/data_p2_reg[23]/D	-1.482
m_axi_v_gmem_RDATA[39]	v_gmem_m_axi_U/bus_read/rs_rdata/data_p2_reg[39]/D	-1.482
m_axi_v_gmem_RDATA[41]	v_gmem_m_axi_U/bus_read/rs_rdata/data_p2_reg[41]/D	-1.481
m_axi_v_gmem_RDATA[43]	v_gmem_m_axi_U/bus_read/rs_rdata/data_p2_reg[43]/D	-1.481
m_axi_k_gmem_RDATA[15]	k_gmem_m_axi_U/bus_read/rs_rdata/data_p2_reg[15]/D	-1.481
m_axi_k_gmem_RDATA[24]	k_gmem_m_axi_U/bus_read/rs_rdata/data_p2_reg[24]/D	-1.481
m_axi_k_gmem_RDATA[28]	k_gmem_m_axi_U/bus_read/rs_rdata/data_p2_reg[28]/D	-1.481
m_axi_k_gmem_RDATA[2]	k_gmem_m_axi_U/bus_read/rs_rdata/data_p2_reg[2]/D	-1.481
m_axi_q_gmem_RDATA[8]	q_gmem_m_axi_U/bus_read/rs_rdata/data_p2_reg[8]/D	-1.481
m_axi_q_gmem_RDATA[9]	q_gmem_m_axi_U/bus_read/rs_rdata/data_p2_reg[9]/D	-1.481
m_axi_v_gmem_RDATA[3]	v_gmem_m_axi_U/bus_read/rs_rdata/data_p2_reg[3]/D	-1.481
m_axi_v_gmem_RDATA[11]	v_gmem_m_axi_U/bus_read/rs_rdata/data_p2_reg[11]/D	-1.481
m_axi_v_gmem_RDATA[12]	v_gmem_m_axi_U/bus_read/rs_rdata/data_p2_reg[12]/D	-1.481
m_axi_v_gmem_RDATA[49]	v_gmem_m_axi_U/bus_read/rs_rdata/data_p2_reg[49]/D	-1.480
m_axi_v_gmem_RDATA[61]	v_gmem_m_axi_U/bus_read/rs_rdata/data_p2_reg[61]/D	-1.480
m_axi_k_gmem_RDATA[30]	k_gmem_m_axi_U/bus_read/rs_rdata/data_p2_reg[30]/D	-1.480
m_axi_k_gmem_RDATA[35]	k_gmem_m_axi_U/bus_read/rs_rdata/data_p2_reg[35]/D	-1.480
m_axi_v_gmem_RDATA[28]	v_gmem_m_axi_U/bus_read/rs_rdata/data_p2_reg[28]/D	-1.480
m_axi_q_gmem_RDATA[17]	q_gmem_m_axi_U/bus_read/rs_rdata/data_p2_reg[17]/D	-1.479
m_axi_q_gmem_RDATA[26]	q_gmem_m_axi_U/bus_read/rs_rdata/data_p2_reg[26]/D	-1.479
m_axi_q_gmem_RDATA[42]	q_gmem_m_axi_U/bus_read/rs_rdata/data_p2_reg[42]/D	-1.479
ap_rst_n	grp_run_fu_161/grp_runController_fu_106/grp_runQueryTile_fu_142/runQueryBlock_0_U0/grp_reciprocalColumns_fu_201/ap_CS_fsm_reg[3]/R	-1.479
ap_rst_n	grp_run_fu_161/grp_runController_fu_106/grp_runQueryTile_fu_142/runQueryBlock_0_U0/grp_reciprocalColumns_fu_201/ap_CS_fsm_reg[4]/R	-1.479
ap_rst_n	grp_run_fu_161/grp_runController_fu_106/grp_runQueryTile_fu_142/runQueryBlock_0_U0/grp_reciprocalColumns_fu_201/grp_reciprocalColumns_Pipeline_VITIS_LOOP_369_1_fu_102_ap_start_reg_reg/R	-1.479
m_axi_k_gmem_RDATA[18]	k_gmem_m_axi_U/bus_read/rs_rdata/data_p2_reg[18]/D	-1.479
m_axi_k_gmem_RDATA[43]	k_gmem_m_axi_U/bus_read/rs_rdata/data_p2_reg[43]/D	-1.479
m_axi_q_gmem_RDATA[33]	q_gmem_m_axi_U/bus_read/rs_rdata/data_p2_reg[33]/D	-1.478
m_axi_q_gmem_RDATA[41]	q_gmem_m_axi_U/bus_read/rs_rdata/data_p2_reg[41]/D	-1.478
m_axi_k_gmem_RDATA[39]	k_gmem_m_axi_U/bus_read/rs_rdata/data_p2_reg[39]/D	-1.478
m_axi_k_gmem_RDATA[46]	k_gmem_m_axi_U/bus_read/rs_rdata/data_p2_reg[46]/D	-1.478
m_axi_k_gmem_RDATA[52]	k_gmem_m_axi_U/bus_read/rs_rdata/data_p2_reg[52]/D	-1.478
m_axi_v_gmem_RDATA[14]	v_gmem_m_axi_U/bus_read/rs_rdata/data_p2_reg[14]/D	-1.478
m_axi_v_gmem_RDATA[24]	v_gmem_m_axi_U/bus_read/rs_rdata/data_p2_reg[24]/D	-1.478
m_axi_v_gmem_RDATA[30]	v_gmem_m_axi_U/bus_read/rs_rdata/data_p2_reg[30]/D	-1.478
m_axi_v_gmem_RDATA[36]	v_gmem_m_axi_U/bus_read/rs_rdata/data_p2_reg[36]/D	-1.478
ap_rst_n	grp_run_fu_161/grp_runController_fu_106/grp_runQueryTile_fu_142/distributeQueryTile_U0/grp_distributeQueryTile_Pipeline_VITIS_LOOP_501_3_VITIS_LOOP_506_4_VITIS_LOOP_507_5_fu_220/ap_enable_reg_pp0_iter63_reg/R	-1.477
ap_rst_n	grp_run_fu_161/grp_runController_fu_106/grp_runQueryTile_fu_142/distributeQueryTile_U0/grp_distributeQueryTile_Pipeline_VITIS_LOOP_501_3_VITIS_LOOP_506_4_VITIS_LOOP_507_5_fu_220/ap_enable_reg_pp0_iter64_reg/R	-1.477
ap_rst_n	grp_run_fu_161/grp_runController_fu_106/grp_runQueryTile_fu_142/distributeQueryTile_U0/grp_distributeQueryTile_Pipeline_VITIS_LOOP_501_3_VITIS_LOOP_506_4_VITIS_LOOP_507_5_fu_220/ap_enable_reg_pp0_iter65_reg/R	-1.477
ap_rst_n	grp_run_fu_161/grp_runController_fu_106/grp_runQueryTile_fu_142/distributeQueryTile_U0/grp_distributeQueryTile_Pipeline_VITIS_LOOP_501_3_VITIS_LOOP_506_4_VITIS_LOOP_507_5_fu_220/ap_enable_reg_pp0_iter66_reg/R	-1.477
ap_rst_n	grp_run_fu_161/grp_runController_fu_106/grp_runQueryTile_fu_142/distributeQueryTile_U0/grp_distributeQueryTile_Pipeline_VITIS_LOOP_501_3_VITIS_LOOP_506_4_VITIS_LOOP_507_5_fu_220/ap_enable_reg_pp0_iter67_reg/R	-1.477
ap_rst_n	grp_run_fu_161/grp_runController_fu_106/grp_runQueryTile_fu_142/distributeQueryTile_U0/grp_distributeQueryTile_Pipeline_VITIS_LOOP_501_3_VITIS_LOOP_506_4_VITIS_LOOP_507_5_fu_220/ap_enable_reg_pp0_iter68_reg/R	-1.477
ap_rst_n	grp_run_fu_161/grp_runController_fu_106/grp_runQueryTile_fu_142/distributeQueryTile_U0/grp_distributeQueryTile_Pipeline_VITIS_LOOP_501_3_VITIS_LOOP_506_4_VITIS_LOOP_507_5_fu_220/ap_enable_reg_pp0_iter69_reg/R	-1.477
m_axi_k_gmem_RDATA[3]	k_gmem_m_axi_U/bus_read/rs_rdata/data_p2_reg[3]/D	-1.477
m_axi_v_gmem_RDATA[0]	v_gmem_m_axi_U/bus_read/rs_rdata/data_p2_reg[0]/D	-1.477
m_axi_v_gmem_RDATA[20]	v_gmem_m_axi_U/bus_read/rs_rdata/data_p2_reg[20]/D	-1.477
m_axi_v_gmem_RDATA[29]	v_gmem_m_axi_U/bus_read/rs_rdata/data_p2_reg[29]/D	-1.477
m_axi_v_gmem_RDATA[31]	v_gmem_m_axi_U/bus_read/rs_rdata/data_p2_reg[31]/D	-1.477
m_axi_v_gmem_RDATA[56]	v_gmem_m_axi_U/bus_read/rs_rdata/data_p2_reg[56]/D	-1.477
m_axi_v_gmem_RDATA[7]	v_gmem_m_axi_U/bus_read/rs_rdata/data_p2_reg[7]/D	-1.477
ap_rst_n	grp_run_fu_161/grp_runController_fu_106/grp_runQueryTile_fu_142/runQueryBlock_0_U0/grp_reciprocalColumns_fu_201/ap_return_0_preg_reg[14]/R	-1.476
ap_rst_n	grp_run_fu_161/grp_runController_fu_106/grp_runQueryTile_fu_142/runQueryBlock_0_U0/grp_reciprocalColumns_fu_201/ap_return_0_preg_reg[15]/R	-1.476
m_axi_k_gmem_RDATA[14]	k_gmem_m_axi_U/bus_read/rs_rdata/data_p2_reg[14]/D	-1.476
m_axi_k_gmem_RDATA[19]	k_gmem_m_axi_U/bus_read/rs_rdata/data_p2_reg[19]/D	-1.476
m_axi_v_gmem_RDATA[22]	v_gmem_m_axi_U/bus_read/rs_rdata/data_p2_reg[22]/D	-1.476
m_axi_v_gmem_RDATA[2]	v_gmem_m_axi_U/bus_read/rs_rdata/data_p2_reg[2]/D	-1.476
ap_rst_n	grp_run_fu_161/grp_runController_fu_106/grp_runQueryTile_fu_142/runQueryBlock_0_U0/grp_reciprocalColumns_fu_201/ap_return_0_preg_reg[20]/R	-1.476
ap_rst_n	grp_run_fu_161/grp_runController_fu_106/grp_runQueryTile_fu_142/runQueryBlock_0_U0/grp_reciprocalColumns_fu_201/ap_return_0_preg_reg[21]/R	-1.476
ap_rst_n	grp_run_fu_161/grp_runController_fu_106/grp_runQueryTile_fu_142/runQueryBlock_0_U0/grp_reciprocalColumns_fu_201/ap_return_0_preg_reg[4]/R	-1.476
ap_rst_n	grp_run_fu_161/grp_runController_fu_106/grp_runQueryTile_fu_142/runQueryBlock_0_U0/grp_reciprocalColumns_fu_201/ap_return_0_preg_reg[5]/R	-1.476
ap_rst_n	grp_run_fu_161/grp_runController_fu_106/grp_runQueryTile_fu_142/runQueryBlock_0_U0/grp_reciprocalColumns_fu_201/ap_return_0_preg_reg[8]/R	-1.476
ap_rst_n	grp_run_fu_161/grp_runController_fu_106/grp_runQueryTile_fu_142/runQueryBlock_0_U0/grp_reciprocalColumns_fu_201/ap_return_0_preg_reg[9]/R	-1.476
m_axi_k_gmem_RDATA[21]	k_gmem_m_axi_U/bus_read/rs_rdata/data_p2_reg[21]/D	-1.475
m_axi_k_gmem_RDATA[23]	k_gmem_m_axi_U/bus_read/rs_rdata/data_p2_reg[23]/D	-1.475
m_axi_v_gmem_RDATA[50]	v_gmem_m_axi_U/bus_read/rs_rdata/data_p2_reg[50]/D	-1.475
m_axi_v_gmem_RDATA[57]	v_gmem_m_axi_U/bus_read/rs_rdata/data_p2_reg[57]/D	-1.475
m_axi_k_gmem_RDATA[10]	k_gmem_m_axi_U/bus_read/rs_rdata/data_p2_reg[10]/D	-1.474
m_axi_k_gmem_RDATA[37]	k_gmem_m_axi_U/bus_read/rs_rdata/data_p2_reg[37]/D	-1.474
m_axi_q_gmem_RDATA[23]	q_gmem_m_axi_U/bus_read/rs_rdata/data_p2_reg[23]/D	-1.474
m_axi_q_gmem_RDATA[35]	q_gmem_m_axi_U/bus_read/rs_rdata/data_p2_reg[35]/D	-1.474
ap_rst_n	grp_run_fu_161/grp_runController_fu_106/grp_runQueryTile_fu_142/distributeQueryTile_U0/ap_CS_fsm_reg[72]/R	-1.473
ap_rst_n	grp_run_fu_161/grp_runController_fu_106/grp_runQueryTile_fu_142/distributeQueryTile_U0/ap_CS_fsm_reg[74]/R	-1.473
ap_rst_n	grp_run_fu_161/grp_runController_fu_106/grp_runQueryTile_fu_142/distributeQueryTile_U0/grp_distributeQueryTile_Pipeline_VITIS_LOOP_489_1_VITIS_LOOP_490_2_fu_208/ap_enable_reg_pp0_iter2_reg/R	-1.473
m_axi_k_gmem_RDATA[44]	k_gmem_m_axi_U/bus_read/rs_rdata/data_p2_reg[44]/D	-1.473
m_axi_k_gmem_RDATA[48]	k_gmem_m_axi_U/bus_read/rs_rdata/data_p2_reg[48]/D	-1.473
m_axi_k_gmem_RDATA[50]	k_gmem_m_axi_U/bus_read/rs_rdata/data_p2_reg[50]/D	-1.473
m_axi_k_gmem_RDATA[53]	k_gmem_m_axi_U/bus_read/rs_rdata/data_p2_reg[53]/D	-1.473
m_axi_q_gmem_RDATA[3]	q_gmem_m_axi_U/bus_read/rs_rdata/data_p2_reg[3]/D	-1.473
ap_rst_n	grp_run_fu_161/grp_runController_fu_106/grp_runQueryTile_fu_142/distributeQueryTile_U0/grp_distributeQueryTile_Pipeline_VITIS_LOOP_501_3_VITIS_LOOP_506_4_VITIS_LOOP_507_5_fu_220/ap_enable_reg_pp0_iter70_reg/R	-1.472
ap_rst_n	grp_run_fu_161/grp_runController_fu_106/grp_runQueryTile_fu_142/distributeQueryTile_U0/grp_distributeQueryTile_Pipeline_VITIS_LOOP_501_3_VITIS_LOOP_506_4_VITIS_LOOP_507_5_fu_220/ap_enable_reg_pp0_iter71_reg/R	-1.472
ap_rst_n	grp_run_fu_161/grp_runController_fu_106/grp_runQueryTile_fu_142/distributeQueryTile_U0/grp_distributeQueryTile_Pipeline_VITIS_LOOP_501_3_VITIS_LOOP_506_4_VITIS_LOOP_507_5_fu_220/ap_enable_reg_pp0_iter72_reg/R	-1.472
ap_rst_n	grp_run_fu_161/grp_runController_fu_106/grp_runQueryTile_fu_142/distributeQueryTile_U0/grp_distributeQueryTile_Pipeline_VITIS_LOOP_501_3_VITIS_LOOP_506_4_VITIS_LOOP_507_5_fu_220/ap_enable_reg_pp0_iter73_reg/R	-1.472
m_axi_k_gmem_RDATA[62]	k_gmem_m_axi_U/bus_read/rs_rdata/data_p2_reg[62]/D	-1.472
m_axi_k_gmem_RDATA[6]	k_gmem_m_axi_U/bus_read/rs_rdata/data_p2_reg[6]/D	-1.472
m_axi_q_gmem_RDATA[36]	q_gmem_m_axi_U/bus_read/rs_rdata/data_p2_reg[36]/D	-1.472
m_axi_q_gmem_RDATA[40]	q_gmem_m_axi_U/bus_read/rs_rdata/data_p2_reg[40]/D	-1.472
ap_rst_n	o_gmem_m_axi_U/bus_write/wreq_throttle/data_fifo/U_fifo_srl/dout_reg[26]/R	-1.471
ap_rst_n	o_gmem_m_axi_U/bus_write/wreq_throttle/data_fifo/U_fifo_srl/dout_reg[42]/R	-1.471
ap_rst_n	o_gmem_m_axi_U/bus_write/wreq_throttle/data_fifo/U_fifo_srl/dout_reg[0]/R	-1.471
ap_rst_n	o_gmem_m_axi_U/bus_write/wreq_throttle/data_fifo/U_fifo_srl/dout_reg[36]/R	-1.471
m_axi_q_gmem_RDATA[44]	q_gmem_m_axi_U/bus_read/rs_rdata/data_p2_reg[44]/D	-1.471
m_axi_q_gmem_RDATA[50]	q_gmem_m_axi_U/bus_read/rs_rdata/data_p2_reg[50]/D	-1.471
ap_rst_n	grp_run_fu_161/grp_runController_fu_106/grp_runQueryTile_fu_142/gatherQueryTile_U0/ap_CS_fsm_reg[2]/R	-1.470
ap_rst_n	o_gmem_m_axi_U/bus_write/wreq_throttle/data_fifo/U_fifo_srl/dout_reg[68]/R	-1.470
ap_rst_n	o_gmem_m_axi_U/bus_write/wreq_throttle/data_fifo/U_fifo_srl/dout_reg[70]/R	-1.470
ap_rst_n	grp_run_fu_161/grp_runController_fu_106/grp_runQueryTile_fu_142/runQueryBlock_0_U0/grp_reciprocalColumns_fu_201/ap_CS_fsm_reg[8]/R	-1.470
ap_rst_n	grp_run_fu_161/grp_runController_fu_106/grp_runQueryTile_fu_142/runQueryBlock_0_U0/grp_reciprocalColumns_fu_201/ap_CS_fsm_reg[9]/R	-1.470
ap_rst_n	grp_run_fu_161/grp_runController_fu_106/grp_runQueryTile_fu_142/runQueryBlock_0_U0/grp_reciprocalColumns_fu_201/grp_reciprocalColumns_Pipeline_VITIS_LOOP_369_13_fu_125_ap_start_reg_reg/R	-1.470
ap_rst_n	o_gmem_m_axi_U/bus_write/wreq_throttle/data_fifo/U_fifo_srl/dout_reg[34]/R	-1.470
ap_rst_n	o_gmem_m_axi_U/bus_write/wreq_throttle/data_fifo/U_fifo_srl/dout_reg[38]/R	-1.470
ap_rst_n	o_gmem_m_axi_U/bus_write/wreq_throttle/data_fifo/U_fifo_srl/dout_reg[48]/R	-1.470
ap_rst_n	o_gmem_m_axi_U/bus_write/wreq_throttle/data_fifo/U_fifo_srl/dout_reg[52]/R	-1.470
ap_rst_n	grp_run_fu_161/grp_runController_fu_106/grp_runQueryTile_fu_142/runQueryBlock_0_U0/grp_runQueryBlock_0_Outline_VITIS_LOOP_117_5_fu_168/grp_runQueryBlock_0_Pipeline_VITIS_LOOP_300_25_fu_772/flow_control_loop_pipe_sequential_init_U/ap_loop_init_int_reg/D	-1.470
m_axi_v_gmem_RDATA[27]	v_gmem_m_axi_U/bus_read/rs_rdata/data_p2_reg[27]/D	-1.470
m_axi_v_gmem_RDATA[38]	v_gmem_m_axi_U/bus_read/rs_rdata/data_p2_reg[38]/D	-1.470
ap_rst_n	grp_run_fu_161/grp_runController_fu_106/grp_runQueryTile_fu_142/gatherQueryTile_U0/ap_CS_fsm_reg[1]/R	-1.469
ap_rst_n	grp_run_fu_161/grp_runController_fu_106/grp_runQueryTile_fu_142/gatherQueryTile_U0/grp_gatherQueryTile_Pipeline_1_fu_94_ap_start_reg_reg/R	-1.469
ap_rst_n	o_gmem_m_axi_U/bus_write/wreq_throttle/data_fifo/U_fifo_srl/dout_reg[50]/R	-1.469
ap_rst_n	o_gmem_m_axi_U/bus_write/wreq_throttle/data_fifo/U_fifo_srl/dout_reg[54]/R	-1.469
m_axi_v_gmem_RDATA[53]	v_gmem_m_axi_U/bus_read/rs_rdata/data_p2_reg[53]/D	-1.469
m_axi_v_gmem_RDATA[9]	v_gmem_m_axi_U/bus_read/rs_rdata/data_p2_reg[9]/D	-1.469
ap_rst_n	o_gmem_m_axi_U/bus_write/wreq_throttle/data_fifo/U_fifo_srl/dout_reg[10]/R	-1.468
ap_rst_n	o_gmem_m_axi_U/bus_write/wreq_throttle/data_fifo/U_fifo_srl/dout_reg[12]/R	-1.468
ap_rst_n	o_gmem_m_axi_U/bus_write/wreq_throttle/data_fifo/U_fifo_srl/dout_reg[24]/R	-1.468
ap_rst_n	o_gmem_m_axi_U/bus_write/wreq_throttle/data_fifo/U_fifo_srl/dout_reg[28]/R	-1.468
ap_rst_n	grp_run_fu_161/grp_runController_fu_106/grp_runQueryTile_fu_142/distributeQueryTile_U0/ap_CS_fsm_reg[38]/R	-1.468
ap_rst_n	grp_run_fu_161/grp_runController_fu_106/grp_runQueryTile_fu_142/distributeQueryTile_U0/ap_CS_fsm_reg[39]/R	-1.468
ap_rst_n	grp_run_fu_161/grp_runController_fu_106/grp_runQueryTile_fu_142/distributeQueryTile_U0/ap_CS_fsm_reg[40]/R	-1.468
ap_rst_n	grp_run_fu_161/grp_runController_fu_106/grp_runQueryTile_fu_142/distributeQueryTile_U0/ap_CS_fsm_reg[41]/R	-1.468
ap_rst_n	grp_run_fu_161/grp_runController_fu_106/grp_runQueryTile_fu_142/distributeQueryTile_U0/ap_CS_fsm_reg[42]/R	-1.468
ap_rst_n	grp_run_fu_161/grp_runController_fu_106/grp_runQueryTile_fu_142/distributeQueryTile_U0/ap_CS_fsm_reg[43]/R	-1.468
ap_rst_n	grp_run_fu_161/grp_runController_fu_106/grp_runQueryTile_fu_142/distributeQueryTile_U0/ap_CS_fsm_reg[48]/R	-1.468
ap_rst_n	grp_run_fu_161/grp_runController_fu_106/grp_runQueryTile_fu_142/distributeQueryTile_U0/ap_CS_fsm_reg[49]/R	-1.468
m_axi_q_gmem_RDATA[0]	q_gmem_m_axi_U/bus_read/rs_rdata/data_p2_reg[0]/D	-1.468
m_axi_q_gmem_RDATA[18]	q_gmem_m_axi_U/bus_read/rs_rdata/data_p2_reg[18]/D	-1.468
m_axi_q_gmem_RDATA[28]	q_gmem_m_axi_U/bus_read/rs_rdata/data_p2_reg[28]/D	-1.468
m_axi_q_gmem_RDATA[4]	q_gmem_m_axi_U/bus_read/rs_rdata/data_p2_reg[4]/D	-1.468
ap_rst_n	o_gmem_m_axi_U/bus_write/wreq_throttle/data_fifo/U_fifo_srl/dout_reg[40]/R	-1.467
ap_rst_n	o_gmem_m_axi_U/bus_write/wreq_throttle/data_fifo/U_fifo_srl/dout_reg[58]/R	-1.467
ap_rst_n	o_gmem_m_axi_U/bus_write/wreq_throttle/data_fifo/U_fifo_srl/dout_reg[44]/R	-1.467
ap_rst_n	o_gmem_m_axi_U/bus_write/wreq_throttle/data_fifo/U_fifo_srl/dout_reg[64]/R	-1.467
ap_rst_n	grp_run_fu_161/grp_runController_fu_106/grp_runQueryTile_fu_142/distributeQueryTile_U0/ap_CS_fsm_reg[33]/R	-1.467
ap_rst_n	grp_run_fu_161/grp_runController_fu_106/grp_runQueryTile_fu_142/distributeQueryTile_U0/ap_CS_fsm_reg[34]/R	-1.467
ap_rst_n	grp_run_fu_161/grp_runController_fu_106/grp_runQueryTile_fu_142/distributeQueryTile_U0/ap_CS_fsm_reg[35]/R	-1.467
ap_rst_n	grp_run_fu_161/grp_runController_fu_106/grp_runQueryTile_fu_142/distributeQueryTile_U0/ap_CS_fsm_reg[36]/R	-1.467
ap_rst_n	grp_run_fu_161/grp_runController_fu_106/grp_runQueryTile_fu_142/distributeQueryTile_U0/ap_CS_fsm_reg[37]/R	-1.467
ap_rst_n	grp_run_fu_161/grp_runController_fu_106/grp_runQueryTile_fu_142/distributeQueryTile_U0/ap_CS_fsm_reg[45]/R	-1.467
ap_rst_n	grp_run_fu_161/grp_runController_fu_106/grp_runQueryTile_fu_142/distributeQueryTile_U0/ap_CS_fsm_reg[46]/R	-1.467
ap_rst_n	grp_run_fu_161/grp_runController_fu_106/grp_runQueryTile_fu_142/distributeQueryTile_U0/ap_CS_fsm_reg[47]/R	-1.467
m_axi_q_gmem_RDATA[2]	q_gmem_m_axi_U/bus_read/rs_rdata/data_p2_reg[2]/D	-1.467
m_axi_q_gmem_RDATA[63]	q_gmem_m_axi_U/bus_read/rs_rdata/data_p2_reg[63]/D	-1.467
m_axi_q_gmem_RDATA[56]	q_gmem_m_axi_U/bus_read/rs_rdata/data_p2_reg[56]/D	-1.467
ap_rst_n	o_gmem_m_axi_U/bus_write/wreq_throttle/data_fifo/U_fifo_srl/dout_reg[33]/R	-1.466
ap_rst_n	o_gmem_m_axi_U/bus_write/wreq_throttle/data_fifo/U_fifo_srl/dout_reg[43]/R	-1.466
m_axi_q_gmem_RDATA[19]	q_gmem_m_axi_U/bus_read/rs_rdata/data_p2_reg[19]/D	-1.466
m_axi_q_gmem_RDATA[27]	q_gmem_m_axi_U/bus_read/rs_rdata/data_p2_reg[27]/D	-1.466
ap_rst_n	o_gmem_m_axi_U/bus_write/wreq_throttle/data_fifo/U_fifo_srl/dout_reg[66]/R	-1.465
ap_rst_n	o_gmem_m_axi_U/bus_write/wreq_throttle/data_fifo/U_fifo_srl/dout_reg[8]/R	-1.465
m_axi_q_gmem_RDATA[12]	q_gmem_m_axi_U/bus_read/rs_rdata/data_p2_reg[12]/D	-1.465
m_axi_q_gmem_RDATA[37]	q_gmem_m_axi_U/bus_read/rs_rdata/data_p2_reg[37]/D	-1.465
m_axi_q_gmem_RDATA[31]	q_gmem_m_axi_U/bus_read/rs_rdata/data_p2_reg[31]/D	-1.465
m_axi_q_gmem_RDATA[5]	q_gmem_m_axi_U/bus_read/rs_rdata/data_p2_reg[5]/D	-1.465
ap_rst_n	grp_run_fu_161/grp_runController_fu_106/grp_runQueryTile_fu_142/gatherQueryTile_U0/grp_storeOutputTile_fu_118/grp_storeOutputTile_Pipeline_VITIS_LOOP_76_1_fu_89/ap_enable_reg_pp0_iter2_reg/R	-1.464
ap_rst_n	grp_run_fu_161/grp_runController_fu_106/grp_runQueryTile_fu_142/distributeQueryTile_U0/ap_CS_fsm_reg[44]/R	-1.464
m_axi_q_gmem_RDATA[15]	q_gmem_m_axi_U/bus_read/rs_rdata/data_p2_reg[15]/D	-1.464
m_axi_q_gmem_RDATA[29]	q_gmem_m_axi_U/bus_read/rs_rdata/data_p2_reg[29]/D	-1.464
ap_rst_n	grp_run_fu_161/grp_runController_fu_106/grp_runQueryTile_fu_142/gatherQueryTile_U0/grp_storeOutputTile_fu_118/grp_storeOutputTile_Pipeline_VITIS_LOOP_76_1_fu_89_ap_start_reg_reg/R	-1.463
m_axi_q_gmem_RDATA[10]	q_gmem_m_axi_U/bus_read/rs_rdata/data_p2_reg[10]/D	-1.463
m_axi_q_gmem_RDATA[14]	q_gmem_m_axi_U/bus_read/rs_rdata/data_p2_reg[14]/D	-1.463
ap_rst_n	grp_run_fu_161/grp_runController_fu_106/grp_runQueryTile_fu_142/gatherQueryTile_U0/ap_CS_fsm_reg[4]/R	-1.462
ap_rst_n	o_gmem_m_axi_U/bus_write/wreq_throttle/data_fifo/U_fifo_srl/dout_reg[13]/R	-1.462
ap_rst_n	o_gmem_m_axi_U/bus_write/wreq_throttle/data_fifo/U_fifo_srl/dout_reg[25]/R	-1.462
m_axi_q_gmem_RDATA[30]	q_gmem_m_axi_U/bus_read/rs_rdata/data_p2_reg[30]/D	-1.462
m_axi_q_gmem_RDATA[7]	q_gmem_m_axi_U/bus_read/rs_rdata/data_p2_reg[7]/D	-1.462
ap_rst_n	grp_run_fu_161/grp_runController_fu_106/grp_runQueryTile_fu_142/gatherQueryTile_U0/ap_CS_fsm_reg[3]/R	-1.461
ap_rst_n	grp_run_fu_161/grp_runController_fu_106/grp_runQueryTile_fu_142/gatherQueryTile_U0/grp_gatherQueryTile_Pipeline_VITIS_LOOP_526_1_VITIS_LOOP_527_2_fu_106_ap_start_reg_reg/R	-1.461
ap_rst_n	o_gmem_m_axi_U/bus_write/wreq_throttle/data_fifo/U_fifo_srl/dout_reg[72]/R	-1.461
m_axi_k_gmem_RDATA[7]	k_gmem_m_axi_U/bus_read/rs_rdata/data_p1_reg[7]/D	-1.461
m_axi_v_gmem_RDATA[6]	v_gmem_m_axi_U/bus_read/rs_rdata/data_p1_reg[6]/D	-1.461
m_axi_q_gmem_RDATA[11]	q_gmem_m_axi_U/bus_read/rs_rdata/data_p2_reg[11]/D	-1.461
m_axi_q_gmem_RDATA[13]	q_gmem_m_axi_U/bus_read/rs_rdata/data_p2_reg[13]/D	-1.461
m_axi_q_gmem_RDATA[1]	q_gmem_m_axi_U/bus_read/rs_rdata/data_p2_reg[1]/D	-1.461
m_axi_q_gmem_RDATA[25]	q_gmem_m_axi_U/bus_read/rs_rdata/data_p2_reg[25]/D	-1.461
ap_rst_n	o_gmem_m_axi_U/bus_write/wreq_throttle/data_fifo/raddr_reg[0]/R	-1.460
ap_rst_n	o_gmem_m_axi_U/bus_write/wreq_throttle/data_fifo/raddr_reg[1]/R	-1.460
ap_rst_n	o_gmem_m_axi_U/bus_write/wreq_throttle/data_fifo/raddr_reg[3]/R	-1.460
ap_rst_n	o_gmem_m_axi_U/bus_write/wreq_throttle/data_fifo/raddr_reg[4]/R	-1.460
m_axi_q_gmem_RDATA[21]	q_gmem_m_axi_U/bus_read/rs_rdata/data_p2_reg[21]/D	-1.460
m_axi_v_gmem_RDATA[1]	v_gmem_m_axi_U/bus_read/rs_rdata/data_p1_reg[1]/D	-1.460
m_axi_v_gmem_RDATA[46]	v_gmem_m_axi_U/bus_read/rs_rdata/data_p1_reg[46]/D	-1.460
ap_rst_n	grp_run_fu_161/grp_runController_fu_106/grp_runQueryTile_fu_142/distributeQueryTile_U0/ap_CS_fsm_reg[1]/R	-1.459
ap_rst_n	grp_run_fu_161/grp_runController_fu_106/grp_runQueryTile_fu_142/distributeQueryTile_U0/ap_CS_fsm_reg[71]/R	-1.459
m_axi_k_gmem_RDATA[29]	k_gmem_m_axi_U/bus_read/rs_rdata/data_p1_reg[29]/D	-1.459
m_axi_k_gmem_RDATA[4]	k_gmem_m_axi_U/bus_read/rs_rdata/data_p1_reg[4]/D	-1.459
m_axi_k_gmem_RDATA[63]	k_gmem_m_axi_U/bus_read/rs_rdata/data_p1_reg[63]/D	-1.459
ap_rst_n	o_gmem_m_axi_U/bus_write/wreq_throttle/data_fifo/U_fifo_srl/dout_reg[16]/R	-1.459
ap_rst_n	o_gmem_m_axi_U/bus_write/wreq_throttle/data_fifo/U_fifo_srl/dout_reg[22]/R	-1.459
m_axi_v_gmem_RDATA[34]	v_gmem_m_axi_U/bus_read/rs_rdata/data_p1_reg[34]/D	-1.459
ap_rst_n	grp_run_fu_161/grp_runController_fu_106/grp_runQueryTile_fu_142/distributeQueryTile_U0/ap_CS_fsm_reg[56]/R	-1.459
ap_rst_n	grp_run_fu_161/grp_runController_fu_106/grp_runQueryTile_fu_142/distributeQueryTile_U0/ap_CS_fsm_reg[63]/R	-1.458
ap_rst_n	grp_run_fu_161/grp_runController_fu_106/grp_runQueryTile_fu_142/distributeQueryTile_U0/ap_CS_fsm_reg[64]/R	-1.458
ap_rst_n	grp_run_fu_161/grp_runController_fu_106/grp_runQueryTile_fu_142/distributeQueryTile_U0/ap_CS_fsm_reg[65]/R	-1.458
ap_rst_n	grp_run_fu_161/grp_runController_fu_106/grp_runQueryTile_fu_142/distributeQueryTile_U0/ap_CS_fsm_reg[66]/R	-1.458
ap_rst_n	grp_run_fu_161/grp_runController_fu_106/grp_runQueryTile_fu_142/distributeQueryTile_U0/ap_CS_fsm_reg[67]/R	-1.458
ap_rst_n	grp_run_fu_161/grp_runController_fu_106/grp_runQueryTile_fu_142/distributeQueryTile_U0/ap_CS_fsm_reg[68]/R	-1.458
ap_rst_n	grp_run_fu_161/grp_runController_fu_106/grp_runQueryTile_fu_142/distributeQueryTile_U0/ap_CS_fsm_reg[69]/R	-1.458
ap_rst_n	grp_run_fu_161/grp_runController_fu_106/grp_runQueryTile_fu_142/distributeQueryTile_U0/ap_CS_fsm_reg[70]/R	-1.458
ap_rst_n	o_gmem_m_axi_U/bus_write/wreq_throttle/data_fifo/U_fifo_srl/dout_reg[32]/R	-1.458
ap_rst_n	o_gmem_m_axi_U/bus_write/wreq_throttle/data_fifo/U_fifo_srl/dout_reg[6]/R	-1.458
m_axi_v_gmem_RDATA[54]	v_gmem_m_axi_U/bus_read/rs_rdata/data_p1_reg[54]/D	-1.458
ap_rst_n	o_gmem_m_axi_U/bus_write/WVALID_Dummy_reg/R	-1.457
ap_rst_n	o_gmem_m_axi_U/bus_write/wreq_throttle/data_fifo/dout_vld_reg/R	-1.457
ap_rst_n	o_gmem_m_axi_U/bus_write/wreq_throttle/data_fifo/raddr_reg[2]/R	-1.457
m_axi_k_gmem_RDATA[33]	k_gmem_m_axi_U/bus_read/rs_rdata/data_p1_reg[33]/D	-1.457
m_axi_k_gmem_RDATA[8]	k_gmem_m_axi_U/bus_read/rs_rdata/data_p1_reg[8]/D	-1.457
m_axi_v_gmem_RDATA[15]	v_gmem_m_axi_U/bus_read/rs_rdata/data_p1_reg[15]/D	-1.457
m_axi_v_gmem_RDATA[4]	v_gmem_m_axi_U/bus_read/rs_rdata/data_p1_reg[4]/D	-1.457
m_axi_k_gmem_RDATA[49]	k_gmem_m_axi_U/bus_read/rs_rdata/data_p1_reg[49]/D	-1.457
ap_rst_n	o_gmem_m_axi_U/bus_write/wreq_throttle/data_fifo/U_fifo_srl/dout_reg[17]/R	-1.456
ap_rst_n	o_gmem_m_axi_U/bus_write/wreq_throttle/data_fifo/U_fifo_srl/dout_reg[20]/R	-1.456
ap_rst_n	o_gmem_m_axi_U/bus_write/wreq_throttle/data_fifo/empty_n_reg/R	-1.456
m_axi_k_gmem_RDATA[17]	k_gmem_m_axi_U/bus_read/rs_rdata/data_p1_reg[17]/D	-1.456
m_axi_k_gmem_RDATA[57]	k_gmem_m_axi_U/bus_read/rs_rdata/data_p1_reg[57]/D	-1.456
m_axi_v_gmem_RDATA[32]	v_gmem_m_axi_U/bus_read/rs_rdata/data_p1_reg[32]/D	-1.456
ap_rst_n	o_gmem_m_axi_U/bus_write/wreq_throttle/data_fifo/U_fifo_srl/dout_reg[4]/R	-1.455
ap_rst_n	o_gmem_m_axi_U/bus_write/wreq_throttle/data_fifo/U_fifo_srl/dout_reg[71]/R	-1.455
ap_rst_n	o_gmem_m_axi_U/bus_write/wreq_throttle/data_fifo/mOutPtr_reg[0]/R	-1.455
ap_rst_n	o_gmem_m_axi_U/bus_write/wreq_throttle/data_fifo/mOutPtr_reg[1]/R	-1.455
ap_rst_n	o_gmem_m_axi_U/bus_write/wreq_throttle/data_fifo/mOutPtr_reg[2]/R	-1.455
ap_rst_n	o_gmem_m_axi_U/bus_write/wreq_throttle/data_fifo/mOutPtr_reg[3]/R	-1.455
ap_rst_n	o_gmem_m_axi_U/bus_write/wreq_throttle/data_fifo/mOutPtr_reg[4]/R	-1.455
ap_rst_n	o_gmem_m_axi_U/bus_write/wreq_throttle/data_fifo/mOutPtr_reg[5]/R	-1.455
ap_rst_n	o_gmem_m_axi_U/bus_write/wreq_throttle/data_fifo/mOutPtr_reg[6]/R	-1.455
m_axi_k_gmem_RDATA[20]	k_gmem_m_axi_U/bus_read/rs_rdata/data_p1_reg[20]/D	-1.455
m_axi_k_gmem_RLAST	k_gmem_m_axi_U/bus_read/rs_rdata/data_p1_reg[64]/D	-1.455
ap_rst_n	q_gmem_m_axi_U/bus_read/fifo_rctl/dout_vld_reg/R	-1.455
ap_rst_n	q_gmem_m_axi_U/bus_read/fifo_rctl/mOutPtr_reg[0]/R	-1.455
ap_rst_n	q_gmem_m_axi_U/bus_read/fifo_rctl/mOutPtr_reg[1]/R	-1.455
ap_rst_n	q_gmem_m_axi_U/bus_read/fifo_rctl/mOutPtr_reg[2]/R	-1.455
ap_rst_n	q_gmem_m_axi_U/bus_read/fifo_rctl/mOutPtr_reg[3]/R	-1.455
ap_rst_n	q_gmem_m_axi_U/bus_read/fifo_rctl/mOutPtr_reg[4]/R	-1.455
ap_rst_n	q_gmem_m_axi_U/load_unit_0/ready_for_outstanding_reg/R	-1.455
m_axi_k_gmem_RDATA[51]	k_gmem_m_axi_U/bus_read/rs_rdata/data_p1_reg[51]/D	-1.455
m_axi_v_gmem_RDATA[13]	v_gmem_m_axi_U/bus_read/rs_rdata/data_p1_reg[13]/D	-1.455
m_axi_v_gmem_RDATA[40]	v_gmem_m_axi_U/bus_read/rs_rdata/data_p1_reg[40]/D	-1.455
ap_rst_n	q_gmem_m_axi_U/bus_read/fifo_rctl/empty_n_reg/R	-1.454
m_axi_k_gmem_RDATA[11]	k_gmem_m_axi_U/bus_read/rs_rdata/data_p1_reg[11]/D	-1.454
m_axi_k_gmem_RDATA[16]	k_gmem_m_axi_U/bus_read/rs_rdata/data_p1_reg[16]/D	-1.454
m_axi_k_gmem_RDATA[40]	k_gmem_m_axi_U/bus_read/rs_rdata/data_p1_reg[40]/D	-1.454
m_axi_k_gmem_RDATA[45]	k_gmem_m_axi_U/bus_read/rs_rdata/data_p1_reg[45]/D	-1.454
m_axi_v_gmem_RDATA[16]	v_gmem_m_axi_U/bus_read/rs_rdata/data_p1_reg[16]/D	-1.454
m_axi_v_gmem_RDATA[35]	v_gmem_m_axi_U/bus_read/rs_rdata/data_p1_reg[35]/D	-1.454
m_axi_v_gmem_RDATA[44]	v_gmem_m_axi_U/bus_read/rs_rdata/data_p1_reg[44]/D	-1.454
m_axi_v_gmem_RDATA[58]	v_gmem_m_axi_U/bus_read/rs_rdata/data_p1_reg[58]/D	-1.454
m_axi_v_gmem_RDATA[61]	v_gmem_m_axi_U/bus_read/rs_rdata/data_p1_reg[61]/D	-1.453
ap_rst_n	o_gmem_m_axi_U/bus_write/wreq_throttle/data_fifo/U_fifo_srl/dout_reg[14]/R	-1.453
ap_rst_n	o_gmem_m_axi_U/bus_write/wreq_throttle/data_fifo/U_fifo_srl/dout_reg[19]/R	-1.453
m_axi_k_gmem_RDATA[1]	k_gmem_m_axi_U/bus_read/rs_rdata/data_p1_reg[1]/D	-1.453
m_axi_k_gmem_RDATA[31]	k_gmem_m_axi_U/bus_read/rs_rdata/data_p1_reg[31]/D	-1.453
m_axi_k_gmem_RDATA[41]	k_gmem_m_axi_U/bus_read/rs_rdata/data_p1_reg[41]/D	-1.453
m_axi_k_gmem_RDATA[5]	k_gmem_m_axi_U/bus_read/rs_rdata/data_p1_reg[5]/D	-1.453
m_axi_k_gmem_RDATA[60]	k_gmem_m_axi_U/bus_read/rs_rdata/data_p1_reg[60]/D	-1.453
ap_rst_n	q_gmem_m_axi_U/bus_read/rreq_burst_conv/rs_req/FSM_sequential_state_reg[1]/R	-1.453
ap_rst_n	q_gmem_m_axi_U/bus_read/rreq_burst_conv/rs_req/s_ready_t_reg/R	-1.453
ap_rst_n	q_gmem_m_axi_U/bus_read/rreq_burst_conv/rs_req/state_reg[0]/R	-1.453
ap_rst_n	q_gmem_m_axi_U/bus_read/rreq_burst_conv/rs_req/state_reg[1]/S	-1.453
m_axi_v_gmem_RDATA[18]	v_gmem_m_axi_U/bus_read/rs_rdata/data_p1_reg[18]/D	-1.453
m_axi_v_gmem_RDATA[8]	v_gmem_m_axi_U/bus_read/rs_rdata/data_p1_reg[8]/D	-1.453
m_axi_k_gmem_RVALID	k_gmem_m_axi_U/bus_read/rs_rdata/state_reg[0]/D	-1.453
m_axi_v_gmem_RDATA[25]	v_gmem_m_axi_U/bus_read/rs_rdata/data_p1_reg[25]/D	-1.453
m_axi_v_gmem_RDATA[42]	v_gmem_m_axi_U/bus_read/rs_rdata/data_p1_reg[42]/D	-1.453
m_axi_q_gmem_RDATA[62]	q_gmem_m_axi_U/bus_read/rs_rdata/data_p1_reg[62]/D	-1.453
ap_rst_n	o_gmem_m_axi_U/bus_write/wreq_throttle/data_fifo/U_fifo_srl/dout_reg[1]/R	-1.452
ap_rst_n	o_gmem_m_axi_U/bus_write/wreq_throttle/data_fifo/U_fifo_srl/dout_reg[23]/R	-1.452
ap_rst_n	o_gmem_m_axi_U/bus_write/wreq_throttle/data_fifo/raddr_reg[5]/R	-1.452
m_axi_v_gmem_RDATA[62]	v_gmem_m_axi_U/bus_read/rs_rdata/data_p1_reg[62]/D	-1.452
ap_rst_n	grp_run_fu_161/grp_runController_fu_106/grp_runQueryTile_fu_142/distributeQueryTile_U0/ap_CS_fsm_reg[57]/R	-1.452
ap_rst_n	grp_run_fu_161/grp_runController_fu_106/grp_runQueryTile_fu_142/distributeQueryTile_U0/ap_CS_fsm_reg[58]/R	-1.452
ap_rst_n	grp_run_fu_161/grp_runController_fu_106/grp_runQueryTile_fu_142/distributeQueryTile_U0/ap_CS_fsm_reg[59]/R	-1.452
ap_rst_n	grp_run_fu_161/grp_runController_fu_106/grp_runQueryTile_fu_142/distributeQueryTile_U0/ap_CS_fsm_reg[60]/R	-1.452
ap_rst_n	grp_run_fu_161/grp_runController_fu_106/grp_runQueryTile_fu_142/distributeQueryTile_U0/ap_CS_fsm_reg[61]/R	-1.452
m_axi_k_gmem_RDATA[27]	k_gmem_m_axi_U/bus_read/rs_rdata/data_p1_reg[27]/D	-1.452
m_axi_k_gmem_RDATA[34]	k_gmem_m_axi_U/bus_read/rs_rdata/data_p1_reg[34]/D	-1.452
m_axi_k_gmem_RDATA[42]	k_gmem_m_axi_U/bus_read/rs_rdata/data_p1_reg[42]/D	-1.452
m_axi_k_gmem_RDATA[9]	k_gmem_m_axi_U/bus_read/rs_rdata/data_p1_reg[9]/D	-1.452
ap_rst_n	q_gmem_m_axi_U/bus_read/rreq_burst_conv/rs_req/FSM_sequential_state_reg[0]/R	-1.452
m_axi_v_gmem_RDATA[17]	v_gmem_m_axi_U/bus_read/rs_rdata/data_p1_reg[17]/D	-1.452
m_axi_k_gmem_RDATA[47]	k_gmem_m_axi_U/bus_read/rs_rdata/data_p1_reg[47]/D	-1.452
m_axi_v_gmem_RDATA[43]	v_gmem_m_axi_U/bus_read/rs_rdata/data_p1_reg[43]/D	-1.451
m_axi_v_gmem_RLAST	v_gmem_m_axi_U/bus_read/rs_rdata/data_p1_reg[64]/D	-1.451
m_axi_k_gmem_RDATA[32]	k_gmem_m_axi_U/bus_read/rs_rdata/data_p1_reg[32]/D	-1.451
m_axi_k_gmem_RDATA[36]	k_gmem_m_axi_U/bus_read/rs_rdata/data_p1_reg[36]/D	-1.451
m_axi_k_gmem_RDATA[59]	k_gmem_m_axi_U/bus_read/rs_rdata/data_p1_reg[59]/D	-1.451
m_axi_q_gmem_RDATA[60]	q_gmem_m_axi_U/bus_read/rs_rdata/data_p1_reg[60]/D	-1.451
m_axi_k_gmem_RDATA[0]	k_gmem_m_axi_U/bus_read/rs_rdata/data_p1_reg[0]/D	-1.451
m_axi_k_gmem_RDATA[61]	k_gmem_m_axi_U/bus_read/rs_rdata/data_p1_reg[61]/D	-1.451
m_axi_q_gmem_RDATA[6]	q_gmem_m_axi_U/bus_read/rs_rdata/data_p1_reg[6]/D	-1.451
m_axi_k_gmem_RVALID	k_gmem_m_axi_U/bus_read/rs_rdata/state_reg[1]/D	-1.451
m_axi_k_gmem_RDATA[22]	k_gmem_m_axi_U/bus_read/rs_rdata/data_p1_reg[22]/D	-1.450
m_axi_v_gmem_RDATA[31]	v_gmem_m_axi_U/bus_read/rs_rdata/data_p1_reg[31]/D	-1.450
m_axi_v_gmem_RDATA[7]	v_gmem_m_axi_U/bus_read/rs_rdata/data_p1_reg[7]/D	-1.450
ap_rst_n	grp_run_fu_161/grp_runController_fu_106/grp_runQueryTile_fu_142/distributeQueryTile_U0/ap_CS_fsm_reg[62]/R	-1.450
m_axi_k_gmem_RDATA[55]	k_gmem_m_axi_U/bus_read/rs_rdata/data_p1_reg[55]/D	-1.450
m_axi_k_gmem_RVALID	k_gmem_m_axi_U/bus_read/rs_rdata/s_ready_t_reg/D	-1.450
ap_rst_n	o_gmem_m_axi_U/bus_write/wreq_throttle/data_fifo/U_fifo_srl/dout_reg[27]/R	-1.449
ap_rst_n	o_gmem_m_axi_U/bus_write/wreq_throttle/data_fifo/U_fifo_srl/dout_reg[31]/R	-1.449
ap_rst_n	o_gmem_m_axi_U/store_unit_0/buff_wdata/empty_n_reg/R	-1.449
m_axi_v_gmem_RDATA[48]	v_gmem_m_axi_U/bus_read/rs_rdata/data_p1_reg[48]/D	-1.449
m_axi_v_gmem_RDATA[49]	v_gmem_m_axi_U/bus_read/rs_rdata/data_p1_reg[49]/D	-1.449
ap_rst_n	o_gmem_m_axi_U/store_unit_0/buff_wdata/mOutPtr_reg[1]/R	-1.449
ap_rst_n	o_gmem_m_axi_U/store_unit_0/buff_wdata/mOutPtr_reg[4]/R	-1.449
m_axi_q_gmem_RDATA[61]	q_gmem_m_axi_U/bus_read/rs_rdata/data_p1_reg[61]/D	-1.449
m_axi_v_gmem_RDATA[0]	v_gmem_m_axi_U/bus_read/rs_rdata/data_p1_reg[0]/D	-1.449
ap_rst_n	grp_run_fu_161/grp_runController_fu_106/grp_runQueryTile_fu_142/runQueryBlock_0_U0/grp_runQueryBlock_0_Pipeline_VITIS_LOOP_451_40_fu_207/ap_enable_reg_pp0_iter1_reg/D	-1.449
m_axi_k_gmem_RDATA[38]	k_gmem_m_axi_U/bus_read/rs_rdata/data_p1_reg[38]/D	-1.449
m_axi_q_gmem_RDATA[54]	q_gmem_m_axi_U/bus_read/rs_rdata/data_p1_reg[54]/D	-1.449
m_axi_v_gmem_RDATA[41]	v_gmem_m_axi_U/bus_read/rs_rdata/data_p1_reg[41]/D	-1.448
m_axi_k_gmem_RDATA[23]	k_gmem_m_axi_U/bus_read/rs_rdata/data_p1_reg[23]/D	-1.448
ap_rst_n	o_gmem_m_axi_U/bus_write/wreq_throttle/data_fifo/U_fifo_srl/dout_reg[3]/R	-1.448
ap_rst_n	o_gmem_m_axi_U/bus_write/wreq_throttle/data_fifo/U_fifo_srl/dout_reg[45]/R	-1.448
ap_rst_n	o_gmem_m_axi_U/bus_write/wreq_throttle/data_fifo/U_fifo_srl/dout_reg[47]/R	-1.448
ap_rst_n	o_gmem_m_axi_U/bus_write/wreq_throttle/data_fifo/U_fifo_srl/dout_reg[57]/R	-1.448
ap_rst_n	o_gmem_m_axi_U/store_unit_0/buff_wdata/mOutPtr_reg[5]/R	-1.448
ap_rst_n	o_gmem_m_axi_U/store_unit_0/buff_wdata/mOutPtr_reg[6]/R	-1.448
m_axi_q_gmem_RDATA[49]	q_gmem_m_axi_U/bus_read/rs_rdata/data_p1_reg[49]/D	-1.448
m_axi_q_gmem_RDATA[53]	q_gmem_m_axi_U/bus_read/rs_rdata/data_p1_reg[53]/D	-1.448
m_axi_k_gmem_RVALID	k_gmem_m_axi_U/bus_read/rs_rdata/FSM_sequential_state_reg[0]/D	-1.448
m_axi_k_gmem_RDATA[56]	k_gmem_m_axi_U/bus_read/rs_rdata/data_p1_reg[56]/D	-1.448
m_axi_k_gmem_RDATA[58]	k_gmem_m_axi_U/bus_read/rs_rdata/data_p1_reg[58]/D	-1.448
m_axi_q_gmem_RLAST	q_gmem_m_axi_U/bus_read/rs_rdata/data_p1_reg[64]/D	-1.448
m_axi_v_gmem_RDATA[24]	v_gmem_m_axi_U/bus_read/rs_rdata/data_p1_reg[24]/D	-1.448
m_axi_v_gmem_RDATA[36]	v_gmem_m_axi_U/bus_read/rs_rdata/data_p1_reg[36]/D	-1.448
m_axi_q_gmem_RDATA[38]	q_gmem_m_axi_U/bus_read/rs_rdata/data_p1_reg[38]/D	-1.448
ap_rst_n	o_gmem_m_axi_U/bus_write/wreq_throttle/data_fifo/U_fifo_srl/dout_reg[51]/R	-1.447
ap_rst_n	o_gmem_m_axi_U/bus_write/wreq_throttle/data_fifo/U_fifo_srl/dout_reg[7]/R	-1.447
ap_rst_n	o_gmem_m_axi_U/store_unit_0/buff_wdata/raddr_reg[2]/R	-1.447
ap_rst_n	o_gmem_m_axi_U/store_unit_0/buff_wdata/raddr_reg[3]/R	-1.447
ap_rst_n	o_gmem_m_axi_U/store_unit_0/buff_wdata/raddr_reg[4]/R	-1.447
ap_rst_n	o_gmem_m_axi_U/store_unit_0/buff_wdata/raddr_reg[5]/R	-1.447
m_axi_v_gmem_RDATA[37]	v_gmem_m_axi_U/bus_read/rs_rdata/data_p1_reg[37]/D	-1.447
m_axi_k_gmem_RDATA[54]	k_gmem_m_axi_U/bus_read/rs_rdata/data_p1_reg[54]/D	-1.447
ap_rst_n	o_gmem_m_axi_U/bus_write/wreq_throttle/data_fifo/U_fifo_srl/dout_reg[37]/R	-1.447
ap_rst_n	o_gmem_m_axi_U/bus_write/wreq_throttle/data_fifo/U_fifo_srl/dout_reg[55]/R	-1.447
m_axi_v_gmem_RDATA[22]	v_gmem_m_axi_U/bus_read/rs_rdata/data_p1_reg[22]/D	-1.447
ap_rst_n	o_gmem_m_axi_U/bus_write/wreq_throttle/data_fifo/U_fifo_srl/dout_reg[18]/R	-1.446
ap_rst_n	o_gmem_m_axi_U/bus_write/wreq_throttle/data_fifo/U_fifo_srl/dout_reg[2]/R	-1.446
ap_rst_n	o_gmem_m_axi_U/store_unit_0/buff_wdata/dout_vld_reg/R	-1.446
ap_rst_n	o_gmem_m_axi_U/store_unit_0/buff_wdata/raddr_reg[0]/R	-1.446
ap_rst_n	o_gmem_m_axi_U/store_unit_0/buff_wdata/raddr_reg[1]/R	-1.446
m_axi_q_gmem_RDATA[59]	q_gmem_m_axi_U/bus_read/rs_rdata/data_p1_reg[59]/D	-1.446
m_axi_v_gmem_RDATA[45]	v_gmem_m_axi_U/bus_read/rs_rdata/data_p1_reg[45]/D	-1.446
m_axi_v_gmem_RDATA[59]	v_gmem_m_axi_U/bus_read/rs_rdata/data_p1_reg[59]/D	-1.446
m_axi_v_gmem_RDATA[60]	v_gmem_m_axi_U/bus_read/rs_rdata/data_p1_reg[60]/D	-1.446
ap_rst_n	grp_run_fu_161/grp_runController_fu_106/grp_runQueryTile_fu_142/runQueryBlock_0_U0/grp_runQueryBlock_0_Outline_VITIS_LOOP_117_5_fu_168/ap_CS_fsm_reg[6]/R	-1.446
ap_rst_n	grp_run_fu_161/grp_runController_fu_106/grp_runQueryTile_fu_142/runQueryBlock_0_U0/grp_runQueryBlock_0_Outline_VITIS_LOOP_117_5_fu_168/grp_runQueryBlock_0_Pipeline_VITIS_LOOP_190_122_fu_653_ap_start_reg_reg/R	-1.446
ap_rst_n	grp_run_fu_161/grp_runController_fu_106/grp_runQueryTile_fu_142/runQueryBlock_0_U0/grp_runQueryBlock_0_Outline_VITIS_LOOP_117_5_fu_168/grp_runQueryBlock_0_Pipeline_VITIS_LOOP_242_15_fu_667_ap_start_reg_reg/R	-1.446
m_axi_k_gmem_RDATA[19]	k_gmem_m_axi_U/bus_read/rs_rdata/data_p1_reg[19]/D	-1.446
m_axi_k_gmem_RDATA[53]	k_gmem_m_axi_U/bus_read/rs_rdata/data_p1_reg[53]/D	-1.446
ap_rst_n	o_gmem_m_axi_U/bus_write/wreq_throttle/data_fifo/U_fifo_srl/dout_reg[59]/R	-1.446
ap_rst_n	o_gmem_m_axi_U/bus_write/wreq_throttle/data_fifo/U_fifo_srl/dout_reg[62]/R	-1.446
m_axi_q_gmem_RDATA[9]	q_gmem_m_axi_U/bus_read/rs_rdata/data_p1_reg[9]/D	-1.446
m_axi_v_gmem_RDATA[29]	v_gmem_m_axi_U/bus_read/rs_rdata/data_p1_reg[29]/D	-1.446
m_axi_v_gmem_RDATA[56]	v_gmem_m_axi_U/bus_read/rs_rdata/data_p1_reg[56]/D	-1.446
m_axi_v_gmem_RVALID	v_gmem_m_axi_U/bus_read/rs_rdata/s_ready_t_reg/D	-1.446
ap_rst_n	o_gmem_m_axi_U/bus_write/wreq_throttle/data_fifo/U_fifo_srl/dout_reg[46]/R	-1.445
ap_rst_n	o_gmem_m_axi_U/bus_write/wreq_throttle/data_fifo/U_fifo_srl/dout_reg[69]/R	-1.445
m_axi_q_gmem_RDATA[41]	q_gmem_m_axi_U/bus_read/rs_rdata/data_p1_reg[41]/D	-1.445
m_axi_v_gmem_RDATA[51]	v_gmem_m_axi_U/bus_read/rs_rdata/data_p1_reg[51]/D	-1.445
m_axi_v_gmem_RDATA[55]	v_gmem_m_axi_U/bus_read/rs_rdata/data_p1_reg[55]/D	-1.445
m_axi_v_gmem_RDATA[63]	v_gmem_m_axi_U/bus_read/rs_rdata/data_p1_reg[63]/D	-1.445
ap_rst_n	grp_run_fu_161/grp_runController_fu_106/grp_runQueryTile_fu_142/runQueryBlock_0_U0/grp_runQueryBlock_0_Outline_VITIS_LOOP_117_5_fu_168/ap_CS_fsm_reg[7]/R	-1.445
m_axi_k_gmem_RDATA[6]	k_gmem_m_axi_U/bus_read/rs_rdata/data_p1_reg[6]/D	-1.445
ap_rst_n	o_gmem_m_axi_U/bus_write/wreq_throttle/data_fifo/U_fifo_srl/dout_reg[11]/R	-1.445
ap_rst_n	o_gmem_m_axi_U/bus_write/wreq_throttle/data_fifo/U_fifo_srl/dout_reg[41]/R	-1.445
m_axi_v_gmem_RDATA[14]	v_gmem_m_axi_U/bus_read/rs_rdata/data_p1_reg[14]/D	-1.445
m_axi_v_gmem_RDATA[2]	v_gmem_m_axi_U/bus_read/rs_rdata/data_p1_reg[2]/D	-1.445
m_axi_v_gmem_RDATA[30]	v_gmem_m_axi_U/bus_read/rs_rdata/data_p1_reg[30]/D	-1.445
ap_rst_n	grp_run_fu_161/grp_runController_fu_106/grp_runQueryTile_fu_142/runQueryBlock_0_U0/grp_runQueryBlock_0_Outline_VITIS_LOOP_117_5_fu_168/grp_runQueryBlock_0_Pipeline_VITIS_LOOP_190_12_fu_639_ap_start_reg_reg/R	-1.445
m_axi_q_gmem_RDATA[48]	q_gmem_m_axi_U/bus_read/rs_rdata/data_p1_reg[48]/D	-1.445
m_axi_q_gmem_RDATA[22]	q_gmem_m_axi_U/bus_read/rs_rdata/data_p1_reg[22]/D	-1.444
m_axi_v_gmem_RDATA[47]	v_gmem_m_axi_U/bus_read/rs_rdata/data_p1_reg[47]/D	-1.444
m_axi_k_gmem_RDATA[21]	k_gmem_m_axi_U/bus_read/rs_rdata/data_p1_reg[21]/D	-1.444
m_axi_k_gmem_RDATA[3]	k_gmem_m_axi_U/bus_read/rs_rdata/data_p1_reg[3]/D	-1.444
ap_rst_n	o_gmem_m_axi_U/bus_write/wreq_throttle/data_fifo/U_fifo_srl/dout_reg[21]/R	-1.444
ap_rst_n	o_gmem_m_axi_U/bus_write/wreq_throttle/data_fifo/U_fifo_srl/dout_reg[30]/R	-1.444
ap_rst_n	o_gmem_m_axi_U/bus_write/wreq_throttle/data_fifo/U_fifo_srl/dout_reg[56]/R	-1.444
ap_rst_n	o_gmem_m_axi_U/bus_write/wreq_throttle/data_fifo/U_fifo_srl/dout_reg[67]/R	-1.444
m_axi_q_gmem_RDATA[35]	q_gmem_m_axi_U/bus_read/rs_rdata/data_p1_reg[35]/D	-1.444
m_axi_v_gmem_RDATA[20]	v_gmem_m_axi_U/bus_read/rs_rdata/data_p1_reg[20]/D	-1.444
ap_rst_n	grp_run_fu_161/grp_runController_fu_106/grp_runQueryTile_fu_142/runQueryBlock_0_U0/grp_runQueryBlock_0_Outline_VITIS_LOOP_117_5_fu_168/grp_runQueryBlock_0_Pipeline_VITIS_LOOP_109_1_VITIS_LOOP_110_2_fu_588/ap_CS_fsm_reg[0]/S	-1.444
ap_rst_n	grp_run_fu_161/grp_runController_fu_106/grp_runQueryTile_fu_142/runQueryBlock_0_U0/grp_runQueryBlock_0_Outline_VITIS_LOOP_117_5_fu_168/grp_runQueryBlock_0_Pipeline_VITIS_LOOP_109_1_VITIS_LOOP_110_2_fu_588/ap_CS_fsm_reg[1]/R	-1.444
ap_rst_n	grp_run_fu_161/grp_runController_fu_106/grp_runQueryTile_fu_142/runQueryBlock_0_U0/grp_runQueryBlock_0_Outline_VITIS_LOOP_117_5_fu_168/grp_runQueryBlock_0_Pipeline_VITIS_LOOP_109_1_VITIS_LOOP_110_2_fu_588/ap_CS_fsm_reg[2]/R	-1.444
ap_rst_n	grp_run_fu_161/grp_runController_fu_106/grp_runQueryTile_fu_142/runQueryBlock_0_U0/grp_runQueryBlock_0_Outline_VITIS_LOOP_117_5_fu_168/grp_runQueryBlock_0_Pipeline_VITIS_LOOP_109_1_VITIS_LOOP_110_2_fu_588/ap_CS_fsm_reg[3]/R	-1.444
ap_rst_n	grp_run_fu_161/grp_runController_fu_106/grp_runQueryTile_fu_142/runQueryBlock_0_U0/grp_runQueryBlock_0_Outline_VITIS_LOOP_117_5_fu_168/grp_runQueryBlock_0_Pipeline_VITIS_LOOP_109_1_VITIS_LOOP_110_2_fu_588/ap_CS_fsm_reg[4]/R	-1.444
ap_rst_n	grp_run_fu_161/grp_runController_fu_106/grp_runQueryTile_fu_142/runQueryBlock_0_U0/grp_runQueryBlock_0_Outline_VITIS_LOOP_117_5_fu_168/grp_runQueryBlock_0_Pipeline_VITIS_LOOP_109_1_VITIS_LOOP_110_2_fu_588/grp_runPeArray_fu_606_ap_start_reg_reg/R	-1.444
ap_rst_n	grp_run_fu_161/grp_runController_fu_106/grp_runQueryTile_fu_142/runQueryBlock_0_U0/grp_runQueryBlock_0_Outline_VITIS_LOOP_117_5_fu_168/grp_runQueryBlock_0_Pipeline_VITIS_LOOP_369_33_fu_842/ap_enable_reg_pp0_iter4_reg/R	-1.444
ap_rst_n	grp_run_fu_161/grp_runController_fu_106/grp_runQueryTile_fu_142/runQueryBlock_0_U0/grp_runQueryBlock_0_Outline_VITIS_LOOP_117_5_fu_168/grp_runQueryBlock_0_Pipeline_VITIS_LOOP_369_33_fu_842/grp_runPeArray_fu_600_ap_start_reg_reg/R	-1.444
m_axi_k_gmem_RDATA[37]	k_gmem_m_axi_U/bus_read/rs_rdata/data_p1_reg[37]/D	-1.444
ap_rst_n	grp_run_fu_161/grp_runController_fu_106/grp_runQueryTile_fu_142/runQueryBlock_0_U0/grp_runQueryBlock_0_Outline_VITIS_LOOP_117_5_fu_168/ap_CS_fsm_reg[20]/R	-1.444
ap_rst_n	grp_run_fu_161/grp_runController_fu_106/grp_runQueryTile_fu_142/runQueryBlock_0_U0/grp_runQueryBlock_0_Outline_VITIS_LOOP_117_5_fu_168/grp_runQueryBlock_0_Pipeline_VITIS_LOOP_300_25_fu_772_ap_start_reg_reg/R	-1.444
m_axi_q_gmem_RDATA[46]	q_gmem_m_axi_U/bus_read/rs_rdata/data_p1_reg[46]/D	-1.444
m_axi_q_gmem_RDATA[58]	q_gmem_m_axi_U/bus_read/rs_rdata/data_p1_reg[58]/D	-1.444
m_axi_k_gmem_RDATA[14]	k_gmem_m_axi_U/bus_read/rs_rdata/data_p1_reg[14]/D	-1.443
ap_rst_n	o_gmem_m_axi_U/bus_write/wreq_throttle/data_fifo/U_fifo_srl/dout_reg[35]/R	-1.443
ap_rst_n	o_gmem_m_axi_U/bus_write/wreq_throttle/data_fifo/U_fifo_srl/dout_reg[39]/R	-1.443
ap_rst_n	o_gmem_m_axi_U/bus_write/wreq_throttle/data_fifo/U_fifo_srl/dout_reg[49]/R	-1.443
ap_rst_n	o_gmem_m_axi_U/bus_write/wreq_throttle/data_fifo/U_fifo_srl/dout_reg[65]/R	-1.443
m_axi_q_gmem_RDATA[16]	q_gmem_m_axi_U/bus_read/rs_rdata/data_p1_reg[16]/D	-1.443
m_axi_q_gmem_RDATA[20]	q_gmem_m_axi_U/bus_read/rs_rdata/data_p1_reg[20]/D	-1.443
m_axi_q_gmem_RDATA[8]	q_gmem_m_axi_U/bus_read/rs_rdata/data_p1_reg[8]/D	-1.443
m_axi_k_gmem_RDATA[13]	k_gmem_m_axi_U/bus_read/rs_rdata/data_p1_reg[13]/D	-1.443
m_axi_k_gmem_RDATA[48]	k_gmem_m_axi_U/bus_read/rs_rdata/data_p1_reg[48]/D	-1.443
m_axi_v_gmem_RDATA[21]	v_gmem_m_axi_U/bus_read/rs_rdata/data_p1_reg[21]/D	-1.443
ap_rst_n	o_gmem_m_axi_U/bus_write/wreq_throttle/data_fifo/U_fifo_srl/dout_reg[29]/R	-1.442
ap_rst_n	o_gmem_m_axi_U/bus_write/wreq_throttle/data_fifo/U_fifo_srl/dout_reg[53]/R	-1.442
ap_rst_n	o_gmem_m_axi_U/bus_write/wreq_throttle/data_fifo/U_fifo_srl/dout_reg[5]/R	-1.442
ap_rst_n	o_gmem_m_axi_U/bus_write/wreq_throttle/data_fifo/U_fifo_srl/dout_reg[60]/R	-1.442
m_axi_q_gmem_RDATA[3]	q_gmem_m_axi_U/bus_read/rs_rdata/data_p1_reg[3]/D	-1.442
m_axi_q_gmem_RDATA[42]	q_gmem_m_axi_U/bus_read/rs_rdata/data_p1_reg[42]/D	-1.442
m_axi_q_gmem_RDATA[43]	q_gmem_m_axi_U/bus_read/rs_rdata/data_p1_reg[43]/D	-1.442
m_axi_q_gmem_RDATA[52]	q_gmem_m_axi_U/bus_read/rs_rdata/data_p1_reg[52]/D	-1.442
m_axi_q_gmem_RDATA[55]	q_gmem_m_axi_U/bus_read/rs_rdata/data_p1_reg[55]/D	-1.442
m_axi_v_gmem_RVALID	v_gmem_m_axi_U/bus_read/rs_rdata/state_reg[0]/D	-1.442
ap_rst_n	grp_run_fu_161/grp_runController_fu_106/grp_runQueryTile_fu_142/runQueryBlock_0_U0/grp_runQueryBlock_0_Outline_VITIS_LOOP_117_5_fu_168/grp_runQueryBlock_0_Pipeline_VITIS_LOOP_242_15_fu_667/ap_enable_reg_pp0_iter2_reg/R	-1.442
m_axi_k_gmem_RDATA[12]	k_gmem_m_axi_U/bus_read/rs_rdata/data_p1_reg[12]/D	-1.442
m_axi_k_gmem_RDATA[50]	k_gmem_m_axi_U/bus_read/rs_rdata/data_p1_reg[50]/D	-1.442
ap_rst_n	o_gmem_m_axi_U/store_unit_0/buff_wdata/mOutPtr_reg[0]/R	-1.442
ap_rst_n	o_gmem_m_axi_U/store_unit_0/buff_wdata/mOutPtr_reg[2]/R	-1.442
ap_rst_n	o_gmem_m_axi_U/store_unit_0/buff_wdata/mOutPtr_reg[3]/R	-1.442
m_axi_q_gmem_RDATA[57]	q_gmem_m_axi_U/bus_read/rs_rdata/data_p1_reg[57]/D	-1.442
m_axi_v_gmem_RDATA[19]	v_gmem_m_axi_U/bus_read/rs_rdata/data_p1_reg[19]/D	-1.442
m_axi_v_gmem_RDATA[28]	v_gmem_m_axi_U/bus_read/rs_rdata/data_p1_reg[28]/D	-1.442
m_axi_v_gmem_RDATA[52]	v_gmem_m_axi_U/bus_read/rs_rdata/data_p1_reg[52]/D	-1.442
m_axi_v_gmem_RDATA[5]	v_gmem_m_axi_U/bus_read/rs_rdata/data_p1_reg[5]/D	-1.442
m_axi_v_gmem_RDATA[9]	v_gmem_m_axi_U/bus_read/rs_rdata/data_p1_reg[9]/D	-1.442
ap_rst_n	o_gmem_m_axi_U/bus_write/wreq_throttle/data_fifo/U_fifo_srl/dout_reg[63]/R	-1.441
ap_rst_n	o_gmem_m_axi_U/bus_write/wreq_throttle/data_fifo/U_fifo_srl/dout_reg[9]/R	-1.441
m_axi_q_gmem_RDATA[23]	q_gmem_m_axi_U/bus_read/rs_rdata/data_p1_reg[23]/D	-1.441
m_axi_q_gmem_RDATA[39]	q_gmem_m_axi_U/bus_read/rs_rdata/data_p1_reg[39]/D	-1.441
m_axi_k_gmem_RDATA[10]	k_gmem_m_axi_U/bus_read/rs_rdata/data_p1_reg[10]/D	-1.441
m_axi_k_gmem_RDATA[15]	k_gmem_m_axi_U/bus_read/rs_rdata/data_p1_reg[15]/D	-1.441
m_axi_k_gmem_RDATA[25]	k_gmem_m_axi_U/bus_read/rs_rdata/data_p1_reg[25]/D	-1.441
m_axi_k_gmem_RDATA[28]	k_gmem_m_axi_U/bus_read/rs_rdata/data_p1_reg[28]/D	-1.441
m_axi_k_gmem_RDATA[2]	k_gmem_m_axi_U/bus_read/rs_rdata/data_p1_reg[2]/D	-1.441
m_axi_k_gmem_RDATA[62]	k_gmem_m_axi_U/bus_read/rs_rdata/data_p1_reg[62]/D	-1.441
m_axi_v_gmem_RDATA[33]	v_gmem_m_axi_U/bus_read/rs_rdata/data_p1_reg[33]/D	-1.441
m_axi_v_gmem_RDATA[3]	v_gmem_m_axi_U/bus_read/rs_rdata/data_p1_reg[3]/D	-1.441
m_axi_q_gmem_RDATA[34]	q_gmem_m_axi_U/bus_read/rs_rdata/data_p1_reg[34]/D	-1.441
m_axi_q_gmem_RDATA[51]	q_gmem_m_axi_U/bus_read/rs_rdata/data_p1_reg[51]/D	-1.440
m_axi_k_gmem_RDATA[26]	k_gmem_m_axi_U/bus_read/rs_rdata/data_p1_reg[26]/D	-1.440
m_axi_k_gmem_RDATA[30]	k_gmem_m_axi_U/bus_read/rs_rdata/data_p1_reg[30]/D	-1.440
m_axi_k_gmem_RDATA[35]	k_gmem_m_axi_U/bus_read/rs_rdata/data_p1_reg[35]/D	-1.440
m_axi_k_gmem_RDATA[44]	k_gmem_m_axi_U/bus_read/rs_rdata/data_p1_reg[44]/D	-1.440
m_axi_v_gmem_RDATA[23]	v_gmem_m_axi_U/bus_read/rs_rdata/data_p1_reg[23]/D	-1.440
m_axi_v_gmem_RDATA[26]	v_gmem_m_axi_U/bus_read/rs_rdata/data_p1_reg[26]/D	-1.440
m_axi_v_gmem_RDATA[38]	v_gmem_m_axi_U/bus_read/rs_rdata/data_p1_reg[38]/D	-1.440
m_axi_q_gmem_RDATA[45]	q_gmem_m_axi_U/bus_read/rs_rdata/data_p1_reg[45]/D	-1.439
ap_rst_n	grp_run_fu_161/grp_runController_fu_106/grp_runQueryTile_fu_142/runQueryBlock_0_U0/grp_runQueryBlock_0_Outline_VITIS_LOOP_117_5_fu_168/ap_CS_fsm_reg[0]/S	-1.439
ap_rst_n	grp_run_fu_161/grp_runController_fu_106/grp_runQueryTile_fu_142/runQueryBlock_0_U0/grp_runQueryBlock_0_Outline_VITIS_LOOP_117_5_fu_168/ap_CS_fsm_reg[16]/R	-1.439
ap_rst_n	grp_run_fu_161/grp_runController_fu_106/grp_runQueryTile_fu_142/runQueryBlock_0_U0/grp_runQueryBlock_0_Outline_VITIS_LOOP_117_5_fu_168/ap_CS_fsm_reg[17]/R	-1.439
ap_rst_n	grp_run_fu_161/grp_runController_fu_106/grp_runQueryTile_fu_142/runQueryBlock_0_U0/grp_runQueryBlock_0_Outline_VITIS_LOOP_117_5_fu_168/ap_CS_fsm_reg[22]/R	-1.439
ap_rst_n	grp_run_fu_161/grp_runController_fu_106/grp_runQueryTile_fu_142/runQueryBlock_0_U0/grp_runQueryBlock_0_Outline_VITIS_LOOP_117_5_fu_168/ap_CS_fsm_reg[26]/R	-1.439
ap_rst_n	grp_run_fu_161/grp_runController_fu_106/grp_runQueryTile_fu_142/runQueryBlock_0_U0/grp_runQueryBlock_0_Outline_VITIS_LOOP_117_5_fu_168/ap_CS_fsm_reg[27]/R	-1.439
ap_rst_n	grp_run_fu_161/grp_runController_fu_106/grp_runQueryTile_fu_142/runQueryBlock_0_U0/grp_runQueryBlock_0_Outline_VITIS_LOOP_117_5_fu_168/ap_CS_fsm_reg[31]/R	-1.439
ap_rst_n	grp_run_fu_161/grp_runController_fu_106/grp_runQueryTile_fu_142/runQueryBlock_0_U0/grp_runQueryBlock_0_Outline_VITIS_LOOP_117_5_fu_168/ap_CS_fsm_reg[32]/R	-1.439
m_axi_k_gmem_RDATA[24]	k_gmem_m_axi_U/bus_read/rs_rdata/data_p1_reg[24]/D	-1.439
ap_rst_n	o_gmem_m_axi_U/bus_write/wreq_throttle/data_fifo/U_fifo_srl/dout_reg[15]/R	-1.439
ap_rst_n	o_gmem_m_axi_U/bus_write/wreq_throttle/data_fifo/U_fifo_srl/dout_reg[61]/R	-1.439
m_axi_q_gmem_RDATA[47]	q_gmem_m_axi_U/bus_read/rs_rdata/data_p1_reg[47]/D	-1.439
m_axi_k_gmem_RDATA[18]	k_gmem_m_axi_U/bus_read/rs_rdata/data_p1_reg[18]/D	-1.439
m_axi_q_gmem_RDATA[17]	q_gmem_m_axi_U/bus_read/rs_rdata/data_p1_reg[17]/D	-1.439
m_axi_q_gmem_RVALID	q_gmem_m_axi_U/bus_read/rs_rdata/s_ready_t_reg/D	-1.439
m_axi_v_gmem_RDATA[12]	v_gmem_m_axi_U/bus_read/rs_rdata/data_p1_reg[12]/D	-1.439
ap_rst_n	grp_run_fu_161/grp_runController_fu_106/grp_runQueryTile_fu_142/gatherQueryTile_U0/grp_gatherQueryTile_Pipeline_VITIS_LOOP_526_1_VITIS_LOOP_527_2_fu_106/ap_enable_reg_pp0_iter1_reg/D	-1.438
ap_rst_n	grp_run_fu_161/grp_runController_fu_106/grp_runQueryTile_fu_142/runQueryBlock_0_U0/ap_CS_fsm_reg[4]/R	-1.438
ap_rst_n	grp_run_fu_161/grp_runController_fu_106/grp_runQueryTile_fu_142/runQueryBlock_0_U0/ap_CS_fsm_reg[5]/R	-1.438
ap_rst_n	grp_run_fu_161/grp_runController_fu_106/grp_runQueryTile_fu_142/runQueryBlock_0_U0/grp_runQueryBlock_0_Outline_VITIS_LOOP_117_5_fu_168/ap_CS_fsm_reg[11]/R	-1.438
ap_rst_n	grp_run_fu_161/grp_runController_fu_106/grp_runQueryTile_fu_142/runQueryBlock_0_U0/grp_runQueryBlock_0_Outline_VITIS_LOOP_117_5_fu_168/ap_CS_fsm_reg[12]/R	-1.438
ap_rst_n	grp_run_fu_161/grp_runController_fu_106/grp_runQueryTile_fu_142/runQueryBlock_0_U0/grp_runQueryBlock_0_Outline_VITIS_LOOP_117_5_fu_168/ap_CS_fsm_reg[13]/R	-1.438
ap_rst_n	grp_run_fu_161/grp_runController_fu_106/grp_runQueryTile_fu_142/runQueryBlock_0_U0/grp_runQueryBlock_0_Outline_VITIS_LOOP_117_5_fu_168/ap_CS_fsm_reg[14]/R	-1.438
ap_rst_n	grp_run_fu_161/grp_runController_fu_106/grp_runQueryTile_fu_142/runQueryBlock_0_U0/grp_runQueryBlock_0_Outline_VITIS_LOOP_117_5_fu_168/ap_CS_fsm_reg[1]/R	-1.438
ap_rst_n	grp_run_fu_161/grp_runController_fu_106/grp_runQueryTile_fu_142/runQueryBlock_0_U0/grp_runQueryBlock_0_Outline_VITIS_LOOP_117_5_fu_168/ap_CS_fsm_reg[21]/R	-1.438
ap_rst_n	grp_run_fu_161/grp_runController_fu_106/grp_runQueryTile_fu_142/runQueryBlock_0_U0/grp_runQueryBlock_0_Outline_VITIS_LOOP_117_5_fu_168/ap_CS_fsm_reg[24]/R	-1.438
ap_rst_n	grp_run_fu_161/grp_runController_fu_106/grp_runQueryTile_fu_142/runQueryBlock_0_U0/grp_runQueryBlock_0_Outline_VITIS_LOOP_117_5_fu_168/ap_CS_fsm_reg[28]/R	-1.438
ap_rst_n	grp_run_fu_161/grp_runController_fu_106/grp_runQueryTile_fu_142/runQueryBlock_0_U0/grp_runQueryBlock_0_Outline_VITIS_LOOP_117_5_fu_168/ap_CS_fsm_reg[29]/R	-1.438
ap_rst_n	grp_run_fu_161/grp_runController_fu_106/grp_runQueryTile_fu_142/runQueryBlock_0_U0/grp_runQueryBlock_0_Outline_VITIS_LOOP_117_5_fu_168/ap_CS_fsm_reg[2]/R	-1.438
ap_rst_n	grp_run_fu_161/grp_runController_fu_106/grp_runQueryTile_fu_142/runQueryBlock_0_U0/grp_runQueryBlock_0_Outline_VITIS_LOOP_117_5_fu_168/ap_CS_fsm_reg[30]/R	-1.438
ap_rst_n	grp_run_fu_161/grp_runController_fu_106/grp_runQueryTile_fu_142/runQueryBlock_0_U0/grp_runQueryBlock_0_Outline_VITIS_LOOP_117_5_fu_168/ap_CS_fsm_reg[34]/R	-1.438
ap_rst_n	grp_run_fu_161/grp_runController_fu_106/grp_runQueryTile_fu_142/runQueryBlock_0_U0/grp_runQueryBlock_0_Outline_VITIS_LOOP_117_5_fu_168/ap_CS_fsm_reg[3]/R	-1.438
ap_rst_n	grp_run_fu_161/grp_runController_fu_106/grp_runQueryTile_fu_142/runQueryBlock_0_U0/grp_runQueryBlock_0_Outline_VITIS_LOOP_117_5_fu_168/grp_runAccumulatorColumns_fu_697_ap_start_reg_reg/R	-1.438
ap_rst_n	grp_run_fu_161/grp_runController_fu_106/grp_runQueryTile_fu_142/runQueryBlock_0_U0/grp_runQueryBlock_0_Outline_VITIS_LOOP_117_5_fu_168/grp_runPeArray_fu_718_ap_start_reg_reg/R	-1.438
ap_rst_n	grp_run_fu_161/grp_runController_fu_106/grp_runQueryTile_fu_142/runQueryBlock_0_U0/grp_runQueryBlock_0_Outline_VITIS_LOOP_117_5_fu_168/grp_runQueryBlock_0_Pipeline_VITIS_LOOP_144_6_VITIS_LOOP_145_7_fu_550_ap_start_reg_reg/R	-1.438
m_axi_k_gmem_RDATA[39]	k_gmem_m_axi_U/bus_read/rs_rdata/data_p1_reg[39]/D	-1.438
m_axi_k_gmem_RDATA[46]	k_gmem_m_axi_U/bus_read/rs_rdata/data_p1_reg[46]/D	-1.438
m_axi_q_gmem_RDATA[33]	q_gmem_m_axi_U/bus_read/rs_rdata/data_p1_reg[33]/D	-1.438
m_axi_v_gmem_RDATA[53]	v_gmem_m_axi_U/bus_read/rs_rdata/data_p1_reg[53]/D	-1.438
ap_rst_n	grp_run_fu_161/grp_runController_fu_106/grp_runQueryTile_fu_142/runQueryBlock_0_U0/grp_runQueryBlock_0_Outline_VITIS_LOOP_117_5_fu_168_ap_start_reg_reg/R	-1.437
m_axi_q_gmem_RDATA[32]	q_gmem_m_axi_U/bus_read/rs_rdata/data_p1_reg[32]/D	-1.437
m_axi_v_gmem_RVALID	v_gmem_m_axi_U/bus_read/rs_rdata/FSM_sequential_state_reg[0]/D	-1.437
m_axi_v_gmem_RVALID	v_gmem_m_axi_U/bus_read/rs_rdata/state_reg[1]/D	-1.437
m_axi_k_gmem_RDATA[43]	k_gmem_m_axi_U/bus_read/rs_rdata/data_p1_reg[43]/D	-1.437
m_axi_q_gmem_RDATA[26]	q_gmem_m_axi_U/bus_read/rs_rdata/data_p1_reg[26]/D	-1.437
m_axi_v_gmem_RDATA[27]	v_gmem_m_axi_U/bus_read/rs_rdata/data_p1_reg[27]/D	-1.437
ap_rst_n	grp_run_fu_161/grp_runController_fu_106/grp_runQueryTile_fu_142/runQueryBlock_0_U0/grp_runQueryBlock_0_Outline_VITIS_LOOP_117_5_fu_168/grp_runQueryBlock_0_Pipeline_VITIS_LOOP_109_1_VITIS_LOOP_110_2_fu_588/ap_enable_reg_pp0_iter0_reg_reg/D	-1.437
m_axi_k_gmem_RDATA[52]	k_gmem_m_axi_U/bus_read/rs_rdata/data_p1_reg[52]/D	-1.436
m_axi_q_gmem_RDATA[24]	q_gmem_m_axi_U/bus_read/rs_rdata/data_p1_reg[24]/D	-1.436
m_axi_v_gmem_RDATA[11]	v_gmem_m_axi_U/bus_read/rs_rdata/data_p1_reg[11]/D	-1.436
ap_rst_n	k_gmem_m_axi_U/bus_read/fifo_burst/U_fifo_srl/dout_reg[0]/R	-1.435
ap_rst_n	grp_run_fu_161/grp_runController_fu_106/grp_runQueryTile_fu_142/runQueryBlock_0_U0/grp_reciprocalColumns_fu_201/ap_return_1_preg_reg[2]/R	-1.435
ap_rst_n	grp_run_fu_161/grp_runController_fu_106/grp_runQueryTile_fu_142/runQueryBlock_0_U0/grp_reciprocalColumns_fu_201/ap_return_1_preg_reg[3]/R	-1.435
ap_rst_n	grp_run_fu_161/grp_runController_fu_106/grp_runQueryTile_fu_142/runQueryBlock_0_U0/grp_reciprocalColumns_fu_201/ap_return_1_preg_reg[5]/R	-1.435
ap_rst_n	grp_run_fu_161/grp_runController_fu_106/grp_runQueryTile_fu_142/runQueryBlock_0_U0/grp_reciprocalColumns_fu_201/ap_return_1_preg_reg[8]/R	-1.435
m_axi_q_gmem_RDATA[7]	q_gmem_m_axi_U/bus_read/rs_rdata/data_p1_reg[7]/D	-1.435
m_axi_q_gmem_RVALID	q_gmem_m_axi_U/bus_read/rs_rdata/state_reg[0]/D	-1.435
m_axi_v_gmem_RDATA[39]	v_gmem_m_axi_U/bus_read/rs_rdata/data_p1_reg[39]/D	-1.435
m_axi_v_gmem_RDATA[10]	v_gmem_m_axi_U/bus_read/rs_rdata/data_p1_reg[10]/D	-1.435
m_axi_v_gmem_RDATA[50]	v_gmem_m_axi_U/bus_read/rs_rdata/data_p1_reg[50]/D	-1.435
ap_rst_n	k_gmem_m_axi_U/bus_read/fifo_burst/raddr_reg[0]/R	-1.434
ap_rst_n	k_gmem_m_axi_U/bus_read/fifo_burst/raddr_reg[1]/R	-1.434
ap_rst_n	k_gmem_m_axi_U/bus_read/fifo_burst/raddr_reg[2]/R	-1.434
ap_rst_n	k_gmem_m_axi_U/bus_read/fifo_burst/raddr_reg[3]/R	-1.434
ap_rst_n	grp_run_fu_161/grp_runController_fu_106/grp_runQueryTile_fu_142/runQueryBlock_0_U0/grp_reciprocalColumns_fu_201/grp_p_anonymous_namespace_begin_reciprocal_fu_97/ap_return_0_preg_reg[24]/R	-1.434
ap_rst_n	grp_run_fu_161/grp_runController_fu_106/grp_runQueryTile_fu_142/runQueryBlock_0_U0/grp_reciprocalColumns_fu_201/grp_p_anonymous_namespace_begin_reciprocal_fu_97/ap_return_2_preg_reg[25]/R	-1.434
ap_rst_n	grp_run_fu_161/grp_runController_fu_106/grp_runQueryTile_fu_142/runQueryBlock_0_U0/grp_reciprocalColumns_fu_201/grp_p_anonymous_namespace_begin_reciprocal_fu_97/ap_return_5_preg_reg[0]/R	-1.434
m_axi_q_gmem_RDATA[56]	q_gmem_m_axi_U/bus_read/rs_rdata/data_p1_reg[56]/D	-1.434
ap_rst_n	grp_run_fu_161/grp_runController_fu_106/grp_runQueryTile_fu_142/q1_U/mOutPtr_reg[0]/R	-1.433
ap_rst_n	grp_run_fu_161/grp_runController_fu_106/grp_runQueryTile_fu_142/runQueryBlock_0_U0/grp_reciprocalColumns_fu_201/ap_return_1_preg_reg[10]/R	-1.433
ap_rst_n	grp_run_fu_161/grp_runController_fu_106/grp_runQueryTile_fu_142/runQueryBlock_0_U0/grp_reciprocalColumns_fu_201/ap_return_1_preg_reg[19]/R	-1.433
ap_rst_n	grp_run_fu_161/grp_runController_fu_106/grp_runQueryTile_fu_142/runQueryBlock_0_U0/grp_reciprocalColumns_fu_201/ap_return_1_preg_reg[1]/R	-1.433
ap_rst_n	grp_run_fu_161/grp_runController_fu_106/grp_runQueryTile_fu_142/runQueryBlock_0_U0/grp_reciprocalColumns_fu_201/ap_return_1_preg_reg[20]/R	-1.433
ap_rst_n	grp_run_fu_161/grp_runController_fu_106/grp_runQueryTile_fu_142/runQueryBlock_0_U0/grp_reciprocalColumns_fu_201/ap_return_1_preg_reg[21]/R	-1.433
ap_rst_n	grp_run_fu_161/grp_runController_fu_106/grp_runQueryTile_fu_142/runQueryBlock_0_U0/grp_reciprocalColumns_fu_201/ap_return_1_preg_reg[29]/R	-1.433
ap_rst_n	grp_run_fu_161/grp_runController_fu_106/grp_runQueryTile_fu_142/runQueryBlock_0_U0/grp_reciprocalColumns_fu_201/ap_return_1_preg_reg[4]/R	-1.433
ap_rst_n	grp_run_fu_161/grp_runController_fu_106/grp_runQueryTile_fu_142/runQueryBlock_0_U0/grp_reciprocalColumns_fu_201/grp_p_anonymous_namespace_begin_reciprocal_fu_97/ap_return_3_preg_reg[8]/R	-1.433
ap_rst_n	grp_run_fu_161/grp_runController_fu_106/grp_runQueryTile_fu_142/runQueryBlock_0_U0/grp_reciprocalColumns_fu_201/grp_p_anonymous_namespace_begin_reciprocal_fu_97/ap_return_3_preg_reg[9]/R	-1.433
ap_rst_n	grp_run_fu_161/grp_runController_fu_106/grp_runQueryTile_fu_142/runQueryBlock_0_U0/grp_runQueryBlock_0_Outline_VITIS_LOOP_117_5_fu_168/ap_CS_fsm_reg[18]/R	-1.433
ap_rst_n	grp_run_fu_161/grp_runController_fu_106/grp_runQueryTile_fu_142/runQueryBlock_0_U0/grp_runQueryBlock_0_Outline_VITIS_LOOP_117_5_fu_168/ap_CS_fsm_reg[33]/R	-1.433
ap_rst_n	grp_run_fu_161/grp_runController_fu_106/grp_runQueryTile_fu_142/runQueryBlock_0_U0/grp_reciprocalColumns_fu_201/ap_CS_fsm_reg[2]/R	-1.433
ap_rst_n	grp_run_fu_161/grp_runController_fu_106/grp_runQueryTile_fu_142/runQueryBlock_0_U0/grp_reciprocalColumns_fu_201/ap_CS_fsm_reg[5]/R	-1.433
ap_rst_n	grp_run_fu_161/grp_runController_fu_106/grp_runQueryTile_fu_142/runQueryBlock_0_U0/grp_reciprocalColumns_fu_201/ap_return_1_preg_reg[23]/R	-1.433
ap_rst_n	grp_run_fu_161/grp_runController_fu_106/grp_runQueryTile_fu_142/runQueryBlock_0_U0/grp_reciprocalColumns_fu_201/ap_return_1_preg_reg[28]/R	-1.433
ap_rst_n	grp_run_fu_161/grp_runController_fu_106/grp_runQueryTile_fu_142/runQueryBlock_0_U0/grp_reciprocalColumns_fu_201/ap_return_1_preg_reg[31]/R	-1.433
ap_rst_n	grp_run_fu_161/grp_runController_fu_106/grp_runQueryTile_fu_142/runQueryBlock_0_U0/grp_reciprocalColumns_fu_201/ap_return_1_preg_reg[6]/R	-1.433
ap_rst_n	grp_run_fu_161/grp_runController_fu_106/grp_runQueryTile_fu_142/runQueryBlock_0_U0/grp_reciprocalColumns_fu_201/ap_return_1_preg_reg[7]/R	-1.433
ap_rst_n	grp_run_fu_161/grp_runController_fu_106/grp_runQueryTile_fu_142/runQueryBlock_0_U0/grp_reciprocalColumns_fu_201/grp_p_anonymous_namespace_begin_reciprocal_fu_97/ap_CS_fsm_reg[1]/R	-1.433
ap_rst_n	grp_run_fu_161/grp_runController_fu_106/grp_runQueryTile_fu_142/runQueryBlock_0_U0/grp_reciprocalColumns_fu_201/grp_p_anonymous_namespace_begin_reciprocal_fu_97/ap_return_4_preg_reg[0]/R	-1.433
ap_rst_n	grp_run_fu_161/grp_runController_fu_106/grp_runQueryTile_fu_142/runQueryBlock_0_U0/grp_reciprocalColumns_fu_201/grp_p_anonymous_namespace_begin_reciprocal_fu_97_ap_start_reg_reg/R	-1.433
m_axi_q_gmem_RDATA[14]	q_gmem_m_axi_U/bus_read/rs_rdata/data_p1_reg[14]/D	-1.433
ap_rst_n	grp_run_fu_161/grp_runController_fu_106/grp_runQueryTile_fu_142/runQueryBlock_0_U0/grp_runQueryBlock_0_Outline_VITIS_LOOP_117_5_fu_168/ap_CS_fsm_reg[15]/R	-1.433
m_axi_v_gmem_RDATA[57]	v_gmem_m_axi_U/bus_read/rs_rdata/data_p1_reg[57]/D	-1.433
ap_rst_n	grp_run_fu_161/grp_runController_fu_106/grp_runQueryTile_fu_142/runQueryBlock_0_U0/grp_reciprocalColumns_fu_201/ap_CS_fsm_reg[1]/R	-1.432
ap_rst_n	grp_run_fu_161/grp_runController_fu_106/grp_runQueryTile_fu_142/runQueryBlock_0_U0/grp_reciprocalColumns_fu_201/ap_CS_fsm_reg[7]/R	-1.432
ap_rst_n	grp_run_fu_161/grp_runController_fu_106/grp_runQueryTile_fu_142/runQueryBlock_0_U0/grp_reciprocalColumns_fu_201_ap_start_reg_reg/R	-1.432
m_axi_q_gmem_RDATA[36]	q_gmem_m_axi_U/bus_read/rs_rdata/data_p1_reg[36]/D	-1.432
ap_rst_n	grp_run_fu_161/grp_runController_fu_106/grp_runQueryTile_fu_142/q1_U/addr_reg[0]/R	-1.431
ap_rst_n	grp_run_fu_161/grp_runController_fu_106/grp_runQueryTile_fu_142/q1_U/addr_reg[1]/R	-1.431
ap_rst_n	grp_run_fu_161/grp_runController_fu_106/grp_runQueryTile_fu_142/q1_U/addr_reg[2]/R	-1.431
ap_rst_n	grp_run_fu_161/grp_runController_fu_106/grp_runQueryTile_fu_142/q1_U/empty_n_reg/R	-1.431
ap_rst_n	grp_run_fu_161/grp_runController_fu_106/grp_runQueryTile_fu_142/q1_U/full_n_reg/S	-1.431
ap_rst_n	grp_run_fu_161/grp_runController_fu_106/grp_runQueryTile_fu_142/q1_U/mOutPtr_reg[2]/R	-1.431
ap_rst_n	grp_run_fu_161/grp_runController_fu_106/grp_runQueryTile_fu_142/q1_U/mOutPtr_reg[3]/R	-1.431
ap_rst_n	grp_run_fu_161/grp_runController_fu_106/grp_runQueryTile_fu_142/runQueryBlock_0_U0/grp_reciprocalColumns_fu_201/grp_p_anonymous_namespace_begin_reciprocal_fu_97/ap_return_1_preg_reg[15]/R	-1.431
ap_rst_n	grp_run_fu_161/grp_runController_fu_106/grp_runQueryTile_fu_142/runQueryBlock_0_U0/grp_reciprocalColumns_fu_201/grp_p_anonymous_namespace_begin_reciprocal_fu_97/ap_return_1_preg_reg[17]/R	-1.431
ap_rst_n	grp_run_fu_161/grp_runController_fu_106/grp_runQueryTile_fu_142/runQueryBlock_0_U0/grp_reciprocalColumns_fu_201/grp_p_anonymous_namespace_begin_reciprocal_fu_97/ap_return_1_preg_reg[18]/R	-1.431
ap_rst_n	grp_run_fu_161/grp_runController_fu_106/grp_runQueryTile_fu_142/runQueryBlock_0_U0/grp_reciprocalColumns_fu_201/grp_p_anonymous_namespace_begin_reciprocal_fu_97/ap_return_1_preg_reg[19]/R	-1.431
ap_rst_n	grp_run_fu_161/grp_runController_fu_106/grp_runQueryTile_fu_142/runQueryBlock_0_U0/grp_reciprocalColumns_fu_201/grp_p_anonymous_namespace_begin_reciprocal_fu_97/ap_return_7_preg_reg[0]/R	-1.431
ap_rst_n	grp_run_fu_161/grp_runController_fu_106/grp_runQueryTile_fu_142/runQueryBlock_0_U0/grp_runQueryBlock_0_Outline_VITIS_LOOP_117_5_fu_168/ap_CS_fsm_reg[10]/R	-1.431
ap_rst_n	grp_run_fu_161/grp_runController_fu_106/grp_runQueryTile_fu_142/runQueryBlock_0_U0/grp_runQueryBlock_0_Outline_VITIS_LOOP_117_5_fu_168/ap_CS_fsm_reg[4]/R	-1.431
ap_rst_n	grp_run_fu_161/grp_runController_fu_106/grp_runQueryTile_fu_142/runQueryBlock_0_U0/grp_runQueryBlock_0_Outline_VITIS_LOOP_117_5_fu_168/ap_CS_fsm_reg[5]/R	-1.431
ap_rst_n	grp_run_fu_161/grp_runController_fu_106/grp_runQueryTile_fu_142/runQueryBlock_0_U0/grp_runQueryBlock_0_Outline_VITIS_LOOP_117_5_fu_168/ap_CS_fsm_reg[8]/R	-1.431
ap_rst_n	grp_run_fu_161/grp_runController_fu_106/grp_runQueryTile_fu_142/runQueryBlock_0_U0/grp_runQueryBlock_0_Outline_VITIS_LOOP_117_5_fu_168/ap_CS_fsm_reg[9]/R	-1.431
ap_rst_n	grp_run_fu_161/grp_runController_fu_106/grp_runQueryTile_fu_142/runQueryBlock_0_U0/grp_runQueryBlock_0_Outline_VITIS_LOOP_117_5_fu_168/grp_runQueryBlock_0_Pipeline_VITIS_LOOP_109_1_VITIS_LOOP_110_2_fu_588_ap_start_reg_reg/R	-1.431
ap_rst_n	grp_run_fu_161/grp_runController_fu_106/grp_runQueryTile_fu_142/runQueryBlock_1_U0/ap_CS_fsm_reg[1]/R	-1.431
m_axi_q_gmem_RVALID	q_gmem_m_axi_U/bus_read/rs_rdata/FSM_sequential_state_reg[0]/D	-1.431
ap_rst_n	grp_run_fu_161/grp_runController_fu_106/grp_runQueryTile_fu_142/runQueryBlock_0_U0/grp_reciprocalColumns_fu_201/ap_return_1_preg_reg[24]/R	-1.431
ap_rst_n	grp_run_fu_161/grp_runController_fu_106/grp_runQueryTile_fu_142/runQueryBlock_0_U0/grp_reciprocalColumns_fu_201/grp_p_anonymous_namespace_begin_reciprocal_fu_97/ap_return_1_preg_reg[11]/R	-1.431
ap_rst_n	grp_run_fu_161/grp_runController_fu_106/grp_runQueryTile_fu_142/runQueryBlock_0_U0/grp_reciprocalColumns_fu_201/grp_p_anonymous_namespace_begin_reciprocal_fu_97/ap_return_1_preg_reg[23]/R	-1.431
ap_rst_n	grp_run_fu_161/grp_runController_fu_106/grp_runQueryTile_fu_142/runQueryBlock_0_U0/grp_reciprocalColumns_fu_201/grp_p_anonymous_namespace_begin_reciprocal_fu_97/ap_return_1_preg_reg[4]/R	-1.431
ap_rst_n	grp_run_fu_161/grp_runController_fu_106/grp_runQueryTile_fu_142/runQueryBlock_0_U0/grp_reciprocalColumns_fu_201/grp_p_anonymous_namespace_begin_reciprocal_fu_97/ap_return_1_preg_reg[7]/R	-1.431
m_axi_q_gmem_RDATA[30]	q_gmem_m_axi_U/bus_read/rs_rdata/data_p1_reg[30]/D	-1.431
ap_rst_n	grp_run_fu_161/grp_runController_fu_106/grp_runQueryTile_fu_142/runQueryBlock_0_U0/grp_reciprocalColumns_fu_201/ap_CS_fsm_reg[10]/R	-1.431
ap_rst_n	grp_run_fu_161/grp_runController_fu_106/grp_runQueryTile_fu_142/runQueryBlock_0_U0/grp_reciprocalColumns_fu_201/ap_CS_fsm_reg[6]/R	-1.431
ap_rst_n	grp_run_fu_161/grp_runController_fu_106/grp_runQueryTile_fu_142/runQueryBlock_0_U0/grp_reciprocalColumns_fu_201/grp_p_anonymous_namespace_begin_reciprocal_fu_97/ap_return_3_preg_reg[4]/R	-1.431
ap_rst_n	grp_run_fu_161/grp_runController_fu_106/grp_runQueryTile_fu_142/runQueryBlock_0_U0/grp_reciprocalColumns_fu_201/grp_p_anonymous_namespace_begin_reciprocal_fu_97/ap_return_3_preg_reg[5]/R	-1.431
m_axi_q_gmem_RDATA[44]	q_gmem_m_axi_U/bus_read/rs_rdata/data_p1_reg[44]/D	-1.431
m_axi_q_gmem_RDATA[50]	q_gmem_m_axi_U/bus_read/rs_rdata/data_p1_reg[50]/D	-1.431
m_axi_q_gmem_RDATA[1]	q_gmem_m_axi_U/bus_read/rs_rdata/data_p1_reg[1]/D	-1.431
ap_rst_n	grp_run_fu_161/grp_runController_fu_106/grp_runQueryTile_fu_142/runQueryBlock_0_U0/grp_reciprocalColumns_fu_201/grp_p_anonymous_namespace_begin_reciprocal_fu_97/ap_return_1_preg_reg[16]/R	-1.430
ap_rst_n	grp_run_fu_161/grp_runController_fu_106/grp_runQueryTile_fu_142/runQueryBlock_0_U0/grp_reciprocalColumns_fu_201/grp_p_anonymous_namespace_begin_reciprocal_fu_97/ap_return_1_preg_reg[1]/R	-1.430
ap_rst_n	grp_run_fu_161/grp_runController_fu_106/grp_runQueryTile_fu_142/runQueryBlock_0_U0/grp_reciprocalColumns_fu_201/grp_p_anonymous_namespace_begin_reciprocal_fu_97/ap_return_1_preg_reg[12]/R	-1.430
ap_rst_n	grp_run_fu_161/grp_runController_fu_106/grp_runQueryTile_fu_142/runQueryBlock_0_U0/grp_reciprocalColumns_fu_201/grp_p_anonymous_namespace_begin_reciprocal_fu_97/ap_return_1_preg_reg[13]/R	-1.430
ap_rst_n	grp_run_fu_161/grp_runController_fu_106/grp_runQueryTile_fu_142/runQueryBlock_0_U0/grp_reciprocalColumns_fu_201/grp_p_anonymous_namespace_begin_reciprocal_fu_97/ap_return_1_preg_reg[2]/R	-1.430
ap_rst_n	grp_run_fu_161/grp_runController_fu_106/grp_runQueryTile_fu_142/runQueryBlock_0_U0/grp_reciprocalColumns_fu_201/grp_p_anonymous_namespace_begin_reciprocal_fu_97/ap_return_1_preg_reg[3]/R	-1.430
m_axi_q_gmem_RDATA[10]	q_gmem_m_axi_U/bus_read/rs_rdata/data_p1_reg[10]/D	-1.430
m_axi_q_gmem_RVALID	q_gmem_m_axi_U/bus_read/rs_rdata/state_reg[1]/D	-1.430
m_axi_q_gmem_RDATA[40]	q_gmem_m_axi_U/bus_read/rs_rdata/data_p1_reg[40]/D	-1.430
ap_rst_n	grp_run_fu_161/grp_runController_fu_106/grp_runQueryTile_fu_142/kv0_U/mOutPtr_reg[1]/R	-1.429
ap_rst_n	grp_run_fu_161/grp_runController_fu_106/grp_runQueryTile_fu_142/kv1_U/mOutPtr_reg[0]/R	-1.429
ap_rst_n	grp_run_fu_161/grp_runController_fu_106/grp_runQueryTile_fu_142/kv1_U/mOutPtr_reg[1]/R	-1.429
ap_rst_n	k_gmem_m_axi_U/load_unit_0/buff_rdata/mOutPtr_reg[6]/R	-1.429
ap_rst_n	k_gmem_m_axi_U/load_unit_0/buff_rdata/mOutPtr_reg[7]/R	-1.429
ap_rst_n	grp_run_fu_161/grp_runController_fu_106/grp_runQueryTile_fu_142/runQueryBlock_0_U0/grp_reciprocalColumns_fu_201/grp_p_anonymous_namespace_begin_reciprocal_fu_97/ap_CS_fsm_reg[0]/S	-1.429
m_axi_q_gmem_RDATA[12]	q_gmem_m_axi_U/bus_read/rs_rdata/data_p1_reg[12]/D	-1.429
ap_rst_n	grp_run_fu_161/grp_runController_fu_106/grp_runQueryTile_fu_142/runQueryBlock_0_U0/grp_reciprocalColumns_fu_201/ap_return_1_preg_reg[26]/R	-1.429
m_axi_k_gmem_RVALID	k_gmem_m_axi_U/bus_read/rs_rdata/FSM_sequential_state_reg[1]/D	-1.429
m_axi_q_gmem_RDATA[21]	q_gmem_m_axi_U/bus_read/rs_rdata/data_p1_reg[21]/D	-1.429
ap_rst_n	grp_run_fu_161/grp_runController_fu_106/grp_runQueryTile_fu_142/kv0_U/addr_reg[0]/R	-1.428
ap_rst_n	grp_run_fu_161/grp_runController_fu_106/grp_runQueryTile_fu_142/kv0_U/addr_reg[1]/R	-1.428
ap_rst_n	grp_run_fu_161/grp_runController_fu_106/grp_runQueryTile_fu_142/kv0_U/addr_reg[2]/R	-1.428
ap_rst_n	grp_run_fu_161/grp_runController_fu_106/grp_runQueryTile_fu_142/kv1_U/empty_n_reg/R	-1.428
ap_rst_n	grp_run_fu_161/grp_runController_fu_106/grp_runQueryTile_fu_142/kv1_U/full_n_reg/S	-1.428
ap_rst_n	grp_run_fu_161/grp_runController_fu_106/grp_runQueryTile_fu_142/kv1_U/mOutPtr_reg[2]/R	-1.428
ap_rst_n	grp_run_fu_161/grp_runController_fu_106/grp_runQueryTile_fu_142/kv1_U/mOutPtr_reg[3]/R	-1.428
ap_rst_n	grp_run_fu_161/grp_runController_fu_106/grp_runQueryTile_fu_142/q1_U/mOutPtr_reg[1]/R	-1.428
ap_rst_n	grp_run_fu_161/grp_runController_fu_106/grp_runQueryTile_fu_142/runQueryBlock_0_U0/grp_reciprocalColumns_fu_201/grp_p_anonymous_namespace_begin_reciprocal_fu_97/ap_return_1_preg_reg[0]/R	-1.428
ap_rst_n	grp_run_fu_161/grp_runController_fu_106/grp_runQueryTile_fu_142/runQueryBlock_0_U0/grp_reciprocalColumns_fu_201/grp_p_anonymous_namespace_begin_reciprocal_fu_97/ap_return_1_preg_reg[10]/R	-1.428
ap_rst_n	grp_run_fu_161/grp_runController_fu_106/grp_runQueryTile_fu_142/runQueryBlock_0_U0/grp_reciprocalColumns_fu_201/grp_p_anonymous_namespace_begin_reciprocal_fu_97/ap_return_1_preg_reg[14]/R	-1.428
ap_rst_n	grp_run_fu_161/grp_runController_fu_106/grp_runQueryTile_fu_142/runQueryBlock_0_U0/grp_reciprocalColumns_fu_201/grp_p_anonymous_namespace_begin_reciprocal_fu_97/ap_return_1_preg_reg[20]/R	-1.428
ap_rst_n	grp_run_fu_161/grp_runController_fu_106/grp_runQueryTile_fu_142/runQueryBlock_0_U0/grp_reciprocalColumns_fu_201/grp_p_anonymous_namespace_begin_reciprocal_fu_97/ap_return_1_preg_reg[21]/R	-1.428
ap_rst_n	grp_run_fu_161/grp_runController_fu_106/grp_runQueryTile_fu_142/runQueryBlock_0_U0/grp_reciprocalColumns_fu_201/grp_p_anonymous_namespace_begin_reciprocal_fu_97/ap_return_1_preg_reg[6]/R	-1.428
ap_rst_n	grp_run_fu_161/grp_runController_fu_106/grp_runQueryTile_fu_142/runQueryBlock_0_U0/grp_reciprocalColumns_fu_201/grp_p_anonymous_namespace_begin_reciprocal_fu_97/ap_return_1_preg_reg[8]/R	-1.428
ap_rst_n	grp_run_fu_161/grp_runController_fu_106/grp_runQueryTile_fu_142/runQueryBlock_0_U0/grp_reciprocalColumns_fu_201/grp_p_anonymous_namespace_begin_reciprocal_fu_97/ap_return_1_preg_reg[9]/R	-1.428
ap_rst_n	grp_run_fu_161/grp_runController_fu_106/grp_runQueryTile_fu_142/runQueryBlock_0_U0/grp_reciprocalColumns_fu_201/grp_p_anonymous_namespace_begin_reciprocal_fu_97/ap_return_3_preg_reg[6]/R	-1.428
ap_rst_n	grp_run_fu_161/grp_runController_fu_106/grp_runQueryTile_fu_142/runQueryBlock_0_U0/grp_reciprocalColumns_fu_201/grp_p_anonymous_namespace_begin_reciprocal_fu_97/ap_return_3_preg_reg[7]/R	-1.428
ap_rst_n	k_gmem_m_axi_U/load_unit_0/buff_rdata/mOutPtr_reg[0]/R	-1.428
ap_rst_n	k_gmem_m_axi_U/load_unit_0/buff_rdata/mOutPtr_reg[10]/R	-1.428
ap_rst_n	k_gmem_m_axi_U/load_unit_0/buff_rdata/mOutPtr_reg[1]/R	-1.428
ap_rst_n	k_gmem_m_axi_U/load_unit_0/buff_rdata/mOutPtr_reg[8]/R	-1.428
ap_rst_n	k_gmem_m_axi_U/load_unit_0/buff_rdata/mOutPtr_reg[9]/R	-1.428
m_axi_q_gmem_RDATA[18]	q_gmem_m_axi_U/bus_read/rs_rdata/data_p1_reg[18]/D	-1.428
m_axi_q_gmem_RDATA[37]	q_gmem_m_axi_U/bus_read/rs_rdata/data_p1_reg[37]/D	-1.428
m_axi_q_gmem_RDATA[4]	q_gmem_m_axi_U/bus_read/rs_rdata/data_p1_reg[4]/D	-1.428
m_axi_q_gmem_RDATA[11]	q_gmem_m_axi_U/bus_read/rs_rdata/data_p1_reg[11]/D	-1.428
ap_rst_n	grp_run_fu_161/grp_runController_fu_106/grp_runQueryTile_fu_142/runQueryBlock_0_U0/grp_runQueryBlock_0_Outline_VITIS_LOOP_117_5_fu_168/ap_CS_fsm_reg[25]/R	-1.427
ap_rst_n	k_gmem_m_axi_U/load_unit_0/buff_rdata/empty_n_reg/R	-1.427
ap_rst_n	k_gmem_m_axi_U/load_unit_0/buff_rdata/mOutPtr_reg[2]/R	-1.427
ap_rst_n	k_gmem_m_axi_U/load_unit_0/buff_rdata/mOutPtr_reg[3]/R	-1.427
ap_rst_n	k_gmem_m_axi_U/load_unit_0/buff_rdata/mOutPtr_reg[4]/R	-1.427
ap_rst_n	k_gmem_m_axi_U/load_unit_0/buff_rdata/mOutPtr_reg[5]/R	-1.427
ap_rst_n	grp_run_fu_161/grp_runController_fu_106/grp_runQueryTile_fu_142/kv0_U/mOutPtr_reg[0]/R	-1.427
ap_rst_n	grp_run_fu_161/grp_runController_fu_106/grp_runQueryTile_fu_142/runQueryBlock_0_U0/grp_reciprocalColumns_fu_201/ap_return_0_preg_reg[2]/R	-1.427
ap_rst_n	grp_run_fu_161/grp_runController_fu_106/grp_runQueryTile_fu_142/runQueryBlock_0_U0/grp_reciprocalColumns_fu_201/ap_return_0_preg_reg[3]/R	-1.427
m_axi_q_gmem_RDATA[0]	q_gmem_m_axi_U/bus_read/rs_rdata/data_p1_reg[0]/D	-1.427
m_axi_q_gmem_RDATA[28]	q_gmem_m_axi_U/bus_read/rs_rdata/data_p1_reg[28]/D	-1.427
m_axi_q_gmem_RDATA[63]	q_gmem_m_axi_U/bus_read/rs_rdata/data_p1_reg[63]/D	-1.427
m_axi_q_gmem_RDATA[2]	q_gmem_m_axi_U/bus_read/rs_rdata/data_p1_reg[2]/D	-1.426
ap_rst_n	grp_run_fu_161/grp_runController_fu_106/grp_runQueryTile_fu_142/runQueryBlock_0_U0/grp_reciprocalColumns_fu_201/ap_CS_fsm_reg[0]/S	-1.426
ap_rst_n	grp_run_fu_161/grp_runController_fu_106/grp_runQueryTile_fu_142/runQueryBlock_0_U0/grp_reciprocalColumns_fu_201/ap_return_0_preg_reg[0]/R	-1.426
ap_rst_n	grp_run_fu_161/grp_runController_fu_106/grp_runQueryTile_fu_142/runQueryBlock_0_U0/grp_reciprocalColumns_fu_201/ap_return_0_preg_reg[1]/R	-1.426
ap_rst_n	grp_run_fu_161/grp_runController_fu_106/grp_runQueryTile_fu_142/runQueryBlock_0_U0/grp_reciprocalColumns_fu_201/ap_return_0_preg_reg[6]/R	-1.426
ap_rst_n	grp_run_fu_161/grp_runController_fu_106/grp_runQueryTile_fu_142/runQueryBlock_0_U0/grp_reciprocalColumns_fu_201/ap_return_0_preg_reg[7]/R	-1.426
ap_rst_n	grp_run_fu_161/grp_runController_fu_106/grp_runQueryTile_fu_142/runQueryBlock_0_U0/grp_reciprocalColumns_fu_201/grp_p_anonymous_namespace_begin_reciprocal_fu_97/ap_return_3_preg_reg[0]/R	-1.426
ap_rst_n	grp_run_fu_161/grp_runController_fu_106/grp_runQueryTile_fu_142/runQueryBlock_0_U0/grp_reciprocalColumns_fu_201/grp_p_anonymous_namespace_begin_reciprocal_fu_97/ap_return_3_preg_reg[1]/R	-1.426
ap_rst_n	grp_run_fu_161/grp_runController_fu_106/grp_runQueryTile_fu_142/runQueryBlock_0_U0/grp_reciprocalColumns_fu_201/grp_p_anonymous_namespace_begin_reciprocal_fu_97/ap_return_3_preg_reg[2]/R	-1.426
ap_rst_n	grp_run_fu_161/grp_runController_fu_106/grp_runQueryTile_fu_142/runQueryBlock_0_U0/grp_reciprocalColumns_fu_201/grp_p_anonymous_namespace_begin_reciprocal_fu_97/ap_return_3_preg_reg[3]/R	-1.426
m_axi_q_gmem_RDATA[19]	q_gmem_m_axi_U/bus_read/rs_rdata/data_p1_reg[19]/D	-1.426
ap_rst_n	grp_run_fu_161/grp_runController_fu_106/grp_runQueryTile_fu_142/runQueryBlock_0_U0/grp_reciprocalColumns_fu_201/ap_return_1_preg_reg[22]/R	-1.425
ap_rst_n	grp_run_fu_161/grp_runController_fu_106/grp_runQueryTile_fu_142/runQueryBlock_0_U0/grp_reciprocalColumns_fu_201/ap_return_1_preg_reg[25]/R	-1.425
ap_rst_n	grp_run_fu_161/grp_runController_fu_106/grp_runQueryTile_fu_142/runQueryBlock_0_U0/grp_reciprocalColumns_fu_201/ap_return_1_preg_reg[27]/R	-1.425
ap_rst_n	grp_run_fu_161/grp_runController_fu_106/grp_runQueryTile_fu_142/runQueryBlock_0_U0/grp_reciprocalColumns_fu_201/ap_return_1_preg_reg[30]/R	-1.425
ap_rst_n	grp_run_fu_161/grp_runController_fu_106/grp_runQueryTile_fu_142/kv1_U/addr_reg[0]/R	-1.425
ap_rst_n	grp_run_fu_161/grp_runController_fu_106/grp_runQueryTile_fu_142/kv1_U/addr_reg[1]/R	-1.425
ap_rst_n	grp_run_fu_161/grp_runController_fu_106/grp_runQueryTile_fu_142/kv1_U/addr_reg[2]/R	-1.425
ap_rst_n	grp_run_fu_161/grp_runController_fu_106/grp_runQueryTile_fu_142/runQueryBlock_0_U0/grp_reciprocalColumns_fu_201/grp_p_anonymous_namespace_begin_reciprocal_fu_97/ap_return_6_preg_reg[22]/R	-1.425
ap_rst_n	grp_run_fu_161/grp_runController_fu_106/grp_runQueryTile_fu_142/runQueryBlock_0_U0/grp_reciprocalColumns_fu_201/grp_p_anonymous_namespace_begin_reciprocal_fu_97/ap_return_6_preg_reg[30]/R	-1.425
ap_rst_n	grp_run_fu_161/grp_runController_fu_106/grp_runQueryTile_fu_142/runQueryBlock_0_U0/grp_reciprocalColumns_fu_201/grp_p_anonymous_namespace_begin_reciprocal_fu_97/ap_return_6_preg_reg[31]/R	-1.425
m_axi_q_gmem_RDATA[31]	q_gmem_m_axi_U/bus_read/rs_rdata/data_p1_reg[31]/D	-1.425
m_axi_q_gmem_RDATA[5]	q_gmem_m_axi_U/bus_read/rs_rdata/data_p1_reg[5]/D	-1.425
m_axi_q_gmem_RDATA[13]	q_gmem_m_axi_U/bus_read/rs_rdata/data_p1_reg[13]/D	-1.425
ap_rst_n	k_gmem_m_axi_U/bus_read/fifo_burst/full_n_reg/D	-1.424
ap_rst_n	grp_run_fu_161/grp_runController_fu_106/grp_runQueryTile_fu_142/runQueryBlock_0_U0/grp_reciprocalColumns_fu_201/ap_return_0_preg_reg[22]/R	-1.424
ap_rst_n	grp_run_fu_161/grp_runController_fu_106/grp_runQueryTile_fu_142/runQueryBlock_0_U0/grp_reciprocalColumns_fu_201/ap_return_0_preg_reg[23]/R	-1.424
m_axi_q_gmem_RDATA[27]	q_gmem_m_axi_U/bus_read/rs_rdata/data_p1_reg[27]/D	-1.424
m_axi_q_gmem_RDATA[25]	q_gmem_m_axi_U/bus_read/rs_rdata/data_p1_reg[25]/D	-1.424
m_axi_q_gmem_RDATA[29]	q_gmem_m_axi_U/bus_read/rs_rdata/data_p1_reg[29]/D	-1.424
ap_rst_n	o_gmem_m_axi_U/store_unit_0/buff_wdata/waddr_reg[2]/R	-1.423
ap_rst_n	o_gmem_m_axi_U/store_unit_0/buff_wdata/waddr_reg[3]/R	-1.423
ap_rst_n	v_gmem_m_axi_U/load_unit_0/buff_rdata/mOutPtr_reg[2]/R	-1.423
ap_rst_n	v_gmem_m_axi_U/load_unit_0/buff_rdata/mOutPtr_reg[3]/R	-1.423
ap_rst_n	v_gmem_m_axi_U/load_unit_0/buff_rdata/mOutPtr_reg[4]/R	-1.423
ap_rst_n	v_gmem_m_axi_U/load_unit_0/buff_rdata/mOutPtr_reg[5]/R	-1.423
m_axi_q_gmem_RDATA[15]	q_gmem_m_axi_U/bus_read/rs_rdata/data_p1_reg[15]/D	-1.423
ap_rst_n	grp_run_fu_161/grp_runController_fu_106/grp_runQueryTile_fu_142/runQueryBlock_0_U0/grp_reciprocalColumns_fu_201/grp_p_anonymous_namespace_begin_reciprocal_fu_97/ap_return_1_preg_reg[22]/R	-1.422
ap_rst_n	grp_run_fu_161/grp_runController_fu_106/grp_runQueryTile_fu_142/runQueryBlock_0_U0/grp_reciprocalColumns_fu_201/grp_p_anonymous_namespace_begin_reciprocal_fu_97/ap_return_1_preg_reg[5]/R	-1.422
ap_rst_n	grp_run_fu_161/grp_runController_fu_106/grp_runQueryTile_fu_142/kv0_U/empty_n_reg/R	-1.422
ap_rst_n	grp_run_fu_161/grp_runController_fu_106/grp_runQueryTile_fu_142/kv0_U/full_n_reg/S	-1.422
ap_rst_n	grp_run_fu_161/grp_runController_fu_106/grp_runQueryTile_fu_142/kv0_U/mOutPtr_reg[2]/R	-1.422
ap_rst_n	grp_run_fu_161/grp_runController_fu_106/grp_runQueryTile_fu_142/kv0_U/mOutPtr_reg[3]/R	-1.422
ap_rst_n	v_gmem_m_axi_U/load_unit_0/buff_rdata/mOutPtr_reg[0]/R	-1.422
ap_rst_n	v_gmem_m_axi_U/load_unit_0/buff_rdata/mOutPtr_reg[1]/R	-1.422
ap_rst_n	v_gmem_m_axi_U/load_unit_0/buff_rdata/mOutPtr_reg[8]/R	-1.422
ap_rst_n	grp_run_fu_161/grp_runController_fu_106/grp_runQueryTile_fu_142/runQueryBlock_0_U0/grp_reciprocalColumns_fu_201/ap_return_0_preg_reg[28]/R	-1.421
ap_rst_n	k_gmem_m_axi_U/bus_read/fifo_burst/mOutPtr_reg[0]/R	-1.421
ap_rst_n	k_gmem_m_axi_U/bus_read/fifo_burst/mOutPtr_reg[1]/R	-1.421
ap_rst_n	k_gmem_m_axi_U/bus_read/fifo_burst/mOutPtr_reg[2]/R	-1.421
ap_rst_n	k_gmem_m_axi_U/bus_read/fifo_burst/mOutPtr_reg[3]/R	-1.421
ap_rst_n	k_gmem_m_axi_U/bus_read/fifo_burst/mOutPtr_reg[4]/R	-1.421
ap_rst_n	v_gmem_m_axi_U/load_unit_0/buff_rdata/mOutPtr_reg[6]/R	-1.421
ap_rst_n	v_gmem_m_axi_U/load_unit_0/buff_rdata/mOutPtr_reg[7]/R	-1.421
ap_rst_n	grp_run_fu_161/grp_runController_fu_106/grp_runQueryTile_fu_142/q0_U/mOutPtr_reg[0]/R	-1.420
ap_rst_n	grp_run_fu_161/grp_runController_fu_106/grp_runQueryTile_fu_142/q0_U/mOutPtr_reg[1]/R	-1.420
ap_rst_n	v_gmem_m_axi_U/load_unit_0/buff_rdata/dout_vld_reg/R	-1.420
ap_rst_n	k_gmem_m_axi_U/bus_read/rs_rdata/FSM_sequential_state_reg[1]/R	-1.420
ap_rst_n	k_gmem_m_axi_U/bus_read/rs_rdata/s_ready_t_reg/R	-1.420
ap_rst_n	k_gmem_m_axi_U/bus_read/rs_rdata/state_reg[0]/R	-1.420
ap_rst_n	k_gmem_m_axi_U/bus_read/rs_rdata/state_reg[1]/S	-1.420
m_axi_v_gmem_RVALID	v_gmem_m_axi_U/bus_read/rs_rdata/FSM_sequential_state_reg[1]/D	-1.419
ap_rst_n	k_gmem_m_axi_U/load_unit_0/buff_rdata/raddr_reg[1]/R	-1.419
ap_rst_n	k_gmem_m_axi_U/load_unit_0/buff_rdata/raddr_reg[2]/R	-1.419
ap_rst_n	k_gmem_m_axi_U/load_unit_0/buff_rdata/raddr_reg[3]/R	-1.419
ap_rst_n	k_gmem_m_axi_U/load_unit_0/buff_rdata/raddr_reg[4]/R	-1.419
ap_rst_n	k_gmem_m_axi_U/load_unit_0/buff_rdata/raddr_reg[0]/R	-1.419
ap_rst_n	k_gmem_m_axi_U/load_unit_0/buff_rdata/raddr_reg[6]/R	-1.419
ap_rst_n	k_gmem_m_axi_U/load_unit_0/buff_rdata/raddr_reg[7]/R	-1.419
ap_rst_n	k_gmem_m_axi_U/load_unit_0/buff_rdata/raddr_reg[8]/R	-1.419
ap_rst_n	k_gmem_m_axi_U/load_unit_0/buff_rdata/raddr_reg[9]/R	-1.419
ap_rst_n	k_gmem_m_axi_U/load_unit_0/buff_rdata/raddr_reg[5]/R	-1.418
ap_rst_n	o_gmem_m_axi_U/store_unit_0/buff_wdata/waddr_reg[0]/R	-1.418
ap_rst_n	o_gmem_m_axi_U/store_unit_0/buff_wdata/waddr_reg[1]/R	-1.418
ap_rst_n	o_gmem_m_axi_U/store_unit_0/buff_wdata/waddr_reg[4]/R	-1.418
ap_rst_n	o_gmem_m_axi_U/store_unit_0/buff_wdata/waddr_reg[5]/R	-1.418
ap_rst_n	grp_run_fu_161/grp_runController_fu_106/grp_runQueryTile_fu_142/runQueryBlock_0_U0/grp_reciprocalColumns_fu_201/ap_return_0_preg_reg[26]/R	-1.418
ap_rst_n	grp_run_fu_161/grp_runController_fu_106/grp_runQueryTile_fu_142/runQueryBlock_0_U0/grp_reciprocalColumns_fu_201/ap_return_0_preg_reg[29]/R	-1.418
ap_rst_n	grp_run_fu_161/grp_runController_fu_106/grp_runQueryTile_fu_142/runQueryBlock_0_U0/grp_reciprocalColumns_fu_201/ap_return_0_preg_reg[30]/R	-1.418
ap_rst_n	grp_run_fu_161/grp_runController_fu_106/grp_runQueryTile_fu_142/runQueryBlock_0_U0/grp_reciprocalColumns_fu_201/ap_return_0_preg_reg[31]/R	-1.418
ap_rst_n	o_gmem_m_axi_U/store_unit_0/buff_wdata/full_n_reg/D	-1.418
ap_rst_n	k_gmem_m_axi_U/bus_read/fifo_burst/dout_vld_reg/R	-1.417
ap_rst_n	v_gmem_m_axi_U/bus_read/rs_rdata/FSM_sequential_state_reg[0]/R	-1.416
ap_rst_n	grp_run_fu_161/grp_runController_fu_106/grp_runQueryTile_fu_142/q0_U/addr_reg[0]/R	-1.416
ap_rst_n	grp_run_fu_161/grp_runController_fu_106/grp_runQueryTile_fu_142/q0_U/addr_reg[1]/R	-1.416
ap_rst_n	grp_run_fu_161/grp_runController_fu_106/grp_runQueryTile_fu_142/q0_U/addr_reg[2]/R	-1.416
ap_rst_n	k_gmem_m_axi_U/bus_read/fifo_burst/empty_n_reg/R	-1.416
ap_rst_n	v_gmem_m_axi_U/bus_read/rs_rdata/FSM_sequential_state_reg[1]/R	-1.415
ap_rst_n	v_gmem_m_axi_U/bus_read/rs_rdata/s_ready_t_reg/R	-1.415
ap_rst_n	v_gmem_m_axi_U/bus_read/rs_rdata/state_reg[0]/R	-1.415
ap_rst_n	v_gmem_m_axi_U/bus_read/rs_rdata/state_reg[1]/S	-1.415
ap_rst_n	grp_run_fu_161/grp_runController_fu_106/grp_runQueryTile_fu_142/q0_U/empty_n_reg/R	-1.415
ap_rst_n	grp_run_fu_161/grp_runController_fu_106/grp_runQueryTile_fu_142/q0_U/full_n_reg/S	-1.415
ap_rst_n	grp_run_fu_161/grp_runController_fu_106/grp_runQueryTile_fu_142/q0_U/mOutPtr_reg[2]/R	-1.415
ap_rst_n	grp_run_fu_161/grp_runController_fu_106/grp_runQueryTile_fu_142/q0_U/mOutPtr_reg[3]/R	-1.415
ap_rst_n	k_gmem_m_axi_U/bus_read/rs_rdata/FSM_sequential_state_reg[0]/R	-1.415
ap_rst_n	k_gmem_m_axi_U/load_unit_0/buff_rdata/dout_vld_reg/R	-1.415
ap_rst_n	v_gmem_m_axi_U/load_unit_0/buff_rdata/empty_n_reg/R	-1.414
ap_rst_n	grp_run_fu_161/grp_runController_fu_106/grp_runQueryTile_fu_142/runQueryBlock_0_U0/ap_CS_fsm_reg[7]_rep__0/R	-1.413
ap_rst_n	grp_run_fu_161/grp_runController_fu_106/grp_runQueryTile_fu_142/runQueryBlock_0_U0/grp_reciprocalColumns_fu_201/ap_return_0_preg_reg[24]/R	-1.413
ap_rst_n	grp_run_fu_161/grp_runController_fu_106/grp_runQueryTile_fu_142/runQueryBlock_0_U0/grp_reciprocalColumns_fu_201/ap_return_0_preg_reg[25]/R	-1.413
ap_rst_n	grp_run_fu_161/grp_runController_fu_106/grp_runQueryTile_fu_142/runQueryBlock_0_U0/grp_reciprocalColumns_fu_201/ap_return_0_preg_reg[27]/R	-1.413
ap_rst_n	q_gmem_m_axi_U/load_unit_0/buff_rdata/mOutPtr_reg[0]/R	-1.413
ap_rst_n	q_gmem_m_axi_U/load_unit_0/buff_rdata/mOutPtr_reg[1]/R	-1.413
ap_rst_n	v_gmem_m_axi_U/load_unit_0/buff_rdata/mOutPtr_reg[10]/R	-1.413
ap_rst_n	v_gmem_m_axi_U/load_unit_0/buff_rdata/mOutPtr_reg[9]/R	-1.413
m_axi_q_gmem_RVALID	q_gmem_m_axi_U/bus_read/rs_rdata/FSM_sequential_state_reg[1]/D	-1.412
ap_rst_n	v_gmem_m_axi_U/bus_read/fifo_burst/U_fifo_srl/dout_reg[0]/R	-1.412
ap_rst_n	grp_run_fu_161/grp_runController_fu_106/grp_runQueryTile_fu_142/runQueryBlock_0_U0/grp_runQueryBlock_0_Outline_VITIS_LOOP_117_5_fu_168/grp_runQueryBlock_0_Pipeline_VITIS_LOOP_109_1_VITIS_LOOP_110_2_fu_588/ap_enable_reg_pp0_iter1_reg/D	-1.412
ap_rst_n	v_gmem_m_axi_U/bus_read/fifo_burst/mOutPtr_reg[0]/R	-1.411
ap_rst_n	v_gmem_m_axi_U/bus_read/fifo_burst/mOutPtr_reg[1]/R	-1.411
ap_rst_n	v_gmem_m_axi_U/bus_read/fifo_burst/raddr_reg[0]/R	-1.411
ap_rst_n	v_gmem_m_axi_U/bus_read/fifo_burst/raddr_reg[1]/R	-1.411
ap_rst_n	v_gmem_m_axi_U/bus_read/fifo_burst/raddr_reg[2]/R	-1.411
ap_rst_n	v_gmem_m_axi_U/bus_read/fifo_burst/raddr_reg[3]/R	-1.411
ap_rst_n	q_gmem_m_axi_U/load_unit_0/buff_rdata/mOutPtr_reg[8]/R	-1.411
ap_rst_n	q_gmem_m_axi_U/bus_read/rs_rdata/FSM_sequential_state_reg[0]/R	-1.410
ap_rst_n	q_gmem_m_axi_U/load_unit_0/buff_rdata/empty_n_reg/R	-1.410
ap_rst_n	grp_run_fu_161/grp_runController_fu_106/grp_runQueryTile_fu_142/runQueryBlock_0_U0/ap_CS_fsm_reg[1]/R	-1.410
ap_rst_n	v_gmem_m_axi_U/bus_read/fifo_burst/mOutPtr_reg[2]/R	-1.410
ap_rst_n	v_gmem_m_axi_U/bus_read/fifo_burst/mOutPtr_reg[3]/R	-1.410
ap_rst_n	v_gmem_m_axi_U/bus_read/fifo_burst/mOutPtr_reg[4]/R	-1.410
ap_rst_n	grp_run_fu_161/grp_runController_fu_106/grp_runQueryTile_fu_142/runQueryBlock_0_U0/grp_runQueryBlock_0_Outline_VITIS_LOOP_117_5_fu_168/grp_runQueryBlock_0_Pipeline_VITIS_LOOP_190_12_fu_639/ap_enable_reg_pp0_iter1_reg/D	-1.409
ap_rst_n	grp_run_fu_161/grp_runController_fu_106/grp_runQueryTile_fu_142/runQueryBlock_0_U0/ap_CS_fsm_reg[6]/R	-1.408
ap_rst_n	grp_run_fu_161/grp_runController_fu_106/grp_runQueryTile_fu_142/runQueryBlock_0_U0/ap_CS_fsm_reg[7]/R	-1.408
ap_rst_n	grp_run_fu_161/grp_runController_fu_106/grp_runQueryTile_fu_142/runQueryBlock_0_U0/ap_CS_fsm_reg[7]_rep/R	-1.408
ap_rst_n	grp_run_fu_161/grp_runController_fu_106/grp_runQueryTile_fu_142/runQueryBlock_0_U0/ap_CS_fsm_reg[8]/R	-1.408
ap_rst_n	grp_run_fu_161/grp_runController_fu_106/grp_runQueryTile_fu_142/runQueryBlock_0_U0/grp_runQueryBlock_0_Pipeline_VITIS_LOOP_451_40_fu_207_ap_start_reg_reg/R	-1.408
ap_rst_n	q_gmem_m_axi_U/bus_read/rs_rdata/FSM_sequential_state_reg[1]/R	-1.408
ap_rst_n	q_gmem_m_axi_U/bus_read/rs_rdata/s_ready_t_reg/R	-1.408
ap_rst_n	q_gmem_m_axi_U/bus_read/rs_rdata/state_reg[0]/R	-1.408
ap_rst_n	q_gmem_m_axi_U/bus_read/rs_rdata/state_reg[1]/S	-1.408
ap_rst_n	q_gmem_m_axi_U/load_unit_0/buff_rdata/dout_vld_reg/R	-1.408
ap_rst_n	grp_run_fu_161/grp_runController_fu_106/grp_runQueryTile_fu_142/runQueryBlock_0_U0/grp_runQueryBlock_0_Pipeline_VITIS_LOOP_451_40_fu_207/ap_enable_reg_pp0_iter2_reg/R	-1.408
ap_rst_n	grp_run_fu_161/grp_runController_fu_106/grp_runQueryTile_fu_142/runQueryBlock_0_U0/grp_runQueryBlock_0_Pipeline_VITIS_LOOP_451_40_fu_207/ap_enable_reg_pp0_iter3_reg/R	-1.408
ap_rst_n	grp_run_fu_161/grp_runController_fu_106/grp_runQueryTile_fu_142/runQueryBlock_0_U0/grp_runQueryBlock_0_Pipeline_VITIS_LOOP_451_40_fu_207/ap_enable_reg_pp0_iter4_reg/R	-1.408
ap_rst_n	grp_run_fu_161/grp_runController_fu_106/grp_runQueryTile_fu_142/runQueryBlock_0_U0/grp_runQueryBlock_0_Pipeline_VITIS_LOOP_451_40_fu_207/ap_enable_reg_pp0_iter5_reg/R	-1.408
ap_rst_n	grp_run_fu_161/grp_runController_fu_106/grp_runQueryTile_fu_142/runQueryBlock_0_U0/grp_runQueryBlock_0_Pipeline_VITIS_LOOP_451_40_fu_207/ap_enable_reg_pp0_iter6_reg/R	-1.408
ap_rst_n	grp_run_fu_161/grp_runController_fu_106/grp_runQueryTile_fu_142/runQueryBlock_0_U0/grp_runQueryBlock_0_Pipeline_VITIS_LOOP_451_40_fu_207/ap_enable_reg_pp0_iter7_reg/R	-1.408
ap_rst_n	grp_run_fu_161/grp_runController_fu_106/grp_runQueryTile_fu_142/runQueryBlock_0_U0/grp_runQueryBlock_0_Pipeline_VITIS_LOOP_451_40_fu_207/grp_runAccumulatorColumns_fu_118_ap_start_reg_reg/R	-1.408
ap_rst_n	q_gmem_m_axi_U/bus_read/fifo_burst/U_fifo_srl/dout_reg[0]/R	-1.408
ap_rst_n	q_gmem_m_axi_U/load_unit_0/buff_rdata/mOutPtr_reg[2]/R	-1.408
ap_rst_n	q_gmem_m_axi_U/load_unit_0/buff_rdata/mOutPtr_reg[3]/R	-1.408
ap_rst_n	q_gmem_m_axi_U/load_unit_0/buff_rdata/mOutPtr_reg[4]/R	-1.408
ap_rst_n	q_gmem_m_axi_U/load_unit_0/buff_rdata/mOutPtr_reg[5]/R	-1.408
ap_rst_n	v_gmem_m_axi_U/bus_read/fifo_burst/dout_vld_reg/R	-1.408
ap_rst_n	q_gmem_m_axi_U/load_unit_0/buff_rdata/mOutPtr_reg[10]/R	-1.407
ap_rst_n	q_gmem_m_axi_U/load_unit_0/buff_rdata/mOutPtr_reg[9]/R	-1.407
ap_rst_n	q_gmem_m_axi_U/bus_read/fifo_burst/dout_vld_reg/R	-1.406
ap_rst_n	q_gmem_m_axi_U/load_unit_0/buff_rdata/mOutPtr_reg[6]/R	-1.406
ap_rst_n	q_gmem_m_axi_U/load_unit_0/buff_rdata/mOutPtr_reg[7]/R	-1.406
ap_rst_n	q_gmem_m_axi_U/bus_read/fifo_burst/empty_n_reg/R	-1.405
ap_rst_n	q_gmem_m_axi_U/load_unit_0/buff_rdata/raddr_reg[0]/R	-1.405
ap_rst_n	q_gmem_m_axi_U/load_unit_0/buff_rdata/raddr_reg[1]/R	-1.405
ap_rst_n	q_gmem_m_axi_U/load_unit_0/buff_rdata/raddr_reg[6]/R	-1.405
ap_rst_n	q_gmem_m_axi_U/load_unit_0/buff_rdata/raddr_reg[7]/R	-1.405
ap_rst_n	q_gmem_m_axi_U/load_unit_0/buff_rdata/raddr_reg[8]/R	-1.405
ap_rst_n	v_gmem_m_axi_U/bus_read/fifo_burst/full_n_reg/D	-1.405
ap_rst_n	grp_run_fu_161/grp_runController_fu_106/grp_runQueryTile_fu_142/runQueryBlock_0_U0/grp_runQueryBlock_0_Pipeline_2_fu_156_ap_start_reg_reg/R	-1.405
ap_rst_n	grp_run_fu_161/grp_runController_fu_106/grp_runQueryTile_fu_142/runQueryBlock_0_U0/grp_runQueryBlock_0_Pipeline_VITIS_LOOP_90_1_VITIS_LOOP_91_2_fu_142_ap_start_reg_reg/R	-1.405
ap_rst_n	q_gmem_m_axi_U/load_unit_0/buff_rdata/raddr_reg[5]/R	-1.405
ap_rst_n	grp_run_fu_161/grp_runController_fu_106/grp_runQueryTile_fu_142/runQueryBlock_1_U0/grp_runQueryBlock_1_Outline_VITIS_LOOP_117_5_fu_172/grp_runQueryBlock_1_Pipeline_4_fu_546_ap_start_reg_reg/R	-1.404
ap_rst_n	q_gmem_m_axi_U/bus_read/fifo_burst/mOutPtr_reg[0]/R	-1.404
ap_rst_n	q_gmem_m_axi_U/bus_read/fifo_burst/mOutPtr_reg[1]/R	-1.404
ap_rst_n	q_gmem_m_axi_U/bus_read/fifo_burst/mOutPtr_reg[2]/R	-1.404
ap_rst_n	q_gmem_m_axi_U/bus_read/fifo_burst/mOutPtr_reg[3]/R	-1.404
ap_rst_n	q_gmem_m_axi_U/bus_read/fifo_burst/mOutPtr_reg[4]/R	-1.404
ap_rst_n	grp_run_fu_161/grp_runController_fu_106/grp_runQueryTile_fu_142/runQueryBlock_0_U0/grp_runQueryBlock_0_Pipeline_VITIS_LOOP_451_40_fu_207/ap_enable_reg_pp0_iter8_reg/R	-1.403
ap_rst_n	grp_run_fu_161/grp_runController_fu_106/grp_runQueryTile_fu_142/runQueryBlock_0_U0/ap_CS_fsm_reg[2]/R	-1.402
ap_rst_n	grp_run_fu_161/grp_runController_fu_106/grp_runQueryTile_fu_142/runQueryBlock_0_U0/ap_CS_fsm_reg[3]/R	-1.402
ap_rst_n	q_gmem_m_axi_U/load_unit_0/buff_rdata/raddr_reg[2]/R	-1.402
ap_rst_n	q_gmem_m_axi_U/load_unit_0/buff_rdata/raddr_reg[4]/R	-1.402
ap_rst_n	q_gmem_m_axi_U/load_unit_0/buff_rdata/raddr_reg[9]/R	-1.402
ap_rst_n	v_gmem_m_axi_U/bus_read/fifo_burst/empty_n_reg/R	-1.402
ap_rst_n	v_gmem_m_axi_U/load_unit_0/buff_rdata/raddr_reg[2]/R	-1.402
ap_rst_n	v_gmem_m_axi_U/load_unit_0/buff_rdata/raddr_reg[4]/R	-1.402
ap_rst_n	v_gmem_m_axi_U/load_unit_0/buff_rdata/raddr_reg[9]/R	-1.402
ap_rst_n	grp_run_fu_161/grp_runController_fu_106/grp_runQueryTile_fu_142/output0_U/mOutPtr_reg[0]/R	-1.401
ap_rst_n	grp_run_fu_161/grp_runController_fu_106/grp_runQueryTile_fu_142/output0_U/mOutPtr_reg[1]/R	-1.401
ap_rst_n	v_gmem_m_axi_U/load_unit_0/buff_rdata/raddr_reg[0]/R	-1.401
ap_rst_n	v_gmem_m_axi_U/load_unit_0/buff_rdata/raddr_reg[1]/R	-1.401
ap_rst_n	v_gmem_m_axi_U/load_unit_0/buff_rdata/raddr_reg[6]/R	-1.401
ap_rst_n	v_gmem_m_axi_U/load_unit_0/buff_rdata/raddr_reg[7]/R	-1.401
ap_rst_n	v_gmem_m_axi_U/load_unit_0/buff_rdata/raddr_reg[8]/R	-1.401
ap_rst_n	q_gmem_m_axi_U/bus_read/fifo_burst/raddr_reg[0]/R	-1.401
ap_rst_n	q_gmem_m_axi_U/bus_read/fifo_burst/raddr_reg[1]/R	-1.401
ap_rst_n	q_gmem_m_axi_U/bus_read/fifo_burst/raddr_reg[2]/R	-1.401
ap_rst_n	q_gmem_m_axi_U/bus_read/fifo_burst/raddr_reg[3]/R	-1.401
ap_rst_n	q_gmem_m_axi_U/load_unit_0/buff_rdata/raddr_reg[3]/R	-1.401
ap_rst_n	grp_run_fu_161/grp_runController_fu_106/grp_runQueryTile_fu_142/output0_U/empty_n_reg/R	-1.400
ap_rst_n	grp_run_fu_161/grp_runController_fu_106/grp_runQueryTile_fu_142/output0_U/full_n_reg/S	-1.400
ap_rst_n	grp_run_fu_161/grp_runController_fu_106/grp_runQueryTile_fu_142/output0_U/mOutPtr_reg[2]/R	-1.400
ap_rst_n	grp_run_fu_161/grp_runController_fu_106/grp_runQueryTile_fu_142/output0_U/mOutPtr_reg[3]/R	-1.400
ap_rst_n	k_gmem_m_axi_U/load_unit_0/buff_rdata/waddr_reg[0]/R	-1.400
ap_rst_n	k_gmem_m_axi_U/load_unit_0/buff_rdata/waddr_reg[6]/R	-1.400
ap_rst_n	k_gmem_m_axi_U/load_unit_0/buff_rdata/waddr_reg[8]/R	-1.400
ap_rst_n	k_gmem_m_axi_U/load_unit_0/buff_rdata/waddr_reg[9]/R	-1.400
ap_rst_n	v_gmem_m_axi_U/load_unit_0/buff_rdata/raddr_reg[3]/R	-1.400
ap_rst_n	v_gmem_m_axi_U/load_unit_0/buff_rdata/raddr_reg[5]/R	-1.400
ap_rst_n	k_gmem_m_axi_U/load_unit_0/buff_rdata/waddr_reg[1]/R	-1.399
ap_rst_n	k_gmem_m_axi_U/load_unit_0/buff_rdata/waddr_reg[2]/R	-1.399
ap_rst_n	q_gmem_m_axi_U/bus_read/fifo_burst/full_n_reg/D	-1.397
ap_rst_n	v_gmem_m_axi_U/load_unit_0/buff_rdata/waddr_reg[4]/R	-1.397
ap_rst_n	v_gmem_m_axi_U/load_unit_0/buff_rdata/waddr_reg[5]/R	-1.397
ap_rst_n	grp_run_fu_161/grp_runController_fu_106/grp_runQueryTile_fu_142/output0_U/addr_reg[0]/R	-1.396
ap_rst_n	grp_run_fu_161/grp_runController_fu_106/grp_runQueryTile_fu_142/output0_U/addr_reg[1]/R	-1.396
ap_rst_n	grp_run_fu_161/grp_runController_fu_106/grp_runQueryTile_fu_142/output0_U/addr_reg[2]/R	-1.396
ap_rst_n	grp_run_fu_161/grp_runController_fu_106/grp_runQueryTile_fu_142/runQueryBlock_1_U0/grp_runQueryBlock_1_Outline_VITIS_LOOP_117_5_fu_172/ap_CS_fsm_reg[2]/R	-1.396
ap_rst_n	grp_run_fu_161/grp_runController_fu_106/grp_runQueryTile_fu_142/runQueryBlock_1_U0/grp_runQueryBlock_1_Outline_VITIS_LOOP_117_5_fu_172/ap_CS_fsm_reg[3]/R	-1.396
ap_rst_n	grp_run_fu_161/grp_runController_fu_106/grp_runQueryTile_fu_142/runQueryBlock_1_U0/grp_runQueryBlock_1_Outline_VITIS_LOOP_117_5_fu_172/grp_runQueryBlock_1_Pipeline_VITIS_LOOP_144_6_VITIS_LOOP_145_7_fu_550_ap_start_reg_reg/R	-1.396
ap_rst_n	k_gmem_m_axi_U/load_unit_0/buff_rdata/waddr_reg[3]/R	-1.395
ap_rst_n	k_gmem_m_axi_U/load_unit_0/buff_rdata/waddr_reg[4]/R	-1.395
ap_rst_n	k_gmem_m_axi_U/load_unit_0/buff_rdata/waddr_reg[5]/R	-1.395
ap_rst_n	k_gmem_m_axi_U/load_unit_0/buff_rdata/waddr_reg[7]/R	-1.395
ap_rst_n	v_gmem_m_axi_U/load_unit_0/buff_rdata/waddr_reg[6]/R	-1.394
ap_rst_n	v_gmem_m_axi_U/load_unit_0/buff_rdata/waddr_reg[7]/R	-1.394
ap_rst_n	v_gmem_m_axi_U/load_unit_0/buff_rdata/waddr_reg[8]/R	-1.394
ap_rst_n	grp_run_fu_161/grp_runController_fu_106/grp_runQueryTile_fu_142/runQueryBlock_0_U0/grp_runQueryBlock_0_Pipeline_13_fu_162_ap_start_reg_reg/R	-1.394
ap_rst_n	k_gmem_m_axi_U/load_unit_0/buff_rdata/full_n_reg/D	-1.391
ap_rst_n	v_gmem_m_axi_U/load_unit_0/buff_rdata/full_n_reg/D	-1.390
ap_rst_n	grp_run_fu_161/grp_runController_fu_106/grp_runQueryTile_fu_142/runQueryBlock_0_U0/ap_CS_fsm_reg[9]/R	-1.389
ap_rst_n	grp_run_fu_161/grp_runController_fu_106/grp_runQueryTile_fu_142/runQueryBlock_0_U0/grp_runQueryBlock_0_Pipeline_VITIS_LOOP_474_43_VITIS_LOOP_475_44_fu_221_ap_start_reg_reg/R	-1.389
ap_rst_n	q_gmem_m_axi_U/load_unit_0/buff_rdata/waddr_reg[0]/R	-1.389
ap_rst_n	q_gmem_m_axi_U/load_unit_0/buff_rdata/waddr_reg[6]/R	-1.389
ap_rst_n	q_gmem_m_axi_U/load_unit_0/buff_rdata/waddr_reg[7]/R	-1.389
ap_rst_n	v_gmem_m_axi_U/load_unit_0/buff_rdata/waddr_reg[0]/R	-1.389
ap_rst_n	v_gmem_m_axi_U/load_unit_0/buff_rdata/waddr_reg[1]/R	-1.389
ap_rst_n	v_gmem_m_axi_U/load_unit_0/buff_rdata/waddr_reg[2]/R	-1.389
ap_rst_n	v_gmem_m_axi_U/load_unit_0/buff_rdata/waddr_reg[3]/R	-1.389
ap_rst_n	v_gmem_m_axi_U/load_unit_0/buff_rdata/waddr_reg[9]/R	-1.389
ap_rst_n	q_gmem_m_axi_U/load_unit_0/buff_rdata/waddr_reg[1]/R	-1.385
ap_rst_n	q_gmem_m_axi_U/load_unit_0/buff_rdata/waddr_reg[2]/R	-1.385
ap_rst_n	q_gmem_m_axi_U/load_unit_0/buff_rdata/waddr_reg[3]/R	-1.385
ap_rst_n	q_gmem_m_axi_U/load_unit_0/buff_rdata/waddr_reg[4]/R	-1.385
ap_rst_n	q_gmem_m_axi_U/load_unit_0/buff_rdata/waddr_reg[5]/R	-1.385
ap_rst_n	q_gmem_m_axi_U/load_unit_0/buff_rdata/waddr_reg[8]/R	-1.384
ap_rst_n	q_gmem_m_axi_U/load_unit_0/buff_rdata/waddr_reg[9]/R	-1.384
ap_rst_n	q_gmem_m_axi_U/load_unit_0/buff_rdata/full_n_reg/D	-1.377
ap_rst_n	grp_run_fu_161/grp_runController_fu_106/grp_runQueryTile_fu_142/runQueryBlock_1_U0/grp_runAccumulatorColumns_fu_551/ap_enable_reg_pp0_iter2_reg/R	-1.373
ap_rst_n	grp_run_fu_161/grp_runController_fu_106/grp_runQueryTile_fu_142/runQueryBlock_1_U0/grp_runAccumulatorColumns_fu_551/ap_enable_reg_pp0_iter3_reg/R	-1.373
ap_rst_n	grp_run_fu_161/grp_runController_fu_106/grp_runQueryTile_fu_142/runQueryBlock_1_U0/grp_runAccumulatorColumns_fu_551/ap_enable_reg_pp0_iter4_reg/R	-1.373
ap_rst_n	grp_run_fu_161/grp_runController_fu_106/grp_runQueryTile_fu_142/runQueryBlock_1_U0/grp_runAccumulatorColumns_fu_551/ap_enable_reg_pp0_iter5_reg/R	-1.373
ap_rst_n	grp_run_fu_161/grp_runController_fu_106/grp_runQueryTile_fu_142/runQueryBlock_1_U0/ap_CS_fsm_reg[4]/R	-1.372
ap_rst_n	grp_run_fu_161/grp_runController_fu_106/grp_runQueryTile_fu_142/runQueryBlock_1_U0/ap_CS_fsm_reg[7]_rep__0/R	-1.372
ap_rst_n	grp_run_fu_161/grp_runController_fu_106/grp_runQueryTile_fu_142/runQueryBlock_1_U0/grp_runAccumulatorColumns_fu_551/ap_enable_reg_pp0_iter1_reg/R	-1.372
ap_rst_n	grp_run_fu_161/grp_runController_fu_106/grp_runQueryTile_fu_142/runQueryBlock_1_U0/grp_reciprocalColumns_fu_205/ap_return_1_preg_reg[0]/R	-1.369
ap_rst_n	grp_run_fu_161/grp_runController_fu_106/grp_runQueryTile_fu_142/runQueryBlock_1_U0/grp_reciprocalColumns_fu_205/ap_return_1_preg_reg[10]/R	-1.369
ap_rst_n	grp_run_fu_161/grp_runController_fu_106/grp_runQueryTile_fu_142/runQueryBlock_1_U0/grp_reciprocalColumns_fu_205/ap_return_1_preg_reg[12]/R	-1.369
ap_rst_n	grp_run_fu_161/grp_runController_fu_106/grp_runQueryTile_fu_142/runQueryBlock_1_U0/grp_reciprocalColumns_fu_205/ap_return_1_preg_reg[13]/R	-1.369
ap_rst_n	grp_run_fu_161/grp_runController_fu_106/grp_runQueryTile_fu_142/runQueryBlock_1_U0/grp_reciprocalColumns_fu_205/ap_return_1_preg_reg[14]/R	-1.369
ap_rst_n	grp_run_fu_161/grp_runController_fu_106/grp_runQueryTile_fu_142/runQueryBlock_1_U0/grp_reciprocalColumns_fu_205/ap_return_1_preg_reg[15]/R	-1.369
ap_rst_n	grp_run_fu_161/grp_runController_fu_106/grp_runQueryTile_fu_142/runQueryBlock_1_U0/grp_reciprocalColumns_fu_205/ap_return_1_preg_reg[16]/R	-1.369
ap_rst_n	grp_run_fu_161/grp_runController_fu_106/grp_runQueryTile_fu_142/runQueryBlock_1_U0/grp_reciprocalColumns_fu_205/ap_return_1_preg_reg[9]/R	-1.369
ap_rst_n	grp_run_fu_161/grp_runController_fu_106/grp_runQueryTile_fu_142/runQueryBlock_1_U0/grp_reciprocalColumns_fu_205/ap_return_1_preg_reg[4]/R	-1.368
ap_rst_n	grp_run_fu_161/grp_runController_fu_106/grp_runQueryTile_fu_142/runQueryBlock_1_U0/grp_reciprocalColumns_fu_205/ap_return_1_preg_reg[5]/R	-1.368
ap_rst_n	grp_run_fu_161/grp_runController_fu_106/grp_runQueryTile_fu_142/runQueryBlock_1_U0/grp_reciprocalColumns_fu_205/ap_return_1_preg_reg[8]/R	-1.368
ap_rst_n	grp_run_fu_161/grp_runController_fu_106/grp_runQueryTile_fu_142/runQueryBlock_1_U0/grp_reciprocalColumns_fu_205/ap_return_1_preg_reg[18]/R	-1.366
ap_rst_n	grp_run_fu_161/grp_runController_fu_106/grp_runQueryTile_fu_142/runQueryBlock_1_U0/grp_reciprocalColumns_fu_205/ap_return_1_preg_reg[23]/R	-1.366
ap_rst_n	grp_run_fu_161/grp_runController_fu_106/grp_runQueryTile_fu_142/runQueryBlock_1_U0/grp_reciprocalColumns_fu_205/ap_return_1_preg_reg[24]/R	-1.366
ap_rst_n	grp_run_fu_161/grp_runController_fu_106/grp_runQueryTile_fu_142/runQueryBlock_1_U0/grp_reciprocalColumns_fu_205/ap_return_1_preg_reg[27]/R	-1.366
ap_rst_n	grp_run_fu_161/grp_runController_fu_106/grp_runQueryTile_fu_142/runQueryBlock_1_U0/grp_reciprocalColumns_fu_205/ap_return_1_preg_reg[11]/R	-1.365
ap_rst_n	grp_run_fu_161/grp_runController_fu_106/grp_runQueryTile_fu_142/runQueryBlock_1_U0/grp_reciprocalColumns_fu_205/ap_return_1_preg_reg[19]/R	-1.365
ap_rst_n	grp_run_fu_161/grp_runController_fu_106/grp_runQueryTile_fu_142/runQueryBlock_1_U0/grp_reciprocalColumns_fu_205/ap_return_1_preg_reg[1]/R	-1.365
ap_rst_n	grp_run_fu_161/grp_runController_fu_106/grp_runQueryTile_fu_142/runQueryBlock_1_U0/grp_reciprocalColumns_fu_205/ap_return_1_preg_reg[20]/R	-1.365
ap_rst_n	grp_run_fu_161/grp_runController_fu_106/grp_runQueryTile_fu_142/runQueryBlock_1_U0/grp_reciprocalColumns_fu_205/ap_return_1_preg_reg[21]/R	-1.365
ap_rst_n	grp_run_fu_161/grp_runController_fu_106/grp_runQueryTile_fu_142/runQueryBlock_1_U0/grp_reciprocalColumns_fu_205/ap_return_1_preg_reg[22]/R	-1.365
ap_rst_n	grp_run_fu_161/grp_runController_fu_106/grp_runQueryTile_fu_142/runQueryBlock_1_U0/grp_reciprocalColumns_fu_205/ap_return_1_preg_reg[26]/R	-1.365
ap_rst_n	grp_run_fu_161/grp_runController_fu_106/grp_runQueryTile_fu_142/runQueryBlock_1_U0/grp_reciprocalColumns_fu_205/ap_return_1_preg_reg[28]/R	-1.365
ap_rst_n	grp_run_fu_161/grp_runController_fu_106/grp_runQueryTile_fu_142/runQueryBlock_1_U0/grp_reciprocalColumns_fu_205/ap_return_1_preg_reg[29]/R	-1.365
ap_rst_n	grp_run_fu_161/grp_runController_fu_106/grp_runQueryTile_fu_142/runQueryBlock_1_U0/grp_reciprocalColumns_fu_205/ap_return_1_preg_reg[2]/R	-1.365
ap_rst_n	grp_run_fu_161/grp_runController_fu_106/grp_runQueryTile_fu_142/runQueryBlock_1_U0/grp_reciprocalColumns_fu_205/ap_return_1_preg_reg[7]/R	-1.365
ap_rst_n	grp_run_fu_161/grp_runController_fu_106/grp_runQueryTile_fu_142/runQueryBlock_0_U0/grp_runQueryBlock_0_Pipeline_VITIS_LOOP_474_43_VITIS_LOOP_475_44_fu_221/ap_enable_reg_pp0_iter1_reg/D	-1.364
ap_rst_n	grp_run_fu_161/grp_runController_fu_106/grp_runQueryTile_fu_142/runQueryBlock_1_U0/grp_runQueryBlock_1_Pipeline_VITIS_LOOP_451_40_fu_211/ap_enable_reg_pp0_iter1_reg/D	-1.362
ap_rst_n	grp_run_fu_161/grp_runController_fu_106/grp_runQueryTile_fu_142/runQueryBlock_1_U0/grp_reciprocalColumns_fu_205/ap_return_0_preg_reg[10]/R	-1.360
ap_rst_n	grp_run_fu_161/grp_runController_fu_106/grp_runQueryTile_fu_142/runQueryBlock_1_U0/grp_reciprocalColumns_fu_205/ap_return_0_preg_reg[11]/R	-1.360
ap_rst_n	grp_run_fu_161/grp_runController_fu_106/grp_runQueryTile_fu_142/runQueryBlock_1_U0/grp_reciprocalColumns_fu_205/ap_return_0_preg_reg[12]/R	-1.360
ap_rst_n	grp_run_fu_161/grp_runController_fu_106/grp_runQueryTile_fu_142/runQueryBlock_1_U0/grp_reciprocalColumns_fu_205/ap_return_0_preg_reg[13]/R	-1.360
ap_rst_n	grp_run_fu_161/grp_runController_fu_106/grp_runQueryTile_fu_142/runQueryBlock_1_U0/grp_reciprocalColumns_fu_205/ap_return_0_preg_reg[14]/R	-1.360
ap_rst_n	grp_run_fu_161/grp_runController_fu_106/grp_runQueryTile_fu_142/runQueryBlock_1_U0/grp_reciprocalColumns_fu_205/ap_return_0_preg_reg[15]/R	-1.360
ap_rst_n	grp_run_fu_161/grp_runController_fu_106/grp_runQueryTile_fu_142/runQueryBlock_1_U0/grp_reciprocalColumns_fu_205/ap_return_0_preg_reg[8]/R	-1.360
ap_rst_n	grp_run_fu_161/grp_runController_fu_106/grp_runQueryTile_fu_142/runQueryBlock_1_U0/grp_reciprocalColumns_fu_205/ap_return_0_preg_reg[9]/R	-1.360
ap_rst_n	grp_run_fu_161/grp_runController_fu_106/grp_runQueryTile_fu_142/runQueryBlock_1_U0/grp_reciprocalColumns_fu_205/ap_return_0_preg_reg[30]/R	-1.353
ap_rst_n	grp_run_fu_161/grp_runController_fu_106/grp_runQueryTile_fu_142/runQueryBlock_1_U0/grp_reciprocalColumns_fu_205/ap_return_0_preg_reg[31]/R	-1.353
ap_rst_n	grp_run_fu_161/grp_runController_fu_106/grp_runQueryTile_fu_142/runQueryBlock_1_U0/grp_runQueryBlock_1_Outline_VITIS_LOOP_117_5_fu_172/grp_runPeArray_fu_718/ap_enable_reg_pp0_iter1_reg/R	-1.353
ap_rst_n	grp_run_fu_161/grp_runController_fu_106/grp_runQueryTile_fu_142/runQueryBlock_1_U0/grp_reciprocalColumns_fu_205/grp_reciprocalColumns_Pipeline_VITIS_LOOP_369_13_fu_125/ap_enable_reg_pp0_iter1_reg/D	-1.348
ap_rst_n	grp_run_fu_161/grp_runController_fu_106/grp_runQueryTile_fu_142/runQueryBlock_1_U0/ap_CS_fsm_reg[6]/R	-1.347
ap_rst_n	grp_run_fu_161/grp_runController_fu_106/grp_runQueryTile_fu_142/runQueryBlock_1_U0/ap_CS_fsm_reg[7]/R	-1.347
ap_rst_n	grp_run_fu_161/grp_runController_fu_106/grp_runQueryTile_fu_142/runQueryBlock_1_U0/ap_CS_fsm_reg[7]_rep/R	-1.347
ap_rst_n	grp_run_fu_161/grp_runController_fu_106/grp_runQueryTile_fu_142/runQueryBlock_1_U0/ap_CS_fsm_reg[8]/R	-1.347
ap_rst_n	grp_run_fu_161/grp_runController_fu_106/grp_runQueryTile_fu_142/runQueryBlock_1_U0/grp_reciprocalColumns_fu_205/ap_return_1_preg_reg[17]/R	-1.347
ap_rst_n	grp_run_fu_161/grp_runController_fu_106/grp_runQueryTile_fu_142/runQueryBlock_1_U0/grp_reciprocalColumns_fu_205/ap_return_1_preg_reg[25]/R	-1.347
ap_rst_n	grp_run_fu_161/grp_runController_fu_106/grp_runQueryTile_fu_142/runQueryBlock_1_U0/grp_reciprocalColumns_fu_205/ap_return_1_preg_reg[30]/R	-1.347
ap_rst_n	grp_run_fu_161/grp_runController_fu_106/grp_runQueryTile_fu_142/runQueryBlock_1_U0/grp_reciprocalColumns_fu_205/ap_return_1_preg_reg[31]/R	-1.347
ap_rst_n	grp_run_fu_161/grp_runController_fu_106/grp_runQueryTile_fu_142/runQueryBlock_1_U0/grp_reciprocalColumns_fu_205/ap_return_1_preg_reg[6]/R	-1.347
ap_rst_n	grp_run_fu_161/grp_runController_fu_106/grp_runQueryTile_fu_142/runQueryBlock_1_U0/grp_runQueryBlock_1_Outline_VITIS_LOOP_117_5_fu_172/grp_runQueryBlock_1_Pipeline_VITIS_LOOP_300_25_fu_772/ap_enable_reg_pp0_iter5_reg/D	-1.347
ap_rst_n	grp_run_fu_161/grp_runController_fu_106/grp_runQueryTile_fu_142/runQueryBlock_1_U0/grp_runQueryBlock_1_Pipeline_VITIS_LOOP_451_40_fu_211_ap_start_reg_reg/R	-1.347
ap_rst_n	grp_run_fu_161/grp_runController_fu_106/grp_runQueryTile_fu_142/runQueryBlock_1_U0/grp_reciprocalColumns_fu_205/ap_return_0_preg_reg[16]/R	-1.346
ap_rst_n	grp_run_fu_161/grp_runController_fu_106/grp_runQueryTile_fu_142/runQueryBlock_1_U0/grp_reciprocalColumns_fu_205/ap_return_0_preg_reg[17]/R	-1.346
ap_rst_n	grp_run_fu_161/grp_runController_fu_106/grp_runQueryTile_fu_142/runQueryBlock_1_U0/grp_reciprocalColumns_fu_205/ap_return_0_preg_reg[18]/R	-1.346
ap_rst_n	grp_run_fu_161/grp_runController_fu_106/grp_runQueryTile_fu_142/runQueryBlock_1_U0/grp_reciprocalColumns_fu_205/ap_return_0_preg_reg[19]/R	-1.346
ap_rst_n	grp_run_fu_161/grp_runController_fu_106/grp_runQueryTile_fu_142/runQueryBlock_1_U0/grp_reciprocalColumns_fu_205/ap_return_0_preg_reg[22]/R	-1.346
ap_rst_n	grp_run_fu_161/grp_runController_fu_106/grp_runQueryTile_fu_142/runQueryBlock_1_U0/grp_reciprocalColumns_fu_205/ap_return_0_preg_reg[23]/R	-1.346
ap_rst_n	grp_run_fu_161/grp_runController_fu_106/grp_runQueryTile_fu_142/runQueryBlock_1_U0/grp_reciprocalColumns_fu_205/ap_return_0_preg_reg[26]/R	-1.346
ap_rst_n	grp_run_fu_161/grp_runController_fu_106/grp_runQueryTile_fu_142/runQueryBlock_1_U0/grp_reciprocalColumns_fu_205/ap_return_0_preg_reg[27]/R	-1.346
ap_rst_n	grp_run_fu_161/grp_runController_fu_106/grp_runQueryTile_fu_142/runQueryBlock_1_U0/grp_reciprocalColumns_fu_205/ap_CS_fsm_reg[3]/R	-1.342
ap_rst_n	grp_run_fu_161/grp_runController_fu_106/grp_runQueryTile_fu_142/runQueryBlock_1_U0/grp_reciprocalColumns_fu_205/ap_CS_fsm_reg[4]/R	-1.342
ap_rst_n	grp_run_fu_161/grp_runController_fu_106/grp_runQueryTile_fu_142/runQueryBlock_1_U0/grp_reciprocalColumns_fu_205/grp_reciprocalColumns_Pipeline_VITIS_LOOP_369_1_fu_102/ap_enable_reg_pp0_iter1_reg/D	-1.342
ap_rst_n	grp_run_fu_161/grp_runController_fu_106/grp_runQueryTile_fu_142/runQueryBlock_1_U0/grp_reciprocalColumns_fu_205/grp_reciprocalColumns_Pipeline_VITIS_LOOP_369_1_fu_102_ap_start_reg_reg/R	-1.342
ap_rst_n	grp_run_fu_161/grp_runController_fu_106/grp_runQueryTile_fu_142/runQueryBlock_1_U0/grp_reciprocalColumns_fu_205/ap_return_0_preg_reg[0]/R	-1.341
ap_rst_n	grp_run_fu_161/grp_runController_fu_106/grp_runQueryTile_fu_142/runQueryBlock_1_U0/grp_reciprocalColumns_fu_205/ap_return_0_preg_reg[1]/R	-1.341
ap_rst_n	grp_run_fu_161/grp_runController_fu_106/grp_runQueryTile_fu_142/runQueryBlock_1_U0/grp_reciprocalColumns_fu_205/grp_p_anonymous_namespace_begin_reciprocal_fu_97/ap_return_3_preg_reg[4]/R	-1.341
ap_rst_n	grp_run_fu_161/grp_runController_fu_106/grp_runQueryTile_fu_142/runQueryBlock_1_U0/grp_reciprocalColumns_fu_205/grp_p_anonymous_namespace_begin_reciprocal_fu_97/ap_return_3_preg_reg[5]/R	-1.341
ap_rst_n	grp_run_fu_161/grp_runController_fu_106/grp_runQueryTile_fu_142/runQueryBlock_1_U0/grp_reciprocalColumns_fu_205/grp_p_anonymous_namespace_begin_reciprocal_fu_97/ap_return_0_preg_reg[24]/R	-1.341
ap_rst_n	grp_run_fu_161/grp_runController_fu_106/grp_runQueryTile_fu_142/runQueryBlock_1_U0/grp_reciprocalColumns_fu_205/grp_p_anonymous_namespace_begin_reciprocal_fu_97/ap_return_2_preg_reg[25]/R	-1.341
ap_rst_n	grp_run_fu_161/grp_runController_fu_106/grp_runQueryTile_fu_142/runQueryBlock_1_U0/grp_reciprocalColumns_fu_205/grp_p_anonymous_namespace_begin_reciprocal_fu_97/ap_return_4_preg_reg[0]/R	-1.341
ap_rst_n	grp_run_fu_161/grp_runController_fu_106/grp_runQueryTile_fu_142/runQueryBlock_1_U0/grp_reciprocalColumns_fu_205/grp_p_anonymous_namespace_begin_reciprocal_fu_97/ap_return_5_preg_reg[0]/R	-1.341
ap_rst_n	grp_run_fu_161/grp_runController_fu_106/grp_runQueryTile_fu_142/runQueryBlock_1_U0/grp_reciprocalColumns_fu_205/ap_return_1_preg_reg[3]/R	-1.341
ap_rst_n	grp_run_fu_161/grp_runController_fu_106/grp_runQueryTile_fu_142/runQueryBlock_1_U0/grp_reciprocalColumns_fu_205/grp_p_anonymous_namespace_begin_reciprocal_fu_97/ap_return_3_preg_reg[0]/R	-1.341
ap_rst_n	grp_run_fu_161/grp_runController_fu_106/grp_runQueryTile_fu_142/runQueryBlock_1_U0/grp_reciprocalColumns_fu_205/grp_p_anonymous_namespace_begin_reciprocal_fu_97/ap_return_3_preg_reg[1]/R	-1.341
ap_rst_n	grp_run_fu_161/grp_runController_fu_106/grp_runQueryTile_fu_142/runQueryBlock_1_U0/grp_reciprocalColumns_fu_205/grp_p_anonymous_namespace_begin_reciprocal_fu_97/ap_return_3_preg_reg[2]/R	-1.341
ap_rst_n	grp_run_fu_161/grp_runController_fu_106/grp_runQueryTile_fu_142/runQueryBlock_1_U0/grp_reciprocalColumns_fu_205/grp_p_anonymous_namespace_begin_reciprocal_fu_97/ap_return_3_preg_reg[3]/R	-1.341
ap_rst_n	grp_run_fu_161/grp_runController_fu_106/grp_runQueryTile_fu_142/runQueryBlock_1_U0/grp_reciprocalColumns_fu_205/grp_p_anonymous_namespace_begin_reciprocal_fu_97/ap_return_3_preg_reg[6]/R	-1.341
ap_rst_n	grp_run_fu_161/grp_runController_fu_106/grp_runQueryTile_fu_142/runQueryBlock_1_U0/grp_reciprocalColumns_fu_205/grp_p_anonymous_namespace_begin_reciprocal_fu_97/ap_return_3_preg_reg[7]/R	-1.341
ap_rst_n	grp_run_fu_161/grp_runController_fu_106/grp_runQueryTile_fu_142/runQueryBlock_1_U0/grp_reciprocalColumns_fu_205/ap_return_0_preg_reg[20]/R	-1.340
ap_rst_n	grp_run_fu_161/grp_runController_fu_106/grp_runQueryTile_fu_142/runQueryBlock_1_U0/grp_reciprocalColumns_fu_205/ap_return_0_preg_reg[21]/R	-1.340
ap_rst_n	grp_run_fu_161/grp_runController_fu_106/grp_runQueryTile_fu_142/runQueryBlock_1_U0/grp_reciprocalColumns_fu_205/ap_return_0_preg_reg[28]/R	-1.340
ap_rst_n	grp_run_fu_161/grp_runController_fu_106/grp_runQueryTile_fu_142/runQueryBlock_1_U0/grp_reciprocalColumns_fu_205/ap_return_0_preg_reg[29]/R	-1.340
ap_rst_n	grp_run_fu_161/grp_runController_fu_106/grp_runQueryTile_fu_142/runQueryBlock_1_U0/grp_reciprocalColumns_fu_205/grp_p_anonymous_namespace_begin_reciprocal_fu_97/ap_return_3_preg_reg[8]/R	-1.340
ap_rst_n	grp_run_fu_161/grp_runController_fu_106/grp_runQueryTile_fu_142/runQueryBlock_1_U0/grp_reciprocalColumns_fu_205/grp_p_anonymous_namespace_begin_reciprocal_fu_97/ap_return_3_preg_reg[9]/R	-1.340
ap_rst_n	grp_run_fu_161/grp_runController_fu_106/grp_runQueryTile_fu_142/runQueryBlock_1_U0/grp_reciprocalColumns_fu_205/grp_p_anonymous_namespace_begin_reciprocal_fu_97/ap_return_7_preg_reg[0]/R	-1.340
ap_rst_n	grp_run_fu_161/grp_runController_fu_106/grp_runQueryTile_fu_142/runQueryBlock_1_U0/grp_reciprocalColumns_fu_205/ap_return_0_preg_reg[2]/R	-1.339
ap_rst_n	grp_run_fu_161/grp_runController_fu_106/grp_runQueryTile_fu_142/runQueryBlock_1_U0/grp_reciprocalColumns_fu_205/ap_return_0_preg_reg[3]/R	-1.339
ap_rst_n	grp_run_fu_161/grp_runController_fu_106/grp_runQueryTile_fu_142/runQueryBlock_1_U0/grp_reciprocalColumns_fu_205/ap_CS_fsm_reg[2]/R	-1.338
ap_rst_n	grp_run_fu_161/grp_runController_fu_106/grp_runQueryTile_fu_142/runQueryBlock_1_U0/grp_reciprocalColumns_fu_205/ap_CS_fsm_reg[5]/R	-1.338
ap_rst_n	grp_run_fu_161/grp_runController_fu_106/grp_runQueryTile_fu_142/runQueryBlock_1_U0/grp_reciprocalColumns_fu_205/ap_CS_fsm_reg[8]/R	-1.338
ap_rst_n	grp_run_fu_161/grp_runController_fu_106/grp_runQueryTile_fu_142/runQueryBlock_1_U0/grp_reciprocalColumns_fu_205/ap_CS_fsm_reg[9]/R	-1.338
ap_rst_n	grp_run_fu_161/grp_runController_fu_106/grp_runQueryTile_fu_142/runQueryBlock_1_U0/grp_reciprocalColumns_fu_205/grp_reciprocalColumns_Pipeline_VITIS_LOOP_369_13_fu_125_ap_start_reg_reg/R	-1.338
ap_rst_n	grp_run_fu_161/grp_runController_fu_106/grp_runQueryTile_fu_142/runQueryBlock_1_U0/grp_reciprocalColumns_fu_205/ap_CS_fsm_reg[1]/R	-1.335
ap_rst_n	grp_run_fu_161/grp_runController_fu_106/grp_runQueryTile_fu_142/runQueryBlock_1_U0/grp_reciprocalColumns_fu_205/grp_p_anonymous_namespace_begin_reciprocal_fu_97/ap_CS_fsm_reg[1]/R	-1.335
ap_rst_n	grp_run_fu_161/grp_runController_fu_106/grp_runQueryTile_fu_142/runQueryBlock_1_U0/grp_reciprocalColumns_fu_205_ap_start_reg_reg/R	-1.335
ap_rst_n	grp_run_fu_161/grp_runController_fu_106/grp_runQueryTile_fu_142/runQueryBlock_1_U0/grp_reciprocalColumns_fu_205/ap_CS_fsm_reg[10]/R	-1.332
ap_rst_n	grp_run_fu_161/grp_runController_fu_106/grp_runQueryTile_fu_142/runQueryBlock_1_U0/grp_reciprocalColumns_fu_205/ap_CS_fsm_reg[6]/R	-1.332
ap_rst_n	grp_run_fu_161/grp_runController_fu_106/grp_runQueryTile_fu_142/runQueryBlock_1_U0/grp_reciprocalColumns_fu_205/ap_CS_fsm_reg[7]/R	-1.332
ap_rst_n	grp_run_fu_161/grp_runController_fu_106/grp_runQueryTile_fu_142/runQueryBlock_1_U0/grp_reciprocalColumns_fu_205/grp_p_anonymous_namespace_begin_reciprocal_fu_97/ap_CS_fsm_reg[0]/S	-1.332
ap_rst_n	grp_run_fu_161/grp_runController_fu_106/grp_runQueryTile_fu_142/runQueryBlock_1_U0/grp_reciprocalColumns_fu_205/grp_p_anonymous_namespace_begin_reciprocal_fu_97/ap_return_6_preg_reg[22]/R	-1.331
ap_rst_n	grp_run_fu_161/grp_runController_fu_106/grp_runQueryTile_fu_142/runQueryBlock_1_U0/grp_reciprocalColumns_fu_205/grp_p_anonymous_namespace_begin_reciprocal_fu_97/ap_return_6_preg_reg[30]/R	-1.331
ap_rst_n	grp_run_fu_161/grp_runController_fu_106/grp_runQueryTile_fu_142/runQueryBlock_1_U0/grp_reciprocalColumns_fu_205/grp_p_anonymous_namespace_begin_reciprocal_fu_97/ap_return_6_preg_reg[31]/R	-1.331
ap_rst_n	grp_run_fu_161/grp_runController_fu_106/grp_runQueryTile_fu_142/runQueryBlock_1_U0/grp_reciprocalColumns_fu_205/ap_CS_fsm_reg[0]/S	-1.330
ap_rst_n	grp_run_fu_161/grp_runController_fu_106/grp_runQueryTile_fu_142/runQueryBlock_1_U0/grp_reciprocalColumns_fu_205/grp_p_anonymous_namespace_begin_reciprocal_fu_97_ap_start_reg_reg/R	-1.330
ap_rst_n	grp_run_fu_161/grp_runController_fu_106/grp_runQueryTile_fu_142/runQueryBlock_1_U0/grp_reciprocalColumns_fu_205/grp_p_anonymous_namespace_begin_reciprocal_fu_97/ap_return_1_preg_reg[16]/R	-1.329
ap_rst_n	grp_run_fu_161/grp_runController_fu_106/grp_runQueryTile_fu_142/runQueryBlock_1_U0/grp_reciprocalColumns_fu_205/grp_p_anonymous_namespace_begin_reciprocal_fu_97/ap_return_1_preg_reg[17]/R	-1.329
ap_rst_n	grp_run_fu_161/grp_runController_fu_106/grp_runQueryTile_fu_142/runQueryBlock_1_U0/grp_reciprocalColumns_fu_205/grp_p_anonymous_namespace_begin_reciprocal_fu_97/ap_return_1_preg_reg[18]/R	-1.329
ap_rst_n	grp_run_fu_161/grp_runController_fu_106/grp_runQueryTile_fu_142/runQueryBlock_1_U0/grp_reciprocalColumns_fu_205/grp_p_anonymous_namespace_begin_reciprocal_fu_97/ap_return_1_preg_reg[1]/R	-1.329
ap_rst_n	grp_run_fu_161/grp_runController_fu_106/grp_runQueryTile_fu_142/runQueryBlock_1_U0/grp_reciprocalColumns_fu_205/grp_p_anonymous_namespace_begin_reciprocal_fu_97/ap_return_1_preg_reg[20]/R	-1.329
ap_rst_n	grp_run_fu_161/grp_runController_fu_106/grp_runQueryTile_fu_142/runQueryBlock_1_U0/grp_reciprocalColumns_fu_205/grp_p_anonymous_namespace_begin_reciprocal_fu_97/ap_return_1_preg_reg[21]/R	-1.329
ap_rst_n	grp_run_fu_161/grp_runController_fu_106/grp_runQueryTile_fu_142/runQueryBlock_1_U0/grp_reciprocalColumns_fu_205/grp_p_anonymous_namespace_begin_reciprocal_fu_97/ap_return_1_preg_reg[2]/R	-1.329
ap_rst_n	grp_run_fu_161/grp_runController_fu_106/grp_runQueryTile_fu_142/runQueryBlock_1_U0/grp_reciprocalColumns_fu_205/grp_p_anonymous_namespace_begin_reciprocal_fu_97/ap_return_1_preg_reg[3]/R	-1.329
ap_rst_n	grp_run_fu_161/grp_runController_fu_106/grp_runQueryTile_fu_142/runQueryBlock_1_U0/grp_reciprocalColumns_fu_205/grp_p_anonymous_namespace_begin_reciprocal_fu_97/ap_return_1_preg_reg[0]/R	-1.328
ap_rst_n	grp_run_fu_161/grp_runController_fu_106/grp_runQueryTile_fu_142/runQueryBlock_1_U0/grp_reciprocalColumns_fu_205/grp_p_anonymous_namespace_begin_reciprocal_fu_97/ap_return_1_preg_reg[10]/R	-1.328
ap_rst_n	grp_run_fu_161/grp_runController_fu_106/grp_runQueryTile_fu_142/runQueryBlock_1_U0/grp_reciprocalColumns_fu_205/grp_p_anonymous_namespace_begin_reciprocal_fu_97/ap_return_1_preg_reg[14]/R	-1.328
ap_rst_n	grp_run_fu_161/grp_runController_fu_106/grp_runQueryTile_fu_142/runQueryBlock_1_U0/grp_reciprocalColumns_fu_205/grp_p_anonymous_namespace_begin_reciprocal_fu_97/ap_return_1_preg_reg[9]/R	-1.328
ap_rst_n	grp_run_fu_161/grp_runController_fu_106/grp_runQueryTile_fu_142/output1_U/mOutPtr_reg[1]/R	-1.327
ap_rst_n	grp_run_fu_161/grp_runController_fu_106/grp_runQueryTile_fu_142/runQueryBlock_1_U0/grp_reciprocalColumns_fu_205/grp_p_anonymous_namespace_begin_reciprocal_fu_97/ap_return_1_preg_reg[4]/R	-1.327
ap_rst_n	grp_run_fu_161/grp_runController_fu_106/grp_runQueryTile_fu_142/runQueryBlock_1_U0/grp_reciprocalColumns_fu_205/grp_p_anonymous_namespace_begin_reciprocal_fu_97/ap_return_1_preg_reg[6]/R	-1.327
ap_rst_n	grp_run_fu_161/grp_runController_fu_106/grp_runQueryTile_fu_142/runQueryBlock_1_U0/grp_reciprocalColumns_fu_205/grp_p_anonymous_namespace_begin_reciprocal_fu_97/ap_return_1_preg_reg[8]/R	-1.327
ap_rst_n	grp_run_fu_161/grp_runController_fu_106/grp_runQueryTile_fu_142/output1_U/addr_reg[0]/R	-1.326
ap_rst_n	grp_run_fu_161/grp_runController_fu_106/grp_runQueryTile_fu_142/output1_U/addr_reg[1]/R	-1.326
ap_rst_n	grp_run_fu_161/grp_runController_fu_106/grp_runQueryTile_fu_142/output1_U/addr_reg[2]/R	-1.326
ap_rst_n	grp_run_fu_161/grp_runController_fu_106/grp_runQueryTile_fu_142/runQueryBlock_1_U0/grp_runQueryBlock_1_Pipeline_VITIS_LOOP_451_40_fu_211/grp_runAccumulatorColumns_fu_118_ap_start_reg_reg/R	-1.326
ap_rst_n	grp_run_fu_161/grp_runController_fu_106/grp_runQueryTile_fu_142/runQueryBlock_1_U0/grp_reciprocalColumns_fu_205/grp_p_anonymous_namespace_begin_reciprocal_fu_97/ap_return_1_preg_reg[22]/R	-1.326
ap_rst_n	grp_run_fu_161/grp_runController_fu_106/grp_runQueryTile_fu_142/runQueryBlock_1_U0/grp_runQueryBlock_1_Outline_VITIS_LOOP_117_5_fu_172/grp_runQueryBlock_1_Pipeline_VITIS_LOOP_369_33_fu_842/ap_enable_reg_pp0_iter9_reg_rep__0/R	-1.326
ap_rst_n	grp_run_fu_161/grp_runController_fu_106/grp_runQueryTile_fu_142/runQueryBlock_1_U0/grp_runQueryBlock_1_Outline_VITIS_LOOP_117_5_fu_172/grp_runPeArray_fu_718/ap_enable_reg_pp0_iter2_reg/R	-1.325
ap_rst_n	grp_run_fu_161/grp_runController_fu_106/grp_runQueryTile_fu_142/runQueryBlock_1_U0/grp_reciprocalColumns_fu_205/ap_return_0_preg_reg[24]/R	-1.324
ap_rst_n	grp_run_fu_161/grp_runController_fu_106/grp_runQueryTile_fu_142/runQueryBlock_1_U0/grp_reciprocalColumns_fu_205/ap_return_0_preg_reg[25]/R	-1.324
ap_rst_n	grp_run_fu_161/grp_runController_fu_106/grp_runQueryTile_fu_142/runQueryBlock_1_U0/grp_reciprocalColumns_fu_205/ap_return_0_preg_reg[4]/R	-1.324
ap_rst_n	grp_run_fu_161/grp_runController_fu_106/grp_runQueryTile_fu_142/runQueryBlock_1_U0/grp_reciprocalColumns_fu_205/ap_return_0_preg_reg[5]/R	-1.324
ap_rst_n	grp_run_fu_161/grp_runController_fu_106/grp_runQueryTile_fu_142/runQueryBlock_1_U0/grp_reciprocalColumns_fu_205/ap_return_0_preg_reg[6]/R	-1.324
ap_rst_n	grp_run_fu_161/grp_runController_fu_106/grp_runQueryTile_fu_142/runQueryBlock_1_U0/grp_reciprocalColumns_fu_205/ap_return_0_preg_reg[7]/R	-1.324
ap_rst_n	grp_run_fu_161/grp_runController_fu_106/grp_runQueryTile_fu_142/runQueryBlock_1_U0/grp_runQueryBlock_1_Pipeline_VITIS_LOOP_451_40_fu_211/ap_enable_reg_pp0_iter2_reg/R	-1.323
ap_rst_n	grp_run_fu_161/grp_runController_fu_106/grp_runQueryTile_fu_142/runQueryBlock_1_U0/grp_runQueryBlock_1_Pipeline_VITIS_LOOP_451_40_fu_211/ap_enable_reg_pp0_iter3_reg/R	-1.323
ap_rst_n	grp_run_fu_161/grp_runController_fu_106/grp_runQueryTile_fu_142/runQueryBlock_1_U0/grp_runQueryBlock_1_Pipeline_VITIS_LOOP_451_40_fu_211/ap_enable_reg_pp0_iter4_reg/R	-1.323
ap_rst_n	grp_run_fu_161/grp_runController_fu_106/grp_runQueryTile_fu_142/runQueryBlock_1_U0/grp_runQueryBlock_1_Pipeline_VITIS_LOOP_451_40_fu_211/ap_enable_reg_pp0_iter5_reg/R	-1.323
ap_rst_n	grp_run_fu_161/grp_runController_fu_106/grp_runQueryTile_fu_142/runQueryBlock_1_U0/grp_runQueryBlock_1_Pipeline_VITIS_LOOP_451_40_fu_211/ap_enable_reg_pp0_iter6_reg/R	-1.323
ap_rst_n	grp_run_fu_161/grp_runController_fu_106/grp_runQueryTile_fu_142/runQueryBlock_1_U0/grp_runQueryBlock_1_Pipeline_VITIS_LOOP_451_40_fu_211/ap_enable_reg_pp0_iter7_reg/R	-1.323
ap_rst_n	grp_run_fu_161/grp_runController_fu_106/grp_runQueryTile_fu_142/runQueryBlock_1_U0/grp_runQueryBlock_1_Pipeline_VITIS_LOOP_451_40_fu_211/ap_enable_reg_pp0_iter8_reg/R	-1.323
ap_rst_n	grp_run_fu_161/grp_runController_fu_106/grp_runQueryTile_fu_142/runQueryBlock_1_U0/grp_runQueryBlock_1_Outline_VITIS_LOOP_117_5_fu_172/grp_runQueryBlock_1_Pipeline_VITIS_LOOP_369_33_fu_842/ap_enable_reg_pp0_iter9_reg_rep__2/R	-1.323
ap_rst_n	grp_run_fu_161/grp_runController_fu_106/grp_runQueryTile_fu_142/output1_U/mOutPtr_reg[0]/R	-1.320
ap_rst_n	grp_run_fu_161/grp_runController_fu_106/grp_runQueryTile_fu_142/runQueryBlock_1_U0/grp_reciprocalColumns_fu_205/grp_p_anonymous_namespace_begin_reciprocal_fu_97/ap_return_1_preg_reg[12]/R	-1.319
ap_rst_n	grp_run_fu_161/grp_runController_fu_106/grp_runQueryTile_fu_142/runQueryBlock_1_U0/grp_reciprocalColumns_fu_205/grp_p_anonymous_namespace_begin_reciprocal_fu_97/ap_return_1_preg_reg[13]/R	-1.319
ap_rst_n	grp_run_fu_161/grp_runController_fu_106/grp_runQueryTile_fu_142/runQueryBlock_1_U0/grp_reciprocalColumns_fu_205/grp_p_anonymous_namespace_begin_reciprocal_fu_97/ap_return_1_preg_reg[15]/R	-1.319
ap_rst_n	grp_run_fu_161/grp_runController_fu_106/grp_runQueryTile_fu_142/runQueryBlock_1_U0/grp_reciprocalColumns_fu_205/grp_p_anonymous_namespace_begin_reciprocal_fu_97/ap_return_1_preg_reg[19]/R	-1.319
ap_rst_n	grp_run_fu_161/grp_runController_fu_106/grp_runQueryTile_fu_142/runQueryBlock_1_U0/ap_CS_fsm_reg[2]/R	-1.318
ap_rst_n	grp_run_fu_161/grp_runController_fu_106/grp_runQueryTile_fu_142/runQueryBlock_1_U0/ap_CS_fsm_reg[3]/R	-1.318
ap_rst_n	grp_run_fu_161/grp_runController_fu_106/grp_runQueryTile_fu_142/runQueryBlock_1_U0/grp_runQueryBlock_1_Pipeline_13_fu_166_ap_start_reg_reg/R	-1.318
ap_rst_n	grp_run_fu_161/grp_runController_fu_106/grp_runQueryTile_fu_142/runQueryBlock_1_U0/grp_runQueryBlock_1_Pipeline_2_fu_160_ap_start_reg_reg/R	-1.318
ap_rst_n	grp_run_fu_161/grp_runController_fu_106/grp_runQueryTile_fu_142/runQueryBlock_1_U0/grp_runQueryBlock_1_Pipeline_VITIS_LOOP_90_1_VITIS_LOOP_91_2_fu_146_ap_start_reg_reg/R	-1.318
ap_rst_n	grp_run_fu_161/grp_runController_fu_106/grp_runQueryTile_fu_142/runQueryBlock_1_U0/ap_CS_fsm_reg[9]/R	-1.317
ap_rst_n	grp_run_fu_161/grp_runController_fu_106/grp_runQueryTile_fu_142/runQueryBlock_1_U0/grp_runQueryBlock_1_Pipeline_VITIS_LOOP_474_43_VITIS_LOOP_475_44_fu_225_ap_start_reg_reg/R	-1.317
ap_rst_n	grp_run_fu_161/grp_runController_fu_106/grp_runQueryTile_fu_142/output1_U/empty_n_reg/R	-1.315
ap_rst_n	grp_run_fu_161/grp_runController_fu_106/grp_runQueryTile_fu_142/output1_U/full_n_reg/S	-1.315
ap_rst_n	grp_run_fu_161/grp_runController_fu_106/grp_runQueryTile_fu_142/output1_U/mOutPtr_reg[2]/R	-1.315
ap_rst_n	grp_run_fu_161/grp_runController_fu_106/grp_runQueryTile_fu_142/output1_U/mOutPtr_reg[3]/R	-1.315
ap_rst_n	grp_run_fu_161/grp_runController_fu_106/grp_runQueryTile_fu_142/runQueryBlock_1_U0/grp_reciprocalColumns_fu_205/grp_p_anonymous_namespace_begin_reciprocal_fu_97/ap_return_1_preg_reg[11]/R	-1.312
ap_rst_n	grp_run_fu_161/grp_runController_fu_106/grp_runQueryTile_fu_142/runQueryBlock_1_U0/grp_reciprocalColumns_fu_205/grp_p_anonymous_namespace_begin_reciprocal_fu_97/ap_return_1_preg_reg[23]/R	-1.312
ap_rst_n	grp_run_fu_161/grp_runController_fu_106/grp_runQueryTile_fu_142/runQueryBlock_1_U0/grp_reciprocalColumns_fu_205/grp_p_anonymous_namespace_begin_reciprocal_fu_97/ap_return_1_preg_reg[5]/R	-1.311
ap_rst_n	grp_run_fu_161/grp_runController_fu_106/grp_runQueryTile_fu_142/runQueryBlock_1_U0/grp_reciprocalColumns_fu_205/grp_p_anonymous_namespace_begin_reciprocal_fu_97/ap_return_1_preg_reg[7]/R	-1.311
ap_rst_n	grp_run_fu_161/grp_runController_fu_106/grp_runQueryTile_fu_142/runQueryBlock_1_U0/grp_runQueryBlock_1_Outline_VITIS_LOOP_117_5_fu_172/ap_CS_fsm_reg[18]/R	-1.310
ap_rst_n	grp_run_fu_161/grp_runController_fu_106/grp_runQueryTile_fu_142/runQueryBlock_1_U0/grp_runQueryBlock_1_Outline_VITIS_LOOP_117_5_fu_172/grp_runQueryBlock_1_Pipeline_VITIS_LOOP_369_33_fu_842/ap_enable_reg_pp0_iter9_reg/R	-1.310
ap_rst_n	grp_run_fu_161/grp_runController_fu_106/grp_runQueryTile_fu_142/runQueryBlock_1_U0/grp_runQueryBlock_1_Outline_VITIS_LOOP_117_5_fu_172/grp_runQueryBlock_1_Pipeline_VITIS_LOOP_162_1_fu_828/ap_enable_reg_pp0_iter1_reg/D	-1.307
ap_rst_n	grp_run_fu_161/grp_runController_fu_106/grp_runQueryTile_fu_142/runQueryBlock_1_U0/grp_runQueryBlock_1_Outline_VITIS_LOOP_117_5_fu_172/ap_CS_fsm_reg[25]/R	-1.303
ap_rst_n	grp_run_fu_161/grp_runController_fu_106/grp_runQueryTile_fu_142/runQueryBlock_1_U0/grp_runQueryBlock_1_Outline_VITIS_LOOP_117_5_fu_172/grp_runQueryBlock_1_Pipeline_VITIS_LOOP_300_25_fu_772/ap_enable_reg_pp0_iter2_reg/R	-1.300
ap_rst_n	grp_run_fu_161/grp_runController_fu_106/grp_runQueryTile_fu_142/runQueryBlock_1_U0/grp_runQueryBlock_1_Outline_VITIS_LOOP_117_5_fu_172/grp_runQueryBlock_1_Pipeline_VITIS_LOOP_242_15_fu_667/ap_enable_reg_pp0_iter1_reg/D	-1.300
ap_rst_n	grp_run_fu_161/grp_runController_fu_106/grp_runQueryTile_fu_142/runQueryBlock_1_U0/grp_runQueryBlock_1_Outline_VITIS_LOOP_117_5_fu_172/grp_runQueryBlock_1_Pipeline_VITIS_LOOP_300_25_fu_772/flow_control_loop_pipe_sequential_init_U/ap_loop_init_int_reg/D	-1.300
ap_rst_n	grp_run_fu_161/grp_runController_fu_106/grp_runQueryTile_fu_142/runQueryBlock_1_U0/grp_runQueryBlock_1_Outline_VITIS_LOOP_117_5_fu_172/grp_runQueryBlock_1_Pipeline_VITIS_LOOP_300_25_fu_772/ap_enable_reg_pp0_iter1_reg/R	-1.299
ap_rst_n	grp_run_fu_161/grp_runController_fu_106/grp_runQueryTile_fu_142/runQueryBlock_1_U0/grp_runQueryBlock_1_Outline_VITIS_LOOP_117_5_fu_172/ap_CS_fsm_reg[23]/R	-1.293
ap_rst_n	grp_run_fu_161/grp_runController_fu_106/grp_runQueryTile_fu_142/runQueryBlock_1_U0/grp_runQueryBlock_1_Outline_VITIS_LOOP_117_5_fu_172/grp_runQueryBlock_1_Pipeline_VITIS_LOOP_300_25_fu_772/ap_enable_reg_pp0_iter3_reg/R	-1.293
ap_rst_n	grp_run_fu_161/grp_runController_fu_106/grp_runQueryTile_fu_142/runQueryBlock_1_U0/grp_runQueryBlock_1_Outline_VITIS_LOOP_117_5_fu_172/grp_runQueryBlock_1_Pipeline_VITIS_LOOP_369_33_fu_842/ap_enable_reg_pp0_iter6_reg/R	-1.293
ap_rst_n	grp_run_fu_161/grp_runController_fu_106/grp_runQueryTile_fu_142/runQueryBlock_1_U0/grp_runQueryBlock_1_Outline_VITIS_LOOP_117_5_fu_172/grp_runQueryBlock_1_Pipeline_VITIS_LOOP_369_33_fu_842/ap_enable_reg_pp0_iter7_reg/R	-1.293
ap_rst_n	grp_run_fu_161/grp_runController_fu_106/grp_runQueryTile_fu_142/runQueryBlock_1_U0/grp_runQueryBlock_1_Outline_VITIS_LOOP_117_5_fu_172/grp_runQueryBlock_1_Pipeline_VITIS_LOOP_369_33_fu_842/ap_enable_reg_pp0_iter8_reg/R	-1.293
ap_rst_n	grp_run_fu_161/grp_runController_fu_106/grp_runQueryTile_fu_142/runQueryBlock_1_U0/grp_runQueryBlock_1_Outline_VITIS_LOOP_117_5_fu_172/grp_runQueryBlock_1_Pipeline_VITIS_LOOP_369_33_fu_842/ap_enable_reg_pp0_iter9_reg_rep__1/R	-1.293
ap_rst_n	grp_run_fu_161/grp_runController_fu_106/grp_runQueryTile_fu_142/runQueryBlock_1_U0/grp_runQueryBlock_1_Pipeline_VITIS_LOOP_474_43_VITIS_LOOP_475_44_fu_225/ap_enable_reg_pp0_iter1_reg/D	-1.292
ap_rst_n	grp_run_fu_161/grp_runController_fu_106/grp_runQueryTile_fu_142/runQueryBlock_1_U0/ap_CS_fsm_reg[5]/R	-1.292
ap_rst_n	grp_run_fu_161/grp_runController_fu_106/grp_runQueryTile_fu_142/runQueryBlock_1_U0/grp_runQueryBlock_1_Outline_VITIS_LOOP_117_5_fu_172/grp_runQueryBlock_1_Pipeline_VITIS_LOOP_109_1_VITIS_LOOP_110_2_fu_588/grp_runPeArray_fu_606_ap_start_reg_reg/R	-1.292
ap_rst_n	grp_run_fu_161/grp_runController_fu_106/grp_runQueryTile_fu_142/runQueryBlock_1_U0/grp_runQueryBlock_1_Outline_VITIS_LOOP_117_5_fu_172/grp_runQueryBlock_1_Pipeline_VITIS_LOOP_109_1_VITIS_LOOP_110_2_fu_588/ap_CS_fsm_reg[0]/S	-1.291
ap_rst_n	grp_run_fu_161/grp_runController_fu_106/grp_runQueryTile_fu_142/runQueryBlock_1_U0/grp_runQueryBlock_1_Outline_VITIS_LOOP_117_5_fu_172/grp_runQueryBlock_1_Pipeline_VITIS_LOOP_109_1_VITIS_LOOP_110_2_fu_588/ap_CS_fsm_reg[1]/R	-1.291
ap_rst_n	grp_run_fu_161/grp_runController_fu_106/grp_runQueryTile_fu_142/runQueryBlock_1_U0/grp_runQueryBlock_1_Outline_VITIS_LOOP_117_5_fu_172/grp_runQueryBlock_1_Pipeline_VITIS_LOOP_109_1_VITIS_LOOP_110_2_fu_588/ap_CS_fsm_reg[2]/R	-1.291
ap_rst_n	grp_run_fu_161/grp_runController_fu_106/grp_runQueryTile_fu_142/runQueryBlock_1_U0/grp_runQueryBlock_1_Outline_VITIS_LOOP_117_5_fu_172/grp_runQueryBlock_1_Pipeline_VITIS_LOOP_109_1_VITIS_LOOP_110_2_fu_588/ap_CS_fsm_reg[3]/R	-1.291
ap_rst_n	grp_run_fu_161/grp_runController_fu_106/grp_runQueryTile_fu_142/runQueryBlock_1_U0/grp_runQueryBlock_1_Outline_VITIS_LOOP_117_5_fu_172/grp_runQueryBlock_1_Pipeline_VITIS_LOOP_109_1_VITIS_LOOP_110_2_fu_588/ap_CS_fsm_reg[4]/R	-1.291
ap_rst_n	grp_run_fu_161/grp_runController_fu_106/grp_runQueryTile_fu_142/runQueryBlock_1_U0/grp_runQueryBlock_1_Outline_VITIS_LOOP_117_5_fu_172/grp_runQueryBlock_1_Pipeline_VITIS_LOOP_369_33_fu_842_ap_start_reg_reg/R	-1.290
ap_rst_n	grp_run_fu_161/grp_runController_fu_106/grp_runQueryTile_fu_142/runQueryBlock_1_U0/grp_runQueryBlock_1_Outline_VITIS_LOOP_117_5_fu_172/grp_runQueryBlock_1_Pipeline_VITIS_LOOP_109_1_VITIS_LOOP_110_2_fu_588/ap_enable_reg_pp0_iter0_reg_reg/D	-1.288
ap_rst_n	grp_run_fu_161/grp_runController_fu_106/grp_runQueryTile_fu_142/runQueryBlock_1_U0/grp_runQueryBlock_1_Outline_VITIS_LOOP_117_5_fu_172_ap_start_reg_reg/R	-1.287
ap_rst_n	grp_run_fu_161/grp_runController_fu_106/grp_runQueryTile_fu_142/runQueryBlock_1_U0/grp_runQueryBlock_1_Outline_VITIS_LOOP_117_5_fu_172/ap_CS_fsm_reg[15]/R	-1.286
ap_rst_n	grp_run_fu_161/grp_runController_fu_106/grp_runQueryTile_fu_142/runQueryBlock_1_U0/grp_runQueryBlock_1_Outline_VITIS_LOOP_117_5_fu_172/ap_CS_fsm_reg[24]/R	-1.286
ap_rst_n	grp_run_fu_161/grp_runController_fu_106/grp_runQueryTile_fu_142/runQueryBlock_1_U0/grp_runQueryBlock_1_Outline_VITIS_LOOP_117_5_fu_172/grp_runQueryBlock_1_Pipeline_VITIS_LOOP_190_12_fu_639/ap_enable_reg_pp0_iter1_reg/D	-1.284
ap_rst_n	grp_run_fu_161/grp_runController_fu_106/grp_runQueryTile_fu_142/runQueryBlock_1_U0/grp_runQueryBlock_1_Outline_VITIS_LOOP_117_5_fu_172/grp_runQueryBlock_1_Pipeline_VITIS_LOOP_300_25_fu_772/ap_enable_reg_pp0_iter4_reg/R	-1.284
ap_rst_n	grp_run_fu_161/grp_runController_fu_106/grp_runQueryTile_fu_142/runQueryBlock_1_U0/grp_runQueryBlock_1_Outline_VITIS_LOOP_117_5_fu_172/grp_runQueryBlock_1_Pipeline_VITIS_LOOP_369_33_fu_842/ap_enable_reg_pp0_iter9_reg_rep/R	-1.283
ap_rst_n	grp_run_fu_161/grp_runController_fu_106/grp_runQueryTile_fu_142/runQueryBlock_1_U0/grp_runQueryBlock_1_Outline_VITIS_LOOP_117_5_fu_172/ap_CS_fsm_reg[22]/R	-1.280
ap_rst_n	grp_run_fu_161/grp_runController_fu_106/grp_runQueryTile_fu_142/runQueryBlock_1_U0/grp_runQueryBlock_1_Outline_VITIS_LOOP_117_5_fu_172/ap_CS_fsm_reg[26]/R	-1.280
ap_rst_n	grp_run_fu_161/grp_runController_fu_106/grp_runQueryTile_fu_142/runQueryBlock_1_U0/grp_runQueryBlock_1_Outline_VITIS_LOOP_117_5_fu_172/ap_CS_fsm_reg[27]/R	-1.280
ap_rst_n	grp_run_fu_161/grp_runController_fu_106/grp_runQueryTile_fu_142/runQueryBlock_1_U0/grp_runQueryBlock_1_Outline_VITIS_LOOP_117_5_fu_172/ap_CS_fsm_reg[28]/R	-1.280
ap_rst_n	grp_run_fu_161/grp_runController_fu_106/grp_runQueryTile_fu_142/runQueryBlock_1_U0/grp_runQueryBlock_1_Outline_VITIS_LOOP_117_5_fu_172/ap_CS_fsm_reg[29]/R	-1.280
ap_rst_n	grp_run_fu_161/grp_runController_fu_106/grp_runQueryTile_fu_142/runQueryBlock_1_U0/grp_runQueryBlock_1_Outline_VITIS_LOOP_117_5_fu_172/ap_CS_fsm_reg[30]/R	-1.280
ap_rst_n	grp_run_fu_161/grp_runController_fu_106/grp_runQueryTile_fu_142/runQueryBlock_1_U0/grp_runQueryBlock_1_Outline_VITIS_LOOP_117_5_fu_172/ap_CS_fsm_reg[4]/R	-1.278
ap_rst_n	grp_run_fu_161/grp_runController_fu_106/grp_runQueryTile_fu_142/runQueryBlock_1_U0/grp_runQueryBlock_1_Outline_VITIS_LOOP_117_5_fu_172/grp_runQueryBlock_1_Pipeline_VITIS_LOOP_109_1_VITIS_LOOP_110_2_fu_588_ap_start_reg_reg/R	-1.278
ap_rst_n	grp_run_fu_161/grp_runController_fu_106/grp_runQueryTile_fu_142/runQueryBlock_1_U0/grp_runQueryBlock_1_Outline_VITIS_LOOP_117_5_fu_172/ap_CS_fsm_reg[11]/R	-1.277
ap_rst_n	grp_run_fu_161/grp_runController_fu_106/grp_runQueryTile_fu_142/runQueryBlock_1_U0/grp_runQueryBlock_1_Outline_VITIS_LOOP_117_5_fu_172/ap_CS_fsm_reg[12]/R	-1.277
ap_rst_n	grp_run_fu_161/grp_runController_fu_106/grp_runQueryTile_fu_142/runQueryBlock_1_U0/grp_runQueryBlock_1_Outline_VITIS_LOOP_117_5_fu_172/ap_CS_fsm_reg[13]/R	-1.277
ap_rst_n	grp_run_fu_161/grp_runController_fu_106/grp_runQueryTile_fu_142/runQueryBlock_1_U0/grp_runQueryBlock_1_Outline_VITIS_LOOP_117_5_fu_172/ap_CS_fsm_reg[14]/R	-1.277
ap_rst_n	grp_run_fu_161/grp_runController_fu_106/grp_runQueryTile_fu_142/runQueryBlock_1_U0/grp_runQueryBlock_1_Outline_VITIS_LOOP_117_5_fu_172/ap_CS_fsm_reg[16]/R	-1.277
ap_rst_n	grp_run_fu_161/grp_runController_fu_106/grp_runQueryTile_fu_142/runQueryBlock_1_U0/grp_runQueryBlock_1_Outline_VITIS_LOOP_117_5_fu_172/ap_CS_fsm_reg[17]/R	-1.277
ap_rst_n	grp_run_fu_161/grp_runController_fu_106/grp_runQueryTile_fu_142/runQueryBlock_1_U0/grp_runQueryBlock_1_Outline_VITIS_LOOP_117_5_fu_172/ap_CS_fsm_reg[31]/R	-1.277
ap_rst_n	grp_run_fu_161/grp_runController_fu_106/grp_runQueryTile_fu_142/runQueryBlock_1_U0/grp_runQueryBlock_1_Outline_VITIS_LOOP_117_5_fu_172/ap_CS_fsm_reg[32]/R	-1.277
ap_rst_n	grp_run_fu_161/grp_runController_fu_106/grp_runQueryTile_fu_142/runQueryBlock_1_U0/grp_runQueryBlock_1_Outline_VITIS_LOOP_117_5_fu_172/grp_runQueryBlock_1_Pipeline_VITIS_LOOP_369_33_fu_842/ap_enable_reg_pp0_iter4_reg/R	-1.276
ap_rst_n	grp_run_fu_161/grp_runController_fu_106/grp_runQueryTile_fu_142/runQueryBlock_1_U0/grp_runQueryBlock_1_Outline_VITIS_LOOP_117_5_fu_172/grp_runQueryBlock_1_Pipeline_VITIS_LOOP_369_33_fu_842/ap_enable_reg_pp0_iter5_reg/R	-1.276
ap_rst_n	grp_run_fu_161/grp_runController_fu_106/grp_runQueryTile_fu_142/runQueryBlock_1_U0/grp_runQueryBlock_1_Outline_VITIS_LOOP_117_5_fu_172/grp_runQueryBlock_1_Pipeline_VITIS_LOOP_369_33_fu_842/grp_runAccumulatorColumns_fu_582_ap_start_reg_reg/R	-1.275
ap_rst_n	grp_run_fu_161/grp_runController_fu_106/grp_runQueryTile_fu_142/runQueryBlock_1_U0/grp_runQueryBlock_1_Outline_VITIS_LOOP_117_5_fu_172/grp_runAccumulatorColumns_fu_697_ap_start_reg_reg/R	-1.274
ap_rst_n	grp_run_fu_161/grp_runController_fu_106/grp_runQueryTile_fu_142/runQueryBlock_1_U0/grp_runQueryBlock_1_Outline_VITIS_LOOP_117_5_fu_172/grp_runPeArray_fu_718_ap_start_reg_reg/R	-1.274
ap_rst_n	grp_run_fu_161/grp_runController_fu_106/grp_runQueryTile_fu_142/runQueryBlock_1_U0/grp_runQueryBlock_1_Outline_VITIS_LOOP_117_5_fu_172/ap_CS_fsm_reg[0]/S	-1.272
ap_rst_n	grp_run_fu_161/grp_runController_fu_106/grp_runQueryTile_fu_142/runQueryBlock_1_U0/grp_runQueryBlock_1_Outline_VITIS_LOOP_117_5_fu_172/ap_CS_fsm_reg[19]/R	-1.272
ap_rst_n	grp_run_fu_161/grp_runController_fu_106/grp_runQueryTile_fu_142/runQueryBlock_1_U0/grp_runQueryBlock_1_Outline_VITIS_LOOP_117_5_fu_172/ap_CS_fsm_reg[21]/R	-1.272
ap_rst_n	grp_run_fu_161/grp_runController_fu_106/grp_runQueryTile_fu_142/runQueryBlock_1_U0/grp_runQueryBlock_1_Outline_VITIS_LOOP_117_5_fu_172/grp_runQueryBlock_1_Pipeline_VITIS_LOOP_369_33_fu_842/ap_enable_reg_pp0_iter3_reg/R	-1.272
ap_rst_n	grp_run_fu_161/grp_runController_fu_106/grp_runQueryTile_fu_142/runQueryBlock_1_U0/grp_runQueryBlock_1_Outline_VITIS_LOOP_117_5_fu_172/ap_CS_fsm_reg[20]/R	-1.271
ap_rst_n	grp_run_fu_161/grp_runController_fu_106/grp_runQueryTile_fu_142/runQueryBlock_1_U0/grp_runQueryBlock_1_Outline_VITIS_LOOP_117_5_fu_172/grp_runQueryBlock_1_Pipeline_VITIS_LOOP_300_25_fu_772_ap_start_reg_reg/R	-1.271
ap_rst_n	grp_run_fu_161/grp_runController_fu_106/grp_runQueryTile_fu_142/runQueryBlock_1_U0/grp_runQueryBlock_1_Outline_VITIS_LOOP_117_5_fu_172/grp_runQueryBlock_1_Pipeline_VITIS_LOOP_369_33_fu_842/grp_runPeArray_fu_600_ap_start_reg_reg/R	-1.271
ap_rst_n	grp_run_fu_161/grp_runController_fu_106/grp_runQueryTile_fu_142/runQueryBlock_1_U0/grp_runQueryBlock_1_Outline_VITIS_LOOP_117_5_fu_172/grp_runQueryBlock_1_Pipeline_VITIS_LOOP_162_1_fu_828/grp_runPeArray_fu_146_ap_start_reg_reg/R	-1.270
ap_rst_n	grp_run_fu_161/grp_runController_fu_106/grp_runQueryTile_fu_142/runQueryBlock_1_U0/grp_runQueryBlock_1_Outline_VITIS_LOOP_117_5_fu_172/grp_runQueryBlock_1_Pipeline_VITIS_LOOP_162_1_fu_828_ap_start_reg_reg/R	-1.270
ap_rst_n	grp_run_fu_161/grp_runController_fu_106/grp_runQueryTile_fu_142/runQueryBlock_1_U0/grp_runQueryBlock_1_Outline_VITIS_LOOP_117_5_fu_172/ap_CS_fsm_reg[1]/R	-1.267
ap_rst_n	grp_run_fu_161/grp_runController_fu_106/grp_runQueryTile_fu_142/runQueryBlock_1_U0/grp_runQueryBlock_1_Outline_VITIS_LOOP_117_5_fu_172/ap_CS_fsm_reg[34]/R	-1.267
ap_rst_n	grp_run_fu_161/grp_runController_fu_106/grp_runQueryTile_fu_142/runQueryBlock_1_U0/grp_runQueryBlock_1_Outline_VITIS_LOOP_117_5_fu_172/ap_CS_fsm_reg[6]/R	-1.267
ap_rst_n	grp_run_fu_161/grp_runController_fu_106/grp_runQueryTile_fu_142/runQueryBlock_1_U0/grp_runQueryBlock_1_Outline_VITIS_LOOP_117_5_fu_172/ap_CS_fsm_reg[7]/R	-1.267
ap_rst_n	grp_run_fu_161/grp_runController_fu_106/grp_runQueryTile_fu_142/runQueryBlock_1_U0/grp_runQueryBlock_1_Outline_VITIS_LOOP_117_5_fu_172/grp_runQueryBlock_1_Pipeline_VITIS_LOOP_190_121_fu_653_ap_start_reg_reg/R	-1.265
ap_rst_n	grp_run_fu_161/grp_runController_fu_106/grp_runQueryTile_fu_142/runQueryBlock_1_U0/grp_runQueryBlock_1_Outline_VITIS_LOOP_117_5_fu_172/grp_runQueryBlock_1_Pipeline_VITIS_LOOP_190_12_fu_639_ap_start_reg_reg/R	-1.265
ap_rst_n	grp_run_fu_161/grp_runController_fu_106/grp_runQueryTile_fu_142/runQueryBlock_1_U0/grp_runQueryBlock_1_Outline_VITIS_LOOP_117_5_fu_172/grp_runQueryBlock_1_Pipeline_VITIS_LOOP_242_15_fu_667/ap_enable_reg_pp0_iter2_reg/R	-1.265
ap_rst_n	grp_run_fu_161/grp_runController_fu_106/grp_runQueryTile_fu_142/runQueryBlock_1_U0/grp_runQueryBlock_1_Outline_VITIS_LOOP_117_5_fu_172/grp_runQueryBlock_1_Pipeline_VITIS_LOOP_242_15_fu_667/ap_enable_reg_pp0_iter3_reg/R	-1.265
ap_rst_n	grp_run_fu_161/grp_runController_fu_106/grp_runQueryTile_fu_142/runQueryBlock_1_U0/grp_runQueryBlock_1_Outline_VITIS_LOOP_117_5_fu_172/grp_runQueryBlock_1_Pipeline_VITIS_LOOP_242_15_fu_667_ap_start_reg_reg/R	-1.265
ap_rst_n	grp_run_fu_161/grp_runController_fu_106/grp_runQueryTile_fu_142/runQueryBlock_1_U0/grp_runQueryBlock_1_Outline_VITIS_LOOP_117_5_fu_172/grp_runQueryBlock_1_Pipeline_VITIS_LOOP_300_25_fu_772/grp_runPeArray_fu_610_ap_start_reg_reg/R	-1.264
ap_rst_n	grp_run_fu_161/grp_runController_fu_106/grp_runQueryTile_fu_142/runQueryBlock_1_U0/grp_runQueryBlock_1_Outline_VITIS_LOOP_117_5_fu_172/ap_CS_fsm_reg[33]/R	-1.262
ap_rst_n	grp_run_fu_161/grp_runController_fu_106/grp_runQueryTile_fu_142/runQueryBlock_1_U0/grp_runQueryBlock_1_Outline_VITIS_LOOP_117_5_fu_172/ap_CS_fsm_reg[10]/R	-1.261
ap_rst_n	grp_run_fu_161/grp_runController_fu_106/grp_runQueryTile_fu_142/runQueryBlock_1_U0/grp_runQueryBlock_1_Outline_VITIS_LOOP_117_5_fu_172/ap_CS_fsm_reg[5]/R	-1.261
ap_rst_n	grp_run_fu_161/grp_runController_fu_106/grp_runQueryTile_fu_142/runQueryBlock_1_U0/grp_runQueryBlock_1_Outline_VITIS_LOOP_117_5_fu_172/ap_CS_fsm_reg[8]/R	-1.261
ap_rst_n	grp_run_fu_161/grp_runController_fu_106/grp_runQueryTile_fu_142/runQueryBlock_1_U0/grp_runQueryBlock_1_Outline_VITIS_LOOP_117_5_fu_172/ap_CS_fsm_reg[9]/R	-1.261
ap_rst_n	grp_run_fu_161/grp_runController_fu_106/grp_runQueryTile_fu_142/runQueryBlock_1_U0/grp_runQueryBlock_1_Outline_VITIS_LOOP_117_5_fu_172/grp_runQueryBlock_1_Pipeline_VITIS_LOOP_162_1_fu_828/ap_CS_fsm_reg[0]/S	-1.260
ap_rst_n	grp_run_fu_161/grp_runController_fu_106/grp_runQueryTile_fu_142/runQueryBlock_1_U0/grp_runQueryBlock_1_Outline_VITIS_LOOP_117_5_fu_172/grp_runQueryBlock_1_Pipeline_VITIS_LOOP_162_1_fu_828/ap_CS_fsm_reg[1]/R	-1.260
ap_rst_n	grp_run_fu_161/grp_runController_fu_106/grp_runQueryTile_fu_142/runQueryBlock_1_U0/grp_runQueryBlock_1_Outline_VITIS_LOOP_117_5_fu_172/grp_runQueryBlock_1_Pipeline_VITIS_LOOP_162_1_fu_828/ap_CS_fsm_reg[2]/R	-1.260
ap_rst_n	grp_run_fu_161/grp_runController_fu_106/grp_runQueryTile_fu_142/runQueryBlock_1_U0/grp_runQueryBlock_1_Outline_VITIS_LOOP_117_5_fu_172/grp_runQueryBlock_1_Pipeline_VITIS_LOOP_162_1_fu_828/ap_CS_fsm_reg[3]/R	-1.260
ap_rst_n	grp_run_fu_161/grp_runController_fu_106/grp_runQueryTile_fu_142/runQueryBlock_1_U0/grp_runQueryBlock_1_Outline_VITIS_LOOP_117_5_fu_172/grp_runQueryBlock_1_Pipeline_VITIS_LOOP_162_1_fu_828/ap_CS_fsm_reg[4]/R	-1.260
ap_rst_n	grp_run_fu_161/grp_runController_fu_106/grp_runQueryTile_fu_142/runQueryBlock_1_U0/grp_runQueryBlock_1_Outline_VITIS_LOOP_117_5_fu_172/grp_runQueryBlock_1_Pipeline_VITIS_LOOP_109_1_VITIS_LOOP_110_2_fu_588/ap_enable_reg_pp0_iter1_reg/D	-1.259
ap_rst_n	grp_run_fu_161/grp_runController_fu_106/grp_runQueryTile_fu_142/runQueryBlock_1_U0/grp_runQueryBlock_1_Outline_VITIS_LOOP_117_5_fu_172/grp_runQueryBlock_1_Pipeline_VITIS_LOOP_190_121_fu_653/ap_enable_reg_pp0_iter1_reg/D	-1.235
s_axi_control_ARADDR[1]	control_s_axi_U/rdata_reg[1]/D	-0.599
s_axi_control_WDATA[7]	control_s_axi_U/int_auto_restart_reg/D	-0.264
s_axi_control_ARADDR[4]	control_s_axi_U/rdata_reg[20]/D	-0.149
s_axi_control_ARADDR[4]	control_s_axi_U/rdata_reg[29]/D	-0.143
s_axi_control_ARADDR[4]	control_s_axi_U/rdata_reg[24]/D	-0.124
s_axi_control_ARADDR[4]	control_s_axi_U/rdata_reg[14]/D	-0.109
s_axi_control_ARADDR[3]	control_s_axi_U/rdata_reg[4]/D	-0.105
s_axi_control_ARADDR[4]	control_s_axi_U/rdata_reg[15]/D	-0.105
s_axi_control_WSTRB[0]	control_s_axi_U/int_ier_reg[0]/CE	-0.104
s_axi_control_ARADDR[3]	control_s_axi_U/rdata_reg[19]/D	-0.103
ap_rst_n	grp_run_fu_161/grp_runController_fu_106/grp_runQueryTile_fu_142/runQueryBlock_1_U0/grp_runQueryBlock_1_Outline_VITIS_LOOP_117_5_fu_172/grp_runQueryBlock_1_Pipeline_VITIS_LOOP_109_1_VITIS_LOOP_110_2_fu_588/flow_control_loop_pipe_sequential_init_U/ap_loop_init_int_reg/D	-0.099
ap_rst_n	v_gmem_m_axi_U/bus_read/rreq_burst_conv/sect_addr_buf_reg[11]/R	-0.099
s_axi_control_ARADDR[3]	control_s_axi_U/rdata_reg[17]/D	-0.098
ap_rst_n	grp_run_fu_161/grp_runController_fu_106/grp_runQueryTile_fu_142/gatherQueryTile_U0/ap_done_reg_reg/D	-0.096
s_axi_control_ARADDR[4]	control_s_axi_U/rdata_reg[5]/D	-0.094
s_axi_control_ARADDR[4]	control_s_axi_U/rdata_reg[26]/D	-0.094
s_axi_control_ARADDR[4]	control_s_axi_U/rdata_reg[18]/D	-0.092
ap_rst_n	grp_run_fu_161/grp_runController_fu_106/grp_runQueryTile_fu_142/runQueryBlock_0_U0/grp_runQueryBlock_0_Outline_VITIS_LOOP_117_5_fu_168/grp_runQueryBlock_0_Pipeline_VITIS_LOOP_190_122_fu_653/flow_control_loop_pipe_sequential_init_U/ap_loop_init_int_reg/D	-0.091
s_axi_control_ARADDR[4]	control_s_axi_U/rdata_reg[28]/D	-0.091
ap_rst_n	q_gmem_m_axi_U/bus_read/rreq_burst_conv/sect_addr_buf_reg[11]/R	-0.087
ap_rst_n	q_gmem_m_axi_U/bus_read/rreq_burst_conv/sect_addr_buf_reg[3]/R	-0.087
ap_rst_n	q_gmem_m_axi_U/bus_read/rreq_burst_conv/sect_addr_buf_reg[4]/R	-0.087
ap_rst_n	q_gmem_m_axi_U/bus_read/rreq_burst_conv/sect_addr_buf_reg[7]/R	-0.087
ap_rst_n	q_gmem_m_axi_U/bus_read/rreq_burst_conv/sect_addr_buf_reg[8]/R	-0.087
s_axi_control_ARADDR[4]	control_s_axi_U/rdata_reg[23]/D	-0.083
ap_rst_n	v_gmem_m_axi_U/bus_read/rreq_burst_conv/sect_addr_buf_reg[10]/R	-0.083
ap_rst_n	v_gmem_m_axi_U/bus_read/rreq_burst_conv/sect_addr_buf_reg[3]/R	-0.083
ap_rst_n	v_gmem_m_axi_U/bus_read/rreq_burst_conv/sect_addr_buf_reg[4]/R	-0.083
ap_rst_n	v_gmem_m_axi_U/bus_read/rreq_burst_conv/sect_addr_buf_reg[5]/R	-0.083
ap_rst_n	v_gmem_m_axi_U/bus_read/rreq_burst_conv/sect_addr_buf_reg[6]/R	-0.083
ap_rst_n	v_gmem_m_axi_U/bus_read/rreq_burst_conv/sect_addr_buf_reg[7]/R	-0.083
ap_rst_n	v_gmem_m_axi_U/bus_read/rreq_burst_conv/sect_addr_buf_reg[8]/R	-0.083
ap_rst_n	v_gmem_m_axi_U/bus_read/rreq_burst_conv/sect_addr_buf_reg[9]/R	-0.083
ap_rst_n	q_gmem_m_axi_U/bus_read/rreq_burst_conv/sect_addr_buf_reg[10]/R	-0.082
ap_rst_n	q_gmem_m_axi_U/bus_read/rreq_burst_conv/sect_addr_buf_reg[5]/R	-0.082
ap_rst_n	q_gmem_m_axi_U/bus_read/rreq_burst_conv/sect_addr_buf_reg[6]/R	-0.082
ap_rst_n	q_gmem_m_axi_U/bus_read/rreq_burst_conv/sect_addr_buf_reg[9]/R	-0.082
s_axi_control_ARADDR[4]	control_s_axi_U/rdata_reg[22]/D	-0.081
m_axi_q_gmem_RVALID	q_gmem_m_axi_U/bus_read/rs_rdata/data_p1_reg[34]/CE	-0.080
m_axi_q_gmem_RVALID	q_gmem_m_axi_U/bus_read/rs_rdata/data_p1_reg[57]/CE	-0.080
m_axi_q_gmem_RVALID	q_gmem_m_axi_U/bus_read/rs_rdata/data_p1_reg[64]/CE	-0.080
m_axi_q_gmem_RVALID	q_gmem_m_axi_U/bus_read/rs_rdata/data_p1_reg[6]/CE	-0.080
m_axi_v_gmem_ARREADY	v_gmem_m_axi_U/bus_read/rreq_burst_conv/could_multi_bursts.first_loop_reg/CE	-0.076
s_axi_control_ARADDR[4]	control_s_axi_U/rdata_reg[30]/D	-0.076
ap_rst_n	v_gmem_m_axi_U/load_unit_0/buff_rdata/U_fifo_mem/mem_reg_bram_0/ENBWREN	-0.075
s_axi_control_WSTRB[0]	control_s_axi_U/int_ier_reg[1]/CE	-0.074
ap_rst_n	o_gmem_m_axi_U/bus_write/wreq_burst_conv/sect_addr_buf_reg[10]/R	-0.074
ap_rst_n	o_gmem_m_axi_U/bus_write/wreq_burst_conv/sect_addr_buf_reg[11]/R	-0.074
ap_rst_n	o_gmem_m_axi_U/bus_write/wreq_burst_conv/sect_addr_buf_reg[7]/R	-0.074
ap_rst_n	o_gmem_m_axi_U/bus_write/wreq_burst_conv/sect_addr_buf_reg[8]/R	-0.074
ap_rst_n	o_gmem_m_axi_U/bus_write/wreq_burst_conv/sect_addr_buf_reg[9]/R	-0.074
s_axi_control_ARADDR[3]	control_s_axi_U/rdata_reg[25]/D	-0.071
s_axi_control_ARADDR[4]	control_s_axi_U/rdata_reg[13]/D	-0.067
s_axi_control_ARADDR[3]	control_s_axi_U/rdata_reg[6]/D	-0.067
ap_rst_n	grp_run_fu_161/grp_runController_fu_106/grp_runQueryTile_fu_142/runQueryBlock_0_U0/grp_runQueryBlock_0_Outline_VITIS_LOOP_117_5_fu_168/grp_runQueryBlock_0_Pipeline_VITIS_LOOP_190_122_fu_653/flow_control_loop_pipe_sequential_init_U/ap_done_cache_reg/D	-0.067
s_axi_control_ARADDR[5]	control_s_axi_U/rdata_reg[0]/D	-0.066
s_axi_control_ARADDR[4]	control_s_axi_U/rdata_reg[12]/D	-0.066
ap_rst_n	grp_run_fu_161/grp_runController_fu_106/grp_runQueryTile_fu_142/runQueryBlock_1_U0/grp_reciprocalColumns_fu_205/grp_reciprocalColumns_Pipeline_VITIS_LOOP_369_13_fu_125/flow_control_loop_pipe_sequential_init_U/ap_done_cache_reg/D	-0.065
ap_rst_n	o_gmem_m_axi_U/bus_write/wreq_throttle/req_fifo/full_n_reg/D	-0.064
m_axi_k_gmem_ARREADY	k_gmem_m_axi_U/bus_read/rreq_burst_conv/could_multi_bursts.first_loop_reg/CE	-0.058
ap_rst_n	grp_run_fu_161/grp_runController_fu_106/grp_runQueryTile_fu_142/gatherQueryTile_U0/grp_storeOutputTile_fu_118/grp_storeOutputTile_Pipeline_VITIS_LOOP_76_1_fu_89/flow_control_loop_pipe_sequential_init_U/ap_done_cache_reg/D	-0.056
ap_rst_n	grp_run_fu_161/grp_runController_fu_106/grp_runQueryTile_fu_142/runQueryBlock_1_U0/grp_runQueryBlock_1_Outline_VITIS_LOOP_117_5_fu_172/grp_runQueryBlock_1_Pipeline_VITIS_LOOP_190_12_fu_639/flow_control_loop_pipe_sequential_init_U/ap_loop_init_int_reg/D	-0.056
ap_rst_n	grp_run_fu_161/grp_runController_fu_106/grp_runQueryTile_fu_142/runQueryBlock_0_U0/grp_reciprocalColumns_fu_201/grp_reciprocalColumns_Pipeline_VITIS_LOOP_369_13_fu_125/flow_control_loop_pipe_sequential_init_U/ap_loop_init_int_reg/D	-0.055
m_axi_o_gmem_WREADY	o_gmem_m_axi_U/bus_write/wreq_throttle/last_cnt_reg[5]/CE	-0.054
m_axi_o_gmem_WREADY	o_gmem_m_axi_U/bus_write/wreq_throttle/last_cnt_reg[6]/CE	-0.054
ap_rst_n	grp_run_fu_161/grp_runController_fu_106/grp_runQueryTile_fu_142/runQueryBlock_1_U0/grp_runQueryBlock_1_Pipeline_VITIS_LOOP_474_43_VITIS_LOOP_475_44_fu_225/flow_control_loop_pipe_sequential_init_U/ap_done_cache_reg/D	-0.054
m_axi_k_gmem_ARREADY	k_gmem_m_axi_U/bus_read/rreq_burst_conv/could_multi_bursts.last_loop_reg/CE	-0.053
m_axi_k_gmem_ARREADY	k_gmem_m_axi_U/bus_read/rreq_burst_conv/could_multi_bursts.loop_cnt_reg[0]/CE	-0.053
m_axi_k_gmem_ARREADY	k_gmem_m_axi_U/bus_read/rreq_burst_conv/could_multi_bursts.loop_cnt_reg[1]/CE	-0.053
m_axi_k_gmem_ARREADY	k_gmem_m_axi_U/bus_read/rreq_burst_conv/could_multi_bursts.loop_cnt_reg[2]/CE	-0.053
ap_rst_n	o_gmem_m_axi_U/bus_write/data_buf_reg[33]/R	-0.052
ap_rst_n	grp_run_fu_161/grp_runController_fu_106/grp_runQueryTile_fu_142/runQueryBlock_0_U0/grp_runQueryBlock_0_Outline_VITIS_LOOP_117_5_fu_168/grp_runQueryBlock_0_Pipeline_4_fu_546/flow_control_loop_pipe_sequential_init_U/ap_loop_init_int_reg/D	-0.052
ap_rst_n	grp_run_fu_161/grp_runController_fu_106/grp_runQueryTile_fu_142/runQueryBlock_0_U0/grp_runQueryBlock_0_Outline_VITIS_LOOP_117_5_fu_168/grp_runQueryBlock_0_Pipeline_4_fu_546/flow_control_loop_pipe_sequential_init_U/ap_done_cache_reg/D	-0.050
ap_rst_n	q_gmem_m_axi_U/load_unit_0/buff_rdata/U_fifo_mem/mem_reg_bram_1/ENBWREN	-0.049
ap_rst_n	grp_run_fu_161/grp_runController_fu_106/grp_runQueryTile_fu_142/runQueryBlock_0_U0/grp_runQueryBlock_0_Pipeline_13_fu_162/flow_control_loop_pipe_sequential_init_U/ap_loop_init_int_reg/D	-0.048
ap_rst_n	k_gmem_m_axi_U/bus_read/rreq_burst_conv/sect_addr_buf_reg[11]/R	-0.046
ap_rst_n	k_gmem_m_axi_U/bus_read/rreq_burst_conv/sect_addr_buf_reg[3]/R	-0.046
ap_rst_n	k_gmem_m_axi_U/bus_read/rreq_burst_conv/sect_addr_buf_reg[4]/R	-0.046
ap_rst_n	k_gmem_m_axi_U/bus_read/rreq_burst_conv/sect_addr_buf_reg[5]/R	-0.046
ap_rst_n	k_gmem_m_axi_U/bus_read/rreq_burst_conv/sect_addr_buf_reg[6]/R	-0.046
ap_rst_n	k_gmem_m_axi_U/bus_read/rreq_burst_conv/sect_addr_buf_reg[7]/R	-0.046
ap_rst_n	k_gmem_m_axi_U/bus_read/rreq_burst_conv/sect_addr_buf_reg[8]/R	-0.046
ap_rst_n	grp_run_fu_161/grp_runController_fu_106/grp_runQueryTile_fu_142/gatherQueryTile_U0/grp_storeOutputTile_fu_118/grp_storeOutputTile_Pipeline_VITIS_LOOP_76_1_fu_89/ap_enable_reg_pp0_iter1_reg/D	-0.046
ap_rst_n	grp_run_fu_161/grp_runController_fu_106/grp_runQueryTile_fu_142/runQueryBlock_0_U0/grp_runQueryBlock_0_Pipeline_VITIS_LOOP_474_43_VITIS_LOOP_475_44_fu_221/flow_control_loop_pipe_sequential_init_U/ap_loop_init_int_reg/D	-0.046
ap_rst_n	grp_run_fu_161/grp_runController_fu_106/grp_runQueryTile_fu_142/runQueryBlock_0_U0/grp_reciprocalColumns_fu_201/grp_reciprocalColumns_Pipeline_VITIS_LOOP_369_1_fu_102/flow_control_loop_pipe_sequential_init_U/ap_done_cache_reg/D	-0.043
ap_rst_n	grp_run_fu_161/grp_runController_fu_106/grp_runQueryTile_fu_142/runQueryBlock_0_U0/grp_runQueryBlock_0_Pipeline_VITIS_LOOP_451_40_fu_207/flow_control_loop_pipe_sequential_init_U/ap_done_cache_reg/D	-0.043
ap_rst_n	grp_run_fu_161/grp_runController_fu_106/grp_runQueryTile_fu_142/runQueryBlock_1_U0/grp_runQueryBlock_1_Outline_VITIS_LOOP_117_5_fu_172/grp_runQueryBlock_1_Pipeline_VITIS_LOOP_369_33_fu_842/ap_enable_reg_pp0_iter1_reg/R	-0.042
ap_rst_n	grp_run_fu_161/grp_runController_fu_106/grp_runQueryTile_fu_142/runQueryBlock_1_U0/grp_runQueryBlock_1_Pipeline_13_fu_166/flow_control_loop_pipe_sequential_init_U/ap_loop_init_int_reg/D	-0.042
ap_rst_n	o_gmem_m_axi_U/bus_write/fifo_burst/full_n_reg/D	-0.042
ap_rst_n	grp_run_fu_161/grp_runController_fu_106/grp_runQueryTile_fu_142/runQueryBlock_0_U0/grp_runQueryBlock_0_Outline_VITIS_LOOP_117_5_fu_168/grp_runQueryBlock_0_Pipeline_VITIS_LOOP_144_6_VITIS_LOOP_145_7_fu_550/ap_enable_reg_pp0_iter1_reg/D	-0.041
m_axi_o_gmem_AWREADY	o_gmem_m_axi_U/bus_write/wreq_throttle/rs_req/data_p1_reg[30]/CE	-0.041
m_axi_o_gmem_AWREADY	o_gmem_m_axi_U/bus_write/wreq_throttle/rs_req/data_p1_reg[7]/CE	-0.041
ap_rst_n	grp_run_fu_161/grp_runController_fu_106/grp_runQueryTile_fu_142/runQueryBlock_1_U0/grp_runQueryBlock_1_Outline_VITIS_LOOP_117_5_fu_172/grp_runQueryBlock_1_Pipeline_4_fu_546/flow_control_loop_pipe_sequential_init_U/ap_loop_init_int_reg/D	-0.040
ap_rst_n	grp_run_fu_161/grp_runController_fu_106/grp_runQueryTile_fu_142/runQueryBlock_1_U0/grp_runQueryBlock_1_Pipeline_VITIS_LOOP_90_1_VITIS_LOOP_91_2_fu_146/flow_control_loop_pipe_sequential_init_U/ap_loop_init_int_reg/D	-0.038
ap_rst_n	grp_run_fu_161/grp_runController_fu_106/grp_runQueryTile_fu_142/runQueryBlock_0_U0/grp_runQueryBlock_0_Outline_VITIS_LOOP_117_5_fu_168/grp_runQueryBlock_0_Pipeline_VITIS_LOOP_109_1_VITIS_LOOP_110_2_fu_588/flow_control_loop_pipe_sequential_init_U/ap_done_cache_reg/D	-0.038
s_axi_control_ARADDR[3]	control_s_axi_U/rdata_reg[8]/D	-0.035
ap_rst_n	grp_run_fu_161/grp_runController_fu_106/grp_runQueryTile_fu_142/runQueryBlock_1_U0/grp_runQueryBlock_1_Outline_VITIS_LOOP_117_5_fu_172/grp_runQueryBlock_1_Pipeline_VITIS_LOOP_369_33_fu_842/ap_enable_reg_pp0_iter2_reg/R	-0.034
ap_rst_n	o_gmem_m_axi_U/store_unit_0/fifo_wrsp/full_n_reg/D	-0.034
ap_rst_n	grp_run_fu_161/grp_runController_fu_106/grp_runQueryTile_fu_142/runQueryBlock_1_U0/grp_runQueryBlock_1_Pipeline_VITIS_LOOP_474_43_VITIS_LOOP_475_44_fu_225/flow_control_loop_pipe_sequential_init_U/ap_loop_init_int_reg/D	-0.033
s_axi_control_ARADDR[4]	control_s_axi_U/rdata_reg[27]/D	-0.032
ap_rst_n	o_gmem_m_axi_U/bus_write/fifo_resp/full_n_reg/D	-0.032
ap_rst_n	o_gmem_m_axi_U/bus_write/wreq_throttle/data_fifo/full_n_reg/D	-0.032
ap_rst_n	grp_run_fu_161/grp_runController_fu_106/grp_runQueryTile_fu_142/distributeQueryTile_U0/grp_distributeQueryTile_Pipeline_VITIS_LOOP_489_1_VITIS_LOOP_490_2_fu_208/flow_control_loop_pipe_sequential_init_U/ap_loop_init_int_reg/D	-0.032
ap_rst_n	grp_run_fu_161/grp_runController_fu_106/grp_runQueryTile_fu_142/runQueryBlock_0_U0/grp_runQueryBlock_0_Outline_VITIS_LOOP_117_5_fu_168/grp_runQueryBlock_0_Pipeline_VITIS_LOOP_369_33_fu_842/flow_control_loop_pipe_sequential_init_U/ap_loop_init_int_reg/D	-0.032
m_axi_q_gmem_ARREADY	q_gmem_m_axi_U/bus_read/rreq_burst_conv/could_multi_bursts.first_loop_reg/CE	-0.032
ap_rst_n	q_gmem_m_axi_U/load_unit_0/buff_rdata/U_fifo_mem/mem_reg_bram_0/ENBWREN	-0.031
ap_rst_n	grp_run_fu_161/grp_runController_fu_106/grp_runQueryTile_fu_142/distributeQueryTile_U0/grp_distributeQueryTile_Pipeline_VITIS_LOOP_501_3_VITIS_LOOP_506_4_VITIS_LOOP_507_5_fu_220/flow_control_loop_pipe_sequential_init_U/ap_loop_init_int_reg/D	-0.029
ap_rst_n	grp_run_fu_161/grp_runController_fu_106/grp_runQueryTile_fu_142/runQueryBlock_1_U0/grp_reciprocalColumns_fu_205/grp_reciprocalColumns_Pipeline_VITIS_LOOP_369_1_fu_102/flow_control_loop_pipe_sequential_init_U/ap_done_cache_reg/D	-0.029
m_axi_o_gmem_AWREADY	o_gmem_m_axi_U/bus_write/wreq_throttle/rs_req/data_p1_reg[12]/CE	-0.029
m_axi_o_gmem_AWREADY	o_gmem_m_axi_U/bus_write/wreq_throttle/rs_req/data_p1_reg[67]/CE	-0.029
ap_rst_n	v_gmem_m_axi_U/load_unit_0/buff_rdata/U_fifo_mem/mem_reg_bram_1/ENBWREN	-0.028
ap_rst_n	k_gmem_m_axi_U/load_unit_0/buff_rdata/U_fifo_mem/mem_reg_bram_0/ENBWREN	-0.028
ap_rst_n	grp_run_fu_161/grp_runController_fu_106/grp_runQueryTile_fu_142/runQueryBlock_0_U0/grp_reciprocalColumns_fu_201/grp_reciprocalColumns_Pipeline_VITIS_LOOP_369_13_fu_125/flow_control_loop_pipe_sequential_init_U/ap_done_cache_reg/D	-0.028
ap_rst_n	k_gmem_m_axi_U/load_unit_0/buff_rdata/U_fifo_mem/mem_reg_bram_1/ENBWREN	-0.027
ap_rst_n	grp_run_fu_161/grp_runController_fu_106/grp_runQueryTile_fu_142/ap_sync_reg_distributeQueryTile_U0_ap_ready_reg/R	-0.027
ap_rst_n	grp_run_fu_161/grp_runController_fu_106/grp_runQueryTile_fu_142/ap_sync_reg_entry_proc_U0_ap_ready_reg/R	-0.027
ap_rst_n	grp_run_fu_161/grp_runController_fu_106/grp_runQueryTile_fu_142/runQueryBlock_0_U0/grp_reciprocalColumns_fu_201/grp_reciprocalColumns_Pipeline_VITIS_LOOP_369_1_fu_102/flow_control_loop_pipe_sequential_init_U/ap_loop_init_int_reg/D	-0.027
s_axi_control_ARVALID	control_s_axi_U/rdata_reg[25]/CE	-0.027
m_axi_v_gmem_ARREADY	v_gmem_m_axi_U/bus_read/rreq_burst_conv/could_multi_bursts.last_loop_reg/CE	-0.026
m_axi_v_gmem_ARREADY	v_gmem_m_axi_U/bus_read/rreq_burst_conv/could_multi_bursts.loop_cnt_reg[0]/CE	-0.026
m_axi_v_gmem_ARREADY	v_gmem_m_axi_U/bus_read/rreq_burst_conv/could_multi_bursts.loop_cnt_reg[1]/CE	-0.026
m_axi_v_gmem_ARREADY	v_gmem_m_axi_U/bus_read/rreq_burst_conv/could_multi_bursts.loop_cnt_reg[2]/CE	-0.026
s_axi_control_ARADDR[3]	control_s_axi_U/rdata_reg[11]/D	-0.026
s_axi_control_AWVALID	control_s_axi_U/waddr_reg[6]/CE	-0.026
ap_rst_n	grp_run_fu_161/grp_runController_fu_106/grp_runQueryTile_fu_142/distributeQueryTile_U0/grp_distributeQueryTile_Pipeline_VITIS_LOOP_501_3_VITIS_LOOP_506_4_VITIS_LOOP_507_5_fu_220/ap_enable_reg_pp0_iter1_reg/R	-0.025
ap_rst_n	grp_run_fu_161/grp_runController_fu_106/grp_runQueryTile_fu_142/distributeQueryTile_U0/grp_distributeQueryTile_Pipeline_VITIS_LOOP_501_3_VITIS_LOOP_506_4_VITIS_LOOP_507_5_fu_220/ap_enable_reg_pp0_iter2_reg/R	-0.025
ap_rst_n	grp_run_fu_161/grp_runController_fu_106/grp_runQueryTile_fu_142/runQueryBlock_1_U0/grp_runQueryBlock_1_Outline_VITIS_LOOP_117_5_fu_172/grp_runQueryBlock_1_Pipeline_VITIS_LOOP_162_1_fu_828/ap_enable_reg_pp0_iter0_reg_reg/D	-0.024
s_axi_control_ARVALID	control_s_axi_U/rdata_reg[13]/R	-0.024
s_axi_control_ARVALID	control_s_axi_U/rdata_reg[5]/R	-0.024
s_axi_control_ARVALID	control_s_axi_U/rdata_reg[6]/R	-0.024
m_axi_o_gmem_WREADY	o_gmem_m_axi_U/bus_write/wreq_throttle/last_cnt_reg[1]/D	-0.023
m_axi_o_gmem_WREADY	o_gmem_m_axi_U/bus_write/wreq_throttle/flying_req_reg/D	-0.022
ap_rst_n	grp_run_fu_161/grp_runController_fu_106/grp_runQueryTile_fu_142/runQueryBlock_1_U0/grp_runQueryBlock_1_Outline_VITIS_LOOP_117_5_fu_172/grp_runQueryBlock_1_Pipeline_VITIS_LOOP_369_33_fu_842/flow_control_loop_pipe_sequential_init_U/ap_loop_init_int_reg/D	-0.020
m_axi_q_gmem_ARREADY	q_gmem_m_axi_U/bus_read/rreq_burst_conv/could_multi_bursts.loop_cnt_reg[2]/CE	-0.019
ap_rst_n	grp_run_fu_161/grp_runController_fu_106/grp_runQueryTile_fu_142/runQueryBlock_0_U0/grp_runQueryBlock_0_Pipeline_2_fu_156/flow_control_loop_pipe_sequential_init_U/ap_loop_init_int_reg/D	-0.019
m_axi_o_gmem_AWREADY	o_gmem_m_axi_U/bus_write/wreq_throttle/rs_req/data_p1_reg[32]/CE	-0.019
m_axi_o_gmem_AWREADY	o_gmem_m_axi_U/bus_write/wreq_throttle/rs_req/data_p1_reg[56]/CE	-0.019
m_axi_o_gmem_AWREADY	o_gmem_m_axi_U/bus_write/wreq_throttle/rs_req/data_p1_reg[59]/CE	-0.019
m_axi_o_gmem_AWREADY	o_gmem_m_axi_U/bus_write/wreq_throttle/rs_req/data_p1_reg[63]/CE	-0.019
ap_rst_n	grp_run_fu_161/grp_runController_fu_106/grp_runQueryTile_fu_142/runQueryBlock_1_U0/grp_runQueryBlock_1_Outline_VITIS_LOOP_117_5_fu_172/grp_runQueryBlock_1_Pipeline_4_fu_546/flow_control_loop_pipe_sequential_init_U/ap_done_cache_reg/D	-0.018
ap_rst_n	o_gmem_m_axi_U/bus_write/data_buf_reg[33]/CE	-0.018
ap_rst_n	grp_run_fu_161/grp_runController_fu_106/grp_runQueryTile_fu_142/gatherQueryTile_U0/grp_gatherQueryTile_Pipeline_1_fu_94/flow_control_loop_pipe_sequential_init_U/ap_loop_init_int_reg/D	-0.016
ap_rst_n	grp_run_fu_161/grp_runController_fu_106/grp_runQueryTile_fu_142/distributeQueryTile_U0/grp_distributeQueryTile_Pipeline_VITIS_LOOP_501_3_VITIS_LOOP_506_4_VITIS_LOOP_507_5_fu_220/flow_control_loop_pipe_sequential_init_U/ap_done_cache_reg/D	-0.015
ap_rst_n	grp_run_fu_161/grp_runController_fu_106/grp_runQueryTile_fu_142/runQueryBlock_1_U0/grp_runQueryBlock_1_Outline_VITIS_LOOP_117_5_fu_172/grp_runQueryBlock_1_Pipeline_VITIS_LOOP_190_12_fu_639/flow_control_loop_pipe_sequential_init_U/ap_done_cache_reg/D	-0.015
m_axi_q_gmem_ARREADY	q_gmem_m_axi_U/bus_read/rreq_burst_conv/could_multi_bursts.last_loop_reg/CE	-0.015
m_axi_q_gmem_ARREADY	q_gmem_m_axi_U/bus_read/rreq_burst_conv/could_multi_bursts.loop_cnt_reg[0]/CE	-0.015
m_axi_q_gmem_ARREADY	q_gmem_m_axi_U/bus_read/rreq_burst_conv/could_multi_bursts.loop_cnt_reg[1]/CE	-0.015
ap_rst_n	o_gmem_m_axi_U/store_unit_0/buff_wdata/U_fifo_mem/mem_reg/ENARDEN	-0.013
s_axi_control_ARADDR[3]	control_s_axi_U/rdata_reg[31]/D	-0.013
ap_rst_n	grp_run_fu_161/grp_runController_fu_106/grp_runQueryTile_fu_142/runQueryBlock_1_U0/grp_reciprocalColumns_fu_205/grp_reciprocalColumns_Pipeline_VITIS_LOOP_369_1_fu_102/flow_control_loop_pipe_sequential_init_U/ap_loop_init_int_reg/D	-0.011
ap_rst_n	grp_run_fu_161/grp_runController_fu_106/grp_runQueryTile_fu_142/runQueryBlock_1_U0/grp_runQueryBlock_1_Pipeline_2_fu_160/flow_control_loop_pipe_sequential_init_U/ap_done_cache_reg/D	-0.011
s_axi_control_ARVALID	control_s_axi_U/rdata_reg[13]/CE	-0.010
s_axi_control_ARVALID	control_s_axi_U/rdata_reg[5]/CE	-0.010
s_axi_control_ARVALID	control_s_axi_U/rdata_reg[6]/CE	-0.010
ap_rst_n	grp_run_fu_161/grp_runController_fu_106/grp_runQueryTile_fu_142/runQueryBlock_1_U0/grp_runQueryBlock_1_Outline_VITIS_LOOP_117_5_fu_172/grp_runQueryBlock_1_Pipeline_VITIS_LOOP_144_6_VITIS_LOOP_145_7_fu_550/ap_enable_reg_pp0_iter1_reg/D	-0.010
ap_rst_n	grp_run_fu_161/grp_runController_fu_106/grp_runQueryTile_fu_142/runQueryBlock_0_U0/grp_runQueryBlock_0_Outline_VITIS_LOOP_117_5_fu_168/grp_runQueryBlock_0_Pipeline_VITIS_LOOP_144_6_VITIS_LOOP_145_7_fu_550/flow_control_loop_pipe_sequential_init_U/ap_loop_init_int_reg/D	-0.010
m_axi_o_gmem_AWREADY	o_gmem_m_axi_U/bus_write/wreq_throttle/rs_req/data_p1_reg[19]/CE	-0.010
m_axi_o_gmem_AWREADY	o_gmem_m_axi_U/bus_write/wreq_throttle/rs_req/data_p1_reg[18]/CE	-0.009
m_axi_o_gmem_AWREADY	o_gmem_m_axi_U/bus_write/wreq_throttle/rs_req/data_p1_reg[3]/CE	-0.009
m_axi_o_gmem_AWREADY	o_gmem_m_axi_U/bus_write/wreq_throttle/rs_req/data_p1_reg[4]/CE	-0.009
m_axi_o_gmem_AWREADY	o_gmem_m_axi_U/bus_write/wreq_throttle/rs_req/data_p1_reg[5]/CE	-0.009
m_axi_o_gmem_AWREADY	o_gmem_m_axi_U/bus_write/wreq_throttle/rs_req/data_p1_reg[21]/CE	-0.009
m_axi_o_gmem_AWREADY	o_gmem_m_axi_U/bus_write/wreq_throttle/rs_req/data_p1_reg[22]/CE	-0.009
m_axi_o_gmem_AWREADY	o_gmem_m_axi_U/bus_write/wreq_throttle/rs_req/data_p1_reg[44]/CE	-0.009
m_axi_v_gmem_RVALID	v_gmem_m_axi_U/bus_read/rs_rdata/data_p2_reg[45]/CE	-0.008
m_axi_v_gmem_RVALID	v_gmem_m_axi_U/bus_read/rs_rdata/data_p2_reg[47]/CE	-0.008
m_axi_v_gmem_RVALID	v_gmem_m_axi_U/bus_read/rs_rdata/data_p2_reg[51]/CE	-0.008
m_axi_v_gmem_RVALID	v_gmem_m_axi_U/bus_read/rs_rdata/data_p2_reg[63]/CE	-0.008
ap_rst_n	grp_run_fu_161/grp_runController_fu_106/grp_runQueryTile_fu_142/runQueryBlock_1_U0/grp_runQueryBlock_1_Outline_VITIS_LOOP_117_5_fu_172/grp_runQueryBlock_1_Pipeline_VITIS_LOOP_144_6_VITIS_LOOP_145_7_fu_550/flow_control_loop_pipe_sequential_init_U/ap_loop_init_int_reg/D	-0.008
ap_rst_n	o_gmem_m_axi_U/bus_write/len_cnt_reg[0]/R	-0.008
ap_rst_n	o_gmem_m_axi_U/bus_write/len_cnt_reg[6]/R	-0.008
ap_rst_n	o_gmem_m_axi_U/bus_write/len_cnt_reg[7]/R	-0.008
m_axi_k_gmem_RVALID	k_gmem_m_axi_U/bus_read/rs_rdata/data_p1_reg[64]/CE	-0.007
m_axi_o_gmem_WREADY	o_gmem_m_axi_U/bus_write/wreq_throttle/last_cnt_reg[2]/D	-0.007
ap_rst_n	grp_run_fu_161/grp_runController_fu_106/grp_runQueryTile_fu_142/runQueryBlock_1_U0/grp_runQueryBlock_1_Pipeline_2_fu_160/flow_control_loop_pipe_sequential_init_U/ap_loop_init_int_reg/D	-0.007
ap_rst_n	grp_run_fu_161/grp_runController_fu_106/grp_runQueryTile_fu_142/runQueryBlock_1_U0/grp_reciprocalColumns_fu_205/grp_reciprocalColumns_Pipeline_VITIS_LOOP_369_13_fu_125/flow_control_loop_pipe_sequential_init_U/ap_loop_init_int_reg/D	-0.007
ap_rst_n	grp_run_fu_161/grp_runController_fu_106/grp_runQueryTile_fu_142/runQueryBlock_0_U0/grp_runQueryBlock_0_Outline_VITIS_LOOP_117_5_fu_168/grp_runQueryBlock_0_Pipeline_VITIS_LOOP_369_33_fu_842/ap_enable_reg_pp0_iter1_reg/R	-0.006
ap_rst_n	grp_run_fu_161/grp_runController_fu_106/grp_runQueryTile_fu_142/runQueryBlock_0_U0/grp_runQueryBlock_0_Outline_VITIS_LOOP_117_5_fu_168/grp_runQueryBlock_0_Pipeline_VITIS_LOOP_369_33_fu_842/ap_enable_reg_pp0_iter2_reg/R	-0.006
m_axi_v_gmem_RVALID	v_gmem_m_axi_U/bus_read/rs_rdata/data_p2_reg[41]/CE	-0.005
m_axi_v_gmem_RVALID	v_gmem_m_axi_U/bus_read/rs_rdata/data_p2_reg[43]/CE	-0.005
m_axi_v_gmem_RVALID	v_gmem_m_axi_U/bus_read/rs_rdata/data_p2_reg[49]/CE	-0.005
m_axi_v_gmem_RVALID	v_gmem_m_axi_U/bus_read/rs_rdata/data_p2_reg[61]/CE	-0.005
m_axi_o_gmem_AWREADY	o_gmem_m_axi_U/bus_write/wreq_throttle/rs_req/data_p1_reg[23]/CE	-0.005
m_axi_o_gmem_AWREADY	o_gmem_m_axi_U/bus_write/wreq_throttle/rs_req/data_p1_reg[33]/CE	-0.005
m_axi_o_gmem_AWREADY	o_gmem_m_axi_U/bus_write/wreq_throttle/rs_req/data_p1_reg[34]/CE	-0.005
ap_rst_n	grp_run_fu_161/grp_runController_fu_106/grp_runQueryTile_fu_142/runQueryBlock_0_U0/grp_runQueryBlock_0_Outline_VITIS_LOOP_117_5_fu_168/grp_runQueryBlock_0_Pipeline_VITIS_LOOP_162_1_fu_828/flow_control_loop_pipe_sequential_init_U/ap_loop_init_int_reg/D	-0.003
m_axi_o_gmem_AWREADY	o_gmem_m_axi_U/bus_write/wreq_throttle/rs_req/data_p1_reg[37]/CE	-0.003
m_axi_o_gmem_AWREADY	o_gmem_m_axi_U/bus_write/wreq_throttle/rs_req/data_p1_reg[39]/CE	-0.003
m_axi_o_gmem_AWREADY	o_gmem_m_axi_U/bus_write/wreq_throttle/rs_req/data_p1_reg[49]/CE	-0.003
m_axi_o_gmem_AWREADY	o_gmem_m_axi_U/bus_write/wreq_throttle/rs_req/data_p1_reg[50]/CE	-0.003
ap_rst_n	grp_run_fu_161/grp_runController_fu_106/grp_runQueryTile_fu_142/runQueryBlock_0_U0/grp_runQueryBlock_0_Pipeline_VITIS_LOOP_90_1_VITIS_LOOP_91_2_fu_142/flow_control_loop_pipe_sequential_init_U/ap_loop_init_int_reg/D	-0.002
s_axi_control_WVALID	control_s_axi_U/FSM_onehot_wstate_reg[3]/D	-0.001
