Copyright 1986-2022 Xilinx, Inc. All Rights Reserved. Copyright 2022-2024 Advanced Micro Devices, Inc. All Rights Reserved.
--------------------------------------------------------------------------------------------------------------------------------------------------
| Tool Version      : Vivado v.2024.2 (lin64) Build 5239630 Fri Nov 08 22:34:34 MST 2024
| Date              : Sat Oct 10 18:03:42 2026
| Host              : lenovo-ThinkStation-P920 running 64-bit Ubuntu 24.04.3 LTS
| Command           : report_cdc -details -file /home/zhangchenxuan/FSA_HLS/build/split_d_nm37_7892c75_ipbf/reports/cdc.rpt
| Design            : split_d_nm37_top
| Device            : xcvu37p_CIV-fsvh2892
| Speed File        : -2  PRODUCTION 1.30 05-01-2022
| Design State      : Routed
| Temperature Grade : E
--------------------------------------------------------------------------------------------------------------------------------------------------

CDC Report

ID      Severity  Count  Description
------  --------  -----  -------------------------------------------------------
CDC-3   Info         13  1-bit synchronized with ASYNC_REG property
CDC-9   Info          2  Asynchronous reset synchronized with ASYNC_REG property
CDC-15  Warning     694  Clock enable controlled CDC structure detected

Source Clock: clk_out2_split_d_system_clk_wiz_0_0
Destination Clock: clk_out1_split_d_system_clk_wiz_0_0
CDC Type: Safely Timed

Row  ID      Severity  Description                                     Depth  Exception                Source (From)  Destination (To)
---  ------  --------  ----------------------------------------------  -----  -----------------------  -------------  ----------------
  1  CDC-15  Warning   Clock enable controlled CDC structure detected      0  Max Delay Datapath Only  <hidden>       <hidden>
  2  CDC-15  Warning   Clock enable controlled CDC structure detected      0  Max Delay Datapath Only  <hidden>       <hidden>
  3  CDC-15  Warning   Clock enable controlled CDC structure detected      0  Max Delay Datapath Only  <hidden>       <hidden>
  4  CDC-15  Warning   Clock enable controlled CDC structure detected      0  Max Delay Datapath Only  <hidden>       <hidden>
  5  CDC-15  Warning   Clock enable controlled CDC structure detected      0  Max Delay Datapath Only  <hidden>       <hidden>
  6  CDC-15  Warning   Clock enable controlled CDC structure detected      0  Max Delay Datapath Only  <hidden>       <hidden>
  7  CDC-15  Warning   Clock enable controlled CDC structure detected      0  Max Delay Datapath Only  <hidden>       <hidden>
  8  CDC-15  Warning   Clock enable controlled CDC structure detected      0  Max Delay Datapath Only  <hidden>       <hidden>
  9  CDC-15  Warning   Clock enable controlled CDC structure detected      0  Max Delay Datapath Only  <hidden>       <hidden>
 10  CDC-15  Warning   Clock enable controlled CDC structure detected      0  Max Delay Datapath Only  <hidden>       <hidden>
 11  CDC-15  Warning   Clock enable controlled CDC structure detected      0  Max Delay Datapath Only  <hidden>       <hidden>
 12  CDC-15  Warning   Clock enable controlled CDC structure detected      0  Max Delay Datapath Only  <hidden>       <hidden>
 13  CDC-15  Warning   Clock enable controlled CDC structure detected      0  Max Delay Datapath Only  <hidden>       <hidden>
 14  CDC-15  Warning   Clock enable controlled CDC structure detected      0  Max Delay Datapath Only  <hidden>       <hidden>
 15  CDC-15  Warning   Clock enable controlled CDC structure detected      0  Max Delay Datapath Only  <hidden>       <hidden>
 16  CDC-15  Warning   Clock enable controlled CDC structure detected      0  Max Delay Datapath Only  <hidden>       <hidden>
 17  CDC-15  Warning   Clock enable controlled CDC structure detected      0  Max Delay Datapath Only  <hidden>       <hidden>
 18  CDC-15  Warning   Clock enable controlled CDC structure detected      0  Max Delay Datapath Only  <hidden>       <hidden>
 19  CDC-15  Warning   Clock enable controlled CDC structure detected      0  Max Delay Datapath Only  <hidden>       <hidden>
 20  CDC-15  Warning   Clock enable controlled CDC structure detected      0  Max Delay Datapath Only  <hidden>       <hidden>
 21  CDC-15  Warning   Clock enable controlled CDC structure detected      0  Max Delay Datapath Only  <hidden>       <hidden>
 22  CDC-15  Warning   Clock enable controlled CDC structure detected      0  Max Delay Datapath Only  <hidden>       <hidden>
 23  CDC-15  Warning   Clock enable controlled CDC structure detected      0  Max Delay Datapath Only  <hidden>       <hidden>
 24  CDC-15  Warning   Clock enable controlled CDC structure detected      0  Max Delay Datapath Only  <hidden>       <hidden>
 25  CDC-15  Warning   Clock enable controlled CDC structure detected      0  Max Delay Datapath Only  <hidden>       <hidden>
 26  CDC-15  Warning   Clock enable controlled CDC structure detected      0  Max Delay Datapath Only  <hidden>       <hidden>
 27  CDC-15  Warning   Clock enable controlled CDC structure detected      0  Max Delay Datapath Only  <hidden>       <hidden>
 28  CDC-15  Warning   Clock enable controlled CDC structure detected      0  Max Delay Datapath Only  <hidden>       <hidden>
 29  CDC-15  Warning   Clock enable controlled CDC structure detected      0  Max Delay Datapath Only  <hidden>       <hidden>
 30  CDC-15  Warning   Clock enable controlled CDC structure detected      0  Max Delay Datapath Only  <hidden>       <hidden>
 31  CDC-15  Warning   Clock enable controlled CDC structure detected      0  Max Delay Datapath Only  <hidden>       <hidden>
 32  CDC-15  Warning   Clock enable controlled CDC structure detected      0  Max Delay Datapath Only  <hidden>       <hidden>
 33  CDC-15  Warning   Clock enable controlled CDC structure detected      0  Max Delay Datapath Only  <hidden>       <hidden>
 34  CDC-15  Warning   Clock enable controlled CDC structure detected      0  Max Delay Datapath Only  <hidden>       <hidden>
 35  CDC-15  Warning   Clock enable controlled CDC structure detected      0  Max Delay Datapath Only  <hidden>       <hidden>
 36  CDC-15  Warning   Clock enable controlled CDC structure detected      0  Max Delay Datapath Only  <hidden>       <hidden>
 37  CDC-15  Warning   Clock enable controlled CDC structure detected      0  Max Delay Datapath Only  <hidden>       <hidden>
 38  CDC-15  Warning   Clock enable controlled CDC structure detected      0  Max Delay Datapath Only  <hidden>       <hidden>
 39  CDC-15  Warning   Clock enable controlled CDC structure detected      0  Max Delay Datapath Only  <hidden>       <hidden>
 40  CDC-15  Warning   Clock enable controlled CDC structure detected      0  Max Delay Datapath Only  <hidden>       <hidden>
 41  CDC-15  Warning   Clock enable controlled CDC structure detected      0  Max Delay Datapath Only  <hidden>       <hidden>
 42  CDC-15  Warning   Clock enable controlled CDC structure detected      0  Max Delay Datapath Only  <hidden>       <hidden>
 43  CDC-15  Warning   Clock enable controlled CDC structure detected      0  Max Delay Datapath Only  <hidden>       <hidden>
 44  CDC-15  Warning   Clock enable controlled CDC structure detected      0  Max Delay Datapath Only  <hidden>       <hidden>
 45  CDC-15  Warning   Clock enable controlled CDC structure detected      0  Max Delay Datapath Only  <hidden>       <hidden>
 46  CDC-15  Warning   Clock enable controlled CDC structure detected      0  Max Delay Datapath Only  <hidden>       <hidden>
 47  CDC-15  Warning   Clock enable controlled CDC structure detected      0  Max Delay Datapath Only  <hidden>       <hidden>
 48  CDC-15  Warning   Clock enable controlled CDC structure detected      0  Max Delay Datapath Only  <hidden>       <hidden>
 49  CDC-15  Warning   Clock enable controlled CDC structure detected      0  Max Delay Datapath Only  <hidden>       <hidden>
 50  CDC-15  Warning   Clock enable controlled CDC structure detected      0  Max Delay Datapath Only  <hidden>       <hidden>
 51  CDC-15  Warning   Clock enable controlled CDC structure detected      0  Max Delay Datapath Only  <hidden>       <hidden>
 52  CDC-15  Warning   Clock enable controlled CDC structure detected      0  Max Delay Datapath Only  <hidden>       <hidden>
 53  CDC-15  Warning   Clock enable controlled CDC structure detected      0  Max Delay Datapath Only  <hidden>       <hidden>
 54  CDC-15  Warning   Clock enable controlled CDC structure detected      0  Max Delay Datapath Only  <hidden>       <hidden>
 55  CDC-15  Warning   Clock enable controlled CDC structure detected      0  Max Delay Datapath Only  <hidden>       <hidden>
 56  CDC-15  Warning   Clock enable controlled CDC structure detected      0  Max Delay Datapath Only  <hidden>       <hidden>
 57  CDC-15  Warning   Clock enable controlled CDC structure detected      0  Max Delay Datapath Only  <hidden>       <hidden>
 58  CDC-15  Warning   Clock enable controlled CDC structure detected      0  Max Delay Datapath Only  <hidden>       <hidden>
 59  CDC-15  Warning   Clock enable controlled CDC structure detected      0  Max Delay Datapath Only  <hidden>       <hidden>
 60  CDC-15  Warning   Clock enable controlled CDC structure detected      0  Max Delay Datapath Only  <hidden>       <hidden>
 61  CDC-15  Warning   Clock enable controlled CDC structure detected      0  Max Delay Datapath Only  <hidden>       <hidden>
 62  CDC-15  Warning   Clock enable controlled CDC structure detected      0  Max Delay Datapath Only  <hidden>       <hidden>
 63  CDC-15  Warning   Clock enable controlled CDC structure detected      0  Max Delay Datapath Only  <hidden>       <hidden>
 64  CDC-15  Warning   Clock enable controlled CDC structure detected      0  Max Delay Datapath Only  <hidden>       <hidden>
 65  CDC-15  Warning   Clock enable controlled CDC structure detected      0  Max Delay Datapath Only  <hidden>       <hidden>
 66  CDC-15  Warning   Clock enable controlled CDC structure detected      0  Max Delay Datapath Only  <hidden>       <hidden>
 67  CDC-15  Warning   Clock enable controlled CDC structure detected      0  Max Delay Datapath Only  <hidden>       <hidden>
 68  CDC-15  Warning   Clock enable controlled CDC structure detected      0  Max Delay Datapath Only  <hidden>       <hidden>
 69  CDC-15  Warning   Clock enable controlled CDC structure detected      0  Max Delay Datapath Only  <hidden>       <hidden>
 70  CDC-15  Warning   Clock enable controlled CDC structure detected      0  Max Delay Datapath Only  <hidden>       <hidden>
 71  CDC-15  Warning   Clock enable controlled CDC structure detected      0  Max Delay Datapath Only  <hidden>       <hidden>
 72  CDC-15  Warning   Clock enable controlled CDC structure detected      0  Max Delay Datapath Only  <hidden>       <hidden>
 73  CDC-15  Warning   Clock enable controlled CDC structure detected      0  Max Delay Datapath Only  <hidden>       <hidden>
 74  CDC-15  Warning   Clock enable controlled CDC structure detected      0  Max Delay Datapath Only  <hidden>       <hidden>
 75  CDC-15  Warning   Clock enable controlled CDC structure detected      0  Max Delay Datapath Only  <hidden>       <hidden>
 76  CDC-15  Warning   Clock enable controlled CDC structure detected      0  Max Delay Datapath Only  <hidden>       <hidden>
 77  CDC-15  Warning   Clock enable controlled CDC structure detected      0  Max Delay Datapath Only  <hidden>       <hidden>
 78  CDC-15  Warning   Clock enable controlled CDC structure detected      0  Max Delay Datapath Only  <hidden>       <hidden>
 79  CDC-15  Warning   Clock enable controlled CDC structure detected      0  Max Delay Datapath Only  <hidden>       <hidden>
 80  CDC-15  Warning   Clock enable controlled CDC structure detected      0  Max Delay Datapath Only  <hidden>       <hidden>
 81  CDC-15  Warning   Clock enable controlled CDC structure detected      0  Max Delay Datapath Only  <hidden>       <hidden>
 82  CDC-15  Warning   Clock enable controlled CDC structure detected      0  Max Delay Datapath Only  <hidden>       <hidden>
 83  CDC-15  Warning   Clock enable controlled CDC structure detected      0  Max Delay Datapath Only  <hidden>       <hidden>
 84  CDC-15  Warning   Clock enable controlled CDC structure detected      0  Max Delay Datapath Only  <hidden>       <hidden>
 85  CDC-15  Warning   Clock enable controlled CDC structure detected      0  Max Delay Datapath Only  <hidden>       <hidden>
 86  CDC-15  Warning   Clock enable controlled CDC structure detected      0  Max Delay Datapath Only  <hidden>       <hidden>
 87  CDC-15  Warning   Clock enable controlled CDC structure detected      0  Max Delay Datapath Only  <hidden>       <hidden>
 88  CDC-15  Warning   Clock enable controlled CDC structure detected      0  Max Delay Datapath Only  <hidden>       <hidden>
 89  CDC-15  Warning   Clock enable controlled CDC structure detected      0  Max Delay Datapath Only  <hidden>       <hidden>
 90  CDC-15  Warning   Clock enable controlled CDC structure detected      0  Max Delay Datapath Only  <hidden>       <hidden>
 91  CDC-15  Warning   Clock enable controlled CDC structure detected      0  Max Delay Datapath Only  <hidden>       <hidden>
 92  CDC-15  Warning   Clock enable controlled CDC structure detected      0  Max Delay Datapath Only  <hidden>       <hidden>
 93  CDC-15  Warning   Clock enable controlled CDC structure detected      0  Max Delay Datapath Only  <hidden>       <hidden>
 94  CDC-15  Warning   Clock enable controlled CDC structure detected      0  Max Delay Datapath Only  <hidden>       <hidden>
 95  CDC-15  Warning   Clock enable controlled CDC structure detected      0  Max Delay Datapath Only  <hidden>       <hidden>
 96  CDC-15  Warning   Clock enable controlled CDC structure detected      0  Max Delay Datapath Only  <hidden>       <hidden>
 97  CDC-15  Warning   Clock enable controlled CDC structure detected      0  Max Delay Datapath Only  <hidden>       <hidden>
 98  CDC-15  Warning   Clock enable controlled CDC structure detected      0  Max Delay Datapath Only  <hidden>       <hidden>
 99  CDC-15  Warning   Clock enable controlled CDC structure detected      0  Max Delay Datapath Only  <hidden>       <hidden>
100  CDC-15  Warning   Clock enable controlled CDC structure detected      0  Max Delay Datapath Only  <hidden>       <hidden>
101  CDC-15  Warning   Clock enable controlled CDC structure detected      0  Max Delay Datapath Only  <hidden>       <hidden>
102  CDC-15  Warning   Clock enable controlled CDC structure detected      0  Max Delay Datapath Only  <hidden>       <hidden>
103  CDC-15  Warning   Clock enable controlled CDC structure detected      0  Max Delay Datapath Only  <hidden>       <hidden>
104  CDC-15  Warning   Clock enable controlled CDC structure detected      0  Max Delay Datapath Only  <hidden>       <hidden>
105  CDC-15  Warning   Clock enable controlled CDC structure detected      0  Max Delay Datapath Only  <hidden>       <hidden>
106  CDC-15  Warning   Clock enable controlled CDC structure detected      0  Max Delay Datapath Only  <hidden>       <hidden>
107  CDC-15  Warning   Clock enable controlled CDC structure detected      0  Max Delay Datapath Only  <hidden>       <hidden>
108  CDC-15  Warning   Clock enable controlled CDC structure detected      0  Max Delay Datapath Only  <hidden>       <hidden>
109  CDC-15  Warning   Clock enable controlled CDC structure detected      0  Max Delay Datapath Only  <hidden>       <hidden>
110  CDC-15  Warning   Clock enable controlled CDC structure detected      0  Max Delay Datapath Only  <hidden>       <hidden>
111  CDC-15  Warning   Clock enable controlled CDC structure detected      0  Max Delay Datapath Only  <hidden>       <hidden>
112  CDC-15  Warning   Clock enable controlled CDC structure detected      0  Max Delay Datapath Only  <hidden>       <hidden>
113  CDC-15  Warning   Clock enable controlled CDC structure detected      0  Max Delay Datapath Only  <hidden>       <hidden>
114  CDC-15  Warning   Clock enable controlled CDC structure detected      0  Max Delay Datapath Only  <hidden>       <hidden>
115  CDC-15  Warning   Clock enable controlled CDC structure detected      0  Max Delay Datapath Only  <hidden>       <hidden>
116  CDC-15  Warning   Clock enable controlled CDC structure detected      0  Max Delay Datapath Only  <hidden>       <hidden>
117  CDC-15  Warning   Clock enable controlled CDC structure detected      0  Max Delay Datapath Only  <hidden>       <hidden>
118  CDC-15  Warning   Clock enable controlled CDC structure detected      0  Max Delay Datapath Only  <hidden>       <hidden>
119  CDC-15  Warning   Clock enable controlled CDC structure detected      0  Max Delay Datapath Only  <hidden>       <hidden>
120  CDC-15  Warning   Clock enable controlled CDC structure detected      0  Max Delay Datapath Only  <hidden>       <hidden>
121  CDC-15  Warning   Clock enable controlled CDC structure detected      0  Max Delay Datapath Only  <hidden>       <hidden>
122  CDC-15  Warning   Clock enable controlled CDC structure detected      0  Max Delay Datapath Only  <hidden>       <hidden>
123  CDC-15  Warning   Clock enable controlled CDC structure detected      0  Max Delay Datapath Only  <hidden>       <hidden>
124  CDC-15  Warning   Clock enable controlled CDC structure detected      0  Max Delay Datapath Only  <hidden>       <hidden>
125  CDC-15  Warning   Clock enable controlled CDC structure detected      0  Max Delay Datapath Only  <hidden>       <hidden>
126  CDC-15  Warning   Clock enable controlled CDC structure detected      0  Max Delay Datapath Only  <hidden>       <hidden>
127  CDC-15  Warning   Clock enable controlled CDC structure detected      0  Max Delay Datapath Only  <hidden>       <hidden>
128  CDC-15  Warning   Clock enable controlled CDC structure detected      0  Max Delay Datapath Only  <hidden>       <hidden>
129  CDC-15  Warning   Clock enable controlled CDC structure detected      0  Max Delay Datapath Only  <hidden>       <hidden>
130  CDC-15  Warning   Clock enable controlled CDC structure detected      0  Max Delay Datapath Only  <hidden>       <hidden>
131  CDC-15  Warning   Clock enable controlled CDC structure detected      0  Max Delay Datapath Only  <hidden>       <hidden>
132  CDC-15  Warning   Clock enable controlled CDC structure detected      0  Max Delay Datapath Only  <hidden>       <hidden>
133  CDC-15  Warning   Clock enable controlled CDC structure detected      0  Max Delay Datapath Only  <hidden>       <hidden>
134  CDC-15  Warning   Clock enable controlled CDC structure detected      0  Max Delay Datapath Only  <hidden>       <hidden>
135  CDC-15  Warning   Clock enable controlled CDC structure detected      0  Max Delay Datapath Only  <hidden>       <hidden>
136  CDC-15  Warning   Clock enable controlled CDC structure detected      0  Max Delay Datapath Only  <hidden>       <hidden>
137  CDC-15  Warning   Clock enable controlled CDC structure detected      0  Max Delay Datapath Only  <hidden>       <hidden>
138  CDC-15  Warning   Clock enable controlled CDC structure detected      0  Max Delay Datapath Only  <hidden>       <hidden>
139  CDC-15  Warning   Clock enable controlled CDC structure detected      0  Max Delay Datapath Only  <hidden>       <hidden>
140  CDC-15  Warning   Clock enable controlled CDC structure detected      0  Max Delay Datapath Only  <hidden>       <hidden>
141  CDC-15  Warning   Clock enable controlled CDC structure detected      0  Max Delay Datapath Only  <hidden>       <hidden>
142  CDC-15  Warning   Clock enable controlled CDC structure detected      0  Max Delay Datapath Only  <hidden>       <hidden>
143  CDC-15  Warning   Clock enable controlled CDC structure detected      0  Max Delay Datapath Only  <hidden>       <hidden>
144  CDC-15  Warning   Clock enable controlled CDC structure detected      0  Max Delay Datapath Only  <hidden>       <hidden>
145  CDC-15  Warning   Clock enable controlled CDC structure detected      0  Max Delay Datapath Only  <hidden>       <hidden>
146  CDC-15  Warning   Clock enable controlled CDC structure detected      0  Max Delay Datapath Only  <hidden>       <hidden>
147  CDC-15  Warning   Clock enable controlled CDC structure detected      0  Max Delay Datapath Only  <hidden>       <hidden>
148  CDC-15  Warning   Clock enable controlled CDC structure detected      0  Max Delay Datapath Only  <hidden>       <hidden>
149  CDC-15  Warning   Clock enable controlled CDC structure detected      0  Max Delay Datapath Only  <hidden>       <hidden>
150  CDC-15  Warning   Clock enable controlled CDC structure detected      0  Max Delay Datapath Only  <hidden>       <hidden>
151  CDC-15  Warning   Clock enable controlled CDC structure detected      0  Max Delay Datapath Only  <hidden>       <hidden>
152  CDC-15  Warning   Clock enable controlled CDC structure detected      0  Max Delay Datapath Only  <hidden>       <hidden>
153  CDC-15  Warning   Clock enable controlled CDC structure detected      0  Max Delay Datapath Only  <hidden>       <hidden>
154  CDC-15  Warning   Clock enable controlled CDC structure detected      0  Max Delay Datapath Only  <hidden>       <hidden>
155  CDC-15  Warning   Clock enable controlled CDC structure detected      0  Max Delay Datapath Only  <hidden>       <hidden>
156  CDC-15  Warning   Clock enable controlled CDC structure detected      0  Max Delay Datapath Only  <hidden>       <hidden>
157  CDC-15  Warning   Clock enable controlled CDC structure detected      0  Max Delay Datapath Only  <hidden>       <hidden>
158  CDC-15  Warning   Clock enable controlled CDC structure detected      0  Max Delay Datapath Only  <hidden>       <hidden>
159  CDC-15  Warning   Clock enable controlled CDC structure detected      0  Max Delay Datapath Only  <hidden>       <hidden>
160  CDC-15  Warning   Clock enable controlled CDC structure detected      0  Max Delay Datapath Only  <hidden>       <hidden>
161  CDC-15  Warning   Clock enable controlled CDC structure detected      0  Max Delay Datapath Only  <hidden>       <hidden>
162  CDC-15  Warning   Clock enable controlled CDC structure detected      0  Max Delay Datapath Only  <hidden>       <hidden>
163  CDC-15  Warning   Clock enable controlled CDC structure detected      0  Max Delay Datapath Only  <hidden>       <hidden>
164  CDC-15  Warning   Clock enable controlled CDC structure detected      0  Max Delay Datapath Only  <hidden>       <hidden>
165  CDC-15  Warning   Clock enable controlled CDC structure detected      0  Max Delay Datapath Only  <hidden>       <hidden>
166  CDC-15  Warning   Clock enable controlled CDC structure detected      0  Max Delay Datapath Only  <hidden>       <hidden>
167  CDC-15  Warning   Clock enable controlled CDC structure detected      0  Max Delay Datapath Only  <hidden>       <hidden>
168  CDC-15  Warning   Clock enable controlled CDC structure detected      0  Max Delay Datapath Only  <hidden>       <hidden>
169  CDC-15  Warning   Clock enable controlled CDC structure detected      0  Max Delay Datapath Only  <hidden>       <hidden>
170  CDC-15  Warning   Clock enable controlled CDC structure detected      0  Max Delay Datapath Only  <hidden>       <hidden>
171  CDC-15  Warning   Clock enable controlled CDC structure detected      0  Max Delay Datapath Only  <hidden>       <hidden>
172  CDC-15  Warning   Clock enable controlled CDC structure detected      0  Max Delay Datapath Only  <hidden>       <hidden>
173  CDC-15  Warning   Clock enable controlled CDC structure detected      0  Max Delay Datapath Only  <hidden>       <hidden>
174  CDC-15  Warning   Clock enable controlled CDC structure detected      0  Max Delay Datapath Only  <hidden>       <hidden>
175  CDC-15  Warning   Clock enable controlled CDC structure detected      0  Max Delay Datapath Only  <hidden>       <hidden>
176  CDC-15  Warning   Clock enable controlled CDC structure detected      0  Max Delay Datapath Only  <hidden>       <hidden>
177  CDC-15  Warning   Clock enable controlled CDC structure detected      0  Max Delay Datapath Only  <hidden>       <hidden>
178  CDC-15  Warning   Clock enable controlled CDC structure detected      0  Max Delay Datapath Only  <hidden>       <hidden>
179  CDC-15  Warning   Clock enable controlled CDC structure detected      0  Max Delay Datapath Only  <hidden>       <hidden>
180  CDC-15  Warning   Clock enable controlled CDC structure detected      0  Max Delay Datapath Only  <hidden>       <hidden>
181  CDC-15  Warning   Clock enable controlled CDC structure detected      0  Max Delay Datapath Only  <hidden>       <hidden>
182  CDC-15  Warning   Clock enable controlled CDC structure detected      0  Max Delay Datapath Only  <hidden>       <hidden>
183  CDC-15  Warning   Clock enable controlled CDC structure detected      0  Max Delay Datapath Only  <hidden>       <hidden>
184  CDC-15  Warning   Clock enable controlled CDC structure detected      0  Max Delay Datapath Only  <hidden>       <hidden>
185  CDC-15  Warning   Clock enable controlled CDC structure detected      0  Max Delay Datapath Only  <hidden>       <hidden>
186  CDC-15  Warning   Clock enable controlled CDC structure detected      0  Max Delay Datapath Only  <hidden>       <hidden>
187  CDC-15  Warning   Clock enable controlled CDC structure detected      0  Max Delay Datapath Only  <hidden>       <hidden>
188  CDC-15  Warning   Clock enable controlled CDC structure detected      0  Max Delay Datapath Only  <hidden>       <hidden>
189  CDC-15  Warning   Clock enable controlled CDC structure detected      0  Max Delay Datapath Only  <hidden>       <hidden>
190  CDC-15  Warning   Clock enable controlled CDC structure detected      0  Max Delay Datapath Only  <hidden>       <hidden>
191  CDC-15  Warning   Clock enable controlled CDC structure detected      0  Max Delay Datapath Only  <hidden>       <hidden>
192  CDC-15  Warning   Clock enable controlled CDC structure detected      0  Max Delay Datapath Only  <hidden>       <hidden>
193  CDC-15  Warning   Clock enable controlled CDC structure detected      0  Max Delay Datapath Only  <hidden>       <hidden>
194  CDC-15  Warning   Clock enable controlled CDC structure detected      0  Max Delay Datapath Only  <hidden>       <hidden>
195  CDC-15  Warning   Clock enable controlled CDC structure detected      0  Max Delay Datapath Only  <hidden>       <hidden>
196  CDC-15  Warning   Clock enable controlled CDC structure detected      0  Max Delay Datapath Only  <hidden>       <hidden>
197  CDC-15  Warning   Clock enable controlled CDC structure detected      0  Max Delay Datapath Only  <hidden>       <hidden>
198  CDC-15  Warning   Clock enable controlled CDC structure detected      0  Max Delay Datapath Only  <hidden>       <hidden>
199  CDC-15  Warning   Clock enable controlled CDC structure detected      0  Max Delay Datapath Only  <hidden>       <hidden>
200  CDC-15  Warning   Clock enable controlled CDC structure detected      0  Max Delay Datapath Only  <hidden>       <hidden>
201  CDC-15  Warning   Clock enable controlled CDC structure detected      0  Max Delay Datapath Only  <hidden>       <hidden>
202  CDC-15  Warning   Clock enable controlled CDC structure detected      0  Max Delay Datapath Only  <hidden>       <hidden>
203  CDC-15  Warning   Clock enable controlled CDC structure detected      0  Max Delay Datapath Only  <hidden>       <hidden>
204  CDC-15  Warning   Clock enable controlled CDC structure detected      0  Max Delay Datapath Only  <hidden>       <hidden>
205  CDC-15  Warning   Clock enable controlled CDC structure detected      0  Max Delay Datapath Only  <hidden>       <hidden>
206  CDC-15  Warning   Clock enable controlled CDC structure detected      0  Max Delay Datapath Only  <hidden>       <hidden>
207  CDC-15  Warning   Clock enable controlled CDC structure detected      0  Max Delay Datapath Only  <hidden>       <hidden>
208  CDC-15  Warning   Clock enable controlled CDC structure detected      0  Max Delay Datapath Only  <hidden>       <hidden>
209  CDC-15  Warning   Clock enable controlled CDC structure detected      0  Max Delay Datapath Only  <hidden>       <hidden>
210  CDC-15  Warning   Clock enable controlled CDC structure detected      0  Max Delay Datapath Only  <hidden>       <hidden>
211  CDC-15  Warning   Clock enable controlled CDC structure detected      0  Max Delay Datapath Only  <hidden>       <hidden>
212  CDC-15  Warning   Clock enable controlled CDC structure detected      0  Max Delay Datapath Only  <hidden>       <hidden>
213  CDC-15  Warning   Clock enable controlled CDC structure detected      0  Max Delay Datapath Only  <hidden>       <hidden>
214  CDC-15  Warning   Clock enable controlled CDC structure detected      0  Max Delay Datapath Only  <hidden>       <hidden>
215  CDC-15  Warning   Clock enable controlled CDC structure detected      0  Max Delay Datapath Only  <hidden>       <hidden>
216  CDC-15  Warning   Clock enable controlled CDC structure detected      0  Max Delay Datapath Only  <hidden>       <hidden>
217  CDC-15  Warning   Clock enable controlled CDC structure detected      0  Max Delay Datapath Only  <hidden>       <hidden>
218  CDC-15  Warning   Clock enable controlled CDC structure detected      0  Max Delay Datapath Only  <hidden>       <hidden>
219  CDC-15  Warning   Clock enable controlled CDC structure detected      0  Max Delay Datapath Only  <hidden>       <hidden>
220  CDC-15  Warning   Clock enable controlled CDC structure detected      0  Max Delay Datapath Only  <hidden>       <hidden>
221  CDC-15  Warning   Clock enable controlled CDC structure detected      0  Max Delay Datapath Only  <hidden>       <hidden>
222  CDC-15  Warning   Clock enable controlled CDC structure detected      0  Max Delay Datapath Only  <hidden>       <hidden>
223  CDC-15  Warning   Clock enable controlled CDC structure detected      0  Max Delay Datapath Only  <hidden>       <hidden>
224  CDC-15  Warning   Clock enable controlled CDC structure detected      0  Max Delay Datapath Only  <hidden>       <hidden>
225  CDC-15  Warning   Clock enable controlled CDC structure detected      0  Max Delay Datapath Only  <hidden>       <hidden>
226  CDC-15  Warning   Clock enable controlled CDC structure detected      0  Max Delay Datapath Only  <hidden>       <hidden>
227  CDC-15  Warning   Clock enable controlled CDC structure detected      0  Max Delay Datapath Only  <hidden>       <hidden>
228  CDC-15  Warning   Clock enable controlled CDC structure detected      0  Max Delay Datapath Only  <hidden>       <hidden>
229  CDC-15  Warning   Clock enable controlled CDC structure detected      0  Max Delay Datapath Only  <hidden>       <hidden>
230  CDC-15  Warning   Clock enable controlled CDC structure detected      0  Max Delay Datapath Only  <hidden>       <hidden>
231  CDC-15  Warning   Clock enable controlled CDC structure detected      0  Max Delay Datapath Only  <hidden>       <hidden>
232  CDC-15  Warning   Clock enable controlled CDC structure detected      0  Max Delay Datapath Only  <hidden>       <hidden>
233  CDC-15  Warning   Clock enable controlled CDC structure detected      0  Max Delay Datapath Only  <hidden>       <hidden>
234  CDC-15  Warning   Clock enable controlled CDC structure detected      0  Max Delay Datapath Only  <hidden>       <hidden>
235  CDC-15  Warning   Clock enable controlled CDC structure detected      0  Max Delay Datapath Only  <hidden>       <hidden>
236  CDC-15  Warning   Clock enable controlled CDC structure detected      0  Max Delay Datapath Only  <hidden>       <hidden>
237  CDC-15  Warning   Clock enable controlled CDC structure detected      0  Max Delay Datapath Only  <hidden>       <hidden>
238  CDC-15  Warning   Clock enable controlled CDC structure detected      0  Max Delay Datapath Only  <hidden>       <hidden>
239  CDC-15  Warning   Clock enable controlled CDC structure detected      0  Max Delay Datapath Only  <hidden>       <hidden>
240  CDC-15  Warning   Clock enable controlled CDC structure detected      0  Max Delay Datapath Only  <hidden>       <hidden>
241  CDC-15  Warning   Clock enable controlled CDC structure detected      0  Max Delay Datapath Only  <hidden>       <hidden>
242  CDC-15  Warning   Clock enable controlled CDC structure detected      0  Max Delay Datapath Only  <hidden>       <hidden>
243  CDC-15  Warning   Clock enable controlled CDC structure detected      0  Max Delay Datapath Only  <hidden>       <hidden>
244  CDC-15  Warning   Clock enable controlled CDC structure detected      0  Max Delay Datapath Only  <hidden>       <hidden>
245  CDC-15  Warning   Clock enable controlled CDC structure detected      0  Max Delay Datapath Only  <hidden>       <hidden>
246  CDC-15  Warning   Clock enable controlled CDC structure detected      0  Max Delay Datapath Only  <hidden>       <hidden>
247  CDC-15  Warning   Clock enable controlled CDC structure detected      0  Max Delay Datapath Only  <hidden>       <hidden>
248  CDC-15  Warning   Clock enable controlled CDC structure detected      0  Max Delay Datapath Only  <hidden>       <hidden>
249  CDC-15  Warning   Clock enable controlled CDC structure detected      0  Max Delay Datapath Only  <hidden>       <hidden>
250  CDC-15  Warning   Clock enable controlled CDC structure detected      0  Max Delay Datapath Only  <hidden>       <hidden>
251  CDC-15  Warning   Clock enable controlled CDC structure detected      0  Max Delay Datapath Only  <hidden>       <hidden>
252  CDC-15  Warning   Clock enable controlled CDC structure detected      0  Max Delay Datapath Only  <hidden>       <hidden>
253  CDC-15  Warning   Clock enable controlled CDC structure detected      0  Max Delay Datapath Only  <hidden>       <hidden>
254  CDC-15  Warning   Clock enable controlled CDC structure detected      0  Max Delay Datapath Only  <hidden>       <hidden>
255  CDC-15  Warning   Clock enable controlled CDC structure detected      0  Max Delay Datapath Only  <hidden>       <hidden>
256  CDC-15  Warning   Clock enable controlled CDC structure detected      0  Max Delay Datapath Only  <hidden>       <hidden>
257  CDC-15  Warning   Clock enable controlled CDC structure detected      0  Max Delay Datapath Only  <hidden>       <hidden>
258  CDC-15  Warning   Clock enable controlled CDC structure detected      0  Max Delay Datapath Only  <hidden>       <hidden>
259  CDC-15  Warning   Clock enable controlled CDC structure detected      0  Max Delay Datapath Only  <hidden>       <hidden>
260  CDC-15  Warning   Clock enable controlled CDC structure detected      0  Max Delay Datapath Only  <hidden>       <hidden>
261  CDC-15  Warning   Clock enable controlled CDC structure detected      0  Max Delay Datapath Only  <hidden>       <hidden>
262  CDC-15  Warning   Clock enable controlled CDC structure detected      0  Max Delay Datapath Only  <hidden>       <hidden>
263  CDC-15  Warning   Clock enable controlled CDC structure detected      0  Max Delay Datapath Only  <hidden>       <hidden>
264  CDC-15  Warning   Clock enable controlled CDC structure detected      0  Max Delay Datapath Only  <hidden>       <hidden>
265  CDC-15  Warning   Clock enable controlled CDC structure detected      0  Max Delay Datapath Only  <hidden>       <hidden>
266  CDC-15  Warning   Clock enable controlled CDC structure detected      0  Max Delay Datapath Only  <hidden>       <hidden>
267  CDC-15  Warning   Clock enable controlled CDC structure detected      0  Max Delay Datapath Only  <hidden>       <hidden>
268  CDC-15  Warning   Clock enable controlled CDC structure detected      0  Max Delay Datapath Only  <hidden>       <hidden>
269  CDC-15  Warning   Clock enable controlled CDC structure detected      0  Max Delay Datapath Only  <hidden>       <hidden>
270  CDC-15  Warning   Clock enable controlled CDC structure detected      0  Max Delay Datapath Only  <hidden>       <hidden>
271  CDC-15  Warning   Clock enable controlled CDC structure detected      0  Max Delay Datapath Only  <hidden>       <hidden>
272  CDC-15  Warning   Clock enable controlled CDC structure detected      0  Max Delay Datapath Only  <hidden>       <hidden>
273  CDC-15  Warning   Clock enable controlled CDC structure detected      0  Max Delay Datapath Only  <hidden>       <hidden>
274  CDC-15  Warning   Clock enable controlled CDC structure detected      0  Max Delay Datapath Only  <hidden>       <hidden>
275  CDC-15  Warning   Clock enable controlled CDC structure detected      0  Max Delay Datapath Only  <hidden>       <hidden>
276  CDC-15  Warning   Clock enable controlled CDC structure detected      0  Max Delay Datapath Only  <hidden>       <hidden>
277  CDC-15  Warning   Clock enable controlled CDC structure detected      0  Max Delay Datapath Only  <hidden>       <hidden>
278  CDC-15  Warning   Clock enable controlled CDC structure detected      0  Max Delay Datapath Only  <hidden>       <hidden>
279  CDC-15  Warning   Clock enable controlled CDC structure detected      0  Max Delay Datapath Only  <hidden>       <hidden>
280  CDC-15  Warning   Clock enable controlled CDC structure detected      0  Max Delay Datapath Only  <hidden>       <hidden>
281  CDC-15  Warning   Clock enable controlled CDC structure detected      0  Max Delay Datapath Only  <hidden>       <hidden>
282  CDC-15  Warning   Clock enable controlled CDC structure detected      0  Max Delay Datapath Only  <hidden>       <hidden>
283  CDC-15  Warning   Clock enable controlled CDC structure detected      0  Max Delay Datapath Only  <hidden>       <hidden>
284  CDC-15  Warning   Clock enable controlled CDC structure detected      0  Max Delay Datapath Only  <hidden>       <hidden>
285  CDC-15  Warning   Clock enable controlled CDC structure detected      0  Max Delay Datapath Only  <hidden>       <hidden>

Source Clock: dbg_hub/inst/BSCANID.u_xsdbm_id/SWITCH_N_EXT_BSCAN.bscan_inst/SERIES7_BSCAN.bscan_inst/INTERNAL_TCK
Destination Clock: clk_out1_split_d_system_clk_wiz_0_0
CDC Type: No Common Primary Clock

Row  ID      Severity  Description                                              Depth  Exception   Source (From)                                                                                                                                                                                                                       Destination (To)
---  ------  --------  -------------------------------------------------------  -----  ----------  ----------------------------------------------------------------------------------------------------------------------------------------------------------------------------------------------------------------------------------  ---------------------------------------------------------------------------------------------------------------------------------------------------------------------------------------------------------------------------
  1  CDC-3   Info      1-bit synchronized with ASYNC_REG property                   2  False Path  dbg_hub/inst/BSCANID.u_xsdbm_id/CORE_XSDB.UUT_MASTER/U_ICON_INTERFACE/U_CMD1/icn_cmd_en_temp_reg/C                                                                                                                                  dbg_hub/inst/BSCANID.u_xsdbm_id/CORE_XSDB.UUT_MASTER/U_ICON_INTERFACE/U_CMD1/ctl_reg_en_1_reg[0]/D
  2  CDC-3   Info      1-bit synchronized with ASYNC_REG property                   2  False Path  dbg_hub/inst/BSCANID.u_xsdbm_id/CORE_XSDB.UUT_MASTER/U_ICON_INTERFACE/U_CMD2/icn_cmd_en_temp_reg/C                                                                                                                                  dbg_hub/inst/BSCANID.u_xsdbm_id/CORE_XSDB.UUT_MASTER/U_ICON_INTERFACE/U_CMD2/stat_reg_ld_reg[0]/D
  3  CDC-3   Info      1-bit synchronized with ASYNC_REG property                   2  False Path  dbg_hub/inst/BSCANID.u_xsdbm_id/CORE_XSDB.UUT_MASTER/U_ICON_INTERFACE/U_CMD3/icn_cmd_en_temp_reg/C                                                                                                                                  dbg_hub/inst/BSCANID.u_xsdbm_id/CORE_XSDB.UUT_MASTER/U_ICON_INTERFACE/U_CMD3/stat_reg_ld_reg[0]/D
  4  CDC-3   Info      1-bit synchronized with ASYNC_REG property                   2  False Path  dbg_hub/inst/BSCANID.u_xsdbm_id/CORE_XSDB.UUT_MASTER/U_ICON_INTERFACE/U_CMD4/icn_cmd_en_temp_reg/C                                                                                                                                  dbg_hub/inst/BSCANID.u_xsdbm_id/CORE_XSDB.UUT_MASTER/U_ICON_INTERFACE/U_CMD4/ctl_reg_en_1_reg[0]/D
  5  CDC-3   Info      1-bit synchronized with ASYNC_REG property                   2  False Path  dbg_hub/inst/BSCANID.u_xsdbm_id/CORE_XSDB.UUT_MASTER/U_ICON_INTERFACE/U_CMD5/icn_cmd_en_temp_reg/C                                                                                                                                  dbg_hub/inst/BSCANID.u_xsdbm_id/CORE_XSDB.UUT_MASTER/U_ICON_INTERFACE/U_CMD5/ctl_reg_en_1_reg[0]/D
  6  CDC-15  Warning   Clock enable controlled CDC structure detected               0  False Path  dbg_hub/inst/BSCANID.u_xsdbm_id/CORE_XSDB.UUT_MASTER/U_ICON_INTERFACE/U_CMD6_WR/U_WR_FIFO/SUBCORE_FIFO.xsdbm_v3_0_3_wrfifo_inst/inst_fifo_gen/gconvfifo.rf/grf.rf/gntv_or_sync_fifo.mem/gdm.dm_gen.dm/RAM_reg_0_15_14_15/DP/CLK     dbg_hub/inst/BSCANID.u_xsdbm_id/CORE_XSDB.UUT_MASTER/U_ICON_INTERFACE/U_CMD6_WR/U_WR_FIFO/SUBCORE_FIFO.xsdbm_v3_0_3_wrfifo_inst/inst_fifo_gen/gconvfifo.rf/grf.rf/gntv_or_sync_fifo.mem/gdm.dm_gen.dm/gpr1.dout_i_reg[14]/D
  7  CDC-15  Warning   Clock enable controlled CDC structure detected               0  False Path  dbg_hub/inst/BSCANID.u_xsdbm_id/CORE_XSDB.UUT_MASTER/U_ICON_INTERFACE/U_CMD6_WR/U_WR_FIFO/SUBCORE_FIFO.xsdbm_v3_0_3_wrfifo_inst/inst_fifo_gen/gconvfifo.rf/grf.rf/gntv_or_sync_fifo.mem/gdm.dm_gen.dm/RAM_reg_0_15_14_15__0/DP/CLK  dbg_hub/inst/BSCANID.u_xsdbm_id/CORE_XSDB.UUT_MASTER/U_ICON_INTERFACE/U_CMD6_WR/U_WR_FIFO/SUBCORE_FIFO.xsdbm_v3_0_3_wrfifo_inst/inst_fifo_gen/gconvfifo.rf/grf.rf/gntv_or_sync_fifo.mem/gdm.dm_gen.dm/gpr1.dout_i_reg[15]/D
  8  CDC-9   Info      Asynchronous reset synchronized with ASYNC_REG property      2  False Path  dbg_hub/inst/BSCANID.u_xsdbm_id/CORE_XSDB.UUT_MASTER/U_ICON_INTERFACE/wrdata_rst_reg/C                                                                                                                                              dbg_hub/inst/BSCANID.u_xsdbm_id/CORE_XSDB.UUT_MASTER/U_ICON_INTERFACE/U_CMD6_WR/U_WR_FIFO/SUBCORE_FIFO.xsdbm_v3_0_3_wrfifo_inst/inst_fifo_gen/gconvfifo.rf/grf.rf/rstblk/ngwrdrst.grst.g7serrst.rst_rd_reg1_reg/PRE
  9  CDC-3   Info      1-bit synchronized with ASYNC_REG property                   2  False Path  dbg_hub/inst/BSCANID.u_xsdbm_id/CORE_XSDB.UUT_MASTER/U_ICON_INTERFACE/U_CMD7_CTL/icn_cmd_en_temp_reg/C                                                                                                                              dbg_hub/inst/BSCANID.u_xsdbm_id/CORE_XSDB.UUT_MASTER/U_ICON_INTERFACE/U_CMD7_CTL/ctl_reg_en_1_reg[0]/D
 10  CDC-3   Info      1-bit synchronized with ASYNC_REG property                   2  False Path  dbg_hub/inst/BSCANID.u_xsdbm_id/CORE_XSDB.UUT_MASTER/U_ICON_INTERFACE/U_CMD7_STAT/icn_cmd_en_temp_reg/C                                                                                                                             dbg_hub/inst/BSCANID.u_xsdbm_id/CORE_XSDB.UUT_MASTER/U_ICON_INTERFACE/U_CMD7_STAT/stat_reg_ld_reg[0]/D
 11  CDC-3   Info      1-bit synchronized with ASYNC_REG property                   2  False Path  dbg_hub/inst/BSCANID.u_xsdbm_id/CORE_XSDB.UUT_MASTER/U_ICON_INTERFACE/icn_cmd_en_reg[5]/C                                                                                                                                           dbg_hub/inst/BSCANID.u_xsdbm_id/CORE_XSDB.UUT_MASTER/U_ICON_INTERFACE/icn_cmd_en_5_temp_reg/D

Source Clock: input port clock
Destination Clock: clk_out1_split_d_system_clk_wiz_0_0
CDC Type: No Common Primary Clock

Row  ID     Severity  Description                                 Depth  Exception   Source (From)  Destination (To)
---  -----  --------  ------------------------------------------  -----  ----------  -------------  ---------------------------------------------------------------------------------------------------------------------------------------
  1  CDC-3  Info      1-bit synchronized with ASYNC_REG property      4  False Path  reset_n        u_bd/split_d_system_i/rst_100/U0/EXT_LPF/ACTIVE_LOW_EXT.ACT_LO_EXT/GENERATE_LEVEL_P_S_CDC.SINGLE_BIT.CROSS_PLEVEL_IN2SCNDRY_IN_cdc_to/D

Source Clock: clk_out1_split_d_system_clk_wiz_0_0
Destination Clock: clk_out2_split_d_system_clk_wiz_0_0
CDC Type: Safely Timed

Row  ID      Severity  Description                                     Depth  Exception                Source (From)                                                                                          Destination (To)
---  ------  --------  ----------------------------------------------  -----  -----------------------  -----------------------------------------------------------------------------------------------------  --------------------------------------------------------------------------------------------------------------------------------------------------------------------------
  1  CDC-15  Warning   Clock enable controlled CDC structure detected      0  Max Delay Datapath Only  <hidden>                                                                                               <hidden>
  2  CDC-15  Warning   Clock enable controlled CDC structure detected      0  Max Delay Datapath Only  <hidden>                                                                                               <hidden>
  3  CDC-15  Warning   Clock enable controlled CDC structure detected      0  Max Delay Datapath Only  <hidden>                                                                                               <hidden>
  4  CDC-15  Warning   Clock enable controlled CDC structure detected      0  Max Delay Datapath Only  <hidden>                                                                                               <hidden>
  5  CDC-15  Warning   Clock enable controlled CDC structure detected      0  Max Delay Datapath Only  <hidden>                                                                                               <hidden>
  6  CDC-15  Warning   Clock enable controlled CDC structure detected      0  Max Delay Datapath Only  <hidden>                                                                                               <hidden>
  7  CDC-15  Warning   Clock enable controlled CDC structure detected      0  Max Delay Datapath Only  <hidden>                                                                                               <hidden>
  8  CDC-15  Warning   Clock enable controlled CDC structure detected      0  Max Delay Datapath Only  <hidden>                                                                                               <hidden>
  9  CDC-15  Warning   Clock enable controlled CDC structure detected      0  Max Delay Datapath Only  <hidden>                                                                                               <hidden>
 10  CDC-15  Warning   Clock enable controlled CDC structure detected      0  Max Delay Datapath Only  <hidden>                                                                                               <hidden>
 11  CDC-15  Warning   Clock enable controlled CDC structure detected      0  Max Delay Datapath Only  <hidden>                                                                                               <hidden>
 12  CDC-15  Warning   Clock enable controlled CDC structure detected      0  Max Delay Datapath Only  <hidden>                                                                                               <hidden>
 13  CDC-15  Warning   Clock enable controlled CDC structure detected      0  Max Delay Datapath Only  <hidden>                                                                                               <hidden>
 14  CDC-15  Warning   Clock enable controlled CDC structure detected      0  Max Delay Datapath Only  <hidden>                                                                                               <hidden>
 15  CDC-15  Warning   Clock enable controlled CDC structure detected      0  Max Delay Datapath Only  <hidden>                                                                                               <hidden>
 16  CDC-15  Warning   Clock enable controlled CDC structure detected      0  Max Delay Datapath Only  <hidden>                                                                                               <hidden>
 17  CDC-15  Warning   Clock enable controlled CDC structure detected      0  Max Delay Datapath Only  <hidden>                                                                                               <hidden>
 18  CDC-15  Warning   Clock enable controlled CDC structure detected      0  Max Delay Datapath Only  <hidden>                                                                                               <hidden>
 19  CDC-15  Warning   Clock enable controlled CDC structure detected      0  Max Delay Datapath Only  <hidden>                                                                                               <hidden>
 20  CDC-15  Warning   Clock enable controlled CDC structure detected      0  Max Delay Datapath Only  <hidden>                                                                                               <hidden>
 21  CDC-15  Warning   Clock enable controlled CDC structure detected      0  Max Delay Datapath Only  <hidden>                                                                                               <hidden>
 22  CDC-15  Warning   Clock enable controlled CDC structure detected      0  Max Delay Datapath Only  <hidden>                                                                                               <hidden>
 23  CDC-15  Warning   Clock enable controlled CDC structure detected      0  Max Delay Datapath Only  <hidden>                                                                                               <hidden>
 24  CDC-15  Warning   Clock enable controlled CDC structure detected      0  Max Delay Datapath Only  <hidden>                                                                                               <hidden>
 25  CDC-15  Warning   Clock enable controlled CDC structure detected      0  Max Delay Datapath Only  <hidden>                                                                                               <hidden>
 26  CDC-15  Warning   Clock enable controlled CDC structure detected      0  Max Delay Datapath Only  <hidden>                                                                                               <hidden>
 27  CDC-15  Warning   Clock enable controlled CDC structure detected      0  Max Delay Datapath Only  <hidden>                                                                                               <hidden>
 28  CDC-15  Warning   Clock enable controlled CDC structure detected      0  Max Delay Datapath Only  <hidden>                                                                                               <hidden>
 29  CDC-15  Warning   Clock enable controlled CDC structure detected      0  Max Delay Datapath Only  <hidden>                                                                                               <hidden>
 30  CDC-15  Warning   Clock enable controlled CDC structure detected      0  Max Delay Datapath Only  <hidden>                                                                                               <hidden>
 31  CDC-15  Warning   Clock enable controlled CDC structure detected      0  Max Delay Datapath Only  <hidden>                                                                                               <hidden>
 32  CDC-15  Warning   Clock enable controlled CDC structure detected      0  Max Delay Datapath Only  <hidden>                                                                                               <hidden>
 33  CDC-15  Warning   Clock enable controlled CDC structure detected      0  Max Delay Datapath Only  <hidden>                                                                                               <hidden>
 34  CDC-15  Warning   Clock enable controlled CDC structure detected      0  Max Delay Datapath Only  <hidden>                                                                                               <hidden>
 35  CDC-15  Warning   Clock enable controlled CDC structure detected      0  Max Delay Datapath Only  <hidden>                                                                                               <hidden>
 36  CDC-15  Warning   Clock enable controlled CDC structure detected      0  Max Delay Datapath Only  <hidden>                                                                                               <hidden>
 37  CDC-15  Warning   Clock enable controlled CDC structure detected      0  Max Delay Datapath Only  <hidden>                                                                                               <hidden>
 38  CDC-15  Warning   Clock enable controlled CDC structure detected      0  Max Delay Datapath Only  <hidden>                                                                                               <hidden>
 39  CDC-15  Warning   Clock enable controlled CDC structure detected      0  Max Delay Datapath Only  <hidden>                                                                                               <hidden>
 40  CDC-15  Warning   Clock enable controlled CDC structure detected      0  Max Delay Datapath Only  <hidden>                                                                                               <hidden>
 41  CDC-15  Warning   Clock enable controlled CDC structure detected      0  Max Delay Datapath Only  <hidden>                                                                                               <hidden>
 42  CDC-15  Warning   Clock enable controlled CDC structure detected      0  Max Delay Datapath Only  <hidden>                                                                                               <hidden>
 43  CDC-15  Warning   Clock enable controlled CDC structure detected      0  Max Delay Datapath Only  <hidden>                                                                                               <hidden>
 44  CDC-15  Warning   Clock enable controlled CDC structure detected      0  Max Delay Datapath Only  <hidden>                                                                                               <hidden>
 45  CDC-15  Warning   Clock enable controlled CDC structure detected      0  Max Delay Datapath Only  <hidden>                                                                                               <hidden>
 46  CDC-15  Warning   Clock enable controlled CDC structure detected      0  Max Delay Datapath Only  <hidden>                                                                                               <hidden>
 47  CDC-15  Warning   Clock enable controlled CDC structure detected      0  Max Delay Datapath Only  <hidden>                                                                                               <hidden>
 48  CDC-15  Warning   Clock enable controlled CDC structure detected      0  Max Delay Datapath Only  <hidden>                                                                                               <hidden>
 49  CDC-15  Warning   Clock enable controlled CDC structure detected      0  Max Delay Datapath Only  <hidden>                                                                                               <hidden>
 50  CDC-15  Warning   Clock enable controlled CDC structure detected      0  Max Delay Datapath Only  <hidden>                                                                                               <hidden>
 51  CDC-15  Warning   Clock enable controlled CDC structure detected      0  Max Delay Datapath Only  <hidden>                                                                                               <hidden>
 52  CDC-15  Warning   Clock enable controlled CDC structure detected      0  Max Delay Datapath Only  <hidden>                                                                                               <hidden>
 53  CDC-15  Warning   Clock enable controlled CDC structure detected      0  Max Delay Datapath Only  <hidden>                                                                                               <hidden>
 54  CDC-15  Warning   Clock enable controlled CDC structure detected      0  Max Delay Datapath Only  <hidden>                                                                                               <hidden>
 55  CDC-15  Warning   Clock enable controlled CDC structure detected      0  Max Delay Datapath Only  <hidden>                                                                                               <hidden>
 56  CDC-15  Warning   Clock enable controlled CDC structure detected      0  Max Delay Datapath Only  <hidden>                                                                                               <hidden>
 57  CDC-15  Warning   Clock enable controlled CDC structure detected      0  Max Delay Datapath Only  <hidden>                                                                                               <hidden>
 58  CDC-15  Warning   Clock enable controlled CDC structure detected      0  Max Delay Datapath Only  <hidden>                                                                                               <hidden>
 59  CDC-15  Warning   Clock enable controlled CDC structure detected      0  Max Delay Datapath Only  <hidden>                                                                                               <hidden>
 60  CDC-15  Warning   Clock enable controlled CDC structure detected      0  Max Delay Datapath Only  <hidden>                                                                                               <hidden>
 61  CDC-15  Warning   Clock enable controlled CDC structure detected      0  Max Delay Datapath Only  <hidden>                                                                                               <hidden>
 62  CDC-15  Warning   Clock enable controlled CDC structure detected      0  Max Delay Datapath Only  <hidden>                                                                                               <hidden>
 63  CDC-15  Warning   Clock enable controlled CDC structure detected      0  Max Delay Datapath Only  <hidden>                                                                                               <hidden>
 64  CDC-15  Warning   Clock enable controlled CDC structure detected      0  Max Delay Datapath Only  <hidden>                                                                                               <hidden>
 65  CDC-15  Warning   Clock enable controlled CDC structure detected      0  Max Delay Datapath Only  <hidden>                                                                                               <hidden>
 66  CDC-15  Warning   Clock enable controlled CDC structure detected      0  Max Delay Datapath Only  <hidden>                                                                                               <hidden>
 67  CDC-15  Warning   Clock enable controlled CDC structure detected      0  Max Delay Datapath Only  <hidden>                                                                                               <hidden>
 68  CDC-15  Warning   Clock enable controlled CDC structure detected      0  Max Delay Datapath Only  <hidden>                                                                                               <hidden>
 69  CDC-15  Warning   Clock enable controlled CDC structure detected      0  Max Delay Datapath Only  <hidden>                                                                                               <hidden>
 70  CDC-15  Warning   Clock enable controlled CDC structure detected      0  Max Delay Datapath Only  <hidden>                                                                                               <hidden>
 71  CDC-15  Warning   Clock enable controlled CDC structure detected      0  Max Delay Datapath Only  <hidden>                                                                                               <hidden>
 72  CDC-15  Warning   Clock enable controlled CDC structure detected      0  Max Delay Datapath Only  <hidden>                                                                                               <hidden>
 73  CDC-15  Warning   Clock enable controlled CDC structure detected      0  Max Delay Datapath Only  <hidden>                                                                                               <hidden>
 74  CDC-15  Warning   Clock enable controlled CDC structure detected      0  Max Delay Datapath Only  <hidden>                                                                                               <hidden>
 75  CDC-15  Warning   Clock enable controlled CDC structure detected      0  Max Delay Datapath Only  <hidden>                                                                                               <hidden>
 76  CDC-15  Warning   Clock enable controlled CDC structure detected      0  Max Delay Datapath Only  <hidden>                                                                                               <hidden>
 77  CDC-15  Warning   Clock enable controlled CDC structure detected      0  Max Delay Datapath Only  <hidden>                                                                                               <hidden>
 78  CDC-15  Warning   Clock enable controlled CDC structure detected      0  Max Delay Datapath Only  <hidden>                                                                                               <hidden>
 79  CDC-15  Warning   Clock enable controlled CDC structure detected      0  Max Delay Datapath Only  <hidden>                                                                                               <hidden>
 80  CDC-15  Warning   Clock enable controlled CDC structure detected      0  Max Delay Datapath Only  <hidden>                                                                                               <hidden>
 81  CDC-15  Warning   Clock enable controlled CDC structure detected      0  Max Delay Datapath Only  <hidden>                                                                                               <hidden>
 82  CDC-15  Warning   Clock enable controlled CDC structure detected      0  Max Delay Datapath Only  <hidden>                                                                                               <hidden>
 83  CDC-15  Warning   Clock enable controlled CDC structure detected      0  Max Delay Datapath Only  <hidden>                                                                                               <hidden>
 84  CDC-15  Warning   Clock enable controlled CDC structure detected      0  Max Delay Datapath Only  <hidden>                                                                                               <hidden>
 85  CDC-15  Warning   Clock enable controlled CDC structure detected      0  Max Delay Datapath Only  <hidden>                                                                                               <hidden>
 86  CDC-15  Warning   Clock enable controlled CDC structure detected      0  Max Delay Datapath Only  <hidden>                                                                                               <hidden>
 87  CDC-15  Warning   Clock enable controlled CDC structure detected      0  Max Delay Datapath Only  <hidden>                                                                                               <hidden>
 88  CDC-15  Warning   Clock enable controlled CDC structure detected      0  Max Delay Datapath Only  <hidden>                                                                                               <hidden>
 89  CDC-15  Warning   Clock enable controlled CDC structure detected      0  Max Delay Datapath Only  <hidden>                                                                                               <hidden>
 90  CDC-15  Warning   Clock enable controlled CDC structure detected      0  Max Delay Datapath Only  <hidden>                                                                                               <hidden>
 91  CDC-15  Warning   Clock enable controlled CDC structure detected      0  Max Delay Datapath Only  <hidden>                                                                                               <hidden>
 92  CDC-15  Warning   Clock enable controlled CDC structure detected      0  Max Delay Datapath Only  <hidden>                                                                                               <hidden>
 93  CDC-15  Warning   Clock enable controlled CDC structure detected      0  Max Delay Datapath Only  <hidden>                                                                                               <hidden>
 94  CDC-15  Warning   Clock enable controlled CDC structure detected      0  Max Delay Datapath Only  <hidden>                                                                                               <hidden>
 95  CDC-15  Warning   Clock enable controlled CDC structure detected      0  Max Delay Datapath Only  <hidden>                                                                                               <hidden>
 96  CDC-15  Warning   Clock enable controlled CDC structure detected      0  Max Delay Datapath Only  <hidden>                                                                                               <hidden>
 97  CDC-15  Warning   Clock enable controlled CDC structure detected      0  Max Delay Datapath Only  <hidden>                                                                                               <hidden>
 98  CDC-15  Warning   Clock enable controlled CDC structure detected      0  Max Delay Datapath Only  <hidden>                                                                                               <hidden>
 99  CDC-15  Warning   Clock enable controlled CDC structure detected      0  Max Delay Datapath Only  <hidden>                                                                                               <hidden>
100  CDC-15  Warning   Clock enable controlled CDC structure detected      0  Max Delay Datapath Only  <hidden>                                                                                               <hidden>
101  CDC-15  Warning   Clock enable controlled CDC structure detected      0  Max Delay Datapath Only  <hidden>                                                                                               <hidden>
102  CDC-15  Warning   Clock enable controlled CDC structure detected      0  Max Delay Datapath Only  <hidden>                                                                                               <hidden>
103  CDC-15  Warning   Clock enable controlled CDC structure detected      0  Max Delay Datapath Only  <hidden>                                                                                               <hidden>
104  CDC-15  Warning   Clock enable controlled CDC structure detected      0  Max Delay Datapath Only  <hidden>                                                                                               <hidden>
105  CDC-15  Warning   Clock enable controlled CDC structure detected      0  Max Delay Datapath Only  <hidden>                                                                                               <hidden>
106  CDC-15  Warning   Clock enable controlled CDC structure detected      0  Max Delay Datapath Only  <hidden>                                                                                               <hidden>
107  CDC-15  Warning   Clock enable controlled CDC structure detected      0  Max Delay Datapath Only  <hidden>                                                                                               <hidden>
108  CDC-15  Warning   Clock enable controlled CDC structure detected      0  Max Delay Datapath Only  <hidden>                                                                                               <hidden>
109  CDC-15  Warning   Clock enable controlled CDC structure detected      0  Max Delay Datapath Only  <hidden>                                                                                               <hidden>
110  CDC-15  Warning   Clock enable controlled CDC structure detected      0  Max Delay Datapath Only  <hidden>                                                                                               <hidden>
111  CDC-15  Warning   Clock enable controlled CDC structure detected      0  Max Delay Datapath Only  <hidden>                                                                                               <hidden>
112  CDC-15  Warning   Clock enable controlled CDC structure detected      0  Max Delay Datapath Only  <hidden>                                                                                               <hidden>
113  CDC-15  Warning   Clock enable controlled CDC structure detected      0  Max Delay Datapath Only  <hidden>                                                                                               <hidden>
114  CDC-15  Warning   Clock enable controlled CDC structure detected      0  Max Delay Datapath Only  <hidden>                                                                                               <hidden>
115  CDC-15  Warning   Clock enable controlled CDC structure detected      0  Max Delay Datapath Only  <hidden>                                                                                               <hidden>
116  CDC-15  Warning   Clock enable controlled CDC structure detected      0  Max Delay Datapath Only  <hidden>                                                                                               <hidden>
117  CDC-15  Warning   Clock enable controlled CDC structure detected      0  Max Delay Datapath Only  <hidden>                                                                                               <hidden>
118  CDC-15  Warning   Clock enable controlled CDC structure detected      0  Max Delay Datapath Only  <hidden>                                                                                               <hidden>
119  CDC-15  Warning   Clock enable controlled CDC structure detected      0  Max Delay Datapath Only  <hidden>                                                                                               <hidden>
120  CDC-15  Warning   Clock enable controlled CDC structure detected      0  Max Delay Datapath Only  <hidden>                                                                                               <hidden>
121  CDC-15  Warning   Clock enable controlled CDC structure detected      0  Max Delay Datapath Only  <hidden>                                                                                               <hidden>
122  CDC-15  Warning   Clock enable controlled CDC structure detected      0  Max Delay Datapath Only  <hidden>                                                                                               <hidden>
123  CDC-15  Warning   Clock enable controlled CDC structure detected      0  Max Delay Datapath Only  <hidden>                                                                                               <hidden>
124  CDC-15  Warning   Clock enable controlled CDC structure detected      0  Max Delay Datapath Only  <hidden>                                                                                               <hidden>
125  CDC-15  Warning   Clock enable controlled CDC structure detected      0  Max Delay Datapath Only  <hidden>                                                                                               <hidden>
126  CDC-15  Warning   Clock enable controlled CDC structure detected      0  Max Delay Datapath Only  <hidden>                                                                                               <hidden>
127  CDC-15  Warning   Clock enable controlled CDC structure detected      0  Max Delay Datapath Only  <hidden>                                                                                               <hidden>
128  CDC-15  Warning   Clock enable controlled CDC structure detected      0  Max Delay Datapath Only  <hidden>                                                                                               <hidden>
129  CDC-15  Warning   Clock enable controlled CDC structure detected      0  Max Delay Datapath Only  <hidden>                                                                                               <hidden>
130  CDC-15  Warning   Clock enable controlled CDC structure detected      0  Max Delay Datapath Only  <hidden>                                                                                               <hidden>
131  CDC-15  Warning   Clock enable controlled CDC structure detected      0  Max Delay Datapath Only  <hidden>                                                                                               <hidden>
132  CDC-15  Warning   Clock enable controlled CDC structure detected      0  Max Delay Datapath Only  <hidden>                                                                                               <hidden>
133  CDC-15  Warning   Clock enable controlled CDC structure detected      0  Max Delay Datapath Only  <hidden>                                                                                               <hidden>
134  CDC-15  Warning   Clock enable controlled CDC structure detected      0  Max Delay Datapath Only  <hidden>                                                                                               <hidden>
135  CDC-15  Warning   Clock enable controlled CDC structure detected      0  Max Delay Datapath Only  <hidden>                                                                                               <hidden>
136  CDC-15  Warning   Clock enable controlled CDC structure detected      0  Max Delay Datapath Only  <hidden>                                                                                               <hidden>
137  CDC-15  Warning   Clock enable controlled CDC structure detected      0  Max Delay Datapath Only  <hidden>                                                                                               <hidden>
138  CDC-15  Warning   Clock enable controlled CDC structure detected      0  Max Delay Datapath Only  <hidden>                                                                                               <hidden>
139  CDC-15  Warning   Clock enable controlled CDC structure detected      0  Max Delay Datapath Only  <hidden>                                                                                               <hidden>
140  CDC-15  Warning   Clock enable controlled CDC structure detected      0  Max Delay Datapath Only  <hidden>                                                                                               <hidden>
141  CDC-15  Warning   Clock enable controlled CDC structure detected      0  Max Delay Datapath Only  <hidden>                                                                                               <hidden>
142  CDC-15  Warning   Clock enable controlled CDC structure detected      0  Max Delay Datapath Only  <hidden>                                                                                               <hidden>
143  CDC-15  Warning   Clock enable controlled CDC structure detected      0  Max Delay Datapath Only  <hidden>                                                                                               <hidden>
144  CDC-15  Warning   Clock enable controlled CDC structure detected      0  Max Delay Datapath Only  <hidden>                                                                                               <hidden>
145  CDC-15  Warning   Clock enable controlled CDC structure detected      0  Max Delay Datapath Only  <hidden>                                                                                               <hidden>
146  CDC-15  Warning   Clock enable controlled CDC structure detected      0  Max Delay Datapath Only  <hidden>                                                                                               <hidden>
147  CDC-15  Warning   Clock enable controlled CDC structure detected      0  Max Delay Datapath Only  <hidden>                                                                                               <hidden>
148  CDC-15  Warning   Clock enable controlled CDC structure detected      0  Max Delay Datapath Only  <hidden>                                                                                               <hidden>
149  CDC-15  Warning   Clock enable controlled CDC structure detected      0  Max Delay Datapath Only  <hidden>                                                                                               <hidden>
150  CDC-15  Warning   Clock enable controlled CDC structure detected      0  Max Delay Datapath Only  <hidden>                                                                                               <hidden>
151  CDC-15  Warning   Clock enable controlled CDC structure detected      0  Max Delay Datapath Only  <hidden>                                                                                               <hidden>
152  CDC-15  Warning   Clock enable controlled CDC structure detected      0  Max Delay Datapath Only  <hidden>                                                                                               <hidden>
153  CDC-15  Warning   Clock enable controlled CDC structure detected      0  Max Delay Datapath Only  <hidden>                                                                                               <hidden>
154  CDC-15  Warning   Clock enable controlled CDC structure detected      0  Max Delay Datapath Only  <hidden>                                                                                               <hidden>
155  CDC-15  Warning   Clock enable controlled CDC structure detected      0  Max Delay Datapath Only  <hidden>                                                                                               <hidden>
156  CDC-15  Warning   Clock enable controlled CDC structure detected      0  Max Delay Datapath Only  <hidden>                                                                                               <hidden>
157  CDC-15  Warning   Clock enable controlled CDC structure detected      0  Max Delay Datapath Only  <hidden>                                                                                               <hidden>
158  CDC-15  Warning   Clock enable controlled CDC structure detected      0  Max Delay Datapath Only  <hidden>                                                                                               <hidden>
159  CDC-15  Warning   Clock enable controlled CDC structure detected      0  Max Delay Datapath Only  <hidden>                                                                                               <hidden>
160  CDC-15  Warning   Clock enable controlled CDC structure detected      0  Max Delay Datapath Only  <hidden>                                                                                               <hidden>
161  CDC-15  Warning   Clock enable controlled CDC structure detected      0  Max Delay Datapath Only  <hidden>                                                                                               <hidden>
162  CDC-15  Warning   Clock enable controlled CDC structure detected      0  Max Delay Datapath Only  <hidden>                                                                                               <hidden>
163  CDC-15  Warning   Clock enable controlled CDC structure detected      0  Max Delay Datapath Only  <hidden>                                                                                               <hidden>
164  CDC-15  Warning   Clock enable controlled CDC structure detected      0  Max Delay Datapath Only  <hidden>                                                                                               <hidden>
165  CDC-15  Warning   Clock enable controlled CDC structure detected      0  Max Delay Datapath Only  <hidden>                                                                                               <hidden>
166  CDC-15  Warning   Clock enable controlled CDC structure detected      0  Max Delay Datapath Only  <hidden>                                                                                               <hidden>
167  CDC-15  Warning   Clock enable controlled CDC structure detected      0  Max Delay Datapath Only  <hidden>                                                                                               <hidden>
168  CDC-15  Warning   Clock enable controlled CDC structure detected      0  Max Delay Datapath Only  <hidden>                                                                                               <hidden>
169  CDC-15  Warning   Clock enable controlled CDC structure detected      0  Max Delay Datapath Only  <hidden>                                                                                               <hidden>
170  CDC-15  Warning   Clock enable controlled CDC structure detected      0  Max Delay Datapath Only  <hidden>                                                                                               <hidden>
171  CDC-15  Warning   Clock enable controlled CDC structure detected      0  Max Delay Datapath Only  <hidden>                                                                                               <hidden>
172  CDC-15  Warning   Clock enable controlled CDC structure detected      0  Max Delay Datapath Only  <hidden>                                                                                               <hidden>
173  CDC-15  Warning   Clock enable controlled CDC structure detected      0  Max Delay Datapath Only  <hidden>                                                                                               <hidden>
174  CDC-15  Warning   Clock enable controlled CDC structure detected      0  Max Delay Datapath Only  <hidden>                                                                                               <hidden>
175  CDC-15  Warning   Clock enable controlled CDC structure detected      0  Max Delay Datapath Only  <hidden>                                                                                               <hidden>
176  CDC-15  Warning   Clock enable controlled CDC structure detected      0  Max Delay Datapath Only  <hidden>                                                                                               <hidden>
177  CDC-15  Warning   Clock enable controlled CDC structure detected      0  Max Delay Datapath Only  <hidden>                                                                                               <hidden>
178  CDC-15  Warning   Clock enable controlled CDC structure detected      0  Max Delay Datapath Only  <hidden>                                                                                               <hidden>
179  CDC-15  Warning   Clock enable controlled CDC structure detected      0  Max Delay Datapath Only  <hidden>                                                                                               <hidden>
180  CDC-15  Warning   Clock enable controlled CDC structure detected      0  Max Delay Datapath Only  <hidden>                                                                                               <hidden>
181  CDC-15  Warning   Clock enable controlled CDC structure detected      0  Max Delay Datapath Only  <hidden>                                                                                               <hidden>
182  CDC-15  Warning   Clock enable controlled CDC structure detected      0  Max Delay Datapath Only  <hidden>                                                                                               <hidden>
183  CDC-15  Warning   Clock enable controlled CDC structure detected      0  Max Delay Datapath Only  <hidden>                                                                                               <hidden>
184  CDC-15  Warning   Clock enable controlled CDC structure detected      0  Max Delay Datapath Only  <hidden>                                                                                               <hidden>
185  CDC-15  Warning   Clock enable controlled CDC structure detected      0  Max Delay Datapath Only  <hidden>                                                                                               <hidden>
186  CDC-15  Warning   Clock enable controlled CDC structure detected      0  Max Delay Datapath Only  <hidden>                                                                                               <hidden>
187  CDC-15  Warning   Clock enable controlled CDC structure detected      0  Max Delay Datapath Only  <hidden>                                                                                               <hidden>
188  CDC-15  Warning   Clock enable controlled CDC structure detected      0  Max Delay Datapath Only  <hidden>                                                                                               <hidden>
189  CDC-15  Warning   Clock enable controlled CDC structure detected      0  Max Delay Datapath Only  <hidden>                                                                                               <hidden>
190  CDC-15  Warning   Clock enable controlled CDC structure detected      0  Max Delay Datapath Only  <hidden>                                                                                               <hidden>
191  CDC-15  Warning   Clock enable controlled CDC structure detected      0  Max Delay Datapath Only  <hidden>                                                                                               <hidden>
192  CDC-15  Warning   Clock enable controlled CDC structure detected      0  Max Delay Datapath Only  <hidden>                                                                                               <hidden>
193  CDC-15  Warning   Clock enable controlled CDC structure detected      0  Max Delay Datapath Only  <hidden>                                                                                               <hidden>
194  CDC-15  Warning   Clock enable controlled CDC structure detected      0  Max Delay Datapath Only  <hidden>                                                                                               <hidden>
195  CDC-15  Warning   Clock enable controlled CDC structure detected      0  Max Delay Datapath Only  <hidden>                                                                                               <hidden>
196  CDC-15  Warning   Clock enable controlled CDC structure detected      0  Max Delay Datapath Only  <hidden>                                                                                               <hidden>
197  CDC-15  Warning   Clock enable controlled CDC structure detected      0  Max Delay Datapath Only  <hidden>                                                                                               <hidden>
198  CDC-15  Warning   Clock enable controlled CDC structure detected      0  Max Delay Datapath Only  <hidden>                                                                                               <hidden>
199  CDC-15  Warning   Clock enable controlled CDC structure detected      0  Max Delay Datapath Only  <hidden>                                                                                               <hidden>
200  CDC-15  Warning   Clock enable controlled CDC structure detected      0  Max Delay Datapath Only  <hidden>                                                                                               <hidden>
201  CDC-15  Warning   Clock enable controlled CDC structure detected      0  Max Delay Datapath Only  <hidden>                                                                                               <hidden>
202  CDC-15  Warning   Clock enable controlled CDC structure detected      0  Max Delay Datapath Only  <hidden>                                                                                               <hidden>
203  CDC-15  Warning   Clock enable controlled CDC structure detected      0  Max Delay Datapath Only  <hidden>                                                                                               <hidden>
204  CDC-15  Warning   Clock enable controlled CDC structure detected      0  Max Delay Datapath Only  <hidden>                                                                                               <hidden>
205  CDC-15  Warning   Clock enable controlled CDC structure detected      0  Max Delay Datapath Only  <hidden>                                                                                               <hidden>
206  CDC-15  Warning   Clock enable controlled CDC structure detected      0  Max Delay Datapath Only  <hidden>                                                                                               <hidden>
207  CDC-15  Warning   Clock enable controlled CDC structure detected      0  Max Delay Datapath Only  <hidden>                                                                                               <hidden>
208  CDC-15  Warning   Clock enable controlled CDC structure detected      0  Max Delay Datapath Only  <hidden>                                                                                               <hidden>
209  CDC-15  Warning   Clock enable controlled CDC structure detected      0  Max Delay Datapath Only  <hidden>                                                                                               <hidden>
210  CDC-15  Warning   Clock enable controlled CDC structure detected      0  Max Delay Datapath Only  <hidden>                                                                                               <hidden>
211  CDC-15  Warning   Clock enable controlled CDC structure detected      0  Max Delay Datapath Only  <hidden>                                                                                               <hidden>
212  CDC-15  Warning   Clock enable controlled CDC structure detected      0  Max Delay Datapath Only  <hidden>                                                                                               <hidden>
213  CDC-15  Warning   Clock enable controlled CDC structure detected      0  Max Delay Datapath Only  <hidden>                                                                                               <hidden>
214  CDC-15  Warning   Clock enable controlled CDC structure detected      0  Max Delay Datapath Only  <hidden>                                                                                               <hidden>
215  CDC-15  Warning   Clock enable controlled CDC structure detected      0  Max Delay Datapath Only  <hidden>                                                                                               <hidden>
216  CDC-15  Warning   Clock enable controlled CDC structure detected      0  Max Delay Datapath Only  <hidden>                                                                                               <hidden>
217  CDC-15  Warning   Clock enable controlled CDC structure detected      0  Max Delay Datapath Only  <hidden>                                                                                               <hidden>
218  CDC-15  Warning   Clock enable controlled CDC structure detected      0  Max Delay Datapath Only  <hidden>                                                                                               <hidden>
219  CDC-15  Warning   Clock enable controlled CDC structure detected      0  Max Delay Datapath Only  <hidden>                                                                                               <hidden>
220  CDC-15  Warning   Clock enable controlled CDC structure detected      0  Max Delay Datapath Only  <hidden>                                                                                               <hidden>
221  CDC-15  Warning   Clock enable controlled CDC structure detected      0  Max Delay Datapath Only  <hidden>                                                                                               <hidden>
222  CDC-15  Warning   Clock enable controlled CDC structure detected      0  Max Delay Datapath Only  <hidden>                                                                                               <hidden>
223  CDC-15  Warning   Clock enable controlled CDC structure detected      0  Max Delay Datapath Only  <hidden>                                                                                               <hidden>
224  CDC-15  Warning   Clock enable controlled CDC structure detected      0  Max Delay Datapath Only  <hidden>                                                                                               <hidden>
225  CDC-15  Warning   Clock enable controlled CDC structure detected      0  Max Delay Datapath Only  <hidden>                                                                                               <hidden>
226  CDC-15  Warning   Clock enable controlled CDC structure detected      0  Max Delay Datapath Only  <hidden>                                                                                               <hidden>
227  CDC-15  Warning   Clock enable controlled CDC structure detected      0  Max Delay Datapath Only  <hidden>                                                                                               <hidden>
228  CDC-15  Warning   Clock enable controlled CDC structure detected      0  Max Delay Datapath Only  <hidden>                                                                                               <hidden>
229  CDC-15  Warning   Clock enable controlled CDC structure detected      0  Max Delay Datapath Only  <hidden>                                                                                               <hidden>
230  CDC-15  Warning   Clock enable controlled CDC structure detected      0  Max Delay Datapath Only  <hidden>                                                                                               <hidden>
231  CDC-15  Warning   Clock enable controlled CDC structure detected      0  Max Delay Datapath Only  <hidden>                                                                                               <hidden>
232  CDC-15  Warning   Clock enable controlled CDC structure detected      0  Max Delay Datapath Only  <hidden>                                                                                               <hidden>
233  CDC-15  Warning   Clock enable controlled CDC structure detected      0  Max Delay Datapath Only  <hidden>                                                                                               <hidden>
234  CDC-15  Warning   Clock enable controlled CDC structure detected      0  Max Delay Datapath Only  <hidden>                                                                                               <hidden>
235  CDC-15  Warning   Clock enable controlled CDC structure detected      0  Max Delay Datapath Only  <hidden>                                                                                               <hidden>
236  CDC-15  Warning   Clock enable controlled CDC structure detected      0  Max Delay Datapath Only  <hidden>                                                                                               <hidden>
237  CDC-15  Warning   Clock enable controlled CDC structure detected      0  Max Delay Datapath Only  <hidden>                                                                                               <hidden>
238  CDC-15  Warning   Clock enable controlled CDC structure detected      0  Max Delay Datapath Only  <hidden>                                                                                               <hidden>
239  CDC-15  Warning   Clock enable controlled CDC structure detected      0  Max Delay Datapath Only  <hidden>                                                                                               <hidden>
240  CDC-15  Warning   Clock enable controlled CDC structure detected      0  Max Delay Datapath Only  <hidden>                                                                                               <hidden>
241  CDC-15  Warning   Clock enable controlled CDC structure detected      0  Max Delay Datapath Only  <hidden>                                                                                               <hidden>
242  CDC-15  Warning   Clock enable controlled CDC structure detected      0  Max Delay Datapath Only  <hidden>                                                                                               <hidden>
243  CDC-15  Warning   Clock enable controlled CDC structure detected      0  Max Delay Datapath Only  <hidden>                                                                                               <hidden>
244  CDC-15  Warning   Clock enable controlled CDC structure detected      0  Max Delay Datapath Only  <hidden>                                                                                               <hidden>
245  CDC-15  Warning   Clock enable controlled CDC structure detected      0  Max Delay Datapath Only  <hidden>                                                                                               <hidden>
246  CDC-15  Warning   Clock enable controlled CDC structure detected      0  Max Delay Datapath Only  <hidden>                                                                                               <hidden>
247  CDC-15  Warning   Clock enable controlled CDC structure detected      0  Max Delay Datapath Only  <hidden>                                                                                               <hidden>
248  CDC-15  Warning   Clock enable controlled CDC structure detected      0  Max Delay Datapath Only  <hidden>                                                                                               <hidden>
249  CDC-15  Warning   Clock enable controlled CDC structure detected      0  Max Delay Datapath Only  <hidden>                                                                                               <hidden>
250  CDC-15  Warning   Clock enable controlled CDC structure detected      0  Max Delay Datapath Only  <hidden>                                                                                               <hidden>
251  CDC-15  Warning   Clock enable controlled CDC structure detected      0  Max Delay Datapath Only  <hidden>                                                                                               <hidden>
252  CDC-15  Warning   Clock enable controlled CDC structure detected      0  Max Delay Datapath Only  <hidden>                                                                                               <hidden>
253  CDC-15  Warning   Clock enable controlled CDC structure detected      0  Max Delay Datapath Only  <hidden>                                                                                               <hidden>
254  CDC-15  Warning   Clock enable controlled CDC structure detected      0  Max Delay Datapath Only  <hidden>                                                                                               <hidden>
255  CDC-15  Warning   Clock enable controlled CDC structure detected      0  Max Delay Datapath Only  <hidden>                                                                                               <hidden>
256  CDC-15  Warning   Clock enable controlled CDC structure detected      0  Max Delay Datapath Only  <hidden>                                                                                               <hidden>
257  CDC-15  Warning   Clock enable controlled CDC structure detected      0  Max Delay Datapath Only  <hidden>                                                                                               <hidden>
258  CDC-15  Warning   Clock enable controlled CDC structure detected      0  Max Delay Datapath Only  <hidden>                                                                                               <hidden>
259  CDC-15  Warning   Clock enable controlled CDC structure detected      0  Max Delay Datapath Only  <hidden>                                                                                               <hidden>
260  CDC-15  Warning   Clock enable controlled CDC structure detected      0  Max Delay Datapath Only  <hidden>                                                                                               <hidden>
261  CDC-15  Warning   Clock enable controlled CDC structure detected      0  Max Delay Datapath Only  <hidden>                                                                                               <hidden>
262  CDC-15  Warning   Clock enable controlled CDC structure detected      0  Max Delay Datapath Only  <hidden>                                                                                               <hidden>
263  CDC-15  Warning   Clock enable controlled CDC structure detected      0  Max Delay Datapath Only  <hidden>                                                                                               <hidden>
264  CDC-15  Warning   Clock enable controlled CDC structure detected      0  Max Delay Datapath Only  <hidden>                                                                                               <hidden>
265  CDC-15  Warning   Clock enable controlled CDC structure detected      0  Max Delay Datapath Only  <hidden>                                                                                               <hidden>
266  CDC-15  Warning   Clock enable controlled CDC structure detected      0  Max Delay Datapath Only  <hidden>                                                                                               <hidden>
267  CDC-15  Warning   Clock enable controlled CDC structure detected      0  Max Delay Datapath Only  <hidden>                                                                                               <hidden>
268  CDC-15  Warning   Clock enable controlled CDC structure detected      0  Max Delay Datapath Only  <hidden>                                                                                               <hidden>
269  CDC-15  Warning   Clock enable controlled CDC structure detected      0  Max Delay Datapath Only  <hidden>                                                                                               <hidden>
270  CDC-15  Warning   Clock enable controlled CDC structure detected      0  Max Delay Datapath Only  <hidden>                                                                                               <hidden>
271  CDC-15  Warning   Clock enable controlled CDC structure detected      0  Max Delay Datapath Only  <hidden>                                                                                               <hidden>
272  CDC-15  Warning   Clock enable controlled CDC structure detected      0  Max Delay Datapath Only  <hidden>                                                                                               <hidden>
273  CDC-15  Warning   Clock enable controlled CDC structure detected      0  Max Delay Datapath Only  <hidden>                                                                                               <hidden>
274  CDC-15  Warning   Clock enable controlled CDC structure detected      0  Max Delay Datapath Only  <hidden>                                                                                               <hidden>
275  CDC-15  Warning   Clock enable controlled CDC structure detected      0  Max Delay Datapath Only  <hidden>                                                                                               <hidden>
276  CDC-15  Warning   Clock enable controlled CDC structure detected      0  Max Delay Datapath Only  <hidden>                                                                                               <hidden>
277  CDC-15  Warning   Clock enable controlled CDC structure detected      0  Max Delay Datapath Only  <hidden>                                                                                               <hidden>
278  CDC-15  Warning   Clock enable controlled CDC structure detected      0  Max Delay Datapath Only  <hidden>                                                                                               <hidden>
279  CDC-15  Warning   Clock enable controlled CDC structure detected      0  Max Delay Datapath Only  <hidden>                                                                                               <hidden>
280  CDC-15  Warning   Clock enable controlled CDC structure detected      0  Max Delay Datapath Only  <hidden>                                                                                               <hidden>
281  CDC-15  Warning   Clock enable controlled CDC structure detected      0  Max Delay Datapath Only  <hidden>                                                                                               <hidden>
282  CDC-15  Warning   Clock enable controlled CDC structure detected      0  Max Delay Datapath Only  <hidden>                                                                                               <hidden>
283  CDC-15  Warning   Clock enable controlled CDC structure detected      0  Max Delay Datapath Only  <hidden>                                                                                               <hidden>
284  CDC-15  Warning   Clock enable controlled CDC structure detected      0  Max Delay Datapath Only  <hidden>                                                                                               <hidden>
285  CDC-15  Warning   Clock enable controlled CDC structure detected      0  Max Delay Datapath Only  <hidden>                                                                                               <hidden>
286  CDC-15  Warning   Clock enable controlled CDC structure detected      0  Max Delay Datapath Only  <hidden>                                                                                               <hidden>
287  CDC-15  Warning   Clock enable controlled CDC structure detected      0  Max Delay Datapath Only  <hidden>                                                                                               <hidden>
288  CDC-15  Warning   Clock enable controlled CDC structure detected      0  Max Delay Datapath Only  <hidden>                                                                                               <hidden>
289  CDC-15  Warning   Clock enable controlled CDC structure detected      0  Max Delay Datapath Only  <hidden>                                                                                               <hidden>
290  CDC-15  Warning   Clock enable controlled CDC structure detected      0  Max Delay Datapath Only  <hidden>                                                                                               <hidden>
291  CDC-15  Warning   Clock enable controlled CDC structure detected      0  Max Delay Datapath Only  <hidden>                                                                                               <hidden>
292  CDC-15  Warning   Clock enable controlled CDC structure detected      0  Max Delay Datapath Only  <hidden>                                                                                               <hidden>
293  CDC-15  Warning   Clock enable controlled CDC structure detected      0  Max Delay Datapath Only  <hidden>                                                                                               <hidden>
294  CDC-15  Warning   Clock enable controlled CDC structure detected      0  Max Delay Datapath Only  <hidden>                                                                                               <hidden>
295  CDC-15  Warning   Clock enable controlled CDC structure detected      0  Max Delay Datapath Only  <hidden>                                                                                               <hidden>
296  CDC-15  Warning   Clock enable controlled CDC structure detected      0  Max Delay Datapath Only  <hidden>                                                                                               <hidden>
297  CDC-15  Warning   Clock enable controlled CDC structure detected      0  Max Delay Datapath Only  <hidden>                                                                                               <hidden>
298  CDC-15  Warning   Clock enable controlled CDC structure detected      0  Max Delay Datapath Only  <hidden>                                                                                               <hidden>
299  CDC-15  Warning   Clock enable controlled CDC structure detected      0  Max Delay Datapath Only  <hidden>                                                                                               <hidden>
300  CDC-15  Warning   Clock enable controlled CDC structure detected      0  Max Delay Datapath Only  <hidden>                                                                                               <hidden>
301  CDC-15  Warning   Clock enable controlled CDC structure detected      0  Max Delay Datapath Only  <hidden>                                                                                               <hidden>
302  CDC-15  Warning   Clock enable controlled CDC structure detected      0  Max Delay Datapath Only  <hidden>                                                                                               <hidden>
303  CDC-15  Warning   Clock enable controlled CDC structure detected      0  Max Delay Datapath Only  <hidden>                                                                                               <hidden>
304  CDC-15  Warning   Clock enable controlled CDC structure detected      0  Max Delay Datapath Only  <hidden>                                                                                               <hidden>
305  CDC-15  Warning   Clock enable controlled CDC structure detected      0  Max Delay Datapath Only  <hidden>                                                                                               <hidden>
306  CDC-15  Warning   Clock enable controlled CDC structure detected      0  Max Delay Datapath Only  <hidden>                                                                                               <hidden>
307  CDC-15  Warning   Clock enable controlled CDC structure detected      0  Max Delay Datapath Only  <hidden>                                                                                               <hidden>
308  CDC-15  Warning   Clock enable controlled CDC structure detected      0  Max Delay Datapath Only  <hidden>                                                                                               <hidden>
309  CDC-15  Warning   Clock enable controlled CDC structure detected      0  Max Delay Datapath Only  <hidden>                                                                                               <hidden>
310  CDC-15  Warning   Clock enable controlled CDC structure detected      0  Max Delay Datapath Only  <hidden>                                                                                               <hidden>
311  CDC-15  Warning   Clock enable controlled CDC structure detected      0  Max Delay Datapath Only  <hidden>                                                                                               <hidden>
312  CDC-15  Warning   Clock enable controlled CDC structure detected      0  Max Delay Datapath Only  <hidden>                                                                                               <hidden>
313  CDC-15  Warning   Clock enable controlled CDC structure detected      0  Max Delay Datapath Only  <hidden>                                                                                               <hidden>
314  CDC-15  Warning   Clock enable controlled CDC structure detected      0  Max Delay Datapath Only  <hidden>                                                                                               <hidden>
315  CDC-15  Warning   Clock enable controlled CDC structure detected      0  Max Delay Datapath Only  <hidden>                                                                                               <hidden>
316  CDC-15  Warning   Clock enable controlled CDC structure detected      0  Max Delay Datapath Only  <hidden>                                                                                               <hidden>
317  CDC-15  Warning   Clock enable controlled CDC structure detected      0  Max Delay Datapath Only  <hidden>                                                                                               <hidden>
318  CDC-15  Warning   Clock enable controlled CDC structure detected      0  Max Delay Datapath Only  <hidden>                                                                                               <hidden>
319  CDC-15  Warning   Clock enable controlled CDC structure detected      0  Max Delay Datapath Only  <hidden>                                                                                               <hidden>
320  CDC-15  Warning   Clock enable controlled CDC structure detected      0  Max Delay Datapath Only  <hidden>                                                                                               <hidden>
321  CDC-15  Warning   Clock enable controlled CDC structure detected      0  Max Delay Datapath Only  <hidden>                                                                                               <hidden>
322  CDC-15  Warning   Clock enable controlled CDC structure detected      0  Max Delay Datapath Only  <hidden>                                                                                               <hidden>
323  CDC-15  Warning   Clock enable controlled CDC structure detected      0  Max Delay Datapath Only  <hidden>                                                                                               <hidden>
324  CDC-15  Warning   Clock enable controlled CDC structure detected      0  Max Delay Datapath Only  <hidden>                                                                                               <hidden>
325  CDC-15  Warning   Clock enable controlled CDC structure detected      0  Max Delay Datapath Only  <hidden>                                                                                               <hidden>
326  CDC-15  Warning   Clock enable controlled CDC structure detected      0  Max Delay Datapath Only  <hidden>                                                                                               <hidden>
327  CDC-15  Warning   Clock enable controlled CDC structure detected      0  Max Delay Datapath Only  <hidden>                                                                                               <hidden>
328  CDC-15  Warning   Clock enable controlled CDC structure detected      0  Max Delay Datapath Only  <hidden>                                                                                               <hidden>
329  CDC-15  Warning   Clock enable controlled CDC structure detected      0  Max Delay Datapath Only  <hidden>                                                                                               <hidden>
330  CDC-15  Warning   Clock enable controlled CDC structure detected      0  Max Delay Datapath Only  <hidden>                                                                                               <hidden>
331  CDC-15  Warning   Clock enable controlled CDC structure detected      0  Max Delay Datapath Only  <hidden>                                                                                               <hidden>
332  CDC-15  Warning   Clock enable controlled CDC structure detected      0  Max Delay Datapath Only  <hidden>                                                                                               <hidden>
333  CDC-15  Warning   Clock enable controlled CDC structure detected      0  Max Delay Datapath Only  <hidden>                                                                                               <hidden>
334  CDC-15  Warning   Clock enable controlled CDC structure detected      0  Max Delay Datapath Only  <hidden>                                                                                               <hidden>
335  CDC-15  Warning   Clock enable controlled CDC structure detected      0  Max Delay Datapath Only  <hidden>                                                                                               <hidden>
336  CDC-15  Warning   Clock enable controlled CDC structure detected      0  Max Delay Datapath Only  <hidden>                                                                                               <hidden>
337  CDC-15  Warning   Clock enable controlled CDC structure detected      0  Max Delay Datapath Only  <hidden>                                                                                               <hidden>
338  CDC-15  Warning   Clock enable controlled CDC structure detected      0  Max Delay Datapath Only  <hidden>                                                                                               <hidden>
339  CDC-15  Warning   Clock enable controlled CDC structure detected      0  Max Delay Datapath Only  <hidden>                                                                                               <hidden>
340  CDC-15  Warning   Clock enable controlled CDC structure detected      0  Max Delay Datapath Only  <hidden>                                                                                               <hidden>
341  CDC-15  Warning   Clock enable controlled CDC structure detected      0  Max Delay Datapath Only  <hidden>                                                                                               <hidden>
342  CDC-15  Warning   Clock enable controlled CDC structure detected      0  Max Delay Datapath Only  <hidden>                                                                                               <hidden>
343  CDC-15  Warning   Clock enable controlled CDC structure detected      0  Max Delay Datapath Only  <hidden>                                                                                               <hidden>
344  CDC-15  Warning   Clock enable controlled CDC structure detected      0  Max Delay Datapath Only  <hidden>                                                                                               <hidden>
345  CDC-15  Warning   Clock enable controlled CDC structure detected      0  Max Delay Datapath Only  <hidden>                                                                                               <hidden>
346  CDC-15  Warning   Clock enable controlled CDC structure detected      0  Max Delay Datapath Only  <hidden>                                                                                               <hidden>
347  CDC-15  Warning   Clock enable controlled CDC structure detected      0  Max Delay Datapath Only  <hidden>                                                                                               <hidden>
348  CDC-15  Warning   Clock enable controlled CDC structure detected      0  Max Delay Datapath Only  <hidden>                                                                                               <hidden>
349  CDC-15  Warning   Clock enable controlled CDC structure detected      0  Max Delay Datapath Only  <hidden>                                                                                               <hidden>
350  CDC-15  Warning   Clock enable controlled CDC structure detected      0  Max Delay Datapath Only  <hidden>                                                                                               <hidden>
351  CDC-15  Warning   Clock enable controlled CDC structure detected      0  Max Delay Datapath Only  <hidden>                                                                                               <hidden>
352  CDC-15  Warning   Clock enable controlled CDC structure detected      0  Max Delay Datapath Only  <hidden>                                                                                               <hidden>
353  CDC-15  Warning   Clock enable controlled CDC structure detected      0  Max Delay Datapath Only  <hidden>                                                                                               <hidden>
354  CDC-15  Warning   Clock enable controlled CDC structure detected      0  Max Delay Datapath Only  <hidden>                                                                                               <hidden>
355  CDC-15  Warning   Clock enable controlled CDC structure detected      0  Max Delay Datapath Only  <hidden>                                                                                               <hidden>
356  CDC-15  Warning   Clock enable controlled CDC structure detected      0  Max Delay Datapath Only  <hidden>                                                                                               <hidden>
357  CDC-15  Warning   Clock enable controlled CDC structure detected      0  Max Delay Datapath Only  <hidden>                                                                                               <hidden>
358  CDC-15  Warning   Clock enable controlled CDC structure detected      0  Max Delay Datapath Only  <hidden>                                                                                               <hidden>
359  CDC-15  Warning   Clock enable controlled CDC structure detected      0  Max Delay Datapath Only  <hidden>                                                                                               <hidden>
360  CDC-15  Warning   Clock enable controlled CDC structure detected      0  Max Delay Datapath Only  <hidden>                                                                                               <hidden>
361  CDC-15  Warning   Clock enable controlled CDC structure detected      0  Max Delay Datapath Only  <hidden>                                                                                               <hidden>
362  CDC-15  Warning   Clock enable controlled CDC structure detected      0  Max Delay Datapath Only  <hidden>                                                                                               <hidden>
363  CDC-15  Warning   Clock enable controlled CDC structure detected      0  Max Delay Datapath Only  <hidden>                                                                                               <hidden>
364  CDC-15  Warning   Clock enable controlled CDC structure detected      0  Max Delay Datapath Only  <hidden>                                                                                               <hidden>
365  CDC-15  Warning   Clock enable controlled CDC structure detected      0  Max Delay Datapath Only  <hidden>                                                                                               <hidden>
366  CDC-15  Warning   Clock enable controlled CDC structure detected      0  Max Delay Datapath Only  <hidden>                                                                                               <hidden>
367  CDC-15  Warning   Clock enable controlled CDC structure detected      0  Max Delay Datapath Only  <hidden>                                                                                               <hidden>
368  CDC-15  Warning   Clock enable controlled CDC structure detected      0  Max Delay Datapath Only  <hidden>                                                                                               <hidden>
369  CDC-15  Warning   Clock enable controlled CDC structure detected      0  Max Delay Datapath Only  <hidden>                                                                                               <hidden>
370  CDC-15  Warning   Clock enable controlled CDC structure detected      0  Max Delay Datapath Only  <hidden>                                                                                               <hidden>
371  CDC-15  Warning   Clock enable controlled CDC structure detected      0  Max Delay Datapath Only  <hidden>                                                                                               <hidden>
372  CDC-15  Warning   Clock enable controlled CDC structure detected      0  Max Delay Datapath Only  <hidden>                                                                                               <hidden>
373  CDC-15  Warning   Clock enable controlled CDC structure detected      0  Max Delay Datapath Only  <hidden>                                                                                               <hidden>
374  CDC-15  Warning   Clock enable controlled CDC structure detected      0  Max Delay Datapath Only  <hidden>                                                                                               <hidden>
375  CDC-15  Warning   Clock enable controlled CDC structure detected      0  Max Delay Datapath Only  <hidden>                                                                                               <hidden>
376  CDC-15  Warning   Clock enable controlled CDC structure detected      0  Max Delay Datapath Only  <hidden>                                                                                               <hidden>
377  CDC-15  Warning   Clock enable controlled CDC structure detected      0  Max Delay Datapath Only  <hidden>                                                                                               <hidden>
378  CDC-15  Warning   Clock enable controlled CDC structure detected      0  Max Delay Datapath Only  <hidden>                                                                                               <hidden>
379  CDC-15  Warning   Clock enable controlled CDC structure detected      0  Max Delay Datapath Only  <hidden>                                                                                               <hidden>
380  CDC-15  Warning   Clock enable controlled CDC structure detected      0  Max Delay Datapath Only  <hidden>                                                                                               <hidden>
381  CDC-15  Warning   Clock enable controlled CDC structure detected      0  Max Delay Datapath Only  <hidden>                                                                                               <hidden>
382  CDC-15  Warning   Clock enable controlled CDC structure detected      0  Max Delay Datapath Only  <hidden>                                                                                               <hidden>
383  CDC-15  Warning   Clock enable controlled CDC structure detected      0  Max Delay Datapath Only  <hidden>                                                                                               <hidden>
384  CDC-15  Warning   Clock enable controlled CDC structure detected      0  Max Delay Datapath Only  <hidden>                                                                                               <hidden>
385  CDC-15  Warning   Clock enable controlled CDC structure detected      0  Max Delay Datapath Only  <hidden>                                                                                               <hidden>
386  CDC-15  Warning   Clock enable controlled CDC structure detected      0  Max Delay Datapath Only  <hidden>                                                                                               <hidden>
387  CDC-15  Warning   Clock enable controlled CDC structure detected      0  Max Delay Datapath Only  <hidden>                                                                                               <hidden>
388  CDC-15  Warning   Clock enable controlled CDC structure detected      0  Max Delay Datapath Only  <hidden>                                                                                               <hidden>
389  CDC-15  Warning   Clock enable controlled CDC structure detected      0  Max Delay Datapath Only  <hidden>                                                                                               <hidden>
390  CDC-15  Warning   Clock enable controlled CDC structure detected      0  Max Delay Datapath Only  <hidden>                                                                                               <hidden>
391  CDC-15  Warning   Clock enable controlled CDC structure detected      0  Max Delay Datapath Only  <hidden>                                                                                               <hidden>
392  CDC-15  Warning   Clock enable controlled CDC structure detected      0  Max Delay Datapath Only  <hidden>                                                                                               <hidden>
393  CDC-15  Warning   Clock enable controlled CDC structure detected      0  Max Delay Datapath Only  <hidden>                                                                                               <hidden>
394  CDC-15  Warning   Clock enable controlled CDC structure detected      0  Max Delay Datapath Only  <hidden>                                                                                               <hidden>
395  CDC-15  Warning   Clock enable controlled CDC structure detected      0  Max Delay Datapath Only  <hidden>                                                                                               <hidden>
396  CDC-15  Warning   Clock enable controlled CDC structure detected      0  Max Delay Datapath Only  <hidden>                                                                                               <hidden>
397  CDC-15  Warning   Clock enable controlled CDC structure detected      0  Max Delay Datapath Only  <hidden>                                                                                               <hidden>
398  CDC-15  Warning   Clock enable controlled CDC structure detected      0  Max Delay Datapath Only  <hidden>                                                                                               <hidden>
399  CDC-15  Warning   Clock enable controlled CDC structure detected      0  Max Delay Datapath Only  <hidden>                                                                                               <hidden>
400  CDC-15  Warning   Clock enable controlled CDC structure detected      0  Max Delay Datapath Only  <hidden>                                                                                               <hidden>
401  CDC-15  Warning   Clock enable controlled CDC structure detected      0  Max Delay Datapath Only  <hidden>                                                                                               <hidden>
402  CDC-15  Warning   Clock enable controlled CDC structure detected      0  Max Delay Datapath Only  <hidden>                                                                                               <hidden>
403  CDC-15  Warning   Clock enable controlled CDC structure detected      0  Max Delay Datapath Only  <hidden>                                                                                               <hidden>
404  CDC-15  Warning   Clock enable controlled CDC structure detected      0  Max Delay Datapath Only  <hidden>                                                                                               <hidden>
405  CDC-15  Warning   Clock enable controlled CDC structure detected      0  Max Delay Datapath Only  <hidden>                                                                                               <hidden>
406  CDC-3   Info      1-bit synchronized with ASYNC_REG property          5  False Path               u_bd/split_d_system_i/rst_100/U0/ACTIVE_LOW_BSR_OUT_DFF[0].FDRE_BSR_N/C                                u_bd/split_d_system_i/memory_interconnect/inst/clk_map/psr_aclk1/U0/EXT_LPF/ACTIVE_LOW_AUX.ACT_LO_AUX/GENERATE_LEVEL_P_S_CDC.SINGLE_BIT.CROSS_PLEVEL_IN2SCNDRY_IN_cdc_to/D
407  CDC-3   Info      1-bit synchronized with ASYNC_REG property          4  False Path               u_bd/split_d_system_i/memory_interconnect/inst/clk_map/psr0/U0/ACTIVE_LOW_BSR_OUT_DFF[0].FDRE_BSR_N/C  u_bd/split_d_system_i/memory_interconnect/inst/clk_map/psr_aclk1/U0/EXT_LPF/ACTIVE_LOW_EXT.ACT_LO_EXT/GENERATE_LEVEL_P_S_CDC.SINGLE_BIT.CROSS_PLEVEL_IN2SCNDRY_IN_cdc_to/D

Source Clock: input port clock
Destination Clock: clk_out2_split_d_system_clk_wiz_0_0
CDC Type: No Common Primary Clock

Row  ID     Severity  Description                                 Depth  Exception   Source (From)  Destination (To)
---  -----  --------  ------------------------------------------  -----  ----------  -------------  ---------------------------------------------------------------------------------------------------------------------------------------
  1  CDC-3  Info      1-bit synchronized with ASYNC_REG property      4  False Path  reset_n        u_bd/split_d_system_i/rst_225/U0/EXT_LPF/ACTIVE_LOW_EXT.ACT_LO_EXT/GENERATE_LEVEL_P_S_CDC.SINGLE_BIT.CROSS_PLEVEL_IN2SCNDRY_IN_cdc_to/D

Source Clock: clk_out1_split_d_system_clk_wiz_0_0
Destination Clock: dbg_hub/inst/BSCANID.u_xsdbm_id/SWITCH_N_EXT_BSCAN.bscan_inst/SERIES7_BSCAN.bscan_inst/INTERNAL_TCK
CDC Type: No Common Primary Clock

Row  ID      Severity  Description                                              Depth  Exception   Source (From)                                                                                                                                                                                                                       Destination (To)
---  ------  --------  -------------------------------------------------------  -----  ----------  ----------------------------------------------------------------------------------------------------------------------------------------------------------------------------------------------------------------------------------  ---------------------------------------------------------------------------------------------------------------------------------------------------------------------------------------------------------------------------
  1  CDC-15  Warning   Clock enable controlled CDC structure detected               0  False Path  dbg_hub/inst/BSCANID.u_xsdbm_id/CORE_XSDB.UUT_MASTER/U_ICON_INTERFACE/U_CMD6_RD/U_RD_FIFO/SUBCORE_FIFO.xsdbm_v3_0_3_rdfifo_inst/inst_fifo_gen/gconvfifo.rf/grf.rf/gntv_or_sync_fifo.mem/gdm.dm_gen.dm/RAM_reg_0_15_14_15/DP/CLK     dbg_hub/inst/BSCANID.u_xsdbm_id/CORE_XSDB.UUT_MASTER/U_ICON_INTERFACE/U_CMD6_RD/U_RD_FIFO/SUBCORE_FIFO.xsdbm_v3_0_3_rdfifo_inst/inst_fifo_gen/gconvfifo.rf/grf.rf/gntv_or_sync_fifo.mem/gdm.dm_gen.dm/gpr1.dout_i_reg[14]/D
  2  CDC-15  Warning   Clock enable controlled CDC structure detected               0  False Path  dbg_hub/inst/BSCANID.u_xsdbm_id/CORE_XSDB.UUT_MASTER/U_ICON_INTERFACE/U_CMD6_RD/U_RD_FIFO/SUBCORE_FIFO.xsdbm_v3_0_3_rdfifo_inst/inst_fifo_gen/gconvfifo.rf/grf.rf/gntv_or_sync_fifo.mem/gdm.dm_gen.dm/RAM_reg_0_15_14_15__0/DP/CLK  dbg_hub/inst/BSCANID.u_xsdbm_id/CORE_XSDB.UUT_MASTER/U_ICON_INTERFACE/U_CMD6_RD/U_RD_FIFO/SUBCORE_FIFO.xsdbm_v3_0_3_rdfifo_inst/inst_fifo_gen/gconvfifo.rf/grf.rf/gntv_or_sync_fifo.mem/gdm.dm_gen.dm/gpr1.dout_i_reg[15]/D
  3  CDC-9   Info      Asynchronous reset synchronized with ASYNC_REG property      2  False Path  dbg_hub/inst/BSCANID.u_xsdbm_id/CORE_XSDB.UUT_MASTER/U_ICON_INTERFACE/rddata_rst_reg/C                                                                                                                                              dbg_hub/inst/BSCANID.u_xsdbm_id/CORE_XSDB.UUT_MASTER/U_ICON_INTERFACE/U_CMD6_RD/U_RD_FIFO/SUBCORE_FIFO.xsdbm_v3_0_3_rdfifo_inst/inst_fifo_gen/gconvfifo.rf/grf.rf/rstblk/ngwrdrst.grst.g7serrst.rst_rd_reg1_reg/PRE
  4  CDC-3   Info      1-bit synchronized with ASYNC_REG property                   2  False Path  dbg_hub/inst/BSCANID.u_xsdbm_id/CORE_XSDB.UUT_MASTER/U_ICON_INTERFACE/U_CMD1/ctl_reg_reg[0]/C                                                                                                                                       dbg_hub/inst/BSCANID.u_xsdbm_id/CORE_XSDB.UUT_MASTER/U_ICON_INTERFACE/ma_rst_1_reg/D

