Copyright 1986-2022 Xilinx, Inc. All Rights Reserved. Copyright 2022-2024 Advanced Micro Devices, Inc. All Rights Reserved.
---------------------------------------------------------------------------------------------------------------------------------------------
| Tool Version : Vivado v.2024.2 (lin64) Build 5239630 Fri Nov 08 22:34:34 MST 2024
| Date         : Sat Oct 10 18:03:08 2026
| Host         : lenovo-ThinkStation-P920 running 64-bit Ubuntu 24.04.3 LTS
| Command      : report_utilization -hierarchical -file /home/zhangchenxuan/FSA_HLS/build/split_d_nm37_7892c75_ipbf/reports/utilization.rpt
| Design       : split_d_nm37_top
| Device       : xcvu37p_CIV-fsvh2892-2-e
| Speed File   : -2
| Design State : Routed
---------------------------------------------------------------------------------------------------------------------------------------------

Utilization Design Information

Table of Contents
-----------------
1. Utilization by Hierarchy

1. Utilization by Hierarchy
---------------------------

+------------------------------------------------------------------------------------------------------------------+--------------------------------------------------------------------------------------------------------------------------------+------------+------------+---------+------+-------+--------+--------+------+------------+
|                                                     Instance                                                     |                                                             Module                                                             | Total LUTs | Logic LUTs | LUTRAMs | SRLs |  FFs  | RAMB36 | RAMB18 | URAM | DSP Blocks |
+------------------------------------------------------------------------------------------------------------------+--------------------------------------------------------------------------------------------------------------------------------+------------+------------+---------+------+-------+--------+--------+------+------------+
| split_d_nm37_top                                                                                                 |                                                                                                                          (top) |      60777 |      55964 |    2826 | 1987 | 43700 |     45 |      0 |    0 |         40 |
|   (split_d_nm37_top)                                                                                             |                                                                                                                          (top) |          0 |          0 |       0 |    0 |     0 |      0 |      0 |    0 |          0 |
|   dbg_hub                                                                                                        |                                                                                                                        dbg_hub |        457 |        437 |      20 |    0 |   776 |      0 |      0 |    0 |          0 |
|     (dbg_hub)                                                                                                    |                                                                                                                        dbg_hub |          0 |          0 |       0 |    0 |     0 |      0 |      0 |    0 |          0 |
|     inst                                                                                                         |                                                                                                     dbg_hub_xsdbm_v3_0_3_xsdbm |        457 |        437 |      20 |    0 |   776 |      0 |      0 |    0 |          0 |
|       BSCANID.u_xsdbm_id                                                                                         |                                                                                                  dbg_hub_xsdbm_v3_0_3_xsdbm_id |        457 |        437 |      20 |    0 |   776 |      0 |      0 |    0 |          0 |
|         (BSCANID.u_xsdbm_id)                                                                                     |                                                                                                  dbg_hub_xsdbm_v3_0_3_xsdbm_id |         33 |         33 |       0 |    0 |    34 |      0 |      0 |    0 |          0 |
|         CORE_XSDB.UUT_MASTER                                                                                     |                                                                                                 dbg_hub_xsdbm_v3_0_3_icon2xsdb |        288 |        268 |      20 |    0 |   589 |      0 |      0 |    0 |          0 |
|           U_ICON_INTERFACE                                                                                       |                                                                                                        dbg_hub_xsdbm_v3_0_3_if |        165 |        145 |      20 |    0 |   468 |      0 |      0 |    0 |          0 |
|             (U_ICON_INTERFACE)                                                                                   |                                                                                                        dbg_hub_xsdbm_v3_0_3_if |          6 |          6 |       0 |    0 |    15 |      0 |      0 |    0 |          0 |
|             U_CMD1                                                                                               |                                                                                                   dbg_hub_xsdbm_v3_0_3_ctl_reg |          5 |          5 |       0 |    0 |    16 |      0 |      0 |    0 |          0 |
|             U_CMD2                                                                                               |                                                                                                  dbg_hub_xsdbm_v3_0_3_stat_reg |          5 |          5 |       0 |    0 |    22 |      0 |      0 |    0 |          0 |
|             U_CMD3                                                                                               |                                                                                  dbg_hub_xsdbm_v3_0_3_stat_reg__parameterized0 |          7 |          7 |       0 |    0 |    30 |      0 |      0 |    0 |          0 |
|             U_CMD4                                                                                               |                                                                                   dbg_hub_xsdbm_v3_0_3_ctl_reg__parameterized0 |         16 |         16 |       0 |    0 |    62 |      0 |      0 |    0 |          0 |
|             U_CMD5                                                                                               |                                                                                   dbg_hub_xsdbm_v3_0_3_ctl_reg__parameterized1 |          6 |          6 |       0 |    0 |    42 |      0 |      0 |    0 |          0 |
|             U_CMD6_RD                                                                                            |                                                                                                     dbg_hub_xsdbm_v3_0_3_rdreg |         65 |         55 |      10 |    0 |   134 |      0 |      0 |    0 |          0 |
|               (U_CMD6_RD)                                                                                        |                                                                                                     dbg_hub_xsdbm_v3_0_3_rdreg |          2 |          2 |       0 |    0 |    20 |      0 |      0 |    0 |          0 |
|               U_RD_FIFO                                                                                          |                                                                                                    dbg_hub_xsdbm_v3_0_3_rdfifo |         63 |         53 |      10 |    0 |   114 |      0 |      0 |    0 |          0 |
|                 (U_RD_FIFO)                                                                                      |                                                                                                    dbg_hub_xsdbm_v3_0_3_rdfifo |         20 |         20 |       0 |    0 |     0 |      0 |      0 |    0 |          0 |
|                 SUBCORE_FIFO.xsdbm_v3_0_3_rdfifo_inst                                                            |                                                                                 dbg_hub_fifo_generator_v13_1_5__parameterized0 |         43 |         33 |      10 |    0 |   114 |      0 |      0 |    0 |          0 |
|                   (SUBCORE_FIFO.xsdbm_v3_0_3_rdfifo_inst)                                                        |                                                                                 dbg_hub_fifo_generator_v13_1_5__parameterized0 |          0 |          0 |       0 |    0 |     0 |      0 |      0 |    0 |          0 |
|                   inst_fifo_gen                                                                                  |                                                                           dbg_hub_fifo_generator_v13_1_5_synth__parameterized0 |         43 |         33 |      10 |    0 |   114 |      0 |      0 |    0 |          0 |
|                     gconvfifo.rf                                                                                 |                                                                                     dbg_hub_fifo_generator_top__parameterized0 |         43 |         33 |      10 |    0 |   114 |      0 |      0 |    0 |          0 |
|                       grf.rf                                                                                     |                                                                                 dbg_hub_fifo_generator_ramfifo__parameterized0 |         43 |         33 |      10 |    0 |   114 |      0 |      0 |    0 |          0 |
|                         gntv_or_sync_fifo.gcx.clkx                                                               |                                                                                                          dbg_hub_clk_x_pntrs_6 |         12 |         12 |       0 |    0 |    32 |      0 |      0 |    0 |          0 |
|                           (gntv_or_sync_fifo.gcx.clkx)                                                           |                                                                                                          dbg_hub_clk_x_pntrs_6 |         10 |         10 |       0 |    0 |    16 |      0 |      0 |    0 |          0 |
|                           gnxpm_cdc.gsync_stage[1].rd_stg_inst                                                   |                                                                                     dbg_hub_synchronizer_ff__parameterized0_18 |          0 |          0 |       0 |    0 |     4 |      0 |      0 |    0 |          0 |
|                           gnxpm_cdc.gsync_stage[1].wr_stg_inst                                                   |                                                                                     dbg_hub_synchronizer_ff__parameterized0_19 |          0 |          0 |       0 |    0 |     4 |      0 |      0 |    0 |          0 |
|                           gnxpm_cdc.gsync_stage[2].rd_stg_inst                                                   |                                                                                     dbg_hub_synchronizer_ff__parameterized0_20 |          1 |          1 |       0 |    0 |     4 |      0 |      0 |    0 |          0 |
|                           gnxpm_cdc.gsync_stage[2].wr_stg_inst                                                   |                                                                                     dbg_hub_synchronizer_ff__parameterized0_21 |          1 |          1 |       0 |    0 |     4 |      0 |      0 |    0 |          0 |
|                         gntv_or_sync_fifo.gl0.rd                                                                 |                                                                                               dbg_hub_rd_logic__parameterized0 |         14 |         14 |       0 |    0 |    19 |      0 |      0 |    0 |          0 |
|                           gr1.gr1_int.rfwft                                                                      |                                                                                                                dbg_hub_rd_fwft |          7 |          7 |       0 |    0 |     8 |      0 |      0 |    0 |          0 |
|                           gras.rsts                                                                              |                                                                                                  dbg_hub_rd_status_flags_as_16 |          0 |          0 |       0 |    0 |     2 |      0 |      0 |    0 |          0 |
|                           grhf.rhf                                                                               |                                                                                   dbg_hub_rd_handshaking_flags__parameterized0 |          0 |          0 |       0 |    0 |     1 |      0 |      0 |    0 |          0 |
|                           rpntr                                                                                  |                                                                                                         dbg_hub_rd_bin_cntr_17 |          7 |          7 |       0 |    0 |     8 |      0 |      0 |    0 |          0 |
|                         gntv_or_sync_fifo.gl0.wr                                                                 |                                                                                               dbg_hub_wr_logic__parameterized0 |          5 |          5 |       0 |    0 |    15 |      0 |      0 |    0 |          0 |
|                           gwas.wsts                                                                              |                                                                                                  dbg_hub_wr_status_flags_as_13 |          2 |          2 |       0 |    0 |     2 |      0 |      0 |    0 |          0 |
|                           gwhf.whf                                                                               |                                                                                                dbg_hub_wr_handshaking_flags_14 |          0 |          0 |       0 |    0 |     1 |      0 |      0 |    0 |          0 |
|                           wpntr                                                                                  |                                                                                                         dbg_hub_wr_bin_cntr_15 |          3 |          3 |       0 |    0 |    12 |      0 |      0 |    0 |          0 |
|                         gntv_or_sync_fifo.mem                                                                    |                                                                                                 dbg_hub_memory__parameterized0 |         10 |          0 |      10 |    0 |    32 |      0 |      0 |    0 |          0 |
|                           (gntv_or_sync_fifo.mem)                                                                |                                                                                                 dbg_hub_memory__parameterized0 |          0 |          0 |       0 |    0 |    16 |      0 |      0 |    0 |          0 |
|                           gdm.dm_gen.dm                                                                          |                                                                                                                dbg_hub_dmem_12 |         10 |          0 |      10 |    0 |    16 |      0 |      0 |    0 |          0 |
|                         rstblk                                                                                   |                                                                                                    dbg_hub_reset_blk_ramfifo_7 |          2 |          2 |       0 |    0 |    16 |      0 |      0 |    0 |          0 |
|                           (rstblk)                                                                               |                                                                                                    dbg_hub_reset_blk_ramfifo_7 |          0 |          0 |       0 |    0 |    12 |      0 |      0 |    0 |          0 |
|                           ngwrdrst.grst.g7serrst.gwrrd_rst_sync_stage[1].rrst_inst                               |                                                                                                      dbg_hub_synchronizer_ff_8 |          1 |          1 |       0 |    0 |     1 |      0 |      0 |    0 |          0 |
|                           ngwrdrst.grst.g7serrst.gwrrd_rst_sync_stage[1].wrst_inst                               |                                                                                                      dbg_hub_synchronizer_ff_9 |          1 |          1 |       0 |    0 |     1 |      0 |      0 |    0 |          0 |
|                           ngwrdrst.grst.g7serrst.gwrrd_rst_sync_stage[2].rrst_inst                               |                                                                                                     dbg_hub_synchronizer_ff_10 |          1 |          1 |       0 |    0 |     1 |      0 |      0 |    0 |          0 |
|                           ngwrdrst.grst.g7serrst.gwrrd_rst_sync_stage[2].wrst_inst                               |                                                                                                     dbg_hub_synchronizer_ff_11 |          1 |          1 |       0 |    0 |     1 |      0 |      0 |    0 |          0 |
|             U_CMD6_WR                                                                                            |                                                                                                     dbg_hub_xsdbm_v3_0_3_wrreg |         40 |         30 |      10 |    0 |   110 |      0 |      0 |    0 |          0 |
|               (U_CMD6_WR)                                                                                        |                                                                                                     dbg_hub_xsdbm_v3_0_3_wrreg |          2 |          2 |       0 |    0 |    20 |      0 |      0 |    0 |          0 |
|               U_WR_FIFO                                                                                          |                                                                                                    dbg_hub_xsdbm_v3_0_3_wrfifo |         38 |         28 |      10 |    0 |    90 |      0 |      0 |    0 |          0 |
|                 (U_WR_FIFO)                                                                                      |                                                                                                    dbg_hub_xsdbm_v3_0_3_wrfifo |          1 |          1 |       0 |    0 |     0 |      0 |      0 |    0 |          0 |
|                 SUBCORE_FIFO.xsdbm_v3_0_3_wrfifo_inst                                                            |                                                                                                 dbg_hub_fifo_generator_v13_1_5 |         37 |         27 |      10 |    0 |    90 |      0 |      0 |    0 |          0 |
|                   (SUBCORE_FIFO.xsdbm_v3_0_3_wrfifo_inst)                                                        |                                                                                                 dbg_hub_fifo_generator_v13_1_5 |          0 |          0 |       0 |    0 |     0 |      0 |      0 |    0 |          0 |
|                   inst_fifo_gen                                                                                  |                                                                                           dbg_hub_fifo_generator_v13_1_5_synth |         37 |         27 |      10 |    0 |    90 |      0 |      0 |    0 |          0 |
|                     gconvfifo.rf                                                                                 |                                                                                                     dbg_hub_fifo_generator_top |         37 |         27 |      10 |    0 |    90 |      0 |      0 |    0 |          0 |
|                       grf.rf                                                                                     |                                                                                                 dbg_hub_fifo_generator_ramfifo |         37 |         27 |      10 |    0 |    90 |      0 |      0 |    0 |          0 |
|                         gntv_or_sync_fifo.gcx.clkx                                                               |                                                                                                            dbg_hub_clk_x_pntrs |         11 |         11 |       0 |    0 |    32 |      0 |      0 |    0 |          0 |
|                           (gntv_or_sync_fifo.gcx.clkx)                                                           |                                                                                                            dbg_hub_clk_x_pntrs |          9 |          9 |       0 |    0 |    16 |      0 |      0 |    0 |          0 |
|                           gnxpm_cdc.gsync_stage[1].rd_stg_inst                                                   |                                                                                        dbg_hub_synchronizer_ff__parameterized0 |          0 |          0 |       0 |    0 |     4 |      0 |      0 |    0 |          0 |
|                           gnxpm_cdc.gsync_stage[1].wr_stg_inst                                                   |                                                                                      dbg_hub_synchronizer_ff__parameterized0_3 |          0 |          0 |       0 |    0 |     4 |      0 |      0 |    0 |          0 |
|                           gnxpm_cdc.gsync_stage[2].rd_stg_inst                                                   |                                                                                      dbg_hub_synchronizer_ff__parameterized0_4 |          1 |          1 |       0 |    0 |     4 |      0 |      0 |    0 |          0 |
|                           gnxpm_cdc.gsync_stage[2].wr_stg_inst                                                   |                                                                                      dbg_hub_synchronizer_ff__parameterized0_5 |          1 |          1 |       0 |    0 |     4 |      0 |      0 |    0 |          0 |
|                         gntv_or_sync_fifo.gl0.rd                                                                 |                                                                                                               dbg_hub_rd_logic |         10 |         10 |       0 |    0 |    11 |      0 |      0 |    0 |          0 |
|                           gras.rsts                                                                              |                                                                                                     dbg_hub_rd_status_flags_as |          2 |          2 |       0 |    0 |     2 |      0 |      0 |    0 |          0 |
|                           grhf.rhf                                                                               |                                                                                                   dbg_hub_rd_handshaking_flags |          0 |          0 |       0 |    0 |     1 |      0 |      0 |    0 |          0 |
|                           rpntr                                                                                  |                                                                                                            dbg_hub_rd_bin_cntr |          8 |          8 |       0 |    0 |     8 |      0 |      0 |    0 |          0 |
|                         gntv_or_sync_fifo.gl0.wr                                                                 |                                                                                                               dbg_hub_wr_logic |          5 |          5 |       0 |    0 |    15 |      0 |      0 |    0 |          0 |
|                           gwas.wsts                                                                              |                                                                                                     dbg_hub_wr_status_flags_as |          2 |          2 |       0 |    0 |     2 |      0 |      0 |    0 |          0 |
|                           gwhf.whf                                                                               |                                                                                                   dbg_hub_wr_handshaking_flags |          0 |          0 |       0 |    0 |     1 |      0 |      0 |    0 |          0 |
|                           wpntr                                                                                  |                                                                                                            dbg_hub_wr_bin_cntr |          3 |          3 |       0 |    0 |    12 |      0 |      0 |    0 |          0 |
|                         gntv_or_sync_fifo.mem                                                                    |                                                                                                                 dbg_hub_memory |         10 |          0 |      10 |    0 |    16 |      0 |      0 |    0 |          0 |
|                           gdm.dm_gen.dm                                                                          |                                                                                                                   dbg_hub_dmem |         10 |          0 |      10 |    0 |    16 |      0 |      0 |    0 |          0 |
|                         rstblk                                                                                   |                                                                                                      dbg_hub_reset_blk_ramfifo |          2 |          2 |       0 |    0 |    16 |      0 |      0 |    0 |          0 |
|                           (rstblk)                                                                               |                                                                                                      dbg_hub_reset_blk_ramfifo |          0 |          0 |       0 |    0 |    12 |      0 |      0 |    0 |          0 |
|                           ngwrdrst.grst.g7serrst.gwrrd_rst_sync_stage[1].rrst_inst                               |                                                                                                        dbg_hub_synchronizer_ff |          1 |          1 |       0 |    0 |     1 |      0 |      0 |    0 |          0 |
|                           ngwrdrst.grst.g7serrst.gwrrd_rst_sync_stage[1].wrst_inst                               |                                                                                                      dbg_hub_synchronizer_ff_0 |          1 |          1 |       0 |    0 |     1 |      0 |      0 |    0 |          0 |
|                           ngwrdrst.grst.g7serrst.gwrrd_rst_sync_stage[2].rrst_inst                               |                                                                                                      dbg_hub_synchronizer_ff_1 |          1 |          1 |       0 |    0 |     1 |      0 |      0 |    0 |          0 |
|                           ngwrdrst.grst.g7serrst.gwrrd_rst_sync_stage[2].wrst_inst                               |                                                                                                      dbg_hub_synchronizer_ff_2 |          1 |          1 |       0 |    0 |     1 |      0 |      0 |    0 |          0 |
|             U_CMD7_CTL                                                                                           |                                                                                   dbg_hub_xsdbm_v3_0_3_ctl_reg__parameterized2 |          2 |          2 |       0 |    0 |    12 |      0 |      0 |    0 |          0 |
|             U_CMD7_STAT                                                                                          |                                                                                  dbg_hub_xsdbm_v3_0_3_stat_reg__parameterized1 |          4 |          4 |       0 |    0 |    18 |      0 |      0 |    0 |          0 |
|             U_STATIC_STATUS                                                                                      |                                                                                          dbg_hub_xsdbm_v3_0_3_if_static_status |          9 |          9 |       0 |    0 |     7 |      0 |      0 |    0 |          0 |
|           U_XSDB_ADDRESS_CONTROLLER                                                                              |                                                                                                  dbg_hub_xsdbm_v3_0_3_addr_ctl |         17 |         17 |       0 |    0 |    19 |      0 |      0 |    0 |          0 |
|           U_XSDB_BURST_WD_LEN_CONTROLLER                                                                         |                                                                                           dbg_hub_xsdbm_v3_0_3_burst_wdlen_ctl |         21 |         21 |       0 |    0 |    20 |      0 |      0 |    0 |          0 |
|           U_XSDB_BUS_CONTROLLER                                                                                  |                                                                                                   dbg_hub_xsdbm_v3_0_3_bus_ctl |         68 |         68 |       0 |    0 |    65 |      0 |      0 |    0 |          0 |
|             (U_XSDB_BUS_CONTROLLER)                                                                              |                                                                                                   dbg_hub_xsdbm_v3_0_3_bus_ctl |          9 |          9 |       0 |    0 |    54 |      0 |      0 |    0 |          0 |
|             U_RD_ABORT_FLAG                                                                                      |                                                                               dbg_hub_xsdbm_v3_0_3_bus_ctl_flg__parameterized0 |          5 |          5 |       0 |    0 |     1 |      0 |      0 |    0 |          0 |
|             U_RD_REQ_FLAG                                                                                        |                                                                                               dbg_hub_xsdbm_v3_0_3_bus_ctl_flg |          4 |          4 |       0 |    0 |     2 |      0 |      0 |    0 |          0 |
|             U_TIMER                                                                                              |                                                                                               dbg_hub_xsdbm_v3_0_3_bus_ctl_cnt |         50 |         50 |       0 |    0 |     8 |      0 |      0 |    0 |          0 |
|           U_XSDB_BUS_MSTR2SL_PORT_IFACE                                                                          |                                                                                            dbg_hub_xsdbm_v3_0_3_bus_mstr2sl_if |         17 |         17 |       0 |    0 |    17 |      0 |      0 |    0 |          0 |
|             (U_XSDB_BUS_MSTR2SL_PORT_IFACE)                                                                      |                                                                                            dbg_hub_xsdbm_v3_0_3_bus_mstr2sl_if |          1 |          1 |       0 |    0 |    17 |      0 |      0 |    0 |          0 |
|             U_RD_DIN_BUS_MUX                                                                                     |                                                                                               dbg_hub_ltlib_v1_0_2_generic_mux |         16 |         16 |       0 |    0 |     0 |      0 |      0 |    0 |          0 |
|         CORE_XSDB.U_ICON                                                                                         |                                                                                                      dbg_hub_xsdbm_v3_0_3_icon |         16 |         16 |       0 |    0 |    28 |      0 |      0 |    0 |          0 |
|           (CORE_XSDB.U_ICON)                                                                                     |                                                                                                      dbg_hub_xsdbm_v3_0_3_icon |          1 |          1 |       0 |    0 |     3 |      0 |      0 |    0 |          0 |
|           U_CMD                                                                                                  |                                                                                                dbg_hub_xsdbm_v3_0_3_cmd_decode |          8 |          8 |       0 |    0 |    10 |      0 |      0 |    0 |          0 |
|           U_STAT                                                                                                 |                                                                                                      dbg_hub_xsdbm_v3_0_3_stat |          5 |          5 |       0 |    0 |     7 |      0 |      0 |    0 |          0 |
|           U_SYNC                                                                                                 |                                                                                                      dbg_hub_xsdbm_v3_0_3_sync |          2 |          2 |       0 |    0 |     8 |      0 |      0 |    0 |          0 |
|         SWITCH_N_EXT_BSCAN.bscan_inst                                                                            |                                                                                                     dbg_hub_ltlib_v1_0_2_bscan |          0 |          0 |       0 |    0 |     0 |      0 |      0 |    0 |          0 |
|         SWITCH_N_EXT_BSCAN.bscan_switch                                                                          |                                                                                              dbg_hub_xsdbm_v3_0_3_bscan_switch |        121 |        121 |       0 |    0 |   125 |      0 |      0 |    0 |          0 |
|   u_bd                                                                                                           |                                                                                                         split_d_system_wrapper |      58719 |      54133 |    2806 | 1780 | 40107 |     41 |      0 |    0 |         40 |
|     split_d_system_i                                                                                             |                                                                                                                 split_d_system |      58719 |      54133 |    2806 | 1780 | 40107 |     41 |      0 |    0 |         40 |
|       (split_d_system_i)                                                                                         |                                                                                                                 split_d_system |          0 |          0 |       0 |    0 |     0 |      0 |      0 |    0 |          0 |
|       clk_wiz_0                                                                                                  |                                                                                                     split_d_system_clk_wiz_0_0 |          0 |          0 |       0 |    0 |     0 |      0 |      0 |    0 |          0 |
|         inst                                                                                                     |                                                                                             split_d_system_clk_wiz_0_0_clk_wiz |          0 |          0 |       0 |    0 |     0 |      0 |      0 |    0 |          0 |
|       control_interconnect                                                                                       |                                                                                          split_d_system_control_interconnect_0 |         83 |         82 |       0 |    1 |   189 |      0 |      0 |    0 |          0 |
|         inst                                                                                                     |                                                                                  split_d_system_control_interconnect_0_bd_a1ee |         83 |         82 |       0 |    1 |   189 |      0 |      0 |    0 |          0 |
|           clk_map                                                                                                |                                                                      split_d_system_control_interconnect_0_clk_map_imp_1AUARNY |         12 |         11 |       0 |    1 |    22 |      0 |      0 |    0 |          0 |
|             psr_aclk                                                                                             |                                                                       split_d_system_control_interconnect_0_bd_a1ee_psr_aclk_0 |         12 |         11 |       0 |    1 |    22 |      0 |      0 |    0 |          0 |
|               U0                                                                                                 |                                                                           split_d_system_control_interconnect_0_proc_sys_reset |         12 |         11 |       0 |    1 |    22 |      0 |      0 |    0 |          0 |
|                 (U0)                                                                                             |                                                                           split_d_system_control_interconnect_0_proc_sys_reset |          0 |          0 |       0 |    0 |     1 |      0 |      0 |    0 |          0 |
|                 EXT_LPF                                                                                          |                                                                                      split_d_system_control_interconnect_0_lpf |          3 |          2 |       0 |    1 |     6 |      0 |      0 |    0 |          0 |
|                   (EXT_LPF)                                                                                      |                                                                                      split_d_system_control_interconnect_0_lpf |          2 |          1 |       0 |    1 |     2 |      0 |      0 |    0 |          0 |
|                   ACTIVE_LOW_AUX.ACT_LO_AUX                                                                      |                                                                                 split_d_system_control_interconnect_0_cdc_sync |          1 |          1 |       0 |    0 |     4 |      0 |      0 |    0 |          0 |
|                 SEQ                                                                                              |                                                                             split_d_system_control_interconnect_0_sequence_psr |          9 |          9 |       0 |    0 |    15 |      0 |      0 |    0 |          0 |
|                   (SEQ)                                                                                          |                                                                             split_d_system_control_interconnect_0_sequence_psr |          5 |          5 |       0 |    0 |     9 |      0 |      0 |    0 |          0 |
|                   SEQ_COUNTER                                                                                    |                                                                                  split_d_system_control_interconnect_0_upcnt_n |          4 |          4 |       0 |    0 |     6 |      0 |      0 |    0 |          0 |
|           m00_exit_pipeline                                                                                      |                                                             split_d_system_control_interconnect_0_m00_exit_pipeline_imp_MBZC5X |          7 |          7 |       0 |    0 |     9 |      0 |      0 |    0 |          0 |
|             m00_exit                                                                                             |                                                                           split_d_system_control_interconnect_0_bd_a1ee_m00e_0 |          7 |          7 |       0 |    0 |     9 |      0 |      0 |    0 |          0 |
|               inst                                                                                               |                                                                      split_d_system_control_interconnect_0_sc_exit_v1_0_16_top |          7 |          7 |       0 |    0 |     9 |      0 |      0 |    0 |          0 |
|                 (inst)                                                                                           |                                                                      split_d_system_control_interconnect_0_sc_exit_v1_0_16_top |          2 |          2 |       0 |    0 |     2 |      0 |      0 |    0 |          0 |
|                 exit_inst                                                                                        |                                                                     split_d_system_control_interconnect_0_sc_exit_v1_0_16_exit |          5 |          5 |       0 |    0 |     4 |      0 |      0 |    0 |          0 |
|                 xpm_cdc_async_rst_inst                                                                           |                                                                     split_d_system_control_interconnect_0_xpm_cdc_async_rst__1 |          0 |          0 |       0 |    0 |     3 |      0 |      0 |    0 |          0 |
|           m00_sc2axi                                                                                             |                                                                         split_d_system_control_interconnect_0_bd_a1ee_m00s2a_0 |          0 |          0 |       0 |    0 |     0 |      0 |      0 |    0 |          0 |
|             inst                                                                                                 |                                                                    split_d_system_control_interconnect_0_sc_sc2axi_v1_0_10_top |          0 |          0 |       0 |    0 |     0 |      0 |      0 |    0 |          0 |
|           s00_axi2sc                                                                                             |                                                                         split_d_system_control_interconnect_0_bd_a1ee_s00a2s_0 |          0 |          0 |       0 |    0 |     0 |      0 |      0 |    0 |          0 |
|             inst                                                                                                 |                                                                    split_d_system_control_interconnect_0_sc_axi2sc_v1_0_10_top |          0 |          0 |       0 |    0 |     0 |      0 |      0 |    0 |          0 |
|           s00_entry_pipeline                                                                                     |                                                           split_d_system_control_interconnect_0_s00_entry_pipeline_imp_1MMXFME |         27 |         27 |       0 |    0 |    28 |      0 |      0 |    0 |          0 |
|             s00_mmu                                                                                              |                                                                         split_d_system_control_interconnect_0_bd_a1ee_s00mmu_0 |         14 |         14 |       0 |    0 |    12 |      0 |      0 |    0 |          0 |
|               inst                                                                                               |                                                                       split_d_system_control_interconnect_0_sc_mmu_v1_0_14_top |         14 |         14 |       0 |    0 |    12 |      0 |      0 |    0 |          0 |
|                 (inst)                                                                                           |                                                                       split_d_system_control_interconnect_0_sc_mmu_v1_0_14_top |         14 |         14 |       0 |    0 |     9 |      0 |      0 |    0 |          0 |
|                 xpm_cdc_async_rst_inst                                                                           |                                                                     split_d_system_control_interconnect_0_xpm_cdc_async_rst__2 |          0 |          0 |       0 |    0 |     3 |      0 |      0 |    0 |          0 |
|             s00_si_converter                                                                                     |                                                                         split_d_system_control_interconnect_0_bd_a1ee_s00sic_0 |          8 |          8 |       0 |    0 |     8 |      0 |      0 |    0 |          0 |
|               inst                                                                                               |                                                              split_d_system_control_interconnect_0_sc_si_converter_v1_0_14_top |          8 |          8 |       0 |    0 |     8 |      0 |      0 |    0 |          0 |
|                 (inst)                                                                                           |                                                              split_d_system_control_interconnect_0_sc_si_converter_v1_0_14_top |          2 |          2 |       0 |    0 |     1 |      0 |      0 |    0 |          0 |
|                 gen_normal.splitter_inst                                                                         |                                                         split_d_system_control_interconnect_0_sc_si_converter_v1_0_14_splitter |          6 |          6 |       0 |    0 |     4 |      0 |      0 |    0 |          0 |
|                 xpm_cdc_async_rst_inst                                                                           |                                                                     split_d_system_control_interconnect_0_xpm_cdc_async_rst__3 |          0 |          0 |       0 |    0 |     3 |      0 |      0 |    0 |          0 |
|             s00_transaction_regulator                                                                            |                                                                          split_d_system_control_interconnect_0_bd_a1ee_s00tr_0 |          5 |          5 |       0 |    0 |     8 |      0 |      0 |    0 |          0 |
|               inst                                                                                               |                                                     split_d_system_control_interconnect_0_sc_transaction_regulator_v1_0_11_top |          5 |          5 |       0 |    0 |     8 |      0 |      0 |    0 |          0 |
|                 (inst)                                                                                           |                                                     split_d_system_control_interconnect_0_sc_transaction_regulator_v1_0_11_top |          1 |          1 |       0 |    0 |     1 |      0 |      0 |    0 |          0 |
|                 gen_endpoint.gen_r_singleorder.r_singleorder                                                     |                                             split_d_system_control_interconnect_0_sc_transaction_regulator_v1_0_11_singleorder |          1 |          1 |       0 |    0 |     1 |      0 |      0 |    0 |          0 |
|                 gen_endpoint.gen_w_singleorder.w_singleorder                                                     |                                           split_d_system_control_interconnect_0_sc_transaction_regulator_v1_0_11_singleorder_6 |          3 |          3 |       0 |    0 |     3 |      0 |      0 |    0 |          0 |
|                 xpm_cdc_async_rst_inst                                                                           |                                                                     split_d_system_control_interconnect_0_xpm_cdc_async_rst__4 |          0 |          0 |       0 |    0 |     3 |      0 |      0 |    0 |          0 |
|           s00_nodes                                                                                              |                                                                    split_d_system_control_interconnect_0_s00_nodes_imp_1J718WC |         39 |         39 |       0 |    0 |   130 |      0 |      0 |    0 |          0 |
|             s00_ar_node                                                                                          |                                                                           split_d_system_control_interconnect_0_bd_a1ee_sarn_0 |          8 |          8 |       0 |    0 |    17 |      0 |      0 |    0 |          0 |
|               inst                                                                                               |                                                                      split_d_system_control_interconnect_0_sc_node_v1_0_17_top |          8 |          8 |       0 |    0 |    17 |      0 |      0 |    0 |          0 |
|                 (inst)                                                                                           |                                                                      split_d_system_control_interconnect_0_sc_node_v1_0_17_top |          3 |          3 |       0 |    0 |     1 |      0 |      0 |    0 |          0 |
|                 inst_mi_handler                                                                                  |                                                               split_d_system_control_interconnect_0_sc_node_v1_0_17_mi_handler |          5 |          5 |       0 |    0 |    13 |      0 |      0 |    0 |          0 |
|                   (inst_mi_handler)                                                                              |                                                               split_d_system_control_interconnect_0_sc_node_v1_0_17_mi_handler |          0 |          0 |       0 |    0 |     2 |      0 |      0 |    0 |          0 |
|                   gen_normal_area.inst_fifo_node_payld                                                           |                                                                   split_d_system_control_interconnect_0_sc_node_v1_0_17_fifo_3 |          5 |          5 |       0 |    0 |    11 |      0 |      0 |    0 |          0 |
|                     gen_reg_fifo.inst_reg_fifo                                                                   |                                                               split_d_system_control_interconnect_0_sc_node_v1_0_17_reg_fifo_4 |          5 |          5 |       0 |    0 |    11 |      0 |      0 |    0 |          0 |
|                       (gen_reg_fifo.inst_reg_fifo)                                                               |                                                               split_d_system_control_interconnect_0_sc_node_v1_0_17_reg_fifo_4 |          1 |          1 |       0 |    0 |     9 |      0 |      0 |    0 |          0 |
|                       gen_single_rank.inst_cntr                                                                  |                                                                 split_d_system_control_interconnect_0_sc_util_v1_0_4_counter_5 |          4 |          4 |       0 |    0 |     2 |      0 |      0 |    0 |          0 |
|                 s_sc_xpm_cdc_async_rst_inst                                                                      |                                                                     split_d_system_control_interconnect_0_xpm_cdc_async_rst__5 |          0 |          0 |       0 |    0 |     3 |      0 |      0 |    0 |          0 |
|             s00_aw_node                                                                                          |                                                                           split_d_system_control_interconnect_0_bd_a1ee_sawn_0 |          8 |          8 |       0 |    0 |    15 |      0 |      0 |    0 |          0 |
|               inst                                                                                               |                                                      split_d_system_control_interconnect_0_sc_node_v1_0_17_top__parameterized0 |          8 |          8 |       0 |    0 |    15 |      0 |      0 |    0 |          0 |
|                 (inst)                                                                                           |                                                      split_d_system_control_interconnect_0_sc_node_v1_0_17_top__parameterized0 |          3 |          3 |       0 |    0 |     1 |      0 |      0 |    0 |          0 |
|                 inst_mi_handler                                                                                  |                                               split_d_system_control_interconnect_0_sc_node_v1_0_17_mi_handler__parameterized0 |          5 |          5 |       0 |    0 |    11 |      0 |      0 |    0 |          0 |
|                   (inst_mi_handler)                                                                              |                                               split_d_system_control_interconnect_0_sc_node_v1_0_17_mi_handler__parameterized0 |          0 |          0 |       0 |    0 |     2 |      0 |      0 |    0 |          0 |
|                   gen_normal_area.inst_fifo_node_payld                                                           |                                                                     split_d_system_control_interconnect_0_sc_node_v1_0_17_fifo |          5 |          5 |       0 |    0 |     9 |      0 |      0 |    0 |          0 |
|                     gen_reg_fifo.inst_reg_fifo                                                                   |                                                                 split_d_system_control_interconnect_0_sc_node_v1_0_17_reg_fifo |          5 |          5 |       0 |    0 |     9 |      0 |      0 |    0 |          0 |
|                       (gen_reg_fifo.inst_reg_fifo)                                                               |                                                                 split_d_system_control_interconnect_0_sc_node_v1_0_17_reg_fifo |          1 |          1 |       0 |    0 |     7 |      0 |      0 |    0 |          0 |
|                       gen_single_rank.inst_cntr                                                                  |                                                                 split_d_system_control_interconnect_0_sc_util_v1_0_4_counter_2 |          4 |          4 |       0 |    0 |     2 |      0 |      0 |    0 |          0 |
|                 s_sc_xpm_cdc_async_rst_inst                                                                      |                                                                     split_d_system_control_interconnect_0_xpm_cdc_async_rst__7 |          0 |          0 |       0 |    0 |     3 |      0 |      0 |    0 |          0 |
|             s00_b_node                                                                                           |                                                                            split_d_system_control_interconnect_0_bd_a1ee_sbn_0 |          7 |          7 |       0 |    0 |    10 |      0 |      0 |    0 |          0 |
|               inst                                                                                               |                                                      split_d_system_control_interconnect_0_sc_node_v1_0_17_top__parameterized1 |          7 |          7 |       0 |    0 |    10 |      0 |      0 |    0 |          0 |
|                 (inst)                                                                                           |                                                      split_d_system_control_interconnect_0_sc_node_v1_0_17_top__parameterized1 |          3 |          3 |       0 |    0 |     1 |      0 |      0 |    0 |          0 |
|                 inst_mi_handler                                                                                  |                                               split_d_system_control_interconnect_0_sc_node_v1_0_17_mi_handler__parameterized1 |          4 |          4 |       0 |    0 |     6 |      0 |      0 |    0 |          0 |
|                   (inst_mi_handler)                                                                              |                                               split_d_system_control_interconnect_0_sc_node_v1_0_17_mi_handler__parameterized1 |          0 |          0 |       0 |    0 |     2 |      0 |      0 |    0 |          0 |
|                   gen_normal_area.inst_fifo_node_payld                                                           |                                                     split_d_system_control_interconnect_0_sc_node_v1_0_17_fifo__parameterized0 |          4 |          4 |       0 |    0 |     4 |      0 |      0 |    0 |          0 |
|                     gen_reg_fifo.inst_reg_fifo                                                                   |                                                 split_d_system_control_interconnect_0_sc_node_v1_0_17_reg_fifo__parameterized0 |          4 |          4 |       0 |    0 |     4 |      0 |      0 |    0 |          0 |
|                       (gen_reg_fifo.inst_reg_fifo)                                                               |                                                 split_d_system_control_interconnect_0_sc_node_v1_0_17_reg_fifo__parameterized0 |          0 |          0 |       0 |    0 |     2 |      0 |      0 |    0 |          0 |
|                       gen_single_rank.inst_cntr                                                                  |                                                                 split_d_system_control_interconnect_0_sc_util_v1_0_4_counter_1 |          4 |          4 |       0 |    0 |     2 |      0 |      0 |    0 |          0 |
|                 s_sc_xpm_cdc_async_rst_inst                                                                      |                                                                     split_d_system_control_interconnect_0_xpm_cdc_async_rst__9 |          0 |          0 |       0 |    0 |     3 |      0 |      0 |    0 |          0 |
|             s00_r_node                                                                                           |                                                                            split_d_system_control_interconnect_0_bd_a1ee_srn_0 |          8 |          8 |       0 |    0 |    42 |      0 |      0 |    0 |          0 |
|               inst                                                                                               |                                                      split_d_system_control_interconnect_0_sc_node_v1_0_17_top__parameterized2 |          8 |          8 |       0 |    0 |    42 |      0 |      0 |    0 |          0 |
|                 (inst)                                                                                           |                                                      split_d_system_control_interconnect_0_sc_node_v1_0_17_top__parameterized2 |          3 |          3 |       0 |    0 |     1 |      0 |      0 |    0 |          0 |
|                 inst_mi_handler                                                                                  |                                               split_d_system_control_interconnect_0_sc_node_v1_0_17_mi_handler__parameterized2 |          5 |          5 |       0 |    0 |    38 |      0 |      0 |    0 |          0 |
|                   (inst_mi_handler)                                                                              |                                               split_d_system_control_interconnect_0_sc_node_v1_0_17_mi_handler__parameterized2 |          0 |          0 |       0 |    0 |     2 |      0 |      0 |    0 |          0 |
|                   gen_normal_area.inst_fifo_node_payld                                                           |                                                     split_d_system_control_interconnect_0_sc_node_v1_0_17_fifo__parameterized1 |          5 |          5 |       0 |    0 |    36 |      0 |      0 |    0 |          0 |
|                     gen_reg_fifo.inst_reg_fifo                                                                   |                                                 split_d_system_control_interconnect_0_sc_node_v1_0_17_reg_fifo__parameterized1 |          5 |          5 |       0 |    0 |    36 |      0 |      0 |    0 |          0 |
|                       (gen_reg_fifo.inst_reg_fifo)                                                               |                                                 split_d_system_control_interconnect_0_sc_node_v1_0_17_reg_fifo__parameterized1 |          1 |          1 |       0 |    0 |    34 |      0 |      0 |    0 |          0 |
|                       gen_single_rank.inst_cntr                                                                  |                                                                 split_d_system_control_interconnect_0_sc_util_v1_0_4_counter_0 |          4 |          4 |       0 |    0 |     2 |      0 |      0 |    0 |          0 |
|                 s_sc_xpm_cdc_async_rst_inst                                                                      |                                                                    split_d_system_control_interconnect_0_xpm_cdc_async_rst__11 |          0 |          0 |       0 |    0 |     3 |      0 |      0 |    0 |          0 |
|             s00_w_node                                                                                           |                                                                            split_d_system_control_interconnect_0_bd_a1ee_swn_0 |          8 |          8 |       0 |    0 |    46 |      0 |      0 |    0 |          0 |
|               inst                                                                                               |                                                      split_d_system_control_interconnect_0_sc_node_v1_0_17_top__parameterized3 |          8 |          8 |       0 |    0 |    46 |      0 |      0 |    0 |          0 |
|                 (inst)                                                                                           |                                                      split_d_system_control_interconnect_0_sc_node_v1_0_17_top__parameterized3 |          3 |          3 |       0 |    0 |     1 |      0 |      0 |    0 |          0 |
|                 inst_mi_handler                                                                                  |                                               split_d_system_control_interconnect_0_sc_node_v1_0_17_mi_handler__parameterized3 |          5 |          5 |       0 |    0 |    42 |      0 |      0 |    0 |          0 |
|                   (inst_mi_handler)                                                                              |                                               split_d_system_control_interconnect_0_sc_node_v1_0_17_mi_handler__parameterized3 |          0 |          0 |       0 |    0 |     2 |      0 |      0 |    0 |          0 |
|                   gen_normal_area.inst_fifo_node_payld                                                           |                                                     split_d_system_control_interconnect_0_sc_node_v1_0_17_fifo__parameterized2 |          5 |          5 |       0 |    0 |    40 |      0 |      0 |    0 |          0 |
|                     gen_reg_fifo.inst_reg_fifo                                                                   |                                                 split_d_system_control_interconnect_0_sc_node_v1_0_17_reg_fifo__parameterized2 |          5 |          5 |       0 |    0 |    40 |      0 |      0 |    0 |          0 |
|                       (gen_reg_fifo.inst_reg_fifo)                                                               |                                                 split_d_system_control_interconnect_0_sc_node_v1_0_17_reg_fifo__parameterized2 |          1 |          1 |       0 |    0 |    38 |      0 |      0 |    0 |          0 |
|                       gen_single_rank.inst_cntr                                                                  |                                                                   split_d_system_control_interconnect_0_sc_util_v1_0_4_counter |          4 |          4 |       0 |    0 |     2 |      0 |      0 |    0 |          0 |
|                 s_sc_xpm_cdc_async_rst_inst                                                                      |                                                                    split_d_system_control_interconnect_0_xpm_cdc_async_rst__13 |          0 |          0 |       0 |    0 |     3 |      0 |      0 |    0 |          0 |
|       fsa_0                                                                                                      |                                                                                                         split_d_system_fsa_0_0 |      49964 |      47432 |     960 | 1572 | 27331 |      7 |      0 |    0 |         40 |
|         (fsa_0)                                                                                                  |                                                                                                         split_d_system_fsa_0_0 |          0 |          0 |       0 |    0 |     0 |      0 |      0 |    0 |          0 |
|         inst                                                                                                     |                                                                                      split_d_system_fsa_0_0_fsa_stream_split_d |      49964 |      47432 |     960 | 1572 | 27331 |      7 |      0 |    0 |         40 |
|           (inst)                                                                                                 |                                                                                      split_d_system_fsa_0_0_fsa_stream_split_d |          3 |          0 |       0 |    3 |   281 |      0 |      0 |    0 |          0 |
|           control_s_axi_U                                                                                        |                                                                        split_d_system_fsa_0_0_fsa_stream_split_d_control_s_axi |        352 |        352 |       0 |    0 |   345 |      0 |      0 |    0 |          0 |
|           grp_run_fu_161                                                                                         |                                                                                  split_d_system_fsa_0_0_fsa_stream_split_d_run |      46115 |      44705 |     960 |  450 | 22871 |      0 |      0 |    0 |         40 |
|             (grp_run_fu_161)                                                                                     |                                                                                  split_d_system_fsa_0_0_fsa_stream_split_d_run |          0 |          0 |       0 |    0 |     3 |      0 |      0 |    0 |          0 |
|             grp_runController_fu_106                                                                             |                                                                        split_d_system_fsa_0_0_fsa_stream_split_d_runController |      46115 |      44705 |     960 |  450 | 22868 |      0 |      0 |    0 |         40 |
|               (grp_runController_fu_106)                                                                         |                                                                        split_d_system_fsa_0_0_fsa_stream_split_d_runController |        102 |        102 |       0 |    0 |   129 |      0 |      0 |    0 |          0 |
|               grp_runQueryTile_fu_142                                                                            |                                                                         split_d_system_fsa_0_0_fsa_stream_split_d_runQueryTile |      46013 |      44603 |     960 |  450 | 22739 |      0 |      0 |    0 |         40 |
|                 (grp_runQueryTile_fu_142)                                                                        |                                                                         split_d_system_fsa_0_0_fsa_stream_split_d_runQueryTile |          0 |          0 |       0 |    0 |     2 |      0 |      0 |    0 |          0 |
|                 distributeQueryTile_U0                                                                           |                                                                  split_d_system_fsa_0_0_fsa_stream_split_d_distributeQueryTile |        388 |        379 |       0 |    9 |   746 |      0 |      0 |    0 |          0 |
|                   (distributeQueryTile_U0)                                                                       |                                                                  split_d_system_fsa_0_0_fsa_stream_split_d_distributeQueryTile |         55 |         55 |       0 |    0 |   327 |      0 |      0 |    0 |          0 |
|                   grp_distributeQueryTile_Pipeline_VITIS_LOOP_489_1_VITIS_LOOP_490_2_fu_208                      |                       split_d_system_fsa_0_0_fsa_stream_split_d_distributeQueryTile_Pipeline_VITIS_LOOP_489_1_VITIS_LOOP_490_2 |         56 |         56 |       0 |    0 |    50 |      0 |      0 |    0 |          0 |
|                     (grp_distributeQueryTile_Pipeline_VITIS_LOOP_489_1_VITIS_LOOP_490_2_fu_208)                  |                       split_d_system_fsa_0_0_fsa_stream_split_d_distributeQueryTile_Pipeline_VITIS_LOOP_489_1_VITIS_LOOP_490_2 |         35 |         35 |       0 |    0 |    48 |      0 |      0 |    0 |          0 |
|                     flow_control_loop_pipe_sequential_init_U                                                     |                                           split_d_system_fsa_0_0_fsa_stream_split_d_flow_control_loop_pipe_sequential_init_983 |         21 |         21 |       0 |    0 |     2 |      0 |      0 |    0 |          0 |
|                   grp_distributeQueryTile_Pipeline_VITIS_LOOP_501_3_VITIS_LOOP_506_4_VITIS_LOOP_507_5_fu_220     |      split_d_system_fsa_0_0_fsa_stream_split_d_distributeQueryTile_Pipeline_VITIS_LOOP_501_3_VITIS_LOOP_506_4_VITIS_LOOP_507_5 |        277 |        268 |       0 |    9 |   369 |      0 |      0 |    0 |          0 |
|                     (grp_distributeQueryTile_Pipeline_VITIS_LOOP_501_3_VITIS_LOOP_506_4_VITIS_LOOP_507_5_fu_220) |      split_d_system_fsa_0_0_fsa_stream_split_d_distributeQueryTile_Pipeline_VITIS_LOOP_501_3_VITIS_LOOP_506_4_VITIS_LOOP_507_5 |        262 |        253 |       0 |    9 |   367 |      0 |      0 |    0 |          0 |
|                     flow_control_loop_pipe_sequential_init_U                                                     |                                           split_d_system_fsa_0_0_fsa_stream_split_d_flow_control_loop_pipe_sequential_init_982 |         15 |         15 |       0 |    0 |     2 |      0 |      0 |    0 |          0 |
|                 entry_proc_U0                                                                                    |                                                                           split_d_system_fsa_0_0_fsa_stream_split_d_entry_proc |          2 |          2 |       0 |    0 |     1 |      0 |      0 |    0 |          0 |
|                 gatherQueryTile_U0                                                                               |                                                                      split_d_system_fsa_0_0_fsa_stream_split_d_gatherQueryTile |        386 |        258 |     128 |    0 |   606 |      0 |      0 |    0 |          0 |
|                   (gatherQueryTile_U0)                                                                           |                                                                      split_d_system_fsa_0_0_fsa_stream_split_d_gatherQueryTile |          1 |          1 |       0 |    0 |   101 |      0 |      0 |    0 |          0 |
|                   grp_gatherQueryTile_Pipeline_1_fu_94                                                           |                                                           split_d_system_fsa_0_0_fsa_stream_split_d_gatherQueryTile_Pipeline_1 |         18 |         18 |       0 |    0 |     9 |      0 |      0 |    0 |          0 |
|                     (grp_gatherQueryTile_Pipeline_1_fu_94)                                                       |                                                           split_d_system_fsa_0_0_fsa_stream_split_d_gatherQueryTile_Pipeline_1 |          0 |          0 |       0 |    0 |     7 |      0 |      0 |    0 |          0 |
|                     flow_control_loop_pipe_sequential_init_U                                                     |                                           split_d_system_fsa_0_0_fsa_stream_split_d_flow_control_loop_pipe_sequential_init_981 |         18 |         18 |       0 |    0 |     2 |      0 |      0 |    0 |          0 |
|                   grp_gatherQueryTile_Pipeline_VITIS_LOOP_526_1_VITIS_LOOP_527_2_fu_106                          |                           split_d_system_fsa_0_0_fsa_stream_split_d_gatherQueryTile_Pipeline_VITIS_LOOP_526_1_VITIS_LOOP_527_2 |         66 |         66 |       0 |    0 |    26 |      0 |      0 |    0 |          0 |
|                     (grp_gatherQueryTile_Pipeline_VITIS_LOOP_526_1_VITIS_LOOP_527_2_fu_106)                      |                           split_d_system_fsa_0_0_fsa_stream_split_d_gatherQueryTile_Pipeline_VITIS_LOOP_526_1_VITIS_LOOP_527_2 |         44 |         44 |       0 |    0 |    24 |      0 |      0 |    0 |          0 |
|                     flow_control_loop_pipe_sequential_init_U                                                     |                                           split_d_system_fsa_0_0_fsa_stream_split_d_flow_control_loop_pipe_sequential_init_980 |         23 |         23 |       0 |    0 |     2 |      0 |      0 |    0 |          0 |
|                   grp_storeOutputTile_fu_118                                                                     |                                                                      split_d_system_fsa_0_0_fsa_stream_split_d_storeOutputTile |        173 |        173 |       0 |    0 |   214 |      0 |      0 |    0 |          0 |
|                     (grp_storeOutputTile_fu_118)                                                                 |                                                                      split_d_system_fsa_0_0_fsa_stream_split_d_storeOutputTile |         87 |         87 |       0 |    0 |   137 |      0 |      0 |    0 |          0 |
|                     grp_storeOutputTile_Pipeline_VITIS_LOOP_76_1_fu_89                                           |                                             split_d_system_fsa_0_0_fsa_stream_split_d_storeOutputTile_Pipeline_VITIS_LOOP_76_1 |         86 |         86 |       0 |    0 |    77 |      0 |      0 |    0 |          0 |
|                       (grp_storeOutputTile_Pipeline_VITIS_LOOP_76_1_fu_89)                                       |                                             split_d_system_fsa_0_0_fsa_stream_split_d_storeOutputTile_Pipeline_VITIS_LOOP_76_1 |         69 |         69 |       0 |    0 |    75 |      0 |      0 |    0 |          0 |
|                       flow_control_loop_pipe_sequential_init_U                                                   |                                           split_d_system_fsa_0_0_fsa_stream_split_d_flow_control_loop_pipe_sequential_init_979 |         17 |         17 |       0 |    0 |     2 |      0 |      0 |    0 |          0 |
|                   normalized_1_U                                                                                 |                                             split_d_system_fsa_0_0_fsa_stream_split_d_gatherQueryTile_normalized_RAM_AUTO_1R1W |         32 |          0 |      32 |    0 |    64 |      0 |      0 |    0 |          0 |
|                   normalized_2_U                                                                                 |                                         split_d_system_fsa_0_0_fsa_stream_split_d_gatherQueryTile_normalized_RAM_AUTO_1R1W_976 |         32 |          0 |      32 |    0 |    64 |      0 |      0 |    0 |          0 |
|                   normalized_3_U                                                                                 |                                         split_d_system_fsa_0_0_fsa_stream_split_d_gatherQueryTile_normalized_RAM_AUTO_1R1W_977 |         32 |          0 |      32 |    0 |    64 |      0 |      0 |    0 |          0 |
|                   normalized_U                                                                                   |                                         split_d_system_fsa_0_0_fsa_stream_split_d_gatherQueryTile_normalized_RAM_AUTO_1R1W_978 |         32 |          0 |      32 |    0 |    64 |      0 |      0 |    0 |          0 |
|                 header0_U                                                                                        |                                                                       split_d_system_fsa_0_0_fsa_stream_split_d_fifo_w129_d2_S |        112 |        112 |       0 |    0 |   197 |      0 |      0 |    0 |          0 |
|                   (header0_U)                                                                                    |                                                                       split_d_system_fsa_0_0_fsa_stream_split_d_fifo_w129_d2_S |          7 |          7 |       0 |    0 |     6 |      0 |      0 |    0 |          0 |
|                   U_fsa_stream_split_d_fifo_w129_d2_S_ShiftReg                                                   |                                                          split_d_system_fsa_0_0_fsa_stream_split_d_fifo_w129_d2_S_ShiftReg_975 |        105 |        105 |       0 |    0 |   191 |      0 |      0 |    0 |          0 |
|                 header1_U                                                                                        |                                                                     split_d_system_fsa_0_0_fsa_stream_split_d_fifo_w129_d2_S_5 |         57 |         57 |       0 |    0 |     6 |      0 |      0 |    0 |          0 |
|                   (header1_U)                                                                                    |                                                                     split_d_system_fsa_0_0_fsa_stream_split_d_fifo_w129_d2_S_5 |          7 |          7 |       0 |    0 |     6 |      0 |      0 |    0 |          0 |
|                   U_fsa_stream_split_d_fifo_w129_d2_S_ShiftReg                                                   |                                                              split_d_system_fsa_0_0_fsa_stream_split_d_fifo_w129_d2_S_ShiftReg |         50 |         50 |       0 |    0 |     0 |      0 |      0 |    0 |          0 |
|                 header_active_queries_c_U                                                                        |                                                                         split_d_system_fsa_0_0_fsa_stream_split_d_fifo_w3_d3_S |          9 |          6 |       0 |    3 |     7 |      0 |      0 |    0 |          0 |
|                   (header_active_queries_c_U)                                                                    |                                                                         split_d_system_fsa_0_0_fsa_stream_split_d_fifo_w3_d3_S |          6 |          6 |       0 |    0 |     7 |      0 |      0 |    0 |          0 |
|                   U_fsa_stream_split_d_fifo_w3_d3_S_ShiftReg                                                     |                                                                split_d_system_fsa_0_0_fsa_stream_split_d_fifo_w3_d3_S_ShiftReg |          3 |          0 |       0 |    3 |     0 |      0 |      0 |    0 |          0 |
|                 header_query_base_c_U                                                                            |                                                                        split_d_system_fsa_0_0_fsa_stream_split_d_fifo_w32_d3_S |         22 |          6 |       0 |   16 |     7 |      0 |      0 |    0 |          0 |
|                   (header_query_base_c_U)                                                                        |                                                                        split_d_system_fsa_0_0_fsa_stream_split_d_fifo_w32_d3_S |          6 |          6 |       0 |    0 |     7 |      0 |      0 |    0 |          0 |
|                   U_fsa_stream_split_d_fifo_w32_d3_S_ShiftReg                                                    |                                                               split_d_system_fsa_0_0_fsa_stream_split_d_fifo_w32_d3_S_ShiftReg |         16 |          0 |       0 |   16 |     0 |      0 |      0 |    0 |          0 |
|                 kv0_U                                                                                            |                                                                       split_d_system_fsa_0_0_fsa_stream_split_d_fifo_w128_d8_S |         74 |         10 |       0 |   64 |     9 |      0 |      0 |    0 |          0 |
|                   (kv0_U)                                                                                        |                                                                       split_d_system_fsa_0_0_fsa_stream_split_d_fifo_w128_d8_S |         10 |         10 |       0 |    0 |     9 |      0 |      0 |    0 |          0 |
|                   U_fsa_stream_split_d_fifo_w128_d8_S_ShiftReg                                                   |                                                          split_d_system_fsa_0_0_fsa_stream_split_d_fifo_w128_d8_S_ShiftReg_974 |         64 |          0 |       0 |   64 |     0 |      0 |      0 |    0 |          0 |
|                 kv1_U                                                                                            |                                                                     split_d_system_fsa_0_0_fsa_stream_split_d_fifo_w128_d8_S_6 |         74 |         10 |       0 |   64 |     9 |      0 |      0 |    0 |          0 |
|                   (kv1_U)                                                                                        |                                                                     split_d_system_fsa_0_0_fsa_stream_split_d_fifo_w128_d8_S_6 |         10 |         10 |       0 |    0 |     9 |      0 |      0 |    0 |          0 |
|                   U_fsa_stream_split_d_fifo_w128_d8_S_ShiftReg                                                   |                                                              split_d_system_fsa_0_0_fsa_stream_split_d_fifo_w128_d8_S_ShiftReg |         64 |          0 |       0 |   64 |     0 |      0 |      0 |    0 |          0 |
|                 o_address_c_U                                                                                    |                                                                        split_d_system_fsa_0_0_fsa_stream_split_d_fifo_w64_d4_S |         40 |          8 |       0 |   32 |     7 |      0 |      0 |    0 |          0 |
|                   (o_address_c_U)                                                                                |                                                                        split_d_system_fsa_0_0_fsa_stream_split_d_fifo_w64_d4_S |          7 |          7 |       0 |    0 |     7 |      0 |      0 |    0 |          0 |
|                   U_fsa_stream_split_d_fifo_w64_d4_S_ShiftReg                                                    |                                                               split_d_system_fsa_0_0_fsa_stream_split_d_fifo_w64_d4_S_ShiftReg |         33 |          1 |       0 |   32 |     0 |      0 |      0 |    0 |          0 |
|                 output0_U                                                                                        |                                                                        split_d_system_fsa_0_0_fsa_stream_split_d_fifo_w32_d8_S |         27 |         11 |       0 |   16 |     9 |      0 |      0 |    0 |          0 |
|                   (output0_U)                                                                                    |                                                                        split_d_system_fsa_0_0_fsa_stream_split_d_fifo_w32_d8_S |         10 |         10 |       0 |    0 |     9 |      0 |      0 |    0 |          0 |
|                   U_fsa_stream_split_d_fifo_w32_d8_S_ShiftReg                                                    |                                                           split_d_system_fsa_0_0_fsa_stream_split_d_fifo_w32_d8_S_ShiftReg_973 |         17 |          1 |       0 |   16 |     0 |      0 |      0 |    0 |          0 |
|                 output1_U                                                                                        |                                                                      split_d_system_fsa_0_0_fsa_stream_split_d_fifo_w32_d8_S_7 |         27 |         11 |       0 |   16 |     9 |      0 |      0 |    0 |          0 |
|                   (output1_U)                                                                                    |                                                                      split_d_system_fsa_0_0_fsa_stream_split_d_fifo_w32_d8_S_7 |         10 |         10 |       0 |    0 |     9 |      0 |      0 |    0 |          0 |
|                   U_fsa_stream_split_d_fifo_w32_d8_S_ShiftReg                                                    |                                                               split_d_system_fsa_0_0_fsa_stream_split_d_fifo_w32_d8_S_ShiftReg |         17 |          1 |       0 |   16 |     0 |      0 |      0 |    0 |          0 |
|                 q0_U                                                                                             |                                                                        split_d_system_fsa_0_0_fsa_stream_split_d_fifo_w64_d8_S |         44 |         12 |       0 |   32 |     9 |      0 |      0 |    0 |          0 |
|                   (q0_U)                                                                                         |                                                                        split_d_system_fsa_0_0_fsa_stream_split_d_fifo_w64_d8_S |         12 |         12 |       0 |    0 |     9 |      0 |      0 |    0 |          0 |
|                   U_fsa_stream_split_d_fifo_w64_d8_S_ShiftReg                                                    |                                                           split_d_system_fsa_0_0_fsa_stream_split_d_fifo_w64_d8_S_ShiftReg_972 |         32 |          0 |       0 |   32 |     0 |      0 |      0 |    0 |          0 |
|                 q1_U                                                                                             |                                                                      split_d_system_fsa_0_0_fsa_stream_split_d_fifo_w64_d8_S_8 |         45 |         13 |       0 |   32 |     9 |      0 |      0 |    0 |          0 |
|                   (q1_U)                                                                                         |                                                                      split_d_system_fsa_0_0_fsa_stream_split_d_fifo_w64_d8_S_8 |         13 |         13 |       0 |    0 |     9 |      0 |      0 |    0 |          0 |
|                   U_fsa_stream_split_d_fifo_w64_d8_S_ShiftReg                                                    |                                                               split_d_system_fsa_0_0_fsa_stream_split_d_fifo_w64_d8_S_ShiftReg |         32 |          0 |       0 |   32 |     0 |      0 |      0 |    0 |          0 |
|                 runQueryBlock_0_U0                                                                               |                                                                    split_d_system_fsa_0_0_fsa_stream_split_d_runQueryBlock_0_s |      22410 |      21911 |     416 |   83 | 10535 |      0 |      0 |    0 |         20 |
|                   (runQueryBlock_0_U0)                                                                           |                                                                    split_d_system_fsa_0_0_fsa_stream_split_d_runQueryBlock_0_s |          1 |          1 |       0 |    0 |   277 |      0 |      0 |    0 |          0 |
|                   grp_reciprocalColumns_fu_201                                                                   |                                                                split_d_system_fsa_0_0_fsa_stream_split_d_reciprocalColumns_447 |        972 |        972 |       0 |    0 |   559 |      0 |      0 |    0 |          0 |
|                     (grp_reciprocalColumns_fu_201)                                                               |                                                                split_d_system_fsa_0_0_fsa_stream_split_d_reciprocalColumns_447 |        126 |        126 |       0 |    0 |   254 |      0 |      0 |    0 |          0 |
|                     fcmp_32ns_32ns_1_1_no_dsp_1_U545                                                             |                                                      split_d_system_fsa_0_0_fsa_stream_split_d_fcmp_32ns_32ns_1_1_no_dsp_1_951 |         38 |         38 |       0 |    0 |     0 |      0 |      0 |    0 |          0 |
|                       fsa_stream_split_d_fcmp_32ns_32ns_1_1_no_dsp_1_ip_u                                        |                                                   split_d_system_fsa_0_0_fsa_stream_split_d_fcmp_32ns_32ns_1_1_no_dsp_1_ip_958 |         38 |         38 |       0 |    0 |     0 |      0 |      0 |    0 |          0 |
|                         (fsa_stream_split_d_fcmp_32ns_32ns_1_1_no_dsp_1_ip_u)                                    |                                                   split_d_system_fsa_0_0_fsa_stream_split_d_fcmp_32ns_32ns_1_1_no_dsp_1_ip_958 |         18 |         18 |       0 |    0 |     0 |      0 |      0 |    0 |          0 |
|                         inst                                                                                     |                                                               split_d_system_fsa_0_0_floating_point_v7_1_19__parameterized2__1 |         20 |         20 |       0 |    0 |     0 |      0 |      0 |    0 |          0 |
|                           i_synth                                                                                |                                                           split_d_system_fsa_0_0_floating_point_v7_1_19_viv__parameterized5__1 |         20 |         20 |       0 |    0 |     0 |      0 |      0 |    0 |          0 |
|                             COMP_OP.SPD.OP                                                                       |                                                                                              split_d_system_fsa_0_0_fp_cmp_959 |         20 |         20 |       0 |    0 |     0 |      0 |      0 |    0 |          0 |
|                               STRUCT_CMP.A_EQ_B_DET                                                              |                                                                                          split_d_system_fsa_0_0_compare_eq_960 |         12 |         12 |       0 |    0 |     0 |      0 |      0 |    0 |          0 |
|                                 WIDE_AND                                                                         |                                                                        split_d_system_fsa_0_0_carry_chain__parameterized13_971 |         12 |         12 |       0 |    0 |     0 |      0 |      0 |    0 |          0 |
|                               STRUCT_CMP.A_EXP_ALL_ONE_DET                                                       |                                                                       split_d_system_fsa_0_0_compare_eq_im__parameterized4_961 |          2 |          2 |       0 |    0 |     0 |      0 |      0 |    0 |          0 |
|                                 (STRUCT_CMP.A_EXP_ALL_ONE_DET)                                                   |                                                                       split_d_system_fsa_0_0_compare_eq_im__parameterized4_961 |          1 |          1 |       0 |    0 |     0 |      0 |      0 |    0 |          0 |
|                                 CARRY_ZERO_DET                                                                   |                                                                         split_d_system_fsa_0_0_carry_chain__parameterized0_970 |          1 |          1 |       0 |    0 |     0 |      0 |      0 |    0 |          0 |
|                               STRUCT_CMP.A_FRAC_NOT_ZERO_DET                                                     |                                                                       split_d_system_fsa_0_0_compare_ne_im__parameterized0_962 |          4 |          4 |       0 |    0 |     0 |      0 |      0 |    0 |          0 |
|                                 (STRUCT_CMP.A_FRAC_NOT_ZERO_DET)                                                 |                                                                       split_d_system_fsa_0_0_compare_ne_im__parameterized0_962 |          4 |          4 |       0 |    0 |     0 |      0 |      0 |    0 |          0 |
|                                 WIDE_NOR                                                                         |                                                                        split_d_system_fsa_0_0_carry_chain__parameterized12_969 |          0 |          0 |       0 |    0 |     0 |      0 |      0 |    0 |          0 |
|                               STRUCT_CMP.EXP_ALL_ZERO_DET                                                        |                                                                       split_d_system_fsa_0_0_compare_eq_im__parameterized3_965 |          2 |          2 |       0 |    0 |     0 |      0 |      0 |    0 |          0 |
|                                 (STRUCT_CMP.EXP_ALL_ZERO_DET)                                                    |                                                                       split_d_system_fsa_0_0_compare_eq_im__parameterized3_965 |          2 |          2 |       0 |    0 |     0 |      0 |      0 |    0 |          0 |
|                                 CARRY_ZERO_DET                                                                   |                                                                        split_d_system_fsa_0_0_carry_chain__parameterized11_966 |          0 |          0 |       0 |    0 |     0 |      0 |      0 |    0 |          0 |
|                     grp_p_anonymous_namespace_begin_reciprocal_fu_97                                             |                                           split_d_system_fsa_0_0_fsa_stream_split_d_p_anonymous_namespace_begin_reciprocal_952 |        313 |        313 |       0 |    0 |   153 |      0 |      0 |    0 |          0 |
|                     grp_p_anonymous_namespace_normalize_and_round_fu_115                                         |                                        split_d_system_fsa_0_0_fsa_stream_split_d_p_anonymous_namespace_normalize_and_round_953 |          0 |          0 |       0 |    0 |     0 |      0 |      0 |    0 |          0 |
|                     grp_reciprocalColumns_Pipeline_VITIS_LOOP_369_13_fu_125                                      |                                     split_d_system_fsa_0_0_fsa_stream_split_d_reciprocalColumns_Pipeline_VITIS_LOOP_369_13_954 |        374 |        374 |       0 |    0 |    64 |      0 |      0 |    0 |          0 |
|                       (grp_reciprocalColumns_Pipeline_VITIS_LOOP_369_13_fu_125)                                  |                                     split_d_system_fsa_0_0_fsa_stream_split_d_reciprocalColumns_Pipeline_VITIS_LOOP_369_13_954 |        366 |        366 |       0 |    0 |    62 |      0 |      0 |    0 |          0 |
|                       flow_control_loop_pipe_sequential_init_U                                                   |                                           split_d_system_fsa_0_0_fsa_stream_split_d_flow_control_loop_pipe_sequential_init_957 |          9 |          9 |       0 |    0 |     2 |      0 |      0 |    0 |          0 |
|                     grp_reciprocalColumns_Pipeline_VITIS_LOOP_369_1_fu_102                                       |                                      split_d_system_fsa_0_0_fsa_stream_split_d_reciprocalColumns_Pipeline_VITIS_LOOP_369_1_955 |        134 |        134 |       0 |    0 |    88 |      0 |      0 |    0 |          0 |
|                       (grp_reciprocalColumns_Pipeline_VITIS_LOOP_369_1_fu_102)                                   |                                      split_d_system_fsa_0_0_fsa_stream_split_d_reciprocalColumns_Pipeline_VITIS_LOOP_369_1_955 |        126 |        126 |       0 |    0 |    86 |      0 |      0 |    0 |          0 |
|                       flow_control_loop_pipe_sequential_init_U                                                   |                                           split_d_system_fsa_0_0_fsa_stream_split_d_flow_control_loop_pipe_sequential_init_956 |          9 |          9 |       0 |    0 |     2 |      0 |      0 |    0 |          0 |
|                   grp_runAccumulatorColumns_fu_512                                                               |                                                            split_d_system_fsa_0_0_fsa_stream_split_d_runAccumulatorColumns_448 |       5002 |       4969 |       0 |   33 |  1771 |      0 |      0 |    0 |          4 |
|                     (grp_runAccumulatorColumns_fu_512)                                                           |                                                            split_d_system_fsa_0_0_fsa_stream_split_d_runAccumulatorColumns_448 |       3132 |       3099 |       0 |   33 |  1588 |      0 |      0 |    0 |          0 |
|                     ctlz_24_24_1_1_U298                                                                          |                                                                   split_d_system_fsa_0_0_fsa_stream_split_d_ctlz_24_24_1_1_940 |         22 |         22 |       0 |    0 |     0 |      0 |      0 |    0 |          0 |
|                     ctlz_24_24_1_1_U300                                                                          |                                                                   split_d_system_fsa_0_0_fsa_stream_split_d_ctlz_24_24_1_1_941 |         22 |         22 |       0 |    0 |     0 |      0 |      0 |    0 |          0 |
|                     ctlz_48_48_1_1_U297                                                                          |                                                                   split_d_system_fsa_0_0_fsa_stream_split_d_ctlz_48_48_1_1_942 |         47 |         47 |       0 |    0 |     0 |      0 |      0 |    0 |          0 |
|                     ctlz_48_48_1_1_U299                                                                          |                                                                   split_d_system_fsa_0_0_fsa_stream_split_d_ctlz_48_48_1_1_943 |         47 |         47 |       0 |    0 |     0 |      0 |      0 |    0 |          0 |
|                     ctlz_51_51_1_1_U305                                                                          |                                                                   split_d_system_fsa_0_0_fsa_stream_split_d_ctlz_51_51_1_1_944 |         59 |         59 |       0 |    0 |     0 |      0 |      0 |    0 |          0 |
|                     ctlz_51_51_1_1_U310                                                                          |                                                                   split_d_system_fsa_0_0_fsa_stream_split_d_ctlz_51_51_1_1_945 |         60 |         60 |       0 |    0 |     0 |      0 |      0 |    0 |          0 |
|                     fsa_anonymous_namespace_ACC_EXP2_PWL_INTERCEPT_BITS_U                                        | split_d_system_fsa_0_0_fsa_stream_split_d_runAccumulatorColumns_fsa_anonymous_namespace_ACC_EXP2_PWL_INTERCEPT_BITS_ROMcud_946 |          6 |          6 |       0 |    0 |    43 |      0 |      0 |    0 |          0 |
|                     fsa_anonymous_namespace_ACC_EXP2_PWL_SLOPE_BITS_U                                            | split_d_system_fsa_0_0_fsa_stream_split_d_runAccumulatorColumns_fsa_anonymous_namespace_ACC_EXP2_PWL_SLOPE_BITS_ROM_AUTbkb_947 |         67 |         67 |       0 |    0 |    42 |      0 |      0 |    0 |          0 |
|                     grp_stageAccumulatorResult_fu_878                                                            |                                                           split_d_system_fsa_0_0_fsa_stream_split_d_stageAccumulatorResult_948 |       1034 |       1034 |       0 |    0 |    64 |      0 |      0 |    0 |          0 |
|                     mul_24ns_24ns_48_3_1_U291                                                                    |                                                             split_d_system_fsa_0_0_fsa_stream_split_d_mul_24ns_24ns_48_3_1_949 |        258 |        258 |       0 |    0 |    17 |      0 |      0 |    0 |          2 |
|                     mul_24ns_24ns_48_3_1_U292                                                                    |                                                             split_d_system_fsa_0_0_fsa_stream_split_d_mul_24ns_24ns_48_3_1_950 |        258 |        258 |       0 |    0 |    17 |      0 |      0 |    0 |          2 |
|                   grp_runQueryBlock_0_Outline_VITIS_LOOP_117_5_fu_168                                            |                                             split_d_system_fsa_0_0_fsa_stream_split_d_runQueryBlock_0_Outline_VITIS_LOOP_117_5 |      16116 |      15816 |     256 |   44 |  7541 |      0 |      0 |    0 |         16 |
|                     (grp_runQueryBlock_0_Outline_VITIS_LOOP_117_5_fu_168)                                        |                                             split_d_system_fsa_0_0_fsa_stream_split_d_runQueryBlock_0_Outline_VITIS_LOOP_117_5 |        294 |        294 |       0 |    0 |  1076 |      0 |      0 |    0 |          0 |
|                     fsub_32ns_32ns_32_3_full_dsp_1_U476                                                          |                                                   split_d_system_fsa_0_0_fsa_stream_split_d_fsub_32ns_32ns_32_3_full_dsp_1_463 |        182 |        182 |       0 |    0 |   145 |      0 |      0 |    0 |          2 |
|                       (fsub_32ns_32ns_32_3_full_dsp_1_U476)                                                      |                                                   split_d_system_fsa_0_0_fsa_stream_split_d_fsub_32ns_32ns_32_3_full_dsp_1_463 |          0 |          0 |       0 |    0 |    64 |      0 |      0 |    0 |          0 |
|                       fsa_stream_split_d_fsub_32ns_32ns_32_3_full_dsp_1_ip_u                                     |                                                split_d_system_fsa_0_0_fsa_stream_split_d_fsub_32ns_32ns_32_3_full_dsp_1_ip_891 |        182 |        182 |       0 |    0 |    81 |      0 |      0 |    0 |          2 |
|                         inst                                                                                     |                                                               split_d_system_fsa_0_0_floating_point_v7_1_19__parameterized1__1 |        182 |        182 |       0 |    0 |    81 |      0 |      0 |    0 |          2 |
|                           i_synth                                                                                |                                                           split_d_system_fsa_0_0_floating_point_v7_1_19_viv__parameterized3__1 |        182 |        182 |       0 |    0 |    81 |      0 |      0 |    0 |          2 |
|                             ADDSUB_OP.ADDSUB                                                                     |                                                                                             split_d_system_fsa_0_0_flt_add_892 |        182 |        182 |       0 |    0 |    81 |      0 |      0 |    0 |          2 |
|                               DSP.OP                                                                             |                                                                                         split_d_system_fsa_0_0_flt_add_dsp_894 |        182 |        182 |       0 |    0 |    81 |      0 |      0 |    0 |          2 |
|                                 A_IP_DELAY                                                                       |                                                                              split_d_system_fsa_0_0_delay__parameterized19_895 |         23 |         23 |       0 |    0 |    23 |      0 |      0 |    0 |          0 |
|                                   i_pipe                                                                         |                                                              split_d_system_fsa_0_0_xbip_pipe_v3_0_10_viv__parameterized36_939 |         23 |         23 |       0 |    0 |    23 |      0 |      0 |    0 |          0 |
|                                 B_IP_DELAY                                                                       |                                                                              split_d_system_fsa_0_0_delay__parameterized19_896 |         30 |         30 |       0 |    0 |    23 |      0 |      0 |    0 |          0 |
|                                   i_pipe                                                                         |                                                              split_d_system_fsa_0_0_xbip_pipe_v3_0_10_viv__parameterized36_938 |         30 |         30 |       0 |    0 |    23 |      0 |      0 |    0 |          0 |
|                                 DSP48E1_BODY.ALIGN_ADD                                                           |                                                                               split_d_system_fsa_0_0_align_add_dsp48e1_sgl_897 |         35 |         35 |       0 |    0 |     0 |      0 |      0 |    0 |          1 |
|                                   DSP2                                                                           |                                                                                     split_d_system_fsa_0_0_dsp48e1_wrapper_934 |         35 |         35 |       0 |    0 |     0 |      0 |      0 |    0 |          1 |
|                                   ZERO_14_DET.CARRY_MUX                                                          |                                                                         split_d_system_fsa_0_0_carry_chain__parameterized7_935 |          0 |          0 |       0 |    0 |     0 |      0 |      0 |    0 |          0 |
|                                   ZERO_14_DET.ZERO_DET                                                           |                                                                       split_d_system_fsa_0_0_compare_eq_im__parameterized1_936 |          0 |          0 |       0 |    0 |     0 |      0 |      0 |    0 |          0 |
|                                     CARRY_ZERO_DET                                                               |                                                                         split_d_system_fsa_0_0_carry_chain__parameterized6_937 |          0 |          0 |       0 |    0 |     0 |      0 |      0 |    0 |          0 |
|                                 DSP48E1_BODY.EXP                                                                 |                                                                                      split_d_system_fsa_0_0_flt_add_exp_sp_898 |         85 |         85 |       0 |    0 |    35 |      0 |      0 |    0 |          0 |
|                                   (DSP48E1_BODY.EXP)                                                             |                                                                                      split_d_system_fsa_0_0_flt_add_exp_sp_898 |          8 |          8 |       0 |    0 |     0 |      0 |      0 |    0 |          0 |
|                                   A_EXP_DELAY                                                                    |                                                                              split_d_system_fsa_0_0_delay__parameterized31_903 |          0 |          0 |       0 |    0 |     8 |      0 |      0 |    0 |          0 |
|                                     i_pipe                                                                       |                                                              split_d_system_fsa_0_0_xbip_pipe_v3_0_10_viv__parameterized52_933 |          0 |          0 |       0 |    0 |     8 |      0 |      0 |    0 |          0 |
|                                   A_SIGN_DELAY                                                                   |                                                                              split_d_system_fsa_0_0_delay__parameterized32_904 |          0 |          0 |       0 |    0 |     1 |      0 |      0 |    0 |          0 |
|                                     i_pipe                                                                       |                                                              split_d_system_fsa_0_0_xbip_pipe_v3_0_10_viv__parameterized54_932 |          0 |          0 |       0 |    0 |     1 |      0 |      0 |    0 |          0 |
|                                   BMA_EXP_DELAY                                                                  |                                                                              split_d_system_fsa_0_0_delay__parameterized35_905 |         20 |         20 |       0 |    0 |     9 |      0 |      0 |    0 |          0 |
|                                     i_pipe                                                                       |                                                              split_d_system_fsa_0_0_xbip_pipe_v3_0_10_viv__parameterized58_931 |         20 |         20 |       0 |    0 |     9 |      0 |      0 |    0 |          0 |
|                                   B_EXP_DELAY                                                                    |                                                                              split_d_system_fsa_0_0_delay__parameterized31_906 |          0 |          0 |       0 |    0 |     8 |      0 |      0 |    0 |          0 |
|                                     i_pipe                                                                       |                                                              split_d_system_fsa_0_0_xbip_pipe_v3_0_10_viv__parameterized52_930 |          0 |          0 |       0 |    0 |     8 |      0 |      0 |    0 |          0 |
|                                   B_SIGN_DELAY                                                                   |                                                                              split_d_system_fsa_0_0_delay__parameterized32_907 |          1 |          1 |       0 |    0 |     1 |      0 |      0 |    0 |          0 |
|                                     i_pipe                                                                       |                                                              split_d_system_fsa_0_0_xbip_pipe_v3_0_10_viv__parameterized54_929 |          1 |          1 |       0 |    0 |     1 |      0 |      0 |    0 |          0 |
|                                   COND_DET_A                                                                     |                                                                      split_d_system_fsa_0_0_special_detect__parameterized1_908 |         22 |         22 |       0 |    0 |     3 |      0 |      0 |    0 |          0 |
|                                     EXP_DET_LUT.EXP_ALL_ONE_DEL                                                  |                                                                              split_d_system_fsa_0_0_delay__parameterized29_923 |         14 |         14 |       0 |    0 |     1 |      0 |      0 |    0 |          0 |
|                                       i_pipe                                                                     |                                                              split_d_system_fsa_0_0_xbip_pipe_v3_0_10_viv__parameterized50_928 |         14 |         14 |       0 |    0 |     1 |      0 |      0 |    0 |          0 |
|                                     EXP_DET_LUT.EXP_ALL_ZERO_DEL                                                 |                                                                              split_d_system_fsa_0_0_delay__parameterized29_924 |          5 |          5 |       0 |    0 |     1 |      0 |      0 |    0 |          0 |
|                                       i_pipe                                                                     |                                                              split_d_system_fsa_0_0_xbip_pipe_v3_0_10_viv__parameterized50_927 |          5 |          5 |       0 |    0 |     1 |      0 |      0 |    0 |          0 |
|                                     MANT_CARRY.MANT_ALL_ZERO_DET                                                 |                                                                       split_d_system_fsa_0_0_compare_eq_im__parameterized2_925 |          4 |          4 |       0 |    0 |     1 |      0 |      0 |    0 |          0 |
|                                       CARRY_ZERO_DET                                                             |                                                                         split_d_system_fsa_0_0_carry_chain__parameterized8_926 |          4 |          4 |       0 |    0 |     1 |      0 |      0 |    0 |          0 |
|                                   COND_DET_B                                                                     |                                                                      split_d_system_fsa_0_0_special_detect__parameterized1_909 |         11 |         11 |       0 |    0 |     3 |      0 |      0 |    0 |          0 |
|                                     EXP_DET_LUT.EXP_ALL_ONE_DEL                                                  |                                                                              split_d_system_fsa_0_0_delay__parameterized29_917 |          4 |          4 |       0 |    0 |     1 |      0 |      0 |    0 |          0 |
|                                       i_pipe                                                                     |                                                              split_d_system_fsa_0_0_xbip_pipe_v3_0_10_viv__parameterized50_922 |          4 |          4 |       0 |    0 |     1 |      0 |      0 |    0 |          0 |
|                                     EXP_DET_LUT.EXP_ALL_ZERO_DEL                                                 |                                                                              split_d_system_fsa_0_0_delay__parameterized29_918 |          4 |          4 |       0 |    0 |     1 |      0 |      0 |    0 |          0 |
|                                       i_pipe                                                                     |                                                              split_d_system_fsa_0_0_xbip_pipe_v3_0_10_viv__parameterized50_921 |          4 |          4 |       0 |    0 |     1 |      0 |      0 |    0 |          0 |
|                                     MANT_CARRY.MANT_ALL_ZERO_DET                                                 |                                                                       split_d_system_fsa_0_0_compare_eq_im__parameterized2_919 |          5 |          5 |       0 |    0 |     1 |      0 |      0 |    0 |          0 |
|                                       CARRY_ZERO_DET                                                             |                                                                         split_d_system_fsa_0_0_carry_chain__parameterized8_920 |          5 |          5 |       0 |    0 |     1 |      0 |      0 |    0 |          0 |
|                                   EXP_OFF.STRUCT_ADD                                                             |                                                                        split_d_system_fsa_0_0_carry_chain__parameterized10_910 |          6 |          6 |       0 |    0 |     0 |      0 |      0 |    0 |          0 |
|                                   NUMB_CMP                                                                       |                                                                                             split_d_system_fsa_0_0_compare_911 |         16 |         16 |       0 |    0 |     1 |      0 |      0 |    0 |          0 |
|                                     NOT_FAST.CMP                                                                 |                                                                                          split_d_system_fsa_0_0_compare_gt_915 |         16 |         16 |       0 |    0 |     1 |      0 |      0 |    0 |          0 |
|                                       C_CHAIN                                                                    |                                                                         split_d_system_fsa_0_0_carry_chain__parameterized9_916 |         16 |         16 |       0 |    0 |     1 |      0 |      0 |    0 |          0 |
|                                   SUB_DELAY                                                                      |                                                                              split_d_system_fsa_0_0_delay__parameterized32_912 |          2 |          2 |       0 |    0 |     1 |      0 |      0 |    0 |          0 |
|                                     i_pipe                                                                       |                                                              split_d_system_fsa_0_0_xbip_pipe_v3_0_10_viv__parameterized54_914 |          2 |          2 |       0 |    0 |     1 |      0 |      0 |    0 |          0 |
|                                   merged_sub_mux.STRUCT_ADD                                                      |                                                                        split_d_system_fsa_0_0_carry_chain__parameterized10_913 |          0 |          0 |       0 |    0 |     0 |      0 |      0 |    0 |          0 |
|                                 DSP48E1_BODY.NORM_RND                                                            |                                                                          split_d_system_fsa_0_0_norm_and_round_dsp48e1_sgl_899 |         32 |         32 |       0 |    0 |     0 |      0 |      0 |    0 |          1 |
|                                   (DSP48E1_BODY.NORM_RND)                                                        |                                                                          split_d_system_fsa_0_0_norm_and_round_dsp48e1_sgl_899 |          3 |          3 |       0 |    0 |     0 |      0 |      0 |    0 |          0 |
|                                   FULL_USAGE_DSP.LOD                                                             |                                                                              split_d_system_fsa_0_0_lead_zero_encode_shift_901 |         18 |         18 |       0 |    0 |     0 |      0 |      0 |    0 |          0 |
|                                   FULL_USAGE_DSP.SHIFT_RND                                                       |                                                                     split_d_system_fsa_0_0_dsp48e1_wrapper__parameterized0_902 |         11 |         11 |       0 |    0 |     0 |      0 |      0 |    0 |          1 |
|                                 OP                                                                               |                                                                          split_d_system_fsa_0_0_flt_dec_op__parameterized1_900 |          0 |          0 |       0 |    0 |     0 |      0 |      0 |    0 |          0 |
|                     fsub_32ns_32ns_32_3_full_dsp_1_U477                                                          |                                                   split_d_system_fsa_0_0_fsa_stream_split_d_fsub_32ns_32ns_32_3_full_dsp_1_464 |        216 |        216 |       0 |    0 |   145 |      0 |      0 |    0 |          2 |
|                       (fsub_32ns_32ns_32_3_full_dsp_1_U477)                                                      |                                                   split_d_system_fsa_0_0_fsa_stream_split_d_fsub_32ns_32ns_32_3_full_dsp_1_464 |          0 |          0 |       0 |    0 |    64 |      0 |      0 |    0 |          0 |
|                       fsa_stream_split_d_fsub_32ns_32ns_32_3_full_dsp_1_ip_u                                     |                                                split_d_system_fsa_0_0_fsa_stream_split_d_fsub_32ns_32ns_32_3_full_dsp_1_ip_842 |        216 |        216 |       0 |    0 |    81 |      0 |      0 |    0 |          2 |
|                         inst                                                                                     |                                                               split_d_system_fsa_0_0_floating_point_v7_1_19__parameterized1__2 |        216 |        216 |       0 |    0 |    81 |      0 |      0 |    0 |          2 |
|                           i_synth                                                                                |                                                           split_d_system_fsa_0_0_floating_point_v7_1_19_viv__parameterized3__2 |        216 |        216 |       0 |    0 |    81 |      0 |      0 |    0 |          2 |
|                             ADDSUB_OP.ADDSUB                                                                     |                                                                                             split_d_system_fsa_0_0_flt_add_843 |        216 |        216 |       0 |    0 |    81 |      0 |      0 |    0 |          2 |
|                               DSP.OP                                                                             |                                                                                         split_d_system_fsa_0_0_flt_add_dsp_845 |        216 |        216 |       0 |    0 |    81 |      0 |      0 |    0 |          2 |
|                                 A_IP_DELAY                                                                       |                                                                              split_d_system_fsa_0_0_delay__parameterized19_846 |         23 |         23 |       0 |    0 |    23 |      0 |      0 |    0 |          0 |
|                                   i_pipe                                                                         |                                                              split_d_system_fsa_0_0_xbip_pipe_v3_0_10_viv__parameterized36_890 |         23 |         23 |       0 |    0 |    23 |      0 |      0 |    0 |          0 |
|                                 B_IP_DELAY                                                                       |                                                                              split_d_system_fsa_0_0_delay__parameterized19_847 |         19 |         19 |       0 |    0 |    23 |      0 |      0 |    0 |          0 |
|                                   i_pipe                                                                         |                                                              split_d_system_fsa_0_0_xbip_pipe_v3_0_10_viv__parameterized36_889 |         19 |         19 |       0 |    0 |    23 |      0 |      0 |    0 |          0 |
|                                 DSP48E1_BODY.ALIGN_ADD                                                           |                                                                               split_d_system_fsa_0_0_align_add_dsp48e1_sgl_848 |         46 |         46 |       0 |    0 |     0 |      0 |      0 |    0 |          1 |
|                                   DSP2                                                                           |                                                                                     split_d_system_fsa_0_0_dsp48e1_wrapper_885 |         46 |         46 |       0 |    0 |     0 |      0 |      0 |    0 |          1 |
|                                   ZERO_14_DET.CARRY_MUX                                                          |                                                                         split_d_system_fsa_0_0_carry_chain__parameterized7_886 |          0 |          0 |       0 |    0 |     0 |      0 |      0 |    0 |          0 |
|                                   ZERO_14_DET.ZERO_DET                                                           |                                                                       split_d_system_fsa_0_0_compare_eq_im__parameterized1_887 |          0 |          0 |       0 |    0 |     0 |      0 |      0 |    0 |          0 |
|                                     CARRY_ZERO_DET                                                               |                                                                         split_d_system_fsa_0_0_carry_chain__parameterized6_888 |          0 |          0 |       0 |    0 |     0 |      0 |      0 |    0 |          0 |
|                                 DSP48E1_BODY.EXP                                                                 |                                                                                      split_d_system_fsa_0_0_flt_add_exp_sp_849 |         89 |         89 |       0 |    0 |    35 |      0 |      0 |    0 |          0 |
|                                   (DSP48E1_BODY.EXP)                                                             |                                                                                      split_d_system_fsa_0_0_flt_add_exp_sp_849 |          8 |          8 |       0 |    0 |     0 |      0 |      0 |    0 |          0 |
|                                   A_EXP_DELAY                                                                    |                                                                              split_d_system_fsa_0_0_delay__parameterized31_854 |          0 |          0 |       0 |    0 |     8 |      0 |      0 |    0 |          0 |
|                                     i_pipe                                                                       |                                                              split_d_system_fsa_0_0_xbip_pipe_v3_0_10_viv__parameterized52_884 |          0 |          0 |       0 |    0 |     8 |      0 |      0 |    0 |          0 |
|                                   A_SIGN_DELAY                                                                   |                                                                              split_d_system_fsa_0_0_delay__parameterized32_855 |          0 |          0 |       0 |    0 |     1 |      0 |      0 |    0 |          0 |
|                                     i_pipe                                                                       |                                                              split_d_system_fsa_0_0_xbip_pipe_v3_0_10_viv__parameterized54_883 |          0 |          0 |       0 |    0 |     1 |      0 |      0 |    0 |          0 |
|                                   BMA_EXP_DELAY                                                                  |                                                                              split_d_system_fsa_0_0_delay__parameterized35_856 |         21 |         21 |       0 |    0 |     9 |      0 |      0 |    0 |          0 |
|                                     i_pipe                                                                       |                                                              split_d_system_fsa_0_0_xbip_pipe_v3_0_10_viv__parameterized58_882 |         21 |         21 |       0 |    0 |     9 |      0 |      0 |    0 |          0 |
|                                   B_EXP_DELAY                                                                    |                                                                              split_d_system_fsa_0_0_delay__parameterized31_857 |          0 |          0 |       0 |    0 |     8 |      0 |      0 |    0 |          0 |
|                                     i_pipe                                                                       |                                                              split_d_system_fsa_0_0_xbip_pipe_v3_0_10_viv__parameterized52_881 |          0 |          0 |       0 |    0 |     8 |      0 |      0 |    0 |          0 |
|                                   B_SIGN_DELAY                                                                   |                                                                              split_d_system_fsa_0_0_delay__parameterized32_858 |          1 |          1 |       0 |    0 |     1 |      0 |      0 |    0 |          0 |
|                                     i_pipe                                                                       |                                                              split_d_system_fsa_0_0_xbip_pipe_v3_0_10_viv__parameterized54_880 |          1 |          1 |       0 |    0 |     1 |      0 |      0 |    0 |          0 |
|                                   COND_DET_A                                                                     |                                                                      split_d_system_fsa_0_0_special_detect__parameterized1_859 |         22 |         22 |       0 |    0 |     3 |      0 |      0 |    0 |          0 |
|                                     EXP_DET_LUT.EXP_ALL_ONE_DEL                                                  |                                                                              split_d_system_fsa_0_0_delay__parameterized29_874 |         14 |         14 |       0 |    0 |     1 |      0 |      0 |    0 |          0 |
|                                       i_pipe                                                                     |                                                              split_d_system_fsa_0_0_xbip_pipe_v3_0_10_viv__parameterized50_879 |         14 |         14 |       0 |    0 |     1 |      0 |      0 |    0 |          0 |
|                                     EXP_DET_LUT.EXP_ALL_ZERO_DEL                                                 |                                                                              split_d_system_fsa_0_0_delay__parameterized29_875 |          5 |          5 |       0 |    0 |     1 |      0 |      0 |    0 |          0 |
|                                       i_pipe                                                                     |                                                              split_d_system_fsa_0_0_xbip_pipe_v3_0_10_viv__parameterized50_878 |          5 |          5 |       0 |    0 |     1 |      0 |      0 |    0 |          0 |
|                                     MANT_CARRY.MANT_ALL_ZERO_DET                                                 |                                                                       split_d_system_fsa_0_0_compare_eq_im__parameterized2_876 |          4 |          4 |       0 |    0 |     1 |      0 |      0 |    0 |          0 |
|                                       CARRY_ZERO_DET                                                             |                                                                         split_d_system_fsa_0_0_carry_chain__parameterized8_877 |          4 |          4 |       0 |    0 |     1 |      0 |      0 |    0 |          0 |
|                                   COND_DET_B                                                                     |                                                                      split_d_system_fsa_0_0_special_detect__parameterized1_860 |         11 |         11 |       0 |    0 |     3 |      0 |      0 |    0 |          0 |
|                                     EXP_DET_LUT.EXP_ALL_ONE_DEL                                                  |                                                                              split_d_system_fsa_0_0_delay__parameterized29_868 |          4 |          4 |       0 |    0 |     1 |      0 |      0 |    0 |          0 |
|                                       i_pipe                                                                     |                                                              split_d_system_fsa_0_0_xbip_pipe_v3_0_10_viv__parameterized50_873 |          4 |          4 |       0 |    0 |     1 |      0 |      0 |    0 |          0 |
|                                     EXP_DET_LUT.EXP_ALL_ZERO_DEL                                                 |                                                                              split_d_system_fsa_0_0_delay__parameterized29_869 |          4 |          4 |       0 |    0 |     1 |      0 |      0 |    0 |          0 |
|                                       i_pipe                                                                     |                                                              split_d_system_fsa_0_0_xbip_pipe_v3_0_10_viv__parameterized50_872 |          4 |          4 |       0 |    0 |     1 |      0 |      0 |    0 |          0 |
|                                     MANT_CARRY.MANT_ALL_ZERO_DET                                                 |                                                                       split_d_system_fsa_0_0_compare_eq_im__parameterized2_870 |          5 |          5 |       0 |    0 |     1 |      0 |      0 |    0 |          0 |
|                                       CARRY_ZERO_DET                                                             |                                                                         split_d_system_fsa_0_0_carry_chain__parameterized8_871 |          5 |          5 |       0 |    0 |     1 |      0 |      0 |    0 |          0 |
|                                   EXP_OFF.STRUCT_ADD                                                             |                                                                        split_d_system_fsa_0_0_carry_chain__parameterized10_861 |          9 |          9 |       0 |    0 |     0 |      0 |      0 |    0 |          0 |
|                                   NUMB_CMP                                                                       |                                                                                             split_d_system_fsa_0_0_compare_862 |         16 |         16 |       0 |    0 |     1 |      0 |      0 |    0 |          0 |
|                                     NOT_FAST.CMP                                                                 |                                                                                          split_d_system_fsa_0_0_compare_gt_866 |         16 |         16 |       0 |    0 |     1 |      0 |      0 |    0 |          0 |
|                                       C_CHAIN                                                                    |                                                                         split_d_system_fsa_0_0_carry_chain__parameterized9_867 |         16 |         16 |       0 |    0 |     1 |      0 |      0 |    0 |          0 |
|                                   SUB_DELAY                                                                      |                                                                              split_d_system_fsa_0_0_delay__parameterized32_863 |          2 |          2 |       0 |    0 |     1 |      0 |      0 |    0 |          0 |
|                                     i_pipe                                                                       |                                                              split_d_system_fsa_0_0_xbip_pipe_v3_0_10_viv__parameterized54_865 |          2 |          2 |       0 |    0 |     1 |      0 |      0 |    0 |          0 |
|                                   merged_sub_mux.STRUCT_ADD                                                      |                                                                        split_d_system_fsa_0_0_carry_chain__parameterized10_864 |          0 |          0 |       0 |    0 |     0 |      0 |      0 |    0 |          0 |
|                                 DSP48E1_BODY.NORM_RND                                                            |                                                                          split_d_system_fsa_0_0_norm_and_round_dsp48e1_sgl_850 |         40 |         40 |       0 |    0 |     0 |      0 |      0 |    0 |          1 |
|                                   (DSP48E1_BODY.NORM_RND)                                                        |                                                                          split_d_system_fsa_0_0_norm_and_round_dsp48e1_sgl_850 |          3 |          3 |       0 |    0 |     0 |      0 |      0 |    0 |          0 |
|                                   FULL_USAGE_DSP.LOD                                                             |                                                                              split_d_system_fsa_0_0_lead_zero_encode_shift_852 |         26 |         26 |       0 |    0 |     0 |      0 |      0 |    0 |          0 |
|                                   FULL_USAGE_DSP.SHIFT_RND                                                       |                                                                     split_d_system_fsa_0_0_dsp48e1_wrapper__parameterized0_853 |         11 |         11 |       0 |    0 |     0 |      0 |      0 |    0 |          1 |
|                                 OP                                                                               |                                                                          split_d_system_fsa_0_0_flt_dec_op__parameterized1_851 |          0 |          0 |       0 |    0 |     0 |      0 |      0 |    0 |          0 |
|                     fsub_32ns_32ns_32_3_full_dsp_1_U478                                                          |                                                   split_d_system_fsa_0_0_fsa_stream_split_d_fsub_32ns_32ns_32_3_full_dsp_1_465 |        167 |        167 |       0 |    0 |    46 |      0 |      0 |    0 |          2 |
|                       fsa_stream_split_d_fsub_32ns_32ns_32_3_full_dsp_1_ip_u                                     |                                                split_d_system_fsa_0_0_fsa_stream_split_d_fsub_32ns_32ns_32_3_full_dsp_1_ip_801 |        167 |        167 |       0 |    0 |    46 |      0 |      0 |    0 |          2 |
|                         inst                                                                                     |                                                               split_d_system_fsa_0_0_floating_point_v7_1_19__parameterized1__3 |        167 |        167 |       0 |    0 |    46 |      0 |      0 |    0 |          2 |
|                           i_synth                                                                                |                                                           split_d_system_fsa_0_0_floating_point_v7_1_19_viv__parameterized3__3 |        167 |        167 |       0 |    0 |    46 |      0 |      0 |    0 |          2 |
|                             ADDSUB_OP.ADDSUB                                                                     |                                                                                             split_d_system_fsa_0_0_flt_add_802 |        167 |        167 |       0 |    0 |    46 |      0 |      0 |    0 |          2 |
|                               DSP.OP                                                                             |                                                                                         split_d_system_fsa_0_0_flt_add_dsp_804 |        167 |        167 |       0 |    0 |    46 |      0 |      0 |    0 |          2 |
|                                 B_IP_DELAY                                                                       |                                                                              split_d_system_fsa_0_0_delay__parameterized19_805 |         30 |         30 |       0 |    0 |    23 |      0 |      0 |    0 |          0 |
|                                   i_pipe                                                                         |                                                              split_d_system_fsa_0_0_xbip_pipe_v3_0_10_viv__parameterized36_841 |         30 |         30 |       0 |    0 |    23 |      0 |      0 |    0 |          0 |
|                                 DSP48E1_BODY.ALIGN_ADD                                                           |                                                                               split_d_system_fsa_0_0_align_add_dsp48e1_sgl_806 |         36 |         36 |       0 |    0 |     0 |      0 |      0 |    0 |          1 |
|                                   DSP2                                                                           |                                                                                     split_d_system_fsa_0_0_dsp48e1_wrapper_837 |         36 |         36 |       0 |    0 |     0 |      0 |      0 |    0 |          1 |
|                                   ZERO_14_DET.CARRY_MUX                                                          |                                                                         split_d_system_fsa_0_0_carry_chain__parameterized7_838 |          0 |          0 |       0 |    0 |     0 |      0 |      0 |    0 |          0 |
|                                   ZERO_14_DET.ZERO_DET                                                           |                                                                       split_d_system_fsa_0_0_compare_eq_im__parameterized1_839 |          0 |          0 |       0 |    0 |     0 |      0 |      0 |    0 |          0 |
|                                     CARRY_ZERO_DET                                                               |                                                                         split_d_system_fsa_0_0_carry_chain__parameterized6_840 |          0 |          0 |       0 |    0 |     0 |      0 |      0 |    0 |          0 |
|                                 DSP48E1_BODY.EXP                                                                 |                                                                                      split_d_system_fsa_0_0_flt_add_exp_sp_807 |        104 |        104 |       0 |    0 |    23 |      0 |      0 |    0 |          0 |
|                                   (DSP48E1_BODY.EXP)                                                             |                                                                                      split_d_system_fsa_0_0_flt_add_exp_sp_807 |          8 |          8 |       0 |    0 |     0 |      0 |      0 |    0 |          0 |
|                                   BMA_EXP_DELAY                                                                  |                                                                              split_d_system_fsa_0_0_delay__parameterized35_812 |         20 |         20 |       0 |    0 |     9 |      0 |      0 |    0 |          0 |
|                                     i_pipe                                                                       |                                                              split_d_system_fsa_0_0_xbip_pipe_v3_0_10_viv__parameterized58_836 |         20 |         20 |       0 |    0 |     9 |      0 |      0 |    0 |          0 |
|                                   B_EXP_DELAY                                                                    |                                                                              split_d_system_fsa_0_0_delay__parameterized31_813 |          0 |          0 |       0 |    0 |     8 |      0 |      0 |    0 |          0 |
|                                     i_pipe                                                                       |                                                              split_d_system_fsa_0_0_xbip_pipe_v3_0_10_viv__parameterized52_835 |          0 |          0 |       0 |    0 |     8 |      0 |      0 |    0 |          0 |
|                                   B_SIGN_DELAY                                                                   |                                                                              split_d_system_fsa_0_0_delay__parameterized32_814 |          2 |          2 |       0 |    0 |     1 |      0 |      0 |    0 |          0 |
|                                     i_pipe                                                                       |                                                              split_d_system_fsa_0_0_xbip_pipe_v3_0_10_viv__parameterized54_834 |          2 |          2 |       0 |    0 |     1 |      0 |      0 |    0 |          0 |
|                                   COND_DET_A                                                                     |                                                                      split_d_system_fsa_0_0_special_detect__parameterized1_815 |          5 |          5 |       0 |    0 |     1 |      0 |      0 |    0 |          0 |
|                                     EXP_DET_LUT.EXP_ALL_ONE_DEL                                                  |                                                                              split_d_system_fsa_0_0_delay__parameterized29_828 |          3 |          3 |       0 |    0 |     0 |      0 |      0 |    0 |          0 |
|                                       i_pipe                                                                     |                                                              split_d_system_fsa_0_0_xbip_pipe_v3_0_10_viv__parameterized50_833 |          3 |          3 |       0 |    0 |     0 |      0 |      0 |    0 |          0 |
|                                     EXP_DET_LUT.EXP_ALL_ZERO_DEL                                                 |                                                                              split_d_system_fsa_0_0_delay__parameterized29_829 |          3 |          3 |       0 |    0 |     1 |      0 |      0 |    0 |          0 |
|                                       i_pipe                                                                     |                                                              split_d_system_fsa_0_0_xbip_pipe_v3_0_10_viv__parameterized50_832 |          3 |          3 |       0 |    0 |     1 |      0 |      0 |    0 |          0 |
|                                   COND_DET_B                                                                     |                                                                      split_d_system_fsa_0_0_special_detect__parameterized1_816 |          8 |          8 |       0 |    0 |     3 |      0 |      0 |    0 |          0 |
|                                     EXP_DET_LUT.EXP_ALL_ONE_DEL                                                  |                                                                              split_d_system_fsa_0_0_delay__parameterized29_822 |          2 |          2 |       0 |    0 |     1 |      0 |      0 |    0 |          0 |
|                                       i_pipe                                                                     |                                                              split_d_system_fsa_0_0_xbip_pipe_v3_0_10_viv__parameterized50_827 |          2 |          2 |       0 |    0 |     1 |      0 |      0 |    0 |          0 |
|                                     EXP_DET_LUT.EXP_ALL_ZERO_DEL                                                 |                                                                              split_d_system_fsa_0_0_delay__parameterized29_823 |          3 |          3 |       0 |    0 |     1 |      0 |      0 |    0 |          0 |
|                                       i_pipe                                                                     |                                                              split_d_system_fsa_0_0_xbip_pipe_v3_0_10_viv__parameterized50_826 |          3 |          3 |       0 |    0 |     1 |      0 |      0 |    0 |          0 |
|                                     MANT_CARRY.MANT_ALL_ZERO_DET                                                 |                                                                       split_d_system_fsa_0_0_compare_eq_im__parameterized2_824 |          4 |          4 |       0 |    0 |     1 |      0 |      0 |    0 |          0 |
|                                       CARRY_ZERO_DET                                                             |                                                                         split_d_system_fsa_0_0_carry_chain__parameterized8_825 |          4 |          4 |       0 |    0 |     1 |      0 |      0 |    0 |          0 |
|                                   EXP_OFF.STRUCT_ADD                                                             |                                                                        split_d_system_fsa_0_0_carry_chain__parameterized10_817 |         24 |         24 |       0 |    0 |     0 |      0 |      0 |    0 |          0 |
|                                   NUMB_CMP                                                                       |                                                                                             split_d_system_fsa_0_0_compare_818 |         39 |         39 |       0 |    0 |     1 |      0 |      0 |    0 |          0 |
|                                     NOT_FAST.CMP                                                                 |                                                                                          split_d_system_fsa_0_0_compare_gt_820 |         39 |         39 |       0 |    0 |     1 |      0 |      0 |    0 |          0 |
|                                       C_CHAIN                                                                    |                                                                         split_d_system_fsa_0_0_carry_chain__parameterized9_821 |         39 |         39 |       0 |    0 |     1 |      0 |      0 |    0 |          0 |
|                                   merged_sub_mux.STRUCT_ADD                                                      |                                                                        split_d_system_fsa_0_0_carry_chain__parameterized10_819 |          0 |          0 |       0 |    0 |     0 |      0 |      0 |    0 |          0 |
|                                 DSP48E1_BODY.NORM_RND                                                            |                                                                          split_d_system_fsa_0_0_norm_and_round_dsp48e1_sgl_808 |         21 |         21 |       0 |    0 |     0 |      0 |      0 |    0 |          1 |
|                                   (DSP48E1_BODY.NORM_RND)                                                        |                                                                          split_d_system_fsa_0_0_norm_and_round_dsp48e1_sgl_808 |          3 |          3 |       0 |    0 |     0 |      0 |      0 |    0 |          0 |
|                                   FULL_USAGE_DSP.LOD                                                             |                                                                              split_d_system_fsa_0_0_lead_zero_encode_shift_810 |         18 |         18 |       0 |    0 |     0 |      0 |      0 |    0 |          0 |
|                                   FULL_USAGE_DSP.SHIFT_RND                                                       |                                                                     split_d_system_fsa_0_0_dsp48e1_wrapper__parameterized0_811 |          0 |          0 |       0 |    0 |     0 |      0 |      0 |    0 |          1 |
|                                 OP                                                                               |                                                                          split_d_system_fsa_0_0_flt_dec_op__parameterized1_809 |          0 |          0 |       0 |    0 |     0 |      0 |      0 |    0 |          0 |
|                     fsub_32ns_32ns_32_3_full_dsp_1_U479                                                          |                                                   split_d_system_fsa_0_0_fsa_stream_split_d_fsub_32ns_32ns_32_3_full_dsp_1_466 |        192 |        192 |       0 |    0 |    46 |      0 |      0 |    0 |          2 |
|                       fsa_stream_split_d_fsub_32ns_32ns_32_3_full_dsp_1_ip_u                                     |                                                split_d_system_fsa_0_0_fsa_stream_split_d_fsub_32ns_32ns_32_3_full_dsp_1_ip_760 |        192 |        192 |       0 |    0 |    46 |      0 |      0 |    0 |          2 |
|                         inst                                                                                     |                                                               split_d_system_fsa_0_0_floating_point_v7_1_19__parameterized1__4 |        192 |        192 |       0 |    0 |    46 |      0 |      0 |    0 |          2 |
|                           i_synth                                                                                |                                                           split_d_system_fsa_0_0_floating_point_v7_1_19_viv__parameterized3__4 |        192 |        192 |       0 |    0 |    46 |      0 |      0 |    0 |          2 |
|                             ADDSUB_OP.ADDSUB                                                                     |                                                                                             split_d_system_fsa_0_0_flt_add_761 |        192 |        192 |       0 |    0 |    46 |      0 |      0 |    0 |          2 |
|                               DSP.OP                                                                             |                                                                                         split_d_system_fsa_0_0_flt_add_dsp_763 |        192 |        192 |       0 |    0 |    46 |      0 |      0 |    0 |          2 |
|                                 B_IP_DELAY                                                                       |                                                                              split_d_system_fsa_0_0_delay__parameterized19_764 |         24 |         24 |       0 |    0 |    23 |      0 |      0 |    0 |          0 |
|                                   i_pipe                                                                         |                                                              split_d_system_fsa_0_0_xbip_pipe_v3_0_10_viv__parameterized36_800 |         24 |         24 |       0 |    0 |    23 |      0 |      0 |    0 |          0 |
|                                 DSP48E1_BODY.ALIGN_ADD                                                           |                                                                               split_d_system_fsa_0_0_align_add_dsp48e1_sgl_765 |         47 |         47 |       0 |    0 |     0 |      0 |      0 |    0 |          1 |
|                                   DSP2                                                                           |                                                                                     split_d_system_fsa_0_0_dsp48e1_wrapper_796 |         47 |         47 |       0 |    0 |     0 |      0 |      0 |    0 |          1 |
|                                   ZERO_14_DET.CARRY_MUX                                                          |                                                                         split_d_system_fsa_0_0_carry_chain__parameterized7_797 |          0 |          0 |       0 |    0 |     0 |      0 |      0 |    0 |          0 |
|                                   ZERO_14_DET.ZERO_DET                                                           |                                                                       split_d_system_fsa_0_0_compare_eq_im__parameterized1_798 |          0 |          0 |       0 |    0 |     0 |      0 |      0 |    0 |          0 |
|                                     CARRY_ZERO_DET                                                               |                                                                         split_d_system_fsa_0_0_carry_chain__parameterized6_799 |          0 |          0 |       0 |    0 |     0 |      0 |      0 |    0 |          0 |
|                                 DSP48E1_BODY.EXP                                                                 |                                                                                      split_d_system_fsa_0_0_flt_add_exp_sp_766 |         95 |         95 |       0 |    0 |    23 |      0 |      0 |    0 |          0 |
|                                   (DSP48E1_BODY.EXP)                                                             |                                                                                      split_d_system_fsa_0_0_flt_add_exp_sp_766 |          8 |          8 |       0 |    0 |     0 |      0 |      0 |    0 |          0 |
|                                   BMA_EXP_DELAY                                                                  |                                                                              split_d_system_fsa_0_0_delay__parameterized35_771 |         20 |         20 |       0 |    0 |     9 |      0 |      0 |    0 |          0 |
|                                     i_pipe                                                                       |                                                              split_d_system_fsa_0_0_xbip_pipe_v3_0_10_viv__parameterized58_795 |         20 |         20 |       0 |    0 |     9 |      0 |      0 |    0 |          0 |
|                                   B_EXP_DELAY                                                                    |                                                                              split_d_system_fsa_0_0_delay__parameterized31_772 |          0 |          0 |       0 |    0 |     8 |      0 |      0 |    0 |          0 |
|                                     i_pipe                                                                       |                                                              split_d_system_fsa_0_0_xbip_pipe_v3_0_10_viv__parameterized52_794 |          0 |          0 |       0 |    0 |     8 |      0 |      0 |    0 |          0 |
|                                   B_SIGN_DELAY                                                                   |                                                                              split_d_system_fsa_0_0_delay__parameterized32_773 |          2 |          2 |       0 |    0 |     1 |      0 |      0 |    0 |          0 |
|                                     i_pipe                                                                       |                                                              split_d_system_fsa_0_0_xbip_pipe_v3_0_10_viv__parameterized54_793 |          2 |          2 |       0 |    0 |     1 |      0 |      0 |    0 |          0 |
|                                   COND_DET_A                                                                     |                                                                      split_d_system_fsa_0_0_special_detect__parameterized1_774 |          5 |          5 |       0 |    0 |     1 |      0 |      0 |    0 |          0 |
|                                     EXP_DET_LUT.EXP_ALL_ONE_DEL                                                  |                                                                              split_d_system_fsa_0_0_delay__parameterized29_787 |          3 |          3 |       0 |    0 |     0 |      0 |      0 |    0 |          0 |
|                                       i_pipe                                                                     |                                                              split_d_system_fsa_0_0_xbip_pipe_v3_0_10_viv__parameterized50_792 |          3 |          3 |       0 |    0 |     0 |      0 |      0 |    0 |          0 |
|                                     EXP_DET_LUT.EXP_ALL_ZERO_DEL                                                 |                                                                              split_d_system_fsa_0_0_delay__parameterized29_788 |          3 |          3 |       0 |    0 |     1 |      0 |      0 |    0 |          0 |
|                                       i_pipe                                                                     |                                                              split_d_system_fsa_0_0_xbip_pipe_v3_0_10_viv__parameterized50_791 |          3 |          3 |       0 |    0 |     1 |      0 |      0 |    0 |          0 |
|                                   COND_DET_B                                                                     |                                                                      split_d_system_fsa_0_0_special_detect__parameterized1_775 |          8 |          8 |       0 |    0 |     3 |      0 |      0 |    0 |          0 |
|                                     EXP_DET_LUT.EXP_ALL_ONE_DEL                                                  |                                                                              split_d_system_fsa_0_0_delay__parameterized29_781 |          2 |          2 |       0 |    0 |     1 |      0 |      0 |    0 |          0 |
|                                       i_pipe                                                                     |                                                              split_d_system_fsa_0_0_xbip_pipe_v3_0_10_viv__parameterized50_786 |          2 |          2 |       0 |    0 |     1 |      0 |      0 |    0 |          0 |
|                                     EXP_DET_LUT.EXP_ALL_ZERO_DEL                                                 |                                                                              split_d_system_fsa_0_0_delay__parameterized29_782 |          3 |          3 |       0 |    0 |     1 |      0 |      0 |    0 |          0 |
|                                       i_pipe                                                                     |                                                              split_d_system_fsa_0_0_xbip_pipe_v3_0_10_viv__parameterized50_785 |          3 |          3 |       0 |    0 |     1 |      0 |      0 |    0 |          0 |
|                                     MANT_CARRY.MANT_ALL_ZERO_DET                                                 |                                                                       split_d_system_fsa_0_0_compare_eq_im__parameterized2_783 |          4 |          4 |       0 |    0 |     1 |      0 |      0 |    0 |          0 |
|                                       CARRY_ZERO_DET                                                             |                                                                         split_d_system_fsa_0_0_carry_chain__parameterized8_784 |          4 |          4 |       0 |    0 |     1 |      0 |      0 |    0 |          0 |
|                                   EXP_OFF.STRUCT_ADD                                                             |                                                                        split_d_system_fsa_0_0_carry_chain__parameterized10_776 |         25 |         25 |       0 |    0 |     0 |      0 |      0 |    0 |          0 |
|                                   NUMB_CMP                                                                       |                                                                                             split_d_system_fsa_0_0_compare_777 |         28 |         28 |       0 |    0 |     1 |      0 |      0 |    0 |          0 |
|                                     NOT_FAST.CMP                                                                 |                                                                                          split_d_system_fsa_0_0_compare_gt_779 |         28 |         28 |       0 |    0 |     1 |      0 |      0 |    0 |          0 |
|                                       C_CHAIN                                                                    |                                                                         split_d_system_fsa_0_0_carry_chain__parameterized9_780 |         28 |         28 |       0 |    0 |     1 |      0 |      0 |    0 |          0 |
|                                   merged_sub_mux.STRUCT_ADD                                                      |                                                                        split_d_system_fsa_0_0_carry_chain__parameterized10_778 |          0 |          0 |       0 |    0 |     0 |      0 |      0 |    0 |          0 |
|                                 DSP48E1_BODY.NORM_RND                                                            |                                                                          split_d_system_fsa_0_0_norm_and_round_dsp48e1_sgl_767 |         28 |         28 |       0 |    0 |     0 |      0 |      0 |    0 |          1 |
|                                   (DSP48E1_BODY.NORM_RND)                                                        |                                                                          split_d_system_fsa_0_0_norm_and_round_dsp48e1_sgl_767 |          3 |          3 |       0 |    0 |     0 |      0 |      0 |    0 |          0 |
|                                   FULL_USAGE_DSP.LOD                                                             |                                                                              split_d_system_fsa_0_0_lead_zero_encode_shift_769 |         25 |         25 |       0 |    0 |     0 |      0 |      0 |    0 |          0 |
|                                   FULL_USAGE_DSP.SHIFT_RND                                                       |                                                                     split_d_system_fsa_0_0_dsp48e1_wrapper__parameterized0_770 |          0 |          0 |       0 |    0 |     0 |      0 |      0 |    0 |          1 |
|                                 OP                                                                               |                                                                          split_d_system_fsa_0_0_flt_dec_op__parameterized1_768 |          0 |          0 |       0 |    0 |     0 |      0 |      0 |    0 |          0 |
|                     grp_runPeArray_fu_718                                                                        |                                                                       split_d_system_fsa_0_0_fsa_stream_split_d_runPeArray_467 |       8074 |       8058 |       0 |   16 |  2777 |      0 |      0 |    0 |          8 |
|                       (grp_runPeArray_fu_718)                                                                    |                                                                       split_d_system_fsa_0_0_fsa_stream_split_d_runPeArray_467 |       5081 |       5065 |       0 |   16 |  2777 |      0 |      0 |    0 |          0 |
|                       ctlz_22_22_1_1_U128                                                                        |                                                                   split_d_system_fsa_0_0_fsa_stream_split_d_ctlz_22_22_1_1_736 |         18 |         18 |       0 |    0 |     0 |      0 |      0 |    0 |          0 |
|                       ctlz_22_22_1_1_U130                                                                        |                                                                   split_d_system_fsa_0_0_fsa_stream_split_d_ctlz_22_22_1_1_737 |         19 |         19 |       0 |    0 |     0 |      0 |      0 |    0 |          0 |
|                       ctlz_22_22_1_1_U132                                                                        |                                                                   split_d_system_fsa_0_0_fsa_stream_split_d_ctlz_22_22_1_1_738 |         18 |         18 |       0 |    0 |     0 |      0 |      0 |    0 |          0 |
|                       ctlz_22_22_1_1_U134                                                                        |                                                                   split_d_system_fsa_0_0_fsa_stream_split_d_ctlz_22_22_1_1_739 |         18 |         18 |       0 |    0 |     0 |      0 |      0 |    0 |          0 |
|                       ctlz_22_22_1_1_U136                                                                        |                                                                   split_d_system_fsa_0_0_fsa_stream_split_d_ctlz_22_22_1_1_740 |         18 |         18 |       0 |    0 |     0 |      0 |      0 |    0 |          0 |
|                       ctlz_22_22_1_1_U138                                                                        |                                                                   split_d_system_fsa_0_0_fsa_stream_split_d_ctlz_22_22_1_1_741 |         17 |         17 |       0 |    0 |     0 |      0 |      0 |    0 |          0 |
|                       ctlz_22_22_1_1_U140                                                                        |                                                                   split_d_system_fsa_0_0_fsa_stream_split_d_ctlz_22_22_1_1_742 |         19 |         19 |       0 |    0 |     0 |      0 |      0 |    0 |          0 |
|                       ctlz_22_22_1_1_U142                                                                        |                                                                   split_d_system_fsa_0_0_fsa_stream_split_d_ctlz_22_22_1_1_743 |         19 |         19 |       0 |    0 |     0 |      0 |      0 |    0 |          0 |
|                       ctlz_27_27_1_1_U145                                                                        |                                                                   split_d_system_fsa_0_0_fsa_stream_split_d_ctlz_27_27_1_1_744 |         23 |         23 |       0 |    0 |     0 |      0 |      0 |    0 |          0 |
|                       ctlz_27_27_1_1_U147                                                                        |                                                                   split_d_system_fsa_0_0_fsa_stream_split_d_ctlz_27_27_1_1_745 |         23 |         23 |       0 |    0 |     0 |      0 |      0 |    0 |          0 |
|                       ctlz_27_27_1_1_U149                                                                        |                                                                   split_d_system_fsa_0_0_fsa_stream_split_d_ctlz_27_27_1_1_746 |         24 |         24 |       0 |    0 |     0 |      0 |      0 |    0 |          0 |
|                       ctlz_27_27_1_1_U151                                                                        |                                                                   split_d_system_fsa_0_0_fsa_stream_split_d_ctlz_27_27_1_1_747 |         23 |         23 |       0 |    0 |     0 |      0 |      0 |    0 |          0 |
|                       ctlz_27_27_1_1_U153                                                                        |                                                                   split_d_system_fsa_0_0_fsa_stream_split_d_ctlz_27_27_1_1_748 |         23 |         23 |       0 |    0 |     0 |      0 |      0 |    0 |          0 |
|                       ctlz_27_27_1_1_U155                                                                        |                                                                   split_d_system_fsa_0_0_fsa_stream_split_d_ctlz_27_27_1_1_749 |         23 |         23 |       0 |    0 |     0 |      0 |      0 |    0 |          0 |
|                       ctlz_27_27_1_1_U157                                                                        |                                                                   split_d_system_fsa_0_0_fsa_stream_split_d_ctlz_27_27_1_1_750 |         23 |         23 |       0 |    0 |     0 |      0 |      0 |    0 |          0 |
|                       ctlz_27_27_1_1_U159                                                                        |                                                                   split_d_system_fsa_0_0_fsa_stream_split_d_ctlz_27_27_1_1_751 |         26 |         26 |       0 |    0 |     0 |      0 |      0 |    0 |          0 |
|                       mul_11ns_11ns_22_2_1_U103                                                                  |                                                             split_d_system_fsa_0_0_fsa_stream_split_d_mul_11ns_11ns_22_2_1_752 |        331 |        331 |       0 |    0 |     0 |      0 |      0 |    0 |          1 |
|                       mul_11ns_11ns_22_2_1_U109                                                                  |                                                             split_d_system_fsa_0_0_fsa_stream_split_d_mul_11ns_11ns_22_2_1_753 |        333 |        333 |       0 |    0 |     0 |      0 |      0 |    0 |          1 |
|                       mul_11ns_11ns_22_2_1_U115                                                                  |                                                             split_d_system_fsa_0_0_fsa_stream_split_d_mul_11ns_11ns_22_2_1_754 |        343 |        343 |       0 |    0 |     0 |      0 |      0 |    0 |          1 |
|                       mul_11ns_11ns_22_2_1_U121                                                                  |                                                             split_d_system_fsa_0_0_fsa_stream_split_d_mul_11ns_11ns_22_2_1_755 |        364 |        364 |       0 |    0 |     0 |      0 |      0 |    0 |          1 |
|                       mul_11ns_11ns_22_2_1_U127                                                                  |                                                             split_d_system_fsa_0_0_fsa_stream_split_d_mul_11ns_11ns_22_2_1_756 |        330 |        330 |       0 |    0 |     0 |      0 |      0 |    0 |          1 |
|                       mul_11ns_11ns_22_2_1_U85                                                                   |                                                             split_d_system_fsa_0_0_fsa_stream_split_d_mul_11ns_11ns_22_2_1_757 |        334 |        334 |       0 |    0 |     0 |      0 |      0 |    0 |          1 |
|                       mul_11ns_11ns_22_2_1_U91                                                                   |                                                             split_d_system_fsa_0_0_fsa_stream_split_d_mul_11ns_11ns_22_2_1_758 |        351 |        351 |       0 |    0 |     0 |      0 |      0 |    0 |          1 |
|                       mul_11ns_11ns_22_2_1_U97                                                                   |                                                             split_d_system_fsa_0_0_fsa_stream_split_d_mul_11ns_11ns_22_2_1_759 |        333 |        333 |       0 |    0 |     0 |      0 |      0 |    0 |          1 |
|                     grp_runQueryBlock_0_Pipeline_4_fu_546                                                        |                                                           split_d_system_fsa_0_0_fsa_stream_split_d_runQueryBlock_0_Pipeline_4 |          7 |          7 |       0 |    0 |     6 |      0 |      0 |    0 |          0 |
|                       (grp_runQueryBlock_0_Pipeline_4_fu_546)                                                    |                                                           split_d_system_fsa_0_0_fsa_stream_split_d_runQueryBlock_0_Pipeline_4 |          0 |          0 |       0 |    0 |     4 |      0 |      0 |    0 |          0 |
|                       flow_control_loop_pipe_sequential_init_U                                                   |                                           split_d_system_fsa_0_0_fsa_stream_split_d_flow_control_loop_pipe_sequential_init_735 |          7 |          7 |       0 |    0 |     2 |      0 |      0 |    0 |          0 |
|                     grp_runQueryBlock_0_Pipeline_VITIS_LOOP_109_1_VITIS_LOOP_110_2_fu_588                        |                           split_d_system_fsa_0_0_fsa_stream_split_d_runQueryBlock_0_Pipeline_VITIS_LOOP_109_1_VITIS_LOOP_110_2 |        543 |        543 |       0 |    0 |   667 |      0 |      0 |    0 |          0 |
|                       (grp_runQueryBlock_0_Pipeline_VITIS_LOOP_109_1_VITIS_LOOP_110_2_fu_588)                    |                           split_d_system_fsa_0_0_fsa_stream_split_d_runQueryBlock_0_Pipeline_VITIS_LOOP_109_1_VITIS_LOOP_110_2 |        523 |        523 |       0 |    0 |   665 |      0 |      0 |    0 |          0 |
|                       flow_control_loop_pipe_sequential_init_U                                                   |                                           split_d_system_fsa_0_0_fsa_stream_split_d_flow_control_loop_pipe_sequential_init_734 |         20 |         20 |       0 |    0 |     2 |      0 |      0 |    0 |          0 |
|                     grp_runQueryBlock_0_Pipeline_VITIS_LOOP_144_6_VITIS_LOOP_145_7_fu_550                        |                           split_d_system_fsa_0_0_fsa_stream_split_d_runQueryBlock_0_Pipeline_VITIS_LOOP_144_6_VITIS_LOOP_145_7 |         30 |         30 |       0 |    0 |    13 |      0 |      0 |    0 |          0 |
|                       (grp_runQueryBlock_0_Pipeline_VITIS_LOOP_144_6_VITIS_LOOP_145_7_fu_550)                    |                           split_d_system_fsa_0_0_fsa_stream_split_d_runQueryBlock_0_Pipeline_VITIS_LOOP_144_6_VITIS_LOOP_145_7 |         19 |         19 |       0 |    0 |    11 |      0 |      0 |    0 |          0 |
|                       flow_control_loop_pipe_sequential_init_U                                                   |                                           split_d_system_fsa_0_0_fsa_stream_split_d_flow_control_loop_pipe_sequential_init_733 |         11 |         11 |       0 |    0 |     2 |      0 |      0 |    0 |          0 |
|                     grp_runQueryBlock_0_Pipeline_VITIS_LOOP_162_1_fu_828                                         |                                            split_d_system_fsa_0_0_fsa_stream_split_d_runQueryBlock_0_Pipeline_VITIS_LOOP_162_1 |       1309 |       1309 |       0 |    0 |   338 |      0 |      0 |    0 |          0 |
|                       (grp_runQueryBlock_0_Pipeline_VITIS_LOOP_162_1_fu_828)                                     |                                            split_d_system_fsa_0_0_fsa_stream_split_d_runQueryBlock_0_Pipeline_VITIS_LOOP_162_1 |       1295 |       1295 |       0 |    0 |   336 |      0 |      0 |    0 |          0 |
|                       flow_control_loop_pipe_sequential_init_U                                                   |                                           split_d_system_fsa_0_0_fsa_stream_split_d_flow_control_loop_pipe_sequential_init_732 |         14 |         14 |       0 |    0 |     2 |      0 |      0 |    0 |          0 |
|                     grp_runQueryBlock_0_Pipeline_VITIS_LOOP_190_122_fu_653                                       |                                          split_d_system_fsa_0_0_fsa_stream_split_d_runQueryBlock_0_Pipeline_VITIS_LOOP_190_122 |        608 |        608 |       0 |    0 |    39 |      0 |      0 |    0 |          0 |
|                       (grp_runQueryBlock_0_Pipeline_VITIS_LOOP_190_122_fu_653)                                   |                                          split_d_system_fsa_0_0_fsa_stream_split_d_runQueryBlock_0_Pipeline_VITIS_LOOP_190_122 |        606 |        606 |       0 |    0 |    37 |      0 |      0 |    0 |          0 |
|                       flow_control_loop_pipe_sequential_init_U                                                   |                                           split_d_system_fsa_0_0_fsa_stream_split_d_flow_control_loop_pipe_sequential_init_731 |          3 |          3 |       0 |    0 |     2 |      0 |      0 |    0 |          0 |
|                     grp_runQueryBlock_0_Pipeline_VITIS_LOOP_190_12_fu_639                                        |                                           split_d_system_fsa_0_0_fsa_stream_split_d_runQueryBlock_0_Pipeline_VITIS_LOOP_190_12 |        615 |        615 |       0 |    0 |    39 |      0 |      0 |    0 |          0 |
|                       (grp_runQueryBlock_0_Pipeline_VITIS_LOOP_190_12_fu_639)                                    |                                           split_d_system_fsa_0_0_fsa_stream_split_d_runQueryBlock_0_Pipeline_VITIS_LOOP_190_12 |        612 |        612 |       0 |    0 |    37 |      0 |      0 |    0 |          0 |
|                       flow_control_loop_pipe_sequential_init_U                                                   |                                           split_d_system_fsa_0_0_fsa_stream_split_d_flow_control_loop_pipe_sequential_init_730 |          4 |          4 |       0 |    0 |     2 |      0 |      0 |    0 |          0 |
|                     grp_runQueryBlock_0_Pipeline_VITIS_LOOP_242_15_fu_667                                        |                                           split_d_system_fsa_0_0_fsa_stream_split_d_runQueryBlock_0_Pipeline_VITIS_LOOP_242_15 |       1263 |       1258 |       0 |    5 |   271 |      0 |      0 |    0 |          0 |
|                       (grp_runQueryBlock_0_Pipeline_VITIS_LOOP_242_15_fu_667)                                    |                                           split_d_system_fsa_0_0_fsa_stream_split_d_runQueryBlock_0_Pipeline_VITIS_LOOP_242_15 |       1170 |       1165 |       0 |    5 |   205 |      0 |      0 |    0 |          0 |
|                       flow_control_loop_pipe_sequential_init_U                                                   |                                           split_d_system_fsa_0_0_fsa_stream_split_d_flow_control_loop_pipe_sequential_init_695 |         45 |         45 |       0 |    0 |     2 |      0 |      0 |    0 |          0 |
|                       grp_cvtAtoE_fu_326                                                                         |                                                                          split_d_system_fsa_0_0_fsa_stream_split_d_cvtAtoE_696 |         24 |         24 |       0 |    0 |    32 |      0 |      0 |    0 |          0 |
|                         (grp_cvtAtoE_fu_326)                                                                     |                                                                          split_d_system_fsa_0_0_fsa_stream_split_d_cvtAtoE_696 |          0 |          0 |       0 |    0 |    32 |      0 |      0 |    0 |          0 |
|                         sptohp_32ns_16_1_no_dsp_1_U332                                                           |                                                        split_d_system_fsa_0_0_fsa_stream_split_d_sptohp_32ns_16_1_no_dsp_1_714 |         24 |         24 |       0 |    0 |     0 |      0 |      0 |    0 |          0 |
|                           fsa_stream_split_d_sptohp_32ns_16_1_no_dsp_1_ip_u                                      |                                                     split_d_system_fsa_0_0_fsa_stream_split_d_sptohp_32ns_16_1_no_dsp_1_ip_715 |         24 |         24 |       0 |    0 |     0 |      0 |      0 |    0 |          0 |
|                             inst                                                                                 |                                                                               split_d_system_fsa_0_0_floating_point_v7_1_19__9 |         24 |         24 |       0 |    0 |     0 |      0 |      0 |    0 |          0 |
|                               i_synth                                                                            |                                                                           split_d_system_fsa_0_0_floating_point_v7_1_19_viv__9 |         24 |         24 |       0 |    0 |     0 |      0 |      0 |    0 |          0 |
|                                 FLT_TO_FLT_OP.SPD.OP                                                             |                                                                                     split_d_system_fsa_0_0_flt_to_flt_conv_716 |         24 |         24 |       0 |    0 |     0 |      0 |      0 |    0 |          0 |
|                                   EXP                                                                            |                                                                                 split_d_system_fsa_0_0_flt_to_flt_conv_exp_717 |          6 |          6 |       0 |    0 |     0 |      0 |      0 |    0 |          0 |
|                                     COND_DET                                                                     |                                                                                      split_d_system_fsa_0_0_special_detect_727 |          6 |          6 |       0 |    0 |     0 |      0 |      0 |    0 |          0 |
|                                       MANT_CARRY.MANT_ALL_ZERO_DET                                               |                                                                                       split_d_system_fsa_0_0_compare_eq_im_728 |          6 |          6 |       0 |    0 |     0 |      0 |      0 |    0 |          0 |
|                                         (MANT_CARRY.MANT_ALL_ZERO_DET)                                           |                                                                                       split_d_system_fsa_0_0_compare_eq_im_728 |          2 |          2 |       0 |    0 |     0 |      0 |      0 |    0 |          0 |
|                                         CARRY_ZERO_DET                                                           |                                                                                         split_d_system_fsa_0_0_carry_chain_729 |          4 |          4 |       0 |    0 |     0 |      0 |      0 |    0 |          0 |
|                                   OUTPUT                                                                         |                                                                                          split_d_system_fsa_0_0_flt_dec_op_718 |          3 |          3 |       0 |    0 |     0 |      0 |      0 |    0 |          0 |
|                                   RND_REQ.ROUND                                                                  |                                                                              split_d_system_fsa_0_0_renorm_and_round_logic_719 |         13 |         13 |       0 |    0 |     0 |      0 |      0 |    0 |          0 |
|                                     EXP_ADD.ADD                                                                  |                                                                         split_d_system_fsa_0_0_carry_chain__parameterized4_722 |          6 |          6 |       0 |    0 |     0 |      0 |      0 |    0 |          0 |
|                                     LOGIC.RND1                                                                   |                                                                         split_d_system_fsa_0_0_carry_chain__parameterized2_723 |          3 |          3 |       0 |    0 |     0 |      0 |      0 |    0 |          0 |
|                                     LOGIC.RND2                                                                   |                                                                         split_d_system_fsa_0_0_carry_chain__parameterized3_724 |          3 |          3 |       0 |    0 |     0 |      0 |      0 |    0 |          0 |
|                                     RND_BIT_GEN                                                                  |                                                                                       split_d_system_fsa_0_0_flt_round_bit_725 |          1 |          1 |       0 |    0 |     0 |      0 |      0 |    0 |          0 |
|                                       NORM_1_OR_0.STRUCT_REQ.SPECIAL.RND_CHAIN                                   |                                                                         split_d_system_fsa_0_0_carry_chain__parameterized1_726 |          1 |          1 |       0 |    0 |     0 |      0 |      0 |    0 |          0 |
|                                   RND_REQ.Z_DET_REQ.DET_ZERO                                                     |                                                                                       split_d_system_fsa_0_0_compare_ne_im_720 |          2 |          2 |       0 |    0 |     0 |      0 |      0 |    0 |          0 |
|                                     WIDE_NOR                                                                     |                                                                         split_d_system_fsa_0_0_carry_chain__parameterized0_721 |          2 |          2 |       0 |    0 |     0 |      0 |      0 |    0 |          0 |
|                       grp_cvtAtoE_fu_332                                                                         |                                                                          split_d_system_fsa_0_0_fsa_stream_split_d_cvtAtoE_697 |         24 |         24 |       0 |    0 |    32 |      0 |      0 |    0 |          0 |
|                         (grp_cvtAtoE_fu_332)                                                                     |                                                                          split_d_system_fsa_0_0_fsa_stream_split_d_cvtAtoE_697 |          0 |          0 |       0 |    0 |    32 |      0 |      0 |    0 |          0 |
|                         sptohp_32ns_16_1_no_dsp_1_U332                                                           |                                                        split_d_system_fsa_0_0_fsa_stream_split_d_sptohp_32ns_16_1_no_dsp_1_698 |         24 |         24 |       0 |    0 |     0 |      0 |      0 |    0 |          0 |
|                           fsa_stream_split_d_sptohp_32ns_16_1_no_dsp_1_ip_u                                      |                                                     split_d_system_fsa_0_0_fsa_stream_split_d_sptohp_32ns_16_1_no_dsp_1_ip_699 |         24 |         24 |       0 |    0 |     0 |      0 |      0 |    0 |          0 |
|                             inst                                                                                 |                                                                               split_d_system_fsa_0_0_floating_point_v7_1_19__1 |         24 |         24 |       0 |    0 |     0 |      0 |      0 |    0 |          0 |
|                               i_synth                                                                            |                                                                           split_d_system_fsa_0_0_floating_point_v7_1_19_viv__1 |         24 |         24 |       0 |    0 |     0 |      0 |      0 |    0 |          0 |
|                                 FLT_TO_FLT_OP.SPD.OP                                                             |                                                                                     split_d_system_fsa_0_0_flt_to_flt_conv_700 |         24 |         24 |       0 |    0 |     0 |      0 |      0 |    0 |          0 |
|                                   EXP                                                                            |                                                                                 split_d_system_fsa_0_0_flt_to_flt_conv_exp_701 |          6 |          6 |       0 |    0 |     0 |      0 |      0 |    0 |          0 |
|                                     COND_DET                                                                     |                                                                                      split_d_system_fsa_0_0_special_detect_711 |          6 |          6 |       0 |    0 |     0 |      0 |      0 |    0 |          0 |
|                                       MANT_CARRY.MANT_ALL_ZERO_DET                                               |                                                                                       split_d_system_fsa_0_0_compare_eq_im_712 |          6 |          6 |       0 |    0 |     0 |      0 |      0 |    0 |          0 |
|                                         (MANT_CARRY.MANT_ALL_ZERO_DET)                                           |                                                                                       split_d_system_fsa_0_0_compare_eq_im_712 |          2 |          2 |       0 |    0 |     0 |      0 |      0 |    0 |          0 |
|                                         CARRY_ZERO_DET                                                           |                                                                                         split_d_system_fsa_0_0_carry_chain_713 |          4 |          4 |       0 |    0 |     0 |      0 |      0 |    0 |          0 |
|                                   OUTPUT                                                                         |                                                                                          split_d_system_fsa_0_0_flt_dec_op_702 |          3 |          3 |       0 |    0 |     0 |      0 |      0 |    0 |          0 |
|                                   RND_REQ.ROUND                                                                  |                                                                              split_d_system_fsa_0_0_renorm_and_round_logic_703 |         13 |         13 |       0 |    0 |     0 |      0 |      0 |    0 |          0 |
|                                     EXP_ADD.ADD                                                                  |                                                                         split_d_system_fsa_0_0_carry_chain__parameterized4_706 |          6 |          6 |       0 |    0 |     0 |      0 |      0 |    0 |          0 |
|                                     LOGIC.RND1                                                                   |                                                                         split_d_system_fsa_0_0_carry_chain__parameterized2_707 |          3 |          3 |       0 |    0 |     0 |      0 |      0 |    0 |          0 |
|                                     LOGIC.RND2                                                                   |                                                                         split_d_system_fsa_0_0_carry_chain__parameterized3_708 |          3 |          3 |       0 |    0 |     0 |      0 |      0 |    0 |          0 |
|                                     RND_BIT_GEN                                                                  |                                                                                       split_d_system_fsa_0_0_flt_round_bit_709 |          1 |          1 |       0 |    0 |     0 |      0 |      0 |    0 |          0 |
|                                       NORM_1_OR_0.STRUCT_REQ.SPECIAL.RND_CHAIN                                   |                                                                         split_d_system_fsa_0_0_carry_chain__parameterized1_710 |          1 |          1 |       0 |    0 |     0 |      0 |      0 |    0 |          0 |
|                                   RND_REQ.Z_DET_REQ.DET_ZERO                                                     |                                                                                       split_d_system_fsa_0_0_compare_ne_im_704 |          2 |          2 |       0 |    0 |     0 |      0 |      0 |    0 |          0 |
|                                     WIDE_NOR                                                                     |                                                                         split_d_system_fsa_0_0_carry_chain__parameterized0_705 |          2 |          2 |       0 |    0 |     0 |      0 |      0 |    0 |          0 |
|                     grp_runQueryBlock_0_Pipeline_VITIS_LOOP_300_25_fu_772                                        |                                           split_d_system_fsa_0_0_fsa_stream_split_d_runQueryBlock_0_Pipeline_VITIS_LOOP_300_25 |        372 |        369 |       0 |    3 |   441 |      0 |      0 |    0 |          0 |
|                       (grp_runQueryBlock_0_Pipeline_VITIS_LOOP_300_25_fu_772)                                    |                                           split_d_system_fsa_0_0_fsa_stream_split_d_runQueryBlock_0_Pipeline_VITIS_LOOP_300_25 |         19 |         16 |       0 |    3 |   403 |      0 |      0 |    0 |          0 |
|                       flow_control_loop_pipe_sequential_init_U                                                   |                                           split_d_system_fsa_0_0_fsa_stream_split_d_flow_control_loop_pipe_sequential_init_628 |         43 |         43 |       0 |    0 |     2 |      0 |      0 |    0 |          0 |
|                       fsa_anonymous_namespace_EXP2_PWL_INTERCEPT_BITS_U                                          | split_d_system_fsa_0_0_fsa_stream_split_d_runQueryBlock_0_Pipeline_VITIS_LOOP_300_25_fsa_anonymous_namespace_EXP2_PWL_IeOg_629 |         12 |         12 |       0 |    0 |    24 |      0 |      0 |    0 |          0 |
|                       fsa_split_d_detail_EXP2_SLOPES_U                                                           | split_d_system_fsa_0_0_fsa_stream_split_d_runQueryBlock_0_Pipeline_VITIS_LOOP_300_25_fsa_split_d_detail_EXP2_SLOPES_ROMdEe_630 |         49 |         49 |       0 |    0 |    12 |      0 |      0 |    0 |          0 |
|                       hptosp_16ns_32_1_no_dsp_1_U365                                                             |                                                        split_d_system_fsa_0_0_fsa_stream_split_d_hptosp_16ns_32_1_no_dsp_1_631 |         31 |         31 |       0 |    0 |     0 |      0 |      0 |    0 |          0 |
|                         fsa_stream_split_d_hptosp_16ns_32_1_no_dsp_1_ip_u                                        |                                                     split_d_system_fsa_0_0_fsa_stream_split_d_hptosp_16ns_32_1_no_dsp_1_ip_688 |         31 |         31 |       0 |    0 |     0 |      0 |      0 |    0 |          0 |
|                           (fsa_stream_split_d_hptosp_16ns_32_1_no_dsp_1_ip_u)                                    |                                                     split_d_system_fsa_0_0_fsa_stream_split_d_hptosp_16ns_32_1_no_dsp_1_ip_688 |         16 |         16 |       0 |    0 |     0 |      0 |      0 |    0 |          0 |
|                           inst                                                                                   |                                                               split_d_system_fsa_0_0_floating_point_v7_1_19__parameterized0__1 |         15 |         15 |       0 |    0 |     0 |      0 |      0 |    0 |          0 |
|                             i_synth                                                                              |                                                           split_d_system_fsa_0_0_floating_point_v7_1_19_viv__parameterized1__1 |         15 |         15 |       0 |    0 |     0 |      0 |      0 |    0 |          0 |
|                               (i_synth)                                                                          |                                                           split_d_system_fsa_0_0_floating_point_v7_1_19_viv__parameterized1__1 |          1 |          1 |       0 |    0 |     0 |      0 |      0 |    0 |          0 |
|                               FLT_TO_FLT_OP.SPD.OP                                                               |                                                                     split_d_system_fsa_0_0_flt_to_flt_conv__parameterized0_689 |         15 |         15 |       0 |    0 |     0 |      0 |      0 |    0 |          0 |
|                                 EXP                                                                              |                                                                 split_d_system_fsa_0_0_flt_to_flt_conv_exp__parameterized0_690 |          4 |          4 |       0 |    0 |     0 |      0 |      0 |    0 |          0 |
|                                   COND_DET                                                                       |                                                                      split_d_system_fsa_0_0_special_detect__parameterized0_692 |          4 |          4 |       0 |    0 |     0 |      0 |      0 |    0 |          0 |
|                                     MANT_CARRY.MANT_ALL_ZERO_DET                                                 |                                                                       split_d_system_fsa_0_0_compare_eq_im__parameterized0_693 |          4 |          4 |       0 |    0 |     0 |      0 |      0 |    0 |          0 |
|                                       CARRY_ZERO_DET                                                             |                                                                         split_d_system_fsa_0_0_carry_chain__parameterized5_694 |          4 |          4 |       0 |    0 |     0 |      0 |      0 |    0 |          0 |
|                                 OUTPUT                                                                           |                                                                          split_d_system_fsa_0_0_flt_dec_op__parameterized0_691 |         11 |         11 |       0 |    0 |     0 |      0 |      0 |    0 |          0 |
|                       hptosp_16ns_32_1_no_dsp_1_U366                                                             |                                                        split_d_system_fsa_0_0_fsa_stream_split_d_hptosp_16ns_32_1_no_dsp_1_632 |         31 |         31 |       0 |    0 |     0 |      0 |      0 |    0 |          0 |
|                         fsa_stream_split_d_hptosp_16ns_32_1_no_dsp_1_ip_u                                        |                                                     split_d_system_fsa_0_0_fsa_stream_split_d_hptosp_16ns_32_1_no_dsp_1_ip_681 |         31 |         31 |       0 |    0 |     0 |      0 |      0 |    0 |          0 |
|                           (fsa_stream_split_d_hptosp_16ns_32_1_no_dsp_1_ip_u)                                    |                                                     split_d_system_fsa_0_0_fsa_stream_split_d_hptosp_16ns_32_1_no_dsp_1_ip_681 |         16 |         16 |       0 |    0 |     0 |      0 |      0 |    0 |          0 |
|                           inst                                                                                   |                                                               split_d_system_fsa_0_0_floating_point_v7_1_19__parameterized0__2 |         15 |         15 |       0 |    0 |     0 |      0 |      0 |    0 |          0 |
|                             i_synth                                                                              |                                                           split_d_system_fsa_0_0_floating_point_v7_1_19_viv__parameterized1__2 |         15 |         15 |       0 |    0 |     0 |      0 |      0 |    0 |          0 |
|                               (i_synth)                                                                          |                                                           split_d_system_fsa_0_0_floating_point_v7_1_19_viv__parameterized1__2 |          1 |          1 |       0 |    0 |     0 |      0 |      0 |    0 |          0 |
|                               FLT_TO_FLT_OP.SPD.OP                                                               |                                                                     split_d_system_fsa_0_0_flt_to_flt_conv__parameterized0_682 |         15 |         15 |       0 |    0 |     0 |      0 |      0 |    0 |          0 |
|                                 EXP                                                                              |                                                                 split_d_system_fsa_0_0_flt_to_flt_conv_exp__parameterized0_683 |          4 |          4 |       0 |    0 |     0 |      0 |      0 |    0 |          0 |
|                                   COND_DET                                                                       |                                                                      split_d_system_fsa_0_0_special_detect__parameterized0_685 |          4 |          4 |       0 |    0 |     0 |      0 |      0 |    0 |          0 |
|                                     MANT_CARRY.MANT_ALL_ZERO_DET                                                 |                                                                       split_d_system_fsa_0_0_compare_eq_im__parameterized0_686 |          4 |          4 |       0 |    0 |     0 |      0 |      0 |    0 |          0 |
|                                       CARRY_ZERO_DET                                                             |                                                                         split_d_system_fsa_0_0_carry_chain__parameterized5_687 |          4 |          4 |       0 |    0 |     0 |      0 |      0 |    0 |          0 |
|                                 OUTPUT                                                                           |                                                                          split_d_system_fsa_0_0_flt_dec_op__parameterized0_684 |         11 |         11 |       0 |    0 |     0 |      0 |      0 |    0 |          0 |
|                       hptosp_16ns_32_1_no_dsp_1_U367                                                             |                                                        split_d_system_fsa_0_0_fsa_stream_split_d_hptosp_16ns_32_1_no_dsp_1_633 |         32 |         32 |       0 |    0 |     0 |      0 |      0 |    0 |          0 |
|                         fsa_stream_split_d_hptosp_16ns_32_1_no_dsp_1_ip_u                                        |                                                     split_d_system_fsa_0_0_fsa_stream_split_d_hptosp_16ns_32_1_no_dsp_1_ip_674 |         32 |         32 |       0 |    0 |     0 |      0 |      0 |    0 |          0 |
|                           (fsa_stream_split_d_hptosp_16ns_32_1_no_dsp_1_ip_u)                                    |                                                     split_d_system_fsa_0_0_fsa_stream_split_d_hptosp_16ns_32_1_no_dsp_1_ip_674 |         17 |         17 |       0 |    0 |     0 |      0 |      0 |    0 |          0 |
|                           inst                                                                                   |                                                               split_d_system_fsa_0_0_floating_point_v7_1_19__parameterized0__3 |         15 |         15 |       0 |    0 |     0 |      0 |      0 |    0 |          0 |
|                             i_synth                                                                              |                                                           split_d_system_fsa_0_0_floating_point_v7_1_19_viv__parameterized1__3 |         15 |         15 |       0 |    0 |     0 |      0 |      0 |    0 |          0 |
|                               (i_synth)                                                                          |                                                           split_d_system_fsa_0_0_floating_point_v7_1_19_viv__parameterized1__3 |          1 |          1 |       0 |    0 |     0 |      0 |      0 |    0 |          0 |
|                               FLT_TO_FLT_OP.SPD.OP                                                               |                                                                     split_d_system_fsa_0_0_flt_to_flt_conv__parameterized0_675 |         15 |         15 |       0 |    0 |     0 |      0 |      0 |    0 |          0 |
|                                 EXP                                                                              |                                                                 split_d_system_fsa_0_0_flt_to_flt_conv_exp__parameterized0_676 |          4 |          4 |       0 |    0 |     0 |      0 |      0 |    0 |          0 |
|                                   COND_DET                                                                       |                                                                      split_d_system_fsa_0_0_special_detect__parameterized0_678 |          4 |          4 |       0 |    0 |     0 |      0 |      0 |    0 |          0 |
|                                     MANT_CARRY.MANT_ALL_ZERO_DET                                                 |                                                                       split_d_system_fsa_0_0_compare_eq_im__parameterized0_679 |          4 |          4 |       0 |    0 |     0 |      0 |      0 |    0 |          0 |
|                                       CARRY_ZERO_DET                                                             |                                                                         split_d_system_fsa_0_0_carry_chain__parameterized5_680 |          4 |          4 |       0 |    0 |     0 |      0 |      0 |    0 |          0 |
|                                 OUTPUT                                                                           |                                                                          split_d_system_fsa_0_0_flt_dec_op__parameterized0_677 |         11 |         11 |       0 |    0 |     0 |      0 |      0 |    0 |          0 |
|                       hptosp_16ns_32_1_no_dsp_1_U368                                                             |                                                        split_d_system_fsa_0_0_fsa_stream_split_d_hptosp_16ns_32_1_no_dsp_1_634 |         31 |         31 |       0 |    0 |     0 |      0 |      0 |    0 |          0 |
|                         fsa_stream_split_d_hptosp_16ns_32_1_no_dsp_1_ip_u                                        |                                                     split_d_system_fsa_0_0_fsa_stream_split_d_hptosp_16ns_32_1_no_dsp_1_ip_667 |         31 |         31 |       0 |    0 |     0 |      0 |      0 |    0 |          0 |
|                           (fsa_stream_split_d_hptosp_16ns_32_1_no_dsp_1_ip_u)                                    |                                                     split_d_system_fsa_0_0_fsa_stream_split_d_hptosp_16ns_32_1_no_dsp_1_ip_667 |         16 |         16 |       0 |    0 |     0 |      0 |      0 |    0 |          0 |
|                           inst                                                                                   |                                                               split_d_system_fsa_0_0_floating_point_v7_1_19__parameterized0__4 |         15 |         15 |       0 |    0 |     0 |      0 |      0 |    0 |          0 |
|                             i_synth                                                                              |                                                           split_d_system_fsa_0_0_floating_point_v7_1_19_viv__parameterized1__4 |         15 |         15 |       0 |    0 |     0 |      0 |      0 |    0 |          0 |
|                               (i_synth)                                                                          |                                                           split_d_system_fsa_0_0_floating_point_v7_1_19_viv__parameterized1__4 |          1 |          1 |       0 |    0 |     0 |      0 |      0 |    0 |          0 |
|                               FLT_TO_FLT_OP.SPD.OP                                                               |                                                                     split_d_system_fsa_0_0_flt_to_flt_conv__parameterized0_668 |         15 |         15 |       0 |    0 |     0 |      0 |      0 |    0 |          0 |
|                                 EXP                                                                              |                                                                 split_d_system_fsa_0_0_flt_to_flt_conv_exp__parameterized0_669 |          4 |          4 |       0 |    0 |     0 |      0 |      0 |    0 |          0 |
|                                   COND_DET                                                                       |                                                                      split_d_system_fsa_0_0_special_detect__parameterized0_671 |          4 |          4 |       0 |    0 |     0 |      0 |      0 |    0 |          0 |
|                                     MANT_CARRY.MANT_ALL_ZERO_DET                                                 |                                                                       split_d_system_fsa_0_0_compare_eq_im__parameterized0_672 |          4 |          4 |       0 |    0 |     0 |      0 |      0 |    0 |          0 |
|                                       CARRY_ZERO_DET                                                             |                                                                         split_d_system_fsa_0_0_carry_chain__parameterized5_673 |          4 |          4 |       0 |    0 |     0 |      0 |      0 |    0 |          0 |
|                                 OUTPUT                                                                           |                                                                          split_d_system_fsa_0_0_flt_dec_op__parameterized0_670 |         11 |         11 |       0 |    0 |     0 |      0 |      0 |    0 |          0 |
|                       hptosp_16ns_32_1_no_dsp_1_U369                                                             |                                                        split_d_system_fsa_0_0_fsa_stream_split_d_hptosp_16ns_32_1_no_dsp_1_635 |         31 |         31 |       0 |    0 |     0 |      0 |      0 |    0 |          0 |
|                         fsa_stream_split_d_hptosp_16ns_32_1_no_dsp_1_ip_u                                        |                                                     split_d_system_fsa_0_0_fsa_stream_split_d_hptosp_16ns_32_1_no_dsp_1_ip_660 |         31 |         31 |       0 |    0 |     0 |      0 |      0 |    0 |          0 |
|                           (fsa_stream_split_d_hptosp_16ns_32_1_no_dsp_1_ip_u)                                    |                                                     split_d_system_fsa_0_0_fsa_stream_split_d_hptosp_16ns_32_1_no_dsp_1_ip_660 |         16 |         16 |       0 |    0 |     0 |      0 |      0 |    0 |          0 |
|                           inst                                                                                   |                                                               split_d_system_fsa_0_0_floating_point_v7_1_19__parameterized0__5 |         15 |         15 |       0 |    0 |     0 |      0 |      0 |    0 |          0 |
|                             i_synth                                                                              |                                                           split_d_system_fsa_0_0_floating_point_v7_1_19_viv__parameterized1__5 |         15 |         15 |       0 |    0 |     0 |      0 |      0 |    0 |          0 |
|                               (i_synth)                                                                          |                                                           split_d_system_fsa_0_0_floating_point_v7_1_19_viv__parameterized1__5 |          1 |          1 |       0 |    0 |     0 |      0 |      0 |    0 |          0 |
|                               FLT_TO_FLT_OP.SPD.OP                                                               |                                                                     split_d_system_fsa_0_0_flt_to_flt_conv__parameterized0_661 |         15 |         15 |       0 |    0 |     0 |      0 |      0 |    0 |          0 |
|                                 EXP                                                                              |                                                                 split_d_system_fsa_0_0_flt_to_flt_conv_exp__parameterized0_662 |          4 |          4 |       0 |    0 |     0 |      0 |      0 |    0 |          0 |
|                                   COND_DET                                                                       |                                                                      split_d_system_fsa_0_0_special_detect__parameterized0_664 |          4 |          4 |       0 |    0 |     0 |      0 |      0 |    0 |          0 |
|                                     MANT_CARRY.MANT_ALL_ZERO_DET                                                 |                                                                       split_d_system_fsa_0_0_compare_eq_im__parameterized0_665 |          4 |          4 |       0 |    0 |     0 |      0 |      0 |    0 |          0 |
|                                       CARRY_ZERO_DET                                                             |                                                                         split_d_system_fsa_0_0_carry_chain__parameterized5_666 |          4 |          4 |       0 |    0 |     0 |      0 |      0 |    0 |          0 |
|                                 OUTPUT                                                                           |                                                                          split_d_system_fsa_0_0_flt_dec_op__parameterized0_663 |         11 |         11 |       0 |    0 |     0 |      0 |      0 |    0 |          0 |
|                       hptosp_16ns_32_1_no_dsp_1_U370                                                             |                                                        split_d_system_fsa_0_0_fsa_stream_split_d_hptosp_16ns_32_1_no_dsp_1_636 |         31 |         31 |       0 |    0 |     0 |      0 |      0 |    0 |          0 |
|                         fsa_stream_split_d_hptosp_16ns_32_1_no_dsp_1_ip_u                                        |                                                     split_d_system_fsa_0_0_fsa_stream_split_d_hptosp_16ns_32_1_no_dsp_1_ip_653 |         31 |         31 |       0 |    0 |     0 |      0 |      0 |    0 |          0 |
|                           (fsa_stream_split_d_hptosp_16ns_32_1_no_dsp_1_ip_u)                                    |                                                     split_d_system_fsa_0_0_fsa_stream_split_d_hptosp_16ns_32_1_no_dsp_1_ip_653 |         16 |         16 |       0 |    0 |     0 |      0 |      0 |    0 |          0 |
|                           inst                                                                                   |                                                               split_d_system_fsa_0_0_floating_point_v7_1_19__parameterized0__6 |         15 |         15 |       0 |    0 |     0 |      0 |      0 |    0 |          0 |
|                             i_synth                                                                              |                                                           split_d_system_fsa_0_0_floating_point_v7_1_19_viv__parameterized1__6 |         15 |         15 |       0 |    0 |     0 |      0 |      0 |    0 |          0 |
|                               (i_synth)                                                                          |                                                           split_d_system_fsa_0_0_floating_point_v7_1_19_viv__parameterized1__6 |          1 |          1 |       0 |    0 |     0 |      0 |      0 |    0 |          0 |
|                               FLT_TO_FLT_OP.SPD.OP                                                               |                                                                     split_d_system_fsa_0_0_flt_to_flt_conv__parameterized0_654 |         15 |         15 |       0 |    0 |     0 |      0 |      0 |    0 |          0 |
|                                 EXP                                                                              |                                                                 split_d_system_fsa_0_0_flt_to_flt_conv_exp__parameterized0_655 |          4 |          4 |       0 |    0 |     0 |      0 |      0 |    0 |          0 |
|                                   COND_DET                                                                       |                                                                      split_d_system_fsa_0_0_special_detect__parameterized0_657 |          4 |          4 |       0 |    0 |     0 |      0 |      0 |    0 |          0 |
|                                     MANT_CARRY.MANT_ALL_ZERO_DET                                                 |                                                                       split_d_system_fsa_0_0_compare_eq_im__parameterized0_658 |          4 |          4 |       0 |    0 |     0 |      0 |      0 |    0 |          0 |
|                                       CARRY_ZERO_DET                                                             |                                                                         split_d_system_fsa_0_0_carry_chain__parameterized5_659 |          4 |          4 |       0 |    0 |     0 |      0 |      0 |    0 |          0 |
|                                 OUTPUT                                                                           |                                                                          split_d_system_fsa_0_0_flt_dec_op__parameterized0_656 |         11 |         11 |       0 |    0 |     0 |      0 |      0 |    0 |          0 |
|                       hptosp_16ns_32_1_no_dsp_1_U371                                                             |                                                        split_d_system_fsa_0_0_fsa_stream_split_d_hptosp_16ns_32_1_no_dsp_1_637 |         31 |         31 |       0 |    0 |     0 |      0 |      0 |    0 |          0 |
|                         fsa_stream_split_d_hptosp_16ns_32_1_no_dsp_1_ip_u                                        |                                                     split_d_system_fsa_0_0_fsa_stream_split_d_hptosp_16ns_32_1_no_dsp_1_ip_646 |         31 |         31 |       0 |    0 |     0 |      0 |      0 |    0 |          0 |
|                           (fsa_stream_split_d_hptosp_16ns_32_1_no_dsp_1_ip_u)                                    |                                                     split_d_system_fsa_0_0_fsa_stream_split_d_hptosp_16ns_32_1_no_dsp_1_ip_646 |         16 |         16 |       0 |    0 |     0 |      0 |      0 |    0 |          0 |
|                           inst                                                                                   |                                                               split_d_system_fsa_0_0_floating_point_v7_1_19__parameterized0__7 |         15 |         15 |       0 |    0 |     0 |      0 |      0 |    0 |          0 |
|                             i_synth                                                                              |                                                           split_d_system_fsa_0_0_floating_point_v7_1_19_viv__parameterized1__7 |         15 |         15 |       0 |    0 |     0 |      0 |      0 |    0 |          0 |
|                               (i_synth)                                                                          |                                                           split_d_system_fsa_0_0_floating_point_v7_1_19_viv__parameterized1__7 |          1 |          1 |       0 |    0 |     0 |      0 |      0 |    0 |          0 |
|                               FLT_TO_FLT_OP.SPD.OP                                                               |                                                                     split_d_system_fsa_0_0_flt_to_flt_conv__parameterized0_647 |         15 |         15 |       0 |    0 |     0 |      0 |      0 |    0 |          0 |
|                                 EXP                                                                              |                                                                 split_d_system_fsa_0_0_flt_to_flt_conv_exp__parameterized0_648 |          4 |          4 |       0 |    0 |     0 |      0 |      0 |    0 |          0 |
|                                   COND_DET                                                                       |                                                                      split_d_system_fsa_0_0_special_detect__parameterized0_650 |          4 |          4 |       0 |    0 |     0 |      0 |      0 |    0 |          0 |
|                                     MANT_CARRY.MANT_ALL_ZERO_DET                                                 |                                                                       split_d_system_fsa_0_0_compare_eq_im__parameterized0_651 |          4 |          4 |       0 |    0 |     0 |      0 |      0 |    0 |          0 |
|                                       CARRY_ZERO_DET                                                             |                                                                         split_d_system_fsa_0_0_carry_chain__parameterized5_652 |          4 |          4 |       0 |    0 |     0 |      0 |      0 |    0 |          0 |
|                                 OUTPUT                                                                           |                                                                          split_d_system_fsa_0_0_flt_dec_op__parameterized0_649 |         11 |         11 |       0 |    0 |     0 |      0 |      0 |    0 |          0 |
|                       hptosp_16ns_32_1_no_dsp_1_U372                                                             |                                                        split_d_system_fsa_0_0_fsa_stream_split_d_hptosp_16ns_32_1_no_dsp_1_638 |         31 |         31 |       0 |    0 |     0 |      0 |      0 |    0 |          0 |
|                         fsa_stream_split_d_hptosp_16ns_32_1_no_dsp_1_ip_u                                        |                                                     split_d_system_fsa_0_0_fsa_stream_split_d_hptosp_16ns_32_1_no_dsp_1_ip_639 |         31 |         31 |       0 |    0 |     0 |      0 |      0 |    0 |          0 |
|                           (fsa_stream_split_d_hptosp_16ns_32_1_no_dsp_1_ip_u)                                    |                                                     split_d_system_fsa_0_0_fsa_stream_split_d_hptosp_16ns_32_1_no_dsp_1_ip_639 |         16 |         16 |       0 |    0 |     0 |      0 |      0 |    0 |          0 |
|                           inst                                                                                   |                                                               split_d_system_fsa_0_0_floating_point_v7_1_19__parameterized0__8 |         15 |         15 |       0 |    0 |     0 |      0 |      0 |    0 |          0 |
|                             i_synth                                                                              |                                                           split_d_system_fsa_0_0_floating_point_v7_1_19_viv__parameterized1__8 |         15 |         15 |       0 |    0 |     0 |      0 |      0 |    0 |          0 |
|                               (i_synth)                                                                          |                                                           split_d_system_fsa_0_0_floating_point_v7_1_19_viv__parameterized1__8 |          1 |          1 |       0 |    0 |     0 |      0 |      0 |    0 |          0 |
|                               FLT_TO_FLT_OP.SPD.OP                                                               |                                                                     split_d_system_fsa_0_0_flt_to_flt_conv__parameterized0_640 |         15 |         15 |       0 |    0 |     0 |      0 |      0 |    0 |          0 |
|                                 EXP                                                                              |                                                                 split_d_system_fsa_0_0_flt_to_flt_conv_exp__parameterized0_641 |          4 |          4 |       0 |    0 |     0 |      0 |      0 |    0 |          0 |
|                                   COND_DET                                                                       |                                                                      split_d_system_fsa_0_0_special_detect__parameterized0_643 |          4 |          4 |       0 |    0 |     0 |      0 |      0 |    0 |          0 |
|                                     MANT_CARRY.MANT_ALL_ZERO_DET                                                 |                                                                       split_d_system_fsa_0_0_compare_eq_im__parameterized0_644 |          4 |          4 |       0 |    0 |     0 |      0 |      0 |    0 |          0 |
|                                       CARRY_ZERO_DET                                                             |                                                                         split_d_system_fsa_0_0_carry_chain__parameterized5_645 |          4 |          4 |       0 |    0 |     0 |      0 |      0 |    0 |          0 |
|                                 OUTPUT                                                                           |                                                                          split_d_system_fsa_0_0_flt_dec_op__parameterized0_642 |         11 |         11 |       0 |    0 |     0 |      0 |      0 |    0 |          0 |
|                     grp_runQueryBlock_0_Pipeline_VITIS_LOOP_369_33_fu_842                                        |                                           split_d_system_fsa_0_0_fsa_stream_split_d_runQueryBlock_0_Pipeline_VITIS_LOOP_369_33 |       1850 |       1830 |       0 |   20 |   980 |      0 |      0 |    0 |          0 |
|                       (grp_runQueryBlock_0_Pipeline_VITIS_LOOP_369_33_fu_842)                                    |                                           split_d_system_fsa_0_0_fsa_stream_split_d_runQueryBlock_0_Pipeline_VITIS_LOOP_369_33 |       1842 |       1822 |       0 |   20 |   978 |      0 |      0 |    0 |          0 |
|                       flow_control_loop_pipe_sequential_init_U                                                   |                                           split_d_system_fsa_0_0_fsa_stream_split_d_flow_control_loop_pipe_sequential_init_627 |         13 |         13 |       0 |    0 |     2 |      0 |      0 |    0 |          0 |
|                     k_tile_16_U                                                                                  |                     split_d_system_fsa_0_0_fsa_stream_split_d_runQueryBlock_0_Outline_VITIS_LOOP_117_5_v_tile_30_RAM_AUTO_1R1W |          8 |          0 |       8 |    0 |    16 |      0 |      0 |    0 |          0 |
|                     k_tile_17_U                                                                                  |                 split_d_system_fsa_0_0_fsa_stream_split_d_runQueryBlock_0_Outline_VITIS_LOOP_117_5_v_tile_30_RAM_AUTO_1R1W_468 |          8 |          0 |       8 |    0 |    16 |      0 |      0 |    0 |          0 |
|                     k_tile_18_U                                                                                  |                 split_d_system_fsa_0_0_fsa_stream_split_d_runQueryBlock_0_Outline_VITIS_LOOP_117_5_v_tile_30_RAM_AUTO_1R1W_469 |          8 |          0 |       8 |    0 |    16 |      0 |      0 |    0 |          0 |
|                     k_tile_19_U                                                                                  |                 split_d_system_fsa_0_0_fsa_stream_split_d_runQueryBlock_0_Outline_VITIS_LOOP_117_5_v_tile_30_RAM_AUTO_1R1W_470 |          8 |          0 |       8 |    0 |    16 |      0 |      0 |    0 |          0 |
|                     k_tile_20_U                                                                                  |                 split_d_system_fsa_0_0_fsa_stream_split_d_runQueryBlock_0_Outline_VITIS_LOOP_117_5_v_tile_30_RAM_AUTO_1R1W_471 |          8 |          0 |       8 |    0 |    16 |      0 |      0 |    0 |          0 |
|                     k_tile_21_U                                                                                  |                 split_d_system_fsa_0_0_fsa_stream_split_d_runQueryBlock_0_Outline_VITIS_LOOP_117_5_v_tile_30_RAM_AUTO_1R1W_472 |          8 |          0 |       8 |    0 |    16 |      0 |      0 |    0 |          0 |
|                     k_tile_22_U                                                                                  |                 split_d_system_fsa_0_0_fsa_stream_split_d_runQueryBlock_0_Outline_VITIS_LOOP_117_5_v_tile_30_RAM_AUTO_1R1W_473 |          8 |          0 |       8 |    0 |    16 |      0 |      0 |    0 |          0 |
|                     k_tile_23_U                                                                                  |                 split_d_system_fsa_0_0_fsa_stream_split_d_runQueryBlock_0_Outline_VITIS_LOOP_117_5_v_tile_30_RAM_AUTO_1R1W_474 |          8 |          0 |       8 |    0 |    16 |      0 |      0 |    0 |          0 |
|                     k_tile_24_U                                                                                  |                 split_d_system_fsa_0_0_fsa_stream_split_d_runQueryBlock_0_Outline_VITIS_LOOP_117_5_v_tile_30_RAM_AUTO_1R1W_475 |          8 |          0 |       8 |    0 |    16 |      0 |      0 |    0 |          0 |
|                     k_tile_25_U                                                                                  |                 split_d_system_fsa_0_0_fsa_stream_split_d_runQueryBlock_0_Outline_VITIS_LOOP_117_5_v_tile_30_RAM_AUTO_1R1W_476 |          8 |          0 |       8 |    0 |    16 |      0 |      0 |    0 |          0 |
|                     k_tile_26_U                                                                                  |                 split_d_system_fsa_0_0_fsa_stream_split_d_runQueryBlock_0_Outline_VITIS_LOOP_117_5_v_tile_30_RAM_AUTO_1R1W_477 |          8 |          0 |       8 |    0 |    16 |      0 |      0 |    0 |          0 |
|                     k_tile_27_U                                                                                  |                 split_d_system_fsa_0_0_fsa_stream_split_d_runQueryBlock_0_Outline_VITIS_LOOP_117_5_v_tile_30_RAM_AUTO_1R1W_478 |          8 |          0 |       8 |    0 |    16 |      0 |      0 |    0 |          0 |
|                     k_tile_28_U                                                                                  |                 split_d_system_fsa_0_0_fsa_stream_split_d_runQueryBlock_0_Outline_VITIS_LOOP_117_5_v_tile_30_RAM_AUTO_1R1W_479 |          8 |          0 |       8 |    0 |    16 |      0 |      0 |    0 |          0 |
|                     k_tile_29_U                                                                                  |                 split_d_system_fsa_0_0_fsa_stream_split_d_runQueryBlock_0_Outline_VITIS_LOOP_117_5_v_tile_30_RAM_AUTO_1R1W_480 |          8 |          0 |       8 |    0 |    16 |      0 |      0 |    0 |          0 |
|                     k_tile_30_U                                                                                  |                 split_d_system_fsa_0_0_fsa_stream_split_d_runQueryBlock_0_Outline_VITIS_LOOP_117_5_v_tile_30_RAM_AUTO_1R1W_481 |          8 |          0 |       8 |    0 |    16 |      0 |      0 |    0 |          0 |
|                     k_tile_U                                                                                     |                 split_d_system_fsa_0_0_fsa_stream_split_d_runQueryBlock_0_Outline_VITIS_LOOP_117_5_v_tile_30_RAM_AUTO_1R1W_482 |          8 |          0 |       8 |    0 |    16 |      0 |      0 |    0 |          0 |
|                     sptohp_32ns_16_1_no_dsp_1_U480                                                               |                                                        split_d_system_fsa_0_0_fsa_stream_split_d_sptohp_32ns_16_1_no_dsp_1_483 |         24 |         24 |       0 |    0 |     0 |      0 |      0 |    0 |          0 |
|                       fsa_stream_split_d_sptohp_32ns_16_1_no_dsp_1_ip_u                                          |                                                     split_d_system_fsa_0_0_fsa_stream_split_d_sptohp_32ns_16_1_no_dsp_1_ip_612 |         24 |         24 |       0 |    0 |     0 |      0 |      0 |    0 |          0 |
|                         inst                                                                                     |                                                                               split_d_system_fsa_0_0_floating_point_v7_1_19__2 |         24 |         24 |       0 |    0 |     0 |      0 |      0 |    0 |          0 |
|                           i_synth                                                                                |                                                                           split_d_system_fsa_0_0_floating_point_v7_1_19_viv__2 |         24 |         24 |       0 |    0 |     0 |      0 |      0 |    0 |          0 |
|                             FLT_TO_FLT_OP.SPD.OP                                                                 |                                                                                     split_d_system_fsa_0_0_flt_to_flt_conv_613 |         24 |         24 |       0 |    0 |     0 |      0 |      0 |    0 |          0 |
|                               EXP                                                                                |                                                                                 split_d_system_fsa_0_0_flt_to_flt_conv_exp_614 |          6 |          6 |       0 |    0 |     0 |      0 |      0 |    0 |          0 |
|                                 COND_DET                                                                         |                                                                                      split_d_system_fsa_0_0_special_detect_624 |          6 |          6 |       0 |    0 |     0 |      0 |      0 |    0 |          0 |
|                                   MANT_CARRY.MANT_ALL_ZERO_DET                                                   |                                                                                       split_d_system_fsa_0_0_compare_eq_im_625 |          6 |          6 |       0 |    0 |     0 |      0 |      0 |    0 |          0 |
|                                     (MANT_CARRY.MANT_ALL_ZERO_DET)                                               |                                                                                       split_d_system_fsa_0_0_compare_eq_im_625 |          2 |          2 |       0 |    0 |     0 |      0 |      0 |    0 |          0 |
|                                     CARRY_ZERO_DET                                                               |                                                                                         split_d_system_fsa_0_0_carry_chain_626 |          4 |          4 |       0 |    0 |     0 |      0 |      0 |    0 |          0 |
|                               OUTPUT                                                                             |                                                                                          split_d_system_fsa_0_0_flt_dec_op_615 |          3 |          3 |       0 |    0 |     0 |      0 |      0 |    0 |          0 |
|                               RND_REQ.ROUND                                                                      |                                                                              split_d_system_fsa_0_0_renorm_and_round_logic_616 |         13 |         13 |       0 |    0 |     0 |      0 |      0 |    0 |          0 |
|                                 EXP_ADD.ADD                                                                      |                                                                         split_d_system_fsa_0_0_carry_chain__parameterized4_619 |          6 |          6 |       0 |    0 |     0 |      0 |      0 |    0 |          0 |
|                                 LOGIC.RND1                                                                       |                                                                         split_d_system_fsa_0_0_carry_chain__parameterized2_620 |          3 |          3 |       0 |    0 |     0 |      0 |      0 |    0 |          0 |
|                                 LOGIC.RND2                                                                       |                                                                         split_d_system_fsa_0_0_carry_chain__parameterized3_621 |          3 |          3 |       0 |    0 |     0 |      0 |      0 |    0 |          0 |
|                                 RND_BIT_GEN                                                                      |                                                                                       split_d_system_fsa_0_0_flt_round_bit_622 |          1 |          1 |       0 |    0 |     0 |      0 |      0 |    0 |          0 |
|                                   NORM_1_OR_0.STRUCT_REQ.SPECIAL.RND_CHAIN                                       |                                                                         split_d_system_fsa_0_0_carry_chain__parameterized1_623 |          1 |          1 |       0 |    0 |     0 |      0 |      0 |    0 |          0 |
|                               RND_REQ.Z_DET_REQ.DET_ZERO                                                         |                                                                                       split_d_system_fsa_0_0_compare_ne_im_617 |          2 |          2 |       0 |    0 |     0 |      0 |      0 |    0 |          0 |
|                                 WIDE_NOR                                                                         |                                                                         split_d_system_fsa_0_0_carry_chain__parameterized0_618 |          2 |          2 |       0 |    0 |     0 |      0 |      0 |    0 |          0 |
|                     sptohp_32ns_16_1_no_dsp_1_U481                                                               |                                                        split_d_system_fsa_0_0_fsa_stream_split_d_sptohp_32ns_16_1_no_dsp_1_484 |         24 |         24 |       0 |    0 |     0 |      0 |      0 |    0 |          0 |
|                       fsa_stream_split_d_sptohp_32ns_16_1_no_dsp_1_ip_u                                          |                                                     split_d_system_fsa_0_0_fsa_stream_split_d_sptohp_32ns_16_1_no_dsp_1_ip_597 |         24 |         24 |       0 |    0 |     0 |      0 |      0 |    0 |          0 |
|                         inst                                                                                     |                                                                               split_d_system_fsa_0_0_floating_point_v7_1_19__3 |         24 |         24 |       0 |    0 |     0 |      0 |      0 |    0 |          0 |
|                           i_synth                                                                                |                                                                           split_d_system_fsa_0_0_floating_point_v7_1_19_viv__3 |         24 |         24 |       0 |    0 |     0 |      0 |      0 |    0 |          0 |
|                             FLT_TO_FLT_OP.SPD.OP                                                                 |                                                                                     split_d_system_fsa_0_0_flt_to_flt_conv_598 |         24 |         24 |       0 |    0 |     0 |      0 |      0 |    0 |          0 |
|                               EXP                                                                                |                                                                                 split_d_system_fsa_0_0_flt_to_flt_conv_exp_599 |          6 |          6 |       0 |    0 |     0 |      0 |      0 |    0 |          0 |
|                                 COND_DET                                                                         |                                                                                      split_d_system_fsa_0_0_special_detect_609 |          6 |          6 |       0 |    0 |     0 |      0 |      0 |    0 |          0 |
|                                   MANT_CARRY.MANT_ALL_ZERO_DET                                                   |                                                                                       split_d_system_fsa_0_0_compare_eq_im_610 |          6 |          6 |       0 |    0 |     0 |      0 |      0 |    0 |          0 |
|                                     (MANT_CARRY.MANT_ALL_ZERO_DET)                                               |                                                                                       split_d_system_fsa_0_0_compare_eq_im_610 |          2 |          2 |       0 |    0 |     0 |      0 |      0 |    0 |          0 |
|                                     CARRY_ZERO_DET                                                               |                                                                                         split_d_system_fsa_0_0_carry_chain_611 |          4 |          4 |       0 |    0 |     0 |      0 |      0 |    0 |          0 |
|                               OUTPUT                                                                             |                                                                                          split_d_system_fsa_0_0_flt_dec_op_600 |          3 |          3 |       0 |    0 |     0 |      0 |      0 |    0 |          0 |
|                               RND_REQ.ROUND                                                                      |                                                                              split_d_system_fsa_0_0_renorm_and_round_logic_601 |         13 |         13 |       0 |    0 |     0 |      0 |      0 |    0 |          0 |
|                                 EXP_ADD.ADD                                                                      |                                                                         split_d_system_fsa_0_0_carry_chain__parameterized4_604 |          6 |          6 |       0 |    0 |     0 |      0 |      0 |    0 |          0 |
|                                 LOGIC.RND1                                                                       |                                                                         split_d_system_fsa_0_0_carry_chain__parameterized2_605 |          3 |          3 |       0 |    0 |     0 |      0 |      0 |    0 |          0 |
|                                 LOGIC.RND2                                                                       |                                                                         split_d_system_fsa_0_0_carry_chain__parameterized3_606 |          3 |          3 |       0 |    0 |     0 |      0 |      0 |    0 |          0 |
|                                 RND_BIT_GEN                                                                      |                                                                                       split_d_system_fsa_0_0_flt_round_bit_607 |          1 |          1 |       0 |    0 |     0 |      0 |      0 |    0 |          0 |
|                                   NORM_1_OR_0.STRUCT_REQ.SPECIAL.RND_CHAIN                                       |                                                                         split_d_system_fsa_0_0_carry_chain__parameterized1_608 |          1 |          1 |       0 |    0 |     0 |      0 |      0 |    0 |          0 |
|                               RND_REQ.Z_DET_REQ.DET_ZERO                                                         |                                                                                       split_d_system_fsa_0_0_compare_ne_im_602 |          2 |          2 |       0 |    0 |     0 |      0 |      0 |    0 |          0 |
|                                 WIDE_NOR                                                                         |                                                                         split_d_system_fsa_0_0_carry_chain__parameterized0_603 |          2 |          2 |       0 |    0 |     0 |      0 |      0 |    0 |          0 |
|                     sptohp_32ns_16_1_no_dsp_1_U482                                                               |                                                        split_d_system_fsa_0_0_fsa_stream_split_d_sptohp_32ns_16_1_no_dsp_1_485 |         24 |         24 |       0 |    0 |     0 |      0 |      0 |    0 |          0 |
|                       fsa_stream_split_d_sptohp_32ns_16_1_no_dsp_1_ip_u                                          |                                                     split_d_system_fsa_0_0_fsa_stream_split_d_sptohp_32ns_16_1_no_dsp_1_ip_582 |         24 |         24 |       0 |    0 |     0 |      0 |      0 |    0 |          0 |
|                         inst                                                                                     |                                                                               split_d_system_fsa_0_0_floating_point_v7_1_19__4 |         24 |         24 |       0 |    0 |     0 |      0 |      0 |    0 |          0 |
|                           i_synth                                                                                |                                                                           split_d_system_fsa_0_0_floating_point_v7_1_19_viv__4 |         24 |         24 |       0 |    0 |     0 |      0 |      0 |    0 |          0 |
|                             FLT_TO_FLT_OP.SPD.OP                                                                 |                                                                                     split_d_system_fsa_0_0_flt_to_flt_conv_583 |         24 |         24 |       0 |    0 |     0 |      0 |      0 |    0 |          0 |
|                               EXP                                                                                |                                                                                 split_d_system_fsa_0_0_flt_to_flt_conv_exp_584 |          6 |          6 |       0 |    0 |     0 |      0 |      0 |    0 |          0 |
|                                 COND_DET                                                                         |                                                                                      split_d_system_fsa_0_0_special_detect_594 |          6 |          6 |       0 |    0 |     0 |      0 |      0 |    0 |          0 |
|                                   MANT_CARRY.MANT_ALL_ZERO_DET                                                   |                                                                                       split_d_system_fsa_0_0_compare_eq_im_595 |          6 |          6 |       0 |    0 |     0 |      0 |      0 |    0 |          0 |
|                                     (MANT_CARRY.MANT_ALL_ZERO_DET)                                               |                                                                                       split_d_system_fsa_0_0_compare_eq_im_595 |          2 |          2 |       0 |    0 |     0 |      0 |      0 |    0 |          0 |
|                                     CARRY_ZERO_DET                                                               |                                                                                         split_d_system_fsa_0_0_carry_chain_596 |          4 |          4 |       0 |    0 |     0 |      0 |      0 |    0 |          0 |
|                               OUTPUT                                                                             |                                                                                          split_d_system_fsa_0_0_flt_dec_op_585 |          3 |          3 |       0 |    0 |     0 |      0 |      0 |    0 |          0 |
|                               RND_REQ.ROUND                                                                      |                                                                              split_d_system_fsa_0_0_renorm_and_round_logic_586 |         13 |         13 |       0 |    0 |     0 |      0 |      0 |    0 |          0 |
|                                 EXP_ADD.ADD                                                                      |                                                                         split_d_system_fsa_0_0_carry_chain__parameterized4_589 |          6 |          6 |       0 |    0 |     0 |      0 |      0 |    0 |          0 |
|                                 LOGIC.RND1                                                                       |                                                                         split_d_system_fsa_0_0_carry_chain__parameterized2_590 |          3 |          3 |       0 |    0 |     0 |      0 |      0 |    0 |          0 |
|                                 LOGIC.RND2                                                                       |                                                                         split_d_system_fsa_0_0_carry_chain__parameterized3_591 |          3 |          3 |       0 |    0 |     0 |      0 |      0 |    0 |          0 |
|                                 RND_BIT_GEN                                                                      |                                                                                       split_d_system_fsa_0_0_flt_round_bit_592 |          1 |          1 |       0 |    0 |     0 |      0 |      0 |    0 |          0 |
|                                   NORM_1_OR_0.STRUCT_REQ.SPECIAL.RND_CHAIN                                       |                                                                         split_d_system_fsa_0_0_carry_chain__parameterized1_593 |          1 |          1 |       0 |    0 |     0 |      0 |      0 |    0 |          0 |
|                               RND_REQ.Z_DET_REQ.DET_ZERO                                                         |                                                                                       split_d_system_fsa_0_0_compare_ne_im_587 |          2 |          2 |       0 |    0 |     0 |      0 |      0 |    0 |          0 |
|                                 WIDE_NOR                                                                         |                                                                         split_d_system_fsa_0_0_carry_chain__parameterized0_588 |          2 |          2 |       0 |    0 |     0 |      0 |      0 |    0 |          0 |
|                     sptohp_32ns_16_1_no_dsp_1_U483                                                               |                                                        split_d_system_fsa_0_0_fsa_stream_split_d_sptohp_32ns_16_1_no_dsp_1_486 |         24 |         24 |       0 |    0 |     0 |      0 |      0 |    0 |          0 |
|                       fsa_stream_split_d_sptohp_32ns_16_1_no_dsp_1_ip_u                                          |                                                     split_d_system_fsa_0_0_fsa_stream_split_d_sptohp_32ns_16_1_no_dsp_1_ip_567 |         24 |         24 |       0 |    0 |     0 |      0 |      0 |    0 |          0 |
|                         inst                                                                                     |                                                                               split_d_system_fsa_0_0_floating_point_v7_1_19__5 |         24 |         24 |       0 |    0 |     0 |      0 |      0 |    0 |          0 |
|                           i_synth                                                                                |                                                                           split_d_system_fsa_0_0_floating_point_v7_1_19_viv__5 |         24 |         24 |       0 |    0 |     0 |      0 |      0 |    0 |          0 |
|                             FLT_TO_FLT_OP.SPD.OP                                                                 |                                                                                     split_d_system_fsa_0_0_flt_to_flt_conv_568 |         24 |         24 |       0 |    0 |     0 |      0 |      0 |    0 |          0 |
|                               EXP                                                                                |                                                                                 split_d_system_fsa_0_0_flt_to_flt_conv_exp_569 |          6 |          6 |       0 |    0 |     0 |      0 |      0 |    0 |          0 |
|                                 COND_DET                                                                         |                                                                                      split_d_system_fsa_0_0_special_detect_579 |          6 |          6 |       0 |    0 |     0 |      0 |      0 |    0 |          0 |
|                                   MANT_CARRY.MANT_ALL_ZERO_DET                                                   |                                                                                       split_d_system_fsa_0_0_compare_eq_im_580 |          6 |          6 |       0 |    0 |     0 |      0 |      0 |    0 |          0 |
|                                     (MANT_CARRY.MANT_ALL_ZERO_DET)                                               |                                                                                       split_d_system_fsa_0_0_compare_eq_im_580 |          2 |          2 |       0 |    0 |     0 |      0 |      0 |    0 |          0 |
|                                     CARRY_ZERO_DET                                                               |                                                                                         split_d_system_fsa_0_0_carry_chain_581 |          4 |          4 |       0 |    0 |     0 |      0 |      0 |    0 |          0 |
|                               OUTPUT                                                                             |                                                                                          split_d_system_fsa_0_0_flt_dec_op_570 |          3 |          3 |       0 |    0 |     0 |      0 |      0 |    0 |          0 |
|                               RND_REQ.ROUND                                                                      |                                                                              split_d_system_fsa_0_0_renorm_and_round_logic_571 |         13 |         13 |       0 |    0 |     0 |      0 |      0 |    0 |          0 |
|                                 EXP_ADD.ADD                                                                      |                                                                         split_d_system_fsa_0_0_carry_chain__parameterized4_574 |          6 |          6 |       0 |    0 |     0 |      0 |      0 |    0 |          0 |
|                                 LOGIC.RND1                                                                       |                                                                         split_d_system_fsa_0_0_carry_chain__parameterized2_575 |          3 |          3 |       0 |    0 |     0 |      0 |      0 |    0 |          0 |
|                                 LOGIC.RND2                                                                       |                                                                         split_d_system_fsa_0_0_carry_chain__parameterized3_576 |          3 |          3 |       0 |    0 |     0 |      0 |      0 |    0 |          0 |
|                                 RND_BIT_GEN                                                                      |                                                                                       split_d_system_fsa_0_0_flt_round_bit_577 |          1 |          1 |       0 |    0 |     0 |      0 |      0 |    0 |          0 |
|                                   NORM_1_OR_0.STRUCT_REQ.SPECIAL.RND_CHAIN                                       |                                                                         split_d_system_fsa_0_0_carry_chain__parameterized1_578 |          1 |          1 |       0 |    0 |     0 |      0 |      0 |    0 |          0 |
|                               RND_REQ.Z_DET_REQ.DET_ZERO                                                         |                                                                                       split_d_system_fsa_0_0_compare_ne_im_572 |          2 |          2 |       0 |    0 |     0 |      0 |      0 |    0 |          0 |
|                                 WIDE_NOR                                                                         |                                                                         split_d_system_fsa_0_0_carry_chain__parameterized0_573 |          2 |          2 |       0 |    0 |     0 |      0 |      0 |    0 |          0 |
|                     sptohp_32ns_16_1_no_dsp_1_U484                                                               |                                                        split_d_system_fsa_0_0_fsa_stream_split_d_sptohp_32ns_16_1_no_dsp_1_487 |         24 |         24 |       0 |    0 |     0 |      0 |      0 |    0 |          0 |
|                       fsa_stream_split_d_sptohp_32ns_16_1_no_dsp_1_ip_u                                          |                                                     split_d_system_fsa_0_0_fsa_stream_split_d_sptohp_32ns_16_1_no_dsp_1_ip_552 |         24 |         24 |       0 |    0 |     0 |      0 |      0 |    0 |          0 |
|                         inst                                                                                     |                                                                               split_d_system_fsa_0_0_floating_point_v7_1_19__6 |         24 |         24 |       0 |    0 |     0 |      0 |      0 |    0 |          0 |
|                           i_synth                                                                                |                                                                           split_d_system_fsa_0_0_floating_point_v7_1_19_viv__6 |         24 |         24 |       0 |    0 |     0 |      0 |      0 |    0 |          0 |
|                             FLT_TO_FLT_OP.SPD.OP                                                                 |                                                                                     split_d_system_fsa_0_0_flt_to_flt_conv_553 |         24 |         24 |       0 |    0 |     0 |      0 |      0 |    0 |          0 |
|                               EXP                                                                                |                                                                                 split_d_system_fsa_0_0_flt_to_flt_conv_exp_554 |          6 |          6 |       0 |    0 |     0 |      0 |      0 |    0 |          0 |
|                                 COND_DET                                                                         |                                                                                      split_d_system_fsa_0_0_special_detect_564 |          6 |          6 |       0 |    0 |     0 |      0 |      0 |    0 |          0 |
|                                   MANT_CARRY.MANT_ALL_ZERO_DET                                                   |                                                                                       split_d_system_fsa_0_0_compare_eq_im_565 |          6 |          6 |       0 |    0 |     0 |      0 |      0 |    0 |          0 |
|                                     (MANT_CARRY.MANT_ALL_ZERO_DET)                                               |                                                                                       split_d_system_fsa_0_0_compare_eq_im_565 |          2 |          2 |       0 |    0 |     0 |      0 |      0 |    0 |          0 |
|                                     CARRY_ZERO_DET                                                               |                                                                                         split_d_system_fsa_0_0_carry_chain_566 |          4 |          4 |       0 |    0 |     0 |      0 |      0 |    0 |          0 |
|                               OUTPUT                                                                             |                                                                                          split_d_system_fsa_0_0_flt_dec_op_555 |          3 |          3 |       0 |    0 |     0 |      0 |      0 |    0 |          0 |
|                               RND_REQ.ROUND                                                                      |                                                                              split_d_system_fsa_0_0_renorm_and_round_logic_556 |         13 |         13 |       0 |    0 |     0 |      0 |      0 |    0 |          0 |
|                                 EXP_ADD.ADD                                                                      |                                                                         split_d_system_fsa_0_0_carry_chain__parameterized4_559 |          6 |          6 |       0 |    0 |     0 |      0 |      0 |    0 |          0 |
|                                 LOGIC.RND1                                                                       |                                                                         split_d_system_fsa_0_0_carry_chain__parameterized2_560 |          3 |          3 |       0 |    0 |     0 |      0 |      0 |    0 |          0 |
|                                 LOGIC.RND2                                                                       |                                                                         split_d_system_fsa_0_0_carry_chain__parameterized3_561 |          3 |          3 |       0 |    0 |     0 |      0 |      0 |    0 |          0 |
|                                 RND_BIT_GEN                                                                      |                                                                                       split_d_system_fsa_0_0_flt_round_bit_562 |          1 |          1 |       0 |    0 |     0 |      0 |      0 |    0 |          0 |
|                                   NORM_1_OR_0.STRUCT_REQ.SPECIAL.RND_CHAIN                                       |                                                                         split_d_system_fsa_0_0_carry_chain__parameterized1_563 |          1 |          1 |       0 |    0 |     0 |      0 |      0 |    0 |          0 |
|                               RND_REQ.Z_DET_REQ.DET_ZERO                                                         |                                                                                       split_d_system_fsa_0_0_compare_ne_im_557 |          2 |          2 |       0 |    0 |     0 |      0 |      0 |    0 |          0 |
|                                 WIDE_NOR                                                                         |                                                                         split_d_system_fsa_0_0_carry_chain__parameterized0_558 |          2 |          2 |       0 |    0 |     0 |      0 |      0 |    0 |          0 |
|                     sptohp_32ns_16_1_no_dsp_1_U485                                                               |                                                        split_d_system_fsa_0_0_fsa_stream_split_d_sptohp_32ns_16_1_no_dsp_1_488 |         24 |         24 |       0 |    0 |     0 |      0 |      0 |    0 |          0 |
|                       fsa_stream_split_d_sptohp_32ns_16_1_no_dsp_1_ip_u                                          |                                                     split_d_system_fsa_0_0_fsa_stream_split_d_sptohp_32ns_16_1_no_dsp_1_ip_537 |         24 |         24 |       0 |    0 |     0 |      0 |      0 |    0 |          0 |
|                         inst                                                                                     |                                                                               split_d_system_fsa_0_0_floating_point_v7_1_19__7 |         24 |         24 |       0 |    0 |     0 |      0 |      0 |    0 |          0 |
|                           i_synth                                                                                |                                                                           split_d_system_fsa_0_0_floating_point_v7_1_19_viv__7 |         24 |         24 |       0 |    0 |     0 |      0 |      0 |    0 |          0 |
|                             FLT_TO_FLT_OP.SPD.OP                                                                 |                                                                                     split_d_system_fsa_0_0_flt_to_flt_conv_538 |         24 |         24 |       0 |    0 |     0 |      0 |      0 |    0 |          0 |
|                               EXP                                                                                |                                                                                 split_d_system_fsa_0_0_flt_to_flt_conv_exp_539 |          6 |          6 |       0 |    0 |     0 |      0 |      0 |    0 |          0 |
|                                 COND_DET                                                                         |                                                                                      split_d_system_fsa_0_0_special_detect_549 |          6 |          6 |       0 |    0 |     0 |      0 |      0 |    0 |          0 |
|                                   MANT_CARRY.MANT_ALL_ZERO_DET                                                   |                                                                                       split_d_system_fsa_0_0_compare_eq_im_550 |          6 |          6 |       0 |    0 |     0 |      0 |      0 |    0 |          0 |
|                                     (MANT_CARRY.MANT_ALL_ZERO_DET)                                               |                                                                                       split_d_system_fsa_0_0_compare_eq_im_550 |          2 |          2 |       0 |    0 |     0 |      0 |      0 |    0 |          0 |
|                                     CARRY_ZERO_DET                                                               |                                                                                         split_d_system_fsa_0_0_carry_chain_551 |          4 |          4 |       0 |    0 |     0 |      0 |      0 |    0 |          0 |
|                               OUTPUT                                                                             |                                                                                          split_d_system_fsa_0_0_flt_dec_op_540 |          3 |          3 |       0 |    0 |     0 |      0 |      0 |    0 |          0 |
|                               RND_REQ.ROUND                                                                      |                                                                              split_d_system_fsa_0_0_renorm_and_round_logic_541 |         13 |         13 |       0 |    0 |     0 |      0 |      0 |    0 |          0 |
|                                 EXP_ADD.ADD                                                                      |                                                                         split_d_system_fsa_0_0_carry_chain__parameterized4_544 |          6 |          6 |       0 |    0 |     0 |      0 |      0 |    0 |          0 |
|                                 LOGIC.RND1                                                                       |                                                                         split_d_system_fsa_0_0_carry_chain__parameterized2_545 |          3 |          3 |       0 |    0 |     0 |      0 |      0 |    0 |          0 |
|                                 LOGIC.RND2                                                                       |                                                                         split_d_system_fsa_0_0_carry_chain__parameterized3_546 |          3 |          3 |       0 |    0 |     0 |      0 |      0 |    0 |          0 |
|                                 RND_BIT_GEN                                                                      |                                                                                       split_d_system_fsa_0_0_flt_round_bit_547 |          1 |          1 |       0 |    0 |     0 |      0 |      0 |    0 |          0 |
|                                   NORM_1_OR_0.STRUCT_REQ.SPECIAL.RND_CHAIN                                       |                                                                         split_d_system_fsa_0_0_carry_chain__parameterized1_548 |          1 |          1 |       0 |    0 |     0 |      0 |      0 |    0 |          0 |
|                               RND_REQ.Z_DET_REQ.DET_ZERO                                                         |                                                                                       split_d_system_fsa_0_0_compare_ne_im_542 |          2 |          2 |       0 |    0 |     0 |      0 |      0 |    0 |          0 |
|                                 WIDE_NOR                                                                         |                                                                         split_d_system_fsa_0_0_carry_chain__parameterized0_543 |          2 |          2 |       0 |    0 |     0 |      0 |      0 |    0 |          0 |
|                     sptohp_32ns_16_1_no_dsp_1_U486                                                               |                                                        split_d_system_fsa_0_0_fsa_stream_split_d_sptohp_32ns_16_1_no_dsp_1_489 |         24 |         24 |       0 |    0 |     0 |      0 |      0 |    0 |          0 |
|                       fsa_stream_split_d_sptohp_32ns_16_1_no_dsp_1_ip_u                                          |                                                     split_d_system_fsa_0_0_fsa_stream_split_d_sptohp_32ns_16_1_no_dsp_1_ip_522 |         24 |         24 |       0 |    0 |     0 |      0 |      0 |    0 |          0 |
|                         inst                                                                                     |                                                                               split_d_system_fsa_0_0_floating_point_v7_1_19__8 |         24 |         24 |       0 |    0 |     0 |      0 |      0 |    0 |          0 |
|                           i_synth                                                                                |                                                                           split_d_system_fsa_0_0_floating_point_v7_1_19_viv__8 |         24 |         24 |       0 |    0 |     0 |      0 |      0 |    0 |          0 |
|                             FLT_TO_FLT_OP.SPD.OP                                                                 |                                                                                     split_d_system_fsa_0_0_flt_to_flt_conv_523 |         24 |         24 |       0 |    0 |     0 |      0 |      0 |    0 |          0 |
|                               EXP                                                                                |                                                                                 split_d_system_fsa_0_0_flt_to_flt_conv_exp_524 |          6 |          6 |       0 |    0 |     0 |      0 |      0 |    0 |          0 |
|                                 COND_DET                                                                         |                                                                                      split_d_system_fsa_0_0_special_detect_534 |          6 |          6 |       0 |    0 |     0 |      0 |      0 |    0 |          0 |
|                                   MANT_CARRY.MANT_ALL_ZERO_DET                                                   |                                                                                       split_d_system_fsa_0_0_compare_eq_im_535 |          6 |          6 |       0 |    0 |     0 |      0 |      0 |    0 |          0 |
|                                     (MANT_CARRY.MANT_ALL_ZERO_DET)                                               |                                                                                       split_d_system_fsa_0_0_compare_eq_im_535 |          2 |          2 |       0 |    0 |     0 |      0 |      0 |    0 |          0 |
|                                     CARRY_ZERO_DET                                                               |                                                                                         split_d_system_fsa_0_0_carry_chain_536 |          4 |          4 |       0 |    0 |     0 |      0 |      0 |    0 |          0 |
|                               OUTPUT                                                                             |                                                                                          split_d_system_fsa_0_0_flt_dec_op_525 |          3 |          3 |       0 |    0 |     0 |      0 |      0 |    0 |          0 |
|                               RND_REQ.ROUND                                                                      |                                                                              split_d_system_fsa_0_0_renorm_and_round_logic_526 |         13 |         13 |       0 |    0 |     0 |      0 |      0 |    0 |          0 |
|                                 EXP_ADD.ADD                                                                      |                                                                         split_d_system_fsa_0_0_carry_chain__parameterized4_529 |          6 |          6 |       0 |    0 |     0 |      0 |      0 |    0 |          0 |
|                                 LOGIC.RND1                                                                       |                                                                         split_d_system_fsa_0_0_carry_chain__parameterized2_530 |          3 |          3 |       0 |    0 |     0 |      0 |      0 |    0 |          0 |
|                                 LOGIC.RND2                                                                       |                                                                         split_d_system_fsa_0_0_carry_chain__parameterized3_531 |          3 |          3 |       0 |    0 |     0 |      0 |      0 |    0 |          0 |
|                                 RND_BIT_GEN                                                                      |                                                                                       split_d_system_fsa_0_0_flt_round_bit_532 |          1 |          1 |       0 |    0 |     0 |      0 |      0 |    0 |          0 |
|                                   NORM_1_OR_0.STRUCT_REQ.SPECIAL.RND_CHAIN                                       |                                                                         split_d_system_fsa_0_0_carry_chain__parameterized1_533 |          1 |          1 |       0 |    0 |     0 |      0 |      0 |    0 |          0 |
|                               RND_REQ.Z_DET_REQ.DET_ZERO                                                         |                                                                                       split_d_system_fsa_0_0_compare_ne_im_527 |          2 |          2 |       0 |    0 |     0 |      0 |      0 |    0 |          0 |
|                                 WIDE_NOR                                                                         |                                                                         split_d_system_fsa_0_0_carry_chain__parameterized0_528 |          2 |          2 |       0 |    0 |     0 |      0 |      0 |    0 |          0 |
|                     sptohp_32ns_16_1_no_dsp_1_U487                                                               |                                                        split_d_system_fsa_0_0_fsa_stream_split_d_sptohp_32ns_16_1_no_dsp_1_490 |         24 |         24 |       0 |    0 |     0 |      0 |      0 |    0 |          0 |
|                       fsa_stream_split_d_sptohp_32ns_16_1_no_dsp_1_ip_u                                          |                                                     split_d_system_fsa_0_0_fsa_stream_split_d_sptohp_32ns_16_1_no_dsp_1_ip_507 |         24 |         24 |       0 |    0 |     0 |      0 |      0 |    0 |          0 |
|                         inst                                                                                     |                                                                              split_d_system_fsa_0_0_floating_point_v7_1_19__10 |         24 |         24 |       0 |    0 |     0 |      0 |      0 |    0 |          0 |
|                           i_synth                                                                                |                                                                          split_d_system_fsa_0_0_floating_point_v7_1_19_viv__10 |         24 |         24 |       0 |    0 |     0 |      0 |      0 |    0 |          0 |
|                             FLT_TO_FLT_OP.SPD.OP                                                                 |                                                                                     split_d_system_fsa_0_0_flt_to_flt_conv_508 |         24 |         24 |       0 |    0 |     0 |      0 |      0 |    0 |          0 |
|                               EXP                                                                                |                                                                                 split_d_system_fsa_0_0_flt_to_flt_conv_exp_509 |          6 |          6 |       0 |    0 |     0 |      0 |      0 |    0 |          0 |
|                                 COND_DET                                                                         |                                                                                      split_d_system_fsa_0_0_special_detect_519 |          6 |          6 |       0 |    0 |     0 |      0 |      0 |    0 |          0 |
|                                   MANT_CARRY.MANT_ALL_ZERO_DET                                                   |                                                                                       split_d_system_fsa_0_0_compare_eq_im_520 |          6 |          6 |       0 |    0 |     0 |      0 |      0 |    0 |          0 |
|                                     (MANT_CARRY.MANT_ALL_ZERO_DET)                                               |                                                                                       split_d_system_fsa_0_0_compare_eq_im_520 |          2 |          2 |       0 |    0 |     0 |      0 |      0 |    0 |          0 |
|                                     CARRY_ZERO_DET                                                               |                                                                                         split_d_system_fsa_0_0_carry_chain_521 |          4 |          4 |       0 |    0 |     0 |      0 |      0 |    0 |          0 |
|                               OUTPUT                                                                             |                                                                                          split_d_system_fsa_0_0_flt_dec_op_510 |          3 |          3 |       0 |    0 |     0 |      0 |      0 |    0 |          0 |
|                               RND_REQ.ROUND                                                                      |                                                                              split_d_system_fsa_0_0_renorm_and_round_logic_511 |         13 |         13 |       0 |    0 |     0 |      0 |      0 |    0 |          0 |
|                                 EXP_ADD.ADD                                                                      |                                                                         split_d_system_fsa_0_0_carry_chain__parameterized4_514 |          6 |          6 |       0 |    0 |     0 |      0 |      0 |    0 |          0 |
|                                 LOGIC.RND1                                                                       |                                                                         split_d_system_fsa_0_0_carry_chain__parameterized2_515 |          3 |          3 |       0 |    0 |     0 |      0 |      0 |    0 |          0 |
|                                 LOGIC.RND2                                                                       |                                                                         split_d_system_fsa_0_0_carry_chain__parameterized3_516 |          3 |          3 |       0 |    0 |     0 |      0 |      0 |    0 |          0 |
|                                 RND_BIT_GEN                                                                      |                                                                                       split_d_system_fsa_0_0_flt_round_bit_517 |          1 |          1 |       0 |    0 |     0 |      0 |      0 |    0 |          0 |
|                                   NORM_1_OR_0.STRUCT_REQ.SPECIAL.RND_CHAIN                                       |                                                                         split_d_system_fsa_0_0_carry_chain__parameterized1_518 |          1 |          1 |       0 |    0 |     0 |      0 |      0 |    0 |          0 |
|                               RND_REQ.Z_DET_REQ.DET_ZERO                                                         |                                                                                       split_d_system_fsa_0_0_compare_ne_im_512 |          2 |          2 |       0 |    0 |     0 |      0 |      0 |    0 |          0 |
|                                 WIDE_NOR                                                                         |                                                                         split_d_system_fsa_0_0_carry_chain__parameterized0_513 |          2 |          2 |       0 |    0 |     0 |      0 |      0 |    0 |          0 |
|                     v_tile_16_U                                                                                  |                 split_d_system_fsa_0_0_fsa_stream_split_d_runQueryBlock_0_Outline_VITIS_LOOP_117_5_v_tile_30_RAM_AUTO_1R1W_491 |          8 |          0 |       8 |    0 |    16 |      0 |      0 |    0 |          0 |
|                     v_tile_17_U                                                                                  |                 split_d_system_fsa_0_0_fsa_stream_split_d_runQueryBlock_0_Outline_VITIS_LOOP_117_5_v_tile_30_RAM_AUTO_1R1W_492 |          8 |          0 |       8 |    0 |    16 |      0 |      0 |    0 |          0 |
|                     v_tile_18_U                                                                                  |                 split_d_system_fsa_0_0_fsa_stream_split_d_runQueryBlock_0_Outline_VITIS_LOOP_117_5_v_tile_30_RAM_AUTO_1R1W_493 |          8 |          0 |       8 |    0 |    16 |      0 |      0 |    0 |          0 |
|                     v_tile_19_U                                                                                  |                 split_d_system_fsa_0_0_fsa_stream_split_d_runQueryBlock_0_Outline_VITIS_LOOP_117_5_v_tile_30_RAM_AUTO_1R1W_494 |          8 |          0 |       8 |    0 |    16 |      0 |      0 |    0 |          0 |
|                     v_tile_20_U                                                                                  |                 split_d_system_fsa_0_0_fsa_stream_split_d_runQueryBlock_0_Outline_VITIS_LOOP_117_5_v_tile_30_RAM_AUTO_1R1W_495 |          8 |          0 |       8 |    0 |    16 |      0 |      0 |    0 |          0 |
|                     v_tile_21_U                                                                                  |                 split_d_system_fsa_0_0_fsa_stream_split_d_runQueryBlock_0_Outline_VITIS_LOOP_117_5_v_tile_30_RAM_AUTO_1R1W_496 |          8 |          0 |       8 |    0 |    16 |      0 |      0 |    0 |          0 |
|                     v_tile_22_U                                                                                  |                 split_d_system_fsa_0_0_fsa_stream_split_d_runQueryBlock_0_Outline_VITIS_LOOP_117_5_v_tile_30_RAM_AUTO_1R1W_497 |          8 |          0 |       8 |    0 |    16 |      0 |      0 |    0 |          0 |
|                     v_tile_23_U                                                                                  |                 split_d_system_fsa_0_0_fsa_stream_split_d_runQueryBlock_0_Outline_VITIS_LOOP_117_5_v_tile_30_RAM_AUTO_1R1W_498 |          8 |          0 |       8 |    0 |    16 |      0 |      0 |    0 |          0 |
|                     v_tile_24_U                                                                                  |                 split_d_system_fsa_0_0_fsa_stream_split_d_runQueryBlock_0_Outline_VITIS_LOOP_117_5_v_tile_30_RAM_AUTO_1R1W_499 |          8 |          0 |       8 |    0 |    16 |      0 |      0 |    0 |          0 |
|                     v_tile_25_U                                                                                  |                 split_d_system_fsa_0_0_fsa_stream_split_d_runQueryBlock_0_Outline_VITIS_LOOP_117_5_v_tile_30_RAM_AUTO_1R1W_500 |          8 |          0 |       8 |    0 |    16 |      0 |      0 |    0 |          0 |
|                     v_tile_26_U                                                                                  |                 split_d_system_fsa_0_0_fsa_stream_split_d_runQueryBlock_0_Outline_VITIS_LOOP_117_5_v_tile_30_RAM_AUTO_1R1W_501 |          8 |          0 |       8 |    0 |    16 |      0 |      0 |    0 |          0 |
|                     v_tile_27_U                                                                                  |                 split_d_system_fsa_0_0_fsa_stream_split_d_runQueryBlock_0_Outline_VITIS_LOOP_117_5_v_tile_30_RAM_AUTO_1R1W_502 |          8 |          0 |       8 |    0 |    16 |      0 |      0 |    0 |          0 |
|                     v_tile_28_U                                                                                  |                 split_d_system_fsa_0_0_fsa_stream_split_d_runQueryBlock_0_Outline_VITIS_LOOP_117_5_v_tile_30_RAM_AUTO_1R1W_503 |          8 |          0 |       8 |    0 |    16 |      0 |      0 |    0 |          0 |
|                     v_tile_29_U                                                                                  |                 split_d_system_fsa_0_0_fsa_stream_split_d_runQueryBlock_0_Outline_VITIS_LOOP_117_5_v_tile_30_RAM_AUTO_1R1W_504 |          8 |          0 |       8 |    0 |    16 |      0 |      0 |    0 |          0 |
|                     v_tile_30_U                                                                                  |                 split_d_system_fsa_0_0_fsa_stream_split_d_runQueryBlock_0_Outline_VITIS_LOOP_117_5_v_tile_30_RAM_AUTO_1R1W_505 |          8 |          0 |       8 |    0 |    16 |      0 |      0 |    0 |          0 |
|                     v_tile_U                                                                                     |                 split_d_system_fsa_0_0_fsa_stream_split_d_runQueryBlock_0_Outline_VITIS_LOOP_117_5_v_tile_30_RAM_AUTO_1R1W_506 |          8 |          0 |       8 |    0 |    16 |      0 |      0 |    0 |          0 |
|                   grp_runQueryBlock_0_Pipeline_13_fu_162                                                         |                                                          split_d_system_fsa_0_0_fsa_stream_split_d_runQueryBlock_0_Pipeline_13 |         15 |         15 |       0 |    0 |     8 |      0 |      0 |    0 |          0 |
|                     (grp_runQueryBlock_0_Pipeline_13_fu_162)                                                     |                                                          split_d_system_fsa_0_0_fsa_stream_split_d_runQueryBlock_0_Pipeline_13 |          0 |          0 |       0 |    0 |     6 |      0 |      0 |    0 |          0 |
|                     flow_control_loop_pipe_sequential_init_U                                                     |                                           split_d_system_fsa_0_0_fsa_stream_split_d_flow_control_loop_pipe_sequential_init_462 |         15 |         15 |       0 |    0 |     2 |      0 |      0 |    0 |          0 |
|                   grp_runQueryBlock_0_Pipeline_2_fu_156                                                          |                                                           split_d_system_fsa_0_0_fsa_stream_split_d_runQueryBlock_0_Pipeline_2 |         19 |         19 |       0 |    0 |     8 |      0 |      0 |    0 |          0 |
|                     (grp_runQueryBlock_0_Pipeline_2_fu_156)                                                      |                                                           split_d_system_fsa_0_0_fsa_stream_split_d_runQueryBlock_0_Pipeline_2 |          0 |          0 |       0 |    0 |     6 |      0 |      0 |    0 |          0 |
|                     flow_control_loop_pipe_sequential_init_U                                                     |                                           split_d_system_fsa_0_0_fsa_stream_split_d_flow_control_loop_pipe_sequential_init_461 |         19 |         19 |       0 |    0 |     2 |      0 |      0 |    0 |          0 |
|                   grp_runQueryBlock_0_Pipeline_VITIS_LOOP_451_40_fu_207                                          |                                           split_d_system_fsa_0_0_fsa_stream_split_d_runQueryBlock_0_Pipeline_VITIS_LOOP_451_40 |         21 |         15 |       0 |    6 |    22 |      0 |      0 |    0 |          0 |
|                     (grp_runQueryBlock_0_Pipeline_VITIS_LOOP_451_40_fu_207)                                      |                                           split_d_system_fsa_0_0_fsa_stream_split_d_runQueryBlock_0_Pipeline_VITIS_LOOP_451_40 |          7 |          1 |       0 |    6 |    20 |      0 |      0 |    0 |          0 |
|                     flow_control_loop_pipe_sequential_init_U                                                     |                                           split_d_system_fsa_0_0_fsa_stream_split_d_flow_control_loop_pipe_sequential_init_460 |         14 |         14 |       0 |    0 |     2 |      0 |      0 |    0 |          0 |
|                   grp_runQueryBlock_0_Pipeline_VITIS_LOOP_474_43_VITIS_LOOP_475_44_fu_221                        |                         split_d_system_fsa_0_0_fsa_stream_split_d_runQueryBlock_0_Pipeline_VITIS_LOOP_474_43_VITIS_LOOP_475_44 |         56 |         56 |       0 |    0 |    17 |      0 |      0 |    0 |          0 |
|                     (grp_runQueryBlock_0_Pipeline_VITIS_LOOP_474_43_VITIS_LOOP_475_44_fu_221)                    |                         split_d_system_fsa_0_0_fsa_stream_split_d_runQueryBlock_0_Pipeline_VITIS_LOOP_474_43_VITIS_LOOP_475_44 |         34 |         34 |       0 |    0 |    15 |      0 |      0 |    0 |          0 |
|                     flow_control_loop_pipe_sequential_init_U                                                     |                                           split_d_system_fsa_0_0_fsa_stream_split_d_flow_control_loop_pipe_sequential_init_459 |         22 |         22 |       0 |    0 |     2 |      0 |      0 |    0 |          0 |
|                   grp_runQueryBlock_0_Pipeline_VITIS_LOOP_90_1_VITIS_LOOP_91_2_fu_142                            |                             split_d_system_fsa_0_0_fsa_stream_split_d_runQueryBlock_0_Pipeline_VITIS_LOOP_90_1_VITIS_LOOP_91_2 |         16 |         16 |       0 |    0 |    12 |      0 |      0 |    0 |          0 |
|                     (grp_runQueryBlock_0_Pipeline_VITIS_LOOP_90_1_VITIS_LOOP_91_2_fu_142)                        |                             split_d_system_fsa_0_0_fsa_stream_split_d_runQueryBlock_0_Pipeline_VITIS_LOOP_90_1_VITIS_LOOP_91_2 |          8 |          8 |       0 |    0 |    10 |      0 |      0 |    0 |          0 |
|                     flow_control_loop_pipe_sequential_init_U                                                     |                                           split_d_system_fsa_0_0_fsa_stream_split_d_flow_control_loop_pipe_sequential_init_458 |          8 |          8 |       0 |    0 |     2 |      0 |      0 |    0 |          0 |
|                   normalized_1_U                                                                                 |                                           split_d_system_fsa_0_0_fsa_stream_split_d_runQueryBlock_0_s_normalized_RAM_AUTO_1R1W |         17 |          1 |      16 |    0 |    32 |      0 |      0 |    0 |          0 |
|                   normalized_U                                                                                   |                                       split_d_system_fsa_0_0_fsa_stream_split_d_runQueryBlock_0_s_normalized_RAM_AUTO_1R1W_449 |         16 |          0 |      16 |    0 |    32 |      0 |      0 |    0 |          0 |
|                   output_acc_1_U                                                                                 |                                           split_d_system_fsa_0_0_fsa_stream_split_d_runQueryBlock_0_s_output_acc_RAM_AUTO_1R1W |         49 |         17 |      32 |    0 |    64 |      0 |      0 |    0 |          0 |
|                   output_acc_U                                                                                   |                                       split_d_system_fsa_0_0_fsa_stream_split_d_runQueryBlock_0_s_output_acc_RAM_AUTO_1R1W_450 |         48 |         16 |      32 |    0 |    64 |      0 |      0 |    0 |          0 |
|                   q_tile_10_U                                                                                    |                                               split_d_system_fsa_0_0_fsa_stream_split_d_runQueryBlock_0_s_q_tile_RAM_AUTO_1R1W |          8 |          0 |       8 |    0 |    16 |      0 |      0 |    0 |          0 |
|                   q_tile_11_U                                                                                    |                                           split_d_system_fsa_0_0_fsa_stream_split_d_runQueryBlock_0_s_q_tile_RAM_AUTO_1R1W_451 |          8 |          0 |       8 |    0 |    16 |      0 |      0 |    0 |          0 |
|                   q_tile_12_U                                                                                    |                                           split_d_system_fsa_0_0_fsa_stream_split_d_runQueryBlock_0_s_q_tile_RAM_AUTO_1R1W_452 |          8 |          0 |       8 |    0 |    16 |      0 |      0 |    0 |          0 |
|                   q_tile_13_U                                                                                    |                                           split_d_system_fsa_0_0_fsa_stream_split_d_runQueryBlock_0_s_q_tile_RAM_AUTO_1R1W_453 |          8 |          0 |       8 |    0 |    16 |      0 |      0 |    0 |          0 |
|                   q_tile_14_U                                                                                    |                                           split_d_system_fsa_0_0_fsa_stream_split_d_runQueryBlock_0_s_q_tile_RAM_AUTO_1R1W_454 |          8 |          0 |       8 |    0 |    16 |      0 |      0 |    0 |          0 |
|                   q_tile_8_U                                                                                     |                                           split_d_system_fsa_0_0_fsa_stream_split_d_runQueryBlock_0_s_q_tile_RAM_AUTO_1R1W_455 |          8 |          0 |       8 |    0 |    16 |      0 |      0 |    0 |          0 |
|                   q_tile_9_U                                                                                     |                                           split_d_system_fsa_0_0_fsa_stream_split_d_runQueryBlock_0_s_q_tile_RAM_AUTO_1R1W_456 |          8 |          0 |       8 |    0 |    16 |      0 |      0 |    0 |          0 |
|                   q_tile_U                                                                                       |                                           split_d_system_fsa_0_0_fsa_stream_split_d_runQueryBlock_0_s_q_tile_RAM_AUTO_1R1W_457 |          8 |          0 |       8 |    0 |    16 |      0 |      0 |    0 |          0 |
|                 runQueryBlock_1_U0                                                                               |                                                                    split_d_system_fsa_0_0_fsa_stream_split_d_runQueryBlock_1_s |      22316 |      21817 |     416 |   83 | 10558 |      0 |      0 |    0 |         20 |
|                   (runQueryBlock_1_U0)                                                                           |                                                                    split_d_system_fsa_0_0_fsa_stream_split_d_runQueryBlock_1_s |          1 |          1 |       0 |    0 |   309 |      0 |      0 |    0 |          0 |
|                   grp_reciprocalColumns_fu_205                                                                   |                                                                    split_d_system_fsa_0_0_fsa_stream_split_d_reciprocalColumns |        971 |        971 |       0 |    0 |   559 |      0 |      0 |    0 |          0 |
|                     (grp_reciprocalColumns_fu_205)                                                               |                                                                    split_d_system_fsa_0_0_fsa_stream_split_d_reciprocalColumns |        126 |        126 |       0 |    0 |   254 |      0 |      0 |    0 |          0 |
|                     fcmp_32ns_32ns_1_1_no_dsp_1_U545                                                             |                                                          split_d_system_fsa_0_0_fsa_stream_split_d_fcmp_32ns_32ns_1_1_no_dsp_1 |         38 |         38 |       0 |    0 |     0 |      0 |      0 |    0 |          0 |
|                       fsa_stream_split_d_fcmp_32ns_32ns_1_1_no_dsp_1_ip_u                                        |                                                       split_d_system_fsa_0_0_fsa_stream_split_d_fcmp_32ns_32ns_1_1_no_dsp_1_ip |         38 |         38 |       0 |    0 |     0 |      0 |      0 |    0 |          0 |
|                         (fsa_stream_split_d_fcmp_32ns_32ns_1_1_no_dsp_1_ip_u)                                    |                                                       split_d_system_fsa_0_0_fsa_stream_split_d_fcmp_32ns_32ns_1_1_no_dsp_1_ip |         18 |         18 |       0 |    0 |     0 |      0 |      0 |    0 |          0 |
|                         inst                                                                                     |                                                                  split_d_system_fsa_0_0_floating_point_v7_1_19__parameterized2 |         20 |         20 |       0 |    0 |     0 |      0 |      0 |    0 |          0 |
|                           i_synth                                                                                |                                                              split_d_system_fsa_0_0_floating_point_v7_1_19_viv__parameterized5 |         20 |         20 |       0 |    0 |     0 |      0 |      0 |    0 |          0 |
|                             COMP_OP.SPD.OP                                                                       |                                                                                                  split_d_system_fsa_0_0_fp_cmp |         20 |         20 |       0 |    0 |     0 |      0 |      0 |    0 |          0 |
|                               STRUCT_CMP.A_EQ_B_DET                                                              |                                                                                              split_d_system_fsa_0_0_compare_eq |         12 |         12 |       0 |    0 |     0 |      0 |      0 |    0 |          0 |
|                                 WIDE_AND                                                                         |                                                                            split_d_system_fsa_0_0_carry_chain__parameterized13 |         12 |         12 |       0 |    0 |     0 |      0 |      0 |    0 |          0 |
|                               STRUCT_CMP.A_EXP_ALL_ONE_DET                                                       |                                                                           split_d_system_fsa_0_0_compare_eq_im__parameterized4 |          2 |          2 |       0 |    0 |     0 |      0 |      0 |    0 |          0 |
|                                 (STRUCT_CMP.A_EXP_ALL_ONE_DET)                                                   |                                                                           split_d_system_fsa_0_0_compare_eq_im__parameterized4 |          1 |          1 |       0 |    0 |     0 |      0 |      0 |    0 |          0 |
|                                 CARRY_ZERO_DET                                                                   |                                                                         split_d_system_fsa_0_0_carry_chain__parameterized0_446 |          1 |          1 |       0 |    0 |     0 |      0 |      0 |    0 |          0 |
|                               STRUCT_CMP.A_FRAC_NOT_ZERO_DET                                                     |                                                                           split_d_system_fsa_0_0_compare_ne_im__parameterized0 |          4 |          4 |       0 |    0 |     0 |      0 |      0 |    0 |          0 |
|                                 (STRUCT_CMP.A_FRAC_NOT_ZERO_DET)                                                 |                                                                           split_d_system_fsa_0_0_compare_ne_im__parameterized0 |          4 |          4 |       0 |    0 |     0 |      0 |      0 |    0 |          0 |
|                                 WIDE_NOR                                                                         |                                                                        split_d_system_fsa_0_0_carry_chain__parameterized12_445 |          0 |          0 |       0 |    0 |     0 |      0 |      0 |    0 |          0 |
|                               STRUCT_CMP.EXP_ALL_ZERO_DET                                                        |                                                                           split_d_system_fsa_0_0_compare_eq_im__parameterized3 |          2 |          2 |       0 |    0 |     0 |      0 |      0 |    0 |          0 |
|                                 (STRUCT_CMP.EXP_ALL_ZERO_DET)                                                    |                                                                           split_d_system_fsa_0_0_compare_eq_im__parameterized3 |          2 |          2 |       0 |    0 |     0 |      0 |      0 |    0 |          0 |
|                                 CARRY_ZERO_DET                                                                   |                                                                            split_d_system_fsa_0_0_carry_chain__parameterized11 |          0 |          0 |       0 |    0 |     0 |      0 |      0 |    0 |          0 |
|                     grp_p_anonymous_namespace_begin_reciprocal_fu_97                                             |                                               split_d_system_fsa_0_0_fsa_stream_split_d_p_anonymous_namespace_begin_reciprocal |        313 |        313 |       0 |    0 |   153 |      0 |      0 |    0 |          0 |
|                     grp_p_anonymous_namespace_normalize_and_round_fu_115                                         |                                            split_d_system_fsa_0_0_fsa_stream_split_d_p_anonymous_namespace_normalize_and_round |          0 |          0 |       0 |    0 |     0 |      0 |      0 |    0 |          0 |
|                     grp_reciprocalColumns_Pipeline_VITIS_LOOP_369_13_fu_125                                      |                                         split_d_system_fsa_0_0_fsa_stream_split_d_reciprocalColumns_Pipeline_VITIS_LOOP_369_13 |        373 |        373 |       0 |    0 |    64 |      0 |      0 |    0 |          0 |
|                       (grp_reciprocalColumns_Pipeline_VITIS_LOOP_369_13_fu_125)                                  |                                         split_d_system_fsa_0_0_fsa_stream_split_d_reciprocalColumns_Pipeline_VITIS_LOOP_369_13 |        365 |        365 |       0 |    0 |    62 |      0 |      0 |    0 |          0 |
|                       flow_control_loop_pipe_sequential_init_U                                                   |                                           split_d_system_fsa_0_0_fsa_stream_split_d_flow_control_loop_pipe_sequential_init_441 |          9 |          9 |       0 |    0 |     2 |      0 |      0 |    0 |          0 |
|                     grp_reciprocalColumns_Pipeline_VITIS_LOOP_369_1_fu_102                                       |                                          split_d_system_fsa_0_0_fsa_stream_split_d_reciprocalColumns_Pipeline_VITIS_LOOP_369_1 |        135 |        135 |       0 |    0 |    88 |      0 |      0 |    0 |          0 |
|                       (grp_reciprocalColumns_Pipeline_VITIS_LOOP_369_1_fu_102)                                   |                                          split_d_system_fsa_0_0_fsa_stream_split_d_reciprocalColumns_Pipeline_VITIS_LOOP_369_1 |        127 |        127 |       0 |    0 |    86 |      0 |      0 |    0 |          0 |
|                       flow_control_loop_pipe_sequential_init_U                                                   |                                           split_d_system_fsa_0_0_fsa_stream_split_d_flow_control_loop_pipe_sequential_init_440 |          9 |          9 |       0 |    0 |     2 |      0 |      0 |    0 |          0 |
|                   grp_runAccumulatorColumns_fu_551                                                               |                                                                split_d_system_fsa_0_0_fsa_stream_split_d_runAccumulatorColumns |       4967 |       4934 |       0 |   33 |  1771 |      0 |      0 |    0 |          4 |
|                     (grp_runAccumulatorColumns_fu_551)                                                           |                                                                split_d_system_fsa_0_0_fsa_stream_split_d_runAccumulatorColumns |       3112 |       3079 |       0 |   33 |  1588 |      0 |      0 |    0 |          0 |
|                     ctlz_24_24_1_1_U298                                                                          |                                                                       split_d_system_fsa_0_0_fsa_stream_split_d_ctlz_24_24_1_1 |         22 |         22 |       0 |    0 |     0 |      0 |      0 |    0 |          0 |
|                     ctlz_24_24_1_1_U300                                                                          |                                                                   split_d_system_fsa_0_0_fsa_stream_split_d_ctlz_24_24_1_1_436 |         22 |         22 |       0 |    0 |     0 |      0 |      0 |    0 |          0 |
|                     ctlz_48_48_1_1_U297                                                                          |                                                                       split_d_system_fsa_0_0_fsa_stream_split_d_ctlz_48_48_1_1 |         47 |         47 |       0 |    0 |     0 |      0 |      0 |    0 |          0 |
|                     ctlz_48_48_1_1_U299                                                                          |                                                                   split_d_system_fsa_0_0_fsa_stream_split_d_ctlz_48_48_1_1_437 |         47 |         47 |       0 |    0 |     0 |      0 |      0 |    0 |          0 |
|                     ctlz_51_51_1_1_U305                                                                          |                                                                       split_d_system_fsa_0_0_fsa_stream_split_d_ctlz_51_51_1_1 |         54 |         54 |       0 |    0 |     0 |      0 |      0 |    0 |          0 |
|                     ctlz_51_51_1_1_U310                                                                          |                                                                   split_d_system_fsa_0_0_fsa_stream_split_d_ctlz_51_51_1_1_438 |         51 |         51 |       0 |    0 |     0 |      0 |      0 |    0 |          0 |
|                     fsa_anonymous_namespace_ACC_EXP2_PWL_INTERCEPT_BITS_U                                        |     split_d_system_fsa_0_0_fsa_stream_split_d_runAccumulatorColumns_fsa_anonymous_namespace_ACC_EXP2_PWL_INTERCEPT_BITS_ROMcud |          6 |          6 |       0 |    0 |    43 |      0 |      0 |    0 |          0 |
|                     fsa_anonymous_namespace_ACC_EXP2_PWL_SLOPE_BITS_U                                            |     split_d_system_fsa_0_0_fsa_stream_split_d_runAccumulatorColumns_fsa_anonymous_namespace_ACC_EXP2_PWL_SLOPE_BITS_ROM_AUTbkb |         67 |         67 |       0 |    0 |    42 |      0 |      0 |    0 |          0 |
|                     grp_stageAccumulatorResult_fu_878                                                            |                                                               split_d_system_fsa_0_0_fsa_stream_split_d_stageAccumulatorResult |       1034 |       1034 |       0 |    0 |    64 |      0 |      0 |    0 |          0 |
|                     mul_24ns_24ns_48_3_1_U291                                                                    |                                                                 split_d_system_fsa_0_0_fsa_stream_split_d_mul_24ns_24ns_48_3_1 |        258 |        258 |       0 |    0 |    17 |      0 |      0 |    0 |          2 |
|                     mul_24ns_24ns_48_3_1_U292                                                                    |                                                             split_d_system_fsa_0_0_fsa_stream_split_d_mul_24ns_24ns_48_3_1_439 |        258 |        258 |       0 |    0 |    17 |      0 |      0 |    0 |          2 |
|                   grp_runQueryBlock_1_Outline_VITIS_LOOP_117_5_fu_172                                            |                                             split_d_system_fsa_0_0_fsa_stream_split_d_runQueryBlock_1_Outline_VITIS_LOOP_117_5 |      16057 |      15757 |     256 |   44 |  7539 |      0 |      0 |    0 |         16 |
|                     (grp_runQueryBlock_1_Outline_VITIS_LOOP_117_5_fu_172)                                        |                                             split_d_system_fsa_0_0_fsa_stream_split_d_runQueryBlock_1_Outline_VITIS_LOOP_117_5 |        298 |        298 |       0 |    0 |  1076 |      0 |      0 |    0 |          0 |
|                     fsub_32ns_32ns_32_3_full_dsp_1_U816                                                          |                                                       split_d_system_fsa_0_0_fsa_stream_split_d_fsub_32ns_32ns_32_3_full_dsp_1 |        184 |        184 |       0 |    0 |   145 |      0 |      0 |    0 |          2 |
|                       (fsub_32ns_32ns_32_3_full_dsp_1_U816)                                                      |                                                       split_d_system_fsa_0_0_fsa_stream_split_d_fsub_32ns_32ns_32_3_full_dsp_1 |          0 |          0 |       0 |    0 |    64 |      0 |      0 |    0 |          0 |
|                       fsa_stream_split_d_fsub_32ns_32ns_32_3_full_dsp_1_ip_u                                     |                                                split_d_system_fsa_0_0_fsa_stream_split_d_fsub_32ns_32ns_32_3_full_dsp_1_ip_387 |        184 |        184 |       0 |    0 |    81 |      0 |      0 |    0 |          2 |
|                         inst                                                                                     |                                                               split_d_system_fsa_0_0_floating_point_v7_1_19__parameterized1__5 |        184 |        184 |       0 |    0 |    81 |      0 |      0 |    0 |          2 |
|                           i_synth                                                                                |                                                           split_d_system_fsa_0_0_floating_point_v7_1_19_viv__parameterized3__5 |        184 |        184 |       0 |    0 |    81 |      0 |      0 |    0 |          2 |
|                             ADDSUB_OP.ADDSUB                                                                     |                                                                                             split_d_system_fsa_0_0_flt_add_388 |        184 |        184 |       0 |    0 |    81 |      0 |      0 |    0 |          2 |
|                               DSP.OP                                                                             |                                                                                         split_d_system_fsa_0_0_flt_add_dsp_390 |        184 |        184 |       0 |    0 |    81 |      0 |      0 |    0 |          2 |
|                                 A_IP_DELAY                                                                       |                                                                              split_d_system_fsa_0_0_delay__parameterized19_391 |         23 |         23 |       0 |    0 |    23 |      0 |      0 |    0 |          0 |
|                                   i_pipe                                                                         |                                                              split_d_system_fsa_0_0_xbip_pipe_v3_0_10_viv__parameterized36_435 |         23 |         23 |       0 |    0 |    23 |      0 |      0 |    0 |          0 |
|                                 B_IP_DELAY                                                                       |                                                                              split_d_system_fsa_0_0_delay__parameterized19_392 |         30 |         30 |       0 |    0 |    23 |      0 |      0 |    0 |          0 |
|                                   i_pipe                                                                         |                                                              split_d_system_fsa_0_0_xbip_pipe_v3_0_10_viv__parameterized36_434 |         30 |         30 |       0 |    0 |    23 |      0 |      0 |    0 |          0 |
|                                 DSP48E1_BODY.ALIGN_ADD                                                           |                                                                               split_d_system_fsa_0_0_align_add_dsp48e1_sgl_393 |         36 |         36 |       0 |    0 |     0 |      0 |      0 |    0 |          1 |
|                                   DSP2                                                                           |                                                                                     split_d_system_fsa_0_0_dsp48e1_wrapper_430 |         36 |         36 |       0 |    0 |     0 |      0 |      0 |    0 |          1 |
|                                   ZERO_14_DET.CARRY_MUX                                                          |                                                                         split_d_system_fsa_0_0_carry_chain__parameterized7_431 |          0 |          0 |       0 |    0 |     0 |      0 |      0 |    0 |          0 |
|                                   ZERO_14_DET.ZERO_DET                                                           |                                                                       split_d_system_fsa_0_0_compare_eq_im__parameterized1_432 |          0 |          0 |       0 |    0 |     0 |      0 |      0 |    0 |          0 |
|                                     CARRY_ZERO_DET                                                               |                                                                         split_d_system_fsa_0_0_carry_chain__parameterized6_433 |          0 |          0 |       0 |    0 |     0 |      0 |      0 |    0 |          0 |
|                                 DSP48E1_BODY.EXP                                                                 |                                                                                      split_d_system_fsa_0_0_flt_add_exp_sp_394 |         86 |         86 |       0 |    0 |    35 |      0 |      0 |    0 |          0 |
|                                   (DSP48E1_BODY.EXP)                                                             |                                                                                      split_d_system_fsa_0_0_flt_add_exp_sp_394 |          8 |          8 |       0 |    0 |     0 |      0 |      0 |    0 |          0 |
|                                   A_EXP_DELAY                                                                    |                                                                              split_d_system_fsa_0_0_delay__parameterized31_399 |          0 |          0 |       0 |    0 |     8 |      0 |      0 |    0 |          0 |
|                                     i_pipe                                                                       |                                                              split_d_system_fsa_0_0_xbip_pipe_v3_0_10_viv__parameterized52_429 |          0 |          0 |       0 |    0 |     8 |      0 |      0 |    0 |          0 |
|                                   A_SIGN_DELAY                                                                   |                                                                              split_d_system_fsa_0_0_delay__parameterized32_400 |          0 |          0 |       0 |    0 |     1 |      0 |      0 |    0 |          0 |
|                                     i_pipe                                                                       |                                                              split_d_system_fsa_0_0_xbip_pipe_v3_0_10_viv__parameterized54_428 |          0 |          0 |       0 |    0 |     1 |      0 |      0 |    0 |          0 |
|                                   BMA_EXP_DELAY                                                                  |                                                                              split_d_system_fsa_0_0_delay__parameterized35_401 |         20 |         20 |       0 |    0 |     9 |      0 |      0 |    0 |          0 |
|                                     i_pipe                                                                       |                                                              split_d_system_fsa_0_0_xbip_pipe_v3_0_10_viv__parameterized58_427 |         20 |         20 |       0 |    0 |     9 |      0 |      0 |    0 |          0 |
|                                   B_EXP_DELAY                                                                    |                                                                              split_d_system_fsa_0_0_delay__parameterized31_402 |          0 |          0 |       0 |    0 |     8 |      0 |      0 |    0 |          0 |
|                                     i_pipe                                                                       |                                                              split_d_system_fsa_0_0_xbip_pipe_v3_0_10_viv__parameterized52_426 |          0 |          0 |       0 |    0 |     8 |      0 |      0 |    0 |          0 |
|                                   B_SIGN_DELAY                                                                   |                                                                              split_d_system_fsa_0_0_delay__parameterized32_403 |          1 |          1 |       0 |    0 |     1 |      0 |      0 |    0 |          0 |
|                                     i_pipe                                                                       |                                                              split_d_system_fsa_0_0_xbip_pipe_v3_0_10_viv__parameterized54_425 |          1 |          1 |       0 |    0 |     1 |      0 |      0 |    0 |          0 |
|                                   COND_DET_A                                                                     |                                                                      split_d_system_fsa_0_0_special_detect__parameterized1_404 |         22 |         22 |       0 |    0 |     3 |      0 |      0 |    0 |          0 |
|                                     EXP_DET_LUT.EXP_ALL_ONE_DEL                                                  |                                                                              split_d_system_fsa_0_0_delay__parameterized29_419 |         14 |         14 |       0 |    0 |     1 |      0 |      0 |    0 |          0 |
|                                       i_pipe                                                                     |                                                              split_d_system_fsa_0_0_xbip_pipe_v3_0_10_viv__parameterized50_424 |         14 |         14 |       0 |    0 |     1 |      0 |      0 |    0 |          0 |
|                                     EXP_DET_LUT.EXP_ALL_ZERO_DEL                                                 |                                                                              split_d_system_fsa_0_0_delay__parameterized29_420 |          5 |          5 |       0 |    0 |     1 |      0 |      0 |    0 |          0 |
|                                       i_pipe                                                                     |                                                              split_d_system_fsa_0_0_xbip_pipe_v3_0_10_viv__parameterized50_423 |          5 |          5 |       0 |    0 |     1 |      0 |      0 |    0 |          0 |
|                                     MANT_CARRY.MANT_ALL_ZERO_DET                                                 |                                                                       split_d_system_fsa_0_0_compare_eq_im__parameterized2_421 |          4 |          4 |       0 |    0 |     1 |      0 |      0 |    0 |          0 |
|                                       CARRY_ZERO_DET                                                             |                                                                         split_d_system_fsa_0_0_carry_chain__parameterized8_422 |          4 |          4 |       0 |    0 |     1 |      0 |      0 |    0 |          0 |
|                                   COND_DET_B                                                                     |                                                                      split_d_system_fsa_0_0_special_detect__parameterized1_405 |         12 |         12 |       0 |    0 |     3 |      0 |      0 |    0 |          0 |
|                                     EXP_DET_LUT.EXP_ALL_ONE_DEL                                                  |                                                                              split_d_system_fsa_0_0_delay__parameterized29_413 |          4 |          4 |       0 |    0 |     1 |      0 |      0 |    0 |          0 |
|                                       i_pipe                                                                     |                                                              split_d_system_fsa_0_0_xbip_pipe_v3_0_10_viv__parameterized50_418 |          4 |          4 |       0 |    0 |     1 |      0 |      0 |    0 |          0 |
|                                     EXP_DET_LUT.EXP_ALL_ZERO_DEL                                                 |                                                                              split_d_system_fsa_0_0_delay__parameterized29_414 |          4 |          4 |       0 |    0 |     1 |      0 |      0 |    0 |          0 |
|                                       i_pipe                                                                     |                                                              split_d_system_fsa_0_0_xbip_pipe_v3_0_10_viv__parameterized50_417 |          4 |          4 |       0 |    0 |     1 |      0 |      0 |    0 |          0 |
|                                     MANT_CARRY.MANT_ALL_ZERO_DET                                                 |                                                                       split_d_system_fsa_0_0_compare_eq_im__parameterized2_415 |          5 |          5 |       0 |    0 |     1 |      0 |      0 |    0 |          0 |
|                                       CARRY_ZERO_DET                                                             |                                                                         split_d_system_fsa_0_0_carry_chain__parameterized8_416 |          5 |          5 |       0 |    0 |     1 |      0 |      0 |    0 |          0 |
|                                   EXP_OFF.STRUCT_ADD                                                             |                                                                        split_d_system_fsa_0_0_carry_chain__parameterized10_406 |          6 |          6 |       0 |    0 |     0 |      0 |      0 |    0 |          0 |
|                                   NUMB_CMP                                                                       |                                                                                             split_d_system_fsa_0_0_compare_407 |         16 |         16 |       0 |    0 |     1 |      0 |      0 |    0 |          0 |
|                                     NOT_FAST.CMP                                                                 |                                                                                          split_d_system_fsa_0_0_compare_gt_411 |         16 |         16 |       0 |    0 |     1 |      0 |      0 |    0 |          0 |
|                                       C_CHAIN                                                                    |                                                                         split_d_system_fsa_0_0_carry_chain__parameterized9_412 |         16 |         16 |       0 |    0 |     1 |      0 |      0 |    0 |          0 |
|                                   SUB_DELAY                                                                      |                                                                              split_d_system_fsa_0_0_delay__parameterized32_408 |          2 |          2 |       0 |    0 |     1 |      0 |      0 |    0 |          0 |
|                                     i_pipe                                                                       |                                                              split_d_system_fsa_0_0_xbip_pipe_v3_0_10_viv__parameterized54_410 |          2 |          2 |       0 |    0 |     1 |      0 |      0 |    0 |          0 |
|                                   merged_sub_mux.STRUCT_ADD                                                      |                                                                        split_d_system_fsa_0_0_carry_chain__parameterized10_409 |          0 |          0 |       0 |    0 |     0 |      0 |      0 |    0 |          0 |
|                                 DSP48E1_BODY.NORM_RND                                                            |                                                                          split_d_system_fsa_0_0_norm_and_round_dsp48e1_sgl_395 |         32 |         32 |       0 |    0 |     0 |      0 |      0 |    0 |          1 |
|                                   (DSP48E1_BODY.NORM_RND)                                                        |                                                                          split_d_system_fsa_0_0_norm_and_round_dsp48e1_sgl_395 |          3 |          3 |       0 |    0 |     0 |      0 |      0 |    0 |          0 |
|                                   FULL_USAGE_DSP.LOD                                                             |                                                                              split_d_system_fsa_0_0_lead_zero_encode_shift_397 |         18 |         18 |       0 |    0 |     0 |      0 |      0 |    0 |          0 |
|                                   FULL_USAGE_DSP.SHIFT_RND                                                       |                                                                     split_d_system_fsa_0_0_dsp48e1_wrapper__parameterized0_398 |         11 |         11 |       0 |    0 |     0 |      0 |      0 |    0 |          1 |
|                                 OP                                                                               |                                                                          split_d_system_fsa_0_0_flt_dec_op__parameterized1_396 |          0 |          0 |       0 |    0 |     0 |      0 |      0 |    0 |          0 |
|                     fsub_32ns_32ns_32_3_full_dsp_1_U817                                                          |                                                    split_d_system_fsa_0_0_fsa_stream_split_d_fsub_32ns_32ns_32_3_full_dsp_1_22 |        182 |        182 |       0 |    0 |   145 |      0 |      0 |    0 |          2 |
|                       (fsub_32ns_32ns_32_3_full_dsp_1_U817)                                                      |                                                    split_d_system_fsa_0_0_fsa_stream_split_d_fsub_32ns_32ns_32_3_full_dsp_1_22 |          0 |          0 |       0 |    0 |    64 |      0 |      0 |    0 |          0 |
|                       fsa_stream_split_d_fsub_32ns_32ns_32_3_full_dsp_1_ip_u                                     |                                                split_d_system_fsa_0_0_fsa_stream_split_d_fsub_32ns_32ns_32_3_full_dsp_1_ip_338 |        182 |        182 |       0 |    0 |    81 |      0 |      0 |    0 |          2 |
|                         inst                                                                                     |                                                               split_d_system_fsa_0_0_floating_point_v7_1_19__parameterized1__6 |        182 |        182 |       0 |    0 |    81 |      0 |      0 |    0 |          2 |
|                           i_synth                                                                                |                                                           split_d_system_fsa_0_0_floating_point_v7_1_19_viv__parameterized3__6 |        182 |        182 |       0 |    0 |    81 |      0 |      0 |    0 |          2 |
|                             ADDSUB_OP.ADDSUB                                                                     |                                                                                             split_d_system_fsa_0_0_flt_add_339 |        182 |        182 |       0 |    0 |    81 |      0 |      0 |    0 |          2 |
|                               DSP.OP                                                                             |                                                                                         split_d_system_fsa_0_0_flt_add_dsp_341 |        182 |        182 |       0 |    0 |    81 |      0 |      0 |    0 |          2 |
|                                 A_IP_DELAY                                                                       |                                                                              split_d_system_fsa_0_0_delay__parameterized19_342 |         23 |         23 |       0 |    0 |    23 |      0 |      0 |    0 |          0 |
|                                   i_pipe                                                                         |                                                              split_d_system_fsa_0_0_xbip_pipe_v3_0_10_viv__parameterized36_386 |         23 |         23 |       0 |    0 |    23 |      0 |      0 |    0 |          0 |
|                                 B_IP_DELAY                                                                       |                                                                              split_d_system_fsa_0_0_delay__parameterized19_343 |         30 |         30 |       0 |    0 |    23 |      0 |      0 |    0 |          0 |
|                                   i_pipe                                                                         |                                                              split_d_system_fsa_0_0_xbip_pipe_v3_0_10_viv__parameterized36_385 |         30 |         30 |       0 |    0 |    23 |      0 |      0 |    0 |          0 |
|                                 DSP48E1_BODY.ALIGN_ADD                                                           |                                                                               split_d_system_fsa_0_0_align_add_dsp48e1_sgl_344 |         35 |         35 |       0 |    0 |     0 |      0 |      0 |    0 |          1 |
|                                   DSP2                                                                           |                                                                                     split_d_system_fsa_0_0_dsp48e1_wrapper_381 |         35 |         35 |       0 |    0 |     0 |      0 |      0 |    0 |          1 |
|                                   ZERO_14_DET.CARRY_MUX                                                          |                                                                         split_d_system_fsa_0_0_carry_chain__parameterized7_382 |          0 |          0 |       0 |    0 |     0 |      0 |      0 |    0 |          0 |
|                                   ZERO_14_DET.ZERO_DET                                                           |                                                                       split_d_system_fsa_0_0_compare_eq_im__parameterized1_383 |          0 |          0 |       0 |    0 |     0 |      0 |      0 |    0 |          0 |
|                                     CARRY_ZERO_DET                                                               |                                                                         split_d_system_fsa_0_0_carry_chain__parameterized6_384 |          0 |          0 |       0 |    0 |     0 |      0 |      0 |    0 |          0 |
|                                 DSP48E1_BODY.EXP                                                                 |                                                                                      split_d_system_fsa_0_0_flt_add_exp_sp_345 |         85 |         85 |       0 |    0 |    35 |      0 |      0 |    0 |          0 |
|                                   (DSP48E1_BODY.EXP)                                                             |                                                                                      split_d_system_fsa_0_0_flt_add_exp_sp_345 |          8 |          8 |       0 |    0 |     0 |      0 |      0 |    0 |          0 |
|                                   A_EXP_DELAY                                                                    |                                                                              split_d_system_fsa_0_0_delay__parameterized31_350 |          0 |          0 |       0 |    0 |     8 |      0 |      0 |    0 |          0 |
|                                     i_pipe                                                                       |                                                              split_d_system_fsa_0_0_xbip_pipe_v3_0_10_viv__parameterized52_380 |          0 |          0 |       0 |    0 |     8 |      0 |      0 |    0 |          0 |
|                                   A_SIGN_DELAY                                                                   |                                                                              split_d_system_fsa_0_0_delay__parameterized32_351 |          0 |          0 |       0 |    0 |     1 |      0 |      0 |    0 |          0 |
|                                     i_pipe                                                                       |                                                              split_d_system_fsa_0_0_xbip_pipe_v3_0_10_viv__parameterized54_379 |          0 |          0 |       0 |    0 |     1 |      0 |      0 |    0 |          0 |
|                                   BMA_EXP_DELAY                                                                  |                                                                              split_d_system_fsa_0_0_delay__parameterized35_352 |         20 |         20 |       0 |    0 |     9 |      0 |      0 |    0 |          0 |
|                                     i_pipe                                                                       |                                                              split_d_system_fsa_0_0_xbip_pipe_v3_0_10_viv__parameterized58_378 |         20 |         20 |       0 |    0 |     9 |      0 |      0 |    0 |          0 |
|                                   B_EXP_DELAY                                                                    |                                                                              split_d_system_fsa_0_0_delay__parameterized31_353 |          0 |          0 |       0 |    0 |     8 |      0 |      0 |    0 |          0 |
|                                     i_pipe                                                                       |                                                              split_d_system_fsa_0_0_xbip_pipe_v3_0_10_viv__parameterized52_377 |          0 |          0 |       0 |    0 |     8 |      0 |      0 |    0 |          0 |
|                                   B_SIGN_DELAY                                                                   |                                                                              split_d_system_fsa_0_0_delay__parameterized32_354 |          1 |          1 |       0 |    0 |     1 |      0 |      0 |    0 |          0 |
|                                     i_pipe                                                                       |                                                              split_d_system_fsa_0_0_xbip_pipe_v3_0_10_viv__parameterized54_376 |          1 |          1 |       0 |    0 |     1 |      0 |      0 |    0 |          0 |
|                                   COND_DET_A                                                                     |                                                                      split_d_system_fsa_0_0_special_detect__parameterized1_355 |         22 |         22 |       0 |    0 |     3 |      0 |      0 |    0 |          0 |
|                                     EXP_DET_LUT.EXP_ALL_ONE_DEL                                                  |                                                                              split_d_system_fsa_0_0_delay__parameterized29_370 |         14 |         14 |       0 |    0 |     1 |      0 |      0 |    0 |          0 |
|                                       i_pipe                                                                     |                                                              split_d_system_fsa_0_0_xbip_pipe_v3_0_10_viv__parameterized50_375 |         14 |         14 |       0 |    0 |     1 |      0 |      0 |    0 |          0 |
|                                     EXP_DET_LUT.EXP_ALL_ZERO_DEL                                                 |                                                                              split_d_system_fsa_0_0_delay__parameterized29_371 |          5 |          5 |       0 |    0 |     1 |      0 |      0 |    0 |          0 |
|                                       i_pipe                                                                     |                                                              split_d_system_fsa_0_0_xbip_pipe_v3_0_10_viv__parameterized50_374 |          5 |          5 |       0 |    0 |     1 |      0 |      0 |    0 |          0 |
|                                     MANT_CARRY.MANT_ALL_ZERO_DET                                                 |                                                                       split_d_system_fsa_0_0_compare_eq_im__parameterized2_372 |          4 |          4 |       0 |    0 |     1 |      0 |      0 |    0 |          0 |
|                                       CARRY_ZERO_DET                                                             |                                                                         split_d_system_fsa_0_0_carry_chain__parameterized8_373 |          4 |          4 |       0 |    0 |     1 |      0 |      0 |    0 |          0 |
|                                   COND_DET_B                                                                     |                                                                      split_d_system_fsa_0_0_special_detect__parameterized1_356 |         11 |         11 |       0 |    0 |     3 |      0 |      0 |    0 |          0 |
|                                     EXP_DET_LUT.EXP_ALL_ONE_DEL                                                  |                                                                              split_d_system_fsa_0_0_delay__parameterized29_364 |          4 |          4 |       0 |    0 |     1 |      0 |      0 |    0 |          0 |
|                                       i_pipe                                                                     |                                                              split_d_system_fsa_0_0_xbip_pipe_v3_0_10_viv__parameterized50_369 |          4 |          4 |       0 |    0 |     1 |      0 |      0 |    0 |          0 |
|                                     EXP_DET_LUT.EXP_ALL_ZERO_DEL                                                 |                                                                              split_d_system_fsa_0_0_delay__parameterized29_365 |          4 |          4 |       0 |    0 |     1 |      0 |      0 |    0 |          0 |
|                                       i_pipe                                                                     |                                                              split_d_system_fsa_0_0_xbip_pipe_v3_0_10_viv__parameterized50_368 |          4 |          4 |       0 |    0 |     1 |      0 |      0 |    0 |          0 |
|                                     MANT_CARRY.MANT_ALL_ZERO_DET                                                 |                                                                       split_d_system_fsa_0_0_compare_eq_im__parameterized2_366 |          5 |          5 |       0 |    0 |     1 |      0 |      0 |    0 |          0 |
|                                       CARRY_ZERO_DET                                                             |                                                                         split_d_system_fsa_0_0_carry_chain__parameterized8_367 |          5 |          5 |       0 |    0 |     1 |      0 |      0 |    0 |          0 |
|                                   EXP_OFF.STRUCT_ADD                                                             |                                                                        split_d_system_fsa_0_0_carry_chain__parameterized10_357 |          6 |          6 |       0 |    0 |     0 |      0 |      0 |    0 |          0 |
|                                   NUMB_CMP                                                                       |                                                                                             split_d_system_fsa_0_0_compare_358 |         16 |         16 |       0 |    0 |     1 |      0 |      0 |    0 |          0 |
|                                     NOT_FAST.CMP                                                                 |                                                                                          split_d_system_fsa_0_0_compare_gt_362 |         16 |         16 |       0 |    0 |     1 |      0 |      0 |    0 |          0 |
|                                       C_CHAIN                                                                    |                                                                         split_d_system_fsa_0_0_carry_chain__parameterized9_363 |         16 |         16 |       0 |    0 |     1 |      0 |      0 |    0 |          0 |
|                                   SUB_DELAY                                                                      |                                                                              split_d_system_fsa_0_0_delay__parameterized32_359 |          2 |          2 |       0 |    0 |     1 |      0 |      0 |    0 |          0 |
|                                     i_pipe                                                                       |                                                              split_d_system_fsa_0_0_xbip_pipe_v3_0_10_viv__parameterized54_361 |          2 |          2 |       0 |    0 |     1 |      0 |      0 |    0 |          0 |
|                                   merged_sub_mux.STRUCT_ADD                                                      |                                                                        split_d_system_fsa_0_0_carry_chain__parameterized10_360 |          0 |          0 |       0 |    0 |     0 |      0 |      0 |    0 |          0 |
|                                 DSP48E1_BODY.NORM_RND                                                            |                                                                          split_d_system_fsa_0_0_norm_and_round_dsp48e1_sgl_346 |         32 |         32 |       0 |    0 |     0 |      0 |      0 |    0 |          1 |
|                                   (DSP48E1_BODY.NORM_RND)                                                        |                                                                          split_d_system_fsa_0_0_norm_and_round_dsp48e1_sgl_346 |          3 |          3 |       0 |    0 |     0 |      0 |      0 |    0 |          0 |
|                                   FULL_USAGE_DSP.LOD                                                             |                                                                              split_d_system_fsa_0_0_lead_zero_encode_shift_348 |         18 |         18 |       0 |    0 |     0 |      0 |      0 |    0 |          0 |
|                                   FULL_USAGE_DSP.SHIFT_RND                                                       |                                                                     split_d_system_fsa_0_0_dsp48e1_wrapper__parameterized0_349 |         11 |         11 |       0 |    0 |     0 |      0 |      0 |    0 |          1 |
|                                 OP                                                                               |                                                                          split_d_system_fsa_0_0_flt_dec_op__parameterized1_347 |          0 |          0 |       0 |    0 |     0 |      0 |      0 |    0 |          0 |
|                     fsub_32ns_32ns_32_3_full_dsp_1_U818                                                          |                                                    split_d_system_fsa_0_0_fsa_stream_split_d_fsub_32ns_32ns_32_3_full_dsp_1_23 |        181 |        181 |       0 |    0 |    46 |      0 |      0 |    0 |          2 |
|                       fsa_stream_split_d_fsub_32ns_32ns_32_3_full_dsp_1_ip_u                                     |                                                split_d_system_fsa_0_0_fsa_stream_split_d_fsub_32ns_32ns_32_3_full_dsp_1_ip_297 |        181 |        181 |       0 |    0 |    46 |      0 |      0 |    0 |          2 |
|                         inst                                                                                     |                                                               split_d_system_fsa_0_0_floating_point_v7_1_19__parameterized1__7 |        181 |        181 |       0 |    0 |    46 |      0 |      0 |    0 |          2 |
|                           i_synth                                                                                |                                                           split_d_system_fsa_0_0_floating_point_v7_1_19_viv__parameterized3__7 |        181 |        181 |       0 |    0 |    46 |      0 |      0 |    0 |          2 |
|                             ADDSUB_OP.ADDSUB                                                                     |                                                                                             split_d_system_fsa_0_0_flt_add_298 |        181 |        181 |       0 |    0 |    46 |      0 |      0 |    0 |          2 |
|                               DSP.OP                                                                             |                                                                                         split_d_system_fsa_0_0_flt_add_dsp_300 |        181 |        181 |       0 |    0 |    46 |      0 |      0 |    0 |          2 |
|                                 B_IP_DELAY                                                                       |                                                                              split_d_system_fsa_0_0_delay__parameterized19_301 |         23 |         23 |       0 |    0 |    23 |      0 |      0 |    0 |          0 |
|                                   i_pipe                                                                         |                                                              split_d_system_fsa_0_0_xbip_pipe_v3_0_10_viv__parameterized36_337 |         23 |         23 |       0 |    0 |    23 |      0 |      0 |    0 |          0 |
|                                 DSP48E1_BODY.ALIGN_ADD                                                           |                                                                               split_d_system_fsa_0_0_align_add_dsp48e1_sgl_302 |         40 |         40 |       0 |    0 |     0 |      0 |      0 |    0 |          1 |
|                                   DSP2                                                                           |                                                                                     split_d_system_fsa_0_0_dsp48e1_wrapper_333 |         40 |         40 |       0 |    0 |     0 |      0 |      0 |    0 |          1 |
|                                   ZERO_14_DET.CARRY_MUX                                                          |                                                                         split_d_system_fsa_0_0_carry_chain__parameterized7_334 |          0 |          0 |       0 |    0 |     0 |      0 |      0 |    0 |          0 |
|                                   ZERO_14_DET.ZERO_DET                                                           |                                                                       split_d_system_fsa_0_0_compare_eq_im__parameterized1_335 |          0 |          0 |       0 |    0 |     0 |      0 |      0 |    0 |          0 |
|                                     CARRY_ZERO_DET                                                               |                                                                         split_d_system_fsa_0_0_carry_chain__parameterized6_336 |          0 |          0 |       0 |    0 |     0 |      0 |      0 |    0 |          0 |
|                                 DSP48E1_BODY.EXP                                                                 |                                                                                      split_d_system_fsa_0_0_flt_add_exp_sp_303 |         95 |         95 |       0 |    0 |    23 |      0 |      0 |    0 |          0 |
|                                   (DSP48E1_BODY.EXP)                                                             |                                                                                      split_d_system_fsa_0_0_flt_add_exp_sp_303 |          8 |          8 |       0 |    0 |     0 |      0 |      0 |    0 |          0 |
|                                   BMA_EXP_DELAY                                                                  |                                                                              split_d_system_fsa_0_0_delay__parameterized35_308 |         20 |         20 |       0 |    0 |     9 |      0 |      0 |    0 |          0 |
|                                     i_pipe                                                                       |                                                              split_d_system_fsa_0_0_xbip_pipe_v3_0_10_viv__parameterized58_332 |         20 |         20 |       0 |    0 |     9 |      0 |      0 |    0 |          0 |
|                                   B_EXP_DELAY                                                                    |                                                                              split_d_system_fsa_0_0_delay__parameterized31_309 |          0 |          0 |       0 |    0 |     8 |      0 |      0 |    0 |          0 |
|                                     i_pipe                                                                       |                                                              split_d_system_fsa_0_0_xbip_pipe_v3_0_10_viv__parameterized52_331 |          0 |          0 |       0 |    0 |     8 |      0 |      0 |    0 |          0 |
|                                   B_SIGN_DELAY                                                                   |                                                                              split_d_system_fsa_0_0_delay__parameterized32_310 |          2 |          2 |       0 |    0 |     1 |      0 |      0 |    0 |          0 |
|                                     i_pipe                                                                       |                                                              split_d_system_fsa_0_0_xbip_pipe_v3_0_10_viv__parameterized54_330 |          2 |          2 |       0 |    0 |     1 |      0 |      0 |    0 |          0 |
|                                   COND_DET_A                                                                     |                                                                      split_d_system_fsa_0_0_special_detect__parameterized1_311 |          5 |          5 |       0 |    0 |     1 |      0 |      0 |    0 |          0 |
|                                     EXP_DET_LUT.EXP_ALL_ONE_DEL                                                  |                                                                              split_d_system_fsa_0_0_delay__parameterized29_324 |          3 |          3 |       0 |    0 |     0 |      0 |      0 |    0 |          0 |
|                                       i_pipe                                                                     |                                                              split_d_system_fsa_0_0_xbip_pipe_v3_0_10_viv__parameterized50_329 |          3 |          3 |       0 |    0 |     0 |      0 |      0 |    0 |          0 |
|                                     EXP_DET_LUT.EXP_ALL_ZERO_DEL                                                 |                                                                              split_d_system_fsa_0_0_delay__parameterized29_325 |          3 |          3 |       0 |    0 |     1 |      0 |      0 |    0 |          0 |
|                                       i_pipe                                                                     |                                                              split_d_system_fsa_0_0_xbip_pipe_v3_0_10_viv__parameterized50_328 |          3 |          3 |       0 |    0 |     1 |      0 |      0 |    0 |          0 |
|                                   COND_DET_B                                                                     |                                                                      split_d_system_fsa_0_0_special_detect__parameterized1_312 |          9 |          9 |       0 |    0 |     3 |      0 |      0 |    0 |          0 |
|                                     EXP_DET_LUT.EXP_ALL_ONE_DEL                                                  |                                                                              split_d_system_fsa_0_0_delay__parameterized29_318 |          2 |          2 |       0 |    0 |     1 |      0 |      0 |    0 |          0 |
|                                       i_pipe                                                                     |                                                              split_d_system_fsa_0_0_xbip_pipe_v3_0_10_viv__parameterized50_323 |          2 |          2 |       0 |    0 |     1 |      0 |      0 |    0 |          0 |
|                                     EXP_DET_LUT.EXP_ALL_ZERO_DEL                                                 |                                                                              split_d_system_fsa_0_0_delay__parameterized29_319 |          3 |          3 |       0 |    0 |     1 |      0 |      0 |    0 |          0 |
|                                       i_pipe                                                                     |                                                              split_d_system_fsa_0_0_xbip_pipe_v3_0_10_viv__parameterized50_322 |          3 |          3 |       0 |    0 |     1 |      0 |      0 |    0 |          0 |
|                                     MANT_CARRY.MANT_ALL_ZERO_DET                                                 |                                                                       split_d_system_fsa_0_0_compare_eq_im__parameterized2_320 |          4 |          4 |       0 |    0 |     1 |      0 |      0 |    0 |          0 |
|                                       CARRY_ZERO_DET                                                             |                                                                         split_d_system_fsa_0_0_carry_chain__parameterized8_321 |          4 |          4 |       0 |    0 |     1 |      0 |      0 |    0 |          0 |
|                                   EXP_OFF.STRUCT_ADD                                                             |                                                                        split_d_system_fsa_0_0_carry_chain__parameterized10_313 |         24 |         24 |       0 |    0 |     0 |      0 |      0 |    0 |          0 |
|                                   NUMB_CMP                                                                       |                                                                                             split_d_system_fsa_0_0_compare_314 |         28 |         28 |       0 |    0 |     1 |      0 |      0 |    0 |          0 |
|                                     NOT_FAST.CMP                                                                 |                                                                                          split_d_system_fsa_0_0_compare_gt_316 |         28 |         28 |       0 |    0 |     1 |      0 |      0 |    0 |          0 |
|                                       C_CHAIN                                                                    |                                                                         split_d_system_fsa_0_0_carry_chain__parameterized9_317 |         28 |         28 |       0 |    0 |     1 |      0 |      0 |    0 |          0 |
|                                   merged_sub_mux.STRUCT_ADD                                                      |                                                                        split_d_system_fsa_0_0_carry_chain__parameterized10_315 |          0 |          0 |       0 |    0 |     0 |      0 |      0 |    0 |          0 |
|                                 DSP48E1_BODY.NORM_RND                                                            |                                                                          split_d_system_fsa_0_0_norm_and_round_dsp48e1_sgl_304 |         27 |         27 |       0 |    0 |     0 |      0 |      0 |    0 |          1 |
|                                   (DSP48E1_BODY.NORM_RND)                                                        |                                                                          split_d_system_fsa_0_0_norm_and_round_dsp48e1_sgl_304 |          3 |          3 |       0 |    0 |     0 |      0 |      0 |    0 |          0 |
|                                   FULL_USAGE_DSP.LOD                                                             |                                                                              split_d_system_fsa_0_0_lead_zero_encode_shift_306 |         24 |         24 |       0 |    0 |     0 |      0 |      0 |    0 |          0 |
|                                   FULL_USAGE_DSP.SHIFT_RND                                                       |                                                                     split_d_system_fsa_0_0_dsp48e1_wrapper__parameterized0_307 |          0 |          0 |       0 |    0 |     0 |      0 |      0 |    0 |          1 |
|                                 OP                                                                               |                                                                          split_d_system_fsa_0_0_flt_dec_op__parameterized1_305 |          0 |          0 |       0 |    0 |     0 |      0 |      0 |    0 |          0 |
|                     fsub_32ns_32ns_32_3_full_dsp_1_U819                                                          |                                                    split_d_system_fsa_0_0_fsa_stream_split_d_fsub_32ns_32ns_32_3_full_dsp_1_24 |        168 |        168 |       0 |    0 |    46 |      0 |      0 |    0 |          2 |
|                       fsa_stream_split_d_fsub_32ns_32ns_32_3_full_dsp_1_ip_u                                     |                                                    split_d_system_fsa_0_0_fsa_stream_split_d_fsub_32ns_32ns_32_3_full_dsp_1_ip |        168 |        168 |       0 |    0 |    46 |      0 |      0 |    0 |          2 |
|                         inst                                                                                     |                                                                  split_d_system_fsa_0_0_floating_point_v7_1_19__parameterized1 |        168 |        168 |       0 |    0 |    46 |      0 |      0 |    0 |          2 |
|                           i_synth                                                                                |                                                              split_d_system_fsa_0_0_floating_point_v7_1_19_viv__parameterized3 |        168 |        168 |       0 |    0 |    46 |      0 |      0 |    0 |          2 |
|                             ADDSUB_OP.ADDSUB                                                                     |                                                                                                 split_d_system_fsa_0_0_flt_add |        168 |        168 |       0 |    0 |    46 |      0 |      0 |    0 |          2 |
|                               DSP.OP                                                                             |                                                                                             split_d_system_fsa_0_0_flt_add_dsp |        168 |        168 |       0 |    0 |    46 |      0 |      0 |    0 |          2 |
|                                 B_IP_DELAY                                                                       |                                                                                  split_d_system_fsa_0_0_delay__parameterized19 |         30 |         30 |       0 |    0 |    23 |      0 |      0 |    0 |          0 |
|                                   i_pipe                                                                         |                                                                  split_d_system_fsa_0_0_xbip_pipe_v3_0_10_viv__parameterized36 |         30 |         30 |       0 |    0 |    23 |      0 |      0 |    0 |          0 |
|                                 DSP48E1_BODY.ALIGN_ADD                                                           |                                                                                   split_d_system_fsa_0_0_align_add_dsp48e1_sgl |         35 |         35 |       0 |    0 |     0 |      0 |      0 |    0 |          1 |
|                                   DSP2                                                                           |                                                                                         split_d_system_fsa_0_0_dsp48e1_wrapper |         35 |         35 |       0 |    0 |     0 |      0 |      0 |    0 |          1 |
|                                   ZERO_14_DET.CARRY_MUX                                                          |                                                                             split_d_system_fsa_0_0_carry_chain__parameterized7 |          0 |          0 |       0 |    0 |     0 |      0 |      0 |    0 |          0 |
|                                   ZERO_14_DET.ZERO_DET                                                           |                                                                           split_d_system_fsa_0_0_compare_eq_im__parameterized1 |          0 |          0 |       0 |    0 |     0 |      0 |      0 |    0 |          0 |
|                                     CARRY_ZERO_DET                                                               |                                                                             split_d_system_fsa_0_0_carry_chain__parameterized6 |          0 |          0 |       0 |    0 |     0 |      0 |      0 |    0 |          0 |
|                                 DSP48E1_BODY.EXP                                                                 |                                                                                          split_d_system_fsa_0_0_flt_add_exp_sp |        105 |        105 |       0 |    0 |    23 |      0 |      0 |    0 |          0 |
|                                   (DSP48E1_BODY.EXP)                                                             |                                                                                          split_d_system_fsa_0_0_flt_add_exp_sp |          8 |          8 |       0 |    0 |     0 |      0 |      0 |    0 |          0 |
|                                   BMA_EXP_DELAY                                                                  |                                                                                  split_d_system_fsa_0_0_delay__parameterized35 |         20 |         20 |       0 |    0 |     9 |      0 |      0 |    0 |          0 |
|                                     i_pipe                                                                       |                                                                  split_d_system_fsa_0_0_xbip_pipe_v3_0_10_viv__parameterized58 |         20 |         20 |       0 |    0 |     9 |      0 |      0 |    0 |          0 |
|                                   B_EXP_DELAY                                                                    |                                                                                  split_d_system_fsa_0_0_delay__parameterized31 |          0 |          0 |       0 |    0 |     8 |      0 |      0 |    0 |          0 |
|                                     i_pipe                                                                       |                                                                  split_d_system_fsa_0_0_xbip_pipe_v3_0_10_viv__parameterized52 |          0 |          0 |       0 |    0 |     8 |      0 |      0 |    0 |          0 |
|                                   B_SIGN_DELAY                                                                   |                                                                                  split_d_system_fsa_0_0_delay__parameterized32 |          2 |          2 |       0 |    0 |     1 |      0 |      0 |    0 |          0 |
|                                     i_pipe                                                                       |                                                                  split_d_system_fsa_0_0_xbip_pipe_v3_0_10_viv__parameterized54 |          2 |          2 |       0 |    0 |     1 |      0 |      0 |    0 |          0 |
|                                   COND_DET_A                                                                     |                                                                          split_d_system_fsa_0_0_special_detect__parameterized1 |          5 |          5 |       0 |    0 |     1 |      0 |      0 |    0 |          0 |
|                                     EXP_DET_LUT.EXP_ALL_ONE_DEL                                                  |                                                                              split_d_system_fsa_0_0_delay__parameterized29_291 |          3 |          3 |       0 |    0 |     0 |      0 |      0 |    0 |          0 |
|                                       i_pipe                                                                     |                                                              split_d_system_fsa_0_0_xbip_pipe_v3_0_10_viv__parameterized50_296 |          3 |          3 |       0 |    0 |     0 |      0 |      0 |    0 |          0 |
|                                     EXP_DET_LUT.EXP_ALL_ZERO_DEL                                                 |                                                                              split_d_system_fsa_0_0_delay__parameterized29_292 |          3 |          3 |       0 |    0 |     1 |      0 |      0 |    0 |          0 |
|                                       i_pipe                                                                     |                                                              split_d_system_fsa_0_0_xbip_pipe_v3_0_10_viv__parameterized50_295 |          3 |          3 |       0 |    0 |     1 |      0 |      0 |    0 |          0 |
|                                   COND_DET_B                                                                     |                                                                      split_d_system_fsa_0_0_special_detect__parameterized1_287 |          8 |          8 |       0 |    0 |     3 |      0 |      0 |    0 |          0 |
|                                     EXP_DET_LUT.EXP_ALL_ONE_DEL                                                  |                                                                                  split_d_system_fsa_0_0_delay__parameterized29 |          2 |          2 |       0 |    0 |     1 |      0 |      0 |    0 |          0 |
|                                       i_pipe                                                                     |                                                              split_d_system_fsa_0_0_xbip_pipe_v3_0_10_viv__parameterized50_290 |          2 |          2 |       0 |    0 |     1 |      0 |      0 |    0 |          0 |
|                                     EXP_DET_LUT.EXP_ALL_ZERO_DEL                                                 |                                                                              split_d_system_fsa_0_0_delay__parameterized29_289 |          3 |          3 |       0 |    0 |     1 |      0 |      0 |    0 |          0 |
|                                       i_pipe                                                                     |                                                                  split_d_system_fsa_0_0_xbip_pipe_v3_0_10_viv__parameterized50 |          3 |          3 |       0 |    0 |     1 |      0 |      0 |    0 |          0 |
|                                     MANT_CARRY.MANT_ALL_ZERO_DET                                                 |                                                                           split_d_system_fsa_0_0_compare_eq_im__parameterized2 |          4 |          4 |       0 |    0 |     1 |      0 |      0 |    0 |          0 |
|                                       CARRY_ZERO_DET                                                             |                                                                             split_d_system_fsa_0_0_carry_chain__parameterized8 |          4 |          4 |       0 |    0 |     1 |      0 |      0 |    0 |          0 |
|                                   EXP_OFF.STRUCT_ADD                                                             |                                                                            split_d_system_fsa_0_0_carry_chain__parameterized10 |         24 |         24 |       0 |    0 |     0 |      0 |      0 |    0 |          0 |
|                                   NUMB_CMP                                                                       |                                                                                                 split_d_system_fsa_0_0_compare |         39 |         39 |       0 |    0 |     1 |      0 |      0 |    0 |          0 |
|                                     NOT_FAST.CMP                                                                 |                                                                                              split_d_system_fsa_0_0_compare_gt |         39 |         39 |       0 |    0 |     1 |      0 |      0 |    0 |          0 |
|                                       C_CHAIN                                                                    |                                                                             split_d_system_fsa_0_0_carry_chain__parameterized9 |         39 |         39 |       0 |    0 |     1 |      0 |      0 |    0 |          0 |
|                                   merged_sub_mux.STRUCT_ADD                                                      |                                                                        split_d_system_fsa_0_0_carry_chain__parameterized10_288 |          0 |          0 |       0 |    0 |     0 |      0 |      0 |    0 |          0 |
|                                 DSP48E1_BODY.NORM_RND                                                            |                                                                              split_d_system_fsa_0_0_norm_and_round_dsp48e1_sgl |         21 |         21 |       0 |    0 |     0 |      0 |      0 |    0 |          1 |
|                                   (DSP48E1_BODY.NORM_RND)                                                        |                                                                              split_d_system_fsa_0_0_norm_and_round_dsp48e1_sgl |          3 |          3 |       0 |    0 |     0 |      0 |      0 |    0 |          0 |
|                                   FULL_USAGE_DSP.LOD                                                             |                                                                                  split_d_system_fsa_0_0_lead_zero_encode_shift |         18 |         18 |       0 |    0 |     0 |      0 |      0 |    0 |          0 |
|                                   FULL_USAGE_DSP.SHIFT_RND                                                       |                                                                         split_d_system_fsa_0_0_dsp48e1_wrapper__parameterized0 |          0 |          0 |       0 |    0 |     0 |      0 |      0 |    0 |          1 |
|                                 OP                                                                               |                                                                              split_d_system_fsa_0_0_flt_dec_op__parameterized1 |          0 |          0 |       0 |    0 |     0 |      0 |      0 |    0 |          0 |
|                     grp_runPeArray_fu_718                                                                        |                                                                           split_d_system_fsa_0_0_fsa_stream_split_d_runPeArray |       8050 |       8034 |       0 |   16 |  2777 |      0 |      0 |    0 |          8 |
|                       (grp_runPeArray_fu_718)                                                                    |                                                                           split_d_system_fsa_0_0_fsa_stream_split_d_runPeArray |       5074 |       5058 |       0 |   16 |  2777 |      0 |      0 |    0 |          0 |
|                       ctlz_22_22_1_1_U128                                                                        |                                                                       split_d_system_fsa_0_0_fsa_stream_split_d_ctlz_22_22_1_1 |         18 |         18 |       0 |    0 |     0 |      0 |      0 |    0 |          0 |
|                       ctlz_22_22_1_1_U130                                                                        |                                                                   split_d_system_fsa_0_0_fsa_stream_split_d_ctlz_22_22_1_1_266 |         17 |         17 |       0 |    0 |     0 |      0 |      0 |    0 |          0 |
|                       ctlz_22_22_1_1_U132                                                                        |                                                                   split_d_system_fsa_0_0_fsa_stream_split_d_ctlz_22_22_1_1_267 |         18 |         18 |       0 |    0 |     0 |      0 |      0 |    0 |          0 |
|                       ctlz_22_22_1_1_U134                                                                        |                                                                   split_d_system_fsa_0_0_fsa_stream_split_d_ctlz_22_22_1_1_268 |         18 |         18 |       0 |    0 |     0 |      0 |      0 |    0 |          0 |
|                       ctlz_22_22_1_1_U136                                                                        |                                                                   split_d_system_fsa_0_0_fsa_stream_split_d_ctlz_22_22_1_1_269 |         18 |         18 |       0 |    0 |     0 |      0 |      0 |    0 |          0 |
|                       ctlz_22_22_1_1_U138                                                                        |                                                                   split_d_system_fsa_0_0_fsa_stream_split_d_ctlz_22_22_1_1_270 |         17 |         17 |       0 |    0 |     0 |      0 |      0 |    0 |          0 |
|                       ctlz_22_22_1_1_U140                                                                        |                                                                   split_d_system_fsa_0_0_fsa_stream_split_d_ctlz_22_22_1_1_271 |         19 |         19 |       0 |    0 |     0 |      0 |      0 |    0 |          0 |
|                       ctlz_22_22_1_1_U142                                                                        |                                                                   split_d_system_fsa_0_0_fsa_stream_split_d_ctlz_22_22_1_1_272 |         19 |         19 |       0 |    0 |     0 |      0 |      0 |    0 |          0 |
|                       ctlz_27_27_1_1_U145                                                                        |                                                                       split_d_system_fsa_0_0_fsa_stream_split_d_ctlz_27_27_1_1 |         23 |         23 |       0 |    0 |     0 |      0 |      0 |    0 |          0 |
|                       ctlz_27_27_1_1_U147                                                                        |                                                                   split_d_system_fsa_0_0_fsa_stream_split_d_ctlz_27_27_1_1_273 |         23 |         23 |       0 |    0 |     0 |      0 |      0 |    0 |          0 |
|                       ctlz_27_27_1_1_U149                                                                        |                                                                   split_d_system_fsa_0_0_fsa_stream_split_d_ctlz_27_27_1_1_274 |         24 |         24 |       0 |    0 |     0 |      0 |      0 |    0 |          0 |
|                       ctlz_27_27_1_1_U151                                                                        |                                                                   split_d_system_fsa_0_0_fsa_stream_split_d_ctlz_27_27_1_1_275 |         23 |         23 |       0 |    0 |     0 |      0 |      0 |    0 |          0 |
|                       ctlz_27_27_1_1_U153                                                                        |                                                                   split_d_system_fsa_0_0_fsa_stream_split_d_ctlz_27_27_1_1_276 |         23 |         23 |       0 |    0 |     0 |      0 |      0 |    0 |          0 |
|                       ctlz_27_27_1_1_U155                                                                        |                                                                   split_d_system_fsa_0_0_fsa_stream_split_d_ctlz_27_27_1_1_277 |         23 |         23 |       0 |    0 |     0 |      0 |      0 |    0 |          0 |
|                       ctlz_27_27_1_1_U157                                                                        |                                                                   split_d_system_fsa_0_0_fsa_stream_split_d_ctlz_27_27_1_1_278 |         23 |         23 |       0 |    0 |     0 |      0 |      0 |    0 |          0 |
|                       ctlz_27_27_1_1_U159                                                                        |                                                                   split_d_system_fsa_0_0_fsa_stream_split_d_ctlz_27_27_1_1_279 |         26 |         26 |       0 |    0 |     0 |      0 |      0 |    0 |          0 |
|                       mul_11ns_11ns_22_2_1_U103                                                                  |                                                                 split_d_system_fsa_0_0_fsa_stream_split_d_mul_11ns_11ns_22_2_1 |        320 |        320 |       0 |    0 |     0 |      0 |      0 |    0 |          1 |
|                       mul_11ns_11ns_22_2_1_U109                                                                  |                                                             split_d_system_fsa_0_0_fsa_stream_split_d_mul_11ns_11ns_22_2_1_280 |        338 |        338 |       0 |    0 |     0 |      0 |      0 |    0 |          1 |
|                       mul_11ns_11ns_22_2_1_U115                                                                  |                                                             split_d_system_fsa_0_0_fsa_stream_split_d_mul_11ns_11ns_22_2_1_281 |        335 |        335 |       0 |    0 |     0 |      0 |      0 |    0 |          1 |
|                       mul_11ns_11ns_22_2_1_U121                                                                  |                                                             split_d_system_fsa_0_0_fsa_stream_split_d_mul_11ns_11ns_22_2_1_282 |        359 |        359 |       0 |    0 |     0 |      0 |      0 |    0 |          1 |
|                       mul_11ns_11ns_22_2_1_U127                                                                  |                                                             split_d_system_fsa_0_0_fsa_stream_split_d_mul_11ns_11ns_22_2_1_283 |        334 |        334 |       0 |    0 |     0 |      0 |      0 |    0 |          1 |
|                       mul_11ns_11ns_22_2_1_U85                                                                   |                                                             split_d_system_fsa_0_0_fsa_stream_split_d_mul_11ns_11ns_22_2_1_284 |        338 |        338 |       0 |    0 |     0 |      0 |      0 |    0 |          1 |
|                       mul_11ns_11ns_22_2_1_U91                                                                   |                                                             split_d_system_fsa_0_0_fsa_stream_split_d_mul_11ns_11ns_22_2_1_285 |        340 |        340 |       0 |    0 |     0 |      0 |      0 |    0 |          1 |
|                       mul_11ns_11ns_22_2_1_U97                                                                   |                                                             split_d_system_fsa_0_0_fsa_stream_split_d_mul_11ns_11ns_22_2_1_286 |        338 |        338 |       0 |    0 |     0 |      0 |      0 |    0 |          1 |
|                     grp_runQueryBlock_1_Pipeline_4_fu_546                                                        |                                                           split_d_system_fsa_0_0_fsa_stream_split_d_runQueryBlock_1_Pipeline_4 |          7 |          7 |       0 |    0 |     6 |      0 |      0 |    0 |          0 |
|                       (grp_runQueryBlock_1_Pipeline_4_fu_546)                                                    |                                                           split_d_system_fsa_0_0_fsa_stream_split_d_runQueryBlock_1_Pipeline_4 |          0 |          0 |       0 |    0 |     4 |      0 |      0 |    0 |          0 |
|                       flow_control_loop_pipe_sequential_init_U                                                   |                                           split_d_system_fsa_0_0_fsa_stream_split_d_flow_control_loop_pipe_sequential_init_265 |          7 |          7 |       0 |    0 |     2 |      0 |      0 |    0 |          0 |
|                     grp_runQueryBlock_1_Pipeline_VITIS_LOOP_109_1_VITIS_LOOP_110_2_fu_588                        |                           split_d_system_fsa_0_0_fsa_stream_split_d_runQueryBlock_1_Pipeline_VITIS_LOOP_109_1_VITIS_LOOP_110_2 |        542 |        542 |       0 |    0 |   667 |      0 |      0 |    0 |          0 |
|                       (grp_runQueryBlock_1_Pipeline_VITIS_LOOP_109_1_VITIS_LOOP_110_2_fu_588)                    |                           split_d_system_fsa_0_0_fsa_stream_split_d_runQueryBlock_1_Pipeline_VITIS_LOOP_109_1_VITIS_LOOP_110_2 |        523 |        523 |       0 |    0 |   665 |      0 |      0 |    0 |          0 |
|                       flow_control_loop_pipe_sequential_init_U                                                   |                                           split_d_system_fsa_0_0_fsa_stream_split_d_flow_control_loop_pipe_sequential_init_264 |         19 |         19 |       0 |    0 |     2 |      0 |      0 |    0 |          0 |
|                     grp_runQueryBlock_1_Pipeline_VITIS_LOOP_144_6_VITIS_LOOP_145_7_fu_550                        |                           split_d_system_fsa_0_0_fsa_stream_split_d_runQueryBlock_1_Pipeline_VITIS_LOOP_144_6_VITIS_LOOP_145_7 |         30 |         30 |       0 |    0 |    13 |      0 |      0 |    0 |          0 |
|                       (grp_runQueryBlock_1_Pipeline_VITIS_LOOP_144_6_VITIS_LOOP_145_7_fu_550)                    |                           split_d_system_fsa_0_0_fsa_stream_split_d_runQueryBlock_1_Pipeline_VITIS_LOOP_144_6_VITIS_LOOP_145_7 |         19 |         19 |       0 |    0 |    11 |      0 |      0 |    0 |          0 |
|                       flow_control_loop_pipe_sequential_init_U                                                   |                                           split_d_system_fsa_0_0_fsa_stream_split_d_flow_control_loop_pipe_sequential_init_263 |         11 |         11 |       0 |    0 |     2 |      0 |      0 |    0 |          0 |
|                     grp_runQueryBlock_1_Pipeline_VITIS_LOOP_162_1_fu_828                                         |                                            split_d_system_fsa_0_0_fsa_stream_split_d_runQueryBlock_1_Pipeline_VITIS_LOOP_162_1 |       1306 |       1306 |       0 |    0 |   338 |      0 |      0 |    0 |          0 |
|                       (grp_runQueryBlock_1_Pipeline_VITIS_LOOP_162_1_fu_828)                                     |                                            split_d_system_fsa_0_0_fsa_stream_split_d_runQueryBlock_1_Pipeline_VITIS_LOOP_162_1 |       1292 |       1292 |       0 |    0 |   336 |      0 |      0 |    0 |          0 |
|                       flow_control_loop_pipe_sequential_init_U                                                   |                                           split_d_system_fsa_0_0_fsa_stream_split_d_flow_control_loop_pipe_sequential_init_262 |         14 |         14 |       0 |    0 |     2 |      0 |      0 |    0 |          0 |
|                     grp_runQueryBlock_1_Pipeline_VITIS_LOOP_190_121_fu_653                                       |                                          split_d_system_fsa_0_0_fsa_stream_split_d_runQueryBlock_1_Pipeline_VITIS_LOOP_190_121 |        608 |        608 |       0 |    0 |    39 |      0 |      0 |    0 |          0 |
|                       (grp_runQueryBlock_1_Pipeline_VITIS_LOOP_190_121_fu_653)                                   |                                          split_d_system_fsa_0_0_fsa_stream_split_d_runQueryBlock_1_Pipeline_VITIS_LOOP_190_121 |        606 |        606 |       0 |    0 |    37 |      0 |      0 |    0 |          0 |
|                       flow_control_loop_pipe_sequential_init_U                                                   |                                           split_d_system_fsa_0_0_fsa_stream_split_d_flow_control_loop_pipe_sequential_init_261 |          3 |          3 |       0 |    0 |     2 |      0 |      0 |    0 |          0 |
|                     grp_runQueryBlock_1_Pipeline_VITIS_LOOP_190_12_fu_639                                        |                                           split_d_system_fsa_0_0_fsa_stream_split_d_runQueryBlock_1_Pipeline_VITIS_LOOP_190_12 |        614 |        614 |       0 |    0 |    39 |      0 |      0 |    0 |          0 |
|                       (grp_runQueryBlock_1_Pipeline_VITIS_LOOP_190_12_fu_639)                                    |                                           split_d_system_fsa_0_0_fsa_stream_split_d_runQueryBlock_1_Pipeline_VITIS_LOOP_190_12 |        612 |        612 |       0 |    0 |    37 |      0 |      0 |    0 |          0 |
|                       flow_control_loop_pipe_sequential_init_U                                                   |                                           split_d_system_fsa_0_0_fsa_stream_split_d_flow_control_loop_pipe_sequential_init_260 |          4 |          4 |       0 |    0 |     2 |      0 |      0 |    0 |          0 |
|                     grp_runQueryBlock_1_Pipeline_VITIS_LOOP_242_15_fu_667                                        |                                           split_d_system_fsa_0_0_fsa_stream_split_d_runQueryBlock_1_Pipeline_VITIS_LOOP_242_15 |       1270 |       1265 |       0 |    5 |   271 |      0 |      0 |    0 |          0 |
|                       (grp_runQueryBlock_1_Pipeline_VITIS_LOOP_242_15_fu_667)                                    |                                           split_d_system_fsa_0_0_fsa_stream_split_d_runQueryBlock_1_Pipeline_VITIS_LOOP_242_15 |       1177 |       1172 |       0 |    5 |   205 |      0 |      0 |    0 |          0 |
|                       flow_control_loop_pipe_sequential_init_U                                                   |                                           split_d_system_fsa_0_0_fsa_stream_split_d_flow_control_loop_pipe_sequential_init_226 |         45 |         45 |       0 |    0 |     2 |      0 |      0 |    0 |          0 |
|                       grp_cvtAtoE_fu_326                                                                         |                                                                              split_d_system_fsa_0_0_fsa_stream_split_d_cvtAtoE |         24 |         24 |       0 |    0 |    32 |      0 |      0 |    0 |          0 |
|                         (grp_cvtAtoE_fu_326)                                                                     |                                                                              split_d_system_fsa_0_0_fsa_stream_split_d_cvtAtoE |          0 |          0 |       0 |    0 |    32 |      0 |      0 |    0 |          0 |
|                         sptohp_32ns_16_1_no_dsp_1_U332                                                           |                                                        split_d_system_fsa_0_0_fsa_stream_split_d_sptohp_32ns_16_1_no_dsp_1_244 |         24 |         24 |       0 |    0 |     0 |      0 |      0 |    0 |          0 |
|                           fsa_stream_split_d_sptohp_32ns_16_1_no_dsp_1_ip_u                                      |                                                     split_d_system_fsa_0_0_fsa_stream_split_d_sptohp_32ns_16_1_no_dsp_1_ip_245 |         24 |         24 |       0 |    0 |     0 |      0 |      0 |    0 |          0 |
|                             inst                                                                                 |                                                                              split_d_system_fsa_0_0_floating_point_v7_1_19__19 |         24 |         24 |       0 |    0 |     0 |      0 |      0 |    0 |          0 |
|                               i_synth                                                                            |                                                                          split_d_system_fsa_0_0_floating_point_v7_1_19_viv__19 |         24 |         24 |       0 |    0 |     0 |      0 |      0 |    0 |          0 |
|                                 FLT_TO_FLT_OP.SPD.OP                                                             |                                                                                     split_d_system_fsa_0_0_flt_to_flt_conv_246 |         24 |         24 |       0 |    0 |     0 |      0 |      0 |    0 |          0 |
|                                   EXP                                                                            |                                                                                 split_d_system_fsa_0_0_flt_to_flt_conv_exp_247 |          6 |          6 |       0 |    0 |     0 |      0 |      0 |    0 |          0 |
|                                     COND_DET                                                                     |                                                                                      split_d_system_fsa_0_0_special_detect_257 |          6 |          6 |       0 |    0 |     0 |      0 |      0 |    0 |          0 |
|                                       MANT_CARRY.MANT_ALL_ZERO_DET                                               |                                                                                       split_d_system_fsa_0_0_compare_eq_im_258 |          6 |          6 |       0 |    0 |     0 |      0 |      0 |    0 |          0 |
|                                         (MANT_CARRY.MANT_ALL_ZERO_DET)                                           |                                                                                       split_d_system_fsa_0_0_compare_eq_im_258 |          2 |          2 |       0 |    0 |     0 |      0 |      0 |    0 |          0 |
|                                         CARRY_ZERO_DET                                                           |                                                                                         split_d_system_fsa_0_0_carry_chain_259 |          4 |          4 |       0 |    0 |     0 |      0 |      0 |    0 |          0 |
|                                   OUTPUT                                                                         |                                                                                          split_d_system_fsa_0_0_flt_dec_op_248 |          3 |          3 |       0 |    0 |     0 |      0 |      0 |    0 |          0 |
|                                   RND_REQ.ROUND                                                                  |                                                                              split_d_system_fsa_0_0_renorm_and_round_logic_249 |         13 |         13 |       0 |    0 |     0 |      0 |      0 |    0 |          0 |
|                                     EXP_ADD.ADD                                                                  |                                                                         split_d_system_fsa_0_0_carry_chain__parameterized4_252 |          6 |          6 |       0 |    0 |     0 |      0 |      0 |    0 |          0 |
|                                     LOGIC.RND1                                                                   |                                                                         split_d_system_fsa_0_0_carry_chain__parameterized2_253 |          3 |          3 |       0 |    0 |     0 |      0 |      0 |    0 |          0 |
|                                     LOGIC.RND2                                                                   |                                                                         split_d_system_fsa_0_0_carry_chain__parameterized3_254 |          3 |          3 |       0 |    0 |     0 |      0 |      0 |    0 |          0 |
|                                     RND_BIT_GEN                                                                  |                                                                                       split_d_system_fsa_0_0_flt_round_bit_255 |          1 |          1 |       0 |    0 |     0 |      0 |      0 |    0 |          0 |
|                                       NORM_1_OR_0.STRUCT_REQ.SPECIAL.RND_CHAIN                                   |                                                                         split_d_system_fsa_0_0_carry_chain__parameterized1_256 |          1 |          1 |       0 |    0 |     0 |      0 |      0 |    0 |          0 |
|                                   RND_REQ.Z_DET_REQ.DET_ZERO                                                     |                                                                                       split_d_system_fsa_0_0_compare_ne_im_250 |          2 |          2 |       0 |    0 |     0 |      0 |      0 |    0 |          0 |
|                                     WIDE_NOR                                                                     |                                                                         split_d_system_fsa_0_0_carry_chain__parameterized0_251 |          2 |          2 |       0 |    0 |     0 |      0 |      0 |    0 |          0 |
|                       grp_cvtAtoE_fu_332                                                                         |                                                                          split_d_system_fsa_0_0_fsa_stream_split_d_cvtAtoE_227 |         24 |         24 |       0 |    0 |    32 |      0 |      0 |    0 |          0 |
|                         (grp_cvtAtoE_fu_332)                                                                     |                                                                          split_d_system_fsa_0_0_fsa_stream_split_d_cvtAtoE_227 |          0 |          0 |       0 |    0 |    32 |      0 |      0 |    0 |          0 |
|                         sptohp_32ns_16_1_no_dsp_1_U332                                                           |                                                        split_d_system_fsa_0_0_fsa_stream_split_d_sptohp_32ns_16_1_no_dsp_1_228 |         24 |         24 |       0 |    0 |     0 |      0 |      0 |    0 |          0 |
|                           fsa_stream_split_d_sptohp_32ns_16_1_no_dsp_1_ip_u                                      |                                                     split_d_system_fsa_0_0_fsa_stream_split_d_sptohp_32ns_16_1_no_dsp_1_ip_229 |         24 |         24 |       0 |    0 |     0 |      0 |      0 |    0 |          0 |
|                             inst                                                                                 |                                                                              split_d_system_fsa_0_0_floating_point_v7_1_19__11 |         24 |         24 |       0 |    0 |     0 |      0 |      0 |    0 |          0 |
|                               i_synth                                                                            |                                                                          split_d_system_fsa_0_0_floating_point_v7_1_19_viv__11 |         24 |         24 |       0 |    0 |     0 |      0 |      0 |    0 |          0 |
|                                 FLT_TO_FLT_OP.SPD.OP                                                             |                                                                                     split_d_system_fsa_0_0_flt_to_flt_conv_230 |         24 |         24 |       0 |    0 |     0 |      0 |      0 |    0 |          0 |
|                                   EXP                                                                            |                                                                                 split_d_system_fsa_0_0_flt_to_flt_conv_exp_231 |          6 |          6 |       0 |    0 |     0 |      0 |      0 |    0 |          0 |
|                                     COND_DET                                                                     |                                                                                      split_d_system_fsa_0_0_special_detect_241 |          6 |          6 |       0 |    0 |     0 |      0 |      0 |    0 |          0 |
|                                       MANT_CARRY.MANT_ALL_ZERO_DET                                               |                                                                                       split_d_system_fsa_0_0_compare_eq_im_242 |          6 |          6 |       0 |    0 |     0 |      0 |      0 |    0 |          0 |
|                                         (MANT_CARRY.MANT_ALL_ZERO_DET)                                           |                                                                                       split_d_system_fsa_0_0_compare_eq_im_242 |          2 |          2 |       0 |    0 |     0 |      0 |      0 |    0 |          0 |
|                                         CARRY_ZERO_DET                                                           |                                                                                         split_d_system_fsa_0_0_carry_chain_243 |          4 |          4 |       0 |    0 |     0 |      0 |      0 |    0 |          0 |
|                                   OUTPUT                                                                         |                                                                                          split_d_system_fsa_0_0_flt_dec_op_232 |          3 |          3 |       0 |    0 |     0 |      0 |      0 |    0 |          0 |
|                                   RND_REQ.ROUND                                                                  |                                                                              split_d_system_fsa_0_0_renorm_and_round_logic_233 |         13 |         13 |       0 |    0 |     0 |      0 |      0 |    0 |          0 |
|                                     EXP_ADD.ADD                                                                  |                                                                         split_d_system_fsa_0_0_carry_chain__parameterized4_236 |          6 |          6 |       0 |    0 |     0 |      0 |      0 |    0 |          0 |
|                                     LOGIC.RND1                                                                   |                                                                         split_d_system_fsa_0_0_carry_chain__parameterized2_237 |          3 |          3 |       0 |    0 |     0 |      0 |      0 |    0 |          0 |
|                                     LOGIC.RND2                                                                   |                                                                         split_d_system_fsa_0_0_carry_chain__parameterized3_238 |          3 |          3 |       0 |    0 |     0 |      0 |      0 |    0 |          0 |
|                                     RND_BIT_GEN                                                                  |                                                                                       split_d_system_fsa_0_0_flt_round_bit_239 |          1 |          1 |       0 |    0 |     0 |      0 |      0 |    0 |          0 |
|                                       NORM_1_OR_0.STRUCT_REQ.SPECIAL.RND_CHAIN                                   |                                                                         split_d_system_fsa_0_0_carry_chain__parameterized1_240 |          1 |          1 |       0 |    0 |     0 |      0 |      0 |    0 |          0 |
|                                   RND_REQ.Z_DET_REQ.DET_ZERO                                                     |                                                                                       split_d_system_fsa_0_0_compare_ne_im_234 |          2 |          2 |       0 |    0 |     0 |      0 |      0 |    0 |          0 |
|                                     WIDE_NOR                                                                     |                                                                         split_d_system_fsa_0_0_carry_chain__parameterized0_235 |          2 |          2 |       0 |    0 |     0 |      0 |      0 |    0 |          0 |
|                     grp_runQueryBlock_1_Pipeline_VITIS_LOOP_300_25_fu_772                                        |                                           split_d_system_fsa_0_0_fsa_stream_split_d_runQueryBlock_1_Pipeline_VITIS_LOOP_300_25 |        372 |        369 |       0 |    3 |   441 |      0 |      0 |    0 |          0 |
|                       (grp_runQueryBlock_1_Pipeline_VITIS_LOOP_300_25_fu_772)                                    |                                           split_d_system_fsa_0_0_fsa_stream_split_d_runQueryBlock_1_Pipeline_VITIS_LOOP_300_25 |         19 |         16 |       0 |    3 |   403 |      0 |      0 |    0 |          0 |
|                       EXP2_SLOPES16_U                                                                            |     split_d_system_fsa_0_0_fsa_stream_split_d_runQueryBlock_0_Pipeline_VITIS_LOOP_300_25_fsa_split_d_detail_EXP2_SLOPES_ROMdEe |         49 |         49 |       0 |    0 |    12 |      0 |      0 |    0 |          0 |
|                       flow_control_loop_pipe_sequential_init_U                                                   |                                           split_d_system_fsa_0_0_fsa_stream_split_d_flow_control_loop_pipe_sequential_init_169 |         43 |         43 |       0 |    0 |     2 |      0 |      0 |    0 |          0 |
|                       hptosp_16ns_32_1_no_dsp_1_U710                                                             |                                                            split_d_system_fsa_0_0_fsa_stream_split_d_hptosp_16ns_32_1_no_dsp_1 |         31 |         31 |       0 |    0 |     0 |      0 |      0 |    0 |          0 |
|                         fsa_stream_split_d_hptosp_16ns_32_1_no_dsp_1_ip_u                                        |                                                     split_d_system_fsa_0_0_fsa_stream_split_d_hptosp_16ns_32_1_no_dsp_1_ip_219 |         31 |         31 |       0 |    0 |     0 |      0 |      0 |    0 |          0 |
|                           (fsa_stream_split_d_hptosp_16ns_32_1_no_dsp_1_ip_u)                                    |                                                     split_d_system_fsa_0_0_fsa_stream_split_d_hptosp_16ns_32_1_no_dsp_1_ip_219 |         16 |         16 |       0 |    0 |     0 |      0 |      0 |    0 |          0 |
|                           inst                                                                                   |                                                               split_d_system_fsa_0_0_floating_point_v7_1_19__parameterized0__9 |         15 |         15 |       0 |    0 |     0 |      0 |      0 |    0 |          0 |
|                             i_synth                                                                              |                                                           split_d_system_fsa_0_0_floating_point_v7_1_19_viv__parameterized1__9 |         15 |         15 |       0 |    0 |     0 |      0 |      0 |    0 |          0 |
|                               (i_synth)                                                                          |                                                           split_d_system_fsa_0_0_floating_point_v7_1_19_viv__parameterized1__9 |          1 |          1 |       0 |    0 |     0 |      0 |      0 |    0 |          0 |
|                               FLT_TO_FLT_OP.SPD.OP                                                               |                                                                     split_d_system_fsa_0_0_flt_to_flt_conv__parameterized0_220 |         15 |         15 |       0 |    0 |     0 |      0 |      0 |    0 |          0 |
|                                 EXP                                                                              |                                                                 split_d_system_fsa_0_0_flt_to_flt_conv_exp__parameterized0_221 |          4 |          4 |       0 |    0 |     0 |      0 |      0 |    0 |          0 |
|                                   COND_DET                                                                       |                                                                      split_d_system_fsa_0_0_special_detect__parameterized0_223 |          4 |          4 |       0 |    0 |     0 |      0 |      0 |    0 |          0 |
|                                     MANT_CARRY.MANT_ALL_ZERO_DET                                                 |                                                                       split_d_system_fsa_0_0_compare_eq_im__parameterized0_224 |          4 |          4 |       0 |    0 |     0 |      0 |      0 |    0 |          0 |
|                                       CARRY_ZERO_DET                                                             |                                                                         split_d_system_fsa_0_0_carry_chain__parameterized5_225 |          4 |          4 |       0 |    0 |     0 |      0 |      0 |    0 |          0 |
|                                 OUTPUT                                                                           |                                                                          split_d_system_fsa_0_0_flt_dec_op__parameterized0_222 |         11 |         11 |       0 |    0 |     0 |      0 |      0 |    0 |          0 |
|                       hptosp_16ns_32_1_no_dsp_1_U711                                                             |                                                        split_d_system_fsa_0_0_fsa_stream_split_d_hptosp_16ns_32_1_no_dsp_1_170 |         31 |         31 |       0 |    0 |     0 |      0 |      0 |    0 |          0 |
|                         fsa_stream_split_d_hptosp_16ns_32_1_no_dsp_1_ip_u                                        |                                                     split_d_system_fsa_0_0_fsa_stream_split_d_hptosp_16ns_32_1_no_dsp_1_ip_212 |         31 |         31 |       0 |    0 |     0 |      0 |      0 |    0 |          0 |
|                           (fsa_stream_split_d_hptosp_16ns_32_1_no_dsp_1_ip_u)                                    |                                                     split_d_system_fsa_0_0_fsa_stream_split_d_hptosp_16ns_32_1_no_dsp_1_ip_212 |         16 |         16 |       0 |    0 |     0 |      0 |      0 |    0 |          0 |
|                           inst                                                                                   |                                                              split_d_system_fsa_0_0_floating_point_v7_1_19__parameterized0__10 |         15 |         15 |       0 |    0 |     0 |      0 |      0 |    0 |          0 |
|                             i_synth                                                                              |                                                          split_d_system_fsa_0_0_floating_point_v7_1_19_viv__parameterized1__10 |         15 |         15 |       0 |    0 |     0 |      0 |      0 |    0 |          0 |
|                               (i_synth)                                                                          |                                                          split_d_system_fsa_0_0_floating_point_v7_1_19_viv__parameterized1__10 |          1 |          1 |       0 |    0 |     0 |      0 |      0 |    0 |          0 |
|                               FLT_TO_FLT_OP.SPD.OP                                                               |                                                                     split_d_system_fsa_0_0_flt_to_flt_conv__parameterized0_213 |         15 |         15 |       0 |    0 |     0 |      0 |      0 |    0 |          0 |
|                                 EXP                                                                              |                                                                 split_d_system_fsa_0_0_flt_to_flt_conv_exp__parameterized0_214 |          4 |          4 |       0 |    0 |     0 |      0 |      0 |    0 |          0 |
|                                   COND_DET                                                                       |                                                                      split_d_system_fsa_0_0_special_detect__parameterized0_216 |          4 |          4 |       0 |    0 |     0 |      0 |      0 |    0 |          0 |
|                                     MANT_CARRY.MANT_ALL_ZERO_DET                                                 |                                                                       split_d_system_fsa_0_0_compare_eq_im__parameterized0_217 |          4 |          4 |       0 |    0 |     0 |      0 |      0 |    0 |          0 |
|                                       CARRY_ZERO_DET                                                             |                                                                         split_d_system_fsa_0_0_carry_chain__parameterized5_218 |          4 |          4 |       0 |    0 |     0 |      0 |      0 |    0 |          0 |
|                                 OUTPUT                                                                           |                                                                          split_d_system_fsa_0_0_flt_dec_op__parameterized0_215 |         11 |         11 |       0 |    0 |     0 |      0 |      0 |    0 |          0 |
|                       hptosp_16ns_32_1_no_dsp_1_U712                                                             |                                                        split_d_system_fsa_0_0_fsa_stream_split_d_hptosp_16ns_32_1_no_dsp_1_171 |         32 |         32 |       0 |    0 |     0 |      0 |      0 |    0 |          0 |
|                         fsa_stream_split_d_hptosp_16ns_32_1_no_dsp_1_ip_u                                        |                                                     split_d_system_fsa_0_0_fsa_stream_split_d_hptosp_16ns_32_1_no_dsp_1_ip_205 |         32 |         32 |       0 |    0 |     0 |      0 |      0 |    0 |          0 |
|                           (fsa_stream_split_d_hptosp_16ns_32_1_no_dsp_1_ip_u)                                    |                                                     split_d_system_fsa_0_0_fsa_stream_split_d_hptosp_16ns_32_1_no_dsp_1_ip_205 |         17 |         17 |       0 |    0 |     0 |      0 |      0 |    0 |          0 |
|                           inst                                                                                   |                                                              split_d_system_fsa_0_0_floating_point_v7_1_19__parameterized0__11 |         15 |         15 |       0 |    0 |     0 |      0 |      0 |    0 |          0 |
|                             i_synth                                                                              |                                                          split_d_system_fsa_0_0_floating_point_v7_1_19_viv__parameterized1__11 |         15 |         15 |       0 |    0 |     0 |      0 |      0 |    0 |          0 |
|                               (i_synth)                                                                          |                                                          split_d_system_fsa_0_0_floating_point_v7_1_19_viv__parameterized1__11 |          1 |          1 |       0 |    0 |     0 |      0 |      0 |    0 |          0 |
|                               FLT_TO_FLT_OP.SPD.OP                                                               |                                                                     split_d_system_fsa_0_0_flt_to_flt_conv__parameterized0_206 |         15 |         15 |       0 |    0 |     0 |      0 |      0 |    0 |          0 |
|                                 EXP                                                                              |                                                                 split_d_system_fsa_0_0_flt_to_flt_conv_exp__parameterized0_207 |          4 |          4 |       0 |    0 |     0 |      0 |      0 |    0 |          0 |
|                                   COND_DET                                                                       |                                                                      split_d_system_fsa_0_0_special_detect__parameterized0_209 |          4 |          4 |       0 |    0 |     0 |      0 |      0 |    0 |          0 |
|                                     MANT_CARRY.MANT_ALL_ZERO_DET                                                 |                                                                       split_d_system_fsa_0_0_compare_eq_im__parameterized0_210 |          4 |          4 |       0 |    0 |     0 |      0 |      0 |    0 |          0 |
|                                       CARRY_ZERO_DET                                                             |                                                                         split_d_system_fsa_0_0_carry_chain__parameterized5_211 |          4 |          4 |       0 |    0 |     0 |      0 |      0 |    0 |          0 |
|                                 OUTPUT                                                                           |                                                                          split_d_system_fsa_0_0_flt_dec_op__parameterized0_208 |         11 |         11 |       0 |    0 |     0 |      0 |      0 |    0 |          0 |
|                       hptosp_16ns_32_1_no_dsp_1_U713                                                             |                                                        split_d_system_fsa_0_0_fsa_stream_split_d_hptosp_16ns_32_1_no_dsp_1_172 |         31 |         31 |       0 |    0 |     0 |      0 |      0 |    0 |          0 |
|                         fsa_stream_split_d_hptosp_16ns_32_1_no_dsp_1_ip_u                                        |                                                     split_d_system_fsa_0_0_fsa_stream_split_d_hptosp_16ns_32_1_no_dsp_1_ip_198 |         31 |         31 |       0 |    0 |     0 |      0 |      0 |    0 |          0 |
|                           (fsa_stream_split_d_hptosp_16ns_32_1_no_dsp_1_ip_u)                                    |                                                     split_d_system_fsa_0_0_fsa_stream_split_d_hptosp_16ns_32_1_no_dsp_1_ip_198 |         16 |         16 |       0 |    0 |     0 |      0 |      0 |    0 |          0 |
|                           inst                                                                                   |                                                              split_d_system_fsa_0_0_floating_point_v7_1_19__parameterized0__12 |         15 |         15 |       0 |    0 |     0 |      0 |      0 |    0 |          0 |
|                             i_synth                                                                              |                                                          split_d_system_fsa_0_0_floating_point_v7_1_19_viv__parameterized1__12 |         15 |         15 |       0 |    0 |     0 |      0 |      0 |    0 |          0 |
|                               (i_synth)                                                                          |                                                          split_d_system_fsa_0_0_floating_point_v7_1_19_viv__parameterized1__12 |          1 |          1 |       0 |    0 |     0 |      0 |      0 |    0 |          0 |
|                               FLT_TO_FLT_OP.SPD.OP                                                               |                                                                     split_d_system_fsa_0_0_flt_to_flt_conv__parameterized0_199 |         15 |         15 |       0 |    0 |     0 |      0 |      0 |    0 |          0 |
|                                 EXP                                                                              |                                                                 split_d_system_fsa_0_0_flt_to_flt_conv_exp__parameterized0_200 |          4 |          4 |       0 |    0 |     0 |      0 |      0 |    0 |          0 |
|                                   COND_DET                                                                       |                                                                      split_d_system_fsa_0_0_special_detect__parameterized0_202 |          4 |          4 |       0 |    0 |     0 |      0 |      0 |    0 |          0 |
|                                     MANT_CARRY.MANT_ALL_ZERO_DET                                                 |                                                                       split_d_system_fsa_0_0_compare_eq_im__parameterized0_203 |          4 |          4 |       0 |    0 |     0 |      0 |      0 |    0 |          0 |
|                                       CARRY_ZERO_DET                                                             |                                                                         split_d_system_fsa_0_0_carry_chain__parameterized5_204 |          4 |          4 |       0 |    0 |     0 |      0 |      0 |    0 |          0 |
|                                 OUTPUT                                                                           |                                                                          split_d_system_fsa_0_0_flt_dec_op__parameterized0_201 |         11 |         11 |       0 |    0 |     0 |      0 |      0 |    0 |          0 |
|                       hptosp_16ns_32_1_no_dsp_1_U714                                                             |                                                        split_d_system_fsa_0_0_fsa_stream_split_d_hptosp_16ns_32_1_no_dsp_1_173 |         31 |         31 |       0 |    0 |     0 |      0 |      0 |    0 |          0 |
|                         fsa_stream_split_d_hptosp_16ns_32_1_no_dsp_1_ip_u                                        |                                                     split_d_system_fsa_0_0_fsa_stream_split_d_hptosp_16ns_32_1_no_dsp_1_ip_191 |         31 |         31 |       0 |    0 |     0 |      0 |      0 |    0 |          0 |
|                           (fsa_stream_split_d_hptosp_16ns_32_1_no_dsp_1_ip_u)                                    |                                                     split_d_system_fsa_0_0_fsa_stream_split_d_hptosp_16ns_32_1_no_dsp_1_ip_191 |         16 |         16 |       0 |    0 |     0 |      0 |      0 |    0 |          0 |
|                           inst                                                                                   |                                                              split_d_system_fsa_0_0_floating_point_v7_1_19__parameterized0__13 |         15 |         15 |       0 |    0 |     0 |      0 |      0 |    0 |          0 |
|                             i_synth                                                                              |                                                          split_d_system_fsa_0_0_floating_point_v7_1_19_viv__parameterized1__13 |         15 |         15 |       0 |    0 |     0 |      0 |      0 |    0 |          0 |
|                               (i_synth)                                                                          |                                                          split_d_system_fsa_0_0_floating_point_v7_1_19_viv__parameterized1__13 |          1 |          1 |       0 |    0 |     0 |      0 |      0 |    0 |          0 |
|                               FLT_TO_FLT_OP.SPD.OP                                                               |                                                                     split_d_system_fsa_0_0_flt_to_flt_conv__parameterized0_192 |         15 |         15 |       0 |    0 |     0 |      0 |      0 |    0 |          0 |
|                                 EXP                                                                              |                                                                 split_d_system_fsa_0_0_flt_to_flt_conv_exp__parameterized0_193 |          4 |          4 |       0 |    0 |     0 |      0 |      0 |    0 |          0 |
|                                   COND_DET                                                                       |                                                                      split_d_system_fsa_0_0_special_detect__parameterized0_195 |          4 |          4 |       0 |    0 |     0 |      0 |      0 |    0 |          0 |
|                                     MANT_CARRY.MANT_ALL_ZERO_DET                                                 |                                                                       split_d_system_fsa_0_0_compare_eq_im__parameterized0_196 |          4 |          4 |       0 |    0 |     0 |      0 |      0 |    0 |          0 |
|                                       CARRY_ZERO_DET                                                             |                                                                         split_d_system_fsa_0_0_carry_chain__parameterized5_197 |          4 |          4 |       0 |    0 |     0 |      0 |      0 |    0 |          0 |
|                                 OUTPUT                                                                           |                                                                          split_d_system_fsa_0_0_flt_dec_op__parameterized0_194 |         11 |         11 |       0 |    0 |     0 |      0 |      0 |    0 |          0 |
|                       hptosp_16ns_32_1_no_dsp_1_U715                                                             |                                                        split_d_system_fsa_0_0_fsa_stream_split_d_hptosp_16ns_32_1_no_dsp_1_174 |         31 |         31 |       0 |    0 |     0 |      0 |      0 |    0 |          0 |
|                         fsa_stream_split_d_hptosp_16ns_32_1_no_dsp_1_ip_u                                        |                                                     split_d_system_fsa_0_0_fsa_stream_split_d_hptosp_16ns_32_1_no_dsp_1_ip_184 |         31 |         31 |       0 |    0 |     0 |      0 |      0 |    0 |          0 |
|                           (fsa_stream_split_d_hptosp_16ns_32_1_no_dsp_1_ip_u)                                    |                                                     split_d_system_fsa_0_0_fsa_stream_split_d_hptosp_16ns_32_1_no_dsp_1_ip_184 |         16 |         16 |       0 |    0 |     0 |      0 |      0 |    0 |          0 |
|                           inst                                                                                   |                                                              split_d_system_fsa_0_0_floating_point_v7_1_19__parameterized0__14 |         15 |         15 |       0 |    0 |     0 |      0 |      0 |    0 |          0 |
|                             i_synth                                                                              |                                                          split_d_system_fsa_0_0_floating_point_v7_1_19_viv__parameterized1__14 |         15 |         15 |       0 |    0 |     0 |      0 |      0 |    0 |          0 |
|                               (i_synth)                                                                          |                                                          split_d_system_fsa_0_0_floating_point_v7_1_19_viv__parameterized1__14 |          1 |          1 |       0 |    0 |     0 |      0 |      0 |    0 |          0 |
|                               FLT_TO_FLT_OP.SPD.OP                                                               |                                                                     split_d_system_fsa_0_0_flt_to_flt_conv__parameterized0_185 |         15 |         15 |       0 |    0 |     0 |      0 |      0 |    0 |          0 |
|                                 EXP                                                                              |                                                                 split_d_system_fsa_0_0_flt_to_flt_conv_exp__parameterized0_186 |          4 |          4 |       0 |    0 |     0 |      0 |      0 |    0 |          0 |
|                                   COND_DET                                                                       |                                                                      split_d_system_fsa_0_0_special_detect__parameterized0_188 |          4 |          4 |       0 |    0 |     0 |      0 |      0 |    0 |          0 |
|                                     MANT_CARRY.MANT_ALL_ZERO_DET                                                 |                                                                       split_d_system_fsa_0_0_compare_eq_im__parameterized0_189 |          4 |          4 |       0 |    0 |     0 |      0 |      0 |    0 |          0 |
|                                       CARRY_ZERO_DET                                                             |                                                                         split_d_system_fsa_0_0_carry_chain__parameterized5_190 |          4 |          4 |       0 |    0 |     0 |      0 |      0 |    0 |          0 |
|                                 OUTPUT                                                                           |                                                                          split_d_system_fsa_0_0_flt_dec_op__parameterized0_187 |         11 |         11 |       0 |    0 |     0 |      0 |      0 |    0 |          0 |
|                       hptosp_16ns_32_1_no_dsp_1_U716                                                             |                                                        split_d_system_fsa_0_0_fsa_stream_split_d_hptosp_16ns_32_1_no_dsp_1_175 |         31 |         31 |       0 |    0 |     0 |      0 |      0 |    0 |          0 |
|                         fsa_stream_split_d_hptosp_16ns_32_1_no_dsp_1_ip_u                                        |                                                     split_d_system_fsa_0_0_fsa_stream_split_d_hptosp_16ns_32_1_no_dsp_1_ip_177 |         31 |         31 |       0 |    0 |     0 |      0 |      0 |    0 |          0 |
|                           (fsa_stream_split_d_hptosp_16ns_32_1_no_dsp_1_ip_u)                                    |                                                     split_d_system_fsa_0_0_fsa_stream_split_d_hptosp_16ns_32_1_no_dsp_1_ip_177 |         16 |         16 |       0 |    0 |     0 |      0 |      0 |    0 |          0 |
|                           inst                                                                                   |                                                              split_d_system_fsa_0_0_floating_point_v7_1_19__parameterized0__15 |         15 |         15 |       0 |    0 |     0 |      0 |      0 |    0 |          0 |
|                             i_synth                                                                              |                                                          split_d_system_fsa_0_0_floating_point_v7_1_19_viv__parameterized1__15 |         15 |         15 |       0 |    0 |     0 |      0 |      0 |    0 |          0 |
|                               (i_synth)                                                                          |                                                          split_d_system_fsa_0_0_floating_point_v7_1_19_viv__parameterized1__15 |          1 |          1 |       0 |    0 |     0 |      0 |      0 |    0 |          0 |
|                               FLT_TO_FLT_OP.SPD.OP                                                               |                                                                     split_d_system_fsa_0_0_flt_to_flt_conv__parameterized0_178 |         15 |         15 |       0 |    0 |     0 |      0 |      0 |    0 |          0 |
|                                 EXP                                                                              |                                                                 split_d_system_fsa_0_0_flt_to_flt_conv_exp__parameterized0_179 |          4 |          4 |       0 |    0 |     0 |      0 |      0 |    0 |          0 |
|                                   COND_DET                                                                       |                                                                      split_d_system_fsa_0_0_special_detect__parameterized0_181 |          4 |          4 |       0 |    0 |     0 |      0 |      0 |    0 |          0 |
|                                     MANT_CARRY.MANT_ALL_ZERO_DET                                                 |                                                                       split_d_system_fsa_0_0_compare_eq_im__parameterized0_182 |          4 |          4 |       0 |    0 |     0 |      0 |      0 |    0 |          0 |
|                                       CARRY_ZERO_DET                                                             |                                                                         split_d_system_fsa_0_0_carry_chain__parameterized5_183 |          4 |          4 |       0 |    0 |     0 |      0 |      0 |    0 |          0 |
|                                 OUTPUT                                                                           |                                                                          split_d_system_fsa_0_0_flt_dec_op__parameterized0_180 |         11 |         11 |       0 |    0 |     0 |      0 |      0 |    0 |          0 |
|                       hptosp_16ns_32_1_no_dsp_1_U717                                                             |                                                        split_d_system_fsa_0_0_fsa_stream_split_d_hptosp_16ns_32_1_no_dsp_1_176 |         31 |         31 |       0 |    0 |     0 |      0 |      0 |    0 |          0 |
|                         fsa_stream_split_d_hptosp_16ns_32_1_no_dsp_1_ip_u                                        |                                                         split_d_system_fsa_0_0_fsa_stream_split_d_hptosp_16ns_32_1_no_dsp_1_ip |         31 |         31 |       0 |    0 |     0 |      0 |      0 |    0 |          0 |
|                           (fsa_stream_split_d_hptosp_16ns_32_1_no_dsp_1_ip_u)                                    |                                                         split_d_system_fsa_0_0_fsa_stream_split_d_hptosp_16ns_32_1_no_dsp_1_ip |         16 |         16 |       0 |    0 |     0 |      0 |      0 |    0 |          0 |
|                           inst                                                                                   |                                                                  split_d_system_fsa_0_0_floating_point_v7_1_19__parameterized0 |         15 |         15 |       0 |    0 |     0 |      0 |      0 |    0 |          0 |
|                             i_synth                                                                              |                                                              split_d_system_fsa_0_0_floating_point_v7_1_19_viv__parameterized1 |         15 |         15 |       0 |    0 |     0 |      0 |      0 |    0 |          0 |
|                               (i_synth)                                                                          |                                                              split_d_system_fsa_0_0_floating_point_v7_1_19_viv__parameterized1 |          1 |          1 |       0 |    0 |     0 |      0 |      0 |    0 |          0 |
|                               FLT_TO_FLT_OP.SPD.OP                                                               |                                                                         split_d_system_fsa_0_0_flt_to_flt_conv__parameterized0 |         15 |         15 |       0 |    0 |     0 |      0 |      0 |    0 |          0 |
|                                 EXP                                                                              |                                                                     split_d_system_fsa_0_0_flt_to_flt_conv_exp__parameterized0 |          4 |          4 |       0 |    0 |     0 |      0 |      0 |    0 |          0 |
|                                   COND_DET                                                                       |                                                                          split_d_system_fsa_0_0_special_detect__parameterized0 |          4 |          4 |       0 |    0 |     0 |      0 |      0 |    0 |          0 |
|                                     MANT_CARRY.MANT_ALL_ZERO_DET                                                 |                                                                           split_d_system_fsa_0_0_compare_eq_im__parameterized0 |          4 |          4 |       0 |    0 |     0 |      0 |      0 |    0 |          0 |
|                                       CARRY_ZERO_DET                                                             |                                                                             split_d_system_fsa_0_0_carry_chain__parameterized5 |          4 |          4 |       0 |    0 |     0 |      0 |      0 |    0 |          0 |
|                                 OUTPUT                                                                           |                                                                              split_d_system_fsa_0_0_flt_dec_op__parameterized0 |         11 |         11 |       0 |    0 |     0 |      0 |      0 |    0 |          0 |
|                       p_anonymous_namespace_EXP2_PWL_INTERCEPT_BITS15_U                                          |     split_d_system_fsa_0_0_fsa_stream_split_d_runQueryBlock_0_Pipeline_VITIS_LOOP_300_25_fsa_anonymous_namespace_EXP2_PWL_IeOg |         12 |         12 |       0 |    0 |    24 |      0 |      0 |    0 |          0 |
|                     grp_runQueryBlock_1_Pipeline_VITIS_LOOP_369_33_fu_842                                        |                                           split_d_system_fsa_0_0_fsa_stream_split_d_runQueryBlock_1_Pipeline_VITIS_LOOP_369_33 |       1846 |       1826 |       0 |   20 |   978 |      0 |      0 |    0 |          0 |
|                       (grp_runQueryBlock_1_Pipeline_VITIS_LOOP_369_33_fu_842)                                    |                                           split_d_system_fsa_0_0_fsa_stream_split_d_runQueryBlock_1_Pipeline_VITIS_LOOP_369_33 |       1833 |       1813 |       0 |   20 |   976 |      0 |      0 |    0 |          0 |
|                       flow_control_loop_pipe_sequential_init_U                                                   |                                           split_d_system_fsa_0_0_fsa_stream_split_d_flow_control_loop_pipe_sequential_init_168 |         13 |         13 |       0 |    0 |     2 |      0 |      0 |    0 |          0 |
|                     k_tile_10_U                                                                                  |                     split_d_system_fsa_0_0_fsa_stream_split_d_runQueryBlock_1_Outline_VITIS_LOOP_117_5_v_tile_15_RAM_AUTO_1R1W |          8 |          0 |       8 |    0 |    16 |      0 |      0 |    0 |          0 |
|                     k_tile_11_U                                                                                  |                  split_d_system_fsa_0_0_fsa_stream_split_d_runQueryBlock_1_Outline_VITIS_LOOP_117_5_v_tile_15_RAM_AUTO_1R1W_25 |          8 |          0 |       8 |    0 |    16 |      0 |      0 |    0 |          0 |
|                     k_tile_12_U                                                                                  |                  split_d_system_fsa_0_0_fsa_stream_split_d_runQueryBlock_1_Outline_VITIS_LOOP_117_5_v_tile_15_RAM_AUTO_1R1W_26 |          8 |          0 |       8 |    0 |    16 |      0 |      0 |    0 |          0 |
|                     k_tile_13_U                                                                                  |                  split_d_system_fsa_0_0_fsa_stream_split_d_runQueryBlock_1_Outline_VITIS_LOOP_117_5_v_tile_15_RAM_AUTO_1R1W_27 |          8 |          0 |       8 |    0 |    16 |      0 |      0 |    0 |          0 |
|                     k_tile_14_U                                                                                  |                  split_d_system_fsa_0_0_fsa_stream_split_d_runQueryBlock_1_Outline_VITIS_LOOP_117_5_v_tile_15_RAM_AUTO_1R1W_28 |          8 |          0 |       8 |    0 |    16 |      0 |      0 |    0 |          0 |
|                     k_tile_15_U                                                                                  |                  split_d_system_fsa_0_0_fsa_stream_split_d_runQueryBlock_1_Outline_VITIS_LOOP_117_5_v_tile_15_RAM_AUTO_1R1W_29 |          8 |          0 |       8 |    0 |    16 |      0 |      0 |    0 |          0 |
|                     k_tile_1_U                                                                                   |                  split_d_system_fsa_0_0_fsa_stream_split_d_runQueryBlock_1_Outline_VITIS_LOOP_117_5_v_tile_15_RAM_AUTO_1R1W_30 |          8 |          0 |       8 |    0 |    16 |      0 |      0 |    0 |          0 |
|                     k_tile_2_U                                                                                   |                  split_d_system_fsa_0_0_fsa_stream_split_d_runQueryBlock_1_Outline_VITIS_LOOP_117_5_v_tile_15_RAM_AUTO_1R1W_31 |          8 |          0 |       8 |    0 |    16 |      0 |      0 |    0 |          0 |
|                     k_tile_3_U                                                                                   |                  split_d_system_fsa_0_0_fsa_stream_split_d_runQueryBlock_1_Outline_VITIS_LOOP_117_5_v_tile_15_RAM_AUTO_1R1W_32 |          8 |          0 |       8 |    0 |    16 |      0 |      0 |    0 |          0 |
|                     k_tile_4_U                                                                                   |                  split_d_system_fsa_0_0_fsa_stream_split_d_runQueryBlock_1_Outline_VITIS_LOOP_117_5_v_tile_15_RAM_AUTO_1R1W_33 |          8 |          0 |       8 |    0 |    16 |      0 |      0 |    0 |          0 |
|                     k_tile_5_U                                                                                   |                  split_d_system_fsa_0_0_fsa_stream_split_d_runQueryBlock_1_Outline_VITIS_LOOP_117_5_v_tile_15_RAM_AUTO_1R1W_34 |          8 |          0 |       8 |    0 |    16 |      0 |      0 |    0 |          0 |
|                     k_tile_6_U                                                                                   |                  split_d_system_fsa_0_0_fsa_stream_split_d_runQueryBlock_1_Outline_VITIS_LOOP_117_5_v_tile_15_RAM_AUTO_1R1W_35 |          8 |          0 |       8 |    0 |    16 |      0 |      0 |    0 |          0 |
|                     k_tile_7_U                                                                                   |                  split_d_system_fsa_0_0_fsa_stream_split_d_runQueryBlock_1_Outline_VITIS_LOOP_117_5_v_tile_15_RAM_AUTO_1R1W_36 |          8 |          0 |       8 |    0 |    16 |      0 |      0 |    0 |          0 |
|                     k_tile_8_U                                                                                   |                  split_d_system_fsa_0_0_fsa_stream_split_d_runQueryBlock_1_Outline_VITIS_LOOP_117_5_v_tile_15_RAM_AUTO_1R1W_37 |          8 |          0 |       8 |    0 |    16 |      0 |      0 |    0 |          0 |
|                     k_tile_9_U                                                                                   |                  split_d_system_fsa_0_0_fsa_stream_split_d_runQueryBlock_1_Outline_VITIS_LOOP_117_5_v_tile_15_RAM_AUTO_1R1W_38 |          8 |          0 |       8 |    0 |    16 |      0 |      0 |    0 |          0 |
|                     k_tile_U                                                                                     |                  split_d_system_fsa_0_0_fsa_stream_split_d_runQueryBlock_1_Outline_VITIS_LOOP_117_5_v_tile_15_RAM_AUTO_1R1W_39 |          8 |          0 |       8 |    0 |    16 |      0 |      0 |    0 |          0 |
|                     sptohp_32ns_16_1_no_dsp_1_U820                                                               |                                                            split_d_system_fsa_0_0_fsa_stream_split_d_sptohp_32ns_16_1_no_dsp_1 |         24 |         24 |       0 |    0 |     0 |      0 |      0 |    0 |          0 |
|                       fsa_stream_split_d_sptohp_32ns_16_1_no_dsp_1_ip_u                                          |                                                     split_d_system_fsa_0_0_fsa_stream_split_d_sptohp_32ns_16_1_no_dsp_1_ip_153 |         24 |         24 |       0 |    0 |     0 |      0 |      0 |    0 |          0 |
|                         inst                                                                                     |                                                                              split_d_system_fsa_0_0_floating_point_v7_1_19__12 |         24 |         24 |       0 |    0 |     0 |      0 |      0 |    0 |          0 |
|                           i_synth                                                                                |                                                                          split_d_system_fsa_0_0_floating_point_v7_1_19_viv__12 |         24 |         24 |       0 |    0 |     0 |      0 |      0 |    0 |          0 |
|                             FLT_TO_FLT_OP.SPD.OP                                                                 |                                                                                     split_d_system_fsa_0_0_flt_to_flt_conv_154 |         24 |         24 |       0 |    0 |     0 |      0 |      0 |    0 |          0 |
|                               EXP                                                                                |                                                                                 split_d_system_fsa_0_0_flt_to_flt_conv_exp_155 |          6 |          6 |       0 |    0 |     0 |      0 |      0 |    0 |          0 |
|                                 COND_DET                                                                         |                                                                                      split_d_system_fsa_0_0_special_detect_165 |          6 |          6 |       0 |    0 |     0 |      0 |      0 |    0 |          0 |
|                                   MANT_CARRY.MANT_ALL_ZERO_DET                                                   |                                                                                       split_d_system_fsa_0_0_compare_eq_im_166 |          6 |          6 |       0 |    0 |     0 |      0 |      0 |    0 |          0 |
|                                     (MANT_CARRY.MANT_ALL_ZERO_DET)                                               |                                                                                       split_d_system_fsa_0_0_compare_eq_im_166 |          2 |          2 |       0 |    0 |     0 |      0 |      0 |    0 |          0 |
|                                     CARRY_ZERO_DET                                                               |                                                                                         split_d_system_fsa_0_0_carry_chain_167 |          4 |          4 |       0 |    0 |     0 |      0 |      0 |    0 |          0 |
|                               OUTPUT                                                                             |                                                                                          split_d_system_fsa_0_0_flt_dec_op_156 |          3 |          3 |       0 |    0 |     0 |      0 |      0 |    0 |          0 |
|                               RND_REQ.ROUND                                                                      |                                                                              split_d_system_fsa_0_0_renorm_and_round_logic_157 |         13 |         13 |       0 |    0 |     0 |      0 |      0 |    0 |          0 |
|                                 EXP_ADD.ADD                                                                      |                                                                         split_d_system_fsa_0_0_carry_chain__parameterized4_160 |          6 |          6 |       0 |    0 |     0 |      0 |      0 |    0 |          0 |
|                                 LOGIC.RND1                                                                       |                                                                         split_d_system_fsa_0_0_carry_chain__parameterized2_161 |          3 |          3 |       0 |    0 |     0 |      0 |      0 |    0 |          0 |
|                                 LOGIC.RND2                                                                       |                                                                         split_d_system_fsa_0_0_carry_chain__parameterized3_162 |          3 |          3 |       0 |    0 |     0 |      0 |      0 |    0 |          0 |
|                                 RND_BIT_GEN                                                                      |                                                                                       split_d_system_fsa_0_0_flt_round_bit_163 |          1 |          1 |       0 |    0 |     0 |      0 |      0 |    0 |          0 |
|                                   NORM_1_OR_0.STRUCT_REQ.SPECIAL.RND_CHAIN                                       |                                                                         split_d_system_fsa_0_0_carry_chain__parameterized1_164 |          1 |          1 |       0 |    0 |     0 |      0 |      0 |    0 |          0 |
|                               RND_REQ.Z_DET_REQ.DET_ZERO                                                         |                                                                                       split_d_system_fsa_0_0_compare_ne_im_158 |          2 |          2 |       0 |    0 |     0 |      0 |      0 |    0 |          0 |
|                                 WIDE_NOR                                                                         |                                                                         split_d_system_fsa_0_0_carry_chain__parameterized0_159 |          2 |          2 |       0 |    0 |     0 |      0 |      0 |    0 |          0 |
|                     sptohp_32ns_16_1_no_dsp_1_U821                                                               |                                                         split_d_system_fsa_0_0_fsa_stream_split_d_sptohp_32ns_16_1_no_dsp_1_40 |         24 |         24 |       0 |    0 |     0 |      0 |      0 |    0 |          0 |
|                       fsa_stream_split_d_sptohp_32ns_16_1_no_dsp_1_ip_u                                          |                                                     split_d_system_fsa_0_0_fsa_stream_split_d_sptohp_32ns_16_1_no_dsp_1_ip_138 |         24 |         24 |       0 |    0 |     0 |      0 |      0 |    0 |          0 |
|                         inst                                                                                     |                                                                              split_d_system_fsa_0_0_floating_point_v7_1_19__13 |         24 |         24 |       0 |    0 |     0 |      0 |      0 |    0 |          0 |
|                           i_synth                                                                                |                                                                          split_d_system_fsa_0_0_floating_point_v7_1_19_viv__13 |         24 |         24 |       0 |    0 |     0 |      0 |      0 |    0 |          0 |
|                             FLT_TO_FLT_OP.SPD.OP                                                                 |                                                                                     split_d_system_fsa_0_0_flt_to_flt_conv_139 |         24 |         24 |       0 |    0 |     0 |      0 |      0 |    0 |          0 |
|                               EXP                                                                                |                                                                                 split_d_system_fsa_0_0_flt_to_flt_conv_exp_140 |          6 |          6 |       0 |    0 |     0 |      0 |      0 |    0 |          0 |
|                                 COND_DET                                                                         |                                                                                      split_d_system_fsa_0_0_special_detect_150 |          6 |          6 |       0 |    0 |     0 |      0 |      0 |    0 |          0 |
|                                   MANT_CARRY.MANT_ALL_ZERO_DET                                                   |                                                                                       split_d_system_fsa_0_0_compare_eq_im_151 |          6 |          6 |       0 |    0 |     0 |      0 |      0 |    0 |          0 |
|                                     (MANT_CARRY.MANT_ALL_ZERO_DET)                                               |                                                                                       split_d_system_fsa_0_0_compare_eq_im_151 |          2 |          2 |       0 |    0 |     0 |      0 |      0 |    0 |          0 |
|                                     CARRY_ZERO_DET                                                               |                                                                                         split_d_system_fsa_0_0_carry_chain_152 |          4 |          4 |       0 |    0 |     0 |      0 |      0 |    0 |          0 |
|                               OUTPUT                                                                             |                                                                                          split_d_system_fsa_0_0_flt_dec_op_141 |          3 |          3 |       0 |    0 |     0 |      0 |      0 |    0 |          0 |
|                               RND_REQ.ROUND                                                                      |                                                                              split_d_system_fsa_0_0_renorm_and_round_logic_142 |         13 |         13 |       0 |    0 |     0 |      0 |      0 |    0 |          0 |
|                                 EXP_ADD.ADD                                                                      |                                                                         split_d_system_fsa_0_0_carry_chain__parameterized4_145 |          6 |          6 |       0 |    0 |     0 |      0 |      0 |    0 |          0 |
|                                 LOGIC.RND1                                                                       |                                                                         split_d_system_fsa_0_0_carry_chain__parameterized2_146 |          3 |          3 |       0 |    0 |     0 |      0 |      0 |    0 |          0 |
|                                 LOGIC.RND2                                                                       |                                                                         split_d_system_fsa_0_0_carry_chain__parameterized3_147 |          3 |          3 |       0 |    0 |     0 |      0 |      0 |    0 |          0 |
|                                 RND_BIT_GEN                                                                      |                                                                                       split_d_system_fsa_0_0_flt_round_bit_148 |          1 |          1 |       0 |    0 |     0 |      0 |      0 |    0 |          0 |
|                                   NORM_1_OR_0.STRUCT_REQ.SPECIAL.RND_CHAIN                                       |                                                                         split_d_system_fsa_0_0_carry_chain__parameterized1_149 |          1 |          1 |       0 |    0 |     0 |      0 |      0 |    0 |          0 |
|                               RND_REQ.Z_DET_REQ.DET_ZERO                                                         |                                                                                       split_d_system_fsa_0_0_compare_ne_im_143 |          2 |          2 |       0 |    0 |     0 |      0 |      0 |    0 |          0 |
|                                 WIDE_NOR                                                                         |                                                                         split_d_system_fsa_0_0_carry_chain__parameterized0_144 |          2 |          2 |       0 |    0 |     0 |      0 |      0 |    0 |          0 |
|                     sptohp_32ns_16_1_no_dsp_1_U822                                                               |                                                         split_d_system_fsa_0_0_fsa_stream_split_d_sptohp_32ns_16_1_no_dsp_1_41 |         24 |         24 |       0 |    0 |     0 |      0 |      0 |    0 |          0 |
|                       fsa_stream_split_d_sptohp_32ns_16_1_no_dsp_1_ip_u                                          |                                                     split_d_system_fsa_0_0_fsa_stream_split_d_sptohp_32ns_16_1_no_dsp_1_ip_123 |         24 |         24 |       0 |    0 |     0 |      0 |      0 |    0 |          0 |
|                         inst                                                                                     |                                                                              split_d_system_fsa_0_0_floating_point_v7_1_19__14 |         24 |         24 |       0 |    0 |     0 |      0 |      0 |    0 |          0 |
|                           i_synth                                                                                |                                                                          split_d_system_fsa_0_0_floating_point_v7_1_19_viv__14 |         24 |         24 |       0 |    0 |     0 |      0 |      0 |    0 |          0 |
|                             FLT_TO_FLT_OP.SPD.OP                                                                 |                                                                                     split_d_system_fsa_0_0_flt_to_flt_conv_124 |         24 |         24 |       0 |    0 |     0 |      0 |      0 |    0 |          0 |
|                               EXP                                                                                |                                                                                 split_d_system_fsa_0_0_flt_to_flt_conv_exp_125 |          6 |          6 |       0 |    0 |     0 |      0 |      0 |    0 |          0 |
|                                 COND_DET                                                                         |                                                                                      split_d_system_fsa_0_0_special_detect_135 |          6 |          6 |       0 |    0 |     0 |      0 |      0 |    0 |          0 |
|                                   MANT_CARRY.MANT_ALL_ZERO_DET                                                   |                                                                                       split_d_system_fsa_0_0_compare_eq_im_136 |          6 |          6 |       0 |    0 |     0 |      0 |      0 |    0 |          0 |
|                                     (MANT_CARRY.MANT_ALL_ZERO_DET)                                               |                                                                                       split_d_system_fsa_0_0_compare_eq_im_136 |          2 |          2 |       0 |    0 |     0 |      0 |      0 |    0 |          0 |
|                                     CARRY_ZERO_DET                                                               |                                                                                         split_d_system_fsa_0_0_carry_chain_137 |          4 |          4 |       0 |    0 |     0 |      0 |      0 |    0 |          0 |
|                               OUTPUT                                                                             |                                                                                          split_d_system_fsa_0_0_flt_dec_op_126 |          3 |          3 |       0 |    0 |     0 |      0 |      0 |    0 |          0 |
|                               RND_REQ.ROUND                                                                      |                                                                              split_d_system_fsa_0_0_renorm_and_round_logic_127 |         13 |         13 |       0 |    0 |     0 |      0 |      0 |    0 |          0 |
|                                 EXP_ADD.ADD                                                                      |                                                                         split_d_system_fsa_0_0_carry_chain__parameterized4_130 |          6 |          6 |       0 |    0 |     0 |      0 |      0 |    0 |          0 |
|                                 LOGIC.RND1                                                                       |                                                                         split_d_system_fsa_0_0_carry_chain__parameterized2_131 |          3 |          3 |       0 |    0 |     0 |      0 |      0 |    0 |          0 |
|                                 LOGIC.RND2                                                                       |                                                                         split_d_system_fsa_0_0_carry_chain__parameterized3_132 |          3 |          3 |       0 |    0 |     0 |      0 |      0 |    0 |          0 |
|                                 RND_BIT_GEN                                                                      |                                                                                       split_d_system_fsa_0_0_flt_round_bit_133 |          1 |          1 |       0 |    0 |     0 |      0 |      0 |    0 |          0 |
|                                   NORM_1_OR_0.STRUCT_REQ.SPECIAL.RND_CHAIN                                       |                                                                         split_d_system_fsa_0_0_carry_chain__parameterized1_134 |          1 |          1 |       0 |    0 |     0 |      0 |      0 |    0 |          0 |
|                               RND_REQ.Z_DET_REQ.DET_ZERO                                                         |                                                                                       split_d_system_fsa_0_0_compare_ne_im_128 |          2 |          2 |       0 |    0 |     0 |      0 |      0 |    0 |          0 |
|                                 WIDE_NOR                                                                         |                                                                         split_d_system_fsa_0_0_carry_chain__parameterized0_129 |          2 |          2 |       0 |    0 |     0 |      0 |      0 |    0 |          0 |
|                     sptohp_32ns_16_1_no_dsp_1_U823                                                               |                                                         split_d_system_fsa_0_0_fsa_stream_split_d_sptohp_32ns_16_1_no_dsp_1_42 |         24 |         24 |       0 |    0 |     0 |      0 |      0 |    0 |          0 |
|                       fsa_stream_split_d_sptohp_32ns_16_1_no_dsp_1_ip_u                                          |                                                     split_d_system_fsa_0_0_fsa_stream_split_d_sptohp_32ns_16_1_no_dsp_1_ip_108 |         24 |         24 |       0 |    0 |     0 |      0 |      0 |    0 |          0 |
|                         inst                                                                                     |                                                                              split_d_system_fsa_0_0_floating_point_v7_1_19__15 |         24 |         24 |       0 |    0 |     0 |      0 |      0 |    0 |          0 |
|                           i_synth                                                                                |                                                                          split_d_system_fsa_0_0_floating_point_v7_1_19_viv__15 |         24 |         24 |       0 |    0 |     0 |      0 |      0 |    0 |          0 |
|                             FLT_TO_FLT_OP.SPD.OP                                                                 |                                                                                     split_d_system_fsa_0_0_flt_to_flt_conv_109 |         24 |         24 |       0 |    0 |     0 |      0 |      0 |    0 |          0 |
|                               EXP                                                                                |                                                                                 split_d_system_fsa_0_0_flt_to_flt_conv_exp_110 |          6 |          6 |       0 |    0 |     0 |      0 |      0 |    0 |          0 |
|                                 COND_DET                                                                         |                                                                                      split_d_system_fsa_0_0_special_detect_120 |          6 |          6 |       0 |    0 |     0 |      0 |      0 |    0 |          0 |
|                                   MANT_CARRY.MANT_ALL_ZERO_DET                                                   |                                                                                       split_d_system_fsa_0_0_compare_eq_im_121 |          6 |          6 |       0 |    0 |     0 |      0 |      0 |    0 |          0 |
|                                     (MANT_CARRY.MANT_ALL_ZERO_DET)                                               |                                                                                       split_d_system_fsa_0_0_compare_eq_im_121 |          2 |          2 |       0 |    0 |     0 |      0 |      0 |    0 |          0 |
|                                     CARRY_ZERO_DET                                                               |                                                                                         split_d_system_fsa_0_0_carry_chain_122 |          4 |          4 |       0 |    0 |     0 |      0 |      0 |    0 |          0 |
|                               OUTPUT                                                                             |                                                                                          split_d_system_fsa_0_0_flt_dec_op_111 |          3 |          3 |       0 |    0 |     0 |      0 |      0 |    0 |          0 |
|                               RND_REQ.ROUND                                                                      |                                                                              split_d_system_fsa_0_0_renorm_and_round_logic_112 |         13 |         13 |       0 |    0 |     0 |      0 |      0 |    0 |          0 |
|                                 EXP_ADD.ADD                                                                      |                                                                         split_d_system_fsa_0_0_carry_chain__parameterized4_115 |          6 |          6 |       0 |    0 |     0 |      0 |      0 |    0 |          0 |
|                                 LOGIC.RND1                                                                       |                                                                         split_d_system_fsa_0_0_carry_chain__parameterized2_116 |          3 |          3 |       0 |    0 |     0 |      0 |      0 |    0 |          0 |
|                                 LOGIC.RND2                                                                       |                                                                         split_d_system_fsa_0_0_carry_chain__parameterized3_117 |          3 |          3 |       0 |    0 |     0 |      0 |      0 |    0 |          0 |
|                                 RND_BIT_GEN                                                                      |                                                                                       split_d_system_fsa_0_0_flt_round_bit_118 |          1 |          1 |       0 |    0 |     0 |      0 |      0 |    0 |          0 |
|                                   NORM_1_OR_0.STRUCT_REQ.SPECIAL.RND_CHAIN                                       |                                                                         split_d_system_fsa_0_0_carry_chain__parameterized1_119 |          1 |          1 |       0 |    0 |     0 |      0 |      0 |    0 |          0 |
|                               RND_REQ.Z_DET_REQ.DET_ZERO                                                         |                                                                                       split_d_system_fsa_0_0_compare_ne_im_113 |          2 |          2 |       0 |    0 |     0 |      0 |      0 |    0 |          0 |
|                                 WIDE_NOR                                                                         |                                                                         split_d_system_fsa_0_0_carry_chain__parameterized0_114 |          2 |          2 |       0 |    0 |     0 |      0 |      0 |    0 |          0 |
|                     sptohp_32ns_16_1_no_dsp_1_U824                                                               |                                                         split_d_system_fsa_0_0_fsa_stream_split_d_sptohp_32ns_16_1_no_dsp_1_43 |         24 |         24 |       0 |    0 |     0 |      0 |      0 |    0 |          0 |
|                       fsa_stream_split_d_sptohp_32ns_16_1_no_dsp_1_ip_u                                          |                                                      split_d_system_fsa_0_0_fsa_stream_split_d_sptohp_32ns_16_1_no_dsp_1_ip_93 |         24 |         24 |       0 |    0 |     0 |      0 |      0 |    0 |          0 |
|                         inst                                                                                     |                                                                              split_d_system_fsa_0_0_floating_point_v7_1_19__16 |         24 |         24 |       0 |    0 |     0 |      0 |      0 |    0 |          0 |
|                           i_synth                                                                                |                                                                          split_d_system_fsa_0_0_floating_point_v7_1_19_viv__16 |         24 |         24 |       0 |    0 |     0 |      0 |      0 |    0 |          0 |
|                             FLT_TO_FLT_OP.SPD.OP                                                                 |                                                                                      split_d_system_fsa_0_0_flt_to_flt_conv_94 |         24 |         24 |       0 |    0 |     0 |      0 |      0 |    0 |          0 |
|                               EXP                                                                                |                                                                                  split_d_system_fsa_0_0_flt_to_flt_conv_exp_95 |          6 |          6 |       0 |    0 |     0 |      0 |      0 |    0 |          0 |
|                                 COND_DET                                                                         |                                                                                      split_d_system_fsa_0_0_special_detect_105 |          6 |          6 |       0 |    0 |     0 |      0 |      0 |    0 |          0 |
|                                   MANT_CARRY.MANT_ALL_ZERO_DET                                                   |                                                                                       split_d_system_fsa_0_0_compare_eq_im_106 |          6 |          6 |       0 |    0 |     0 |      0 |      0 |    0 |          0 |
|                                     (MANT_CARRY.MANT_ALL_ZERO_DET)                                               |                                                                                       split_d_system_fsa_0_0_compare_eq_im_106 |          2 |          2 |       0 |    0 |     0 |      0 |      0 |    0 |          0 |
|                                     CARRY_ZERO_DET                                                               |                                                                                         split_d_system_fsa_0_0_carry_chain_107 |          4 |          4 |       0 |    0 |     0 |      0 |      0 |    0 |          0 |
|                               OUTPUT                                                                             |                                                                                           split_d_system_fsa_0_0_flt_dec_op_96 |          3 |          3 |       0 |    0 |     0 |      0 |      0 |    0 |          0 |
|                               RND_REQ.ROUND                                                                      |                                                                               split_d_system_fsa_0_0_renorm_and_round_logic_97 |         13 |         13 |       0 |    0 |     0 |      0 |      0 |    0 |          0 |
|                                 EXP_ADD.ADD                                                                      |                                                                         split_d_system_fsa_0_0_carry_chain__parameterized4_100 |          6 |          6 |       0 |    0 |     0 |      0 |      0 |    0 |          0 |
|                                 LOGIC.RND1                                                                       |                                                                         split_d_system_fsa_0_0_carry_chain__parameterized2_101 |          3 |          3 |       0 |    0 |     0 |      0 |      0 |    0 |          0 |
|                                 LOGIC.RND2                                                                       |                                                                         split_d_system_fsa_0_0_carry_chain__parameterized3_102 |          3 |          3 |       0 |    0 |     0 |      0 |      0 |    0 |          0 |
|                                 RND_BIT_GEN                                                                      |                                                                                       split_d_system_fsa_0_0_flt_round_bit_103 |          1 |          1 |       0 |    0 |     0 |      0 |      0 |    0 |          0 |
|                                   NORM_1_OR_0.STRUCT_REQ.SPECIAL.RND_CHAIN                                       |                                                                         split_d_system_fsa_0_0_carry_chain__parameterized1_104 |          1 |          1 |       0 |    0 |     0 |      0 |      0 |    0 |          0 |
|                               RND_REQ.Z_DET_REQ.DET_ZERO                                                         |                                                                                        split_d_system_fsa_0_0_compare_ne_im_98 |          2 |          2 |       0 |    0 |     0 |      0 |      0 |    0 |          0 |
|                                 WIDE_NOR                                                                         |                                                                          split_d_system_fsa_0_0_carry_chain__parameterized0_99 |          2 |          2 |       0 |    0 |     0 |      0 |      0 |    0 |          0 |
|                     sptohp_32ns_16_1_no_dsp_1_U825                                                               |                                                         split_d_system_fsa_0_0_fsa_stream_split_d_sptohp_32ns_16_1_no_dsp_1_44 |         24 |         24 |       0 |    0 |     0 |      0 |      0 |    0 |          0 |
|                       fsa_stream_split_d_sptohp_32ns_16_1_no_dsp_1_ip_u                                          |                                                      split_d_system_fsa_0_0_fsa_stream_split_d_sptohp_32ns_16_1_no_dsp_1_ip_78 |         24 |         24 |       0 |    0 |     0 |      0 |      0 |    0 |          0 |
|                         inst                                                                                     |                                                                              split_d_system_fsa_0_0_floating_point_v7_1_19__17 |         24 |         24 |       0 |    0 |     0 |      0 |      0 |    0 |          0 |
|                           i_synth                                                                                |                                                                          split_d_system_fsa_0_0_floating_point_v7_1_19_viv__17 |         24 |         24 |       0 |    0 |     0 |      0 |      0 |    0 |          0 |
|                             FLT_TO_FLT_OP.SPD.OP                                                                 |                                                                                      split_d_system_fsa_0_0_flt_to_flt_conv_79 |         24 |         24 |       0 |    0 |     0 |      0 |      0 |    0 |          0 |
|                               EXP                                                                                |                                                                                  split_d_system_fsa_0_0_flt_to_flt_conv_exp_80 |          6 |          6 |       0 |    0 |     0 |      0 |      0 |    0 |          0 |
|                                 COND_DET                                                                         |                                                                                       split_d_system_fsa_0_0_special_detect_90 |          6 |          6 |       0 |    0 |     0 |      0 |      0 |    0 |          0 |
|                                   MANT_CARRY.MANT_ALL_ZERO_DET                                                   |                                                                                        split_d_system_fsa_0_0_compare_eq_im_91 |          6 |          6 |       0 |    0 |     0 |      0 |      0 |    0 |          0 |
|                                     (MANT_CARRY.MANT_ALL_ZERO_DET)                                               |                                                                                        split_d_system_fsa_0_0_compare_eq_im_91 |          2 |          2 |       0 |    0 |     0 |      0 |      0 |    0 |          0 |
|                                     CARRY_ZERO_DET                                                               |                                                                                          split_d_system_fsa_0_0_carry_chain_92 |          4 |          4 |       0 |    0 |     0 |      0 |      0 |    0 |          0 |
|                               OUTPUT                                                                             |                                                                                           split_d_system_fsa_0_0_flt_dec_op_81 |          3 |          3 |       0 |    0 |     0 |      0 |      0 |    0 |          0 |
|                               RND_REQ.ROUND                                                                      |                                                                               split_d_system_fsa_0_0_renorm_and_round_logic_82 |         13 |         13 |       0 |    0 |     0 |      0 |      0 |    0 |          0 |
|                                 EXP_ADD.ADD                                                                      |                                                                          split_d_system_fsa_0_0_carry_chain__parameterized4_85 |          6 |          6 |       0 |    0 |     0 |      0 |      0 |    0 |          0 |
|                                 LOGIC.RND1                                                                       |                                                                          split_d_system_fsa_0_0_carry_chain__parameterized2_86 |          3 |          3 |       0 |    0 |     0 |      0 |      0 |    0 |          0 |
|                                 LOGIC.RND2                                                                       |                                                                          split_d_system_fsa_0_0_carry_chain__parameterized3_87 |          3 |          3 |       0 |    0 |     0 |      0 |      0 |    0 |          0 |
|                                 RND_BIT_GEN                                                                      |                                                                                        split_d_system_fsa_0_0_flt_round_bit_88 |          1 |          1 |       0 |    0 |     0 |      0 |      0 |    0 |          0 |
|                                   NORM_1_OR_0.STRUCT_REQ.SPECIAL.RND_CHAIN                                       |                                                                          split_d_system_fsa_0_0_carry_chain__parameterized1_89 |          1 |          1 |       0 |    0 |     0 |      0 |      0 |    0 |          0 |
|                               RND_REQ.Z_DET_REQ.DET_ZERO                                                         |                                                                                        split_d_system_fsa_0_0_compare_ne_im_83 |          2 |          2 |       0 |    0 |     0 |      0 |      0 |    0 |          0 |
|                                 WIDE_NOR                                                                         |                                                                          split_d_system_fsa_0_0_carry_chain__parameterized0_84 |          2 |          2 |       0 |    0 |     0 |      0 |      0 |    0 |          0 |
|                     sptohp_32ns_16_1_no_dsp_1_U826                                                               |                                                         split_d_system_fsa_0_0_fsa_stream_split_d_sptohp_32ns_16_1_no_dsp_1_45 |         24 |         24 |       0 |    0 |     0 |      0 |      0 |    0 |          0 |
|                       fsa_stream_split_d_sptohp_32ns_16_1_no_dsp_1_ip_u                                          |                                                      split_d_system_fsa_0_0_fsa_stream_split_d_sptohp_32ns_16_1_no_dsp_1_ip_63 |         24 |         24 |       0 |    0 |     0 |      0 |      0 |    0 |          0 |
|                         inst                                                                                     |                                                                              split_d_system_fsa_0_0_floating_point_v7_1_19__18 |         24 |         24 |       0 |    0 |     0 |      0 |      0 |    0 |          0 |
|                           i_synth                                                                                |                                                                          split_d_system_fsa_0_0_floating_point_v7_1_19_viv__18 |         24 |         24 |       0 |    0 |     0 |      0 |      0 |    0 |          0 |
|                             FLT_TO_FLT_OP.SPD.OP                                                                 |                                                                                      split_d_system_fsa_0_0_flt_to_flt_conv_64 |         24 |         24 |       0 |    0 |     0 |      0 |      0 |    0 |          0 |
|                               EXP                                                                                |                                                                                  split_d_system_fsa_0_0_flt_to_flt_conv_exp_65 |          6 |          6 |       0 |    0 |     0 |      0 |      0 |    0 |          0 |
|                                 COND_DET                                                                         |                                                                                       split_d_system_fsa_0_0_special_detect_75 |          6 |          6 |       0 |    0 |     0 |      0 |      0 |    0 |          0 |
|                                   MANT_CARRY.MANT_ALL_ZERO_DET                                                   |                                                                                        split_d_system_fsa_0_0_compare_eq_im_76 |          6 |          6 |       0 |    0 |     0 |      0 |      0 |    0 |          0 |
|                                     (MANT_CARRY.MANT_ALL_ZERO_DET)                                               |                                                                                        split_d_system_fsa_0_0_compare_eq_im_76 |          2 |          2 |       0 |    0 |     0 |      0 |      0 |    0 |          0 |
|                                     CARRY_ZERO_DET                                                               |                                                                                          split_d_system_fsa_0_0_carry_chain_77 |          4 |          4 |       0 |    0 |     0 |      0 |      0 |    0 |          0 |
|                               OUTPUT                                                                             |                                                                                           split_d_system_fsa_0_0_flt_dec_op_66 |          3 |          3 |       0 |    0 |     0 |      0 |      0 |    0 |          0 |
|                               RND_REQ.ROUND                                                                      |                                                                               split_d_system_fsa_0_0_renorm_and_round_logic_67 |         13 |         13 |       0 |    0 |     0 |      0 |      0 |    0 |          0 |
|                                 EXP_ADD.ADD                                                                      |                                                                          split_d_system_fsa_0_0_carry_chain__parameterized4_70 |          6 |          6 |       0 |    0 |     0 |      0 |      0 |    0 |          0 |
|                                 LOGIC.RND1                                                                       |                                                                          split_d_system_fsa_0_0_carry_chain__parameterized2_71 |          3 |          3 |       0 |    0 |     0 |      0 |      0 |    0 |          0 |
|                                 LOGIC.RND2                                                                       |                                                                          split_d_system_fsa_0_0_carry_chain__parameterized3_72 |          3 |          3 |       0 |    0 |     0 |      0 |      0 |    0 |          0 |
|                                 RND_BIT_GEN                                                                      |                                                                                        split_d_system_fsa_0_0_flt_round_bit_73 |          1 |          1 |       0 |    0 |     0 |      0 |      0 |    0 |          0 |
|                                   NORM_1_OR_0.STRUCT_REQ.SPECIAL.RND_CHAIN                                       |                                                                          split_d_system_fsa_0_0_carry_chain__parameterized1_74 |          1 |          1 |       0 |    0 |     0 |      0 |      0 |    0 |          0 |
|                               RND_REQ.Z_DET_REQ.DET_ZERO                                                         |                                                                                        split_d_system_fsa_0_0_compare_ne_im_68 |          2 |          2 |       0 |    0 |     0 |      0 |      0 |    0 |          0 |
|                                 WIDE_NOR                                                                         |                                                                          split_d_system_fsa_0_0_carry_chain__parameterized0_69 |          2 |          2 |       0 |    0 |     0 |      0 |      0 |    0 |          0 |
|                     sptohp_32ns_16_1_no_dsp_1_U827                                                               |                                                         split_d_system_fsa_0_0_fsa_stream_split_d_sptohp_32ns_16_1_no_dsp_1_46 |         24 |         24 |       0 |    0 |     0 |      0 |      0 |    0 |          0 |
|                       fsa_stream_split_d_sptohp_32ns_16_1_no_dsp_1_ip_u                                          |                                                         split_d_system_fsa_0_0_fsa_stream_split_d_sptohp_32ns_16_1_no_dsp_1_ip |         24 |         24 |       0 |    0 |     0 |      0 |      0 |    0 |          0 |
|                         inst                                                                                     |                                                                                  split_d_system_fsa_0_0_floating_point_v7_1_19 |         24 |         24 |       0 |    0 |     0 |      0 |      0 |    0 |          0 |
|                           i_synth                                                                                |                                                                              split_d_system_fsa_0_0_floating_point_v7_1_19_viv |         24 |         24 |       0 |    0 |     0 |      0 |      0 |    0 |          0 |
|                             FLT_TO_FLT_OP.SPD.OP                                                                 |                                                                                         split_d_system_fsa_0_0_flt_to_flt_conv |         24 |         24 |       0 |    0 |     0 |      0 |      0 |    0 |          0 |
|                               EXP                                                                                |                                                                                     split_d_system_fsa_0_0_flt_to_flt_conv_exp |          6 |          6 |       0 |    0 |     0 |      0 |      0 |    0 |          0 |
|                                 COND_DET                                                                         |                                                                                          split_d_system_fsa_0_0_special_detect |          6 |          6 |       0 |    0 |     0 |      0 |      0 |    0 |          0 |
|                                   MANT_CARRY.MANT_ALL_ZERO_DET                                                   |                                                                                           split_d_system_fsa_0_0_compare_eq_im |          6 |          6 |       0 |    0 |     0 |      0 |      0 |    0 |          0 |
|                                     (MANT_CARRY.MANT_ALL_ZERO_DET)                                               |                                                                                           split_d_system_fsa_0_0_compare_eq_im |          2 |          2 |       0 |    0 |     0 |      0 |      0 |    0 |          0 |
|                                     CARRY_ZERO_DET                                                               |                                                                                             split_d_system_fsa_0_0_carry_chain |          4 |          4 |       0 |    0 |     0 |      0 |      0 |    0 |          0 |
|                               OUTPUT                                                                             |                                                                                              split_d_system_fsa_0_0_flt_dec_op |          3 |          3 |       0 |    0 |     0 |      0 |      0 |    0 |          0 |
|                               RND_REQ.ROUND                                                                      |                                                                                  split_d_system_fsa_0_0_renorm_and_round_logic |         13 |         13 |       0 |    0 |     0 |      0 |      0 |    0 |          0 |
|                                 EXP_ADD.ADD                                                                      |                                                                             split_d_system_fsa_0_0_carry_chain__parameterized4 |          6 |          6 |       0 |    0 |     0 |      0 |      0 |    0 |          0 |
|                                 LOGIC.RND1                                                                       |                                                                             split_d_system_fsa_0_0_carry_chain__parameterized2 |          3 |          3 |       0 |    0 |     0 |      0 |      0 |    0 |          0 |
|                                 LOGIC.RND2                                                                       |                                                                             split_d_system_fsa_0_0_carry_chain__parameterized3 |          3 |          3 |       0 |    0 |     0 |      0 |      0 |    0 |          0 |
|                                 RND_BIT_GEN                                                                      |                                                                                           split_d_system_fsa_0_0_flt_round_bit |          1 |          1 |       0 |    0 |     0 |      0 |      0 |    0 |          0 |
|                                   NORM_1_OR_0.STRUCT_REQ.SPECIAL.RND_CHAIN                                       |                                                                             split_d_system_fsa_0_0_carry_chain__parameterized1 |          1 |          1 |       0 |    0 |     0 |      0 |      0 |    0 |          0 |
|                               RND_REQ.Z_DET_REQ.DET_ZERO                                                         |                                                                                           split_d_system_fsa_0_0_compare_ne_im |          2 |          2 |       0 |    0 |     0 |      0 |      0 |    0 |          0 |
|                                 WIDE_NOR                                                                         |                                                                             split_d_system_fsa_0_0_carry_chain__parameterized0 |          2 |          2 |       0 |    0 |     0 |      0 |      0 |    0 |          0 |
|                     v_tile_10_U                                                                                  |                  split_d_system_fsa_0_0_fsa_stream_split_d_runQueryBlock_1_Outline_VITIS_LOOP_117_5_v_tile_15_RAM_AUTO_1R1W_47 |          8 |          0 |       8 |    0 |    16 |      0 |      0 |    0 |          0 |
|                     v_tile_11_U                                                                                  |                  split_d_system_fsa_0_0_fsa_stream_split_d_runQueryBlock_1_Outline_VITIS_LOOP_117_5_v_tile_15_RAM_AUTO_1R1W_48 |          8 |          0 |       8 |    0 |    16 |      0 |      0 |    0 |          0 |
|                     v_tile_12_U                                                                                  |                  split_d_system_fsa_0_0_fsa_stream_split_d_runQueryBlock_1_Outline_VITIS_LOOP_117_5_v_tile_15_RAM_AUTO_1R1W_49 |          8 |          0 |       8 |    0 |    16 |      0 |      0 |    0 |          0 |
|                     v_tile_13_U                                                                                  |                  split_d_system_fsa_0_0_fsa_stream_split_d_runQueryBlock_1_Outline_VITIS_LOOP_117_5_v_tile_15_RAM_AUTO_1R1W_50 |          8 |          0 |       8 |    0 |    16 |      0 |      0 |    0 |          0 |
|                     v_tile_14_U                                                                                  |                  split_d_system_fsa_0_0_fsa_stream_split_d_runQueryBlock_1_Outline_VITIS_LOOP_117_5_v_tile_15_RAM_AUTO_1R1W_51 |          8 |          0 |       8 |    0 |    16 |      0 |      0 |    0 |          0 |
|                     v_tile_15_U                                                                                  |                  split_d_system_fsa_0_0_fsa_stream_split_d_runQueryBlock_1_Outline_VITIS_LOOP_117_5_v_tile_15_RAM_AUTO_1R1W_52 |          8 |          0 |       8 |    0 |    16 |      0 |      0 |    0 |          0 |
|                     v_tile_1_U                                                                                   |                  split_d_system_fsa_0_0_fsa_stream_split_d_runQueryBlock_1_Outline_VITIS_LOOP_117_5_v_tile_15_RAM_AUTO_1R1W_53 |          8 |          0 |       8 |    0 |    16 |      0 |      0 |    0 |          0 |
|                     v_tile_2_U                                                                                   |                  split_d_system_fsa_0_0_fsa_stream_split_d_runQueryBlock_1_Outline_VITIS_LOOP_117_5_v_tile_15_RAM_AUTO_1R1W_54 |          8 |          0 |       8 |    0 |    16 |      0 |      0 |    0 |          0 |
|                     v_tile_3_U                                                                                   |                  split_d_system_fsa_0_0_fsa_stream_split_d_runQueryBlock_1_Outline_VITIS_LOOP_117_5_v_tile_15_RAM_AUTO_1R1W_55 |          8 |          0 |       8 |    0 |    16 |      0 |      0 |    0 |          0 |
|                     v_tile_4_U                                                                                   |                  split_d_system_fsa_0_0_fsa_stream_split_d_runQueryBlock_1_Outline_VITIS_LOOP_117_5_v_tile_15_RAM_AUTO_1R1W_56 |          8 |          0 |       8 |    0 |    16 |      0 |      0 |    0 |          0 |
|                     v_tile_5_U                                                                                   |                  split_d_system_fsa_0_0_fsa_stream_split_d_runQueryBlock_1_Outline_VITIS_LOOP_117_5_v_tile_15_RAM_AUTO_1R1W_57 |          8 |          0 |       8 |    0 |    16 |      0 |      0 |    0 |          0 |
|                     v_tile_6_U                                                                                   |                  split_d_system_fsa_0_0_fsa_stream_split_d_runQueryBlock_1_Outline_VITIS_LOOP_117_5_v_tile_15_RAM_AUTO_1R1W_58 |          8 |          0 |       8 |    0 |    16 |      0 |      0 |    0 |          0 |
|                     v_tile_7_U                                                                                   |                  split_d_system_fsa_0_0_fsa_stream_split_d_runQueryBlock_1_Outline_VITIS_LOOP_117_5_v_tile_15_RAM_AUTO_1R1W_59 |          8 |          0 |       8 |    0 |    16 |      0 |      0 |    0 |          0 |
|                     v_tile_8_U                                                                                   |                  split_d_system_fsa_0_0_fsa_stream_split_d_runQueryBlock_1_Outline_VITIS_LOOP_117_5_v_tile_15_RAM_AUTO_1R1W_60 |          8 |          0 |       8 |    0 |    16 |      0 |      0 |    0 |          0 |
|                     v_tile_9_U                                                                                   |                  split_d_system_fsa_0_0_fsa_stream_split_d_runQueryBlock_1_Outline_VITIS_LOOP_117_5_v_tile_15_RAM_AUTO_1R1W_61 |          8 |          0 |       8 |    0 |    16 |      0 |      0 |    0 |          0 |
|                     v_tile_U                                                                                     |                  split_d_system_fsa_0_0_fsa_stream_split_d_runQueryBlock_1_Outline_VITIS_LOOP_117_5_v_tile_15_RAM_AUTO_1R1W_62 |          8 |          0 |       8 |    0 |    16 |      0 |      0 |    0 |          0 |
|                   grp_runQueryBlock_1_Pipeline_13_fu_166                                                         |                                                          split_d_system_fsa_0_0_fsa_stream_split_d_runQueryBlock_1_Pipeline_13 |         16 |         16 |       0 |    0 |     8 |      0 |      0 |    0 |          0 |
|                     (grp_runQueryBlock_1_Pipeline_13_fu_166)                                                     |                                                          split_d_system_fsa_0_0_fsa_stream_split_d_runQueryBlock_1_Pipeline_13 |          0 |          0 |       0 |    0 |     6 |      0 |      0 |    0 |          0 |
|                     flow_control_loop_pipe_sequential_init_U                                                     |                                            split_d_system_fsa_0_0_fsa_stream_split_d_flow_control_loop_pipe_sequential_init_21 |         16 |         16 |       0 |    0 |     2 |      0 |      0 |    0 |          0 |
|                   grp_runQueryBlock_1_Pipeline_2_fu_160                                                          |                                                           split_d_system_fsa_0_0_fsa_stream_split_d_runQueryBlock_1_Pipeline_2 |         19 |         19 |       0 |    0 |     8 |      0 |      0 |    0 |          0 |
|                     (grp_runQueryBlock_1_Pipeline_2_fu_160)                                                      |                                                           split_d_system_fsa_0_0_fsa_stream_split_d_runQueryBlock_1_Pipeline_2 |          0 |          0 |       0 |    0 |     6 |      0 |      0 |    0 |          0 |
|                     flow_control_loop_pipe_sequential_init_U                                                     |                                            split_d_system_fsa_0_0_fsa_stream_split_d_flow_control_loop_pipe_sequential_init_20 |         19 |         19 |       0 |    0 |     2 |      0 |      0 |    0 |          0 |
|                   grp_runQueryBlock_1_Pipeline_VITIS_LOOP_451_40_fu_211                                          |                                           split_d_system_fsa_0_0_fsa_stream_split_d_runQueryBlock_1_Pipeline_VITIS_LOOP_451_40 |         21 |         15 |       0 |    6 |    15 |      0 |      0 |    0 |          0 |
|                     (grp_runQueryBlock_1_Pipeline_VITIS_LOOP_451_40_fu_211)                                      |                                           split_d_system_fsa_0_0_fsa_stream_split_d_runQueryBlock_1_Pipeline_VITIS_LOOP_451_40 |          7 |          1 |       0 |    6 |    13 |      0 |      0 |    0 |          0 |
|                     flow_control_loop_pipe_sequential_init_U                                                     |                                            split_d_system_fsa_0_0_fsa_stream_split_d_flow_control_loop_pipe_sequential_init_19 |         14 |         14 |       0 |    0 |     2 |      0 |      0 |    0 |          0 |
|                   grp_runQueryBlock_1_Pipeline_VITIS_LOOP_474_43_VITIS_LOOP_475_44_fu_225                        |                         split_d_system_fsa_0_0_fsa_stream_split_d_runQueryBlock_1_Pipeline_VITIS_LOOP_474_43_VITIS_LOOP_475_44 |         56 |         56 |       0 |    0 |    17 |      0 |      0 |    0 |          0 |
|                     (grp_runQueryBlock_1_Pipeline_VITIS_LOOP_474_43_VITIS_LOOP_475_44_fu_225)                    |                         split_d_system_fsa_0_0_fsa_stream_split_d_runQueryBlock_1_Pipeline_VITIS_LOOP_474_43_VITIS_LOOP_475_44 |         34 |         34 |       0 |    0 |    15 |      0 |      0 |    0 |          0 |
|                     flow_control_loop_pipe_sequential_init_U                                                     |                                            split_d_system_fsa_0_0_fsa_stream_split_d_flow_control_loop_pipe_sequential_init_18 |         22 |         22 |       0 |    0 |     2 |      0 |      0 |    0 |          0 |
|                   grp_runQueryBlock_1_Pipeline_VITIS_LOOP_90_1_VITIS_LOOP_91_2_fu_146                            |                             split_d_system_fsa_0_0_fsa_stream_split_d_runQueryBlock_1_Pipeline_VITIS_LOOP_90_1_VITIS_LOOP_91_2 |         16 |         16 |       0 |    0 |    12 |      0 |      0 |    0 |          0 |
|                     (grp_runQueryBlock_1_Pipeline_VITIS_LOOP_90_1_VITIS_LOOP_91_2_fu_146)                        |                             split_d_system_fsa_0_0_fsa_stream_split_d_runQueryBlock_1_Pipeline_VITIS_LOOP_90_1_VITIS_LOOP_91_2 |          8 |          8 |       0 |    0 |    10 |      0 |      0 |    0 |          0 |
|                     flow_control_loop_pipe_sequential_init_U                                                     |                                               split_d_system_fsa_0_0_fsa_stream_split_d_flow_control_loop_pipe_sequential_init |          8 |          8 |       0 |    0 |     2 |      0 |      0 |    0 |          0 |
|                   normalized_1_U                                                                                 |                                           split_d_system_fsa_0_0_fsa_stream_split_d_runQueryBlock_1_s_normalized_RAM_AUTO_1R1W |         17 |          1 |      16 |    0 |    32 |      0 |      0 |    0 |          0 |
|                   normalized_U                                                                                   |                                         split_d_system_fsa_0_0_fsa_stream_split_d_runQueryBlock_1_s_normalized_RAM_AUTO_1R1W_9 |         16 |          0 |      16 |    0 |    32 |      0 |      0 |    0 |          0 |
|                   output_acc_1_U                                                                                 |                                           split_d_system_fsa_0_0_fsa_stream_split_d_runQueryBlock_1_s_output_acc_RAM_AUTO_1R1W |         49 |         17 |      32 |    0 |    64 |      0 |      0 |    0 |          0 |
|                   output_acc_U                                                                                   |                                        split_d_system_fsa_0_0_fsa_stream_split_d_runQueryBlock_1_s_output_acc_RAM_AUTO_1R1W_10 |         48 |         16 |      32 |    0 |    64 |      0 |      0 |    0 |          0 |
|                   q_tile_1_U                                                                                     |                                               split_d_system_fsa_0_0_fsa_stream_split_d_runQueryBlock_1_s_q_tile_RAM_AUTO_1R1W |          8 |          0 |       8 |    0 |    16 |      0 |      0 |    0 |          0 |
|                   q_tile_2_U                                                                                     |                                            split_d_system_fsa_0_0_fsa_stream_split_d_runQueryBlock_1_s_q_tile_RAM_AUTO_1R1W_11 |          8 |          0 |       8 |    0 |    16 |      0 |      0 |    0 |          0 |
|                   q_tile_3_U                                                                                     |                                            split_d_system_fsa_0_0_fsa_stream_split_d_runQueryBlock_1_s_q_tile_RAM_AUTO_1R1W_12 |          8 |          0 |       8 |    0 |    16 |      0 |      0 |    0 |          0 |
|                   q_tile_4_U                                                                                     |                                            split_d_system_fsa_0_0_fsa_stream_split_d_runQueryBlock_1_s_q_tile_RAM_AUTO_1R1W_13 |          8 |          0 |       8 |    0 |    16 |      0 |      0 |    0 |          0 |
|                   q_tile_5_U                                                                                     |                                            split_d_system_fsa_0_0_fsa_stream_split_d_runQueryBlock_1_s_q_tile_RAM_AUTO_1R1W_14 |          8 |          0 |       8 |    0 |    16 |      0 |      0 |    0 |          0 |
|                   q_tile_6_U                                                                                     |                                            split_d_system_fsa_0_0_fsa_stream_split_d_runQueryBlock_1_s_q_tile_RAM_AUTO_1R1W_15 |          8 |          0 |       8 |    0 |    16 |      0 |      0 |    0 |          0 |
|                   q_tile_7_U                                                                                     |                                            split_d_system_fsa_0_0_fsa_stream_split_d_runQueryBlock_1_s_q_tile_RAM_AUTO_1R1W_16 |          8 |          0 |       8 |    0 |    16 |      0 |      0 |    0 |          0 |
|                   q_tile_U                                                                                       |                                            split_d_system_fsa_0_0_fsa_stream_split_d_runQueryBlock_1_s_q_tile_RAM_AUTO_1R1W_17 |          8 |          0 |       8 |    0 |    16 |      0 |      0 |    0 |          0 |
|                 start_for_gatherQueryTile_U0_U                                                                   |                                                         split_d_system_fsa_0_0_fsa_stream_split_d_start_for_gatherQueryTile_U0 |          5 |          5 |       0 |    0 |     5 |      0 |      0 |    0 |          0 |
|                 start_for_runQueryBlock_0_U0_U                                                                   |                                                         split_d_system_fsa_0_0_fsa_stream_split_d_start_for_runQueryBlock_0_U0 |          6 |          6 |       0 |    0 |     4 |      0 |      0 |    0 |          0 |
|                 start_for_runQueryBlock_1_U0_U                                                                   |                                                         split_d_system_fsa_0_0_fsa_stream_split_d_start_for_runQueryBlock_1_U0 |          3 |          3 |       0 |    0 |     4 |      0 |      0 |    0 |          0 |
|           k_gmem_m_axi_U                                                                                         |                                                                         split_d_system_fsa_0_0_fsa_stream_split_d_k_gmem_m_axi |        874 |        601 |       0 |  273 |   921 |      2 |      0 |    0 |          0 |
|             bus_read                                                                                             |                                                                    split_d_system_fsa_0_0_fsa_stream_split_d_k_gmem_m_axi_read |        401 |        401 |       0 |    0 |   673 |      0 |      0 |    0 |          0 |
|               fifo_burst                                                                                         |                                                    split_d_system_fsa_0_0_fsa_stream_split_d_k_gmem_m_axi_fifo__parameterized1 |         16 |         16 |       0 |    0 |    13 |      0 |      0 |    0 |          0 |
|                 (fifo_burst)                                                                                     |                                                    split_d_system_fsa_0_0_fsa_stream_split_d_k_gmem_m_axi_fifo__parameterized1 |         15 |         15 |       0 |    0 |    12 |      0 |      0 |    0 |          0 |
|                 U_fifo_srl                                                                                       |                                                     split_d_system_fsa_0_0_fsa_stream_split_d_k_gmem_m_axi_srl__parameterized0 |          1 |          1 |       0 |    0 |     1 |      0 |      0 |    0 |          0 |
|               fifo_rctl                                                                                          |                                                  split_d_system_fsa_0_0_fsa_stream_split_d_k_gmem_m_axi_fifo__parameterized1_4 |          9 |          9 |       0 |    0 |     8 |      0 |      0 |    0 |          0 |
|               rreq_burst_conv                                                                                    |                                                         split_d_system_fsa_0_0_fsa_stream_split_d_k_gmem_m_axi_burst_converter |        305 |        305 |       0 |    0 |   517 |      0 |      0 |    0 |          0 |
|                 (rreq_burst_conv)                                                                                |                                                         split_d_system_fsa_0_0_fsa_stream_split_d_k_gmem_m_axi_burst_converter |        167 |        167 |       0 |    0 |   332 |      0 |      0 |    0 |          0 |
|                 rs_req                                                                                           |                                                               split_d_system_fsa_0_0_fsa_stream_split_d_k_gmem_m_axi_reg_slice |        138 |        138 |       0 |    0 |   185 |      0 |      0 |    0 |          0 |
|               rs_rdata                                                                                           |                                               split_d_system_fsa_0_0_fsa_stream_split_d_k_gmem_m_axi_reg_slice__parameterized0 |         71 |         71 |       0 |    0 |   135 |      0 |      0 |    0 |          0 |
|             load_unit_0                                                                                          |                                                                    split_d_system_fsa_0_0_fsa_stream_split_d_k_gmem_m_axi_load |        473 |        200 |       0 |  273 |   248 |      2 |      0 |    0 |          0 |
|               (load_unit_0)                                                                                      |                                                                    split_d_system_fsa_0_0_fsa_stream_split_d_k_gmem_m_axi_load |          1 |          1 |       0 |    0 |    92 |      0 |      0 |    0 |          0 |
|               buff_rdata                                                                                         |                                                    split_d_system_fsa_0_0_fsa_stream_split_d_k_gmem_m_axi_fifo__parameterized0 |         48 |         48 |       0 |    0 |    44 |      2 |      0 |    0 |          0 |
|                 (buff_rdata)                                                                                     |                                                    split_d_system_fsa_0_0_fsa_stream_split_d_k_gmem_m_axi_fifo__parameterized0 |         32 |         32 |       0 |    0 |    34 |      0 |      0 |    0 |          0 |
|                 U_fifo_mem                                                                                       |                                                                     split_d_system_fsa_0_0_fsa_stream_split_d_k_gmem_m_axi_mem |         16 |         16 |       0 |    0 |    10 |      2 |      0 |    0 |          0 |
|               fifo_rreq                                                                                          |                                                                    split_d_system_fsa_0_0_fsa_stream_split_d_k_gmem_m_axi_fifo |        425 |        152 |       0 |  273 |   112 |      0 |      0 |    0 |          0 |
|                 (fifo_rreq)                                                                                      |                                                                    split_d_system_fsa_0_0_fsa_stream_split_d_k_gmem_m_axi_fifo |         24 |         24 |       0 |    0 |    21 |      0 |      0 |    0 |          0 |
|                 U_fifo_srl                                                                                       |                                                                     split_d_system_fsa_0_0_fsa_stream_split_d_k_gmem_m_axi_srl |        401 |        128 |       0 |  273 |    91 |      0 |      0 |    0 |          0 |
|           o_gmem_m_axi_U                                                                                         |                                                                         split_d_system_fsa_0_0_fsa_stream_split_d_o_gmem_m_axi |       1006 |        625 |       0 |  381 |  1098 |      1 |      0 |    0 |          0 |
|             bus_write                                                                                            |                                                                   split_d_system_fsa_0_0_fsa_stream_split_d_o_gmem_m_axi_write |        663 |        475 |       0 |  188 |   872 |      0 |      0 |    0 |          0 |
|               (bus_write)                                                                                        |                                                                   split_d_system_fsa_0_0_fsa_stream_split_d_o_gmem_m_axi_write |          6 |          6 |       0 |    0 |    10 |      0 |      0 |    0 |          0 |
|               fifo_burst                                                                                         |                                                    split_d_system_fsa_0_0_fsa_stream_split_d_o_gmem_m_axi_fifo__parameterized3 |         26 |         20 |       0 |    6 |    16 |      0 |      0 |    0 |          0 |
|                 (fifo_burst)                                                                                     |                                                    split_d_system_fsa_0_0_fsa_stream_split_d_o_gmem_m_axi_fifo__parameterized3 |          6 |          6 |       0 |    0 |    10 |      0 |      0 |    0 |          0 |
|                 U_fifo_srl                                                                                       |                                                     split_d_system_fsa_0_0_fsa_stream_split_d_o_gmem_m_axi_srl__parameterized2 |         20 |         14 |       0 |    6 |     6 |      0 |      0 |    0 |          0 |
|               fifo_resp                                                                                          |                                                  split_d_system_fsa_0_0_fsa_stream_split_d_o_gmem_m_axi_fifo__parameterized1_2 |         14 |         13 |       0 |    1 |    11 |      0 |      0 |    0 |          0 |
|                 (fifo_resp)                                                                                      |                                                  split_d_system_fsa_0_0_fsa_stream_split_d_o_gmem_m_axi_fifo__parameterized1_2 |         10 |         10 |       0 |    0 |    10 |      0 |      0 |    0 |          0 |
|                 U_fifo_srl                                                                                       |                                                   split_d_system_fsa_0_0_fsa_stream_split_d_o_gmem_m_axi_srl__parameterized0_3 |          4 |          3 |       0 |    1 |     1 |      0 |      0 |    0 |          0 |
|               rs_resp                                                                                            |                                               split_d_system_fsa_0_0_fsa_stream_split_d_o_gmem_m_axi_reg_slice__parameterized1 |          4 |          4 |       0 |    0 |     5 |      0 |      0 |    0 |          0 |
|               wreq_burst_conv                                                                                    |                                                         split_d_system_fsa_0_0_fsa_stream_split_d_o_gmem_m_axi_burst_converter |        308 |        308 |       0 |    0 |   517 |      0 |      0 |    0 |          0 |
|                 (wreq_burst_conv)                                                                                |                                                         split_d_system_fsa_0_0_fsa_stream_split_d_o_gmem_m_axi_burst_converter |        169 |        169 |       0 |    0 |   332 |      0 |      0 |    0 |          0 |
|                 rs_req                                                                                           |                                                               split_d_system_fsa_0_0_fsa_stream_split_d_o_gmem_m_axi_reg_slice |        139 |        139 |       0 |    0 |   185 |      0 |      0 |    0 |          0 |
|               wreq_throttle                                                                                      |                                                                split_d_system_fsa_0_0_fsa_stream_split_d_o_gmem_m_axi_throttle |        306 |        125 |       0 |  181 |   313 |      0 |      0 |    0 |          0 |
|                 (wreq_throttle)                                                                                  |                                                                split_d_system_fsa_0_0_fsa_stream_split_d_o_gmem_m_axi_throttle |          7 |          7 |       0 |    0 |     8 |      0 |      0 |    0 |          0 |
|                 data_fifo                                                                                        |                                                    split_d_system_fsa_0_0_fsa_stream_split_d_o_gmem_m_axi_fifo__parameterized5 |        179 |         33 |       0 |  146 |    89 |      0 |      0 |    0 |          0 |
|                   (data_fifo)                                                                                    |                                                    split_d_system_fsa_0_0_fsa_stream_split_d_o_gmem_m_axi_fifo__parameterized5 |         26 |         26 |       0 |    0 |    16 |      0 |      0 |    0 |          0 |
|                   U_fifo_srl                                                                                     |                                                     split_d_system_fsa_0_0_fsa_stream_split_d_o_gmem_m_axi_srl__parameterized4 |        154 |          8 |       0 |  146 |    73 |      0 |      0 |    0 |          0 |
|                 req_fifo                                                                                         |                                                    split_d_system_fsa_0_0_fsa_stream_split_d_o_gmem_m_axi_fifo__parameterized4 |         48 |         13 |       0 |   35 |    77 |      0 |      0 |    0 |          0 |
|                   (req_fifo)                                                                                     |                                                    split_d_system_fsa_0_0_fsa_stream_split_d_o_gmem_m_axi_fifo__parameterized4 |         12 |         12 |       0 |    0 |    10 |      0 |      0 |    0 |          0 |
|                   U_fifo_srl                                                                                     |                                                     split_d_system_fsa_0_0_fsa_stream_split_d_o_gmem_m_axi_srl__parameterized3 |         37 |          2 |       0 |   35 |    67 |      0 |      0 |    0 |          0 |
|                 rs_req                                                                                           |                                               split_d_system_fsa_0_0_fsa_stream_split_d_o_gmem_m_axi_reg_slice__parameterized0 |         73 |         73 |       0 |    0 |   139 |      0 |      0 |    0 |          0 |
|             store_unit_0                                                                                         |                                                                   split_d_system_fsa_0_0_fsa_stream_split_d_o_gmem_m_axi_store |        345 |        152 |       0 |  193 |   226 |      1 |      0 |    0 |          0 |
|               (store_unit_0)                                                                                     |                                                                   split_d_system_fsa_0_0_fsa_stream_split_d_o_gmem_m_axi_store |          1 |          1 |       0 |    0 |    91 |      0 |      0 |    0 |          0 |
|               buff_wdata                                                                                         |                                                    split_d_system_fsa_0_0_fsa_stream_split_d_o_gmem_m_axi_fifo__parameterized0 |         26 |         26 |       0 |    0 |    28 |      1 |      0 |    0 |          0 |
|                 (buff_wdata)                                                                                     |                                                    split_d_system_fsa_0_0_fsa_stream_split_d_o_gmem_m_axi_fifo__parameterized0 |         20 |         20 |       0 |    0 |    22 |      0 |      0 |    0 |          0 |
|                 U_fifo_mem                                                                                       |                                                                     split_d_system_fsa_0_0_fsa_stream_split_d_o_gmem_m_axi_mem |          6 |          6 |       0 |    0 |     6 |      1 |      0 |    0 |          0 |
|               fifo_wreq                                                                                          |                                                                    split_d_system_fsa_0_0_fsa_stream_split_d_o_gmem_m_axi_fifo |        287 |         95 |       0 |  192 |    85 |      0 |      0 |    0 |          0 |
|                 (fifo_wreq)                                                                                      |                                                                    split_d_system_fsa_0_0_fsa_stream_split_d_o_gmem_m_axi_fifo |         25 |         25 |       0 |    0 |    21 |      0 |      0 |    0 |          0 |
|                 U_fifo_srl                                                                                       |                                                                     split_d_system_fsa_0_0_fsa_stream_split_d_o_gmem_m_axi_srl |        262 |         70 |       0 |  192 |    64 |      0 |      0 |    0 |          0 |
|               fifo_wrsp                                                                                          |                                                    split_d_system_fsa_0_0_fsa_stream_split_d_o_gmem_m_axi_fifo__parameterized1 |         18 |         17 |       0 |    1 |    11 |      0 |      0 |    0 |          0 |
|                 (fifo_wrsp)                                                                                      |                                                    split_d_system_fsa_0_0_fsa_stream_split_d_o_gmem_m_axi_fifo__parameterized1 |          4 |          4 |       0 |    0 |    10 |      0 |      0 |    0 |          0 |
|                 U_fifo_srl                                                                                       |                                                     split_d_system_fsa_0_0_fsa_stream_split_d_o_gmem_m_axi_srl__parameterized0 |         14 |         13 |       0 |    1 |     1 |      0 |      0 |    0 |          0 |
|               user_resp                                                                                          |                                                    split_d_system_fsa_0_0_fsa_stream_split_d_o_gmem_m_axi_fifo__parameterized2 |         14 |         14 |       0 |    0 |    11 |      0 |      0 |    0 |          0 |
|           q_gmem_m_axi_U                                                                                         |                                                                         split_d_system_fsa_0_0_fsa_stream_split_d_q_gmem_m_axi |        740 |        548 |       0 |  192 |   894 |      2 |      0 |    0 |          0 |
|             bus_read                                                                                             |                                                                    split_d_system_fsa_0_0_fsa_stream_split_d_q_gmem_m_axi_read |        404 |        404 |       0 |    0 |   673 |      0 |      0 |    0 |          0 |
|               fifo_burst                                                                                         |                                                    split_d_system_fsa_0_0_fsa_stream_split_d_q_gmem_m_axi_fifo__parameterized1 |         16 |         16 |       0 |    0 |    13 |      0 |      0 |    0 |          0 |
|                 (fifo_burst)                                                                                     |                                                    split_d_system_fsa_0_0_fsa_stream_split_d_q_gmem_m_axi_fifo__parameterized1 |         15 |         15 |       0 |    0 |    12 |      0 |      0 |    0 |          0 |
|                 U_fifo_srl                                                                                       |                                                     split_d_system_fsa_0_0_fsa_stream_split_d_q_gmem_m_axi_srl__parameterized0 |          1 |          1 |       0 |    0 |     1 |      0 |      0 |    0 |          0 |
|               fifo_rctl                                                                                          |                                                  split_d_system_fsa_0_0_fsa_stream_split_d_q_gmem_m_axi_fifo__parameterized1_1 |          9 |          9 |       0 |    0 |     8 |      0 |      0 |    0 |          0 |
|               rreq_burst_conv                                                                                    |                                                         split_d_system_fsa_0_0_fsa_stream_split_d_q_gmem_m_axi_burst_converter |        307 |        307 |       0 |    0 |   517 |      0 |      0 |    0 |          0 |
|                 (rreq_burst_conv)                                                                                |                                                         split_d_system_fsa_0_0_fsa_stream_split_d_q_gmem_m_axi_burst_converter |        168 |        168 |       0 |    0 |   332 |      0 |      0 |    0 |          0 |
|                 rs_req                                                                                           |                                                               split_d_system_fsa_0_0_fsa_stream_split_d_q_gmem_m_axi_reg_slice |        139 |        139 |       0 |    0 |   185 |      0 |      0 |    0 |          0 |
|               rs_rdata                                                                                           |                                               split_d_system_fsa_0_0_fsa_stream_split_d_q_gmem_m_axi_reg_slice__parameterized0 |         72 |         72 |       0 |    0 |   135 |      0 |      0 |    0 |          0 |
|             load_unit_0                                                                                          |                                                                    split_d_system_fsa_0_0_fsa_stream_split_d_q_gmem_m_axi_load |        336 |        144 |       0 |  192 |   221 |      2 |      0 |    0 |          0 |
|               (load_unit_0)                                                                                      |                                                                    split_d_system_fsa_0_0_fsa_stream_split_d_q_gmem_m_axi_load |          1 |          1 |       0 |    0 |    92 |      0 |      0 |    0 |          0 |
|               buff_rdata                                                                                         |                                                    split_d_system_fsa_0_0_fsa_stream_split_d_q_gmem_m_axi_fifo__parameterized0 |         48 |         48 |       0 |    0 |    44 |      2 |      0 |    0 |          0 |
|                 (buff_rdata)                                                                                     |                                                    split_d_system_fsa_0_0_fsa_stream_split_d_q_gmem_m_axi_fifo__parameterized0 |         31 |         31 |       0 |    0 |    34 |      0 |      0 |    0 |          0 |
|                 U_fifo_mem                                                                                       |                                                                     split_d_system_fsa_0_0_fsa_stream_split_d_q_gmem_m_axi_mem |         17 |         17 |       0 |    0 |    10 |      2 |      0 |    0 |          0 |
|               fifo_rreq                                                                                          |                                                                    split_d_system_fsa_0_0_fsa_stream_split_d_q_gmem_m_axi_fifo |        288 |         96 |       0 |  192 |    85 |      0 |      0 |    0 |          0 |
|                 (fifo_rreq)                                                                                      |                                                                    split_d_system_fsa_0_0_fsa_stream_split_d_q_gmem_m_axi_fifo |         25 |         25 |       0 |    0 |    21 |      0 |      0 |    0 |          0 |
|                 U_fifo_srl                                                                                       |                                                                     split_d_system_fsa_0_0_fsa_stream_split_d_q_gmem_m_axi_srl |        263 |         71 |       0 |  192 |    64 |      0 |      0 |    0 |          0 |
|           v_gmem_m_axi_U                                                                                         |                                                                         split_d_system_fsa_0_0_fsa_stream_split_d_v_gmem_m_axi |        876 |        603 |       0 |  273 |   921 |      2 |      0 |    0 |          0 |
|             bus_read                                                                                             |                                                                    split_d_system_fsa_0_0_fsa_stream_split_d_v_gmem_m_axi_read |        403 |        403 |       0 |    0 |   673 |      0 |      0 |    0 |          0 |
|               fifo_burst                                                                                         |                                                    split_d_system_fsa_0_0_fsa_stream_split_d_v_gmem_m_axi_fifo__parameterized1 |         16 |         16 |       0 |    0 |    13 |      0 |      0 |    0 |          0 |
|                 (fifo_burst)                                                                                     |                                                    split_d_system_fsa_0_0_fsa_stream_split_d_v_gmem_m_axi_fifo__parameterized1 |         15 |         15 |       0 |    0 |    12 |      0 |      0 |    0 |          0 |
|                 U_fifo_srl                                                                                       |                                                     split_d_system_fsa_0_0_fsa_stream_split_d_v_gmem_m_axi_srl__parameterized0 |          1 |          1 |       0 |    0 |     1 |      0 |      0 |    0 |          0 |
|               fifo_rctl                                                                                          |                                                  split_d_system_fsa_0_0_fsa_stream_split_d_v_gmem_m_axi_fifo__parameterized1_0 |          9 |          9 |       0 |    0 |     8 |      0 |      0 |    0 |          0 |
|               rreq_burst_conv                                                                                    |                                                         split_d_system_fsa_0_0_fsa_stream_split_d_v_gmem_m_axi_burst_converter |        307 |        307 |       0 |    0 |   517 |      0 |      0 |    0 |          0 |
|                 (rreq_burst_conv)                                                                                |                                                         split_d_system_fsa_0_0_fsa_stream_split_d_v_gmem_m_axi_burst_converter |        168 |        168 |       0 |    0 |   332 |      0 |      0 |    0 |          0 |
|                 rs_req                                                                                           |                                                               split_d_system_fsa_0_0_fsa_stream_split_d_v_gmem_m_axi_reg_slice |        139 |        139 |       0 |    0 |   185 |      0 |      0 |    0 |          0 |
|               rs_rdata                                                                                           |                                               split_d_system_fsa_0_0_fsa_stream_split_d_v_gmem_m_axi_reg_slice__parameterized0 |         71 |         71 |       0 |    0 |   135 |      0 |      0 |    0 |          0 |
|             load_unit_0                                                                                          |                                                                    split_d_system_fsa_0_0_fsa_stream_split_d_v_gmem_m_axi_load |        473 |        200 |       0 |  273 |   248 |      2 |      0 |    0 |          0 |
|               (load_unit_0)                                                                                      |                                                                    split_d_system_fsa_0_0_fsa_stream_split_d_v_gmem_m_axi_load |          1 |          1 |       0 |    0 |    92 |      0 |      0 |    0 |          0 |
|               buff_rdata                                                                                         |                                                    split_d_system_fsa_0_0_fsa_stream_split_d_v_gmem_m_axi_fifo__parameterized0 |         48 |         48 |       0 |    0 |    44 |      2 |      0 |    0 |          0 |
|                 (buff_rdata)                                                                                     |                                                    split_d_system_fsa_0_0_fsa_stream_split_d_v_gmem_m_axi_fifo__parameterized0 |         32 |         32 |       0 |    0 |    34 |      0 |      0 |    0 |          0 |
|                 U_fifo_mem                                                                                       |                                                                     split_d_system_fsa_0_0_fsa_stream_split_d_v_gmem_m_axi_mem |         16 |         16 |       0 |    0 |    10 |      2 |      0 |    0 |          0 |
|               fifo_rreq                                                                                          |                                                                    split_d_system_fsa_0_0_fsa_stream_split_d_v_gmem_m_axi_fifo |        425 |        152 |       0 |  273 |   112 |      0 |      0 |    0 |          0 |
|                 (fifo_rreq)                                                                                      |                                                                    split_d_system_fsa_0_0_fsa_stream_split_d_v_gmem_m_axi_fifo |         24 |         24 |       0 |    0 |    21 |      0 |      0 |    0 |          0 |
|                 U_fifo_srl                                                                                       |                                                                     split_d_system_fsa_0_0_fsa_stream_split_d_v_gmem_m_axi_srl |        401 |        128 |       0 |  273 |    91 |      0 |      0 |    0 |          0 |
|       hbm_0                                                                                                      |                                                                                                         split_d_system_hbm_0_0 |       1536 |       1520 |      16 |    0 |  1648 |      4 |      0 |    0 |          0 |
|         (hbm_0)                                                                                                  |                                                                                                         split_d_system_hbm_0_0 |          0 |          0 |       0 |    0 |     0 |      0 |      0 |    0 |          0 |
|         inst                                                                                                     |                                                                                             split_d_system_hbm_0_0_hbm_v1_0_16 |       1536 |       1520 |      16 |    0 |  1648 |      4 |      0 |    0 |          0 |
|           TWO_STACK.u_hbm_top                                                                                    |                                                                                                 split_d_system_hbm_0_0_hbm_top |       1536 |       1520 |      16 |    0 |  1648 |      4 |      0 |    0 |          0 |
|             (TWO_STACK.u_hbm_top)                                                                                |                                                                                                 split_d_system_hbm_0_0_hbm_top |         64 |         64 |       0 |    0 |     0 |      0 |      0 |    0 |          0 |
|             TWO_STACK_HBM.hbm_apb_arbiter_0                                                                      |                                                                                         split_d_system_hbm_0_0_hbm_apb_arbiter |         86 |         86 |       0 |    0 |     2 |      0 |      0 |    0 |          0 |
|             TWO_STACK_HBM.hbm_apb_arbiter_1                                                                      |                                                                                       split_d_system_hbm_0_0_hbm_apb_arbiter_0 |         86 |         86 |       0 |    0 |     2 |      0 |      0 |    0 |          0 |
|             TWO_STACK_HBM.hbm_apb_mst_0                                                                          |                                                                                             split_d_system_hbm_0_0_hbm_apb_mst |        246 |        246 |       0 |    0 |   235 |      0 |      0 |    0 |          0 |
|             TWO_STACK_HBM.hbm_apb_mst_1                                                                          |                                                                                           split_d_system_hbm_0_0_hbm_apb_mst_1 |        246 |        246 |       0 |    0 |   235 |      0 |      0 |    0 |          0 |
|             TWO_STACK_HBM.hbm_data_fetch_0                                                                       |                                                                                          split_d_system_hbm_0_0_hbm_data_fetch |         49 |         49 |       0 |    0 |   130 |      0 |      0 |    0 |          0 |
|             TWO_STACK_HBM.hbm_data_fetch_1                                                                       |                                                                                        split_d_system_hbm_0_0_hbm_data_fetch_2 |         51 |         51 |       0 |    0 |   130 |      0 |      0 |    0 |          0 |
|             TWO_STACK_HBM.u_hbm_temp_rd_0                                                                        |                                                                                             split_d_system_hbm_0_0_hbm_temp_rd |         90 |         90 |       0 |    0 |    70 |      0 |      0 |    0 |          0 |
|             TWO_STACK_HBM.u_hbm_temp_rd_1                                                                        |                                                                                           split_d_system_hbm_0_0_hbm_temp_rd_3 |         83 |         83 |       0 |    0 |    70 |      0 |      0 |    0 |          0 |
|             TWO_STACK_HBM.u_xsdb_top_0                                                                           |                                                                                                split_d_system_hbm_0_0_xsdb_top |        244 |        236 |       8 |    0 |   387 |      0 |      0 |    0 |          0 |
|               U_XSDB_SLAVE                                                                                       |                                                                     split_d_system_hbm_0_0_hbm_v1_0_16_chipscope_xsdb_slave__1 |         74 |         74 |       0 |    0 |   213 |      0 |      0 |    0 |          0 |
|               xsdb2adb_u0                                                                                        |                                                                                                split_d_system_hbm_0_0_xsdb2apb |        170 |        162 |       8 |    0 |   174 |      0 |      0 |    0 |          0 |
|             TWO_STACK_HBM.u_xsdb_top_1                                                                           |                                                                                split_d_system_hbm_0_0_xsdb_top__parameterized0 |        248 |        240 |       8 |    0 |   387 |      0 |      0 |    0 |          0 |
|               U_XSDB_SLAVE                                                                                       |                                                                        split_d_system_hbm_0_0_hbm_v1_0_16_chipscope_xsdb_slave |         74 |         74 |       0 |    0 |   213 |      0 |      0 |    0 |          0 |
|               xsdb2adb_u0                                                                                        |                                                                                split_d_system_hbm_0_0_xsdb2apb__parameterized0 |        174 |        166 |       8 |    0 |   174 |      0 |      0 |    0 |          0 |
|             TWO_STACK_HBM.xpm_memory_spram_inst_0                                                                |                                                                                        split_d_system_hbm_0_0_xpm_memory_spram |         24 |         24 |       0 |    0 |     0 |      2 |      0 |    0 |          0 |
|               (TWO_STACK_HBM.xpm_memory_spram_inst_0)                                                            |                                                                                        split_d_system_hbm_0_0_xpm_memory_spram |         23 |         23 |       0 |    0 |     0 |      0 |      0 |    0 |          0 |
|               xpm_memory_base_inst                                                                               |                                                                                      split_d_system_hbm_0_0_xpm_memory_base__1 |          1 |          1 |       0 |    0 |     0 |      2 |      0 |    0 |          0 |
|             TWO_STACK_HBM.xpm_memory_spram_inst_1                                                                |                                                                                      split_d_system_hbm_0_0_xpm_memory_spram_4 |         24 |         24 |       0 |    0 |     0 |      2 |      0 |    0 |          0 |
|               (TWO_STACK_HBM.xpm_memory_spram_inst_1)                                                            |                                                                                      split_d_system_hbm_0_0_xpm_memory_spram_4 |         23 |         23 |       0 |    0 |     0 |      0 |      0 |    0 |          0 |
|               xpm_memory_base_inst                                                                               |                                                                                         split_d_system_hbm_0_0_xpm_memory_base |          1 |          1 |       0 |    0 |     0 |      2 |      0 |    0 |          0 |
|       memory_interconnect                                                                                        |                                                                                           split_d_system_memory_interconnect_0 |       6808 |       4773 |    1830 |  205 | 10648 |      0 |      0 |    0 |          0 |
|         (memory_interconnect)                                                                                    |                                                                                           split_d_system_memory_interconnect_0 |          0 |          0 |       0 |    0 |     0 |      0 |      0 |    0 |          0 |
|         inst                                                                                                     |                                                                                   split_d_system_memory_interconnect_0_bd_4794 |       6808 |       4773 |    1830 |  205 | 10648 |      0 |      0 |    0 |          0 |
|           clk_map                                                                                                |                                                                        split_d_system_memory_interconnect_0_clk_map_imp_P8B34M |         37 |         34 |       0 |    3 |    82 |      0 |      0 |    0 |          0 |
|             psr0                                                                                                 |                                                                            split_d_system_memory_interconnect_0_bd_4794_psr0_0 |         12 |         11 |       0 |    1 |    22 |      0 |      0 |    0 |          0 |
|               U0                                                                                                 |                                                                        split_d_system_memory_interconnect_0_proc_sys_reset_485 |         12 |         11 |       0 |    1 |    22 |      0 |      0 |    0 |          0 |
|                 (U0)                                                                                             |                                                                        split_d_system_memory_interconnect_0_proc_sys_reset_485 |          0 |          0 |       0 |    0 |     1 |      0 |      0 |    0 |          0 |
|                 EXT_LPF                                                                                          |                                                                                   split_d_system_memory_interconnect_0_lpf_486 |          3 |          2 |       0 |    1 |     6 |      0 |      0 |    0 |          0 |
|                   (EXT_LPF)                                                                                      |                                                                                   split_d_system_memory_interconnect_0_lpf_486 |          3 |          2 |       0 |    1 |     2 |      0 |      0 |    0 |          0 |
|                   ACTIVE_LOW_AUX.ACT_LO_AUX                                                                      |                                                                              split_d_system_memory_interconnect_0_cdc_sync_489 |          0 |          0 |       0 |    0 |     4 |      0 |      0 |    0 |          0 |
|                 SEQ                                                                                              |                                                                          split_d_system_memory_interconnect_0_sequence_psr_487 |          9 |          9 |       0 |    0 |    15 |      0 |      0 |    0 |          0 |
|                   (SEQ)                                                                                          |                                                                          split_d_system_memory_interconnect_0_sequence_psr_487 |          5 |          5 |       0 |    0 |     9 |      0 |      0 |    0 |          0 |
|                   SEQ_COUNTER                                                                                    |                                                                               split_d_system_memory_interconnect_0_upcnt_n_488 |          4 |          4 |       0 |    0 |     6 |      0 |      0 |    0 |          0 |
|             psr_aclk                                                                                             |                                                                        split_d_system_memory_interconnect_0_bd_4794_psr_aclk_0 |         13 |         12 |       0 |    1 |    30 |      0 |      0 |    0 |          0 |
|               U0                                                                                                 |                                                                        split_d_system_memory_interconnect_0_proc_sys_reset_479 |         13 |         12 |       0 |    1 |    30 |      0 |      0 |    0 |          0 |
|                 (U0)                                                                                             |                                                                        split_d_system_memory_interconnect_0_proc_sys_reset_479 |          0 |          0 |       0 |    0 |     1 |      0 |      0 |    0 |          0 |
|                 EXT_LPF                                                                                          |                                                                                   split_d_system_memory_interconnect_0_lpf_480 |          4 |          3 |       0 |    1 |    14 |      0 |      0 |    0 |          0 |
|                   (EXT_LPF)                                                                                      |                                                                                   split_d_system_memory_interconnect_0_lpf_480 |          2 |          1 |       0 |    1 |     6 |      0 |      0 |    0 |          0 |
|                   ACTIVE_LOW_AUX.ACT_LO_AUX                                                                      |                                                                              split_d_system_memory_interconnect_0_cdc_sync_483 |          1 |          1 |       0 |    0 |     4 |      0 |      0 |    0 |          0 |
|                   ACTIVE_LOW_EXT.ACT_LO_EXT                                                                      |                                                                              split_d_system_memory_interconnect_0_cdc_sync_484 |          1 |          1 |       0 |    0 |     4 |      0 |      0 |    0 |          0 |
|                 SEQ                                                                                              |                                                                          split_d_system_memory_interconnect_0_sequence_psr_481 |          9 |          9 |       0 |    0 |    15 |      0 |      0 |    0 |          0 |
|                   (SEQ)                                                                                          |                                                                          split_d_system_memory_interconnect_0_sequence_psr_481 |          5 |          5 |       0 |    0 |     9 |      0 |      0 |    0 |          0 |
|                   SEQ_COUNTER                                                                                    |                                                                               split_d_system_memory_interconnect_0_upcnt_n_482 |          4 |          4 |       0 |    0 |     6 |      0 |      0 |    0 |          0 |
|             psr_aclk1                                                                                            |                                                                       split_d_system_memory_interconnect_0_bd_4794_psr_aclk1_0 |         12 |         11 |       0 |    1 |    30 |      0 |      0 |    0 |          0 |
|               U0                                                                                                 |                                                                            split_d_system_memory_interconnect_0_proc_sys_reset |         12 |         11 |       0 |    1 |    30 |      0 |      0 |    0 |          0 |
|                 (U0)                                                                                             |                                                                            split_d_system_memory_interconnect_0_proc_sys_reset |          0 |          0 |       0 |    0 |     1 |      0 |      0 |    0 |          0 |
|                 EXT_LPF                                                                                          |                                                                                       split_d_system_memory_interconnect_0_lpf |          3 |          2 |       0 |    1 |    14 |      0 |      0 |    0 |          0 |
|                   (EXT_LPF)                                                                                      |                                                                                       split_d_system_memory_interconnect_0_lpf |          2 |          1 |       0 |    1 |     6 |      0 |      0 |    0 |          0 |
|                   ACTIVE_LOW_AUX.ACT_LO_AUX                                                                      |                                                                                  split_d_system_memory_interconnect_0_cdc_sync |          0 |          0 |       0 |    0 |     4 |      0 |      0 |    0 |          0 |
|                   ACTIVE_LOW_EXT.ACT_LO_EXT                                                                      |                                                                              split_d_system_memory_interconnect_0_cdc_sync_478 |          1 |          1 |       0 |    0 |     4 |      0 |      0 |    0 |          0 |
|                 SEQ                                                                                              |                                                                              split_d_system_memory_interconnect_0_sequence_psr |          9 |          9 |       0 |    0 |    15 |      0 |      0 |    0 |          0 |
|                   (SEQ)                                                                                          |                                                                              split_d_system_memory_interconnect_0_sequence_psr |          5 |          5 |       0 |    0 |     9 |      0 |      0 |    0 |          0 |
|                   SEQ_COUNTER                                                                                    |                                                                                   split_d_system_memory_interconnect_0_upcnt_n |          4 |          4 |       0 |    0 |     6 |      0 |      0 |    0 |          0 |
|           m00_exit_pipeline                                                                                      |                                                             split_d_system_memory_interconnect_0_m00_exit_pipeline_imp_190QQ8D |        768 |        741 |       0 |   27 |  1697 |      0 |      0 |    0 |          0 |
|             m00_exit                                                                                             |                                                                            split_d_system_memory_interconnect_0_bd_4794_m00e_0 |        768 |        741 |       0 |   27 |  1697 |      0 |      0 |    0 |          0 |
|               inst                                                                                               |                                                                       split_d_system_memory_interconnect_0_sc_exit_v1_0_16_top |        768 |        741 |       0 |   27 |  1697 |      0 |      0 |    0 |          0 |
|                 (inst)                                                                                           |                                                                       split_d_system_memory_interconnect_0_sc_exit_v1_0_16_top |          1 |          1 |       0 |    0 |     2 |      0 |      0 |    0 |          0 |
|                 ar_reg                                                                                           |                                                          split_d_system_memory_interconnect_0_sc_util_v1_0_4_axi_reg_stall_442 |         25 |         25 |       0 |    0 |    84 |      0 |      0 |    0 |          0 |
|                 aw_reg                                                                                           |                                                          split_d_system_memory_interconnect_0_sc_util_v1_0_4_axi_reg_stall_443 |         25 |         25 |       0 |    0 |    84 |      0 |      0 |    0 |          0 |
|                 b_reg                                                                                            |                                                          split_d_system_memory_interconnect_0_sc_util_v1_0_4_axi_reg_stall_444 |          7 |          7 |       0 |    0 |     8 |      0 |      0 |    0 |          0 |
|                 exit_inst                                                                                        |                                                                      split_d_system_memory_interconnect_0_sc_exit_v1_0_16_exit |         79 |         59 |       0 |   20 |    37 |      0 |      0 |    0 |          0 |
|                   (exit_inst)                                                                                    |                                                                      split_d_system_memory_interconnect_0_sc_exit_v1_0_16_exit |          6 |          6 |       0 |    0 |     1 |      0 |      0 |    0 |          0 |
|                   gen_r_cmd_fifo.r_cmd_fifo                                                                      |                                          split_d_system_memory_interconnect_0_sc_util_v1_0_4_axic_reg_srl_fifo__parameterized2 |         55 |         38 |       0 |   17 |    25 |      0 |      0 |    0 |          0 |
|                     (gen_r_cmd_fifo.r_cmd_fifo)                                                                  |                                          split_d_system_memory_interconnect_0_sc_util_v1_0_4_axic_reg_srl_fifo__parameterized2 |         21 |         21 |       0 |    0 |    25 |      0 |      0 |    0 |          0 |
|                     gen_srls[10].srl_nx1                                                                         |                                                                split_d_system_memory_interconnect_0_sc_util_v1_0_4_srl_rtl_461 |          2 |          1 |       0 |    1 |     0 |      0 |      0 |    0 |          0 |
|                     gen_srls[11].srl_nx1                                                                         |                                                                split_d_system_memory_interconnect_0_sc_util_v1_0_4_srl_rtl_462 |          2 |          1 |       0 |    1 |     0 |      0 |      0 |    0 |          0 |
|                     gen_srls[12].srl_nx1                                                                         |                                                                split_d_system_memory_interconnect_0_sc_util_v1_0_4_srl_rtl_463 |          2 |          1 |       0 |    1 |     0 |      0 |      0 |    0 |          0 |
|                     gen_srls[13].srl_nx1                                                                         |                                                                split_d_system_memory_interconnect_0_sc_util_v1_0_4_srl_rtl_464 |          2 |          1 |       0 |    1 |     0 |      0 |      0 |    0 |          0 |
|                     gen_srls[14].srl_nx1                                                                         |                                                                split_d_system_memory_interconnect_0_sc_util_v1_0_4_srl_rtl_465 |          2 |          1 |       0 |    1 |     0 |      0 |      0 |    0 |          0 |
|                     gen_srls[15].srl_nx1                                                                         |                                                                split_d_system_memory_interconnect_0_sc_util_v1_0_4_srl_rtl_466 |          2 |          1 |       0 |    1 |     0 |      0 |      0 |    0 |          0 |
|                     gen_srls[16].srl_nx1                                                                         |                                                                split_d_system_memory_interconnect_0_sc_util_v1_0_4_srl_rtl_467 |          2 |          1 |       0 |    1 |     0 |      0 |      0 |    0 |          0 |
|                     gen_srls[17].srl_nx1                                                                         |                                                                split_d_system_memory_interconnect_0_sc_util_v1_0_4_srl_rtl_468 |          3 |          2 |       0 |    1 |     0 |      0 |      0 |    0 |          0 |
|                     gen_srls[1].srl_nx1                                                                          |                                                                split_d_system_memory_interconnect_0_sc_util_v1_0_4_srl_rtl_469 |          2 |          1 |       0 |    1 |     0 |      0 |      0 |    0 |          0 |
|                     gen_srls[2].srl_nx1                                                                          |                                                                split_d_system_memory_interconnect_0_sc_util_v1_0_4_srl_rtl_470 |          2 |          1 |       0 |    1 |     0 |      0 |      0 |    0 |          0 |
|                     gen_srls[3].srl_nx1                                                                          |                                                                split_d_system_memory_interconnect_0_sc_util_v1_0_4_srl_rtl_471 |          2 |          1 |       0 |    1 |     0 |      0 |      0 |    0 |          0 |
|                     gen_srls[4].srl_nx1                                                                          |                                                                split_d_system_memory_interconnect_0_sc_util_v1_0_4_srl_rtl_472 |          2 |          1 |       0 |    1 |     0 |      0 |      0 |    0 |          0 |
|                     gen_srls[5].srl_nx1                                                                          |                                                                split_d_system_memory_interconnect_0_sc_util_v1_0_4_srl_rtl_473 |          2 |          1 |       0 |    1 |     0 |      0 |      0 |    0 |          0 |
|                     gen_srls[6].srl_nx1                                                                          |                                                                split_d_system_memory_interconnect_0_sc_util_v1_0_4_srl_rtl_474 |          2 |          1 |       0 |    1 |     0 |      0 |      0 |    0 |          0 |
|                     gen_srls[7].srl_nx1                                                                          |                                                                split_d_system_memory_interconnect_0_sc_util_v1_0_4_srl_rtl_475 |          2 |          1 |       0 |    1 |     0 |      0 |      0 |    0 |          0 |
|                     gen_srls[8].srl_nx1                                                                          |                                                                split_d_system_memory_interconnect_0_sc_util_v1_0_4_srl_rtl_476 |          2 |          1 |       0 |    1 |     0 |      0 |      0 |    0 |          0 |
|                     gen_srls[9].srl_nx1                                                                          |                                                                split_d_system_memory_interconnect_0_sc_util_v1_0_4_srl_rtl_477 |          2 |          1 |       0 |    1 |     0 |      0 |      0 |    0 |          0 |
|                   gen_w_cmd_fifo.w_cmd_fifo                                                                      |                                          split_d_system_memory_interconnect_0_sc_util_v1_0_4_axic_reg_srl_fifo__parameterized3 |         18 |         15 |       0 |    3 |    11 |      0 |      0 |    0 |          0 |
|                     (gen_w_cmd_fifo.w_cmd_fifo)                                                                  |                                          split_d_system_memory_interconnect_0_sc_util_v1_0_4_axic_reg_srl_fifo__parameterized3 |         12 |         12 |       0 |    0 |    11 |      0 |      0 |    0 |          0 |
|                     gen_srls[1].srl_nx1                                                                          |                                                                split_d_system_memory_interconnect_0_sc_util_v1_0_4_srl_rtl_458 |          2 |          1 |       0 |    1 |     0 |      0 |      0 |    0 |          0 |
|                     gen_srls[2].srl_nx1                                                                          |                                                                split_d_system_memory_interconnect_0_sc_util_v1_0_4_srl_rtl_459 |          2 |          1 |       0 |    1 |     0 |      0 |      0 |    0 |          0 |
|                     gen_srls[3].srl_nx1                                                                          |                                                                split_d_system_memory_interconnect_0_sc_util_v1_0_4_srl_rtl_460 |          3 |          2 |       0 |    1 |     0 |      0 |      0 |    0 |          0 |
|                 r_reg                                                                                            |                                                          split_d_system_memory_interconnect_0_sc_util_v1_0_4_axi_reg_stall_445 |        139 |        139 |       0 |    0 |   523 |      0 |      0 |    0 |          0 |
|                 splitter_inst                                                                                    |                                                                  split_d_system_memory_interconnect_0_sc_exit_v1_0_16_splitter |        346 |        339 |       0 |    7 |   374 |      0 |      0 |    0 |          0 |
|                   (splitter_inst)                                                                                |                                                                  split_d_system_memory_interconnect_0_sc_exit_v1_0_16_splitter |          0 |          0 |       0 |    0 |     1 |      0 |      0 |    0 |          0 |
|                   gen_axi3.splitter_inst                                                                         |                                                                 split_d_system_memory_interconnect_0_sc_exit_v1_0_16_axi3_conv |        346 |        339 |       0 |    7 |   373 |      0 |      0 |    0 |          0 |
|                     (gen_axi3.splitter_inst)                                                                     |                                                                 split_d_system_memory_interconnect_0_sc_exit_v1_0_16_axi3_conv |         94 |         94 |       0 |    0 |   116 |      0 |      0 |    0 |          0 |
|                     ar_cmd_reg                                                                                   |                                                          split_d_system_memory_interconnect_0_sc_util_v1_0_4_axi_reg_stall_447 |        100 |        100 |       0 |    0 |   120 |      0 |      0 |    0 |          0 |
|                     aw_cmd_reg                                                                                   |                                                          split_d_system_memory_interconnect_0_sc_util_v1_0_4_axi_reg_stall_448 |         85 |         85 |       0 |    0 |   106 |      0 |      0 |    0 |          0 |
|                     gen_rsplitter.gen_rthread_loop[0].r_split_fifo                                               |                                                      split_d_system_memory_interconnect_0_sc_util_v1_0_4_axic_reg_srl_fifo_449 |         14 |         13 |       0 |    1 |     9 |      0 |      0 |    0 |          0 |
|                       (gen_rsplitter.gen_rthread_loop[0].r_split_fifo)                                           |                                                      split_d_system_memory_interconnect_0_sc_util_v1_0_4_axic_reg_srl_fifo_449 |         12 |         12 |       0 |    0 |     9 |      0 |      0 |    0 |          0 |
|                       gen_srls[0].srl_nx1                                                                        |                                                                split_d_system_memory_interconnect_0_sc_util_v1_0_4_srl_rtl_457 |          3 |          2 |       0 |    1 |     0 |      0 |      0 |    0 |          0 |
|                     gen_wsplitter.gen_wthread_loop[0].b_split_fifo                                               |                                                      split_d_system_memory_interconnect_0_sc_util_v1_0_4_axic_reg_srl_fifo_450 |         18 |         17 |       0 |    1 |     9 |      0 |      0 |    0 |          0 |
|                       (gen_wsplitter.gen_wthread_loop[0].b_split_fifo)                                           |                                                      split_d_system_memory_interconnect_0_sc_util_v1_0_4_axic_reg_srl_fifo_450 |         14 |         14 |       0 |    0 |     9 |      0 |      0 |    0 |          0 |
|                       gen_srls[0].srl_nx1                                                                        |                                                                split_d_system_memory_interconnect_0_sc_util_v1_0_4_srl_rtl_456 |          5 |          4 |       0 |    1 |     0 |      0 |      0 |    0 |          0 |
|                     gen_wsplitter.w_split_fifo                                                                   |                                          split_d_system_memory_interconnect_0_sc_util_v1_0_4_axic_reg_srl_fifo__parameterized0 |         37 |         32 |       0 |    5 |    13 |      0 |      0 |    0 |          0 |
|                       (gen_wsplitter.w_split_fifo)                                                               |                                          split_d_system_memory_interconnect_0_sc_util_v1_0_4_axic_reg_srl_fifo__parameterized0 |         26 |         26 |       0 |    0 |    13 |      0 |      0 |    0 |          0 |
|                       gen_srls[0].srl_nx1                                                                        |                                                                split_d_system_memory_interconnect_0_sc_util_v1_0_4_srl_rtl_451 |          3 |          2 |       0 |    1 |     0 |      0 |      0 |    0 |          0 |
|                       gen_srls[1].srl_nx1                                                                        |                                                                split_d_system_memory_interconnect_0_sc_util_v1_0_4_srl_rtl_452 |          2 |          1 |       0 |    1 |     0 |      0 |      0 |    0 |          0 |
|                       gen_srls[2].srl_nx1                                                                        |                                                                split_d_system_memory_interconnect_0_sc_util_v1_0_4_srl_rtl_453 |          2 |          1 |       0 |    1 |     0 |      0 |      0 |    0 |          0 |
|                       gen_srls[3].srl_nx1                                                                        |                                                                split_d_system_memory_interconnect_0_sc_util_v1_0_4_srl_rtl_454 |          2 |          1 |       0 |    1 |     0 |      0 |      0 |    0 |          0 |
|                       gen_srls[4].srl_nx1                                                                        |                                                                split_d_system_memory_interconnect_0_sc_util_v1_0_4_srl_rtl_455 |          3 |          2 |       0 |    1 |     0 |      0 |      0 |    0 |          0 |
|                 w_reg                                                                                            |                                                          split_d_system_memory_interconnect_0_sc_util_v1_0_4_axi_reg_stall_446 |        149 |        149 |       0 |    0 |   582 |      0 |      0 |    0 |          0 |
|                 xpm_cdc_async_rst_inst                                                                           |                                                                      split_d_system_memory_interconnect_0_xpm_cdc_async_rst__9 |          0 |          0 |       0 |    0 |     3 |      0 |      0 |    0 |          0 |
|           m00_nodes                                                                                              |                                                                     split_d_system_memory_interconnect_0_m00_nodes_imp_1V9TQ3L |        911 |        447 |     462 |    2 |  1370 |      0 |      0 |    0 |          0 |
|             m00_ar_node                                                                                          |                                                                          split_d_system_memory_interconnect_0_bd_4794_m00arn_0 |        125 |         77 |      48 |    0 |   171 |      0 |      0 |    0 |          0 |
|               inst                                                                                               |                                                                       split_d_system_memory_interconnect_0_sc_node_v1_0_17_top |        125 |         77 |      48 |    0 |   171 |      0 |      0 |    0 |          0 |
|                 (inst)                                                                                           |                                                                       split_d_system_memory_interconnect_0_sc_node_v1_0_17_top |          3 |          3 |       0 |    0 |     2 |      0 |      0 |    0 |          0 |
|                 inst_mi_handler                                                                                  |                                                                split_d_system_memory_interconnect_0_sc_node_v1_0_17_mi_handler |         99 |         51 |      48 |    0 |   142 |      0 |      0 |    0 |          0 |
|                   (inst_mi_handler)                                                                              |                                                                split_d_system_memory_interconnect_0_sc_node_v1_0_17_mi_handler |          0 |          0 |       0 |    0 |     2 |      0 |      0 |    0 |          0 |
|                   gen_normal_area.gen_fi_regulator.inst_fi_regulator                                             |                                                          split_d_system_memory_interconnect_0_sc_node_v1_0_17_fi_regulator_435 |          0 |          0 |       0 |    0 |     2 |      0 |      0 |    0 |          0 |
|                   gen_normal_area.inst_fifo_node_payld                                                           |                                                           split_d_system_memory_interconnect_0_sc_node_v1_0_17_fifo__xdcDup__1 |         95 |         47 |      48 |    0 |   132 |      0 |      0 |    0 |          0 |
|                     gen_xpm_memory_fifo.inst_fifo                                                                |                                                 split_d_system_memory_interconnect_0_sc_util_v1_0_4_xpm_memory_fifo__xdcDup__1 |         95 |         47 |      48 |    0 |   132 |      0 |      0 |    0 |          0 |
|                       (gen_xpm_memory_fifo.inst_fifo)                                                            |                                                 split_d_system_memory_interconnect_0_sc_util_v1_0_4_xpm_memory_fifo__xdcDup__1 |          7 |          7 |       0 |    0 |     4 |      0 |      0 |    0 |          0 |
|                       gen_async_clocks.inst_cdc_addra_to_rd_clk                                                  |                                                                          split_d_system_memory_interconnect_0_xpm_cdc_gray__26 |          6 |          6 |       0 |    0 |    24 |      0 |      0 |    0 |          0 |
|                       gen_async_clocks.inst_cdc_addrb_to_wr_clk                                                  |                                                                              split_d_system_memory_interconnect_0_xpm_cdc_gray |          6 |          6 |       0 |    0 |    24 |      0 |      0 |    0 |          0 |
|                       gen_mem_rep[0].inst_rd_addrb                                                               |                                                split_d_system_memory_interconnect_0_sc_util_v1_0_4_counter__parameterized0_439 |          6 |          6 |       0 |    0 |     6 |      0 |      0 |    0 |          0 |
|                       gen_mem_rep[0].inst_wr_addra                                                               |                                                split_d_system_memory_interconnect_0_sc_util_v1_0_4_counter__parameterized0_440 |          4 |          4 |       0 |    0 |     6 |      0 |      0 |    0 |          0 |
|                       gen_mem_rep[0].inst_xpm_memory                                                             |                                                                         split_d_system_memory_interconnect_0_xpm_memory_sdpram |         48 |          0 |      48 |    0 |    62 |      0 |      0 |    0 |          0 |
|                         xpm_memory_base_inst                                                                     |                                                                           split_d_system_memory_interconnect_0_xpm_memory_base |         48 |          0 |      48 |    0 |    62 |      0 |      0 |    0 |          0 |
|                       gen_wr.inst_wr_addra_p1                                                                    |                                                split_d_system_memory_interconnect_0_sc_util_v1_0_4_counter__parameterized1_441 |         19 |         19 |       0 |    0 |     6 |      0 |      0 |    0 |          0 |
|                   inst_ingress                                                                                   |                                                                   split_d_system_memory_interconnect_0_sc_node_v1_0_17_ingress |          5 |          5 |       0 |    0 |     6 |      0 |      0 |    0 |          0 |
|                     inst_incoming_count                                                                          |                                                split_d_system_memory_interconnect_0_sc_util_v1_0_4_counter__parameterized2_436 |          4 |          4 |       0 |    0 |     5 |      0 |      0 |    0 |          0 |
|                     inst_pipeline_valid                                                                          |                                               split_d_system_memory_interconnect_0_sc_util_v1_0_4_pipeline__parameterized3_438 |          1 |          1 |       0 |    0 |     1 |      0 |      0 |    0 |          0 |
|                 inst_si_handler                                                                                  |                                                                split_d_system_memory_interconnect_0_sc_node_v1_0_17_si_handler |         23 |         23 |       0 |    0 |    21 |      0 |      0 |    0 |          0 |
|                   (inst_si_handler)                                                                              |                                                                split_d_system_memory_interconnect_0_sc_node_v1_0_17_si_handler |          0 |          0 |       0 |    0 |     1 |      0 |      0 |    0 |          0 |
|                   gen_si_handler.gen_arbiter_rr_normal_area.inst_arbiter                                         |                                                            split_d_system_memory_interconnect_0_sc_node_v1_0_17_arb_alg_rr_430 |         13 |         13 |       0 |    0 |     8 |      0 |      0 |    0 |          0 |
|                   gen_si_handler.gen_request_counters.gen_req_counter[0].inst_req_counter                        |                                                                split_d_system_memory_interconnect_0_sc_util_v1_0_4_counter_431 |          3 |          3 |       0 |    0 |     3 |      0 |      0 |    0 |          0 |
|                   gen_si_handler.gen_request_counters.gen_req_counter[1].inst_req_counter                        |                                                                split_d_system_memory_interconnect_0_sc_util_v1_0_4_counter_432 |          2 |          2 |       0 |    0 |     3 |      0 |      0 |    0 |          0 |
|                   gen_si_handler.gen_request_counters.gen_req_counter[2].inst_req_counter                        |                                                                split_d_system_memory_interconnect_0_sc_util_v1_0_4_counter_433 |          2 |          2 |       0 |    0 |     3 |      0 |      0 |    0 |          0 |
|                   gen_si_handler.gen_request_counters.gen_req_counter[4].inst_req_counter                        |                                                                split_d_system_memory_interconnect_0_sc_util_v1_0_4_counter_434 |          3 |          3 |       0 |    0 |     3 |      0 |      0 |    0 |          0 |
|                 m_sc_xpm_cdc_async_rst_inst                                                                      |                                                                         split_d_system_memory_interconnect_0_xpm_cdc_async_rst |          0 |          0 |       0 |    0 |     3 |      0 |      0 |    0 |          0 |
|                 s_sc_xpm_cdc_async_rst_inst                                                                      |                                                                     split_d_system_memory_interconnect_0_xpm_cdc_async_rst__61 |          0 |          0 |       0 |    0 |     3 |      0 |      0 |    0 |          0 |
|             m00_aw_node                                                                                          |                                                                          split_d_system_memory_interconnect_0_bd_4794_m00awn_0 |        127 |         77 |      48 |    2 |   164 |      0 |      0 |    0 |          0 |
|               inst                                                                                               |                                                       split_d_system_memory_interconnect_0_sc_node_v1_0_17_top__parameterized0 |        127 |         77 |      48 |    2 |   164 |      0 |      0 |    0 |          0 |
|                 (inst)                                                                                           |                                                       split_d_system_memory_interconnect_0_sc_node_v1_0_17_top__parameterized0 |          3 |          3 |       0 |    0 |     2 |      0 |      0 |    0 |          0 |
|                 inst_mi_handler                                                                                  |                                                split_d_system_memory_interconnect_0_sc_node_v1_0_17_mi_handler__parameterized0 |         99 |         51 |      48 |    0 |   135 |      0 |      0 |    0 |          0 |
|                   (inst_mi_handler)                                                                              |                                                split_d_system_memory_interconnect_0_sc_node_v1_0_17_mi_handler__parameterized0 |          0 |          0 |       0 |    0 |     2 |      0 |      0 |    0 |          0 |
|                   gen_normal_area.gen_fi_regulator.inst_fi_regulator                                             |                                                          split_d_system_memory_interconnect_0_sc_node_v1_0_17_fi_regulator_423 |          0 |          0 |       0 |    0 |     2 |      0 |      0 |    0 |          0 |
|                   gen_normal_area.inst_fifo_node_payld                                                           |                                                                      split_d_system_memory_interconnect_0_sc_node_v1_0_17_fifo |         95 |         47 |      48 |    0 |   125 |      0 |      0 |    0 |          0 |
|                     gen_xpm_memory_fifo.inst_fifo                                                                |                                                            split_d_system_memory_interconnect_0_sc_util_v1_0_4_xpm_memory_fifo |         95 |         47 |      48 |    0 |   125 |      0 |      0 |    0 |          0 |
|                       (gen_xpm_memory_fifo.inst_fifo)                                                            |                                                            split_d_system_memory_interconnect_0_sc_util_v1_0_4_xpm_memory_fifo |          7 |          7 |       0 |    0 |     4 |      0 |      0 |    0 |          0 |
|                       gen_async_clocks.inst_cdc_addra_to_rd_clk                                                  |                                                                          split_d_system_memory_interconnect_0_xpm_cdc_gray__24 |          6 |          6 |       0 |    0 |    24 |      0 |      0 |    0 |          0 |
|                       gen_async_clocks.inst_cdc_addrb_to_wr_clk                                                  |                                                                          split_d_system_memory_interconnect_0_xpm_cdc_gray__25 |          6 |          6 |       0 |    0 |    24 |      0 |      0 |    0 |          0 |
|                       gen_mem_rep[0].inst_rd_addrb                                                               |                                                split_d_system_memory_interconnect_0_sc_util_v1_0_4_counter__parameterized0_427 |          6 |          6 |       0 |    0 |     6 |      0 |      0 |    0 |          0 |
|                       gen_mem_rep[0].inst_wr_addra                                                               |                                                split_d_system_memory_interconnect_0_sc_util_v1_0_4_counter__parameterized0_428 |          4 |          4 |       0 |    0 |     6 |      0 |      0 |    0 |          0 |
|                       gen_mem_rep[0].inst_xpm_memory                                                             |                                                                      split_d_system_memory_interconnect_0_xpm_memory_sdpram__2 |         48 |          0 |      48 |    0 |    55 |      0 |      0 |    0 |          0 |
|                         xpm_memory_base_inst                                                                     |                                                                        split_d_system_memory_interconnect_0_xpm_memory_base__2 |         48 |          0 |      48 |    0 |    55 |      0 |      0 |    0 |          0 |
|                       gen_wr.inst_wr_addra_p1                                                                    |                                                split_d_system_memory_interconnect_0_sc_util_v1_0_4_counter__parameterized1_429 |         19 |         19 |       0 |    0 |     6 |      0 |      0 |    0 |          0 |
|                   inst_ingress                                                                                   |                                                   split_d_system_memory_interconnect_0_sc_node_v1_0_17_ingress__parameterized0 |          4 |          4 |       0 |    0 |     6 |      0 |      0 |    0 |          0 |
|                     inst_incoming_count                                                                          |                                                split_d_system_memory_interconnect_0_sc_util_v1_0_4_counter__parameterized2_424 |          4 |          4 |       0 |    0 |     5 |      0 |      0 |    0 |          0 |
|                     inst_pipeline_valid                                                                          |                                               split_d_system_memory_interconnect_0_sc_util_v1_0_4_pipeline__parameterized3_426 |          0 |          0 |       0 |    0 |     1 |      0 |      0 |    0 |          0 |
|                 inst_si_handler                                                                                  |                                                split_d_system_memory_interconnect_0_sc_node_v1_0_17_si_handler__parameterized0 |         25 |         23 |       0 |    2 |    21 |      0 |      0 |    0 |          0 |
|                   (inst_si_handler)                                                                              |                                                split_d_system_memory_interconnect_0_sc_node_v1_0_17_si_handler__parameterized0 |          0 |          0 |       0 |    0 |     1 |      0 |      0 |    0 |          0 |
|                   gen_m_axis_arb_fifo.inst_axis_arb_fifo                                                         |                                          split_d_system_memory_interconnect_0_sc_util_v1_0_4_axic_reg_srl_fifo__parameterized4 |         16 |         14 |       0 |    2 |    10 |      0 |      0 |    0 |          0 |
|                     (gen_m_axis_arb_fifo.inst_axis_arb_fifo)                                                     |                                          split_d_system_memory_interconnect_0_sc_util_v1_0_4_axic_reg_srl_fifo__parameterized4 |         12 |         12 |       0 |    0 |    10 |      0 |      0 |    0 |          0 |
|                     gen_srls[3].srl_nx1                                                                          |                                                                split_d_system_memory_interconnect_0_sc_util_v1_0_4_srl_rtl_421 |          2 |          1 |       0 |    1 |     0 |      0 |      0 |    0 |          0 |
|                     gen_srls[4].srl_nx1                                                                          |                                                                split_d_system_memory_interconnect_0_sc_util_v1_0_4_srl_rtl_422 |          3 |          2 |       0 |    1 |     0 |      0 |      0 |    0 |          0 |
|                   gen_si_handler.gen_arbiter_rr_normal_area.inst_arbiter                                         |                                                                split_d_system_memory_interconnect_0_sc_node_v1_0_17_arb_alg_rr |          5 |          5 |       0 |    0 |     4 |      0 |      0 |    0 |          0 |
|                   gen_si_handler.gen_request_counters.gen_req_counter[3].inst_req_counter                        |                                                                    split_d_system_memory_interconnect_0_sc_util_v1_0_4_counter |          3 |          3 |       0 |    0 |     3 |      0 |      0 |    0 |          0 |
|                   gen_si_handler.gen_request_counters.gen_req_counter[4].inst_req_counter                        |                                                                split_d_system_memory_interconnect_0_sc_util_v1_0_4_counter_420 |          2 |          2 |       0 |    0 |     3 |      0 |      0 |    0 |          0 |
|                 m_sc_xpm_cdc_async_rst_inst                                                                      |                                                                     split_d_system_memory_interconnect_0_xpm_cdc_async_rst__60 |          0 |          0 |       0 |    0 |     3 |      0 |      0 |    0 |          0 |
|                 s_sc_xpm_cdc_async_rst_inst                                                                      |                                                                     split_d_system_memory_interconnect_0_xpm_cdc_async_rst__59 |          0 |          0 |       0 |    0 |     3 |      0 |      0 |    0 |          0 |
|             m00_b_node                                                                                           |                                                                           split_d_system_memory_interconnect_0_bd_4794_m00bn_0 |        114 |         98 |      16 |    0 |   173 |      0 |      0 |    0 |          0 |
|               inst                                                                                               |                                                       split_d_system_memory_interconnect_0_sc_node_v1_0_17_top__parameterized1 |        114 |         98 |      16 |    0 |   173 |      0 |      0 |    0 |          0 |
|                 (inst)                                                                                           |                                                       split_d_system_memory_interconnect_0_sc_node_v1_0_17_top__parameterized1 |          3 |          3 |       0 |    0 |     2 |      0 |      0 |    0 |          0 |
|                 inst_mi_handler                                                                                  |                                                split_d_system_memory_interconnect_0_sc_node_v1_0_17_mi_handler__parameterized1 |        111 |         95 |      16 |    0 |   164 |      0 |      0 |    0 |          0 |
|                   (inst_mi_handler)                                                                              |                                                split_d_system_memory_interconnect_0_sc_node_v1_0_17_mi_handler__parameterized1 |          0 |          0 |       0 |    0 |     2 |      0 |      0 |    0 |          0 |
|                   gen_normal_area.gen_fifo_req.inst_fifo_req                                                     |                                           split_d_system_memory_interconnect_0_sc_node_v1_0_17_fifo__parameterized0__xdcDup__1 |         47 |         39 |       8 |    0 |    71 |      0 |      0 |    0 |          0 |
|                     gen_xpm_memory_fifo.inst_fifo                                                                |                                 split_d_system_memory_interconnect_0_sc_util_v1_0_4_xpm_memory_fifo__parameterized0__xdcDup__1 |         47 |         39 |       8 |    0 |    71 |      0 |      0 |    0 |          0 |
|                       (gen_xpm_memory_fifo.inst_fifo)                                                            |                                 split_d_system_memory_interconnect_0_sc_util_v1_0_4_xpm_memory_fifo__parameterized0__xdcDup__1 |          6 |          6 |       0 |    0 |     3 |      0 |      0 |    0 |          0 |
|                       gen_async_clocks.inst_cdc_addra_to_rd_clk                                                  |                                                                          split_d_system_memory_interconnect_0_xpm_cdc_gray__22 |          6 |          6 |       0 |    0 |    24 |      0 |      0 |    0 |          0 |
|                       gen_async_clocks.inst_cdc_addrb_to_wr_clk                                                  |                                                                          split_d_system_memory_interconnect_0_xpm_cdc_gray__23 |          6 |          6 |       0 |    0 |    24 |      0 |      0 |    0 |          0 |
|                       gen_mem_rep[0].inst_rd_addrb                                                               |                                                split_d_system_memory_interconnect_0_sc_util_v1_0_4_counter__parameterized0_417 |          6 |          6 |       0 |    0 |     6 |      0 |      0 |    0 |          0 |
|                       gen_mem_rep[0].inst_wr_addra                                                               |                                                split_d_system_memory_interconnect_0_sc_util_v1_0_4_counter__parameterized0_418 |          5 |          5 |       0 |    0 |     6 |      0 |      0 |    0 |          0 |
|                       gen_mem_rep[0].inst_xpm_memory                                                             |                                                         split_d_system_memory_interconnect_0_xpm_memory_sdpram__parameterized0 |          8 |          0 |       8 |    0 |     2 |      0 |      0 |    0 |          0 |
|                         xpm_memory_base_inst                                                                     |                                                           split_d_system_memory_interconnect_0_xpm_memory_base__parameterized0 |          8 |          0 |       8 |    0 |     2 |      0 |      0 |    0 |          0 |
|                       gen_wr.inst_wr_addra_p1                                                                    |                                                split_d_system_memory_interconnect_0_sc_util_v1_0_4_counter__parameterized1_419 |         10 |         10 |       0 |    0 |     6 |      0 |      0 |    0 |          0 |
|                   gen_normal_area.inst_fifo_node_payld                                                           |                                                      split_d_system_memory_interconnect_0_sc_node_v1_0_17_fifo__parameterized1 |         54 |         46 |       8 |    0 |    80 |      0 |      0 |    0 |          0 |
|                     gen_xpm_memory_fifo.inst_fifo                                                                |                                            split_d_system_memory_interconnect_0_sc_util_v1_0_4_xpm_memory_fifo__parameterized1 |         54 |         46 |       8 |    0 |    80 |      0 |      0 |    0 |          0 |
|                       (gen_xpm_memory_fifo.inst_fifo)                                                            |                                            split_d_system_memory_interconnect_0_sc_util_v1_0_4_xpm_memory_fifo__parameterized1 |          6 |          6 |       0 |    0 |     4 |      0 |      0 |    0 |          0 |
|                       gen_async_clocks.inst_cdc_addra_to_rd_clk                                                  |                                                                          split_d_system_memory_interconnect_0_xpm_cdc_gray__20 |          6 |          6 |       0 |    0 |    24 |      0 |      0 |    0 |          0 |
|                       gen_async_clocks.inst_cdc_addrb_to_wr_clk                                                  |                                                                          split_d_system_memory_interconnect_0_xpm_cdc_gray__21 |          6 |          6 |       0 |    0 |    24 |      0 |      0 |    0 |          0 |
|                       gen_mem_rep[0].inst_rd_addrb                                                               |                                                split_d_system_memory_interconnect_0_sc_util_v1_0_4_counter__parameterized0_414 |          4 |          4 |       0 |    0 |     6 |      0 |      0 |    0 |          0 |
|                       gen_mem_rep[0].inst_wr_addra                                                               |                                                split_d_system_memory_interconnect_0_sc_util_v1_0_4_counter__parameterized0_415 |          5 |          5 |       0 |    0 |     6 |      0 |      0 |    0 |          0 |
|                       gen_mem_rep[0].inst_xpm_memory                                                             |                                                         split_d_system_memory_interconnect_0_xpm_memory_sdpram__parameterized1 |          8 |          0 |       8 |    0 |    10 |      0 |      0 |    0 |          0 |
|                         xpm_memory_base_inst                                                                     |                                                           split_d_system_memory_interconnect_0_xpm_memory_base__parameterized1 |          8 |          0 |       8 |    0 |    10 |      0 |      0 |    0 |          0 |
|                       gen_wr.inst_wr_addra_p1                                                                    |                                                split_d_system_memory_interconnect_0_sc_util_v1_0_4_counter__parameterized1_416 |         19 |         19 |       0 |    0 |     6 |      0 |      0 |    0 |          0 |
|                   gen_normal_area.inst_fifo_send                                                                 |                                            split_d_system_memory_interconnect_0_sc_node_v1_0_17_reg_slice3__parameterized0_413 |         11 |         11 |       0 |    0 |    11 |      0 |      0 |    0 |          0 |
|                 inst_si_handler                                                                                  |                                            split_d_system_memory_interconnect_0_sc_node_v1_0_17_si_handler__parameterized1_412 |          1 |          1 |       0 |    0 |     1 |      0 |      0 |    0 |          0 |
|                 m_sc_xpm_cdc_async_rst_inst                                                                      |                                                                     split_d_system_memory_interconnect_0_xpm_cdc_async_rst__58 |          0 |          0 |       0 |    0 |     3 |      0 |      0 |    0 |          0 |
|                 s_sc_xpm_cdc_async_rst_inst                                                                      |                                                                     split_d_system_memory_interconnect_0_xpm_cdc_async_rst__57 |          0 |          0 |       0 |    0 |     3 |      0 |      0 |    0 |          0 |
|             m00_r_node                                                                                           |                                                                           split_d_system_memory_interconnect_0_bd_4794_m00rn_0 |        275 |        105 |     170 |    0 |   450 |      0 |      0 |    0 |          0 |
|               inst                                                                                               |                                                       split_d_system_memory_interconnect_0_sc_node_v1_0_17_top__parameterized2 |        275 |        105 |     170 |    0 |   450 |      0 |      0 |    0 |          0 |
|                 (inst)                                                                                           |                                                       split_d_system_memory_interconnect_0_sc_node_v1_0_17_top__parameterized2 |          2 |          2 |       0 |    0 |     2 |      0 |      0 |    0 |          0 |
|                 inst_mi_handler                                                                                  |                                                split_d_system_memory_interconnect_0_sc_node_v1_0_17_mi_handler__parameterized2 |        273 |        103 |     170 |    0 |   441 |      0 |      0 |    0 |          0 |
|                   (inst_mi_handler)                                                                              |                                                split_d_system_memory_interconnect_0_sc_node_v1_0_17_mi_handler__parameterized2 |          0 |          0 |       0 |    0 |     2 |      0 |      0 |    0 |          0 |
|                   gen_normal_area.gen_fifo_req.inst_fifo_req                                                     |                                                      split_d_system_memory_interconnect_0_sc_node_v1_0_17_fifo__parameterized0 |         48 |         40 |       8 |    0 |    73 |      0 |      0 |    0 |          0 |
|                     gen_xpm_memory_fifo.inst_fifo                                                                |                                            split_d_system_memory_interconnect_0_sc_util_v1_0_4_xpm_memory_fifo__parameterized0 |         48 |         40 |       8 |    0 |    73 |      0 |      0 |    0 |          0 |
|                       (gen_xpm_memory_fifo.inst_fifo)                                                            |                                            split_d_system_memory_interconnect_0_sc_util_v1_0_4_xpm_memory_fifo__parameterized0 |          7 |          7 |       0 |    0 |     3 |      0 |      0 |    0 |          0 |
|                       gen_async_clocks.inst_cdc_addra_to_rd_clk                                                  |                                                                          split_d_system_memory_interconnect_0_xpm_cdc_gray__18 |          6 |          6 |       0 |    0 |    24 |      0 |      0 |    0 |          0 |
|                       gen_async_clocks.inst_cdc_addrb_to_wr_clk                                                  |                                                                          split_d_system_memory_interconnect_0_xpm_cdc_gray__19 |          6 |          6 |       0 |    0 |    24 |      0 |      0 |    0 |          0 |
|                       gen_mem_rep[0].inst_rd_addrb                                                               |                                                split_d_system_memory_interconnect_0_sc_util_v1_0_4_counter__parameterized0_409 |          6 |          6 |       0 |    0 |     6 |      0 |      0 |    0 |          0 |
|                       gen_mem_rep[0].inst_wr_addra                                                               |                                                split_d_system_memory_interconnect_0_sc_util_v1_0_4_counter__parameterized0_410 |          5 |          5 |       0 |    0 |     6 |      0 |      0 |    0 |          0 |
|                       gen_mem_rep[0].inst_xpm_memory                                                             |                                                      split_d_system_memory_interconnect_0_xpm_memory_sdpram__parameterized0__2 |          8 |          0 |       8 |    0 |     4 |      0 |      0 |    0 |          0 |
|                         xpm_memory_base_inst                                                                     |                                                        split_d_system_memory_interconnect_0_xpm_memory_base__parameterized0__2 |          8 |          0 |       8 |    0 |     4 |      0 |      0 |    0 |          0 |
|                       gen_wr.inst_wr_addra_p1                                                                    |                                                split_d_system_memory_interconnect_0_sc_util_v1_0_4_counter__parameterized1_411 |         10 |         10 |       0 |    0 |     6 |      0 |      0 |    0 |          0 |
|                   gen_normal_area.inst_fifo_node_payld                                                           |                                                      split_d_system_memory_interconnect_0_sc_node_v1_0_17_fifo__parameterized2 |        215 |         53 |     162 |    0 |   349 |      0 |      0 |    0 |          0 |
|                     gen_xpm_memory_fifo.inst_fifo                                                                |                                            split_d_system_memory_interconnect_0_sc_util_v1_0_4_xpm_memory_fifo__parameterized2 |        215 |         53 |     162 |    0 |   349 |      0 |      0 |    0 |          0 |
|                       (gen_xpm_memory_fifo.inst_fifo)                                                            |                                            split_d_system_memory_interconnect_0_sc_util_v1_0_4_xpm_memory_fifo__parameterized2 |          8 |          8 |       0 |    0 |     4 |      0 |      0 |    0 |          0 |
|                       gen_async_clocks.inst_cdc_addra_to_rd_clk                                                  |                                                                          split_d_system_memory_interconnect_0_xpm_cdc_gray__16 |          6 |          6 |       0 |    0 |    24 |      0 |      0 |    0 |          0 |
|                       gen_async_clocks.inst_cdc_addrb_to_wr_clk                                                  |                                                                          split_d_system_memory_interconnect_0_xpm_cdc_gray__17 |          6 |          6 |       0 |    0 |    24 |      0 |      0 |    0 |          0 |
|                       gen_mem_rep[0].inst_rd_addrb                                                               |                                                split_d_system_memory_interconnect_0_sc_util_v1_0_4_counter__parameterized0_404 |          4 |          4 |       0 |    0 |     6 |      0 |      0 |    0 |          0 |
|                       gen_mem_rep[0].inst_wr_addra                                                               |                                                split_d_system_memory_interconnect_0_sc_util_v1_0_4_counter__parameterized0_405 |          5 |          5 |       0 |    0 |     6 |      0 |      0 |    0 |          0 |
|                       gen_mem_rep[0].inst_xpm_memory                                                             |                                                         split_d_system_memory_interconnect_0_xpm_memory_sdpram__parameterized2 |         82 |          0 |      82 |    0 |   129 |      0 |      0 |    0 |          0 |
|                         xpm_memory_base_inst                                                                     |                                                           split_d_system_memory_interconnect_0_xpm_memory_base__parameterized2 |         82 |          0 |      82 |    0 |   129 |      0 |      0 |    0 |          0 |
|                       gen_mem_rep[1].inst_rd_addrb                                                               |                                                split_d_system_memory_interconnect_0_sc_util_v1_0_4_counter__parameterized0_406 |          3 |          3 |       0 |    0 |     5 |      0 |      0 |    0 |          0 |
|                       gen_mem_rep[1].inst_wr_addra                                                               |                                                split_d_system_memory_interconnect_0_sc_util_v1_0_4_counter__parameterized0_407 |          3 |          3 |       0 |    0 |     5 |      0 |      0 |    0 |          0 |
|                       gen_mem_rep[1].inst_xpm_memory                                                             |                                                         split_d_system_memory_interconnect_0_xpm_memory_sdpram__parameterized3 |         80 |          0 |      80 |    0 |   140 |      0 |      0 |    0 |          0 |
|                         xpm_memory_base_inst                                                                     |                                                           split_d_system_memory_interconnect_0_xpm_memory_base__parameterized3 |         80 |          0 |      80 |    0 |   140 |      0 |      0 |    0 |          0 |
|                       gen_wr.inst_wr_addra_p1                                                                    |                                                split_d_system_memory_interconnect_0_sc_util_v1_0_4_counter__parameterized1_408 |         19 |         19 |       0 |    0 |     6 |      0 |      0 |    0 |          0 |
|                   gen_normal_area.inst_fifo_send                                                                 |                                                split_d_system_memory_interconnect_0_sc_node_v1_0_17_reg_slice3__parameterized0 |         11 |         11 |       0 |    0 |    17 |      0 |      0 |    0 |          0 |
|                 inst_si_handler                                                                                  |                                            split_d_system_memory_interconnect_0_sc_node_v1_0_17_si_handler__parameterized2_403 |          1 |          1 |       0 |    0 |     1 |      0 |      0 |    0 |          0 |
|                 m_sc_xpm_cdc_async_rst_inst                                                                      |                                                                     split_d_system_memory_interconnect_0_xpm_cdc_async_rst__56 |          0 |          0 |       0 |    0 |     3 |      0 |      0 |    0 |          0 |
|                 s_sc_xpm_cdc_async_rst_inst                                                                      |                                                                     split_d_system_memory_interconnect_0_xpm_cdc_async_rst__55 |          0 |          0 |       0 |    0 |     3 |      0 |      0 |    0 |          0 |
|             m00_w_node                                                                                           |                                                                           split_d_system_memory_interconnect_0_bd_4794_m00wn_0 |        271 |         91 |     180 |    0 |   412 |      0 |      0 |    0 |          0 |
|               inst                                                                                               |                                                       split_d_system_memory_interconnect_0_sc_node_v1_0_17_top__parameterized3 |        271 |         91 |     180 |    0 |   412 |      0 |      0 |    0 |          0 |
|                 (inst)                                                                                           |                                                       split_d_system_memory_interconnect_0_sc_node_v1_0_17_top__parameterized3 |          3 |          3 |       0 |    0 |     2 |      0 |      0 |    0 |          0 |
|                 inst_mi_handler                                                                                  |                                                split_d_system_memory_interconnect_0_sc_node_v1_0_17_mi_handler__parameterized3 |        235 |         59 |     176 |    0 |   380 |      0 |      0 |    0 |          0 |
|                   (inst_mi_handler)                                                                              |                                                split_d_system_memory_interconnect_0_sc_node_v1_0_17_mi_handler__parameterized3 |          0 |          0 |       0 |    0 |     2 |      0 |      0 |    0 |          0 |
|                   gen_normal_area.gen_fi_regulator.inst_fi_regulator                                             |                                                          split_d_system_memory_interconnect_0_sc_node_v1_0_17_fi_regulator_396 |          1 |          1 |       0 |    0 |     2 |      0 |      0 |    0 |          0 |
|                   gen_normal_area.inst_fifo_node_payld                                                           |                                                      split_d_system_memory_interconnect_0_sc_node_v1_0_17_fifo__parameterized4 |        230 |         54 |     176 |    0 |   368 |      0 |      0 |    0 |          0 |
|                     gen_xpm_memory_fifo.inst_fifo                                                                |                                            split_d_system_memory_interconnect_0_sc_util_v1_0_4_xpm_memory_fifo__parameterized4 |        230 |         54 |     176 |    0 |   368 |      0 |      0 |    0 |          0 |
|                       (gen_xpm_memory_fifo.inst_fifo)                                                            |                                            split_d_system_memory_interconnect_0_sc_util_v1_0_4_xpm_memory_fifo__parameterized4 |          8 |          8 |       0 |    0 |     4 |      0 |      0 |    0 |          0 |
|                       gen_async_clocks.inst_cdc_addra_to_rd_clk                                                  |                                                                          split_d_system_memory_interconnect_0_xpm_cdc_gray__14 |          6 |          6 |       0 |    0 |    24 |      0 |      0 |    0 |          0 |
|                       gen_async_clocks.inst_cdc_addrb_to_wr_clk                                                  |                                                                          split_d_system_memory_interconnect_0_xpm_cdc_gray__15 |          6 |          6 |       0 |    0 |    24 |      0 |      0 |    0 |          0 |
|                       gen_mem_rep[0].inst_rd_addrb                                                               |                                                split_d_system_memory_interconnect_0_sc_util_v1_0_4_counter__parameterized0_398 |          6 |          6 |       0 |    0 |     6 |      0 |      0 |    0 |          0 |
|                       gen_mem_rep[0].inst_wr_addra                                                               |                                                split_d_system_memory_interconnect_0_sc_util_v1_0_4_counter__parameterized0_399 |          4 |          4 |       0 |    0 |     6 |      0 |      0 |    0 |          0 |
|                       gen_mem_rep[0].inst_xpm_memory                                                             |                                                      split_d_system_memory_interconnect_0_xpm_memory_sdpram__parameterized5__1 |         88 |          0 |      88 |    0 |   146 |      0 |      0 |    0 |          0 |
|                         xpm_memory_base_inst                                                                     |                                                        split_d_system_memory_interconnect_0_xpm_memory_base__parameterized5__1 |         88 |          0 |      88 |    0 |   146 |      0 |      0 |    0 |          0 |
|                       gen_mem_rep[1].inst_rd_addrb                                                               |                                                split_d_system_memory_interconnect_0_sc_util_v1_0_4_counter__parameterized0_400 |          3 |          3 |       0 |    0 |     5 |      0 |      0 |    0 |          0 |
|                       gen_mem_rep[1].inst_wr_addra                                                               |                                                split_d_system_memory_interconnect_0_sc_util_v1_0_4_counter__parameterized0_401 |          3 |          3 |       0 |    0 |     5 |      0 |      0 |    0 |          0 |
|                       gen_mem_rep[1].inst_xpm_memory                                                             |                                                         split_d_system_memory_interconnect_0_xpm_memory_sdpram__parameterized5 |         88 |          0 |      88 |    0 |   142 |      0 |      0 |    0 |          0 |
|                         xpm_memory_base_inst                                                                     |                                                           split_d_system_memory_interconnect_0_xpm_memory_base__parameterized5 |         88 |          0 |      88 |    0 |   142 |      0 |      0 |    0 |          0 |
|                       gen_wr.inst_wr_addra_p1                                                                    |                                                split_d_system_memory_interconnect_0_sc_util_v1_0_4_counter__parameterized1_402 |         19 |         19 |       0 |    0 |     6 |      0 |      0 |    0 |          0 |
|                   inst_ingress                                                                                   |                                                   split_d_system_memory_interconnect_0_sc_node_v1_0_17_ingress__parameterized3 |          4 |          4 |       0 |    0 |     8 |      0 |      0 |    0 |          0 |
|                     inst_incoming_count                                                                          |                                                    split_d_system_memory_interconnect_0_sc_util_v1_0_4_counter__parameterized2 |          4 |          4 |       0 |    0 |     5 |      0 |      0 |    0 |          0 |
|                     inst_pipeline_recv                                                                           |                                                   split_d_system_memory_interconnect_0_sc_util_v1_0_4_pipeline__parameterized4 |          0 |          0 |       0 |    0 |     2 |      0 |      0 |    0 |          0 |
|                     inst_pipeline_valid                                                                          |                                               split_d_system_memory_interconnect_0_sc_util_v1_0_4_pipeline__parameterized3_397 |          0 |          0 |       0 |    0 |     1 |      0 |      0 |    0 |          0 |
|                 inst_si_handler                                                                                  |                                                split_d_system_memory_interconnect_0_sc_node_v1_0_17_si_handler__parameterized3 |         34 |         30 |       4 |    0 |    24 |      0 |      0 |    0 |          0 |
|                   (inst_si_handler)                                                                              |                                                split_d_system_memory_interconnect_0_sc_node_v1_0_17_si_handler__parameterized3 |          0 |          0 |       0 |    0 |     1 |      0 |      0 |    0 |          0 |
|                   gen_si_handler.gen_axis_packet_slave_normal_area.inst_allow_transfer_late                      |                                               split_d_system_memory_interconnect_0_sc_util_v1_0_4_pipeline__parameterized3_391 |          2 |          2 |       0 |    0 |     1 |      0 |      0 |    0 |          0 |
|                   gen_si_handler.gen_request_fifos.gen_req_fifo[3].inst_req_fifo                                 |                                           split_d_system_memory_interconnect_0_sc_node_v1_0_17_fifo__parameterized3__xdcDup__4 |         17 |         15 |       2 |    0 |    11 |      0 |      0 |    0 |          0 |
|                     gen_xpm_memory_fifo.inst_fifo                                                                |                                 split_d_system_memory_interconnect_0_sc_util_v1_0_4_xpm_memory_fifo__parameterized3__xdcDup__4 |         17 |         15 |       2 |    0 |    11 |      0 |      0 |    0 |          0 |
|                       (gen_xpm_memory_fifo.inst_fifo)                                                            |                                 split_d_system_memory_interconnect_0_sc_util_v1_0_4_xpm_memory_fifo__parameterized3__xdcDup__4 |          5 |          5 |       0 |    0 |     2 |      0 |      0 |    0 |          0 |
|                       gen_mem_rep[0].inst_rd_addrb                                                               |                                                split_d_system_memory_interconnect_0_sc_util_v1_0_4_counter__parameterized3_393 |          2 |          2 |       0 |    0 |     3 |      0 |      0 |    0 |          0 |
|                       gen_mem_rep[0].inst_wr_addra                                                               |                                                split_d_system_memory_interconnect_0_sc_util_v1_0_4_counter__parameterized3_394 |          2 |          2 |       0 |    0 |     3 |      0 |      0 |    0 |          0 |
|                       gen_mem_rep[0].inst_xpm_memory                                                             |                                                      split_d_system_memory_interconnect_0_xpm_memory_sdpram__parameterized4__6 |          2 |          0 |       2 |    0 |     0 |      0 |      0 |    0 |          0 |
|                         xpm_memory_base_inst                                                                     |                                                        split_d_system_memory_interconnect_0_xpm_memory_base__parameterized4__6 |          2 |          0 |       2 |    0 |     0 |      0 |      0 |    0 |          0 |
|                       gen_wr.inst_wr_addra_p1                                                                    |                                                split_d_system_memory_interconnect_0_sc_util_v1_0_4_counter__parameterized4_395 |          6 |          6 |       0 |    0 |     3 |      0 |      0 |    0 |          0 |
|                   gen_si_handler.gen_request_fifos.gen_req_fifo[4].inst_req_fifo                                 |                                                      split_d_system_memory_interconnect_0_sc_node_v1_0_17_fifo__parameterized3 |         17 |         15 |       2 |    0 |    11 |      0 |      0 |    0 |          0 |
|                     gen_xpm_memory_fifo.inst_fifo                                                                |                                            split_d_system_memory_interconnect_0_sc_util_v1_0_4_xpm_memory_fifo__parameterized3 |         17 |         15 |       2 |    0 |    11 |      0 |      0 |    0 |          0 |
|                       (gen_xpm_memory_fifo.inst_fifo)                                                            |                                            split_d_system_memory_interconnect_0_sc_util_v1_0_4_xpm_memory_fifo__parameterized3 |          4 |          4 |       0 |    0 |     2 |      0 |      0 |    0 |          0 |
|                       gen_mem_rep[0].inst_rd_addrb                                                               |                                                    split_d_system_memory_interconnect_0_sc_util_v1_0_4_counter__parameterized3 |          3 |          3 |       0 |    0 |     3 |      0 |      0 |    0 |          0 |
|                       gen_mem_rep[0].inst_wr_addra                                                               |                                                split_d_system_memory_interconnect_0_sc_util_v1_0_4_counter__parameterized3_392 |          2 |          2 |       0 |    0 |     3 |      0 |      0 |    0 |          0 |
|                       gen_mem_rep[0].inst_xpm_memory                                                             |                                                      split_d_system_memory_interconnect_0_xpm_memory_sdpram__parameterized4__5 |          2 |          0 |       2 |    0 |     0 |      0 |      0 |    0 |          0 |
|                         xpm_memory_base_inst                                                                     |                                                        split_d_system_memory_interconnect_0_xpm_memory_base__parameterized4__5 |          2 |          0 |       2 |    0 |     0 |      0 |      0 |    0 |          0 |
|                       gen_wr.inst_wr_addra_p1                                                                    |                                                    split_d_system_memory_interconnect_0_sc_util_v1_0_4_counter__parameterized4 |          6 |          6 |       0 |    0 |     3 |      0 |      0 |    0 |          0 |
|                 m_sc_xpm_cdc_async_rst_inst                                                                      |                                                                     split_d_system_memory_interconnect_0_xpm_cdc_async_rst__54 |          0 |          0 |       0 |    0 |     3 |      0 |      0 |    0 |          0 |
|                 s_sc_xpm_cdc_async_rst_inst                                                                      |                                                                     split_d_system_memory_interconnect_0_xpm_cdc_async_rst__53 |          0 |          0 |       0 |    0 |     3 |      0 |      0 |    0 |          0 |
|           m00_sc2axi                                                                                             |                                                                          split_d_system_memory_interconnect_0_bd_4794_m00s2a_0 |          0 |          0 |       0 |    0 |     0 |      0 |      0 |    0 |          0 |
|             inst                                                                                                 |                                                                     split_d_system_memory_interconnect_0_sc_sc2axi_v1_0_10_top |          0 |          0 |       0 |    0 |     0 |      0 |      0 |    0 |          0 |
|           s00_axi2sc                                                                                             |                                                                          split_d_system_memory_interconnect_0_bd_4794_s00a2s_0 |          0 |          0 |       0 |    0 |     0 |      0 |      0 |    0 |          0 |
|             inst                                                                                                 |                                                                     split_d_system_memory_interconnect_0_sc_axi2sc_v1_0_10_top |          0 |          0 |       0 |    0 |     0 |      0 |      0 |    0 |          0 |
|           s00_entry_pipeline                                                                                     |                                                             split_d_system_memory_interconnect_0_s00_entry_pipeline_imp_99P0EM |        237 |        237 |       0 |    0 |   462 |      0 |      0 |    0 |          0 |
|             s00_mmu                                                                                              |                                                                          split_d_system_memory_interconnect_0_bd_4794_s00mmu_0 |        206 |        206 |       0 |    0 |   446 |      0 |      0 |    0 |          0 |
|               inst                                                                                               |                                                             split_d_system_memory_interconnect_0_sc_mmu_v1_0_14_top__xdcDup__1 |        206 |        206 |       0 |    0 |   446 |      0 |      0 |    0 |          0 |
|                 (inst)                                                                                           |                                                             split_d_system_memory_interconnect_0_sc_mmu_v1_0_14_top__xdcDup__1 |          4 |          4 |       0 |    0 |    12 |      0 |      0 |    0 |          0 |
|                 ar_reg_stall                                                                                     |                                                          split_d_system_memory_interconnect_0_sc_util_v1_0_4_axi_reg_stall_387 |         49 |         49 |       0 |    0 |   142 |      0 |      0 |    0 |          0 |
|                 ar_sreg                                                                                          |                                                          split_d_system_memory_interconnect_0_sc_util_v1_0_4_axi_reg_stall_388 |         61 |         61 |       0 |    0 |   144 |      0 |      0 |    0 |          0 |
|                 gen_endpoint.decerr_slave_inst                                                                   |                                                           split_d_system_memory_interconnect_0_sc_mmu_v1_0_14_decerr_slave_389 |         19 |         19 |       0 |    0 |    11 |      0 |      0 |    0 |          0 |
|                 r_sreg                                                                                           |                                                          split_d_system_memory_interconnect_0_sc_util_v1_0_4_axi_reg_stall_390 |         73 |         73 |       0 |    0 |   134 |      0 |      0 |    0 |          0 |
|                 xpm_cdc_async_rst_inst                                                                           |                                                                     split_d_system_memory_interconnect_0_xpm_cdc_async_rst__10 |          0 |          0 |       0 |    0 |     3 |      0 |      0 |    0 |          0 |
|             s00_si_converter                                                                                     |                                                                          split_d_system_memory_interconnect_0_bd_4794_s00sic_0 |         16 |         16 |       0 |    0 |     4 |      0 |      0 |    0 |          0 |
|               inst                                                                                               |                                                    split_d_system_memory_interconnect_0_sc_si_converter_v1_0_14_top__xdcDup__1 |         16 |         16 |       0 |    0 |     4 |      0 |      0 |    0 |          0 |
|                 (inst)                                                                                           |                                                    split_d_system_memory_interconnect_0_sc_si_converter_v1_0_14_top__xdcDup__1 |         16 |         16 |       0 |    0 |     1 |      0 |      0 |    0 |          0 |
|                 xpm_cdc_async_rst_inst                                                                           |                                                                     split_d_system_memory_interconnect_0_xpm_cdc_async_rst__12 |          0 |          0 |       0 |    0 |     3 |      0 |      0 |    0 |          0 |
|             s00_transaction_regulator                                                                            |                                                                           split_d_system_memory_interconnect_0_bd_4794_s00tr_0 |         16 |         16 |       0 |    0 |    12 |      0 |      0 |    0 |          0 |
|               inst                                                                                               |                                                      split_d_system_memory_interconnect_0_sc_transaction_regulator_v1_0_11_top |         16 |         16 |       0 |    0 |    12 |      0 |      0 |    0 |          0 |
|                 (inst)                                                                                           |                                                      split_d_system_memory_interconnect_0_sc_transaction_regulator_v1_0_11_top |          1 |          1 |       0 |    0 |     1 |      0 |      0 |    0 |          0 |
|                 gen_endpoint.gen_r_singleorder.r_singleorder                                                     |                                          split_d_system_memory_interconnect_0_sc_transaction_regulator_v1_0_11_singleorder_384 |         15 |         15 |       0 |    0 |     8 |      0 |      0 |    0 |          0 |
|                   gen_id_fifo.singleorder_fifo                                                                   |                                                      split_d_system_memory_interconnect_0_sc_util_v1_0_4_axic_reg_srl_fifo_385 |         15 |         15 |       0 |    0 |     8 |      0 |      0 |    0 |          0 |
|                 xpm_cdc_async_rst_inst                                                                           |                                                                     split_d_system_memory_interconnect_0_xpm_cdc_async_rst__11 |          0 |          0 |       0 |    0 |     3 |      0 |      0 |    0 |          0 |
|           s00_nodes                                                                                              |                                                                      split_d_system_memory_interconnect_0_s00_nodes_imp_ENL3YS |        449 |        209 |     240 |    0 |   495 |      0 |      0 |    0 |          0 |
|             s00_ar_node                                                                                          |                                                                            split_d_system_memory_interconnect_0_bd_4794_sarn_0 |        151 |         71 |      80 |    0 |   169 |      0 |      0 |    0 |          0 |
|               inst                                                                                               |                                            split_d_system_memory_interconnect_0_sc_node_v1_0_17_top__parameterized4__xdcDup__1 |        151 |         71 |      80 |    0 |   169 |      0 |      0 |    0 |          0 |
|                 (inst)                                                                                           |                                            split_d_system_memory_interconnect_0_sc_node_v1_0_17_top__parameterized4__xdcDup__1 |          3 |          3 |       0 |    0 |     1 |      0 |      0 |    0 |          0 |
|                 inst_mi_handler                                                                                  |                                     split_d_system_memory_interconnect_0_sc_node_v1_0_17_mi_handler__parameterized4__xdcDup__1 |        148 |         68 |      80 |    0 |   164 |      0 |      0 |    0 |          0 |
|                   (inst_mi_handler)                                                                              |                                     split_d_system_memory_interconnect_0_sc_node_v1_0_17_mi_handler__parameterized4__xdcDup__1 |          0 |          0 |       0 |    0 |     2 |      0 |      0 |    0 |          0 |
|                   gen_normal_area.gen_fifo_req.inst_fifo_req                                                     |                                           split_d_system_memory_interconnect_0_sc_node_v1_0_17_fifo__parameterized5__xdcDup__1 |         26 |         26 |       0 |    0 |    20 |      0 |      0 |    0 |          0 |
|                     gen_xpm_memory_fifo.inst_fifo                                                                |                                 split_d_system_memory_interconnect_0_sc_util_v1_0_4_xpm_memory_fifo__parameterized5__xdcDup__1 |         26 |         26 |       0 |    0 |    20 |      0 |      0 |    0 |          0 |
|                       (gen_xpm_memory_fifo.inst_fifo)                                                            |                                 split_d_system_memory_interconnect_0_sc_util_v1_0_4_xpm_memory_fifo__parameterized5__xdcDup__1 |          4 |          4 |       0 |    0 |     2 |      0 |      0 |    0 |          0 |
|                       gen_mem_rep[0].inst_rd_addrb                                                               |                                                split_d_system_memory_interconnect_0_sc_util_v1_0_4_counter__parameterized0_381 |          6 |          6 |       0 |    0 |     6 |      0 |      0 |    0 |          0 |
|                       gen_mem_rep[0].inst_wr_addra                                                               |                                                split_d_system_memory_interconnect_0_sc_util_v1_0_4_counter__parameterized0_382 |          5 |          5 |       0 |    0 |     6 |      0 |      0 |    0 |          0 |
|                       gen_wr.inst_wr_addra_p1                                                                    |                                                split_d_system_memory_interconnect_0_sc_util_v1_0_4_counter__parameterized1_383 |         12 |         12 |       0 |    0 |     6 |      0 |      0 |    0 |          0 |
|                   gen_normal_area.inst_fifo_node_payld                                                           |                                           split_d_system_memory_interconnect_0_sc_node_v1_0_17_fifo__parameterized6__xdcDup__1 |        117 |         37 |      80 |    0 |   138 |      0 |      0 |    0 |          0 |
|                     gen_xpm_memory_fifo.inst_fifo                                                                |                                 split_d_system_memory_interconnect_0_sc_util_v1_0_4_xpm_memory_fifo__parameterized6__xdcDup__1 |        117 |         37 |      80 |    0 |   138 |      0 |      0 |    0 |          0 |
|                       (gen_xpm_memory_fifo.inst_fifo)                                                            |                                 split_d_system_memory_interconnect_0_sc_util_v1_0_4_xpm_memory_fifo__parameterized6__xdcDup__1 |          6 |          6 |       0 |    0 |     4 |      0 |      0 |    0 |          0 |
|                       gen_mem_rep[0].inst_rd_addrb                                                               |                                                split_d_system_memory_interconnect_0_sc_util_v1_0_4_counter__parameterized0_378 |          6 |          6 |       0 |    0 |     6 |      0 |      0 |    0 |          0 |
|                       gen_mem_rep[0].inst_wr_addra                                                               |                                                split_d_system_memory_interconnect_0_sc_util_v1_0_4_counter__parameterized0_379 |          5 |          5 |       0 |    0 |     6 |      0 |      0 |    0 |          0 |
|                       gen_mem_rep[0].inst_xpm_memory                                                             |                                                         split_d_system_memory_interconnect_0_xpm_memory_sdpram__parameterized7 |         80 |          0 |      80 |    0 |   116 |      0 |      0 |    0 |          0 |
|                         xpm_memory_base_inst                                                                     |                                                           split_d_system_memory_interconnect_0_xpm_memory_base__parameterized7 |         80 |          0 |      80 |    0 |   116 |      0 |      0 |    0 |          0 |
|                       gen_wr.inst_wr_addra_p1                                                                    |                                                split_d_system_memory_interconnect_0_sc_util_v1_0_4_counter__parameterized1_380 |         21 |         21 |       0 |    0 |     6 |      0 |      0 |    0 |          0 |
|                   gen_normal_area.inst_fifo_send                                                                 |                                            split_d_system_memory_interconnect_0_sc_node_v1_0_17_reg_slice3__parameterized1_377 |          5 |          5 |       0 |    0 |     4 |      0 |      0 |    0 |          0 |
|                 inst_si_handler                                                                                  |                                            split_d_system_memory_interconnect_0_sc_node_v1_0_17_si_handler__parameterized4_376 |          1 |          1 |       0 |    0 |     1 |      0 |      0 |    0 |          0 |
|                 s_sc_xpm_cdc_async_rst_inst                                                                      |                                                                     split_d_system_memory_interconnect_0_xpm_cdc_async_rst__51 |          0 |          0 |       0 |    0 |     3 |      0 |      0 |    0 |          0 |
|             s00_r_node                                                                                           |                                                                             split_d_system_memory_interconnect_0_bd_4794_srn_0 |        298 |        138 |     160 |    0 |   326 |      0 |      0 |    0 |          0 |
|               inst                                                                                               |                                            split_d_system_memory_interconnect_0_sc_node_v1_0_17_top__parameterized5__xdcDup__1 |        298 |        138 |     160 |    0 |   326 |      0 |      0 |    0 |          0 |
|                 (inst)                                                                                           |                                            split_d_system_memory_interconnect_0_sc_node_v1_0_17_top__parameterized5__xdcDup__1 |          3 |          3 |       0 |    0 |     1 |      0 |      0 |    0 |          0 |
|                 inst_mi_handler                                                                                  |                                     split_d_system_memory_interconnect_0_sc_node_v1_0_17_mi_handler__parameterized5__xdcDup__1 |        296 |        136 |     160 |    0 |   321 |      0 |      0 |    0 |          0 |
|                   (inst_mi_handler)                                                                              |                                     split_d_system_memory_interconnect_0_sc_node_v1_0_17_mi_handler__parameterized5__xdcDup__1 |          0 |          0 |       0 |    0 |     2 |      0 |      0 |    0 |          0 |
|                   gen_normal_area.gen_downsizer.inst_downsizer                                                   |                                                             split_d_system_memory_interconnect_0_sc_node_v1_0_17_downsizer_365 |          2 |          2 |       0 |    0 |     5 |      0 |      0 |    0 |          0 |
|                   gen_normal_area.gen_node_prog_full.inst_node_prog_full                                         |                                           split_d_system_memory_interconnect_0_sc_node_v1_0_17_fifo__parameterized7__xdcDup__1 |         34 |         34 |       0 |    0 |    21 |      0 |      0 |    0 |          0 |
|                     gen_xpm_memory_fifo.inst_fifo                                                                |                                 split_d_system_memory_interconnect_0_sc_util_v1_0_4_xpm_memory_fifo__parameterized7__xdcDup__1 |         34 |         34 |       0 |    0 |    21 |      0 |      0 |    0 |          0 |
|                       (gen_xpm_memory_fifo.inst_fifo)                                                            |                                 split_d_system_memory_interconnect_0_sc_util_v1_0_4_xpm_memory_fifo__parameterized7__xdcDup__1 |          5 |          5 |       0 |    0 |     3 |      0 |      0 |    0 |          0 |
|                       gen_mem_rep[0].inst_rd_addrb                                                               |                                                split_d_system_memory_interconnect_0_sc_util_v1_0_4_counter__parameterized0_373 |          5 |          5 |       0 |    0 |     6 |      0 |      0 |    0 |          0 |
|                       gen_mem_rep[0].inst_wr_addra                                                               |                                                split_d_system_memory_interconnect_0_sc_util_v1_0_4_counter__parameterized0_374 |          5 |          5 |       0 |    0 |     6 |      0 |      0 |    0 |          0 |
|                       gen_wr.inst_wr_addra_p1                                                                    |                                                split_d_system_memory_interconnect_0_sc_util_v1_0_4_counter__parameterized1_375 |         20 |         20 |       0 |    0 |     6 |      0 |      0 |    0 |          0 |
|                   gen_normal_area.inst_fifo_node_payld                                                           |                                           split_d_system_memory_interconnect_0_sc_node_v1_0_17_fifo__parameterized8__xdcDup__1 |        260 |        100 |     160 |    0 |   292 |      0 |      0 |    0 |          0 |
|                     gen_xpm_memory_fifo.inst_fifo                                                                |                                 split_d_system_memory_interconnect_0_sc_util_v1_0_4_xpm_memory_fifo__parameterized8__xdcDup__1 |        260 |        100 |     160 |    0 |   292 |      0 |      0 |    0 |          0 |
|                       (gen_xpm_memory_fifo.inst_fifo)                                                            |                                 split_d_system_memory_interconnect_0_sc_util_v1_0_4_xpm_memory_fifo__parameterized8__xdcDup__1 |         73 |         73 |       0 |    0 |     3 |      0 |      0 |    0 |          0 |
|                       gen_mem_rep[0].inst_rd_addrb                                                               |                                                split_d_system_memory_interconnect_0_sc_util_v1_0_4_counter__parameterized0_368 |          4 |          4 |       0 |    0 |     6 |      0 |      0 |    0 |          0 |
|                       gen_mem_rep[0].inst_wr_addra                                                               |                                                split_d_system_memory_interconnect_0_sc_util_v1_0_4_counter__parameterized0_369 |          4 |          4 |       0 |    0 |     6 |      0 |      0 |    0 |          0 |
|                       gen_mem_rep[0].inst_xpm_memory                                                             |                                                     split_d_system_memory_interconnect_0_xpm_memory_sdpram__parameterized9__10 |         80 |          0 |      80 |    0 |   126 |      0 |      0 |    0 |          0 |
|                         xpm_memory_base_inst                                                                     |                                                       split_d_system_memory_interconnect_0_xpm_memory_base__parameterized9__10 |         80 |          0 |      80 |    0 |   126 |      0 |      0 |    0 |          0 |
|                       gen_mem_rep[1].inst_rd_addrb                                                               |                                                split_d_system_memory_interconnect_0_sc_util_v1_0_4_counter__parameterized0_370 |          4 |          4 |       0 |    0 |     5 |      0 |      0 |    0 |          0 |
|                       gen_mem_rep[1].inst_wr_addra                                                               |                                                split_d_system_memory_interconnect_0_sc_util_v1_0_4_counter__parameterized0_371 |          3 |          3 |       0 |    0 |     5 |      0 |      0 |    0 |          0 |
|                       gen_mem_rep[1].inst_xpm_memory                                                             |                                                         split_d_system_memory_interconnect_0_xpm_memory_sdpram__parameterized9 |         80 |          0 |      80 |    0 |   135 |      0 |      0 |    0 |          0 |
|                         xpm_memory_base_inst                                                                     |                                                           split_d_system_memory_interconnect_0_xpm_memory_base__parameterized9 |         80 |          0 |      80 |    0 |   135 |      0 |      0 |    0 |          0 |
|                       gen_wr.inst_wr_addra_p1                                                                    |                                                split_d_system_memory_interconnect_0_sc_util_v1_0_4_counter__parameterized1_372 |         12 |         12 |       0 |    0 |     6 |      0 |      0 |    0 |          0 |
|                   inst_ingress                                                                                   |                                               split_d_system_memory_interconnect_0_sc_node_v1_0_17_ingress__parameterized5_366 |          0 |          0 |       0 |    0 |     1 |      0 |      0 |    0 |          0 |
|                     inst_pipeline_valid                                                                          |                                               split_d_system_memory_interconnect_0_sc_util_v1_0_4_pipeline__parameterized3_367 |          0 |          0 |       0 |    0 |     1 |      0 |      0 |    0 |          0 |
|                 inst_si_handler                                                                                  |                                            split_d_system_memory_interconnect_0_sc_node_v1_0_17_si_handler__parameterized2_364 |          1 |          1 |       0 |    0 |     1 |      0 |      0 |    0 |          0 |
|                 s_sc_xpm_cdc_async_rst_inst                                                                      |                                                                     split_d_system_memory_interconnect_0_xpm_cdc_async_rst__49 |          0 |          0 |       0 |    0 |     3 |      0 |      0 |    0 |          0 |
|           s01_axi2sc                                                                                             |                                                                          split_d_system_memory_interconnect_0_bd_4794_s01a2s_0 |          0 |          0 |       0 |    0 |     0 |      0 |      0 |    0 |          0 |
|             inst                                                                                                 |                                                                  split_d_system_memory_interconnect_0_sc_axi2sc_v1_0_10_top__3 |          0 |          0 |       0 |    0 |     0 |      0 |      0 |    0 |          0 |
|           s01_entry_pipeline                                                                                     |                                                            split_d_system_memory_interconnect_0_s01_entry_pipeline_imp_1FMZJX6 |        237 |        237 |       0 |    0 |   462 |      0 |      0 |    0 |          0 |
|             s01_mmu                                                                                              |                                                                          split_d_system_memory_interconnect_0_bd_4794_s01mmu_0 |        206 |        206 |       0 |    0 |   446 |      0 |      0 |    0 |          0 |
|               inst                                                                                               |                                                             split_d_system_memory_interconnect_0_sc_mmu_v1_0_14_top__xdcDup__2 |        206 |        206 |       0 |    0 |   446 |      0 |      0 |    0 |          0 |
|                 (inst)                                                                                           |                                                             split_d_system_memory_interconnect_0_sc_mmu_v1_0_14_top__xdcDup__2 |          4 |          4 |       0 |    0 |    12 |      0 |      0 |    0 |          0 |
|                 ar_reg_stall                                                                                     |                                                          split_d_system_memory_interconnect_0_sc_util_v1_0_4_axi_reg_stall_360 |         49 |         49 |       0 |    0 |   142 |      0 |      0 |    0 |          0 |
|                 ar_sreg                                                                                          |                                                          split_d_system_memory_interconnect_0_sc_util_v1_0_4_axi_reg_stall_361 |         62 |         62 |       0 |    0 |   144 |      0 |      0 |    0 |          0 |
|                 gen_endpoint.decerr_slave_inst                                                                   |                                                           split_d_system_memory_interconnect_0_sc_mmu_v1_0_14_decerr_slave_362 |         19 |         19 |       0 |    0 |    11 |      0 |      0 |    0 |          0 |
|                 r_sreg                                                                                           |                                                          split_d_system_memory_interconnect_0_sc_util_v1_0_4_axi_reg_stall_363 |         72 |         72 |       0 |    0 |   134 |      0 |      0 |    0 |          0 |
|                 xpm_cdc_async_rst_inst                                                                           |                                                                     split_d_system_memory_interconnect_0_xpm_cdc_async_rst__13 |          0 |          0 |       0 |    0 |     3 |      0 |      0 |    0 |          0 |
|             s01_si_converter                                                                                     |                                                                          split_d_system_memory_interconnect_0_bd_4794_s01sic_0 |         16 |         16 |       0 |    0 |     4 |      0 |      0 |    0 |          0 |
|               inst                                                                                               |                                                    split_d_system_memory_interconnect_0_sc_si_converter_v1_0_14_top__xdcDup__2 |         16 |         16 |       0 |    0 |     4 |      0 |      0 |    0 |          0 |
|                 (inst)                                                                                           |                                                    split_d_system_memory_interconnect_0_sc_si_converter_v1_0_14_top__xdcDup__2 |         16 |         16 |       0 |    0 |     1 |      0 |      0 |    0 |          0 |
|                 xpm_cdc_async_rst_inst                                                                           |                                                                     split_d_system_memory_interconnect_0_xpm_cdc_async_rst__15 |          0 |          0 |       0 |    0 |     3 |      0 |      0 |    0 |          0 |
|             s01_transaction_regulator                                                                            |                                                                           split_d_system_memory_interconnect_0_bd_4794_s01tr_0 |         16 |         16 |       0 |    0 |    12 |      0 |      0 |    0 |          0 |
|               inst                                                                                               |                                      split_d_system_memory_interconnect_0_sc_transaction_regulator_v1_0_11_top__parameterized0 |         16 |         16 |       0 |    0 |    12 |      0 |      0 |    0 |          0 |
|                 (inst)                                                                                           |                                      split_d_system_memory_interconnect_0_sc_transaction_regulator_v1_0_11_top__parameterized0 |          1 |          1 |       0 |    0 |     1 |      0 |      0 |    0 |          0 |
|                 gen_endpoint.gen_r_singleorder.r_singleorder                                                     |                                          split_d_system_memory_interconnect_0_sc_transaction_regulator_v1_0_11_singleorder_357 |         15 |         15 |       0 |    0 |     8 |      0 |      0 |    0 |          0 |
|                   gen_id_fifo.singleorder_fifo                                                                   |                                                      split_d_system_memory_interconnect_0_sc_util_v1_0_4_axic_reg_srl_fifo_358 |         15 |         15 |       0 |    0 |     8 |      0 |      0 |    0 |          0 |
|                 xpm_cdc_async_rst_inst                                                                           |                                                                     split_d_system_memory_interconnect_0_xpm_cdc_async_rst__14 |          0 |          0 |       0 |    0 |     3 |      0 |      0 |    0 |          0 |
|           s01_nodes                                                                                              |                                                                     split_d_system_memory_interconnect_0_s01_nodes_imp_1B4S1LU |        450 |        210 |     240 |    0 |   495 |      0 |      0 |    0 |          0 |
|             s01_ar_node                                                                                          |                                                                            split_d_system_memory_interconnect_0_bd_4794_sarn_1 |        151 |         71 |      80 |    0 |   169 |      0 |      0 |    0 |          0 |
|               inst                                                                                               |                                            split_d_system_memory_interconnect_0_sc_node_v1_0_17_top__parameterized4__xdcDup__2 |        151 |         71 |      80 |    0 |   169 |      0 |      0 |    0 |          0 |
|                 (inst)                                                                                           |                                            split_d_system_memory_interconnect_0_sc_node_v1_0_17_top__parameterized4__xdcDup__2 |          3 |          3 |       0 |    0 |     1 |      0 |      0 |    0 |          0 |
|                 inst_mi_handler                                                                                  |                                     split_d_system_memory_interconnect_0_sc_node_v1_0_17_mi_handler__parameterized4__xdcDup__2 |        148 |         68 |      80 |    0 |   164 |      0 |      0 |    0 |          0 |
|                   (inst_mi_handler)                                                                              |                                     split_d_system_memory_interconnect_0_sc_node_v1_0_17_mi_handler__parameterized4__xdcDup__2 |          0 |          0 |       0 |    0 |     2 |      0 |      0 |    0 |          0 |
|                   gen_normal_area.gen_fifo_req.inst_fifo_req                                                     |                                           split_d_system_memory_interconnect_0_sc_node_v1_0_17_fifo__parameterized5__xdcDup__2 |         26 |         26 |       0 |    0 |    20 |      0 |      0 |    0 |          0 |
|                     gen_xpm_memory_fifo.inst_fifo                                                                |                                 split_d_system_memory_interconnect_0_sc_util_v1_0_4_xpm_memory_fifo__parameterized5__xdcDup__2 |         26 |         26 |       0 |    0 |    20 |      0 |      0 |    0 |          0 |
|                       (gen_xpm_memory_fifo.inst_fifo)                                                            |                                 split_d_system_memory_interconnect_0_sc_util_v1_0_4_xpm_memory_fifo__parameterized5__xdcDup__2 |          4 |          4 |       0 |    0 |     2 |      0 |      0 |    0 |          0 |
|                       gen_mem_rep[0].inst_rd_addrb                                                               |                                                split_d_system_memory_interconnect_0_sc_util_v1_0_4_counter__parameterized0_354 |          6 |          6 |       0 |    0 |     6 |      0 |      0 |    0 |          0 |
|                       gen_mem_rep[0].inst_wr_addra                                                               |                                                split_d_system_memory_interconnect_0_sc_util_v1_0_4_counter__parameterized0_355 |          5 |          5 |       0 |    0 |     6 |      0 |      0 |    0 |          0 |
|                       gen_wr.inst_wr_addra_p1                                                                    |                                                split_d_system_memory_interconnect_0_sc_util_v1_0_4_counter__parameterized1_356 |         12 |         12 |       0 |    0 |     6 |      0 |      0 |    0 |          0 |
|                   gen_normal_area.inst_fifo_node_payld                                                           |                                           split_d_system_memory_interconnect_0_sc_node_v1_0_17_fifo__parameterized6__xdcDup__2 |        117 |         37 |      80 |    0 |   138 |      0 |      0 |    0 |          0 |
|                     gen_xpm_memory_fifo.inst_fifo                                                                |                                 split_d_system_memory_interconnect_0_sc_util_v1_0_4_xpm_memory_fifo__parameterized6__xdcDup__2 |        117 |         37 |      80 |    0 |   138 |      0 |      0 |    0 |          0 |
|                       (gen_xpm_memory_fifo.inst_fifo)                                                            |                                 split_d_system_memory_interconnect_0_sc_util_v1_0_4_xpm_memory_fifo__parameterized6__xdcDup__2 |          6 |          6 |       0 |    0 |     4 |      0 |      0 |    0 |          0 |
|                       gen_mem_rep[0].inst_rd_addrb                                                               |                                                split_d_system_memory_interconnect_0_sc_util_v1_0_4_counter__parameterized0_351 |          6 |          6 |       0 |    0 |     6 |      0 |      0 |    0 |          0 |
|                       gen_mem_rep[0].inst_wr_addra                                                               |                                                split_d_system_memory_interconnect_0_sc_util_v1_0_4_counter__parameterized0_352 |          5 |          5 |       0 |    0 |     6 |      0 |      0 |    0 |          0 |
|                       gen_mem_rep[0].inst_xpm_memory                                                             |                                                     split_d_system_memory_interconnect_0_xpm_memory_sdpram__parameterized7__10 |         80 |          0 |      80 |    0 |   116 |      0 |      0 |    0 |          0 |
|                         xpm_memory_base_inst                                                                     |                                                       split_d_system_memory_interconnect_0_xpm_memory_base__parameterized7__10 |         80 |          0 |      80 |    0 |   116 |      0 |      0 |    0 |          0 |
|                       gen_wr.inst_wr_addra_p1                                                                    |                                                split_d_system_memory_interconnect_0_sc_util_v1_0_4_counter__parameterized1_353 |         21 |         21 |       0 |    0 |     6 |      0 |      0 |    0 |          0 |
|                   gen_normal_area.inst_fifo_send                                                                 |                                            split_d_system_memory_interconnect_0_sc_node_v1_0_17_reg_slice3__parameterized1_350 |          5 |          5 |       0 |    0 |     4 |      0 |      0 |    0 |          0 |
|                 inst_si_handler                                                                                  |                                            split_d_system_memory_interconnect_0_sc_node_v1_0_17_si_handler__parameterized4_349 |          1 |          1 |       0 |    0 |     1 |      0 |      0 |    0 |          0 |
|                 s_sc_xpm_cdc_async_rst_inst                                                                      |                                                                     split_d_system_memory_interconnect_0_xpm_cdc_async_rst__47 |          0 |          0 |       0 |    0 |     3 |      0 |      0 |    0 |          0 |
|             s01_r_node                                                                                           |                                                                             split_d_system_memory_interconnect_0_bd_4794_srn_1 |        299 |        139 |     160 |    0 |   326 |      0 |      0 |    0 |          0 |
|               inst                                                                                               |                                            split_d_system_memory_interconnect_0_sc_node_v1_0_17_top__parameterized5__xdcDup__2 |        299 |        139 |     160 |    0 |   326 |      0 |      0 |    0 |          0 |
|                 (inst)                                                                                           |                                            split_d_system_memory_interconnect_0_sc_node_v1_0_17_top__parameterized5__xdcDup__2 |          3 |          3 |       0 |    0 |     1 |      0 |      0 |    0 |          0 |
|                 inst_mi_handler                                                                                  |                                     split_d_system_memory_interconnect_0_sc_node_v1_0_17_mi_handler__parameterized5__xdcDup__2 |        296 |        136 |     160 |    0 |   321 |      0 |      0 |    0 |          0 |
|                   (inst_mi_handler)                                                                              |                                     split_d_system_memory_interconnect_0_sc_node_v1_0_17_mi_handler__parameterized5__xdcDup__2 |          0 |          0 |       0 |    0 |     2 |      0 |      0 |    0 |          0 |
|                   gen_normal_area.gen_downsizer.inst_downsizer                                                   |                                                             split_d_system_memory_interconnect_0_sc_node_v1_0_17_downsizer_338 |          2 |          2 |       0 |    0 |     5 |      0 |      0 |    0 |          0 |
|                   gen_normal_area.gen_node_prog_full.inst_node_prog_full                                         |                                           split_d_system_memory_interconnect_0_sc_node_v1_0_17_fifo__parameterized7__xdcDup__2 |         34 |         34 |       0 |    0 |    21 |      0 |      0 |    0 |          0 |
|                     gen_xpm_memory_fifo.inst_fifo                                                                |                                 split_d_system_memory_interconnect_0_sc_util_v1_0_4_xpm_memory_fifo__parameterized7__xdcDup__2 |         34 |         34 |       0 |    0 |    21 |      0 |      0 |    0 |          0 |
|                       (gen_xpm_memory_fifo.inst_fifo)                                                            |                                 split_d_system_memory_interconnect_0_sc_util_v1_0_4_xpm_memory_fifo__parameterized7__xdcDup__2 |          5 |          5 |       0 |    0 |     3 |      0 |      0 |    0 |          0 |
|                       gen_mem_rep[0].inst_rd_addrb                                                               |                                                split_d_system_memory_interconnect_0_sc_util_v1_0_4_counter__parameterized0_346 |          5 |          5 |       0 |    0 |     6 |      0 |      0 |    0 |          0 |
|                       gen_mem_rep[0].inst_wr_addra                                                               |                                                split_d_system_memory_interconnect_0_sc_util_v1_0_4_counter__parameterized0_347 |          5 |          5 |       0 |    0 |     6 |      0 |      0 |    0 |          0 |
|                       gen_wr.inst_wr_addra_p1                                                                    |                                                split_d_system_memory_interconnect_0_sc_util_v1_0_4_counter__parameterized1_348 |         20 |         20 |       0 |    0 |     6 |      0 |      0 |    0 |          0 |
|                   gen_normal_area.inst_fifo_node_payld                                                           |                                           split_d_system_memory_interconnect_0_sc_node_v1_0_17_fifo__parameterized8__xdcDup__2 |        260 |        100 |     160 |    0 |   292 |      0 |      0 |    0 |          0 |
|                     gen_xpm_memory_fifo.inst_fifo                                                                |                                 split_d_system_memory_interconnect_0_sc_util_v1_0_4_xpm_memory_fifo__parameterized8__xdcDup__2 |        260 |        100 |     160 |    0 |   292 |      0 |      0 |    0 |          0 |
|                       (gen_xpm_memory_fifo.inst_fifo)                                                            |                                 split_d_system_memory_interconnect_0_sc_util_v1_0_4_xpm_memory_fifo__parameterized8__xdcDup__2 |         73 |         73 |       0 |    0 |     3 |      0 |      0 |    0 |          0 |
|                       gen_mem_rep[0].inst_rd_addrb                                                               |                                                split_d_system_memory_interconnect_0_sc_util_v1_0_4_counter__parameterized0_341 |          4 |          4 |       0 |    0 |     6 |      0 |      0 |    0 |          0 |
|                       gen_mem_rep[0].inst_wr_addra                                                               |                                                split_d_system_memory_interconnect_0_sc_util_v1_0_4_counter__parameterized0_342 |          4 |          4 |       0 |    0 |     6 |      0 |      0 |    0 |          0 |
|                       gen_mem_rep[0].inst_xpm_memory                                                             |                                                      split_d_system_memory_interconnect_0_xpm_memory_sdpram__parameterized9__8 |         80 |          0 |      80 |    0 |   126 |      0 |      0 |    0 |          0 |
|                         xpm_memory_base_inst                                                                     |                                                        split_d_system_memory_interconnect_0_xpm_memory_base__parameterized9__8 |         80 |          0 |      80 |    0 |   126 |      0 |      0 |    0 |          0 |
|                       gen_mem_rep[1].inst_rd_addrb                                                               |                                                split_d_system_memory_interconnect_0_sc_util_v1_0_4_counter__parameterized0_343 |          4 |          4 |       0 |    0 |     5 |      0 |      0 |    0 |          0 |
|                       gen_mem_rep[1].inst_wr_addra                                                               |                                                split_d_system_memory_interconnect_0_sc_util_v1_0_4_counter__parameterized0_344 |          3 |          3 |       0 |    0 |     5 |      0 |      0 |    0 |          0 |
|                       gen_mem_rep[1].inst_xpm_memory                                                             |                                                      split_d_system_memory_interconnect_0_xpm_memory_sdpram__parameterized9__9 |         80 |          0 |      80 |    0 |   135 |      0 |      0 |    0 |          0 |
|                         xpm_memory_base_inst                                                                     |                                                        split_d_system_memory_interconnect_0_xpm_memory_base__parameterized9__9 |         80 |          0 |      80 |    0 |   135 |      0 |      0 |    0 |          0 |
|                       gen_wr.inst_wr_addra_p1                                                                    |                                                split_d_system_memory_interconnect_0_sc_util_v1_0_4_counter__parameterized1_345 |         12 |         12 |       0 |    0 |     6 |      0 |      0 |    0 |          0 |
|                   inst_ingress                                                                                   |                                               split_d_system_memory_interconnect_0_sc_node_v1_0_17_ingress__parameterized5_339 |          0 |          0 |       0 |    0 |     1 |      0 |      0 |    0 |          0 |
|                     inst_pipeline_valid                                                                          |                                               split_d_system_memory_interconnect_0_sc_util_v1_0_4_pipeline__parameterized3_340 |          0 |          0 |       0 |    0 |     1 |      0 |      0 |    0 |          0 |
|                 inst_si_handler                                                                                  |                                            split_d_system_memory_interconnect_0_sc_node_v1_0_17_si_handler__parameterized2_337 |          1 |          1 |       0 |    0 |     1 |      0 |      0 |    0 |          0 |
|                 s_sc_xpm_cdc_async_rst_inst                                                                      |                                                                     split_d_system_memory_interconnect_0_xpm_cdc_async_rst__45 |          0 |          0 |       0 |    0 |     3 |      0 |      0 |    0 |          0 |
|           s02_axi2sc                                                                                             |                                                                          split_d_system_memory_interconnect_0_bd_4794_s02a2s_0 |          0 |          0 |       0 |    0 |     0 |      0 |      0 |    0 |          0 |
|             inst                                                                                                 |                                                                  split_d_system_memory_interconnect_0_sc_axi2sc_v1_0_10_top__2 |          0 |          0 |       0 |    0 |     0 |      0 |      0 |    0 |          0 |
|           s02_entry_pipeline                                                                                     |                                                            split_d_system_memory_interconnect_0_s02_entry_pipeline_imp_1KVN89Z |        227 |        227 |       0 |    0 |   418 |      0 |      0 |    0 |          0 |
|             s02_mmu                                                                                              |                                                                          split_d_system_memory_interconnect_0_bd_4794_s02mmu_0 |        195 |        195 |       0 |    0 |   402 |      0 |      0 |    0 |          0 |
|               inst                                                                                               |                                                                        split_d_system_memory_interconnect_0_sc_mmu_v1_0_14_top |        195 |        195 |       0 |    0 |   402 |      0 |      0 |    0 |          0 |
|                 (inst)                                                                                           |                                                                        split_d_system_memory_interconnect_0_sc_mmu_v1_0_14_top |          4 |          4 |       0 |    0 |    12 |      0 |      0 |    0 |          0 |
|                 ar_reg_stall                                                                                     |                                                          split_d_system_memory_interconnect_0_sc_util_v1_0_4_axi_reg_stall_333 |         38 |         38 |       0 |    0 |    98 |      0 |      0 |    0 |          0 |
|                 ar_sreg                                                                                          |                                                          split_d_system_memory_interconnect_0_sc_util_v1_0_4_axi_reg_stall_334 |         62 |         62 |       0 |    0 |   144 |      0 |      0 |    0 |          0 |
|                 gen_endpoint.decerr_slave_inst                                                                   |                                                           split_d_system_memory_interconnect_0_sc_mmu_v1_0_14_decerr_slave_335 |         19 |         19 |       0 |    0 |    11 |      0 |      0 |    0 |          0 |
|                 r_sreg                                                                                           |                                                          split_d_system_memory_interconnect_0_sc_util_v1_0_4_axi_reg_stall_336 |         72 |         72 |       0 |    0 |   134 |      0 |      0 |    0 |          0 |
|                 xpm_cdc_async_rst_inst                                                                           |                                                                     split_d_system_memory_interconnect_0_xpm_cdc_async_rst__16 |          0 |          0 |       0 |    0 |     3 |      0 |      0 |    0 |          0 |
|             s02_si_converter                                                                                     |                                                                          split_d_system_memory_interconnect_0_bd_4794_s02sic_0 |         16 |         16 |       0 |    0 |     4 |      0 |      0 |    0 |          0 |
|               inst                                                                                               |                                                               split_d_system_memory_interconnect_0_sc_si_converter_v1_0_14_top |         16 |         16 |       0 |    0 |     4 |      0 |      0 |    0 |          0 |
|                 (inst)                                                                                           |                                                               split_d_system_memory_interconnect_0_sc_si_converter_v1_0_14_top |         16 |         16 |       0 |    0 |     1 |      0 |      0 |    0 |          0 |
|                 xpm_cdc_async_rst_inst                                                                           |                                                                     split_d_system_memory_interconnect_0_xpm_cdc_async_rst__18 |          0 |          0 |       0 |    0 |     3 |      0 |      0 |    0 |          0 |
|             s02_transaction_regulator                                                                            |                                                                           split_d_system_memory_interconnect_0_bd_4794_s02tr_0 |         16 |         16 |       0 |    0 |    12 |      0 |      0 |    0 |          0 |
|               inst                                                                                               |                                      split_d_system_memory_interconnect_0_sc_transaction_regulator_v1_0_11_top__parameterized1 |         16 |         16 |       0 |    0 |    12 |      0 |      0 |    0 |          0 |
|                 (inst)                                                                                           |                                      split_d_system_memory_interconnect_0_sc_transaction_regulator_v1_0_11_top__parameterized1 |          1 |          1 |       0 |    0 |     1 |      0 |      0 |    0 |          0 |
|                 gen_endpoint.gen_r_singleorder.r_singleorder                                                     |                                          split_d_system_memory_interconnect_0_sc_transaction_regulator_v1_0_11_singleorder_330 |         15 |         15 |       0 |    0 |     8 |      0 |      0 |    0 |          0 |
|                   gen_id_fifo.singleorder_fifo                                                                   |                                                      split_d_system_memory_interconnect_0_sc_util_v1_0_4_axic_reg_srl_fifo_331 |         15 |         15 |       0 |    0 |     8 |      0 |      0 |    0 |          0 |
|                 xpm_cdc_async_rst_inst                                                                           |                                                                     split_d_system_memory_interconnect_0_xpm_cdc_async_rst__17 |          0 |          0 |       0 |    0 |     3 |      0 |      0 |    0 |          0 |
|           s02_nodes                                                                                              |                                                                     split_d_system_memory_interconnect_0_s02_nodes_imp_1NB2SC9 |        415 |        207 |     208 |    0 |   462 |      0 |      0 |    0 |          0 |
|             s02_ar_node                                                                                          |                                                                            split_d_system_memory_interconnect_0_bd_4794_sarn_2 |        117 |         69 |      48 |    0 |   136 |      0 |      0 |    0 |          0 |
|               inst                                                                                               |                                                       split_d_system_memory_interconnect_0_sc_node_v1_0_17_top__parameterized4 |        117 |         69 |      48 |    0 |   136 |      0 |      0 |    0 |          0 |
|                 (inst)                                                                                           |                                                       split_d_system_memory_interconnect_0_sc_node_v1_0_17_top__parameterized4 |          3 |          3 |       0 |    0 |     1 |      0 |      0 |    0 |          0 |
|                 inst_mi_handler                                                                                  |                                     split_d_system_memory_interconnect_0_sc_node_v1_0_17_mi_handler__parameterized4__xdcDup__3 |        116 |         68 |      48 |    0 |   131 |      0 |      0 |    0 |          0 |
|                   (inst_mi_handler)                                                                              |                                     split_d_system_memory_interconnect_0_sc_node_v1_0_17_mi_handler__parameterized4__xdcDup__3 |          0 |          0 |       0 |    0 |     2 |      0 |      0 |    0 |          0 |
|                   gen_normal_area.gen_fifo_req.inst_fifo_req                                                     |                                           split_d_system_memory_interconnect_0_sc_node_v1_0_17_fifo__parameterized5__xdcDup__3 |         26 |         26 |       0 |    0 |    20 |      0 |      0 |    0 |          0 |
|                     gen_xpm_memory_fifo.inst_fifo                                                                |                                 split_d_system_memory_interconnect_0_sc_util_v1_0_4_xpm_memory_fifo__parameterized5__xdcDup__3 |         26 |         26 |       0 |    0 |    20 |      0 |      0 |    0 |          0 |
|                       (gen_xpm_memory_fifo.inst_fifo)                                                            |                                 split_d_system_memory_interconnect_0_sc_util_v1_0_4_xpm_memory_fifo__parameterized5__xdcDup__3 |          4 |          4 |       0 |    0 |     2 |      0 |      0 |    0 |          0 |
|                       gen_mem_rep[0].inst_rd_addrb                                                               |                                                split_d_system_memory_interconnect_0_sc_util_v1_0_4_counter__parameterized0_327 |          6 |          6 |       0 |    0 |     6 |      0 |      0 |    0 |          0 |
|                       gen_mem_rep[0].inst_wr_addra                                                               |                                                split_d_system_memory_interconnect_0_sc_util_v1_0_4_counter__parameterized0_328 |          5 |          5 |       0 |    0 |     6 |      0 |      0 |    0 |          0 |
|                       gen_wr.inst_wr_addra_p1                                                                    |                                                split_d_system_memory_interconnect_0_sc_util_v1_0_4_counter__parameterized1_329 |         12 |         12 |       0 |    0 |     6 |      0 |      0 |    0 |          0 |
|                   gen_normal_area.inst_fifo_node_payld                                                           |                                           split_d_system_memory_interconnect_0_sc_node_v1_0_17_fifo__parameterized6__xdcDup__3 |         85 |         37 |      48 |    0 |   105 |      0 |      0 |    0 |          0 |
|                     gen_xpm_memory_fifo.inst_fifo                                                                |                                 split_d_system_memory_interconnect_0_sc_util_v1_0_4_xpm_memory_fifo__parameterized6__xdcDup__3 |         85 |         37 |      48 |    0 |   105 |      0 |      0 |    0 |          0 |
|                       (gen_xpm_memory_fifo.inst_fifo)                                                            |                                 split_d_system_memory_interconnect_0_sc_util_v1_0_4_xpm_memory_fifo__parameterized6__xdcDup__3 |          5 |          5 |       0 |    0 |     4 |      0 |      0 |    0 |          0 |
|                       gen_mem_rep[0].inst_rd_addrb                                                               |                                                split_d_system_memory_interconnect_0_sc_util_v1_0_4_counter__parameterized0_324 |          6 |          6 |       0 |    0 |     6 |      0 |      0 |    0 |          0 |
|                       gen_mem_rep[0].inst_wr_addra                                                               |                                                split_d_system_memory_interconnect_0_sc_util_v1_0_4_counter__parameterized0_325 |          5 |          5 |       0 |    0 |     6 |      0 |      0 |    0 |          0 |
|                       gen_mem_rep[0].inst_xpm_memory                                                             |                                                      split_d_system_memory_interconnect_0_xpm_memory_sdpram__parameterized7__9 |         48 |          0 |      48 |    0 |    83 |      0 |      0 |    0 |          0 |
|                         xpm_memory_base_inst                                                                     |                                                        split_d_system_memory_interconnect_0_xpm_memory_base__parameterized7__9 |         48 |          0 |      48 |    0 |    83 |      0 |      0 |    0 |          0 |
|                       gen_wr.inst_wr_addra_p1                                                                    |                                                split_d_system_memory_interconnect_0_sc_util_v1_0_4_counter__parameterized1_326 |         21 |         21 |       0 |    0 |     6 |      0 |      0 |    0 |          0 |
|                   gen_normal_area.inst_fifo_send                                                                 |                                            split_d_system_memory_interconnect_0_sc_node_v1_0_17_reg_slice3__parameterized1_323 |          5 |          5 |       0 |    0 |     4 |      0 |      0 |    0 |          0 |
|                 inst_si_handler                                                                                  |                                            split_d_system_memory_interconnect_0_sc_node_v1_0_17_si_handler__parameterized4_322 |          1 |          1 |       0 |    0 |     1 |      0 |      0 |    0 |          0 |
|                 s_sc_xpm_cdc_async_rst_inst                                                                      |                                                                     split_d_system_memory_interconnect_0_xpm_cdc_async_rst__43 |          0 |          0 |       0 |    0 |     3 |      0 |      0 |    0 |          0 |
|             s02_r_node                                                                                           |                                                                             split_d_system_memory_interconnect_0_bd_4794_srn_2 |        298 |        138 |     160 |    0 |   326 |      0 |      0 |    0 |          0 |
|               inst                                                                                               |                                                       split_d_system_memory_interconnect_0_sc_node_v1_0_17_top__parameterized5 |        298 |        138 |     160 |    0 |   326 |      0 |      0 |    0 |          0 |
|                 (inst)                                                                                           |                                                       split_d_system_memory_interconnect_0_sc_node_v1_0_17_top__parameterized5 |          2 |          2 |       0 |    0 |     1 |      0 |      0 |    0 |          0 |
|                 inst_mi_handler                                                                                  |                                     split_d_system_memory_interconnect_0_sc_node_v1_0_17_mi_handler__parameterized5__xdcDup__3 |        295 |        135 |     160 |    0 |   321 |      0 |      0 |    0 |          0 |
|                   (inst_mi_handler)                                                                              |                                     split_d_system_memory_interconnect_0_sc_node_v1_0_17_mi_handler__parameterized5__xdcDup__3 |          0 |          0 |       0 |    0 |     2 |      0 |      0 |    0 |          0 |
|                   gen_normal_area.gen_downsizer.inst_downsizer                                                   |                                                             split_d_system_memory_interconnect_0_sc_node_v1_0_17_downsizer_311 |          2 |          2 |       0 |    0 |     5 |      0 |      0 |    0 |          0 |
|                   gen_normal_area.gen_node_prog_full.inst_node_prog_full                                         |                                           split_d_system_memory_interconnect_0_sc_node_v1_0_17_fifo__parameterized7__xdcDup__3 |         33 |         33 |       0 |    0 |    21 |      0 |      0 |    0 |          0 |
|                     gen_xpm_memory_fifo.inst_fifo                                                                |                                 split_d_system_memory_interconnect_0_sc_util_v1_0_4_xpm_memory_fifo__parameterized7__xdcDup__3 |         33 |         33 |       0 |    0 |    21 |      0 |      0 |    0 |          0 |
|                       (gen_xpm_memory_fifo.inst_fifo)                                                            |                                 split_d_system_memory_interconnect_0_sc_util_v1_0_4_xpm_memory_fifo__parameterized7__xdcDup__3 |          5 |          5 |       0 |    0 |     3 |      0 |      0 |    0 |          0 |
|                       gen_mem_rep[0].inst_rd_addrb                                                               |                                                split_d_system_memory_interconnect_0_sc_util_v1_0_4_counter__parameterized0_319 |          5 |          5 |       0 |    0 |     6 |      0 |      0 |    0 |          0 |
|                       gen_mem_rep[0].inst_wr_addra                                                               |                                                split_d_system_memory_interconnect_0_sc_util_v1_0_4_counter__parameterized0_320 |          5 |          5 |       0 |    0 |     6 |      0 |      0 |    0 |          0 |
|                       gen_wr.inst_wr_addra_p1                                                                    |                                                split_d_system_memory_interconnect_0_sc_util_v1_0_4_counter__parameterized1_321 |         19 |         19 |       0 |    0 |     6 |      0 |      0 |    0 |          0 |
|                   gen_normal_area.inst_fifo_node_payld                                                           |                                           split_d_system_memory_interconnect_0_sc_node_v1_0_17_fifo__parameterized8__xdcDup__3 |        260 |        100 |     160 |    0 |   292 |      0 |      0 |    0 |          0 |
|                     gen_xpm_memory_fifo.inst_fifo                                                                |                                 split_d_system_memory_interconnect_0_sc_util_v1_0_4_xpm_memory_fifo__parameterized8__xdcDup__3 |        260 |        100 |     160 |    0 |   292 |      0 |      0 |    0 |          0 |
|                       (gen_xpm_memory_fifo.inst_fifo)                                                            |                                 split_d_system_memory_interconnect_0_sc_util_v1_0_4_xpm_memory_fifo__parameterized8__xdcDup__3 |         73 |         73 |       0 |    0 |     3 |      0 |      0 |    0 |          0 |
|                       gen_mem_rep[0].inst_rd_addrb                                                               |                                                split_d_system_memory_interconnect_0_sc_util_v1_0_4_counter__parameterized0_314 |          4 |          4 |       0 |    0 |     6 |      0 |      0 |    0 |          0 |
|                       gen_mem_rep[0].inst_wr_addra                                                               |                                                split_d_system_memory_interconnect_0_sc_util_v1_0_4_counter__parameterized0_315 |          4 |          4 |       0 |    0 |     6 |      0 |      0 |    0 |          0 |
|                       gen_mem_rep[0].inst_xpm_memory                                                             |                                                      split_d_system_memory_interconnect_0_xpm_memory_sdpram__parameterized9__6 |         80 |          0 |      80 |    0 |   126 |      0 |      0 |    0 |          0 |
|                         xpm_memory_base_inst                                                                     |                                                        split_d_system_memory_interconnect_0_xpm_memory_base__parameterized9__6 |         80 |          0 |      80 |    0 |   126 |      0 |      0 |    0 |          0 |
|                       gen_mem_rep[1].inst_rd_addrb                                                               |                                                split_d_system_memory_interconnect_0_sc_util_v1_0_4_counter__parameterized0_316 |          4 |          4 |       0 |    0 |     5 |      0 |      0 |    0 |          0 |
|                       gen_mem_rep[1].inst_wr_addra                                                               |                                                split_d_system_memory_interconnect_0_sc_util_v1_0_4_counter__parameterized0_317 |          3 |          3 |       0 |    0 |     5 |      0 |      0 |    0 |          0 |
|                       gen_mem_rep[1].inst_xpm_memory                                                             |                                                      split_d_system_memory_interconnect_0_xpm_memory_sdpram__parameterized9__7 |         80 |          0 |      80 |    0 |   135 |      0 |      0 |    0 |          0 |
|                         xpm_memory_base_inst                                                                     |                                                        split_d_system_memory_interconnect_0_xpm_memory_base__parameterized9__7 |         80 |          0 |      80 |    0 |   135 |      0 |      0 |    0 |          0 |
|                       gen_wr.inst_wr_addra_p1                                                                    |                                                split_d_system_memory_interconnect_0_sc_util_v1_0_4_counter__parameterized1_318 |         12 |         12 |       0 |    0 |     6 |      0 |      0 |    0 |          0 |
|                   inst_ingress                                                                                   |                                               split_d_system_memory_interconnect_0_sc_node_v1_0_17_ingress__parameterized5_312 |          0 |          0 |       0 |    0 |     1 |      0 |      0 |    0 |          0 |
|                     inst_pipeline_valid                                                                          |                                               split_d_system_memory_interconnect_0_sc_util_v1_0_4_pipeline__parameterized3_313 |          0 |          0 |       0 |    0 |     1 |      0 |      0 |    0 |          0 |
|                 inst_si_handler                                                                                  |                                            split_d_system_memory_interconnect_0_sc_node_v1_0_17_si_handler__parameterized2_310 |          1 |          1 |       0 |    0 |     1 |      0 |      0 |    0 |          0 |
|                 s_sc_xpm_cdc_async_rst_inst                                                                      |                                                                     split_d_system_memory_interconnect_0_xpm_cdc_async_rst__41 |          0 |          0 |       0 |    0 |     3 |      0 |      0 |    0 |          0 |
|           s03_axi2sc                                                                                             |                                                                          split_d_system_memory_interconnect_0_bd_4794_s03a2s_0 |          0 |          0 |       0 |    0 |     0 |      0 |      0 |    0 |          0 |
|             inst                                                                                                 |                                                                  split_d_system_memory_interconnect_0_sc_axi2sc_v1_0_10_top__1 |          0 |          0 |       0 |    0 |     0 |      0 |      0 |    0 |          0 |
|           s03_entry_pipeline                                                                                     |                                                             split_d_system_memory_interconnect_0_s03_entry_pipeline_imp_OAIQUR |        249 |        238 |       0 |   11 |   459 |      0 |      0 |    0 |          0 |
|             s03_mmu                                                                                              |                                                                          split_d_system_memory_interconnect_0_bd_4794_s03mmu_0 |        171 |        171 |       0 |    0 |   423 |      0 |      0 |    0 |          0 |
|               inst                                                                                               |                                                        split_d_system_memory_interconnect_0_sc_mmu_v1_0_14_top__parameterized0 |        171 |        171 |       0 |    0 |   423 |      0 |      0 |    0 |          0 |
|                 (inst)                                                                                           |                                                        split_d_system_memory_interconnect_0_sc_mmu_v1_0_14_top__parameterized0 |          6 |          6 |       0 |    0 |    19 |      0 |      0 |    0 |          0 |
|                 aw_reg_stall                                                                                     |                                                          split_d_system_memory_interconnect_0_sc_util_v1_0_4_axi_reg_stall_305 |         37 |         37 |       0 |    0 |    98 |      0 |      0 |    0 |          0 |
|                 aw_sreg                                                                                          |                                                          split_d_system_memory_interconnect_0_sc_util_v1_0_4_axi_reg_stall_306 |         66 |         66 |       0 |    0 |   144 |      0 |      0 |    0 |          0 |
|                 b_sreg                                                                                           |                                                          split_d_system_memory_interconnect_0_sc_util_v1_0_4_axi_reg_stall_307 |          5 |          5 |       0 |    0 |     3 |      0 |      0 |    0 |          0 |
|                 gen_endpoint.decerr_slave_inst                                                                   |                                                           split_d_system_memory_interconnect_0_sc_mmu_v1_0_14_decerr_slave_308 |         11 |         11 |       0 |    0 |     6 |      0 |      0 |    0 |          0 |
|                 w_sreg                                                                                           |                                                          split_d_system_memory_interconnect_0_sc_util_v1_0_4_axi_reg_stall_309 |         46 |         46 |       0 |    0 |   150 |      0 |      0 |    0 |          0 |
|                 xpm_cdc_async_rst_inst                                                                           |                                                                     split_d_system_memory_interconnect_0_xpm_cdc_async_rst__19 |          0 |          0 |       0 |    0 |     3 |      0 |      0 |    0 |          0 |
|             s03_si_converter                                                                                     |                                                                          split_d_system_memory_interconnect_0_bd_4794_s03sic_0 |         63 |         52 |       0 |   11 |    24 |      0 |      0 |    0 |          0 |
|               inst                                                                                               |                                               split_d_system_memory_interconnect_0_sc_si_converter_v1_0_14_top__parameterized0 |         63 |         52 |       0 |   11 |    24 |      0 |      0 |    0 |          0 |
|                 (inst)                                                                                           |                                               split_d_system_memory_interconnect_0_sc_si_converter_v1_0_14_top__parameterized0 |          6 |          6 |       0 |    0 |     1 |      0 |      0 |    0 |          0 |
|                 gen_normal.splitter_inst                                                                         |                                                          split_d_system_memory_interconnect_0_sc_si_converter_v1_0_14_splitter |         57 |         46 |       0 |   11 |    20 |      0 |      0 |    0 |          0 |
|                   (gen_normal.splitter_inst)                                                                     |                                                          split_d_system_memory_interconnect_0_sc_si_converter_v1_0_14_splitter |          0 |          0 |       0 |    0 |     1 |      0 |      0 |    0 |          0 |
|                   gen_no_wsplitter.gen_endpoint_woffset.gen_wbypass_offset_fifo.wbypass_offset_fifo              |                                      split_d_system_memory_interconnect_0_sc_util_v1_0_4_axic_reg_srl_fifo__parameterized5_290 |         57 |         46 |       0 |   11 |    19 |      0 |      0 |    0 |          0 |
|                     (gen_no_wsplitter.gen_endpoint_woffset.gen_wbypass_offset_fifo.wbypass_offset_fifo)          |                                      split_d_system_memory_interconnect_0_sc_util_v1_0_4_axic_reg_srl_fifo__parameterized5_290 |         23 |         23 |       0 |    0 |    19 |      0 |      0 |    0 |          0 |
|                     gen_srls[0].srl_nx1                                                                          |                                                                split_d_system_memory_interconnect_0_sc_util_v1_0_4_srl_rtl_291 |          3 |          2 |       0 |    1 |     0 |      0 |      0 |    0 |          0 |
|                     gen_srls[10].srl_nx1                                                                         |                                                                split_d_system_memory_interconnect_0_sc_util_v1_0_4_srl_rtl_292 |          2 |          1 |       0 |    1 |     0 |      0 |      0 |    0 |          0 |
|                     gen_srls[11].srl_nx1                                                                         |                                                                split_d_system_memory_interconnect_0_sc_util_v1_0_4_srl_rtl_293 |          2 |          1 |       0 |    1 |     0 |      0 |      0 |    0 |          0 |
|                     gen_srls[12].srl_nx1                                                                         |                                                                split_d_system_memory_interconnect_0_sc_util_v1_0_4_srl_rtl_294 |          2 |          1 |       0 |    1 |     0 |      0 |      0 |    0 |          0 |
|                     gen_srls[13].srl_nx1                                                                         |                                                                split_d_system_memory_interconnect_0_sc_util_v1_0_4_srl_rtl_295 |          3 |          2 |       0 |    1 |     0 |      0 |      0 |    0 |          0 |
|                     gen_srls[1].srl_nx1                                                                          |                                                                split_d_system_memory_interconnect_0_sc_util_v1_0_4_srl_rtl_296 |          3 |          2 |       0 |    1 |     0 |      0 |      0 |    0 |          0 |
|                     gen_srls[2].srl_nx1                                                                          |                                                                split_d_system_memory_interconnect_0_sc_util_v1_0_4_srl_rtl_297 |          3 |          2 |       0 |    1 |     0 |      0 |      0 |    0 |          0 |
|                     gen_srls[3].srl_nx1                                                                          |                                                                split_d_system_memory_interconnect_0_sc_util_v1_0_4_srl_rtl_298 |          4 |          3 |       0 |    1 |     0 |      0 |      0 |    0 |          0 |
|                     gen_srls[4].srl_nx1                                                                          |                                                                split_d_system_memory_interconnect_0_sc_util_v1_0_4_srl_rtl_299 |          5 |          4 |       0 |    1 |     0 |      0 |      0 |    0 |          0 |
|                     gen_srls[5].srl_nx1                                                                          |                                                                split_d_system_memory_interconnect_0_sc_util_v1_0_4_srl_rtl_300 |          5 |          4 |       0 |    1 |     0 |      0 |      0 |    0 |          0 |
|                     gen_srls[6].srl_nx1                                                                          |                                                                split_d_system_memory_interconnect_0_sc_util_v1_0_4_srl_rtl_301 |          5 |          4 |       0 |    1 |     0 |      0 |      0 |    0 |          0 |
|                 xpm_cdc_async_rst_inst                                                                           |                                                                     split_d_system_memory_interconnect_0_xpm_cdc_async_rst__21 |          0 |          0 |       0 |    0 |     3 |      0 |      0 |    0 |          0 |
|             s03_transaction_regulator                                                                            |                                                                           split_d_system_memory_interconnect_0_bd_4794_s03tr_0 |         15 |         15 |       0 |    0 |    12 |      0 |      0 |    0 |          0 |
|               inst                                                                                               |                                      split_d_system_memory_interconnect_0_sc_transaction_regulator_v1_0_11_top__parameterized2 |         15 |         15 |       0 |    0 |    12 |      0 |      0 |    0 |          0 |
|                 (inst)                                                                                           |                                      split_d_system_memory_interconnect_0_sc_transaction_regulator_v1_0_11_top__parameterized2 |          1 |          1 |       0 |    0 |     1 |      0 |      0 |    0 |          0 |
|                 gen_endpoint.gen_w_singleorder.w_singleorder                                                     |                                              split_d_system_memory_interconnect_0_sc_transaction_regulator_v1_0_11_singleorder |         14 |         14 |       0 |    0 |     8 |      0 |      0 |    0 |          0 |
|                   gen_id_fifo.singleorder_fifo                                                                   |                                                          split_d_system_memory_interconnect_0_sc_util_v1_0_4_axic_reg_srl_fifo |         14 |         14 |       0 |    0 |     8 |      0 |      0 |    0 |          0 |
|                 xpm_cdc_async_rst_inst                                                                           |                                                                     split_d_system_memory_interconnect_0_xpm_cdc_async_rst__20 |          0 |          0 |       0 |    0 |     3 |      0 |      0 |    0 |          0 |
|           s03_nodes                                                                                              |                                                                      split_d_system_memory_interconnect_0_s03_nodes_imp_K62G0F |        461 |        229 |     232 |    0 |   852 |      0 |      0 |    0 |          0 |
|             s03_aw_node                                                                                          |                                                                            split_d_system_memory_interconnect_0_bd_4794_sawn_0 |        118 |         70 |      48 |    0 |   136 |      0 |      0 |    0 |          0 |
|               inst                                                                                               |                                                       split_d_system_memory_interconnect_0_sc_node_v1_0_17_top__parameterized6 |        118 |         70 |      48 |    0 |   136 |      0 |      0 |    0 |          0 |
|                 (inst)                                                                                           |                                                       split_d_system_memory_interconnect_0_sc_node_v1_0_17_top__parameterized6 |          3 |          3 |       0 |    0 |     1 |      0 |      0 |    0 |          0 |
|                 inst_mi_handler                                                                                  |                                     split_d_system_memory_interconnect_0_sc_node_v1_0_17_mi_handler__parameterized6__xdcDup__1 |        115 |         67 |      48 |    0 |   131 |      0 |      0 |    0 |          0 |
|                   (inst_mi_handler)                                                                              |                                     split_d_system_memory_interconnect_0_sc_node_v1_0_17_mi_handler__parameterized6__xdcDup__1 |          0 |          0 |       0 |    0 |     2 |      0 |      0 |    0 |          0 |
|                   gen_normal_area.gen_fifo_req.inst_fifo_req                                                     |                                           split_d_system_memory_interconnect_0_sc_node_v1_0_17_fifo__parameterized5__xdcDup__4 |         26 |         26 |       0 |    0 |    20 |      0 |      0 |    0 |          0 |
|                     gen_xpm_memory_fifo.inst_fifo                                                                |                                 split_d_system_memory_interconnect_0_sc_util_v1_0_4_xpm_memory_fifo__parameterized5__xdcDup__4 |         26 |         26 |       0 |    0 |    20 |      0 |      0 |    0 |          0 |
|                       (gen_xpm_memory_fifo.inst_fifo)                                                            |                                 split_d_system_memory_interconnect_0_sc_util_v1_0_4_xpm_memory_fifo__parameterized5__xdcDup__4 |          4 |          4 |       0 |    0 |     2 |      0 |      0 |    0 |          0 |
|                       gen_mem_rep[0].inst_rd_addrb                                                               |                                                split_d_system_memory_interconnect_0_sc_util_v1_0_4_counter__parameterized0_286 |          6 |          6 |       0 |    0 |     6 |      0 |      0 |    0 |          0 |
|                       gen_mem_rep[0].inst_wr_addra                                                               |                                                split_d_system_memory_interconnect_0_sc_util_v1_0_4_counter__parameterized0_287 |          5 |          5 |       0 |    0 |     6 |      0 |      0 |    0 |          0 |
|                       gen_wr.inst_wr_addra_p1                                                                    |                                                split_d_system_memory_interconnect_0_sc_util_v1_0_4_counter__parameterized1_288 |         12 |         12 |       0 |    0 |     6 |      0 |      0 |    0 |          0 |
|                   gen_normal_area.inst_fifo_node_payld                                                           |                                           split_d_system_memory_interconnect_0_sc_node_v1_0_17_fifo__parameterized6__xdcDup__4 |         84 |         36 |      48 |    0 |   105 |      0 |      0 |    0 |          0 |
|                     gen_xpm_memory_fifo.inst_fifo                                                                |                                 split_d_system_memory_interconnect_0_sc_util_v1_0_4_xpm_memory_fifo__parameterized6__xdcDup__4 |         84 |         36 |      48 |    0 |   105 |      0 |      0 |    0 |          0 |
|                       (gen_xpm_memory_fifo.inst_fifo)                                                            |                                 split_d_system_memory_interconnect_0_sc_util_v1_0_4_xpm_memory_fifo__parameterized6__xdcDup__4 |          5 |          5 |       0 |    0 |     4 |      0 |      0 |    0 |          0 |
|                       gen_mem_rep[0].inst_rd_addrb                                                               |                                                split_d_system_memory_interconnect_0_sc_util_v1_0_4_counter__parameterized0_283 |          6 |          6 |       0 |    0 |     6 |      0 |      0 |    0 |          0 |
|                       gen_mem_rep[0].inst_wr_addra                                                               |                                                split_d_system_memory_interconnect_0_sc_util_v1_0_4_counter__parameterized0_284 |          5 |          5 |       0 |    0 |     6 |      0 |      0 |    0 |          0 |
|                       gen_mem_rep[0].inst_xpm_memory                                                             |                                                      split_d_system_memory_interconnect_0_xpm_memory_sdpram__parameterized7__6 |         48 |          0 |      48 |    0 |    83 |      0 |      0 |    0 |          0 |
|                         xpm_memory_base_inst                                                                     |                                                        split_d_system_memory_interconnect_0_xpm_memory_base__parameterized7__6 |         48 |          0 |      48 |    0 |    83 |      0 |      0 |    0 |          0 |
|                       gen_wr.inst_wr_addra_p1                                                                    |                                                split_d_system_memory_interconnect_0_sc_util_v1_0_4_counter__parameterized1_285 |         20 |         20 |       0 |    0 |     6 |      0 |      0 |    0 |          0 |
|                   gen_normal_area.inst_fifo_send                                                                 |                                            split_d_system_memory_interconnect_0_sc_node_v1_0_17_reg_slice3__parameterized1_282 |          5 |          5 |       0 |    0 |     4 |      0 |      0 |    0 |          0 |
|                 inst_si_handler                                                                                  |                                            split_d_system_memory_interconnect_0_sc_node_v1_0_17_si_handler__parameterized5_281 |          1 |          1 |       0 |    0 |     1 |      0 |      0 |    0 |          0 |
|                 s_sc_xpm_cdc_async_rst_inst                                                                      |                                                                     split_d_system_memory_interconnect_0_xpm_cdc_async_rst__26 |          0 |          0 |       0 |    0 |     3 |      0 |      0 |    0 |          0 |
|             s03_b_node                                                                                           |                                                                             split_d_system_memory_interconnect_0_bd_4794_sbn_0 |         63 |         63 |       0 |    0 |    49 |      0 |      0 |    0 |          0 |
|               inst                                                                                               |                                                       split_d_system_memory_interconnect_0_sc_node_v1_0_17_top__parameterized7 |         63 |         63 |       0 |    0 |    49 |      0 |      0 |    0 |          0 |
|                 (inst)                                                                                           |                                                       split_d_system_memory_interconnect_0_sc_node_v1_0_17_top__parameterized7 |          3 |          3 |       0 |    0 |     1 |      0 |      0 |    0 |          0 |
|                 inst_mi_handler                                                                                  |                                     split_d_system_memory_interconnect_0_sc_node_v1_0_17_mi_handler__parameterized7__xdcDup__1 |         60 |         60 |       0 |    0 |    44 |      0 |      0 |    0 |          0 |
|                   (inst_mi_handler)                                                                              |                                     split_d_system_memory_interconnect_0_sc_node_v1_0_17_mi_handler__parameterized7__xdcDup__1 |          0 |          0 |       0 |    0 |     2 |      0 |      0 |    0 |          0 |
|                   gen_normal_area.gen_node_prog_full.inst_node_prog_full                                         |                                           split_d_system_memory_interconnect_0_sc_node_v1_0_17_fifo__parameterized7__xdcDup__4 |         36 |         36 |       0 |    0 |    21 |      0 |      0 |    0 |          0 |
|                     gen_xpm_memory_fifo.inst_fifo                                                                |                                 split_d_system_memory_interconnect_0_sc_util_v1_0_4_xpm_memory_fifo__parameterized7__xdcDup__4 |         36 |         36 |       0 |    0 |    21 |      0 |      0 |    0 |          0 |
|                       (gen_xpm_memory_fifo.inst_fifo)                                                            |                                 split_d_system_memory_interconnect_0_sc_util_v1_0_4_xpm_memory_fifo__parameterized7__xdcDup__4 |          5 |          5 |       0 |    0 |     3 |      0 |      0 |    0 |          0 |
|                       gen_mem_rep[0].inst_rd_addrb                                                               |                                                split_d_system_memory_interconnect_0_sc_util_v1_0_4_counter__parameterized0_278 |          6 |          6 |       0 |    0 |     6 |      0 |      0 |    0 |          0 |
|                       gen_mem_rep[0].inst_wr_addra                                                               |                                                split_d_system_memory_interconnect_0_sc_util_v1_0_4_counter__parameterized0_279 |          5 |          5 |       0 |    0 |     6 |      0 |      0 |    0 |          0 |
|                       gen_wr.inst_wr_addra_p1                                                                    |                                                split_d_system_memory_interconnect_0_sc_util_v1_0_4_counter__parameterized1_280 |         20 |         20 |       0 |    0 |     6 |      0 |      0 |    0 |          0 |
|                   gen_normal_area.inst_fifo_node_payld                                                           |                                           split_d_system_memory_interconnect_0_sc_node_v1_0_17_fifo__parameterized9__xdcDup__1 |         25 |         25 |       0 |    0 |    20 |      0 |      0 |    0 |          0 |
|                     gen_xpm_memory_fifo.inst_fifo                                                                |                                 split_d_system_memory_interconnect_0_sc_util_v1_0_4_xpm_memory_fifo__parameterized9__xdcDup__1 |         25 |         25 |       0 |    0 |    20 |      0 |      0 |    0 |          0 |
|                       (gen_xpm_memory_fifo.inst_fifo)                                                            |                                 split_d_system_memory_interconnect_0_sc_util_v1_0_4_xpm_memory_fifo__parameterized9__xdcDup__1 |          4 |          4 |       0 |    0 |     2 |      0 |      0 |    0 |          0 |
|                       gen_mem_rep[0].inst_rd_addrb                                                               |                                                split_d_system_memory_interconnect_0_sc_util_v1_0_4_counter__parameterized0_275 |          6 |          6 |       0 |    0 |     6 |      0 |      0 |    0 |          0 |
|                       gen_mem_rep[0].inst_wr_addra                                                               |                                                split_d_system_memory_interconnect_0_sc_util_v1_0_4_counter__parameterized0_276 |          4 |          4 |       0 |    0 |     6 |      0 |      0 |    0 |          0 |
|                       gen_wr.inst_wr_addra_p1                                                                    |                                                split_d_system_memory_interconnect_0_sc_util_v1_0_4_counter__parameterized1_277 |         11 |         11 |       0 |    0 |     6 |      0 |      0 |    0 |          0 |
|                   inst_ingress                                                                                   |                                               split_d_system_memory_interconnect_0_sc_node_v1_0_17_ingress__parameterized7_273 |          0 |          0 |       0 |    0 |     1 |      0 |      0 |    0 |          0 |
|                     inst_pipeline_valid                                                                          |                                               split_d_system_memory_interconnect_0_sc_util_v1_0_4_pipeline__parameterized3_274 |          0 |          0 |       0 |    0 |     1 |      0 |      0 |    0 |          0 |
|                 inst_si_handler                                                                                  |                                            split_d_system_memory_interconnect_0_sc_node_v1_0_17_si_handler__parameterized1_272 |          1 |          1 |       0 |    0 |     1 |      0 |      0 |    0 |          0 |
|                 s_sc_xpm_cdc_async_rst_inst                                                                      |                                                                     split_d_system_memory_interconnect_0_xpm_cdc_async_rst__24 |          0 |          0 |       0 |    0 |     3 |      0 |      0 |    0 |          0 |
|             s03_w_node                                                                                           |                                                                             split_d_system_memory_interconnect_0_bd_4794_swn_0 |        280 |         96 |     184 |    0 |   667 |      0 |      0 |    0 |          0 |
|               inst                                                                                               |                                                       split_d_system_memory_interconnect_0_sc_node_v1_0_17_top__parameterized8 |        280 |         96 |     184 |    0 |   667 |      0 |      0 |    0 |          0 |
|                 (inst)                                                                                           |                                                       split_d_system_memory_interconnect_0_sc_node_v1_0_17_top__parameterized8 |          3 |          3 |       0 |    0 |     1 |      0 |      0 |    0 |          0 |
|                 inst_mi_handler                                                                                  |                                     split_d_system_memory_interconnect_0_sc_node_v1_0_17_mi_handler__parameterized8__xdcDup__1 |        277 |         93 |     184 |    0 |   662 |      0 |      0 |    0 |          0 |
|                   (inst_mi_handler)                                                                              |                                     split_d_system_memory_interconnect_0_sc_node_v1_0_17_mi_handler__parameterized8__xdcDup__1 |          0 |          0 |       0 |    0 |     2 |      0 |      0 |    0 |          0 |
|                   gen_normal_area.gen_fi_regulator.inst_fi_regulator                                             |                                                          split_d_system_memory_interconnect_0_sc_node_v1_0_17_fi_regulator_260 |          1 |          1 |       0 |    0 |     2 |      0 |      0 |    0 |          0 |
|                   gen_normal_area.gen_fifo_req.inst_fifo_req                                                     |                                          split_d_system_memory_interconnect_0_sc_node_v1_0_17_fifo__parameterized10__xdcDup__1 |         34 |         26 |       8 |    0 |    22 |      0 |      0 |    0 |          0 |
|                     gen_xpm_memory_fifo.inst_fifo                                                                |                                split_d_system_memory_interconnect_0_sc_util_v1_0_4_xpm_memory_fifo__parameterized10__xdcDup__1 |         34 |         26 |       8 |    0 |    22 |      0 |      0 |    0 |          0 |
|                       (gen_xpm_memory_fifo.inst_fifo)                                                            |                                split_d_system_memory_interconnect_0_sc_util_v1_0_4_xpm_memory_fifo__parameterized10__xdcDup__1 |          4 |          4 |       0 |    0 |     3 |      0 |      0 |    0 |          0 |
|                       gen_mem_rep[0].inst_rd_addrb                                                               |                                                split_d_system_memory_interconnect_0_sc_util_v1_0_4_counter__parameterized0_269 |          6 |          6 |       0 |    0 |     6 |      0 |      0 |    0 |          0 |
|                       gen_mem_rep[0].inst_wr_addra                                                               |                                                split_d_system_memory_interconnect_0_sc_util_v1_0_4_counter__parameterized0_270 |          4 |          4 |       0 |    0 |     6 |      0 |      0 |    0 |          0 |
|                       gen_mem_rep[0].inst_xpm_memory                                                             |                                                      split_d_system_memory_interconnect_0_xpm_memory_sdpram__parameterized6__7 |          9 |          1 |       8 |    0 |     1 |      0 |      0 |    0 |          0 |
|                         xpm_memory_base_inst                                                                     |                                                        split_d_system_memory_interconnect_0_xpm_memory_base__parameterized6__7 |          9 |          1 |       8 |    0 |     1 |      0 |      0 |    0 |          0 |
|                       gen_wr.inst_wr_addra_p1                                                                    |                                                split_d_system_memory_interconnect_0_sc_util_v1_0_4_counter__parameterized1_271 |         11 |         11 |       0 |    0 |     6 |      0 |      0 |    0 |          0 |
|                   gen_normal_area.gen_upsizer.inst_upsizer                                                       |                                                               split_d_system_memory_interconnect_0_sc_node_v1_0_17_upsizer_261 |         25 |         25 |       0 |    0 |   308 |      0 |      0 |    0 |          0 |
|                     (gen_normal_area.gen_upsizer.inst_upsizer)                                                   |                                                               split_d_system_memory_interconnect_0_sc_node_v1_0_17_upsizer_261 |         25 |         25 |       0 |    0 |   304 |      0 |      0 |    0 |          0 |
|                     inst_upsizer_target_pipeline                                                                 |                                               split_d_system_memory_interconnect_0_sc_util_v1_0_4_pipeline__parameterized8_268 |          0 |          0 |       0 |    0 |     4 |      0 |      0 |    0 |          0 |
|                   gen_normal_area.inst_fifo_node_payld                                                           |                                          split_d_system_memory_interconnect_0_sc_node_v1_0_17_fifo__parameterized11__xdcDup__1 |        213 |         37 |     176 |    0 |   324 |      0 |      0 |    0 |          0 |
|                     gen_xpm_memory_fifo.inst_fifo                                                                |                                split_d_system_memory_interconnect_0_sc_util_v1_0_4_xpm_memory_fifo__parameterized11__xdcDup__1 |        213 |         37 |     176 |    0 |   324 |      0 |      0 |    0 |          0 |
|                       (gen_xpm_memory_fifo.inst_fifo)                                                            |                                split_d_system_memory_interconnect_0_sc_util_v1_0_4_xpm_memory_fifo__parameterized11__xdcDup__1 |          4 |          4 |       0 |    0 |     4 |      0 |      0 |    0 |          0 |
|                       gen_mem_rep[0].inst_rd_addrb                                                               |                                                split_d_system_memory_interconnect_0_sc_util_v1_0_4_counter__parameterized0_263 |          5 |          5 |       0 |    0 |     6 |      0 |      0 |    0 |          0 |
|                       gen_mem_rep[0].inst_wr_addra                                                               |                                                split_d_system_memory_interconnect_0_sc_util_v1_0_4_counter__parameterized0_264 |          4 |          4 |       0 |    0 |     6 |      0 |      0 |    0 |          0 |
|                       gen_mem_rep[0].inst_xpm_memory                                                             |                                                     split_d_system_memory_interconnect_0_xpm_memory_sdpram__parameterized11__2 |         88 |          0 |      88 |    0 |   140 |      0 |      0 |    0 |          0 |
|                         xpm_memory_base_inst                                                                     |                                                       split_d_system_memory_interconnect_0_xpm_memory_base__parameterized11__2 |         88 |          0 |      88 |    0 |   140 |      0 |      0 |    0 |          0 |
|                       gen_mem_rep[1].inst_rd_addrb                                                               |                                                split_d_system_memory_interconnect_0_sc_util_v1_0_4_counter__parameterized0_265 |          4 |          4 |       0 |    0 |     5 |      0 |      0 |    0 |          0 |
|                       gen_mem_rep[1].inst_wr_addra                                                               |                                                split_d_system_memory_interconnect_0_sc_util_v1_0_4_counter__parameterized0_266 |          3 |          3 |       0 |    0 |     5 |      0 |      0 |    0 |          0 |
|                       gen_mem_rep[1].inst_xpm_memory                                                             |                                                     split_d_system_memory_interconnect_0_xpm_memory_sdpram__parameterized11__3 |         88 |          0 |      88 |    0 |   152 |      0 |      0 |    0 |          0 |
|                         xpm_memory_base_inst                                                                     |                                                       split_d_system_memory_interconnect_0_xpm_memory_base__parameterized11__3 |         88 |          0 |      88 |    0 |   152 |      0 |      0 |    0 |          0 |
|                       gen_wr.inst_wr_addra_p1                                                                    |                                                split_d_system_memory_interconnect_0_sc_util_v1_0_4_counter__parameterized1_267 |         17 |         17 |       0 |    0 |     6 |      0 |      0 |    0 |          0 |
|                   gen_normal_area.inst_fifo_send                                                                 |                                            split_d_system_memory_interconnect_0_sc_node_v1_0_17_reg_slice3__parameterized1_262 |          5 |          5 |       0 |    0 |     4 |      0 |      0 |    0 |          0 |
|                 inst_si_handler                                                                                  |                                            split_d_system_memory_interconnect_0_sc_node_v1_0_17_si_handler__parameterized6_259 |          1 |          1 |       0 |    0 |     1 |      0 |      0 |    0 |          0 |
|                 s_sc_xpm_cdc_async_rst_inst                                                                      |                                                                     split_d_system_memory_interconnect_0_xpm_cdc_async_rst__22 |          0 |          0 |       0 |    0 |     3 |      0 |      0 |    0 |          0 |
|           s04_axi2sc                                                                                             |                                                                          split_d_system_memory_interconnect_0_bd_4794_s04a2s_0 |          0 |          0 |       0 |    0 |     0 |      0 |      0 |    0 |          0 |
|             inst                                                                                                 |                                                     split_d_system_memory_interconnect_0_sc_axi2sc_v1_0_10_top__parameterized0 |          0 |          0 |       0 |    0 |     0 |      0 |      0 |    0 |          0 |
|           s04_entry_pipeline                                                                                     |                                                             split_d_system_memory_interconnect_0_s04_entry_pipeline_imp_97OHR1 |        948 |        786 |       0 |  162 |  1335 |      0 |      0 |    0 |          0 |
|             s04_mmu                                                                                              |                                                                          split_d_system_memory_interconnect_0_bd_4794_s04mmu_0 |        291 |        291 |       0 |    0 |   642 |      0 |      0 |    0 |          0 |
|               inst                                                                                               |                                                        split_d_system_memory_interconnect_0_sc_mmu_v1_0_14_top__parameterized1 |        291 |        291 |       0 |    0 |   642 |      0 |      0 |    0 |          0 |
|                 (inst)                                                                                           |                                                        split_d_system_memory_interconnect_0_sc_mmu_v1_0_14_top__parameterized1 |          8 |          8 |       0 |    0 |    30 |      0 |      0 |    0 |          0 |
|                 ar_reg_stall                                                                                     |                                                          split_d_system_memory_interconnect_0_sc_util_v1_0_4_axi_reg_stall_252 |         29 |         29 |       0 |    0 |    74 |      0 |      0 |    0 |          0 |
|                 ar_sreg                                                                                          |                                                          split_d_system_memory_interconnect_0_sc_util_v1_0_4_axi_reg_stall_253 |         33 |         33 |       0 |    0 |    74 |      0 |      0 |    0 |          0 |
|                 aw_reg_stall                                                                                     |                                                          split_d_system_memory_interconnect_0_sc_util_v1_0_4_axi_reg_stall_254 |         30 |         30 |       0 |    0 |    74 |      0 |      0 |    0 |          0 |
|                 aw_sreg                                                                                          |                                                          split_d_system_memory_interconnect_0_sc_util_v1_0_4_axi_reg_stall_255 |         41 |         41 |       0 |    0 |    74 |      0 |      0 |    0 |          0 |
|                 b_sreg                                                                                           |                                                          split_d_system_memory_interconnect_0_sc_util_v1_0_4_axi_reg_stall_256 |          7 |          7 |       0 |    0 |     8 |      0 |      0 |    0 |          0 |
|                 gen_endpoint.decerr_slave_inst                                                                   |                                                               split_d_system_memory_interconnect_0_sc_mmu_v1_0_14_decerr_slave |         28 |         28 |       0 |    0 |    17 |      0 |      0 |    0 |          0 |
|                 r_sreg                                                                                           |                                                          split_d_system_memory_interconnect_0_sc_util_v1_0_4_axi_reg_stall_257 |         72 |         72 |       0 |    0 |   138 |      0 |      0 |    0 |          0 |
|                 w_sreg                                                                                           |                                                          split_d_system_memory_interconnect_0_sc_util_v1_0_4_axi_reg_stall_258 |         44 |         44 |       0 |    0 |   150 |      0 |      0 |    0 |          0 |
|                 xpm_cdc_async_rst_inst                                                                           |                                                                     split_d_system_memory_interconnect_0_xpm_cdc_async_rst__28 |          0 |          0 |       0 |    0 |     3 |      0 |      0 |    0 |          0 |
|             s04_si_converter                                                                                     |                                                                          split_d_system_memory_interconnect_0_bd_4794_s04sic_0 |        657 |        495 |       0 |  162 |   693 |      0 |      0 |    0 |          0 |
|               inst                                                                                               |                                               split_d_system_memory_interconnect_0_sc_si_converter_v1_0_14_top__parameterized1 |        657 |        495 |       0 |  162 |   693 |      0 |      0 |    0 |          0 |
|                 (inst)                                                                                           |                                               split_d_system_memory_interconnect_0_sc_si_converter_v1_0_14_top__parameterized1 |          1 |          1 |       0 |    0 |     1 |      0 |      0 |    0 |          0 |
|                 converter.wrap_narrow_inst                                                                       |                                                       split_d_system_memory_interconnect_0_sc_si_converter_v1_0_14_wrap_narrow |        607 |        459 |       0 |  148 |   666 |      0 |      0 |    0 |          0 |
|                   (converter.wrap_narrow_inst)                                                                   |                                                       split_d_system_memory_interconnect_0_sc_si_converter_v1_0_14_wrap_narrow |         84 |         84 |       0 |    0 |   269 |      0 |      0 |    0 |          0 |
|                   ar_reg_slice                                                                                   |                                                              split_d_system_memory_interconnect_0_sc_util_v1_0_4_axi_reg_stall |         44 |         44 |       0 |    0 |    86 |      0 |      0 |    0 |          0 |
|                   aw_reg_slice                                                                                   |                                                           split_d_system_memory_interconnect_0_sc_util_v1_0_4_axi_reg_stall_49 |         41 |         41 |       0 |    0 |    86 |      0 |      0 |    0 |          0 |
|                   gen_thread_loop[0].r_cmd_fifo                                                                  |                                          split_d_system_memory_interconnect_0_sc_util_v1_0_4_axic_reg_srl_fifo__parameterized6 |         49 |         44 |       0 |    5 |    13 |      0 |      0 |    0 |          0 |
|                     (gen_thread_loop[0].r_cmd_fifo)                                                              |                                          split_d_system_memory_interconnect_0_sc_util_v1_0_4_axic_reg_srl_fifo__parameterized6 |         36 |         36 |       0 |    0 |    13 |      0 |      0 |    0 |          0 |
|                     gen_srls[16].srl_nx1                                                                         |                                                                split_d_system_memory_interconnect_0_sc_util_v1_0_4_srl_rtl_237 |          2 |          1 |       0 |    1 |     0 |      0 |      0 |    0 |          0 |
|                     gen_srls[17].srl_nx1                                                                         |                                                                split_d_system_memory_interconnect_0_sc_util_v1_0_4_srl_rtl_238 |          2 |          1 |       0 |    1 |     0 |      0 |      0 |    0 |          0 |
|                     gen_srls[19].srl_nx1                                                                         |                                                                split_d_system_memory_interconnect_0_sc_util_v1_0_4_srl_rtl_240 |          3 |          2 |       0 |    1 |     0 |      0 |      0 |    0 |          0 |
|                     gen_srls[20].srl_nx1                                                                         |                                                                split_d_system_memory_interconnect_0_sc_util_v1_0_4_srl_rtl_242 |          3 |          2 |       0 |    1 |     0 |      0 |      0 |    0 |          0 |
|                     gen_srls[21].srl_nx1                                                                         |                                                                split_d_system_memory_interconnect_0_sc_util_v1_0_4_srl_rtl_243 |          4 |          3 |       0 |    1 |     0 |      0 |      0 |    0 |          0 |
|                   gen_thread_loop[0].r_payld_fifo                                                                |                                                       split_d_system_memory_interconnect_0_sc_si_converter_v1_0_14_offset_fifo |        169 |        103 |       0 |   66 |    96 |      0 |      0 |    0 |          0 |
|                     (gen_thread_loop[0].r_payld_fifo)                                                            |                                                       split_d_system_memory_interconnect_0_sc_si_converter_v1_0_14_offset_fifo |         68 |         68 |       0 |    0 |    88 |      0 |      0 |    0 |          0 |
|                     cmd_fifo                                                                                     |                                      split_d_system_memory_interconnect_0_sc_util_v1_0_4_axic_reg_srl_fifo__parameterized7_151 |         30 |         30 |       0 |    0 |     8 |      0 |      0 |    0 |          0 |
|                     gen_srls[10].srl_nx1                                                                         |                                                split_d_system_memory_interconnect_0_sc_util_v1_0_4_srl_rtl__parameterized0_152 |          1 |          0 |       0 |    1 |     0 |      0 |      0 |    0 |          0 |
|                     gen_srls[11].srl_nx1                                                                         |                                                split_d_system_memory_interconnect_0_sc_util_v1_0_4_srl_rtl__parameterized0_153 |          1 |          0 |       0 |    1 |     0 |      0 |      0 |    0 |          0 |
|                     gen_srls[12].srl_nx1                                                                         |                                                split_d_system_memory_interconnect_0_sc_util_v1_0_4_srl_rtl__parameterized0_154 |          1 |          0 |       0 |    1 |     0 |      0 |      0 |    0 |          0 |
|                     gen_srls[13].srl_nx1                                                                         |                                                split_d_system_memory_interconnect_0_sc_util_v1_0_4_srl_rtl__parameterized0_155 |          1 |          0 |       0 |    1 |     0 |      0 |      0 |    0 |          0 |
|                     gen_srls[14].srl_nx1                                                                         |                                                split_d_system_memory_interconnect_0_sc_util_v1_0_4_srl_rtl__parameterized0_156 |          1 |          0 |       0 |    1 |     0 |      0 |      0 |    0 |          0 |
|                     gen_srls[15].srl_nx1                                                                         |                                                split_d_system_memory_interconnect_0_sc_util_v1_0_4_srl_rtl__parameterized0_157 |          1 |          0 |       0 |    1 |     0 |      0 |      0 |    0 |          0 |
|                     gen_srls[16].srl_nx1                                                                         |                                                split_d_system_memory_interconnect_0_sc_util_v1_0_4_srl_rtl__parameterized0_158 |          1 |          0 |       0 |    1 |     0 |      0 |      0 |    0 |          0 |
|                     gen_srls[17].srl_nx1                                                                         |                                                split_d_system_memory_interconnect_0_sc_util_v1_0_4_srl_rtl__parameterized0_159 |          1 |          0 |       0 |    1 |     0 |      0 |      0 |    0 |          0 |
|                     gen_srls[18].srl_nx1                                                                         |                                                split_d_system_memory_interconnect_0_sc_util_v1_0_4_srl_rtl__parameterized0_160 |          1 |          0 |       0 |    1 |     0 |      0 |      0 |    0 |          0 |
|                     gen_srls[19].srl_nx1                                                                         |                                                split_d_system_memory_interconnect_0_sc_util_v1_0_4_srl_rtl__parameterized0_161 |          1 |          0 |       0 |    1 |     0 |      0 |      0 |    0 |          0 |
|                     gen_srls[20].srl_nx1                                                                         |                                                split_d_system_memory_interconnect_0_sc_util_v1_0_4_srl_rtl__parameterized0_162 |          1 |          0 |       0 |    1 |     0 |      0 |      0 |    0 |          0 |
|                     gen_srls[21].srl_nx1                                                                         |                                                split_d_system_memory_interconnect_0_sc_util_v1_0_4_srl_rtl__parameterized0_163 |          1 |          0 |       0 |    1 |     0 |      0 |      0 |    0 |          0 |
|                     gen_srls[22].srl_nx1                                                                         |                                                split_d_system_memory_interconnect_0_sc_util_v1_0_4_srl_rtl__parameterized0_164 |          1 |          0 |       0 |    1 |     0 |      0 |      0 |    0 |          0 |
|                     gen_srls[23].srl_nx1                                                                         |                                                split_d_system_memory_interconnect_0_sc_util_v1_0_4_srl_rtl__parameterized0_165 |          1 |          0 |       0 |    1 |     0 |      0 |      0 |    0 |          0 |
|                     gen_srls[24].srl_nx1                                                                         |                                                split_d_system_memory_interconnect_0_sc_util_v1_0_4_srl_rtl__parameterized0_166 |          1 |          0 |       0 |    1 |     0 |      0 |      0 |    0 |          0 |
|                     gen_srls[25].srl_nx1                                                                         |                                                split_d_system_memory_interconnect_0_sc_util_v1_0_4_srl_rtl__parameterized0_167 |          1 |          0 |       0 |    1 |     0 |      0 |      0 |    0 |          0 |
|                     gen_srls[26].srl_nx1                                                                         |                                                split_d_system_memory_interconnect_0_sc_util_v1_0_4_srl_rtl__parameterized0_168 |          1 |          0 |       0 |    1 |     0 |      0 |      0 |    0 |          0 |
|                     gen_srls[27].srl_nx1                                                                         |                                                split_d_system_memory_interconnect_0_sc_util_v1_0_4_srl_rtl__parameterized0_169 |          1 |          0 |       0 |    1 |     0 |      0 |      0 |    0 |          0 |
|                     gen_srls[28].srl_nx1                                                                         |                                                split_d_system_memory_interconnect_0_sc_util_v1_0_4_srl_rtl__parameterized0_170 |          1 |          0 |       0 |    1 |     0 |      0 |      0 |    0 |          0 |
|                     gen_srls[29].srl_nx1                                                                         |                                                split_d_system_memory_interconnect_0_sc_util_v1_0_4_srl_rtl__parameterized0_171 |          1 |          0 |       0 |    1 |     0 |      0 |      0 |    0 |          0 |
|                     gen_srls[30].srl_nx1                                                                         |                                                split_d_system_memory_interconnect_0_sc_util_v1_0_4_srl_rtl__parameterized0_172 |          1 |          0 |       0 |    1 |     0 |      0 |      0 |    0 |          0 |
|                     gen_srls[31].srl_nx1                                                                         |                                                split_d_system_memory_interconnect_0_sc_util_v1_0_4_srl_rtl__parameterized0_173 |          1 |          0 |       0 |    1 |     0 |      0 |      0 |    0 |          0 |
|                     gen_srls[32].srl_nx1                                                                         |                                                split_d_system_memory_interconnect_0_sc_util_v1_0_4_srl_rtl__parameterized0_174 |          1 |          0 |       0 |    1 |     0 |      0 |      0 |    0 |          0 |
|                     gen_srls[33].srl_nx1                                                                         |                                                split_d_system_memory_interconnect_0_sc_util_v1_0_4_srl_rtl__parameterized0_175 |          1 |          0 |       0 |    1 |     0 |      0 |      0 |    0 |          0 |
|                     gen_srls[34].srl_nx1                                                                         |                                                split_d_system_memory_interconnect_0_sc_util_v1_0_4_srl_rtl__parameterized0_176 |          1 |          0 |       0 |    1 |     0 |      0 |      0 |    0 |          0 |
|                     gen_srls[35].srl_nx1                                                                         |                                                split_d_system_memory_interconnect_0_sc_util_v1_0_4_srl_rtl__parameterized0_177 |          1 |          0 |       0 |    1 |     0 |      0 |      0 |    0 |          0 |
|                     gen_srls[36].srl_nx1                                                                         |                                                split_d_system_memory_interconnect_0_sc_util_v1_0_4_srl_rtl__parameterized0_178 |          1 |          0 |       0 |    1 |     0 |      0 |      0 |    0 |          0 |
|                     gen_srls[37].srl_nx1                                                                         |                                                split_d_system_memory_interconnect_0_sc_util_v1_0_4_srl_rtl__parameterized0_179 |          1 |          0 |       0 |    1 |     0 |      0 |      0 |    0 |          0 |
|                     gen_srls[38].srl_nx1                                                                         |                                                split_d_system_memory_interconnect_0_sc_util_v1_0_4_srl_rtl__parameterized0_180 |          1 |          0 |       0 |    1 |     0 |      0 |      0 |    0 |          0 |
|                     gen_srls[39].srl_nx1                                                                         |                                                split_d_system_memory_interconnect_0_sc_util_v1_0_4_srl_rtl__parameterized0_181 |          1 |          0 |       0 |    1 |     0 |      0 |      0 |    0 |          0 |
|                     gen_srls[40].srl_nx1                                                                         |                                                split_d_system_memory_interconnect_0_sc_util_v1_0_4_srl_rtl__parameterized0_182 |          1 |          0 |       0 |    1 |     0 |      0 |      0 |    0 |          0 |
|                     gen_srls[41].srl_nx1                                                                         |                                                split_d_system_memory_interconnect_0_sc_util_v1_0_4_srl_rtl__parameterized0_183 |          1 |          0 |       0 |    1 |     0 |      0 |      0 |    0 |          0 |
|                     gen_srls[42].srl_nx1                                                                         |                                                split_d_system_memory_interconnect_0_sc_util_v1_0_4_srl_rtl__parameterized0_184 |          1 |          0 |       0 |    1 |     0 |      0 |      0 |    0 |          0 |
|                     gen_srls[43].srl_nx1                                                                         |                                                split_d_system_memory_interconnect_0_sc_util_v1_0_4_srl_rtl__parameterized0_185 |          1 |          0 |       0 |    1 |     0 |      0 |      0 |    0 |          0 |
|                     gen_srls[44].srl_nx1                                                                         |                                                split_d_system_memory_interconnect_0_sc_util_v1_0_4_srl_rtl__parameterized0_186 |          1 |          0 |       0 |    1 |     0 |      0 |      0 |    0 |          0 |
|                     gen_srls[45].srl_nx1                                                                         |                                                split_d_system_memory_interconnect_0_sc_util_v1_0_4_srl_rtl__parameterized0_187 |          1 |          0 |       0 |    1 |     0 |      0 |      0 |    0 |          0 |
|                     gen_srls[46].srl_nx1                                                                         |                                                split_d_system_memory_interconnect_0_sc_util_v1_0_4_srl_rtl__parameterized0_188 |          1 |          0 |       0 |    1 |     0 |      0 |      0 |    0 |          0 |
|                     gen_srls[47].srl_nx1                                                                         |                                                split_d_system_memory_interconnect_0_sc_util_v1_0_4_srl_rtl__parameterized0_189 |          1 |          0 |       0 |    1 |     0 |      0 |      0 |    0 |          0 |
|                     gen_srls[48].srl_nx1                                                                         |                                                split_d_system_memory_interconnect_0_sc_util_v1_0_4_srl_rtl__parameterized0_190 |          1 |          0 |       0 |    1 |     0 |      0 |      0 |    0 |          0 |
|                     gen_srls[49].srl_nx1                                                                         |                                                split_d_system_memory_interconnect_0_sc_util_v1_0_4_srl_rtl__parameterized0_191 |          1 |          0 |       0 |    1 |     0 |      0 |      0 |    0 |          0 |
|                     gen_srls[50].srl_nx1                                                                         |                                                split_d_system_memory_interconnect_0_sc_util_v1_0_4_srl_rtl__parameterized0_192 |          1 |          0 |       0 |    1 |     0 |      0 |      0 |    0 |          0 |
|                     gen_srls[51].srl_nx1                                                                         |                                                split_d_system_memory_interconnect_0_sc_util_v1_0_4_srl_rtl__parameterized0_193 |          1 |          0 |       0 |    1 |     0 |      0 |      0 |    0 |          0 |
|                     gen_srls[52].srl_nx1                                                                         |                                                split_d_system_memory_interconnect_0_sc_util_v1_0_4_srl_rtl__parameterized0_194 |          1 |          0 |       0 |    1 |     0 |      0 |      0 |    0 |          0 |
|                     gen_srls[53].srl_nx1                                                                         |                                                split_d_system_memory_interconnect_0_sc_util_v1_0_4_srl_rtl__parameterized0_195 |          1 |          0 |       0 |    1 |     0 |      0 |      0 |    0 |          0 |
|                     gen_srls[54].srl_nx1                                                                         |                                                split_d_system_memory_interconnect_0_sc_util_v1_0_4_srl_rtl__parameterized0_196 |          1 |          0 |       0 |    1 |     0 |      0 |      0 |    0 |          0 |
|                     gen_srls[55].srl_nx1                                                                         |                                                split_d_system_memory_interconnect_0_sc_util_v1_0_4_srl_rtl__parameterized0_197 |          1 |          0 |       0 |    1 |     0 |      0 |      0 |    0 |          0 |
|                     gen_srls[56].srl_nx1                                                                         |                                                split_d_system_memory_interconnect_0_sc_util_v1_0_4_srl_rtl__parameterized0_198 |          1 |          0 |       0 |    1 |     0 |      0 |      0 |    0 |          0 |
|                     gen_srls[57].srl_nx1                                                                         |                                                split_d_system_memory_interconnect_0_sc_util_v1_0_4_srl_rtl__parameterized0_199 |          1 |          0 |       0 |    1 |     0 |      0 |      0 |    0 |          0 |
|                     gen_srls[58].srl_nx1                                                                         |                                                split_d_system_memory_interconnect_0_sc_util_v1_0_4_srl_rtl__parameterized0_200 |          1 |          0 |       0 |    1 |     0 |      0 |      0 |    0 |          0 |
|                     gen_srls[59].srl_nx1                                                                         |                                                split_d_system_memory_interconnect_0_sc_util_v1_0_4_srl_rtl__parameterized0_201 |          1 |          0 |       0 |    1 |     0 |      0 |      0 |    0 |          0 |
|                     gen_srls[60].srl_nx1                                                                         |                                                split_d_system_memory_interconnect_0_sc_util_v1_0_4_srl_rtl__parameterized0_202 |          1 |          0 |       0 |    1 |     0 |      0 |      0 |    0 |          0 |
|                     gen_srls[61].srl_nx1                                                                         |                                                split_d_system_memory_interconnect_0_sc_util_v1_0_4_srl_rtl__parameterized0_203 |          1 |          0 |       0 |    1 |     0 |      0 |      0 |    0 |          0 |
|                     gen_srls[62].srl_nx1                                                                         |                                                split_d_system_memory_interconnect_0_sc_util_v1_0_4_srl_rtl__parameterized0_204 |          1 |          0 |       0 |    1 |     0 |      0 |      0 |    0 |          0 |
|                     gen_srls[63].srl_nx1                                                                         |                                                split_d_system_memory_interconnect_0_sc_util_v1_0_4_srl_rtl__parameterized0_205 |          1 |          0 |       0 |    1 |     0 |      0 |      0 |    0 |          0 |
|                     gen_srls[64].srl_nx1                                                                         |                                                split_d_system_memory_interconnect_0_sc_util_v1_0_4_srl_rtl__parameterized0_206 |          1 |          0 |       0 |    1 |     0 |      0 |      0 |    0 |          0 |
|                     gen_srls[65].srl_nx1                                                                         |                                                split_d_system_memory_interconnect_0_sc_util_v1_0_4_srl_rtl__parameterized0_207 |          1 |          0 |       0 |    1 |     0 |      0 |      0 |    0 |          0 |
|                     gen_srls[66].srl_nx1                                                                         |                                                split_d_system_memory_interconnect_0_sc_util_v1_0_4_srl_rtl__parameterized0_208 |          1 |          0 |       0 |    1 |     0 |      0 |      0 |    0 |          0 |
|                     gen_srls[67].srl_nx1                                                                         |                                                split_d_system_memory_interconnect_0_sc_util_v1_0_4_srl_rtl__parameterized0_209 |          1 |          0 |       0 |    1 |     0 |      0 |      0 |    0 |          0 |
|                     gen_srls[68].srl_nx1                                                                         |                                                split_d_system_memory_interconnect_0_sc_util_v1_0_4_srl_rtl__parameterized0_210 |          1 |          0 |       0 |    1 |     0 |      0 |      0 |    0 |          0 |
|                     gen_srls[69].srl_nx1                                                                         |                                                split_d_system_memory_interconnect_0_sc_util_v1_0_4_srl_rtl__parameterized0_211 |          1 |          0 |       0 |    1 |     0 |      0 |      0 |    0 |          0 |
|                     gen_srls[70].srl_nx1                                                                         |                                                split_d_system_memory_interconnect_0_sc_util_v1_0_4_srl_rtl__parameterized0_212 |          1 |          0 |       0 |    1 |     0 |      0 |      0 |    0 |          0 |
|                     gen_srls[71].srl_nx1                                                                         |                                                split_d_system_memory_interconnect_0_sc_util_v1_0_4_srl_rtl__parameterized0_213 |          1 |          0 |       0 |    1 |     0 |      0 |      0 |    0 |          0 |
|                     gen_srls[75].srl_nx1                                                                         |                                                split_d_system_memory_interconnect_0_sc_util_v1_0_4_srl_rtl__parameterized0_214 |          1 |          0 |       0 |    1 |     0 |      0 |      0 |    0 |          0 |
|                     gen_srls[76].srl_nx1                                                                         |                                                split_d_system_memory_interconnect_0_sc_util_v1_0_4_srl_rtl__parameterized0_215 |          6 |          5 |       0 |    1 |     0 |      0 |      0 |    0 |          0 |
|                     gen_srls[8].srl_nx1                                                                          |                                                split_d_system_memory_interconnect_0_sc_util_v1_0_4_srl_rtl__parameterized0_216 |          2 |          1 |       0 |    1 |     0 |      0 |      0 |    0 |          0 |
|                     gen_srls[9].srl_nx1                                                                          |                                                split_d_system_memory_interconnect_0_sc_util_v1_0_4_srl_rtl__parameterized0_217 |          1 |          0 |       0 |    1 |     0 |      0 |      0 |    0 |          0 |
|                   w_cmd_fifo                                                                                     |                                          split_d_system_memory_interconnect_0_sc_util_v1_0_4_axic_reg_srl_fifo__parameterized8 |         77 |         72 |       0 |    5 |    13 |      0 |      0 |    0 |          0 |
|                     (w_cmd_fifo)                                                                                 |                                          split_d_system_memory_interconnect_0_sc_util_v1_0_4_axic_reg_srl_fifo__parameterized8 |         64 |         64 |       0 |    0 |    13 |      0 |      0 |    0 |          0 |
|                     gen_srls[10].srl_nx1                                                                         |                                                                split_d_system_memory_interconnect_0_sc_util_v1_0_4_srl_rtl_134 |          2 |          1 |       0 |    1 |     0 |      0 |      0 |    0 |          0 |
|                     gen_srls[15].srl_nx1                                                                         |                                                                split_d_system_memory_interconnect_0_sc_util_v1_0_4_srl_rtl_139 |          3 |          2 |       0 |    1 |     0 |      0 |      0 |    0 |          0 |
|                     gen_srls[16].srl_nx1                                                                         |                                                                split_d_system_memory_interconnect_0_sc_util_v1_0_4_srl_rtl_140 |          3 |          2 |       0 |    1 |     0 |      0 |      0 |    0 |          0 |
|                     gen_srls[17].srl_nx1                                                                         |                                                                split_d_system_memory_interconnect_0_sc_util_v1_0_4_srl_rtl_141 |          4 |          3 |       0 |    1 |     0 |      0 |      0 |    0 |          0 |
|                     gen_srls[9].srl_nx1                                                                          |                                                                split_d_system_memory_interconnect_0_sc_util_v1_0_4_srl_rtl_150 |          2 |          1 |       0 |    1 |     0 |      0 |      0 |    0 |          0 |
|                   w_payld_fifo                                                                                   |                                       split_d_system_memory_interconnect_0_sc_si_converter_v1_0_14_offset_fifo__parameterized0 |        145 |         73 |       0 |   72 |   103 |      0 |      0 |    0 |          0 |
|                     (w_payld_fifo)                                                                               |                                       split_d_system_memory_interconnect_0_sc_si_converter_v1_0_14_offset_fifo__parameterized0 |         39 |         39 |       0 |    0 |    95 |      0 |      0 |    0 |          0 |
|                     cmd_fifo                                                                                     |                                          split_d_system_memory_interconnect_0_sc_util_v1_0_4_axic_reg_srl_fifo__parameterized7 |         31 |         31 |       0 |    0 |     8 |      0 |      0 |    0 |          0 |
|                       (cmd_fifo)                                                                                 |                                          split_d_system_memory_interconnect_0_sc_util_v1_0_4_axic_reg_srl_fifo__parameterized7 |         30 |         30 |       0 |    0 |     8 |      0 |      0 |    0 |          0 |
|                       gen_srls[3].srl_nx1                                                                        |                                                                split_d_system_memory_interconnect_0_sc_util_v1_0_4_srl_rtl_126 |          1 |          1 |       0 |    0 |     0 |      0 |      0 |    0 |          0 |
|                     gen_srls[100].srl_nx1                                                                        |                                                    split_d_system_memory_interconnect_0_sc_util_v1_0_4_srl_rtl__parameterized0 |          1 |          0 |       0 |    1 |     0 |      0 |      0 |    0 |          0 |
|                     gen_srls[101].srl_nx1                                                                        |                                                 split_d_system_memory_interconnect_0_sc_util_v1_0_4_srl_rtl__parameterized0_50 |          1 |          0 |       0 |    1 |     0 |      0 |      0 |    0 |          0 |
|                     gen_srls[102].srl_nx1                                                                        |                                                 split_d_system_memory_interconnect_0_sc_util_v1_0_4_srl_rtl__parameterized0_51 |          1 |          0 |       0 |    1 |     0 |      0 |      0 |    0 |          0 |
|                     gen_srls[103].srl_nx1                                                                        |                                                 split_d_system_memory_interconnect_0_sc_util_v1_0_4_srl_rtl__parameterized0_52 |          1 |          0 |       0 |    1 |     0 |      0 |      0 |    0 |          0 |
|                     gen_srls[104].srl_nx1                                                                        |                                                 split_d_system_memory_interconnect_0_sc_util_v1_0_4_srl_rtl__parameterized0_53 |          1 |          0 |       0 |    1 |     0 |      0 |      0 |    0 |          0 |
|                     gen_srls[105].srl_nx1                                                                        |                                                 split_d_system_memory_interconnect_0_sc_util_v1_0_4_srl_rtl__parameterized0_54 |          1 |          0 |       0 |    1 |     0 |      0 |      0 |    0 |          0 |
|                     gen_srls[106].srl_nx1                                                                        |                                                 split_d_system_memory_interconnect_0_sc_util_v1_0_4_srl_rtl__parameterized0_55 |          1 |          0 |       0 |    1 |     0 |      0 |      0 |    0 |          0 |
|                     gen_srls[107].srl_nx1                                                                        |                                                 split_d_system_memory_interconnect_0_sc_util_v1_0_4_srl_rtl__parameterized0_56 |          1 |          0 |       0 |    1 |     0 |      0 |      0 |    0 |          0 |
|                     gen_srls[108].srl_nx1                                                                        |                                                 split_d_system_memory_interconnect_0_sc_util_v1_0_4_srl_rtl__parameterized0_57 |          1 |          0 |       0 |    1 |     0 |      0 |      0 |    0 |          0 |
|                     gen_srls[109].srl_nx1                                                                        |                                                 split_d_system_memory_interconnect_0_sc_util_v1_0_4_srl_rtl__parameterized0_58 |          1 |          0 |       0 |    1 |     0 |      0 |      0 |    0 |          0 |
|                     gen_srls[110].srl_nx1                                                                        |                                                 split_d_system_memory_interconnect_0_sc_util_v1_0_4_srl_rtl__parameterized0_59 |          1 |          0 |       0 |    1 |     0 |      0 |      0 |    0 |          0 |
|                     gen_srls[111].srl_nx1                                                                        |                                                 split_d_system_memory_interconnect_0_sc_util_v1_0_4_srl_rtl__parameterized0_60 |          1 |          0 |       0 |    1 |     0 |      0 |      0 |    0 |          0 |
|                     gen_srls[112].srl_nx1                                                                        |                                                 split_d_system_memory_interconnect_0_sc_util_v1_0_4_srl_rtl__parameterized0_61 |          1 |          0 |       0 |    1 |     0 |      0 |      0 |    0 |          0 |
|                     gen_srls[113].srl_nx1                                                                        |                                                 split_d_system_memory_interconnect_0_sc_util_v1_0_4_srl_rtl__parameterized0_62 |          1 |          0 |       0 |    1 |     0 |      0 |      0 |    0 |          0 |
|                     gen_srls[114].srl_nx1                                                                        |                                                 split_d_system_memory_interconnect_0_sc_util_v1_0_4_srl_rtl__parameterized0_63 |          1 |          0 |       0 |    1 |     0 |      0 |      0 |    0 |          0 |
|                     gen_srls[115].srl_nx1                                                                        |                                                 split_d_system_memory_interconnect_0_sc_util_v1_0_4_srl_rtl__parameterized0_64 |          1 |          0 |       0 |    1 |     0 |      0 |      0 |    0 |          0 |
|                     gen_srls[116].srl_nx1                                                                        |                                                 split_d_system_memory_interconnect_0_sc_util_v1_0_4_srl_rtl__parameterized0_65 |          1 |          0 |       0 |    1 |     0 |      0 |      0 |    0 |          0 |
|                     gen_srls[117].srl_nx1                                                                        |                                                 split_d_system_memory_interconnect_0_sc_util_v1_0_4_srl_rtl__parameterized0_66 |          1 |          0 |       0 |    1 |     0 |      0 |      0 |    0 |          0 |
|                     gen_srls[118].srl_nx1                                                                        |                                                 split_d_system_memory_interconnect_0_sc_util_v1_0_4_srl_rtl__parameterized0_67 |          1 |          0 |       0 |    1 |     0 |      0 |      0 |    0 |          0 |
|                     gen_srls[119].srl_nx1                                                                        |                                                 split_d_system_memory_interconnect_0_sc_util_v1_0_4_srl_rtl__parameterized0_68 |          1 |          0 |       0 |    1 |     0 |      0 |      0 |    0 |          0 |
|                     gen_srls[120].srl_nx1                                                                        |                                                 split_d_system_memory_interconnect_0_sc_util_v1_0_4_srl_rtl__parameterized0_69 |          1 |          0 |       0 |    1 |     0 |      0 |      0 |    0 |          0 |
|                     gen_srls[121].srl_nx1                                                                        |                                                 split_d_system_memory_interconnect_0_sc_util_v1_0_4_srl_rtl__parameterized0_70 |          1 |          0 |       0 |    1 |     0 |      0 |      0 |    0 |          0 |
|                     gen_srls[122].srl_nx1                                                                        |                                                 split_d_system_memory_interconnect_0_sc_util_v1_0_4_srl_rtl__parameterized0_71 |          1 |          0 |       0 |    1 |     0 |      0 |      0 |    0 |          0 |
|                     gen_srls[123].srl_nx1                                                                        |                                                 split_d_system_memory_interconnect_0_sc_util_v1_0_4_srl_rtl__parameterized0_72 |          1 |          0 |       0 |    1 |     0 |      0 |      0 |    0 |          0 |
|                     gen_srls[124].srl_nx1                                                                        |                                                 split_d_system_memory_interconnect_0_sc_util_v1_0_4_srl_rtl__parameterized0_73 |          1 |          0 |       0 |    1 |     0 |      0 |      0 |    0 |          0 |
|                     gen_srls[125].srl_nx1                                                                        |                                                 split_d_system_memory_interconnect_0_sc_util_v1_0_4_srl_rtl__parameterized0_74 |          1 |          0 |       0 |    1 |     0 |      0 |      0 |    0 |          0 |
|                     gen_srls[126].srl_nx1                                                                        |                                                 split_d_system_memory_interconnect_0_sc_util_v1_0_4_srl_rtl__parameterized0_75 |          1 |          0 |       0 |    1 |     0 |      0 |      0 |    0 |          0 |
|                     gen_srls[127].srl_nx1                                                                        |                                                 split_d_system_memory_interconnect_0_sc_util_v1_0_4_srl_rtl__parameterized0_76 |          1 |          0 |       0 |    1 |     0 |      0 |      0 |    0 |          0 |
|                     gen_srls[128].srl_nx1                                                                        |                                                 split_d_system_memory_interconnect_0_sc_util_v1_0_4_srl_rtl__parameterized0_77 |          1 |          0 |       0 |    1 |     0 |      0 |      0 |    0 |          0 |
|                     gen_srls[129].srl_nx1                                                                        |                                                 split_d_system_memory_interconnect_0_sc_util_v1_0_4_srl_rtl__parameterized0_78 |          1 |          0 |       0 |    1 |     0 |      0 |      0 |    0 |          0 |
|                     gen_srls[130].srl_nx1                                                                        |                                                 split_d_system_memory_interconnect_0_sc_util_v1_0_4_srl_rtl__parameterized0_79 |          1 |          0 |       0 |    1 |     0 |      0 |      0 |    0 |          0 |
|                     gen_srls[131].srl_nx1                                                                        |                                                 split_d_system_memory_interconnect_0_sc_util_v1_0_4_srl_rtl__parameterized0_80 |          1 |          0 |       0 |    1 |     0 |      0 |      0 |    0 |          0 |
|                     gen_srls[132].srl_nx1                                                                        |                                                 split_d_system_memory_interconnect_0_sc_util_v1_0_4_srl_rtl__parameterized0_81 |          1 |          0 |       0 |    1 |     0 |      0 |      0 |    0 |          0 |
|                     gen_srls[133].srl_nx1                                                                        |                                                 split_d_system_memory_interconnect_0_sc_util_v1_0_4_srl_rtl__parameterized0_82 |          1 |          0 |       0 |    1 |     0 |      0 |      0 |    0 |          0 |
|                     gen_srls[134].srl_nx1                                                                        |                                                 split_d_system_memory_interconnect_0_sc_util_v1_0_4_srl_rtl__parameterized0_83 |          1 |          0 |       0 |    1 |     0 |      0 |      0 |    0 |          0 |
|                     gen_srls[135].srl_nx1                                                                        |                                                 split_d_system_memory_interconnect_0_sc_util_v1_0_4_srl_rtl__parameterized0_84 |          1 |          0 |       0 |    1 |     0 |      0 |      0 |    0 |          0 |
|                     gen_srls[136].srl_nx1                                                                        |                                                 split_d_system_memory_interconnect_0_sc_util_v1_0_4_srl_rtl__parameterized0_85 |          1 |          0 |       0 |    1 |     0 |      0 |      0 |    0 |          0 |
|                     gen_srls[137].srl_nx1                                                                        |                                                 split_d_system_memory_interconnect_0_sc_util_v1_0_4_srl_rtl__parameterized0_86 |          1 |          0 |       0 |    1 |     0 |      0 |      0 |    0 |          0 |
|                     gen_srls[138].srl_nx1                                                                        |                                                 split_d_system_memory_interconnect_0_sc_util_v1_0_4_srl_rtl__parameterized0_87 |          1 |          0 |       0 |    1 |     0 |      0 |      0 |    0 |          0 |
|                     gen_srls[139].srl_nx1                                                                        |                                                 split_d_system_memory_interconnect_0_sc_util_v1_0_4_srl_rtl__parameterized0_88 |          1 |          0 |       0 |    1 |     0 |      0 |      0 |    0 |          0 |
|                     gen_srls[140].srl_nx1                                                                        |                                                 split_d_system_memory_interconnect_0_sc_util_v1_0_4_srl_rtl__parameterized0_89 |          1 |          0 |       0 |    1 |     0 |      0 |      0 |    0 |          0 |
|                     gen_srls[141].srl_nx1                                                                        |                                                 split_d_system_memory_interconnect_0_sc_util_v1_0_4_srl_rtl__parameterized0_90 |          1 |          0 |       0 |    1 |     0 |      0 |      0 |    0 |          0 |
|                     gen_srls[142].srl_nx1                                                                        |                                                 split_d_system_memory_interconnect_0_sc_util_v1_0_4_srl_rtl__parameterized0_91 |          1 |          0 |       0 |    1 |     0 |      0 |      0 |    0 |          0 |
|                     gen_srls[143].srl_nx1                                                                        |                                                 split_d_system_memory_interconnect_0_sc_util_v1_0_4_srl_rtl__parameterized0_92 |          6 |          5 |       0 |    1 |     0 |      0 |      0 |    0 |          0 |
|                     gen_srls[72].srl_nx1                                                                         |                                                 split_d_system_memory_interconnect_0_sc_util_v1_0_4_srl_rtl__parameterized0_93 |          2 |          1 |       0 |    1 |     0 |      0 |      0 |    0 |          0 |
|                     gen_srls[73].srl_nx1                                                                         |                                                 split_d_system_memory_interconnect_0_sc_util_v1_0_4_srl_rtl__parameterized0_94 |          1 |          0 |       0 |    1 |     0 |      0 |      0 |    0 |          0 |
|                     gen_srls[74].srl_nx1                                                                         |                                                 split_d_system_memory_interconnect_0_sc_util_v1_0_4_srl_rtl__parameterized0_95 |          1 |          0 |       0 |    1 |     0 |      0 |      0 |    0 |          0 |
|                     gen_srls[75].srl_nx1                                                                         |                                                 split_d_system_memory_interconnect_0_sc_util_v1_0_4_srl_rtl__parameterized0_96 |          1 |          0 |       0 |    1 |     0 |      0 |      0 |    0 |          0 |
|                     gen_srls[76].srl_nx1                                                                         |                                                 split_d_system_memory_interconnect_0_sc_util_v1_0_4_srl_rtl__parameterized0_97 |          1 |          0 |       0 |    1 |     0 |      0 |      0 |    0 |          0 |
|                     gen_srls[77].srl_nx1                                                                         |                                                 split_d_system_memory_interconnect_0_sc_util_v1_0_4_srl_rtl__parameterized0_98 |          1 |          0 |       0 |    1 |     0 |      0 |      0 |    0 |          0 |
|                     gen_srls[78].srl_nx1                                                                         |                                                 split_d_system_memory_interconnect_0_sc_util_v1_0_4_srl_rtl__parameterized0_99 |          1 |          0 |       0 |    1 |     0 |      0 |      0 |    0 |          0 |
|                     gen_srls[79].srl_nx1                                                                         |                                                split_d_system_memory_interconnect_0_sc_util_v1_0_4_srl_rtl__parameterized0_100 |          1 |          0 |       0 |    1 |     0 |      0 |      0 |    0 |          0 |
|                     gen_srls[80].srl_nx1                                                                         |                                                split_d_system_memory_interconnect_0_sc_util_v1_0_4_srl_rtl__parameterized0_101 |          1 |          0 |       0 |    1 |     0 |      0 |      0 |    0 |          0 |
|                     gen_srls[81].srl_nx1                                                                         |                                                split_d_system_memory_interconnect_0_sc_util_v1_0_4_srl_rtl__parameterized0_102 |          1 |          0 |       0 |    1 |     0 |      0 |      0 |    0 |          0 |
|                     gen_srls[82].srl_nx1                                                                         |                                                split_d_system_memory_interconnect_0_sc_util_v1_0_4_srl_rtl__parameterized0_103 |          1 |          0 |       0 |    1 |     0 |      0 |      0 |    0 |          0 |
|                     gen_srls[83].srl_nx1                                                                         |                                                split_d_system_memory_interconnect_0_sc_util_v1_0_4_srl_rtl__parameterized0_104 |          1 |          0 |       0 |    1 |     0 |      0 |      0 |    0 |          0 |
|                     gen_srls[84].srl_nx1                                                                         |                                                split_d_system_memory_interconnect_0_sc_util_v1_0_4_srl_rtl__parameterized0_105 |          1 |          0 |       0 |    1 |     0 |      0 |      0 |    0 |          0 |
|                     gen_srls[85].srl_nx1                                                                         |                                                split_d_system_memory_interconnect_0_sc_util_v1_0_4_srl_rtl__parameterized0_106 |          1 |          0 |       0 |    1 |     0 |      0 |      0 |    0 |          0 |
|                     gen_srls[86].srl_nx1                                                                         |                                                split_d_system_memory_interconnect_0_sc_util_v1_0_4_srl_rtl__parameterized0_107 |          1 |          0 |       0 |    1 |     0 |      0 |      0 |    0 |          0 |
|                     gen_srls[87].srl_nx1                                                                         |                                                split_d_system_memory_interconnect_0_sc_util_v1_0_4_srl_rtl__parameterized0_108 |          1 |          0 |       0 |    1 |     0 |      0 |      0 |    0 |          0 |
|                     gen_srls[88].srl_nx1                                                                         |                                                split_d_system_memory_interconnect_0_sc_util_v1_0_4_srl_rtl__parameterized0_109 |          1 |          0 |       0 |    1 |     0 |      0 |      0 |    0 |          0 |
|                     gen_srls[89].srl_nx1                                                                         |                                                split_d_system_memory_interconnect_0_sc_util_v1_0_4_srl_rtl__parameterized0_110 |          1 |          0 |       0 |    1 |     0 |      0 |      0 |    0 |          0 |
|                     gen_srls[90].srl_nx1                                                                         |                                                split_d_system_memory_interconnect_0_sc_util_v1_0_4_srl_rtl__parameterized0_111 |          1 |          0 |       0 |    1 |     0 |      0 |      0 |    0 |          0 |
|                     gen_srls[91].srl_nx1                                                                         |                                                split_d_system_memory_interconnect_0_sc_util_v1_0_4_srl_rtl__parameterized0_112 |          1 |          0 |       0 |    1 |     0 |      0 |      0 |    0 |          0 |
|                     gen_srls[92].srl_nx1                                                                         |                                                split_d_system_memory_interconnect_0_sc_util_v1_0_4_srl_rtl__parameterized0_113 |          1 |          0 |       0 |    1 |     0 |      0 |      0 |    0 |          0 |
|                     gen_srls[93].srl_nx1                                                                         |                                                split_d_system_memory_interconnect_0_sc_util_v1_0_4_srl_rtl__parameterized0_114 |          1 |          0 |       0 |    1 |     0 |      0 |      0 |    0 |          0 |
|                     gen_srls[94].srl_nx1                                                                         |                                                split_d_system_memory_interconnect_0_sc_util_v1_0_4_srl_rtl__parameterized0_115 |          1 |          0 |       0 |    1 |     0 |      0 |      0 |    0 |          0 |
|                     gen_srls[95].srl_nx1                                                                         |                                                split_d_system_memory_interconnect_0_sc_util_v1_0_4_srl_rtl__parameterized0_116 |          1 |          0 |       0 |    1 |     0 |      0 |      0 |    0 |          0 |
|                     gen_srls[96].srl_nx1                                                                         |                                                split_d_system_memory_interconnect_0_sc_util_v1_0_4_srl_rtl__parameterized0_117 |          1 |          0 |       0 |    1 |     0 |      0 |      0 |    0 |          0 |
|                     gen_srls[97].srl_nx1                                                                         |                                                split_d_system_memory_interconnect_0_sc_util_v1_0_4_srl_rtl__parameterized0_118 |          1 |          0 |       0 |    1 |     0 |      0 |      0 |    0 |          0 |
|                     gen_srls[98].srl_nx1                                                                         |                                                split_d_system_memory_interconnect_0_sc_util_v1_0_4_srl_rtl__parameterized0_119 |          1 |          0 |       0 |    1 |     0 |      0 |      0 |    0 |          0 |
|                     gen_srls[99].srl_nx1                                                                         |                                                split_d_system_memory_interconnect_0_sc_util_v1_0_4_srl_rtl__parameterized0_120 |          1 |          0 |       0 |    1 |     0 |      0 |      0 |    0 |          0 |
|                 gen_normal.splitter_inst                                                                         |                                          split_d_system_memory_interconnect_0_sc_si_converter_v1_0_14_splitter__parameterized0 |         49 |         35 |       0 |   14 |    23 |      0 |      0 |    0 |          0 |
|                   (gen_normal.splitter_inst)                                                                     |                                          split_d_system_memory_interconnect_0_sc_si_converter_v1_0_14_splitter__parameterized0 |          0 |          0 |       0 |    0 |     1 |      0 |      0 |    0 |          0 |
|                   gen_no_wsplitter.gen_endpoint_woffset.gen_wbypass_offset_fifo.wbypass_offset_fifo              |                                          split_d_system_memory_interconnect_0_sc_util_v1_0_4_axic_reg_srl_fifo__parameterized5 |         49 |         35 |       0 |   14 |    22 |      0 |      0 |    0 |          0 |
|                     (gen_no_wsplitter.gen_endpoint_woffset.gen_wbypass_offset_fifo.wbypass_offset_fifo)          |                                          split_d_system_memory_interconnect_0_sc_util_v1_0_4_axic_reg_srl_fifo__parameterized5 |         21 |         21 |       0 |    0 |    22 |      0 |      0 |    0 |          0 |
|                     gen_srls[0].srl_nx1                                                                          |                                                                    split_d_system_memory_interconnect_0_sc_util_v1_0_4_srl_rtl |          2 |          1 |       0 |    1 |     0 |      0 |      0 |    0 |          0 |
|                     gen_srls[10].srl_nx1                                                                         |                                                                 split_d_system_memory_interconnect_0_sc_util_v1_0_4_srl_rtl_36 |          2 |          1 |       0 |    1 |     0 |      0 |      0 |    0 |          0 |
|                     gen_srls[11].srl_nx1                                                                         |                                                                 split_d_system_memory_interconnect_0_sc_util_v1_0_4_srl_rtl_37 |          2 |          1 |       0 |    1 |     0 |      0 |      0 |    0 |          0 |
|                     gen_srls[12].srl_nx1                                                                         |                                                                 split_d_system_memory_interconnect_0_sc_util_v1_0_4_srl_rtl_38 |          2 |          1 |       0 |    1 |     0 |      0 |      0 |    0 |          0 |
|                     gen_srls[13].srl_nx1                                                                         |                                                                 split_d_system_memory_interconnect_0_sc_util_v1_0_4_srl_rtl_39 |          3 |          2 |       0 |    1 |     0 |      0 |      0 |    0 |          0 |
|                     gen_srls[1].srl_nx1                                                                          |                                                                 split_d_system_memory_interconnect_0_sc_util_v1_0_4_srl_rtl_40 |          2 |          1 |       0 |    1 |     0 |      0 |      0 |    0 |          0 |
|                     gen_srls[2].srl_nx1                                                                          |                                                                 split_d_system_memory_interconnect_0_sc_util_v1_0_4_srl_rtl_41 |          2 |          1 |       0 |    1 |     0 |      0 |      0 |    0 |          0 |
|                     gen_srls[3].srl_nx1                                                                          |                                                                 split_d_system_memory_interconnect_0_sc_util_v1_0_4_srl_rtl_42 |          2 |          1 |       0 |    1 |     0 |      0 |      0 |    0 |          0 |
|                     gen_srls[4].srl_nx1                                                                          |                                                                 split_d_system_memory_interconnect_0_sc_util_v1_0_4_srl_rtl_43 |          2 |          1 |       0 |    1 |     0 |      0 |      0 |    0 |          0 |
|                     gen_srls[5].srl_nx1                                                                          |                                                                 split_d_system_memory_interconnect_0_sc_util_v1_0_4_srl_rtl_44 |          2 |          1 |       0 |    1 |     0 |      0 |      0 |    0 |          0 |
|                     gen_srls[6].srl_nx1                                                                          |                                                                 split_d_system_memory_interconnect_0_sc_util_v1_0_4_srl_rtl_45 |          2 |          1 |       0 |    1 |     0 |      0 |      0 |    0 |          0 |
|                     gen_srls[7].srl_nx1                                                                          |                                                                 split_d_system_memory_interconnect_0_sc_util_v1_0_4_srl_rtl_46 |          2 |          1 |       0 |    1 |     0 |      0 |      0 |    0 |          0 |
|                     gen_srls[8].srl_nx1                                                                          |                                                                 split_d_system_memory_interconnect_0_sc_util_v1_0_4_srl_rtl_47 |          2 |          1 |       0 |    1 |     0 |      0 |      0 |    0 |          0 |
|                     gen_srls[9].srl_nx1                                                                          |                                                                 split_d_system_memory_interconnect_0_sc_util_v1_0_4_srl_rtl_48 |          2 |          1 |       0 |    1 |     0 |      0 |      0 |    0 |          0 |
|                 xpm_cdc_async_rst_inst                                                                           |                                                                     split_d_system_memory_interconnect_0_xpm_cdc_async_rst__29 |          0 |          0 |       0 |    0 |     3 |      0 |      0 |    0 |          0 |
|             s04_transaction_regulator                                                                            |                                                                           split_d_system_memory_interconnect_0_bd_4794_s04tr_0 |          0 |          0 |       0 |    0 |     0 |      0 |      0 |    0 |          0 |
|               inst                                                                                               |                                      split_d_system_memory_interconnect_0_sc_transaction_regulator_v1_0_11_top__parameterized3 |          0 |          0 |       0 |    0 |     0 |      0 |      0 |    0 |          0 |
|           s04_nodes                                                                                              |                                                                      split_d_system_memory_interconnect_0_s04_nodes_imp_CMEOGF |        886 |        438 |     448 |    0 |  1322 |      0 |      0 |    0 |          0 |
|             s04_ar_node                                                                                          |                                                                            split_d_system_memory_interconnect_0_bd_4794_sarn_3 |        117 |         69 |      48 |    0 |   136 |      0 |      0 |    0 |          0 |
|               inst                                                                                               |                                                       split_d_system_memory_interconnect_0_sc_node_v1_0_17_top__parameterized9 |        117 |         69 |      48 |    0 |   136 |      0 |      0 |    0 |          0 |
|                 (inst)                                                                                           |                                                       split_d_system_memory_interconnect_0_sc_node_v1_0_17_top__parameterized9 |          3 |          3 |       0 |    0 |     1 |      0 |      0 |    0 |          0 |
|                 inst_mi_handler                                                                                  |                                                split_d_system_memory_interconnect_0_sc_node_v1_0_17_mi_handler__parameterized4 |        114 |         66 |      48 |    0 |   131 |      0 |      0 |    0 |          0 |
|                   (inst_mi_handler)                                                                              |                                                split_d_system_memory_interconnect_0_sc_node_v1_0_17_mi_handler__parameterized4 |          0 |          0 |       0 |    0 |     2 |      0 |      0 |    0 |          0 |
|                   gen_normal_area.gen_fifo_req.inst_fifo_req                                                     |                                           split_d_system_memory_interconnect_0_sc_node_v1_0_17_fifo__parameterized5__xdcDup__5 |         25 |         25 |       0 |    0 |    20 |      0 |      0 |    0 |          0 |
|                     gen_xpm_memory_fifo.inst_fifo                                                                |                                 split_d_system_memory_interconnect_0_sc_util_v1_0_4_xpm_memory_fifo__parameterized5__xdcDup__5 |         25 |         25 |       0 |    0 |    20 |      0 |      0 |    0 |          0 |
|                       (gen_xpm_memory_fifo.inst_fifo)                                                            |                                 split_d_system_memory_interconnect_0_sc_util_v1_0_4_xpm_memory_fifo__parameterized5__xdcDup__5 |          4 |          4 |       0 |    0 |     2 |      0 |      0 |    0 |          0 |
|                       gen_mem_rep[0].inst_rd_addrb                                                               |                                                 split_d_system_memory_interconnect_0_sc_util_v1_0_4_counter__parameterized0_33 |          6 |          6 |       0 |    0 |     6 |      0 |      0 |    0 |          0 |
|                       gen_mem_rep[0].inst_wr_addra                                                               |                                                 split_d_system_memory_interconnect_0_sc_util_v1_0_4_counter__parameterized0_34 |          5 |          5 |       0 |    0 |     6 |      0 |      0 |    0 |          0 |
|                       gen_wr.inst_wr_addra_p1                                                                    |                                                 split_d_system_memory_interconnect_0_sc_util_v1_0_4_counter__parameterized1_35 |         12 |         12 |       0 |    0 |     6 |      0 |      0 |    0 |          0 |
|                   gen_normal_area.inst_fifo_node_payld                                                           |                                           split_d_system_memory_interconnect_0_sc_node_v1_0_17_fifo__parameterized6__xdcDup__5 |         84 |         36 |      48 |    0 |   105 |      0 |      0 |    0 |          0 |
|                     gen_xpm_memory_fifo.inst_fifo                                                                |                                 split_d_system_memory_interconnect_0_sc_util_v1_0_4_xpm_memory_fifo__parameterized6__xdcDup__5 |         84 |         36 |      48 |    0 |   105 |      0 |      0 |    0 |          0 |
|                       (gen_xpm_memory_fifo.inst_fifo)                                                            |                                 split_d_system_memory_interconnect_0_sc_util_v1_0_4_xpm_memory_fifo__parameterized6__xdcDup__5 |          5 |          5 |       0 |    0 |     4 |      0 |      0 |    0 |          0 |
|                       gen_mem_rep[0].inst_rd_addrb                                                               |                                                 split_d_system_memory_interconnect_0_sc_util_v1_0_4_counter__parameterized0_30 |          6 |          6 |       0 |    0 |     6 |      0 |      0 |    0 |          0 |
|                       gen_mem_rep[0].inst_wr_addra                                                               |                                                 split_d_system_memory_interconnect_0_sc_util_v1_0_4_counter__parameterized0_31 |          5 |          5 |       0 |    0 |     6 |      0 |      0 |    0 |          0 |
|                       gen_mem_rep[0].inst_xpm_memory                                                             |                                                      split_d_system_memory_interconnect_0_xpm_memory_sdpram__parameterized7__8 |         48 |          0 |      48 |    0 |    83 |      0 |      0 |    0 |          0 |
|                         xpm_memory_base_inst                                                                     |                                                        split_d_system_memory_interconnect_0_xpm_memory_base__parameterized7__8 |         48 |          0 |      48 |    0 |    83 |      0 |      0 |    0 |          0 |
|                       gen_wr.inst_wr_addra_p1                                                                    |                                                 split_d_system_memory_interconnect_0_sc_util_v1_0_4_counter__parameterized1_32 |         20 |         20 |       0 |    0 |     6 |      0 |      0 |    0 |          0 |
|                   gen_normal_area.inst_fifo_send                                                                 |                                             split_d_system_memory_interconnect_0_sc_node_v1_0_17_reg_slice3__parameterized1_29 |          5 |          5 |       0 |    0 |     4 |      0 |      0 |    0 |          0 |
|                 inst_si_handler                                                                                  |                                                split_d_system_memory_interconnect_0_sc_node_v1_0_17_si_handler__parameterized4 |          1 |          1 |       0 |    0 |     1 |      0 |      0 |    0 |          0 |
|                 s_sc_xpm_cdc_async_rst_inst                                                                      |                                                                     split_d_system_memory_interconnect_0_xpm_cdc_async_rst__39 |          0 |          0 |       0 |    0 |     3 |      0 |      0 |    0 |          0 |
|             s04_aw_node                                                                                          |                                                                            split_d_system_memory_interconnect_0_bd_4794_sawn_1 |        117 |         69 |      48 |    0 |   136 |      0 |      0 |    0 |          0 |
|               inst                                                                                               |                                                      split_d_system_memory_interconnect_0_sc_node_v1_0_17_top__parameterized10 |        117 |         69 |      48 |    0 |   136 |      0 |      0 |    0 |          0 |
|                 (inst)                                                                                           |                                                      split_d_system_memory_interconnect_0_sc_node_v1_0_17_top__parameterized10 |          3 |          3 |       0 |    0 |     1 |      0 |      0 |    0 |          0 |
|                 inst_mi_handler                                                                                  |                                                split_d_system_memory_interconnect_0_sc_node_v1_0_17_mi_handler__parameterized6 |        115 |         67 |      48 |    0 |   131 |      0 |      0 |    0 |          0 |
|                   (inst_mi_handler)                                                                              |                                                split_d_system_memory_interconnect_0_sc_node_v1_0_17_mi_handler__parameterized6 |          0 |          0 |       0 |    0 |     2 |      0 |      0 |    0 |          0 |
|                   gen_normal_area.gen_fifo_req.inst_fifo_req                                                     |                                                      split_d_system_memory_interconnect_0_sc_node_v1_0_17_fifo__parameterized5 |         26 |         26 |       0 |    0 |    20 |      0 |      0 |    0 |          0 |
|                     gen_xpm_memory_fifo.inst_fifo                                                                |                                            split_d_system_memory_interconnect_0_sc_util_v1_0_4_xpm_memory_fifo__parameterized5 |         26 |         26 |       0 |    0 |    20 |      0 |      0 |    0 |          0 |
|                       (gen_xpm_memory_fifo.inst_fifo)                                                            |                                            split_d_system_memory_interconnect_0_sc_util_v1_0_4_xpm_memory_fifo__parameterized5 |          4 |          4 |       0 |    0 |     2 |      0 |      0 |    0 |          0 |
|                       gen_mem_rep[0].inst_rd_addrb                                                               |                                                 split_d_system_memory_interconnect_0_sc_util_v1_0_4_counter__parameterized0_26 |          6 |          6 |       0 |    0 |     6 |      0 |      0 |    0 |          0 |
|                       gen_mem_rep[0].inst_wr_addra                                                               |                                                 split_d_system_memory_interconnect_0_sc_util_v1_0_4_counter__parameterized0_27 |          5 |          5 |       0 |    0 |     6 |      0 |      0 |    0 |          0 |
|                       gen_wr.inst_wr_addra_p1                                                                    |                                                 split_d_system_memory_interconnect_0_sc_util_v1_0_4_counter__parameterized1_28 |         12 |         12 |       0 |    0 |     6 |      0 |      0 |    0 |          0 |
|                   gen_normal_area.inst_fifo_node_payld                                                           |                                                      split_d_system_memory_interconnect_0_sc_node_v1_0_17_fifo__parameterized6 |         85 |         37 |      48 |    0 |   105 |      0 |      0 |    0 |          0 |
|                     gen_xpm_memory_fifo.inst_fifo                                                                |                                            split_d_system_memory_interconnect_0_sc_util_v1_0_4_xpm_memory_fifo__parameterized6 |         85 |         37 |      48 |    0 |   105 |      0 |      0 |    0 |          0 |
|                       (gen_xpm_memory_fifo.inst_fifo)                                                            |                                            split_d_system_memory_interconnect_0_sc_util_v1_0_4_xpm_memory_fifo__parameterized6 |          5 |          5 |       0 |    0 |     4 |      0 |      0 |    0 |          0 |
|                       gen_mem_rep[0].inst_rd_addrb                                                               |                                                 split_d_system_memory_interconnect_0_sc_util_v1_0_4_counter__parameterized0_23 |          6 |          6 |       0 |    0 |     6 |      0 |      0 |    0 |          0 |
|                       gen_mem_rep[0].inst_wr_addra                                                               |                                                 split_d_system_memory_interconnect_0_sc_util_v1_0_4_counter__parameterized0_24 |          5 |          5 |       0 |    0 |     6 |      0 |      0 |    0 |          0 |
|                       gen_mem_rep[0].inst_xpm_memory                                                             |                                                      split_d_system_memory_interconnect_0_xpm_memory_sdpram__parameterized7__7 |         48 |          0 |      48 |    0 |    83 |      0 |      0 |    0 |          0 |
|                         xpm_memory_base_inst                                                                     |                                                        split_d_system_memory_interconnect_0_xpm_memory_base__parameterized7__7 |         48 |          0 |      48 |    0 |    83 |      0 |      0 |    0 |          0 |
|                       gen_wr.inst_wr_addra_p1                                                                    |                                                 split_d_system_memory_interconnect_0_sc_util_v1_0_4_counter__parameterized1_25 |         21 |         21 |       0 |    0 |     6 |      0 |      0 |    0 |          0 |
|                   gen_normal_area.inst_fifo_send                                                                 |                                             split_d_system_memory_interconnect_0_sc_node_v1_0_17_reg_slice3__parameterized1_22 |          5 |          5 |       0 |    0 |     4 |      0 |      0 |    0 |          0 |
|                 inst_si_handler                                                                                  |                                                split_d_system_memory_interconnect_0_sc_node_v1_0_17_si_handler__parameterized5 |          1 |          1 |       0 |    0 |     1 |      0 |      0 |    0 |          0 |
|                 s_sc_xpm_cdc_async_rst_inst                                                                      |                                                                     split_d_system_memory_interconnect_0_xpm_cdc_async_rst__37 |          0 |          0 |       0 |    0 |     3 |      0 |      0 |    0 |          0 |
|             s04_b_node                                                                                           |                                                                             split_d_system_memory_interconnect_0_bd_4794_sbn_1 |         71 |         63 |       8 |    0 |    52 |      0 |      0 |    0 |          0 |
|               inst                                                                                               |                                                      split_d_system_memory_interconnect_0_sc_node_v1_0_17_top__parameterized11 |         71 |         63 |       8 |    0 |    52 |      0 |      0 |    0 |          0 |
|                 (inst)                                                                                           |                                                      split_d_system_memory_interconnect_0_sc_node_v1_0_17_top__parameterized11 |          3 |          3 |       0 |    0 |     1 |      0 |      0 |    0 |          0 |
|                 inst_mi_handler                                                                                  |                                                split_d_system_memory_interconnect_0_sc_node_v1_0_17_mi_handler__parameterized7 |         67 |         59 |       8 |    0 |    47 |      0 |      0 |    0 |          0 |
|                   (inst_mi_handler)                                                                              |                                                split_d_system_memory_interconnect_0_sc_node_v1_0_17_mi_handler__parameterized7 |          0 |          0 |       0 |    0 |     2 |      0 |      0 |    0 |          0 |
|                   gen_normal_area.gen_node_prog_full.inst_node_prog_full                                         |                                           split_d_system_memory_interconnect_0_sc_node_v1_0_17_fifo__parameterized7__xdcDup__5 |         35 |         35 |       0 |    0 |    21 |      0 |      0 |    0 |          0 |
|                     gen_xpm_memory_fifo.inst_fifo                                                                |                                 split_d_system_memory_interconnect_0_sc_util_v1_0_4_xpm_memory_fifo__parameterized7__xdcDup__5 |         35 |         35 |       0 |    0 |    21 |      0 |      0 |    0 |          0 |
|                       (gen_xpm_memory_fifo.inst_fifo)                                                            |                                 split_d_system_memory_interconnect_0_sc_util_v1_0_4_xpm_memory_fifo__parameterized7__xdcDup__5 |          5 |          5 |       0 |    0 |     3 |      0 |      0 |    0 |          0 |
|                       gen_mem_rep[0].inst_rd_addrb                                                               |                                                 split_d_system_memory_interconnect_0_sc_util_v1_0_4_counter__parameterized0_19 |          6 |          6 |       0 |    0 |     6 |      0 |      0 |    0 |          0 |
|                       gen_mem_rep[0].inst_wr_addra                                                               |                                                 split_d_system_memory_interconnect_0_sc_util_v1_0_4_counter__parameterized0_20 |          5 |          5 |       0 |    0 |     6 |      0 |      0 |    0 |          0 |
|                       gen_wr.inst_wr_addra_p1                                                                    |                                                 split_d_system_memory_interconnect_0_sc_util_v1_0_4_counter__parameterized1_21 |         19 |         19 |       0 |    0 |     6 |      0 |      0 |    0 |          0 |
|                   gen_normal_area.inst_fifo_node_payld                                                           |                                                      split_d_system_memory_interconnect_0_sc_node_v1_0_17_fifo__parameterized9 |         33 |         25 |       8 |    0 |    23 |      0 |      0 |    0 |          0 |
|                     gen_xpm_memory_fifo.inst_fifo                                                                |                                            split_d_system_memory_interconnect_0_sc_util_v1_0_4_xpm_memory_fifo__parameterized9 |         33 |         25 |       8 |    0 |    23 |      0 |      0 |    0 |          0 |
|                       (gen_xpm_memory_fifo.inst_fifo)                                                            |                                            split_d_system_memory_interconnect_0_sc_util_v1_0_4_xpm_memory_fifo__parameterized9 |          4 |          4 |       0 |    0 |     3 |      0 |      0 |    0 |          0 |
|                       gen_mem_rep[0].inst_rd_addrb                                                               |                                                 split_d_system_memory_interconnect_0_sc_util_v1_0_4_counter__parameterized0_16 |          6 |          6 |       0 |    0 |     6 |      0 |      0 |    0 |          0 |
|                       gen_mem_rep[0].inst_wr_addra                                                               |                                                 split_d_system_memory_interconnect_0_sc_util_v1_0_4_counter__parameterized0_17 |          4 |          4 |       0 |    0 |     6 |      0 |      0 |    0 |          0 |
|                       gen_mem_rep[0].inst_xpm_memory                                                             |                                                        split_d_system_memory_interconnect_0_xpm_memory_sdpram__parameterized10 |          8 |          0 |       8 |    0 |     2 |      0 |      0 |    0 |          0 |
|                         xpm_memory_base_inst                                                                     |                                                          split_d_system_memory_interconnect_0_xpm_memory_base__parameterized10 |          8 |          0 |       8 |    0 |     2 |      0 |      0 |    0 |          0 |
|                       gen_wr.inst_wr_addra_p1                                                                    |                                                 split_d_system_memory_interconnect_0_sc_util_v1_0_4_counter__parameterized1_18 |         12 |         12 |       0 |    0 |     6 |      0 |      0 |    0 |          0 |
|                   inst_ingress                                                                                   |                                                   split_d_system_memory_interconnect_0_sc_node_v1_0_17_ingress__parameterized7 |          0 |          0 |       0 |    0 |     1 |      0 |      0 |    0 |          0 |
|                     inst_pipeline_valid                                                                          |                                                split_d_system_memory_interconnect_0_sc_util_v1_0_4_pipeline__parameterized3_15 |          0 |          0 |       0 |    0 |     1 |      0 |      0 |    0 |          0 |
|                 inst_si_handler                                                                                  |                                                split_d_system_memory_interconnect_0_sc_node_v1_0_17_si_handler__parameterized1 |          1 |          1 |       0 |    0 |     1 |      0 |      0 |    0 |          0 |
|                 s_sc_xpm_cdc_async_rst_inst                                                                      |                                                                     split_d_system_memory_interconnect_0_xpm_cdc_async_rst__35 |          0 |          0 |       0 |    0 |     3 |      0 |      0 |    0 |          0 |
|             s04_r_node                                                                                           |                                                                             split_d_system_memory_interconnect_0_bd_4794_srn_3 |        298 |        138 |     160 |    0 |   327 |      0 |      0 |    0 |          0 |
|               inst                                                                                               |                                                      split_d_system_memory_interconnect_0_sc_node_v1_0_17_top__parameterized12 |        298 |        138 |     160 |    0 |   327 |      0 |      0 |    0 |          0 |
|                 (inst)                                                                                           |                                                      split_d_system_memory_interconnect_0_sc_node_v1_0_17_top__parameterized12 |          3 |          3 |       0 |    0 |     1 |      0 |      0 |    0 |          0 |
|                 inst_mi_handler                                                                                  |                                                split_d_system_memory_interconnect_0_sc_node_v1_0_17_mi_handler__parameterized5 |        295 |        135 |     160 |    0 |   322 |      0 |      0 |    0 |          0 |
|                   (inst_mi_handler)                                                                              |                                                split_d_system_memory_interconnect_0_sc_node_v1_0_17_mi_handler__parameterized5 |          0 |          0 |       0 |    0 |     2 |      0 |      0 |    0 |          0 |
|                   gen_normal_area.gen_downsizer.inst_downsizer                                                   |                                                                 split_d_system_memory_interconnect_0_sc_node_v1_0_17_downsizer |          2 |          2 |       0 |    0 |     5 |      0 |      0 |    0 |          0 |
|                   gen_normal_area.gen_node_prog_full.inst_node_prog_full                                         |                                                      split_d_system_memory_interconnect_0_sc_node_v1_0_17_fifo__parameterized7 |         34 |         34 |       0 |    0 |    21 |      0 |      0 |    0 |          0 |
|                     gen_xpm_memory_fifo.inst_fifo                                                                |                                            split_d_system_memory_interconnect_0_sc_util_v1_0_4_xpm_memory_fifo__parameterized7 |         34 |         34 |       0 |    0 |    21 |      0 |      0 |    0 |          0 |
|                       (gen_xpm_memory_fifo.inst_fifo)                                                            |                                            split_d_system_memory_interconnect_0_sc_util_v1_0_4_xpm_memory_fifo__parameterized7 |          5 |          5 |       0 |    0 |     3 |      0 |      0 |    0 |          0 |
|                       gen_mem_rep[0].inst_rd_addrb                                                               |                                                 split_d_system_memory_interconnect_0_sc_util_v1_0_4_counter__parameterized0_12 |          5 |          5 |       0 |    0 |     6 |      0 |      0 |    0 |          0 |
|                       gen_mem_rep[0].inst_wr_addra                                                               |                                                 split_d_system_memory_interconnect_0_sc_util_v1_0_4_counter__parameterized0_13 |          5 |          5 |       0 |    0 |     6 |      0 |      0 |    0 |          0 |
|                       gen_wr.inst_wr_addra_p1                                                                    |                                                 split_d_system_memory_interconnect_0_sc_util_v1_0_4_counter__parameterized1_14 |         20 |         20 |       0 |    0 |     6 |      0 |      0 |    0 |          0 |
|                   gen_normal_area.inst_fifo_node_payld                                                           |                                                      split_d_system_memory_interconnect_0_sc_node_v1_0_17_fifo__parameterized8 |        259 |         99 |     160 |    0 |   293 |      0 |      0 |    0 |          0 |
|                     gen_xpm_memory_fifo.inst_fifo                                                                |                                            split_d_system_memory_interconnect_0_sc_util_v1_0_4_xpm_memory_fifo__parameterized8 |        259 |         99 |     160 |    0 |   293 |      0 |      0 |    0 |          0 |
|                       (gen_xpm_memory_fifo.inst_fifo)                                                            |                                            split_d_system_memory_interconnect_0_sc_util_v1_0_4_xpm_memory_fifo__parameterized8 |         71 |         71 |       0 |    0 |     3 |      0 |      0 |    0 |          0 |
|                       gen_mem_rep[0].inst_rd_addrb                                                               |                                                  split_d_system_memory_interconnect_0_sc_util_v1_0_4_counter__parameterized0_7 |          5 |          5 |       0 |    0 |     6 |      0 |      0 |    0 |          0 |
|                       gen_mem_rep[0].inst_wr_addra                                                               |                                                  split_d_system_memory_interconnect_0_sc_util_v1_0_4_counter__parameterized0_8 |          4 |          4 |       0 |    0 |     6 |      0 |      0 |    0 |          0 |
|                       gen_mem_rep[0].inst_xpm_memory                                                             |                                                      split_d_system_memory_interconnect_0_xpm_memory_sdpram__parameterized9__4 |         80 |          0 |      80 |    0 |   127 |      0 |      0 |    0 |          0 |
|                         xpm_memory_base_inst                                                                     |                                                        split_d_system_memory_interconnect_0_xpm_memory_base__parameterized9__4 |         80 |          0 |      80 |    0 |   127 |      0 |      0 |    0 |          0 |
|                       gen_mem_rep[1].inst_rd_addrb                                                               |                                                  split_d_system_memory_interconnect_0_sc_util_v1_0_4_counter__parameterized0_9 |          4 |          4 |       0 |    0 |     5 |      0 |      0 |    0 |          0 |
|                       gen_mem_rep[1].inst_wr_addra                                                               |                                                 split_d_system_memory_interconnect_0_sc_util_v1_0_4_counter__parameterized0_10 |          3 |          3 |       0 |    0 |     5 |      0 |      0 |    0 |          0 |
|                       gen_mem_rep[1].inst_xpm_memory                                                             |                                                      split_d_system_memory_interconnect_0_xpm_memory_sdpram__parameterized9__5 |         80 |          0 |      80 |    0 |   135 |      0 |      0 |    0 |          0 |
|                         xpm_memory_base_inst                                                                     |                                                        split_d_system_memory_interconnect_0_xpm_memory_base__parameterized9__5 |         80 |          0 |      80 |    0 |   135 |      0 |      0 |    0 |          0 |
|                       gen_wr.inst_wr_addra_p1                                                                    |                                                 split_d_system_memory_interconnect_0_sc_util_v1_0_4_counter__parameterized1_11 |         12 |         12 |       0 |    0 |     6 |      0 |      0 |    0 |          0 |
|                   inst_ingress                                                                                   |                                                   split_d_system_memory_interconnect_0_sc_node_v1_0_17_ingress__parameterized5 |          0 |          0 |       0 |    0 |     1 |      0 |      0 |    0 |          0 |
|                     inst_pipeline_valid                                                                          |                                                   split_d_system_memory_interconnect_0_sc_util_v1_0_4_pipeline__parameterized3 |          0 |          0 |       0 |    0 |     1 |      0 |      0 |    0 |          0 |
|                 inst_si_handler                                                                                  |                                                split_d_system_memory_interconnect_0_sc_node_v1_0_17_si_handler__parameterized2 |          1 |          1 |       0 |    0 |     1 |      0 |      0 |    0 |          0 |
|                 s_sc_xpm_cdc_async_rst_inst                                                                      |                                                                     split_d_system_memory_interconnect_0_xpm_cdc_async_rst__33 |          0 |          0 |       0 |    0 |     3 |      0 |      0 |    0 |          0 |
|             s04_w_node                                                                                           |                                                                             split_d_system_memory_interconnect_0_bd_4794_swn_1 |        283 |         99 |     184 |    0 |   671 |      0 |      0 |    0 |          0 |
|               inst                                                                                               |                                                      split_d_system_memory_interconnect_0_sc_node_v1_0_17_top__parameterized13 |        283 |         99 |     184 |    0 |   671 |      0 |      0 |    0 |          0 |
|                 (inst)                                                                                           |                                                      split_d_system_memory_interconnect_0_sc_node_v1_0_17_top__parameterized13 |          3 |          3 |       0 |    0 |     1 |      0 |      0 |    0 |          0 |
|                 inst_mi_handler                                                                                  |                                                split_d_system_memory_interconnect_0_sc_node_v1_0_17_mi_handler__parameterized8 |        279 |         95 |     184 |    0 |   666 |      0 |      0 |    0 |          0 |
|                   (inst_mi_handler)                                                                              |                                                split_d_system_memory_interconnect_0_sc_node_v1_0_17_mi_handler__parameterized8 |          0 |          0 |       0 |    0 |     2 |      0 |      0 |    0 |          0 |
|                   gen_normal_area.gen_fi_regulator.inst_fi_regulator                                             |                                                              split_d_system_memory_interconnect_0_sc_node_v1_0_17_fi_regulator |          1 |          1 |       0 |    0 |     2 |      0 |      0 |    0 |          0 |
|                   gen_normal_area.gen_fifo_req.inst_fifo_req                                                     |                                                     split_d_system_memory_interconnect_0_sc_node_v1_0_17_fifo__parameterized10 |         35 |         27 |       8 |    0 |    22 |      0 |      0 |    0 |          0 |
|                     gen_xpm_memory_fifo.inst_fifo                                                                |                                           split_d_system_memory_interconnect_0_sc_util_v1_0_4_xpm_memory_fifo__parameterized10 |         35 |         27 |       8 |    0 |    22 |      0 |      0 |    0 |          0 |
|                       (gen_xpm_memory_fifo.inst_fifo)                                                            |                                           split_d_system_memory_interconnect_0_sc_util_v1_0_4_xpm_memory_fifo__parameterized10 |          4 |          4 |       0 |    0 |     3 |      0 |      0 |    0 |          0 |
|                       gen_mem_rep[0].inst_rd_addrb                                                               |                                                  split_d_system_memory_interconnect_0_sc_util_v1_0_4_counter__parameterized0_4 |          6 |          6 |       0 |    0 |     6 |      0 |      0 |    0 |          0 |
|                       gen_mem_rep[0].inst_wr_addra                                                               |                                                  split_d_system_memory_interconnect_0_sc_util_v1_0_4_counter__parameterized0_5 |          4 |          4 |       0 |    0 |     6 |      0 |      0 |    0 |          0 |
|                       gen_mem_rep[0].inst_xpm_memory                                                             |                                                      split_d_system_memory_interconnect_0_xpm_memory_sdpram__parameterized6__9 |          9 |          1 |       8 |    0 |     1 |      0 |      0 |    0 |          0 |
|                         xpm_memory_base_inst                                                                     |                                                        split_d_system_memory_interconnect_0_xpm_memory_base__parameterized6__9 |          9 |          1 |       8 |    0 |     1 |      0 |      0 |    0 |          0 |
|                       gen_wr.inst_wr_addra_p1                                                                    |                                                  split_d_system_memory_interconnect_0_sc_util_v1_0_4_counter__parameterized1_6 |         12 |         12 |       0 |    0 |     6 |      0 |      0 |    0 |          0 |
|                   gen_normal_area.gen_upsizer.inst_upsizer                                                       |                                                                   split_d_system_memory_interconnect_0_sc_node_v1_0_17_upsizer |         27 |         27 |       0 |    0 |   312 |      0 |      0 |    0 |          0 |
|                     (gen_normal_area.gen_upsizer.inst_upsizer)                                                   |                                                                   split_d_system_memory_interconnect_0_sc_node_v1_0_17_upsizer |         26 |         26 |       0 |    0 |   307 |      0 |      0 |    0 |          0 |
|                     inst_upsizer_target_pipeline                                                                 |                                                   split_d_system_memory_interconnect_0_sc_util_v1_0_4_pipeline__parameterized8 |          1 |          1 |       0 |    0 |     5 |      0 |      0 |    0 |          0 |
|                   gen_normal_area.inst_fifo_node_payld                                                           |                                                     split_d_system_memory_interconnect_0_sc_node_v1_0_17_fifo__parameterized11 |        213 |         37 |     176 |    0 |   324 |      0 |      0 |    0 |          0 |
|                     gen_xpm_memory_fifo.inst_fifo                                                                |                                           split_d_system_memory_interconnect_0_sc_util_v1_0_4_xpm_memory_fifo__parameterized11 |        213 |         37 |     176 |    0 |   324 |      0 |      0 |    0 |          0 |
|                       (gen_xpm_memory_fifo.inst_fifo)                                                            |                                           split_d_system_memory_interconnect_0_sc_util_v1_0_4_xpm_memory_fifo__parameterized11 |          4 |          4 |       0 |    0 |     4 |      0 |      0 |    0 |          0 |
|                       gen_mem_rep[0].inst_rd_addrb                                                               |                                                    split_d_system_memory_interconnect_0_sc_util_v1_0_4_counter__parameterized0 |          5 |          5 |       0 |    0 |     6 |      0 |      0 |    0 |          0 |
|                       gen_mem_rep[0].inst_wr_addra                                                               |                                                  split_d_system_memory_interconnect_0_sc_util_v1_0_4_counter__parameterized0_1 |          4 |          4 |       0 |    0 |     6 |      0 |      0 |    0 |          0 |
|                       gen_mem_rep[0].inst_xpm_memory                                                             |                                                     split_d_system_memory_interconnect_0_xpm_memory_sdpram__parameterized11__4 |         88 |          0 |      88 |    0 |   140 |      0 |      0 |    0 |          0 |
|                         xpm_memory_base_inst                                                                     |                                                       split_d_system_memory_interconnect_0_xpm_memory_base__parameterized11__4 |         88 |          0 |      88 |    0 |   140 |      0 |      0 |    0 |          0 |
|                       gen_mem_rep[1].inst_rd_addrb                                                               |                                                  split_d_system_memory_interconnect_0_sc_util_v1_0_4_counter__parameterized0_2 |          4 |          4 |       0 |    0 |     5 |      0 |      0 |    0 |          0 |
|                       gen_mem_rep[1].inst_wr_addra                                                               |                                                  split_d_system_memory_interconnect_0_sc_util_v1_0_4_counter__parameterized0_3 |          3 |          3 |       0 |    0 |     5 |      0 |      0 |    0 |          0 |
|                       gen_mem_rep[1].inst_xpm_memory                                                             |                                                        split_d_system_memory_interconnect_0_xpm_memory_sdpram__parameterized11 |         88 |          0 |      88 |    0 |   152 |      0 |      0 |    0 |          0 |
|                         xpm_memory_base_inst                                                                     |                                                          split_d_system_memory_interconnect_0_xpm_memory_base__parameterized11 |         88 |          0 |      88 |    0 |   152 |      0 |      0 |    0 |          0 |
|                       gen_wr.inst_wr_addra_p1                                                                    |                                                    split_d_system_memory_interconnect_0_sc_util_v1_0_4_counter__parameterized1 |         17 |         17 |       0 |    0 |     6 |      0 |      0 |    0 |          0 |
|                   gen_normal_area.inst_fifo_send                                                                 |                                                split_d_system_memory_interconnect_0_sc_node_v1_0_17_reg_slice3__parameterized1 |          5 |          5 |       0 |    0 |     4 |      0 |      0 |    0 |          0 |
|                 inst_si_handler                                                                                  |                                                split_d_system_memory_interconnect_0_sc_node_v1_0_17_si_handler__parameterized6 |          1 |          1 |       0 |    0 |     1 |      0 |      0 |    0 |          0 |
|                 s_sc_xpm_cdc_async_rst_inst                                                                      |                                                                     split_d_system_memory_interconnect_0_xpm_cdc_async_rst__31 |          0 |          0 |       0 |    0 |     3 |      0 |      0 |    0 |          0 |
|           switchboards                                                                                           |                                                                   split_d_system_memory_interconnect_0_switchboards_imp_QEG6KG |        541 |        541 |       0 |    0 |   737 |      0 |      0 |    0 |          0 |
|             ar_switchboard                                                                                       |                                                                            split_d_system_memory_interconnect_0_bd_4794_arsw_0 |        166 |        166 |       0 |    0 |    83 |      0 |      0 |    0 |          0 |
|               inst                                                                                               |                                                                 split_d_system_memory_interconnect_0_sc_switchboard_v1_0_8_top |        166 |        166 |       0 |    0 |    83 |      0 |      0 |    0 |          0 |
|                 gen_mi[0].inst_opipe_payld                                                                       |                                                split_d_system_memory_interconnect_0_sc_util_v1_0_4_pipeline__parameterized10_0 |        166 |        166 |       0 |    0 |    83 |      0 |      0 |    0 |          0 |
|             aw_switchboard                                                                                       |                                                                            split_d_system_memory_interconnect_0_bd_4794_awsw_0 |         83 |         83 |       0 |    0 |    83 |      0 |      0 |    0 |          0 |
|               inst                                                                                               |                                                              split_d_system_memory_interconnect_0_sc_switchboard_v1_0_8_top__1 |         83 |         83 |       0 |    0 |    83 |      0 |      0 |    0 |          0 |
|                 gen_mi[0].inst_opipe_payld                                                                       |                                                  split_d_system_memory_interconnect_0_sc_util_v1_0_4_pipeline__parameterized10 |         83 |         83 |       0 |    0 |    83 |      0 |      0 |    0 |          0 |
|             b_switchboard                                                                                        |                                                                             split_d_system_memory_interconnect_0_bd_4794_bsw_0 |          0 |          0 |       0 |    0 |    10 |      0 |      0 |    0 |          0 |
|               inst                                                                                               |                                                 split_d_system_memory_interconnect_0_sc_switchboard_v1_0_8_top__parameterized0 |          0 |          0 |       0 |    0 |    10 |      0 |      0 |    0 |          0 |
|                 gen_mi[3].inst_opipe_payld                                                                       |                                                  split_d_system_memory_interconnect_0_sc_util_v1_0_4_pipeline__parameterized11 |          0 |          0 |       0 |    0 |    10 |      0 |      0 |    0 |          0 |
|             r_switchboard                                                                                        |                                                                             split_d_system_memory_interconnect_0_bd_4794_rsw_0 |          0 |          0 |       0 |    0 |   269 |      0 |      0 |    0 |          0 |
|               inst                                                                                               |                                                 split_d_system_memory_interconnect_0_sc_switchboard_v1_0_8_top__parameterized1 |          0 |          0 |       0 |    0 |   269 |      0 |      0 |    0 |          0 |
|                 gen_mi[4].inst_opipe_payld                                                                       |                                                  split_d_system_memory_interconnect_0_sc_util_v1_0_4_pipeline__parameterized12 |          0 |          0 |       0 |    0 |   269 |      0 |      0 |    0 |          0 |
|             w_switchboard                                                                                        |                                                                             split_d_system_memory_interconnect_0_bd_4794_wsw_0 |        292 |        292 |       0 |    0 |   292 |      0 |      0 |    0 |          0 |
|               inst                                                                                               |                                                 split_d_system_memory_interconnect_0_sc_switchboard_v1_0_8_top__parameterized2 |        292 |        292 |       0 |    0 |   292 |      0 |      0 |    0 |          0 |
|                 gen_mi[0].inst_mux_payld                                                                         |                                                        split_d_system_memory_interconnect_0_sc_util_v1_0_4_mux__parameterized2 |        292 |        292 |       0 |    0 |     0 |      0 |      0 |    0 |          0 |
|                 gen_mi[0].inst_opipe_payld                                                                       |                                                  split_d_system_memory_interconnect_0_sc_util_v1_0_4_pipeline__parameterized13 |          0 |          0 |       0 |    0 |   292 |      0 |      0 |    0 |          0 |
|       memory_ready                                                                                               |                                                                                                  split_d_system_memory_ready_0 |          1 |          1 |       0 |    0 |     0 |      0 |      0 |    0 |          0 |
|       rst_100                                                                                                    |                                                                                                       split_d_system_rst_100_0 |         17 |         16 |       0 |    1 |    38 |      0 |      0 |    0 |          0 |
|         U0                                                                                                       |                                                                                        split_d_system_rst_100_0_proc_sys_reset |         17 |         16 |       0 |    1 |    38 |      0 |      0 |    0 |          0 |
|           (U0)                                                                                                   |                                                                                        split_d_system_rst_100_0_proc_sys_reset |          0 |          0 |       0 |    0 |     3 |      0 |      0 |    0 |          0 |
|           EXT_LPF                                                                                                |                                                                                                   split_d_system_rst_100_0_lpf |          5 |          4 |       0 |    1 |    17 |      0 |      0 |    0 |          0 |
|             (EXT_LPF)                                                                                            |                                                                                                   split_d_system_rst_100_0_lpf |          2 |          1 |       0 |    1 |     9 |      0 |      0 |    0 |          0 |
|             ACTIVE_LOW_AUX.ACT_LO_AUX                                                                            |                                                                                              split_d_system_rst_100_0_cdc_sync |          1 |          1 |       0 |    0 |     4 |      0 |      0 |    0 |          0 |
|             ACTIVE_LOW_EXT.ACT_LO_EXT                                                                            |                                                                                            split_d_system_rst_100_0_cdc_sync_0 |          2 |          2 |       0 |    0 |     4 |      0 |      0 |    0 |          0 |
|           SEQ                                                                                                    |                                                                                          split_d_system_rst_100_0_sequence_psr |         12 |         12 |       0 |    0 |    18 |      0 |      0 |    0 |          0 |
|             (SEQ)                                                                                                |                                                                                          split_d_system_rst_100_0_sequence_psr |          8 |          8 |       0 |    0 |    12 |      0 |      0 |    0 |          0 |
|             SEQ_COUNTER                                                                                          |                                                                                               split_d_system_rst_100_0_upcnt_n |          4 |          4 |       0 |    0 |     6 |      0 |      0 |    0 |          0 |
|       rst_225                                                                                                    |                                                                                                       split_d_system_rst_225_0 |         16 |         15 |       0 |    1 |    33 |      0 |      0 |    0 |          0 |
|         U0                                                                                                       |                                                                                        split_d_system_rst_225_0_proc_sys_reset |         16 |         15 |       0 |    1 |    33 |      0 |      0 |    0 |          0 |
|           (U0)                                                                                                   |                                                                                        split_d_system_rst_225_0_proc_sys_reset |          0 |          0 |       0 |    0 |     1 |      0 |      0 |    0 |          0 |
|           EXT_LPF                                                                                                |                                                                                                   split_d_system_rst_225_0_lpf |          5 |          4 |       0 |    1 |    17 |      0 |      0 |    0 |          0 |
|             (EXT_LPF)                                                                                            |                                                                                                   split_d_system_rst_225_0_lpf |          2 |          1 |       0 |    1 |     9 |      0 |      0 |    0 |          0 |
|             ACTIVE_LOW_AUX.ACT_LO_AUX                                                                            |                                                                                              split_d_system_rst_225_0_cdc_sync |          1 |          1 |       0 |    0 |     4 |      0 |      0 |    0 |          0 |
|             ACTIVE_LOW_EXT.ACT_LO_EXT                                                                            |                                                                                            split_d_system_rst_225_0_cdc_sync_0 |          2 |          2 |       0 |    0 |     4 |      0 |      0 |    0 |          0 |
|           SEQ                                                                                                    |                                                                                          split_d_system_rst_225_0_sequence_psr |         11 |         11 |       0 |    0 |    15 |      0 |      0 |    0 |          0 |
|             (SEQ)                                                                                                |                                                                                          split_d_system_rst_225_0_sequence_psr |          7 |          7 |       0 |    0 |     9 |      0 |      0 |    0 |          0 |
|             SEQ_COUNTER                                                                                          |                                                                                               split_d_system_rst_225_0_upcnt_n |          4 |          4 |       0 |    0 |     6 |      0 |      0 |    0 |          0 |
|       selftest_0                                                                                                 |                                                                                                    split_d_system_selftest_0_0 |        302 |        302 |       0 |    0 |   220 |     30 |      0 |    0 |          0 |
|         (selftest_0)                                                                                             |                                                                                                    split_d_system_selftest_0_0 |          0 |          0 |       0 |    0 |     0 |      0 |      0 |    0 |          0 |
|         inst                                                                                                     |                                                                                   split_d_system_selftest_0_0_split_d_selftest |        302 |        302 |       0 |    0 |   220 |     30 |      0 |    0 |          0 |
|   u_ila                                                                                                          |                                                                                                                    split_d_ila |       1103 |        896 |       0 |  207 |  1885 |      4 |      0 |    0 |          0 |
|     (u_ila)                                                                                                      |                                                                                                                    split_d_ila |          0 |          0 |       0 |    0 |     0 |      0 |      0 |    0 |          0 |
|     inst                                                                                                         |                                                                                                    split_d_ila_ila_v6_2_16_ila |       1103 |        896 |       0 |  207 |  1885 |      4 |      0 |    0 |          0 |
|       (inst)                                                                                                     |                                                                                                    split_d_ila_ila_v6_2_16_ila |          1 |          1 |       0 |    0 |     6 |      0 |      0 |    0 |          0 |
|       ila_core_inst                                                                                              |                                                                                               split_d_ila_ila_v6_2_16_ila_core |       1102 |        895 |       0 |  207 |  1879 |      4 |      0 |    0 |          0 |
|         (ila_core_inst)                                                                                          |                                                                                               split_d_ila_ila_v6_2_16_ila_core |         68 |          0 |       0 |   68 |   175 |      0 |      0 |    0 |          0 |
|         ila_trace_memory_inst                                                                                    |                                                                                       split_d_ila_ila_v6_2_16_ila_trace_memory |          0 |          0 |       0 |    0 |     0 |      4 |      0 |    0 |          0 |
|           SUBCORE_RAM_BLK_MEM_1.trace_block_memory                                                               |                                                                                                 split_d_ila_blk_mem_gen_v8_4_9 |          0 |          0 |       0 |    0 |     0 |      4 |      0 |    0 |          0 |
|             inst_blk_mem_gen                                                                                     |                                                                                           split_d_ila_blk_mem_gen_v8_4_9_synth |          0 |          0 |       0 |    0 |     0 |      4 |      0 |    0 |          0 |
|               gnbram.gnativebmg.native_blk_mem_gen                                                               |                                                                                 split_d_ila_blk_mem_gen_v8_4_9_blk_mem_gen_top |          0 |          0 |       0 |    0 |     0 |      4 |      0 |    0 |          0 |
|                 valid.cstr                                                                                       |                                                                        split_d_ila_blk_mem_gen_v8_4_9_blk_mem_gen_generic_cstr |          0 |          0 |       0 |    0 |     0 |      4 |      0 |    0 |          0 |
|                   ramloop[0].ram.r                                                                               |                                                                          split_d_ila_blk_mem_gen_v8_4_9_blk_mem_gen_prim_width |          0 |          0 |       0 |    0 |     0 |      1 |      0 |    0 |          0 |
|                     prim_noinit.ram                                                                              |                                                                        split_d_ila_blk_mem_gen_v8_4_9_blk_mem_gen_prim_wrapper |          0 |          0 |       0 |    0 |     0 |      1 |      0 |    0 |          0 |
|                   ramloop[1].ram.r                                                                               |                                                          split_d_ila_blk_mem_gen_v8_4_9_blk_mem_gen_prim_width__parameterized0 |          0 |          0 |       0 |    0 |     0 |      1 |      0 |    0 |          0 |
|                     prim_noinit.ram                                                                              |                                                        split_d_ila_blk_mem_gen_v8_4_9_blk_mem_gen_prim_wrapper__parameterized0 |          0 |          0 |       0 |    0 |     0 |      1 |      0 |    0 |          0 |
|                   ramloop[2].ram.r                                                                               |                                                          split_d_ila_blk_mem_gen_v8_4_9_blk_mem_gen_prim_width__parameterized1 |          0 |          0 |       0 |    0 |     0 |      1 |      0 |    0 |          0 |
|                     prim_noinit.ram                                                                              |                                                        split_d_ila_blk_mem_gen_v8_4_9_blk_mem_gen_prim_wrapper__parameterized1 |          0 |          0 |       0 |    0 |     0 |      1 |      0 |    0 |          0 |
|                   ramloop[3].ram.r                                                                               |                                                          split_d_ila_blk_mem_gen_v8_4_9_blk_mem_gen_prim_width__parameterized2 |          0 |          0 |       0 |    0 |     0 |      1 |      0 |    0 |          0 |
|                     prim_noinit.ram                                                                              |                                                        split_d_ila_blk_mem_gen_v8_4_9_blk_mem_gen_prim_wrapper__parameterized2 |          0 |          0 |       0 |    0 |     0 |      1 |      0 |    0 |          0 |
|         u_ila_cap_ctrl                                                                                           |                                                                                    split_d_ila_ila_v6_2_16_ila_cap_ctrl_legacy |         77 |         30 |       0 |   47 |   127 |      0 |      0 |    0 |          0 |
|           (u_ila_cap_ctrl)                                                                                       |                                                                                    split_d_ila_ila_v6_2_16_ila_cap_ctrl_legacy |          2 |          2 |       0 |    0 |     3 |      0 |      0 |    0 |          0 |
|           U_CDONE                                                                                                |                                                                               split_d_ila_ltlib_v1_0_2_cfglut6__parameterized0 |          3 |          1 |       0 |    2 |     1 |      0 |      0 |    0 |          0 |
|           U_NS0                                                                                                  |                                                                                               split_d_ila_ltlib_v1_0_2_cfglut7 |          5 |          1 |       0 |    4 |     1 |      0 |      0 |    0 |          0 |
|           U_NS1                                                                                                  |                                                                                            split_d_ila_ltlib_v1_0_2_cfglut7__1 |          5 |          1 |       0 |    4 |     1 |      0 |      0 |    0 |          0 |
|           u_cap_addrgen                                                                                          |                                                                                        split_d_ila_ila_v6_2_16_ila_cap_addrgen |         62 |         25 |       0 |   37 |   121 |      0 |      0 |    0 |          0 |
|             (u_cap_addrgen)                                                                                      |                                                                                        split_d_ila_ila_v6_2_16_ila_cap_addrgen |          1 |          0 |       0 |    1 |    68 |      0 |      0 |    0 |          0 |
|             U_CMPRESET                                                                                           |                                                                                            split_d_ila_ltlib_v1_0_2_cfglut6__1 |          3 |          1 |       0 |    2 |     0 |      0 |      0 |    0 |          0 |
|             u_cap_sample_counter                                                                                 |                                                                                 split_d_ila_ila_v6_2_16_ila_cap_sample_counter |         31 |         18 |       0 |   13 |    21 |      0 |      0 |    0 |          0 |
|               (u_cap_sample_counter)                                                                             |                                                                                 split_d_ila_ila_v6_2_16_ila_cap_sample_counter |         17 |         17 |       0 |    0 |    11 |      0 |      0 |    0 |          0 |
|               U_SCE                                                                                              |                                                                                            split_d_ila_ltlib_v1_0_2_cfglut4__1 |          1 |          0 |       0 |    1 |     0 |      0 |      0 |    0 |          0 |
|               U_SCMPCE                                                                                           |                                                                                            split_d_ila_ltlib_v1_0_2_cfglut5__1 |          1 |          0 |       0 |    1 |     0 |      0 |      0 |    0 |          0 |
|               U_SCRST                                                                                            |                                                                                               split_d_ila_ltlib_v1_0_2_cfglut6 |          3 |          1 |       0 |    2 |     0 |      0 |      0 |    0 |          0 |
|               u_scnt_cmp                                                                                         |                                                                                      split_d_ila_ltlib_v1_0_2_match_nodelay__1 |          9 |          0 |       0 |    9 |    10 |      0 |      0 |    0 |          0 |
|                 allx_typeA_match_detection.ltlib_v1_0_2_allx_typeA_inst                                          |                                                                                 split_d_ila_ltlib_v1_0_2_allx_typeA_nodelay_45 |          9 |          0 |       0 |    9 |    10 |      0 |      0 |    0 |          0 |
|                   (allx_typeA_match_detection.ltlib_v1_0_2_allx_typeA_inst)                                      |                                                                                 split_d_ila_ltlib_v1_0_2_allx_typeA_nodelay_45 |          0 |          0 |       0 |    0 |    10 |      0 |      0 |    0 |          0 |
|                   DUT                                                                                            |                                                                          split_d_ila_ltlib_v1_0_2_all_typeA__parameterized3_46 |          9 |          0 |       0 |    9 |     0 |      0 |      0 |    0 |          0 |
|                     (DUT)                                                                                        |                                                                          split_d_ila_ltlib_v1_0_2_all_typeA__parameterized3_46 |          1 |          0 |       0 |    1 |     0 |      0 |      0 |    0 |          0 |
|                     I_WHOLE_SLICE.G_SLICE_IDX[0].U_ALL_SRL_SLICE                                                 |                                                                    split_d_ila_ltlib_v1_0_2_all_typeA_slice__parameterized1_47 |          4 |          0 |       0 |    4 |     0 |      0 |      0 |    0 |          0 |
|                     I_WHOLE_SLICE.G_SLICE_IDX[1].U_ALL_SRL_SLICE                                                 |                                                                    split_d_ila_ltlib_v1_0_2_all_typeA_slice__parameterized2_48 |          4 |          0 |       0 |    4 |     0 |      0 |      0 |    0 |          0 |
|             u_cap_window_counter                                                                                 |                                                                                 split_d_ila_ila_v6_2_16_ila_cap_window_counter |         29 |          8 |       0 |   21 |    32 |      0 |      0 |    0 |          0 |
|               (u_cap_window_counter)                                                                             |                                                                                 split_d_ila_ila_v6_2_16_ila_cap_window_counter |          8 |          8 |       0 |    0 |    12 |      0 |      0 |    0 |          0 |
|               U_WCE                                                                                              |                                                                                               split_d_ila_ltlib_v1_0_2_cfglut4 |          1 |          0 |       0 |    1 |     0 |      0 |      0 |    0 |          0 |
|               U_WHCMPCE                                                                                          |                                                                                               split_d_ila_ltlib_v1_0_2_cfglut5 |          1 |          0 |       0 |    1 |     0 |      0 |      0 |    0 |          0 |
|               U_WLCMPCE                                                                                          |                                                                                            split_d_ila_ltlib_v1_0_2_cfglut5__2 |          1 |          0 |       0 |    1 |     0 |      0 |      0 |    0 |          0 |
|               u_wcnt_hcmp                                                                                        |                                                                                         split_d_ila_ltlib_v1_0_2_match_nodelay |          9 |          0 |       0 |    9 |    10 |      0 |      0 |    0 |          0 |
|                 allx_typeA_match_detection.ltlib_v1_0_2_allx_typeA_inst                                          |                                                                                    split_d_ila_ltlib_v1_0_2_allx_typeA_nodelay |          9 |          0 |       0 |    9 |    10 |      0 |      0 |    0 |          0 |
|                   (allx_typeA_match_detection.ltlib_v1_0_2_allx_typeA_inst)                                      |                                                                                    split_d_ila_ltlib_v1_0_2_allx_typeA_nodelay |          0 |          0 |       0 |    0 |    10 |      0 |      0 |    0 |          0 |
|                   DUT                                                                                            |                                                                             split_d_ila_ltlib_v1_0_2_all_typeA__parameterized3 |          9 |          0 |       0 |    9 |     0 |      0 |      0 |    0 |          0 |
|                     (DUT)                                                                                        |                                                                             split_d_ila_ltlib_v1_0_2_all_typeA__parameterized3 |          1 |          0 |       0 |    1 |     0 |      0 |      0 |    0 |          0 |
|                     I_WHOLE_SLICE.G_SLICE_IDX[0].U_ALL_SRL_SLICE                                                 |                                                                       split_d_ila_ltlib_v1_0_2_all_typeA_slice__parameterized1 |          4 |          0 |       0 |    4 |     0 |      0 |      0 |    0 |          0 |
|                     I_WHOLE_SLICE.G_SLICE_IDX[1].U_ALL_SRL_SLICE                                                 |                                                                       split_d_ila_ltlib_v1_0_2_all_typeA_slice__parameterized2 |          4 |          0 |       0 |    4 |     0 |      0 |      0 |    0 |          0 |
|               u_wcnt_lcmp                                                                                        |                                                                                      split_d_ila_ltlib_v1_0_2_match_nodelay__2 |          9 |          0 |       0 |    9 |    10 |      0 |      0 |    0 |          0 |
|                 allx_typeA_match_detection.ltlib_v1_0_2_allx_typeA_inst                                          |                                                                                 split_d_ila_ltlib_v1_0_2_allx_typeA_nodelay_41 |          9 |          0 |       0 |    9 |    10 |      0 |      0 |    0 |          0 |
|                   (allx_typeA_match_detection.ltlib_v1_0_2_allx_typeA_inst)                                      |                                                                                 split_d_ila_ltlib_v1_0_2_allx_typeA_nodelay_41 |          0 |          0 |       0 |    0 |    10 |      0 |      0 |    0 |          0 |
|                   DUT                                                                                            |                                                                          split_d_ila_ltlib_v1_0_2_all_typeA__parameterized3_42 |          9 |          0 |       0 |    9 |     0 |      0 |      0 |    0 |          0 |
|                     (DUT)                                                                                        |                                                                          split_d_ila_ltlib_v1_0_2_all_typeA__parameterized3_42 |          1 |          0 |       0 |    1 |     0 |      0 |      0 |    0 |          0 |
|                     I_WHOLE_SLICE.G_SLICE_IDX[0].U_ALL_SRL_SLICE                                                 |                                                                    split_d_ila_ltlib_v1_0_2_all_typeA_slice__parameterized1_43 |          4 |          0 |       0 |    4 |     0 |      0 |      0 |    0 |          0 |
|                     I_WHOLE_SLICE.G_SLICE_IDX[1].U_ALL_SRL_SLICE                                                 |                                                                    split_d_ila_ltlib_v1_0_2_all_typeA_slice__parameterized2_44 |          4 |          0 |       0 |    4 |     0 |      0 |      0 |    0 |          0 |
|         u_ila_regs                                                                                               |                                                                                           split_d_ila_ila_v6_2_16_ila_register |        712 |        711 |       0 |    1 |  1095 |      0 |      0 |    0 |          0 |
|           (u_ila_regs)                                                                                           |                                                                                           split_d_ila_ila_v6_2_16_ila_register |        286 |        285 |       0 |    1 |   162 |      0 |      0 |    0 |          0 |
|           MU_SRL[0].mu_srl_reg                                                                                   |                                                                                               split_d_ila_xsdbs_v1_0_4_reg_p2s |         31 |         31 |       0 |    0 |    43 |      0 |      0 |    0 |          0 |
|           MU_SRL[1].mu_srl_reg                                                                                   |                                                                               split_d_ila_xsdbs_v1_0_4_reg_p2s__parameterized0 |         32 |         32 |       0 |    0 |    43 |      0 |      0 |    0 |          0 |
|           MU_SRL[2].mu_srl_reg                                                                                   |                                                                               split_d_ila_xsdbs_v1_0_4_reg_p2s__parameterized1 |         31 |         31 |       0 |    0 |    43 |      0 |      0 |    0 |          0 |
|           MU_SRL[3].mu_srl_reg                                                                                   |                                                                               split_d_ila_xsdbs_v1_0_4_reg_p2s__parameterized2 |         32 |         32 |       0 |    0 |    43 |      0 |      0 |    0 |          0 |
|           MU_SRL[4].mu_srl_reg                                                                                   |                                                                               split_d_ila_xsdbs_v1_0_4_reg_p2s__parameterized3 |         31 |         31 |       0 |    0 |    43 |      0 |      0 |    0 |          0 |
|           MU_SRL[5].mu_srl_reg                                                                                   |                                                                               split_d_ila_xsdbs_v1_0_4_reg_p2s__parameterized4 |         32 |         32 |       0 |    0 |    43 |      0 |      0 |    0 |          0 |
|           MU_SRL[6].mu_srl_reg                                                                                   |                                                                               split_d_ila_xsdbs_v1_0_4_reg_p2s__parameterized5 |         32 |         32 |       0 |    0 |    43 |      0 |      0 |    0 |          0 |
|           MU_SRL[7].mu_srl_reg                                                                                   |                                                                               split_d_ila_xsdbs_v1_0_4_reg_p2s__parameterized6 |         32 |         32 |       0 |    0 |    43 |      0 |      0 |    0 |          0 |
|           TC_SRL[0].tc_srl_reg                                                                                   |                                                                               split_d_ila_xsdbs_v1_0_4_reg_p2s__parameterized7 |         32 |         32 |       0 |    0 |    43 |      0 |      0 |    0 |          0 |
|           U_XSDB_SLAVE                                                                                           |                                                                                                 split_d_ila_xsdbs_v1_0_4_xsdbs |         76 |         76 |       0 |    0 |   213 |      0 |      0 |    0 |          0 |
|           reg_15                                                                                                 |                                                                                  split_d_ila_xsdbs_v1_0_4_reg__parameterized40 |          3 |          3 |       0 |    0 |    16 |      0 |      0 |    0 |          0 |
|             I_EN_CTL_EQ1.U_CTL                                                                                   |                                                                                            split_d_ila_xsdbs_v1_0_4_reg_ctl_37 |          3 |          3 |       0 |    0 |    16 |      0 |      0 |    0 |          0 |
|           reg_16                                                                                                 |                                                                                  split_d_ila_xsdbs_v1_0_4_reg__parameterized41 |          3 |          3 |       0 |    0 |    16 |      0 |      0 |    0 |          0 |
|             I_EN_CTL_EQ1.U_CTL                                                                                   |                                                                                            split_d_ila_xsdbs_v1_0_4_reg_ctl_36 |          3 |          3 |       0 |    0 |    16 |      0 |      0 |    0 |          0 |
|           reg_17                                                                                                 |                                                                                  split_d_ila_xsdbs_v1_0_4_reg__parameterized42 |          3 |          3 |       0 |    0 |    16 |      0 |      0 |    0 |          0 |
|             I_EN_CTL_EQ1.U_CTL                                                                                   |                                                                                            split_d_ila_xsdbs_v1_0_4_reg_ctl_35 |          3 |          3 |       0 |    0 |    16 |      0 |      0 |    0 |          0 |
|           reg_18                                                                                                 |                                                                                  split_d_ila_xsdbs_v1_0_4_reg__parameterized43 |          3 |          3 |       0 |    0 |    16 |      0 |      0 |    0 |          0 |
|             I_EN_CTL_EQ1.U_CTL                                                                                   |                                                                                            split_d_ila_xsdbs_v1_0_4_reg_ctl_34 |          3 |          3 |       0 |    0 |    16 |      0 |      0 |    0 |          0 |
|           reg_19                                                                                                 |                                                                                  split_d_ila_xsdbs_v1_0_4_reg__parameterized44 |          3 |          3 |       0 |    0 |    16 |      0 |      0 |    0 |          0 |
|             I_EN_CTL_EQ1.U_CTL                                                                                   |                                                                                            split_d_ila_xsdbs_v1_0_4_reg_ctl_33 |          3 |          3 |       0 |    0 |    16 |      0 |      0 |    0 |          0 |
|           reg_1a                                                                                                 |                                                                                  split_d_ila_xsdbs_v1_0_4_reg__parameterized45 |          3 |          3 |       0 |    0 |    16 |      0 |      0 |    0 |          0 |
|             I_EN_CTL_EQ1.U_CTL                                                                                   |                                                                            split_d_ila_xsdbs_v1_0_4_reg_ctl__parameterized1_32 |          3 |          3 |       0 |    0 |    16 |      0 |      0 |    0 |          0 |
|           reg_6                                                                                                  |                                                                                  split_d_ila_xsdbs_v1_0_4_reg__parameterized25 |          3 |          3 |       0 |    0 |    16 |      0 |      0 |    0 |          0 |
|             I_EN_CTL_EQ1.U_CTL                                                                                   |                                                                                            split_d_ila_xsdbs_v1_0_4_reg_ctl_40 |          3 |          3 |       0 |    0 |    16 |      0 |      0 |    0 |          0 |
|           reg_7                                                                                                  |                                                                                  split_d_ila_xsdbs_v1_0_4_reg__parameterized26 |          3 |          3 |       0 |    0 |    16 |      0 |      0 |    0 |          0 |
|             I_EN_CTL_EQ1.U_CTL                                                                                   |                                                                               split_d_ila_xsdbs_v1_0_4_reg_ctl__parameterized0 |          3 |          3 |       0 |    0 |    16 |      0 |      0 |    0 |          0 |
|           reg_8                                                                                                  |                                                                                  split_d_ila_xsdbs_v1_0_4_reg__parameterized27 |          0 |          0 |       0 |    0 |     5 |      0 |      0 |    0 |          0 |
|             I_EN_STAT_EQ1.U_STAT                                                                                 |                                                                                           split_d_ila_xsdbs_v1_0_4_reg_stat_39 |          0 |          0 |       0 |    0 |     5 |      0 |      0 |    0 |          0 |
|           reg_80                                                                                                 |                                                                                  split_d_ila_xsdbs_v1_0_4_reg__parameterized46 |          3 |          3 |       0 |    0 |    16 |      0 |      0 |    0 |          0 |
|             I_EN_CTL_EQ1.U_CTL                                                                                   |                                                                            split_d_ila_xsdbs_v1_0_4_reg_ctl__parameterized1_31 |          3 |          3 |       0 |    0 |    16 |      0 |      0 |    0 |          0 |
|           reg_81                                                                                                 |                                                                                  split_d_ila_xsdbs_v1_0_4_reg__parameterized47 |          3 |          3 |       0 |    0 |    16 |      0 |      0 |    0 |          0 |
|             I_EN_CTL_EQ1.U_CTL                                                                                   |                                                                                            split_d_ila_xsdbs_v1_0_4_reg_ctl_30 |          3 |          3 |       0 |    0 |    16 |      0 |      0 |    0 |          0 |
|           reg_82                                                                                                 |                                                                                  split_d_ila_xsdbs_v1_0_4_reg__parameterized48 |          3 |          3 |       0 |    0 |    16 |      0 |      0 |    0 |          0 |
|             I_EN_CTL_EQ1.U_CTL                                                                                   |                                                                               split_d_ila_xsdbs_v1_0_4_reg_ctl__parameterized1 |          3 |          3 |       0 |    0 |    16 |      0 |      0 |    0 |          0 |
|           reg_83                                                                                                 |                                                                                  split_d_ila_xsdbs_v1_0_4_reg__parameterized49 |          3 |          3 |       0 |    0 |    16 |      0 |      0 |    0 |          0 |
|             I_EN_CTL_EQ1.U_CTL                                                                                   |                                                                                            split_d_ila_xsdbs_v1_0_4_reg_ctl_29 |          3 |          3 |       0 |    0 |    16 |      0 |      0 |    0 |          0 |
|           reg_84                                                                                                 |                                                                                  split_d_ila_xsdbs_v1_0_4_reg__parameterized50 |          3 |          3 |       0 |    0 |    16 |      0 |      0 |    0 |          0 |
|             I_EN_CTL_EQ1.U_CTL                                                                                   |                                                                                            split_d_ila_xsdbs_v1_0_4_reg_ctl_28 |          3 |          3 |       0 |    0 |    16 |      0 |      0 |    0 |          0 |
|           reg_85                                                                                                 |                                                                                  split_d_ila_xsdbs_v1_0_4_reg__parameterized51 |          3 |          3 |       0 |    0 |    16 |      0 |      0 |    0 |          0 |
|             I_EN_CTL_EQ1.U_CTL                                                                                   |                                                                                            split_d_ila_xsdbs_v1_0_4_reg_ctl_27 |          3 |          3 |       0 |    0 |    16 |      0 |      0 |    0 |          0 |
|           reg_887                                                                                                |                                                                                  split_d_ila_xsdbs_v1_0_4_reg__parameterized53 |          1 |          1 |       0 |    0 |     1 |      0 |      0 |    0 |          0 |
|             I_EN_STAT_EQ1.U_STAT                                                                                 |                                                                                           split_d_ila_xsdbs_v1_0_4_reg_stat_26 |          1 |          1 |       0 |    0 |     1 |      0 |      0 |    0 |          0 |
|           reg_88d                                                                                                |                                                                                  split_d_ila_xsdbs_v1_0_4_reg__parameterized55 |          0 |          0 |       0 |    0 |     2 |      0 |      0 |    0 |          0 |
|             I_EN_STAT_EQ1.U_STAT                                                                                 |                                                                                           split_d_ila_xsdbs_v1_0_4_reg_stat_25 |          0 |          0 |       0 |    0 |     2 |      0 |      0 |    0 |          0 |
|           reg_890                                                                                                |                                                                                  split_d_ila_xsdbs_v1_0_4_reg__parameterized58 |          0 |          0 |       0 |    0 |    16 |      0 |      0 |    0 |          0 |
|             (reg_890)                                                                                            |                                                                                  split_d_ila_xsdbs_v1_0_4_reg__parameterized58 |          0 |          0 |       0 |    0 |     0 |      0 |      0 |    0 |          0 |
|             I_EN_STAT_EQ1.U_STAT                                                                                 |                                                                                           split_d_ila_xsdbs_v1_0_4_reg_stat_24 |          0 |          0 |       0 |    0 |    16 |      0 |      0 |    0 |          0 |
|           reg_9                                                                                                  |                                                                                  split_d_ila_xsdbs_v1_0_4_reg__parameterized28 |          0 |          0 |       0 |    0 |    10 |      0 |      0 |    0 |          0 |
|             I_EN_STAT_EQ1.U_STAT                                                                                 |                                                                                           split_d_ila_xsdbs_v1_0_4_reg_stat_38 |          0 |          0 |       0 |    0 |    10 |      0 |      0 |    0 |          0 |
|           reg_srl_fff                                                                                            |                                                                               split_d_ila_xsdbs_v1_0_4_reg_p2s__parameterized8 |         32 |         32 |       0 |    0 |    43 |      0 |      0 |    0 |          0 |
|           reg_stream_ffd                                                                                         |                                                                                            split_d_ila_xsdbs_v1_0_4_reg_stream |          3 |          3 |       0 |    0 |    16 |      0 |      0 |    0 |          0 |
|             I_EN_CTL_EQ1.U_CTL                                                                                   |                                                                                               split_d_ila_xsdbs_v1_0_4_reg_ctl |          3 |          3 |       0 |    0 |    16 |      0 |      0 |    0 |          0 |
|           reg_stream_ffe                                                                                         |                                                                            split_d_ila_xsdbs_v1_0_4_reg_stream__parameterized0 |          3 |          3 |       0 |    0 |    16 |      0 |      0 |    0 |          0 |
|             (reg_stream_ffe)                                                                                     |                                                                            split_d_ila_xsdbs_v1_0_4_reg_stream__parameterized0 |          3 |          3 |       0 |    0 |     0 |      0 |      0 |    0 |          0 |
|             I_EN_STAT_EQ1.U_STAT                                                                                 |                                                                                              split_d_ila_xsdbs_v1_0_4_reg_stat |          0 |          0 |       0 |    0 |    16 |      0 |      0 |    0 |          0 |
|         u_ila_reset_ctrl                                                                                         |                                                                                         split_d_ila_ila_v6_2_16_ila_reset_ctrl |          9 |          9 |       0 |    0 |    34 |      0 |      0 |    0 |          0 |
|           (u_ila_reset_ctrl)                                                                                     |                                                                                         split_d_ila_ila_v6_2_16_ila_reset_ctrl |          3 |          3 |       0 |    0 |     8 |      0 |      0 |    0 |          0 |
|           arm_detection_inst                                                                                     |                                                                                 split_d_ila_ltlib_v1_0_2_rising_edge_detection |          1 |          1 |       0 |    0 |     3 |      0 |      0 |    0 |          0 |
|           asyncrounous_transfer.arm_in_transfer_inst                                                             |                                                                                    split_d_ila_ltlib_v1_0_2_async_edge_xfer__2 |          1 |          1 |       0 |    0 |     5 |      0 |      0 |    0 |          0 |
|           asyncrounous_transfer.arm_out_transfer_inst                                                            |                                                                                    split_d_ila_ltlib_v1_0_2_async_edge_xfer__3 |          1 |          1 |       0 |    0 |     5 |      0 |      0 |    0 |          0 |
|           asyncrounous_transfer.halt_in_transfer_inst                                                            |                                                                                    split_d_ila_ltlib_v1_0_2_async_edge_xfer__1 |          1 |          1 |       0 |    0 |     5 |      0 |      0 |    0 |          0 |
|           asyncrounous_transfer.halt_out_transfer_inst                                                           |                                                                                       split_d_ila_ltlib_v1_0_2_async_edge_xfer |          1 |          1 |       0 |    0 |     5 |      0 |      0 |    0 |          0 |
|           halt_detection_inst                                                                                    |                                                                              split_d_ila_ltlib_v1_0_2_rising_edge_detection__1 |          1 |          1 |       0 |    0 |     3 |      0 |      0 |    0 |          0 |
|         u_trig                                                                                                   |                                                                                            split_d_ila_ila_v6_2_16_ila_trigger |        156 |         67 |       0 |   89 |   291 |      0 |      0 |    0 |          0 |
|           (u_trig)                                                                                               |                                                                                            split_d_ila_ila_v6_2_16_ila_trigger |          1 |          1 |       0 |    0 |     1 |      0 |      0 |    0 |          0 |
|           N_DDR_TC.N_DDR_TC_INST[0].U_TC                                                                         |                                                                                                 split_d_ila_ltlib_v1_0_2_match |          5 |          0 |       0 |    5 |    10 |      0 |      0 |    0 |          0 |
|             (N_DDR_TC.N_DDR_TC_INST[0].U_TC)                                                                     |                                                                                                 split_d_ila_ltlib_v1_0_2_match |          0 |          0 |       0 |    0 |     1 |      0 |      0 |    0 |          0 |
|             allx_typeA_match_detection.ltlib_v1_0_2_allx_typeA_inst                                              |                                                                                            split_d_ila_ltlib_v1_0_2_allx_typeA |          5 |          0 |       0 |    5 |     9 |      0 |      0 |    0 |          0 |
|               (allx_typeA_match_detection.ltlib_v1_0_2_allx_typeA_inst)                                          |                                                                                            split_d_ila_ltlib_v1_0_2_allx_typeA |          0 |          0 |       0 |    0 |     8 |      0 |      0 |    0 |          0 |
|               DUT                                                                                                |                                                                                          split_d_ila_ltlib_v1_0_2_all_typeA_22 |          5 |          0 |       0 |    5 |     1 |      0 |      0 |    0 |          0 |
|                 (DUT)                                                                                            |                                                                                          split_d_ila_ltlib_v1_0_2_all_typeA_22 |          1 |          0 |       0 |    1 |     0 |      0 |      0 |    0 |          0 |
|                 I_WHOLE_SLICE.G_SLICE_IDX[0].U_ALL_SRL_SLICE                                                     |                                                                                    split_d_ila_ltlib_v1_0_2_all_typeA_slice_23 |          4 |          0 |       0 |    4 |     1 |      0 |      0 |    0 |          0 |
|           U_TM                                                                                                   |                                                                                         split_d_ila_ila_v6_2_16_ila_trig_match |        150 |         66 |       0 |   84 |   280 |      0 |      0 |    0 |          0 |
|             (U_TM)                                                                                               |                                                                                         split_d_ila_ila_v6_2_16_ila_trig_match |         66 |         66 |       0 |    0 |     0 |      0 |      0 |    0 |          0 |
|             N_DDR_MODE.G_NMU[0].U_M                                                                              |                                                                              split_d_ila_ltlib_v1_0_2_match__parameterized0__1 |          5 |          0 |       0 |    5 |    10 |      0 |      0 |    0 |          0 |
|               (N_DDR_MODE.G_NMU[0].U_M)                                                                          |                                                                              split_d_ila_ltlib_v1_0_2_match__parameterized0__1 |          0 |          0 |       0 |    0 |     1 |      0 |      0 |    0 |          0 |
|               allx_typeA_match_detection.ltlib_v1_0_2_allx_typeA_inst                                            |                                                                         split_d_ila_ltlib_v1_0_2_allx_typeA__parameterized0_19 |          5 |          0 |       0 |    5 |     9 |      0 |      0 |    0 |          0 |
|                 (allx_typeA_match_detection.ltlib_v1_0_2_allx_typeA_inst)                                        |                                                                         split_d_ila_ltlib_v1_0_2_allx_typeA__parameterized0_19 |          0 |          0 |       0 |    0 |     8 |      0 |      0 |    0 |          0 |
|                 DUT                                                                                              |                                                                                          split_d_ila_ltlib_v1_0_2_all_typeA_20 |          5 |          0 |       0 |    5 |     1 |      0 |      0 |    0 |          0 |
|                   (DUT)                                                                                          |                                                                                          split_d_ila_ltlib_v1_0_2_all_typeA_20 |          1 |          0 |       0 |    1 |     0 |      0 |      0 |    0 |          0 |
|                   I_WHOLE_SLICE.G_SLICE_IDX[0].U_ALL_SRL_SLICE                                                   |                                                                                    split_d_ila_ltlib_v1_0_2_all_typeA_slice_21 |          4 |          0 |       0 |    4 |     1 |      0 |      0 |    0 |          0 |
|             N_DDR_MODE.G_NMU[1].U_M                                                                              |                                                                                 split_d_ila_ltlib_v1_0_2_match__parameterized1 |          5 |          0 |       0 |    5 |    18 |      0 |      0 |    0 |          0 |
|               (N_DDR_MODE.G_NMU[1].U_M)                                                                          |                                                                                 split_d_ila_ltlib_v1_0_2_match__parameterized1 |          0 |          0 |       0 |    0 |     1 |      0 |      0 |    0 |          0 |
|               allx_typeA_match_detection.ltlib_v1_0_2_allx_typeA_inst                                            |                                                                            split_d_ila_ltlib_v1_0_2_allx_typeA__parameterized1 |          5 |          0 |       0 |    5 |    17 |      0 |      0 |    0 |          0 |
|                 (allx_typeA_match_detection.ltlib_v1_0_2_allx_typeA_inst)                                        |                                                                            split_d_ila_ltlib_v1_0_2_allx_typeA__parameterized1 |          0 |          0 |       0 |    0 |    16 |      0 |      0 |    0 |          0 |
|                 DUT                                                                                              |                                                                                          split_d_ila_ltlib_v1_0_2_all_typeA_17 |          5 |          0 |       0 |    5 |     1 |      0 |      0 |    0 |          0 |
|                   (DUT)                                                                                          |                                                                                          split_d_ila_ltlib_v1_0_2_all_typeA_17 |          1 |          0 |       0 |    1 |     0 |      0 |      0 |    0 |          0 |
|                   I_WHOLE_SLICE.G_SLICE_IDX[0].U_ALL_SRL_SLICE                                                   |                                                                                    split_d_ila_ltlib_v1_0_2_all_typeA_slice_18 |          4 |          0 |       0 |    4 |     1 |      0 |      0 |    0 |          0 |
|             N_DDR_MODE.G_NMU[2].U_M                                                                              |                                                                                 split_d_ila_ltlib_v1_0_2_match__parameterized2 |          5 |          0 |       0 |    5 |    14 |      0 |      0 |    0 |          0 |
|               (N_DDR_MODE.G_NMU[2].U_M)                                                                          |                                                                                 split_d_ila_ltlib_v1_0_2_match__parameterized2 |          0 |          0 |       0 |    0 |     1 |      0 |      0 |    0 |          0 |
|               allx_typeA_match_detection.ltlib_v1_0_2_allx_typeA_inst                                            |                                                                            split_d_ila_ltlib_v1_0_2_allx_typeA__parameterized2 |          5 |          0 |       0 |    5 |    13 |      0 |      0 |    0 |          0 |
|                 (allx_typeA_match_detection.ltlib_v1_0_2_allx_typeA_inst)                                        |                                                                            split_d_ila_ltlib_v1_0_2_allx_typeA__parameterized2 |          0 |          0 |       0 |    0 |    12 |      0 |      0 |    0 |          0 |
|                 DUT                                                                                              |                                                                                          split_d_ila_ltlib_v1_0_2_all_typeA_15 |          5 |          0 |       0 |    5 |     1 |      0 |      0 |    0 |          0 |
|                   (DUT)                                                                                          |                                                                                          split_d_ila_ltlib_v1_0_2_all_typeA_15 |          1 |          0 |       0 |    1 |     0 |      0 |      0 |    0 |          0 |
|                   I_WHOLE_SLICE.G_SLICE_IDX[0].U_ALL_SRL_SLICE                                                   |                                                                                    split_d_ila_ltlib_v1_0_2_all_typeA_slice_16 |          4 |          0 |       0 |    4 |     1 |      0 |      0 |    0 |          0 |
|             N_DDR_MODE.G_NMU[3].U_M                                                                              |                                                                                 split_d_ila_ltlib_v1_0_2_match__parameterized3 |          9 |          0 |       0 |    9 |    28 |      0 |      0 |    0 |          0 |
|               (N_DDR_MODE.G_NMU[3].U_M)                                                                          |                                                                                 split_d_ila_ltlib_v1_0_2_match__parameterized3 |          0 |          0 |       0 |    0 |     1 |      0 |      0 |    0 |          0 |
|               allx_typeA_match_detection.ltlib_v1_0_2_allx_typeA_inst                                            |                                                                            split_d_ila_ltlib_v1_0_2_allx_typeA__parameterized3 |          9 |          0 |       0 |    9 |    27 |      0 |      0 |    0 |          0 |
|                 (allx_typeA_match_detection.ltlib_v1_0_2_allx_typeA_inst)                                        |                                                                            split_d_ila_ltlib_v1_0_2_allx_typeA__parameterized3 |          0 |          0 |       0 |    0 |    26 |      0 |      0 |    0 |          0 |
|                 DUT                                                                                              |                                                                             split_d_ila_ltlib_v1_0_2_all_typeA__parameterized0 |          9 |          0 |       0 |    9 |     1 |      0 |      0 |    0 |          0 |
|                   (DUT)                                                                                          |                                                                             split_d_ila_ltlib_v1_0_2_all_typeA__parameterized0 |          1 |          0 |       0 |    1 |     0 |      0 |      0 |    0 |          0 |
|                   I_WHOLE_SLICE.G_SLICE_IDX[0].U_ALL_SRL_SLICE                                                   |                                                                    split_d_ila_ltlib_v1_0_2_all_typeA_slice__parameterized0_13 |          4 |          0 |       0 |    4 |     0 |      0 |      0 |    0 |          0 |
|                   I_WHOLE_SLICE.G_SLICE_IDX[1].U_ALL_SRL_SLICE                                                   |                                                                                    split_d_ila_ltlib_v1_0_2_all_typeA_slice_14 |          4 |          0 |       0 |    4 |     1 |      0 |      0 |    0 |          0 |
|             N_DDR_MODE.G_NMU[4].U_M                                                                              |                                                                                 split_d_ila_ltlib_v1_0_2_match__parameterized4 |         17 |          0 |       0 |   17 |    66 |      0 |      0 |    0 |          0 |
|               (N_DDR_MODE.G_NMU[4].U_M)                                                                          |                                                                                 split_d_ila_ltlib_v1_0_2_match__parameterized4 |          0 |          0 |       0 |    0 |     1 |      0 |      0 |    0 |          0 |
|               allx_typeA_match_detection.ltlib_v1_0_2_allx_typeA_inst                                            |                                                                            split_d_ila_ltlib_v1_0_2_allx_typeA__parameterized4 |         17 |          0 |       0 |   17 |    65 |      0 |      0 |    0 |          0 |
|                 (allx_typeA_match_detection.ltlib_v1_0_2_allx_typeA_inst)                                        |                                                                            split_d_ila_ltlib_v1_0_2_allx_typeA__parameterized4 |          0 |          0 |       0 |    0 |    64 |      0 |      0 |    0 |          0 |
|                 DUT                                                                                              |                                                                             split_d_ila_ltlib_v1_0_2_all_typeA__parameterized1 |         17 |          0 |       0 |   17 |     1 |      0 |      0 |    0 |          0 |
|                   (DUT)                                                                                          |                                                                             split_d_ila_ltlib_v1_0_2_all_typeA__parameterized1 |          1 |          0 |       0 |    1 |     0 |      0 |      0 |    0 |          0 |
|                   I_WHOLE_SLICE.G_SLICE_IDX[0].U_ALL_SRL_SLICE                                                   |                                                                     split_d_ila_ltlib_v1_0_2_all_typeA_slice__parameterized0_9 |          4 |          0 |       0 |    4 |     0 |      0 |      0 |    0 |          0 |
|                   I_WHOLE_SLICE.G_SLICE_IDX[1].U_ALL_SRL_SLICE                                                   |                                                                    split_d_ila_ltlib_v1_0_2_all_typeA_slice__parameterized0_10 |          4 |          0 |       0 |    4 |     0 |      0 |      0 |    0 |          0 |
|                   I_WHOLE_SLICE.G_SLICE_IDX[2].U_ALL_SRL_SLICE                                                   |                                                                    split_d_ila_ltlib_v1_0_2_all_typeA_slice__parameterized0_11 |          4 |          0 |       0 |    4 |     0 |      0 |      0 |    0 |          0 |
|                   I_WHOLE_SLICE.G_SLICE_IDX[3].U_ALL_SRL_SLICE                                                   |                                                                                    split_d_ila_ltlib_v1_0_2_all_typeA_slice_12 |          4 |          0 |       0 |    4 |     1 |      0 |      0 |    0 |          0 |
|             N_DDR_MODE.G_NMU[5].U_M                                                                              |                                                                                 split_d_ila_ltlib_v1_0_2_match__parameterized0 |          5 |          0 |       0 |    5 |    10 |      0 |      0 |    0 |          0 |
|               (N_DDR_MODE.G_NMU[5].U_M)                                                                          |                                                                                 split_d_ila_ltlib_v1_0_2_match__parameterized0 |          0 |          0 |       0 |    0 |     1 |      0 |      0 |    0 |          0 |
|               allx_typeA_match_detection.ltlib_v1_0_2_allx_typeA_inst                                            |                                                                            split_d_ila_ltlib_v1_0_2_allx_typeA__parameterized0 |          5 |          0 |       0 |    5 |     9 |      0 |      0 |    0 |          0 |
|                 (allx_typeA_match_detection.ltlib_v1_0_2_allx_typeA_inst)                                        |                                                                            split_d_ila_ltlib_v1_0_2_allx_typeA__parameterized0 |          0 |          0 |       0 |    0 |     8 |      0 |      0 |    0 |          0 |
|                 DUT                                                                                              |                                                                                           split_d_ila_ltlib_v1_0_2_all_typeA_7 |          5 |          0 |       0 |    5 |     1 |      0 |      0 |    0 |          0 |
|                   (DUT)                                                                                          |                                                                                           split_d_ila_ltlib_v1_0_2_all_typeA_7 |          1 |          0 |       0 |    1 |     0 |      0 |      0 |    0 |          0 |
|                   I_WHOLE_SLICE.G_SLICE_IDX[0].U_ALL_SRL_SLICE                                                   |                                                                                     split_d_ila_ltlib_v1_0_2_all_typeA_slice_8 |          4 |          0 |       0 |    4 |     1 |      0 |      0 |    0 |          0 |
|             N_DDR_MODE.G_NMU[6].U_M                                                                              |                                                                                 split_d_ila_ltlib_v1_0_2_match__parameterized5 |         33 |          0 |       0 |   33 |   130 |      0 |      0 |    0 |          0 |
|               (N_DDR_MODE.G_NMU[6].U_M)                                                                          |                                                                                 split_d_ila_ltlib_v1_0_2_match__parameterized5 |          0 |          0 |       0 |    0 |     1 |      0 |      0 |    0 |          0 |
|               allx_typeA_match_detection.ltlib_v1_0_2_allx_typeA_inst                                            |                                                                            split_d_ila_ltlib_v1_0_2_allx_typeA__parameterized5 |         33 |          0 |       0 |   33 |   129 |      0 |      0 |    0 |          0 |
|                 (allx_typeA_match_detection.ltlib_v1_0_2_allx_typeA_inst)                                        |                                                                            split_d_ila_ltlib_v1_0_2_allx_typeA__parameterized5 |          0 |          0 |       0 |    0 |   128 |      0 |      0 |    0 |          0 |
|                 DUT                                                                                              |                                                                             split_d_ila_ltlib_v1_0_2_all_typeA__parameterized2 |         33 |          0 |       0 |   33 |     1 |      0 |      0 |    0 |          0 |
|                   (DUT)                                                                                          |                                                                             split_d_ila_ltlib_v1_0_2_all_typeA__parameterized2 |          1 |          0 |       0 |    1 |     0 |      0 |      0 |    0 |          0 |
|                   I_WHOLE_SLICE.G_SLICE_IDX[0].U_ALL_SRL_SLICE                                                   |                                                                       split_d_ila_ltlib_v1_0_2_all_typeA_slice__parameterized0 |          4 |          0 |       0 |    4 |     0 |      0 |      0 |    0 |          0 |
|                   I_WHOLE_SLICE.G_SLICE_IDX[1].U_ALL_SRL_SLICE                                                   |                                                                     split_d_ila_ltlib_v1_0_2_all_typeA_slice__parameterized0_0 |          4 |          0 |       0 |    4 |     0 |      0 |      0 |    0 |          0 |
|                   I_WHOLE_SLICE.G_SLICE_IDX[2].U_ALL_SRL_SLICE                                                   |                                                                     split_d_ila_ltlib_v1_0_2_all_typeA_slice__parameterized0_1 |          4 |          0 |       0 |    4 |     0 |      0 |      0 |    0 |          0 |
|                   I_WHOLE_SLICE.G_SLICE_IDX[3].U_ALL_SRL_SLICE                                                   |                                                                     split_d_ila_ltlib_v1_0_2_all_typeA_slice__parameterized0_2 |          4 |          0 |       0 |    4 |     0 |      0 |      0 |    0 |          0 |
|                   I_WHOLE_SLICE.G_SLICE_IDX[4].U_ALL_SRL_SLICE                                                   |                                                                     split_d_ila_ltlib_v1_0_2_all_typeA_slice__parameterized0_3 |          4 |          0 |       0 |    4 |     0 |      0 |      0 |    0 |          0 |
|                   I_WHOLE_SLICE.G_SLICE_IDX[5].U_ALL_SRL_SLICE                                                   |                                                                     split_d_ila_ltlib_v1_0_2_all_typeA_slice__parameterized0_4 |          4 |          0 |       0 |    4 |     0 |      0 |      0 |    0 |          0 |
|                   I_WHOLE_SLICE.G_SLICE_IDX[6].U_ALL_SRL_SLICE                                                   |                                                                     split_d_ila_ltlib_v1_0_2_all_typeA_slice__parameterized0_5 |          4 |          0 |       0 |    4 |     0 |      0 |      0 |    0 |          0 |
|                   I_WHOLE_SLICE.G_SLICE_IDX[7].U_ALL_SRL_SLICE                                                   |                                                                                     split_d_ila_ltlib_v1_0_2_all_typeA_slice_6 |          4 |          0 |       0 |    4 |     1 |      0 |      0 |    0 |          0 |
|             N_DDR_MODE.G_NMU[7].U_M                                                                              |                                                                                 split_d_ila_ltlib_v1_0_2_match__parameterized6 |          5 |          0 |       0 |    5 |     4 |      0 |      0 |    0 |          0 |
|               (N_DDR_MODE.G_NMU[7].U_M)                                                                          |                                                                                 split_d_ila_ltlib_v1_0_2_match__parameterized6 |          0 |          0 |       0 |    0 |     1 |      0 |      0 |    0 |          0 |
|               allx_typeA_match_detection.ltlib_v1_0_2_allx_typeA_inst                                            |                                                                            split_d_ila_ltlib_v1_0_2_allx_typeA__parameterized6 |          5 |          0 |       0 |    5 |     3 |      0 |      0 |    0 |          0 |
|                 (allx_typeA_match_detection.ltlib_v1_0_2_allx_typeA_inst)                                        |                                                                            split_d_ila_ltlib_v1_0_2_allx_typeA__parameterized6 |          0 |          0 |       0 |    0 |     2 |      0 |      0 |    0 |          0 |
|                 DUT                                                                                              |                                                                                             split_d_ila_ltlib_v1_0_2_all_typeA |          5 |          0 |       0 |    5 |     1 |      0 |      0 |    0 |          0 |
|                   (DUT)                                                                                          |                                                                                             split_d_ila_ltlib_v1_0_2_all_typeA |          1 |          0 |       0 |    1 |     0 |      0 |      0 |    0 |          0 |
|                   I_WHOLE_SLICE.G_SLICE_IDX[0].U_ALL_SRL_SLICE                                                   |                                                                                       split_d_ila_ltlib_v1_0_2_all_typeA_slice |          4 |          0 |       0 |    4 |     1 |      0 |      0 |    0 |          0 |
|         xsdb_memory_read_inst                                                                                    |                                                                                         split_d_ila_ltlib_v1_0_2_generic_memrd |         80 |         78 |       0 |    2 |   157 |      0 |      0 |    0 |          0 |
|   u_vio                                                                                                          |                                                                                                                    split_d_vio |        499 |        499 |       0 |    0 |   932 |      0 |      0 |    0 |          0 |
|     (u_vio)                                                                                                      |                                                                                                                    split_d_vio |          0 |          0 |       0 |    0 |     0 |      0 |      0 |    0 |          0 |
|     inst                                                                                                         |                                                                                                    split_d_vio_vio_v3_0_26_vio |        499 |        499 |       0 |    0 |   932 |      0 |      0 |    0 |          0 |
|       (inst)                                                                                                     |                                                                                                    split_d_vio_vio_v3_0_26_vio |          0 |          0 |       0 |    0 |    16 |      0 |      0 |    0 |          0 |
|       DECODER_INST                                                                                               |                                                                                                split_d_vio_vio_v3_0_26_decoder |         29 |         29 |       0 |    0 |    50 |      0 |      0 |    0 |          0 |
|       PROBE_IN_INST                                                                                              |                                                                                           split_d_vio_vio_v3_0_26_probe_in_one |        385 |        385 |       0 |    0 |   687 |      0 |      0 |    0 |          0 |
|       PROBE_IN_WIDTH_INST                                                                                        |                                                                                            split_d_vio_vio_v3_0_26_probe_width |          4 |          4 |       0 |    0 |     9 |      0 |      0 |    0 |          0 |
|       PROBE_OUT_ALL_INST                                                                                         |                                                                                          split_d_vio_vio_v3_0_26_probe_out_all |          4 |          4 |       0 |    0 |     9 |      0 |      0 |    0 |          0 |
|         (PROBE_OUT_ALL_INST)                                                                                     |                                                                                          split_d_vio_vio_v3_0_26_probe_out_all |          2 |          2 |       0 |    0 |     5 |      0 |      0 |    0 |          0 |
|         G_PROBE_OUT[0].PROBE_OUT0_INST                                                                           |                                                                                          split_d_vio_vio_v3_0_26_probe_out_one |          1 |          1 |       0 |    0 |     2 |      0 |      0 |    0 |          0 |
|         G_PROBE_OUT[1].PROBE_OUT0_INST                                                                           |                                                                                        split_d_vio_vio_v3_0_26_probe_out_one_0 |          1 |          1 |       0 |    0 |     2 |      0 |      0 |    0 |          0 |
|       U_XSDB_SLAVE                                                                                               |                                                                                                 split_d_vio_xsdbs_v1_0_4_xsdbs |         77 |         77 |       0 |    0 |   161 |      0 |      0 |    0 |          0 |
+------------------------------------------------------------------------------------------------------------------+--------------------------------------------------------------------------------------------------------------------------------+------------+------------+---------+------+-------+--------+--------+------+------------+
* Note: The sum of lower-level cells may be larger than their parent cells total, due to cross-hierarchy LUT combining


