100000000b7f1b7e0b24c37980000100
100000008af74adab338a37570000100
100000010290fb77f2c00ae2c0000100
100000018b552b5c035ba35670000100
100100000377526cf36ce34430000100
100100008b67e28b53202b6df0000100
100100010b10ab47eb757b0e30000100
100100018a91529b4ae1d379b0000100
100200000b5a03161b317b33e0000100
1002000083803b9d8b188b4770000100
100200010a78937692ac8b72d0000100
1002000183a43346e2d6bb0010000100
6002ffff800000000123456780000a00
20000001000000000000000000000100
20000001400000000000000000000100
20000001c00000000001000000000100
20000002000000000000000000000100
20000002800000000002000000000100
20000002c00000000000000000000100
20000003400000000003000000000100
20000003800000000000000000000100
20000004000000000000000010000100
20000004800000000000000000000100
20000000000000000000000010000100
50000000000000002000000020000100
400000050000000ff000000000000100
3002ffff800000000123456780000100
300300000be62e000be67c0000000100
300300008beb400003e2c20000000100
300300010be310000be8ee0000000100
3003000183f006000bf3b00000000100
3003000203d590000bee5a0000000100
300300028bcf120003eed20000000100
3003000303dad6000be0020000000100
3003000383f4860003e8dc0000000100
30030004000000000123456780000100
300000000b7f1b7e0b24c37980000100
300000008af74adab338a37570000100
300000010290fb77f2c00ae2c0000100
300000018b552b5c035ba35670000100
300100000377526cf36ce34430000100
300100008b67e28b53202b6df0000100
300100010b10ab47eb757b0e30000100
300100018a91529b4ae1d379b0000100
300200000b5a03161b317b33e0000100
3002000083803b9d8b188b4770000100
300200010a78937692ac8b72d0000100
3002000183a43346e2d6bb0010000100
80000000000000000000000000000100
10000000037a69dc934f737180000100
100000008b41e37052c7d36110000100
1000000103654b5dd28b61d220000100
1000000183064365537d6b4860000100
10000002037ecb2fb3511adb60000100
1000000283293376f2cbe36a80000100
100000030b795310d2602373a0000100
100000038b76d2791b5b7b7b50000100
1001000003248b2b43324b24f0000100
100100008b518377b2eb3310e0000100
1001000102dddb431a5d4a4910000100
100100018305f1d813127368e0000100
100100020b46db772b08e2f3e0000100
10010002830ec370fb0d9b0480000100
100100030b42eb6b9af31351b0000100
100100038afa3b6b12e45b4240000100
1002000003c003c003c003c000000100
1002000083c003c003c003c000000100
1002000103c003c003c003c000000100
1002000183c003c003c003c000000100
1002000203c003c003c003c000000100
1002000283c003c003c003c000000100
1002000303c003c003c003c000000100
1002000383c003c003c003c000000100
6002ffff800000000123456780001200
20000001000000000000000000000100
20000001400000000000000000000100
20000001c00000000001000000000100
20000002000000000000000000000100
20000002800000000002000000000100
20000002c00000000000000000000100
20000003400000000003000000000100
20000003800000000000000000000100
20000004000000000000000020000100
20000004800000000000000000000100
20000000000000000000000010000100
50000000000000002000000020000100
400000050000000ff000000000000100
3002ffff800000000123456780000100
3003000003f7fffff3f7fffff0000100
3003000083f7fffff3f7fffff0000100
3003000103f7fffff3f7fffff0000100
3003000183f7fffff3f7fffff0000100
3003000203f7fffff3f7fffff0000100
3003000283f7fffff3f7fffff0000100
3003000303f7fffff3f7fffff0000100
3003000383f7fffff3f7fffff0000100
3003000403f8000003f8000000000100
3003000483f8000003f8000000000100
3003000503f8000003f8000000000100
3003000583f8000003f8000000000100
3003000603f8000003f8000000000100
3003000683f8000003f8000000000100
3003000703f8000003f8000000000100
3003000783f8000003f8000000000100
30030008000000000123456780000100
30000000037a69dc934f737180000100
300000008b41e37052c7d36110000100
3000000103654b5dd28b61d220000100
3000000183064365537d6b4860000100
30000002037ecb2fb3511adb60000100
3000000283293376f2cbe36a80000100
300000030b795310d2602373a0000100
300000038b76d2791b5b7b7b50000100
3001000003248b2b43324b24f0000100
300100008b518377b2eb3310e0000100
3001000102dddb431a5d4a4910000100
300100018305f1d813127368e0000100
300100020b46db772b08e2f3e0000100
30010002830ec370fb0d9b0480000100
300100030b42eb6b9af31351b0000100
300100038afa3b6b12e45b4240000100
3002000003c003c003c003c000000100
3002000083c003c003c003c000000100
3002000103c003c003c003c000000100
3002000183c003c003c003c000000100
3002000203c003c003c003c000000100
3002000283c003c003c003c000000100
3002000303c003c003c003c000000100
3002000383c003c003c003c000000100
80000000000000000000000000000100
1000000000000000000003c000000100
10000000800000000000000000000100
10000001000000000000000000000100
10000001800000000000000000000100
1000000200000000000003c000000100
10000002800000000000000000000100
10000003000000000000000000000100
10000003800000000000000000000100
10010000000000000000038000000100
10010000800000000000000000000100
10010001000000000000000000000100
10010001800000000000000000000100
100100020000000000000b8000000100
10010002800000000000000000000100
10010003000000000000000000000100
10010003800000000000000000000100
1002000000000000000003c000000100
10020000800000000000000000000100
10020001000000000000000000000100
10020001800000000000000000000100
100200020000000003c0000000000100
10020002800000000000000000000100
10020003000000000000000000000100
10020003800000000000000000000100
6002ffff800000000123456780001200
20000001000000000000000000000100
20000001400000000000000000000100
20000001c00000000001000000000100
20000002000000000000000000000100
20000002800000000002000000000100
20000002c00000000000000000000100
20000003400000000003000000000100
20000003800000000000000000000100
20000004000000000000000020000100
20000004800000000000000000000100
20000000000000000000000010000100
50000000000000002000000020000100
400000050000000ff000000000000100
3002ffff800000000123456780000100
3003000003ee03ef23f0fe0870000100
30030000800000000000000000000100
30030001000000000000000000000100
30030001800000000000000000000100
30030002000000000000000000000100
30030002800000000000000000000100
30030003000000000000000000000100
30030003800000000000000000000100
3003000403ee03ef23f0fe0870000100
30030004800000000000000000000100
30030005000000000000000000000100
30030005800000000000000000000100
30030006000000000000000000000100
30030006800000000000000000000100
30030007000000000000000000000100
30030007800000000000000000000100
30030008000000000123456780000100
3000000000000000000003c000000100
30000000800000000000000000000100
30000001000000000000000000000100
30000001800000000000000000000100
3000000200000000000003c000000100
30000002800000000000000000000100
30000003000000000000000000000100
30000003800000000000000000000100
30010000000000000000038000000100
30010000800000000000000000000100
30010001000000000000000000000100
30010001800000000000000000000100
300100020000000000000b8000000100
30010002800000000000000000000100
30010003000000000000000000000100
30010003800000000000000000000100
3002000000000000000003c000000100
30020000800000000000000000000100
30020001000000000000000000000100
30020001800000000000000000000100
300200020000000003c0000000000100
30020002800000000000000000000100
30020003000000000000000000000100
30020003800000000000000000000100
80000000000000000000000000000100
10000000000000000000000000000100
10000000800000000000000000000100
10000001000000000000000000000100
1000000183c000000000000000000100
10000002000000000000000000000100
10000002800000000000000000000100
10000003000000000000000000000100
1000000383c000000000000000000100
10010000000000000000000000000100
10010000800000000000000000000100
10010001000000000000000000000100
10010001838000000000000000000100
10010002000000000000000000000100
10010002800000000000000000000100
10010003000000000000000000000100
100100038b8000000000000000000100
1002000000000000000003c000000100
10020000800000000000000000000100
10020001000000000000000000000100
10020001800000000000000000000100
100200020000000003c0000000000100
10020002800000000000000000000100
10020003000000000000000000000100
10020003800000000000000000000100
6002ffff800000000123456780001200
20000001000000000000000000000100
20000001400000000000000000000100
20000001c00000000001000000000100
20000002000000000000000000000100
20000002800000000002000000000100
20000002c00000000000000000000100
20000003400000000003000000000100
20000003800000000000000000000100
20000004000000000000000020000100
20000004800000000000000000000100
20000000000000000000000010000100
50000000000000002000000020000100
400000050000000ff000000000000100
3002ffff800000000123456780000100
3003000003ee03ef23f0fe0870000100
30030000800000000000000000000100
30030001000000000000000000000100
30030001800000000000000000000100
30030002000000000000000000000100
30030002800000000000000000000100
30030003000000000000000000000100
30030003800000000000000000000100
3003000403ee03ef23f0fe0870000100
30030004800000000000000000000100
30030005000000000000000000000100
30030005800000000000000000000100
30030006000000000000000000000100
30030006800000000000000000000100
30030007000000000000000000000100
30030007800000000000000000000100
30030008000000000123456780000100
30000000000000000000000000000100
30000000800000000000000000000100
30000001000000000000000000000100
3000000183c000000000000000000100
30000002000000000000000000000100
30000002800000000000000000000100
30000003000000000000000000000100
3000000383c000000000000000000100
30010000000000000000000000000100
30010000800000000000000000000100
30010001000000000000000000000100
30010001838000000000000000000100
30010002000000000000000000000100
30010002800000000000000000000100
30010003000000000000000000000100
300100038b8000000000000000000100
3002000000000000000003c000000100
30020000800000000000000000000100
30020001000000000000000000000100
30020001800000000000000000000100
300200020000000003c0000000000100
30020002800000000000000000000100
30020003000000000000000000000100
30020003800000000000000000000100
80000000000000000000000000000100
1000000002d1837a4369736c60000100
10000000831b83796b6e2ac8f0000100
10000001034f4a81bb278b6a10000100
10000001835be24e1357032d40000100
1000000203574b34e371136790000100
100000028ac9c37663514b5f60000100
1000000302db630d432bd34760000100
100000038b051221932a636b40000100
10000004032ee365aaaf5b5020000100
100000048b33fb3b8b6b9ac520000100
1000000503687b36b338e34b60000100
100000058aee7b4f4b42637e40000100
100000060243fa3e92c14b4d00000100
100000068b266b6702fa9b6ac0000100
100000070b4a4b6b72adb376e0000100
1000000783275b48ab58434130000100
100000080b101b0862babb46b0000100
100000088b291abf2b46636a90000100
100000090aaae3451a3ad368b0000100
10000009835c6b56eb4a930d50000100
1000000a0261935bfa909b6fe0000100
1000000a8b7f937ad2c4faf620000100
1000000b0b77bb4b03504b1630000100
1000000b8b497ac1eb22caf1f0000100
1000000c030fab2d4373c34db0000100
1000000c8b6582e8bb50fb5050000100
1000000d032f3b7a1369435d50000100
1000000d823843504abd1b4300000100
100100000b232b53fb483b51c0000100
100100008b6122ead275534560000100
100100010b62ab7c8a42632ab0000100
100100018b51ca89c326334de0000100
10010002032eab602b7322bda0000100
100100028b4863095b377b66d0000100
100100030361ab31435a933ae0000100
10010003824c1b20b3280a9bb0000100
100100040b17c30e7b5a335f40000100
100100048b49834e2ae8633f80000100
100100050b2cab52931f836150000100
100100058358335e3aa17b0200000100
100100060b443b549b7f6b19d0000100
1001000683407991532f5ae2c0000100
100100070b64e3441b2bb2fd10000100
1001000783028b635b10a34c00000100
100100080ab9bae1bb379ac030000100
10010008832c5371929a12c5c0000100
100100090b79fb511a09e371e0000100
100100098b5b12941b0d4aede0000100
1001000a03043b1caa3cbb5c20000100
1001000a8ae523430b582b7290000100
1001000b03273b501b74b37b50000100
1001000b8b5383191344da3f50000100
1001000c096713636b0f3b5370000100
1001000c82e2fb606b623372a0000100
1001000d0aed63770b1d02ae20000100
1001000d8b6b7b190b5191aaa0000100
100200000b8aeb587bb7c378f0000100
100200008ba8eb9bda44b2d370000100
100200010b656a8dca7c6b8200000100
100200018b5132403bb583b930000100
100200020b3d0bbe5386cbb620000100
100200028b520ba4abbbf2dde0000100
100200030ba81336539993abd0000100
10020003822fdbb20bbf53bc70000100
1002000402f0837a33b9c30550000100
100200048bbdeb5d638eeb6040000100
100200050b4a6317f36183ba20000100
100200058b985b446334c38190000100
100200060bb0439a8b8e2301a0000100
100200068397d34a4bba9b1310000100
100200070b82f3169b4ee386c0000100
10020007838dbb6a437063b1d0000100
100200080bbea39a338dd376d0000100
100200088b9272e44b9e2b9860000100
100200090aacbbb85aa95b93e0000100
10020009833ebb8512fcdb0050000100
1002000a03b48adf5ac2cb9e50000100
1002000a83362b9edba52bbf40000100
1002000b0b8403ad33b2b357f0000100
1002000b8bab7b81b3005b8350000100
1002000c03784b8bc3834b4c40000100
1002000c8b8773b813bc5399b0000100
1002000d03bb3b9a1b743ba4c0000100
1002000d83a50a8afb4773b5a0000100
6002ffff800000000123456780003a00
20000001000000000000000000000100
20000001400000000000000000000100
20000001c00000000001000000000100
20000002000000000000000000000100
20000002800000000002000000000100
20000002c00000000000000000000100
20000003400000000003000000000100
20000003800000000000000000000100
20000004000000000000000070000100
20000004800000000000000000000100
20000000000000000000000010000100
50000000000000002000000020000100
400000050000000ff000000000000100
3002ffff800000000123456780000100
3003000003e316d88be03b15c0000100
300300008be111d08bccce4550000100
300300010be864cccbe50d84f0000100
300300018beb23b54be4908f10000100
3003000203e3cbb593e056a170000100
300300028be759042bc9ae1620000100
300300030be35d9f53eff01340000100
300300038bd49ffb4bec4f2ea0000100
3003000403e165119bdf872c10000100
300300048be34ff21bc9c48060000100
300300050be9fd447be60bf990000100
300300058beac28cebe62f8230000100
3003000603e43e82a3e07d63e0000100
300300068be8a76a0bc5ddeab0000100
300300070be40d0ca3efd0f610000100
300300078bd58f69cbeca69680000100
3003000803e1a49d3be085c7e0000100
300300088be13c343bd62be980000100
300300090be842f42be3560540000100
300300098beb10dbbbe3dd1650000100
3003000a03e2d9cd83dc9e1a80000100
3003000a8be673d9bbd0049be0000100
3003000b0be5043693f04bc3b0000100
3003000b8bcd30c2ebec1c9ce0000100
3003000c03e00d87dbdd4d7000000100
3003000c8be3d8cb5bc6801df0000100
3003000d0be942601be4c18ae0000100
3003000d8beab00f3be475db40000100
3003000e03e278e9a3ddc0b790000100
3003000e8be7f70dfbcea55fb0000100
3003000f0be3d59c13f0323360000100
3003000f8bcf830ecbec280940000100
3003001003e0ea778bdcb8f630000100
300300108be345618bc89b1a50000100
300300110be7c8afcbe307a740000100
300300118beaf4f08be220d720000100
3003001203e0face63dbeb7240000100
300300128be5e1992bd4693bb0000100
300300130be3721f13f0821460000100
300300138bbbf2f32bebc4ddc0000100
3003001403e12d5f9bdb66b640000100
300300148be3d3ef4bc51c2cd0000100
300300150be86a6c0be4c52340000100
300300158bebba81bbe46e44d0000100
3003001603e24d1dc3dafd94f0000100
300300168be70917fbd46a0620000100
300300170be432be43f01667c0000100
300300178bd1dffe2bebedf3f0000100
3003001803e37cc24be0a45930000100
300300188be1697a9bd1bf8b30000100
300300190be941f94be670dba0000100
300300198bebc306bbe7d4e090000100
3003001a03e5e65713e17b6a20000100
3003001a8be8c027abb5bbbcf0000100
3003001b0be4ed72f3ef7dee30000100
3003001b8bdb18918becb98140000100
3003001c000000000123456780000100
3000000002d1837a4369736c60000100
30000000831b83796b6e2ac8f0000100
30000001034f4a81bb278b6a10000100
30000001835be24e1357032d40000100
3000000203574b34e371136790000100
300000028ac9c37663514b5f60000100
3000000302db630d432bd34760000100
300000038b051221932a636b40000100
30000004032ee365aaaf5b5020000100
300000048b33fb3b8b6b9ac520000100
3000000503687b36b338e34b60000100
300000058aee7b4f4b42637e40000100
300000060243fa3e92c14b4d00000100
300000068b266b6702fa9b6ac0000100
300000070b4a4b6b72adb376e0000100
3000000783275b48ab58434130000100
300000080b101b0862babb46b0000100
300000088b291abf2b46636a90000100
300000090aaae3451a3ad368b0000100
30000009835c6b56eb4a930d50000100
3000000a0261935bfa909b6fe0000100
3000000a8b7f937ad2c4faf620000100
3000000b0b77bb4b03504b1630000100
3000000b8b497ac1eb22caf1f0000100
3000000c030fab2d4373c34db0000100
3000000c8b6582e8bb50fb5050000100
3000000d032f3b7a1369435d50000100
3000000d823843504abd1b4300000100
300100000b232b53fb483b51c0000100
300100008b6122ead275534560000100
300100010b62ab7c8a42632ab0000100
300100018b51ca89c326334de0000100
30010002032eab602b7322bda0000100
300100028b4863095b377b66d0000100
300100030361ab31435a933ae0000100
30010003824c1b20b3280a9bb0000100
300100040b17c30e7b5a335f40000100
300100048b49834e2ae8633f80000100
300100050b2cab52931f836150000100
300100058358335e3aa17b0200000100
300100060b443b549b7f6b19d0000100
3001000683407991532f5ae2c0000100
300100070b64e3441b2bb2fd10000100
3001000783028b635b10a34c00000100
300100080ab9bae1bb379ac030000100
30010008832c5371929a12c5c0000100
300100090b79fb511a09e371e0000100
300100098b5b12941b0d4aede0000100
3001000a03043b1caa3cbb5c20000100
3001000a8ae523430b582b7290000100
3001000b03273b501b74b37b50000100
3001000b8b5383191344da3f50000100
3001000c096713636b0f3b5370000100
3001000c82e2fb606b623372a0000100
3001000d0aed63770b1d02ae20000100
3001000d8b6b7b190b5191aaa0000100
300200000b8aeb587bb7c378f0000100
300200008ba8eb9bda44b2d370000100
300200010b656a8dca7c6b8200000100
300200018b5132403bb583b930000100
300200020b3d0bbe5386cbb620000100
300200028b520ba4abbbf2dde0000100
300200030ba81336539993abd0000100
30020003822fdbb20bbf53bc70000100
3002000402f0837a33b9c30550000100
300200048bbdeb5d638eeb6040000100
300200050b4a6317f36183ba20000100
300200058b985b446334c38190000100
300200060bb0439a8b8e2301a0000100
300200068397d34a4bba9b1310000100
300200070b82f3169b4ee386c0000100
30020007838dbb6a437063b1d0000100
300200080bbea39a338dd376d0000100
300200088b9272e44b9e2b9860000100
300200090aacbbb85aa95b93e0000100
30020009833ebb8512fcdb0050000100
3002000a03b48adf5ac2cb9e50000100
3002000a83362b9edba52bbf40000100
3002000b0b8403ad33b2b357f0000100
3002000b8bab7b81b3005b8350000100
3002000c03784b8bc3834b4c40000100
3002000c8b8773b813bc5399b0000100
3002000d03bb3b9a1b743ba4c0000100
3002000d83a50a8afb4773b5a0000100
80000000000000000000000000000100
10000000029be3466361334f60000100
100000008b74c361ca1f021ef0000100
100000010b692b76c33d834390000100
10000001836cbaa523725a8d20000100
100000020ad2433ba277db2dd0000100
100000028371b2d9aa9fb35250000100
100000030b04b352ab590b7d50000100
100000038ae7a35882e9936490000100
10000004034bf2ec7b55eb0dc0000100
100000048331b2f962ca6343b0000100
10000005032d72fef9db3a7250000100
100000058b71eb52435a8307c0000100
100000060b365b50a3600331e0000100
1000000682947b767b5ea2a7e0000100
10000007031603570adfbb56c0000100
10000007833192f0233b1312a0000100
10000008030543446276233950000100
100000088b1992ac3357bb6b50000100
100000090374ab5ee2cadb0390000100
1000000983239b5d534ceb3560000100
1000000a0ac54b7bcb1be31250000100
1000000a837db372237e837840000100
1000000b0b141b2dab624b06e0000100
1000000b837a6b41ab6c8b2600000100
1000000c0a3fb3722b53db72c0000100
1000000c8b619aedeac5237300000100
1000000d0b00f2e602c1a32930000100
1000000d83321b4b0b60bb0180000100
100100000b5cfb50f3619b37f0000100
100100008326eab4e35e9b0ee0000100
100100010333b31e5aaa7b7420000100
10010001837dbb018af2db4d80000100
100100020b7e332a4b30c37170000100
100100028307137ea332d32630000100
1001000302454377d363e362b0000100
1001000382c0730b6b016b70a0000100
10010004035e0304a2845afcc0000100
100100048b232b63a3775b40b0000100
100100050b5a4b4e4b0e637de0000100
100100058b373b619b45234a90000100
1001000602ed62d3ab2afb1cf0000100
100100068b082af7b32de345a0000100
100100070350db6cd27f935bf0000100
100100078b2bb33a6b0b8a65f0000100
100100080b0d834d437e4b5640000100
100100088b111b0b9b7b2313e0000100
1001000902e57b67bb6849f540000100
100100098b748b509b7fa34670000100
1001000a02e96350fb7af34ff0000100
1001000a826f3b709359ab1430000100
1001000b0b11b36433379ad210000100
1001000b831c136eba9f333b40000100
1001000c0b492b71b2c66343d0000100
1001000c8b74636d93647b5320000100
1001000d0b499a648b79236af0000100
1001000d83355b78432ce367c0000100
10020000029d13abc27bdbb340000100
100200008b7c43a2e3a55b4600000100
100200010b01bbaeeb73e3b5f0000100
1002000183b6b3908397b37f80000100
100200020b0cdaf5530ac39b50000100
100200028b6e33af4b6b039e70000100
100200030b9e8b4e7a97d392b0000100
100200038ba4339fab008b8810000100
10020004037a4bb10babb33b40000100
1002000482f99ba1fb49638360000100
1002000503a9135d3ba273a910000100
1002000583374bbdc307d319d0000100
100200060b78e326fa8e637470000100
1002000683a533a7ea83a38850000100
100200070b426af9daff5b8ea0000100
100200078304fa894bbff351e0000100
1002000803a73b54bb46330bd0000100
100200088b549353e30f42e1c0000100
1002000902c31b808b970b2e60000100
100200098bb1a38e3b72db94c0000100
1002000a0b8aeb7b5b60a38750000100
1002000a8313f21b8bb5c385b0000100
1002000b039f9b4a3b67336800000100
1002000b8b5f639a13825b75c0000100
1002000c0ba153ae03908b5220000100
1002000c83a07ba15392a2d280000100
1002000d0b84331cabacd37d70000100
1002000d8bb83ba6f3bcaab290000100
6002ffff800000000123456780003a00
20000001000000000000000000000100
20000001400000000000000000000100
20000001c00000000001000000000100
20000002000000000000000000000100
20000002800000000002000000000100
20000002c00000000000000000000100
20000003400000000003000000000100
20000003800000000000000000000100
20000004000000000000000070000100
20000004800000000000000010000100
20000000000000000000000010000100
50000000000000002000000020000100
400000050000000ff000000000000100
3002ffff800000000123456780000100
3003000003cf7a000bf6680000000100
3003000083d3a20003f5780000000100
3003000103f4aa000be8c00000000100
300300018bef880003f45c0000000100
300300020bee7c0003f6be0000000100
300300028be036000bf5dc0000000100
3003000303f2f60003eff00000000100
3003000383f6d60003f2100000000100
3003000403db0d833bdf1cd710000100
300300048bd4a007b3ec19fdf0000100
3003000503e5219a13e5dfd530000100
300300058beeadd953f51bf900000100
300300060be820b713f49b2b10000100
300300068bed9171ebf1846650000100
3003000703e9571f5bc85b4e80000100
3003000783dc94d063f2faa220000100
300300080be70ed923d2dbfcb0000100
3003000883e05a934bdaa85000000100
3003000903be5b54f3eb1a5ac0000100
300300098be82f2383e8919e10000100
3003000a0bed9a02c3f4b1bcb0000100
3003000a8bb1736babe7d8a320000100
3003000b03e62908d3ce201a80000100
3003000b83ddd6f613dd879990000100
3003000c0be1fbb973d9109d40000100
3003000c8bccf70f93d8697ed0000100
3003000d03d6c7c433eb42ba50000100
3003000d8bd0fb83b3ee9132d0000100
3003000e0beb206c13ef128c00000100
3003000e8bdbbe038be8c78dc0000100
3003000f0bd02f5c03dfe1ebb0000100
3003000f83e2a47cb3e0a3d2d0000100
300300100be4abe2b3df122370000100
3003001083e0a0066bd4692a20000100
3003001103d47dc9c3ea6e7050000100
300300118bd8322293ecbf86b0000100
300300120bed458db3ea6852d0000100
300300128bd279d2bbe9203190000100
300300130be0b7eefbce1f8410000100
300300138bd421bd53e3a42770000100
300300140be54bc2f3e3340770000100
3003001483c63eb07bdb922dd0000100
300300150bdba5d603eb545e20000100
300300158bd46ab483ebbcb900000100
300300160bece2e393eb5a9270000100
3003001683d61adf2be9ba81d0000100
300300170bca14c20bdc4519c0000100
300300178bdc17c073e9609ff0000100
300300180bdf391463e16ba2d0000100
300300188bd976928bc53dccf0000100
300300190bccd0cd23eabcec90000100
3003001983da57cf83e3f3b620000100
3003001a0bef141613eab72100000100
3003001a83bb09e98be5d39e20000100
3003001b03d9baacabdea8c8c0000100
3003001b8be7c47523e00c4f00000100
3003001c000000000123456780000100
30000000029be3466361334f60000100
300000008b74c361ca1f021ef0000100
300000010b692b76c33d834390000100
30000001836cbaa523725a8d20000100
300000020ad2433ba277db2dd0000100
300000028371b2d9aa9fb35250000100
300000030b04b352ab590b7d50000100
300000038ae7a35882e9936490000100
30000004034bf2ec7b55eb0dc0000100
300000048331b2f962ca6343b0000100
30000005032d72fef9db3a7250000100
300000058b71eb52435a8307c0000100
300000060b365b50a3600331e0000100
3000000682947b767b5ea2a7e0000100
30000007031603570adfbb56c0000100
30000007833192f0233b1312a0000100
30000008030543446276233950000100
300000088b1992ac3357bb6b50000100
300000090374ab5ee2cadb0390000100
3000000983239b5d534ceb3560000100
3000000a0ac54b7bcb1be31250000100
3000000a837db372237e837840000100
3000000b0b141b2dab624b06e0000100
3000000b837a6b41ab6c8b2600000100
3000000c0a3fb3722b53db72c0000100
3000000c8b619aedeac5237300000100
3000000d0b00f2e602c1a32930000100
3000000d83321b4b0b60bb0180000100
300100000b5cfb50f3619b37f0000100
300100008326eab4e35e9b0ee0000100
300100010333b31e5aaa7b7420000100
30010001837dbb018af2db4d80000100
300100020b7e332a4b30c37170000100
300100028307137ea332d32630000100
3001000302454377d363e362b0000100
3001000382c0730b6b016b70a0000100
30010004035e0304a2845afcc0000100
300100048b232b63a3775b40b0000100
300100050b5a4b4e4b0e637de0000100
300100058b373b619b45234a90000100
3001000602ed62d3ab2afb1cf0000100
300100068b082af7b32de345a0000100
300100070350db6cd27f935bf0000100
300100078b2bb33a6b0b8a65f0000100
300100080b0d834d437e4b5640000100
300100088b111b0b9b7b2313e0000100
3001000902e57b67bb6849f540000100
300100098b748b509b7fa34670000100
3001000a02e96350fb7af34ff0000100
3001000a826f3b709359ab1430000100
3001000b0b11b36433379ad210000100
3001000b831c136eba9f333b40000100
3001000c0b492b71b2c66343d0000100
3001000c8b74636d93647b5320000100
3001000d0b499a648b79236af0000100
3001000d83355b78432ce367c0000100
30020000029d13abc27bdbb340000100
300200008b7c43a2e3a55b4600000100
300200010b01bbaeeb73e3b5f0000100
3002000183b6b3908397b37f80000100
300200020b0cdaf5530ac39b50000100
300200028b6e33af4b6b039e70000100
300200030b9e8b4e7a97d392b0000100
300200038ba4339fab008b8810000100
30020004037a4bb10babb33b40000100
3002000482f99ba1fb49638360000100
3002000503a9135d3ba273a910000100
3002000583374bbdc307d319d0000100
300200060b78e326fa8e637470000100
3002000683a533a7ea83a38850000100
300200070b426af9daff5b8ea0000100
300200078304fa894bbff351e0000100
3002000803a73b54bb46330bd0000100
300200088b549353e30f42e1c0000100
3002000902c31b808b970b2e60000100
300200098bb1a38e3b72db94c0000100
3002000a0b8aeb7b5b60a38750000100
3002000a8313f21b8bb5c385b0000100
3002000b039f9b4a3b67336800000100
3002000b8b5f639a13825b75c0000100
3002000c0ba153ae03908b5220000100
3002000c83a07ba15392a2d280000100
3002000d0b84331cabacd37d70000100
3002000d8bb83ba6f3bcaab290000100
80000000000000000000000000000100
100000000340eb53fb581b4140000100
1000000083506b361328d36fa0000100
10000001030fdb38d3180b65a0000100
10000001831a2a8dd35d8b2680000100
1000000203430b0c7af29b6f00000100
10000002837cfb2d529bbb3cb0000100
100000030a94535a1b49434120000100
1000000382c69b0d3b649b03c0000100
100000040342da8bf353b28c80000100
1000000483706b617ae2fb2eb0000100
100000050378db626b67eb62e0000100
100000058b38ab4b3266a37ce0000100
10000006035252ced35d02d1b0000100
10000006837e1b1bfb45129950000100
1000000703712b6d7b55db1d30000100
100000078b14b36edb401b4fe0000100
1000000809b0434c531722fe80000100
100000088b7d134e4b5ddb7a00000100
100000090b5fcb5f21e862fb00000100
100000098346fb16ab5b6b5b00000100
1000000a01c81b27cad77af9e0000100
1000000a82c023429359d2c240000100
1000000b03122b693ae7aaf600000100
1000000b82f04368bb644b4710000100
1000000c0b63fb596b500320a0000100
1000000c8280ab74e2e6cb0880000100
1000000d034f134db2244b7be0000100
1000000d8323ab57c365b2c6f0000100
1000000e0b54d348b37c4a1860000100
1000000e8342631adaf7732760000100
1000000f02e7237e7aa3530cb0000100
1000000f8b3dbac113016b50b0000100
100000100b725369534b734ad0000100
100000108b50934d3b23b28ff0000100
1000001102b9720ea2cb8303a0000100
100000118b6c0b5a1b300af780000100
100000120b0fa357cb7b8b63c0000100
100000128311b2ab6b6a534920000100
1000001302bee33fa36c6b3cb0000100
100000138b5bab4c5b57435e10000100
100000140b7132f9c2e6431830000100
1000001483289b6b0b63329700000100
100000150ae7bb3afb736b6540000100
100000158b7eb35883735b5070000100
100000160b7d9b6fe368f31920000100
100000168b7b5b7b0b5fc21bd0000100
100000170349cb7e53544b4770000100
100000178b06b34723710349e0000100
100000180300a356db2b7b54b0000100
100000188b705b58137d9266a0000100
10000019034a4b7c836d436e00000100
100000198a6622e04348a30e00000100
1000001a0b2edb11b342ea9030000100
1000001a8b21b2c70b452b7520000100
1000001b02b68b140b40a2aeb0000100
1000001b830cd31d3b54032d00000100
1000001c0ae6c3405ae93b2720000100
1000001c8b3aa34992f4a373a0000100
1000001d02ce1b6a637e1b37c0000100
1000001d8b28a2116b7a1ae390000100
1000001e037b9a7e3b4b4b47f0000100
1000001e8b70b325bb58d36c50000100
1000001f034fe34dab62d372f0000100
1000001f83041b23c30361a7d0000100
100100000b48b2a2f3419b6910000100
1001000082ec6a9a036b7b6830000100
100100010b7d136b0a899b0d60000100
100100018333e350534dda6120000100
100100020b586a6bbb6c0b6210000100
100100028a855307cb24d35510000100
1001000303546b52e33bbb7450000100
100100038b3f3b713b5efaedb0000100
10010004036d1379c36162a090000100
1001000483596aff9a53aaef00000100
100100050b679b7db333d2ee90000100
100100058320834fc35d4351a0000100
1001000602bc12eada94a2a460000100
10010006835a6b17dae6632aa0000100
100100070b77c25b735ad37590000100
1001000783423b78db59837660000100
1001000803200afe5b330378e0000100
1001000882dbea7dd34a4b26e0000100
10010009037b9b081b2352ace0000100
100100098b656b723ad40b4490000100
1001000a03540b3dcb6a835500000100
1001000a8344334de3549356a0000100
1001000b024c0b67fb0e4b20e0000100
1001000b8ac2cb645361630c50000100
1001000c0b4283507b45db7540000100
1001000c8379c2ddb2d3c37020000100
1001000d0b036b6f5372730700000100
1001000d82f682ccfaee333640000100
1001000e033bab0ab2fde34ac0000100
1001000e8b4dca7aeb06530040000100
1001000f035cc30e5353cb7020000100
1001000f820c935b3b521b1c20000100
100100100b71b34d1369eb1de0000100
100100108b4d1b519b3c5348f0000100
100100110b0abb3e9b48c34340000100
100100118368a368b338fb7b50000100
1001001202024a987370cb3930000100
100100128b5e6af49b68db4360000100
100100130b6e8b7adb0f82e1c0000100
100100138b4f02c5c2571b3e00000100
100100140ac7fb7b8376ab3090000100
100100148a5b9b7dc32b1b2200000100
100100150ac3ab790356136220000100
100100158a90fb035b091339c0000100
100100160b73eb6bb31dbb1ef0000100
10010016835a3323fb3e4a9710000100
100100170b408b7423570b34f0000100
100100178b7f52d1221e9af530000100
100100180367f37ee37ad35f60000100
100100188b50bb7a036b4adb10000100
1001001902b4e3096b787a2f00000100
100100198b554314b354d35030000100
1001001a034ecb6f0b014b2720000100
1001001a8b650b6823121b4060000100
1001001b0b55eb50cb70bada90000100
1001001b8b1563653aa2dadce0000100
1001001c0b34c33b9369536170000100
1001001c8b24c34b8b4b036870000100
1001001d0324e37b9b28d30760000100
1001001d8b0dd3760b5062ad70000100
1001001e0b6b3ad10236931590000100
1001001e8b438b489aa13b6bc0000100
1001001f037b437cf313bb1a00000100
1001001f8b07a337a2e19b44e0000100
100200000b9e8bb3cb275ad190000100
100200008aaa8bafcbad0a7fa0000100
1002000103a5130893b93b9b80000100
100200018b840b8f5b63a399a0000100
100200020b87c30543b08b24a0000100
100200028342ab80db539386c0000100
100200030b8d2a66f33d6b9460000100
100200038bb12bb20bb76a7140000100
100200040398f310db9203beb0000100
100200048b0f2bbb53b9fbbeb0000100
100200050b9962e0e3655ad930000100
10020005835e3b80d3a2fb1940000100
1002000603334b1523225b42c0000100
100200068b8ee3645b553b50a0000100
100200070ba623b5e346734230000100
100200078b18aba01b02630ce0000100
100200080b4e7af58bb5db8b80000100
100200088b57db5e42cb8b98c0000100
10020009037743be53b0bb8250000100
10020009830d0b900ba7f29300000100
1002000a03becb80e35ecb8e30000100
1002000a82f6434943aae3a5f0000100
1002000b0b6a2b4223bddb9320000100
1002000b835abb5e8ac8eba2b0000100
1002000c0b4d6b7e3bbefbb000000100
1002000c8b8fbaeb3b1ecb6800000100
1002000d0b4c1b6053325359f0000100
1002000d8332f3b0db93db7d50000100
1002000e038432de9393834270000100
1002000e8365d38be3806319c0000100
1002000f0b8feb998b8313a080000100
1002000f8b810adee2dc03b410000100
100200100362531cbaf65ba580000100
1002001083a2aacd43620b9ad0000100
100200110add82db230cd38bf0000100
100200118b3603b1d38ecb5f30000100
100200120b0dab85abbe5b8c90000100
10020012834472f39b4bcb7180000100
100200130351ab629b678b9230000100
100200138babdb5c5374438820000100
100200140b95639c9b9c0b9cb0000100
1002001483ae1b40c3046bbb70000100
100200150b7b7ab78360fb7bb0000100
10020015838ed33a0b94a37600000100
100200160bb05b4ddb1b73a420000100
100200168ae313023389239980000100
100200170b8feb82faf9a3b070000100
10020017837c1bb09b1dd3b730000100
100200180ae2ab431bae1bb810000100
100200188b865b31e30cf2fd60000100
100200190b42733c239413ab10000100
1002001983a8dba5cb7f42dac0000100
1002001a0b1c238d72dd93aca0000100
1002001a8ad41ba00bb1e3ada0000100
1002001b03720b4bc3a32b90f0000100
1002001b8b80cbbd233bbb7840000100
1002001c03adbb93e3b4ebbb50000100
1002001c83bf8b9d63a61bb730000100
1002001d0b5b4387fba0436e60000100
1002001d83bb6b1532c881d360000100
1002001e0ba80b886b4b837220000100
1002001e8ba4b3885b3853a000000100
1002001f03a6eaef030f7b90e0000100
1002001f830112b853a3babe50000100
6002ffff800000000123456780008200
20000001000000000000000000000100
20000001400000000000000000000100
20000001c00000000001000000000100
20000002000000000000000000000100
20000002800000000002000000000100
20000002c00000000000000000000100
20000003400000000003000000000100
20000003800000000000000000000100
20000004000000000000000100000100
20000004800000000000000000000100
20000000000000000000000010000100
50000000000000002000000020000100
400000050000000ff000000000000100
3002ffff800000000123456780000100
300300000be2e1b08be49aede0000100
300300008bd82a452be201a3d0000100
3003000103da7613dbd913e8e0000100
3003000183c788b49be2c34670000100
3003000203e92bc4cbd8f9ec20000100
300300028be260ed53b9372ad0000100
300300030bdc756eb3d9f529c0000100
3003000383c9093f0be9f39630000100
300300040be3a6817be5179fe0000100
300300048bd9b5fadbe24d6410000100
3003000503d751370bdc782fd0000100
3003000583c622d25be35dbb70000100
3003000603e8eec16bd9096700000100
300300068be1371813cee57a80000100
300300070bdbb56f43dc05d560000100
3003000783ca16b58bea299f50000100
300300080be464a97be5305620000100
300300088bd8202f7be1c42ca0000100
3003000903db6e7d8bdbc3acf0000100
3003000983c573d16be338b660000100
3003000a03e918b88bd81aabf0000100
3003000a8be22fd1f3cbe20180000100
3003000b0bdc360033db6e8f80000100
3003000b83d2833cabea9171d0000100
3003000c0be3750ccbe4e98130000100
3003000c8bd552755be1f0e250000100
3003000d03dc7f540bdd2e4550000100
3003000d83d0af81ebe3420760000100
3003000e03e821c52bd3478b30000100
3003000e8be1ee13c3c4826ef0000100
3003000f0bd9225183dc07ab20000100
3003000f83d066538be9dc5c80000100
300300100be3af27abe5102740000100
300300108bd7a0345be226bdc0000100
3003001103d9b5f41bde6af450000100
3003001183d1782adbe3203660000100
3003001203e7f7b2abd6f5a4e0000100
300300128be1765be3c8175e50000100
300300130bd80752d3dd007420000100
3003001383c08716dbe9ca72d0000100
300300140be2b79b8be4c7c450000100
300300148bd87d539be2062990000100
3003001503da1f2ffbdaeb9d20000100
3003001583d01c944be32f3f40000100
3003001603e87ad38bd7a7bd40000100
300300168be1af51d3bb5e43c0000100
300300170bdb249ef3db978bd0000100
3003001783c92b488be9cdd640000100
300300180be2abb57be4becd60000100
300300188bdab07a4be2c3d0d0000100
3003001903d8d197cbd801e400000100
3003001983c09607fbe239fb40000100
3003001a03e9131aabd9e80170000100
3003001a8be07d0bf3ca069c40000100
3003001b0bdba62dc3dbc518e0000100
3003001b83cb38247bea2b06d0000100
3003001c0be2be4b8be637cec0000100
3003001c8bd7b07a8be3bf7440000100
3003001d03db8d131bde39e050000100
3003001d83d006e57be31dcec0000100
3003001e03e7c5504bd1d316b0000100
3003001e8be1595813cf0bcc20000100
3003001f0bd9725993dcf4eb40000100
3003001f83d21ddd6be988ccc0000100
300300200be28e997be66eaae0000100
300300208bd80602ebe3205ef0000100
3003002103dba503abdd8d91a0000100
3003002183d079f8fbe29e31a0000100
3003002203e7737a4bd36bc460000100
300300228be1f3d153cea50930000100
300300230bdac1fcf3dced34b0000100
3003002383d07329abe9d4c7d0000100
300300240be16cbeabe56dffd0000100
300300248bd977236be2fc6600000100
3003002503d9ac41bbda7c5f30000100
3003002583c31637abe25a2010000100
3003002603e80cdf9bd57aa710000100
300300268be3915bd3c98cade0000100
300300270bde4f1713dbb87570000100
3003002783c7557c9be9fa7b00000100
300300280be3d09f4be4a236e0000100
300300288bd91387dbe2b8d090000100
3003002903dab75c2bdaf76a30000100
3003002983cf7af3bbe34db1d0000100
3003002a03e842d4fbd4a33930000100
3003002a8be097a813bbceb6d0000100
3003002b0bd764cb03dc4722b0000100
3003002b83ccae754be9e42400000100
3003002c0be3b75b4be4501910000100
3003002c8bda6b98bbe18a1920000100
3003002d03daec071bdbae5fd0000100
3003002d83d2839dbbe279f500000100
3003002e03e7d08acbd51b1130000100
3003002e8be17f6aebb9464f70000100
3003002f0bd8365073de09bec0000100
3003002f83cd68c6dbe9911a60000100
300300300be51657ebe5a6d510000100
300300308bd8a6b85be174c060000100
3003003103d9a4a74bdded96c0000100
3003003183c7b654abe3752ee0000100
3003003203e910f44bd7cbf1f0000100
300300328be1f27643c897bff0000100
300300330bdb2cd233da25db70000100
3003003383cfc920abe9804be0000100
300300340be370706be4d8e250000100
300300348bd94501abe2216340000100
3003003503d951f4dbdd308ad0000100
3003003583d141621be3466c10000100
3003003603e81688ebd6e8f060000100
300300368be1144983c6bca2a0000100
300300370bd8d19983dd7399b0000100
3003003783cb0db98be9dbea80000100
300300380be1e76f5be572b000000100
300300388bd880390be239b100000100
3003003903daf1a43bdb620510000100
3003003983cf5eab6be2976a30000100
3003003a03e7da0aabd48c5260000100
3003003a8be366bce3ba9a2fc0000100
3003003b0bdd175813dbdbd5b0000100
3003003b83c6c3fe4be9a93a50000100
3003003c0be214f76be698fce0000100
3003003c8bd1eca18be272deb0000100
3003003d03dab863ebdc7141a0000100
3003003d83cff3611be2f06c80000100
3003003e03e86e21fbd6a5df70000100
3003003e8be1c23cc3cf338ba0000100
3003003f0bda5d5fd3d9aa5a90000100
3003003f83ccb7d7cbe9db2c50000100
30030040000000000123456780000100
300000000340eb53fb581b4140000100
3000000083506b361328d36fa0000100
30000001030fdb38d3180b65a0000100
30000001831a2a8dd35d8b2680000100
3000000203430b0c7af29b6f00000100
30000002837cfb2d529bbb3cb0000100
300000030a94535a1b49434120000100
3000000382c69b0d3b649b03c0000100
300000040342da8bf353b28c80000100
3000000483706b617ae2fb2eb0000100
300000050378db626b67eb62e0000100
300000058b38ab4b3266a37ce0000100
30000006035252ced35d02d1b0000100
30000006837e1b1bfb45129950000100
3000000703712b6d7b55db1d30000100
300000078b14b36edb401b4fe0000100
3000000809b0434c531722fe80000100
300000088b7d134e4b5ddb7a00000100
300000090b5fcb5f21e862fb00000100
300000098346fb16ab5b6b5b00000100
3000000a01c81b27cad77af9e0000100
3000000a82c023429359d2c240000100
3000000b03122b693ae7aaf600000100
3000000b82f04368bb644b4710000100
3000000c0b63fb596b500320a0000100
3000000c8280ab74e2e6cb0880000100
3000000d034f134db2244b7be0000100
3000000d8323ab57c365b2c6f0000100
3000000e0b54d348b37c4a1860000100
3000000e8342631adaf7732760000100
3000000f02e7237e7aa3530cb0000100
3000000f8b3dbac113016b50b0000100
300000100b725369534b734ad0000100
300000108b50934d3b23b28ff0000100
3000001102b9720ea2cb8303a0000100
300000118b6c0b5a1b300af780000100
300000120b0fa357cb7b8b63c0000100
300000128311b2ab6b6a534920000100
3000001302bee33fa36c6b3cb0000100
300000138b5bab4c5b57435e10000100
300000140b7132f9c2e6431830000100
3000001483289b6b0b63329700000100
300000150ae7bb3afb736b6540000100
300000158b7eb35883735b5070000100
300000160b7d9b6fe368f31920000100
300000168b7b5b7b0b5fc21bd0000100
300000170349cb7e53544b4770000100
300000178b06b34723710349e0000100
300000180300a356db2b7b54b0000100
300000188b705b58137d9266a0000100
30000019034a4b7c836d436e00000100
300000198a6622e04348a30e00000100
3000001a0b2edb11b342ea9030000100
3000001a8b21b2c70b452b7520000100
3000001b02b68b140b40a2aeb0000100
3000001b830cd31d3b54032d00000100
3000001c0ae6c3405ae93b2720000100
3000001c8b3aa34992f4a373a0000100
3000001d02ce1b6a637e1b37c0000100
3000001d8b28a2116b7a1ae390000100
3000001e037b9a7e3b4b4b47f0000100
3000001e8b70b325bb58d36c50000100
3000001f034fe34dab62d372f0000100
3000001f83041b23c30361a7d0000100
300100000b48b2a2f3419b6910000100
3001000082ec6a9a036b7b6830000100
300100010b7d136b0a899b0d60000100
300100018333e350534dda6120000100
300100020b586a6bbb6c0b6210000100
300100028a855307cb24d35510000100
3001000303546b52e33bbb7450000100
300100038b3f3b713b5efaedb0000100
30010004036d1379c36162a090000100
3001000483596aff9a53aaef00000100
300100050b679b7db333d2ee90000100
300100058320834fc35d4351a0000100
3001000602bc12eada94a2a460000100
30010006835a6b17dae6632aa0000100
300100070b77c25b735ad37590000100
3001000783423b78db59837660000100
3001000803200afe5b330378e0000100
3001000882dbea7dd34a4b26e0000100
30010009037b9b081b2352ace0000100
300100098b656b723ad40b4490000100
3001000a03540b3dcb6a835500000100
3001000a8344334de3549356a0000100
3001000b024c0b67fb0e4b20e0000100
3001000b8ac2cb645361630c50000100
3001000c0b4283507b45db7540000100
3001000c8379c2ddb2d3c37020000100
3001000d0b036b6f5372730700000100
3001000d82f682ccfaee333640000100
3001000e033bab0ab2fde34ac0000100
3001000e8b4dca7aeb06530040000100
3001000f035cc30e5353cb7020000100
3001000f820c935b3b521b1c20000100
300100100b71b34d1369eb1de0000100
300100108b4d1b519b3c5348f0000100
300100110b0abb3e9b48c34340000100
300100118368a368b338fb7b50000100
3001001202024a987370cb3930000100
300100128b5e6af49b68db4360000100
300100130b6e8b7adb0f82e1c0000100
300100138b4f02c5c2571b3e00000100
300100140ac7fb7b8376ab3090000100
300100148a5b9b7dc32b1b2200000100
300100150ac3ab790356136220000100
300100158a90fb035b091339c0000100
300100160b73eb6bb31dbb1ef0000100
30010016835a3323fb3e4a9710000100
300100170b408b7423570b34f0000100
300100178b7f52d1221e9af530000100
300100180367f37ee37ad35f60000100
300100188b50bb7a036b4adb10000100
3001001902b4e3096b787a2f00000100
300100198b554314b354d35030000100
3001001a034ecb6f0b014b2720000100
3001001a8b650b6823121b4060000100
3001001b0b55eb50cb70bada90000100
3001001b8b1563653aa2dadce0000100
3001001c0b34c33b9369536170000100
3001001c8b24c34b8b4b036870000100
3001001d0324e37b9b28d30760000100
3001001d8b0dd3760b5062ad70000100
3001001e0b6b3ad10236931590000100
3001001e8b438b489aa13b6bc0000100
3001001f037b437cf313bb1a00000100
3001001f8b07a337a2e19b44e0000100
300200000b9e8bb3cb275ad190000100
300200008aaa8bafcbad0a7fa0000100
3002000103a5130893b93b9b80000100
300200018b840b8f5b63a399a0000100
300200020b87c30543b08b24a0000100
300200028342ab80db539386c0000100
300200030b8d2a66f33d6b9460000100
300200038bb12bb20bb76a7140000100
300200040398f310db9203beb0000100
300200048b0f2bbb53b9fbbeb0000100
300200050b9962e0e3655ad930000100
30020005835e3b80d3a2fb1940000100
3002000603334b1523225b42c0000100
300200068b8ee3645b553b50a0000100
300200070ba623b5e346734230000100
300200078b18aba01b02630ce0000100
300200080b4e7af58bb5db8b80000100
300200088b57db5e42cb8b98c0000100
30020009037743be53b0bb8250000100
30020009830d0b900ba7f29300000100
3002000a03becb80e35ecb8e30000100
3002000a82f6434943aae3a5f0000100
3002000b0b6a2b4223bddb9320000100
3002000b835abb5e8ac8eba2b0000100
3002000c0b4d6b7e3bbefbb000000100
3002000c8b8fbaeb3b1ecb6800000100
3002000d0b4c1b6053325359f0000100
3002000d8332f3b0db93db7d50000100
3002000e038432de9393834270000100
3002000e8365d38be3806319c0000100
3002000f0b8feb998b8313a080000100
3002000f8b810adee2dc03b410000100
300200100362531cbaf65ba580000100
3002001083a2aacd43620b9ad0000100
300200110add82db230cd38bf0000100
300200118b3603b1d38ecb5f30000100
300200120b0dab85abbe5b8c90000100
30020012834472f39b4bcb7180000100
300200130351ab629b678b9230000100
300200138babdb5c5374438820000100
300200140b95639c9b9c0b9cb0000100
3002001483ae1b40c3046bbb70000100
300200150b7b7ab78360fb7bb0000100
30020015838ed33a0b94a37600000100
300200160bb05b4ddb1b73a420000100
300200168ae313023389239980000100
300200170b8feb82faf9a3b070000100
30020017837c1bb09b1dd3b730000100
300200180ae2ab431bae1bb810000100
300200188b865b31e30cf2fd60000100
300200190b42733c239413ab10000100
3002001983a8dba5cb7f42dac0000100
3002001a0b1c238d72dd93aca0000100
3002001a8ad41ba00bb1e3ada0000100
3002001b03720b4bc3a32b90f0000100
3002001b8b80cbbd233bbb7840000100
3002001c03adbb93e3b4ebbb50000100
3002001c83bf8b9d63a61bb730000100
3002001d0b5b4387fba0436e60000100
3002001d83bb6b1532c881d360000100
3002001e0ba80b886b4b837220000100
3002001e8ba4b3885b3853a000000100
3002001f03a6eaef030f7b90e0000100
3002001f830112b853a3babe50000100
80000000000000000000000000000100
10000000033302f64b370aab30000100
1000000082aa535262457374e0000100
1000000102e4a37e0b5c4b65c0000100
1000000183302348c2a3833690000100
100000020b52435512f8437f20000100
10000002834e535feb7fda0590000100
10000003035f9b53b3398373c0000100
10000003837c3331fa71a353a0000100
1000000409b9732762781b4c50000100
100000048b0e8ac082d39b7730000100
100000050b6be2ec335c634f50000100
100000058b7b0b389ada935b70000100
100000060b723b4abb0772dd30000100
100000068309aaf4cb422b5d70000100
100000070a84933e3b7c535c40000100
1000000782e55b647b141b5ac0000100
100000080a454b2dc2aba36a60000100
1000000883386b067a8b434ed0000100
100000090b60934dc2f93b4530000100
100000098b736b6b3b03cb65d0000100
1000000a0b5a03108308c28d70000100
1000000a8b212ac8230e8b7820000100
1000000b02fbd36633305b6fb0000100
1000000b8b332abb124edaf6e0000100
1000000c0338a2ec2b21535060000100
1000000c835deaebeb387b6b10000100
1000000d032a6b72fb771b5240000100
1000000d83499b6cea563a9a70000100
1000000e0344636fbb668ab100000100
1000000e8b3b2b5cb3620addc0000100
1000000f0b17eb78733c6b62f0000100
1000000f8335cb4b3209fb7220000100
100000100315fb4a5b03aad5c0000100
100000108365ca456afc6b7c30000100
100000110b499247cb67c339e0000100
100000118364ab4c1a98bb4330000100
1000001202b8933e0aabfb19e0000100
100000128b0a9b167312d32ab0000100
100000130b4fd36f0b5a2b38f0000100
100000138346eb4e4b1d337b30000100
100000140b47a2f25316836a80000100
100000148334b2fda36e333cb0000100
1000001502d242d412cc7b6610000100
100000158b2edb4fb325cac790000100
100000160300637edb719ae560000100
10000016835753647b08834cd0000100
100000170b2f11e403713b4750000100
1000001783616a910360f37980000100
100000180b602b2f8357737be0000100
100000188b6803402375132e00000100
10000019021fd37d932b0b28b0000100
10000019836a036c62c57ae7f0000100
1000001a0b5933593b48132790000100
1000001a83542b6d9b15db6210000100
1000001b0b474aeec304d35680000100
1000001b8b7e936482906306f0000100
1000001c030ad37c7b5672d870000100
1000001c8a9e3b4cb3780357e0000100
1000001d0af35b789adbab6fb0000100
1000001d821783371b43cb6dd0000100
1000001e0ae6b35b8b68db6510000100
1000001e835422f2eb7a4b6750000100
1000001f0ae8328de3413b0280000100
1000001f8b7e6a631b5b922500000100
100100000343526a03638b2f10000100
10010000831aa3744b135af850000100
10010001034c8343db497b4390000100
100100018b232ae0a31642b860000100
100100020aba7b643abb6b5090000100
100100028b1152e1532f434aa0000100
1001000303027aec99bc836ae0000100
10010003834523436aeb4a2590000100
1001000402dcc37ab375532850000100
10010004828672f082c60ac050000100
100100050b261332f31852c160000100
100100058370bad502e7fa4350000100
100100060b3bf8dedae79b5b70000100
10010006837e2b52a370b2e7c0000100
100100070b3772056aeb6b3430000100
100100078b310b67f2c2430a00000100
1001000803531b43a37aa35390000100
10010008834df3630b49a37340000100
100100090b7dbb3acb434b3370000100
100100098b43db3b0b658b4320000100
1001000a0a0ebb74a3118b59a0000100
1001000a8303eb5ebb423b5ae0000100
1001000b033333436b0cdaf340000100
1001000b83084b118b5f22c340000100
1001000c035183718a95c35930000100
1001000c8b7ed24afb52bb5750000100
1001000d0b76921d33483348b0000100
1001000d8b4e13171b5e1b6710000100
1001000e0b33a3481ac442f3e0000100
1001000e8b039a8e635e1b42b0000100
1001000f03531b6d8b388b6b70000100
1001000f83446b77134ee36fa0000100
100100100b1f32705b60fb7d10000100
10010010833d2b4a934ea303c0000100
100100110b7cc318a2df5357e0000100
100100118b7a1344c341caedb0000100
100100120a5592e57ae6d357a0000100
100100128b5fd332330a0b6ce0000100
100100130343fb1c5b12eab330000100
100100138ad3a3220b19f34050000100
100100140b44b349eb31db3180000100
100100148b0c637c6314732550000100
1001001503692b268b7472fb70000100
100100158b2472b29375935cd0000100
100100160326eb596b60832f80000100
1001001682d133631ac6d31ff0000100
10010017030f6b205b25aa8980000100
1001001782d1b328d36a7317c0000100
10010018031eab12eb6e6b7ec0000100
100100188b448b2fd2fd3b3e50000100
1001001903481b0d8b5d834aa0000100
100100198374a3682b73c34f40000100
1001001a026292c7b33e2acc10000100
1001001a8b6f1b0af3302b3a80000100
1001001b031c0b68eac3037740000100
1001001b8375eb5c13437309c0000100
1001001c0b315308035e937f70000100
1001001c8b466311631a3af2f0000100
1001001d0aacbb52bb4b3b4d70000100
1001001d83441b682b28e1e270000100
1001001e0b7412c92b0ec35a50000100
1001001e823a431102e5428f20000100
1001001f0317ab56b3347b77a0000100
1001001f8b7ac320ab3b8341d0000100
100200000b1bbb3b1bb2a30dd0000100
10020000837adb5443a76b4300000100
1002000103925b80839533bd80000100
10020001825dbb8bbaf6b38fd0000100
1002000203b1baf6cb896b8960000100
100200028b653b8e3b913bb040000100
100200030b805b9152c51b1000000100
1002000383bddb4b43aa2bafd0000100
100200040bb4f35fdbab335d20000100
1002000483a9bba303acf387c0000100
100200050b65e30b1ab6e397b0000100
100200058b956b67722ceb0ea0000100
100200060af7816f8ba7f30140000100
10020006838d6b61f2d7430850000100
100200070b61dbbd83761b44c0000100
1002000783851ba0e3b4d32a00000100
100200080b9d839f235d43a8d0000100
100200088bb6c39743b17b26f0000100
100200090b7593a7b3ae4318c0000100
100200098b9f6bbbd3915a1c50000100
1002000a0b517b1393a8a3bfc0000100
1002000a83bfabb2f3794bb680000100
1002000b0b8873418356e30760000100
1002000b8b278b981b6c03a5a0000100
1002000c0b9e7359136c2b9f00000100
1002000c83773b970b7653bb30000100
1002000d0a3e4bbc0b445b5390000100
1002000d8366233743a4fb9930000100
1002000e039b72bf1386c397f0000100
1002000e83b64b9a7bb1938f10000100
1002000f036b53a043a99aaa70000100
1002000f82f97b933387634ff0000100
10020010039572703ba8c384e0000100
100200108b421bbbbb89f35070000100
100200110b9aea6753493b7300000100
10020011835d3b7e6364838880000100
1002001203420bbf53af2b5bd0000100
100200128b9fcba0b327db60b0000100
1002001303496371c39952b770000100
100200138b9693969bb5732fa0000100
100200140b9ccad28b35539360000100
100200148b3adb64e3419b0f90000100
100200150aeb43a61ba5d31690000100
10020015831173282962a37020000100
100200160373421c43a9832ff0000100
1002001683bc13a40b3b5baaa0000100
1002001702e82bbb7b6d0380f0000100
1002001782e5c30bebb31b9190000100
100200180bb023467ade039080000100
100200188b5a5bb24b4debbb10000100
100200190bb70b6ce3ac8bb6b0000100
1002001983977bbec34efba400000100
1002001a0b21d2a7b38c1b6f20000100
1002001a83473b4533a56386e0000100
1002001b0baf2ac42b18ebb4a0000100
1002001b836d8ba28bb0f3be80000100
1002001c0badf34a7378bb4220000100
1002001c83ae9b2db2c813b900000100
1002001d0bb1b39c1ba84bb580000100
1002001d8bae4b912b8e5b9ce0000100
1002001e0b9e9a9c02d08b2940000100
1002001e8bb00b486b098b9f30000100
1002001f038ccb827bbec3a330000100
1002001f8a9003b431e1d3a360000100
6002ffff800000000123456780008200
20000001000000000000000000000100
20000001400000000000000000000100
20000001c00000000001000000000100
20000002000000000000000000000100
20000002800000000002000000000100
20000002c00000000000000000000100
20000003400000000003000000000100
20000003800000000000000000000100
20000004000000000000000100000100
20000004800000000000000010000100
20000000000000000000000010000100
50000000000000002000000020000100
400000050000000ff000000000000100
3002ffff800000000123456780000100
300300000bf6540003e1ba0000000100
300300008be376000be7620000000100
3003000103f4ec000be8600000000100
3003000183ef5a000bea880000000100
3003000203f2a60003f7b00000000100
3003000283f24a000bf0100000000100
300300030bded60003f1fa0000000100
3003000383cbb6000bf1760000000100
300300040bf3b385cbe5eb5150000100
3003000483ebab254be353bc40000100
3003000503d959609bf133d230000100
3003000583d0b1f14bef1fd130000100
3003000603eb8befc3ecd7f9f0000100
3003000683d73a5d4bf12215f0000100
3003000703ebb26dbbe0e7db60000100
3003000783f03103ebee12f930000100
300300080bf457b84bc1641560000100
300300088bdb39e303c4001e50000100
3003000903eb6cb2fbe351e570000100
3003000983ea20980bf12c1f80000100
3003000a03e64490b3f02f69a0000100
3003000a8bdaf9626bea4e18d0000100
3003000b03e6f6355be02dbcc0000100
3003000b83dc295c9bedc88820000100
3003000c0bf475ce13c6c75050000100
3003000c8bd94006e3b1a37500000100
3003000d03e8984c2bde7f3fc0000100
3003000d83ec04b52bf057c130000100
3003000e03e92eefc3e99a24a0000100
3003000e8be2625acbf00a9c40000100
3003000f03ed68810bd48d47c0000100
3003000f83e6c7817bf038fc60000100
300300100bf028be03e62e8a90000100
300300108be8191d63e3bf3620000100
3003001103ede8e03bde7907a0000100
3003001183dab82afbe6c84680000100
3003001203edbf6a63e8c04630000100
300300128be6bad21be4184960000100
3003001303eef146cbca9805b0000100
300300138bc909233bf2120190000100
300300140bea95fb53ea60fdd0000100
300300148be77fd8f3db698ff0000100
3003001503ed9b3dfbe7fc5710000100
3003001583e9d828abecfa8880000100
3003001603ec5c1eb3e8ae1380000100
300300168be88f288be2532770000100
3003001703e92fe6a3dfe728c0000100
300300178bc922371bf1dc2dd0000100
300300180be5264423e4712d60000100
300300188bea391f13e0d4e720000100
3003001903ea18833bdb79f660000100
3003001983e995970bed4f9150000100
3003001a03e9f88663e3eead90000100
3003001a8be730a46be7cd5f70000100
3003001b03eb921ae3c6a4ff90000100
3003001b83cb7932ebf02d0c90000100
3003001c0bddba4793e60b6f70000100
3003001c8be2c9e583e07cecf0000100
3003001d03dd110133d47bbbf0000100
3003001d83ec9e0c3bef388200000100
3003001e03eb614d63e0058730000100
3003001e8be1abb4abe126c490000100
3003001f03ed79ef73c4e6bc50000100
3003001f83d86f70abf0131c40000100
300300200be3f68383e8d85c00000100
300300208bdb7c8e83dea10b60000100
3003002103d9ac8473ca3738f0000100
3003002183e9bd5e8bf03da2f0000100
3003002203eb687463daa9a2f0000100
300300228be67ececbdf86fc60000100
3003002303ec765953dc40e160000100
3003002383da79503bf04f1410000100
300300240bdcb797c3e5ee46d0000100
300300248bd3c24973bb7b8590000100
3003002503d9f9faebab838f40000100
3003002583e5ff421bf0b5a850000100
3003002603ec96fdb3da784280000100
300300268be2cc16cbd86d2110000100
3003002703e89d4ed3de3b5030000100
3003002783c4a9bdbbed08f800000100
300300280bde8d4c13e84bef00000100
300300288bde526dd3b2166c80000100
3003002903dcd0352bbaf6cc40000100
3003002983e254a34bf03d1c90000100
3003002a03e963a943dbfb58a0000100
3003002a8be1d293c3cc556ec0000100
3003002b03e7f891c3e105d360000100
3003002b83c8a1d16beb4bd570000100
3003002c0bd2e1b9e3e7e01480000100
3003002c8bd7008783b0e183f0000100
3003002d03d6e81b6bd96e26a0000100
3003002d83e75a7eabed214750000100
3003002e03e558f773e05578b0000100
3003002e8be0813dfbd92f0360000100
3003002f03e1480083d82dc030000100
3003002f83d0fd465be97f10e0000100
300300300bcf8d9e03e839e840000100
300300308bdf6d62d3c7781ad0000100
3003003103d226e1abe1c99080000100
3003003183e382ad1bee8fd2c0000100
3003003203e86210a3d5e7a980000100
300300328be477d22bdc447cc0000100
3003003303e192a46bc43325b0000100
3003003383d94bc24bead21890000100
3003003403b78daa93e581b930000100
300300348bdff22663ca0d02f0000100
3003003503d845d19bda485820000100
3003003583e3b08bcbeed400d0000100
3003003603e6ce743bd37a5ec0000100
300300368be82f560bde2209a0000100
3003003703dcdc5303d8c80590000100
3003003783def802abebcbba20000100
3003003803d347bf53e3b12df0000100
300300388be370f133d3d24e20000100
3003003903d8f6beabc6e76f60000100
3003003983e6693cdbedb5d500000100
3003003a03e2c47edbdd30ef80000100
3003003a8be97b93ebd2698030000100
3003003b03d65bd883b0542250000100
3003003b83d3243eabecbb4e90000100
3003003c03d0f0c1f3e2b2d2a0000100
3003003c8be6171a63d029ef80000100
3003003d03d8606a7bda9cc8b0000100
3003003d83e1aef37bedc3be30000100
3003003e03dcb9418bcb0f7cc0000100
3003003e8be64e551bdb87a290000100
3003003f03d66e40e3d9c5f1a0000100
3003003f83d311b3cbe9b71280000100
30030040000000000123456780000100
30000000033302f64b370aab30000100
3000000082aa535262457374e0000100
3000000102e4a37e0b5c4b65c0000100
3000000183302348c2a3833690000100
300000020b52435512f8437f20000100
30000002834e535feb7fda0590000100
30000003035f9b53b3398373c0000100
30000003837c3331fa71a353a0000100
3000000409b9732762781b4c50000100
300000048b0e8ac082d39b7730000100
300000050b6be2ec335c634f50000100
300000058b7b0b389ada935b70000100
300000060b723b4abb0772dd30000100
300000068309aaf4cb422b5d70000100
300000070a84933e3b7c535c40000100
3000000782e55b647b141b5ac0000100
300000080a454b2dc2aba36a60000100
3000000883386b067a8b434ed0000100
300000090b60934dc2f93b4530000100
300000098b736b6b3b03cb65d0000100
3000000a0b5a03108308c28d70000100
3000000a8b212ac8230e8b7820000100
3000000b02fbd36633305b6fb0000100
3000000b8b332abb124edaf6e0000100
3000000c0338a2ec2b21535060000100
3000000c835deaebeb387b6b10000100
3000000d032a6b72fb771b5240000100
3000000d83499b6cea563a9a70000100
3000000e0344636fbb668ab100000100
3000000e8b3b2b5cb3620addc0000100
3000000f0b17eb78733c6b62f0000100
3000000f8335cb4b3209fb7220000100
300000100315fb4a5b03aad5c0000100
300000108365ca456afc6b7c30000100
300000110b499247cb67c339e0000100
300000118364ab4c1a98bb4330000100
3000001202b8933e0aabfb19e0000100
300000128b0a9b167312d32ab0000100
300000130b4fd36f0b5a2b38f0000100
300000138346eb4e4b1d337b30000100
300000140b47a2f25316836a80000100
300000148334b2fda36e333cb0000100
3000001502d242d412cc7b6610000100
300000158b2edb4fb325cac790000100
300000160300637edb719ae560000100
30000016835753647b08834cd0000100
300000170b2f11e403713b4750000100
3000001783616a910360f37980000100
300000180b602b2f8357737be0000100
300000188b6803402375132e00000100
30000019021fd37d932b0b28b0000100
30000019836a036c62c57ae7f0000100
3000001a0b5933593b48132790000100
3000001a83542b6d9b15db6210000100
3000001b0b474aeec304d35680000100
3000001b8b7e936482906306f0000100
3000001c030ad37c7b5672d870000100
3000001c8a9e3b4cb3780357e0000100
3000001d0af35b789adbab6fb0000100
3000001d821783371b43cb6dd0000100
3000001e0ae6b35b8b68db6510000100
3000001e835422f2eb7a4b6750000100
3000001f0ae8328de3413b0280000100
3000001f8b7e6a631b5b922500000100
300100000343526a03638b2f10000100
30010000831aa3744b135af850000100
30010001034c8343db497b4390000100
300100018b232ae0a31642b860000100
300100020aba7b643abb6b5090000100
300100028b1152e1532f434aa0000100
3001000303027aec99bc836ae0000100
30010003834523436aeb4a2590000100
3001000402dcc37ab375532850000100
30010004828672f082c60ac050000100
300100050b261332f31852c160000100
300100058370bad502e7fa4350000100
300100060b3bf8dedae79b5b70000100
30010006837e2b52a370b2e7c0000100
300100070b3772056aeb6b3430000100
300100078b310b67f2c2430a00000100
3001000803531b43a37aa35390000100
30010008834df3630b49a37340000100
300100090b7dbb3acb434b3370000100
300100098b43db3b0b658b4320000100
3001000a0a0ebb74a3118b59a0000100
3001000a8303eb5ebb423b5ae0000100
3001000b033333436b0cdaf340000100
3001000b83084b118b5f22c340000100
3001000c035183718a95c35930000100
3001000c8b7ed24afb52bb5750000100
3001000d0b76921d33483348b0000100
3001000d8b4e13171b5e1b6710000100
3001000e0b33a3481ac442f3e0000100
3001000e8b039a8e635e1b42b0000100
3001000f03531b6d8b388b6b70000100
3001000f83446b77134ee36fa0000100
300100100b1f32705b60fb7d10000100
30010010833d2b4a934ea303c0000100
300100110b7cc318a2df5357e0000100
300100118b7a1344c341caedb0000100
300100120a5592e57ae6d357a0000100
300100128b5fd332330a0b6ce0000100
300100130343fb1c5b12eab330000100
300100138ad3a3220b19f34050000100
300100140b44b349eb31db3180000100
300100148b0c637c6314732550000100
3001001503692b268b7472fb70000100
300100158b2472b29375935cd0000100
300100160326eb596b60832f80000100
3001001682d133631ac6d31ff0000100
30010017030f6b205b25aa8980000100
3001001782d1b328d36a7317c0000100
30010018031eab12eb6e6b7ec0000100
300100188b448b2fd2fd3b3e50000100
3001001903481b0d8b5d834aa0000100
300100198374a3682b73c34f40000100
3001001a026292c7b33e2acc10000100
3001001a8b6f1b0af3302b3a80000100
3001001b031c0b68eac3037740000100
3001001b8375eb5c13437309c0000100
3001001c0b315308035e937f70000100
3001001c8b466311631a3af2f0000100
3001001d0aacbb52bb4b3b4d70000100
3001001d83441b682b28e1e270000100
3001001e0b7412c92b0ec35a50000100
3001001e823a431102e5428f20000100
3001001f0317ab56b3347b77a0000100
3001001f8b7ac320ab3b8341d0000100
300200000b1bbb3b1bb2a30dd0000100
30020000837adb5443a76b4300000100
3002000103925b80839533bd80000100
30020001825dbb8bbaf6b38fd0000100
3002000203b1baf6cb896b8960000100
300200028b653b8e3b913bb040000100
300200030b805b9152c51b1000000100
3002000383bddb4b43aa2bafd0000100
300200040bb4f35fdbab335d20000100
3002000483a9bba303acf387c0000100
300200050b65e30b1ab6e397b0000100
300200058b956b67722ceb0ea0000100
300200060af7816f8ba7f30140000100
30020006838d6b61f2d7430850000100
300200070b61dbbd83761b44c0000100
3002000783851ba0e3b4d32a00000100
300200080b9d839f235d43a8d0000100
300200088bb6c39743b17b26f0000100
300200090b7593a7b3ae4318c0000100
300200098b9f6bbbd3915a1c50000100
3002000a0b517b1393a8a3bfc0000100
3002000a83bfabb2f3794bb680000100
3002000b0b8873418356e30760000100
3002000b8b278b981b6c03a5a0000100
3002000c0b9e7359136c2b9f00000100
3002000c83773b970b7653bb30000100
3002000d0a3e4bbc0b445b5390000100
3002000d8366233743a4fb9930000100
3002000e039b72bf1386c397f0000100
3002000e83b64b9a7bb1938f10000100
3002000f036b53a043a99aaa70000100
3002000f82f97b933387634ff0000100
30020010039572703ba8c384e0000100
300200108b421bbbbb89f35070000100
300200110b9aea6753493b7300000100
30020011835d3b7e6364838880000100
3002001203420bbf53af2b5bd0000100
300200128b9fcba0b327db60b0000100
3002001303496371c39952b770000100
300200138b9693969bb5732fa0000100
300200140b9ccad28b35539360000100
300200148b3adb64e3419b0f90000100
300200150aeb43a61ba5d31690000100
30020015831173282962a37020000100
300200160373421c43a9832ff0000100
3002001683bc13a40b3b5baaa0000100
3002001702e82bbb7b6d0380f0000100
3002001782e5c30bebb31b9190000100
300200180bb023467ade039080000100
300200188b5a5bb24b4debbb10000100
300200190bb70b6ce3ac8bb6b0000100
3002001983977bbec34efba400000100
3002001a0b21d2a7b38c1b6f20000100
3002001a83473b4533a56386e0000100
3002001b0baf2ac42b18ebb4a0000100
3002001b836d8ba28bb0f3be80000100
3002001c0badf34a7378bb4220000100
3002001c83ae9b2db2c813b900000100
3002001d0bb1b39c1ba84bb580000100
3002001d8bae4b912b8e5b9ce0000100
3002001e0b9e9a9c02d08b2940000100
3002001e8bb00b486b098b9f30000100
3002001f038ccb827bbec3a330000100
3002001f8a9003b431e1d3a360000100
80000000000000000000000000000100
100000000afd7304f36092e5a0000100
100000008b67e347fb32035ad0000100
1000000102fcc221ca9802e4e0000100
1000000189857b63bb479b5650000100
100000020a2f0353fb76537190000100
10000002832192f7db749b4a00000100
1000000303001ac79960736e80000100
100000038aa05b59ab5a536560000100
100000040abce275db52c32e70000100
100000048351d3195b7c9b6ec0000100
100000050a48ab6a3b536b7270000100
100000058afc3b627b563b4040000100
100100000af2b2f7aace5375a0000100
100100008314e34a536b221460000100
10010001030a6b4003552b6400000100
10010001837ef285fb800a8950000100
10010002037082b8c37a4b3030000100
100100028acbe33b2a6192c7b0000100
1001000303204b2b136492d790000100
1001000382bc732953423a67f0000100
100100040b6e637daaedca9a60000100
100100048b1d5b4cd35aeae130000100
1001000503147b5fcad39abcd0000100
100100058317eb3b8340eb6650000100
1002000003663b3183bf6bb540000100
100200008360dad643806388b0000100
100200010b971b66ebb39ba490000100
100200018b01632e2b56538730000100
100200020b17eba32bad7b97a0000100
100200028b8bc38fabbb5bb640000100
100200030a6b6b33538573a100000100
100200038bac434e0345b389e0000100
1002000402fd3b06eb99b39a30000100
100200048ba1d3755b8ee390d0000100
100200050ba04390fbb499bad0000100
100200058bb8b3a6ebb7dbb220000100
6002ffff800000000123456780001a00
20000001000000000000000000000100
20000001400000000000000000000100
20000001c00000000001000000000100
20000002000000000000000000000100
20000002800000000002000000000100
20000002c00000000000000000000100
20000003400000000003000000000100
20000003800000000000000000000100
20000004000000000000000030000100
20000004800000000000000000000100
20000000000000000000000010000100
50000000000000002000000020000100
400000050000000ff000000000000100
3002ffff800000000123456780000100
300300000be43801bbe9765c20000100
3003000083ded19c3bec1b86b0000100
300300010beb9334d3dba64e70000100
300300018bea831943eaab3a10000100
300300020bed87acfbc06f0ec0000100
300300028bef8c0ff3b6fe4dc0000100
300300030beab2e693d9fd9ed0000100
300300038bf23fecd3ee26db10000100
300300040be12bed7be9d36da0000100
3003000483e049fecbebb98a90000100
300300050bea652583dfdc5440000100
300300058be9aea5b3ea199f40000100
300300060bee8e7cfbd3a7c400000100
300300068bf0006a8bb8aafaa0000100
300300070beb0efc73daa45fb0000100
300300078bf1f1c513ee040b70000100
300300080be0b87a5be9498ff0000100
3003000883e0a05a7beb6b87c0000100
300300090bea203b33e1720510000100
300300098be9aa78b3e9f8c710000100
3003000a0bef44dacbd73289d0000100
3003000a8bf02d3053bc6af670000100
3003000b0beb993a33d84548e0000100
3003000b8bf1eea853ee356c80000100
3003000c000000000123456780000100
300000000afd7304f36092e5a0000100
300000008b67e347fb32035ad0000100
3000000102fcc221ca9802e4e0000100
3000000189857b63bb479b5650000100
300000020a2f0353fb76537190000100
30000002832192f7db749b4a00000100
3000000303001ac79960736e80000100
300000038aa05b59ab5a536560000100
300000040abce275db52c32e70000100
300000048351d3195b7c9b6ec0000100
300000050a48ab6a3b536b7270000100
300000058afc3b627b563b4040000100
300100000af2b2f7aace5375a0000100
300100008314e34a536b221460000100
30010001030a6b4003552b6400000100
30010001837ef285fb800a8950000100
30010002037082b8c37a4b3030000100
300100028acbe33b2a6192c7b0000100
3001000303204b2b136492d790000100
3001000382bc732953423a67f0000100
300100040b6e637daaedca9a60000100
300100048b1d5b4cd35aeae130000100
3001000503147b5fcad39abcd0000100
300100058317eb3b8340eb6650000100
3002000003663b3183bf6bb540000100
300200008360dad643806388b0000100
300200010b971b66ebb39ba490000100
300200018b01632e2b56538730000100
300200020b17eba32bad7b97a0000100
300200028b8bc38fabbb5bb640000100
300200030a6b6b33538573a100000100
300200038bac434e0345b389e0000100
3002000402fd3b06eb99b39a30000100
300200048ba1d3755b8ee390d0000100
300200050ba04390fbb499bad0000100
300200058bb8b3a6ebb7dbb220000100
80000000000000000000000000000100
100000000a666a4f634e8b6920000100
100000008352c31cf2e1ab4980000100
100000010ada6b7c5a78ab1770000100
100000018356e311eaf302ed90000100
100000020377fab952f20b5f80000100
1000000283088b195b56e36600000100
100000030acd32f932dc5b78c0000100
100000038365233f9ab5bb4780000100
100000040b1f3b47db4f9ad290000100
100000048b15737c9b595b6b10000100
10000005034701ba3acc735cf0000100
100000058b072b1d83433b7360000100
1001000003547343c24cc24cc0000100
100100008b546addc3794b4470000100
100100010b5c4352836ff2b180000100
100100018b48932ad3533b2040000100
100100020a499319a2bdf26320000100
10010002836b432b8b039b5400000100
10010003035ec322a3789ab8a0000100
1001000383061b1f6b737b01b0000100
100100040b6ef3126b7362dc30000100
100100048371ab03b36262c7c0000100
10010005037e1ad37b678b4870000100
100100058b75535043800360a0000100
1002000003b333a142c14ba270000100
100200008b5a5b576376bba950000100
100200010361836fab942b3c90000100
100200018ba2832542dc93b420000100
1002000203bee3af4b8ce381f0000100
1002000283868aa54bba1bb3a0000100
100200030ba4634fbb749b4390000100
100200038393fb8b6398e37b10000100
10020004036e5bab93813b8f50000100
1002000483a8d35bdb8a6399a0000100
100200050b242b967379634f60000100
1002000581c36394cb89d1ea80000100
6002ffff800000000123456780001a00
20000001000000000000000000000100
20000001400000000000000000000100
20000001c00000000001000000000100
20000002000000000000000000000100
20000002800000000002000000000100
20000002c00000000000000000000100
20000003400000000003000000000100
20000003800000000000000000000100
20000004000000000000000030000100
20000004800000000000000010000100
20000000000000000000000010000100
50000000000000002000000020000100
400000050000000ff000000000000100
3002ffff800000000123456780000100
3003000003d828000bf44e0000000100
3003000083f6660003f4280000000100
3003000103eed6000bf52a0000000100
300300018beb4a000beaec0000000100
300300020bf284000be7920000000100
3003000283ec300003edf40000000100
3003000303db920003f6840000000100
300300038bf4500003e4a80000000100
300300040be8cc833bdea23800000100
3003000483f724ad83f50c67c0000100
300300050be84929ebf5d23ec0000100
3003000583ddcf244be451fa40000100
300300060bf0de5e3be81f2970000100
300300068be5a3b243ebeaf350000100
3003000703ecbee653f3095250000100
300300078bd2f97ffbe502bb00000100
300300080bcb2878cbe8bed6a0000100
3003000883f4741d73e8ca5ff0000100
300300090bebe0360beb4ade10000100
3003000983eb07d2abc3294db0000100
3003000a0be5e4c6ebd8e74da0000100
3003000a8be5a23e33ceff18e0000100
3003000b03da8ee353eedbb840000100
3003000b8bca8b6c13d9b479a0000100
3003000c000000000123456780000100
300000000a666a4f634e8b6920000100
300000008352c31cf2e1ab4980000100
300000010ada6b7c5a78ab1770000100
300000018356e311eaf302ed90000100
300000020377fab952f20b5f80000100
3000000283088b195b56e36600000100
300000030acd32f932dc5b78c0000100
300000038365233f9ab5bb4780000100
300000040b1f3b47db4f9ad290000100
300000048b15737c9b595b6b10000100
30000005034701ba3acc735cf0000100
300000058b072b1d83433b7360000100
3001000003547343c24cc24cc0000100
300100008b546addc3794b4470000100
300100010b5c4352836ff2b180000100
300100018b48932ad3533b2040000100
300100020a499319a2bdf26320000100
30010002836b432b8b039b5400000100
30010003035ec322a3789ab8a0000100
3001000383061b1f6b737b01b0000100
300100040b6ef3126b7362dc30000100
300100048371ab03b36262c7c0000100
30010005037e1ad37b678b4870000100
300100058b75535043800360a0000100
3002000003b333a142c14ba270000100
300200008b5a5b576376bba950000100
300200010361836fab942b3c90000100
300200018ba2832542dc93b420000100
3002000203bee3af4b8ce381f0000100
3002000283868aa54bba1bb3a0000100
300200030ba4634fbb749b4390000100
300200038393fb8b6398e37b10000100
30020004036e5bab93813b8f50000100
3002000483a8d35bdb8a6399a0000100
300200050b242b967379634f60000100
3002000581c36394cb89d1ea80000100
80000000000000000000000000000100
100000000b53e3602b76733200000100
10000000834d43519346531550000100
100000010acb0b0e2ab10b5280000100
1000000183034b7c4aeea32f40000100
100000020291b353a2e7c37600000100
100000028b6f137cfb6142c720000100
100000030b2f12fcb34c737900000100
100000038314db532af22b5ac0000100
100000040b7c0b40ab218b23b0000100
100000048b41d357d37a4ae470000100
100000050a8af3124a0ab37490000100
100000058ad3235f3324eb5e50000100
100000060b760b4502acdb6d30000100
1000000682a22b63ab73b37330000100
10000007031b2b5312dd3b6490000100
100000078b2dbaf3434e3361d0000100
10010000030cbb531b5e535f10000100
100100008b6e8afab30e82eb30000100
10010001036213566b13436640000100
100100018b177b44034552c260000100
100100020368434993472b2e30000100
100100028b6192c1b3312b2310000100
1001000302e81b53eb624b1b00000100
100100038ad2ab1b0a51eb5b40000100
10010004037aa367db5d1b4e00000100
10010004834d62990377535070000100
100100050b778ace432f2356e0000100
1001000582ed5302fb78e368d0000100
100100060b69336be26f534580000100
100100068b4932d68ae10b5450000100
100100070b760b5b5a952ae860000100
100100078b35d348fb4f6303d0000100
10020000038c939df32cc35450000100
100200008b01cb9edb3a9b4c80000100
10020001038cd38b0b88a2c8a0000100
100200018181d38feb688b77b0000100
100200020afc0bbfab95f39b60000100
10020002830853ab6bb2738740000100
100200030bb6c35af3a3538ad0000100
100200038b64b38ac388eb9b50000100
100200040387d35fbb4afb1eb0000100
100200048b216b802b1b9b8970000100
100200050bb28b9a9bbe839780000100
100200058a90bbaae32a9b8f70000100
1002000603358b9b239ceadf20000100
100200068b8603407b9b2b79e0000100
100200070b56539213abbbbab0000100
10020007830da38b1b1a6b38f0000100
6002ffff800000000123456780002200
20000001000000000000000000000100
20000001400000000000000000000100
20000001c00000000001000000000100
20000002000000000000000000000100
20000002800000000002000000000100
20000002c00000000000000000000100
20000003400000000003000000000100
20000003800000000000000000000100
20000004000000000000000040000100
20000004800000000000000000000100
20000000000000000000000010000100
50000000000000002000000020000100
400000050000000ff000000000000100
3002ffff800000000123456780000100
3003000003992f6ff3e306bea0000100
3003000083ea5971abe13fafe0000100
300300010beffabdabe5e443d0000100
300300018be421335bd42906f0000100
300300020ba21062b3dbb6b500000100
300300028becf6fbd3e49a4a60000100
3003000303d45cc47bf01cedc0000100
300300038bd8288323e586e7c0000100
3003000403c0ec9c83e448ad50000100
3003000483ea20266be1d83b40000100
300300050bf02533ebe4c93e70000100
300300058be3e26d2bd16f6b10000100
3003000603cf51d7c3d98e29d0000100
300300068bebfc0d43e72391c0000100
3003000703d1f3d6ebf010d820000100
300300078bd87677c3e8424ec0000100
3003000803bd7265e3e453fe30000100
3003000883ea5696dbe0899de0000100
300300090bf006186be4fbb2c0000100
300300098be3b9d17bd57ddbe0000100
3003000a03c19ffbb3dab43600000100
3003000a8beb9dcbd3e6f001c0000100
3003000b03d0b2633bf016d1e0000100
3003000b8bd86c47a3e8248720000100
3003000c03bd885dc3e4570340000100
3003000c83ea1cceabe1dd1000000100
3003000d0bf025bcdbe4b50820000100
3003000d8be3d344bbd1415f10000100
3003000e03cf102233d9ddb130000100
3003000e8bec068a03e713de60000100
3003000f03d2426dbbf013cb40000100
3003000f8bd88ed7b3e83cf530000100
30030010000000000123456780000100
300000000b53e3602b76733200000100
30000000834d43519346531550000100
300000010acb0b0e2ab10b5280000100
3000000183034b7c4aeea32f40000100
300000020291b353a2e7c37600000100
300000028b6f137cfb6142c720000100
300000030b2f12fcb34c737900000100
300000038314db532af22b5ac0000100
300000040b7c0b40ab218b23b0000100
300000048b41d357d37a4ae470000100
300000050a8af3124a0ab37490000100
300000058ad3235f3324eb5e50000100
300000060b760b4502acdb6d30000100
3000000682a22b63ab73b37330000100
30000007031b2b5312dd3b6490000100
300000078b2dbaf3434e3361d0000100
30010000030cbb531b5e535f10000100
300100008b6e8afab30e82eb30000100
30010001036213566b13436640000100
300100018b177b44034552c260000100
300100020368434993472b2e30000100
300100028b6192c1b3312b2310000100
3001000302e81b53eb624b1b00000100
300100038ad2ab1b0a51eb5b40000100
30010004037aa367db5d1b4e00000100
30010004834d62990377535070000100
300100050b778ace432f2356e0000100
3001000582ed5302fb78e368d0000100
300100060b69336be26f534580000100
300100068b4932d68ae10b5450000100
300100070b760b5b5a952ae860000100
300100078b35d348fb4f6303d0000100
30020000038c939df32cc35450000100
300200008b01cb9edb3a9b4c80000100
30020001038cd38b0b88a2c8a0000100
300200018181d38feb688b77b0000100
300200020afc0bbfab95f39b60000100
30020002830853ab6bb2738740000100
300200030bb6c35af3a3538ad0000100
300200038b64b38ac388eb9b50000100
300200040387d35fbb4afb1eb0000100
300200048b216b802b1b9b8970000100
300200050bb28b9a9bbe839780000100
300200058a90bbaae32a9b8f70000100
3002000603358b9b239ceadf20000100
300200068b8603407b9b2b79e0000100
300200070b56539213abbbbab0000100
30020007830da38b1b1a6b38f0000100
80000000000000000000000000000100
100000000b61733fcb4a6b65c0000100
100000008b3d3b300aa4731b60000100
1000000103458b505a8efb1f70000100
100000018b6b43733b12a21ec0000100
10000002032d0b567368bb3c70000100
100000028b4fcb6e5b7082e680000100
100000030b5aeb77732ab33820000100
100000038b6e2b397b68824d00000100
100000040360d337734df35500000100
1000000482d343789b68ab60c0000100
100000050b77ea583b38db45c0000100
100000058373eb55336d4369b0000100
100000060b4b8adafb0bc2e4b0000100
100000068364036a5b3cf2c060000100
100000070b55c369e319bb5390000100
1000000782c47b231b7e3a9b50000100
100100000a8a2304fac31aa160000100
100100008b408b6f5b2e1b5110000100
100100010373434fbb26cb72b0000100
100100018336a1ef5318036b30000100
100100020b4203126a667b25c0000100
100100028b6d1b5ffb7f8b6640000100
100100030b36cb1adb014aa540000100
100100038b4363456abd5b5f20000100
1001000402509b66f33f534d80000100
100100048b66b33813777b7f10000100
100100050361fb503b1bdb4060000100
10010005834f53090acbeb18f0000100
1001000603683ad8637ca32a00000100
10010006836f326d4ae06aecb0000100
100100070378a31df320b31150000100
10010007834e034463702abfa0000100
1002000003382ba44b6f2b8f60000100
100200008bb9b367cb8e639140000100
10020001039e6b5c431d8b5d40000100
100200018b85d3720b938a9680000100
100200020ba25b94537fdb5270000100
100200028a1d93aca34743bf30000100
100200030b8272dc3ac6a38710000100
10020003838742437380435ad0000100
1002000403af5321d34bfb6d70000100
100200048bab33400ab9037de0000100
100200050b8a8b5b3a54cb85e0000100
100200058318dbafdbb8633330000100
100200060bb843363b9b3bb950000100
100200068352fafb0bb1c3adb0000100
1002000703a3b3035b635321c0000100
1002000783614b9e93352b7de0000100
6002ffff800000000123456780002200
20000001000000000000000000000100
20000001400000000000000000000100
20000001c00000000001000000000100
20000002000000000000000000000100
20000002800000000002000000000100
20000002c00000000000000000000100
20000003400000000003000000000100
20000003800000000000000000000100
20000004000000000000000040000100
20000004800000000000000010000100
20000000000000000000000010000100
50000000000000002000000020000100
400000050000000ff000000000000100
3002ffff800000000123456780000100
300300000bede4000bf1ec0000000100
3003000083e704000bf4880000000100
300300010bf1cc0003f2280000000100
300300018bf7360003ecf80000000100
3003000203e3b0000beba80000000100
3003000283f3cc000beb880000000100
300300030bf270000bd2d00000000100
300300038bf0ba0003ee400000000100
3003000403db36fcbbee830a10000100
300300048bea6d3b4bf36aef40000100
300300050bdea78bc3f55da8d0000100
300300058bed9f2de3f2730e90000100
3003000603d2c00003e1940d70000100
3003000683d0fa219bdde6fcb0000100
300300070bbea336d3e37f6c70000100
3003000783d908df93e528a9f0000100
3003000803dd2961bbeecbbe00000100
3003000883e0ba280bed50cae0000100
300300090be18148c3f32c4d70000100
300300098bf1eb8c23efb667d0000100
3003000a03d1273cbbe0e7b950000100
3003000a8bdc9d629be5ff24b0000100
3003000b0bec7a8ea3e2f8d1a0000100
3003000b83d24045fbe07de460000100
3003000c0bdb0708abf1403b90000100
3003000c8be1f6642be859af50000100
3003000d0bea2fda93f3efc640000100
3003000d8bebc5ae13eb310710000100
3003000e0bd95015abd18a1250000100
3003000e83dd4e5c1bdfb822b0000100
3003000f0be57fc8a3c5490aa0000100
3003000f83e1048f4be8ff2da0000100
30030010000000000123456780000100
300000000b61733fcb4a6b65c0000100
300000008b3d3b300aa4731b60000100
3000000103458b505a8efb1f70000100
300000018b6b43733b12a21ec0000100
30000002032d0b567368bb3c70000100
300000028b4fcb6e5b7082e680000100
300000030b5aeb77732ab33820000100
300000038b6e2b397b68824d00000100
300000040360d337734df35500000100
3000000482d343789b68ab60c0000100
300000050b77ea583b38db45c0000100
300000058373eb55336d4369b0000100
300000060b4b8adafb0bc2e4b0000100
300000068364036a5b3cf2c060000100
300000070b55c369e319bb5390000100
3000000782c47b231b7e3a9b50000100
300100000a8a2304fac31aa160000100
300100008b408b6f5b2e1b5110000100
300100010373434fbb26cb72b0000100
300100018336a1ef5318036b30000100
300100020b4203126a667b25c0000100
300100028b6d1b5ffb7f8b6640000100
300100030b36cb1adb014aa540000100
300100038b4363456abd5b5f20000100
3001000402509b66f33f534d80000100
300100048b66b33813777b7f10000100
300100050361fb503b1bdb4060000100
30010005834f53090acbeb18f0000100
3001000603683ad8637ca32a00000100
30010006836f326d4ae06aecb0000100
300100070378a31df320b31150000100
30010007834e034463702abfa0000100
3002000003382ba44b6f2b8f60000100
300200008bb9b367cb8e639140000100
30020001039e6b5c431d8b5d40000100
300200018b85d3720b938a9680000100
300200020ba25b94537fdb5270000100
300200028a1d93aca34743bf30000100
300200030b8272dc3ac6a38710000100
30020003838742437380435ad0000100
3002000403af5321d34bfb6d70000100
300200048bab33400ab9037de0000100
300200050b8a8b5b3a54cb85e0000100
300200058318dbafdbb8633330000100
300200060bb843363b9b3bb950000100
300200068352fafb0bb1c3adb0000100
3002000703a3b3035b635321c0000100
3002000783614b9e93352b7de0000100
80000000000000000000000000000100
100000000a07835e8b4b2b7680000100
10000000833ad3431b5fbb2b60000100
10000001037f4ae7831bd2c340000100
100000018b6d2b42cb17436500000100
100000020b73eb12f370ab4430000100
1000000283769354f3399b52d0000100
100000030b51f359933ecb6c70000100
1000000382a102d44a555b5800000100
100000040b2502fafb50332e90000100
10000004836fca6bdb241b5fb0000100
1000000502c462c8c356835be0000100
100000058b1b5b4aab608b6da0000100
100000060b67db59fb058320e0000100
100000068303bb453b70cb0eb0000100
100000070b1a3b457b36b34610000100
10000007836082aa3a53f36890000100
100000080ac01b53f322eaf0b0000100
100000088b47ab5853058a8ba0000100
100000090b04837a52c59b5120000100
100000098af78336bb6c9b05c0000100
100100000b4a6b55530e7b5810000100
10010000834e1b40435b0b6e60000100
100100010b7f7b3ad342a34c90000100
10010001834213719aa8930600000100
100100020b40032fa2703b74d0000100
100100028b26e354933e035f00000100
100100030aeb6b41736341c9c0000100
100100038b5e5ad032f7231970000100
10010004036372b70b03434c70000100
100100048143429aab800b6550000100
100100050b572ac482dd1367d0000100
1001000583661b5b629cd284d0000100
100100060a6f636ffb4f237d80000100
100100068b43fb70c3348369c0000100
1001000703724b7bbb60035bd0000100
10010007832fb2c87b77032eb0000100
100100080b3e2adfd36ebabe00000100
100100088a538af98339ab5090000100
10010009032c436b231ff34760000100
100100098241bb7b8b71bad9f0000100
100200000ae9138283908b5250000100
1002000083540b9f63af836eb0000100
100200010b12339deba453aaf0000100
1002000183709323138a5b5850000100
1002000203a563776b96bb9d80000100
100200028b86d3a2c347b380e0000100
100200030330cb75c3258b87e0000100
1002000382546b7e42a30b9b50000100
100200040301cbb6939a6bbc80000100
1002000483b57b69fb5c5b5c70000100
10020005039f83835bb22365f0000100
10020005839cf393c35cabbf20000100
1002000603ba0b93bbbdab11f0000100
100200068b25038d9337fb8560000100
10020007032e63bb3bb732ff50000100
100200078b6703a81b94c39c10000100
100200080af44b4f1acb534880000100
1002000883a9ab8df308fb0790000100
1002000903a66381890bbb90f0000100
100200098b71abb14b87dbb420000100
6002ffff800000000123456780002a00
20000001000000000000000000000100
20000001400000000000000000000100
20000001c00000000001000000000100
20000002000000000000000000000100
20000002800000000002000000000100
20000002c00000000000000000000100
20000003400000000003000000000100
20000003800000000000000000000100
20000004000000000000000050000100
20000004800000000000000000000100
20000000000000000000000010000100
50000000000000002000000020000100
400000050000000ff000000000000100
3002ffff800000000123456780000100
300300000bdd1e158bec622180000100
3003000083eb10b35be3670130000100
3003000103e6443f1bc8609d10000100
3003000183e7e8443bd53ee8c0000100
300300020beeae23a3b4c8bdb0000100
3003000283ebea54e3edb980b0000100
300300030bd6482fabeeb9fdb0000100
3003000383d74d12e3d168f2a0000100
300300040bcbc2f9abebb291e0000100
3003000483e8e411abdec42090000100
3003000503e8794423cfa0b4e0000100
3003000583e938f33be0fec7f0000100
300300060bee36ce93cf10a440000100
3003000683eb698473edca1470000100
300300070bc23a357bf02e2cd0000100
3003000783da84291bc8f4c200000100
300300080bd57aef9bebea8090000100
3003000883e9e0e9fbe51dfa70000100
3003000903e60ad19bd1098070000100
3003000983e9ad73cbde34c120000100
3003000a0bef900a33d0527de0000100
3003000a83ec49d903eefb2390000100
3003000b0bd4a9e0dbef05ecb0000100
3003000b83d92059e3d51e29d0000100
3003000c0bd3a0b15bec609d40000100
3003000c83ea38a00be4c79010000100
3003000d03e713182bd0f9f380000100
3003000d83e9276fabdd7c79b0000100
3003000e0bf05e6853da357a40000100
3003000e83eb6ebb53efa89720000100
3003000f0bced90b0bedcb5490000100
3003000f83db83d1b3dd3f9530000100
300300100bd903515beb4e0780000100
3003001083e9e3197be23175f0000100
3003001103e8024b9bc0c72740000100
3003001183e8d955abdd9c8610000100
300300120beee74e03cbfdf9f0000100
3003001283eb9fdf83eea90760000100
300300130bd52d267beeb23ef0000100
3003001383d5eb0613ca117920000100
30030014000000000123456780000100
300000000a07835e8b4b2b7680000100
30000000833ad3431b5fbb2b60000100
30000001037f4ae7831bd2c340000100
300000018b6d2b42cb17436500000100
300000020b73eb12f370ab4430000100
3000000283769354f3399b52d0000100
300000030b51f359933ecb6c70000100
3000000382a102d44a555b5800000100
300000040b2502fafb50332e90000100
30000004836fca6bdb241b5fb0000100
3000000502c462c8c356835be0000100
300000058b1b5b4aab608b6da0000100
300000060b67db59fb058320e0000100
300000068303bb453b70cb0eb0000100
300000070b1a3b457b36b34610000100
30000007836082aa3a53f36890000100
300000080ac01b53f322eaf0b0000100
300000088b47ab5853058a8ba0000100
300000090b04837a52c59b5120000100
300000098af78336bb6c9b05c0000100
300100000b4a6b55530e7b5810000100
30010000834e1b40435b0b6e60000100
300100010b7f7b3ad342a34c90000100
30010001834213719aa8930600000100
300100020b40032fa2703b74d0000100
300100028b26e354933e035f00000100
300100030aeb6b41736341c9c0000100
300100038b5e5ad032f7231970000100
30010004036372b70b03434c70000100
300100048143429aab800b6550000100
300100050b572ac482dd1367d0000100
3001000583661b5b629cd284d0000100
300100060a6f636ffb4f237d80000100
300100068b43fb70c3348369c0000100
3001000703724b7bbb60035bd0000100
30010007832fb2c87b77032eb0000100
300100080b3e2adfd36ebabe00000100
300100088a538af98339ab5090000100
30010009032c436b231ff34760000100
300100098241bb7b8b71bad9f0000100
300200000ae9138283908b5250000100
3002000083540b9f63af836eb0000100
300200010b12339deba453aaf0000100
3002000183709323138a5b5850000100
3002000203a563776b96bb9d80000100
300200028b86d3a2c347b380e0000100
300200030330cb75c3258b87e0000100
3002000382546b7e42a30b9b50000100
300200040301cbb6939a6bbc80000100
3002000483b57b69fb5c5b5c70000100
30020005039f83835bb22365f0000100
30020005839cf393c35cabbf20000100
3002000603ba0b93bbbdab11f0000100
300200068b25038d9337fb8560000100
30020007032e63bb3bb732ff50000100
300200078b6703a81b94c39c10000100
300200080af44b4f1acb534880000100
3002000883a9ab8df308fb0790000100
3002000903a66381890bbb90f0000100
300200098b71abb14b87dbb420000100
80000000000000000000000000000100
100000000b50bb107b22735d90000100
100000008305db7833561b1710000100
1000000102dd8b61f300c34bd0000100
100000018303eb019a50f346e0000100
100000020b4a9b0842e67b7780000100
1000000282b09b2fd32ecb6960000100
100000030b526b1ec334936da0000100
100000038b196307fafc6afbf0000100
10000004030a1a52bb452b4200000100
10000004834e6b47e30e335d50000100
1000000503237b4e1b5ef37710000100
1000000582e4db75336fdaa880000100
1000000601d112e0b34a034470000100
100000068b61f3040b231b3280000100
100000070b4a034a8374537f90000100
100000078b363b492b709ab480000100
100000080b062333fb498b78a0000100
10000008836be361ba6dcb3d70000100
1000000903475363d238335bd0000100
100000098b243367fb1ab36ce0000100
100100000a977b138b268b3920000100
100100008b116358db66c36900000100
100100010af9cad12b44337de0000100
100100018b79ab07830f0b4f20000100
100100020301bb7e1b40937bb0000100
10010002835e7a03b3693b1ac0000100
100100030b40cb5b7b4df35e90000100
100100038b4f6af17a9522c340000100
100100040b3b6b392b608b72d0000100
100100048b08c338f3670b5650000100
1001000502ce0352434e8b07f0000100
1001000583219b5d937bb353f0000100
1001000603657b607309eb6e00000100
100100068b49930bdb16ead7e0000100
100100070ae25342fa6bc2f550000100
100100078b11ba625265137470000100
100100080332536f0b2e2b5c90000100
100100088b61fb1f43073b0e10000100
100100090b1d8ad5f29f236740000100
100100098345699802f8030690000100
100200000b62db94bba5cb8bc0000100
1002000083877ade9390634230000100
1002000103b4f3b51b145ba030000100
100200018bbcab6c3b943b84d0000100
10020002039e4b562b8e6362b0000100
100200028b7b23aa9ac6937d60000100
10020003038d8bb1eb95339fe0000100
1002000383221baf63a57ad430000100
1002000403b303a0535b139930000100
10020004836ad3affb943bb740000100
1002000502c9ab536398c3a7e0000100
10020005839f43797aa3c31710000100
1002000602e6c3aec3a5d3b850000100
10020006830ecbb5c3b8f3b540000100
100200070b22cadc0388ab93a0000100
100200078b8e1bb48b3d1b7d70000100
1002000802d203718bbfcb20a0000100
10020008838ec3a473835b1410000100
1002000903239a801b45cbbc50000100
100200098ae39b29ab1e636930000100
6002ffff800000000123456780002a00
20000001000000000000000000000100
20000001400000000000000000000100
20000001c00000000001000000000100
20000002000000000000000000000100
20000002800000000002000000000100
20000002c00000000000000000000100
20000003400000000003000000000100
20000003800000000000000000000100
20000004000000000000000050000100
20000004800000000000000010000100
20000000000000000000000010000100
50000000000000002000000020000100
400000050000000ff000000000000100
3002ffff800000000123456780000100
300300000bf4b8000bf1780000000100
300300008bec5a000bf2960000000100
3003000103f20c0003e8460000000100
3003000183f0ee000bdbd20000000100
300300020be28a000bf4060000000100
3003000283f69e0003f6a20000000100
300300030bf286000bf09a0000000100
300300038bf794000bed860000000100
300300040bf33a5c2bdbece620000100
3003000483e3f1d1ebefdcca10000100
3003000503e8b77133ec0c5890000100
3003000583ce50e6a3ec252370000100
300300060bed7268c3c671b6d0000100
3003000683f41a1c1bbc3ddd10000100
3003000703da8561abe9c4a550000100
300300078bec22015bf26a3910000100
300300080bebd3f953e16adfe0000100
3003000883ecd47f1bdd670480000100
300300090bc71eaa5bd1e08de0000100
3003000983e2451883f06f7f30000100
3003000a0bd832cfd3e80fda10000100
3003000a83f0b0c4abdb8b71b0000100
3003000b03ce0d225be2342250000100
3003000b8bd10c751be9547840000100
3003000c0bd8318fc3eb3814c0000100
3003000c83ea298e73e1911910000100
3003000d03e73e1f43e543e200000100
3003000d83e29179a3e1438a10000100
3003000e03dd8d8413c0c80c40000100
3003000e83eb3c37fbda59e3f0000100
3003000f0bd53f993be7d61a80000100
3003000f8be425757bee5bfaa0000100
300300100be6adf233e84b86e0000100
3003001083e92dc003e6f0a5e0000100
3003001103e8bd61c3dd32f410000100
3003001183e868a8d3e9293c60000100
3003001203d59d363be2ae3950000100
3003001283e9cd1cfbda1733b0000100
300300130bda35a6abdd726210000100
300300138be14bfcfbec002470000100
30030014000000000123456780000100
300000000b50bb107b22735d90000100
300000008305db7833561b1710000100
3000000102dd8b61f300c34bd0000100
300000018303eb019a50f346e0000100
300000020b4a9b0842e67b7780000100
3000000282b09b2fd32ecb6960000100
300000030b526b1ec334936da0000100
300000038b196307fafc6afbf0000100
30000004030a1a52bb452b4200000100
30000004834e6b47e30e335d50000100
3000000503237b4e1b5ef37710000100
3000000582e4db75336fdaa880000100
3000000601d112e0b34a034470000100
300000068b61f3040b231b3280000100
300000070b4a034a8374537f90000100
300000078b363b492b709ab480000100
300000080b062333fb498b78a0000100
30000008836be361ba6dcb3d70000100
3000000903475363d238335bd0000100
300000098b243367fb1ab36ce0000100
300100000a977b138b268b3920000100
300100008b116358db66c36900000100
300100010af9cad12b44337de0000100
300100018b79ab07830f0b4f20000100
300100020301bb7e1b40937bb0000100
30010002835e7a03b3693b1ac0000100
300100030b40cb5b7b4df35e90000100
300100038b4f6af17a9522c340000100
300100040b3b6b392b608b72d0000100
300100048b08c338f3670b5650000100
3001000502ce0352434e8b07f0000100
3001000583219b5d937bb353f0000100
3001000603657b607309eb6e00000100
300100068b49930bdb16ead7e0000100
300100070ae25342fa6bc2f550000100
300100078b11ba625265137470000100
300100080332536f0b2e2b5c90000100
300100088b61fb1f43073b0e10000100
300100090b1d8ad5f29f236740000100
300100098345699802f8030690000100
300200000b62db94bba5cb8bc0000100
3002000083877ade9390634230000100
3002000103b4f3b51b145ba030000100
300200018bbcab6c3b943b84d0000100
30020002039e4b562b8e6362b0000100
300200028b7b23aa9ac6937d60000100
30020003038d8bb1eb95339fe0000100
3002000383221baf63a57ad430000100
3002000403b303a0535b139930000100
30020004836ad3affb943bb740000100
3002000502c9ab536398c3a7e0000100
30020005839f43797aa3c31710000100
3002000602e6c3aec3a5d3b850000100
30020006830ecbb5c3b8f3b540000100
300200070b22cadc0388ab93a0000100
300200078b8e1bb48b3d1b7d70000100
3002000802d203718bbfcb20a0000100
30020008838ec3a473835b1410000100
3002000903239a801b45cbbc50000100
300200098ae39b29ab1e636930000100
80000000000000000000000000000100
1000000003348364fb56437ac0000100
100000008371937c1b3b8366c0000100
100000010b0e432efaa4e30be0000100
100000018352b246ab15732460000100
10000002031512ecfb75bb39a0000100
100000028b41034263404b4b90000100
100000030b667b74d33c7a8610000100
1000000383800340eb1f2b7890000100
100000040b5503767b64335a90000100
10000004833612c82b147b3dd0000100
10000005024aeb350b4a7b73b0000100
100000058ac6d31193252ace40000100
1000000602d17ae6d34a129d80000100
10000006835f6ae0cb51036410000100
100000070b0443048b62fb7670000100
1000000782dd1344cb013ad500000100
100000080b74cb5292ff3b4050000100
10000008834222cd133c4b2460000100
100000090318635bea47534cc0000100
1000000982a66b2b3360434f20000100
1000000a0b75c2df6b566b5da0000100
1000000a8b7753501aec834bf0000100
1000000b0b6043350b1cb32130000100
1000000b8b258b71231bca2030000100
1000000c024219ec62f1a2f4b0000100
1000000c8b1df37e22e22347e0000100
1000000d0a8f83288a907b6cd0000100
1000000d8b4ffb337b78822f60000100
1000000e0b43ab476b40631100000100
1000000e8350bb5ba36c532d90000100
1000000f0b1593503319aaf5d0000100
1000000f8aef7b3efb2efaee00000100
1001000002bf92e782fef35dd0000100
100100008b72b379db530b5730000100
1001000103531368bb552b6730000100
100100018b57cb0a0b5cb351b0000100
100100020b5a1b6f9376f297d0000100
10010002832ad375f2c38b6750000100
100100030318836eb360a34700000100
1001000382ad3b15c34fa36620000100
100100040b470b0de301d2e050000100
10010004834f2b441a654b4dd0000100
10010005037d3aa2630b5b1020000100
1001000582713b7f82c6b36f30000100
100100060b06cababb7d6363f0000100
100100068ae0eb001307130fd0000100
100100070b2d0371936d4b6e20000100
100100078ac6c35a3b447346f0000100
100100080355e34d7b6e233d30000100
10010008831a73246287cb0990000100
10010009034b1b18aadf835000000100
100100098b31031222ea235f90000100
1001000a0b73d31aab41ab50c0000100
1001000a8353234bd379828470000100
1001000b036b6b56a35f5b18f0000100
1001000b8b59fb567b3202c5e0000100
1001000c02b3131122e1e35d80000100
1001000c8309f31fcb7a7b41e0000100
1001000d0b205b64db18d2fc40000100
1001000d8b7d9b7482c1636320000100
1001000e0b4afb5d2b05e34b30000100
1001000e831743447ac37b2c30000100
1001000f0abcbb2edb509b5880000100
1001000f83008b1d73607b46e0000100
100200000b12033c730f2391c0000100
100200008b88c3a12384e34c20000100
100200010b44a2c78b9e4b5800000100
100200018ba3f352938cabab70000100
100200020b2b9bbfa3a16b9330000100
100200028a982bb0333deb5a00000100
1002000303781379f35b6b0980000100
100200038aa0ba80c3b6bb6210000100
1002000403478a5f539a2b8230000100
100200048bb74382ab9f839410000100
100200050bba3b5bebb63af570000100
1002000583934bb87b900b1c50000100
100200060a7f0b9bf356eba9a0000100
100200068b5c53b60bba035040000100
100200070335e3997b01632680000100
100200078388d38c8bb3332570000100
10020008034e2ad0bb2093a960000100
100200088b8c6b9e53a9c2c870000100
100200090b910b47638d1a78c0000100
100200098baccb884acb1394b0000100
1002000a0bababa2db5d538aa0000100
1002000a8b4482cb5b88138db0000100
1002000b03796b4703bcea9fb0000100
1002000b83803aa863b333a070000100
1002000c03039b6e2399fb2f50000100
1002000c8b83dba49b175b5a90000100
1002000d0af6fb6f2bae936260000100
1002000d8344dbbf72fc9b3710000100
1002000e0b5fdb9f28d043add0000100
1002000e8bb9badb2b44e29440000100
1002000f0bb7db30a3b32b5410000100
1002000f838d09c33ada9b0d30000100
6002ffff800000000123456780004200
20000001000000000000000000000100
20000001400000000000000000000100
20000001c00000000001000000000100
20000002000000000000000000000100
20000002800000000002000000000100
20000002c00000000000000000000100
20000003400000000003000000000100
20000003800000000000000000000100
20000004000000000000000080000100
20000004800000000000000000000100
20000000000000000000000010000100
50000000000000002000000020000100
400000050000000ff000000000000100
3002ffff800000000123456780000100
3003000003e8404f23dbf2d240000100
300300008bdd04b28bedd828b0000100
300300010bdf664a33e1c71620000100
300300018bf079e87bd01c41b0000100
3003000203ca73b83bd3e7fc30000100
300300028be5e9809bd1677d00000100
3003000303dc32973bc72dbcb0000100
3003000383dbf2c4bbe51a5760000100
3003000403e7518373dddfa380000100
300300048bdffc015bee813a80000100
300300050be15be973e297fa00000100
300300058bf0808e0bcb004600000100
3003000603d8875aabd55adf70000100
300300068be5b2171bd1d7e800000100
3003000703dcaf4783bb518ed0000100
3003000783dfddf43be42e0c60000100
3003000803e8012a83de81e320000100
300300088bde62ea7bedd46cc0000100
300300090be0ced6b3e2760230000100
300300098bf0b1e85bc9c96d80000100
3003000a03cdb592dbd5688c40000100
3003000a8be717c63bd5a264c0000100
3003000b03dbfbb9bbc834b430000100
3003000b83ded4c34be57ca320000100
3003000c03e8853963db2b4290000100
3003000c8bde0ddd4bedf30e30000100
3003000d0be11b47c3e2363f30000100
3003000d8bf09f533bbfe48c20000100
3003000e03c2932b2bd603a0d0000100
3003000e8be69ef64bd132a400000100
3003000f03dba94c3bd13f4ac0000100
3003000f83df2a334be4a6da40000100
3003001003e908c4e3d740eda0000100
300300108bdf3249cbeeb4a360000100
300300110be0da2d93e1d9f880000100
300300118bf055f0abd591a970000100
3003001203d15ce40bd7529af0000100
300300128be51435bbd0b6c510000100
3003001303e09c338bcf2460e0000100
3003001383e022451be5e8f8d0000100
3003001403e850b353dc02aaf0000100
300300148bdfb88e6bee453100000100
300300150be0bac523e2018760000100
300300158bf06dfe9bce814d60000100
3003001603cec4956bd57c0730000100
300300168be52881bbd23a9950000100
3003001703dfb9df1bcce45f90000100
3003001783ded1abfbe4d3a620000100
3003001803e8337c73dc362090000100
300300188bdfcaddebedc9d820000100
300300190be096ff03e2b55f00000100
300300198bf069dbe3bb02fc10000100
3003001a03c066808bd65da650000100
3003001a8be4df10abd009fe30000100
3003001b03df968efbd154e720000100
3003001b83dd1344ebe3a2a740000100
3003001c03e85bf8c3d7e77490000100
3003001c8bdfb2eaebeea46570000100
3003001d0be3527b73e33fc3e0000100
3003001d8bf06e67d3ae16e960000100
3003001e03d1a92ecbd4ceb720000100
3003001e8be4fb201bcd826bd0000100
3003001f03db4b57cbb9f1a190000100
3003001f83e17f6a8be42ea4a0000100
30030020000000000123456780000100
3000000003348364fb56437ac0000100
300000008371937c1b3b8366c0000100
300000010b0e432efaa4e30be0000100
300000018352b246ab15732460000100
30000002031512ecfb75bb39a0000100
300000028b41034263404b4b90000100
300000030b667b74d33c7a8610000100
3000000383800340eb1f2b7890000100
300000040b5503767b64335a90000100
30000004833612c82b147b3dd0000100
30000005024aeb350b4a7b73b0000100
300000058ac6d31193252ace40000100
3000000602d17ae6d34a129d80000100
30000006835f6ae0cb51036410000100
300000070b0443048b62fb7670000100
3000000782dd1344cb013ad500000100
300000080b74cb5292ff3b4050000100
30000008834222cd133c4b2460000100
300000090318635bea47534cc0000100
3000000982a66b2b3360434f20000100
3000000a0b75c2df6b566b5da0000100
3000000a8b7753501aec834bf0000100
3000000b0b6043350b1cb32130000100
3000000b8b258b71231bca2030000100
3000000c024219ec62f1a2f4b0000100
3000000c8b1df37e22e22347e0000100
3000000d0a8f83288a907b6cd0000100
3000000d8b4ffb337b78822f60000100
3000000e0b43ab476b40631100000100
3000000e8350bb5ba36c532d90000100
3000000f0b1593503319aaf5d0000100
3000000f8aef7b3efb2efaee00000100
3001000002bf92e782fef35dd0000100
300100008b72b379db530b5730000100
3001000103531368bb552b6730000100
300100018b57cb0a0b5cb351b0000100
300100020b5a1b6f9376f297d0000100
30010002832ad375f2c38b6750000100
300100030318836eb360a34700000100
3001000382ad3b15c34fa36620000100
300100040b470b0de301d2e050000100
30010004834f2b441a654b4dd0000100
30010005037d3aa2630b5b1020000100
3001000582713b7f82c6b36f30000100
300100060b06cababb7d6363f0000100
300100068ae0eb001307130fd0000100
300100070b2d0371936d4b6e20000100
300100078ac6c35a3b447346f0000100
300100080355e34d7b6e233d30000100
30010008831a73246287cb0990000100
30010009034b1b18aadf835000000100
300100098b31031222ea235f90000100
3001000a0b73d31aab41ab50c0000100
3001000a8353234bd379828470000100
3001000b036b6b56a35f5b18f0000100
3001000b8b59fb567b3202c5e0000100
3001000c02b3131122e1e35d80000100
3001000c8309f31fcb7a7b41e0000100
3001000d0b205b64db18d2fc40000100
3001000d8b7d9b7482c1636320000100
3001000e0b4afb5d2b05e34b30000100
3001000e831743447ac37b2c30000100
3001000f0abcbb2edb509b5880000100
3001000f83008b1d73607b46e0000100
300200000b12033c730f2391c0000100
300200008b88c3a12384e34c20000100
300200010b44a2c78b9e4b5800000100
300200018ba3f352938cabab70000100
300200020b2b9bbfa3a16b9330000100
300200028a982bb0333deb5a00000100
3002000303781379f35b6b0980000100
300200038aa0ba80c3b6bb6210000100
3002000403478a5f539a2b8230000100
300200048bb74382ab9f839410000100
300200050bba3b5bebb63af570000100
3002000583934bb87b900b1c50000100
300200060a7f0b9bf356eba9a0000100
300200068b5c53b60bba035040000100
300200070335e3997b01632680000100
300200078388d38c8bb3332570000100
30020008034e2ad0bb2093a960000100
300200088b8c6b9e53a9c2c870000100
300200090b910b47638d1a78c0000100
300200098baccb884acb1394b0000100
3002000a0bababa2db5d538aa0000100
3002000a8b4482cb5b88138db0000100
3002000b03796b4703bcea9fb0000100
3002000b83803aa863b333a070000100
3002000c03039b6e2399fb2f50000100
3002000c8b83dba49b175b5a90000100
3002000d0af6fb6f2bae936260000100
3002000d8344dbbf72fc9b3710000100
3002000e0b5fdb9f28d043add0000100
3002000e8bb9badb2b44e29440000100
3002000f0bb7db30a3b32b5410000100
3002000f838d09c33ada9b0d30000100
80000000000000000000000000000100
1000000002819b6dd3157b0c10000100
10000000835a49f619cd92edf0000100
1000000102d43afa72e65b7ab0000100
100000018345e2de42dbf32d10000100
100000020b71832d8b72db7d40000100
100000028b41cb65634ce35a10000100
100000030b21434e7b7ba34ef0000100
10000003822b23199b56835950000100
100000040b4ffb2c036452a3d0000100
10000004837b1b667b63736600000100
100000050373311922d3633bb0000100
100000058a451b62eb3a2ae7b0000100
1000000603456304d311834bf0000100
100000068b7d437b7b789357e0000100
100000070a4afaeb0b5bbb47e0000100
10000007832fab645b0f636d40000100
100000080b75c3735372ab6470000100
100000088b302b3652b84b4e70000100
10000009034d81f85b5d8289b0000100
10000009834a3b6a2b6cc26570000100
1000000a01677b32032e0b6ac0000100
1000000a8b65029413638b45c0000100
1000000b0b05530803275ae4a0000100
1000000b8ad6aace734a8b03d0000100
1000000c02e923520af43b6c10000100
1000000c8b2e33519306637d60000100
1000000d036a72925361b2b980000100
1000000d8b7792c87b51620bd0000100
1000000e0b3522eb62e7eaf3f0000100
1000000e834d0b761b51b340c0000100
1000000f0b6c8330e351f34a00000100
1000000f823f72e7935a5b6610000100
100100000b57dab1cb01bb5d40000100
1001000082f363090b5ff37a80000100
1001000102483b2ed36c329300000100
100100018b1052facb15435db0000100
100100020b79a34c531bd32df0000100
10010002831ea3205ab6d36770000100
100100030b0b2b55136f034ff0000100
1001000382d8b31c7ac84a81e0000100
100100040b71d310e2ec232180000100
100100048b18db621a813248d0000100
100100050a7bb352c36382e4c0000100
100100058ae1037a4b743b3490000100
10010006028a8b79db1fb36740000100
100100068b4f821d22fa8b1ca0000100
1001000703201b159ad2ab3280000100
1001000782be22735351133600000100
10010008036a2b445b0c8b6030000100
100100088356db6652d5832970000100
10010009034633553369e2e3c0000100
1001000982d1832a534a22dd40000100
1001000a03122b6a13662b7f50000100
1001000a8b459b0feb10e36350000100
1001000b0b693ad51b69eb1c90000100
1001000b836f4a2adb551b6750000100
1001000c035993487b055b6fb0000100
1001000c8b3bf3554374db5980000100
1001000d0b69d361e3416a9530000100
1001000d834ad2f85b7872edf0000100
1001000e0b18ab7083459b4970000100
1001000e8b21d37fdb581a8810000100
1001000f0ac522b4db369308e0000100
1001000f8b68cb7bc35e035e60000100
100200000b85d3971350b24a10000100
100200008b17cb8a339473ab70000100
1002000103badbb6139d8b0920000100
1002000182829373ab76ebb570000100
1002000203aa13424396b3a3d0000100
1002000283bcdae23baeeb5e00000100
1002000302914b9733881b99c0000100
100200038bb5eb508bb60355b0000100
100200040b78437c93beeae5b0000100
100200048b540b565bb953bf50000100
100200050b67aba9c38b9b6fa0000100
100200058aaa6b8553bf335330000100
1002000602f1bbb91ae35b8cc0000100
100200068363c33adb82eb82c0000100
100200070b8c5b462348539b30000100
10020007833de3a01b97434e60000100
1002000803ac9baabba36bbf60000100
100200088b485b9ecb7b235bd0000100
1002000902b983acb39a1bbc60000100
10020009837753786ba7c1db70000100
1002000a038fb38f5b9ea38460000100
1002000a8b9213b4bb389381e0000100
1002000b02b91379cb1723abe0000100
1002000b838f5b864385239850000100
1002000c0b624ac5f3940b6310000100
1002000c83636b86daa1eae430000100
1002000d0a95f3bb2b922bae90000100
1002000d83bee3ab7b926b3b50000100
1002000e0bad4b7da3a22a3380000100
1002000e8b50b34c534a9b42d0000100
1002000f0aea7340cb559381b0000100
1002000f83b2cabf33a993b570000100
6002ffff800000000123456780004200
20000001000000000000000000000100
20000001400000000000000000000100
20000001c00000000001000000000100
20000002000000000000000000000100
20000002800000000002000000000100
20000002c00000000000000000000100
20000003400000000003000000000100
20000003800000000000000000000100
20000004000000000000000080000100
20000004800000000000000010000100
20000000000000000000000010000100
50000000000000002000000020000100
400000050000000ff000000000000100
3002ffff800000000123456780000100
3003000003ea160003c9420000000100
300300008bf0ba0003f2e20000000100
3003000103f28e0003f56e0000000100
300300018be2f8000bf1460000000100
3003000203f3b0000be1240000000100
3003000283f75a000bf6c20000000100
300300030beedc000bf6ae0000000100
3003000383d0520003ee740000000100
3003000403efa25c03ec404760000100
3003000483de691c93ef4ee7a0000100
300300050bd9180533e85ebf00000100
3003000583ec15a51beb226fb0000100
3003000603f2677cfbed206620000100
3003000683f04dd17bf4e8ddc0000100
300300070bf2ef6c0bea2ba510000100
300300078bed91ed03dada2fb0000100
3003000803f282b123e7111ff0000100
300300088bd74992b3ef390850000100
300300090bec081e23ef85eef0000100
3003000983e262250bead36d80000100
3003000a03f20ed28bed9f4760000100
3003000a83e535929bf4f62150000100
3003000b0be124edebdbd8fb40000100
3003000b8bea13bf4be040ca80000100
3003000c03ee38a383c74fb8e0000100
3003000c8bc284f2f3dc1801a0000100
3003000d0beca5bc23e546fac0000100
3003000d83e6b5c8dbe3d36190000100
3003000e03f097b23bdee72ab0000100
3003000e83c0dcdc5bf2a98440000100
3003000f0bea006afba0f62b60000100
3003000f8be29c1043df7ca9b0000100
3003001003e84669ebe1ebc200000100
3003001083e0a67b3bd16ba220000100
300300110bee20f0c3e8e5bdb0000100
3003001183dee06debe99f6f50000100
3003001203f133df6be9fbca40000100
3003001283c1c20ccbecdec9d0000100
300300130beaff4b03c78de930000100
300300138bd7cbaae3e0bbe9a0000100
3003001403d120d9ebd994d4d0000100
3003001483e76563e3cef06d20000100
300300150becd1bb23e9b06500000100
300300158bcd02b70bdb41b4a0000100
3003001603ee181d3bdcb41d50000100
3003001683c14b3a6be5014300000100
300300170be5c706b3e0af13c0000100
3003001783db2581f3d44d4430000100
3003001803e2e1023bdd6aae90000100
3003001883e01607a3d48a8dc0000100
300300190bea937923e8746f70000100
3003001983d4b7746be4a1aa20000100
3003001a03e9ba7e3be854a480000100
3003001a83d17423cbd93b2500000100
3003001b0be966d1c3d2a09ed0000100
3003001b83e4286ae3e279f920000100
3003001c03e62381cbda6b2f90000100
3003001c83d2f854dbc3cfcb40000100
3003001d0be926f373e57471f0000100
3003001d8bba00253bdf417cb0000100
3003001e03e7a8466be21df930000100
3003001e83bfbcb46bd2849810000100
3003001f0be0fc10c3e318d1d0000100
3003001f83e829ec73dd247100000100
30030020000000000123456780000100
3000000002819b6dd3157b0c10000100
30000000835a49f619cd92edf0000100
3000000102d43afa72e65b7ab0000100
300000018345e2de42dbf32d10000100
300000020b71832d8b72db7d40000100
300000028b41cb65634ce35a10000100
300000030b21434e7b7ba34ef0000100
30000003822b23199b56835950000100
300000040b4ffb2c036452a3d0000100
30000004837b1b667b63736600000100
300000050373311922d3633bb0000100
300000058a451b62eb3a2ae7b0000100
3000000603456304d311834bf0000100
300000068b7d437b7b789357e0000100
300000070a4afaeb0b5bbb47e0000100
30000007832fab645b0f636d40000100
300000080b75c3735372ab6470000100
300000088b302b3652b84b4e70000100
30000009034d81f85b5d8289b0000100
30000009834a3b6a2b6cc26570000100
3000000a01677b32032e0b6ac0000100
3000000a8b65029413638b45c0000100
3000000b0b05530803275ae4a0000100
3000000b8ad6aace734a8b03d0000100
3000000c02e923520af43b6c10000100
3000000c8b2e33519306637d60000100
3000000d036a72925361b2b980000100
3000000d8b7792c87b51620bd0000100
3000000e0b3522eb62e7eaf3f0000100
3000000e834d0b761b51b340c0000100
3000000f0b6c8330e351f34a00000100
3000000f823f72e7935a5b6610000100
300100000b57dab1cb01bb5d40000100
3001000082f363090b5ff37a80000100
3001000102483b2ed36c329300000100
300100018b1052facb15435db0000100
300100020b79a34c531bd32df0000100
30010002831ea3205ab6d36770000100
300100030b0b2b55136f034ff0000100
3001000382d8b31c7ac84a81e0000100
300100040b71d310e2ec232180000100
300100048b18db621a813248d0000100
300100050a7bb352c36382e4c0000100
300100058ae1037a4b743b3490000100
30010006028a8b79db1fb36740000100
300100068b4f821d22fa8b1ca0000100
3001000703201b159ad2ab3280000100
3001000782be22735351133600000100
30010008036a2b445b0c8b6030000100
300100088356db6652d5832970000100
30010009034633553369e2e3c0000100
3001000982d1832a534a22dd40000100
3001000a03122b6a13662b7f50000100
3001000a8b459b0feb10e36350000100
3001000b0b693ad51b69eb1c90000100
3001000b836f4a2adb551b6750000100
3001000c035993487b055b6fb0000100
3001000c8b3bf3554374db5980000100
3001000d0b69d361e3416a9530000100
3001000d834ad2f85b7872edf0000100
3001000e0b18ab7083459b4970000100
3001000e8b21d37fdb581a8810000100
3001000f0ac522b4db369308e0000100
3001000f8b68cb7bc35e035e60000100
300200000b85d3971350b24a10000100
300200008b17cb8a339473ab70000100
3002000103badbb6139d8b0920000100
3002000182829373ab76ebb570000100
3002000203aa13424396b3a3d0000100
3002000283bcdae23baeeb5e00000100
3002000302914b9733881b99c0000100
300200038bb5eb508bb60355b0000100
300200040b78437c93beeae5b0000100
300200048b540b565bb953bf50000100
300200050b67aba9c38b9b6fa0000100
300200058aaa6b8553bf335330000100
3002000602f1bbb91ae35b8cc0000100
300200068363c33adb82eb82c0000100
300200070b8c5b462348539b30000100
30020007833de3a01b97434e60000100
3002000803ac9baabba36bbf60000100
300200088b485b9ecb7b235bd0000100
3002000902b983acb39a1bbc60000100
30020009837753786ba7c1db70000100
3002000a038fb38f5b9ea38460000100
3002000a8b9213b4bb389381e0000100
3002000b02b91379cb1723abe0000100
3002000b838f5b864385239850000100
3002000c0b624ac5f3940b6310000100
3002000c83636b86daa1eae430000100
3002000d0a95f3bb2b922bae90000100
3002000d83bee3ab7b926b3b50000100
3002000e0bad4b7da3a22a3380000100
3002000e8b50b34c534a9b42d0000100
3002000f0aea7340cb559381b0000100
3002000f83b2cabf33a993b570000100
80000000000000000000000000000100
100000000b596ad15272c355b0000100
10000000832ddb535b530a4bb0000100
10000001036a8b249b5e1b5680000100
1000000183631b05f312430d50000100
100000020b765373130a237270000100
10000002821039ce0351a320e0000100
100000030b46bb0b93624305f0000100
10000003833ccb5542e552db30000100
100000040374e2cefb153346d0000100
100000048b5053353b51db01c0000100
100000050356b2c61b34c35440000100
1000000583187b344b639a4680000100
10000006030bab24e37642a890000100
100000068b6ad3111b69ab5d10000100
100000070b720b3a93405361d0000100
1000000783791b183b46324b50000100
100000080b5e336f4af02b5eb0000100
100000088af7f36a8328a35880000100
1000000903311b4d7308db3250000100
100000098ace5b53db1ef354a0000100
1000000a0b50d31a6b305b75b0000100
1000000a8b19eb78cb58bb6f00000100
1000000b022bb2f5a362034f90000100
1000000b830f434e8b624b5420000100
1000000c0b5a7b23d375137800000100
1000000c8ace5322dac5937a80000100
1000000d0a4d4b108b5c734cc0000100
1000000d835f1af6f34d234320000100
1000000e0281831633525b6fb0000100
1000000e8b64135c63407b3ed0000100
1000000f035dd320eb479326d0000100
1000000f8a6b5b764b44e359f0000100
10000010035c22d32ac79a1a50000100
1000001083789b63e3346aa620000100
100000110372e374a27b3b6e20000100
100000118b01029ab2aadb2740000100
100100000b289b2f53545adb20000100
100100008b2dcb102a8169cc10000100
100100010b41534e2371b30da0000100
1001000182c04b165300c32a40000100
100100020b52db43834f2341b0000100
10010002835aab5a0b228b7210000100
100100030ae9124d333aa35900000100
100100038b7be3286360036940000100
1001000402b05270b34ac35710000100
100100048357929ff3624b7340000100
100100050b4dba77ab5baa93a0000100
100100058311c9870b1b033cf0000100
100100060b537b0f2363d33e40000100
10010006836019867a7952f7f0000100
10010007036f135b1b4c1b7080000100
10010007835fdb5de3227b5950000100
100100080acd6b743b0cc32f50000100
100100088af7836ee32fe2a2f0000100
100100090b64eb1d63327b7010000100
100100098b4d2b40db49230e30000100
1001000a0b4703450356fb4330000100
1001000a8318e3550350132510000100
1001000b0336c2f05af6835f70000100
1001000b82cbfaea5b5d0b3260000100
1001000c0b1743620b6ec338c0000100
1001000c82d4fb69eb754b41a0000100
1001000d0372ba96137d430a60000100
1001000d8b13237ebb6df2cb50000100
1001000e0342534103539369a0000100
1001000e8b17eb5b8239536c80000100
1001000f03644b3d2b65b36240000100
1001000f8b7ebb6c3b516345a0000100
1001001002e52afaa3411b49f0000100
100100108b5f9b545352a33ae0000100
100100110b533ad433459b34e0000100
100100118b59eb76792e62eda0000100
10020000025f19ff5ae96bb340000100
100200008ba5cb35e3bb1389e0000100
100200010adccb988ba7138c30000100
100200018379d3844b66ab45c0000100
100200020b7f53a903a2fb9430000100
100200028b617b86438fdb6dd0000100
100200030a8df357eb0e5ba210000100
100200038380234bebaebba380000100
100200040363db852b32fba3b0000100
10020004837fd3ade2f0c38100000100
10020005033c0b8f13b45a99a0000100
10020005835003574311fbad70000100
100200060b85f3417b1973bb20000100
100200068389738f836fb36500000100
100200070b4c2b42035cc3a670000100
1002000783a633837bada39720000100
100200080b3ab312eba8237490000100
100200088b905361d3bd0b80a0000100
10020009030c22f02b2e9ba4c0000100
10020009838b734c3b9d7b29f0000100
1002000a038a234a7b9d6b7890000100
1002000a82ef634843732a8fa0000100
1002000b0b0153846390fb7210000100
1002000b8b266b410bba238880000100
1002000c034f43814ba34b8200000100
1002000c838a23827b905b5010000100
1002000d0b689bb40a93a39580000100
1002000d83b673423ada8b6cf0000100
1002000e0b772b844394cb30b0000100
1002000e838d93bba385337190000100
1002000f0b80eb804b2ed3a490000100
1002000f8356036ac3338329d0000100
100200100b027351331c9b3200000100
100200108b36d3b0ab979371c0000100
100200110a8c732de2d0033d00000100
10020011835f73bc63582395b0000100
6002ffff800000000123456780004a00
20000001000000000000000000000100
20000001400000000000000000000100
20000001c00000000001000000000100
20000002000000000000000000000100
20000002800000000002000000000100
20000002c00000000000000000000100
20000003400000000003000000000100
20000003800000000000000000000100
20000004000000000000000090000100
20000004800000000000000000000100
20000000000000000000000010000100
50000000000000002000000020000100
400000050000000ff000000000000100
3002ffff800000000123456780000100
300300000be00613dbe707d7d0000100
300300008bda2805c3e1047320000100
3003000103e9f36c13e00e0200000100
3003000183d8b4bfe3ed764790000100
3003000203d93e0c73e120c5d0000100
300300028be084295be589d4a0000100
300300030beb8bcffbd2eabba0000100
3003000383ef113563ec1144b0000100
300300040be077259be876ecd0000100
300300048bd7fbd3a3e0cb6d90000100
3003000503ea17c953e01138d0000100
3003000583cfe5de43ed390700000100
3003000603d791c1b3debfc940000100
300300068bdf8e881be4703680000100
300300070beb407dcbd31182b0000100
3003000783ee75d5a3ec111b10000100
300300080be0d598dbe84ef4c0000100
300300088bd73d5313dfdf4030000100
3003000903e9c77c83dfddd220000100
3003000983d86855e3edee9070000100
3003000a03d8551093e0ec9b80000100
3003000a8be0b1908be5b61910000100
3003000b0bead81d8bd25c2a90000100
3003000b83ee937d53ebcaeca0000100
3003000c0be079ff4be8fefad0000100
3003000c8bd6fb2b73e0c742a0000100
3003000d03ea3e6a53dff4c5a0000100
3003000d83c738b483ece39e40000100
3003000e03d4e208c3ddc99fa0000100
3003000e8bdedd0a2be4bfe130000100
3003000f0beb22fdbbd772ec70000100
3003000f83ee7abd33ec210d10000100
300300100be1ba9f8be7edba00000100
300300108bd66ee493e0b9bb00000100
3003001103e9d51433df6d3a30000100
3003001183d0d2d633edc61720000100
3003001203d824d653dea33a50000100
300300128be0077afbe3c83ee0000100
300300130beb2feddbc8921f90000100
3003001383ee470ed3ebf1bd60000100
300300140be1df8b3be974e8d0000100
300300148bd2c1ab13e2e3e010000100
3003001503e8d7fee3dcf65420000100
3003001583d25ee823ec95cf60000100
3003001603d44c32f3e0542570000100
300300168be0921d0be5e7f590000100
300300170beb4290cbd886cf10000100
3003001783ef02f553ebc578f0000100
300300180bde8298cbe7e33320000100
300300188bd9ee7113e01a7f30000100
3003001903eacdc7e3e0b9f7c0000100
3003001983d3102df3ed4bd030000100
3003001a03d8838513dfaff890000100
3003001a8be0069febe4412880000100
3003001b0beb8f1aabd0b8bea0000100
3003001b83ee5c3b53ec025c20000100
3003001c0be063668be8653b00000100
3003001c8bd68b07d3dfaf10d0000100
3003001d03ea251f53e0d28130000100
3003001d83d2caaf13edc346e0000100
3003001e03d9391543df68d5c0000100
3003001e8be000d7cbe3df1980000100
3003001f0beb115d9bc9e84fc0000100
3003001f83edf50283ebe92e20000100
300300200be0966b3be79ddce0000100
300300208bd8ccd203e1467000000100
3003002103e9766c43e0005630000100
3003002183d7b656d3ed92d780000100
3003002203d95786f3e0dcf330000100
300300228be06369ebe52ad050000100
300300230beb4d1adbd134eb70000100
3003002383eee90ea3ec1cefa0000100
30030024000000000123456780000100
300000000b596ad15272c355b0000100
30000000832ddb535b530a4bb0000100
30000001036a8b249b5e1b5680000100
3000000183631b05f312430d50000100
300000020b765373130a237270000100
30000002821039ce0351a320e0000100
300000030b46bb0b93624305f0000100
30000003833ccb5542e552db30000100
300000040374e2cefb153346d0000100
300000048b5053353b51db01c0000100
300000050356b2c61b34c35440000100
3000000583187b344b639a4680000100
30000006030bab24e37642a890000100
300000068b6ad3111b69ab5d10000100
300000070b720b3a93405361d0000100
3000000783791b183b46324b50000100
300000080b5e336f4af02b5eb0000100
300000088af7f36a8328a35880000100
3000000903311b4d7308db3250000100
300000098ace5b53db1ef354a0000100
3000000a0b50d31a6b305b75b0000100
3000000a8b19eb78cb58bb6f00000100
3000000b022bb2f5a362034f90000100
3000000b830f434e8b624b5420000100
3000000c0b5a7b23d375137800000100
3000000c8ace5322dac5937a80000100
3000000d0a4d4b108b5c734cc0000100
3000000d835f1af6f34d234320000100
3000000e0281831633525b6fb0000100
3000000e8b64135c63407b3ed0000100
3000000f035dd320eb479326d0000100
3000000f8a6b5b764b44e359f0000100
30000010035c22d32ac79a1a50000100
3000001083789b63e3346aa620000100
300000110372e374a27b3b6e20000100
300000118b01029ab2aadb2740000100
300100000b289b2f53545adb20000100
300100008b2dcb102a8169cc10000100
300100010b41534e2371b30da0000100
3001000182c04b165300c32a40000100
300100020b52db43834f2341b0000100
30010002835aab5a0b228b7210000100
300100030ae9124d333aa35900000100
300100038b7be3286360036940000100
3001000402b05270b34ac35710000100
300100048357929ff3624b7340000100
300100050b4dba77ab5baa93a0000100
300100058311c9870b1b033cf0000100
300100060b537b0f2363d33e40000100
30010006836019867a7952f7f0000100
30010007036f135b1b4c1b7080000100
30010007835fdb5de3227b5950000100
300100080acd6b743b0cc32f50000100
300100088af7836ee32fe2a2f0000100
300100090b64eb1d63327b7010000100
300100098b4d2b40db49230e30000100
3001000a0b4703450356fb4330000100
3001000a8318e3550350132510000100
3001000b0336c2f05af6835f70000100
3001000b82cbfaea5b5d0b3260000100
3001000c0b1743620b6ec338c0000100
3001000c82d4fb69eb754b41a0000100
3001000d0372ba96137d430a60000100
3001000d8b13237ebb6df2cb50000100
3001000e0342534103539369a0000100
3001000e8b17eb5b8239536c80000100
3001000f03644b3d2b65b36240000100
3001000f8b7ebb6c3b516345a0000100
3001001002e52afaa3411b49f0000100
300100108b5f9b545352a33ae0000100
300100110b533ad433459b34e0000100
300100118b59eb76792e62eda0000100
30020000025f19ff5ae96bb340000100
300200008ba5cb35e3bb1389e0000100
300200010adccb988ba7138c30000100
300200018379d3844b66ab45c0000100
300200020b7f53a903a2fb9430000100
300200028b617b86438fdb6dd0000100
300200030a8df357eb0e5ba210000100
300200038380234bebaebba380000100
300200040363db852b32fba3b0000100
30020004837fd3ade2f0c38100000100
30020005033c0b8f13b45a99a0000100
30020005835003574311fbad70000100
300200060b85f3417b1973bb20000100
300200068389738f836fb36500000100
300200070b4c2b42035cc3a670000100
3002000783a633837bada39720000100
300200080b3ab312eba8237490000100
300200088b905361d3bd0b80a0000100
30020009030c22f02b2e9ba4c0000100
30020009838b734c3b9d7b29f0000100
3002000a038a234a7b9d6b7890000100
3002000a82ef634843732a8fa0000100
3002000b0b0153846390fb7210000100
3002000b8b266b410bba238880000100
3002000c034f43814ba34b8200000100
3002000c838a23827b905b5010000100
3002000d0b689bb40a93a39580000100
3002000d83b673423ada8b6cf0000100
3002000e0b772b844394cb30b0000100
3002000e838d93bba385337190000100
3002000f0b80eb804b2ed3a490000100
3002000f8356036ac3338329d0000100
300200100b027351331c9b3200000100
300200108b36d3b0ab979371c0000100
300200110a8c732de2d0033d00000100
30020011835f73bc63582395b0000100
80000000000000000000000000000100
100000000b774b367348bb5090000100
100000008b7ff9d032df2b55c0000100
1000000103577b71e272e2da70000100
100000018375eacd5b6d335e30000100
10000002031fa2e1a3485279b0000100
10000002831c5b51733b4a8920000100
100000030308aadafb4e7b5060000100
1000000382d72a48fb76fae8e0000100
100000040374b35b1b486b7080000100
1000000483551b160b61b37a70000100
1000000502aa5b7b2b20faf0d0000100
100000058b74cae69b539319e0000100
1000000603214b4fb9d55b7610000100
1000000682e31b561b688b54d0000100
100000070206dace5b743b74a0000100
100000078b79fb7c72a37b6640000100
100000080b6c231ed309b29b50000100
100000088346b30a3b5a1b6540000100
100000090a9dcb4cdb4b32f010000100
1000000983658a88433d7b6f00000100
1000000a03405b6f12f772d2f0000100
1000000a8340ab1ecb57536510000100
1000000b035d1b59330d835df0000100
1000000b89e1dadad2a44b7860000100
1000000c0b307340fb31731160000100
1000000c8a8c2b159b25cb0500000100
1000000d0b078b696b356b6210000100
1000000d8b4873589a6a02a8b0000100
1000000e028a9211db0f3248a0000100
1000000e8354b37dd344d33280000100
1000000f036feb102b6d235df0000100
1000000f8378bb4b132ddb7f80000100
100000100b425b6c7b49e217e0000100
10000010834f937b137c537500000100
10000011030f83712b1c136620000100
100000118343eb4c133c12fb90000100
1001000003128aafc35dc332c0000100
100100008b5b12b15b65937110000100
10010001037d7b5bab28aa7960000100
100100018b4f0ac7734e6b31b0000100
100100020b6c2b70b3473b55d0000100
1001000282e02309635a937980000100
100100030b51235a63518314a0000100
100100038b699b6d83358b68c0000100
100100040307537362973b4dc0000100
10010004837bc377e32dfb6430000100
10010005023f5b5402c48b0cf0000100
100100058276a2632b6edb45f0000100
100100060344eb3b922d732620000100
10010006827deb4532afc24850000100
100100070b4f62a82ac16b4010000100
100100078a7e3353ab4fb34080000100
100100080371dae72a19ab1a20000100
1001000883264b4fa2cedb6950000100
10010009037f036f5303f2cdb0000100
100100098b266b4deb6af35100000100
1001000a021083284b64933f40000100
1001000a8b3c431a5b11b35eb0000100
1001000b0b639b6fd34b230f20000100
1001000b82c67375db501360a0000100
1001000c0b542323c26d0360c0000100
1001000c8b4e2346eb6bb31f10000100
1001000d0352c300bb0dd36010000100
1001000d8370eb785b173b7230000100
1001000e0b5c9b5d72df2a7660000100
1001000e8aebf34f53666b7190000100
1001000f0b40835e1363cb1500000100
1001000f8b316ad6335d62db80000100
100100100369cb773352233c90000100
1001001082c00b3cf375737cf0000100
1001001103639b604b48eb79b0000100
100100118375c339b374c15310000100
100200000b2e2bab39a5fbbb30000100
1002000083abc3bb7310d386a0000100
100200010bb8c39ad38b6b1310000100
100200018b180ad88399abad60000100
100200020b72d38efbae73a1e0000100
100200028b20136c93538ab790000100
10020003034c9b269298d31a20000100
1002000383aa63a603b3238370000100
1002000403182b8f639aab2fc0000100
1002000483a8c3517b80da48e0000100
100200050ba87350d30eeb4330000100
100200058350c33e1bb47b3470000100
1002000603a163471b92139e30000100
100200068b0babbc8aaf2345a0000100
10020007037bd3a11b9a639820000100
100200078b78a3721b710361a0000100
10020008028f3ba893be1b30d0000100
100200088abb9388d3abcba600000100
100200090b93b3825b8cfb2bd0000100
100200098b5f7a918b0c035870000100
1002000a0aee536d9bb18bbde0000100
1002000a8b4212bd02fd4b4590000100
1002000b038c8358d2f9438de0000100
1002000b8b81dba8aba60baa80000100
1002000c0b91aba962320b8240000100
1002000c838f19ac4b85dacb80000100
1002000d0395634013a0b35b50000100
1002000d83b91342830b12c770000100
1002000e0bb45361c2c739c870000100
1002000e83bf4b2ff3458b6160000100
1002000f030c8bb2eb84b39f30000100
1002000f831a2353bbb05bac80000100
10020010023d93b3fb87839b30000100
100200108b5e234fe381daf060000100
1002001103b42bab538eb07e20000100
1002001183445b9753871b8710000100
6002ffff800000000123456780004a00
20000001000000000000000000000100
20000001400000000000000000000100
20000001c00000000001000000000100
20000002000000000000000000000100
20000002800000000002000000000100
20000002c00000000000000000000100
20000003400000000003000000000100
20000003800000000000000000000100
20000004000000000000000090000100
20000004800000000000000010000100
20000000000000000000000010000100
50000000000000002000000020000100
400000050000000ff000000000000100
3002ffff800000000123456780000100
300300000bb4be000bf7660000000100
300300008be5c4000bf5660000000100
3003000103e21a0003f0d40000000100
3003000183f5780003f76e0000000100
3003000203f16c000be2620000000100
300300028bf7180003f35a0000000100
3003000303f334000bf5ac0000000100
300300038be300000bdb100000000100
300300040bed56bd6be0665ef0000100
300300048bea7a299be0ce8ca0000100
3003000503e7494e23e8428f80000100
3003000583eb1590c3f344fae0000100
3003000603ea7162d3a11f6250000100
300300068beb0dc5f3e8b13260000100
3003000703f4bcb49be42434f0000100
3003000783e9f20093ead65ef0000100
300300080bb54dd28be4226110000100
300300088be159a5bbeaa1c1d0000100
300300090bcebc73f3e2dc7470000100
3003000983f07d12e3f1359f80000100
3003000a03e8c27d1bdc95f250000100
3003000a8bf084db13e9a7c700000100
3003000b03e3ee5debe66715b0000100
3003000b83e97d1b63e9563b90000100
3003000c0be4b670c3d84594f0000100
3003000c83d5fd36abe184f8f0000100
3003000d0bc6061de3e42b0ef0000100
3003000d83ead46a43e51c41a0000100
3003000e03d0a425c3dd1c6550000100
3003000e8be82ee683ec9a6060000100
3003000f03da692bcbd5f4c680000100
3003000f83e0583f83eb165da0000100
3003001003d4aa1dbbb8e29b00000100
3003001083d616098be9540690000100
3003001103dfc2f0a3bf46a280000100
3003001183e93644f3e8ed3f50000100
300300120bd94fd9d3cfeacef0000100
300300128beb49ed43ed515b10000100
3003001303bdf81563bb243510000100
3003001383d329f8d3e8a37360000100
300300140bdf7dc1bbe27d0830000100
3003001483c769c9ebe31d3850000100
3003001503e202e98bd10144b0000100
3003001583e3cfbdd3e857bc00000100
300300160bd31375c3e02c4790000100
300300168be471f053ed1b4040000100
300300170bd892b89be0061a50000100
300300178bd623abe3dc13cef0000100
300300180bde4ca1cbe64c90e0000100
300300188bd33034ebe7bf4e50000100
3003001903d19ec52bd35130f0000100
3003001983e7000953e37840b0000100
3003001a03d4a0a5c3e39b8590000100
3003001a8bd52b40b3eccdf000000100
3003001b0bde91e77bdecc7df0000100
3003001b83d468a663db818cd0000100
3003001c0bd709553be47c4170000100
3003001c8be426019be5c321c0000100
3003001d03d41becabdaea8a20000100
3003001d83eb5bc333e2d98e80000100
3003001e03cd98cc63e6332040000100
3003001e8bd15c4033e68b4400000100
3003001f0be16843cbe32fb960000100
3003001f83e0fda333e1d0f0a0000100
300300200be17d864bd3e6eca0000100
300300208be35ea52bce7dd540000100
3003002103e082d43bdd975540000100
3003002183e7ae9333e2a0e670000100
3003002203d61e77c3e618e690000100
3003002283dd468e83d8d78380000100
300300230bd83d66fbe52f3380000100
3003002383e1a552f3d9114740000100
30030024000000000123456780000100
300000000b774b367348bb5090000100
300000008b7ff9d032df2b55c0000100
3000000103577b71e272e2da70000100
300000018375eacd5b6d335e30000100
30000002031fa2e1a3485279b0000100
30000002831c5b51733b4a8920000100
300000030308aadafb4e7b5060000100
3000000382d72a48fb76fae8e0000100
300000040374b35b1b486b7080000100
3000000483551b160b61b37a70000100
3000000502aa5b7b2b20faf0d0000100
300000058b74cae69b539319e0000100
3000000603214b4fb9d55b7610000100
3000000682e31b561b688b54d0000100
300000070206dace5b743b74a0000100
300000078b79fb7c72a37b6640000100
300000080b6c231ed309b29b50000100
300000088346b30a3b5a1b6540000100
300000090a9dcb4cdb4b32f010000100
3000000983658a88433d7b6f00000100
3000000a03405b6f12f772d2f0000100
3000000a8340ab1ecb57536510000100
3000000b035d1b59330d835df0000100
3000000b89e1dadad2a44b7860000100
3000000c0b307340fb31731160000100
3000000c8a8c2b159b25cb0500000100
3000000d0b078b696b356b6210000100
3000000d8b4873589a6a02a8b0000100
3000000e028a9211db0f3248a0000100
3000000e8354b37dd344d33280000100
3000000f036feb102b6d235df0000100
3000000f8378bb4b132ddb7f80000100
300000100b425b6c7b49e217e0000100
30000010834f937b137c537500000100
30000011030f83712b1c136620000100
300000118343eb4c133c12fb90000100
3001000003128aafc35dc332c0000100
300100008b5b12b15b65937110000100
30010001037d7b5bab28aa7960000100
300100018b4f0ac7734e6b31b0000100
300100020b6c2b70b3473b55d0000100
3001000282e02309635a937980000100
300100030b51235a63518314a0000100
300100038b699b6d83358b68c0000100
300100040307537362973b4dc0000100
30010004837bc377e32dfb6430000100
30010005023f5b5402c48b0cf0000100
300100058276a2632b6edb45f0000100
300100060344eb3b922d732620000100
30010006827deb4532afc24850000100
300100070b4f62a82ac16b4010000100
300100078a7e3353ab4fb34080000100
300100080371dae72a19ab1a20000100
3001000883264b4fa2cedb6950000100
30010009037f036f5303f2cdb0000100
300100098b266b4deb6af35100000100
3001000a021083284b64933f40000100
3001000a8b3c431a5b11b35eb0000100
3001000b0b639b6fd34b230f20000100
3001000b82c67375db501360a0000100
3001000c0b542323c26d0360c0000100
3001000c8b4e2346eb6bb31f10000100
3001000d0352c300bb0dd36010000100
3001000d8370eb785b173b7230000100
3001000e0b5c9b5d72df2a7660000100
3001000e8aebf34f53666b7190000100
3001000f0b40835e1363cb1500000100
3001000f8b316ad6335d62db80000100
300100100369cb773352233c90000100
3001001082c00b3cf375737cf0000100
3001001103639b604b48eb79b0000100
300100118375c339b374c15310000100
300200000b2e2bab39a5fbbb30000100
3002000083abc3bb7310d386a0000100
300200010bb8c39ad38b6b1310000100
300200018b180ad88399abad60000100
300200020b72d38efbae73a1e0000100
300200028b20136c93538ab790000100
30020003034c9b269298d31a20000100
3002000383aa63a603b3238370000100
3002000403182b8f639aab2fc0000100
3002000483a8c3517b80da48e0000100
300200050ba87350d30eeb4330000100
300200058350c33e1bb47b3470000100
3002000603a163471b92139e30000100
300200068b0babbc8aaf2345a0000100
30020007037bd3a11b9a639820000100
300200078b78a3721b710361a0000100
30020008028f3ba893be1b30d0000100
300200088abb9388d3abcba600000100
300200090b93b3825b8cfb2bd0000100
300200098b5f7a918b0c035870000100
3002000a0aee536d9bb18bbde0000100
3002000a8b4212bd02fd4b4590000100
3002000b038c8358d2f9438de0000100
3002000b8b81dba8aba60baa80000100
3002000c0b91aba962320b8240000100
3002000c838f19ac4b85dacb80000100
3002000d0395634013a0b35b50000100
3002000d83b91342830b12c770000100
3002000e0bb45361c2c739c870000100
3002000e83bf4b2ff3458b6160000100
3002000f030c8bb2eb84b39f30000100
3002000f831a2353bbb05bac80000100
30020010023d93b3fb87839b30000100
300200108b5e234fe381daf060000100
3002001103b42bab538eb07e20000100
3002001183445b9753871b8710000100
80000000000000000000000000000100
1000000000000000000003c000000100
10000000800000000000000000000100
10000001000000000000000000000100
10000001800000000000000000000100
1000000200000000000003c000000100
10000002800000000000000000000100
10000003000000000000000000000100
10000003800000000000000000000100
1000000400000000000003c000000100
10000004800000000000000000000100
10000005000000000000000000000100
10000005800000000000000000000100
1000000600000000000003c000000100
10000006800000000000000000000100
10000007000000000000000000000100
10000007800000000000000000000100
1000000800000000000003c000000100
10000008800000000000000000000100
10000009000000000000000000000100
10000009800000000000000000000100
1000000a00000000000003c000000100
1000000a800000000000000000000100
1000000b000000000000000000000100
1000000b800000000000000000000100
1000000c00000000000003c000000100
1000000c800000000000000000000100
1000000d000000000000000000000100
1000000d800000000000000000000100
1000000e00000000000003c000000100
1000000e800000000000000000000100
1000000f000000000000000000000100
1000000f800000000000000000000100
1000001000000000000003c000000100
10000010800000000000000000000100
10000011000000000000000000000100
10000011800000000000000000000100
1001000000000000000003c000000100
10010000800000000000000000000100
10010001000000000000000000000100
10010001800000000000000000000100
1001000200000000000003c000000100
10010002800000000000000000000100
10010003000000000000000000000100
10010003800000000000000000000100
1001000400000000000003c000000100
10010004800000000000000000000100
10010005000000000000000000000100
10010005800000000000000000000100
1001000600000000000003c000000100
10010006800000000000000000000100
10010007000000000000000000000100
10010007800000000000000000000100
10010008000000000000045000000100
10010008800000000000000000000100
10010009000000000000000000000100
10010009800000000000000000000100
1001000a000000000000045000000100
1001000a800000000000000000000100
1001000b000000000000000000000100
1001000b800000000000000000000100
1001000c000000000000045000000100
1001000c800000000000000000000100
1001000d000000000000000000000100
1001000d800000000000000000000100
1001000e000000000000045000000100
1001000e800000000000000000000100
1001000f000000000000000000000100
1001000f800000000000000000000100
10010010000000000000045000000100
10010010800000000000000000000100
10010011000000000000000000000100
10010011800000000000000000000100
100200000000000000000bc000000100
10020000800000000000000000000100
10020001000000000000000000000100
10020001800000000000000000000100
100200020000000000000bc000000100
10020002800000000000000000000100
10020003000000000000000000000100
10020003800000000000000000000100
100200040000000000000bc000000100
10020004800000000000000000000100
10020005000000000000000000000100
10020005800000000000000000000100
100200060000000000000bc000000100
10020006800000000000000000000100
10020007000000000000000000000100
10020007800000000000000000000100
1002000800000000000003c000000100
10020008800000000000000000000100
10020009000000000000000000000100
10020009800000000000000000000100
1002000a00000000000003c000000100
1002000a800000000000000000000100
1002000b000000000000000000000100
1002000b800000000000000000000100
1002000c00000000000003c000000100
1002000c800000000000000000000100
1002000d000000000000000000000100
1002000d800000000000000000000100
1002000e00000000000003c000000100
1002000e800000000000000000000100
1002000f000000000000000000000100
1002000f800000000000000000000100
1002001000000000000003c000000100
10020010800000000000000000000100
10020011000000000000000000000100
10020011800000000000000000000100
6002ffff800000000123456780004a00
20000001000000000000000000000100
20000001400000000000000000000100
20000001c00000000001000000000100
20000002000000000000000000000100
20000002800000000002000000000100
20000002c00000000000000000000100
20000003400000000003000000000100
20000003800000000000000000000100
20000004000000000000000090000100
20000004800000000000000000000100
20000000000000000000000010000100
50000000000000002000000020000100
400000050000000ff000000000000100
3002ffff800000000123456780000100
300300000000000003f0b7ed90000100
30030000800000000000000000000100
30030001000000000000000000000100
30030001800000000000000000000100
30030002000000000000000000000100
30030002800000000000000000000100
30030003000000000000000000000100
30030003800000000000000000000100
300300040000000003f0b7ed90000100
30030004800000000000000000000100
30030005000000000000000000000100
30030005800000000000000000000100
30030006000000000000000000000100
30030006800000000000000000000100
30030007000000000000000000000100
30030007800000000000000000000100
300300080000000003f0b7ed90000100
30030008800000000000000000000100
30030009000000000000000000000100
30030009800000000000000000000100
3003000a000000000000000000000100
3003000a800000000000000000000100
3003000b000000000000000000000100
3003000b800000000000000000000100
3003000c0000000003f0b7ed90000100
3003000c800000000000000000000100
3003000d000000000000000000000100
3003000d800000000000000000000100
3003000e000000000000000000000100
3003000e800000000000000000000100
3003000f000000000000000000000100
3003000f800000000000000000000100
300300100000000003f0b7ed90000100
30030010800000000000000000000100
30030011000000000000000000000100
30030011800000000000000000000100
30030012000000000000000000000100
30030012800000000000000000000100
30030013000000000000000000000100
30030013800000000000000000000100
300300140000000003f0b7ed90000100
30030014800000000000000000000100
30030015000000000000000000000100
30030015800000000000000000000100
30030016000000000000000000000100
30030016800000000000000000000100
30030017000000000000000000000100
30030017800000000000000000000100
300300180000000003f0b7ed90000100
30030018800000000000000000000100
30030019000000000000000000000100
30030019800000000000000000000100
3003001a000000000000000000000100
3003001a800000000000000000000100
3003001b000000000000000000000100
3003001b800000000000000000000100
3003001c0000000003f0b7ed90000100
3003001c800000000000000000000100
3003001d000000000000000000000100
3003001d800000000000000000000100
3003001e000000000000000000000100
3003001e800000000000000000000100
3003001f000000000000000000000100
3003001f800000000000000000000100
300300200000000003f0b7ed90000100
30030020800000000000000000000100
30030021000000000000000000000100
30030021800000000000000000000100
30030022000000000000000000000100
30030022800000000000000000000100
30030023000000000000000000000100
30030023800000000000000000000100
30030024000000000123456780000100
3000000000000000000003c000000100
30000000800000000000000000000100
30000001000000000000000000000100
30000001800000000000000000000100
3000000200000000000003c000000100
30000002800000000000000000000100
30000003000000000000000000000100
30000003800000000000000000000100
3000000400000000000003c000000100
30000004800000000000000000000100
30000005000000000000000000000100
30000005800000000000000000000100
3000000600000000000003c000000100
30000006800000000000000000000100
30000007000000000000000000000100
30000007800000000000000000000100
3000000800000000000003c000000100
30000008800000000000000000000100
30000009000000000000000000000100
30000009800000000000000000000100
3000000a00000000000003c000000100
3000000a800000000000000000000100
3000000b000000000000000000000100
3000000b800000000000000000000100
3000000c00000000000003c000000100
3000000c800000000000000000000100
3000000d000000000000000000000100
3000000d800000000000000000000100
3000000e00000000000003c000000100
3000000e800000000000000000000100
3000000f000000000000000000000100
3000000f800000000000000000000100
3000001000000000000003c000000100
30000010800000000000000000000100
30000011000000000000000000000100
30000011800000000000000000000100
3001000000000000000003c000000100
30010000800000000000000000000100
30010001000000000000000000000100
30010001800000000000000000000100
3001000200000000000003c000000100
30010002800000000000000000000100
30010003000000000000000000000100
30010003800000000000000000000100
3001000400000000000003c000000100
30010004800000000000000000000100
30010005000000000000000000000100
30010005800000000000000000000100
3001000600000000000003c000000100
30010006800000000000000000000100
30010007000000000000000000000100
30010007800000000000000000000100
30010008000000000000045000000100
30010008800000000000000000000100
30010009000000000000000000000100
30010009800000000000000000000100
3001000a000000000000045000000100
3001000a800000000000000000000100
3001000b000000000000000000000100
3001000b800000000000000000000100
3001000c000000000000045000000100
3001000c800000000000000000000100
3001000d000000000000000000000100
3001000d800000000000000000000100
3001000e000000000000045000000100
3001000e800000000000000000000100
3001000f000000000000000000000100
3001000f800000000000000000000100
30010010000000000000045000000100
30010010800000000000000000000100
30010011000000000000000000000100
30010011800000000000000000000100
300200000000000000000bc000000100
30020000800000000000000000000100
30020001000000000000000000000100
30020001800000000000000000000100
300200020000000000000bc000000100
30020002800000000000000000000100
30020003000000000000000000000100
30020003800000000000000000000100
300200040000000000000bc000000100
30020004800000000000000000000100
30020005000000000000000000000100
30020005800000000000000000000100
300200060000000000000bc000000100
30020006800000000000000000000100
30020007000000000000000000000100
30020007800000000000000000000100
3002000800000000000003c000000100
30020008800000000000000000000100
30020009000000000000000000000100
30020009800000000000000000000100
3002000a00000000000003c000000100
3002000a800000000000000000000100
3002000b000000000000000000000100
3002000b800000000000000000000100
3002000c00000000000003c000000100
3002000c800000000000000000000100
3002000d000000000000000000000100
3002000d800000000000000000000100
3002000e00000000000003c000000100
3002000e800000000000000000000100
3002000f000000000000000000000100
3002000f800000000000000000000100
3002001000000000000003c000000100
30020010800000000000000000000100
30020011000000000000000000000100
30020011800000000000000000000100
80000000000000000000000000000100
1000000000000000000003c000000100
10000000800000000000000000000100
10000001000000000000000000000100
10000001800000000000000000000100
1000000200000000000003c000000100
10000002800000000000000000000100
10000003000000000000000000000100
10000003800000000000000000000100
1000000400000000000003c000000100
10000004800000000000000000000100
10000005000000000000000000000100
10000005800000000000000000000100
1000000600000000000003c000000100
10000006800000000000000000000100
10000007000000000000000000000100
10000007800000000000000000000100
1000000800000000000003c000000100
10000008800000000000000000000100
10000009000000000000000000000100
10000009800000000000000000000100
1000000a00000000000003c000000100
1000000a800000000000000000000100
1000000b000000000000000000000100
1000000b800000000000000000000100
1000000c00000000000003c000000100
1000000c800000000000000000000100
1000000d000000000000000000000100
1000000d800000000000000000000100
1000000e00000000000003c000000100
1000000e800000000000000000000100
1000000f000000000000000000000100
1000000f800000000000000000000100
1000001000000000000003c000000100
10000010800000000000000000000100
10000011000000000000000000000100
10000011800000000000000000000100
1001000000000000000003c000000100
10010000800000000000000000000100
10010001000000000000000000000100
10010001800000000000000000000100
1001000200000000000003c000000100
10010002800000000000000000000100
10010003000000000000000000000100
10010003800000000000000000000100
1001000400000000000003c000000100
10010004800000000000000000000100
10010005000000000000000000000100
10010005800000000000000000000100
1001000600000000000003c000000100
10010006800000000000000000000100
10010007000000000000000000000100
10010007800000000000000000000100
10010008000000000000045000000100
10010008800000000000000000000100
10010009000000000000000000000100
10010009800000000000000000000100
1001000a000000000000045000000100
1001000a800000000000000000000100
1001000b000000000000000000000100
1001000b800000000000000000000100
1001000c000000000000045000000100
1001000c800000000000000000000100
1001000d000000000000000000000100
1001000d800000000000000000000100
1001000e000000000000045000000100
1001000e800000000000000000000100
1001000f000000000000000000000100
1001000f800000000000000000000100
10010010000000000000045000000100
10010010800000000000000000000100
10010011000000000000000000000100
10010011800000000000000000000100
100200000000000000000bc000000100
10020000800000000000000000000100
10020001000000000000000000000100
10020001800000000000000000000100
100200020000000000000bc000000100
10020002800000000000000000000100
10020003000000000000000000000100
10020003800000000000000000000100
100200040000000000000bc000000100
10020004800000000000000000000100
10020005000000000000000000000100
10020005800000000000000000000100
100200060000000000000bc000000100
10020006800000000000000000000100
10020007000000000000000000000100
10020007800000000000000000000100
1002000800000000000003c000000100
10020008800000000000000000000100
10020009000000000000000000000100
10020009800000000000000000000100
1002000a00000000000003c000000100
1002000a800000000000000000000100
1002000b000000000000000000000100
1002000b800000000000000000000100
1002000c00000000000003c000000100
1002000c800000000000000000000100
1002000d000000000000000000000100
1002000d800000000000000000000100
1002000e00000000000003c000000100
1002000e800000000000000000000100
1002000f000000000000000000000100
1002000f800000000000000000000100
1002001000000000000003c000000100
10020010800000000000000000000100
10020011000000000000000000000100
10020011800000000000000000000100
6002ffff800000000123456780004a00
20000001000000000000000000000100
20000001400000000000000000000100
20000001c00000000001000000000100
20000002000000000000000000000100
20000002800000000002000000000100
20000002c00000000000000000000100
20000003400000000003000000000100
20000003800000000000000000000100
20000004000000000000000090000100
20000004800000000000000010000100
20000000000000000000000010000100
50000000000000002000000020000100
400000050000000ff000000000000100
3002ffff800000000123456780000100
30030000000000000bf8000000000100
30030000800000000000000000000100
30030001000000000000000000000100
30030001800000000000000000000100
30030002000000000000000000000100
30030002800000000000000000000100
30030003000000000000000000000100
30030003800000000000000000000100
30030004000000000bf8000000000100
30030004800000000000000000000100
30030005000000000000000000000100
30030005800000000000000000000100
30030006000000000000000000000100
30030006800000000000000000000100
30030007000000000000000000000100
30030007800000000000000000000100
30030008000000000bf8000000000100
30030008800000000000000000000100
30030009000000000000000000000100
30030009800000000000000000000100
3003000a000000000000000000000100
3003000a800000000000000000000100
3003000b000000000000000000000100
3003000b800000000000000000000100
3003000c000000000bf8000000000100
3003000c800000000000000000000100
3003000d000000000000000000000100
3003000d800000000000000000000100
3003000e000000000000000000000100
3003000e800000000000000000000100
3003000f000000000000000000000100
3003000f800000000000000000000100
30030010000000000be43d1f10000100
30030010800000000000000000000100
30030011000000000000000000000100
30030011800000000000000000000100
30030012000000000000000000000100
30030012800000000000000000000100
30030013000000000000000000000100
30030013800000000000000000000100
300300140000000003e1b6b970000100
30030014800000000000000000000100
30030015000000000000000000000100
30030015800000000000000000000100
30030016000000000000000000000100
30030016800000000000000000000100
30030017000000000000000000000100
30030017800000000000000000000100
300300180000000003eaecdca0000100
30030018800000000000000000000100
30030019000000000000000000000100
30030019800000000000000000000100
3003001a000000000000000000000100
3003001a800000000000000000000100
3003001b000000000000000000000100
3003001b800000000000000000000100
3003001c0000000003eec6a790000100
3003001c800000000000000000000100
3003001d000000000000000000000100
3003001d800000000000000000000100
3003001e000000000000000000000100
3003001e800000000000000000000100
3003001f000000000000000000000100
3003001f800000000000000000000100
300300200000000003f0b7ed90000100
30030020800000000000000000000100
30030021000000000000000000000100
30030021800000000000000000000100
30030022000000000000000000000100
30030022800000000000000000000100
30030023000000000000000000000100
30030023800000000000000000000100
30030024000000000123456780000100
3000000000000000000003c000000100
30000000800000000000000000000100
30000001000000000000000000000100
30000001800000000000000000000100
3000000200000000000003c000000100
30000002800000000000000000000100
30000003000000000000000000000100
30000003800000000000000000000100
3000000400000000000003c000000100
30000004800000000000000000000100
30000005000000000000000000000100
30000005800000000000000000000100
3000000600000000000003c000000100
30000006800000000000000000000100
30000007000000000000000000000100
30000007800000000000000000000100
3000000800000000000003c000000100
30000008800000000000000000000100
30000009000000000000000000000100
30000009800000000000000000000100
3000000a00000000000003c000000100
3000000a800000000000000000000100
3000000b000000000000000000000100
3000000b800000000000000000000100
3000000c00000000000003c000000100
3000000c800000000000000000000100
3000000d000000000000000000000100
3000000d800000000000000000000100
3000000e00000000000003c000000100
3000000e800000000000000000000100
3000000f000000000000000000000100
3000000f800000000000000000000100
3000001000000000000003c000000100
30000010800000000000000000000100
30000011000000000000000000000100
30000011800000000000000000000100
3001000000000000000003c000000100
30010000800000000000000000000100
30010001000000000000000000000100
30010001800000000000000000000100
3001000200000000000003c000000100
30010002800000000000000000000100
30010003000000000000000000000100
30010003800000000000000000000100
3001000400000000000003c000000100
30010004800000000000000000000100
30010005000000000000000000000100
30010005800000000000000000000100
3001000600000000000003c000000100
30010006800000000000000000000100
30010007000000000000000000000100
30010007800000000000000000000100
30010008000000000000045000000100
30010008800000000000000000000100
30010009000000000000000000000100
30010009800000000000000000000100
3001000a000000000000045000000100
3001000a800000000000000000000100
3001000b000000000000000000000100
3001000b800000000000000000000100
3001000c000000000000045000000100
3001000c800000000000000000000100
3001000d000000000000000000000100
3001000d800000000000000000000100
3001000e000000000000045000000100
3001000e800000000000000000000100
3001000f000000000000000000000100
3001000f800000000000000000000100
30010010000000000000045000000100
30010010800000000000000000000100
30010011000000000000000000000100
30010011800000000000000000000100
300200000000000000000bc000000100
30020000800000000000000000000100
30020001000000000000000000000100
30020001800000000000000000000100
300200020000000000000bc000000100
30020002800000000000000000000100
30020003000000000000000000000100
30020003800000000000000000000100
300200040000000000000bc000000100
30020004800000000000000000000100
30020005000000000000000000000100
30020005800000000000000000000100
300200060000000000000bc000000100
30020006800000000000000000000100
30020007000000000000000000000100
30020007800000000000000000000100
3002000800000000000003c000000100
30020008800000000000000000000100
30020009000000000000000000000100
30020009800000000000000000000100
3002000a00000000000003c000000100
3002000a800000000000000000000100
3002000b000000000000000000000100
3002000b800000000000000000000100
3002000c00000000000003c000000100
3002000c800000000000000000000100
3002000d000000000000000000000100
3002000d800000000000000000000100
3002000e00000000000003c000000100
3002000e800000000000000000000100
3002000f000000000000000000000100
3002000f800000000000000000000100
3002001000000000000003c000000100
30020010800000000000000000000100
30020011000000000000000000000100
30020011800000000000000000000100
80000000000000000000000000000100
10000000000000000000000000000100
10000000800000000000000000000100
10000001000000000000000000000100
10000001800000000000000000000100
10000002000000000000000000000100
10000002800000000000000000000100
10000003000000000000000000000100
10000003800000000000000000000100
10000004000000000000000000000100
10000004800000000000000000000100
10000005000000000000000000000100
10000005800000000000000000000100
10000006000000000000000000000100
10000006800000000000000000000100
10000007000000000000000000000100
10000007800000000000000000000100
10000008000000000000000000000100
10000008800000000000000000000100
10000009000000000000000000000100
10000009800000000000000000000100
1000000a000000000000000000000100
1000000a800000000000000000000100
1000000b000000000000000000000100
1000000b800000000000000000000100
1000000c000000000000000000000100
1000000c800000000000000000000100
1000000d000000000000000000000100
1000000d800000000000000000000100
1000000e000000000000000000000100
1000000e800000000000000000000100
1000000f000000000000000000000100
1000000f800000000000000000000100
10000010000000000000000000000100
10000010800000000000000000000100
10000011000000000000000000000100
10000011800000000000000000000100
10010000000000000000000000000100
10010000800000000000000000000100
10010001000000000000000000000100
10010001800000000000000000000100
10010002000000000000000000000100
10010002800000000000000000000100
10010003000000000000000000000100
10010003800000000000000000000100
10010004000000000000000000000100
10010004800000000000000000000100
10010005000000000000000000000100
10010005800000000000000000000100
10010006000000000000000000000100
10010006800000000000000000000100
10010007000000000000000000000100
10010007800000000000000000000100
10010008000000000000000000000100
10010008800000000000000000000100
10010009000000000000000000000100
10010009800000000000000000000100
1001000a000000000000000000000100
1001000a800000000000000000000100
1001000b000000000000000000000100
1001000b800000000000000000000100
1001000c000000000000000000000100
1001000c800000000000000000000100
1001000d000000000000000000000100
1001000d800000000000000000000100
1001000e000000000000000000000100
1001000e800000000000000000000100
1001000f000000000000000000000100
1001000f800000000000000000000100
10010010000000000000000000000100
10010010800000000000000000000100
10010011000000000000000000000100
10010011800000000000000000000100
1002000000000000000003c000000100
10020000800000000000000000000100
10020001000000000000000000000100
10020001800000000000000000000100
100200020000000003c0000000000100
10020002800000000000000000000100
10020003000000000000000000000100
10020003800000000000000000000100
10020004000003c00000000000000100
10020004800000000000000000000100
10020005000000000000000000000100
10020005800000000000000000000100
1002000603c000000000000000000100
10020006800000000000000000000100
10020007000000000000000000000100
10020007800000000000000000000100
10020008000000000000000000000100
1002000880000000000003c000000100
10020009000000000000000000000100
10020009800000000000000000000100
1002000a000000000000000000000100
1002000a8000000003c0000000000100
1002000b000000000000000000000100
1002000b800000000000000000000100
1002000c000000000000000000000100
1002000c800003c00000000000000100
1002000d000000000000000000000100
1002000d800000000000000000000100
1002000e000000000000000000000100
1002000e83c000000000000000000100
1002000f000000000000000000000100
1002000f800000000000000000000100
10020010000000000000000000000100
10020010800000000000000000000100
1002001100000000000003c000000100
10020011800000000000000000000100
6002ffff800000000123456780004a00
20000001000000000000000000000100
20000001400000000000000000000100
20000001c00000000001000000000100
20000002000000000000000000000100
20000002800000000002000000000100
20000002c00000000000000000000100
20000003400000000003000000000100
20000003800000000000000000000100
20000004000000000000000090000100
20000004800000000000000000000100
20000000000000000000000010000100
50000000000000002000000020000100
400000050000000ff000000000000100
3002ffff800000000123456780000100
3003000003de38e393de38e390000100
3003000083de38e393de38e390000100
3003000103de38e393de38e390000100
3003000183de38e393de38e390000100
300300020000000003de38e390000100
30030002800000000000000000000100
30030003000000000000000000000100
30030003800000000000000000000100
3003000403de38e393de38e390000100
3003000483de38e393de38e390000100
3003000503de38e393de38e390000100
3003000583de38e393de38e390000100
300300060000000003de38e390000100
30030006800000000000000000000100
30030007000000000000000000000100
30030007800000000000000000000100
3003000803de38e393de38e390000100
3003000883de38e393de38e390000100
3003000903de38e393de38e390000100
3003000983de38e393de38e390000100
3003000a0000000003de38e390000100
3003000a800000000000000000000100
3003000b000000000000000000000100
3003000b800000000000000000000100
3003000c03de38e393de38e390000100
3003000c83de38e393de38e390000100
3003000d03de38e393de38e390000100
3003000d83de38e393de38e390000100
3003000e0000000003de38e390000100
3003000e800000000000000000000100
3003000f000000000000000000000100
3003000f800000000000000000000100
3003001003de38e393de38e390000100
3003001083de38e393de38e390000100
3003001103de38e393de38e390000100
3003001183de38e393de38e390000100
300300120000000003de38e390000100
30030012800000000000000000000100
30030013000000000000000000000100
30030013800000000000000000000100
3003001403de38e393de38e390000100
3003001483de38e393de38e390000100
3003001503de38e393de38e390000100
3003001583de38e393de38e390000100
300300160000000003de38e390000100
30030016800000000000000000000100
30030017000000000000000000000100
30030017800000000000000000000100
3003001803de38e393de38e390000100
3003001883de38e393de38e390000100
3003001903de38e393de38e390000100
3003001983de38e393de38e390000100
3003001a0000000003de38e390000100
3003001a800000000000000000000100
3003001b000000000000000000000100
3003001b800000000000000000000100
3003001c03de38e393de38e390000100
3003001c83de38e393de38e390000100
3003001d03de38e393de38e390000100
3003001d83de38e393de38e390000100
3003001e0000000003de38e390000100
3003001e800000000000000000000100
3003001f000000000000000000000100
3003001f800000000000000000000100
3003002003de38e393de38e390000100
3003002083de38e393de38e390000100
3003002103de38e393de38e390000100
3003002183de38e393de38e390000100
300300220000000003de38e390000100
30030022800000000000000000000100
30030023000000000000000000000100
30030023800000000000000000000100
30030024000000000123456780000100
30000000000000000000000000000100
30000000800000000000000000000100
30000001000000000000000000000100
30000001800000000000000000000100
30000002000000000000000000000100
30000002800000000000000000000100
30000003000000000000000000000100
30000003800000000000000000000100
30000004000000000000000000000100
30000004800000000000000000000100
30000005000000000000000000000100
30000005800000000000000000000100
30000006000000000000000000000100
30000006800000000000000000000100
30000007000000000000000000000100
30000007800000000000000000000100
30000008000000000000000000000100
30000008800000000000000000000100
30000009000000000000000000000100
30000009800000000000000000000100
3000000a000000000000000000000100
3000000a800000000000000000000100
3000000b000000000000000000000100
3000000b800000000000000000000100
3000000c000000000000000000000100
3000000c800000000000000000000100
3000000d000000000000000000000100
3000000d800000000000000000000100
3000000e000000000000000000000100
3000000e800000000000000000000100
3000000f000000000000000000000100
3000000f800000000000000000000100
30000010000000000000000000000100
30000010800000000000000000000100
30000011000000000000000000000100
30000011800000000000000000000100
30010000000000000000000000000100
30010000800000000000000000000100
30010001000000000000000000000100
30010001800000000000000000000100
30010002000000000000000000000100
30010002800000000000000000000100
30010003000000000000000000000100
30010003800000000000000000000100
30010004000000000000000000000100
30010004800000000000000000000100
30010005000000000000000000000100
30010005800000000000000000000100
30010006000000000000000000000100
30010006800000000000000000000100
30010007000000000000000000000100
30010007800000000000000000000100
30010008000000000000000000000100
30010008800000000000000000000100
30010009000000000000000000000100
30010009800000000000000000000100
3001000a000000000000000000000100
3001000a800000000000000000000100
3001000b000000000000000000000100
3001000b800000000000000000000100
3001000c000000000000000000000100
3001000c800000000000000000000100
3001000d000000000000000000000100
3001000d800000000000000000000100
3001000e000000000000000000000100
3001000e800000000000000000000100
3001000f000000000000000000000100
3001000f800000000000000000000100
30010010000000000000000000000100
30010010800000000000000000000100
30010011000000000000000000000100
30010011800000000000000000000100
3002000000000000000003c000000100
30020000800000000000000000000100
30020001000000000000000000000100
30020001800000000000000000000100
300200020000000003c0000000000100
30020002800000000000000000000100
30020003000000000000000000000100
30020003800000000000000000000100
30020004000003c00000000000000100
30020004800000000000000000000100
30020005000000000000000000000100
30020005800000000000000000000100
3002000603c000000000000000000100
30020006800000000000000000000100
30020007000000000000000000000100
30020007800000000000000000000100
30020008000000000000000000000100
3002000880000000000003c000000100
30020009000000000000000000000100
30020009800000000000000000000100
3002000a000000000000000000000100
3002000a8000000003c0000000000100
3002000b000000000000000000000100
3002000b800000000000000000000100
3002000c000000000000000000000100
3002000c800003c00000000000000100
3002000d000000000000000000000100
3002000d800000000000000000000100
3002000e000000000000000000000100
3002000e83c000000000000000000100
3002000f000000000000000000000100
3002000f800000000000000000000100
30020010000000000000000000000100
30020010800000000000000000000100
3002001100000000000003c000000100
30020011800000000000000000000100
80000000000000000000000000000100
10000000000000000000000000000100
10000000800000000000000000000100
10000001000000000000000000000100
10000001800000000000000000000100
10000002000000000000000000000100
10000002800000000000000000000100
10000003000000000000000000000100
10000003800000000000000000000100
10000004000000000000000000000100
10000004800000000000000000000100
10000005000000000000000000000100
10000005800000000000000000000100
10000006000000000000000000000100
10000006800000000000000000000100
10000007000000000000000000000100
10000007800000000000000000000100
10000008000000000000000000000100
10000008800000000000000000000100
10000009000000000000000000000100
10000009800000000000000000000100
1000000a000000000000000000000100
1000000a800000000000000000000100
1000000b000000000000000000000100
1000000b800000000000000000000100
1000000c000000000000000000000100
1000000c800000000000000000000100
1000000d000000000000000000000100
1000000d800000000000000000000100
1000000e000000000000000000000100
1000000e800000000000000000000100
1000000f000000000000000000000100
1000000f800000000000000000000100
10000010000000000000000000000100
10000010800000000000000000000100
10000011000000000000000000000100
10000011800000000000000000000100
10010000000000000000000000000100
10010000800000000000000000000100
10010001000000000000000000000100
10010001800000000000000000000100
10010002000000000000000000000100
10010002800000000000000000000100
10010003000000000000000000000100
10010003800000000000000000000100
10010004000000000000000000000100
10010004800000000000000000000100
10010005000000000000000000000100
10010005800000000000000000000100
10010006000000000000000000000100
10010006800000000000000000000100
10010007000000000000000000000100
10010007800000000000000000000100
10010008000000000000000000000100
10010008800000000000000000000100
10010009000000000000000000000100
10010009800000000000000000000100
1001000a000000000000000000000100
1001000a800000000000000000000100
1001000b000000000000000000000100
1001000b800000000000000000000100
1001000c000000000000000000000100
1001000c800000000000000000000100
1001000d000000000000000000000100
1001000d800000000000000000000100
1001000e000000000000000000000100
1001000e800000000000000000000100
1001000f000000000000000000000100
1001000f800000000000000000000100
10010010000000000000000000000100
10010010800000000000000000000100
10010011000000000000000000000100
10010011800000000000000000000100
1002000000000000000003c000000100
10020000800000000000000000000100
10020001000000000000000000000100
10020001800000000000000000000100
100200020000000003c0000000000100
10020002800000000000000000000100
10020003000000000000000000000100
10020003800000000000000000000100
10020004000003c00000000000000100
10020004800000000000000000000100
10020005000000000000000000000100
10020005800000000000000000000100
1002000603c000000000000000000100
10020006800000000000000000000100
10020007000000000000000000000100
10020007800000000000000000000100
10020008000000000000000000000100
1002000880000000000003c000000100
10020009000000000000000000000100
10020009800000000000000000000100
1002000a000000000000000000000100
1002000a8000000003c0000000000100
1002000b000000000000000000000100
1002000b800000000000000000000100
1002000c000000000000000000000100
1002000c800003c00000000000000100
1002000d000000000000000000000100
1002000d800000000000000000000100
1002000e000000000000000000000100
1002000e83c000000000000000000100
1002000f000000000000000000000100
1002000f800000000000000000000100
10020010000000000000000000000100
10020010800000000000000000000100
1002001100000000000003c000000100
10020011800000000000000000000100
6002ffff800000000123456780004a00
20000001000000000000000000000100
20000001400000000000000000000100
20000001c00000000001000000000100
20000002000000000000000000000100
20000002800000000002000000000100
20000002c00000000000000000000100
20000003400000000003000000000100
20000003800000000000000000000100
20000004000000000000000090000100
20000004800000000000000010000100
20000000000000000000000010000100
50000000000000002000000020000100
400000050000000ff000000000000100
3002ffff800000000123456780000100
300300000000000003f8000000000100
30030000800000000000000000000100
30030001000000000000000000000100
30030001800000000000000000000100
30030002000000000000000000000100
30030002800000000000000000000100
30030003000000000000000000000100
30030003800000000000000000000100
3003000403f0000003f0000000000100
30030004800000000000000000000100
30030005000000000000000000000100
30030005800000000000000000000100
30030006000000000000000000000100
30030006800000000000000000000100
30030007000000000000000000000100
30030007800000000000000000000100
3003000803eaaaaab3eaaaaab0000100
300300088000000003eaaaaab0000100
30030009000000000000000000000100
30030009800000000000000000000100
3003000a000000000000000000000100
3003000a800000000000000000000100
3003000b000000000000000000000100
3003000b800000000000000000000100
3003000c03e8000003e8000000000100
3003000c83e8000003e8000000000100
3003000d000000000000000000000100
3003000d800000000000000000000100
3003000e000000000000000000000100
3003000e800000000000000000000100
3003000f000000000000000000000100
3003000f800000000000000000000100
3003001003e4ccccd3e4ccccd0000100
3003001083e4ccccd3e4ccccd0000100
300300110000000003e4ccccd0000100
30030011800000000000000000000100
30030012000000000000000000000100
30030012800000000000000000000100
30030013000000000000000000000100
30030013800000000000000000000100
3003001403e2aaaab3e2aaaab0000100
3003001483e2aaaab3e2aaaab0000100
3003001503e2aaaab3e2aaaab0000100
30030015800000000000000000000100
30030016000000000000000000000100
30030016800000000000000000000100
30030017000000000000000000000100
30030017800000000000000000000100
3003001803e1249253e1249250000100
3003001883e1249253e1249250000100
3003001903e1249253e1249250000100
300300198000000003e1249250000100
3003001a000000000000000000000100
3003001a800000000000000000000100
3003001b000000000000000000000100
3003001b800000000000000000000100
3003001c03e0000003e0000000000100
3003001c83e0000003e0000000000100
3003001d03e0000003e0000000000100
3003001d83e0000003e0000000000100
3003001e000000000000000000000100
3003001e800000000000000000000100
3003001f000000000000000000000100
3003001f800000000000000000000100
3003002003de38e393de38e390000100
3003002083de38e393de38e390000100
3003002103de38e393de38e390000100
3003002183de38e393de38e390000100
300300220000000003de38e390000100
30030022800000000000000000000100
30030023000000000000000000000100
30030023800000000000000000000100
30030024000000000123456780000100
30000000000000000000000000000100
30000000800000000000000000000100
30000001000000000000000000000100
30000001800000000000000000000100
30000002000000000000000000000100
30000002800000000000000000000100
30000003000000000000000000000100
30000003800000000000000000000100
30000004000000000000000000000100
30000004800000000000000000000100
30000005000000000000000000000100
30000005800000000000000000000100
30000006000000000000000000000100
30000006800000000000000000000100
30000007000000000000000000000100
30000007800000000000000000000100
30000008000000000000000000000100
30000008800000000000000000000100
30000009000000000000000000000100
30000009800000000000000000000100
3000000a000000000000000000000100
3000000a800000000000000000000100
3000000b000000000000000000000100
3000000b800000000000000000000100
3000000c000000000000000000000100
3000000c800000000000000000000100
3000000d000000000000000000000100
3000000d800000000000000000000100
3000000e000000000000000000000100
3000000e800000000000000000000100
3000000f000000000000000000000100
3000000f800000000000000000000100
30000010000000000000000000000100
30000010800000000000000000000100
30000011000000000000000000000100
30000011800000000000000000000100
30010000000000000000000000000100
30010000800000000000000000000100
30010001000000000000000000000100
30010001800000000000000000000100
30010002000000000000000000000100
30010002800000000000000000000100
30010003000000000000000000000100
30010003800000000000000000000100
30010004000000000000000000000100
30010004800000000000000000000100
30010005000000000000000000000100
30010005800000000000000000000100
30010006000000000000000000000100
30010006800000000000000000000100
30010007000000000000000000000100
30010007800000000000000000000100
30010008000000000000000000000100
30010008800000000000000000000100
30010009000000000000000000000100
30010009800000000000000000000100
3001000a000000000000000000000100
3001000a800000000000000000000100
3001000b000000000000000000000100
3001000b800000000000000000000100
3001000c000000000000000000000100
3001000c800000000000000000000100
3001000d000000000000000000000100
3001000d800000000000000000000100
3001000e000000000000000000000100
3001000e800000000000000000000100
3001000f000000000000000000000100
3001000f800000000000000000000100
30010010000000000000000000000100
30010010800000000000000000000100
30010011000000000000000000000100
30010011800000000000000000000100
3002000000000000000003c000000100
30020000800000000000000000000100
30020001000000000000000000000100
30020001800000000000000000000100
300200020000000003c0000000000100
30020002800000000000000000000100
30020003000000000000000000000100
30020003800000000000000000000100
30020004000003c00000000000000100
30020004800000000000000000000100
30020005000000000000000000000100
30020005800000000000000000000100
3002000603c000000000000000000100
30020006800000000000000000000100
30020007000000000000000000000100
30020007800000000000000000000100
30020008000000000000000000000100
3002000880000000000003c000000100
30020009000000000000000000000100
30020009800000000000000000000100
3002000a000000000000000000000100
3002000a8000000003c0000000000100
3002000b000000000000000000000100
3002000b800000000000000000000100
3002000c000000000000000000000100
3002000c800003c00000000000000100
3002000d000000000000000000000100
3002000d800000000000000000000100
3002000e000000000000000000000100
3002000e83c000000000000000000100
3002000f000000000000000000000100
3002000f800000000000000000000100
30020010000000000000000000000100
30020010800000000000000000000100
3002001100000000000003c000000100
30020011800000000000000000000100
80000000000000000000000000000100
1000000000000000000003c000000100
10000000800000000000000000000100
10000001000000000000000000000100
10000001800000000000000000000100
1000000200000000000003c000000100
10000002800000000000000000000100
10000003000000000000000000000100
10000003800000000000000000000100
1000000400000000000003c000000100
10000004800000000000000000000100
10000005000000000000000000000100
10000005800000000000000000000100
1000000600000000000003c000000100
10000006800000000000000000000100
10000007000000000000000000000100
10000007800000000000000000000100
1000000800000000000003c000000100
10000008800000000000000000000100
10000009000000000000000000000100
10000009800000000000000000000100
1000000a00000000000003c000000100
1000000a800000000000000000000100
1000000b000000000000000000000100
1000000b800000000000000000000100
1000000c00000000000003c000000100
1000000c800000000000000000000100
1000000d000000000000000000000100
1000000d800000000000000000000100
1000000e00000000000003c000000100
1000000e800000000000000000000100
1000000f000000000000000000000100
1000000f800000000000000000000100
1000001000000000000003c000000100
10000010800000000000000000000100
10000011000000000000000000000100
10000011800000000000000000000100
1000001200000000000003c000000100
10000012800000000000000000000100
10000013000000000000000000000100
10000013800000000000000000000100
1000001400000000000003c000000100
10000014800000000000000000000100
10000015000000000000000000000100
10000015800000000000000000000100
1000001600000000000003c000000100
10000016800000000000000000000100
10000017000000000000000000000100
10000017800000000000000000000100
1000001800000000000003c000000100
10000018800000000000000000000100
10000019000000000000000000000100
10000019800000000000000000000100
1000001a00000000000003c000000100
1000001a800000000000000000000100
1000001b000000000000000000000100
1000001b800000000000000000000100
1000001c00000000000003c000000100
1000001c800000000000000000000100
1000001d000000000000000000000100
1000001d800000000000000000000100
1000001e00000000000003c000000100
1000001e800000000000000000000100
1000001f000000000000000000000100
1000001f800000000000000000000100
1000002000000000000003c000000100
10000020800000000000000000000100
10000021000000000000000000000100
10000021800000000000000000000100
1000002200000000000003c000000100
10000022800000000000000000000100
10000023000000000000000000000100
10000023800000000000000000000100
1000002400000000000003c000000100
10000024800000000000000000000100
10000025000000000000000000000100
10000025800000000000000000000100
1000002600000000000003c000000100
10000026800000000000000000000100
10000027000000000000000000000100
10000027800000000000000000000100
1000002800000000000003c000000100
10000028800000000000000000000100
10000029000000000000000000000100
10000029800000000000000000000100
1000002a00000000000003c000000100
1000002a800000000000000000000100
1000002b000000000000000000000100
1000002b800000000000000000000100
1000002c00000000000003c000000100
1000002c800000000000000000000100
1000002d000000000000000000000100
1000002d800000000000000000000100
1000002e00000000000003c000000100
1000002e800000000000000000000100
1000002f000000000000000000000100
1000002f800000000000000000000100
1000003000000000000003c000000100
10000030800000000000000000000100
10000031000000000000000000000100
10000031800000000000000000000100
10010000000000000000000000000100
10010000800000000000000000000100
10010001000000000000000000000100
10010001800000000000000000000100
100100020000000000000b58b0000100
10010002800000000000000000000100
10010003000000000000000000000100
10010003800000000000000000000100
100100040000000000000b58c0000100
10010004800000000000000000000100
10010005000000000000000000000100
10010005800000000000000000000100
100100060000000000000b58d0000100
10010006800000000000000000000100
10010007000000000000000000000100
10010007800000000000000000000100
100100080000000000000b98b0000100
10010008800000000000000000000100
10010009000000000000000000000100
10010009800000000000000000000100
1001000a0000000000000b98c0000100
1001000a800000000000000000000100
1001000b000000000000000000000100
1001000b800000000000000000000100
1001000c0000000000000b98d0000100
1001000c800000000000000000000100
1001000d000000000000000000000100
1001000d800000000000000000000100
1001000e0000000000000bc280000100
1001000e800000000000000000000100
1001000f000000000000000000000100
1001000f800000000000000000000100
100100100000000000000bc290000100
10010010800000000000000000000100
10010011000000000000000000000100
10010011800000000000000000000100
100100120000000000000bc2a0000100
10010012800000000000000000000100
10010013000000000000000000000100
10010013800000000000000000000100
100100140000000000000bd8b0000100
10010014800000000000000000000100
10010015000000000000000000000100
10010015800000000000000000000100
100100160000000000000bd8c0000100
10010016800000000000000000000100
10010017000000000000000000000100
10010017800000000000000000000100
100100180000000000000bd8d0000100
10010018800000000000000000000100
10010019000000000000000000000100
10010019800000000000000000000100
1001001a0000000000000beee0000100
1001001a800000000000000000000100
1001001b000000000000000000000100
1001001b800000000000000000000100
1001001c0000000000000beef0000100
1001001c800000000000000000000100
1001001d000000000000000000000100
1001001d800000000000000000000100
1001001e0000000000000bef00000100
1001001e800000000000000000000100
1001001f000000000000000000000100
1001001f800000000000000000000100
100100200000000000000c0280000100
10010020800000000000000000000100
10010021000000000000000000000100
10010021800000000000000000000100
100100220000000000000c0290000100
10010022800000000000000000000100
10010023000000000000000000000100
10010023800000000000000000000100
100100240000000000000c02a0000100
10010024800000000000000000000100
10010025000000000000000000000100
10010025800000000000000000000100
100100260000000000000c0da0000100
10010026800000000000000000000100
10010027000000000000000000000100
10010027800000000000000000000100
100100280000000000000c0db0000100
10010028800000000000000000000100
10010029000000000000000000000100
10010029800000000000000000000100
1001002a0000000000000c18b0000100
1001002a800000000000000000000100
1001002b000000000000000000000100
1001002b800000000000000000000100
1001002c0000000000000c18c0000100
1001002c800000000000000000000100
1001002d000000000000000000000100
1001002d800000000000000000000100
1001002e0000000000000c18d0000100
1001002e800000000000000000000100
1001002f000000000000000000000100
1001002f800000000000000000000100
10010030000000000000000000000100
10010030800000000000000000000100
10010031000000000000000000000100
10010031800000000000000000000100
100200000b00036000000b6000000100
100200008b6003000b40034000000100
1002000103400b000360000000000100
1002000180000b6003000b4000000100
1002000200000b6003000b4000000100
100200028b4003400b00036000000100
10020003036000000b60030000000100
1002000383000b4003400b0000000100
1002000403000b4003400b0000000100
100200048b00036000000b6000000100
100200050b6003000b40034000000100
1002000583400b000360000000000100
1002000603400b000360000000000100
1002000680000b6003000b4000000100
100200070b4003400b00036000000100
10020007836000000b60030000000100
10020008036000000b60030000000100
1002000883000b4003400b0000000100
100200090b00036000000b6000000100
100200098b6003000b40034000000100
1002000a0b6003000b40034000000100
1002000a83400b000360000000000100
1002000b00000b6003000b4000000100
1002000b8b4003400b00036000000100
1002000c0b4003400b00036000000100
1002000c836000000b60030000000100
1002000d03000b4003400b0000000100
1002000d8b00036000000b6000000100
1002000e0b00036000000b6000000100
1002000e8b6003000b40034000000100
1002000f03400b000360000000000100
1002000f80000b6003000b4000000100
1002001000000b6003000b4000000100
100200108b4003400b00036000000100
10020011036000000b60030000000100
1002001183000b4003400b0000000100
1002001203000b4003400b0000000100
100200128b00036000000b6000000100
100200130b6003000b40034000000100
1002001383400b000360000000000100
1002001403400b000360000000000100
1002001480000b6003000b4000000100
100200150b4003400b00036000000100
10020015836000000b60030000000100
10020016036000000b60030000000100
1002001683000b4003400b0000000100
100200170b00036000000b6000000100
100200178b6003000b40034000000100
100200180b6003000b40034000000100
1002001883400b000360000000000100
1002001900000b6003000b4000000100
100200198b4003400b00036000000100
1002001a0b4003400b00036000000100
1002001a836000000b60030000000100
1002001b03000b4003400b0000000100
1002001b8b00036000000b6000000100
1002001c0b00036000000b6000000100
1002001c8b6003000b40034000000100
1002001d03400b000360000000000100
1002001d80000b6003000b4000000100
1002001e00000b6003000b4000000100
1002001e8b4003400b00036000000100
1002001f036000000b60030000000100
1002001f83000b4003400b0000000100
1002002003000b4003400b0000000100
100200208b00036000000b6000000100
100200210b6003000b40034000000100
1002002183400b000360000000000100
1002002203400b000360000000000100
1002002280000b6003000b4000000100
100200230b4003400b00036000000100
10020023836000000b60030000000100
10020024036000000b60030000000100
1002002483000b4003400b0000000100
100200250b00036000000b6000000100
100200258b6003000b40034000000100
100200260b6003000b40034000000100
1002002683400b000360000000000100
1002002700000b6003000b4000000100
100200278b4003400b00036000000100
100200280b4003400b00036000000100
10020028836000000b60030000000100
1002002903000b4003400b0000000100
100200298b00036000000b6000000100
1002002a0b00036000000b6000000100
1002002a8b6003000b40034000000100
1002002b03400b000360000000000100
1002002b80000b6003000b4000000100
1002002c00000b6003000b4000000100
1002002c8b4003400b00036000000100
1002002d036000000b60030000000100
1002002d83000b4003400b0000000100
1002002e03000b4003400b0000000100
1002002e8b00036000000b6000000100
1002002f0b6003000b40034000000100
1002002f83400b000360000000000100
1002003003400b000360000000000100
1002003080000b6003000b4000000100
100200310b4003400b00036000000100
10020031836000000b60030000000100
6002ffff80000000012345678000ca00
20000001000000000000000000000100
20000001400000000000000000000100
20000001c00000000001000000000100
20000002000000000000000000000100
20000002800000000002000000000100
20000002c00000000000000000000100
20000003400000000003000000000100
20000003800000000000000000000100
20000004000000000000000190000100
20000004800000000000000000000100
20000000000000000000000010000100
50000000000000002000000020000100
400000050000000ff000000000000100
3002ffff800000000123456780000100
3003000003d19abe2bd07df300000100
3003000083c87169abc86b6bf0000100
300300010bbe2536fbb77128d0000100
300300018bd07df303bcdf7ba0000100
300300020bc86b6bf3d19abe20000100
300300028bb77128d3c87169a0000100
3003000303bcdf7babbe2536f0000100
3003000383d19abe2bd07df300000100
3003000403d19abe2bd07df300000100
3003000483c87169abc86b6bf0000100
300300050bbe2536fbb77128d0000100
300300058bd07df303bcdf7ba0000100
300300060bc86b6bf3d19abe20000100
300300068bb77128d3c87169a0000100
3003000703bcdf7babbe2536f0000100
3003000783d19abe2bd07df300000100
3003000803d19abe2bd07df300000100
3003000883c87169abc86b6bf0000100
300300090bbe2536fbb77128d0000100
300300098bd07df303bcdf7ba0000100
3003000a0bc86b6bf3d19abe20000100
3003000a8bb77128d3c87169a0000100
3003000b03bcdf7babbe2536f0000100
3003000b83d19abe2bd07df300000100
3003000c03d19abe2bd07df300000100
3003000c83c87169abc86b6bf0000100
3003000d0bbe2536fbb77128d0000100
3003000d8bd07df303bcdf7ba0000100
3003000e0bc86b6bf3d19abe20000100
3003000e8bb77128d3c87169a0000100
3003000f03bcdf7babbe2536f0000100
3003000f83d19abe2bd07df300000100
3003001003d19abe2bd07df300000100
3003001083c87169abc86b6bf0000100
300300110bbe2536fbb77128d0000100
300300118bd07df303bcdf7ba0000100
300300120bc86b6bf3d19abe20000100
300300128bb77128d3c87169a0000100
3003001303bcdf7babbe2536f0000100
3003001383d19abe2bd07df300000100
3003001403d19abe2bd07df300000100
3003001483c87169abc86b6bf0000100
300300150bbe2536fbb77128d0000100
300300158bd07df303bcdf7ba0000100
300300160bc86b6bf3d19abe20000100
300300168bb77128d3c87169a0000100
3003001703bcdf7babbe2536f0000100
3003001783d19abe2bd07df300000100
3003001803d19abe2bd07df300000100
3003001883c87169abc86b6bf0000100
300300190bbe2536fbb77128d0000100
300300198bd07df303bcdf7ba0000100
3003001a0bc86b6bf3d19abe20000100
3003001a8bb77128d3c87169a0000100
3003001b03bcdf7babbe2536f0000100
3003001b83d19abe2bd07df300000100
3003001c03d19abe2bd07df300000100
3003001c83c87169abc86b6bf0000100
3003001d0bbe2536fbb77128d0000100
3003001d8bd07df303bcdf7ba0000100
3003001e0bc86b6bf3d19abe20000100
3003001e8bb77128d3c87169a0000100
3003001f03bcdf7babbe2536f0000100
3003001f83d19abe2bd07df300000100
3003002003d19abe2bd07df300000100
3003002083c87169abc86b6bf0000100
300300210bbe2536fbb77128d0000100
300300218bd07df303bcdf7ba0000100
300300220bc86b6bf3d19abe20000100
300300228bb77128d3c87169a0000100
3003002303bcdf7babbe2536f0000100
3003002383d19abe2bd07df300000100
3003002403d19abe2bd07df300000100
3003002483c87169abc86b6bf0000100
300300250bbe2536fbb77128d0000100
300300258bd07df303bcdf7ba0000100
300300260bc86b6bf3d19abe20000100
300300268bb77128d3c87169a0000100
3003002703bcdf7babbe2536f0000100
3003002783d19abe2bd07df300000100
3003002803d19abe2bd07df300000100
3003002883c87169abc86b6bf0000100
300300290bbe2536fbb77128d0000100
300300298bd07df303bcdf7ba0000100
3003002a0bc86b6bf3d19abe20000100
3003002a8bb77128d3c87169a0000100
3003002b03bcdf7babbe2536f0000100
3003002b83d19abe2bd07df300000100
3003002c03d19abe2bd07df300000100
3003002c83c87169abc86b6bf0000100
3003002d0bbe2536fbb77128d0000100
3003002d8bd07df303bcdf7ba0000100
3003002e0bc86b6bf3d19abe20000100
3003002e8bb77128d3c87169a0000100
3003002f03bcdf7babbe2536f0000100
3003002f83d19abe2bd07df300000100
3003003003d19abe2bd07df300000100
3003003083c87169abc86b6bf0000100
300300310bbe2536fbb77128d0000100
300300318bd07df303bcdf7ba0000100
300300320bc86b6bf3d19abe20000100
300300328bb77128d3c87169a0000100
3003003303bcdf7babbe2536f0000100
3003003383d19abe2bd07df300000100
3003003403d19abe2bd07df300000100
3003003483c87169abc86b6bf0000100
300300350bbe2536fbb77128d0000100
300300358bd07df303bcdf7ba0000100
300300360bc86b6bf3d19abe20000100
300300368bb77128d3c87169a0000100
3003003703bcdf7babbe2536f0000100
3003003783d19abe2bd07df300000100
3003003803d19abe2bd07df300000100
3003003883c87169abc86b6bf0000100
300300390bbe2536fbb77128d0000100
300300398bd07df303bcdf7ba0000100
3003003a0bc86b6bf3d19abe20000100
3003003a8bb77128d3c87169a0000100
3003003b03bcdf7babbe2536f0000100
3003003b83d19abe2bd07df300000100
3003003c03d19abe2bd07df300000100
3003003c83c87169abc86b6bf0000100
3003003d0bbe2536fbb77128d0000100
3003003d8bd07df303bcdf7ba0000100
3003003e0bc86b6bf3d19abe20000100
3003003e8bb77128d3c87169a0000100
3003003f03bcdf7babbe2536f0000100
3003003f83d19abe2bd07df300000100
3003004003d19abe2bd07df300000100
3003004083c87169abc86b6bf0000100
300300410bbe2536fbb77128d0000100
300300418bd07df303bcdf7ba0000100
300300420bc86b6bf3d19abe20000100
300300428bb77128d3c87169a0000100
3003004303bcdf7babbe2536f0000100
3003004383d19abe2bd07df300000100
3003004403d19abe2bd07df300000100
3003004483c87169abc86b6bf0000100
300300450bbe2536fbb77128d0000100
300300458bd07df303bcdf7ba0000100
300300460bc86b6bf3d19abe20000100
300300468bb77128d3c87169a0000100
3003004703bcdf7babbe2536f0000100
3003004783d19abe2bd07df300000100
3003004803d19abe2bd07df300000100
3003004883c87169abc86b6bf0000100
300300490bbe2536fbb77128d0000100
300300498bd07df303bcdf7ba0000100
3003004a0bc86b6bf3d19abe20000100
3003004a8bb77128d3c87169a0000100
3003004b03bcdf7babbe2536f0000100
3003004b83d19abe2bd07df300000100
3003004c03d19abe2bd07df300000100
3003004c83c87169abc86b6bf0000100
3003004d0bbe2536fbb77128d0000100
3003004d8bd07df303bcdf7ba0000100
3003004e0bc86b6bf3d19abe20000100
3003004e8bb77128d3c87169a0000100
3003004f03bcdf7babbe2536f0000100
3003004f83d19abe2bd07df300000100
3003005003d19abe2bd07df300000100
3003005083c87169abc86b6bf0000100
300300510bbe2536fbb77128d0000100
300300518bd07df303bcdf7ba0000100
300300520bc86b6bf3d19abe20000100
300300528bb77128d3c87169a0000100
3003005303bcdf7babbe2536f0000100
3003005383d19abe2bd07df300000100
3003005403d19abe2bd07df300000100
3003005483c87169abc86b6bf0000100
300300550bbe2536fbb77128d0000100
300300558bd07df303bcdf7ba0000100
300300560bc86b6bf3d19abe20000100
300300568bb77128d3c87169a0000100
3003005703bcdf7babbe2536f0000100
3003005783d19abe2bd07df300000100
3003005803d19abe2bd07df300000100
3003005883c87169abc86b6bf0000100
300300590bbe2536fbb77128d0000100
300300598bd07df303bcdf7ba0000100
3003005a0bc86b6bf3d19abe20000100
3003005a8bb77128d3c87169a0000100
3003005b03bcdf7babbe2536f0000100
3003005b83d19abe2bd07df300000100
3003005c03d19abe2bd07df300000100
3003005c83c87169abc86b6bf0000100
3003005d0bbe2536fbb77128d0000100
3003005d8bd07df303bcdf7ba0000100
3003005e0bc86b6bf3d19abe20000100
3003005e8bb77128d3c87169a0000100
3003005f03bcdf7babbe2536f0000100
3003005f83d19abe2bd07df300000100
3003006003d19abe2bd07df300000100
3003006083c87169abc86b6bf0000100
300300610bbe2536fbb77128d0000100
300300618bd07df303bcdf7ba0000100
300300620bc86b6bf3d19abe20000100
300300628bb77128d3c87169a0000100
3003006303bcdf7babbe2536f0000100
3003006383d19abe2bd07df300000100
30030064000000000123456780000100
3000000000000000000003c000000100
30000000800000000000000000000100
30000001000000000000000000000100
30000001800000000000000000000100
3000000200000000000003c000000100
30000002800000000000000000000100
30000003000000000000000000000100
30000003800000000000000000000100
3000000400000000000003c000000100
30000004800000000000000000000100
30000005000000000000000000000100
30000005800000000000000000000100
3000000600000000000003c000000100
30000006800000000000000000000100
30000007000000000000000000000100
30000007800000000000000000000100
3000000800000000000003c000000100
30000008800000000000000000000100
30000009000000000000000000000100
30000009800000000000000000000100
3000000a00000000000003c000000100
3000000a800000000000000000000100
3000000b000000000000000000000100
3000000b800000000000000000000100
3000000c00000000000003c000000100
3000000c800000000000000000000100
3000000d000000000000000000000100
3000000d800000000000000000000100
3000000e00000000000003c000000100
3000000e800000000000000000000100
3000000f000000000000000000000100
3000000f800000000000000000000100
3000001000000000000003c000000100
30000010800000000000000000000100
30000011000000000000000000000100
30000011800000000000000000000100
3000001200000000000003c000000100
30000012800000000000000000000100
30000013000000000000000000000100
30000013800000000000000000000100
3000001400000000000003c000000100
30000014800000000000000000000100
30000015000000000000000000000100
30000015800000000000000000000100
3000001600000000000003c000000100
30000016800000000000000000000100
30000017000000000000000000000100
30000017800000000000000000000100
3000001800000000000003c000000100
30000018800000000000000000000100
30000019000000000000000000000100
30000019800000000000000000000100
3000001a00000000000003c000000100
3000001a800000000000000000000100
3000001b000000000000000000000100
3000001b800000000000000000000100
3000001c00000000000003c000000100
3000001c800000000000000000000100
3000001d000000000000000000000100
3000001d800000000000000000000100
3000001e00000000000003c000000100
3000001e800000000000000000000100
3000001f000000000000000000000100
3000001f800000000000000000000100
3000002000000000000003c000000100
30000020800000000000000000000100
30000021000000000000000000000100
30000021800000000000000000000100
3000002200000000000003c000000100
30000022800000000000000000000100
30000023000000000000000000000100
30000023800000000000000000000100
3000002400000000000003c000000100
30000024800000000000000000000100
30000025000000000000000000000100
30000025800000000000000000000100
3000002600000000000003c000000100
30000026800000000000000000000100
30000027000000000000000000000100
30000027800000000000000000000100
3000002800000000000003c000000100
30000028800000000000000000000100
30000029000000000000000000000100
30000029800000000000000000000100
3000002a00000000000003c000000100
3000002a800000000000000000000100
3000002b000000000000000000000100
3000002b800000000000000000000100
3000002c00000000000003c000000100
3000002c800000000000000000000100
3000002d000000000000000000000100
3000002d800000000000000000000100
3000002e00000000000003c000000100
3000002e800000000000000000000100
3000002f000000000000000000000100
3000002f800000000000000000000100
3000003000000000000003c000000100
30000030800000000000000000000100
30000031000000000000000000000100
30000031800000000000000000000100
30010000000000000000000000000100
30010000800000000000000000000100
30010001000000000000000000000100
30010001800000000000000000000100
300100020000000000000b58b0000100
30010002800000000000000000000100
30010003000000000000000000000100
30010003800000000000000000000100
300100040000000000000b58c0000100
30010004800000000000000000000100
30010005000000000000000000000100
30010005800000000000000000000100
300100060000000000000b58d0000100
30010006800000000000000000000100
30010007000000000000000000000100
30010007800000000000000000000100
300100080000000000000b98b0000100
30010008800000000000000000000100
30010009000000000000000000000100
30010009800000000000000000000100
3001000a0000000000000b98c0000100
3001000a800000000000000000000100
3001000b000000000000000000000100
3001000b800000000000000000000100
3001000c0000000000000b98d0000100
3001000c800000000000000000000100
3001000d000000000000000000000100
3001000d800000000000000000000100
3001000e0000000000000bc280000100
3001000e800000000000000000000100
3001000f000000000000000000000100
3001000f800000000000000000000100
300100100000000000000bc290000100
30010010800000000000000000000100
30010011000000000000000000000100
30010011800000000000000000000100
300100120000000000000bc2a0000100
30010012800000000000000000000100
30010013000000000000000000000100
30010013800000000000000000000100
300100140000000000000bd8b0000100
30010014800000000000000000000100
30010015000000000000000000000100
30010015800000000000000000000100
300100160000000000000bd8c0000100
30010016800000000000000000000100
30010017000000000000000000000100
30010017800000000000000000000100
300100180000000000000bd8d0000100
30010018800000000000000000000100
30010019000000000000000000000100
30010019800000000000000000000100
3001001a0000000000000beee0000100
3001001a800000000000000000000100
3001001b000000000000000000000100
3001001b800000000000000000000100
3001001c0000000000000beef0000100
3001001c800000000000000000000100
3001001d000000000000000000000100
3001001d800000000000000000000100
3001001e0000000000000bef00000100
3001001e800000000000000000000100
3001001f000000000000000000000100
3001001f800000000000000000000100
300100200000000000000c0280000100
30010020800000000000000000000100
30010021000000000000000000000100
30010021800000000000000000000100
300100220000000000000c0290000100
30010022800000000000000000000100
30010023000000000000000000000100
30010023800000000000000000000100
300100240000000000000c02a0000100
30010024800000000000000000000100
30010025000000000000000000000100
30010025800000000000000000000100
300100260000000000000c0da0000100
30010026800000000000000000000100
30010027000000000000000000000100
30010027800000000000000000000100
300100280000000000000c0db0000100
30010028800000000000000000000100
30010029000000000000000000000100
30010029800000000000000000000100
3001002a0000000000000c18b0000100
3001002a800000000000000000000100
3001002b000000000000000000000100
3001002b800000000000000000000100
3001002c0000000000000c18c0000100
3001002c800000000000000000000100
3001002d000000000000000000000100
3001002d800000000000000000000100
3001002e0000000000000c18d0000100
3001002e800000000000000000000100
3001002f000000000000000000000100
3001002f800000000000000000000100
30010030000000000000000000000100
30010030800000000000000000000100
30010031000000000000000000000100
30010031800000000000000000000100
300200000b00036000000b6000000100
300200008b6003000b40034000000100
3002000103400b000360000000000100
3002000180000b6003000b4000000100
3002000200000b6003000b4000000100
300200028b4003400b00036000000100
30020003036000000b60030000000100
3002000383000b4003400b0000000100
3002000403000b4003400b0000000100
300200048b00036000000b6000000100
300200050b6003000b40034000000100
3002000583400b000360000000000100
3002000603400b000360000000000100
3002000680000b6003000b4000000100
300200070b4003400b00036000000100
30020007836000000b60030000000100
30020008036000000b60030000000100
3002000883000b4003400b0000000100
300200090b00036000000b6000000100
300200098b6003000b40034000000100
3002000a0b6003000b40034000000100
3002000a83400b000360000000000100
3002000b00000b6003000b4000000100
3002000b8b4003400b00036000000100
3002000c0b4003400b00036000000100
3002000c836000000b60030000000100
3002000d03000b4003400b0000000100
3002000d8b00036000000b6000000100
3002000e0b00036000000b6000000100
3002000e8b6003000b40034000000100
3002000f03400b000360000000000100
3002000f80000b6003000b4000000100
3002001000000b6003000b4000000100
300200108b4003400b00036000000100
30020011036000000b60030000000100
3002001183000b4003400b0000000100
3002001203000b4003400b0000000100
300200128b00036000000b6000000100
300200130b6003000b40034000000100
3002001383400b000360000000000100
3002001403400b000360000000000100
3002001480000b6003000b4000000100
300200150b4003400b00036000000100
30020015836000000b60030000000100
30020016036000000b60030000000100
3002001683000b4003400b0000000100
300200170b00036000000b6000000100
300200178b6003000b40034000000100
300200180b6003000b40034000000100
3002001883400b000360000000000100
3002001900000b6003000b4000000100
300200198b4003400b00036000000100
3002001a0b4003400b00036000000100
3002001a836000000b60030000000100
3002001b03000b4003400b0000000100
3002001b8b00036000000b6000000100
3002001c0b00036000000b6000000100
3002001c8b6003000b40034000000100
3002001d03400b000360000000000100
3002001d80000b6003000b4000000100
3002001e00000b6003000b4000000100
3002001e8b4003400b00036000000100
3002001f036000000b60030000000100
3002001f83000b4003400b0000000100
3002002003000b4003400b0000000100
300200208b00036000000b6000000100
300200210b6003000b40034000000100
3002002183400b000360000000000100
3002002203400b000360000000000100
3002002280000b6003000b4000000100
300200230b4003400b00036000000100
30020023836000000b60030000000100
30020024036000000b60030000000100
3002002483000b4003400b0000000100
300200250b00036000000b6000000100
300200258b6003000b40034000000100
300200260b6003000b40034000000100
3002002683400b000360000000000100
3002002700000b6003000b4000000100
300200278b4003400b00036000000100
300200280b4003400b00036000000100
30020028836000000b60030000000100
3002002903000b4003400b0000000100
300200298b00036000000b6000000100
3002002a0b00036000000b6000000100
3002002a8b6003000b40034000000100
3002002b03400b000360000000000100
3002002b80000b6003000b4000000100
3002002c00000b6003000b4000000100
3002002c8b4003400b00036000000100
3002002d036000000b60030000000100
3002002d83000b4003400b0000000100
3002002e03000b4003400b0000000100
3002002e8b00036000000b6000000100
3002002f0b6003000b40034000000100
3002002f83400b000360000000000100
3002003003400b000360000000000100
3002003080000b6003000b4000000100
300200310b4003400b00036000000100
30020031836000000b60030000000100
80000000000000000000000000000100
1000000000000000000003c000000100
10000000800000000000000000000100
10000001000000000000000000000100
10000001800000000000000000000100
1000000200000000000003c000000100
10000002800000000000000000000100
10000003000000000000000000000100
10000003800000000000000000000100
1000000400000000000003c000000100
10000004800000000000000000000100
10000005000000000000000000000100
10000005800000000000000000000100
1000000600000000000003c000000100
10000006800000000000000000000100
10000007000000000000000000000100
10000007800000000000000000000100
1000000800000000000003c000000100
10000008800000000000000000000100
10000009000000000000000000000100
10000009800000000000000000000100
1000000a00000000000003c000000100
1000000a800000000000000000000100
1000000b000000000000000000000100
1000000b800000000000000000000100
1000000c00000000000003c000000100
1000000c800000000000000000000100
1000000d000000000000000000000100
1000000d800000000000000000000100
1000000e00000000000003c000000100
1000000e800000000000000000000100
1000000f000000000000000000000100
1000000f800000000000000000000100
1000001000000000000003c000000100
10000010800000000000000000000100
10000011000000000000000000000100
10000011800000000000000000000100
1000001200000000000003c000000100
10000012800000000000000000000100
10000013000000000000000000000100
10000013800000000000000000000100
1000001400000000000003c000000100
10000014800000000000000000000100
10000015000000000000000000000100
10000015800000000000000000000100
1000001600000000000003c000000100
10000016800000000000000000000100
10000017000000000000000000000100
10000017800000000000000000000100
1000001800000000000003c000000100
10000018800000000000000000000100
10000019000000000000000000000100
10000019800000000000000000000100
1000001a00000000000003c000000100
1000001a800000000000000000000100
1000001b000000000000000000000100
1000001b800000000000000000000100
1000001c00000000000003c000000100
1000001c800000000000000000000100
1000001d000000000000000000000100
1000001d800000000000000000000100
1000001e00000000000003c000000100
1000001e800000000000000000000100
1000001f000000000000000000000100
1000001f800000000000000000000100
1000002000000000000003c000000100
10000020800000000000000000000100
10000021000000000000000000000100
10000021800000000000000000000100
1000002200000000000003c000000100
10000022800000000000000000000100
10000023000000000000000000000100
10000023800000000000000000000100
1000002400000000000003c000000100
10000024800000000000000000000100
10000025000000000000000000000100
10000025800000000000000000000100
1000002600000000000003c000000100
10000026800000000000000000000100
10000027000000000000000000000100
10000027800000000000000000000100
1000002800000000000003c000000100
10000028800000000000000000000100
10000029000000000000000000000100
10000029800000000000000000000100
1000002a00000000000003c000000100
1000002a800000000000000000000100
1000002b000000000000000000000100
1000002b800000000000000000000100
1000002c00000000000003c000000100
1000002c800000000000000000000100
1000002d000000000000000000000100
1000002d800000000000000000000100
1000002e00000000000003c000000100
1000002e800000000000000000000100
1000002f000000000000000000000100
1000002f800000000000000000000100
1000003000000000000003c000000100
10000030800000000000000000000100
10000031000000000000000000000100
10000031800000000000000000000100
10010000000000000000000000000100
10010000800000000000000000000100
10010001000000000000000000000100
10010001800000000000000000000100
100100020000000000000b58b0000100
10010002800000000000000000000100
10010003000000000000000000000100
10010003800000000000000000000100
100100040000000000000b58c0000100
10010004800000000000000000000100
10010005000000000000000000000100
10010005800000000000000000000100
100100060000000000000b58d0000100
10010006800000000000000000000100
10010007000000000000000000000100
10010007800000000000000000000100
100100080000000000000b98b0000100
10010008800000000000000000000100
10010009000000000000000000000100
10010009800000000000000000000100
1001000a0000000000000b98c0000100
1001000a800000000000000000000100
1001000b000000000000000000000100
1001000b800000000000000000000100
1001000c0000000000000b98d0000100
1001000c800000000000000000000100
1001000d000000000000000000000100
1001000d800000000000000000000100
1001000e0000000000000bc280000100
1001000e800000000000000000000100
1001000f000000000000000000000100
1001000f800000000000000000000100
100100100000000000000bc290000100
10010010800000000000000000000100
10010011000000000000000000000100
10010011800000000000000000000100
100100120000000000000bc2a0000100
10010012800000000000000000000100
10010013000000000000000000000100
10010013800000000000000000000100
100100140000000000000bd8b0000100
10010014800000000000000000000100
10010015000000000000000000000100
10010015800000000000000000000100
100100160000000000000bd8c0000100
10010016800000000000000000000100
10010017000000000000000000000100
10010017800000000000000000000100
100100180000000000000bd8d0000100
10010018800000000000000000000100
10010019000000000000000000000100
10010019800000000000000000000100
1001001a0000000000000beee0000100
1001001a800000000000000000000100
1001001b000000000000000000000100
1001001b800000000000000000000100
1001001c0000000000000beef0000100
1001001c800000000000000000000100
1001001d000000000000000000000100
1001001d800000000000000000000100
1001001e0000000000000bef00000100
1001001e800000000000000000000100
1001001f000000000000000000000100
1001001f800000000000000000000100
100100200000000000000c0280000100
10010020800000000000000000000100
10010021000000000000000000000100
10010021800000000000000000000100
100100220000000000000c0290000100
10010022800000000000000000000100
10010023000000000000000000000100
10010023800000000000000000000100
100100240000000000000c02a0000100
10010024800000000000000000000100
10010025000000000000000000000100
10010025800000000000000000000100
100100260000000000000c0da0000100
10010026800000000000000000000100
10010027000000000000000000000100
10010027800000000000000000000100
100100280000000000000c0db0000100
10010028800000000000000000000100
10010029000000000000000000000100
10010029800000000000000000000100
1001002a0000000000000c18b0000100
1001002a800000000000000000000100
1001002b000000000000000000000100
1001002b800000000000000000000100
1001002c0000000000000c18c0000100
1001002c800000000000000000000100
1001002d000000000000000000000100
1001002d800000000000000000000100
1001002e0000000000000c18d0000100
1001002e800000000000000000000100
1001002f000000000000000000000100
1001002f800000000000000000000100
10010030000000000000000000000100
10010030800000000000000000000100
10010031000000000000000000000100
10010031800000000000000000000100
100200000b00036000000b6000000100
100200008b6003000b40034000000100
1002000103400b000360000000000100
1002000180000b6003000b4000000100
1002000200000b6003000b4000000100
100200028b4003400b00036000000100
10020003036000000b60030000000100
1002000383000b4003400b0000000100
1002000403000b4003400b0000000100
100200048b00036000000b6000000100
100200050b6003000b40034000000100
1002000583400b000360000000000100
1002000603400b000360000000000100
1002000680000b6003000b4000000100
100200070b4003400b00036000000100
10020007836000000b60030000000100
10020008036000000b60030000000100
1002000883000b4003400b0000000100
100200090b00036000000b6000000100
100200098b6003000b40034000000100
1002000a0b6003000b40034000000100
1002000a83400b000360000000000100
1002000b00000b6003000b4000000100
1002000b8b4003400b00036000000100
1002000c0b4003400b00036000000100
1002000c836000000b60030000000100
1002000d03000b4003400b0000000100
1002000d8b00036000000b6000000100
1002000e0b00036000000b6000000100
1002000e8b6003000b40034000000100
1002000f03400b000360000000000100
1002000f80000b6003000b4000000100
1002001000000b6003000b4000000100
100200108b4003400b00036000000100
10020011036000000b60030000000100
1002001183000b4003400b0000000100
1002001203000b4003400b0000000100
100200128b00036000000b6000000100
100200130b6003000b40034000000100
1002001383400b000360000000000100
1002001403400b000360000000000100
1002001480000b6003000b4000000100
100200150b4003400b00036000000100
10020015836000000b60030000000100
10020016036000000b60030000000100
1002001683000b4003400b0000000100
100200170b00036000000b6000000100
100200178b6003000b40034000000100
100200180b6003000b40034000000100
1002001883400b000360000000000100
1002001900000b6003000b4000000100
100200198b4003400b00036000000100
1002001a0b4003400b00036000000100
1002001a836000000b60030000000100
1002001b03000b4003400b0000000100
1002001b8b00036000000b6000000100
1002001c0b00036000000b6000000100
1002001c8b6003000b40034000000100
1002001d03400b000360000000000100
1002001d80000b6003000b4000000100
1002001e00000b6003000b4000000100
1002001e8b4003400b00036000000100
1002001f036000000b60030000000100
1002001f83000b4003400b0000000100
1002002003000b4003400b0000000100
100200208b00036000000b6000000100
100200210b6003000b40034000000100
1002002183400b000360000000000100
1002002203400b000360000000000100
1002002280000b6003000b4000000100
100200230b4003400b00036000000100
10020023836000000b60030000000100
10020024036000000b60030000000100
1002002483000b4003400b0000000100
100200250b00036000000b6000000100
100200258b6003000b40034000000100
100200260b6003000b40034000000100
1002002683400b000360000000000100
1002002700000b6003000b4000000100
100200278b4003400b00036000000100
100200280b4003400b00036000000100
10020028836000000b60030000000100
1002002903000b4003400b0000000100
100200298b00036000000b6000000100
1002002a0b00036000000b6000000100
1002002a8b6003000b40034000000100
1002002b03400b000360000000000100
1002002b80000b6003000b4000000100
1002002c00000b6003000b4000000100
1002002c8b4003400b00036000000100
1002002d036000000b60030000000100
1002002d83000b4003400b0000000100
1002002e03000b4003400b0000000100
1002002e8b00036000000b6000000100
1002002f0b6003000b40034000000100
1002002f83400b000360000000000100
1002003003400b000360000000000100
1002003080000b6003000b4000000100
100200310b4003400b00036000000100
10020031836000000b60030000000100
6002ffff80000000012345678000ca00
20000001000000000000000000000100
20000001400000000000000000000100
20000001c00000000001000000000100
20000002000000000000000000000100
20000002800000000002000000000100
20000002c00000000000000000000100
20000003400000000003000000000100
20000003800000000000000000000100
20000004000000000000000190000100
20000004800000000000000010000100
20000000000000000000000010000100
50000000000000002000000020000100
400000050000000ff000000000000100
3002ffff800000000123456780000100
30030000000000000bec000000000100
300300008be0000003ec000000000100
300300010be8000003e8000000000100
300300018bec000003e0000000000100
3003000203ec00000000000000000100
3003000283e800000be0000000000100
3003000303e000000be8000000000100
30030003800000000bec000000000100
3003000403d74ea39bea162b90000100
300300048bd858ae43c8505590000100
300300050be42c5723e9e9d470000100
300300058bea162b93e3d3a8f0000100
3003000603c8505593d74ea390000100
3003000683e9e9d47bd858ae40000100
3003000703e3d3a8fbe42c5720000100
3003000783d74ea39bea162b90000100
3003000803df88071be81dfe40000100
300300088bb6ff1e3bd8f2c490000100
300300090be03bfc73db4aa140000100
300300098be81dfe43e7c40380000100
3003000a0bd8f2c493df880710000100
3003000a83db4aa14bb6ff1e30000100
3003000b03e7c4038be03bfc70000100
3003000b83df88071be81dfe40000100
3003000c03e3bc049be443fb80000100
3003000c83d6f0122bdaac16b0000100
3003000d0bd887f6f3bb5493f0000100
3003000d8be443fb83dc16a930000100
3003000e0bdaac16b3e3bc0490000100
3003000e83bb5493f3d6f01220000100
3003000f03dc16a93bd887f6f0000100
3003000f83e3bc049be443fb80000100
3003001003da61c87be08dfe10000100
3003001083dee403fbd8b7ce50000100
300300110bc0dfe0abc967c5a0000100
300300118be08dfe13d007d710000100
300300120bd8b7ce53da61c870000100
300300128bc967c5a3dee403f0000100
3003001303d007d71bc0dfe0a0000100
3003001383da61c87be08dfe10000100
3003001403cf4a22bbd9822f90000100
3003001483d250592bd1c8dec0000100
3003001503d4fba0ebc7e63ad0000100
300300158bd9822f93beae0aa0000100
300300160bd1c8dec3cf4a22b0000100
300300168bc7e63ad3d2505920000100
3003001703beae0aa3d4fba0e0000100
3003001783cf4a22bbd9822f90000100
3003001803c153354bc667ee20000100
3003001883ab514b939d63c920000100
300300190bbcfdc4b3b58c97c0000100
300300198bc667ee23bcb65b20000100
3003001a039d63c923c1533540000100
3003001a83b58c97c3ab514b90000100
3003001b03bcb65b2bbcfdc4b0000100
3003001b83c153354bc667ee20000100
3003001c03c04dc95bd5b85130000100
3003001c8bc4c1e603d29b25b0000100
3003001d0bd0746553cf867e70000100
3003001d8bd5b85133c9d6b190000100
3003001e03d29b25b3c04dc950000100
3003001e83cf867e7bc4c1e600000100
3003001f03c9d6b19bd0746550000100
3003001f83c04dc95bd5b85130000100
3003002003ca0e3bdbd9570490000100
300300208bc37fbc739b83d490000100
300300210bd2c6fc23d83bbff0000100
300300218bd9570493d2bf4ef0000100
30030022039b83d493ca0e3bd0000100
3003002283d83bbffbc37fbc70000100
3003002303d2bf4efbd2c6fc20000100
3003002383ca0e3bdbd9570490000100
3003002403d252a03bd9f01a90000100
3003002483a835cd8bcb543a20000100
300300250bd1cf4353ccbcc690000100
300300258bd9f01a93d93371d0000100
300300260bcb543a23d252a030000100
3003002683ccbcc693a835cd80000100
3003002703d93371dbd1cf4350000100
3003002783d252a03bd9f01a90000100
3003002803d86b98dbd92e9000000100
3003002883ca362cdbcf55ff30000100
300300290bcd4209a3b81fa230000100
300300298bd92e9003d1b2e820000100
3003002a0bcf55ff33d86b98d0000100
3003002a83b81fa233ca362cd0000100
3003002b03d1b2e82bcd4209a0000100
3003002b83d86b98dbd92e9000000100
3003002c03d0dcfa7bd6cda140000100
3003002c83d3881c9bce407190000100
3003002d0bbd1612abba8c8940000100
3003002d8bd6cda143c8fa2cf0000100
3003002e0bce407193d0dcfa70000100
3003002e8bba8c8943d3881c90000100
3003002f03c8fa2cfbbd1612a0000100
3003002f83d0dcfa7bd6cda140000100
3003003003c81ab58bd1999990000100
3003003083c8dcf4cbc915bc70000100
3003003103c99f340bb9da3970000100
300300318bd1999993c0513f60000100
300300320bc915bc73c81ab580000100
300300328bb9da3973c8dcf4c0000100
3003003303c0513f63c99f3400000100
3003003383c81ab58bd1999990000100
3003003403bff2f7cbc64812d0000100
3003003483b063269bb20f7430000100
300300350bb71fa253b2a79d30000100
300300358bc64812d3bfaf5740000100
300300360bb20f7433bff2f7c0000100
3003003683b2a79d33b0632690000100
3003003703bfaf574bb71fa250000100
3003003783bff2f7cbc64812d0000100
3003003803bf166dabd0901ba0000100
300300388bb9dc4e63c92e6080000100
300300390bc8b3c293c82c7b60000100
300300398bd0901ba3c6552c70000100
3003003a03c92e6083bf166da0000100
3003003a83c82c7b6bb9dc4e60000100
3003003b03c6552c7bc8b3c290000100
3003003b83bf166dabd0901ba0000100
3003003c03c5b77d5bd3676450000100
3003003c8bb95af1dbb1077d00000100
3003003d0bcb893793d0cc0ea0000100
3003003d8bd3676453cd5bd060000100
3003003e0bb1077d03c5b77d50000100
3003003e83d0cc0eabb95af1d0000100
3003003f03cd5bd06bcb893790000100
3003003f83c5b77d5bd3676450000100
3003004003cc4bef8bd4541680000100
3003004083aa3a592bc5a5f2f0000100
300300410bcb04a463c82f6730000100
300300418bd4541683d2b06740000100
300300420bc5a5f2f3cc4bef80000100
3003004283c82f6733aa3a5920000100
3003004303d2b0674bcb04a460000100
3003004383cc4bef8bd4541680000100
3003004403d202341bd3cc7e40000100
3003004483c438da5bc947d310000100
300300450bc7971ba3b95645c0000100
300300458bd3cc7e43cc35f6a0000100
300300460bc947d313d2023410000100
3003004683b95645c3c438da50000100
3003004703cc35f6abc7971ba0000100
3003004783d202341bd3cc7e40000100
3003004803cb4a594bd1fefa70000100
3003004883cdc32aabc8e608a0000100
300300490bb8d2a3aba4acfe20000100
300300498bd1fefa73c4e114c0000100
3003004a0bc8e608a3cb4a5940000100
3003004a8ba4acfe23cdc32aa0000100
3003004b03c4e114cbb8d2a3a0000100
3003004b83cb4a594bd1fefa70000100
3003004c03c470883bce9ac810000100
3003004c83c48b3aebc47d58d0000100
3003004d03c1ba62aba436dd50000100
3003004d8bce9ac813bf806250000100
3003004e0bc47d58d3c4708830000100
3003004e8ba436dd53c48b3ae0000100
3003004f03bf806253c1ba62a0000100
3003004f83c470883bce9ac810000100
3003005003bf059a5bc6b53a80000100
3003005083b47a5d6bb444c820000100
300300510bb82ddac3b7059a50000100
300300518bc6b53a83bef51da0000100
300300520bb444c823bf059a50000100
3003005283b7059a53b47a5d60000100
3003005303bef51dabb82ddac0000100
3003005383bf059a5bc6b53a80000100
3003005403be8da21bcd1d4330000100
300300548ba7893403c1020f20000100
300300550bc3f2c5d3c39fea10000100
300300558bcd1d4333c33d1540000100
3003005603c1020f23be8da210000100
3003005683c39fea1ba7893400000100
3003005703c33d154bc3f2c5d0000100
3003005783be8da21bcd1d4330000100
3003005803c2edc9abd04b82e0000100
300300588ba710e19bb386bf10000100
300300590bc7759013cb71eeb0000100
300300598bd04b82e3c9525930000100
3003005a0bb386bf13c2edc9a0000100
3003005a83cb71eebba710e190000100
3003005b03c952593bc7759010000100
3003005b83c2edc9abd04b82e0000100
3003005c03c90f98bbd0fda010000100
3003005c83b35f1fdbc24f8ea0000100
3003005d0bc70167f3c2f29760000100
3003005d8bd0fda013ceaef300000100
3003005e0bc24f8ea3c90f98b0000100
3003005e83c2f29763b35f1fd0000100
3003005f03ceaef30bc70167f0000100
3003005f83c90f98bbd0fda010000100
3003006003d19abe2bd07df300000100
3003006083c87169abc86b6bf0000100
300300610bbe2536fbb77128d0000100
300300618bd07df303bcdf7ba0000100
300300620bc86b6bf3d19abe20000100
300300628bb77128d3c87169a0000100
3003006303bcdf7babbe2536f0000100
3003006383d19abe2bd07df300000100
30030064000000000123456780000100
3000000000000000000003c000000100
30000000800000000000000000000100
30000001000000000000000000000100
30000001800000000000000000000100
3000000200000000000003c000000100
30000002800000000000000000000100
30000003000000000000000000000100
30000003800000000000000000000100
3000000400000000000003c000000100
30000004800000000000000000000100
30000005000000000000000000000100
30000005800000000000000000000100
3000000600000000000003c000000100
30000006800000000000000000000100
30000007000000000000000000000100
30000007800000000000000000000100
3000000800000000000003c000000100
30000008800000000000000000000100
30000009000000000000000000000100
30000009800000000000000000000100
3000000a00000000000003c000000100
3000000a800000000000000000000100
3000000b000000000000000000000100
3000000b800000000000000000000100
3000000c00000000000003c000000100
3000000c800000000000000000000100
3000000d000000000000000000000100
3000000d800000000000000000000100
3000000e00000000000003c000000100
3000000e800000000000000000000100
3000000f000000000000000000000100
3000000f800000000000000000000100
3000001000000000000003c000000100
30000010800000000000000000000100
30000011000000000000000000000100
30000011800000000000000000000100
3000001200000000000003c000000100
30000012800000000000000000000100
30000013000000000000000000000100
30000013800000000000000000000100
3000001400000000000003c000000100
30000014800000000000000000000100
30000015000000000000000000000100
30000015800000000000000000000100
3000001600000000000003c000000100
30000016800000000000000000000100
30000017000000000000000000000100
30000017800000000000000000000100
3000001800000000000003c000000100
30000018800000000000000000000100
30000019000000000000000000000100
30000019800000000000000000000100
3000001a00000000000003c000000100
3000001a800000000000000000000100
3000001b000000000000000000000100
3000001b800000000000000000000100
3000001c00000000000003c000000100
3000001c800000000000000000000100
3000001d000000000000000000000100
3000001d800000000000000000000100
3000001e00000000000003c000000100
3000001e800000000000000000000100
3000001f000000000000000000000100
3000001f800000000000000000000100
3000002000000000000003c000000100
30000020800000000000000000000100
30000021000000000000000000000100
30000021800000000000000000000100
3000002200000000000003c000000100
30000022800000000000000000000100
30000023000000000000000000000100
30000023800000000000000000000100
3000002400000000000003c000000100
30000024800000000000000000000100
30000025000000000000000000000100
30000025800000000000000000000100
3000002600000000000003c000000100
30000026800000000000000000000100
30000027000000000000000000000100
30000027800000000000000000000100
3000002800000000000003c000000100
30000028800000000000000000000100
30000029000000000000000000000100
30000029800000000000000000000100
3000002a00000000000003c000000100
3000002a800000000000000000000100
3000002b000000000000000000000100
3000002b800000000000000000000100
3000002c00000000000003c000000100
3000002c800000000000000000000100
3000002d000000000000000000000100
3000002d800000000000000000000100
3000002e00000000000003c000000100
3000002e800000000000000000000100
3000002f000000000000000000000100
3000002f800000000000000000000100
3000003000000000000003c000000100
30000030800000000000000000000100
30000031000000000000000000000100
30000031800000000000000000000100
30010000000000000000000000000100
30010000800000000000000000000100
30010001000000000000000000000100
30010001800000000000000000000100
300100020000000000000b58b0000100
30010002800000000000000000000100
30010003000000000000000000000100
30010003800000000000000000000100
300100040000000000000b58c0000100
30010004800000000000000000000100
30010005000000000000000000000100
30010005800000000000000000000100
300100060000000000000b58d0000100
30010006800000000000000000000100
30010007000000000000000000000100
30010007800000000000000000000100
300100080000000000000b98b0000100
30010008800000000000000000000100
30010009000000000000000000000100
30010009800000000000000000000100
3001000a0000000000000b98c0000100
3001000a800000000000000000000100
3001000b000000000000000000000100
3001000b800000000000000000000100
3001000c0000000000000b98d0000100
3001000c800000000000000000000100
3001000d000000000000000000000100
3001000d800000000000000000000100
3001000e0000000000000bc280000100
3001000e800000000000000000000100
3001000f000000000000000000000100
3001000f800000000000000000000100
300100100000000000000bc290000100
30010010800000000000000000000100
30010011000000000000000000000100
30010011800000000000000000000100
300100120000000000000bc2a0000100
30010012800000000000000000000100
30010013000000000000000000000100
30010013800000000000000000000100
300100140000000000000bd8b0000100
30010014800000000000000000000100
30010015000000000000000000000100
30010015800000000000000000000100
300100160000000000000bd8c0000100
30010016800000000000000000000100
30010017000000000000000000000100
30010017800000000000000000000100
300100180000000000000bd8d0000100
30010018800000000000000000000100
30010019000000000000000000000100
30010019800000000000000000000100
3001001a0000000000000beee0000100
3001001a800000000000000000000100
3001001b000000000000000000000100
3001001b800000000000000000000100
3001001c0000000000000beef0000100
3001001c800000000000000000000100
3001001d000000000000000000000100
3001001d800000000000000000000100
3001001e0000000000000bef00000100
3001001e800000000000000000000100
3001001f000000000000000000000100
3001001f800000000000000000000100
300100200000000000000c0280000100
30010020800000000000000000000100
30010021000000000000000000000100
30010021800000000000000000000100
300100220000000000000c0290000100
30010022800000000000000000000100
30010023000000000000000000000100
30010023800000000000000000000100
300100240000000000000c02a0000100
30010024800000000000000000000100
30010025000000000000000000000100
30010025800000000000000000000100
300100260000000000000c0da0000100
30010026800000000000000000000100
30010027000000000000000000000100
30010027800000000000000000000100
300100280000000000000c0db0000100
30010028800000000000000000000100
30010029000000000000000000000100
30010029800000000000000000000100
3001002a0000000000000c18b0000100
3001002a800000000000000000000100
3001002b000000000000000000000100
3001002b800000000000000000000100
3001002c0000000000000c18c0000100
3001002c800000000000000000000100
3001002d000000000000000000000100
3001002d800000000000000000000100
3001002e0000000000000c18d0000100
3001002e800000000000000000000100
3001002f000000000000000000000100
3001002f800000000000000000000100
30010030000000000000000000000100
30010030800000000000000000000100
30010031000000000000000000000100
30010031800000000000000000000100
300200000b00036000000b6000000100
300200008b6003000b40034000000100
3002000103400b000360000000000100
3002000180000b6003000b4000000100
3002000200000b6003000b4000000100
300200028b4003400b00036000000100
30020003036000000b60030000000100
3002000383000b4003400b0000000100
3002000403000b4003400b0000000100
300200048b00036000000b6000000100
300200050b6003000b40034000000100
3002000583400b000360000000000100
3002000603400b000360000000000100
3002000680000b6003000b4000000100
300200070b4003400b00036000000100
30020007836000000b60030000000100
30020008036000000b60030000000100
3002000883000b4003400b0000000100
300200090b00036000000b6000000100
300200098b6003000b40034000000100
3002000a0b6003000b40034000000100
3002000a83400b000360000000000100
3002000b00000b6003000b4000000100
3002000b8b4003400b00036000000100
3002000c0b4003400b00036000000100
3002000c836000000b60030000000100
3002000d03000b4003400b0000000100
3002000d8b00036000000b6000000100
3002000e0b00036000000b6000000100
3002000e8b6003000b40034000000100
3002000f03400b000360000000000100
3002000f80000b6003000b4000000100
3002001000000b6003000b4000000100
300200108b4003400b00036000000100
30020011036000000b60030000000100
3002001183000b4003400b0000000100
3002001203000b4003400b0000000100
300200128b00036000000b6000000100
300200130b6003000b40034000000100
3002001383400b000360000000000100
3002001403400b000360000000000100
3002001480000b6003000b4000000100
300200150b4003400b00036000000100
30020015836000000b60030000000100
30020016036000000b60030000000100
3002001683000b4003400b0000000100
300200170b00036000000b6000000100
300200178b6003000b40034000000100
300200180b6003000b40034000000100
3002001883400b000360000000000100
3002001900000b6003000b4000000100
300200198b4003400b00036000000100
3002001a0b4003400b00036000000100
3002001a836000000b60030000000100
3002001b03000b4003400b0000000100
3002001b8b00036000000b6000000100
3002001c0b00036000000b6000000100
3002001c8b6003000b40034000000100
3002001d03400b000360000000000100
3002001d80000b6003000b4000000100
3002001e00000b6003000b4000000100
3002001e8b4003400b00036000000100
3002001f036000000b60030000000100
3002001f83000b4003400b0000000100
3002002003000b4003400b0000000100
300200208b00036000000b6000000100
300200210b6003000b40034000000100
3002002183400b000360000000000100
3002002203400b000360000000000100
3002002280000b6003000b4000000100
300200230b4003400b00036000000100
30020023836000000b60030000000100
30020024036000000b60030000000100
3002002483000b4003400b0000000100
300200250b00036000000b6000000100
300200258b6003000b40034000000100
300200260b6003000b40034000000100
3002002683400b000360000000000100
3002002700000b6003000b4000000100
300200278b4003400b00036000000100
300200280b4003400b00036000000100
30020028836000000b60030000000100
3002002903000b4003400b0000000100
300200298b00036000000b6000000100
3002002a0b00036000000b6000000100
3002002a8b6003000b40034000000100
3002002b03400b000360000000000100
3002002b80000b6003000b4000000100
3002002c00000b6003000b4000000100
3002002c8b4003400b00036000000100
3002002d036000000b60030000000100
3002002d83000b4003400b0000000100
3002002e03000b4003400b0000000100
3002002e8b00036000000b6000000100
3002002f0b6003000b40034000000100
3002002f83400b000360000000000100
3002003003400b000360000000000100
3002003080000b6003000b4000000100
300200310b4003400b00036000000100
30020031836000000b60030000000100
80000000000000000000000000000100
6002ffff800000000123456780800200
20000001000000000000000000000100
20000001400000000000000000000100
20000001c00000000001000000000100
20000002000000000000000000000100
20000002800000000002000000000100
20000002c00000000000000000000100
20000003400000000003000000000100
20000003800000000000000000000100
20000004000000000000000000000100
20000004800000000000000000000100
20000000000000000000000010000100
50000000000000002000000020000100
400000050000000ff000000010000100
7002ffff800000000123456780800200
80000000000000000000000000000100
6002ffff800000000123456780800200
20000001000000000000000000000100
20000001400000000000000000000100
20000001c00000000001000000000100
20000002000000000000000000000100
20000002800000000002000000000100
20000002c00000000000000000000100
20000003400000000003000000000100
20000003800000000000000000000100
20000004000000000000010010000100
20000004800000000000000000000100
20000000000000000000000010000100
50000000000000002000000020000100
400000050000000ff000000010000100
7002ffff800000000123456780800200
80000000000000000000000000000100
f0000000000000000000000000000100
f0000000000000000000000000000100
f0000000000000000000000000000100
f0000000000000000000000000000100
f0000000000000000000000000000100
f0000000000000000000000000000100
f0000000000000000000000000000100
f0000000000000000000000000000100
f0000000000000000000000000000100
f0000000000000000000000000000100
f0000000000000000000000000000100
f0000000000000000000000000000100
f0000000000000000000000000000100
f0000000000000000000000000000100
f0000000000000000000000000000100
f0000000000000000000000000000100
f0000000000000000000000000000100
f0000000000000000000000000000100
f0000000000000000000000000000100
f0000000000000000000000000000100
f0000000000000000000000000000100
f0000000000000000000000000000100
f0000000000000000000000000000100
f0000000000000000000000000000100
f0000000000000000000000000000100
f0000000000000000000000000000100
f0000000000000000000000000000100
f0000000000000000000000000000100
f0000000000000000000000000000100
f0000000000000000000000000000100
f0000000000000000000000000000100
f0000000000000000000000000000100
f0000000000000000000000000000100
f0000000000000000000000000000100
f0000000000000000000000000000100
f0000000000000000000000000000100
f0000000000000000000000000000100
f0000000000000000000000000000100
f0000000000000000000000000000100
f0000000000000000000000000000100
f0000000000000000000000000000100
f0000000000000000000000000000100
f0000000000000000000000000000100
f0000000000000000000000000000100
f0000000000000000000000000000100
f0000000000000000000000000000100
f0000000000000000000000000000100
f0000000000000000000000000000100
f0000000000000000000000000000100
f0000000000000000000000000000100
f0000000000000000000000000000100
f0000000000000000000000000000100
f0000000000000000000000000000100
f0000000000000000000000000000100
f0000000000000000000000000000100
f0000000000000000000000000000100
f0000000000000000000000000000100
f0000000000000000000000000000100
f0000000000000000000000000000100
f0000000000000000000000000000100
f0000000000000000000000000000100
f0000000000000000000000000000100
f0000000000000000000000000000100
f0000000000000000000000000000100
f0000000000000000000000000000100
f0000000000000000000000000000100
f0000000000000000000000000000100
f0000000000000000000000000000100
f0000000000000000000000000000100
f0000000000000000000000000000100
f0000000000000000000000000000100
f0000000000000000000000000000100
f0000000000000000000000000000100
f0000000000000000000000000000100
f0000000000000000000000000000100
f0000000000000000000000000000100
f0000000000000000000000000000100
f0000000000000000000000000000100
f0000000000000000000000000000100
f0000000000000000000000000000100
f0000000000000000000000000000100
f0000000000000000000000000000100
f0000000000000000000000000000100
f0000000000000000000000000000100
f0000000000000000000000000000100
f0000000000000000000000000000100
f0000000000000000000000000000100
f0000000000000000000000000000100
f0000000000000000000000000000100
f0000000000000000000000000000100
f0000000000000000000000000000100
f0000000000000000000000000000100
f0000000000000000000000000000100
f0000000000000000000000000000100
f0000000000000000000000000000100
f0000000000000000000000000000100
f0000000000000000000000000000100
f0000000000000000000000000000100
f0000000000000000000000000000100
f0000000000000000000000000000100
f0000000000000000000000000000100
f0000000000000000000000000000100
f0000000000000000000000000000100
f0000000000000000000000000000100
f0000000000000000000000000000100
f0000000000000000000000000000100
f0000000000000000000000000000100
f0000000000000000000000000000100
f0000000000000000000000000000100
f0000000000000000000000000000100
f0000000000000000000000000000100
f0000000000000000000000000000100
f0000000000000000000000000000100
f0000000000000000000000000000100
f0000000000000000000000000000100
f0000000000000000000000000000100
f0000000000000000000000000000100
f0000000000000000000000000000100
f0000000000000000000000000000100
f0000000000000000000000000000100
f0000000000000000000000000000100
f0000000000000000000000000000100
f0000000000000000000000000000100
f0000000000000000000000000000100
f0000000000000000000000000000100
f0000000000000000000000000000100
f0000000000000000000000000000100
f0000000000000000000000000000100
f0000000000000000000000000000100
f0000000000000000000000000000100
f0000000000000000000000000000100
f0000000000000000000000000000100
f0000000000000000000000000000100
f0000000000000000000000000000100
f0000000000000000000000000000100
f0000000000000000000000000000100
f0000000000000000000000000000100
f0000000000000000000000000000100
f0000000000000000000000000000100
f0000000000000000000000000000100
f0000000000000000000000000000100
f0000000000000000000000000000100
f0000000000000000000000000000100
f0000000000000000000000000000100
f0000000000000000000000000000100
f0000000000000000000000000000100
f0000000000000000000000000000100
f0000000000000000000000000000100
f0000000000000000000000000000100
f0000000000000000000000000000100
f0000000000000000000000000000100
f0000000000000000000000000000100
f0000000000000000000000000000100
f0000000000000000000000000000100
f0000000000000000000000000000100
f0000000000000000000000000000100
f0000000000000000000000000000100
f0000000000000000000000000000100
f0000000000000000000000000000100
f0000000000000000000000000000100
f0000000000000000000000000000100
f0000000000000000000000000000100
f0000000000000000000000000000100
f0000000000000000000000000000100
f0000000000000000000000000000100
f0000000000000000000000000000100
f0000000000000000000000000000100
f0000000000000000000000000000100
f0000000000000000000000000000100
f0000000000000000000000000000100
f0000000000000000000000000000100
f0000000000000000000000000000100
f0000000000000000000000000000100
f0000000000000000000000000000100
f0000000000000000000000000000100
f0000000000000000000000000000100
f0000000000000000000000000000100
f0000000000000000000000000000100
f0000000000000000000000000000100
f0000000000000000000000000000100
f0000000000000000000000000000100
f0000000000000000000000000000100
f0000000000000000000000000000100
f0000000000000000000000000000100
f0000000000000000000000000000100
f0000000000000000000000000000100
f0000000000000000000000000000100
f0000000000000000000000000000100
f0000000000000000000000000000100
f0000000000000000000000000000100
f0000000000000000000000000000100
f0000000000000000000000000000100
f0000000000000000000000000000100
f0000000000000000000000000000100
f0000000000000000000000000000100
f0000000000000000000000000000100
f0000000000000000000000000000100
f0000000000000000000000000000100
f0000000000000000000000000000100
f0000000000000000000000000000100
f0000000000000000000000000000100
f0000000000000000000000000000100
f0000000000000000000000000000100
f0000000000000000000000000000100
f0000000000000000000000000000100
f0000000000000000000000000000100
f0000000000000000000000000000100
f0000000000000000000000000000100
f0000000000000000000000000000100
f0000000000000000000000000000100
f0000000000000000000000000000100
f0000000000000000000000000000100
f0000000000000000000000000000100
f0000000000000000000000000000100
f0000000000000000000000000000100
f0000000000000000000000000000100
f0000000000000000000000000000100
f0000000000000000000000000000100
f0000000000000000000000000000100
f0000000000000000000000000000100
f0000000000000000000000000000100
f0000000000000000000000000000100
f0000000000000000000000000000100
f0000000000000000000000000000100
f0000000000000000000000000000100
f0000000000000000000000000000100
f0000000000000000000000000000100
f0000000000000000000000000000100
f0000000000000000000000000000100
f0000000000000000000000000000100
f0000000000000000000000000000100
f0000000000000000000000000000100
f0000000000000000000000000000100
f0000000000000000000000000000100
f0000000000000000000000000000100
f0000000000000000000000000000100
f0000000000000000000000000000100
f0000000000000000000000000000100
f0000000000000000000000000000100
f0000000000000000000000000000100
f0000000000000000000000000000100
f0000000000000000000000000000100
f0000000000000000000000000000100
f0000000000000000000000000000100
f0000000000000000000000000000100
f0000000000000000000000000000100
f0000000000000000000000000000100
f0000000000000000000000000000100
f0000000000000000000000000000100
f0000000000000000000000000000100
f0000000000000000000000000000100
f0000000000000000000000000000100
f0000000000000000000000000000100
f0000000000000000000000000000100
f0000000000000000000000000000100
f0000000000000000000000000000100
f0000000000000000000000000000100
f0000000000000000000000000000100
f0000000000000000000000000000100
f0000000000000000000000000000100
f0000000000000000000000000000100
f0000000000000000000000000000100
f0000000000000000000000000000100
f0000000000000000000000000000100
f0000000000000000000000000000100
f0000000000000000000000000000100
f0000000000000000000000000000100
f0000000000000000000000000000100
f0000000000000000000000000000100
f0000000000000000000000000000100
f0000000000000000000000000000100
f0000000000000000000000000000100
f0000000000000000000000000000100
f0000000000000000000000000000100
f0000000000000000000000000000100
f0000000000000000000000000000100
f0000000000000000000000000000100
f0000000000000000000000000000100
f0000000000000000000000000000100
f0000000000000000000000000000100
f0000000000000000000000000000100
f0000000000000000000000000000100
f0000000000000000000000000000100
f0000000000000000000000000000100
f0000000000000000000000000000100
f0000000000000000000000000000100
f0000000000000000000000000000100
f0000000000000000000000000000100
f0000000000000000000000000000100
f0000000000000000000000000000100
f0000000000000000000000000000100
f0000000000000000000000000000100
f0000000000000000000000000000100
f0000000000000000000000000000100
f0000000000000000000000000000100
f0000000000000000000000000000100
f0000000000000000000000000000100
f0000000000000000000000000000100
f0000000000000000000000000000100
f0000000000000000000000000000100
f0000000000000000000000000000100
f0000000000000000000000000000100
f0000000000000000000000000000100
f0000000000000000000000000000100
f0000000000000000000000000000100
f0000000000000000000000000000100
f0000000000000000000000000000100
f0000000000000000000000000000100
f0000000000000000000000000000100
f0000000000000000000000000000100
f0000000000000000000000000000100
f0000000000000000000000000000100
f0000000000000000000000000000100
f0000000000000000000000000000100
f0000000000000000000000000000100
f0000000000000000000000000000100
f0000000000000000000000000000100
f0000000000000000000000000000100
f0000000000000000000000000000100
f0000000000000000000000000000100
f0000000000000000000000000000100
f0000000000000000000000000000100
f0000000000000000000000000000100
f0000000000000000000000000000100
f0000000000000000000000000000100
f0000000000000000000000000000100
f0000000000000000000000000000100
f0000000000000000000000000000100
f0000000000000000000000000000100
f0000000000000000000000000000100
f0000000000000000000000000000100
f0000000000000000000000000000100
f0000000000000000000000000000100
f0000000000000000000000000000100
f0000000000000000000000000000100
f0000000000000000000000000000100
f0000000000000000000000000000100
f0000000000000000000000000000100
f0000000000000000000000000000100
f0000000000000000000000000000100
f0000000000000000000000000000100
f0000000000000000000000000000100
f0000000000000000000000000000100
f0000000000000000000000000000100
f0000000000000000000000000000100
f0000000000000000000000000000100
f0000000000000000000000000000100
f0000000000000000000000000000100
f0000000000000000000000000000100
f0000000000000000000000000000100
f0000000000000000000000000000100
f0000000000000000000000000000100
f0000000000000000000000000000100
f0000000000000000000000000000100
f0000000000000000000000000000100
f0000000000000000000000000000100
f0000000000000000000000000000100
f0000000000000000000000000000100
f0000000000000000000000000000100
f0000000000000000000000000000100
f0000000000000000000000000000100
f0000000000000000000000000000100
f0000000000000000000000000000100
f0000000000000000000000000000100
f0000000000000000000000000000100
f0000000000000000000000000000100
f0000000000000000000000000000100
f0000000000000000000000000000100
f0000000000000000000000000000100
f0000000000000000000000000000100
f0000000000000000000000000000100
f0000000000000000000000000000100
f0000000000000000000000000000100
f0000000000000000000000000000100
f0000000000000000000000000000100
f0000000000000000000000000000100
f0000000000000000000000000000100
f0000000000000000000000000000100
f0000000000000000000000000000100
f0000000000000000000000000000100
f0000000000000000000000000000100
f0000000000000000000000000000100
f0000000000000000000000000000100
f0000000000000000000000000000100
f0000000000000000000000000000100
f0000000000000000000000000000100
f0000000000000000000000000000100
f0000000000000000000000000000100
f0000000000000000000000000000100
f0000000000000000000000000000100
f0000000000000000000000000000100
f0000000000000000000000000000100
f0000000000000000000000000000100
f0000000000000000000000000000100
f0000000000000000000000000000100
f0000000000000000000000000000100
f0000000000000000000000000000100
f0000000000000000000000000000100
f0000000000000000000000000000100
f0000000000000000000000000000100
f0000000000000000000000000000100
f0000000000000000000000000000100
f0000000000000000000000000000100
f0000000000000000000000000000100
f0000000000000000000000000000100
f0000000000000000000000000000100
f0000000000000000000000000000100
f0000000000000000000000000000100
f0000000000000000000000000000100
f0000000000000000000000000000100
f0000000000000000000000000000100
f0000000000000000000000000000100
f0000000000000000000000000000100
f0000000000000000000000000000100
f0000000000000000000000000000100
f0000000000000000000000000000100
f0000000000000000000000000000100
f0000000000000000000000000000100
f0000000000000000000000000000100
f0000000000000000000000000000100
f0000000000000000000000000000100
f0000000000000000000000000000100
f0000000000000000000000000000100
f0000000000000000000000000000100
f0000000000000000000000000000100
f0000000000000000000000000000100
f0000000000000000000000000000100
f0000000000000000000000000000100
f0000000000000000000000000000100
f0000000000000000000000000000100
f0000000000000000000000000000100
f0000000000000000000000000000100
f0000000000000000000000000000100
f0000000000000000000000000000100
f0000000000000000000000000000100
f0000000000000000000000000000100
f0000000000000000000000000000100
f0000000000000000000000000000100
f0000000000000000000000000000100
f0000000000000000000000000000100
f0000000000000000000000000000100
f0000000000000000000000000000100
f0000000000000000000000000000100
f0000000000000000000000000000100
f0000000000000000000000000000100
f0000000000000000000000000000100
f0000000000000000000000000000100
f0000000000000000000000000000100
f0000000000000000000000000000100
f0000000000000000000000000000100
f0000000000000000000000000000100
f0000000000000000000000000000100
f0000000000000000000000000000100
f0000000000000000000000000000100
f0000000000000000000000000000100
f0000000000000000000000000000100
f0000000000000000000000000000100
f0000000000000000000000000000100
f0000000000000000000000000000100
f0000000000000000000000000000100
f0000000000000000000000000000100
f0000000000000000000000000000100
f0000000000000000000000000000100
f0000000000000000000000000000100
f0000000000000000000000000000100
f0000000000000000000000000000100
f0000000000000000000000000000100
f0000000000000000000000000000100
f0000000000000000000000000000100
f0000000000000000000000000000100
f0000000000000000000000000000100
f0000000000000000000000000000100
f0000000000000000000000000000100
f0000000000000000000000000000100
f0000000000000000000000000000100
f0000000000000000000000000000100
f0000000000000000000000000000100
f0000000000000000000000000000100
f0000000000000000000000000000100
f0000000000000000000000000000100
f0000000000000000000000000000100
f0000000000000000000000000000100
f0000000000000000000000000000100
f0000000000000000000000000000100
f0000000000000000000000000000100
f0000000000000000000000000000100
f0000000000000000000000000000100
f0000000000000000000000000000100
f0000000000000000000000000000100
f0000000000000000000000000000100
f0000000000000000000000000000100
f0000000000000000000000000000100
f0000000000000000000000000000100
f0000000000000000000000000000100
f0000000000000000000000000000100
f0000000000000000000000000000100
f0000000000000000000000000000100
f0000000000000000000000000000100
f0000000000000000000000000000100
f0000000000000000000000000000100
f0000000000000000000000000000100
f0000000000000000000000000000100
f0000000000000000000000000000100
f0000000000000000000000000000100
f0000000000000000000000000000100
f0000000000000000000000000000100
f0000000000000000000000000000100
f0000000000000000000000000000100
f0000000000000000000000000000100
f0000000000000000000000000000100
f0000000000000000000000000000100
f0000000000000000000000000000100
f0000000000000000000000000000100
f0000000000000000000000000000100
f0000000000000000000000000000100
f0000000000000000000000000000100
f0000000000000000000000000000100
f0000000000000000000000000000100
f0000000000000000000000000000100
f0000000000000000000000000000100
f0000000000000000000000000000100
f0000000000000000000000000000100
f0000000000000000000000000000100
f0000000000000000000000000000100
f0000000000000000000000000000100
f0000000000000000000000000000100
f0000000000000000000000000000100
f0000000000000000000000000000100
f0000000000000000000000000000100
f0000000000000000000000000000100
f0000000000000000000000000000100
f0000000000000000000000000000100
f0000000000000000000000000000100
f0000000000000000000000000000100
f0000000000000000000000000000100
f0000000000000000000000000000100
f0000000000000000000000000000100
f0000000000000000000000000000100
f0000000000000000000000000000100
f0000000000000000000000000000100
f0000000000000000000000000000100
f0000000000000000000000000000100
f0000000000000000000000000000100
f0000000000000000000000000000100
f0000000000000000000000000000100
f0000000000000000000000000000100
f0000000000000000000000000000100
f0000000000000000000000000000100
f0000000000000000000000000000100
f0000000000000000000000000000100
f0000000000000000000000000000100
f0000000000000000000000000000100
f0000000000000000000000000000100
f0000000000000000000000000000100
f0000000000000000000000000000100
f0000000000000000000000000000100
f0000000000000000000000000000100
f0000000000000000000000000000100
f0000000000000000000000000000100
f0000000000000000000000000000100
f0000000000000000000000000000100
f0000000000000000000000000000100
f0000000000000000000000000000100
f0000000000000000000000000000100
f0000000000000000000000000000100
f0000000000000000000000000000100
f0000000000000000000000000000100
f0000000000000000000000000000100
f0000000000000000000000000000100
f0000000000000000000000000000100
f0000000000000000000000000000100
f0000000000000000000000000000100
f0000000000000000000000000000100
f0000000000000000000000000000100
f0000000000000000000000000000100
f0000000000000000000000000000100
f0000000000000000000000000000100
f0000000000000000000000000000100
f0000000000000000000000000000100
f0000000000000000000000000000100
f0000000000000000000000000000100
f0000000000000000000000000000100
f0000000000000000000000000000100
f0000000000000000000000000000100
f0000000000000000000000000000100
f0000000000000000000000000000100
f0000000000000000000000000000100
f0000000000000000000000000000100
f0000000000000000000000000000100
f0000000000000000000000000000100
f0000000000000000000000000000100
f0000000000000000000000000000100
f0000000000000000000000000000100
f0000000000000000000000000000100
f0000000000000000000000000000100
f0000000000000000000000000000100
f0000000000000000000000000000100
f0000000000000000000000000000100
f0000000000000000000000000000100
f0000000000000000000000000000100
f0000000000000000000000000000100
f0000000000000000000000000000100
f0000000000000000000000000000100
f0000000000000000000000000000100
f0000000000000000000000000000100
f0000000000000000000000000000100
f0000000000000000000000000000100
f0000000000000000000000000000100
f0000000000000000000000000000100
f0000000000000000000000000000100
f0000000000000000000000000000100
f0000000000000000000000000000100
f0000000000000000000000000000100
f0000000000000000000000000000100
f0000000000000000000000000000100
f0000000000000000000000000000100
f0000000000000000000000000000100
f0000000000000000000000000000100
f0000000000000000000000000000100
f0000000000000000000000000000100
f0000000000000000000000000000100
f0000000000000000000000000000100
f0000000000000000000000000000100
f0000000000000000000000000000100
f0000000000000000000000000000100
f0000000000000000000000000000100
f0000000000000000000000000000100
f0000000000000000000000000000100
f0000000000000000000000000000100
f0000000000000000000000000000100
f0000000000000000000000000000100
f0000000000000000000000000000100
f0000000000000000000000000000100
f0000000000000000000000000000100
f0000000000000000000000000000100
f0000000000000000000000000000100
f0000000000000000000000000000100
f0000000000000000000000000000100
f0000000000000000000000000000100
f0000000000000000000000000000100
f0000000000000000000000000000100
f0000000000000000000000000000100
f0000000000000000000000000000100
f0000000000000000000000000000100
f0000000000000000000000000000100
f0000000000000000000000000000100
f0000000000000000000000000000100
f0000000000000000000000000000100
f0000000000000000000000000000100
f0000000000000000000000000000100
f0000000000000000000000000000100
f0000000000000000000000000000100
f0000000000000000000000000000100
f0000000000000000000000000000100
f0000000000000000000000000000100
f0000000000000000000000000000100
f0000000000000000000000000000100
f0000000000000000000000000000100
f0000000000000000000000000000100
f0000000000000000000000000000100
f0000000000000000000000000000100
f0000000000000000000000000000100
f0000000000000000000000000000100
f0000000000000000000000000000100
f0000000000000000000000000000100
f0000000000000000000000000000100
f0000000000000000000000000000100
f0000000000000000000000000000100
f0000000000000000000000000000100
f0000000000000000000000000000100
f0000000000000000000000000000100
f0000000000000000000000000000100
f0000000000000000000000000000100
f0000000000000000000000000000100
f0000000000000000000000000000100
f0000000000000000000000000000100
f0000000000000000000000000000100
f0000000000000000000000000000100
f0000000000000000000000000000100
f0000000000000000000000000000100
f0000000000000000000000000000100
f0000000000000000000000000000100
f0000000000000000000000000000100
f0000000000000000000000000000100
f0000000000000000000000000000100
f0000000000000000000000000000100
f0000000000000000000000000000100
f0000000000000000000000000000100
f0000000000000000000000000000100
f0000000000000000000000000000100
f0000000000000000000000000000100
f0000000000000000000000000000100
f0000000000000000000000000000100
f0000000000000000000000000000100
f0000000000000000000000000000100
f0000000000000000000000000000100
f0000000000000000000000000000100
f0000000000000000000000000000100
f0000000000000000000000000000100
f0000000000000000000000000000100
f0000000000000000000000000000100
f0000000000000000000000000000100
f0000000000000000000000000000100
f0000000000000000000000000000100
f0000000000000000000000000000100
f0000000000000000000000000000100
f0000000000000000000000000000100
f0000000000000000000000000000100
f0000000000000000000000000000100
f0000000000000000000000000000100
f0000000000000000000000000000100
f0000000000000000000000000000100
f0000000000000000000000000000100
f0000000000000000000000000000100
f0000000000000000000000000000100
f0000000000000000000000000000100
f0000000000000000000000000000100
f0000000000000000000000000000100
f0000000000000000000000000000100
f0000000000000000000000000000100
f0000000000000000000000000000100
f0000000000000000000000000000100
f0000000000000000000000000000100
f0000000000000000000000000000100
f0000000000000000000000000000100
f0000000000000000000000000000100
f0000000000000000000000000000100
f0000000000000000000000000000100
f0000000000000000000000000000100
f0000000000000000000000000000100
f0000000000000000000000000000100
f0000000000000000000000000000100
f0000000000000000000000000000100
f0000000000000000000000000000100
f0000000000000000000000000000100
f0000000000000000000000000000100
f0000000000000000000000000000100
f0000000000000000000000000000100
f0000000000000000000000000000100
f0000000000000000000000000000100
f0000000000000000000000000000100
f0000000000000000000000000000100
f0000000000000000000000000000100
f0000000000000000000000000000100
f0000000000000000000000000000100
f0000000000000000000000000000100
f0000000000000000000000000000100
f0000000000000000000000000000100
f0000000000000000000000000000100
f0000000000000000000000000000100
f0000000000000000000000000000100
f0000000000000000000000000000100
f0000000000000000000000000000100
f0000000000000000000000000000100
f0000000000000000000000000000100
f0000000000000000000000000000100
f0000000000000000000000000000100
f0000000000000000000000000000100
f0000000000000000000000000000100
f0000000000000000000000000000100
f0000000000000000000000000000100
f0000000000000000000000000000100
f0000000000000000000000000000100
f0000000000000000000000000000100
f0000000000000000000000000000100
f0000000000000000000000000000100
f0000000000000000000000000000100
f0000000000000000000000000000100
f0000000000000000000000000000100
f0000000000000000000000000000100
f0000000000000000000000000000100
f0000000000000000000000000000100
f0000000000000000000000000000100
f0000000000000000000000000000100
f0000000000000000000000000000100
f0000000000000000000000000000100
f0000000000000000000000000000100
f0000000000000000000000000000100
f0000000000000000000000000000100
f0000000000000000000000000000100
f0000000000000000000000000000100
f0000000000000000000000000000100
f0000000000000000000000000000100
f0000000000000000000000000000100
f0000000000000000000000000000100
f0000000000000000000000000000100
f0000000000000000000000000000100
f0000000000000000000000000000100
f0000000000000000000000000000100
f0000000000000000000000000000100
f0000000000000000000000000000100
f0000000000000000000000000000100
f0000000000000000000000000000100
f0000000000000000000000000000100
f0000000000000000000000000000100
f0000000000000000000000000000100
f0000000000000000000000000000100
f0000000000000000000000000000100
f0000000000000000000000000000100
f0000000000000000000000000000100
f0000000000000000000000000000100
f0000000000000000000000000000100
f0000000000000000000000000000100
f0000000000000000000000000000100
f0000000000000000000000000000100
f0000000000000000000000000000100
f0000000000000000000000000000100
f0000000000000000000000000000100
f0000000000000000000000000000100
f0000000000000000000000000000100
f0000000000000000000000000000100
f0000000000000000000000000000100
f0000000000000000000000000000100
f0000000000000000000000000000100
f0000000000000000000000000000100
f0000000000000000000000000000100
f0000000000000000000000000000100
f0000000000000000000000000000100
f0000000000000000000000000000100
f0000000000000000000000000000100
f0000000000000000000000000000100
f0000000000000000000000000000100
f0000000000000000000000000000100
f0000000000000000000000000000100
f0000000000000000000000000000100
f0000000000000000000000000000100
f0000000000000000000000000000100
f0000000000000000000000000000100
f0000000000000000000000000000100
f0000000000000000000000000000100
f0000000000000000000000000000100
f0000000000000000000000000000100
f0000000000000000000000000000100
f0000000000000000000000000000100
f0000000000000000000000000000100
f0000000000000000000000000000100
f0000000000000000000000000000100
f0000000000000000000000000000100
f0000000000000000000000000000100
f0000000000000000000000000000100
f0000000000000000000000000000100
f0000000000000000000000000000100
f0000000000000000000000000000100
f0000000000000000000000000000100
f0000000000000000000000000000100
f0000000000000000000000000000100
f0000000000000000000000000000100
f0000000000000000000000000000100
f0000000000000000000000000000100
f0000000000000000000000000000100
f0000000000000000000000000000100
f0000000000000000000000000000100
f0000000000000000000000000000100
f0000000000000000000000000000100
f0000000000000000000000000000100
f0000000000000000000000000000100
f0000000000000000000000000000100
f0000000000000000000000000000100
f0000000000000000000000000000100
f0000000000000000000000000000100
f0000000000000000000000000000100
f0000000000000000000000000000100
f0000000000000000000000000000100
f0000000000000000000000000000100
f0000000000000000000000000000100
f0000000000000000000000000000100
f0000000000000000000000000000100
f0000000000000000000000000000100
f0000000000000000000000000000100
f0000000000000000000000000000100
f0000000000000000000000000000100
f0000000000000000000000000000100
f0000000000000000000000000000100
f0000000000000000000000000000100
f0000000000000000000000000000100
f0000000000000000000000000000100
f0000000000000000000000000000100
f0000000000000000000000000000100
f0000000000000000000000000000100
f0000000000000000000000000000100
f0000000000000000000000000000100
f0000000000000000000000000000100
f0000000000000000000000000000100
f0000000000000000000000000000100
f0000000000000000000000000000100
f0000000000000000000000000000100
f0000000000000000000000000000100
f0000000000000000000000000000100
f0000000000000000000000000000100
f0000000000000000000000000000100
f0000000000000000000000000000100
f0000000000000000000000000000100
f0000000000000000000000000000100
f0000000000000000000000000000100
f0000000000000000000000000000100
f0000000000000000000000000000100
f0000000000000000000000000000100
f0000000000000000000000000000100
f0000000000000000000000000000100
f0000000000000000000000000000100
f0000000000000000000000000000100
f0000000000000000000000000000100
f0000000000000000000000000000100
f0000000000000000000000000000100
f0000000000000000000000000000100
f0000000000000000000000000000100
f0000000000000000000000000000100
f0000000000000000000000000000100
f0000000000000000000000000000100
f0000000000000000000000000000100
f0000000000000000000000000000100
f0000000000000000000000000000100
f0000000000000000000000000000100
f0000000000000000000000000000100
f0000000000000000000000000000100
f0000000000000000000000000000100
f0000000000000000000000000000100
f0000000000000000000000000000100
f0000000000000000000000000000100
f0000000000000000000000000000100
f0000000000000000000000000000100
f0000000000000000000000000000100
f0000000000000000000000000000100
f0000000000000000000000000000100
f0000000000000000000000000000100
f0000000000000000000000000000100
f0000000000000000000000000000100
f0000000000000000000000000000100
f0000000000000000000000000000100
f0000000000000000000000000000100
f0000000000000000000000000000100
f0000000000000000000000000000100
f0000000000000000000000000000100
f0000000000000000000000000000100
f0000000000000000000000000000100
f0000000000000000000000000000100
f0000000000000000000000000000100
f0000000000000000000000000000100
f0000000000000000000000000000100
f0000000000000000000000000000100
f0000000000000000000000000000100
f0000000000000000000000000000100
f0000000000000000000000000000100
f0000000000000000000000000000100
f0000000000000000000000000000100
f0000000000000000000000000000100
f0000000000000000000000000000100
f0000000000000000000000000000100
f0000000000000000000000000000100
f0000000000000000000000000000100
f0000000000000000000000000000100
f0000000000000000000000000000100
f0000000000000000000000000000100
f0000000000000000000000000000100
f0000000000000000000000000000100
f0000000000000000000000000000100
f0000000000000000000000000000100
f0000000000000000000000000000100
f0000000000000000000000000000100
f0000000000000000000000000000100
f0000000000000000000000000000100
f0000000000000000000000000000100
f0000000000000000000000000000100
f0000000000000000000000000000100
f0000000000000000000000000000100
f0000000000000000000000000000100
f0000000000000000000000000000100
f0000000000000000000000000000100
f0000000000000000000000000000100
f0000000000000000000000000000100
f0000000000000000000000000000100
f0000000000000000000000000000100
f0000000000000000000000000000100
f0000000000000000000000000000100
f0000000000000000000000000000100
f0000000000000000000000000000100
f0000000000000000000000000000100
f0000000000000000000000000000100
f0000000000000000000000000000100
f0000000000000000000000000000100
f0000000000000000000000000000100
f0000000000000000000000000000100
f0000000000000000000000000000100
f0000000000000000000000000000100
f0000000000000000000000000000100
f0000000000000000000000000000100
f0000000000000000000000000000100
f0000000000000000000000000000100
f0000000000000000000000000000100
f0000000000000000000000000000100
f0000000000000000000000000000100
f0000000000000000000000000000100
f0000000000000000000000000000100
f0000000000000000000000000000100
f0000000000000000000000000000100
f0000000000000000000000000000100
f0000000000000000000000000000100
f0000000000000000000000000000100
f0000000000000000000000000000100
f0000000000000000000000000000100
f0000000000000000000000000000100
f0000000000000000000000000000100
f0000000000000000000000000000100
f0000000000000000000000000000100
f0000000000000000000000000000100
f0000000000000000000000000000100
f0000000000000000000000000000100
f0000000000000000000000000000100
f0000000000000000000000000000100
f0000000000000000000000000000100
f0000000000000000000000000000100
f0000000000000000000000000000100
f0000000000000000000000000000100
f0000000000000000000000000000100
f0000000000000000000000000000100
f0000000000000000000000000000100
f0000000000000000000000000000100
f0000000000000000000000000000100
f0000000000000000000000000000100
f0000000000000000000000000000100
f0000000000000000000000000000100
f0000000000000000000000000000100
f0000000000000000000000000000100
f0000000000000000000000000000100
f0000000000000000000000000000100
f0000000000000000000000000000100
f0000000000000000000000000000100
f0000000000000000000000000000100
f0000000000000000000000000000100
f0000000000000000000000000000100
f0000000000000000000000000000100
f0000000000000000000000000000100
f0000000000000000000000000000100
f0000000000000000000000000000100
f0000000000000000000000000000100
f0000000000000000000000000000100
f0000000000000000000000000000100
f0000000000000000000000000000100
f0000000000000000000000000000100
f0000000000000000000000000000100
f0000000000000000000000000000100
f0000000000000000000000000000100
f0000000000000000000000000000100
f0000000000000000000000000000100
f0000000000000000000000000000100
f0000000000000000000000000000100
f0000000000000000000000000000100
f0000000000000000000000000000100
f0000000000000000000000000000100
f0000000000000000000000000000100
f0000000000000000000000000000100
f0000000000000000000000000000100
f0000000000000000000000000000100
f0000000000000000000000000000100
f0000000000000000000000000000100
f0000000000000000000000000000100
f0000000000000000000000000000100
f0000000000000000000000000000100
f0000000000000000000000000000100
f0000000000000000000000000000100
f0000000000000000000000000000100
f0000000000000000000000000000100
f0000000000000000000000000000100
f0000000000000000000000000000100
f0000000000000000000000000000100
f0000000000000000000000000000100
f0000000000000000000000000000100
f0000000000000000000000000000100
f0000000000000000000000000000100
f0000000000000000000000000000100
f0000000000000000000000000000100
f0000000000000000000000000000100
f0000000000000000000000000000100
f0000000000000000000000000000100
f0000000000000000000000000000100
f0000000000000000000000000000100
f0000000000000000000000000000100
f0000000000000000000000000000100
f0000000000000000000000000000100
f0000000000000000000000000000100
f0000000000000000000000000000100
f0000000000000000000000000000100
f0000000000000000000000000000100
f0000000000000000000000000000100
f0000000000000000000000000000100
f0000000000000000000000000000100
f0000000000000000000000000000100
f0000000000000000000000000000100
f0000000000000000000000000000100
f0000000000000000000000000000100
f0000000000000000000000000000100
f0000000000000000000000000000100
f0000000000000000000000000000100
f0000000000000000000000000000100
f0000000000000000000000000000100
f0000000000000000000000000000100
f0000000000000000000000000000100
f0000000000000000000000000000100
f0000000000000000000000000000100
f0000000000000000000000000000100
f0000000000000000000000000000100
f0000000000000000000000000000100
f0000000000000000000000000000100
f0000000000000000000000000000100
f0000000000000000000000000000100
f0000000000000000000000000000100
f0000000000000000000000000000100
f0000000000000000000000000000100
f0000000000000000000000000000100
f0000000000000000000000000000100
f0000000000000000000000000000100
f0000000000000000000000000000100
f0000000000000000000000000000100
f0000000000000000000000000000100
f0000000000000000000000000000100
f0000000000000000000000000000100
f0000000000000000000000000000100
f0000000000000000000000000000100
f0000000000000000000000000000100
f0000000000000000000000000000100
f0000000000000000000000000000100
f0000000000000000000000000000100
f0000000000000000000000000000100
f0000000000000000000000000000100
f0000000000000000000000000000100
f0000000000000000000000000000100
f0000000000000000000000000000100
f0000000000000000000000000000100
f0000000000000000000000000000100
f0000000000000000000000000000100
f0000000000000000000000000000100
f0000000000000000000000000000100
f0000000000000000000000000000100
f0000000000000000000000000000100
f0000000000000000000000000000100
f0000000000000000000000000000100
f0000000000000000000000000000100
f0000000000000000000000000000100
f0000000000000000000000000000100
f0000000000000000000000000000100
f0000000000000000000000000000100
f0000000000000000000000000000100
f0000000000000000000000000000100
f0000000000000000000000000000100
f0000000000000000000000000000100
f0000000000000000000000000000100
f0000000000000000000000000000100
f0000000000000000000000000000100
f0000000000000000000000000000100
f0000000000000000000000000000100
f0000000000000000000000000000100
f0000000000000000000000000000100
f0000000000000000000000000000100
f0000000000000000000000000000100
f0000000000000000000000000000100
f0000000000000000000000000000100
f0000000000000000000000000000100
f0000000000000000000000000000100
f0000000000000000000000000000100
f0000000000000000000000000000100
f0000000000000000000000000000100
f0000000000000000000000000000100
f0000000000000000000000000000100
f0000000000000000000000000000100
f0000000000000000000000000000100
f0000000000000000000000000000100
f0000000000000000000000000000100
f0000000000000000000000000000100
f0000000000000000000000000000100
f0000000000000000000000000000100
f0000000000000000000000000000100
f0000000000000000000000000000100
f0000000000000000000000000000100
f0000000000000000000000000000100
f0000000000000000000000000000100
f0000000000000000000000000000100
f0000000000000000000000000000100
f0000000000000000000000000000100
f0000000000000000000000000000100
f0000000000000000000000000000100
f0000000000000000000000000000100
f0000000000000000000000000000100
f0000000000000000000000000000100
f0000000000000000000000000000100
f0000000000000000000000000000100
f0000000000000000000000000000100
f0000000000000000000000000000100
f0000000000000000000000000000100
f0000000000000000000000000000100
f0000000000000000000000000000100
f0000000000000000000000000000100
f0000000000000000000000000000100
f0000000000000000000000000000100
f0000000000000000000000000000100
f0000000000000000000000000000100
f0000000000000000000000000000100
f0000000000000000000000000000100
f0000000000000000000000000000100
f0000000000000000000000000000100
f0000000000000000000000000000100
f0000000000000000000000000000100
f0000000000000000000000000000100
f0000000000000000000000000000100
f0000000000000000000000000000100
f0000000000000000000000000000100
f0000000000000000000000000000100
f0000000000000000000000000000100
f0000000000000000000000000000100
f0000000000000000000000000000100
f0000000000000000000000000000100
f0000000000000000000000000000100
f0000000000000000000000000000100
f0000000000000000000000000000100
f0000000000000000000000000000100
f0000000000000000000000000000100
f0000000000000000000000000000100
f0000000000000000000000000000100
f0000000000000000000000000000100
f0000000000000000000000000000100
f0000000000000000000000000000100
f0000000000000000000000000000100
f0000000000000000000000000000100
f0000000000000000000000000000100
f0000000000000000000000000000100
f0000000000000000000000000000100
f0000000000000000000000000000100
f0000000000000000000000000000100
f0000000000000000000000000000100
f0000000000000000000000000000100
f0000000000000000000000000000100
f0000000000000000000000000000100
f0000000000000000000000000000100
f0000000000000000000000000000100
f0000000000000000000000000000100
f0000000000000000000000000000100
f0000000000000000000000000000100
f0000000000000000000000000000100
f0000000000000000000000000000100
f0000000000000000000000000000100
f0000000000000000000000000000100
f0000000000000000000000000000100
f0000000000000000000000000000100
f0000000000000000000000000000100
f0000000000000000000000000000100
f0000000000000000000000000000100
f0000000000000000000000000000100
f0000000000000000000000000000100
f0000000000000000000000000000100
f0000000000000000000000000000100
f0000000000000000000000000000100
f0000000000000000000000000000100
f0000000000000000000000000000100
f0000000000000000000000000000100
f0000000000000000000000000000100
f0000000000000000000000000000100
f0000000000000000000000000000100
f0000000000000000000000000000100
f0000000000000000000000000000100
f0000000000000000000000000000100
f0000000000000000000000000000100
f0000000000000000000000000000100
f0000000000000000000000000000100
f0000000000000000000000000000100
f0000000000000000000000000000100
f0000000000000000000000000000100
f0000000000000000000000000000100
f0000000000000000000000000000100
f0000000000000000000000000000100
f0000000000000000000000000000100
f0000000000000000000000000000100
f0000000000000000000000000000100
f0000000000000000000000000000100
f0000000000000000000000000000100
f0000000000000000000000000000100
f0000000000000000000000000000100
f0000000000000000000000000000100
f0000000000000000000000000000100
f0000000000000000000000000000100
f0000000000000000000000000000100
f0000000000000000000000000000100
f0000000000000000000000000000100
f0000000000000000000000000000100
f0000000000000000000000000000100
f0000000000000000000000000000100
f0000000000000000000000000000100
f0000000000000000000000000000100
f0000000000000000000000000000100
f0000000000000000000000000000100
f0000000000000000000000000000100
f0000000000000000000000000000100
f0000000000000000000000000000100
f0000000000000000000000000000100
f0000000000000000000000000000100
f0000000000000000000000000000100
f0000000000000000000000000000100
f0000000000000000000000000000100
f0000000000000000000000000000100
f0000000000000000000000000000100
f0000000000000000000000000000100
f0000000000000000000000000000100
f0000000000000000000000000000100
f0000000000000000000000000000100
f0000000000000000000000000000100
f0000000000000000000000000000100
f0000000000000000000000000000100
f0000000000000000000000000000100
f0000000000000000000000000000100
f0000000000000000000000000000100
f0000000000000000000000000000100
f0000000000000000000000000000100
f0000000000000000000000000000100
f0000000000000000000000000000100
f0000000000000000000000000000100
f0000000000000000000000000000100
f0000000000000000000000000000100
f0000000000000000000000000000100
f0000000000000000000000000000100
f0000000000000000000000000000100
f0000000000000000000000000000100
f0000000000000000000000000000100
f0000000000000000000000000000100
f0000000000000000000000000000100
f0000000000000000000000000000100
f0000000000000000000000000000100
f0000000000000000000000000000100
f0000000000000000000000000000100
f0000000000000000000000000000100
f0000000000000000000000000000100
f0000000000000000000000000000100
f0000000000000000000000000000100
f0000000000000000000000000000100
f0000000000000000000000000000100
f0000000000000000000000000000100
f0000000000000000000000000000100
f0000000000000000000000000000100
f0000000000000000000000000000100
f0000000000000000000000000000100
f0000000000000000000000000000100
f0000000000000000000000000000100
f0000000000000000000000000000100
f0000000000000000000000000000100
f0000000000000000000000000000100
f0000000000000000000000000000100
f0000000000000000000000000000100
f0000000000000000000000000000100
f0000000000000000000000000000100
f0000000000000000000000000000100
f0000000000000000000000000000100
f0000000000000000000000000000100
f0000000000000000000000000000100
f0000000000000000000000000000100
f0000000000000000000000000000100
f0000000000000000000000000000100
f0000000000000000000000000000100
f0000000000000000000000000000100
f0000000000000000000000000000100
f0000000000000000000000000000100
f0000000000000000000000000000100
f0000000000000000000000000000100
f0000000000000000000000000000100
f0000000000000000000000000000100
f0000000000000000000000000000100
f0000000000000000000000000000100
f0000000000000000000000000000100
f0000000000000000000000000000100
f0000000000000000000000000000100
f0000000000000000000000000000100
f0000000000000000000000000000100
f0000000000000000000000000000100
f0000000000000000000000000000100
f0000000000000000000000000000100
f0000000000000000000000000000100
f0000000000000000000000000000100
f0000000000000000000000000000100
f0000000000000000000000000000100
f0000000000000000000000000000100
f0000000000000000000000000000100
f0000000000000000000000000000100
f0000000000000000000000000000100
f0000000000000000000000000000100
f0000000000000000000000000000100
f0000000000000000000000000000100
f0000000000000000000000000000100
f0000000000000000000000000000100
f0000000000000000000000000000100
f0000000000000000000000000000100
f0000000000000000000000000000100
f0000000000000000000000000000100
f0000000000000000000000000000100
f0000000000000000000000000000100
f0000000000000000000000000000100
f0000000000000000000000000000100
f0000000000000000000000000000100
f0000000000000000000000000000100
f0000000000000000000000000000100
f0000000000000000000000000000100
f0000000000000000000000000000100
f0000000000000000000000000000100
f0000000000000000000000000000100
f0000000000000000000000000000100
f0000000000000000000000000000100
f0000000000000000000000000000100
f0000000000000000000000000000100
f0000000000000000000000000000100
f0000000000000000000000000000100
f0000000000000000000000000000100
f0000000000000000000000000000100
f0000000000000000000000000000100
f0000000000000000000000000000100
f0000000000000000000000000000100
f0000000000000000000000000000100
f0000000000000000000000000000100
f0000000000000000000000000000100
f0000000000000000000000000000100
f0000000000000000000000000000100
f0000000000000000000000000000100
f0000000000000000000000000000100
f0000000000000000000000000000100
f0000000000000000000000000000100
f0000000000000000000000000000100
f0000000000000000000000000000100
f0000000000000000000000000000100
f0000000000000000000000000000100
f0000000000000000000000000000100
f0000000000000000000000000000100
f0000000000000000000000000000100
f0000000000000000000000000000100
f0000000000000000000000000000100
f0000000000000000000000000000100
f0000000000000000000000000000100
f0000000000000000000000000000100
f0000000000000000000000000000100
f0000000000000000000000000000100
f0000000000000000000000000000100
f0000000000000000000000000000100
f0000000000000000000000000000100
f0000000000000000000000000000100
f0000000000000000000000000000100
f0000000000000000000000000000100
f0000000000000000000000000000100
f0000000000000000000000000000100
f0000000000000000000000000000100
f0000000000000000000000000000100
f0000000000000000000000000000100
f0000000000000000000000000000100
f0000000000000000000000000000100
f0000000000000000000000000000100
f0000000000000000000000000000100
