

================================================================
== Vitis HLS Report for 'runPeArray'
================================================================
* Date:           Sat Oct 10 13:23:58 2026

* Version:        2024.2 (Build 5238294 on Nov  8 2024)
* Project:        build
* Solution:       solution1 (Vivado IP Flow Target)
* Product family: virtexuplusHBM
* Target device:  xcvu37p_CIV-fsvh2892-2-e


================================================================
== Performance Estimates
================================================================
+ Timing: 
    * Summary: 
    +--------+----------+----------+------------+
    |  Clock |  Target  | Estimated| Uncertainty|
    +--------+----------+----------+------------+
    |ap_clk  |  10.00 ns|  7.048 ns|     2.70 ns|
    +--------+----------+----------+------------+

+ Latency: 
    * Summary: 
    +---------+---------+-----------+-----------+-----+-----+---------+
    |  Latency (cycles) |   Latency (absolute)  |  Interval | Pipeline|
    |   min   |   max   |    min    |    max    | min | max |   Type  |
    +---------+---------+-----------+-----------+-----+-----+---------+
    |        3|        3|  30.000 ns|  30.000 ns|    1|    1|      yes|
    +---------+---------+-----------+-----------+-----+-----+---------+

    + Detail: 
        * Instance: 
        N/A

        * Loop: 
        N/A



================================================================
== Utilization Estimates
================================================================
* Summary: 
+---------------------+---------+------+---------+---------+-----+
|         Name        | BRAM_18K|  DSP |    FF   |   LUT   | URAM|
+---------------------+---------+------+---------+---------+-----+
|DSP                  |        -|     -|        -|        -|    -|
|Expression           |        -|     -|        0|    25410|    -|
|FIFO                 |        -|     -|        -|        -|    -|
|Instance             |        -|     8|        0|     1448|    -|
|Memory               |        -|     -|        -|        -|    -|
|Multiplexer          |        -|     -|        0|     2200|    -|
|Register             |        -|     -|     4603|      512|    -|
+---------------------+---------+------+---------+---------+-----+
|Total                |        0|     8|     4603|    29570|    0|
+---------------------+---------+------+---------+---------+-----+
|Available SLR        |     1344|  3008|   869120|   434560|  320|
+---------------------+---------+------+---------+---------+-----+
|Utilization SLR (%)  |        0|    ~0|       ~0|        6|    0|
+---------------------+---------+------+---------+---------+-----+
|Available            |     4032|  9024|  2607360|  1303680|  960|
+---------------------+---------+------+---------+---------+-----+
|Utilization (%)      |        0|    ~0|       ~0|        2|    0|
+---------------------+---------+------+---------+---------+-----+

+ Detail: 
    * Instance: 
    +----------------------------+-----------------------+---------+----+---+----+-----+
    |          Instance          |         Module        | BRAM_18K| DSP| FF| LUT| URAM|
    +----------------------------+-----------------------+---------+----+---+----+-----+
    |ctlz_22_22_1_1_U108         |ctlz_22_22_1_1         |        0|   0|  0|  29|    0|
    |ctlz_22_22_1_1_U110         |ctlz_22_22_1_1         |        0|   0|  0|  29|    0|
    |ctlz_22_22_1_1_U112         |ctlz_22_22_1_1         |        0|   0|  0|  29|    0|
    |ctlz_22_22_1_1_U114         |ctlz_22_22_1_1         |        0|   0|  0|  29|    0|
    |ctlz_22_22_1_1_U116         |ctlz_22_22_1_1         |        0|   0|  0|  29|    0|
    |ctlz_22_22_1_1_U118         |ctlz_22_22_1_1         |        0|   0|  0|  29|    0|
    |ctlz_22_22_1_1_U120         |ctlz_22_22_1_1         |        0|   0|  0|  29|    0|
    |ctlz_22_22_1_1_U122         |ctlz_22_22_1_1         |        0|   0|  0|  29|    0|
    |ctlz_27_27_1_1_U125         |ctlz_27_27_1_1         |        0|   0|  0|  37|    0|
    |ctlz_27_27_1_1_U127         |ctlz_27_27_1_1         |        0|   0|  0|  37|    0|
    |ctlz_27_27_1_1_U129         |ctlz_27_27_1_1         |        0|   0|  0|  37|    0|
    |ctlz_27_27_1_1_U131         |ctlz_27_27_1_1         |        0|   0|  0|  37|    0|
    |ctlz_27_27_1_1_U133         |ctlz_27_27_1_1         |        0|   0|  0|  37|    0|
    |ctlz_27_27_1_1_U135         |ctlz_27_27_1_1         |        0|   0|  0|  37|    0|
    |ctlz_27_27_1_1_U137         |ctlz_27_27_1_1         |        0|   0|  0|  37|    0|
    |ctlz_27_27_1_1_U139         |ctlz_27_27_1_1         |        0|   0|  0|  37|    0|
    |mul_11ns_11ns_22_2_1_U65    |mul_11ns_11ns_22_2_1   |        0|   1|  0|   0|    0|
    |mul_11ns_11ns_22_2_1_U71    |mul_11ns_11ns_22_2_1   |        0|   1|  0|   0|    0|
    |mul_11ns_11ns_22_2_1_U77    |mul_11ns_11ns_22_2_1   |        0|   1|  0|   0|    0|
    |mul_11ns_11ns_22_2_1_U83    |mul_11ns_11ns_22_2_1   |        0|   1|  0|   0|    0|
    |mul_11ns_11ns_22_2_1_U89    |mul_11ns_11ns_22_2_1   |        0|   1|  0|   0|    0|
    |mul_11ns_11ns_22_2_1_U95    |mul_11ns_11ns_22_2_1   |        0|   1|  0|   0|    0|
    |mul_11ns_11ns_22_2_1_U101   |mul_11ns_11ns_22_2_1   |        0|   1|  0|   0|    0|
    |mul_11ns_11ns_22_2_1_U107   |mul_11ns_11ns_22_2_1   |        0|   1|  0|   0|    0|
    |sparsemux_13_5_16_1_1_U141  |sparsemux_13_5_16_1_1  |        0|   0|  0|  26|    0|
    |sparsemux_13_5_16_1_1_U143  |sparsemux_13_5_16_1_1  |        0|   0|  0|  26|    0|
    |sparsemux_13_5_16_1_1_U145  |sparsemux_13_5_16_1_1  |        0|   0|  0|  26|    0|
    |sparsemux_13_5_16_1_1_U147  |sparsemux_13_5_16_1_1  |        0|   0|  0|  26|    0|
    |sparsemux_13_5_16_1_1_U149  |sparsemux_13_5_16_1_1  |        0|   0|  0|  26|    0|
    |sparsemux_13_5_16_1_1_U151  |sparsemux_13_5_16_1_1  |        0|   0|  0|  26|    0|
    |sparsemux_13_5_16_1_1_U153  |sparsemux_13_5_16_1_1  |        0|   0|  0|  26|    0|
    |sparsemux_13_5_16_1_1_U155  |sparsemux_13_5_16_1_1  |        0|   0|  0|  26|    0|
    |sparsemux_13_5_32_1_1_U140  |sparsemux_13_5_32_1_1  |        0|   0|  0|  26|    0|
    |sparsemux_13_5_32_1_1_U142  |sparsemux_13_5_32_1_1  |        0|   0|  0|  26|    0|
    |sparsemux_13_5_32_1_1_U144  |sparsemux_13_5_32_1_1  |        0|   0|  0|  26|    0|
    |sparsemux_13_5_32_1_1_U146  |sparsemux_13_5_32_1_1  |        0|   0|  0|  26|    0|
    |sparsemux_13_5_32_1_1_U148  |sparsemux_13_5_32_1_1  |        0|   0|  0|  26|    0|
    |sparsemux_13_5_32_1_1_U150  |sparsemux_13_5_32_1_1  |        0|   0|  0|  26|    0|
    |sparsemux_13_5_32_1_1_U152  |sparsemux_13_5_32_1_1  |        0|   0|  0|  26|    0|
    |sparsemux_13_5_32_1_1_U154  |sparsemux_13_5_32_1_1  |        0|   0|  0|  26|    0|
    |sparsemux_7_2_11_1_1_U61    |sparsemux_7_2_11_1_1   |        0|   0|  0|   9|    0|
    |sparsemux_7_2_11_1_1_U62    |sparsemux_7_2_11_1_1   |        0|   0|  0|   9|    0|
    |sparsemux_7_2_11_1_1_U63    |sparsemux_7_2_11_1_1   |        0|   0|  0|   9|    0|
    |sparsemux_7_2_11_1_1_U67    |sparsemux_7_2_11_1_1   |        0|   0|  0|   9|    0|
    |sparsemux_7_2_11_1_1_U68    |sparsemux_7_2_11_1_1   |        0|   0|  0|   9|    0|
    |sparsemux_7_2_11_1_1_U69    |sparsemux_7_2_11_1_1   |        0|   0|  0|   9|    0|
    |sparsemux_7_2_11_1_1_U73    |sparsemux_7_2_11_1_1   |        0|   0|  0|   9|    0|
    |sparsemux_7_2_11_1_1_U74    |sparsemux_7_2_11_1_1   |        0|   0|  0|   9|    0|
    |sparsemux_7_2_11_1_1_U75    |sparsemux_7_2_11_1_1   |        0|   0|  0|   9|    0|
    |sparsemux_7_2_11_1_1_U79    |sparsemux_7_2_11_1_1   |        0|   0|  0|   9|    0|
    |sparsemux_7_2_11_1_1_U80    |sparsemux_7_2_11_1_1   |        0|   0|  0|   9|    0|
    |sparsemux_7_2_11_1_1_U81    |sparsemux_7_2_11_1_1   |        0|   0|  0|   9|    0|
    |sparsemux_7_2_11_1_1_U85    |sparsemux_7_2_11_1_1   |        0|   0|  0|   9|    0|
    |sparsemux_7_2_11_1_1_U86    |sparsemux_7_2_11_1_1   |        0|   0|  0|   9|    0|
    |sparsemux_7_2_11_1_1_U87    |sparsemux_7_2_11_1_1   |        0|   0|  0|   9|    0|
    |sparsemux_7_2_11_1_1_U91    |sparsemux_7_2_11_1_1   |        0|   0|  0|   9|    0|
    |sparsemux_7_2_11_1_1_U92    |sparsemux_7_2_11_1_1   |        0|   0|  0|   9|    0|
    |sparsemux_7_2_11_1_1_U93    |sparsemux_7_2_11_1_1   |        0|   0|  0|   9|    0|
    |sparsemux_7_2_11_1_1_U97    |sparsemux_7_2_11_1_1   |        0|   0|  0|   9|    0|
    |sparsemux_7_2_11_1_1_U98    |sparsemux_7_2_11_1_1   |        0|   0|  0|   9|    0|
    |sparsemux_7_2_11_1_1_U99    |sparsemux_7_2_11_1_1   |        0|   0|  0|   9|    0|
    |sparsemux_7_2_11_1_1_U103   |sparsemux_7_2_11_1_1   |        0|   0|  0|   9|    0|
    |sparsemux_7_2_11_1_1_U104   |sparsemux_7_2_11_1_1   |        0|   0|  0|   9|    0|
    |sparsemux_7_2_11_1_1_U105   |sparsemux_7_2_11_1_1   |        0|   0|  0|   9|    0|
    |sparsemux_7_2_16_1_1_U60    |sparsemux_7_2_16_1_1   |        0|   0|  0|   9|    0|
    |sparsemux_7_2_16_1_1_U66    |sparsemux_7_2_16_1_1   |        0|   0|  0|   9|    0|
    |sparsemux_7_2_16_1_1_U72    |sparsemux_7_2_16_1_1   |        0|   0|  0|   9|    0|
    |sparsemux_7_2_16_1_1_U78    |sparsemux_7_2_16_1_1   |        0|   0|  0|   9|    0|
    |sparsemux_7_2_16_1_1_U84    |sparsemux_7_2_16_1_1   |        0|   0|  0|   9|    0|
    |sparsemux_7_2_16_1_1_U90    |sparsemux_7_2_16_1_1   |        0|   0|  0|   9|    0|
    |sparsemux_7_2_16_1_1_U96    |sparsemux_7_2_16_1_1   |        0|   0|  0|   9|    0|
    |sparsemux_7_2_16_1_1_U102   |sparsemux_7_2_16_1_1   |        0|   0|  0|   9|    0|
    |sparsemux_7_2_24_1_1_U64    |sparsemux_7_2_24_1_1   |        0|   0|  0|   9|    0|
    |sparsemux_7_2_24_1_1_U70    |sparsemux_7_2_24_1_1   |        0|   0|  0|   9|    0|
    |sparsemux_7_2_24_1_1_U76    |sparsemux_7_2_24_1_1   |        0|   0|  0|   9|    0|
    |sparsemux_7_2_24_1_1_U82    |sparsemux_7_2_24_1_1   |        0|   0|  0|   9|    0|
    |sparsemux_7_2_24_1_1_U88    |sparsemux_7_2_24_1_1   |        0|   0|  0|   9|    0|
    |sparsemux_7_2_24_1_1_U94    |sparsemux_7_2_24_1_1   |        0|   0|  0|   9|    0|
    |sparsemux_7_2_24_1_1_U100   |sparsemux_7_2_24_1_1   |        0|   0|  0|   9|    0|
    |sparsemux_7_2_24_1_1_U106   |sparsemux_7_2_24_1_1   |        0|   0|  0|   9|    0|
    |sparsemux_7_2_27_1_1_U109   |sparsemux_7_2_27_1_1   |        0|   0|  0|   9|    0|
    |sparsemux_7_2_27_1_1_U111   |sparsemux_7_2_27_1_1   |        0|   0|  0|   9|    0|
    |sparsemux_7_2_27_1_1_U113   |sparsemux_7_2_27_1_1   |        0|   0|  0|   9|    0|
    |sparsemux_7_2_27_1_1_U115   |sparsemux_7_2_27_1_1   |        0|   0|  0|   9|    0|
    |sparsemux_7_2_27_1_1_U117   |sparsemux_7_2_27_1_1   |        0|   0|  0|   9|    0|
    |sparsemux_7_2_27_1_1_U119   |sparsemux_7_2_27_1_1   |        0|   0|  0|   9|    0|
    |sparsemux_7_2_27_1_1_U121   |sparsemux_7_2_27_1_1   |        0|   0|  0|   9|    0|
    |sparsemux_7_2_27_1_1_U123   |sparsemux_7_2_27_1_1   |        0|   0|  0|   9|    0|
    |sparsemux_7_2_28_1_1_U124   |sparsemux_7_2_28_1_1   |        0|   0|  0|   9|    0|
    |sparsemux_7_2_28_1_1_U126   |sparsemux_7_2_28_1_1   |        0|   0|  0|   9|    0|
    |sparsemux_7_2_28_1_1_U128   |sparsemux_7_2_28_1_1   |        0|   0|  0|   9|    0|
    |sparsemux_7_2_28_1_1_U130   |sparsemux_7_2_28_1_1   |        0|   0|  0|   9|    0|
    |sparsemux_7_2_28_1_1_U132   |sparsemux_7_2_28_1_1   |        0|   0|  0|   9|    0|
    |sparsemux_7_2_28_1_1_U134   |sparsemux_7_2_28_1_1   |        0|   0|  0|   9|    0|
    |sparsemux_7_2_28_1_1_U136   |sparsemux_7_2_28_1_1   |        0|   0|  0|   9|    0|
    |sparsemux_7_2_28_1_1_U138   |sparsemux_7_2_28_1_1   |        0|   0|  0|   9|    0|
    +----------------------------+-----------------------+---------+----+---+----+-----+
    |Total                       |                       |        0|   8|  0|1448|    0|
    +----------------------------+-----------------------+---------+----+---+----+-----+

    * DSP: 
    N/A

    * Memory: 
    N/A

    * FIFO: 
    N/A

    * Expression: 
    +-------------------------------------------------+----------+----+---+-----+------------+------------+
    |                  Variable Name                  | Operation| DSP| FF| LUT | Bitwidth P0| Bitwidth P1|
    +-------------------------------------------------+----------+----+---+-----+------------+------------+
    |add_ln147_10_fu_13784_p2                         |         +|   0|  0|   13|           6|           5|
    |add_ln147_11_fu_13793_p2                         |         +|   0|  0|   16|           7|           7|
    |add_ln147_12_fu_14159_p2                         |         +|   0|  0|   13|           6|           5|
    |add_ln147_13_fu_14168_p2                         |         +|   0|  0|   16|           7|           7|
    |add_ln147_14_fu_14534_p2                         |         +|   0|  0|   13|           6|           5|
    |add_ln147_15_fu_14543_p2                         |         +|   0|  0|   16|           7|           7|
    |add_ln147_1_fu_11918_p2                          |         +|   0|  0|   16|           7|           7|
    |add_ln147_2_fu_12284_p2                          |         +|   0|  0|   13|           6|           5|
    |add_ln147_3_fu_12293_p2                          |         +|   0|  0|   16|           7|           7|
    |add_ln147_4_fu_12659_p2                          |         +|   0|  0|   13|           6|           5|
    |add_ln147_5_fu_12668_p2                          |         +|   0|  0|   16|           7|           7|
    |add_ln147_6_fu_13034_p2                          |         +|   0|  0|   13|           6|           5|
    |add_ln147_7_fu_13043_p2                          |         +|   0|  0|   16|           7|           7|
    |add_ln147_8_fu_13409_p2                          |         +|   0|  0|   13|           6|           5|
    |add_ln147_9_fu_13418_p2                          |         +|   0|  0|   16|           7|           7|
    |add_ln147_fu_11909_p2                            |         +|   0|  0|   13|           6|           5|
    |add_ln149_1_fu_12309_p2                          |         +|   0|  0|   12|           5|           3|
    |add_ln149_2_fu_12684_p2                          |         +|   0|  0|   12|           5|           3|
    |add_ln149_3_fu_13059_p2                          |         +|   0|  0|   12|           5|           3|
    |add_ln149_4_fu_13434_p2                          |         +|   0|  0|   12|           5|           3|
    |add_ln149_5_fu_13809_p2                          |         +|   0|  0|   12|           5|           3|
    |add_ln149_6_fu_14184_p2                          |         +|   0|  0|   12|           5|           3|
    |add_ln149_7_fu_14559_p2                          |         +|   0|  0|   12|           5|           3|
    |add_ln149_fu_11934_p2                            |         +|   0|  0|   12|           5|           3|
    |add_ln228_1_fu_15504_p2                          |         +|   0|  0|   32|          25|           1|
    |add_ln228_2_fu_15905_p2                          |         +|   0|  0|   32|          25|           1|
    |add_ln228_3_fu_16306_p2                          |         +|   0|  0|   32|          25|           1|
    |add_ln228_4_fu_16707_p2                          |         +|   0|  0|   32|          25|           1|
    |add_ln228_5_fu_17108_p2                          |         +|   0|  0|   32|          25|           1|
    |add_ln228_6_fu_17509_p2                          |         +|   0|  0|   32|          25|           1|
    |add_ln228_7_fu_17910_p2                          |         +|   0|  0|   32|          25|           1|
    |add_ln228_fu_15103_p2                            |         +|   0|  0|   32|          25|           1|
    |add_ln251_1_fu_15600_p2                          |         +|   0|  0|   15|           8|           7|
    |add_ln251_2_fu_16001_p2                          |         +|   0|  0|   15|           8|           7|
    |add_ln251_3_fu_16402_p2                          |         +|   0|  0|   15|           8|           7|
    |add_ln251_4_fu_16803_p2                          |         +|   0|  0|   15|           8|           7|
    |add_ln251_5_fu_17204_p2                          |         +|   0|  0|   15|           8|           7|
    |add_ln251_6_fu_17605_p2                          |         +|   0|  0|   15|           8|           7|
    |add_ln251_7_fu_18006_p2                          |         +|   0|  0|   15|           8|           7|
    |add_ln251_fu_15199_p2                            |         +|   0|  0|   15|           8|           7|
    |add_ln287_1_fu_19188_p2                          |         +|   0|  0|   18|          11|           1|
    |add_ln287_2_fu_19854_p2                          |         +|   0|  0|   18|          11|           1|
    |add_ln287_3_fu_20520_p2                          |         +|   0|  0|   18|          11|           1|
    |add_ln287_4_fu_21186_p2                          |         +|   0|  0|   18|          11|           1|
    |add_ln287_5_fu_21852_p2                          |         +|   0|  0|   18|          11|           1|
    |add_ln287_6_fu_22518_p2                          |         +|   0|  0|   18|          11|           1|
    |add_ln287_7_fu_23184_p2                          |         +|   0|  0|   18|          11|           1|
    |add_ln287_fu_18522_p2                            |         +|   0|  0|   18|          11|           1|
    |add_ln381_1_fu_18776_p2                          |         +|   0|  0|   25|          18|           2|
    |add_ln381_2_fu_19442_p2                          |         +|   0|  0|   25|          18|           2|
    |add_ln381_3_fu_20108_p2                          |         +|   0|  0|   25|          18|           2|
    |add_ln381_4_fu_20774_p2                          |         +|   0|  0|   25|          18|           2|
    |add_ln381_5_fu_21440_p2                          |         +|   0|  0|   25|          18|           2|
    |add_ln381_6_fu_22106_p2                          |         +|   0|  0|   25|          18|           2|
    |add_ln381_7_fu_22772_p2                          |         +|   0|  0|   25|          18|           2|
    |add_ln381_fu_18110_p2                            |         +|   0|  0|   25|          18|           2|
    |add_ln411_1_fu_18911_p2                          |         +|   0|  0|   31|          24|           1|
    |add_ln411_2_fu_19577_p2                          |         +|   0|  0|   31|          24|           1|
    |add_ln411_3_fu_20243_p2                          |         +|   0|  0|   31|          24|           1|
    |add_ln411_4_fu_20909_p2                          |         +|   0|  0|   31|          24|           1|
    |add_ln411_5_fu_21575_p2                          |         +|   0|  0|   31|          24|           1|
    |add_ln411_6_fu_22241_p2                          |         +|   0|  0|   31|          24|           1|
    |add_ln411_7_fu_22907_p2                          |         +|   0|  0|   31|          24|           1|
    |add_ln411_fu_18245_p2                            |         +|   0|  0|   31|          24|           1|
    |binary_scale_10_fu_3284_p2                       |         +|   0|  0|   13|           6|           6|
    |binary_scale_12_fu_5768_p2                       |         +|   0|  0|   13|           6|           6|
    |binary_scale_14_fu_8252_p2                       |         +|   0|  0|   13|           6|           6|
    |binary_scale_16_fu_10736_p2                      |         +|   0|  0|   13|           6|           6|
    |binary_scale_18_fu_9494_p2                       |         +|   0|  0|   13|           6|           6|
    |binary_scale_20_fu_7010_p2                       |         +|   0|  0|   13|           6|           6|
    |binary_scale_22_fu_4526_p2                       |         +|   0|  0|   13|           6|           6|
    |binary_scale_fu_2036_p2                          |         +|   0|  0|   13|           6|           6|
    |c_top_1_fu_12341_p2                              |         +|   0|  0|   16|           9|           9|
    |c_top_2_fu_12716_p2                              |         +|   0|  0|   16|           9|           9|
    |c_top_3_fu_13091_p2                              |         +|   0|  0|   16|           9|           9|
    |c_top_4_fu_13466_p2                              |         +|   0|  0|   16|           9|           9|
    |c_top_5_fu_13841_p2                              |         +|   0|  0|   16|           9|           9|
    |c_top_6_fu_14216_p2                              |         +|   0|  0|   16|           9|           9|
    |c_top_7_fu_14591_p2                              |         +|   0|  0|   16|           9|           9|
    |c_top_fu_11966_p2                                |         +|   0|  0|   16|           9|           9|
    |exponent_11_fu_15558_p2                          |         +|   0|  0|   16|           9|           1|
    |exponent_13_fu_19114_p2                          |         +|   0|  0|   15|           8|           8|
    |exponent_18_fu_15959_p2                          |         +|   0|  0|   16|           9|           1|
    |exponent_20_fu_19780_p2                          |         +|   0|  0|   15|           8|           8|
    |exponent_25_fu_16360_p2                          |         +|   0|  0|   16|           9|           1|
    |exponent_27_fu_20446_p2                          |         +|   0|  0|   15|           8|           8|
    |exponent_32_fu_16761_p2                          |         +|   0|  0|   16|           9|           1|
    |exponent_34_fu_21112_p2                          |         +|   0|  0|   15|           8|           8|
    |exponent_39_fu_17162_p2                          |         +|   0|  0|   16|           9|           1|
    |exponent_41_fu_21778_p2                          |         +|   0|  0|   15|           8|           8|
    |exponent_46_fu_17563_p2                          |         +|   0|  0|   16|           9|           1|
    |exponent_48_fu_22444_p2                          |         +|   0|  0|   15|           8|           8|
    |exponent_4_fu_15157_p2                           |         +|   0|  0|   16|           9|           1|
    |exponent_53_fu_17964_p2                          |         +|   0|  0|   16|           9|           1|
    |exponent_55_fu_23110_p2                          |         +|   0|  0|   15|           8|           8|
    |exponent_6_fu_18448_p2                           |         +|   0|  0|   15|           8|           8|
    |half_exponent_1_fu_19256_p2                      |         +|   0|  0|   16|           9|           9|
    |half_exponent_2_fu_19922_p2                      |         +|   0|  0|   16|           9|           9|
    |half_exponent_3_fu_20588_p2                      |         +|   0|  0|   16|           9|           9|
    |half_exponent_4_fu_21254_p2                      |         +|   0|  0|   16|           9|           9|
    |half_exponent_5_fu_21920_p2                      |         +|   0|  0|   16|           9|           9|
    |half_exponent_6_fu_22586_p2                      |         +|   0|  0|   16|           9|           9|
    |half_exponent_7_fu_23252_p2                      |         +|   0|  0|   16|           9|           9|
    |half_exponent_fu_18590_p2                        |         +|   0|  0|   16|           9|           9|
    |magnitude_11_fu_15743_p2                         |         +|   0|  0|   35|          28|          28|
    |magnitude_15_fu_16144_p2                         |         +|   0|  0|   35|          28|          28|
    |magnitude_19_fu_16545_p2                         |         +|   0|  0|   35|          28|          28|
    |magnitude_23_fu_16946_p2                         |         +|   0|  0|   35|          28|          28|
    |magnitude_27_fu_17347_p2                         |         +|   0|  0|   35|          28|          28|
    |magnitude_31_fu_17748_p2                         |         +|   0|  0|   35|          28|          28|
    |magnitude_3_fu_14941_p2                          |         +|   0|  0|   35|          28|          28|
    |magnitude_7_fu_15342_p2                          |         +|   0|  0|   35|          28|          28|
    |mask_1_fu_3386_p2                                |         +|   0|  0|   17|          10|           2|
    |mask_2_fu_4628_p2                                |         +|   0|  0|   17|          10|           2|
    |mask_3_fu_5870_p2                                |         +|   0|  0|   17|          10|           2|
    |mask_4_fu_7112_p2                                |         +|   0|  0|   17|          10|           2|
    |mask_5_fu_8354_p2                                |         +|   0|  0|   17|          10|           2|
    |mask_6_fu_9596_p2                                |         +|   0|  0|   17|          10|           2|
    |mask_7_fu_10838_p2                               |         +|   0|  0|   17|          10|           2|
    |mask_fu_2138_p2                                  |         +|   0|  0|   17|          10|           2|
    |new_exponent_1_fu_15642_p2                       |         +|   0|  0|   25|          18|          18|
    |new_exponent_2_fu_16043_p2                       |         +|   0|  0|   25|          18|          18|
    |new_exponent_3_fu_16444_p2                       |         +|   0|  0|   25|          18|          18|
    |new_exponent_4_fu_16845_p2                       |         +|   0|  0|   25|          18|          18|
    |new_exponent_5_fu_17246_p2                       |         +|   0|  0|   25|          18|          18|
    |new_exponent_6_fu_17647_p2                       |         +|   0|  0|   25|          18|          18|
    |new_exponent_7_fu_18048_p2                       |         +|   0|  0|   25|          18|          18|
    |new_exponent_fu_15241_p2                         |         +|   0|  0|   25|          18|          18|
    |operand_b_lsb_exponent_15_fu_2656_p2             |         +|   0|  0|   13|           6|           6|
    |operand_b_lsb_exponent_16_fu_3898_p2             |         +|   0|  0|   13|           6|           6|
    |operand_b_lsb_exponent_17_fu_6382_p2             |         +|   0|  0|   13|           6|           6|
    |operand_b_lsb_exponent_18_fu_8866_p2             |         +|   0|  0|   13|           6|           6|
    |operand_b_lsb_exponent_19_fu_11350_p2            |         +|   0|  0|   13|           6|           6|
    |operand_b_lsb_exponent_20_fu_10108_p2            |         +|   0|  0|   13|           6|           6|
    |operand_b_lsb_exponent_21_fu_7624_p2             |         +|   0|  0|   13|           6|           6|
    |operand_b_lsb_exponent_fu_5140_p2                |         +|   0|  0|   13|           6|           6|
    |operand_c_lsb_exponent_15_fu_2848_p2             |         +|   0|  0|   16|           9|           9|
    |operand_c_lsb_exponent_16_fu_4090_p2             |         +|   0|  0|   16|           9|           9|
    |operand_c_lsb_exponent_17_fu_6574_p2             |         +|   0|  0|   16|           9|           9|
    |operand_c_lsb_exponent_18_fu_9058_p2             |         +|   0|  0|   16|           9|           9|
    |operand_c_lsb_exponent_19_fu_11542_p2            |         +|   0|  0|   16|           9|           9|
    |operand_c_lsb_exponent_20_fu_10300_p2            |         +|   0|  0|   16|           9|           9|
    |operand_c_lsb_exponent_21_fu_7816_p2             |         +|   0|  0|   16|           9|           9|
    |operand_c_lsb_exponent_fu_5332_p2                |         +|   0|  0|   16|           9|           9|
    |piece_shift_1_fu_3480_p2                         |         +|   0|  0|   13|           6|           2|
    |piece_shift_2_fu_4722_p2                         |         +|   0|  0|   13|           6|           2|
    |piece_shift_3_fu_5964_p2                         |         +|   0|  0|   13|           6|           2|
    |piece_shift_4_fu_7206_p2                         |         +|   0|  0|   13|           6|           2|
    |piece_shift_5_fu_8448_p2                         |         +|   0|  0|   13|           6|           2|
    |piece_shift_6_fu_9690_p2                         |         +|   0|  0|   13|           6|           2|
    |piece_shift_7_fu_10932_p2                        |         +|   0|  0|   13|           6|           2|
    |piece_shift_fu_2232_p2                           |         +|   0|  0|   13|           6|           2|
    |result_top_exponent_10_fu_17023_p2               |         +|   0|  0|   16|           9|           1|
    |result_top_exponent_12_fu_17424_p2               |         +|   0|  0|   16|           9|           1|
    |result_top_exponent_14_fu_17825_p2               |         +|   0|  0|   16|           9|           1|
    |result_top_exponent_2_fu_15419_p2                |         +|   0|  0|   16|           9|           1|
    |result_top_exponent_4_fu_15820_p2                |         +|   0|  0|   16|           9|           1|
    |result_top_exponent_6_fu_16221_p2                |         +|   0|  0|   16|           9|           1|
    |result_top_exponent_8_fu_16622_p2                |         +|   0|  0|   16|           9|           1|
    |result_top_exponent_fu_15018_p2                  |         +|   0|  0|   16|           9|           1|
    |magnitude_11_fu_15743_p4                         |         -|   0|  0|   35|          28|          28|
    |magnitude_11_fu_15743_p6                         |         -|   0|  0|   35|          28|          28|
    |magnitude_15_fu_16144_p4                         |         -|   0|  0|   35|          28|          28|
    |magnitude_15_fu_16144_p6                         |         -|   0|  0|   35|          28|          28|
    |magnitude_19_fu_16545_p4                         |         -|   0|  0|   35|          28|          28|
    |magnitude_19_fu_16545_p6                         |         -|   0|  0|   35|          28|          28|
    |magnitude_23_fu_16946_p4                         |         -|   0|  0|   35|          28|          28|
    |magnitude_23_fu_16946_p6                         |         -|   0|  0|   35|          28|          28|
    |magnitude_27_fu_17347_p4                         |         -|   0|  0|   35|          28|          28|
    |magnitude_27_fu_17347_p6                         |         -|   0|  0|   35|          28|          28|
    |magnitude_31_fu_17748_p4                         |         -|   0|  0|   35|          28|          28|
    |magnitude_31_fu_17748_p6                         |         -|   0|  0|   35|          28|          28|
    |magnitude_3_fu_14941_p4                          |         -|   0|  0|   35|          28|          28|
    |magnitude_3_fu_14941_p6                          |         -|   0|  0|   35|          28|          28|
    |magnitude_7_fu_15342_p4                          |         -|   0|  0|   35|          28|          28|
    |magnitude_7_fu_15342_p6                          |         -|   0|  0|   35|          28|          28|
    |product_top_1_fu_12299_p2                        |         -|   0|  0|   16|           7|           7|
    |product_top_2_fu_12674_p2                        |         -|   0|  0|   16|           7|           7|
    |product_top_3_fu_13049_p2                        |         -|   0|  0|   16|           7|           7|
    |product_top_4_fu_13424_p2                        |         -|   0|  0|   16|           7|           7|
    |product_top_5_fu_13799_p2                        |         -|   0|  0|   16|           7|           7|
    |product_top_6_fu_14174_p2                        |         -|   0|  0|   16|           7|           7|
    |product_top_7_fu_14549_p2                        |         -|   0|  0|   16|           7|           7|
    |product_top_fu_11924_p2                          |         -|   0|  0|   16|           7|           7|
    |result_top_exponent_11_fu_17010_p2               |         -|   0|  0|   16|           9|           9|
    |result_top_exponent_13_fu_17411_p2               |         -|   0|  0|   16|           9|           9|
    |result_top_exponent_15_fu_17812_p2               |         -|   0|  0|   16|           9|           9|
    |result_top_exponent_1_fu_15005_p2                |         -|   0|  0|   16|           9|           9|
    |result_top_exponent_3_fu_15406_p2                |         -|   0|  0|   16|           9|           9|
    |result_top_exponent_5_fu_15807_p2                |         -|   0|  0|   16|           9|           9|
    |result_top_exponent_7_fu_16208_p2                |         -|   0|  0|   16|           9|           9|
    |result_top_exponent_9_fu_16609_p2                |         -|   0|  0|   16|           9|           9|
    |right_shift_10_fu_8310_p2                        |         -|   0|  0|   12|           1|           5|
    |right_shift_11_fu_21477_p2                       |         -|   0|  0|   24|           1|          17|
    |right_shift_12_fu_9552_p2                        |         -|   0|  0|   12|           1|           5|
    |right_shift_13_fu_22143_p2                       |         -|   0|  0|   24|           1|          17|
    |right_shift_14_fu_10794_p2                       |         -|   0|  0|   12|           1|           5|
    |right_shift_15_fu_22809_p2                       |         -|   0|  0|   24|           1|          17|
    |right_shift_1_fu_18147_p2                        |         -|   0|  0|   24|           1|          17|
    |right_shift_2_fu_3342_p2                         |         -|   0|  0|   12|           1|           5|
    |right_shift_3_fu_18813_p2                        |         -|   0|  0|   24|           1|          17|
    |right_shift_4_fu_4584_p2                         |         -|   0|  0|   12|           1|           5|
    |right_shift_5_fu_19479_p2                        |         -|   0|  0|   24|           1|          17|
    |right_shift_6_fu_5826_p2                         |         -|   0|  0|   12|           1|           5|
    |right_shift_7_fu_20145_p2                        |         -|   0|  0|   24|           1|          17|
    |right_shift_8_fu_7068_p2                         |         -|   0|  0|   12|           1|           5|
    |right_shift_9_fu_20811_p2                        |         -|   0|  0|   24|           1|          17|
    |right_shift_fu_2094_p2                           |         -|   0|  0|   12|           1|           5|
    |sub_ln164_1_fu_12368_p2                          |         -|   0|  0|   12|           4|           5|
    |sub_ln164_2_fu_12743_p2                          |         -|   0|  0|   12|           4|           5|
    |sub_ln164_3_fu_13118_p2                          |         -|   0|  0|   12|           4|           5|
    |sub_ln164_4_fu_13493_p2                          |         -|   0|  0|   12|           4|           5|
    |sub_ln164_5_fu_13868_p2                          |         -|   0|  0|   12|           4|           5|
    |sub_ln164_6_fu_14243_p2                          |         -|   0|  0|   12|           4|           5|
    |sub_ln164_7_fu_14618_p2                          |         -|   0|  0|   12|           4|           5|
    |sub_ln164_fu_11993_p2                            |         -|   0|  0|   12|           4|           5|
    |sub_ln166_1_fu_12391_p2                          |         -|   0|  0|   16|           9|           9|
    |sub_ln166_2_fu_12766_p2                          |         -|   0|  0|   16|           9|           9|
    |sub_ln166_3_fu_13141_p2                          |         -|   0|  0|   16|           9|           9|
    |sub_ln166_4_fu_13516_p2                          |         -|   0|  0|   16|           9|           9|
    |sub_ln166_5_fu_13891_p2                          |         -|   0|  0|   16|           9|           9|
    |sub_ln166_6_fu_14266_p2                          |         -|   0|  0|   16|           9|           9|
    |sub_ln166_7_fu_14641_p2                          |         -|   0|  0|   16|           9|           9|
    |sub_ln166_fu_12016_p2                            |         -|   0|  0|   16|           9|           9|
    |sub_ln168_1_fu_12483_p2                          |         -|   0|  0|   17|          10|          10|
    |sub_ln168_2_fu_12858_p2                          |         -|   0|  0|   17|          10|          10|
    |sub_ln168_3_fu_13233_p2                          |         -|   0|  0|   17|          10|          10|
    |sub_ln168_4_fu_13608_p2                          |         -|   0|  0|   17|          10|          10|
    |sub_ln168_5_fu_13983_p2                          |         -|   0|  0|   17|          10|          10|
    |sub_ln168_6_fu_14358_p2                          |         -|   0|  0|   17|          10|          10|
    |sub_ln168_7_fu_14733_p2                          |         -|   0|  0|   17|          10|          10|
    |sub_ln168_fu_12108_p2                            |         -|   0|  0|   17|          10|          10|
    |sub_ln342_1_fu_3460_p2                           |         -|   0|  0|   24|           1|          17|
    |sub_ln342_2_fu_4702_p2                           |         -|   0|  0|   24|           1|          17|
    |sub_ln342_3_fu_5944_p2                           |         -|   0|  0|   24|           1|          17|
    |sub_ln342_4_fu_7186_p2                           |         -|   0|  0|   24|           1|          17|
    |sub_ln342_5_fu_8428_p2                           |         -|   0|  0|   24|           1|          17|
    |sub_ln342_6_fu_9670_p2                           |         -|   0|  0|   24|           1|          17|
    |sub_ln342_7_fu_10912_p2                          |         -|   0|  0|   24|           1|          17|
    |sub_ln342_fu_2212_p2                             |         -|   0|  0|   24|           1|          17|
    |sub_ln353_10_fu_8484_p2                          |         -|   0|  0|   13|           3|           6|
    |sub_ln353_11_fu_8508_p2                          |         -|   0|  0|   13|           1|           6|
    |sub_ln353_12_fu_9726_p2                          |         -|   0|  0|   13|           3|           6|
    |sub_ln353_13_fu_9750_p2                          |         -|   0|  0|   13|           1|           6|
    |sub_ln353_14_fu_10968_p2                         |         -|   0|  0|   13|           3|           6|
    |sub_ln353_15_fu_10992_p2                         |         -|   0|  0|   13|           1|           6|
    |sub_ln353_1_fu_2292_p2                           |         -|   0|  0|   13|           1|           6|
    |sub_ln353_2_fu_3516_p2                           |         -|   0|  0|   13|           3|           6|
    |sub_ln353_3_fu_3540_p2                           |         -|   0|  0|   13|           1|           6|
    |sub_ln353_4_fu_4758_p2                           |         -|   0|  0|   13|           3|           6|
    |sub_ln353_5_fu_4782_p2                           |         -|   0|  0|   13|           1|           6|
    |sub_ln353_6_fu_6000_p2                           |         -|   0|  0|   13|           3|           6|
    |sub_ln353_7_fu_6024_p2                           |         -|   0|  0|   13|           1|           6|
    |sub_ln353_8_fu_7242_p2                           |         -|   0|  0|   13|           3|           6|
    |sub_ln353_9_fu_7266_p2                           |         -|   0|  0|   13|           1|           6|
    |sub_ln353_fu_2268_p2                             |         -|   0|  0|   13|           3|           6|
    |bits_104_fu_7708_p4                              |      1003|   0|  0|    2|          32|           8|
    |bits_128_fu_8950_p4                              |      1003|   0|  0|    2|          32|           8|
    |bits_158_fu_10192_p4                             |      1003|   0|  0|    2|          32|           8|
    |bits_186_fu_11434_p4                             |      1003|   0|  0|    2|          32|           8|
    |bits_206_fu_18370_p12                            |      1003|   0|  0|    2|          32|          31|
    |bits_206_fu_18370_p4                             |      1003|   0|  0|    2|          32|           8|
    |bits_208_fu_19702_p12                            |      1003|   0|  0|    2|          32|          31|
    |bits_208_fu_19702_p4                             |      1003|   0|  0|    2|          32|           8|
    |bits_211_fu_22366_p12                            |      1003|   0|  0|    2|          32|          31|
    |bits_211_fu_22366_p4                             |      1003|   0|  0|    2|          32|           8|
    |bits_213_fu_23032_p12                            |      1003|   0|  0|    2|          32|          31|
    |bits_213_fu_23032_p4                             |      1003|   0|  0|    2|          32|           8|
    |bits_215_fu_21700_p12                            |      1003|   0|  0|    2|          32|          31|
    |bits_215_fu_21700_p4                             |      1003|   0|  0|    2|          32|           8|
    |bits_217_fu_20368_p12                            |      1003|   0|  0|    2|          32|          31|
    |bits_217_fu_20368_p4                             |      1003|   0|  0|    2|          32|           8|
    |bits_219_fu_19036_p12                            |      1003|   0|  0|    2|          32|          31|
    |bits_219_fu_19036_p4                             |      1003|   0|  0|    2|          32|           8|
    |bits_25_fu_3982_p4                               |      1003|   0|  0|    2|          32|           8|
    |bits_2_fu_2740_p4                                |      1003|   0|  0|    2|          32|           8|
    |bits_47_fu_5224_p4                               |      1003|   0|  0|    2|          32|           8|
    |bits_71_fu_6466_p4                               |      1003|   0|  0|    2|          32|           8|
    |bits_fu_21034_p12                                |      1003|   0|  0|    2|          32|          31|
    |bits_fu_21034_p4                                 |      1003|   0|  0|    2|          32|           8|
    |and_ln107_1_fu_12581_p2                          |       and|   0|  0|    2|           1|           1|
    |and_ln107_2_fu_12956_p2                          |       and|   0|  0|    2|           1|           1|
    |and_ln107_3_fu_13331_p2                          |       and|   0|  0|    2|           1|           1|
    |and_ln107_4_fu_13706_p2                          |       and|   0|  0|    2|           1|           1|
    |and_ln107_5_fu_14081_p2                          |       and|   0|  0|    2|           1|           1|
    |and_ln107_6_fu_14456_p2                          |       and|   0|  0|    2|           1|           1|
    |and_ln107_7_fu_14831_p2                          |       and|   0|  0|    2|           1|           1|
    |and_ln107_fu_12206_p2                            |       and|   0|  0|    2|           1|           1|
    |and_ln174_1_fu_15329_p2                          |       and|   0|  0|    2|           1|           1|
    |and_ln174_2_fu_15730_p2                          |       and|   0|  0|    2|           1|           1|
    |and_ln174_3_fu_16131_p2                          |       and|   0|  0|    2|           1|           1|
    |and_ln174_4_fu_16532_p2                          |       and|   0|  0|    2|           1|           1|
    |and_ln174_5_fu_16933_p2                          |       and|   0|  0|    2|           1|           1|
    |and_ln174_6_fu_17334_p2                          |       and|   0|  0|    2|           1|           1|
    |and_ln174_7_fu_17735_p2                          |       and|   0|  0|    2|           1|           1|
    |and_ln174_fu_14928_p2                            |       and|   0|  0|    2|           1|           1|
    |and_ln226_1_fu_15522_p2                          |       and|   0|  0|    2|           1|           1|
    |and_ln226_2_fu_15923_p2                          |       and|   0|  0|    2|           1|           1|
    |and_ln226_3_fu_16324_p2                          |       and|   0|  0|    2|           1|           1|
    |and_ln226_4_fu_16725_p2                          |       and|   0|  0|    2|           1|           1|
    |and_ln226_5_fu_17126_p2                          |       and|   0|  0|    2|           1|           1|
    |and_ln226_6_fu_17527_p2                          |       and|   0|  0|    2|           1|           1|
    |and_ln226_7_fu_17928_p2                          |       and|   0|  0|    2|           1|           1|
    |and_ln226_fu_15121_p2                            |       and|   0|  0|    2|           1|           1|
    |and_ln264_1_fu_19318_p2                          |       and|   0|  0|    2|           1|           1|
    |and_ln264_2_fu_19984_p2                          |       and|   0|  0|    2|           1|           1|
    |and_ln264_3_fu_20650_p2                          |       and|   0|  0|    2|           1|           1|
    |and_ln264_4_fu_21316_p2                          |       and|   0|  0|    2|           1|           1|
    |and_ln264_5_fu_21982_p2                          |       and|   0|  0|    2|           1|           1|
    |and_ln264_6_fu_22648_p2                          |       and|   0|  0|    2|           1|           1|
    |and_ln264_7_fu_23314_p2                          |       and|   0|  0|    2|           1|           1|
    |and_ln264_fu_18652_p2                            |       and|   0|  0|    2|           1|           1|
    |and_ln266_10_fu_21952_p2                         |       and|   0|  0|    2|           1|           1|
    |and_ln266_11_fu_21964_p2                         |       and|   0|  0|    2|           1|           1|
    |and_ln266_12_fu_22618_p2                         |       and|   0|  0|    2|           1|           1|
    |and_ln266_13_fu_22630_p2                         |       and|   0|  0|    2|           1|           1|
    |and_ln266_14_fu_23284_p2                         |       and|   0|  0|    2|           1|           1|
    |and_ln266_15_fu_23296_p2                         |       and|   0|  0|    2|           1|           1|
    |and_ln266_1_fu_18634_p2                          |       and|   0|  0|    2|           1|           1|
    |and_ln266_2_fu_19288_p2                          |       and|   0|  0|    2|           1|           1|
    |and_ln266_3_fu_19300_p2                          |       and|   0|  0|    2|           1|           1|
    |and_ln266_4_fu_19954_p2                          |       and|   0|  0|    2|           1|           1|
    |and_ln266_5_fu_19966_p2                          |       and|   0|  0|    2|           1|           1|
    |and_ln266_6_fu_20620_p2                          |       and|   0|  0|    2|           1|           1|
    |and_ln266_7_fu_20632_p2                          |       and|   0|  0|    2|           1|           1|
    |and_ln266_8_fu_21286_p2                          |       and|   0|  0|    2|           1|           1|
    |and_ln266_9_fu_21298_p2                          |       and|   0|  0|    2|           1|           1|
    |and_ln266_fu_18622_p2                            |       and|   0|  0|    2|           1|           1|
    |and_ln276_1_fu_19324_p2                          |       and|   0|  0|    2|           1|           1|
    |and_ln276_2_fu_19990_p2                          |       and|   0|  0|    2|           1|           1|
    |and_ln276_3_fu_20656_p2                          |       and|   0|  0|    2|           1|           1|
    |and_ln276_4_fu_21322_p2                          |       and|   0|  0|    2|           1|           1|
    |and_ln276_5_fu_21988_p2                          |       and|   0|  0|    2|           1|           1|
    |and_ln276_6_fu_22654_p2                          |       and|   0|  0|    2|           1|           1|
    |and_ln276_7_fu_23320_p2                          |       and|   0|  0|    2|           1|           1|
    |and_ln276_fu_18658_p2                            |       and|   0|  0|    2|           1|           1|
    |and_ln281_10_fu_22012_p2                         |       and|   0|  0|    2|           1|           1|
    |and_ln281_11_fu_22018_p2                         |       and|   0|  0|    2|           1|           1|
    |and_ln281_12_fu_22678_p2                         |       and|   0|  0|    2|           1|           1|
    |and_ln281_13_fu_22684_p2                         |       and|   0|  0|    2|           1|           1|
    |and_ln281_14_fu_23344_p2                         |       and|   0|  0|    2|           1|           1|
    |and_ln281_15_fu_23350_p2                         |       and|   0|  0|    2|           1|           1|
    |and_ln281_1_fu_18688_p2                          |       and|   0|  0|    2|           1|           1|
    |and_ln281_2_fu_19348_p2                          |       and|   0|  0|    2|           1|           1|
    |and_ln281_3_fu_19354_p2                          |       and|   0|  0|    2|           1|           1|
    |and_ln281_4_fu_20014_p2                          |       and|   0|  0|    2|           1|           1|
    |and_ln281_5_fu_20020_p2                          |       and|   0|  0|    2|           1|           1|
    |and_ln281_6_fu_20680_p2                          |       and|   0|  0|    2|           1|           1|
    |and_ln281_7_fu_20686_p2                          |       and|   0|  0|    2|           1|           1|
    |and_ln281_8_fu_21346_p2                          |       and|   0|  0|    2|           1|           1|
    |and_ln281_9_fu_21352_p2                          |       and|   0|  0|    2|           1|           1|
    |and_ln281_fu_18682_p2                            |       and|   0|  0|    2|           1|           1|
    |and_ln285_1_fu_19208_p2                          |       and|   0|  0|    2|           1|           1|
    |and_ln285_2_fu_19874_p2                          |       and|   0|  0|    2|           1|           1|
    |and_ln285_3_fu_20540_p2                          |       and|   0|  0|    2|           1|           1|
    |and_ln285_4_fu_21206_p2                          |       and|   0|  0|    2|           1|           1|
    |and_ln285_5_fu_21872_p2                          |       and|   0|  0|    2|           1|           1|
    |and_ln285_6_fu_22538_p2                          |       and|   0|  0|    2|           1|           1|
    |and_ln285_7_fu_23204_p2                          |       and|   0|  0|    2|           1|           1|
    |and_ln285_fu_18542_p2                            |       and|   0|  0|    2|           1|           1|
    |and_ln295_10_fu_20704_p2                         |       and|   0|  0|    2|           1|           1|
    |and_ln295_11_fu_20710_p2                         |       and|   0|  0|    2|           1|           1|
    |and_ln295_12_fu_21364_p2                         |       and|   0|  0|    2|           1|           1|
    |and_ln295_13_fu_21370_p2                         |       and|   0|  0|    2|           1|           1|
    |and_ln295_14_fu_21376_p2                         |       and|   0|  0|    2|           1|           1|
    |and_ln295_15_fu_22030_p2                         |       and|   0|  0|    2|           1|           1|
    |and_ln295_16_fu_22036_p2                         |       and|   0|  0|    2|           1|           1|
    |and_ln295_17_fu_22042_p2                         |       and|   0|  0|    2|           1|           1|
    |and_ln295_18_fu_22696_p2                         |       and|   0|  0|    2|           1|           1|
    |and_ln295_19_fu_22702_p2                         |       and|   0|  0|    2|           1|           1|
    |and_ln295_1_fu_18706_p2                          |       and|   0|  0|    2|           1|           1|
    |and_ln295_20_fu_22708_p2                         |       and|   0|  0|    2|           1|           1|
    |and_ln295_21_fu_23362_p2                         |       and|   0|  0|    2|           1|           1|
    |and_ln295_22_fu_23368_p2                         |       and|   0|  0|    2|           1|           1|
    |and_ln295_23_fu_23374_p2                         |       and|   0|  0|    2|           1|           1|
    |and_ln295_2_fu_18712_p2                          |       and|   0|  0|    2|           1|           1|
    |and_ln295_3_fu_19366_p2                          |       and|   0|  0|    2|           1|           1|
    |and_ln295_4_fu_19372_p2                          |       and|   0|  0|    2|           1|           1|
    |and_ln295_5_fu_19378_p2                          |       and|   0|  0|    2|           1|           1|
    |and_ln295_6_fu_20032_p2                          |       and|   0|  0|    2|           1|           1|
    |and_ln295_7_fu_20038_p2                          |       and|   0|  0|    2|           1|           1|
    |and_ln295_8_fu_20044_p2                          |       and|   0|  0|    2|           1|           1|
    |and_ln295_9_fu_20698_p2                          |       and|   0|  0|    2|           1|           1|
    |and_ln295_fu_18700_p2                            |       and|   0|  0|    2|           1|           1|
    |and_ln332_1_fu_3402_p2                           |       and|   0|  0|    2|           1|           1|
    |and_ln332_2_fu_4644_p2                           |       and|   0|  0|    2|           1|           1|
    |and_ln332_3_fu_5886_p2                           |       and|   0|  0|    2|           1|           1|
    |and_ln332_4_fu_7128_p2                           |       and|   0|  0|    2|           1|           1|
    |and_ln332_5_fu_8370_p2                           |       and|   0|  0|    2|           1|           1|
    |and_ln332_6_fu_9612_p2                           |       and|   0|  0|    2|           1|           1|
    |and_ln332_7_fu_10854_p2                          |       and|   0|  0|    2|           1|           1|
    |and_ln332_fu_2154_p2                             |       and|   0|  0|    2|           1|           1|
    |and_ln376_1_fu_15686_p2                          |       and|   0|  0|    2|           1|           1|
    |and_ln376_2_fu_16087_p2                          |       and|   0|  0|    2|           1|           1|
    |and_ln376_3_fu_16488_p2                          |       and|   0|  0|    2|           1|           1|
    |and_ln376_4_fu_16889_p2                          |       and|   0|  0|    2|           1|           1|
    |and_ln376_5_fu_17290_p2                          |       and|   0|  0|    2|           1|           1|
    |and_ln376_6_fu_17691_p2                          |       and|   0|  0|    2|           1|           1|
    |and_ln376_7_fu_18092_p2                          |       and|   0|  0|    2|           1|           1|
    |and_ln376_fu_15285_p2                            |       and|   0|  0|    2|           1|           1|
    |and_ln381_10_fu_21629_p2                         |       and|   0|  0|    2|           1|           1|
    |and_ln381_11_fu_21640_p2                         |       and|   0|  0|    2|           1|           1|
    |and_ln381_12_fu_22295_p2                         |       and|   0|  0|    2|           1|           1|
    |and_ln381_13_fu_22306_p2                         |       and|   0|  0|    2|           1|           1|
    |and_ln381_14_fu_22961_p2                         |       and|   0|  0|    2|           1|           1|
    |and_ln381_15_fu_22972_p2                         |       and|   0|  0|    2|           1|           1|
    |and_ln381_1_fu_18310_p2                          |       and|   0|  0|    2|           1|           1|
    |and_ln381_2_fu_18965_p2                          |       and|   0|  0|    2|           1|           1|
    |and_ln381_3_fu_18976_p2                          |       and|   0|  0|    2|           1|           1|
    |and_ln381_4_fu_19631_p2                          |       and|   0|  0|    2|           1|           1|
    |and_ln381_5_fu_19642_p2                          |       and|   0|  0|    2|           1|           1|
    |and_ln381_6_fu_20297_p2                          |       and|   0|  0|    2|           1|           1|
    |and_ln381_7_fu_20308_p2                          |       and|   0|  0|    2|           1|           1|
    |and_ln381_8_fu_20963_p2                          |       and|   0|  0|    2|           1|           1|
    |and_ln381_9_fu_20974_p2                          |       and|   0|  0|    2|           1|           1|
    |and_ln381_fu_18299_p2                            |       and|   0|  0|    2|           1|           1|
    |and_ln385_10_fu_21645_p2                         |       and|   0|  0|    2|           1|           1|
    |and_ln385_11_fu_21657_p2                         |       and|   0|  0|    2|           1|           1|
    |and_ln385_12_fu_22311_p2                         |       and|   0|  0|    2|           1|           1|
    |and_ln385_13_fu_22323_p2                         |       and|   0|  0|    2|           1|           1|
    |and_ln385_14_fu_22977_p2                         |       and|   0|  0|    2|           1|           1|
    |and_ln385_15_fu_22989_p2                         |       and|   0|  0|    2|           1|           1|
    |and_ln385_1_fu_18327_p2                          |       and|   0|  0|    2|           1|           1|
    |and_ln385_2_fu_18981_p2                          |       and|   0|  0|    2|           1|           1|
    |and_ln385_3_fu_18993_p2                          |       and|   0|  0|    2|           1|           1|
    |and_ln385_4_fu_19647_p2                          |       and|   0|  0|    2|           1|           1|
    |and_ln385_5_fu_19659_p2                          |       and|   0|  0|    2|           1|           1|
    |and_ln385_6_fu_20313_p2                          |       and|   0|  0|    2|           1|           1|
    |and_ln385_7_fu_20325_p2                          |       and|   0|  0|    2|           1|           1|
    |and_ln385_8_fu_20979_p2                          |       and|   0|  0|    2|           1|           1|
    |and_ln385_9_fu_20991_p2                          |       and|   0|  0|    2|           1|           1|
    |and_ln385_fu_18315_p2                            |       and|   0|  0|    2|           1|           1|
    |and_ln395_1_fu_18999_p2                          |       and|   0|  0|    2|           1|           1|
    |and_ln395_2_fu_19665_p2                          |       and|   0|  0|    2|           1|           1|
    |and_ln395_3_fu_20331_p2                          |       and|   0|  0|    2|           1|           1|
    |and_ln395_4_fu_20997_p2                          |       and|   0|  0|    2|           1|           1|
    |and_ln395_5_fu_21663_p2                          |       and|   0|  0|    2|           1|           1|
    |and_ln395_6_fu_22329_p2                          |       and|   0|  0|    2|           1|           1|
    |and_ln395_7_fu_22995_p2                          |       and|   0|  0|    2|           1|           1|
    |and_ln395_fu_18333_p2                            |       and|   0|  0|    2|           1|           1|
    |and_ln413_10_fu_21675_p2                         |       and|   0|  0|    2|           1|           1|
    |and_ln413_11_fu_21681_p2                         |       and|   0|  0|    2|           1|           1|
    |and_ln413_12_fu_22341_p2                         |       and|   0|  0|    2|           1|           1|
    |and_ln413_13_fu_22347_p2                         |       and|   0|  0|    2|           1|           1|
    |and_ln413_14_fu_23007_p2                         |       and|   0|  0|    2|           1|           1|
    |and_ln413_15_fu_23013_p2                         |       and|   0|  0|    2|           1|           1|
    |and_ln413_1_fu_18351_p2                          |       and|   0|  0|    2|           1|           1|
    |and_ln413_2_fu_19011_p2                          |       and|   0|  0|    2|           1|           1|
    |and_ln413_3_fu_19017_p2                          |       and|   0|  0|    2|           1|           1|
    |and_ln413_4_fu_19677_p2                          |       and|   0|  0|    2|           1|           1|
    |and_ln413_5_fu_19683_p2                          |       and|   0|  0|    2|           1|           1|
    |and_ln413_6_fu_20343_p2                          |       and|   0|  0|    2|           1|           1|
    |and_ln413_7_fu_20349_p2                          |       and|   0|  0|    2|           1|           1|
    |and_ln413_8_fu_21009_p2                          |       and|   0|  0|    2|           1|           1|
    |and_ln413_9_fu_21015_p2                          |       and|   0|  0|    2|           1|           1|
    |and_ln413_fu_18345_p2                            |       and|   0|  0|    2|           1|           1|
    |and_ln435_10_fu_9136_p2                          |       and|   0|  0|    2|           1|           1|
    |and_ln435_11_fu_9142_p2                          |       and|   0|  0|    2|           1|           1|
    |and_ln435_12_fu_10378_p2                         |       and|   0|  0|    2|           1|           1|
    |and_ln435_13_fu_10384_p2                         |       and|   0|  0|    2|           1|           1|
    |and_ln435_14_fu_11620_p2                         |       and|   0|  0|    2|           1|           1|
    |and_ln435_15_fu_11626_p2                         |       and|   0|  0|    2|           1|           1|
    |and_ln435_1_fu_2932_p2                           |       and|   0|  0|    2|           1|           1|
    |and_ln435_2_fu_4168_p2                           |       and|   0|  0|    2|           1|           1|
    |and_ln435_3_fu_4174_p2                           |       and|   0|  0|    2|           1|           1|
    |and_ln435_4_fu_5410_p2                           |       and|   0|  0|    2|           1|           1|
    |and_ln435_5_fu_5416_p2                           |       and|   0|  0|    2|           1|           1|
    |and_ln435_6_fu_6652_p2                           |       and|   0|  0|    2|           1|           1|
    |and_ln435_7_fu_6658_p2                           |       and|   0|  0|    2|           1|           1|
    |and_ln435_8_fu_7894_p2                           |       and|   0|  0|    2|           1|           1|
    |and_ln435_9_fu_7900_p2                           |       and|   0|  0|    2|           1|           1|
    |and_ln435_fu_2926_p2                             |       and|   0|  0|    2|           1|           1|
    |and_ln439_10_fu_9166_p2                          |       and|   0|  0|    2|           1|           1|
    |and_ln439_11_fu_9172_p2                          |       and|   0|  0|    2|           1|           1|
    |and_ln439_12_fu_10408_p2                         |       and|   0|  0|    2|           1|           1|
    |and_ln439_13_fu_10414_p2                         |       and|   0|  0|    2|           1|           1|
    |and_ln439_14_fu_11650_p2                         |       and|   0|  0|    2|           1|           1|
    |and_ln439_15_fu_11656_p2                         |       and|   0|  0|    2|           1|           1|
    |and_ln439_1_fu_2962_p2                           |       and|   0|  0|    2|           1|           1|
    |and_ln439_2_fu_4198_p2                           |       and|   0|  0|    2|           1|           1|
    |and_ln439_3_fu_4204_p2                           |       and|   0|  0|    2|           1|           1|
    |and_ln439_4_fu_5440_p2                           |       and|   0|  0|    2|           1|           1|
    |and_ln439_5_fu_5446_p2                           |       and|   0|  0|    2|           1|           1|
    |and_ln439_6_fu_6682_p2                           |       and|   0|  0|    2|           1|           1|
    |and_ln439_7_fu_6688_p2                           |       and|   0|  0|    2|           1|           1|
    |and_ln439_8_fu_7924_p2                           |       and|   0|  0|    2|           1|           1|
    |and_ln439_9_fu_7930_p2                           |       and|   0|  0|    2|           1|           1|
    |and_ln439_fu_2956_p2                             |       and|   0|  0|    2|           1|           1|
    |and_ln450_1_fu_4216_p2                           |       and|   0|  0|    2|           1|           1|
    |and_ln450_2_fu_5458_p2                           |       and|   0|  0|    2|           1|           1|
    |and_ln450_3_fu_6700_p2                           |       and|   0|  0|    2|           1|           1|
    |and_ln450_4_fu_7942_p2                           |       and|   0|  0|    2|           1|           1|
    |and_ln450_5_fu_9184_p2                           |       and|   0|  0|    2|           1|           1|
    |and_ln450_6_fu_10426_p2                          |       and|   0|  0|    2|           1|           1|
    |and_ln450_7_fu_11668_p2                          |       and|   0|  0|    2|           1|           1|
    |and_ln450_fu_2974_p2                             |       and|   0|  0|    2|           1|           1|
    |and_ln452_1_fu_12620_p2                          |       and|   0|  0|    2|           1|           1|
    |and_ln452_2_fu_12995_p2                          |       and|   0|  0|    2|           1|           1|
    |and_ln452_3_fu_13370_p2                          |       and|   0|  0|    2|           1|           1|
    |and_ln452_4_fu_13745_p2                          |       and|   0|  0|    2|           1|           1|
    |and_ln452_5_fu_14120_p2                          |       and|   0|  0|    2|           1|           1|
    |and_ln452_6_fu_14495_p2                          |       and|   0|  0|    2|           1|           1|
    |and_ln452_7_fu_14870_p2                          |       and|   0|  0|    2|           1|           1|
    |and_ln452_fu_12245_p2                            |       and|   0|  0|    2|           1|           1|
    |and_ln468_12_fu_6238_p2                          |       and|   0|  0|    2|           1|           1|
    |and_ln468_16_fu_7480_p2                          |       and|   0|  0|    2|           1|           1|
    |and_ln468_20_fu_8722_p2                          |       and|   0|  0|    2|           1|           1|
    |and_ln468_24_fu_9964_p2                          |       and|   0|  0|    2|           1|           1|
    |and_ln468_28_fu_11206_p2                         |       and|   0|  0|    2|           1|           1|
    |and_ln468_4_fu_3754_p2                           |       and|   0|  0|    2|           1|           1|
    |and_ln468_8_fu_4996_p2                           |       and|   0|  0|    2|           1|           1|
    |and_ln468_fu_2506_p2                             |       and|   0|  0|    2|           1|           1|
    |and_ln51_10_fu_5152_p2                           |       and|   0|  0|    2|           1|           1|
    |and_ln51_12_fu_6190_p2                           |       and|   0|  0|    2|           1|           1|
    |and_ln51_14_fu_6394_p2                           |       and|   0|  0|    2|           1|           1|
    |and_ln51_16_fu_7432_p2                           |       and|   0|  0|    2|           1|           1|
    |and_ln51_18_fu_7636_p2                           |       and|   0|  0|    2|           1|           1|
    |and_ln51_20_fu_8674_p2                           |       and|   0|  0|    2|           1|           1|
    |and_ln51_22_fu_8878_p2                           |       and|   0|  0|    2|           1|           1|
    |and_ln51_24_fu_9916_p2                           |       and|   0|  0|    2|           1|           1|
    |and_ln51_26_fu_10120_p2                          |       and|   0|  0|    2|           1|           1|
    |and_ln51_28_fu_11158_p2                          |       and|   0|  0|    2|           1|           1|
    |and_ln51_2_fu_2668_p2                            |       and|   0|  0|    2|           1|           1|
    |and_ln51_30_fu_11362_p2                          |       and|   0|  0|    2|           1|           1|
    |and_ln51_4_fu_3706_p2                            |       and|   0|  0|    2|           1|           1|
    |and_ln51_6_fu_3910_p2                            |       and|   0|  0|    2|           1|           1|
    |and_ln51_8_fu_4948_p2                            |       and|   0|  0|    2|           1|           1|
    |and_ln51_fu_2458_p2                              |       and|   0|  0|    2|           1|           1|
    |and_ln73_10_fu_9070_p2                           |       and|   0|  0|    2|           1|           1|
    |and_ln73_12_fu_10312_p2                          |       and|   0|  0|    2|           1|           1|
    |and_ln73_14_fu_11554_p2                          |       and|   0|  0|    2|           1|           1|
    |and_ln73_2_fu_4102_p2                            |       and|   0|  0|    2|           1|           1|
    |and_ln73_4_fu_5344_p2                            |       and|   0|  0|    2|           1|           1|
    |and_ln73_6_fu_6586_p2                            |       and|   0|  0|    2|           1|           1|
    |and_ln73_8_fu_7828_p2                            |       and|   0|  0|    2|           1|           1|
    |and_ln73_fu_2860_p2                              |       and|   0|  0|    2|           1|           1|
    |ap_condition_1028                                |       and|   0|  0|    2|           1|           1|
    |ap_condition_1113                                |       and|   0|  0|    2|           1|           1|
    |ap_condition_1118                                |       and|   0|  0|    2|           1|           1|
    |ap_condition_1122                                |       and|   0|  0|    2|           1|           1|
    |ap_condition_1126                                |       and|   0|  0|    2|           1|           1|
    |ap_condition_1130                                |       and|   0|  0|    2|           1|           1|
    |ap_condition_1134                                |       and|   0|  0|    2|           1|           1|
    |ap_condition_1138                                |       and|   0|  0|    2|           1|           1|
    |ap_condition_1142                                |       and|   0|  0|    2|           1|           1|
    |ap_condition_1146                                |       and|   0|  0|    2|           1|           1|
    |ap_condition_1150                                |       and|   0|  0|    2|           1|           1|
    |ap_condition_1154                                |       and|   0|  0|    2|           1|           1|
    |ap_condition_1158                                |       and|   0|  0|    2|           1|           1|
    |ap_condition_1162                                |       and|   0|  0|    2|           1|           1|
    |ap_condition_1166                                |       and|   0|  0|    2|           1|           1|
    |ap_condition_1170                                |       and|   0|  0|    2|           1|           1|
    |ap_condition_1174                                |       and|   0|  0|    2|           1|           1|
    |ap_condition_1178                                |       and|   0|  0|    2|           1|           1|
    |ap_condition_1182                                |       and|   0|  0|    2|           1|           1|
    |ap_condition_1186                                |       and|   0|  0|    2|           1|           1|
    |ap_condition_1190                                |       and|   0|  0|    2|           1|           1|
    |ap_condition_1194                                |       and|   0|  0|    2|           1|           1|
    |ap_condition_1198                                |       and|   0|  0|    2|           1|           1|
    |ap_condition_1202                                |       and|   0|  0|    2|           1|           1|
    |ap_condition_1206                                |       and|   0|  0|    2|           1|           1|
    |ap_condition_1210                                |       and|   0|  0|    2|           1|           1|
    |ap_condition_1298                                |       and|   0|  0|    2|           1|           1|
    |ap_condition_1301                                |       and|   0|  0|    2|           1|           1|
    |ap_condition_1304                                |       and|   0|  0|    2|           1|           1|
    |ap_condition_1307                                |       and|   0|  0|    2|           1|           1|
    |ap_condition_1310                                |       and|   0|  0|    2|           1|           1|
    |ap_condition_1313                                |       and|   0|  0|    2|           1|           1|
    |ap_condition_1316                                |       and|   0|  0|    2|           1|           1|
    |ap_condition_1319                                |       and|   0|  0|    2|           1|           1|
    |ap_condition_1322                                |       and|   0|  0|    2|           1|           1|
    |ap_condition_1325                                |       and|   0|  0|    2|           1|           1|
    |ap_condition_1328                                |       and|   0|  0|    2|           1|           1|
    |ap_condition_1331                                |       and|   0|  0|    2|           1|           1|
    |ap_condition_1334                                |       and|   0|  0|    2|           1|           1|
    |ap_condition_1337                                |       and|   0|  0|    2|           1|           1|
    |ap_condition_1340                                |       and|   0|  0|    2|           1|           1|
    |ap_condition_1343                                |       and|   0|  0|    2|           1|           1|
    |ap_condition_1346                                |       and|   0|  0|    2|           1|           1|
    |ap_condition_1349                                |       and|   0|  0|    2|           1|           1|
    |ap_condition_1352                                |       and|   0|  0|    2|           1|           1|
    |ap_condition_1355                                |       and|   0|  0|    2|           1|           1|
    |ap_condition_1358                                |       and|   0|  0|    2|           1|           1|
    |ap_condition_1361                                |       and|   0|  0|    2|           1|           1|
    |ap_condition_1364                                |       and|   0|  0|    2|           1|           1|
    |ap_condition_1367                                |       and|   0|  0|    2|           1|           1|
    |ap_condition_1455                                |       and|   0|  0|    2|           1|           1|
    |ap_condition_1458                                |       and|   0|  0|    2|           1|           1|
    |ap_condition_1461                                |       and|   0|  0|    2|           1|           1|
    |ap_condition_1464                                |       and|   0|  0|    2|           1|           1|
    |ap_condition_1467                                |       and|   0|  0|    2|           1|           1|
    |ap_condition_1470                                |       and|   0|  0|    2|           1|           1|
    |ap_condition_1473                                |       and|   0|  0|    2|           1|           1|
    |ap_condition_1476                                |       and|   0|  0|    2|           1|           1|
    |ap_condition_1479                                |       and|   0|  0|    2|           1|           1|
    |ap_condition_1482                                |       and|   0|  0|    2|           1|           1|
    |ap_condition_1485                                |       and|   0|  0|    2|           1|           1|
    |ap_condition_1488                                |       and|   0|  0|    2|           1|           1|
    |ap_condition_1491                                |       and|   0|  0|    2|           1|           1|
    |ap_condition_1494                                |       and|   0|  0|    2|           1|           1|
    |ap_condition_1497                                |       and|   0|  0|    2|           1|           1|
    |ap_condition_1500                                |       and|   0|  0|    2|           1|           1|
    |ap_condition_1503                                |       and|   0|  0|    2|           1|           1|
    |ap_condition_1506                                |       and|   0|  0|    2|           1|           1|
    |ap_condition_1509                                |       and|   0|  0|    2|           1|           1|
    |ap_condition_1512                                |       and|   0|  0|    2|           1|           1|
    |ap_condition_1515                                |       and|   0|  0|    2|           1|           1|
    |ap_condition_1518                                |       and|   0|  0|    2|           1|           1|
    |ap_condition_1521                                |       and|   0|  0|    2|           1|           1|
    |ap_condition_1524                                |       and|   0|  0|    2|           1|           1|
    |ap_condition_1612                                |       and|   0|  0|    2|           1|           1|
    |ap_condition_1615                                |       and|   0|  0|    2|           1|           1|
    |ap_condition_1618                                |       and|   0|  0|    2|           1|           1|
    |ap_condition_1621                                |       and|   0|  0|    2|           1|           1|
    |ap_condition_1624                                |       and|   0|  0|    2|           1|           1|
    |ap_condition_1627                                |       and|   0|  0|    2|           1|           1|
    |ap_condition_1630                                |       and|   0|  0|    2|           1|           1|
    |ap_condition_1633                                |       and|   0|  0|    2|           1|           1|
    |ap_condition_1636                                |       and|   0|  0|    2|           1|           1|
    |ap_condition_1639                                |       and|   0|  0|    2|           1|           1|
    |ap_condition_1642                                |       and|   0|  0|    2|           1|           1|
    |ap_condition_1645                                |       and|   0|  0|    2|           1|           1|
    |ap_condition_1648                                |       and|   0|  0|    2|           1|           1|
    |ap_condition_1651                                |       and|   0|  0|    2|           1|           1|
    |ap_condition_1654                                |       and|   0|  0|    2|           1|           1|
    |ap_condition_1657                                |       and|   0|  0|    2|           1|           1|
    |ap_condition_1660                                |       and|   0|  0|    2|           1|           1|
    |ap_condition_1663                                |       and|   0|  0|    2|           1|           1|
    |ap_condition_1666                                |       and|   0|  0|    2|           1|           1|
    |ap_condition_1669                                |       and|   0|  0|    2|           1|           1|
    |ap_condition_1672                                |       and|   0|  0|    2|           1|           1|
    |ap_condition_1675                                |       and|   0|  0|    2|           1|           1|
    |ap_condition_1678                                |       and|   0|  0|    2|           1|           1|
    |ap_condition_1681                                |       and|   0|  0|    2|           1|           1|
    |ap_condition_1769                                |       and|   0|  0|    2|           1|           1|
    |ap_condition_1772                                |       and|   0|  0|    2|           1|           1|
    |ap_condition_1775                                |       and|   0|  0|    2|           1|           1|
    |ap_condition_1778                                |       and|   0|  0|    2|           1|           1|
    |ap_condition_1781                                |       and|   0|  0|    2|           1|           1|
    |ap_condition_1784                                |       and|   0|  0|    2|           1|           1|
    |ap_condition_1787                                |       and|   0|  0|    2|           1|           1|
    |ap_condition_1790                                |       and|   0|  0|    2|           1|           1|
    |ap_condition_1793                                |       and|   0|  0|    2|           1|           1|
    |ap_condition_1796                                |       and|   0|  0|    2|           1|           1|
    |ap_condition_1799                                |       and|   0|  0|    2|           1|           1|
    |ap_condition_1802                                |       and|   0|  0|    2|           1|           1|
    |ap_condition_1805                                |       and|   0|  0|    2|           1|           1|
    |ap_condition_1808                                |       and|   0|  0|    2|           1|           1|
    |ap_condition_1811                                |       and|   0|  0|    2|           1|           1|
    |ap_condition_1814                                |       and|   0|  0|    2|           1|           1|
    |ap_condition_1817                                |       and|   0|  0|    2|           1|           1|
    |ap_condition_1820                                |       and|   0|  0|    2|           1|           1|
    |ap_condition_1823                                |       and|   0|  0|    2|           1|           1|
    |ap_condition_1826                                |       and|   0|  0|    2|           1|           1|
    |ap_condition_1829                                |       and|   0|  0|    2|           1|           1|
    |ap_condition_1832                                |       and|   0|  0|    2|           1|           1|
    |ap_condition_1835                                |       and|   0|  0|    2|           1|           1|
    |ap_condition_1838                                |       and|   0|  0|    2|           1|           1|
    |ap_condition_1926                                |       and|   0|  0|    2|           1|           1|
    |ap_condition_1929                                |       and|   0|  0|    2|           1|           1|
    |ap_condition_1932                                |       and|   0|  0|    2|           1|           1|
    |ap_condition_1935                                |       and|   0|  0|    2|           1|           1|
    |ap_condition_1938                                |       and|   0|  0|    2|           1|           1|
    |ap_condition_1941                                |       and|   0|  0|    2|           1|           1|
    |ap_condition_1944                                |       and|   0|  0|    2|           1|           1|
    |ap_condition_1947                                |       and|   0|  0|    2|           1|           1|
    |ap_condition_1950                                |       and|   0|  0|    2|           1|           1|
    |ap_condition_1953                                |       and|   0|  0|    2|           1|           1|
    |ap_condition_1956                                |       and|   0|  0|    2|           1|           1|
    |ap_condition_1959                                |       and|   0|  0|    2|           1|           1|
    |ap_condition_1962                                |       and|   0|  0|    2|           1|           1|
    |ap_condition_1965                                |       and|   0|  0|    2|           1|           1|
    |ap_condition_1968                                |       and|   0|  0|    2|           1|           1|
    |ap_condition_1971                                |       and|   0|  0|    2|           1|           1|
    |ap_condition_1974                                |       and|   0|  0|    2|           1|           1|
    |ap_condition_1977                                |       and|   0|  0|    2|           1|           1|
    |ap_condition_1980                                |       and|   0|  0|    2|           1|           1|
    |ap_condition_1983                                |       and|   0|  0|    2|           1|           1|
    |ap_condition_1986                                |       and|   0|  0|    2|           1|           1|
    |ap_condition_1989                                |       and|   0|  0|    2|           1|           1|
    |ap_condition_1992                                |       and|   0|  0|    2|           1|           1|
    |ap_condition_1995                                |       and|   0|  0|    2|           1|           1|
    |ap_condition_2083                                |       and|   0|  0|    2|           1|           1|
    |ap_condition_2086                                |       and|   0|  0|    2|           1|           1|
    |ap_condition_2089                                |       and|   0|  0|    2|           1|           1|
    |ap_condition_2092                                |       and|   0|  0|    2|           1|           1|
    |ap_condition_2095                                |       and|   0|  0|    2|           1|           1|
    |ap_condition_2098                                |       and|   0|  0|    2|           1|           1|
    |ap_condition_2101                                |       and|   0|  0|    2|           1|           1|
    |ap_condition_2104                                |       and|   0|  0|    2|           1|           1|
    |ap_condition_2107                                |       and|   0|  0|    2|           1|           1|
    |ap_condition_2110                                |       and|   0|  0|    2|           1|           1|
    |ap_condition_2113                                |       and|   0|  0|    2|           1|           1|
    |ap_condition_2116                                |       and|   0|  0|    2|           1|           1|
    |ap_condition_2119                                |       and|   0|  0|    2|           1|           1|
    |ap_condition_2122                                |       and|   0|  0|    2|           1|           1|
    |ap_condition_2125                                |       and|   0|  0|    2|           1|           1|
    |ap_condition_2128                                |       and|   0|  0|    2|           1|           1|
    |ap_condition_2131                                |       and|   0|  0|    2|           1|           1|
    |ap_condition_2134                                |       and|   0|  0|    2|           1|           1|
    |ap_condition_2137                                |       and|   0|  0|    2|           1|           1|
    |ap_condition_2140                                |       and|   0|  0|    2|           1|           1|
    |ap_condition_2143                                |       and|   0|  0|    2|           1|           1|
    |ap_condition_2146                                |       and|   0|  0|    2|           1|           1|
    |ap_condition_2149                                |       and|   0|  0|    2|           1|           1|
    |ap_condition_2152                                |       and|   0|  0|    2|           1|           1|
    |ap_condition_2240                                |       and|   0|  0|    2|           1|           1|
    |ap_condition_2243                                |       and|   0|  0|    2|           1|           1|
    |ap_condition_2246                                |       and|   0|  0|    2|           1|           1|
    |ap_condition_2249                                |       and|   0|  0|    2|           1|           1|
    |ap_condition_2252                                |       and|   0|  0|    2|           1|           1|
    |ap_condition_2255                                |       and|   0|  0|    2|           1|           1|
    |ap_condition_2258                                |       and|   0|  0|    2|           1|           1|
    |ap_condition_2261                                |       and|   0|  0|    2|           1|           1|
    |ap_condition_2264                                |       and|   0|  0|    2|           1|           1|
    |ap_condition_2267                                |       and|   0|  0|    2|           1|           1|
    |ap_condition_2270                                |       and|   0|  0|    2|           1|           1|
    |ap_condition_2273                                |       and|   0|  0|    2|           1|           1|
    |ap_condition_2276                                |       and|   0|  0|    2|           1|           1|
    |ap_condition_2279                                |       and|   0|  0|    2|           1|           1|
    |ap_condition_2282                                |       and|   0|  0|    2|           1|           1|
    |ap_condition_2285                                |       and|   0|  0|    2|           1|           1|
    |ap_condition_2288                                |       and|   0|  0|    2|           1|           1|
    |ap_condition_2291                                |       and|   0|  0|    2|           1|           1|
    |ap_condition_2294                                |       and|   0|  0|    2|           1|           1|
    |ap_condition_2297                                |       and|   0|  0|    2|           1|           1|
    |ap_condition_2300                                |       and|   0|  0|    2|           1|           1|
    |ap_condition_2303                                |       and|   0|  0|    2|           1|           1|
    |ap_condition_2306                                |       and|   0|  0|    2|           1|           1|
    |ap_condition_2309                                |       and|   0|  0|    2|           1|           1|
    |ap_condition_2335                                |       and|   0|  0|    2|           1|           1|
    |ap_condition_2339                                |       and|   0|  0|    2|           1|           1|
    |ap_condition_2341                                |       and|   0|  0|    2|           1|           1|
    |ap_condition_2344                                |       and|   0|  0|    2|           1|           1|
    |ap_condition_2366                                |       and|   0|  0|    2|           1|           1|
    |ap_condition_2379                                |       and|   0|  0|    2|           1|           1|
    |ap_condition_2398                                |       and|   0|  0|    2|           1|           1|
    |ap_condition_2401                                |       and|   0|  0|    2|           1|           1|
    |ap_condition_2439                                |       and|   0|  0|    2|           1|           1|
    |ap_condition_2465                                |       and|   0|  0|    2|           1|           1|
    |ap_condition_2468                                |       and|   0|  0|    2|           1|           1|
    |ap_condition_2471                                |       and|   0|  0|    2|           1|           1|
    |ap_condition_2493                                |       and|   0|  0|    2|           1|           1|
    |ap_condition_2506                                |       and|   0|  0|    2|           1|           1|
    |ap_condition_2525                                |       and|   0|  0|    2|           1|           1|
    |ap_condition_2528                                |       and|   0|  0|    2|           1|           1|
    |ap_condition_2565                                |       and|   0|  0|    2|           1|           1|
    |ap_condition_2591                                |       and|   0|  0|    2|           1|           1|
    |ap_condition_2594                                |       and|   0|  0|    2|           1|           1|
    |ap_condition_2597                                |       and|   0|  0|    2|           1|           1|
    |ap_condition_2619                                |       and|   0|  0|    2|           1|           1|
    |ap_condition_2632                                |       and|   0|  0|    2|           1|           1|
    |ap_condition_2651                                |       and|   0|  0|    2|           1|           1|
    |ap_condition_2654                                |       and|   0|  0|    2|           1|           1|
    |ap_condition_2691                                |       and|   0|  0|    2|           1|           1|
    |ap_condition_2717                                |       and|   0|  0|    2|           1|           1|
    |ap_condition_2720                                |       and|   0|  0|    2|           1|           1|
    |ap_condition_2723                                |       and|   0|  0|    2|           1|           1|
    |ap_condition_2745                                |       and|   0|  0|    2|           1|           1|
    |ap_condition_2758                                |       and|   0|  0|    2|           1|           1|
    |ap_condition_2777                                |       and|   0|  0|    2|           1|           1|
    |ap_condition_2780                                |       and|   0|  0|    2|           1|           1|
    |ap_condition_2817                                |       and|   0|  0|    2|           1|           1|
    |ap_condition_2843                                |       and|   0|  0|    2|           1|           1|
    |ap_condition_2846                                |       and|   0|  0|    2|           1|           1|
    |ap_condition_2849                                |       and|   0|  0|    2|           1|           1|
    |ap_condition_2871                                |       and|   0|  0|    2|           1|           1|
    |ap_condition_2884                                |       and|   0|  0|    2|           1|           1|
    |ap_condition_2903                                |       and|   0|  0|    2|           1|           1|
    |ap_condition_2906                                |       and|   0|  0|    2|           1|           1|
    |ap_condition_2943                                |       and|   0|  0|    2|           1|           1|
    |ap_condition_2969                                |       and|   0|  0|    2|           1|           1|
    |ap_condition_2972                                |       and|   0|  0|    2|           1|           1|
    |ap_condition_2975                                |       and|   0|  0|    2|           1|           1|
    |ap_condition_2997                                |       and|   0|  0|    2|           1|           1|
    |ap_condition_3010                                |       and|   0|  0|    2|           1|           1|
    |ap_condition_3029                                |       and|   0|  0|    2|           1|           1|
    |ap_condition_3032                                |       and|   0|  0|    2|           1|           1|
    |ap_condition_3069                                |       and|   0|  0|    2|           1|           1|
    |ap_condition_3095                                |       and|   0|  0|    2|           1|           1|
    |ap_condition_3098                                |       and|   0|  0|    2|           1|           1|
    |ap_condition_3101                                |       and|   0|  0|    2|           1|           1|
    |ap_condition_3123                                |       and|   0|  0|    2|           1|           1|
    |ap_condition_3136                                |       and|   0|  0|    2|           1|           1|
    |ap_condition_3155                                |       and|   0|  0|    2|           1|           1|
    |ap_condition_3158                                |       and|   0|  0|    2|           1|           1|
    |ap_condition_3195                                |       and|   0|  0|    2|           1|           1|
    |ap_condition_3221                                |       and|   0|  0|    2|           1|           1|
    |ap_condition_3224                                |       and|   0|  0|    2|           1|           1|
    |ap_condition_3227                                |       and|   0|  0|    2|           1|           1|
    |ap_condition_3249                                |       and|   0|  0|    2|           1|           1|
    |ap_condition_3262                                |       and|   0|  0|    2|           1|           1|
    |ap_condition_3281                                |       and|   0|  0|    2|           1|           1|
    |ap_condition_3284                                |       and|   0|  0|    2|           1|           1|
    |ap_condition_3321                                |       and|   0|  0|    2|           1|           1|
    |ap_predicate_pred2329_state3                     |       and|   0|  0|    2|           1|           1|
    |ap_predicate_pred2459_state3                     |       and|   0|  0|    2|           1|           1|
    |ap_predicate_pred2585_state3                     |       and|   0|  0|    2|           1|           1|
    |ap_predicate_pred2711_state3                     |       and|   0|  0|    2|           1|           1|
    |ap_predicate_pred2837_state3                     |       and|   0|  0|    2|           1|           1|
    |ap_predicate_pred2963_state3                     |       and|   0|  0|    2|           1|           1|
    |ap_predicate_pred3089_state3                     |       and|   0|  0|    2|           1|           1|
    |ap_predicate_pred3215_state3                     |       and|   0|  0|    2|           1|           1|
    |fields_infinity_31_fu_2538_p2                    |       and|   0|  0|    2|           1|           1|
    |fields_infinity_32_fu_3780_p2                    |       and|   0|  0|    2|           1|           1|
    |fields_infinity_33_fu_6264_p2                    |       and|   0|  0|    2|           1|           1|
    |fields_infinity_34_fu_8748_p2                    |       and|   0|  0|    2|           1|           1|
    |fields_infinity_35_fu_11232_p2                   |       and|   0|  0|    2|           1|           1|
    |fields_infinity_36_fu_9990_p2                    |       and|   0|  0|    2|           1|           1|
    |fields_infinity_37_fu_7506_p2                    |       and|   0|  0|    2|           1|           1|
    |fields_infinity_38_fu_5022_p2                    |       and|   0|  0|    2|           1|           1|
    |fields_nan_31_fu_2544_p2                         |       and|   0|  0|    2|           1|           1|
    |fields_nan_32_fu_3786_p2                         |       and|   0|  0|    2|           1|           1|
    |fields_nan_33_fu_6270_p2                         |       and|   0|  0|    2|           1|           1|
    |fields_nan_34_fu_8754_p2                         |       and|   0|  0|    2|           1|           1|
    |fields_nan_35_fu_11238_p2                        |       and|   0|  0|    2|           1|           1|
    |fields_nan_36_fu_9996_p2                         |       and|   0|  0|    2|           1|           1|
    |fields_nan_37_fu_7512_p2                         |       and|   0|  0|    2|           1|           1|
    |fields_nan_38_fu_5028_p2                         |       and|   0|  0|    2|           1|           1|
    |fields_sign_31_fu_2518_p2                        |       and|   0|  0|    2|           1|           1|
    |fields_sign_32_fu_3766_p2                        |       and|   0|  0|    2|           1|           1|
    |fields_sign_33_fu_6250_p2                        |       and|   0|  0|    2|           1|           1|
    |fields_sign_34_fu_8734_p2                        |       and|   0|  0|    2|           1|           1|
    |fields_sign_35_fu_11218_p2                       |       and|   0|  0|    2|           1|           1|
    |fields_sign_36_fu_9976_p2                        |       and|   0|  0|    2|           1|           1|
    |fields_sign_37_fu_7492_p2                        |       and|   0|  0|    2|           1|           1|
    |fields_sign_38_fu_5008_p2                        |       and|   0|  0|    2|           1|           1|
    |operand_a_infinity_15_fu_2428_p2                 |       and|   0|  0|    2|           1|           1|
    |operand_a_infinity_16_fu_3676_p2                 |       and|   0|  0|    2|           1|           1|
    |operand_a_infinity_17_fu_6160_p2                 |       and|   0|  0|    2|           1|           1|
    |operand_a_infinity_18_fu_8644_p2                 |       and|   0|  0|    2|           1|           1|
    |operand_a_infinity_19_fu_11128_p2                |       and|   0|  0|    2|           1|           1|
    |operand_a_infinity_20_fu_9886_p2                 |       and|   0|  0|    2|           1|           1|
    |operand_a_infinity_21_fu_7402_p2                 |       and|   0|  0|    2|           1|           1|
    |operand_a_infinity_fu_4918_p2                    |       and|   0|  0|    2|           1|           1|
    |operand_a_nan_15_fu_2422_p2                      |       and|   0|  0|    2|           1|           1|
    |operand_a_nan_16_fu_3670_p2                      |       and|   0|  0|    2|           1|           1|
    |operand_a_nan_17_fu_6154_p2                      |       and|   0|  0|    2|           1|           1|
    |operand_a_nan_18_fu_8638_p2                      |       and|   0|  0|    2|           1|           1|
    |operand_a_nan_19_fu_11122_p2                     |       and|   0|  0|    2|           1|           1|
    |operand_a_nan_20_fu_9880_p2                      |       and|   0|  0|    2|           1|           1|
    |operand_a_nan_21_fu_7396_p2                      |       and|   0|  0|    2|           1|           1|
    |operand_a_nan_fu_4912_p2                         |       and|   0|  0|    2|           1|           1|
    |operand_a_zero_15_fu_2434_p2                     |       and|   0|  0|    2|           1|           1|
    |operand_a_zero_16_fu_3682_p2                     |       and|   0|  0|    2|           1|           1|
    |operand_a_zero_17_fu_6166_p2                     |       and|   0|  0|    2|           1|           1|
    |operand_a_zero_18_fu_8650_p2                     |       and|   0|  0|    2|           1|           1|
    |operand_a_zero_19_fu_11134_p2                    |       and|   0|  0|    2|           1|           1|
    |operand_a_zero_20_fu_9892_p2                     |       and|   0|  0|    2|           1|           1|
    |operand_a_zero_21_fu_7408_p2                     |       and|   0|  0|    2|           1|           1|
    |operand_a_zero_fu_4924_p2                        |       and|   0|  0|    2|           1|           1|
    |operand_b_infinity_1_fu_3852_p2                  |       and|   0|  0|    2|           1|           1|
    |operand_b_infinity_2_fu_6336_p2                  |       and|   0|  0|    2|           1|           1|
    |operand_b_infinity_3_fu_8820_p2                  |       and|   0|  0|    2|           1|           1|
    |operand_b_infinity_4_fu_11304_p2                 |       and|   0|  0|    2|           1|           1|
    |operand_b_infinity_5_fu_10062_p2                 |       and|   0|  0|    2|           1|           1|
    |operand_b_infinity_6_fu_7578_p2                  |       and|   0|  0|    2|           1|           1|
    |operand_b_infinity_7_fu_5094_p2                  |       and|   0|  0|    2|           1|           1|
    |operand_b_infinity_fu_2610_p2                    |       and|   0|  0|    2|           1|           1|
    |operand_b_nan_1_fu_3840_p2                       |       and|   0|  0|    2|           1|           1|
    |operand_b_nan_2_fu_6324_p2                       |       and|   0|  0|    2|           1|           1|
    |operand_b_nan_3_fu_8808_p2                       |       and|   0|  0|    2|           1|           1|
    |operand_b_nan_4_fu_11292_p2                      |       and|   0|  0|    2|           1|           1|
    |operand_b_nan_5_fu_10050_p2                      |       and|   0|  0|    2|           1|           1|
    |operand_b_nan_6_fu_7566_p2                       |       and|   0|  0|    2|           1|           1|
    |operand_b_nan_7_fu_5082_p2                       |       and|   0|  0|    2|           1|           1|
    |operand_b_nan_fu_2598_p2                         |       and|   0|  0|    2|           1|           1|
    |operand_b_zero_1_fu_3864_p2                      |       and|   0|  0|    2|           1|           1|
    |operand_b_zero_2_fu_6348_p2                      |       and|   0|  0|    2|           1|           1|
    |operand_b_zero_3_fu_8832_p2                      |       and|   0|  0|    2|           1|           1|
    |operand_b_zero_4_fu_11316_p2                     |       and|   0|  0|    2|           1|           1|
    |operand_b_zero_5_fu_10074_p2                     |       and|   0|  0|    2|           1|           1|
    |operand_b_zero_6_fu_7590_p2                      |       and|   0|  0|    2|           1|           1|
    |operand_b_zero_7_fu_5106_p2                      |       and|   0|  0|    2|           1|           1|
    |operand_b_zero_fu_2622_p2                        |       and|   0|  0|    2|           1|           1|
    |operand_c_infinity_1_fu_4044_p2                  |       and|   0|  0|    2|           1|           1|
    |operand_c_infinity_2_fu_6528_p2                  |       and|   0|  0|    2|           1|           1|
    |operand_c_infinity_3_fu_9012_p2                  |       and|   0|  0|    2|           1|           1|
    |operand_c_infinity_4_fu_11496_p2                 |       and|   0|  0|    2|           1|           1|
    |operand_c_infinity_5_fu_10254_p2                 |       and|   0|  0|    2|           1|           1|
    |operand_c_infinity_6_fu_7770_p2                  |       and|   0|  0|    2|           1|           1|
    |operand_c_infinity_7_fu_5286_p2                  |       and|   0|  0|    2|           1|           1|
    |operand_c_infinity_fu_2802_p2                    |       and|   0|  0|    2|           1|           1|
    |operand_c_nan_1_fu_4032_p2                       |       and|   0|  0|    2|           1|           1|
    |operand_c_nan_2_fu_6516_p2                       |       and|   0|  0|    2|           1|           1|
    |operand_c_nan_3_fu_9000_p2                       |       and|   0|  0|    2|           1|           1|
    |operand_c_nan_4_fu_11484_p2                      |       and|   0|  0|    2|           1|           1|
    |operand_c_nan_5_fu_10242_p2                      |       and|   0|  0|    2|           1|           1|
    |operand_c_nan_6_fu_7758_p2                       |       and|   0|  0|    2|           1|           1|
    |operand_c_nan_7_fu_5274_p2                       |       and|   0|  0|    2|           1|           1|
    |operand_c_nan_fu_2790_p2                         |       and|   0|  0|    2|           1|           1|
    |operand_c_zero_1_fu_4056_p2                      |       and|   0|  0|    2|           1|           1|
    |operand_c_zero_2_fu_6540_p2                      |       and|   0|  0|    2|           1|           1|
    |operand_c_zero_3_fu_9024_p2                      |       and|   0|  0|    2|           1|           1|
    |operand_c_zero_4_fu_11508_p2                     |       and|   0|  0|    2|           1|           1|
    |operand_c_zero_5_fu_10266_p2                     |       and|   0|  0|    2|           1|           1|
    |operand_c_zero_6_fu_7782_p2                      |       and|   0|  0|    2|           1|           1|
    |operand_c_zero_7_fu_5298_p2                      |       and|   0|  0|    2|           1|           1|
    |operand_c_zero_fu_2814_p2                        |       and|   0|  0|    2|           1|           1|
    |output_out_exp2_10_fu_22094_p2                   |       and|   0|  0|    2|           1|           1|
    |output_out_exp2_12_fu_22760_p2                   |       and|   0|  0|    2|           1|           1|
    |output_out_exp2_14_fu_23426_p2                   |       and|   0|  0|    2|           1|           1|
    |output_out_exp2_2_fu_19430_p2                    |       and|   0|  0|    2|           1|           1|
    |output_out_exp2_4_fu_20096_p2                    |       and|   0|  0|    2|           1|           1|
    |output_out_exp2_6_fu_20762_p2                    |       and|   0|  0|    2|           1|           1|
    |output_out_exp2_8_fu_21428_p2                    |       and|   0|  0|    2|           1|           1|
    |output_out_exp2_fu_18764_p2                      |       and|   0|  0|    2|           1|           1|
    |prepared_force_zero_10_fu_8224_p2                |       and|   0|  0|    2|           1|           1|
    |prepared_force_zero_11_fu_8626_p2                |       and|   0|  0|    2|           1|           1|
    |prepared_force_zero_12_fu_9466_p2                |       and|   0|  0|    2|           1|           1|
    |prepared_force_zero_13_fu_9868_p2                |       and|   0|  0|    2|           1|           1|
    |prepared_force_zero_14_fu_10708_p2               |       and|   0|  0|    2|           1|           1|
    |prepared_force_zero_15_fu_11110_p2               |       and|   0|  0|    2|           1|           1|
    |prepared_force_zero_1_fu_2410_p2                 |       and|   0|  0|    2|           1|           1|
    |prepared_force_zero_2_fu_3256_p2                 |       and|   0|  0|    2|           1|           1|
    |prepared_force_zero_3_fu_3658_p2                 |       and|   0|  0|    2|           1|           1|
    |prepared_force_zero_4_fu_4498_p2                 |       and|   0|  0|    2|           1|           1|
    |prepared_force_zero_5_fu_4900_p2                 |       and|   0|  0|    2|           1|           1|
    |prepared_force_zero_6_fu_5740_p2                 |       and|   0|  0|    2|           1|           1|
    |prepared_force_zero_7_fu_6142_p2                 |       and|   0|  0|    2|           1|           1|
    |prepared_force_zero_8_fu_6982_p2                 |       and|   0|  0|    2|           1|           1|
    |prepared_force_zero_9_fu_7384_p2                 |       and|   0|  0|    2|           1|           1|
    |prepared_force_zero_fu_2008_p2                   |       and|   0|  0|    2|           1|           1|
    |remainder_12_fu_7118_p2                          |       and|   0|  0|   10|          10|          10|
    |remainder_15_fu_8360_p2                          |       and|   0|  0|   10|          10|          10|
    |remainder_18_fu_9602_p2                          |       and|   0|  0|   10|          10|          10|
    |remainder_21_fu_10844_p2                         |       and|   0|  0|   10|          10|          10|
    |remainder_3_fu_3392_p2                           |       and|   0|  0|   10|          10|          10|
    |remainder_6_fu_4634_p2                           |       and|   0|  0|   10|          10|          10|
    |remainder_9_fu_5876_p2                           |       and|   0|  0|   10|          10|          10|
    |remainder_fu_2144_p2                             |       and|   0|  0|   10|          10|          10|
    |icmp_ln104_10_fu_13897_p2                        |      icmp|   0|  0|   16|           9|           1|
    |icmp_ln104_11_fu_13989_p2                        |      icmp|   0|  0|   17|          10|           1|
    |icmp_ln104_12_fu_14272_p2                        |      icmp|   0|  0|   16|           9|           1|
    |icmp_ln104_13_fu_14364_p2                        |      icmp|   0|  0|   17|          10|           1|
    |icmp_ln104_14_fu_14647_p2                        |      icmp|   0|  0|   16|           9|           1|
    |icmp_ln104_15_fu_14739_p2                        |      icmp|   0|  0|   17|          10|           1|
    |icmp_ln104_1_fu_12114_p2                         |      icmp|   0|  0|   17|          10|           1|
    |icmp_ln104_2_fu_12397_p2                         |      icmp|   0|  0|   16|           9|           1|
    |icmp_ln104_3_fu_12489_p2                         |      icmp|   0|  0|   17|          10|           1|
    |icmp_ln104_4_fu_12772_p2                         |      icmp|   0|  0|   16|           9|           1|
    |icmp_ln104_5_fu_12864_p2                         |      icmp|   0|  0|   17|          10|           1|
    |icmp_ln104_6_fu_13147_p2                         |      icmp|   0|  0|   16|           9|           1|
    |icmp_ln104_7_fu_13239_p2                         |      icmp|   0|  0|   17|          10|           1|
    |icmp_ln104_8_fu_13522_p2                         |      icmp|   0|  0|   16|           9|           1|
    |icmp_ln104_9_fu_13614_p2                         |      icmp|   0|  0|   17|          10|           1|
    |icmp_ln104_fu_12022_p2                           |      icmp|   0|  0|   16|           9|           1|
    |icmp_ln107_10_fu_13903_p2                        |      icmp|   0|  0|   16|           9|           5|
    |icmp_ln107_11_fu_13995_p2                        |      icmp|   0|  0|   17|          10|           5|
    |icmp_ln107_12_fu_14278_p2                        |      icmp|   0|  0|   16|           9|           5|
    |icmp_ln107_13_fu_14370_p2                        |      icmp|   0|  0|   17|          10|           5|
    |icmp_ln107_14_fu_14653_p2                        |      icmp|   0|  0|   16|           9|           5|
    |icmp_ln107_15_fu_14745_p2                        |      icmp|   0|  0|   17|          10|           5|
    |icmp_ln107_1_fu_12120_p2                         |      icmp|   0|  0|   17|          10|           5|
    |icmp_ln107_2_fu_12403_p2                         |      icmp|   0|  0|   16|           9|           5|
    |icmp_ln107_3_fu_12495_p2                         |      icmp|   0|  0|   17|          10|           5|
    |icmp_ln107_4_fu_12778_p2                         |      icmp|   0|  0|   16|           9|           5|
    |icmp_ln107_5_fu_12870_p2                         |      icmp|   0|  0|   17|          10|           5|
    |icmp_ln107_6_fu_13153_p2                         |      icmp|   0|  0|   16|           9|           5|
    |icmp_ln107_7_fu_13245_p2                         |      icmp|   0|  0|   17|          10|           5|
    |icmp_ln107_8_fu_13528_p2                         |      icmp|   0|  0|   16|           9|           5|
    |icmp_ln107_9_fu_13620_p2                         |      icmp|   0|  0|   17|          10|           5|
    |icmp_ln107_fu_12028_p2                           |      icmp|   0|  0|   16|           9|           5|
    |icmp_ln108_10_fu_13973_p2                        |      icmp|   0|  0|   34|          27|           1|
    |icmp_ln108_11_fu_14001_p2                        |      icmp|   0|  0|   34|          27|           1|
    |icmp_ln108_12_fu_14348_p2                        |      icmp|   0|  0|   34|          27|           1|
    |icmp_ln108_13_fu_14376_p2                        |      icmp|   0|  0|   34|          27|           1|
    |icmp_ln108_14_fu_14723_p2                        |      icmp|   0|  0|   34|          27|           1|
    |icmp_ln108_15_fu_14751_p2                        |      icmp|   0|  0|   34|          27|           1|
    |icmp_ln108_1_fu_12126_p2                         |      icmp|   0|  0|   34|          27|           1|
    |icmp_ln108_2_fu_12473_p2                         |      icmp|   0|  0|   34|          27|           1|
    |icmp_ln108_3_fu_12501_p2                         |      icmp|   0|  0|   34|          27|           1|
    |icmp_ln108_4_fu_12848_p2                         |      icmp|   0|  0|   34|          27|           1|
    |icmp_ln108_5_fu_12876_p2                         |      icmp|   0|  0|   34|          27|           1|
    |icmp_ln108_6_fu_13223_p2                         |      icmp|   0|  0|   34|          27|           1|
    |icmp_ln108_7_fu_13251_p2                         |      icmp|   0|  0|   34|          27|           1|
    |icmp_ln108_8_fu_13598_p2                         |      icmp|   0|  0|   34|          27|           1|
    |icmp_ln108_9_fu_13626_p2                         |      icmp|   0|  0|   34|          27|           1|
    |icmp_ln108_fu_12098_p2                           |      icmp|   0|  0|   34|          27|           1|
    |icmp_ln118_10_fu_13951_p2                        |      icmp|   0|  0|   34|          27|           1|
    |icmp_ln118_11_fu_14053_p2                        |      icmp|   0|  0|   34|          27|           1|
    |icmp_ln118_12_fu_14326_p2                        |      icmp|   0|  0|   34|          27|           1|
    |icmp_ln118_13_fu_14428_p2                        |      icmp|   0|  0|   34|          27|           1|
    |icmp_ln118_14_fu_14701_p2                        |      icmp|   0|  0|   34|          27|           1|
    |icmp_ln118_15_fu_14803_p2                        |      icmp|   0|  0|   34|          27|           1|
    |icmp_ln118_1_fu_12178_p2                         |      icmp|   0|  0|   34|          27|           1|
    |icmp_ln118_2_fu_12451_p2                         |      icmp|   0|  0|   34|          27|           1|
    |icmp_ln118_3_fu_12553_p2                         |      icmp|   0|  0|   34|          27|           1|
    |icmp_ln118_4_fu_12826_p2                         |      icmp|   0|  0|   34|          27|           1|
    |icmp_ln118_5_fu_12928_p2                         |      icmp|   0|  0|   34|          27|           1|
    |icmp_ln118_6_fu_13201_p2                         |      icmp|   0|  0|   34|          27|           1|
    |icmp_ln118_7_fu_13303_p2                         |      icmp|   0|  0|   34|          27|           1|
    |icmp_ln118_8_fu_13576_p2                         |      icmp|   0|  0|   34|          27|           1|
    |icmp_ln118_9_fu_13678_p2                         |      icmp|   0|  0|   34|          27|           1|
    |icmp_ln118_fu_12076_p2                           |      icmp|   0|  0|   34|          27|           1|
    |icmp_ln160_1_fu_12350_p2                         |      icmp|   0|  0|   16|           9|           9|
    |icmp_ln160_2_fu_12725_p2                         |      icmp|   0|  0|   16|           9|           9|
    |icmp_ln160_3_fu_13100_p2                         |      icmp|   0|  0|   16|           9|           9|
    |icmp_ln160_4_fu_13475_p2                         |      icmp|   0|  0|   16|           9|           9|
    |icmp_ln160_5_fu_13850_p2                         |      icmp|   0|  0|   16|           9|           9|
    |icmp_ln160_6_fu_14225_p2                         |      icmp|   0|  0|   16|           9|           9|
    |icmp_ln160_7_fu_14600_p2                         |      icmp|   0|  0|   16|           9|           9|
    |icmp_ln160_fu_11975_p2                           |      icmp|   0|  0|   16|           9|           9|
    |icmp_ln174_1_fu_15294_p2                         |      icmp|   0|  0|   34|          27|          27|
    |icmp_ln174_2_fu_15695_p2                         |      icmp|   0|  0|   34|          27|          27|
    |icmp_ln174_3_fu_16096_p2                         |      icmp|   0|  0|   34|          27|          27|
    |icmp_ln174_4_fu_16497_p2                         |      icmp|   0|  0|   34|          27|          27|
    |icmp_ln174_5_fu_16898_p2                         |      icmp|   0|  0|   34|          27|          27|
    |icmp_ln174_6_fu_17299_p2                         |      icmp|   0|  0|   34|          27|          27|
    |icmp_ln174_7_fu_17700_p2                         |      icmp|   0|  0|   34|          27|          27|
    |icmp_ln174_fu_14893_p2                           |      icmp|   0|  0|   34|          27|          27|
    |icmp_ln182_1_fu_15376_p2                         |      icmp|   0|  0|   35|          28|           1|
    |icmp_ln182_2_fu_15777_p2                         |      icmp|   0|  0|   35|          28|           1|
    |icmp_ln182_3_fu_16178_p2                         |      icmp|   0|  0|   35|          28|           1|
    |icmp_ln182_4_fu_16579_p2                         |      icmp|   0|  0|   35|          28|           1|
    |icmp_ln182_5_fu_16980_p2                         |      icmp|   0|  0|   35|          28|           1|
    |icmp_ln182_6_fu_17381_p2                         |      icmp|   0|  0|   35|          28|           1|
    |icmp_ln182_7_fu_17782_p2                         |      icmp|   0|  0|   35|          28|           1|
    |icmp_ln182_fu_14975_p2                           |      icmp|   0|  0|   35|          28|           1|
    |icmp_ln248_1_fu_15590_p2                         |      icmp|   0|  0|    9|           2|           1|
    |icmp_ln248_2_fu_15991_p2                         |      icmp|   0|  0|    9|           2|           1|
    |icmp_ln248_3_fu_16392_p2                         |      icmp|   0|  0|    9|           2|           1|
    |icmp_ln248_4_fu_16793_p2                         |      icmp|   0|  0|    9|           2|           1|
    |icmp_ln248_5_fu_17194_p2                         |      icmp|   0|  0|    9|           2|           1|
    |icmp_ln248_6_fu_17595_p2                         |      icmp|   0|  0|    9|           2|           1|
    |icmp_ln248_7_fu_17996_p2                         |      icmp|   0|  0|    9|           2|           1|
    |icmp_ln248_fu_15189_p2                           |      icmp|   0|  0|    9|           2|           1|
    |icmp_ln264_10_fu_19978_p2                        |      icmp|   0|  0|   15|           8|           1|
    |icmp_ln264_11_fu_19996_p2                        |      icmp|   0|  0|   15|           8|           1|
    |icmp_ln264_12_fu_20614_p2                        |      icmp|   0|  0|   15|           8|           2|
    |icmp_ln264_13_fu_20638_p2                        |      icmp|   0|  0|   15|           8|           2|
    |icmp_ln264_14_fu_20644_p2                        |      icmp|   0|  0|   15|           8|           1|
    |icmp_ln264_15_fu_20662_p2                        |      icmp|   0|  0|   15|           8|           1|
    |icmp_ln264_16_fu_21280_p2                        |      icmp|   0|  0|   15|           8|           2|
    |icmp_ln264_17_fu_21304_p2                        |      icmp|   0|  0|   15|           8|           2|
    |icmp_ln264_18_fu_21310_p2                        |      icmp|   0|  0|   15|           8|           1|
    |icmp_ln264_19_fu_21328_p2                        |      icmp|   0|  0|   15|           8|           1|
    |icmp_ln264_1_fu_18640_p2                         |      icmp|   0|  0|   15|           8|           2|
    |icmp_ln264_20_fu_21946_p2                        |      icmp|   0|  0|   15|           8|           2|
    |icmp_ln264_21_fu_21970_p2                        |      icmp|   0|  0|   15|           8|           2|
    |icmp_ln264_22_fu_21976_p2                        |      icmp|   0|  0|   15|           8|           1|
    |icmp_ln264_23_fu_21994_p2                        |      icmp|   0|  0|   15|           8|           1|
    |icmp_ln264_24_fu_22612_p2                        |      icmp|   0|  0|   15|           8|           2|
    |icmp_ln264_25_fu_22636_p2                        |      icmp|   0|  0|   15|           8|           2|
    |icmp_ln264_26_fu_22642_p2                        |      icmp|   0|  0|   15|           8|           1|
    |icmp_ln264_27_fu_22660_p2                        |      icmp|   0|  0|   15|           8|           1|
    |icmp_ln264_28_fu_23278_p2                        |      icmp|   0|  0|   15|           8|           2|
    |icmp_ln264_29_fu_23302_p2                        |      icmp|   0|  0|   15|           8|           2|
    |icmp_ln264_2_fu_18646_p2                         |      icmp|   0|  0|   15|           8|           1|
    |icmp_ln264_30_fu_23308_p2                        |      icmp|   0|  0|   15|           8|           1|
    |icmp_ln264_31_fu_23326_p2                        |      icmp|   0|  0|   15|           8|           1|
    |icmp_ln264_3_fu_18664_p2                         |      icmp|   0|  0|   15|           8|           1|
    |icmp_ln264_4_fu_19282_p2                         |      icmp|   0|  0|   15|           8|           2|
    |icmp_ln264_5_fu_19306_p2                         |      icmp|   0|  0|   15|           8|           2|
    |icmp_ln264_6_fu_19312_p2                         |      icmp|   0|  0|   15|           8|           1|
    |icmp_ln264_7_fu_19330_p2                         |      icmp|   0|  0|   15|           8|           1|
    |icmp_ln264_8_fu_19948_p2                         |      icmp|   0|  0|   15|           8|           2|
    |icmp_ln264_9_fu_19972_p2                         |      icmp|   0|  0|   15|           8|           2|
    |icmp_ln264_fu_18616_p2                           |      icmp|   0|  0|   15|           8|           2|
    |icmp_ln266_1_fu_19144_p2                         |      icmp|   0|  0|   30|          23|           1|
    |icmp_ln266_2_fu_19810_p2                         |      icmp|   0|  0|   30|          23|           1|
    |icmp_ln266_3_fu_20476_p2                         |      icmp|   0|  0|   30|          23|           1|
    |icmp_ln266_4_fu_21142_p2                         |      icmp|   0|  0|   30|          23|           1|
    |icmp_ln266_5_fu_21808_p2                         |      icmp|   0|  0|   30|          23|           1|
    |icmp_ln266_6_fu_22474_p2                         |      icmp|   0|  0|   30|          23|           1|
    |icmp_ln266_7_fu_23140_p2                         |      icmp|   0|  0|   30|          23|           1|
    |icmp_ln266_fu_18478_p2                           |      icmp|   0|  0|   30|          23|           1|
    |icmp_ln276_1_fu_19130_p2                         |      icmp|   0|  0|   12|           4|           1|
    |icmp_ln276_2_fu_19796_p2                         |      icmp|   0|  0|   12|           4|           1|
    |icmp_ln276_3_fu_20462_p2                         |      icmp|   0|  0|   12|           4|           1|
    |icmp_ln276_4_fu_21128_p2                         |      icmp|   0|  0|   12|           4|           1|
    |icmp_ln276_5_fu_21794_p2                         |      icmp|   0|  0|   12|           4|           1|
    |icmp_ln276_6_fu_22460_p2                         |      icmp|   0|  0|   12|           4|           1|
    |icmp_ln276_7_fu_23126_p2                         |      icmp|   0|  0|   12|           4|           1|
    |icmp_ln276_fu_18464_p2                           |      icmp|   0|  0|   12|           4|           1|
    |icmp_ln281_1_fu_19150_p2                         |      icmp|   0|  0|   15|           8|           5|
    |icmp_ln281_2_fu_19816_p2                         |      icmp|   0|  0|   15|           8|           5|
    |icmp_ln281_3_fu_20482_p2                         |      icmp|   0|  0|   15|           8|           5|
    |icmp_ln281_4_fu_21148_p2                         |      icmp|   0|  0|   15|           8|           5|
    |icmp_ln281_5_fu_21814_p2                         |      icmp|   0|  0|   15|           8|           5|
    |icmp_ln281_6_fu_22480_p2                         |      icmp|   0|  0|   15|           8|           5|
    |icmp_ln281_7_fu_23146_p2                         |      icmp|   0|  0|   15|           8|           5|
    |icmp_ln281_fu_18484_p2                           |      icmp|   0|  0|   15|           8|           5|
    |icmp_ln284_1_fu_19182_p2                         |      icmp|   0|  0|   21|          13|          14|
    |icmp_ln284_2_fu_19848_p2                         |      icmp|   0|  0|   21|          13|          14|
    |icmp_ln284_3_fu_20514_p2                         |      icmp|   0|  0|   21|          13|          14|
    |icmp_ln284_4_fu_21180_p2                         |      icmp|   0|  0|   21|          13|          14|
    |icmp_ln284_5_fu_21846_p2                         |      icmp|   0|  0|   21|          13|          14|
    |icmp_ln284_6_fu_22512_p2                         |      icmp|   0|  0|   21|          13|          14|
    |icmp_ln284_7_fu_23178_p2                         |      icmp|   0|  0|   21|          13|          14|
    |icmp_ln284_fu_18516_p2                           |      icmp|   0|  0|   21|          13|          14|
    |icmp_ln285_1_fu_19194_p2                         |      icmp|   0|  0|   21|          13|          14|
    |icmp_ln285_2_fu_19860_p2                         |      icmp|   0|  0|   21|          13|          14|
    |icmp_ln285_3_fu_20526_p2                         |      icmp|   0|  0|   21|          13|          14|
    |icmp_ln285_4_fu_21192_p2                         |      icmp|   0|  0|   21|          13|          14|
    |icmp_ln285_5_fu_21858_p2                         |      icmp|   0|  0|   21|          13|          14|
    |icmp_ln285_6_fu_22524_p2                         |      icmp|   0|  0|   21|          13|          14|
    |icmp_ln285_7_fu_23190_p2                         |      icmp|   0|  0|   21|          13|          14|
    |icmp_ln285_fu_18528_p2                           |      icmp|   0|  0|   21|          13|          14|
    |icmp_ln295_1_fu_19262_p2                         |      icmp|   0|  0|   16|           9|           5|
    |icmp_ln295_2_fu_19928_p2                         |      icmp|   0|  0|   16|           9|           5|
    |icmp_ln295_3_fu_20594_p2                         |      icmp|   0|  0|   16|           9|           5|
    |icmp_ln295_4_fu_21260_p2                         |      icmp|   0|  0|   16|           9|           5|
    |icmp_ln295_5_fu_21926_p2                         |      icmp|   0|  0|   16|           9|           5|
    |icmp_ln295_6_fu_22592_p2                         |      icmp|   0|  0|   16|           9|           5|
    |icmp_ln295_7_fu_23258_p2                         |      icmp|   0|  0|   16|           9|           5|
    |icmp_ln295_fu_18596_p2                           |      icmp|   0|  0|   16|           9|           5|
    |icmp_ln313_1_fu_3244_p2                          |      icmp|   0|  0|   12|           5|           2|
    |icmp_ln313_2_fu_4486_p2                          |      icmp|   0|  0|   12|           5|           2|
    |icmp_ln313_3_fu_5728_p2                          |      icmp|   0|  0|   12|           5|           2|
    |icmp_ln313_4_fu_6970_p2                          |      icmp|   0|  0|   12|           5|           2|
    |icmp_ln313_5_fu_8212_p2                          |      icmp|   0|  0|   12|           5|           2|
    |icmp_ln313_6_fu_9454_p2                          |      icmp|   0|  0|   12|           5|           2|
    |icmp_ln313_7_fu_10696_p2                         |      icmp|   0|  0|   12|           5|           2|
    |icmp_ln313_fu_1996_p2                            |      icmp|   0|  0|   12|           5|           2|
    |icmp_ln314_1_fu_3250_p2                          |      icmp|   0|  0|   17|          10|           1|
    |icmp_ln314_2_fu_4492_p2                          |      icmp|   0|  0|   17|          10|           1|
    |icmp_ln314_3_fu_5734_p2                          |      icmp|   0|  0|   17|          10|           1|
    |icmp_ln314_4_fu_6976_p2                          |      icmp|   0|  0|   17|          10|           1|
    |icmp_ln314_5_fu_8218_p2                          |      icmp|   0|  0|   17|          10|           1|
    |icmp_ln314_6_fu_9460_p2                          |      icmp|   0|  0|   17|          10|           1|
    |icmp_ln314_7_fu_10702_p2                         |      icmp|   0|  0|   17|          10|           1|
    |icmp_ln314_fu_2002_p2                            |      icmp|   0|  0|   17|          10|           1|
    |icmp_ln320_1_fu_3266_p2                          |      icmp|   0|  0|   12|           5|           1|
    |icmp_ln320_2_fu_4508_p2                          |      icmp|   0|  0|   12|           5|           1|
    |icmp_ln320_3_fu_5750_p2                          |      icmp|   0|  0|   12|           5|           1|
    |icmp_ln320_4_fu_6992_p2                          |      icmp|   0|  0|   12|           5|           1|
    |icmp_ln320_5_fu_8234_p2                          |      icmp|   0|  0|   12|           5|           1|
    |icmp_ln320_6_fu_9476_p2                          |      icmp|   0|  0|   12|           5|           1|
    |icmp_ln320_7_fu_10718_p2                         |      icmp|   0|  0|   12|           5|           1|
    |icmp_ln320_fu_2018_p2                            |      icmp|   0|  0|   12|           5|           1|
    |icmp_ln332_1_fu_3356_p2                          |      icmp|   0|  0|   12|           5|           4|
    |icmp_ln332_2_fu_4598_p2                          |      icmp|   0|  0|   12|           5|           4|
    |icmp_ln332_3_fu_5840_p2                          |      icmp|   0|  0|   12|           5|           4|
    |icmp_ln332_4_fu_7082_p2                          |      icmp|   0|  0|   12|           5|           4|
    |icmp_ln332_5_fu_8324_p2                          |      icmp|   0|  0|   12|           5|           4|
    |icmp_ln332_6_fu_9566_p2                          |      icmp|   0|  0|   12|           5|           4|
    |icmp_ln332_7_fu_10808_p2                         |      icmp|   0|  0|   12|           5|           4|
    |icmp_ln332_fu_2108_p2                            |      icmp|   0|  0|   12|           5|           4|
    |icmp_ln344_1_fu_3474_p2                          |      icmp|   0|  0|   18|          11|           1|
    |icmp_ln344_2_fu_4716_p2                          |      icmp|   0|  0|   18|          11|           1|
    |icmp_ln344_3_fu_5958_p2                          |      icmp|   0|  0|   18|          11|           1|
    |icmp_ln344_4_fu_7200_p2                          |      icmp|   0|  0|   18|          11|           1|
    |icmp_ln344_5_fu_8442_p2                          |      icmp|   0|  0|   18|          11|           1|
    |icmp_ln344_6_fu_9684_p2                          |      icmp|   0|  0|   18|          11|           1|
    |icmp_ln344_7_fu_10926_p2                         |      icmp|   0|  0|   18|          11|           1|
    |icmp_ln344_fu_2226_p2                            |      icmp|   0|  0|   18|          11|           1|
    |icmp_ln354_1_fu_3590_p2                          |      icmp|   0|  0|   18|          11|           1|
    |icmp_ln354_2_fu_4832_p2                          |      icmp|   0|  0|   18|          11|           1|
    |icmp_ln354_3_fu_6074_p2                          |      icmp|   0|  0|   18|          11|           1|
    |icmp_ln354_4_fu_7316_p2                          |      icmp|   0|  0|   18|          11|           1|
    |icmp_ln354_5_fu_8558_p2                          |      icmp|   0|  0|   18|          11|           1|
    |icmp_ln354_6_fu_9800_p2                          |      icmp|   0|  0|   18|          11|           1|
    |icmp_ln354_7_fu_11042_p2                         |      icmp|   0|  0|   18|          11|           1|
    |icmp_ln354_fu_2342_p2                            |      icmp|   0|  0|   18|          11|           1|
    |icmp_ln376_10_fu_16075_p2                        |      icmp|   0|  0|   15|           8|           1|
    |icmp_ln376_11_fu_16081_p2                        |      icmp|   0|  0|   15|           8|           2|
    |icmp_ln376_12_fu_16458_p2                        |      icmp|   0|  0|   15|           8|           1|
    |icmp_ln376_13_fu_16464_p2                        |      icmp|   0|  0|   15|           8|           2|
    |icmp_ln376_14_fu_16476_p2                        |      icmp|   0|  0|   15|           8|           1|
    |icmp_ln376_15_fu_16482_p2                        |      icmp|   0|  0|   15|           8|           2|
    |icmp_ln376_16_fu_16859_p2                        |      icmp|   0|  0|   15|           8|           1|
    |icmp_ln376_17_fu_16865_p2                        |      icmp|   0|  0|   15|           8|           2|
    |icmp_ln376_18_fu_16877_p2                        |      icmp|   0|  0|   15|           8|           1|
    |icmp_ln376_19_fu_16883_p2                        |      icmp|   0|  0|   15|           8|           2|
    |icmp_ln376_1_fu_15261_p2                         |      icmp|   0|  0|   15|           8|           2|
    |icmp_ln376_20_fu_17260_p2                        |      icmp|   0|  0|   15|           8|           1|
    |icmp_ln376_21_fu_17266_p2                        |      icmp|   0|  0|   15|           8|           2|
    |icmp_ln376_22_fu_17278_p2                        |      icmp|   0|  0|   15|           8|           1|
    |icmp_ln376_23_fu_17284_p2                        |      icmp|   0|  0|   15|           8|           2|
    |icmp_ln376_24_fu_17661_p2                        |      icmp|   0|  0|   15|           8|           1|
    |icmp_ln376_25_fu_17667_p2                        |      icmp|   0|  0|   15|           8|           2|
    |icmp_ln376_26_fu_17679_p2                        |      icmp|   0|  0|   15|           8|           1|
    |icmp_ln376_27_fu_17685_p2                        |      icmp|   0|  0|   15|           8|           2|
    |icmp_ln376_28_fu_18062_p2                        |      icmp|   0|  0|   15|           8|           1|
    |icmp_ln376_29_fu_18068_p2                        |      icmp|   0|  0|   15|           8|           2|
    |icmp_ln376_2_fu_15273_p2                         |      icmp|   0|  0|   15|           8|           1|
    |icmp_ln376_30_fu_18080_p2                        |      icmp|   0|  0|   15|           8|           1|
    |icmp_ln376_31_fu_18086_p2                        |      icmp|   0|  0|   15|           8|           2|
    |icmp_ln376_3_fu_15279_p2                         |      icmp|   0|  0|   15|           8|           2|
    |icmp_ln376_4_fu_15656_p2                         |      icmp|   0|  0|   15|           8|           1|
    |icmp_ln376_5_fu_15662_p2                         |      icmp|   0|  0|   15|           8|           2|
    |icmp_ln376_6_fu_15674_p2                         |      icmp|   0|  0|   15|           8|           1|
    |icmp_ln376_7_fu_15680_p2                         |      icmp|   0|  0|   15|           8|           2|
    |icmp_ln376_8_fu_16057_p2                         |      icmp|   0|  0|   15|           8|           1|
    |icmp_ln376_9_fu_16063_p2                         |      icmp|   0|  0|   15|           8|           2|
    |icmp_ln376_fu_15255_p2                           |      icmp|   0|  0|   15|           8|           1|
    |icmp_ln381_1_fu_18781_p2                         |      icmp|   0|  0|   25|          18|           8|
    |icmp_ln381_2_fu_19447_p2                         |      icmp|   0|  0|   25|          18|           8|
    |icmp_ln381_3_fu_20113_p2                         |      icmp|   0|  0|   25|          18|           8|
    |icmp_ln381_4_fu_20779_p2                         |      icmp|   0|  0|   25|          18|           8|
    |icmp_ln381_5_fu_21445_p2                         |      icmp|   0|  0|   25|          18|           8|
    |icmp_ln381_6_fu_22111_p2                         |      icmp|   0|  0|   25|          18|           8|
    |icmp_ln381_7_fu_22777_p2                         |      icmp|   0|  0|   25|          18|           8|
    |icmp_ln381_fu_18115_p2                           |      icmp|   0|  0|   25|          18|           8|
    |icmp_ln385_1_fu_18796_p2                         |      icmp|   0|  0|   25|          18|           8|
    |icmp_ln385_2_fu_19462_p2                         |      icmp|   0|  0|   25|          18|           8|
    |icmp_ln385_3_fu_20128_p2                         |      icmp|   0|  0|   25|          18|           8|
    |icmp_ln385_4_fu_20794_p2                         |      icmp|   0|  0|   25|          18|           8|
    |icmp_ln385_5_fu_21460_p2                         |      icmp|   0|  0|   25|          18|           8|
    |icmp_ln385_6_fu_22126_p2                         |      icmp|   0|  0|   25|          18|           8|
    |icmp_ln385_7_fu_22792_p2                         |      icmp|   0|  0|   25|          18|           8|
    |icmp_ln385_fu_18130_p2                           |      icmp|   0|  0|   25|          18|           8|
    |icmp_ln395_1_fu_18818_p2                         |      icmp|   0|  0|   24|          17|           5|
    |icmp_ln395_2_fu_19484_p2                         |      icmp|   0|  0|   24|          17|           5|
    |icmp_ln395_3_fu_20150_p2                         |      icmp|   0|  0|   24|          17|           5|
    |icmp_ln395_4_fu_20816_p2                         |      icmp|   0|  0|   24|          17|           5|
    |icmp_ln395_5_fu_21482_p2                         |      icmp|   0|  0|   24|          17|           5|
    |icmp_ln395_6_fu_22148_p2                         |      icmp|   0|  0|   24|          17|           5|
    |icmp_ln395_7_fu_22814_p2                         |      icmp|   0|  0|   24|          17|           5|
    |icmp_ln395_fu_18152_p2                           |      icmp|   0|  0|   24|          17|           5|
    |icmp_ln493_1_fu_4446_p2                          |      icmp|   0|  0|   10|           3|           3|
    |icmp_ln493_2_fu_5688_p2                          |      icmp|   0|  0|   10|           3|           3|
    |icmp_ln493_3_fu_6930_p2                          |      icmp|   0|  0|   10|           3|           3|
    |icmp_ln493_4_fu_8172_p2                          |      icmp|   0|  0|   10|           3|           3|
    |icmp_ln493_5_fu_9414_p2                          |      icmp|   0|  0|   10|           3|           3|
    |icmp_ln493_6_fu_10656_p2                         |      icmp|   0|  0|   10|           3|           3|
    |icmp_ln493_7_fu_18105_p2                         |      icmp|   0|  0|   10|           3|           3|
    |icmp_ln493_fu_3204_p2                            |      icmp|   0|  0|   10|           3|           3|
    |icmp_ln49_10_fu_6312_p2                          |      icmp|   0|  0|   12|           5|           2|
    |icmp_ln49_11_fu_6318_p2                          |      icmp|   0|  0|   17|          10|           1|
    |icmp_ln49_12_fu_7390_p2                          |      icmp|   0|  0|   17|          10|           1|
    |icmp_ln49_13_fu_7554_p2                          |      icmp|   0|  0|   12|           5|           2|
    |icmp_ln49_14_fu_7560_p2                          |      icmp|   0|  0|   17|          10|           1|
    |icmp_ln49_15_fu_8632_p2                          |      icmp|   0|  0|   17|          10|           1|
    |icmp_ln49_16_fu_8796_p2                          |      icmp|   0|  0|   12|           5|           2|
    |icmp_ln49_17_fu_8802_p2                          |      icmp|   0|  0|   17|          10|           1|
    |icmp_ln49_18_fu_9874_p2                          |      icmp|   0|  0|   17|          10|           1|
    |icmp_ln49_19_fu_10038_p2                         |      icmp|   0|  0|   12|           5|           2|
    |icmp_ln49_1_fu_2586_p2                           |      icmp|   0|  0|   12|           5|           2|
    |icmp_ln49_20_fu_10044_p2                         |      icmp|   0|  0|   17|          10|           1|
    |icmp_ln49_21_fu_11116_p2                         |      icmp|   0|  0|   17|          10|           1|
    |icmp_ln49_22_fu_11280_p2                         |      icmp|   0|  0|   12|           5|           2|
    |icmp_ln49_23_fu_11286_p2                         |      icmp|   0|  0|   17|          10|           1|
    |icmp_ln49_2_fu_2592_p2                           |      icmp|   0|  0|   17|          10|           1|
    |icmp_ln49_3_fu_3664_p2                           |      icmp|   0|  0|   17|          10|           1|
    |icmp_ln49_4_fu_3828_p2                           |      icmp|   0|  0|   12|           5|           2|
    |icmp_ln49_5_fu_3834_p2                           |      icmp|   0|  0|   17|          10|           1|
    |icmp_ln49_6_fu_4906_p2                           |      icmp|   0|  0|   17|          10|           1|
    |icmp_ln49_7_fu_5070_p2                           |      icmp|   0|  0|   12|           5|           2|
    |icmp_ln49_8_fu_5076_p2                           |      icmp|   0|  0|   17|          10|           1|
    |icmp_ln49_9_fu_6148_p2                           |      icmp|   0|  0|   17|          10|           1|
    |icmp_ln49_fu_2416_p2                             |      icmp|   0|  0|   17|          10|           1|
    |icmp_ln50_1_fu_3846_p2                           |      icmp|   0|  0|   17|          10|           1|
    |icmp_ln50_2_fu_5088_p2                           |      icmp|   0|  0|   17|          10|           1|
    |icmp_ln50_3_fu_6330_p2                           |      icmp|   0|  0|   17|          10|           1|
    |icmp_ln50_4_fu_7572_p2                           |      icmp|   0|  0|   17|          10|           1|
    |icmp_ln50_5_fu_8814_p2                           |      icmp|   0|  0|   17|          10|           1|
    |icmp_ln50_6_fu_10056_p2                          |      icmp|   0|  0|   17|          10|           1|
    |icmp_ln50_7_fu_11298_p2                          |      icmp|   0|  0|   17|          10|           1|
    |icmp_ln50_fu_2604_p2                             |      icmp|   0|  0|   17|          10|           1|
    |icmp_ln51_1_fu_3858_p2                           |      icmp|   0|  0|   12|           5|           1|
    |icmp_ln51_2_fu_5100_p2                           |      icmp|   0|  0|   12|           5|           1|
    |icmp_ln51_3_fu_6342_p2                           |      icmp|   0|  0|   12|           5|           1|
    |icmp_ln51_4_fu_7584_p2                           |      icmp|   0|  0|   12|           5|           1|
    |icmp_ln51_5_fu_8826_p2                           |      icmp|   0|  0|   12|           5|           1|
    |icmp_ln51_6_fu_10068_p2                          |      icmp|   0|  0|   12|           5|           1|
    |icmp_ln51_7_fu_11310_p2                          |      icmp|   0|  0|   12|           5|           1|
    |icmp_ln51_fu_2616_p2                             |      icmp|   0|  0|   12|           5|           1|
    |icmp_ln71_10_fu_8988_p2                          |      icmp|   0|  0|   15|           8|           2|
    |icmp_ln71_11_fu_8994_p2                          |      icmp|   0|  0|   30|          23|           1|
    |icmp_ln71_12_fu_10230_p2                         |      icmp|   0|  0|   15|           8|           2|
    |icmp_ln71_13_fu_10236_p2                         |      icmp|   0|  0|   30|          23|           1|
    |icmp_ln71_14_fu_11472_p2                         |      icmp|   0|  0|   15|           8|           2|
    |icmp_ln71_15_fu_11478_p2                         |      icmp|   0|  0|   30|          23|           1|
    |icmp_ln71_1_fu_2784_p2                           |      icmp|   0|  0|   30|          23|           1|
    |icmp_ln71_2_fu_4020_p2                           |      icmp|   0|  0|   15|           8|           2|
    |icmp_ln71_3_fu_4026_p2                           |      icmp|   0|  0|   30|          23|           1|
    |icmp_ln71_4_fu_5262_p2                           |      icmp|   0|  0|   15|           8|           2|
    |icmp_ln71_5_fu_5268_p2                           |      icmp|   0|  0|   30|          23|           1|
    |icmp_ln71_6_fu_6504_p2                           |      icmp|   0|  0|   15|           8|           2|
    |icmp_ln71_7_fu_6510_p2                           |      icmp|   0|  0|   30|          23|           1|
    |icmp_ln71_8_fu_7746_p2                           |      icmp|   0|  0|   15|           8|           2|
    |icmp_ln71_9_fu_7752_p2                           |      icmp|   0|  0|   30|          23|           1|
    |icmp_ln71_fu_2778_p2                             |      icmp|   0|  0|   15|           8|           2|
    |icmp_ln72_1_fu_4038_p2                           |      icmp|   0|  0|   30|          23|           1|
    |icmp_ln72_2_fu_5280_p2                           |      icmp|   0|  0|   30|          23|           1|
    |icmp_ln72_3_fu_6522_p2                           |      icmp|   0|  0|   30|          23|           1|
    |icmp_ln72_4_fu_7764_p2                           |      icmp|   0|  0|   30|          23|           1|
    |icmp_ln72_5_fu_9006_p2                           |      icmp|   0|  0|   30|          23|           1|
    |icmp_ln72_6_fu_10248_p2                          |      icmp|   0|  0|   30|          23|           1|
    |icmp_ln72_7_fu_11490_p2                          |      icmp|   0|  0|   30|          23|           1|
    |icmp_ln72_fu_2796_p2                             |      icmp|   0|  0|   30|          23|           1|
    |icmp_ln73_1_fu_4050_p2                           |      icmp|   0|  0|   15|           8|           1|
    |icmp_ln73_2_fu_5292_p2                           |      icmp|   0|  0|   15|           8|           1|
    |icmp_ln73_3_fu_6534_p2                           |      icmp|   0|  0|   15|           8|           1|
    |icmp_ln73_4_fu_7776_p2                           |      icmp|   0|  0|   15|           8|           1|
    |icmp_ln73_5_fu_9018_p2                           |      icmp|   0|  0|   15|           8|           1|
    |icmp_ln73_6_fu_10260_p2                          |      icmp|   0|  0|   15|           8|           1|
    |icmp_ln73_7_fu_11502_p2                          |      icmp|   0|  0|   15|           8|           1|
    |icmp_ln73_fu_2808_p2                             |      icmp|   0|  0|   15|           8|           1|
    |sticky_1_fu_18877_p2                             |      icmp|   0|  0|   30|          23|           1|
    |sticky_2_fu_19543_p2                             |      icmp|   0|  0|   30|          23|           1|
    |sticky_3_fu_20209_p2                             |      icmp|   0|  0|   30|          23|           1|
    |sticky_4_fu_20875_p2                             |      icmp|   0|  0|   30|          23|           1|
    |sticky_5_fu_21541_p2                             |      icmp|   0|  0|   30|          23|           1|
    |sticky_6_fu_22207_p2                             |      icmp|   0|  0|   30|          23|           1|
    |sticky_7_fu_22873_p2                             |      icmp|   0|  0|   30|          23|           1|
    |sticky_fu_18211_p2                               |      icmp|   0|  0|   30|          23|           1|
    |aligned_1_fu_18851_p2                            |      lshr|   0|  0|  149|          48|          48|
    |aligned_2_fu_19517_p2                            |      lshr|   0|  0|  149|          48|          48|
    |aligned_3_fu_20183_p2                            |      lshr|   0|  0|  149|          48|          48|
    |aligned_4_fu_20849_p2                            |      lshr|   0|  0|  149|          48|          48|
    |aligned_5_fu_21515_p2                            |      lshr|   0|  0|  149|          48|          48|
    |aligned_6_fu_22181_p2                            |      lshr|   0|  0|  149|          48|          48|
    |aligned_7_fu_22847_p2                            |      lshr|   0|  0|  149|          48|          48|
    |aligned_fu_18185_p2                              |      lshr|   0|  0|  149|          48|          48|
    |integer_magnitude_10_fu_5850_p2                  |      lshr|   0|  0|   66|          25|          25|
    |integer_magnitude_13_fu_7092_p2                  |      lshr|   0|  0|   66|          25|          25|
    |integer_magnitude_16_fu_8334_p2                  |      lshr|   0|  0|   66|          25|          25|
    |integer_magnitude_19_fu_9576_p2                  |      lshr|   0|  0|   66|          25|          25|
    |integer_magnitude_1_fu_2118_p2                   |      lshr|   0|  0|   66|          25|          25|
    |integer_magnitude_22_fu_10818_p2                 |      lshr|   0|  0|   66|          25|          25|
    |integer_magnitude_4_fu_3366_p2                   |      lshr|   0|  0|   66|          25|          25|
    |integer_magnitude_7_fu_4608_p2                   |      lshr|   0|  0|   66|          25|          25|
    |lshr_ln353_1_fu_3534_p2                          |      lshr|   0|  0|   92|          32|          32|
    |lshr_ln353_2_fu_4776_p2                          |      lshr|   0|  0|   92|          32|          32|
    |lshr_ln353_3_fu_6018_p2                          |      lshr|   0|  0|   92|          32|          32|
    |lshr_ln353_4_fu_7260_p2                          |      lshr|   0|  0|   92|          32|          32|
    |lshr_ln353_5_fu_8502_p2                          |      lshr|   0|  0|   92|          32|          32|
    |lshr_ln353_6_fu_9744_p2                          |      lshr|   0|  0|   92|          32|          32|
    |lshr_ln353_7_fu_10986_p2                         |      lshr|   0|  0|   92|          32|          32|
    |lshr_ln353_fu_2286_p2                            |      lshr|   0|  0|   92|          32|          32|
    |shifted_12_fu_13175_p2                           |      lshr|   0|  0|  161|          54|          54|
    |shifted_13_fu_13277_p2                           |      lshr|   0|  0|  161|          54|          54|
    |shifted_16_fu_13550_p2                           |      lshr|   0|  0|  161|          54|          54|
    |shifted_17_fu_13652_p2                           |      lshr|   0|  0|  161|          54|          54|
    |shifted_1_fu_12152_p2                            |      lshr|   0|  0|  161|          54|          54|
    |shifted_20_fu_13925_p2                           |      lshr|   0|  0|  161|          54|          54|
    |shifted_21_fu_14027_p2                           |      lshr|   0|  0|  161|          54|          54|
    |shifted_24_fu_14300_p2                           |      lshr|   0|  0|  161|          54|          54|
    |shifted_25_fu_14402_p2                           |      lshr|   0|  0|  161|          54|          54|
    |shifted_28_fu_14675_p2                           |      lshr|   0|  0|  161|          54|          54|
    |shifted_29_fu_14777_p2                           |      lshr|   0|  0|  161|          54|          54|
    |shifted_4_fu_12425_p2                            |      lshr|   0|  0|  161|          54|          54|
    |shifted_5_fu_12527_p2                            |      lshr|   0|  0|  161|          54|          54|
    |shifted_8_fu_12800_p2                            |      lshr|   0|  0|  161|          54|          54|
    |shifted_9_fu_12902_p2                            |      lshr|   0|  0|  161|          54|          54|
    |shifted_fu_12050_p2                              |      lshr|   0|  0|  161|          54|          54|
    |ap_condition_2411                                |        or|   0|  0|    2|           1|           1|
    |ap_condition_2417                                |        or|   0|  0|    2|           1|           1|
    |ap_condition_2538                                |        or|   0|  0|    2|           1|           1|
    |ap_condition_2544                                |        or|   0|  0|    2|           1|           1|
    |ap_condition_2664                                |        or|   0|  0|    2|           1|           1|
    |ap_condition_2670                                |        or|   0|  0|    2|           1|           1|
    |ap_condition_2790                                |        or|   0|  0|    2|           1|           1|
    |ap_condition_2796                                |        or|   0|  0|    2|           1|           1|
    |ap_condition_2916                                |        or|   0|  0|    2|           1|           1|
    |ap_condition_2922                                |        or|   0|  0|    2|           1|           1|
    |ap_condition_3042                                |        or|   0|  0|    2|           1|           1|
    |ap_condition_3048                                |        or|   0|  0|    2|           1|           1|
    |ap_condition_3168                                |        or|   0|  0|    2|           1|           1|
    |ap_condition_3174                                |        or|   0|  0|    2|           1|           1|
    |ap_condition_3294                                |        or|   0|  0|    2|           1|           1|
    |ap_condition_3300                                |        or|   0|  0|    2|           1|           1|
    |empty_172_fu_12082_p2                            |        or|   0|  0|    2|           1|           1|
    |empty_173_fu_12184_p2                            |        or|   0|  0|    2|           1|           1|
    |empty_174_fu_15044_p2                            |        or|   0|  0|    2|           1|           1|
    |empty_175_fu_3644_p2                             |        or|   0|  0|    2|           1|           1|
    |empty_176_fu_12832_p2                            |        or|   0|  0|    2|           1|           1|
    |empty_177_fu_12934_p2                            |        or|   0|  0|    2|           1|           1|
    |empty_178_fu_15846_p2                            |        or|   0|  0|    2|           1|           1|
    |empty_179_fu_6128_p2                             |        or|   0|  0|    2|           1|           1|
    |empty_180_fu_13582_p2                            |        or|   0|  0|    2|           1|           1|
    |empty_181_fu_13684_p2                            |        or|   0|  0|    2|           1|           1|
    |empty_182_fu_16648_p2                            |        or|   0|  0|    2|           1|           1|
    |empty_183_fu_8612_p2                             |        or|   0|  0|    2|           1|           1|
    |empty_184_fu_14332_p2                            |        or|   0|  0|    2|           1|           1|
    |empty_185_fu_14434_p2                            |        or|   0|  0|    2|           1|           1|
    |empty_186_fu_17450_p2                            |        or|   0|  0|    2|           1|           1|
    |empty_187_fu_11096_p2                            |        or|   0|  0|    2|           1|           1|
    |empty_188_fu_14707_p2                            |        or|   0|  0|    2|           1|           1|
    |empty_189_fu_14809_p2                            |        or|   0|  0|    2|           1|           1|
    |empty_190_fu_17851_p2                            |        or|   0|  0|    2|           1|           1|
    |empty_191_fu_13957_p2                            |        or|   0|  0|    2|           1|           1|
    |empty_192_fu_14059_p2                            |        or|   0|  0|    2|           1|           1|
    |empty_193_fu_17049_p2                            |        or|   0|  0|    2|           1|           1|
    |empty_194_fu_9854_p2                             |        or|   0|  0|    2|           1|           1|
    |empty_195_fu_13207_p2                            |        or|   0|  0|    2|           1|           1|
    |empty_196_fu_13309_p2                            |        or|   0|  0|    2|           1|           1|
    |empty_197_fu_16247_p2                            |        or|   0|  0|    2|           1|           1|
    |empty_198_fu_7370_p2                             |        or|   0|  0|    2|           1|           1|
    |empty_199_fu_12457_p2                            |        or|   0|  0|    2|           1|           1|
    |empty_200_fu_12559_p2                            |        or|   0|  0|    2|           1|           1|
    |empty_201_fu_15445_p2                            |        or|   0|  0|    2|           1|           1|
    |empty_202_fu_4886_p2                             |        or|   0|  0|    2|           1|           1|
    |empty_fu_2396_p2                                 |        or|   0|  0|    2|           1|           1|
    |or_ln174_1_fu_15362_p2                           |        or|   0|  0|    2|           1|           1|
    |or_ln174_2_fu_15763_p2                           |        or|   0|  0|    2|           1|           1|
    |or_ln174_3_fu_16164_p2                           |        or|   0|  0|    2|           1|           1|
    |or_ln174_4_fu_16565_p2                           |        or|   0|  0|    2|           1|           1|
    |or_ln174_5_fu_16966_p2                           |        or|   0|  0|    2|           1|           1|
    |or_ln174_6_fu_17367_p2                           |        or|   0|  0|    2|           1|           1|
    |or_ln174_7_fu_17768_p2                           |        or|   0|  0|    2|           1|           1|
    |or_ln174_fu_14961_p2                             |        or|   0|  0|    2|           1|           1|
    |or_ln226_10_fu_17114_p2                          |        or|   0|  0|    2|           1|           1|
    |or_ln226_11_fu_17120_p2                          |        or|   0|  0|    2|           1|           1|
    |or_ln226_12_fu_17515_p2                          |        or|   0|  0|    2|           1|           1|
    |or_ln226_13_fu_17521_p2                          |        or|   0|  0|    2|           1|           1|
    |or_ln226_14_fu_17916_p2                          |        or|   0|  0|    2|           1|           1|
    |or_ln226_15_fu_17922_p2                          |        or|   0|  0|    2|           1|           1|
    |or_ln226_1_fu_15115_p2                           |        or|   0|  0|    2|           1|           1|
    |or_ln226_2_fu_15510_p2                           |        or|   0|  0|    2|           1|           1|
    |or_ln226_3_fu_15516_p2                           |        or|   0|  0|    2|           1|           1|
    |or_ln226_4_fu_15911_p2                           |        or|   0|  0|    2|           1|           1|
    |or_ln226_5_fu_15917_p2                           |        or|   0|  0|    2|           1|           1|
    |or_ln226_6_fu_16312_p2                           |        or|   0|  0|    2|           1|           1|
    |or_ln226_7_fu_16318_p2                           |        or|   0|  0|    2|           1|           1|
    |or_ln226_8_fu_16713_p2                           |        or|   0|  0|    2|           1|           1|
    |or_ln226_9_fu_16719_p2                           |        or|   0|  0|    2|           1|           1|
    |or_ln226_fu_15109_p2                             |        or|   0|  0|    2|           1|           1|
    |or_ln281_1_fu_19360_p2                           |        or|   0|  0|    2|           1|           1|
    |or_ln281_2_fu_20026_p2                           |        or|   0|  0|    2|           1|           1|
    |or_ln281_3_fu_20692_p2                           |        or|   0|  0|    2|           1|           1|
    |or_ln281_4_fu_21358_p2                           |        or|   0|  0|    2|           1|           1|
    |or_ln281_5_fu_22024_p2                           |        or|   0|  0|    2|           1|           1|
    |or_ln281_6_fu_22690_p2                           |        or|   0|  0|    2|           1|           1|
    |or_ln281_7_fu_23356_p2                           |        or|   0|  0|    2|           1|           1|
    |or_ln281_fu_18694_p2                             |        or|   0|  0|    2|           1|           1|
    |or_ln285_1_fu_19214_p2                           |        or|   0|  0|    2|           1|           1|
    |or_ln285_2_fu_19880_p2                           |        or|   0|  0|    2|           1|           1|
    |or_ln285_3_fu_20546_p2                           |        or|   0|  0|    2|           1|           1|
    |or_ln285_4_fu_21212_p2                           |        or|   0|  0|    2|           1|           1|
    |or_ln285_5_fu_21878_p2                           |        or|   0|  0|    2|           1|           1|
    |or_ln285_6_fu_22544_p2                           |        or|   0|  0|    2|           1|           1|
    |or_ln285_7_fu_23210_p2                           |        or|   0|  0|    2|           1|           1|
    |or_ln285_fu_18548_p2                             |        or|   0|  0|    2|           1|           1|
    |or_ln376_1_fu_15668_p2                           |        or|   0|  0|    2|           1|           1|
    |or_ln376_2_fu_16069_p2                           |        or|   0|  0|    2|           1|           1|
    |or_ln376_3_fu_16470_p2                           |        or|   0|  0|    2|           1|           1|
    |or_ln376_4_fu_16871_p2                           |        or|   0|  0|    2|           1|           1|
    |or_ln376_5_fu_17272_p2                           |        or|   0|  0|    2|           1|           1|
    |or_ln376_6_fu_17673_p2                           |        or|   0|  0|    2|           1|           1|
    |or_ln376_7_fu_18074_p2                           |        or|   0|  0|    2|           1|           1|
    |or_ln376_fu_15267_p2                             |        or|   0|  0|    2|           1|           1|
    |or_ln409_1_fu_18889_p2                           |        or|   0|  0|    2|           1|           1|
    |or_ln409_2_fu_19555_p2                           |        or|   0|  0|    2|           1|           1|
    |or_ln409_3_fu_20221_p2                           |        or|   0|  0|    2|           1|           1|
    |or_ln409_4_fu_20887_p2                           |        or|   0|  0|    2|           1|           1|
    |or_ln409_5_fu_21553_p2                           |        or|   0|  0|    2|           1|           1|
    |or_ln409_6_fu_22219_p2                           |        or|   0|  0|    2|           1|           1|
    |or_ln409_7_fu_22885_p2                           |        or|   0|  0|    2|           1|           1|
    |or_ln409_fu_18223_p2                             |        or|   0|  0|    2|           1|           1|
    |or_ln432_10_fu_9124_p2                           |        or|   0|  0|    2|           1|           1|
    |or_ln432_11_fu_9130_p2                           |        or|   0|  0|    2|           1|           1|
    |or_ln432_12_fu_10366_p2                          |        or|   0|  0|    2|           1|           1|
    |or_ln432_13_fu_10372_p2                          |        or|   0|  0|    2|           1|           1|
    |or_ln432_14_fu_11608_p2                          |        or|   0|  0|    2|           1|           1|
    |or_ln432_15_fu_11614_p2                          |        or|   0|  0|    2|           1|           1|
    |or_ln432_1_fu_2920_p2                            |        or|   0|  0|    2|           1|           1|
    |or_ln432_2_fu_4156_p2                            |        or|   0|  0|    2|           1|           1|
    |or_ln432_3_fu_4162_p2                            |        or|   0|  0|    2|           1|           1|
    |or_ln432_4_fu_5398_p2                            |        or|   0|  0|    2|           1|           1|
    |or_ln432_5_fu_5404_p2                            |        or|   0|  0|    2|           1|           1|
    |or_ln432_6_fu_6640_p2                            |        or|   0|  0|    2|           1|           1|
    |or_ln432_7_fu_6646_p2                            |        or|   0|  0|    2|           1|           1|
    |or_ln432_8_fu_7882_p2                            |        or|   0|  0|    2|           1|           1|
    |or_ln432_9_fu_7888_p2                            |        or|   0|  0|    2|           1|           1|
    |or_ln432_fu_2914_p2                              |        or|   0|  0|    2|           1|           1|
    |or_ln435_1_fu_4180_p2                            |        or|   0|  0|    2|           1|           1|
    |or_ln435_2_fu_5422_p2                            |        or|   0|  0|    2|           1|           1|
    |or_ln435_3_fu_6664_p2                            |        or|   0|  0|    2|           1|           1|
    |or_ln435_4_fu_7906_p2                            |        or|   0|  0|    2|           1|           1|
    |or_ln435_5_fu_9148_p2                            |        or|   0|  0|    2|           1|           1|
    |or_ln435_6_fu_10390_p2                           |        or|   0|  0|    2|           1|           1|
    |or_ln435_7_fu_11632_p2                           |        or|   0|  0|    2|           1|           1|
    |or_ln435_fu_2938_p2                              |        or|   0|  0|    2|           1|           1|
    |or_ln51_10_fu_8708_p2                            |        or|   0|  0|    2|           1|           1|
    |or_ln51_11_fu_8912_p2                            |        or|   0|  0|    2|           1|           1|
    |or_ln51_12_fu_9950_p2                            |        or|   0|  0|    2|           1|           1|
    |or_ln51_13_fu_10154_p2                           |        or|   0|  0|    2|           1|           1|
    |or_ln51_14_fu_11192_p2                           |        or|   0|  0|    2|           1|           1|
    |or_ln51_15_fu_11396_p2                           |        or|   0|  0|    2|           1|           1|
    |or_ln51_1_fu_2702_p2                             |        or|   0|  0|    2|           1|           1|
    |or_ln51_2_fu_3740_p2                             |        or|   0|  0|    2|           1|           1|
    |or_ln51_3_fu_3944_p2                             |        or|   0|  0|    2|           1|           1|
    |or_ln51_4_fu_4982_p2                             |        or|   0|  0|    2|           1|           1|
    |or_ln51_5_fu_5186_p2                             |        or|   0|  0|    2|           1|           1|
    |or_ln51_6_fu_6224_p2                             |        or|   0|  0|    2|           1|           1|
    |or_ln51_7_fu_6428_p2                             |        or|   0|  0|    2|           1|           1|
    |or_ln51_8_fu_7466_p2                             |        or|   0|  0|    2|           1|           1|
    |or_ln51_9_fu_7670_p2                             |        or|   0|  0|    2|           1|           1|
    |or_ln51_fu_2492_p2                               |        or|   0|  0|    2|           1|           1|
    |or_ln52_10_fu_5112_p2                            |        or|   0|  0|    2|           1|           1|
    |or_ln52_11_fu_5118_p2                            |        or|   0|  0|    2|           1|           1|
    |or_ln52_12_fu_6172_p2                            |        or|   0|  0|    2|           1|           1|
    |or_ln52_13_fu_6178_p2                            |        or|   0|  0|    2|           1|           1|
    |or_ln52_14_fu_6354_p2                            |        or|   0|  0|    2|           1|           1|
    |or_ln52_15_fu_6360_p2                            |        or|   0|  0|    2|           1|           1|
    |or_ln52_16_fu_7414_p2                            |        or|   0|  0|    2|           1|           1|
    |or_ln52_17_fu_7420_p2                            |        or|   0|  0|    2|           1|           1|
    |or_ln52_18_fu_7596_p2                            |        or|   0|  0|    2|           1|           1|
    |or_ln52_19_fu_7602_p2                            |        or|   0|  0|    2|           1|           1|
    |or_ln52_1_fu_2446_p2                             |        or|   0|  0|    2|           1|           1|
    |or_ln52_20_fu_8656_p2                            |        or|   0|  0|    2|           1|           1|
    |or_ln52_21_fu_8662_p2                            |        or|   0|  0|    2|           1|           1|
    |or_ln52_22_fu_8838_p2                            |        or|   0|  0|    2|           1|           1|
    |or_ln52_23_fu_8844_p2                            |        or|   0|  0|    2|           1|           1|
    |or_ln52_24_fu_9898_p2                            |        or|   0|  0|    2|           1|           1|
    |or_ln52_25_fu_9904_p2                            |        or|   0|  0|    2|           1|           1|
    |or_ln52_26_fu_10080_p2                           |        or|   0|  0|    2|           1|           1|
    |or_ln52_27_fu_10086_p2                           |        or|   0|  0|    2|           1|           1|
    |or_ln52_28_fu_11140_p2                           |        or|   0|  0|    2|           1|           1|
    |or_ln52_29_fu_11146_p2                           |        or|   0|  0|    2|           1|           1|
    |or_ln52_2_fu_2628_p2                             |        or|   0|  0|    2|           1|           1|
    |or_ln52_30_fu_11322_p2                           |        or|   0|  0|    2|           1|           1|
    |or_ln52_31_fu_11328_p2                           |        or|   0|  0|    2|           1|           1|
    |or_ln52_3_fu_2634_p2                             |        or|   0|  0|    2|           1|           1|
    |or_ln52_4_fu_3688_p2                             |        or|   0|  0|    2|           1|           1|
    |or_ln52_5_fu_3694_p2                             |        or|   0|  0|    2|           1|           1|
    |or_ln52_6_fu_3870_p2                             |        or|   0|  0|    2|           1|           1|
    |or_ln52_7_fu_3876_p2                             |        or|   0|  0|    2|           1|           1|
    |or_ln52_8_fu_4930_p2                             |        or|   0|  0|    2|           1|           1|
    |or_ln52_9_fu_4936_p2                             |        or|   0|  0|    2|           1|           1|
    |or_ln52_fu_2440_p2                               |        or|   0|  0|    2|           1|           1|
    |or_ln73_1_fu_4136_p2                             |        or|   0|  0|    2|           1|           1|
    |or_ln73_2_fu_5378_p2                             |        or|   0|  0|    2|           1|           1|
    |or_ln73_3_fu_6620_p2                             |        or|   0|  0|    2|           1|           1|
    |or_ln73_4_fu_7862_p2                             |        or|   0|  0|    2|           1|           1|
    |or_ln73_5_fu_9104_p2                             |        or|   0|  0|    2|           1|           1|
    |or_ln73_6_fu_10346_p2                            |        or|   0|  0|    2|           1|           1|
    |or_ln73_7_fu_11588_p2                            |        or|   0|  0|    2|           1|           1|
    |or_ln73_fu_2894_p2                               |        or|   0|  0|    2|           1|           1|
    |or_ln74_10_fu_9030_p2                            |        or|   0|  0|    2|           1|           1|
    |or_ln74_11_fu_9036_p2                            |        or|   0|  0|    2|           1|           1|
    |or_ln74_12_fu_10272_p2                           |        or|   0|  0|    2|           1|           1|
    |or_ln74_13_fu_10278_p2                           |        or|   0|  0|    2|           1|           1|
    |or_ln74_14_fu_11514_p2                           |        or|   0|  0|    2|           1|           1|
    |or_ln74_15_fu_11520_p2                           |        or|   0|  0|    2|           1|           1|
    |or_ln74_1_fu_2826_p2                             |        or|   0|  0|    2|           1|           1|
    |or_ln74_2_fu_4062_p2                             |        or|   0|  0|    2|           1|           1|
    |or_ln74_3_fu_4068_p2                             |        or|   0|  0|    2|           1|           1|
    |or_ln74_4_fu_5304_p2                             |        or|   0|  0|    2|           1|           1|
    |or_ln74_5_fu_5310_p2                             |        or|   0|  0|    2|           1|           1|
    |or_ln74_6_fu_6546_p2                             |        or|   0|  0|    2|           1|           1|
    |or_ln74_7_fu_6552_p2                             |        or|   0|  0|    2|           1|           1|
    |or_ln74_8_fu_7788_p2                             |        or|   0|  0|    2|           1|           1|
    |or_ln74_9_fu_7794_p2                             |        or|   0|  0|    2|           1|           1|
    |or_ln74_fu_2820_p2                               |        or|   0|  0|    2|           1|           1|
    |prepared_fractional_zero_1_fu_3600_p2            |        or|   0|  0|    2|           1|           1|
    |prepared_fractional_zero_2_fu_4842_p2            |        or|   0|  0|    2|           1|           1|
    |prepared_fractional_zero_3_fu_6084_p2            |        or|   0|  0|    2|           1|           1|
    |prepared_fractional_zero_4_fu_7326_p2            |        or|   0|  0|    2|           1|           1|
    |prepared_fractional_zero_5_fu_8568_p2            |        or|   0|  0|    2|           1|           1|
    |prepared_fractional_zero_6_fu_9810_p2            |        or|   0|  0|    2|           1|           1|
    |prepared_fractional_zero_7_fu_11052_p2           |        or|   0|  0|    2|           1|           1|
    |prepared_fractional_zero_fu_2352_p2              |        or|   0|  0|    2|           1|           1|
    |product_infinity_1_fu_4186_p2                    |        or|   0|  0|    2|           1|           1|
    |product_infinity_2_fu_5428_p2                    |        or|   0|  0|    2|           1|           1|
    |product_infinity_3_fu_6670_p2                    |        or|   0|  0|    2|           1|           1|
    |product_infinity_4_fu_7912_p2                    |        or|   0|  0|    2|           1|           1|
    |product_infinity_5_fu_9154_p2                    |        or|   0|  0|    2|           1|           1|
    |product_infinity_6_fu_10396_p2                   |        or|   0|  0|    2|           1|           1|
    |product_infinity_7_fu_11638_p2                   |        or|   0|  0|    2|           1|           1|
    |product_infinity_fu_2944_p2                      |        or|   0|  0|    2|           1|           1|
    |product_zero_1_fu_4210_p2                        |        or|   0|  0|    2|           1|           1|
    |product_zero_2_fu_5452_p2                        |        or|   0|  0|    2|           1|           1|
    |product_zero_3_fu_6694_p2                        |        or|   0|  0|    2|           1|           1|
    |product_zero_4_fu_7936_p2                        |        or|   0|  0|    2|           1|           1|
    |product_zero_5_fu_9178_p2                        |        or|   0|  0|    2|           1|           1|
    |product_zero_6_fu_10420_p2                       |        or|   0|  0|    2|           1|           1|
    |product_zero_7_fu_11662_p2                       |        or|   0|  0|    2|           1|           1|
    |product_zero_fu_2968_p2                          |        or|   0|  0|    2|           1|           1|
    |binary_scale_11_fu_3298_p3                       |    select|   0|  0|    6|           1|           6|
    |binary_scale_13_fu_5782_p3                       |    select|   0|  0|    6|           1|           6|
    |binary_scale_15_fu_8266_p3                       |    select|   0|  0|    6|           1|           6|
    |binary_scale_17_fu_10750_p3                      |    select|   0|  0|    6|           1|           6|
    |binary_scale_19_fu_9508_p3                       |    select|   0|  0|    6|           1|           6|
    |binary_scale_21_fu_7024_p3                       |    select|   0|  0|    6|           1|           6|
    |binary_scale_23_fu_4540_p3                       |    select|   0|  0|    6|           1|           6|
    |binary_scale_9_fu_2050_p3                        |    select|   0|  0|    6|           1|           6|
    |bits_105_fu_7718_p3                              |    select|   0|  0|   32|           1|          32|
    |bits_130_fu_8960_p3                              |    select|   0|  0|   32|           1|          32|
    |bits_159_fu_10202_p3                             |    select|   0|  0|   32|           1|          32|
    |bits_187_fu_11444_p3                             |    select|   0|  0|   32|           1|          32|
    |bits_27_fu_3992_p3                               |    select|   0|  0|   32|           1|          32|
    |bits_49_fu_5234_p3                               |    select|   0|  0|   32|           1|          32|
    |bits_5_fu_2750_p3                                |    select|   0|  0|   32|           1|          32|
    |bits_72_fu_6476_p3                               |    select|   0|  0|   32|           1|          32|
    |common_top_1_fu_12356_p3                         |    select|   0|  0|    9|           1|           9|
    |common_top_2_fu_12731_p3                         |    select|   0|  0|    9|           1|           9|
    |common_top_3_fu_13106_p3                         |    select|   0|  0|    9|           1|           9|
    |common_top_4_fu_13481_p3                         |    select|   0|  0|    9|           1|           9|
    |common_top_5_fu_13856_p3                         |    select|   0|  0|    9|           1|           9|
    |common_top_6_fu_14231_p3                         |    select|   0|  0|    9|           1|           9|
    |common_top_7_fu_14606_p3                         |    select|   0|  0|    9|           1|           9|
    |common_top_fu_11981_p3                           |    select|   0|  0|    9|           1|           9|
    |exponent_12_fu_15572_p3                          |    select|   0|  0|    9|           1|           9|
    |exponent_19_fu_15973_p3                          |    select|   0|  0|    9|           1|           9|
    |exponent_26_fu_16374_p3                          |    select|   0|  0|    9|           1|           9|
    |exponent_33_fu_16775_p3                          |    select|   0|  0|    9|           1|           9|
    |exponent_40_fu_17176_p3                          |    select|   0|  0|    9|           1|           9|
    |exponent_47_fu_17577_p3                          |    select|   0|  0|    9|           1|           9|
    |exponent_54_fu_17978_p3                          |    select|   0|  0|    9|           1|           9|
    |exponent_5_fu_15171_p3                           |    select|   0|  0|    9|           1|           9|
    |fields_lsb_exponent_55_fu_2498_p3                |    select|   0|  0|    6|           1|           6|
    |fields_lsb_exponent_56_fu_2558_p3                |    select|   0|  0|    6|           1|           6|
    |fields_lsb_exponent_57_fu_2708_p3                |    select|   0|  0|    6|           1|           6|
    |fields_lsb_exponent_58_fu_2900_p3                |    select|   0|  0|    9|           1|           9|
    |fields_lsb_exponent_59_fu_3746_p3                |    select|   0|  0|    6|           1|           6|
    |fields_lsb_exponent_60_fu_3800_p3                |    select|   0|  0|    6|           1|           6|
    |fields_lsb_exponent_61_fu_3950_p3                |    select|   0|  0|    6|           1|           6|
    |fields_lsb_exponent_62_fu_4142_p3                |    select|   0|  0|    9|           1|           9|
    |fields_lsb_exponent_63_fu_6230_p3                |    select|   0|  0|    6|           1|           6|
    |fields_lsb_exponent_64_fu_6284_p3                |    select|   0|  0|    6|           1|           6|
    |fields_lsb_exponent_65_fu_6434_p3                |    select|   0|  0|    6|           1|           6|
    |fields_lsb_exponent_66_fu_6626_p3                |    select|   0|  0|    9|           1|           9|
    |fields_lsb_exponent_67_fu_8714_p3                |    select|   0|  0|    6|           1|           6|
    |fields_lsb_exponent_68_fu_8768_p3                |    select|   0|  0|    6|           1|           6|
    |fields_lsb_exponent_69_fu_8918_p3                |    select|   0|  0|    6|           1|           6|
    |fields_lsb_exponent_70_fu_9110_p3                |    select|   0|  0|    9|           1|           9|
    |fields_lsb_exponent_71_fu_11198_p3               |    select|   0|  0|    6|           1|           6|
    |fields_lsb_exponent_72_fu_11252_p3               |    select|   0|  0|    6|           1|           6|
    |fields_lsb_exponent_73_fu_11402_p3               |    select|   0|  0|    6|           1|           6|
    |fields_lsb_exponent_74_fu_11594_p3               |    select|   0|  0|    9|           1|           9|
    |fields_lsb_exponent_75_fu_9956_p3                |    select|   0|  0|    6|           1|           6|
    |fields_lsb_exponent_76_fu_10010_p3               |    select|   0|  0|    6|           1|           6|
    |fields_lsb_exponent_77_fu_10160_p3               |    select|   0|  0|    6|           1|           6|
    |fields_lsb_exponent_78_fu_10352_p3               |    select|   0|  0|    9|           1|           9|
    |fields_lsb_exponent_79_fu_7472_p3                |    select|   0|  0|    6|           1|           6|
    |fields_lsb_exponent_80_fu_7526_p3                |    select|   0|  0|    6|           1|           6|
    |fields_lsb_exponent_81_fu_7676_p3                |    select|   0|  0|    6|           1|           6|
    |fields_lsb_exponent_82_fu_7868_p3                |    select|   0|  0|    9|           1|           9|
    |fields_lsb_exponent_83_fu_5042_p3                |    select|   0|  0|    6|           1|           6|
    |fields_lsb_exponent_84_fu_5192_p3                |    select|   0|  0|    6|           1|           6|
    |fields_lsb_exponent_85_fu_5384_p3                |    select|   0|  0|    9|           1|           9|
    |fields_lsb_exponent_fu_4988_p3                   |    select|   0|  0|    6|           1|           6|
    |fields_significand_56_fu_2550_p3                 |    select|   0|  0|   11|           1|          11|
    |fields_significand_60_fu_3792_p3                 |    select|   0|  0|   11|           1|          11|
    |fields_significand_64_fu_6276_p3                 |    select|   0|  0|   11|           1|          11|
    |fields_significand_68_fu_8760_p3                 |    select|   0|  0|   11|           1|          11|
    |fields_significand_72_fu_11244_p3                |    select|   0|  0|   11|           1|          11|
    |fields_significand_76_fu_10002_p3                |    select|   0|  0|   11|           1|          11|
    |fields_significand_79_fu_7518_p3                 |    select|   0|  0|   11|           1|          11|
    |fields_significand_82_fu_5034_p3                 |    select|   0|  0|   11|           1|          11|
    |fields_zero_31_fu_2524_p3                        |    select|   0|  0|    2|           1|           1|
    |fields_zero_32_fu_3772_p3                        |    select|   0|  0|    2|           1|           1|
    |fields_zero_33_fu_6256_p3                        |    select|   0|  0|    2|           1|           1|
    |fields_zero_34_fu_8740_p3                        |    select|   0|  0|    2|           1|           1|
    |fields_zero_35_fu_11224_p3                       |    select|   0|  0|    2|           1|           1|
    |fields_zero_36_fu_9982_p3                        |    select|   0|  0|    2|           1|           1|
    |fields_zero_37_fu_7498_p3                        |    select|   0|  0|    2|           1|           1|
    |fields_zero_38_fu_5014_p3                        |    select|   0|  0|    2|           1|           1|
    |piece_value_1_fu_3572_p3                         |    select|   0|  0|   14|           1|          14|
    |piece_value_2_fu_4814_p3                         |    select|   0|  0|   14|           1|          14|
    |piece_value_3_fu_6056_p3                         |    select|   0|  0|   14|           1|          14|
    |piece_value_4_fu_7298_p3                         |    select|   0|  0|   14|           1|          14|
    |piece_value_5_fu_8540_p3                         |    select|   0|  0|   14|           1|          14|
    |piece_value_6_fu_9782_p3                         |    select|   0|  0|   14|           1|          14|
    |piece_value_7_fu_11024_p3                        |    select|   0|  0|   14|           1|          14|
    |piece_value_fu_2324_p3                           |    select|   0|  0|   14|           1|          14|
    |prepared_fractional_lsb_exponent_11_fu_8582_p3   |    select|   0|  0|    6|           1|           6|
    |prepared_fractional_lsb_exponent_13_fu_9824_p3   |    select|   0|  0|    6|           1|           6|
    |prepared_fractional_lsb_exponent_15_fu_11066_p3  |    select|   0|  0|    6|           1|           6|
    |prepared_fractional_lsb_exponent_1_fu_2366_p3    |    select|   0|  0|    6|           1|           6|
    |prepared_fractional_lsb_exponent_3_fu_3614_p3    |    select|   0|  0|    6|           1|           6|
    |prepared_fractional_lsb_exponent_5_fu_4856_p3    |    select|   0|  0|    6|           1|           6|
    |prepared_fractional_lsb_exponent_7_fu_6098_p3    |    select|   0|  0|    6|           1|           6|
    |prepared_fractional_lsb_exponent_9_fu_7340_p3    |    select|   0|  0|    6|           1|           6|
    |prepared_fractional_significand_11_fu_8574_p3    |    select|   0|  0|   11|           1|           1|
    |prepared_fractional_significand_13_fu_9816_p3    |    select|   0|  0|   11|           1|           1|
    |prepared_fractional_significand_15_fu_11058_p3   |    select|   0|  0|   11|           1|           1|
    |prepared_fractional_significand_1_fu_2358_p3     |    select|   0|  0|   11|           1|           1|
    |prepared_fractional_significand_3_fu_3606_p3     |    select|   0|  0|   11|           1|           1|
    |prepared_fractional_significand_5_fu_4848_p3     |    select|   0|  0|   11|           1|           1|
    |prepared_fractional_significand_7_fu_6090_p3     |    select|   0|  0|   11|           1|           1|
    |prepared_fractional_significand_9_fu_7332_p3     |    select|   0|  0|   11|           1|           1|
    |prepared_integer_10_fu_8434_p3                   |    select|   0|  0|   17|           1|          17|
    |prepared_integer_11_fu_8590_p3                   |    select|   0|  0|   17|           1|           1|
    |prepared_integer_12_fu_9676_p3                   |    select|   0|  0|   17|           1|          17|
    |prepared_integer_13_fu_9832_p3                   |    select|   0|  0|   17|           1|           1|
    |prepared_integer_14_fu_10918_p3                  |    select|   0|  0|   17|           1|          17|
    |prepared_integer_15_fu_11074_p3                  |    select|   0|  0|   17|           1|           1|
    |prepared_integer_1_fu_2374_p3                    |    select|   0|  0|   17|           1|           1|
    |prepared_integer_2_fu_3466_p3                    |    select|   0|  0|   17|           1|          17|
    |prepared_integer_3_fu_3622_p3                    |    select|   0|  0|   17|           1|           1|
    |prepared_integer_4_fu_4708_p3                    |    select|   0|  0|   17|           1|          17|
    |prepared_integer_5_fu_4864_p3                    |    select|   0|  0|   17|           1|           1|
    |prepared_integer_6_fu_5950_p3                    |    select|   0|  0|   17|           1|          17|
    |prepared_integer_7_fu_6106_p3                    |    select|   0|  0|   17|           1|           1|
    |prepared_integer_8_fu_7192_p3                    |    select|   0|  0|   17|           1|          17|
    |prepared_integer_9_fu_7348_p3                    |    select|   0|  0|   17|           1|           1|
    |prepared_integer_fu_2218_p3                      |    select|   0|  0|   17|           1|          17|
    |prepared_piece_10_cast_fu_8604_p3                |    select|   0|  0|    2|           1|           2|
    |prepared_piece_12_cast_fu_9846_p3                |    select|   0|  0|    2|           1|           2|
    |prepared_piece_14_cast_fu_11088_p3               |    select|   0|  0|    2|           1|           2|
    |prepared_piece_1_fu_3650_p3                      |    select|   0|  0|    3|           1|           3|
    |prepared_piece_2_cast_fu_3636_p3                 |    select|   0|  0|    2|           1|           2|
    |prepared_piece_2_fu_4892_p3                      |    select|   0|  0|    3|           1|           3|
    |prepared_piece_3_fu_6134_p3                      |    select|   0|  0|    3|           1|           3|
    |prepared_piece_4_cast_fu_4878_p3                 |    select|   0|  0|    2|           1|           2|
    |prepared_piece_4_fu_7376_p3                      |    select|   0|  0|    3|           1|           3|
    |prepared_piece_5_fu_8618_p3                      |    select|   0|  0|    3|           1|           3|
    |prepared_piece_6_cast_fu_6120_p3                 |    select|   0|  0|    2|           1|           2|
    |prepared_piece_6_fu_9860_p3                      |    select|   0|  0|    3|           1|           3|
    |prepared_piece_7_fu_11102_p3                     |    select|   0|  0|    3|           1|           3|
    |prepared_piece_8_cast_fu_7362_p3                 |    select|   0|  0|    2|           1|           2|
    |prepared_piece_cast_fu_2388_p3                   |    select|   0|  0|    2|           1|           2|
    |prepared_piece_fu_2402_p3                        |    select|   0|  0|    3|           1|           3|
    |result_bits_60_fu_18409_p3                       |    select|   0|  0|   32|           1|          32|
    |result_bits_64_fu_19741_p3                       |    select|   0|  0|   32|           1|          32|
    |result_bits_68_fu_21073_p3                       |    select|   0|  0|   32|           1|          32|
    |result_bits_75_fu_23071_p3                       |    select|   0|  0|   32|           1|          32|
    |result_bits_79_fu_21739_p3                       |    select|   0|  0|   32|           1|          32|
    |result_bits_83_fu_20407_p3                       |    select|   0|  0|   32|           1|          32|
    |result_bits_87_fu_19075_p3                       |    select|   0|  0|   32|           1|          32|
    |result_bits_fu_22405_p3                          |    select|   0|  0|   32|           1|          32|
    |result_sign_11_fu_16170_p3                       |    select|   0|  0|    2|           1|           1|
    |result_sign_14_fu_16571_p3                       |    select|   0|  0|    2|           1|           1|
    |result_sign_17_fu_16972_p3                       |    select|   0|  0|    2|           1|           1|
    |result_sign_20_fu_17373_p3                       |    select|   0|  0|    2|           1|           1|
    |result_sign_23_fu_17774_p3                       |    select|   0|  0|    2|           1|           1|
    |result_sign_2_fu_14967_p3                        |    select|   0|  0|    2|           1|           1|
    |result_sign_5_fu_15368_p3                        |    select|   0|  0|    2|           1|           1|
    |result_sign_8_fu_15769_p3                        |    select|   0|  0|    2|           1|           1|
    |round_up_1_fu_18903_p3                           |    select|   0|  0|    2|           1|           1|
    |round_up_2_fu_19569_p3                           |    select|   0|  0|    2|           1|           1|
    |round_up_3_fu_20235_p3                           |    select|   0|  0|    2|           1|           1|
    |round_up_4_fu_20901_p3                           |    select|   0|  0|    2|           1|           1|
    |round_up_5_fu_21567_p3                           |    select|   0|  0|    2|           1|           1|
    |round_up_6_fu_22233_p3                           |    select|   0|  0|    2|           1|           1|
    |round_up_7_fu_22899_p3                           |    select|   0|  0|    2|           1|           1|
    |round_up_fu_18237_p3                             |    select|   0|  0|    2|           1|           1|
    |rounded_10_fu_19886_p3                           |    select|   0|  0|   11|           1|          11|
    |rounded_11_fu_19906_p3                           |    select|   0|  0|   10|           1|           1|
    |rounded_12_fu_16330_p3                           |    select|   0|  0|   25|           1|          25|
    |rounded_13_fu_16366_p3                           |    select|   0|  0|   23|           1|          23|
    |rounded_14_fu_20552_p3                           |    select|   0|  0|   11|           1|          11|
    |rounded_15_fu_20572_p3                           |    select|   0|  0|   10|           1|           1|
    |rounded_16_fu_16731_p3                           |    select|   0|  0|   25|           1|          25|
    |rounded_17_fu_16767_p3                           |    select|   0|  0|   23|           1|          23|
    |rounded_18_fu_21218_p3                           |    select|   0|  0|   11|           1|          11|
    |rounded_19_fu_21238_p3                           |    select|   0|  0|   10|           1|           1|
    |rounded_1_fu_15163_p3                            |    select|   0|  0|   23|           1|          23|
    |rounded_20_fu_17132_p3                           |    select|   0|  0|   25|           1|          25|
    |rounded_21_fu_17168_p3                           |    select|   0|  0|   23|           1|          23|
    |rounded_22_fu_21884_p3                           |    select|   0|  0|   11|           1|          11|
    |rounded_23_fu_21904_p3                           |    select|   0|  0|   10|           1|           1|
    |rounded_24_fu_17533_p3                           |    select|   0|  0|   25|           1|          25|
    |rounded_25_fu_17569_p3                           |    select|   0|  0|   23|           1|          23|
    |rounded_26_fu_22550_p3                           |    select|   0|  0|   11|           1|          11|
    |rounded_27_fu_22570_p3                           |    select|   0|  0|   10|           1|           1|
    |rounded_28_fu_17934_p3                           |    select|   0|  0|   25|           1|          25|
    |rounded_29_fu_17970_p3                           |    select|   0|  0|   23|           1|          23|
    |rounded_2_fu_18554_p3                            |    select|   0|  0|   11|           1|          11|
    |rounded_30_fu_23216_p3                           |    select|   0|  0|   11|           1|          11|
    |rounded_31_fu_23236_p3                           |    select|   0|  0|   10|           1|           1|
    |rounded_3_fu_18574_p3                            |    select|   0|  0|   10|           1|           1|
    |rounded_4_fu_15528_p3                            |    select|   0|  0|   25|           1|          25|
    |rounded_5_fu_15564_p3                            |    select|   0|  0|   23|           1|          23|
    |rounded_6_fu_19220_p3                            |    select|   0|  0|   11|           1|          11|
    |rounded_7_fu_19240_p3                            |    select|   0|  0|   10|           1|           1|
    |rounded_8_fu_15929_p3                            |    select|   0|  0|   25|           1|          25|
    |rounded_9_fu_15965_p3                            |    select|   0|  0|   23|           1|          23|
    |rounded_fu_15127_p3                              |    select|   0|  0|   25|           1|          25|
    |select_ln291_1_fu_18582_p3                       |    select|   0|  0|    8|           1|           8|
    |select_ln291_2_fu_19248_p3                       |    select|   0|  0|    8|           1|           8|
    |select_ln291_3_fu_19914_p3                       |    select|   0|  0|    8|           1|           8|
    |select_ln291_4_fu_20580_p3                       |    select|   0|  0|    8|           1|           8|
    |select_ln291_5_fu_21246_p3                       |    select|   0|  0|    8|           1|           8|
    |select_ln291_6_fu_21912_p3                       |    select|   0|  0|    8|           1|           8|
    |select_ln291_7_fu_22578_p3                       |    select|   0|  0|    8|           1|           8|
    |select_ln291_8_fu_23244_p3                       |    select|   0|  0|    8|           1|           8|
    |select_ln353_1_fu_3564_p3                        |    select|   0|  0|   14|           1|          14|
    |select_ln353_2_fu_4806_p3                        |    select|   0|  0|   14|           1|          14|
    |select_ln353_3_fu_6048_p3                        |    select|   0|  0|   14|           1|          14|
    |select_ln353_4_fu_7290_p3                        |    select|   0|  0|   14|           1|          14|
    |select_ln353_5_fu_8532_p3                        |    select|   0|  0|   14|           1|          14|
    |select_ln353_6_fu_9774_p3                        |    select|   0|  0|   14|           1|          14|
    |select_ln353_7_fu_11016_p3                       |    select|   0|  0|   14|           1|          14|
    |select_ln353_fu_2316_p3                          |    select|   0|  0|   14|           1|          14|
    |select_ln92_1_fu_4430_p3                         |    select|   0|  0|    2|           1|           2|
    |select_ln92_2_fu_5672_p3                         |    select|   0|  0|    2|           1|           2|
    |select_ln92_3_fu_6914_p3                         |    select|   0|  0|    2|           1|           2|
    |select_ln92_4_fu_8156_p3                         |    select|   0|  0|    2|           1|           2|
    |select_ln92_5_fu_9398_p3                         |    select|   0|  0|    2|           1|           2|
    |select_ln92_6_fu_10640_p3                        |    select|   0|  0|    2|           1|           2|
    |select_ln92_7_fu_11882_p3                        |    select|   0|  0|    2|           1|           2|
    |select_ln92_fu_3188_p3                           |    select|   0|  0|    2|           1|           2|
    |shifted_11_fu_19583_p3                           |    select|   0|  0|   24|           1|          24|
    |shifted_15_fu_20249_p3                           |    select|   0|  0|   24|           1|          24|
    |shifted_19_fu_20915_p3                           |    select|   0|  0|   24|           1|          24|
    |shifted_23_fu_21581_p3                           |    select|   0|  0|   24|           1|          24|
    |shifted_27_fu_22247_p3                           |    select|   0|  0|   24|           1|          24|
    |shifted_31_fu_22913_p3                           |    select|   0|  0|   24|           1|          24|
    |shifted_3_fu_18251_p3                            |    select|   0|  0|   24|           1|          24|
    |shifted_7_fu_18917_p3                            |    select|   0|  0|   24|           1|          24|
    |significand_11_fu_4532_p3                        |    select|   0|  0|   11|           1|          11|
    |significand_15_fu_5774_p3                        |    select|   0|  0|   11|           1|          11|
    |significand_19_fu_7016_p3                        |    select|   0|  0|   11|           1|          11|
    |significand_23_fu_8258_p3                        |    select|   0|  0|   11|           1|          11|
    |significand_27_fu_9500_p3                        |    select|   0|  0|   11|           1|          11|
    |significand_31_fu_10742_p3                       |    select|   0|  0|   11|           1|          11|
    |significand_3_fu_2042_p3                         |    select|   0|  0|   11|           1|          11|
    |significand_7_fu_3290_p3                         |    select|   0|  0|   11|           1|          11|
    |zero_64_fu_18402_p3                              |    select|   0|  0|   32|           1|           1|
    |zero_67_fu_21066_p3                              |    select|   0|  0|   32|           1|           1|
    |zero_69_fu_22398_p3                              |    select|   0|  0|   32|           1|           1|
    |zero_71_fu_23064_p3                              |    select|   0|  0|   32|           1|           1|
    |zero_73_fu_21732_p3                              |    select|   0|  0|   32|           1|           1|
    |zero_75_fu_20400_p3                              |    select|   0|  0|   32|           1|           1|
    |zero_77_fu_19068_p3                              |    select|   0|  0|   32|           1|           1|
    |zero_fu_19734_p3                                 |    select|   0|  0|   32|           1|           1|
    |integer_magnitude_11_fu_5900_p2                  |       shl|   0|  0|   35|          16|          16|
    |integer_magnitude_14_fu_7142_p2                  |       shl|   0|  0|   35|          16|          16|
    |integer_magnitude_17_fu_8384_p2                  |       shl|   0|  0|   35|          16|          16|
    |integer_magnitude_20_fu_9626_p2                  |       shl|   0|  0|   35|          16|          16|
    |integer_magnitude_23_fu_10868_p2                 |       shl|   0|  0|   35|          16|          16|
    |integer_magnitude_2_fu_2168_p2                   |       shl|   0|  0|   35|          16|          16|
    |integer_magnitude_5_fu_3416_p2                   |       shl|   0|  0|   35|          16|          16|
    |integer_magnitude_8_fu_4658_p2                   |       shl|   0|  0|   35|          16|          16|
    |result_significand_11_fu_16214_p2                |       shl|   0|  0|   70|          27|          27|
    |result_significand_14_fu_16615_p2                |       shl|   0|  0|   70|          27|          27|
    |result_significand_17_fu_17016_p2                |       shl|   0|  0|   70|          27|          27|
    |result_significand_20_fu_17417_p2                |       shl|   0|  0|   70|          27|          27|
    |result_significand_23_fu_17818_p2                |       shl|   0|  0|   70|          27|          27|
    |result_significand_2_fu_15011_p2                 |       shl|   0|  0|   70|          27|          27|
    |result_significand_5_fu_15412_p2                 |       shl|   0|  0|   70|          27|          27|
    |result_significand_8_fu_15813_p2                 |       shl|   0|  0|   70|          27|          27|
    |shl_ln149_1_fu_12323_p2                          |       shl|   0|  0|   72|          28|          28|
    |shl_ln149_2_fu_12698_p2                          |       shl|   0|  0|   72|          28|          28|
    |shl_ln149_3_fu_13073_p2                          |       shl|   0|  0|   72|          28|          28|
    |shl_ln149_4_fu_13448_p2                          |       shl|   0|  0|   72|          28|          28|
    |shl_ln149_5_fu_13823_p2                          |       shl|   0|  0|   72|          28|          28|
    |shl_ln149_6_fu_14198_p2                          |       shl|   0|  0|   72|          28|          28|
    |shl_ln149_7_fu_14573_p2                          |       shl|   0|  0|   72|          28|          28|
    |shl_ln149_fu_11948_p2                            |       shl|   0|  0|   72|          28|          28|
    |shl_ln164_1_fu_12381_p2                          |       shl|   0|  0|   72|          28|          28|
    |shl_ln164_2_fu_12756_p2                          |       shl|   0|  0|   72|          28|          28|
    |shl_ln164_3_fu_13131_p2                          |       shl|   0|  0|   72|          28|          28|
    |shl_ln164_4_fu_13506_p2                          |       shl|   0|  0|   72|          28|          28|
    |shl_ln164_5_fu_13881_p2                          |       shl|   0|  0|   72|          28|          28|
    |shl_ln164_6_fu_14256_p2                          |       shl|   0|  0|   72|          28|          28|
    |shl_ln164_7_fu_14631_p2                          |       shl|   0|  0|   72|          28|          28|
    |shl_ln164_fu_12006_p2                            |       shl|   0|  0|   72|          28|          28|
    |shl_ln337_1_fu_3376_p2                           |       shl|   0|  0|   23|           1|          11|
    |shl_ln337_2_fu_4618_p2                           |       shl|   0|  0|   23|           1|          11|
    |shl_ln337_3_fu_5860_p2                           |       shl|   0|  0|   23|           1|          11|
    |shl_ln337_4_fu_7102_p2                           |       shl|   0|  0|   23|           1|          11|
    |shl_ln337_5_fu_8344_p2                           |       shl|   0|  0|   23|           1|          11|
    |shl_ln337_6_fu_9586_p2                           |       shl|   0|  0|   23|           1|          11|
    |shl_ln337_7_fu_10828_p2                          |       shl|   0|  0|   23|           1|          11|
    |shl_ln337_fu_2128_p2                             |       shl|   0|  0|   23|           1|          11|
    |shl_ln352_1_fu_3506_p2                           |       shl|   0|  0|   45|          19|          19|
    |shl_ln352_2_fu_4748_p2                           |       shl|   0|  0|   45|          19|          19|
    |shl_ln352_3_fu_5990_p2                           |       shl|   0|  0|   45|          19|          19|
    |shl_ln352_4_fu_7232_p2                           |       shl|   0|  0|   45|          19|          19|
    |shl_ln352_5_fu_8474_p2                           |       shl|   0|  0|   45|          19|          19|
    |shl_ln352_6_fu_9716_p2                           |       shl|   0|  0|   45|          19|          19|
    |shl_ln352_7_fu_10958_p2                          |       shl|   0|  0|   45|          19|          19|
    |shl_ln352_fu_2258_p2                             |       shl|   0|  0|   45|          19|          19|
    |shl_ln353_1_fu_3550_p2                           |       shl|   0|  0|   92|          32|          32|
    |shl_ln353_2_fu_4792_p2                           |       shl|   0|  0|   92|          32|          32|
    |shl_ln353_3_fu_6034_p2                           |       shl|   0|  0|   92|          32|          32|
    |shl_ln353_4_fu_7276_p2                           |       shl|   0|  0|   92|          32|          32|
    |shl_ln353_5_fu_8518_p2                           |       shl|   0|  0|   92|          32|          32|
    |shl_ln353_6_fu_9760_p2                           |       shl|   0|  0|   92|          32|          32|
    |shl_ln353_7_fu_11002_p2                          |       shl|   0|  0|   92|          32|          32|
    |shl_ln353_fu_2302_p2                             |       shl|   0|  0|   92|          32|          32|
    |ap_enable_pp0                                    |       xor|   0|  0|    2|           1|           2|
    |not_prepared_fractional_zero_1_fu_3630_p2        |       xor|   0|  0|    2|           1|           2|
    |not_prepared_fractional_zero_2_fu_4872_p2        |       xor|   0|  0|    2|           1|           2|
    |not_prepared_fractional_zero_3_fu_6114_p2        |       xor|   0|  0|    2|           1|           2|
    |not_prepared_fractional_zero_4_fu_7356_p2        |       xor|   0|  0|    2|           1|           2|
    |not_prepared_fractional_zero_5_fu_8598_p2        |       xor|   0|  0|    2|           1|           2|
    |not_prepared_fractional_zero_6_fu_9840_p2        |       xor|   0|  0|    2|           1|           2|
    |not_prepared_fractional_zero_7_fu_11082_p2       |       xor|   0|  0|    2|           1|           2|
    |not_prepared_fractional_zero_fu_2382_p2          |       xor|   0|  0|    2|           1|           2|
    |product_sign_1_fu_4150_p2                        |       xor|   0|  0|    2|           1|           1|
    |product_sign_2_fu_5392_p2                        |       xor|   0|  0|    2|           1|           1|
    |product_sign_3_fu_6634_p2                        |       xor|   0|  0|    2|           1|           1|
    |product_sign_4_fu_7876_p2                        |       xor|   0|  0|    2|           1|           1|
    |product_sign_5_fu_9118_p2                        |       xor|   0|  0|    2|           1|           1|
    |product_sign_6_fu_10360_p2                       |       xor|   0|  0|    2|           1|           1|
    |product_sign_7_fu_11602_p2                       |       xor|   0|  0|    2|           1|           1|
    |product_sign_fu_2908_p2                          |       xor|   0|  0|    2|           1|           1|
    |xor_ln104_1_fu_12575_p2                          |       xor|   0|  0|    2|           1|           2|
    |xor_ln104_2_fu_12950_p2                          |       xor|   0|  0|    2|           1|           2|
    |xor_ln104_3_fu_13325_p2                          |       xor|   0|  0|    2|           1|           2|
    |xor_ln104_4_fu_13700_p2                          |       xor|   0|  0|    2|           1|           2|
    |xor_ln104_5_fu_14075_p2                          |       xor|   0|  0|    2|           1|           2|
    |xor_ln104_6_fu_14450_p2                          |       xor|   0|  0|    2|           1|           2|
    |xor_ln104_7_fu_14825_p2                          |       xor|   0|  0|    2|           1|           2|
    |xor_ln104_fu_12200_p2                            |       xor|   0|  0|    2|           1|           2|
    |xor_ln266_1_fu_19294_p2                          |       xor|   0|  0|    2|           1|           2|
    |xor_ln266_2_fu_19960_p2                          |       xor|   0|  0|    2|           1|           2|
    |xor_ln266_3_fu_20626_p2                          |       xor|   0|  0|    2|           1|           2|
    |xor_ln266_4_fu_21292_p2                          |       xor|   0|  0|    2|           1|           2|
    |xor_ln266_5_fu_21958_p2                          |       xor|   0|  0|    2|           1|           2|
    |xor_ln266_6_fu_22624_p2                          |       xor|   0|  0|    2|           1|           2|
    |xor_ln266_7_fu_23290_p2                          |       xor|   0|  0|    2|           1|           2|
    |xor_ln266_fu_18628_p2                            |       xor|   0|  0|    2|           1|           2|
    |xor_ln276_1_fu_19336_p2                          |       xor|   0|  0|    2|           1|           2|
    |xor_ln276_2_fu_20002_p2                          |       xor|   0|  0|    2|           1|           2|
    |xor_ln276_3_fu_20668_p2                          |       xor|   0|  0|    2|           1|           2|
    |xor_ln276_4_fu_21334_p2                          |       xor|   0|  0|    2|           1|           2|
    |xor_ln276_5_fu_22000_p2                          |       xor|   0|  0|    2|           1|           2|
    |xor_ln276_6_fu_22666_p2                          |       xor|   0|  0|    2|           1|           2|
    |xor_ln276_7_fu_23332_p2                          |       xor|   0|  0|    2|           1|           2|
    |xor_ln276_fu_18670_p2                            |       xor|   0|  0|    2|           1|           2|
    |xor_ln281_1_fu_19342_p2                          |       xor|   0|  0|    2|           1|           2|
    |xor_ln281_2_fu_20008_p2                          |       xor|   0|  0|    2|           1|           2|
    |xor_ln281_3_fu_20674_p2                          |       xor|   0|  0|    2|           1|           2|
    |xor_ln281_4_fu_21340_p2                          |       xor|   0|  0|    2|           1|           2|
    |xor_ln281_5_fu_22006_p2                          |       xor|   0|  0|    2|           1|           2|
    |xor_ln281_6_fu_22672_p2                          |       xor|   0|  0|    2|           1|           2|
    |xor_ln281_7_fu_23338_p2                          |       xor|   0|  0|    2|           1|           2|
    |xor_ln281_fu_18676_p2                            |       xor|   0|  0|    2|           1|           2|
    |xor_ln327_1_fu_3326_p2                           |       xor|   0|  0|    2|           1|           2|
    |xor_ln327_2_fu_4568_p2                           |       xor|   0|  0|    2|           1|           2|
    |xor_ln327_3_fu_5810_p2                           |       xor|   0|  0|    2|           1|           2|
    |xor_ln327_4_fu_7052_p2                           |       xor|   0|  0|    2|           1|           2|
    |xor_ln327_5_fu_8294_p2                           |       xor|   0|  0|    2|           1|           2|
    |xor_ln327_6_fu_9536_p2                           |       xor|   0|  0|    2|           1|           2|
    |xor_ln327_7_fu_10778_p2                          |       xor|   0|  0|    2|           1|           2|
    |xor_ln327_fu_2078_p2                             |       xor|   0|  0|    2|           1|           2|
    |xor_ln381_1_fu_18970_p2                          |       xor|   0|  0|    2|           1|           2|
    |xor_ln381_2_fu_19636_p2                          |       xor|   0|  0|    2|           1|           2|
    |xor_ln381_3_fu_20302_p2                          |       xor|   0|  0|    2|           1|           2|
    |xor_ln381_4_fu_20968_p2                          |       xor|   0|  0|    2|           1|           2|
    |xor_ln381_5_fu_21634_p2                          |       xor|   0|  0|    2|           1|           2|
    |xor_ln381_6_fu_22300_p2                          |       xor|   0|  0|    2|           1|           2|
    |xor_ln381_7_fu_22966_p2                          |       xor|   0|  0|    2|           1|           2|
    |xor_ln381_fu_18304_p2                            |       xor|   0|  0|    2|           1|           2|
    |xor_ln385_1_fu_18987_p2                          |       xor|   0|  0|    2|           1|           2|
    |xor_ln385_2_fu_19653_p2                          |       xor|   0|  0|    2|           1|           2|
    |xor_ln385_3_fu_20319_p2                          |       xor|   0|  0|    2|           1|           2|
    |xor_ln385_4_fu_20985_p2                          |       xor|   0|  0|    2|           1|           2|
    |xor_ln385_5_fu_21651_p2                          |       xor|   0|  0|    2|           1|           2|
    |xor_ln385_6_fu_22317_p2                          |       xor|   0|  0|    2|           1|           2|
    |xor_ln385_7_fu_22983_p2                          |       xor|   0|  0|    2|           1|           2|
    |xor_ln385_fu_18321_p2                            |       xor|   0|  0|    2|           1|           2|
    |xor_ln395_1_fu_19005_p2                          |       xor|   0|  0|    2|           1|           2|
    |xor_ln395_2_fu_19671_p2                          |       xor|   0|  0|    2|           1|           2|
    |xor_ln395_3_fu_20337_p2                          |       xor|   0|  0|    2|           1|           2|
    |xor_ln395_4_fu_21003_p2                          |       xor|   0|  0|    2|           1|           2|
    |xor_ln395_5_fu_21669_p2                          |       xor|   0|  0|    2|           1|           2|
    |xor_ln395_6_fu_22335_p2                          |       xor|   0|  0|    2|           1|           2|
    |xor_ln395_7_fu_23001_p2                          |       xor|   0|  0|    2|           1|           2|
    |xor_ln395_fu_18339_p2                            |       xor|   0|  0|    2|           1|           2|
    |xor_ln409_1_fu_18883_p2                          |       xor|   0|  0|    2|           1|           2|
    |xor_ln409_2_fu_19549_p2                          |       xor|   0|  0|    2|           1|           2|
    |xor_ln409_3_fu_20215_p2                          |       xor|   0|  0|    2|           1|           2|
    |xor_ln409_4_fu_20881_p2                          |       xor|   0|  0|    2|           1|           2|
    |xor_ln409_5_fu_21547_p2                          |       xor|   0|  0|    2|           1|           2|
    |xor_ln409_6_fu_22213_p2                          |       xor|   0|  0|    2|           1|           2|
    |xor_ln409_7_fu_22879_p2                          |       xor|   0|  0|    2|           1|           2|
    |xor_ln409_fu_18217_p2                            |       xor|   0|  0|    2|           1|           2|
    |xor_ln439_10_fu_15725_p2                         |       xor|   0|  0|    2|           1|           2|
    |xor_ln439_11_fu_16126_p2                         |       xor|   0|  0|    2|           1|           2|
    |xor_ln439_12_fu_16527_p2                         |       xor|   0|  0|    2|           1|           2|
    |xor_ln439_13_fu_16928_p2                         |       xor|   0|  0|    2|           1|           2|
    |xor_ln439_14_fu_17329_p2                         |       xor|   0|  0|    2|           1|           2|
    |xor_ln439_15_fu_17730_p2                         |       xor|   0|  0|    2|           1|           2|
    |xor_ln439_1_fu_4192_p2                           |       xor|   0|  0|    2|           1|           1|
    |xor_ln439_2_fu_5434_p2                           |       xor|   0|  0|    2|           1|           1|
    |xor_ln439_3_fu_6676_p2                           |       xor|   0|  0|    2|           1|           1|
    |xor_ln439_4_fu_7918_p2                           |       xor|   0|  0|    2|           1|           1|
    |xor_ln439_5_fu_9160_p2                           |       xor|   0|  0|    2|           1|           1|
    |xor_ln439_6_fu_10402_p2                          |       xor|   0|  0|    2|           1|           1|
    |xor_ln439_7_fu_11644_p2                          |       xor|   0|  0|    2|           1|           1|
    |xor_ln439_8_fu_14923_p2                          |       xor|   0|  0|    2|           1|           2|
    |xor_ln439_9_fu_15324_p2                          |       xor|   0|  0|    2|           1|           2|
    |xor_ln439_fu_2950_p2                             |       xor|   0|  0|    2|           1|           1|
    |xor_ln452_1_fu_12615_p2                          |       xor|   0|  0|    2|           1|           2|
    |xor_ln452_2_fu_12990_p2                          |       xor|   0|  0|    2|           1|           2|
    |xor_ln452_3_fu_13365_p2                          |       xor|   0|  0|    2|           1|           2|
    |xor_ln452_4_fu_13740_p2                          |       xor|   0|  0|    2|           1|           2|
    |xor_ln452_5_fu_14115_p2                          |       xor|   0|  0|    2|           1|           2|
    |xor_ln452_6_fu_14490_p2                          |       xor|   0|  0|    2|           1|           2|
    |xor_ln452_7_fu_14865_p2                          |       xor|   0|  0|    2|           1|           2|
    |xor_ln452_fu_12240_p2                            |       xor|   0|  0|    2|           1|           2|
    |xor_ln468_1_fu_2512_p2                           |       xor|   0|  0|    2|           2|           1|
    |xor_ln468_2_fu_3760_p2                           |       xor|   0|  0|    2|           2|           1|
    |xor_ln468_3_fu_5002_p2                           |       xor|   0|  0|    2|           2|           1|
    |xor_ln468_4_fu_6244_p2                           |       xor|   0|  0|    2|           2|           1|
    |xor_ln468_5_fu_7486_p2                           |       xor|   0|  0|    2|           2|           1|
    |xor_ln468_6_fu_8728_p2                           |       xor|   0|  0|    2|           2|           1|
    |xor_ln468_7_fu_9970_p2                           |       xor|   0|  0|    2|           2|           1|
    |xor_ln468_8_fu_11212_p2                          |       xor|   0|  0|    2|           2|           1|
    |xor_ln468_fu_2532_p2                             |       xor|   0|  0|    2|           1|           2|
    |xor_ln52_10_fu_8668_p2                           |       xor|   0|  0|    2|           1|           2|
    |xor_ln52_11_fu_8872_p2                           |       xor|   0|  0|    2|           1|           2|
    |xor_ln52_12_fu_9910_p2                           |       xor|   0|  0|    2|           1|           2|
    |xor_ln52_13_fu_10114_p2                          |       xor|   0|  0|    2|           1|           2|
    |xor_ln52_14_fu_11152_p2                          |       xor|   0|  0|    2|           1|           2|
    |xor_ln52_15_fu_11356_p2                          |       xor|   0|  0|    2|           1|           2|
    |xor_ln52_1_fu_2662_p2                            |       xor|   0|  0|    2|           1|           2|
    |xor_ln52_2_fu_3700_p2                            |       xor|   0|  0|    2|           1|           2|
    |xor_ln52_3_fu_3904_p2                            |       xor|   0|  0|    2|           1|           2|
    |xor_ln52_4_fu_4942_p2                            |       xor|   0|  0|    2|           1|           2|
    |xor_ln52_5_fu_5146_p2                            |       xor|   0|  0|    2|           1|           2|
    |xor_ln52_6_fu_6184_p2                            |       xor|   0|  0|    2|           1|           2|
    |xor_ln52_7_fu_6388_p2                            |       xor|   0|  0|    2|           1|           2|
    |xor_ln52_8_fu_7426_p2                            |       xor|   0|  0|    2|           1|           2|
    |xor_ln52_9_fu_7630_p2                            |       xor|   0|  0|    2|           1|           2|
    |xor_ln52_fu_2452_p2                              |       xor|   0|  0|    2|           1|           2|
    |xor_ln74_1_fu_4096_p2                            |       xor|   0|  0|    2|           1|           2|
    |xor_ln74_2_fu_5338_p2                            |       xor|   0|  0|    2|           1|           2|
    |xor_ln74_3_fu_6580_p2                            |       xor|   0|  0|    2|           1|           2|
    |xor_ln74_4_fu_7822_p2                            |       xor|   0|  0|    2|           1|           2|
    |xor_ln74_5_fu_9064_p2                            |       xor|   0|  0|    2|           1|           2|
    |xor_ln74_6_fu_10306_p2                           |       xor|   0|  0|    2|           1|           2|
    |xor_ln74_7_fu_11548_p2                           |       xor|   0|  0|    2|           1|           2|
    |xor_ln74_fu_2854_p2                              |       xor|   0|  0|    2|           1|           2|
    |xor_ln92_1_fu_4424_p2                            |       xor|   0|  0|    2|           1|           2|
    |xor_ln92_2_fu_5666_p2                            |       xor|   0|  0|    2|           1|           2|
    |xor_ln92_3_fu_6908_p2                            |       xor|   0|  0|    2|           1|           2|
    |xor_ln92_4_fu_8150_p2                            |       xor|   0|  0|    2|           1|           2|
    |xor_ln92_5_fu_9392_p2                            |       xor|   0|  0|    2|           1|           2|
    |xor_ln92_6_fu_10634_p2                           |       xor|   0|  0|    2|           1|           2|
    |xor_ln92_7_fu_11876_p2                           |       xor|   0|  0|    2|           1|           2|
    |xor_ln92_fu_3182_p2                              |       xor|   0|  0|    2|           1|           2|
    +-------------------------------------------------+----------+----+---+-----+------------+------------+
    |Total                                            |          |   0|  0|25410|       12285|       10343|
    +-------------------------------------------------+----------+----+---+-----+------------+------------+

    * Multiplexer: 
    +-----------------------------------------------------------------+-----+-----------+-----+-----------+
    |                               Name                              | LUT | Input Size| Bits| Total Bits|
    +-----------------------------------------------------------------+-----+-----------+-----+-----------+
    |ap_phi_mux_exponent_10_phi_fu_1462_p6                            |   14|          3|    9|         27|
    |ap_phi_mux_exponent_17_phi_fu_1537_p6                            |   14|          3|    9|         27|
    |ap_phi_mux_exponent_24_phi_fu_1612_p6                            |   14|          3|    9|         27|
    |ap_phi_mux_exponent_31_phi_fu_1687_p6                            |   14|          3|    9|         27|
    |ap_phi_mux_exponent_38_phi_fu_1762_p6                            |   14|          3|    9|         27|
    |ap_phi_mux_exponent_3_phi_fu_1387_p6                             |   14|          3|    9|         27|
    |ap_phi_mux_exponent_45_phi_fu_1837_p6                            |   14|          3|    9|         27|
    |ap_phi_mux_exponent_52_phi_fu_1912_p6                            |   14|          3|    9|         27|
    |ap_phi_mux_ref_tmp_i219_i_i_i_sign_3_1438_ph_phi_fu_1451_p6      |    9|          2|    1|          2|
    |ap_phi_mux_ref_tmp_i219_i_i_i_sign_3_1_1_ph_phi_fu_1601_p6       |    9|          2|    1|          2|
    |ap_phi_mux_ref_tmp_i219_i_i_i_sign_3_1_ph_phi_fu_1526_p6         |    9|          2|    1|          2|
    |ap_phi_mux_ref_tmp_i219_i_i_i_sign_3_2_1_ph_phi_fu_1751_p6       |    9|          2|    1|          2|
    |ap_phi_mux_ref_tmp_i219_i_i_i_sign_3_2_ph_phi_fu_1676_p6         |    9|          2|    1|          2|
    |ap_phi_mux_ref_tmp_i219_i_i_i_sign_3_3_1_ph_phi_fu_1901_p6       |    9|          2|    1|          2|
    |ap_phi_mux_ref_tmp_i219_i_i_i_sign_3_3_ph_phi_fu_1826_p6         |    9|          2|    1|          2|
    |ap_phi_mux_ref_tmp_i219_i_i_i_sign_3_ph_phi_fu_1376_p6           |    9|          2|    1|          2|
    |ap_phi_mux_significand_10_phi_fu_1548_p6                         |   14|          3|   27|         81|
    |ap_phi_mux_significand_14_phi_fu_1623_p6                         |   14|          3|   27|         81|
    |ap_phi_mux_significand_18_phi_fu_1698_p6                         |   14|          3|   27|         81|
    |ap_phi_mux_significand_22_phi_fu_1773_p6                         |   14|          3|   27|         81|
    |ap_phi_mux_significand_26_phi_fu_1848_p6                         |   14|          3|   27|         81|
    |ap_phi_mux_significand_30_phi_fu_1923_p6                         |   14|          3|   27|         81|
    |ap_phi_mux_significand_6_phi_fu_1473_p6                          |   14|          3|   27|         81|
    |ap_phi_mux_significand_phi_fu_1398_p6                            |   14|          3|   27|         81|
    |ap_phi_mux_zero_63_phi_fu_1410_p20                               |   20|          4|   32|        128|
    |ap_phi_mux_zero_65_phi_fu_1560_p20                               |   20|          4|   32|        128|
    |ap_phi_mux_zero_66_phi_fu_1710_p20                               |   20|          4|   32|        128|
    |ap_phi_mux_zero_68_phi_fu_1860_p20                               |   20|          4|   32|        128|
    |ap_phi_mux_zero_70_phi_fu_1935_p20                               |   20|          4|   32|        128|
    |ap_phi_mux_zero_72_phi_fu_1785_p20                               |   20|          4|   32|        128|
    |ap_phi_mux_zero_74_phi_fu_1635_p20                               |   20|          4|   32|        128|
    |ap_phi_mux_zero_76_phi_fu_1485_p20                               |   20|          4|   32|        128|
    |ap_phi_reg_pp0_iter1_highest_1_reg_669                           |  123|         25|    6|        150|
    |ap_phi_reg_pp0_iter1_highest_2_reg_768                           |  123|         25|    6|        150|
    |ap_phi_reg_pp0_iter1_highest_3_reg_867                           |  123|         25|    6|        150|
    |ap_phi_reg_pp0_iter1_highest_4_reg_966                           |  123|         25|    6|        150|
    |ap_phi_reg_pp0_iter1_highest_5_reg_1065                          |  123|         25|    6|        150|
    |ap_phi_reg_pp0_iter1_highest_6_reg_1164                          |  123|         25|    6|        150|
    |ap_phi_reg_pp0_iter1_highest_7_reg_1263                          |  123|         25|    6|        150|
    |ap_phi_reg_pp0_iter1_highest_reg_570                             |  123|         25|    6|        150|
    |ap_phi_reg_pp0_iter1_zero_63_reg_1406                            |   14|          3|   32|         96|
    |ap_phi_reg_pp0_iter1_zero_65_reg_1556                            |   14|          3|   32|         96|
    |ap_phi_reg_pp0_iter1_zero_66_reg_1706                            |   14|          3|   32|         96|
    |ap_phi_reg_pp0_iter1_zero_68_reg_1856                            |   14|          3|   32|         96|
    |ap_phi_reg_pp0_iter1_zero_70_reg_1931                            |   14|          3|   32|         96|
    |ap_phi_reg_pp0_iter1_zero_72_reg_1781                            |   14|          3|   32|         96|
    |ap_phi_reg_pp0_iter1_zero_74_reg_1631                            |   14|          3|   32|         96|
    |ap_phi_reg_pp0_iter1_zero_76_reg_1481                            |   14|          3|   32|         96|
    |ap_phi_reg_pp0_iter2_exponent_10_reg_1459                        |    9|          2|    9|         18|
    |ap_phi_reg_pp0_iter2_exponent_17_reg_1534                        |    9|          2|    9|         18|
    |ap_phi_reg_pp0_iter2_exponent_24_reg_1609                        |    9|          2|    9|         18|
    |ap_phi_reg_pp0_iter2_exponent_31_reg_1684                        |    9|          2|    9|         18|
    |ap_phi_reg_pp0_iter2_exponent_38_reg_1759                        |    9|          2|    9|         18|
    |ap_phi_reg_pp0_iter2_exponent_3_reg_1384                         |    9|          2|    9|         18|
    |ap_phi_reg_pp0_iter2_exponent_45_reg_1834                        |    9|          2|    9|         18|
    |ap_phi_reg_pp0_iter2_exponent_52_reg_1909                        |    9|          2|    9|         18|
    |ap_phi_reg_pp0_iter2_product_aligned_10_reg_1737                 |   20|          4|   27|        108|
    |ap_phi_reg_pp0_iter2_product_aligned_12_reg_1812                 |   20|          4|   27|        108|
    |ap_phi_reg_pp0_iter2_product_aligned_14_reg_1887                 |   20|          4|   27|        108|
    |ap_phi_reg_pp0_iter2_product_aligned_2_reg_1437                  |   20|          4|   27|        108|
    |ap_phi_reg_pp0_iter2_product_aligned_4_reg_1512                  |   20|          4|   27|        108|
    |ap_phi_reg_pp0_iter2_product_aligned_6_reg_1587                  |   20|          4|   27|        108|
    |ap_phi_reg_pp0_iter2_product_aligned_8_reg_1662                  |   20|          4|   27|        108|
    |ap_phi_reg_pp0_iter2_product_aligned_reg_1362                    |   20|          4|   27|        108|
    |ap_phi_reg_pp0_iter2_ref_tmp_i219_i_i_i_sign_3_1438_ph_reg_1448  |    9|          2|    1|          2|
    |ap_phi_reg_pp0_iter2_ref_tmp_i219_i_i_i_sign_3_1_1_ph_reg_1598   |    9|          2|    1|          2|
    |ap_phi_reg_pp0_iter2_ref_tmp_i219_i_i_i_sign_3_1_ph_reg_1523     |    9|          2|    1|          2|
    |ap_phi_reg_pp0_iter2_ref_tmp_i219_i_i_i_sign_3_2_1_ph_reg_1748   |    9|          2|    1|          2|
    |ap_phi_reg_pp0_iter2_ref_tmp_i219_i_i_i_sign_3_2_ph_reg_1673     |    9|          2|    1|          2|
    |ap_phi_reg_pp0_iter2_ref_tmp_i219_i_i_i_sign_3_3_1_ph_reg_1898   |    9|          2|    1|          2|
    |ap_phi_reg_pp0_iter2_ref_tmp_i219_i_i_i_sign_3_3_ph_reg_1823     |    9|          2|    1|          2|
    |ap_phi_reg_pp0_iter2_ref_tmp_i219_i_i_i_sign_3_ph_reg_1373       |    9|          2|    1|          2|
    |ap_phi_reg_pp0_iter2_significand_10_reg_1545                     |    9|          2|   27|         54|
    |ap_phi_reg_pp0_iter2_significand_14_reg_1620                     |    9|          2|   27|         54|
    |ap_phi_reg_pp0_iter2_significand_18_reg_1695                     |    9|          2|   27|         54|
    |ap_phi_reg_pp0_iter2_significand_22_reg_1770                     |    9|          2|   27|         54|
    |ap_phi_reg_pp0_iter2_significand_26_reg_1845                     |    9|          2|   27|         54|
    |ap_phi_reg_pp0_iter2_significand_30_reg_1920                     |    9|          2|   27|         54|
    |ap_phi_reg_pp0_iter2_significand_6_reg_1470                      |    9|          2|   27|         54|
    |ap_phi_reg_pp0_iter2_significand_reg_1395                        |    9|          2|   27|         54|
    |ap_phi_reg_pp0_iter2_zero_63_reg_1406                            |   14|          3|   32|         96|
    |ap_phi_reg_pp0_iter2_zero_65_reg_1556                            |   14|          3|   32|         96|
    |ap_phi_reg_pp0_iter2_zero_66_reg_1706                            |   14|          3|   32|         96|
    |ap_phi_reg_pp0_iter2_zero_68_reg_1856                            |   14|          3|   32|         96|
    |ap_phi_reg_pp0_iter2_zero_70_reg_1931                            |   14|          3|   32|         96|
    |ap_phi_reg_pp0_iter2_zero_72_reg_1781                            |   14|          3|   32|         96|
    |ap_phi_reg_pp0_iter2_zero_74_reg_1631                            |   14|          3|   32|         96|
    |ap_phi_reg_pp0_iter2_zero_76_reg_1481                            |   14|          3|   32|         96|
    |zero_63_reg_1406                                                 |   20|          4|   32|        128|
    |zero_65_reg_1556                                                 |   20|          4|   32|        128|
    |zero_66_reg_1706                                                 |   20|          4|   32|        128|
    |zero_68_reg_1856                                                 |   20|          4|   32|        128|
    |zero_70_reg_1931                                                 |   20|          4|   32|        128|
    |zero_72_reg_1781                                                 |   20|          4|   32|        128|
    |zero_74_reg_1631                                                 |   20|          4|   32|        128|
    |zero_76_reg_1481                                                 |   20|          4|   32|        128|
    +-----------------------------------------------------------------+-----+-----------+-----+-----------+
    |Total                                                            | 2200|        456| 1880|       7120|
    +-----------------------------------------------------------------+-----+-----------+-----+-----------+

    * Register: 
    +-----------------------------------------------------------------+----+----+-----+-----------+
    |                               Name                              | FF | LUT| Bits| Const Bits|
    +-----------------------------------------------------------------+----+----+-----+-----------+
    |and_ln376_1_reg_25491                                            |   1|   0|    1|          0|
    |and_ln376_2_reg_25532                                            |   1|   0|    1|          0|
    |and_ln376_3_reg_25573                                            |   1|   0|    1|          0|
    |and_ln376_4_reg_25614                                            |   1|   0|    1|          0|
    |and_ln376_5_reg_25655                                            |   1|   0|    1|          0|
    |and_ln376_6_reg_25696                                            |   1|   0|    1|          0|
    |and_ln376_7_reg_25737                                            |   1|   0|    1|          0|
    |and_ln376_reg_25450                                              |   1|   0|    1|          0|
    |and_ln439_11_reg_24563                                           |   1|   0|    1|          0|
    |and_ln439_11_reg_24563_pp0_iter1_reg                             |   1|   0|    1|          0|
    |and_ln439_13_reg_24740                                           |   1|   0|    1|          0|
    |and_ln439_13_reg_24740_pp0_iter1_reg                             |   1|   0|    1|          0|
    |and_ln439_15_reg_24927                                           |   1|   0|    1|          0|
    |and_ln439_15_reg_24927_pp0_iter1_reg                             |   1|   0|    1|          0|
    |and_ln439_1_reg_23678                                            |   1|   0|    1|          0|
    |and_ln439_1_reg_23678_pp0_iter1_reg                              |   1|   0|    1|          0|
    |and_ln439_3_reg_23855                                            |   1|   0|    1|          0|
    |and_ln439_3_reg_23855_pp0_iter1_reg                              |   1|   0|    1|          0|
    |and_ln439_5_reg_24032                                            |   1|   0|    1|          0|
    |and_ln439_5_reg_24032_pp0_iter1_reg                              |   1|   0|    1|          0|
    |and_ln439_7_reg_24209                                            |   1|   0|    1|          0|
    |and_ln439_7_reg_24209_pp0_iter1_reg                              |   1|   0|    1|          0|
    |and_ln439_9_reg_24386                                            |   1|   0|    1|          0|
    |and_ln439_9_reg_24386_pp0_iter1_reg                              |   1|   0|    1|          0|
    |and_ln450_1_reg_23863                                            |   1|   0|    1|          0|
    |and_ln450_1_reg_23863_pp0_iter1_reg                              |   1|   0|    1|          0|
    |and_ln450_2_reg_24040                                            |   1|   0|    1|          0|
    |and_ln450_2_reg_24040_pp0_iter1_reg                              |   1|   0|    1|          0|
    |and_ln450_3_reg_24217                                            |   1|   0|    1|          0|
    |and_ln450_3_reg_24217_pp0_iter1_reg                              |   1|   0|    1|          0|
    |and_ln450_4_reg_24394                                            |   1|   0|    1|          0|
    |and_ln450_4_reg_24394_pp0_iter1_reg                              |   1|   0|    1|          0|
    |and_ln450_5_reg_24571                                            |   1|   0|    1|          0|
    |and_ln450_5_reg_24571_pp0_iter1_reg                              |   1|   0|    1|          0|
    |and_ln450_6_reg_24748                                            |   1|   0|    1|          0|
    |and_ln450_6_reg_24748_pp0_iter1_reg                              |   1|   0|    1|          0|
    |and_ln450_7_reg_24935                                            |   1|   0|    1|          0|
    |and_ln450_7_reg_24935_pp0_iter1_reg                              |   1|   0|    1|          0|
    |and_ln450_reg_23686                                              |   1|   0|    1|          0|
    |and_ln450_reg_23686_pp0_iter1_reg                                |   1|   0|    1|          0|
    |ap_CS_fsm                                                        |   1|   0|    1|          0|
    |ap_enable_reg_pp0_iter1                                          |   1|   0|    1|          0|
    |ap_enable_reg_pp0_iter2                                          |   1|   0|    1|          0|
    |ap_enable_reg_pp0_iter3                                          |   1|   0|    1|          0|
    |ap_phi_reg_pp0_iter1_exponent_10_reg_1459                        |   9|   0|    9|          0|
    |ap_phi_reg_pp0_iter1_exponent_17_reg_1534                        |   9|   0|    9|          0|
    |ap_phi_reg_pp0_iter1_exponent_24_reg_1609                        |   9|   0|    9|          0|
    |ap_phi_reg_pp0_iter1_exponent_31_reg_1684                        |   9|   0|    9|          0|
    |ap_phi_reg_pp0_iter1_exponent_38_reg_1759                        |   9|   0|    9|          0|
    |ap_phi_reg_pp0_iter1_exponent_3_reg_1384                         |   9|   0|    9|          0|
    |ap_phi_reg_pp0_iter1_exponent_45_reg_1834                        |   9|   0|    9|          0|
    |ap_phi_reg_pp0_iter1_exponent_52_reg_1909                        |   9|   0|    9|          0|
    |ap_phi_reg_pp0_iter1_highest_1_reg_669                           |   6|   0|    6|          0|
    |ap_phi_reg_pp0_iter1_highest_2_reg_768                           |   6|   0|    6|          0|
    |ap_phi_reg_pp0_iter1_highest_3_reg_867                           |   6|   0|    6|          0|
    |ap_phi_reg_pp0_iter1_highest_4_reg_966                           |   6|   0|    6|          0|
    |ap_phi_reg_pp0_iter1_highest_5_reg_1065                          |   6|   0|    6|          0|
    |ap_phi_reg_pp0_iter1_highest_6_reg_1164                          |   6|   0|    6|          0|
    |ap_phi_reg_pp0_iter1_highest_7_reg_1263                          |   6|   0|    6|          0|
    |ap_phi_reg_pp0_iter1_highest_reg_570                             |   6|   0|    6|          0|
    |ap_phi_reg_pp0_iter1_product_aligned_10_reg_1737                 |  27|   0|   27|          0|
    |ap_phi_reg_pp0_iter1_product_aligned_12_reg_1812                 |  27|   0|   27|          0|
    |ap_phi_reg_pp0_iter1_product_aligned_14_reg_1887                 |  27|   0|   27|          0|
    |ap_phi_reg_pp0_iter1_product_aligned_2_reg_1437                  |  27|   0|   27|          0|
    |ap_phi_reg_pp0_iter1_product_aligned_4_reg_1512                  |  27|   0|   27|          0|
    |ap_phi_reg_pp0_iter1_product_aligned_6_reg_1587                  |  27|   0|   27|          0|
    |ap_phi_reg_pp0_iter1_product_aligned_8_reg_1662                  |  27|   0|   27|          0|
    |ap_phi_reg_pp0_iter1_product_aligned_reg_1362                    |  27|   0|   27|          0|
    |ap_phi_reg_pp0_iter1_ref_tmp_i219_i_i_i_sign_3_1438_ph_reg_1448  |   1|   0|    1|          0|
    |ap_phi_reg_pp0_iter1_ref_tmp_i219_i_i_i_sign_3_1_1_ph_reg_1598   |   1|   0|    1|          0|
    |ap_phi_reg_pp0_iter1_ref_tmp_i219_i_i_i_sign_3_1_ph_reg_1523     |   1|   0|    1|          0|
    |ap_phi_reg_pp0_iter1_ref_tmp_i219_i_i_i_sign_3_2_1_ph_reg_1748   |   1|   0|    1|          0|
    |ap_phi_reg_pp0_iter1_ref_tmp_i219_i_i_i_sign_3_2_ph_reg_1673     |   1|   0|    1|          0|
    |ap_phi_reg_pp0_iter1_ref_tmp_i219_i_i_i_sign_3_3_1_ph_reg_1898   |   1|   0|    1|          0|
    |ap_phi_reg_pp0_iter1_ref_tmp_i219_i_i_i_sign_3_3_ph_reg_1823     |   1|   0|    1|          0|
    |ap_phi_reg_pp0_iter1_ref_tmp_i219_i_i_i_sign_3_ph_reg_1373       |   1|   0|    1|          0|
    |ap_phi_reg_pp0_iter1_significand_10_reg_1545                     |  27|   0|   27|          0|
    |ap_phi_reg_pp0_iter1_significand_14_reg_1620                     |  27|   0|   27|          0|
    |ap_phi_reg_pp0_iter1_significand_18_reg_1695                     |  27|   0|   27|          0|
    |ap_phi_reg_pp0_iter1_significand_22_reg_1770                     |  27|   0|   27|          0|
    |ap_phi_reg_pp0_iter1_significand_26_reg_1845                     |  27|   0|   27|          0|
    |ap_phi_reg_pp0_iter1_significand_30_reg_1920                     |  27|   0|   27|          0|
    |ap_phi_reg_pp0_iter1_significand_6_reg_1470                      |  27|   0|   27|          0|
    |ap_phi_reg_pp0_iter1_significand_reg_1395                        |  27|   0|   27|          0|
    |ap_phi_reg_pp0_iter1_zero_63_reg_1406                            |  32|   0|   32|          0|
    |ap_phi_reg_pp0_iter1_zero_65_reg_1556                            |  32|   0|   32|          0|
    |ap_phi_reg_pp0_iter1_zero_66_reg_1706                            |  32|   0|   32|          0|
    |ap_phi_reg_pp0_iter1_zero_68_reg_1856                            |  32|   0|   32|          0|
    |ap_phi_reg_pp0_iter1_zero_70_reg_1931                            |  32|   0|   32|          0|
    |ap_phi_reg_pp0_iter1_zero_72_reg_1781                            |  32|   0|   32|          0|
    |ap_phi_reg_pp0_iter1_zero_74_reg_1631                            |  32|   0|   32|          0|
    |ap_phi_reg_pp0_iter1_zero_76_reg_1481                            |  32|   0|   32|          0|
    |ap_phi_reg_pp0_iter2_exponent_10_reg_1459                        |   9|   0|    9|          0|
    |ap_phi_reg_pp0_iter2_exponent_17_reg_1534                        |   9|   0|    9|          0|
    |ap_phi_reg_pp0_iter2_exponent_24_reg_1609                        |   9|   0|    9|          0|
    |ap_phi_reg_pp0_iter2_exponent_31_reg_1684                        |   9|   0|    9|          0|
    |ap_phi_reg_pp0_iter2_exponent_38_reg_1759                        |   9|   0|    9|          0|
    |ap_phi_reg_pp0_iter2_exponent_3_reg_1384                         |   9|   0|    9|          0|
    |ap_phi_reg_pp0_iter2_exponent_45_reg_1834                        |   9|   0|    9|          0|
    |ap_phi_reg_pp0_iter2_exponent_52_reg_1909                        |   9|   0|    9|          0|
    |ap_phi_reg_pp0_iter2_product_aligned_10_reg_1737                 |  27|   0|   27|          0|
    |ap_phi_reg_pp0_iter2_product_aligned_12_reg_1812                 |  27|   0|   27|          0|
    |ap_phi_reg_pp0_iter2_product_aligned_14_reg_1887                 |  27|   0|   27|          0|
    |ap_phi_reg_pp0_iter2_product_aligned_2_reg_1437                  |  27|   0|   27|          0|
    |ap_phi_reg_pp0_iter2_product_aligned_4_reg_1512                  |  27|   0|   27|          0|
    |ap_phi_reg_pp0_iter2_product_aligned_6_reg_1587                  |  27|   0|   27|          0|
    |ap_phi_reg_pp0_iter2_product_aligned_8_reg_1662                  |  27|   0|   27|          0|
    |ap_phi_reg_pp0_iter2_product_aligned_reg_1362                    |  27|   0|   27|          0|
    |ap_phi_reg_pp0_iter2_ref_tmp_i219_i_i_i_sign_3_1438_ph_reg_1448  |   1|   0|    1|          0|
    |ap_phi_reg_pp0_iter2_ref_tmp_i219_i_i_i_sign_3_1_1_ph_reg_1598   |   1|   0|    1|          0|
    |ap_phi_reg_pp0_iter2_ref_tmp_i219_i_i_i_sign_3_1_ph_reg_1523     |   1|   0|    1|          0|
    |ap_phi_reg_pp0_iter2_ref_tmp_i219_i_i_i_sign_3_2_1_ph_reg_1748   |   1|   0|    1|          0|
    |ap_phi_reg_pp0_iter2_ref_tmp_i219_i_i_i_sign_3_2_ph_reg_1673     |   1|   0|    1|          0|
    |ap_phi_reg_pp0_iter2_ref_tmp_i219_i_i_i_sign_3_3_1_ph_reg_1898   |   1|   0|    1|          0|
    |ap_phi_reg_pp0_iter2_ref_tmp_i219_i_i_i_sign_3_3_ph_reg_1823     |   1|   0|    1|          0|
    |ap_phi_reg_pp0_iter2_ref_tmp_i219_i_i_i_sign_3_ph_reg_1373       |   1|   0|    1|          0|
    |ap_phi_reg_pp0_iter2_significand_10_reg_1545                     |  27|   0|   27|          0|
    |ap_phi_reg_pp0_iter2_significand_14_reg_1620                     |  27|   0|   27|          0|
    |ap_phi_reg_pp0_iter2_significand_18_reg_1695                     |  27|   0|   27|          0|
    |ap_phi_reg_pp0_iter2_significand_22_reg_1770                     |  27|   0|   27|          0|
    |ap_phi_reg_pp0_iter2_significand_26_reg_1845                     |  27|   0|   27|          0|
    |ap_phi_reg_pp0_iter2_significand_30_reg_1920                     |  27|   0|   27|          0|
    |ap_phi_reg_pp0_iter2_significand_6_reg_1470                      |  27|   0|   27|          0|
    |ap_phi_reg_pp0_iter2_significand_reg_1395                        |  27|   0|   27|          0|
    |ap_phi_reg_pp0_iter2_zero_63_reg_1406                            |  32|   0|   32|          0|
    |ap_phi_reg_pp0_iter2_zero_65_reg_1556                            |  32|   0|   32|          0|
    |ap_phi_reg_pp0_iter2_zero_66_reg_1706                            |  32|   0|   32|          0|
    |ap_phi_reg_pp0_iter2_zero_68_reg_1856                            |  32|   0|   32|          0|
    |ap_phi_reg_pp0_iter2_zero_70_reg_1931                            |  32|   0|   32|          0|
    |ap_phi_reg_pp0_iter2_zero_72_reg_1781                            |  32|   0|   32|          0|
    |ap_phi_reg_pp0_iter2_zero_74_reg_1631                            |  32|   0|   32|          0|
    |ap_phi_reg_pp0_iter2_zero_76_reg_1481                            |  32|   0|   32|          0|
    |ap_predicate_pred2329_state3                                     |   1|   0|    1|          0|
    |ap_predicate_pred2459_state3                                     |   1|   0|    1|          0|
    |ap_predicate_pred2585_state3                                     |   1|   0|    1|          0|
    |ap_predicate_pred2711_state3                                     |   1|   0|    1|          0|
    |ap_predicate_pred2837_state3                                     |   1|   0|    1|          0|
    |ap_predicate_pred2963_state3                                     |   1|   0|    1|          0|
    |ap_predicate_pred3089_state3                                     |   1|   0|    1|          0|
    |ap_predicate_pred3215_state3                                     |   1|   0|    1|          0|
    |c_aligned_11_reg_25301                                           |  27|   0|   27|          0|
    |c_aligned_13_reg_25350                                           |  27|   0|   27|          0|
    |c_aligned_15_reg_25399                                           |  27|   0|   27|          0|
    |c_aligned_2_reg_25105                                            |  27|   0|   27|          0|
    |c_aligned_4_reg_25154                                            |  27|   0|   27|          0|
    |c_aligned_6_reg_25203                                            |  27|   0|   27|          0|
    |c_aligned_8_reg_25252                                            |  27|   0|   27|          0|
    |c_aligned_reg_25056                                              |  27|   0|   27|          0|
    |common_top_1_reg_25083                                           |   9|   0|    9|          0|
    |common_top_2_reg_25132                                           |   9|   0|    9|          0|
    |common_top_3_reg_25181                                           |   9|   0|    9|          0|
    |common_top_4_reg_25230                                           |   9|   0|    9|          0|
    |common_top_5_reg_25279                                           |   9|   0|    9|          0|
    |common_top_6_reg_25328                                           |   9|   0|    9|          0|
    |common_top_7_reg_25377                                           |   9|   0|    9|          0|
    |common_top_reg_25034                                             |   9|   0|    9|          0|
    |data_60_reg_24841                                                |  32|   0|   32|          0|
    |data_60_reg_24841_pp0_iter1_reg                                  |  32|   0|   32|          0|
    |exp2_mode_read_reg_23582                                         |   1|   0|    1|          0|
    |fields_lsb_exponent_56_reg_23612                                 |   6|   0|    6|          0|
    |fields_lsb_exponent_57_reg_23617                                 |   6|   0|    6|          0|
    |fields_lsb_exponent_58_reg_23646                                 |   9|   0|    9|          0|
    |fields_lsb_exponent_60_reg_23789                                 |   6|   0|    6|          0|
    |fields_lsb_exponent_61_reg_23794                                 |   6|   0|    6|          0|
    |fields_lsb_exponent_62_reg_23823                                 |   9|   0|    9|          0|
    |fields_lsb_exponent_64_reg_24143                                 |   6|   0|    6|          0|
    |fields_lsb_exponent_65_reg_24148                                 |   6|   0|    6|          0|
    |fields_lsb_exponent_66_reg_24177                                 |   9|   0|    9|          0|
    |fields_lsb_exponent_68_reg_24497                                 |   6|   0|    6|          0|
    |fields_lsb_exponent_69_reg_24502                                 |   6|   0|    6|          0|
    |fields_lsb_exponent_70_reg_24531                                 |   9|   0|    9|          0|
    |fields_lsb_exponent_72_reg_24861                                 |   6|   0|    6|          0|
    |fields_lsb_exponent_73_reg_24866                                 |   6|   0|    6|          0|
    |fields_lsb_exponent_74_reg_24895                                 |   9|   0|    9|          0|
    |fields_lsb_exponent_76_reg_24674                                 |   6|   0|    6|          0|
    |fields_lsb_exponent_77_reg_24679                                 |   6|   0|    6|          0|
    |fields_lsb_exponent_78_reg_24708                                 |   9|   0|    9|          0|
    |fields_lsb_exponent_80_reg_24320                                 |   6|   0|    6|          0|
    |fields_lsb_exponent_81_reg_24325                                 |   6|   0|    6|          0|
    |fields_lsb_exponent_82_reg_24354                                 |   9|   0|    9|          0|
    |fields_lsb_exponent_83_reg_23966                                 |   6|   0|    6|          0|
    |fields_lsb_exponent_84_reg_23971                                 |   6|   0|    6|          0|
    |fields_lsb_exponent_85_reg_24000                                 |   9|   0|    9|          0|
    |fields_significand_58_reg_23641                                  |  24|   0|   24|          0|
    |fields_significand_62_reg_23818                                  |  24|   0|   24|          0|
    |fields_significand_66_reg_24172                                  |  24|   0|   24|          0|
    |fields_significand_70_reg_24526                                  |  24|   0|   24|          0|
    |fields_significand_74_reg_24890                                  |  24|   0|   24|          0|
    |icmp_ln493_1_reg_23951                                           |   1|   0|    1|          0|
    |icmp_ln493_2_reg_24128                                           |   1|   0|    1|          0|
    |icmp_ln493_3_reg_24305                                           |   1|   0|    1|          0|
    |icmp_ln493_4_reg_24482                                           |   1|   0|    1|          0|
    |icmp_ln493_5_reg_24659                                           |   1|   0|    1|          0|
    |icmp_ln493_6_reg_24836                                           |   1|   0|    1|          0|
    |icmp_ln493_7_reg_25743                                           |   1|   0|    1|          0|
    |icmp_ln493_reg_23774                                             |   1|   0|    1|          0|
    |mantissa_15_reg_25506                                            |  23|   0|   23|          0|
    |mantissa_21_reg_25547                                            |  23|   0|   23|          0|
    |mantissa_27_reg_25588                                            |  23|   0|   23|          0|
    |mantissa_33_reg_25629                                            |  23|   0|   23|          0|
    |mantissa_39_reg_25670                                            |  23|   0|   23|          0|
    |mantissa_3_reg_25424                                             |  23|   0|   23|          0|
    |mantissa_45_reg_25711                                            |  23|   0|   23|          0|
    |mantissa_9_reg_25465                                             |  23|   0|   23|          0|
    |new_exponent_1_reg_25470                                         |  18|   0|   18|          0|
    |new_exponent_2_reg_25511                                         |  18|   0|   18|          0|
    |new_exponent_3_reg_25552                                         |  18|   0|   18|          0|
    |new_exponent_4_reg_25593                                         |  18|   0|   18|          0|
    |new_exponent_5_reg_25634                                         |  18|   0|   18|          0|
    |new_exponent_6_reg_25675                                         |  18|   0|   18|          0|
    |new_exponent_7_reg_25716                                         |  18|   0|   18|          0|
    |new_exponent_reg_25429                                           |  18|   0|   18|          0|
    |operand_c_infinity_1_reg_23810                                   |   1|   0|    1|          0|
    |operand_c_infinity_1_reg_23810_pp0_iter1_reg                     |   1|   0|    1|          0|
    |operand_c_infinity_2_reg_24164                                   |   1|   0|    1|          0|
    |operand_c_infinity_2_reg_24164_pp0_iter1_reg                     |   1|   0|    1|          0|
    |operand_c_infinity_3_reg_24518                                   |   1|   0|    1|          0|
    |operand_c_infinity_3_reg_24518_pp0_iter1_reg                     |   1|   0|    1|          0|
    |operand_c_infinity_4_reg_24882                                   |   1|   0|    1|          0|
    |operand_c_infinity_4_reg_24882_pp0_iter1_reg                     |   1|   0|    1|          0|
    |operand_c_infinity_5_reg_24695                                   |   1|   0|    1|          0|
    |operand_c_infinity_5_reg_24695_pp0_iter1_reg                     |   1|   0|    1|          0|
    |operand_c_infinity_6_reg_24341                                   |   1|   0|    1|          0|
    |operand_c_infinity_6_reg_24341_pp0_iter1_reg                     |   1|   0|    1|          0|
    |operand_c_infinity_7_reg_23987                                   |   1|   0|    1|          0|
    |operand_c_infinity_7_reg_23987_pp0_iter1_reg                     |   1|   0|    1|          0|
    |operand_c_infinity_reg_23633                                     |   1|   0|    1|          0|
    |operand_c_infinity_reg_23633_pp0_iter1_reg                       |   1|   0|    1|          0|
    |operand_c_sign_1_reg_23805                                       |   1|   0|    1|          0|
    |operand_c_sign_1_reg_23805_pp0_iter1_reg                         |   1|   0|    1|          0|
    |operand_c_sign_2_reg_24159                                       |   1|   0|    1|          0|
    |operand_c_sign_2_reg_24159_pp0_iter1_reg                         |   1|   0|    1|          0|
    |operand_c_sign_3_reg_24513                                       |   1|   0|    1|          0|
    |operand_c_sign_3_reg_24513_pp0_iter1_reg                         |   1|   0|    1|          0|
    |operand_c_sign_4_reg_24877                                       |   1|   0|    1|          0|
    |operand_c_sign_4_reg_24877_pp0_iter1_reg                         |   1|   0|    1|          0|
    |operand_c_sign_reg_23628                                         |   1|   0|    1|          0|
    |operand_c_sign_reg_23628_pp0_iter1_reg                           |   1|   0|    1|          0|
    |operand_c_zero_1_reg_23814                                       |   1|   0|    1|          0|
    |operand_c_zero_1_reg_23814_pp0_iter1_reg                         |   1|   0|    1|          0|
    |operand_c_zero_2_reg_24168                                       |   1|   0|    1|          0|
    |operand_c_zero_2_reg_24168_pp0_iter1_reg                         |   1|   0|    1|          0|
    |operand_c_zero_3_reg_24522                                       |   1|   0|    1|          0|
    |operand_c_zero_3_reg_24522_pp0_iter1_reg                         |   1|   0|    1|          0|
    |operand_c_zero_4_reg_24886                                       |   1|   0|    1|          0|
    |operand_c_zero_4_reg_24886_pp0_iter1_reg                         |   1|   0|    1|          0|
    |operand_c_zero_5_reg_24699                                       |   1|   0|    1|          0|
    |operand_c_zero_5_reg_24699_pp0_iter1_reg                         |   1|   0|    1|          0|
    |operand_c_zero_6_reg_24345                                       |   1|   0|    1|          0|
    |operand_c_zero_6_reg_24345_pp0_iter1_reg                         |   1|   0|    1|          0|
    |operand_c_zero_7_reg_23991                                       |   1|   0|    1|          0|
    |operand_c_zero_7_reg_23991_pp0_iter1_reg                         |   1|   0|    1|          0|
    |operand_c_zero_reg_23637                                         |   1|   0|    1|          0|
    |operand_c_zero_reg_23637_pp0_iter1_reg                           |   1|   0|    1|          0|
    |or_ln376_1_reg_25486                                             |   1|   0|    1|          0|
    |or_ln376_2_reg_25527                                             |   1|   0|    1|          0|
    |or_ln376_3_reg_25568                                             |   1|   0|    1|          0|
    |or_ln376_4_reg_25609                                             |   1|   0|    1|          0|
    |or_ln376_5_reg_25650                                             |   1|   0|    1|          0|
    |or_ln376_6_reg_25691                                             |   1|   0|    1|          0|
    |or_ln376_7_reg_25732                                             |   1|   0|    1|          0|
    |or_ln376_reg_25445                                               |   1|   0|    1|          0|
    |or_ln432_11_reg_24544                                            |   1|   0|    1|          0|
    |or_ln432_11_reg_24544_pp0_iter1_reg                              |   1|   0|    1|          0|
    |or_ln432_13_reg_24721                                            |   1|   0|    1|          0|
    |or_ln432_13_reg_24721_pp0_iter1_reg                              |   1|   0|    1|          0|
    |or_ln432_15_reg_24908                                            |   1|   0|    1|          0|
    |or_ln432_15_reg_24908_pp0_iter1_reg                              |   1|   0|    1|          0|
    |or_ln432_1_reg_23659                                             |   1|   0|    1|          0|
    |or_ln432_1_reg_23659_pp0_iter1_reg                               |   1|   0|    1|          0|
    |or_ln432_3_reg_23836                                             |   1|   0|    1|          0|
    |or_ln432_3_reg_23836_pp0_iter1_reg                               |   1|   0|    1|          0|
    |or_ln432_5_reg_24013                                             |   1|   0|    1|          0|
    |or_ln432_5_reg_24013_pp0_iter1_reg                               |   1|   0|    1|          0|
    |or_ln432_7_reg_24190                                             |   1|   0|    1|          0|
    |or_ln432_7_reg_24190_pp0_iter1_reg                               |   1|   0|    1|          0|
    |or_ln432_9_reg_24367                                             |   1|   0|    1|          0|
    |or_ln432_9_reg_24367_pp0_iter1_reg                               |   1|   0|    1|          0|
    |or_ln435_1_reg_23840                                             |   1|   0|    1|          0|
    |or_ln435_1_reg_23840_pp0_iter1_reg                               |   1|   0|    1|          0|
    |or_ln435_2_reg_24017                                             |   1|   0|    1|          0|
    |or_ln435_2_reg_24017_pp0_iter1_reg                               |   1|   0|    1|          0|
    |or_ln435_3_reg_24194                                             |   1|   0|    1|          0|
    |or_ln435_3_reg_24194_pp0_iter1_reg                               |   1|   0|    1|          0|
    |or_ln435_4_reg_24371                                             |   1|   0|    1|          0|
    |or_ln435_4_reg_24371_pp0_iter1_reg                               |   1|   0|    1|          0|
    |or_ln435_5_reg_24548                                             |   1|   0|    1|          0|
    |or_ln435_5_reg_24548_pp0_iter1_reg                               |   1|   0|    1|          0|
    |or_ln435_6_reg_24725                                             |   1|   0|    1|          0|
    |or_ln435_6_reg_24725_pp0_iter1_reg                               |   1|   0|    1|          0|
    |or_ln435_7_reg_24912                                             |   1|   0|    1|          0|
    |or_ln435_7_reg_24912_pp0_iter1_reg                               |   1|   0|    1|          0|
    |or_ln435_reg_23663                                               |   1|   0|    1|          0|
    |or_ln435_reg_23663_pp0_iter1_reg                                 |   1|   0|    1|          0|
    |prepared_force_zero_11_reg_24492                                 |   1|   0|    1|          0|
    |prepared_force_zero_13_reg_24669                                 |   1|   0|    1|          0|
    |prepared_force_zero_15_reg_24856                                 |   1|   0|    1|          0|
    |prepared_force_zero_1_reg_23607                                  |   1|   0|    1|          0|
    |prepared_force_zero_3_reg_23784                                  |   1|   0|    1|          0|
    |prepared_force_zero_5_reg_23961                                  |   1|   0|    1|          0|
    |prepared_force_zero_7_reg_24138                                  |   1|   0|    1|          0|
    |prepared_force_zero_9_reg_24315                                  |   1|   0|    1|          0|
    |prepared_integer_11_reg_24487                                    |  17|   0|   17|          0|
    |prepared_integer_11_reg_24487_pp0_iter1_reg                      |  17|   0|   17|          0|
    |prepared_integer_13_reg_24664                                    |  17|   0|   17|          0|
    |prepared_integer_13_reg_24664_pp0_iter1_reg                      |  17|   0|   17|          0|
    |prepared_integer_15_reg_24846                                    |  17|   0|   17|          0|
    |prepared_integer_15_reg_24846_pp0_iter1_reg                      |  17|   0|   17|          0|
    |prepared_integer_1_reg_23602                                     |  17|   0|   17|          0|
    |prepared_integer_1_reg_23602_pp0_iter1_reg                       |  17|   0|   17|          0|
    |prepared_integer_3_reg_23779                                     |  17|   0|   17|          0|
    |prepared_integer_3_reg_23779_pp0_iter1_reg                       |  17|   0|   17|          0|
    |prepared_integer_5_reg_23956                                     |  17|   0|   17|          0|
    |prepared_integer_5_reg_23956_pp0_iter1_reg                       |  17|   0|   17|          0|
    |prepared_integer_7_reg_24133                                     |  17|   0|   17|          0|
    |prepared_integer_7_reg_24133_pp0_iter1_reg                       |  17|   0|   17|          0|
    |prepared_integer_9_reg_24310                                     |  17|   0|   17|          0|
    |prepared_integer_9_reg_24310_pp0_iter1_reg                       |  17|   0|   17|          0|
    |prepared_piece_7_reg_24851                                       |   3|   0|    3|          0|
    |prepared_piece_7_reg_24851_pp0_iter1_reg                         |   3|   0|    3|          0|
    |product_infinity_1_reg_23844                                     |   1|   0|    1|          0|
    |product_infinity_1_reg_23844_pp0_iter1_reg                       |   1|   0|    1|          0|
    |product_infinity_2_reg_24021                                     |   1|   0|    1|          0|
    |product_infinity_2_reg_24021_pp0_iter1_reg                       |   1|   0|    1|          0|
    |product_infinity_3_reg_24198                                     |   1|   0|    1|          0|
    |product_infinity_3_reg_24198_pp0_iter1_reg                       |   1|   0|    1|          0|
    |product_infinity_4_reg_24375                                     |   1|   0|    1|          0|
    |product_infinity_4_reg_24375_pp0_iter1_reg                       |   1|   0|    1|          0|
    |product_infinity_5_reg_24552                                     |   1|   0|    1|          0|
    |product_infinity_5_reg_24552_pp0_iter1_reg                       |   1|   0|    1|          0|
    |product_infinity_6_reg_24729                                     |   1|   0|    1|          0|
    |product_infinity_6_reg_24729_pp0_iter1_reg                       |   1|   0|    1|          0|
    |product_infinity_7_reg_24916                                     |   1|   0|    1|          0|
    |product_infinity_7_reg_24916_pp0_iter1_reg                       |   1|   0|    1|          0|
    |product_infinity_reg_23667                                       |   1|   0|    1|          0|
    |product_infinity_reg_23667_pp0_iter1_reg                         |   1|   0|    1|          0|
    |product_sign_1_reg_23828                                         |   1|   0|    1|          0|
    |product_sign_1_reg_23828_pp0_iter1_reg                           |   1|   0|    1|          0|
    |product_sign_2_reg_24005                                         |   1|   0|    1|          0|
    |product_sign_2_reg_24005_pp0_iter1_reg                           |   1|   0|    1|          0|
    |product_sign_3_reg_24182                                         |   1|   0|    1|          0|
    |product_sign_3_reg_24182_pp0_iter1_reg                           |   1|   0|    1|          0|
    |product_sign_4_reg_24359                                         |   1|   0|    1|          0|
    |product_sign_4_reg_24359_pp0_iter1_reg                           |   1|   0|    1|          0|
    |product_sign_5_reg_24536                                         |   1|   0|    1|          0|
    |product_sign_5_reg_24536_pp0_iter1_reg                           |   1|   0|    1|          0|
    |product_sign_6_reg_24713                                         |   1|   0|    1|          0|
    |product_sign_6_reg_24713_pp0_iter1_reg                           |   1|   0|    1|          0|
    |product_sign_7_reg_24900                                         |   1|   0|    1|          0|
    |product_sign_7_reg_24900_pp0_iter1_reg                           |   1|   0|    1|          0|
    |product_sign_reg_23651                                           |   1|   0|    1|          0|
    |product_sign_reg_23651_pp0_iter1_reg                             |   1|   0|    1|          0|
    |product_zero_1_reg_23859                                         |   1|   0|    1|          0|
    |product_zero_1_reg_23859_pp0_iter1_reg                           |   1|   0|    1|          0|
    |product_zero_2_reg_24036                                         |   1|   0|    1|          0|
    |product_zero_2_reg_24036_pp0_iter1_reg                           |   1|   0|    1|          0|
    |product_zero_3_reg_24213                                         |   1|   0|    1|          0|
    |product_zero_3_reg_24213_pp0_iter1_reg                           |   1|   0|    1|          0|
    |product_zero_4_reg_24390                                         |   1|   0|    1|          0|
    |product_zero_4_reg_24390_pp0_iter1_reg                           |   1|   0|    1|          0|
    |product_zero_5_reg_24567                                         |   1|   0|    1|          0|
    |product_zero_5_reg_24567_pp0_iter1_reg                           |   1|   0|    1|          0|
    |product_zero_6_reg_24744                                         |   1|   0|    1|          0|
    |product_zero_6_reg_24744_pp0_iter1_reg                           |   1|   0|    1|          0|
    |product_zero_7_reg_24931                                         |   1|   0|    1|          0|
    |product_zero_7_reg_24931_pp0_iter1_reg                           |   1|   0|    1|          0|
    |product_zero_reg_23682                                           |   1|   0|    1|          0|
    |product_zero_reg_23682_pp0_iter1_reg                             |   1|   0|    1|          0|
    |result_sign_13_reg_24336                                         |   1|   0|    1|          0|
    |result_sign_13_reg_24336_pp0_iter1_reg                           |   1|   0|    1|          0|
    |result_sign_19_reg_24690                                         |   1|   0|    1|          0|
    |result_sign_19_reg_24690_pp0_iter1_reg                           |   1|   0|    1|          0|
    |result_sign_7_reg_23982                                          |   1|   0|    1|          0|
    |result_sign_7_reg_23982_pp0_iter1_reg                            |   1|   0|    1|          0|
    |trunc_ln380_1_reg_25476                                          |  17|   0|   17|          0|
    |trunc_ln380_2_reg_25517                                          |  17|   0|   17|          0|
    |trunc_ln380_3_reg_25558                                          |  17|   0|   17|          0|
    |trunc_ln380_4_reg_25599                                          |  17|   0|   17|          0|
    |trunc_ln380_5_reg_25640                                          |  17|   0|   17|          0|
    |trunc_ln380_6_reg_25681                                          |  17|   0|   17|          0|
    |trunc_ln380_7_reg_25722                                          |  17|   0|   17|          0|
    |trunc_ln380_reg_25435                                            |  17|   0|   17|          0|
    |trunc_ln382_3_reg_25481                                          |   8|   0|    8|          0|
    |trunc_ln382_4_reg_25522                                          |   8|   0|    8|          0|
    |trunc_ln382_5_reg_25563                                          |   8|   0|    8|          0|
    |trunc_ln382_6_reg_25604                                          |   8|   0|    8|          0|
    |trunc_ln382_7_reg_25645                                          |   8|   0|    8|          0|
    |trunc_ln382_8_reg_25686                                          |   8|   0|    8|          0|
    |trunc_ln382_9_reg_25727                                          |   8|   0|    8|          0|
    |trunc_ln382_reg_25440                                            |   8|   0|    8|          0|
    |value_12_reg_24349                                               |  24|   0|   24|          0|
    |value_18_reg_24703                                               |  24|   0|   24|          0|
    |value_6_reg_23995                                                |  24|   0|   24|          0|
    |xor_ln439_1_reg_23848                                            |   1|   0|    1|          0|
    |xor_ln439_1_reg_23848_pp0_iter1_reg                              |   1|   0|    1|          0|
    |xor_ln439_2_reg_24025                                            |   1|   0|    1|          0|
    |xor_ln439_2_reg_24025_pp0_iter1_reg                              |   1|   0|    1|          0|
    |xor_ln439_3_reg_24202                                            |   1|   0|    1|          0|
    |xor_ln439_3_reg_24202_pp0_iter1_reg                              |   1|   0|    1|          0|
    |xor_ln439_4_reg_24379                                            |   1|   0|    1|          0|
    |xor_ln439_4_reg_24379_pp0_iter1_reg                              |   1|   0|    1|          0|
    |xor_ln439_5_reg_24556                                            |   1|   0|    1|          0|
    |xor_ln439_5_reg_24556_pp0_iter1_reg                              |   1|   0|    1|          0|
    |xor_ln439_6_reg_24733                                            |   1|   0|    1|          0|
    |xor_ln439_6_reg_24733_pp0_iter1_reg                              |   1|   0|    1|          0|
    |xor_ln439_7_reg_24920                                            |   1|   0|    1|          0|
    |xor_ln439_7_reg_24920_pp0_iter1_reg                              |   1|   0|    1|          0|
    |xor_ln439_reg_23671                                              |   1|   0|    1|          0|
    |xor_ln439_reg_23671_pp0_iter1_reg                                |   1|   0|    1|          0|
    |zero_63_reg_1406                                                 |  32|   0|   32|          0|
    |zero_65_reg_1556                                                 |  32|   0|   32|          0|
    |zero_66_reg_1706                                                 |  32|   0|   32|          0|
    |zero_68_reg_1856                                                 |  32|   0|   32|          0|
    |zero_70_reg_1931                                                 |  32|   0|   32|          0|
    |zero_72_reg_1781                                                 |  32|   0|   32|          0|
    |zero_74_reg_1631                                                 |  32|   0|   32|          0|
    |zero_76_reg_1481                                                 |  32|   0|   32|          0|
    |exp2_mode_read_reg_23582                                         |  64|  32|    1|          0|
    |icmp_ln493_1_reg_23951                                           |  64|  32|    1|          0|
    |icmp_ln493_2_reg_24128                                           |  64|  32|    1|          0|
    |icmp_ln493_3_reg_24305                                           |  64|  32|    1|          0|
    |icmp_ln493_4_reg_24482                                           |  64|  32|    1|          0|
    |icmp_ln493_5_reg_24659                                           |  64|  32|    1|          0|
    |icmp_ln493_6_reg_24836                                           |  64|  32|    1|          0|
    |icmp_ln493_reg_23774                                             |  64|  32|    1|          0|
    |prepared_force_zero_11_reg_24492                                 |  64|  32|    1|          0|
    |prepared_force_zero_13_reg_24669                                 |  64|  32|    1|          0|
    |prepared_force_zero_15_reg_24856                                 |  64|  32|    1|          0|
    |prepared_force_zero_1_reg_23607                                  |  64|  32|    1|          0|
    |prepared_force_zero_3_reg_23784                                  |  64|  32|    1|          0|
    |prepared_force_zero_5_reg_23961                                  |  64|  32|    1|          0|
    |prepared_force_zero_7_reg_24138                                  |  64|  32|    1|          0|
    |prepared_force_zero_9_reg_24315                                  |  64|  32|    1|          0|
    +-----------------------------------------------------------------+----+----+-----+-----------+
    |Total                                                            |4603| 512| 3595|          0|
    +-----------------------------------------------------------------+----+----+-----+-----------+



================================================================
== Interface
================================================================
* Summary: 
+-------------------+-----+-----+------------+-------------------+--------------+
|     RTL Ports     | Dir | Bits|  Protocol  |   Source Object   |    C Type    |
+-------------------+-----+-----+------------+-------------------+--------------+
|ap_clk             |   in|    1|  ap_ctrl_hs|         runPeArray|  return value|
|ap_rst             |   in|    1|  ap_ctrl_hs|         runPeArray|  return value|
|ap_start           |   in|    1|  ap_ctrl_hs|         runPeArray|  return value|
|ap_done            |  out|    1|  ap_ctrl_hs|         runPeArray|  return value|
|ap_idle            |  out|    1|  ap_ctrl_hs|         runPeArray|  return value|
|ap_ready           |  out|    1|  ap_ctrl_hs|         runPeArray|  return value|
|ap_ce              |   in|    1|  ap_ctrl_hs|         runPeArray|  return value|
|ap_return_0        |  out|   32|  ap_ctrl_hs|         runPeArray|  return value|
|ap_return_1        |  out|   32|  ap_ctrl_hs|         runPeArray|  return value|
|ap_return_2        |  out|   32|  ap_ctrl_hs|         runPeArray|  return value|
|ap_return_3        |  out|   32|  ap_ctrl_hs|         runPeArray|  return value|
|ap_return_4        |  out|   32|  ap_ctrl_hs|         runPeArray|  return value|
|ap_return_5        |  out|   32|  ap_ctrl_hs|         runPeArray|  return value|
|ap_return_6        |  out|   32|  ap_ctrl_hs|         runPeArray|  return value|
|ap_return_7        |  out|   32|  ap_ctrl_hs|         runPeArray|  return value|
|ap_return_8        |  out|   16|  ap_ctrl_hs|         runPeArray|  return value|
|ap_return_9        |  out|   16|  ap_ctrl_hs|         runPeArray|  return value|
|ap_return_10       |  out|   16|  ap_ctrl_hs|         runPeArray|  return value|
|ap_return_11       |  out|   16|  ap_ctrl_hs|         runPeArray|  return value|
|ap_return_12       |  out|   16|  ap_ctrl_hs|         runPeArray|  return value|
|ap_return_13       |  out|   16|  ap_ctrl_hs|         runPeArray|  return value|
|ap_return_14       |  out|   16|  ap_ctrl_hs|         runPeArray|  return value|
|ap_return_15       |  out|   16|  ap_ctrl_hs|         runPeArray|  return value|
|ap_return_16       |  out|    1|  ap_ctrl_hs|         runPeArray|  return value|
|ap_return_17       |  out|    1|  ap_ctrl_hs|         runPeArray|  return value|
|ap_return_18       |  out|    1|  ap_ctrl_hs|         runPeArray|  return value|
|ap_return_19       |  out|    1|  ap_ctrl_hs|         runPeArray|  return value|
|ap_return_20       |  out|    1|  ap_ctrl_hs|         runPeArray|  return value|
|ap_return_21       |  out|    1|  ap_ctrl_hs|         runPeArray|  return value|
|ap_return_22       |  out|    1|  ap_ctrl_hs|         runPeArray|  return value|
|ap_return_23       |  out|    1|  ap_ctrl_hs|         runPeArray|  return value|
|pe_reg_read        |   in|   16|     ap_none|        pe_reg_read|        scalar|
|pe_reg_read_8      |   in|   16|     ap_none|      pe_reg_read_8|        scalar|
|pe_reg_read_9      |   in|   16|     ap_none|      pe_reg_read_9|        scalar|
|pe_reg_read_10     |   in|   16|     ap_none|     pe_reg_read_10|        scalar|
|pe_reg_read_11     |   in|   16|     ap_none|     pe_reg_read_11|        scalar|
|pe_reg_read_12     |   in|   16|     ap_none|     pe_reg_read_12|        scalar|
|pe_reg_read_13     |   in|   16|     ap_none|     pe_reg_read_13|        scalar|
|pe_reg_read_14     |   in|   16|     ap_none|     pe_reg_read_14|        scalar|
|operand_b_read     |   in|   16|     ap_none|     operand_b_read|        scalar|
|operand_b_read_8   |   in|   16|     ap_none|   operand_b_read_8|        scalar|
|operand_b_read_9   |   in|   16|     ap_none|   operand_b_read_9|        scalar|
|operand_b_read_10  |   in|   16|     ap_none|  operand_b_read_10|        scalar|
|operand_b_read_11  |   in|   16|     ap_none|  operand_b_read_11|        scalar|
|operand_b_read_12  |   in|   16|     ap_none|  operand_b_read_12|        scalar|
|operand_b_read_13  |   in|   16|     ap_none|  operand_b_read_13|        scalar|
|operand_b_read_14  |   in|   16|     ap_none|  operand_b_read_14|        scalar|
|operand_c_read     |   in|   32|     ap_none|     operand_c_read|        scalar|
|operand_c_read_8   |   in|   32|     ap_none|   operand_c_read_8|        scalar|
|operand_c_read_9   |   in|   32|     ap_none|   operand_c_read_9|        scalar|
|operand_c_read_10  |   in|   32|     ap_none|  operand_c_read_10|        scalar|
|operand_c_read_11  |   in|   32|     ap_none|  operand_c_read_11|        scalar|
|operand_c_read_12  |   in|   32|     ap_none|  operand_c_read_12|        scalar|
|operand_c_read_13  |   in|   32|     ap_none|  operand_c_read_13|        scalar|
|operand_c_read_14  |   in|   32|     ap_none|  operand_c_read_14|        scalar|
|exp2_mode          |   in|    1|     ap_none|          exp2_mode|        scalar|
+-------------------+-----+-----+------------+-------------------+--------------+

