Copyright 1986-2022 Xilinx, Inc. All Rights Reserved. Copyright 2022-2024 Advanced Micro Devices, Inc. All Rights Reserved.
---------------------------------------------------------------------------------------------------------------------------------------------
| Tool Version : Vivado v.2024.2 (lin64) Build 5239630 Fri Nov 08 22:34:34 MST 2024
| Date         : Sat Oct 10 14:52:38 2026
| Host         : lenovo-ThinkStation-P920 running 64-bit Ubuntu 24.04.3 LTS
| Command      : report_drc -file drc.rpt
| Design       : fsa_stream_split_d
| Device       : xcvu37p_CIV-fsvh2892-2-e
| Speed File   : -2
| Design State : Partially Routed
---------------------------------------------------------------------------------------------------------------------------------------------

Report DRC

Table of Contents
-----------------
1. REPORT SUMMARY
2. REPORT DETAILS

1. REPORT SUMMARY
-----------------
            Netlist: fsa_stream_split_d
          Floorplan: design_1
      Design limits: <entire design considered>
           Ruledeck: default
             Max checks: <unlimited>
             Checks found: 154
+-----------+----------+---------------------------------------------------------------------+--------+
| Rule      | Severity | Description                                                         | Checks |
+-----------+----------+---------------------------------------------------------------------+--------+
| DPIP-2    | Warning  | Input pipelining                                                    | 80     |
| DPOP-3    | Warning  | PREG Output pipelining                                              | 31     |
| DPOP-4    | Warning  | MREG Output pipelining                                              | 32     |
| RTSTAT-10 | Warning  | No routable loads                                                   | 1      |
| AVAL-155  | Advisory | enum_AMULTSEL_BMULTSEL_enum_DREG_ADREG_0_connects_CED_CEAD_RSTD_GND | 8      |
| SECHK-3   | Advisory | SE Device within Line Rate Limit                                    | 1      |
| SECHK-4   | Advisory | SE Device within IO Count Limit                                     | 1      |
+-----------+----------+---------------------------------------------------------------------+--------+

2. REPORT DETAILS
-----------------
DPIP-2#1 Warning
Input pipelining  
DSP grp_run_fu_161/grp_runController_fu_106/grp_runQueryTile_fu_142/runQueryBlock_0_U0/grp_runQueryBlock_0_Outline_VITIS_LOOP_117_5_fu_168/fsub_32ns_32ns_32_3_full_dsp_1_U476/fsa_stream_split_d_fsub_32ns_32ns_32_3_full_dsp_1_ip_u/inst/i_synth/ADDSUB_OP.ADDSUB/DSP.OP/DSP48E1_BODY.ALIGN_ADD/DSP2/i_no_versal_es1_workaround.DSP input grp_run_fu_161/grp_runController_fu_106/grp_runQueryTile_fu_142/runQueryBlock_0_U0/grp_runQueryBlock_0_Outline_VITIS_LOOP_117_5_fu_168/fsub_32ns_32ns_32_3_full_dsp_1_U476/fsa_stream_split_d_fsub_32ns_32ns_32_3_full_dsp_1_ip_u/inst/i_synth/ADDSUB_OP.ADDSUB/DSP.OP/DSP48E1_BODY.ALIGN_ADD/DSP2/i_no_versal_es1_workaround.DSP/A[29:0] is not pipelined. Pipelining DSP48 input will improve performance.
Related violations: <none>

DPIP-2#2 Warning
Input pipelining  
DSP grp_run_fu_161/grp_runController_fu_106/grp_runQueryTile_fu_142/runQueryBlock_0_U0/grp_runQueryBlock_0_Outline_VITIS_LOOP_117_5_fu_168/fsub_32ns_32ns_32_3_full_dsp_1_U476/fsa_stream_split_d_fsub_32ns_32ns_32_3_full_dsp_1_ip_u/inst/i_synth/ADDSUB_OP.ADDSUB/DSP.OP/DSP48E1_BODY.ALIGN_ADD/DSP2/i_no_versal_es1_workaround.DSP input grp_run_fu_161/grp_runController_fu_106/grp_runQueryTile_fu_142/runQueryBlock_0_U0/grp_runQueryBlock_0_Outline_VITIS_LOOP_117_5_fu_168/fsub_32ns_32ns_32_3_full_dsp_1_U476/fsa_stream_split_d_fsub_32ns_32ns_32_3_full_dsp_1_ip_u/inst/i_synth/ADDSUB_OP.ADDSUB/DSP.OP/DSP48E1_BODY.ALIGN_ADD/DSP2/i_no_versal_es1_workaround.DSP/B[17:0] is not pipelined. Pipelining DSP48 input will improve performance.
Related violations: <none>

DPIP-2#3 Warning
Input pipelining  
DSP grp_run_fu_161/grp_runController_fu_106/grp_runQueryTile_fu_142/runQueryBlock_0_U0/grp_runQueryBlock_0_Outline_VITIS_LOOP_117_5_fu_168/fsub_32ns_32ns_32_3_full_dsp_1_U476/fsa_stream_split_d_fsub_32ns_32ns_32_3_full_dsp_1_ip_u/inst/i_synth/ADDSUB_OP.ADDSUB/DSP.OP/DSP48E1_BODY.ALIGN_ADD/DSP2/i_no_versal_es1_workaround.DSP input grp_run_fu_161/grp_runController_fu_106/grp_runQueryTile_fu_142/runQueryBlock_0_U0/grp_runQueryBlock_0_Outline_VITIS_LOOP_117_5_fu_168/fsub_32ns_32ns_32_3_full_dsp_1_U476/fsa_stream_split_d_fsub_32ns_32ns_32_3_full_dsp_1_ip_u/inst/i_synth/ADDSUB_OP.ADDSUB/DSP.OP/DSP48E1_BODY.ALIGN_ADD/DSP2/i_no_versal_es1_workaround.DSP/C[47:0] is not pipelined. Pipelining DSP48 input will improve performance.
Related violations: <none>

DPIP-2#4 Warning
Input pipelining  
DSP grp_run_fu_161/grp_runController_fu_106/grp_runQueryTile_fu_142/runQueryBlock_0_U0/grp_runQueryBlock_0_Outline_VITIS_LOOP_117_5_fu_168/fsub_32ns_32ns_32_3_full_dsp_1_U476/fsa_stream_split_d_fsub_32ns_32ns_32_3_full_dsp_1_ip_u/inst/i_synth/ADDSUB_OP.ADDSUB/DSP.OP/DSP48E1_BODY.NORM_RND/FULL_USAGE_DSP.SHIFT_RND/i_no_versal_es1_workaround.DSP input grp_run_fu_161/grp_runController_fu_106/grp_runQueryTile_fu_142/runQueryBlock_0_U0/grp_runQueryBlock_0_Outline_VITIS_LOOP_117_5_fu_168/fsub_32ns_32ns_32_3_full_dsp_1_U476/fsa_stream_split_d_fsub_32ns_32ns_32_3_full_dsp_1_ip_u/inst/i_synth/ADDSUB_OP.ADDSUB/DSP.OP/DSP48E1_BODY.NORM_RND/FULL_USAGE_DSP.SHIFT_RND/i_no_versal_es1_workaround.DSP/A[29:0] is not pipelined. Pipelining DSP48 input will improve performance.
Related violations: <none>

DPIP-2#5 Warning
Input pipelining  
DSP grp_run_fu_161/grp_runController_fu_106/grp_runQueryTile_fu_142/runQueryBlock_0_U0/grp_runQueryBlock_0_Outline_VITIS_LOOP_117_5_fu_168/fsub_32ns_32ns_32_3_full_dsp_1_U476/fsa_stream_split_d_fsub_32ns_32ns_32_3_full_dsp_1_ip_u/inst/i_synth/ADDSUB_OP.ADDSUB/DSP.OP/DSP48E1_BODY.NORM_RND/FULL_USAGE_DSP.SHIFT_RND/i_no_versal_es1_workaround.DSP input grp_run_fu_161/grp_runController_fu_106/grp_runQueryTile_fu_142/runQueryBlock_0_U0/grp_runQueryBlock_0_Outline_VITIS_LOOP_117_5_fu_168/fsub_32ns_32ns_32_3_full_dsp_1_U476/fsa_stream_split_d_fsub_32ns_32ns_32_3_full_dsp_1_ip_u/inst/i_synth/ADDSUB_OP.ADDSUB/DSP.OP/DSP48E1_BODY.NORM_RND/FULL_USAGE_DSP.SHIFT_RND/i_no_versal_es1_workaround.DSP/B[17:0] is not pipelined. Pipelining DSP48 input will improve performance.
Related violations: <none>

DPIP-2#6 Warning
Input pipelining  
DSP grp_run_fu_161/grp_runController_fu_106/grp_runQueryTile_fu_142/runQueryBlock_0_U0/grp_runQueryBlock_0_Outline_VITIS_LOOP_117_5_fu_168/fsub_32ns_32ns_32_3_full_dsp_1_U476/fsa_stream_split_d_fsub_32ns_32ns_32_3_full_dsp_1_ip_u/inst/i_synth/ADDSUB_OP.ADDSUB/DSP.OP/DSP48E1_BODY.NORM_RND/FULL_USAGE_DSP.SHIFT_RND/i_no_versal_es1_workaround.DSP input grp_run_fu_161/grp_runController_fu_106/grp_runQueryTile_fu_142/runQueryBlock_0_U0/grp_runQueryBlock_0_Outline_VITIS_LOOP_117_5_fu_168/fsub_32ns_32ns_32_3_full_dsp_1_U476/fsa_stream_split_d_fsub_32ns_32ns_32_3_full_dsp_1_ip_u/inst/i_synth/ADDSUB_OP.ADDSUB/DSP.OP/DSP48E1_BODY.NORM_RND/FULL_USAGE_DSP.SHIFT_RND/i_no_versal_es1_workaround.DSP/C[47:0] is not pipelined. Pipelining DSP48 input will improve performance.
Related violations: <none>

DPIP-2#7 Warning
Input pipelining  
DSP grp_run_fu_161/grp_runController_fu_106/grp_runQueryTile_fu_142/runQueryBlock_0_U0/grp_runQueryBlock_0_Outline_VITIS_LOOP_117_5_fu_168/fsub_32ns_32ns_32_3_full_dsp_1_U477/fsa_stream_split_d_fsub_32ns_32ns_32_3_full_dsp_1_ip_u/inst/i_synth/ADDSUB_OP.ADDSUB/DSP.OP/DSP48E1_BODY.ALIGN_ADD/DSP2/i_no_versal_es1_workaround.DSP input grp_run_fu_161/grp_runController_fu_106/grp_runQueryTile_fu_142/runQueryBlock_0_U0/grp_runQueryBlock_0_Outline_VITIS_LOOP_117_5_fu_168/fsub_32ns_32ns_32_3_full_dsp_1_U477/fsa_stream_split_d_fsub_32ns_32ns_32_3_full_dsp_1_ip_u/inst/i_synth/ADDSUB_OP.ADDSUB/DSP.OP/DSP48E1_BODY.ALIGN_ADD/DSP2/i_no_versal_es1_workaround.DSP/A[29:0] is not pipelined. Pipelining DSP48 input will improve performance.
Related violations: <none>

DPIP-2#8 Warning
Input pipelining  
DSP grp_run_fu_161/grp_runController_fu_106/grp_runQueryTile_fu_142/runQueryBlock_0_U0/grp_runQueryBlock_0_Outline_VITIS_LOOP_117_5_fu_168/fsub_32ns_32ns_32_3_full_dsp_1_U477/fsa_stream_split_d_fsub_32ns_32ns_32_3_full_dsp_1_ip_u/inst/i_synth/ADDSUB_OP.ADDSUB/DSP.OP/DSP48E1_BODY.ALIGN_ADD/DSP2/i_no_versal_es1_workaround.DSP input grp_run_fu_161/grp_runController_fu_106/grp_runQueryTile_fu_142/runQueryBlock_0_U0/grp_runQueryBlock_0_Outline_VITIS_LOOP_117_5_fu_168/fsub_32ns_32ns_32_3_full_dsp_1_U477/fsa_stream_split_d_fsub_32ns_32ns_32_3_full_dsp_1_ip_u/inst/i_synth/ADDSUB_OP.ADDSUB/DSP.OP/DSP48E1_BODY.ALIGN_ADD/DSP2/i_no_versal_es1_workaround.DSP/B[17:0] is not pipelined. Pipelining DSP48 input will improve performance.
Related violations: <none>

DPIP-2#9 Warning
Input pipelining  
DSP grp_run_fu_161/grp_runController_fu_106/grp_runQueryTile_fu_142/runQueryBlock_0_U0/grp_runQueryBlock_0_Outline_VITIS_LOOP_117_5_fu_168/fsub_32ns_32ns_32_3_full_dsp_1_U477/fsa_stream_split_d_fsub_32ns_32ns_32_3_full_dsp_1_ip_u/inst/i_synth/ADDSUB_OP.ADDSUB/DSP.OP/DSP48E1_BODY.ALIGN_ADD/DSP2/i_no_versal_es1_workaround.DSP input grp_run_fu_161/grp_runController_fu_106/grp_runQueryTile_fu_142/runQueryBlock_0_U0/grp_runQueryBlock_0_Outline_VITIS_LOOP_117_5_fu_168/fsub_32ns_32ns_32_3_full_dsp_1_U477/fsa_stream_split_d_fsub_32ns_32ns_32_3_full_dsp_1_ip_u/inst/i_synth/ADDSUB_OP.ADDSUB/DSP.OP/DSP48E1_BODY.ALIGN_ADD/DSP2/i_no_versal_es1_workaround.DSP/C[47:0] is not pipelined. Pipelining DSP48 input will improve performance.
Related violations: <none>

DPIP-2#10 Warning
Input pipelining  
DSP grp_run_fu_161/grp_runController_fu_106/grp_runQueryTile_fu_142/runQueryBlock_0_U0/grp_runQueryBlock_0_Outline_VITIS_LOOP_117_5_fu_168/fsub_32ns_32ns_32_3_full_dsp_1_U477/fsa_stream_split_d_fsub_32ns_32ns_32_3_full_dsp_1_ip_u/inst/i_synth/ADDSUB_OP.ADDSUB/DSP.OP/DSP48E1_BODY.NORM_RND/FULL_USAGE_DSP.SHIFT_RND/i_no_versal_es1_workaround.DSP input grp_run_fu_161/grp_runController_fu_106/grp_runQueryTile_fu_142/runQueryBlock_0_U0/grp_runQueryBlock_0_Outline_VITIS_LOOP_117_5_fu_168/fsub_32ns_32ns_32_3_full_dsp_1_U477/fsa_stream_split_d_fsub_32ns_32ns_32_3_full_dsp_1_ip_u/inst/i_synth/ADDSUB_OP.ADDSUB/DSP.OP/DSP48E1_BODY.NORM_RND/FULL_USAGE_DSP.SHIFT_RND/i_no_versal_es1_workaround.DSP/A[29:0] is not pipelined. Pipelining DSP48 input will improve performance.
Related violations: <none>

DPIP-2#11 Warning
Input pipelining  
DSP grp_run_fu_161/grp_runController_fu_106/grp_runQueryTile_fu_142/runQueryBlock_0_U0/grp_runQueryBlock_0_Outline_VITIS_LOOP_117_5_fu_168/fsub_32ns_32ns_32_3_full_dsp_1_U477/fsa_stream_split_d_fsub_32ns_32ns_32_3_full_dsp_1_ip_u/inst/i_synth/ADDSUB_OP.ADDSUB/DSP.OP/DSP48E1_BODY.NORM_RND/FULL_USAGE_DSP.SHIFT_RND/i_no_versal_es1_workaround.DSP input grp_run_fu_161/grp_runController_fu_106/grp_runQueryTile_fu_142/runQueryBlock_0_U0/grp_runQueryBlock_0_Outline_VITIS_LOOP_117_5_fu_168/fsub_32ns_32ns_32_3_full_dsp_1_U477/fsa_stream_split_d_fsub_32ns_32ns_32_3_full_dsp_1_ip_u/inst/i_synth/ADDSUB_OP.ADDSUB/DSP.OP/DSP48E1_BODY.NORM_RND/FULL_USAGE_DSP.SHIFT_RND/i_no_versal_es1_workaround.DSP/B[17:0] is not pipelined. Pipelining DSP48 input will improve performance.
Related violations: <none>

DPIP-2#12 Warning
Input pipelining  
DSP grp_run_fu_161/grp_runController_fu_106/grp_runQueryTile_fu_142/runQueryBlock_0_U0/grp_runQueryBlock_0_Outline_VITIS_LOOP_117_5_fu_168/fsub_32ns_32ns_32_3_full_dsp_1_U477/fsa_stream_split_d_fsub_32ns_32ns_32_3_full_dsp_1_ip_u/inst/i_synth/ADDSUB_OP.ADDSUB/DSP.OP/DSP48E1_BODY.NORM_RND/FULL_USAGE_DSP.SHIFT_RND/i_no_versal_es1_workaround.DSP input grp_run_fu_161/grp_runController_fu_106/grp_runQueryTile_fu_142/runQueryBlock_0_U0/grp_runQueryBlock_0_Outline_VITIS_LOOP_117_5_fu_168/fsub_32ns_32ns_32_3_full_dsp_1_U477/fsa_stream_split_d_fsub_32ns_32ns_32_3_full_dsp_1_ip_u/inst/i_synth/ADDSUB_OP.ADDSUB/DSP.OP/DSP48E1_BODY.NORM_RND/FULL_USAGE_DSP.SHIFT_RND/i_no_versal_es1_workaround.DSP/C[47:0] is not pipelined. Pipelining DSP48 input will improve performance.
Related violations: <none>

DPIP-2#13 Warning
Input pipelining  
DSP grp_run_fu_161/grp_runController_fu_106/grp_runQueryTile_fu_142/runQueryBlock_0_U0/grp_runQueryBlock_0_Outline_VITIS_LOOP_117_5_fu_168/fsub_32ns_32ns_32_3_full_dsp_1_U478/fsa_stream_split_d_fsub_32ns_32ns_32_3_full_dsp_1_ip_u/inst/i_synth/ADDSUB_OP.ADDSUB/DSP.OP/DSP48E1_BODY.ALIGN_ADD/DSP2/i_no_versal_es1_workaround.DSP input grp_run_fu_161/grp_runController_fu_106/grp_runQueryTile_fu_142/runQueryBlock_0_U0/grp_runQueryBlock_0_Outline_VITIS_LOOP_117_5_fu_168/fsub_32ns_32ns_32_3_full_dsp_1_U478/fsa_stream_split_d_fsub_32ns_32ns_32_3_full_dsp_1_ip_u/inst/i_synth/ADDSUB_OP.ADDSUB/DSP.OP/DSP48E1_BODY.ALIGN_ADD/DSP2/i_no_versal_es1_workaround.DSP/A[29:0] is not pipelined. Pipelining DSP48 input will improve performance.
Related violations: <none>

DPIP-2#14 Warning
Input pipelining  
DSP grp_run_fu_161/grp_runController_fu_106/grp_runQueryTile_fu_142/runQueryBlock_0_U0/grp_runQueryBlock_0_Outline_VITIS_LOOP_117_5_fu_168/fsub_32ns_32ns_32_3_full_dsp_1_U478/fsa_stream_split_d_fsub_32ns_32ns_32_3_full_dsp_1_ip_u/inst/i_synth/ADDSUB_OP.ADDSUB/DSP.OP/DSP48E1_BODY.ALIGN_ADD/DSP2/i_no_versal_es1_workaround.DSP input grp_run_fu_161/grp_runController_fu_106/grp_runQueryTile_fu_142/runQueryBlock_0_U0/grp_runQueryBlock_0_Outline_VITIS_LOOP_117_5_fu_168/fsub_32ns_32ns_32_3_full_dsp_1_U478/fsa_stream_split_d_fsub_32ns_32ns_32_3_full_dsp_1_ip_u/inst/i_synth/ADDSUB_OP.ADDSUB/DSP.OP/DSP48E1_BODY.ALIGN_ADD/DSP2/i_no_versal_es1_workaround.DSP/B[17:0] is not pipelined. Pipelining DSP48 input will improve performance.
Related violations: <none>

DPIP-2#15 Warning
Input pipelining  
DSP grp_run_fu_161/grp_runController_fu_106/grp_runQueryTile_fu_142/runQueryBlock_0_U0/grp_runQueryBlock_0_Outline_VITIS_LOOP_117_5_fu_168/fsub_32ns_32ns_32_3_full_dsp_1_U478/fsa_stream_split_d_fsub_32ns_32ns_32_3_full_dsp_1_ip_u/inst/i_synth/ADDSUB_OP.ADDSUB/DSP.OP/DSP48E1_BODY.ALIGN_ADD/DSP2/i_no_versal_es1_workaround.DSP input grp_run_fu_161/grp_runController_fu_106/grp_runQueryTile_fu_142/runQueryBlock_0_U0/grp_runQueryBlock_0_Outline_VITIS_LOOP_117_5_fu_168/fsub_32ns_32ns_32_3_full_dsp_1_U478/fsa_stream_split_d_fsub_32ns_32ns_32_3_full_dsp_1_ip_u/inst/i_synth/ADDSUB_OP.ADDSUB/DSP.OP/DSP48E1_BODY.ALIGN_ADD/DSP2/i_no_versal_es1_workaround.DSP/C[47:0] is not pipelined. Pipelining DSP48 input will improve performance.
Related violations: <none>

DPIP-2#16 Warning
Input pipelining  
DSP grp_run_fu_161/grp_runController_fu_106/grp_runQueryTile_fu_142/runQueryBlock_0_U0/grp_runQueryBlock_0_Outline_VITIS_LOOP_117_5_fu_168/fsub_32ns_32ns_32_3_full_dsp_1_U478/fsa_stream_split_d_fsub_32ns_32ns_32_3_full_dsp_1_ip_u/inst/i_synth/ADDSUB_OP.ADDSUB/DSP.OP/DSP48E1_BODY.NORM_RND/FULL_USAGE_DSP.SHIFT_RND/i_no_versal_es1_workaround.DSP input grp_run_fu_161/grp_runController_fu_106/grp_runQueryTile_fu_142/runQueryBlock_0_U0/grp_runQueryBlock_0_Outline_VITIS_LOOP_117_5_fu_168/fsub_32ns_32ns_32_3_full_dsp_1_U478/fsa_stream_split_d_fsub_32ns_32ns_32_3_full_dsp_1_ip_u/inst/i_synth/ADDSUB_OP.ADDSUB/DSP.OP/DSP48E1_BODY.NORM_RND/FULL_USAGE_DSP.SHIFT_RND/i_no_versal_es1_workaround.DSP/A[29:0] is not pipelined. Pipelining DSP48 input will improve performance.
Related violations: <none>

DPIP-2#17 Warning
Input pipelining  
DSP grp_run_fu_161/grp_runController_fu_106/grp_runQueryTile_fu_142/runQueryBlock_0_U0/grp_runQueryBlock_0_Outline_VITIS_LOOP_117_5_fu_168/fsub_32ns_32ns_32_3_full_dsp_1_U478/fsa_stream_split_d_fsub_32ns_32ns_32_3_full_dsp_1_ip_u/inst/i_synth/ADDSUB_OP.ADDSUB/DSP.OP/DSP48E1_BODY.NORM_RND/FULL_USAGE_DSP.SHIFT_RND/i_no_versal_es1_workaround.DSP input grp_run_fu_161/grp_runController_fu_106/grp_runQueryTile_fu_142/runQueryBlock_0_U0/grp_runQueryBlock_0_Outline_VITIS_LOOP_117_5_fu_168/fsub_32ns_32ns_32_3_full_dsp_1_U478/fsa_stream_split_d_fsub_32ns_32ns_32_3_full_dsp_1_ip_u/inst/i_synth/ADDSUB_OP.ADDSUB/DSP.OP/DSP48E1_BODY.NORM_RND/FULL_USAGE_DSP.SHIFT_RND/i_no_versal_es1_workaround.DSP/B[17:0] is not pipelined. Pipelining DSP48 input will improve performance.
Related violations: <none>

DPIP-2#18 Warning
Input pipelining  
DSP grp_run_fu_161/grp_runController_fu_106/grp_runQueryTile_fu_142/runQueryBlock_0_U0/grp_runQueryBlock_0_Outline_VITIS_LOOP_117_5_fu_168/fsub_32ns_32ns_32_3_full_dsp_1_U478/fsa_stream_split_d_fsub_32ns_32ns_32_3_full_dsp_1_ip_u/inst/i_synth/ADDSUB_OP.ADDSUB/DSP.OP/DSP48E1_BODY.NORM_RND/FULL_USAGE_DSP.SHIFT_RND/i_no_versal_es1_workaround.DSP input grp_run_fu_161/grp_runController_fu_106/grp_runQueryTile_fu_142/runQueryBlock_0_U0/grp_runQueryBlock_0_Outline_VITIS_LOOP_117_5_fu_168/fsub_32ns_32ns_32_3_full_dsp_1_U478/fsa_stream_split_d_fsub_32ns_32ns_32_3_full_dsp_1_ip_u/inst/i_synth/ADDSUB_OP.ADDSUB/DSP.OP/DSP48E1_BODY.NORM_RND/FULL_USAGE_DSP.SHIFT_RND/i_no_versal_es1_workaround.DSP/C[47:0] is not pipelined. Pipelining DSP48 input will improve performance.
Related violations: <none>

DPIP-2#19 Warning
Input pipelining  
DSP grp_run_fu_161/grp_runController_fu_106/grp_runQueryTile_fu_142/runQueryBlock_0_U0/grp_runQueryBlock_0_Outline_VITIS_LOOP_117_5_fu_168/fsub_32ns_32ns_32_3_full_dsp_1_U479/fsa_stream_split_d_fsub_32ns_32ns_32_3_full_dsp_1_ip_u/inst/i_synth/ADDSUB_OP.ADDSUB/DSP.OP/DSP48E1_BODY.ALIGN_ADD/DSP2/i_no_versal_es1_workaround.DSP input grp_run_fu_161/grp_runController_fu_106/grp_runQueryTile_fu_142/runQueryBlock_0_U0/grp_runQueryBlock_0_Outline_VITIS_LOOP_117_5_fu_168/fsub_32ns_32ns_32_3_full_dsp_1_U479/fsa_stream_split_d_fsub_32ns_32ns_32_3_full_dsp_1_ip_u/inst/i_synth/ADDSUB_OP.ADDSUB/DSP.OP/DSP48E1_BODY.ALIGN_ADD/DSP2/i_no_versal_es1_workaround.DSP/A[29:0] is not pipelined. Pipelining DSP48 input will improve performance.
Related violations: <none>

DPIP-2#20 Warning
Input pipelining  
DSP grp_run_fu_161/grp_runController_fu_106/grp_runQueryTile_fu_142/runQueryBlock_0_U0/grp_runQueryBlock_0_Outline_VITIS_LOOP_117_5_fu_168/fsub_32ns_32ns_32_3_full_dsp_1_U479/fsa_stream_split_d_fsub_32ns_32ns_32_3_full_dsp_1_ip_u/inst/i_synth/ADDSUB_OP.ADDSUB/DSP.OP/DSP48E1_BODY.ALIGN_ADD/DSP2/i_no_versal_es1_workaround.DSP input grp_run_fu_161/grp_runController_fu_106/grp_runQueryTile_fu_142/runQueryBlock_0_U0/grp_runQueryBlock_0_Outline_VITIS_LOOP_117_5_fu_168/fsub_32ns_32ns_32_3_full_dsp_1_U479/fsa_stream_split_d_fsub_32ns_32ns_32_3_full_dsp_1_ip_u/inst/i_synth/ADDSUB_OP.ADDSUB/DSP.OP/DSP48E1_BODY.ALIGN_ADD/DSP2/i_no_versal_es1_workaround.DSP/B[17:0] is not pipelined. Pipelining DSP48 input will improve performance.
Related violations: <none>

DPIP-2#21 Warning
Input pipelining  
DSP grp_run_fu_161/grp_runController_fu_106/grp_runQueryTile_fu_142/runQueryBlock_0_U0/grp_runQueryBlock_0_Outline_VITIS_LOOP_117_5_fu_168/fsub_32ns_32ns_32_3_full_dsp_1_U479/fsa_stream_split_d_fsub_32ns_32ns_32_3_full_dsp_1_ip_u/inst/i_synth/ADDSUB_OP.ADDSUB/DSP.OP/DSP48E1_BODY.ALIGN_ADD/DSP2/i_no_versal_es1_workaround.DSP input grp_run_fu_161/grp_runController_fu_106/grp_runQueryTile_fu_142/runQueryBlock_0_U0/grp_runQueryBlock_0_Outline_VITIS_LOOP_117_5_fu_168/fsub_32ns_32ns_32_3_full_dsp_1_U479/fsa_stream_split_d_fsub_32ns_32ns_32_3_full_dsp_1_ip_u/inst/i_synth/ADDSUB_OP.ADDSUB/DSP.OP/DSP48E1_BODY.ALIGN_ADD/DSP2/i_no_versal_es1_workaround.DSP/C[47:0] is not pipelined. Pipelining DSP48 input will improve performance.
Related violations: <none>

DPIP-2#22 Warning
Input pipelining  
DSP grp_run_fu_161/grp_runController_fu_106/grp_runQueryTile_fu_142/runQueryBlock_0_U0/grp_runQueryBlock_0_Outline_VITIS_LOOP_117_5_fu_168/fsub_32ns_32ns_32_3_full_dsp_1_U479/fsa_stream_split_d_fsub_32ns_32ns_32_3_full_dsp_1_ip_u/inst/i_synth/ADDSUB_OP.ADDSUB/DSP.OP/DSP48E1_BODY.NORM_RND/FULL_USAGE_DSP.SHIFT_RND/i_no_versal_es1_workaround.DSP input grp_run_fu_161/grp_runController_fu_106/grp_runQueryTile_fu_142/runQueryBlock_0_U0/grp_runQueryBlock_0_Outline_VITIS_LOOP_117_5_fu_168/fsub_32ns_32ns_32_3_full_dsp_1_U479/fsa_stream_split_d_fsub_32ns_32ns_32_3_full_dsp_1_ip_u/inst/i_synth/ADDSUB_OP.ADDSUB/DSP.OP/DSP48E1_BODY.NORM_RND/FULL_USAGE_DSP.SHIFT_RND/i_no_versal_es1_workaround.DSP/A[29:0] is not pipelined. Pipelining DSP48 input will improve performance.
Related violations: <none>

DPIP-2#23 Warning
Input pipelining  
DSP grp_run_fu_161/grp_runController_fu_106/grp_runQueryTile_fu_142/runQueryBlock_0_U0/grp_runQueryBlock_0_Outline_VITIS_LOOP_117_5_fu_168/fsub_32ns_32ns_32_3_full_dsp_1_U479/fsa_stream_split_d_fsub_32ns_32ns_32_3_full_dsp_1_ip_u/inst/i_synth/ADDSUB_OP.ADDSUB/DSP.OP/DSP48E1_BODY.NORM_RND/FULL_USAGE_DSP.SHIFT_RND/i_no_versal_es1_workaround.DSP input grp_run_fu_161/grp_runController_fu_106/grp_runQueryTile_fu_142/runQueryBlock_0_U0/grp_runQueryBlock_0_Outline_VITIS_LOOP_117_5_fu_168/fsub_32ns_32ns_32_3_full_dsp_1_U479/fsa_stream_split_d_fsub_32ns_32ns_32_3_full_dsp_1_ip_u/inst/i_synth/ADDSUB_OP.ADDSUB/DSP.OP/DSP48E1_BODY.NORM_RND/FULL_USAGE_DSP.SHIFT_RND/i_no_versal_es1_workaround.DSP/B[17:0] is not pipelined. Pipelining DSP48 input will improve performance.
Related violations: <none>

DPIP-2#24 Warning
Input pipelining  
DSP grp_run_fu_161/grp_runController_fu_106/grp_runQueryTile_fu_142/runQueryBlock_0_U0/grp_runQueryBlock_0_Outline_VITIS_LOOP_117_5_fu_168/fsub_32ns_32ns_32_3_full_dsp_1_U479/fsa_stream_split_d_fsub_32ns_32ns_32_3_full_dsp_1_ip_u/inst/i_synth/ADDSUB_OP.ADDSUB/DSP.OP/DSP48E1_BODY.NORM_RND/FULL_USAGE_DSP.SHIFT_RND/i_no_versal_es1_workaround.DSP input grp_run_fu_161/grp_runController_fu_106/grp_runQueryTile_fu_142/runQueryBlock_0_U0/grp_runQueryBlock_0_Outline_VITIS_LOOP_117_5_fu_168/fsub_32ns_32ns_32_3_full_dsp_1_U479/fsa_stream_split_d_fsub_32ns_32ns_32_3_full_dsp_1_ip_u/inst/i_synth/ADDSUB_OP.ADDSUB/DSP.OP/DSP48E1_BODY.NORM_RND/FULL_USAGE_DSP.SHIFT_RND/i_no_versal_es1_workaround.DSP/C[47:0] is not pipelined. Pipelining DSP48 input will improve performance.
Related violations: <none>

DPIP-2#25 Warning
Input pipelining  
DSP grp_run_fu_161/grp_runController_fu_106/grp_runQueryTile_fu_142/runQueryBlock_0_U0/grp_runQueryBlock_0_Outline_VITIS_LOOP_117_5_fu_168/grp_runPeArray_fu_718/mul_11ns_11ns_22_2_1_U103/buff0_reg input grp_run_fu_161/grp_runController_fu_106/grp_runQueryTile_fu_142/runQueryBlock_0_U0/grp_runQueryBlock_0_Outline_VITIS_LOOP_117_5_fu_168/grp_runPeArray_fu_718/mul_11ns_11ns_22_2_1_U103/buff0_reg/A[29:0] is not pipelined. Pipelining DSP48 input will improve performance.
Related violations: <none>

DPIP-2#26 Warning
Input pipelining  
DSP grp_run_fu_161/grp_runController_fu_106/grp_runQueryTile_fu_142/runQueryBlock_0_U0/grp_runQueryBlock_0_Outline_VITIS_LOOP_117_5_fu_168/grp_runPeArray_fu_718/mul_11ns_11ns_22_2_1_U103/buff0_reg input grp_run_fu_161/grp_runController_fu_106/grp_runQueryTile_fu_142/runQueryBlock_0_U0/grp_runQueryBlock_0_Outline_VITIS_LOOP_117_5_fu_168/grp_runPeArray_fu_718/mul_11ns_11ns_22_2_1_U103/buff0_reg/B[17:0] is not pipelined. Pipelining DSP48 input will improve performance.
Related violations: <none>

DPIP-2#27 Warning
Input pipelining  
DSP grp_run_fu_161/grp_runController_fu_106/grp_runQueryTile_fu_142/runQueryBlock_0_U0/grp_runQueryBlock_0_Outline_VITIS_LOOP_117_5_fu_168/grp_runPeArray_fu_718/mul_11ns_11ns_22_2_1_U109/buff0_reg input grp_run_fu_161/grp_runController_fu_106/grp_runQueryTile_fu_142/runQueryBlock_0_U0/grp_runQueryBlock_0_Outline_VITIS_LOOP_117_5_fu_168/grp_runPeArray_fu_718/mul_11ns_11ns_22_2_1_U109/buff0_reg/A[29:0] is not pipelined. Pipelining DSP48 input will improve performance.
Related violations: <none>

DPIP-2#28 Warning
Input pipelining  
DSP grp_run_fu_161/grp_runController_fu_106/grp_runQueryTile_fu_142/runQueryBlock_0_U0/grp_runQueryBlock_0_Outline_VITIS_LOOP_117_5_fu_168/grp_runPeArray_fu_718/mul_11ns_11ns_22_2_1_U109/buff0_reg input grp_run_fu_161/grp_runController_fu_106/grp_runQueryTile_fu_142/runQueryBlock_0_U0/grp_runQueryBlock_0_Outline_VITIS_LOOP_117_5_fu_168/grp_runPeArray_fu_718/mul_11ns_11ns_22_2_1_U109/buff0_reg/B[17:0] is not pipelined. Pipelining DSP48 input will improve performance.
Related violations: <none>

DPIP-2#29 Warning
Input pipelining  
DSP grp_run_fu_161/grp_runController_fu_106/grp_runQueryTile_fu_142/runQueryBlock_0_U0/grp_runQueryBlock_0_Outline_VITIS_LOOP_117_5_fu_168/grp_runPeArray_fu_718/mul_11ns_11ns_22_2_1_U115/buff0_reg input grp_run_fu_161/grp_runController_fu_106/grp_runQueryTile_fu_142/runQueryBlock_0_U0/grp_runQueryBlock_0_Outline_VITIS_LOOP_117_5_fu_168/grp_runPeArray_fu_718/mul_11ns_11ns_22_2_1_U115/buff0_reg/A[29:0] is not pipelined. Pipelining DSP48 input will improve performance.
Related violations: <none>

DPIP-2#30 Warning
Input pipelining  
DSP grp_run_fu_161/grp_runController_fu_106/grp_runQueryTile_fu_142/runQueryBlock_0_U0/grp_runQueryBlock_0_Outline_VITIS_LOOP_117_5_fu_168/grp_runPeArray_fu_718/mul_11ns_11ns_22_2_1_U115/buff0_reg input grp_run_fu_161/grp_runController_fu_106/grp_runQueryTile_fu_142/runQueryBlock_0_U0/grp_runQueryBlock_0_Outline_VITIS_LOOP_117_5_fu_168/grp_runPeArray_fu_718/mul_11ns_11ns_22_2_1_U115/buff0_reg/B[17:0] is not pipelined. Pipelining DSP48 input will improve performance.
Related violations: <none>

DPIP-2#31 Warning
Input pipelining  
DSP grp_run_fu_161/grp_runController_fu_106/grp_runQueryTile_fu_142/runQueryBlock_0_U0/grp_runQueryBlock_0_Outline_VITIS_LOOP_117_5_fu_168/grp_runPeArray_fu_718/mul_11ns_11ns_22_2_1_U121/buff0_reg input grp_run_fu_161/grp_runController_fu_106/grp_runQueryTile_fu_142/runQueryBlock_0_U0/grp_runQueryBlock_0_Outline_VITIS_LOOP_117_5_fu_168/grp_runPeArray_fu_718/mul_11ns_11ns_22_2_1_U121/buff0_reg/A[29:0] is not pipelined. Pipelining DSP48 input will improve performance.
Related violations: <none>

DPIP-2#32 Warning
Input pipelining  
DSP grp_run_fu_161/grp_runController_fu_106/grp_runQueryTile_fu_142/runQueryBlock_0_U0/grp_runQueryBlock_0_Outline_VITIS_LOOP_117_5_fu_168/grp_runPeArray_fu_718/mul_11ns_11ns_22_2_1_U121/buff0_reg input grp_run_fu_161/grp_runController_fu_106/grp_runQueryTile_fu_142/runQueryBlock_0_U0/grp_runQueryBlock_0_Outline_VITIS_LOOP_117_5_fu_168/grp_runPeArray_fu_718/mul_11ns_11ns_22_2_1_U121/buff0_reg/B[17:0] is not pipelined. Pipelining DSP48 input will improve performance.
Related violations: <none>

DPIP-2#33 Warning
Input pipelining  
DSP grp_run_fu_161/grp_runController_fu_106/grp_runQueryTile_fu_142/runQueryBlock_0_U0/grp_runQueryBlock_0_Outline_VITIS_LOOP_117_5_fu_168/grp_runPeArray_fu_718/mul_11ns_11ns_22_2_1_U127/buff0_reg input grp_run_fu_161/grp_runController_fu_106/grp_runQueryTile_fu_142/runQueryBlock_0_U0/grp_runQueryBlock_0_Outline_VITIS_LOOP_117_5_fu_168/grp_runPeArray_fu_718/mul_11ns_11ns_22_2_1_U127/buff0_reg/A[29:0] is not pipelined. Pipelining DSP48 input will improve performance.
Related violations: <none>

DPIP-2#34 Warning
Input pipelining  
DSP grp_run_fu_161/grp_runController_fu_106/grp_runQueryTile_fu_142/runQueryBlock_0_U0/grp_runQueryBlock_0_Outline_VITIS_LOOP_117_5_fu_168/grp_runPeArray_fu_718/mul_11ns_11ns_22_2_1_U127/buff0_reg input grp_run_fu_161/grp_runController_fu_106/grp_runQueryTile_fu_142/runQueryBlock_0_U0/grp_runQueryBlock_0_Outline_VITIS_LOOP_117_5_fu_168/grp_runPeArray_fu_718/mul_11ns_11ns_22_2_1_U127/buff0_reg/B[17:0] is not pipelined. Pipelining DSP48 input will improve performance.
Related violations: <none>

DPIP-2#35 Warning
Input pipelining  
DSP grp_run_fu_161/grp_runController_fu_106/grp_runQueryTile_fu_142/runQueryBlock_0_U0/grp_runQueryBlock_0_Outline_VITIS_LOOP_117_5_fu_168/grp_runPeArray_fu_718/mul_11ns_11ns_22_2_1_U85/buff0_reg input grp_run_fu_161/grp_runController_fu_106/grp_runQueryTile_fu_142/runQueryBlock_0_U0/grp_runQueryBlock_0_Outline_VITIS_LOOP_117_5_fu_168/grp_runPeArray_fu_718/mul_11ns_11ns_22_2_1_U85/buff0_reg/A[29:0] is not pipelined. Pipelining DSP48 input will improve performance.
Related violations: <none>

DPIP-2#36 Warning
Input pipelining  
DSP grp_run_fu_161/grp_runController_fu_106/grp_runQueryTile_fu_142/runQueryBlock_0_U0/grp_runQueryBlock_0_Outline_VITIS_LOOP_117_5_fu_168/grp_runPeArray_fu_718/mul_11ns_11ns_22_2_1_U85/buff0_reg input grp_run_fu_161/grp_runController_fu_106/grp_runQueryTile_fu_142/runQueryBlock_0_U0/grp_runQueryBlock_0_Outline_VITIS_LOOP_117_5_fu_168/grp_runPeArray_fu_718/mul_11ns_11ns_22_2_1_U85/buff0_reg/B[17:0] is not pipelined. Pipelining DSP48 input will improve performance.
Related violations: <none>

DPIP-2#37 Warning
Input pipelining  
DSP grp_run_fu_161/grp_runController_fu_106/grp_runQueryTile_fu_142/runQueryBlock_0_U0/grp_runQueryBlock_0_Outline_VITIS_LOOP_117_5_fu_168/grp_runPeArray_fu_718/mul_11ns_11ns_22_2_1_U91/buff0_reg input grp_run_fu_161/grp_runController_fu_106/grp_runQueryTile_fu_142/runQueryBlock_0_U0/grp_runQueryBlock_0_Outline_VITIS_LOOP_117_5_fu_168/grp_runPeArray_fu_718/mul_11ns_11ns_22_2_1_U91/buff0_reg/A[29:0] is not pipelined. Pipelining DSP48 input will improve performance.
Related violations: <none>

DPIP-2#38 Warning
Input pipelining  
DSP grp_run_fu_161/grp_runController_fu_106/grp_runQueryTile_fu_142/runQueryBlock_0_U0/grp_runQueryBlock_0_Outline_VITIS_LOOP_117_5_fu_168/grp_runPeArray_fu_718/mul_11ns_11ns_22_2_1_U91/buff0_reg input grp_run_fu_161/grp_runController_fu_106/grp_runQueryTile_fu_142/runQueryBlock_0_U0/grp_runQueryBlock_0_Outline_VITIS_LOOP_117_5_fu_168/grp_runPeArray_fu_718/mul_11ns_11ns_22_2_1_U91/buff0_reg/B[17:0] is not pipelined. Pipelining DSP48 input will improve performance.
Related violations: <none>

DPIP-2#39 Warning
Input pipelining  
DSP grp_run_fu_161/grp_runController_fu_106/grp_runQueryTile_fu_142/runQueryBlock_0_U0/grp_runQueryBlock_0_Outline_VITIS_LOOP_117_5_fu_168/grp_runPeArray_fu_718/mul_11ns_11ns_22_2_1_U97/buff0_reg input grp_run_fu_161/grp_runController_fu_106/grp_runQueryTile_fu_142/runQueryBlock_0_U0/grp_runQueryBlock_0_Outline_VITIS_LOOP_117_5_fu_168/grp_runPeArray_fu_718/mul_11ns_11ns_22_2_1_U97/buff0_reg/A[29:0] is not pipelined. Pipelining DSP48 input will improve performance.
Related violations: <none>

DPIP-2#40 Warning
Input pipelining  
DSP grp_run_fu_161/grp_runController_fu_106/grp_runQueryTile_fu_142/runQueryBlock_0_U0/grp_runQueryBlock_0_Outline_VITIS_LOOP_117_5_fu_168/grp_runPeArray_fu_718/mul_11ns_11ns_22_2_1_U97/buff0_reg input grp_run_fu_161/grp_runController_fu_106/grp_runQueryTile_fu_142/runQueryBlock_0_U0/grp_runQueryBlock_0_Outline_VITIS_LOOP_117_5_fu_168/grp_runPeArray_fu_718/mul_11ns_11ns_22_2_1_U97/buff0_reg/B[17:0] is not pipelined. Pipelining DSP48 input will improve performance.
Related violations: <none>

DPIP-2#41 Warning
Input pipelining  
DSP grp_run_fu_161/grp_runController_fu_106/grp_runQueryTile_fu_142/runQueryBlock_1_U0/grp_runQueryBlock_1_Outline_VITIS_LOOP_117_5_fu_172/fsub_32ns_32ns_32_3_full_dsp_1_U816/fsa_stream_split_d_fsub_32ns_32ns_32_3_full_dsp_1_ip_u/inst/i_synth/ADDSUB_OP.ADDSUB/DSP.OP/DSP48E1_BODY.ALIGN_ADD/DSP2/i_no_versal_es1_workaround.DSP input grp_run_fu_161/grp_runController_fu_106/grp_runQueryTile_fu_142/runQueryBlock_1_U0/grp_runQueryBlock_1_Outline_VITIS_LOOP_117_5_fu_172/fsub_32ns_32ns_32_3_full_dsp_1_U816/fsa_stream_split_d_fsub_32ns_32ns_32_3_full_dsp_1_ip_u/inst/i_synth/ADDSUB_OP.ADDSUB/DSP.OP/DSP48E1_BODY.ALIGN_ADD/DSP2/i_no_versal_es1_workaround.DSP/A[29:0] is not pipelined. Pipelining DSP48 input will improve performance.
Related violations: <none>

DPIP-2#42 Warning
Input pipelining  
DSP grp_run_fu_161/grp_runController_fu_106/grp_runQueryTile_fu_142/runQueryBlock_1_U0/grp_runQueryBlock_1_Outline_VITIS_LOOP_117_5_fu_172/fsub_32ns_32ns_32_3_full_dsp_1_U816/fsa_stream_split_d_fsub_32ns_32ns_32_3_full_dsp_1_ip_u/inst/i_synth/ADDSUB_OP.ADDSUB/DSP.OP/DSP48E1_BODY.ALIGN_ADD/DSP2/i_no_versal_es1_workaround.DSP input grp_run_fu_161/grp_runController_fu_106/grp_runQueryTile_fu_142/runQueryBlock_1_U0/grp_runQueryBlock_1_Outline_VITIS_LOOP_117_5_fu_172/fsub_32ns_32ns_32_3_full_dsp_1_U816/fsa_stream_split_d_fsub_32ns_32ns_32_3_full_dsp_1_ip_u/inst/i_synth/ADDSUB_OP.ADDSUB/DSP.OP/DSP48E1_BODY.ALIGN_ADD/DSP2/i_no_versal_es1_workaround.DSP/B[17:0] is not pipelined. Pipelining DSP48 input will improve performance.
Related violations: <none>

DPIP-2#43 Warning
Input pipelining  
DSP grp_run_fu_161/grp_runController_fu_106/grp_runQueryTile_fu_142/runQueryBlock_1_U0/grp_runQueryBlock_1_Outline_VITIS_LOOP_117_5_fu_172/fsub_32ns_32ns_32_3_full_dsp_1_U816/fsa_stream_split_d_fsub_32ns_32ns_32_3_full_dsp_1_ip_u/inst/i_synth/ADDSUB_OP.ADDSUB/DSP.OP/DSP48E1_BODY.ALIGN_ADD/DSP2/i_no_versal_es1_workaround.DSP input grp_run_fu_161/grp_runController_fu_106/grp_runQueryTile_fu_142/runQueryBlock_1_U0/grp_runQueryBlock_1_Outline_VITIS_LOOP_117_5_fu_172/fsub_32ns_32ns_32_3_full_dsp_1_U816/fsa_stream_split_d_fsub_32ns_32ns_32_3_full_dsp_1_ip_u/inst/i_synth/ADDSUB_OP.ADDSUB/DSP.OP/DSP48E1_BODY.ALIGN_ADD/DSP2/i_no_versal_es1_workaround.DSP/C[47:0] is not pipelined. Pipelining DSP48 input will improve performance.
Related violations: <none>

DPIP-2#44 Warning
Input pipelining  
DSP grp_run_fu_161/grp_runController_fu_106/grp_runQueryTile_fu_142/runQueryBlock_1_U0/grp_runQueryBlock_1_Outline_VITIS_LOOP_117_5_fu_172/fsub_32ns_32ns_32_3_full_dsp_1_U816/fsa_stream_split_d_fsub_32ns_32ns_32_3_full_dsp_1_ip_u/inst/i_synth/ADDSUB_OP.ADDSUB/DSP.OP/DSP48E1_BODY.NORM_RND/FULL_USAGE_DSP.SHIFT_RND/i_no_versal_es1_workaround.DSP input grp_run_fu_161/grp_runController_fu_106/grp_runQueryTile_fu_142/runQueryBlock_1_U0/grp_runQueryBlock_1_Outline_VITIS_LOOP_117_5_fu_172/fsub_32ns_32ns_32_3_full_dsp_1_U816/fsa_stream_split_d_fsub_32ns_32ns_32_3_full_dsp_1_ip_u/inst/i_synth/ADDSUB_OP.ADDSUB/DSP.OP/DSP48E1_BODY.NORM_RND/FULL_USAGE_DSP.SHIFT_RND/i_no_versal_es1_workaround.DSP/A[29:0] is not pipelined. Pipelining DSP48 input will improve performance.
Related violations: <none>

DPIP-2#45 Warning
Input pipelining  
DSP grp_run_fu_161/grp_runController_fu_106/grp_runQueryTile_fu_142/runQueryBlock_1_U0/grp_runQueryBlock_1_Outline_VITIS_LOOP_117_5_fu_172/fsub_32ns_32ns_32_3_full_dsp_1_U816/fsa_stream_split_d_fsub_32ns_32ns_32_3_full_dsp_1_ip_u/inst/i_synth/ADDSUB_OP.ADDSUB/DSP.OP/DSP48E1_BODY.NORM_RND/FULL_USAGE_DSP.SHIFT_RND/i_no_versal_es1_workaround.DSP input grp_run_fu_161/grp_runController_fu_106/grp_runQueryTile_fu_142/runQueryBlock_1_U0/grp_runQueryBlock_1_Outline_VITIS_LOOP_117_5_fu_172/fsub_32ns_32ns_32_3_full_dsp_1_U816/fsa_stream_split_d_fsub_32ns_32ns_32_3_full_dsp_1_ip_u/inst/i_synth/ADDSUB_OP.ADDSUB/DSP.OP/DSP48E1_BODY.NORM_RND/FULL_USAGE_DSP.SHIFT_RND/i_no_versal_es1_workaround.DSP/B[17:0] is not pipelined. Pipelining DSP48 input will improve performance.
Related violations: <none>

DPIP-2#46 Warning
Input pipelining  
DSP grp_run_fu_161/grp_runController_fu_106/grp_runQueryTile_fu_142/runQueryBlock_1_U0/grp_runQueryBlock_1_Outline_VITIS_LOOP_117_5_fu_172/fsub_32ns_32ns_32_3_full_dsp_1_U816/fsa_stream_split_d_fsub_32ns_32ns_32_3_full_dsp_1_ip_u/inst/i_synth/ADDSUB_OP.ADDSUB/DSP.OP/DSP48E1_BODY.NORM_RND/FULL_USAGE_DSP.SHIFT_RND/i_no_versal_es1_workaround.DSP input grp_run_fu_161/grp_runController_fu_106/grp_runQueryTile_fu_142/runQueryBlock_1_U0/grp_runQueryBlock_1_Outline_VITIS_LOOP_117_5_fu_172/fsub_32ns_32ns_32_3_full_dsp_1_U816/fsa_stream_split_d_fsub_32ns_32ns_32_3_full_dsp_1_ip_u/inst/i_synth/ADDSUB_OP.ADDSUB/DSP.OP/DSP48E1_BODY.NORM_RND/FULL_USAGE_DSP.SHIFT_RND/i_no_versal_es1_workaround.DSP/C[47:0] is not pipelined. Pipelining DSP48 input will improve performance.
Related violations: <none>

DPIP-2#47 Warning
Input pipelining  
DSP grp_run_fu_161/grp_runController_fu_106/grp_runQueryTile_fu_142/runQueryBlock_1_U0/grp_runQueryBlock_1_Outline_VITIS_LOOP_117_5_fu_172/fsub_32ns_32ns_32_3_full_dsp_1_U817/fsa_stream_split_d_fsub_32ns_32ns_32_3_full_dsp_1_ip_u/inst/i_synth/ADDSUB_OP.ADDSUB/DSP.OP/DSP48E1_BODY.ALIGN_ADD/DSP2/i_no_versal_es1_workaround.DSP input grp_run_fu_161/grp_runController_fu_106/grp_runQueryTile_fu_142/runQueryBlock_1_U0/grp_runQueryBlock_1_Outline_VITIS_LOOP_117_5_fu_172/fsub_32ns_32ns_32_3_full_dsp_1_U817/fsa_stream_split_d_fsub_32ns_32ns_32_3_full_dsp_1_ip_u/inst/i_synth/ADDSUB_OP.ADDSUB/DSP.OP/DSP48E1_BODY.ALIGN_ADD/DSP2/i_no_versal_es1_workaround.DSP/A[29:0] is not pipelined. Pipelining DSP48 input will improve performance.
Related violations: <none>

DPIP-2#48 Warning
Input pipelining  
DSP grp_run_fu_161/grp_runController_fu_106/grp_runQueryTile_fu_142/runQueryBlock_1_U0/grp_runQueryBlock_1_Outline_VITIS_LOOP_117_5_fu_172/fsub_32ns_32ns_32_3_full_dsp_1_U817/fsa_stream_split_d_fsub_32ns_32ns_32_3_full_dsp_1_ip_u/inst/i_synth/ADDSUB_OP.ADDSUB/DSP.OP/DSP48E1_BODY.ALIGN_ADD/DSP2/i_no_versal_es1_workaround.DSP input grp_run_fu_161/grp_runController_fu_106/grp_runQueryTile_fu_142/runQueryBlock_1_U0/grp_runQueryBlock_1_Outline_VITIS_LOOP_117_5_fu_172/fsub_32ns_32ns_32_3_full_dsp_1_U817/fsa_stream_split_d_fsub_32ns_32ns_32_3_full_dsp_1_ip_u/inst/i_synth/ADDSUB_OP.ADDSUB/DSP.OP/DSP48E1_BODY.ALIGN_ADD/DSP2/i_no_versal_es1_workaround.DSP/B[17:0] is not pipelined. Pipelining DSP48 input will improve performance.
Related violations: <none>

DPIP-2#49 Warning
Input pipelining  
DSP grp_run_fu_161/grp_runController_fu_106/grp_runQueryTile_fu_142/runQueryBlock_1_U0/grp_runQueryBlock_1_Outline_VITIS_LOOP_117_5_fu_172/fsub_32ns_32ns_32_3_full_dsp_1_U817/fsa_stream_split_d_fsub_32ns_32ns_32_3_full_dsp_1_ip_u/inst/i_synth/ADDSUB_OP.ADDSUB/DSP.OP/DSP48E1_BODY.ALIGN_ADD/DSP2/i_no_versal_es1_workaround.DSP input grp_run_fu_161/grp_runController_fu_106/grp_runQueryTile_fu_142/runQueryBlock_1_U0/grp_runQueryBlock_1_Outline_VITIS_LOOP_117_5_fu_172/fsub_32ns_32ns_32_3_full_dsp_1_U817/fsa_stream_split_d_fsub_32ns_32ns_32_3_full_dsp_1_ip_u/inst/i_synth/ADDSUB_OP.ADDSUB/DSP.OP/DSP48E1_BODY.ALIGN_ADD/DSP2/i_no_versal_es1_workaround.DSP/C[47:0] is not pipelined. Pipelining DSP48 input will improve performance.
Related violations: <none>

DPIP-2#50 Warning
Input pipelining  
DSP grp_run_fu_161/grp_runController_fu_106/grp_runQueryTile_fu_142/runQueryBlock_1_U0/grp_runQueryBlock_1_Outline_VITIS_LOOP_117_5_fu_172/fsub_32ns_32ns_32_3_full_dsp_1_U817/fsa_stream_split_d_fsub_32ns_32ns_32_3_full_dsp_1_ip_u/inst/i_synth/ADDSUB_OP.ADDSUB/DSP.OP/DSP48E1_BODY.NORM_RND/FULL_USAGE_DSP.SHIFT_RND/i_no_versal_es1_workaround.DSP input grp_run_fu_161/grp_runController_fu_106/grp_runQueryTile_fu_142/runQueryBlock_1_U0/grp_runQueryBlock_1_Outline_VITIS_LOOP_117_5_fu_172/fsub_32ns_32ns_32_3_full_dsp_1_U817/fsa_stream_split_d_fsub_32ns_32ns_32_3_full_dsp_1_ip_u/inst/i_synth/ADDSUB_OP.ADDSUB/DSP.OP/DSP48E1_BODY.NORM_RND/FULL_USAGE_DSP.SHIFT_RND/i_no_versal_es1_workaround.DSP/A[29:0] is not pipelined. Pipelining DSP48 input will improve performance.
Related violations: <none>

DPIP-2#51 Warning
Input pipelining  
DSP grp_run_fu_161/grp_runController_fu_106/grp_runQueryTile_fu_142/runQueryBlock_1_U0/grp_runQueryBlock_1_Outline_VITIS_LOOP_117_5_fu_172/fsub_32ns_32ns_32_3_full_dsp_1_U817/fsa_stream_split_d_fsub_32ns_32ns_32_3_full_dsp_1_ip_u/inst/i_synth/ADDSUB_OP.ADDSUB/DSP.OP/DSP48E1_BODY.NORM_RND/FULL_USAGE_DSP.SHIFT_RND/i_no_versal_es1_workaround.DSP input grp_run_fu_161/grp_runController_fu_106/grp_runQueryTile_fu_142/runQueryBlock_1_U0/grp_runQueryBlock_1_Outline_VITIS_LOOP_117_5_fu_172/fsub_32ns_32ns_32_3_full_dsp_1_U817/fsa_stream_split_d_fsub_32ns_32ns_32_3_full_dsp_1_ip_u/inst/i_synth/ADDSUB_OP.ADDSUB/DSP.OP/DSP48E1_BODY.NORM_RND/FULL_USAGE_DSP.SHIFT_RND/i_no_versal_es1_workaround.DSP/B[17:0] is not pipelined. Pipelining DSP48 input will improve performance.
Related violations: <none>

DPIP-2#52 Warning
Input pipelining  
DSP grp_run_fu_161/grp_runController_fu_106/grp_runQueryTile_fu_142/runQueryBlock_1_U0/grp_runQueryBlock_1_Outline_VITIS_LOOP_117_5_fu_172/fsub_32ns_32ns_32_3_full_dsp_1_U817/fsa_stream_split_d_fsub_32ns_32ns_32_3_full_dsp_1_ip_u/inst/i_synth/ADDSUB_OP.ADDSUB/DSP.OP/DSP48E1_BODY.NORM_RND/FULL_USAGE_DSP.SHIFT_RND/i_no_versal_es1_workaround.DSP input grp_run_fu_161/grp_runController_fu_106/grp_runQueryTile_fu_142/runQueryBlock_1_U0/grp_runQueryBlock_1_Outline_VITIS_LOOP_117_5_fu_172/fsub_32ns_32ns_32_3_full_dsp_1_U817/fsa_stream_split_d_fsub_32ns_32ns_32_3_full_dsp_1_ip_u/inst/i_synth/ADDSUB_OP.ADDSUB/DSP.OP/DSP48E1_BODY.NORM_RND/FULL_USAGE_DSP.SHIFT_RND/i_no_versal_es1_workaround.DSP/C[47:0] is not pipelined. Pipelining DSP48 input will improve performance.
Related violations: <none>

DPIP-2#53 Warning
Input pipelining  
DSP grp_run_fu_161/grp_runController_fu_106/grp_runQueryTile_fu_142/runQueryBlock_1_U0/grp_runQueryBlock_1_Outline_VITIS_LOOP_117_5_fu_172/fsub_32ns_32ns_32_3_full_dsp_1_U818/fsa_stream_split_d_fsub_32ns_32ns_32_3_full_dsp_1_ip_u/inst/i_synth/ADDSUB_OP.ADDSUB/DSP.OP/DSP48E1_BODY.ALIGN_ADD/DSP2/i_no_versal_es1_workaround.DSP input grp_run_fu_161/grp_runController_fu_106/grp_runQueryTile_fu_142/runQueryBlock_1_U0/grp_runQueryBlock_1_Outline_VITIS_LOOP_117_5_fu_172/fsub_32ns_32ns_32_3_full_dsp_1_U818/fsa_stream_split_d_fsub_32ns_32ns_32_3_full_dsp_1_ip_u/inst/i_synth/ADDSUB_OP.ADDSUB/DSP.OP/DSP48E1_BODY.ALIGN_ADD/DSP2/i_no_versal_es1_workaround.DSP/A[29:0] is not pipelined. Pipelining DSP48 input will improve performance.
Related violations: <none>

DPIP-2#54 Warning
Input pipelining  
DSP grp_run_fu_161/grp_runController_fu_106/grp_runQueryTile_fu_142/runQueryBlock_1_U0/grp_runQueryBlock_1_Outline_VITIS_LOOP_117_5_fu_172/fsub_32ns_32ns_32_3_full_dsp_1_U818/fsa_stream_split_d_fsub_32ns_32ns_32_3_full_dsp_1_ip_u/inst/i_synth/ADDSUB_OP.ADDSUB/DSP.OP/DSP48E1_BODY.ALIGN_ADD/DSP2/i_no_versal_es1_workaround.DSP input grp_run_fu_161/grp_runController_fu_106/grp_runQueryTile_fu_142/runQueryBlock_1_U0/grp_runQueryBlock_1_Outline_VITIS_LOOP_117_5_fu_172/fsub_32ns_32ns_32_3_full_dsp_1_U818/fsa_stream_split_d_fsub_32ns_32ns_32_3_full_dsp_1_ip_u/inst/i_synth/ADDSUB_OP.ADDSUB/DSP.OP/DSP48E1_BODY.ALIGN_ADD/DSP2/i_no_versal_es1_workaround.DSP/B[17:0] is not pipelined. Pipelining DSP48 input will improve performance.
Related violations: <none>

DPIP-2#55 Warning
Input pipelining  
DSP grp_run_fu_161/grp_runController_fu_106/grp_runQueryTile_fu_142/runQueryBlock_1_U0/grp_runQueryBlock_1_Outline_VITIS_LOOP_117_5_fu_172/fsub_32ns_32ns_32_3_full_dsp_1_U818/fsa_stream_split_d_fsub_32ns_32ns_32_3_full_dsp_1_ip_u/inst/i_synth/ADDSUB_OP.ADDSUB/DSP.OP/DSP48E1_BODY.ALIGN_ADD/DSP2/i_no_versal_es1_workaround.DSP input grp_run_fu_161/grp_runController_fu_106/grp_runQueryTile_fu_142/runQueryBlock_1_U0/grp_runQueryBlock_1_Outline_VITIS_LOOP_117_5_fu_172/fsub_32ns_32ns_32_3_full_dsp_1_U818/fsa_stream_split_d_fsub_32ns_32ns_32_3_full_dsp_1_ip_u/inst/i_synth/ADDSUB_OP.ADDSUB/DSP.OP/DSP48E1_BODY.ALIGN_ADD/DSP2/i_no_versal_es1_workaround.DSP/C[47:0] is not pipelined. Pipelining DSP48 input will improve performance.
Related violations: <none>

DPIP-2#56 Warning
Input pipelining  
DSP grp_run_fu_161/grp_runController_fu_106/grp_runQueryTile_fu_142/runQueryBlock_1_U0/grp_runQueryBlock_1_Outline_VITIS_LOOP_117_5_fu_172/fsub_32ns_32ns_32_3_full_dsp_1_U818/fsa_stream_split_d_fsub_32ns_32ns_32_3_full_dsp_1_ip_u/inst/i_synth/ADDSUB_OP.ADDSUB/DSP.OP/DSP48E1_BODY.NORM_RND/FULL_USAGE_DSP.SHIFT_RND/i_no_versal_es1_workaround.DSP input grp_run_fu_161/grp_runController_fu_106/grp_runQueryTile_fu_142/runQueryBlock_1_U0/grp_runQueryBlock_1_Outline_VITIS_LOOP_117_5_fu_172/fsub_32ns_32ns_32_3_full_dsp_1_U818/fsa_stream_split_d_fsub_32ns_32ns_32_3_full_dsp_1_ip_u/inst/i_synth/ADDSUB_OP.ADDSUB/DSP.OP/DSP48E1_BODY.NORM_RND/FULL_USAGE_DSP.SHIFT_RND/i_no_versal_es1_workaround.DSP/A[29:0] is not pipelined. Pipelining DSP48 input will improve performance.
Related violations: <none>

DPIP-2#57 Warning
Input pipelining  
DSP grp_run_fu_161/grp_runController_fu_106/grp_runQueryTile_fu_142/runQueryBlock_1_U0/grp_runQueryBlock_1_Outline_VITIS_LOOP_117_5_fu_172/fsub_32ns_32ns_32_3_full_dsp_1_U818/fsa_stream_split_d_fsub_32ns_32ns_32_3_full_dsp_1_ip_u/inst/i_synth/ADDSUB_OP.ADDSUB/DSP.OP/DSP48E1_BODY.NORM_RND/FULL_USAGE_DSP.SHIFT_RND/i_no_versal_es1_workaround.DSP input grp_run_fu_161/grp_runController_fu_106/grp_runQueryTile_fu_142/runQueryBlock_1_U0/grp_runQueryBlock_1_Outline_VITIS_LOOP_117_5_fu_172/fsub_32ns_32ns_32_3_full_dsp_1_U818/fsa_stream_split_d_fsub_32ns_32ns_32_3_full_dsp_1_ip_u/inst/i_synth/ADDSUB_OP.ADDSUB/DSP.OP/DSP48E1_BODY.NORM_RND/FULL_USAGE_DSP.SHIFT_RND/i_no_versal_es1_workaround.DSP/B[17:0] is not pipelined. Pipelining DSP48 input will improve performance.
Related violations: <none>

DPIP-2#58 Warning
Input pipelining  
DSP grp_run_fu_161/grp_runController_fu_106/grp_runQueryTile_fu_142/runQueryBlock_1_U0/grp_runQueryBlock_1_Outline_VITIS_LOOP_117_5_fu_172/fsub_32ns_32ns_32_3_full_dsp_1_U818/fsa_stream_split_d_fsub_32ns_32ns_32_3_full_dsp_1_ip_u/inst/i_synth/ADDSUB_OP.ADDSUB/DSP.OP/DSP48E1_BODY.NORM_RND/FULL_USAGE_DSP.SHIFT_RND/i_no_versal_es1_workaround.DSP input grp_run_fu_161/grp_runController_fu_106/grp_runQueryTile_fu_142/runQueryBlock_1_U0/grp_runQueryBlock_1_Outline_VITIS_LOOP_117_5_fu_172/fsub_32ns_32ns_32_3_full_dsp_1_U818/fsa_stream_split_d_fsub_32ns_32ns_32_3_full_dsp_1_ip_u/inst/i_synth/ADDSUB_OP.ADDSUB/DSP.OP/DSP48E1_BODY.NORM_RND/FULL_USAGE_DSP.SHIFT_RND/i_no_versal_es1_workaround.DSP/C[47:0] is not pipelined. Pipelining DSP48 input will improve performance.
Related violations: <none>

DPIP-2#59 Warning
Input pipelining  
DSP grp_run_fu_161/grp_runController_fu_106/grp_runQueryTile_fu_142/runQueryBlock_1_U0/grp_runQueryBlock_1_Outline_VITIS_LOOP_117_5_fu_172/fsub_32ns_32ns_32_3_full_dsp_1_U819/fsa_stream_split_d_fsub_32ns_32ns_32_3_full_dsp_1_ip_u/inst/i_synth/ADDSUB_OP.ADDSUB/DSP.OP/DSP48E1_BODY.ALIGN_ADD/DSP2/i_no_versal_es1_workaround.DSP input grp_run_fu_161/grp_runController_fu_106/grp_runQueryTile_fu_142/runQueryBlock_1_U0/grp_runQueryBlock_1_Outline_VITIS_LOOP_117_5_fu_172/fsub_32ns_32ns_32_3_full_dsp_1_U819/fsa_stream_split_d_fsub_32ns_32ns_32_3_full_dsp_1_ip_u/inst/i_synth/ADDSUB_OP.ADDSUB/DSP.OP/DSP48E1_BODY.ALIGN_ADD/DSP2/i_no_versal_es1_workaround.DSP/A[29:0] is not pipelined. Pipelining DSP48 input will improve performance.
Related violations: <none>

DPIP-2#60 Warning
Input pipelining  
DSP grp_run_fu_161/grp_runController_fu_106/grp_runQueryTile_fu_142/runQueryBlock_1_U0/grp_runQueryBlock_1_Outline_VITIS_LOOP_117_5_fu_172/fsub_32ns_32ns_32_3_full_dsp_1_U819/fsa_stream_split_d_fsub_32ns_32ns_32_3_full_dsp_1_ip_u/inst/i_synth/ADDSUB_OP.ADDSUB/DSP.OP/DSP48E1_BODY.ALIGN_ADD/DSP2/i_no_versal_es1_workaround.DSP input grp_run_fu_161/grp_runController_fu_106/grp_runQueryTile_fu_142/runQueryBlock_1_U0/grp_runQueryBlock_1_Outline_VITIS_LOOP_117_5_fu_172/fsub_32ns_32ns_32_3_full_dsp_1_U819/fsa_stream_split_d_fsub_32ns_32ns_32_3_full_dsp_1_ip_u/inst/i_synth/ADDSUB_OP.ADDSUB/DSP.OP/DSP48E1_BODY.ALIGN_ADD/DSP2/i_no_versal_es1_workaround.DSP/B[17:0] is not pipelined. Pipelining DSP48 input will improve performance.
Related violations: <none>

DPIP-2#61 Warning
Input pipelining  
DSP grp_run_fu_161/grp_runController_fu_106/grp_runQueryTile_fu_142/runQueryBlock_1_U0/grp_runQueryBlock_1_Outline_VITIS_LOOP_117_5_fu_172/fsub_32ns_32ns_32_3_full_dsp_1_U819/fsa_stream_split_d_fsub_32ns_32ns_32_3_full_dsp_1_ip_u/inst/i_synth/ADDSUB_OP.ADDSUB/DSP.OP/DSP48E1_BODY.ALIGN_ADD/DSP2/i_no_versal_es1_workaround.DSP input grp_run_fu_161/grp_runController_fu_106/grp_runQueryTile_fu_142/runQueryBlock_1_U0/grp_runQueryBlock_1_Outline_VITIS_LOOP_117_5_fu_172/fsub_32ns_32ns_32_3_full_dsp_1_U819/fsa_stream_split_d_fsub_32ns_32ns_32_3_full_dsp_1_ip_u/inst/i_synth/ADDSUB_OP.ADDSUB/DSP.OP/DSP48E1_BODY.ALIGN_ADD/DSP2/i_no_versal_es1_workaround.DSP/C[47:0] is not pipelined. Pipelining DSP48 input will improve performance.
Related violations: <none>

DPIP-2#62 Warning
Input pipelining  
DSP grp_run_fu_161/grp_runController_fu_106/grp_runQueryTile_fu_142/runQueryBlock_1_U0/grp_runQueryBlock_1_Outline_VITIS_LOOP_117_5_fu_172/fsub_32ns_32ns_32_3_full_dsp_1_U819/fsa_stream_split_d_fsub_32ns_32ns_32_3_full_dsp_1_ip_u/inst/i_synth/ADDSUB_OP.ADDSUB/DSP.OP/DSP48E1_BODY.NORM_RND/FULL_USAGE_DSP.SHIFT_RND/i_no_versal_es1_workaround.DSP input grp_run_fu_161/grp_runController_fu_106/grp_runQueryTile_fu_142/runQueryBlock_1_U0/grp_runQueryBlock_1_Outline_VITIS_LOOP_117_5_fu_172/fsub_32ns_32ns_32_3_full_dsp_1_U819/fsa_stream_split_d_fsub_32ns_32ns_32_3_full_dsp_1_ip_u/inst/i_synth/ADDSUB_OP.ADDSUB/DSP.OP/DSP48E1_BODY.NORM_RND/FULL_USAGE_DSP.SHIFT_RND/i_no_versal_es1_workaround.DSP/A[29:0] is not pipelined. Pipelining DSP48 input will improve performance.
Related violations: <none>

DPIP-2#63 Warning
Input pipelining  
DSP grp_run_fu_161/grp_runController_fu_106/grp_runQueryTile_fu_142/runQueryBlock_1_U0/grp_runQueryBlock_1_Outline_VITIS_LOOP_117_5_fu_172/fsub_32ns_32ns_32_3_full_dsp_1_U819/fsa_stream_split_d_fsub_32ns_32ns_32_3_full_dsp_1_ip_u/inst/i_synth/ADDSUB_OP.ADDSUB/DSP.OP/DSP48E1_BODY.NORM_RND/FULL_USAGE_DSP.SHIFT_RND/i_no_versal_es1_workaround.DSP input grp_run_fu_161/grp_runController_fu_106/grp_runQueryTile_fu_142/runQueryBlock_1_U0/grp_runQueryBlock_1_Outline_VITIS_LOOP_117_5_fu_172/fsub_32ns_32ns_32_3_full_dsp_1_U819/fsa_stream_split_d_fsub_32ns_32ns_32_3_full_dsp_1_ip_u/inst/i_synth/ADDSUB_OP.ADDSUB/DSP.OP/DSP48E1_BODY.NORM_RND/FULL_USAGE_DSP.SHIFT_RND/i_no_versal_es1_workaround.DSP/B[17:0] is not pipelined. Pipelining DSP48 input will improve performance.
Related violations: <none>

DPIP-2#64 Warning
Input pipelining  
DSP grp_run_fu_161/grp_runController_fu_106/grp_runQueryTile_fu_142/runQueryBlock_1_U0/grp_runQueryBlock_1_Outline_VITIS_LOOP_117_5_fu_172/fsub_32ns_32ns_32_3_full_dsp_1_U819/fsa_stream_split_d_fsub_32ns_32ns_32_3_full_dsp_1_ip_u/inst/i_synth/ADDSUB_OP.ADDSUB/DSP.OP/DSP48E1_BODY.NORM_RND/FULL_USAGE_DSP.SHIFT_RND/i_no_versal_es1_workaround.DSP input grp_run_fu_161/grp_runController_fu_106/grp_runQueryTile_fu_142/runQueryBlock_1_U0/grp_runQueryBlock_1_Outline_VITIS_LOOP_117_5_fu_172/fsub_32ns_32ns_32_3_full_dsp_1_U819/fsa_stream_split_d_fsub_32ns_32ns_32_3_full_dsp_1_ip_u/inst/i_synth/ADDSUB_OP.ADDSUB/DSP.OP/DSP48E1_BODY.NORM_RND/FULL_USAGE_DSP.SHIFT_RND/i_no_versal_es1_workaround.DSP/C[47:0] is not pipelined. Pipelining DSP48 input will improve performance.
Related violations: <none>

DPIP-2#65 Warning
Input pipelining  
DSP grp_run_fu_161/grp_runController_fu_106/grp_runQueryTile_fu_142/runQueryBlock_1_U0/grp_runQueryBlock_1_Outline_VITIS_LOOP_117_5_fu_172/grp_runPeArray_fu_718/mul_11ns_11ns_22_2_1_U103/buff0_reg input grp_run_fu_161/grp_runController_fu_106/grp_runQueryTile_fu_142/runQueryBlock_1_U0/grp_runQueryBlock_1_Outline_VITIS_LOOP_117_5_fu_172/grp_runPeArray_fu_718/mul_11ns_11ns_22_2_1_U103/buff0_reg/A[29:0] is not pipelined. Pipelining DSP48 input will improve performance.
Related violations: <none>

DPIP-2#66 Warning
Input pipelining  
DSP grp_run_fu_161/grp_runController_fu_106/grp_runQueryTile_fu_142/runQueryBlock_1_U0/grp_runQueryBlock_1_Outline_VITIS_LOOP_117_5_fu_172/grp_runPeArray_fu_718/mul_11ns_11ns_22_2_1_U103/buff0_reg input grp_run_fu_161/grp_runController_fu_106/grp_runQueryTile_fu_142/runQueryBlock_1_U0/grp_runQueryBlock_1_Outline_VITIS_LOOP_117_5_fu_172/grp_runPeArray_fu_718/mul_11ns_11ns_22_2_1_U103/buff0_reg/B[17:0] is not pipelined. Pipelining DSP48 input will improve performance.
Related violations: <none>

DPIP-2#67 Warning
Input pipelining  
DSP grp_run_fu_161/grp_runController_fu_106/grp_runQueryTile_fu_142/runQueryBlock_1_U0/grp_runQueryBlock_1_Outline_VITIS_LOOP_117_5_fu_172/grp_runPeArray_fu_718/mul_11ns_11ns_22_2_1_U109/buff0_reg input grp_run_fu_161/grp_runController_fu_106/grp_runQueryTile_fu_142/runQueryBlock_1_U0/grp_runQueryBlock_1_Outline_VITIS_LOOP_117_5_fu_172/grp_runPeArray_fu_718/mul_11ns_11ns_22_2_1_U109/buff0_reg/A[29:0] is not pipelined. Pipelining DSP48 input will improve performance.
Related violations: <none>

DPIP-2#68 Warning
Input pipelining  
DSP grp_run_fu_161/grp_runController_fu_106/grp_runQueryTile_fu_142/runQueryBlock_1_U0/grp_runQueryBlock_1_Outline_VITIS_LOOP_117_5_fu_172/grp_runPeArray_fu_718/mul_11ns_11ns_22_2_1_U109/buff0_reg input grp_run_fu_161/grp_runController_fu_106/grp_runQueryTile_fu_142/runQueryBlock_1_U0/grp_runQueryBlock_1_Outline_VITIS_LOOP_117_5_fu_172/grp_runPeArray_fu_718/mul_11ns_11ns_22_2_1_U109/buff0_reg/B[17:0] is not pipelined. Pipelining DSP48 input will improve performance.
Related violations: <none>

DPIP-2#69 Warning
Input pipelining  
DSP grp_run_fu_161/grp_runController_fu_106/grp_runQueryTile_fu_142/runQueryBlock_1_U0/grp_runQueryBlock_1_Outline_VITIS_LOOP_117_5_fu_172/grp_runPeArray_fu_718/mul_11ns_11ns_22_2_1_U115/buff0_reg input grp_run_fu_161/grp_runController_fu_106/grp_runQueryTile_fu_142/runQueryBlock_1_U0/grp_runQueryBlock_1_Outline_VITIS_LOOP_117_5_fu_172/grp_runPeArray_fu_718/mul_11ns_11ns_22_2_1_U115/buff0_reg/A[29:0] is not pipelined. Pipelining DSP48 input will improve performance.
Related violations: <none>

DPIP-2#70 Warning
Input pipelining  
DSP grp_run_fu_161/grp_runController_fu_106/grp_runQueryTile_fu_142/runQueryBlock_1_U0/grp_runQueryBlock_1_Outline_VITIS_LOOP_117_5_fu_172/grp_runPeArray_fu_718/mul_11ns_11ns_22_2_1_U115/buff0_reg input grp_run_fu_161/grp_runController_fu_106/grp_runQueryTile_fu_142/runQueryBlock_1_U0/grp_runQueryBlock_1_Outline_VITIS_LOOP_117_5_fu_172/grp_runPeArray_fu_718/mul_11ns_11ns_22_2_1_U115/buff0_reg/B[17:0] is not pipelined. Pipelining DSP48 input will improve performance.
Related violations: <none>

DPIP-2#71 Warning
Input pipelining  
DSP grp_run_fu_161/grp_runController_fu_106/grp_runQueryTile_fu_142/runQueryBlock_1_U0/grp_runQueryBlock_1_Outline_VITIS_LOOP_117_5_fu_172/grp_runPeArray_fu_718/mul_11ns_11ns_22_2_1_U121/buff0_reg input grp_run_fu_161/grp_runController_fu_106/grp_runQueryTile_fu_142/runQueryBlock_1_U0/grp_runQueryBlock_1_Outline_VITIS_LOOP_117_5_fu_172/grp_runPeArray_fu_718/mul_11ns_11ns_22_2_1_U121/buff0_reg/A[29:0] is not pipelined. Pipelining DSP48 input will improve performance.
Related violations: <none>

DPIP-2#72 Warning
Input pipelining  
DSP grp_run_fu_161/grp_runController_fu_106/grp_runQueryTile_fu_142/runQueryBlock_1_U0/grp_runQueryBlock_1_Outline_VITIS_LOOP_117_5_fu_172/grp_runPeArray_fu_718/mul_11ns_11ns_22_2_1_U121/buff0_reg input grp_run_fu_161/grp_runController_fu_106/grp_runQueryTile_fu_142/runQueryBlock_1_U0/grp_runQueryBlock_1_Outline_VITIS_LOOP_117_5_fu_172/grp_runPeArray_fu_718/mul_11ns_11ns_22_2_1_U121/buff0_reg/B[17:0] is not pipelined. Pipelining DSP48 input will improve performance.
Related violations: <none>

DPIP-2#73 Warning
Input pipelining  
DSP grp_run_fu_161/grp_runController_fu_106/grp_runQueryTile_fu_142/runQueryBlock_1_U0/grp_runQueryBlock_1_Outline_VITIS_LOOP_117_5_fu_172/grp_runPeArray_fu_718/mul_11ns_11ns_22_2_1_U127/buff0_reg input grp_run_fu_161/grp_runController_fu_106/grp_runQueryTile_fu_142/runQueryBlock_1_U0/grp_runQueryBlock_1_Outline_VITIS_LOOP_117_5_fu_172/grp_runPeArray_fu_718/mul_11ns_11ns_22_2_1_U127/buff0_reg/A[29:0] is not pipelined. Pipelining DSP48 input will improve performance.
Related violations: <none>

DPIP-2#74 Warning
Input pipelining  
DSP grp_run_fu_161/grp_runController_fu_106/grp_runQueryTile_fu_142/runQueryBlock_1_U0/grp_runQueryBlock_1_Outline_VITIS_LOOP_117_5_fu_172/grp_runPeArray_fu_718/mul_11ns_11ns_22_2_1_U127/buff0_reg input grp_run_fu_161/grp_runController_fu_106/grp_runQueryTile_fu_142/runQueryBlock_1_U0/grp_runQueryBlock_1_Outline_VITIS_LOOP_117_5_fu_172/grp_runPeArray_fu_718/mul_11ns_11ns_22_2_1_U127/buff0_reg/B[17:0] is not pipelined. Pipelining DSP48 input will improve performance.
Related violations: <none>

DPIP-2#75 Warning
Input pipelining  
DSP grp_run_fu_161/grp_runController_fu_106/grp_runQueryTile_fu_142/runQueryBlock_1_U0/grp_runQueryBlock_1_Outline_VITIS_LOOP_117_5_fu_172/grp_runPeArray_fu_718/mul_11ns_11ns_22_2_1_U85/buff0_reg input grp_run_fu_161/grp_runController_fu_106/grp_runQueryTile_fu_142/runQueryBlock_1_U0/grp_runQueryBlock_1_Outline_VITIS_LOOP_117_5_fu_172/grp_runPeArray_fu_718/mul_11ns_11ns_22_2_1_U85/buff0_reg/A[29:0] is not pipelined. Pipelining DSP48 input will improve performance.
Related violations: <none>

DPIP-2#76 Warning
Input pipelining  
DSP grp_run_fu_161/grp_runController_fu_106/grp_runQueryTile_fu_142/runQueryBlock_1_U0/grp_runQueryBlock_1_Outline_VITIS_LOOP_117_5_fu_172/grp_runPeArray_fu_718/mul_11ns_11ns_22_2_1_U85/buff0_reg input grp_run_fu_161/grp_runController_fu_106/grp_runQueryTile_fu_142/runQueryBlock_1_U0/grp_runQueryBlock_1_Outline_VITIS_LOOP_117_5_fu_172/grp_runPeArray_fu_718/mul_11ns_11ns_22_2_1_U85/buff0_reg/B[17:0] is not pipelined. Pipelining DSP48 input will improve performance.
Related violations: <none>

DPIP-2#77 Warning
Input pipelining  
DSP grp_run_fu_161/grp_runController_fu_106/grp_runQueryTile_fu_142/runQueryBlock_1_U0/grp_runQueryBlock_1_Outline_VITIS_LOOP_117_5_fu_172/grp_runPeArray_fu_718/mul_11ns_11ns_22_2_1_U91/buff0_reg input grp_run_fu_161/grp_runController_fu_106/grp_runQueryTile_fu_142/runQueryBlock_1_U0/grp_runQueryBlock_1_Outline_VITIS_LOOP_117_5_fu_172/grp_runPeArray_fu_718/mul_11ns_11ns_22_2_1_U91/buff0_reg/A[29:0] is not pipelined. Pipelining DSP48 input will improve performance.
Related violations: <none>

DPIP-2#78 Warning
Input pipelining  
DSP grp_run_fu_161/grp_runController_fu_106/grp_runQueryTile_fu_142/runQueryBlock_1_U0/grp_runQueryBlock_1_Outline_VITIS_LOOP_117_5_fu_172/grp_runPeArray_fu_718/mul_11ns_11ns_22_2_1_U91/buff0_reg input grp_run_fu_161/grp_runController_fu_106/grp_runQueryTile_fu_142/runQueryBlock_1_U0/grp_runQueryBlock_1_Outline_VITIS_LOOP_117_5_fu_172/grp_runPeArray_fu_718/mul_11ns_11ns_22_2_1_U91/buff0_reg/B[17:0] is not pipelined. Pipelining DSP48 input will improve performance.
Related violations: <none>

DPIP-2#79 Warning
Input pipelining  
DSP grp_run_fu_161/grp_runController_fu_106/grp_runQueryTile_fu_142/runQueryBlock_1_U0/grp_runQueryBlock_1_Outline_VITIS_LOOP_117_5_fu_172/grp_runPeArray_fu_718/mul_11ns_11ns_22_2_1_U97/buff0_reg input grp_run_fu_161/grp_runController_fu_106/grp_runQueryTile_fu_142/runQueryBlock_1_U0/grp_runQueryBlock_1_Outline_VITIS_LOOP_117_5_fu_172/grp_runPeArray_fu_718/mul_11ns_11ns_22_2_1_U97/buff0_reg/A[29:0] is not pipelined. Pipelining DSP48 input will improve performance.
Related violations: <none>

DPIP-2#80 Warning
Input pipelining  
DSP grp_run_fu_161/grp_runController_fu_106/grp_runQueryTile_fu_142/runQueryBlock_1_U0/grp_runQueryBlock_1_Outline_VITIS_LOOP_117_5_fu_172/grp_runPeArray_fu_718/mul_11ns_11ns_22_2_1_U97/buff0_reg input grp_run_fu_161/grp_runController_fu_106/grp_runQueryTile_fu_142/runQueryBlock_1_U0/grp_runQueryBlock_1_Outline_VITIS_LOOP_117_5_fu_172/grp_runPeArray_fu_718/mul_11ns_11ns_22_2_1_U97/buff0_reg/B[17:0] is not pipelined. Pipelining DSP48 input will improve performance.
Related violations: <none>

DPOP-3#1 Warning
PREG Output pipelining  
DSP grp_run_fu_161/grp_runController_fu_106/grp_runQueryTile_fu_142/runQueryBlock_0_U0/grp_runAccumulatorColumns_fu_512/mul_24ns_24ns_48_3_1_U291/tmp_product output grp_run_fu_161/grp_runController_fu_106/grp_runQueryTile_fu_142/runQueryBlock_0_U0/grp_runAccumulatorColumns_fu_512/mul_24ns_24ns_48_3_1_U291/tmp_product/P[47:0] is not pipelined (PREG=0). Pipelining the DSP48 output will improve performance and often saves power so it is suggested whenever possible to fully pipeline this function.  If this DSP48 function was inferred, it is suggested to describe an additional register stage after this function.  If the DSP48 was instantiated in the design, it is suggested to set the PREG attribute to 1.
Related violations: <none>

DPOP-3#2 Warning
PREG Output pipelining  
DSP grp_run_fu_161/grp_runController_fu_106/grp_runQueryTile_fu_142/runQueryBlock_0_U0/grp_runAccumulatorColumns_fu_512/mul_24ns_24ns_48_3_1_U292/tmp_product output grp_run_fu_161/grp_runController_fu_106/grp_runQueryTile_fu_142/runQueryBlock_0_U0/grp_runAccumulatorColumns_fu_512/mul_24ns_24ns_48_3_1_U292/tmp_product/P[47:0] is not pipelined (PREG=0). Pipelining the DSP48 output will improve performance and often saves power so it is suggested whenever possible to fully pipeline this function.  If this DSP48 function was inferred, it is suggested to describe an additional register stage after this function.  If the DSP48 was instantiated in the design, it is suggested to set the PREG attribute to 1.
Related violations: <none>

DPOP-3#3 Warning
PREG Output pipelining  
DSP grp_run_fu_161/grp_runController_fu_106/grp_runQueryTile_fu_142/runQueryBlock_0_U0/grp_runQueryBlock_0_Outline_VITIS_LOOP_117_5_fu_168/fsub_32ns_32ns_32_3_full_dsp_1_U476/fsa_stream_split_d_fsub_32ns_32ns_32_3_full_dsp_1_ip_u/inst/i_synth/ADDSUB_OP.ADDSUB/DSP.OP/DSP48E1_BODY.ALIGN_ADD/DSP2/i_no_versal_es1_workaround.DSP output grp_run_fu_161/grp_runController_fu_106/grp_runQueryTile_fu_142/runQueryBlock_0_U0/grp_runQueryBlock_0_Outline_VITIS_LOOP_117_5_fu_168/fsub_32ns_32ns_32_3_full_dsp_1_U476/fsa_stream_split_d_fsub_32ns_32ns_32_3_full_dsp_1_ip_u/inst/i_synth/ADDSUB_OP.ADDSUB/DSP.OP/DSP48E1_BODY.ALIGN_ADD/DSP2/i_no_versal_es1_workaround.DSP/PATTERNDETECT is not pipelined (PREG=0). Pipelining the DSP48 output will improve performance and often saves power so it is suggested whenever possible to fully pipeline this function.  If this DSP48 function was inferred, it is suggested to describe an additional register stage after this function.  If the DSP48 was instantiated in the design, it is suggested to set the PREG attribute to 1.
Related violations: <none>

DPOP-3#4 Warning
PREG Output pipelining  
DSP grp_run_fu_161/grp_runController_fu_106/grp_runQueryTile_fu_142/runQueryBlock_0_U0/grp_runQueryBlock_0_Outline_VITIS_LOOP_117_5_fu_168/fsub_32ns_32ns_32_3_full_dsp_1_U476/fsa_stream_split_d_fsub_32ns_32ns_32_3_full_dsp_1_ip_u/inst/i_synth/ADDSUB_OP.ADDSUB/DSP.OP/DSP48E1_BODY.ALIGN_ADD/DSP2/i_no_versal_es1_workaround.DSP output grp_run_fu_161/grp_runController_fu_106/grp_runQueryTile_fu_142/runQueryBlock_0_U0/grp_runQueryBlock_0_Outline_VITIS_LOOP_117_5_fu_168/fsub_32ns_32ns_32_3_full_dsp_1_U476/fsa_stream_split_d_fsub_32ns_32ns_32_3_full_dsp_1_ip_u/inst/i_synth/ADDSUB_OP.ADDSUB/DSP.OP/DSP48E1_BODY.ALIGN_ADD/DSP2/i_no_versal_es1_workaround.DSP/P[47:0] is not pipelined (PREG=0). Pipelining the DSP48 output will improve performance and often saves power so it is suggested whenever possible to fully pipeline this function.  If this DSP48 function was inferred, it is suggested to describe an additional register stage after this function.  If the DSP48 was instantiated in the design, it is suggested to set the PREG attribute to 1.
Related violations: <none>

DPOP-3#5 Warning
PREG Output pipelining  
DSP grp_run_fu_161/grp_runController_fu_106/grp_runQueryTile_fu_142/runQueryBlock_0_U0/grp_runQueryBlock_0_Outline_VITIS_LOOP_117_5_fu_168/fsub_32ns_32ns_32_3_full_dsp_1_U476/fsa_stream_split_d_fsub_32ns_32ns_32_3_full_dsp_1_ip_u/inst/i_synth/ADDSUB_OP.ADDSUB/DSP.OP/DSP48E1_BODY.NORM_RND/FULL_USAGE_DSP.SHIFT_RND/i_no_versal_es1_workaround.DSP output grp_run_fu_161/grp_runController_fu_106/grp_runQueryTile_fu_142/runQueryBlock_0_U0/grp_runQueryBlock_0_Outline_VITIS_LOOP_117_5_fu_168/fsub_32ns_32ns_32_3_full_dsp_1_U476/fsa_stream_split_d_fsub_32ns_32ns_32_3_full_dsp_1_ip_u/inst/i_synth/ADDSUB_OP.ADDSUB/DSP.OP/DSP48E1_BODY.NORM_RND/FULL_USAGE_DSP.SHIFT_RND/i_no_versal_es1_workaround.DSP/P[47:0] is not pipelined (PREG=0). Pipelining the DSP48 output will improve performance and often saves power so it is suggested whenever possible to fully pipeline this function.  If this DSP48 function was inferred, it is suggested to describe an additional register stage after this function.  If the DSP48 was instantiated in the design, it is suggested to set the PREG attribute to 1.
Related violations: <none>

DPOP-3#6 Warning
PREG Output pipelining  
DSP grp_run_fu_161/grp_runController_fu_106/grp_runQueryTile_fu_142/runQueryBlock_0_U0/grp_runQueryBlock_0_Outline_VITIS_LOOP_117_5_fu_168/fsub_32ns_32ns_32_3_full_dsp_1_U477/fsa_stream_split_d_fsub_32ns_32ns_32_3_full_dsp_1_ip_u/inst/i_synth/ADDSUB_OP.ADDSUB/DSP.OP/DSP48E1_BODY.ALIGN_ADD/DSP2/i_no_versal_es1_workaround.DSP output grp_run_fu_161/grp_runController_fu_106/grp_runQueryTile_fu_142/runQueryBlock_0_U0/grp_runQueryBlock_0_Outline_VITIS_LOOP_117_5_fu_168/fsub_32ns_32ns_32_3_full_dsp_1_U477/fsa_stream_split_d_fsub_32ns_32ns_32_3_full_dsp_1_ip_u/inst/i_synth/ADDSUB_OP.ADDSUB/DSP.OP/DSP48E1_BODY.ALIGN_ADD/DSP2/i_no_versal_es1_workaround.DSP/PATTERNDETECT is not pipelined (PREG=0). Pipelining the DSP48 output will improve performance and often saves power so it is suggested whenever possible to fully pipeline this function.  If this DSP48 function was inferred, it is suggested to describe an additional register stage after this function.  If the DSP48 was instantiated in the design, it is suggested to set the PREG attribute to 1.
Related violations: <none>

DPOP-3#7 Warning
PREG Output pipelining  
DSP grp_run_fu_161/grp_runController_fu_106/grp_runQueryTile_fu_142/runQueryBlock_0_U0/grp_runQueryBlock_0_Outline_VITIS_LOOP_117_5_fu_168/fsub_32ns_32ns_32_3_full_dsp_1_U477/fsa_stream_split_d_fsub_32ns_32ns_32_3_full_dsp_1_ip_u/inst/i_synth/ADDSUB_OP.ADDSUB/DSP.OP/DSP48E1_BODY.ALIGN_ADD/DSP2/i_no_versal_es1_workaround.DSP output grp_run_fu_161/grp_runController_fu_106/grp_runQueryTile_fu_142/runQueryBlock_0_U0/grp_runQueryBlock_0_Outline_VITIS_LOOP_117_5_fu_168/fsub_32ns_32ns_32_3_full_dsp_1_U477/fsa_stream_split_d_fsub_32ns_32ns_32_3_full_dsp_1_ip_u/inst/i_synth/ADDSUB_OP.ADDSUB/DSP.OP/DSP48E1_BODY.ALIGN_ADD/DSP2/i_no_versal_es1_workaround.DSP/P[47:0] is not pipelined (PREG=0). Pipelining the DSP48 output will improve performance and often saves power so it is suggested whenever possible to fully pipeline this function.  If this DSP48 function was inferred, it is suggested to describe an additional register stage after this function.  If the DSP48 was instantiated in the design, it is suggested to set the PREG attribute to 1.
Related violations: <none>

DPOP-3#8 Warning
PREG Output pipelining  
DSP grp_run_fu_161/grp_runController_fu_106/grp_runQueryTile_fu_142/runQueryBlock_0_U0/grp_runQueryBlock_0_Outline_VITIS_LOOP_117_5_fu_168/fsub_32ns_32ns_32_3_full_dsp_1_U477/fsa_stream_split_d_fsub_32ns_32ns_32_3_full_dsp_1_ip_u/inst/i_synth/ADDSUB_OP.ADDSUB/DSP.OP/DSP48E1_BODY.NORM_RND/FULL_USAGE_DSP.SHIFT_RND/i_no_versal_es1_workaround.DSP output grp_run_fu_161/grp_runController_fu_106/grp_runQueryTile_fu_142/runQueryBlock_0_U0/grp_runQueryBlock_0_Outline_VITIS_LOOP_117_5_fu_168/fsub_32ns_32ns_32_3_full_dsp_1_U477/fsa_stream_split_d_fsub_32ns_32ns_32_3_full_dsp_1_ip_u/inst/i_synth/ADDSUB_OP.ADDSUB/DSP.OP/DSP48E1_BODY.NORM_RND/FULL_USAGE_DSP.SHIFT_RND/i_no_versal_es1_workaround.DSP/P[47:0] is not pipelined (PREG=0). Pipelining the DSP48 output will improve performance and often saves power so it is suggested whenever possible to fully pipeline this function.  If this DSP48 function was inferred, it is suggested to describe an additional register stage after this function.  If the DSP48 was instantiated in the design, it is suggested to set the PREG attribute to 1.
Related violations: <none>

DPOP-3#9 Warning
PREG Output pipelining  
DSP grp_run_fu_161/grp_runController_fu_106/grp_runQueryTile_fu_142/runQueryBlock_0_U0/grp_runQueryBlock_0_Outline_VITIS_LOOP_117_5_fu_168/fsub_32ns_32ns_32_3_full_dsp_1_U478/fsa_stream_split_d_fsub_32ns_32ns_32_3_full_dsp_1_ip_u/inst/i_synth/ADDSUB_OP.ADDSUB/DSP.OP/DSP48E1_BODY.ALIGN_ADD/DSP2/i_no_versal_es1_workaround.DSP output grp_run_fu_161/grp_runController_fu_106/grp_runQueryTile_fu_142/runQueryBlock_0_U0/grp_runQueryBlock_0_Outline_VITIS_LOOP_117_5_fu_168/fsub_32ns_32ns_32_3_full_dsp_1_U478/fsa_stream_split_d_fsub_32ns_32ns_32_3_full_dsp_1_ip_u/inst/i_synth/ADDSUB_OP.ADDSUB/DSP.OP/DSP48E1_BODY.ALIGN_ADD/DSP2/i_no_versal_es1_workaround.DSP/PATTERNDETECT is not pipelined (PREG=0). Pipelining the DSP48 output will improve performance and often saves power so it is suggested whenever possible to fully pipeline this function.  If this DSP48 function was inferred, it is suggested to describe an additional register stage after this function.  If the DSP48 was instantiated in the design, it is suggested to set the PREG attribute to 1.
Related violations: <none>

DPOP-3#10 Warning
PREG Output pipelining  
DSP grp_run_fu_161/grp_runController_fu_106/grp_runQueryTile_fu_142/runQueryBlock_0_U0/grp_runQueryBlock_0_Outline_VITIS_LOOP_117_5_fu_168/fsub_32ns_32ns_32_3_full_dsp_1_U478/fsa_stream_split_d_fsub_32ns_32ns_32_3_full_dsp_1_ip_u/inst/i_synth/ADDSUB_OP.ADDSUB/DSP.OP/DSP48E1_BODY.ALIGN_ADD/DSP2/i_no_versal_es1_workaround.DSP output grp_run_fu_161/grp_runController_fu_106/grp_runQueryTile_fu_142/runQueryBlock_0_U0/grp_runQueryBlock_0_Outline_VITIS_LOOP_117_5_fu_168/fsub_32ns_32ns_32_3_full_dsp_1_U478/fsa_stream_split_d_fsub_32ns_32ns_32_3_full_dsp_1_ip_u/inst/i_synth/ADDSUB_OP.ADDSUB/DSP.OP/DSP48E1_BODY.ALIGN_ADD/DSP2/i_no_versal_es1_workaround.DSP/P[47:0] is not pipelined (PREG=0). Pipelining the DSP48 output will improve performance and often saves power so it is suggested whenever possible to fully pipeline this function.  If this DSP48 function was inferred, it is suggested to describe an additional register stage after this function.  If the DSP48 was instantiated in the design, it is suggested to set the PREG attribute to 1.
Related violations: <none>

DPOP-3#11 Warning
PREG Output pipelining  
DSP grp_run_fu_161/grp_runController_fu_106/grp_runQueryTile_fu_142/runQueryBlock_0_U0/grp_runQueryBlock_0_Outline_VITIS_LOOP_117_5_fu_168/fsub_32ns_32ns_32_3_full_dsp_1_U478/fsa_stream_split_d_fsub_32ns_32ns_32_3_full_dsp_1_ip_u/inst/i_synth/ADDSUB_OP.ADDSUB/DSP.OP/DSP48E1_BODY.NORM_RND/FULL_USAGE_DSP.SHIFT_RND/i_no_versal_es1_workaround.DSP output grp_run_fu_161/grp_runController_fu_106/grp_runQueryTile_fu_142/runQueryBlock_0_U0/grp_runQueryBlock_0_Outline_VITIS_LOOP_117_5_fu_168/fsub_32ns_32ns_32_3_full_dsp_1_U478/fsa_stream_split_d_fsub_32ns_32ns_32_3_full_dsp_1_ip_u/inst/i_synth/ADDSUB_OP.ADDSUB/DSP.OP/DSP48E1_BODY.NORM_RND/FULL_USAGE_DSP.SHIFT_RND/i_no_versal_es1_workaround.DSP/P[47:0] is not pipelined (PREG=0). Pipelining the DSP48 output will improve performance and often saves power so it is suggested whenever possible to fully pipeline this function.  If this DSP48 function was inferred, it is suggested to describe an additional register stage after this function.  If the DSP48 was instantiated in the design, it is suggested to set the PREG attribute to 1.
Related violations: <none>

DPOP-3#12 Warning
PREG Output pipelining  
DSP grp_run_fu_161/grp_runController_fu_106/grp_runQueryTile_fu_142/runQueryBlock_0_U0/grp_runQueryBlock_0_Outline_VITIS_LOOP_117_5_fu_168/fsub_32ns_32ns_32_3_full_dsp_1_U479/fsa_stream_split_d_fsub_32ns_32ns_32_3_full_dsp_1_ip_u/inst/i_synth/ADDSUB_OP.ADDSUB/DSP.OP/DSP48E1_BODY.ALIGN_ADD/DSP2/i_no_versal_es1_workaround.DSP output grp_run_fu_161/grp_runController_fu_106/grp_runQueryTile_fu_142/runQueryBlock_0_U0/grp_runQueryBlock_0_Outline_VITIS_LOOP_117_5_fu_168/fsub_32ns_32ns_32_3_full_dsp_1_U479/fsa_stream_split_d_fsub_32ns_32ns_32_3_full_dsp_1_ip_u/inst/i_synth/ADDSUB_OP.ADDSUB/DSP.OP/DSP48E1_BODY.ALIGN_ADD/DSP2/i_no_versal_es1_workaround.DSP/PATTERNDETECT is not pipelined (PREG=0). Pipelining the DSP48 output will improve performance and often saves power so it is suggested whenever possible to fully pipeline this function.  If this DSP48 function was inferred, it is suggested to describe an additional register stage after this function.  If the DSP48 was instantiated in the design, it is suggested to set the PREG attribute to 1.
Related violations: <none>

DPOP-3#13 Warning
PREG Output pipelining  
DSP grp_run_fu_161/grp_runController_fu_106/grp_runQueryTile_fu_142/runQueryBlock_0_U0/grp_runQueryBlock_0_Outline_VITIS_LOOP_117_5_fu_168/fsub_32ns_32ns_32_3_full_dsp_1_U479/fsa_stream_split_d_fsub_32ns_32ns_32_3_full_dsp_1_ip_u/inst/i_synth/ADDSUB_OP.ADDSUB/DSP.OP/DSP48E1_BODY.ALIGN_ADD/DSP2/i_no_versal_es1_workaround.DSP output grp_run_fu_161/grp_runController_fu_106/grp_runQueryTile_fu_142/runQueryBlock_0_U0/grp_runQueryBlock_0_Outline_VITIS_LOOP_117_5_fu_168/fsub_32ns_32ns_32_3_full_dsp_1_U479/fsa_stream_split_d_fsub_32ns_32ns_32_3_full_dsp_1_ip_u/inst/i_synth/ADDSUB_OP.ADDSUB/DSP.OP/DSP48E1_BODY.ALIGN_ADD/DSP2/i_no_versal_es1_workaround.DSP/P[47:0] is not pipelined (PREG=0). Pipelining the DSP48 output will improve performance and often saves power so it is suggested whenever possible to fully pipeline this function.  If this DSP48 function was inferred, it is suggested to describe an additional register stage after this function.  If the DSP48 was instantiated in the design, it is suggested to set the PREG attribute to 1.
Related violations: <none>

DPOP-3#14 Warning
PREG Output pipelining  
DSP grp_run_fu_161/grp_runController_fu_106/grp_runQueryTile_fu_142/runQueryBlock_0_U0/grp_runQueryBlock_0_Outline_VITIS_LOOP_117_5_fu_168/fsub_32ns_32ns_32_3_full_dsp_1_U479/fsa_stream_split_d_fsub_32ns_32ns_32_3_full_dsp_1_ip_u/inst/i_synth/ADDSUB_OP.ADDSUB/DSP.OP/DSP48E1_BODY.NORM_RND/FULL_USAGE_DSP.SHIFT_RND/i_no_versal_es1_workaround.DSP output grp_run_fu_161/grp_runController_fu_106/grp_runQueryTile_fu_142/runQueryBlock_0_U0/grp_runQueryBlock_0_Outline_VITIS_LOOP_117_5_fu_168/fsub_32ns_32ns_32_3_full_dsp_1_U479/fsa_stream_split_d_fsub_32ns_32ns_32_3_full_dsp_1_ip_u/inst/i_synth/ADDSUB_OP.ADDSUB/DSP.OP/DSP48E1_BODY.NORM_RND/FULL_USAGE_DSP.SHIFT_RND/i_no_versal_es1_workaround.DSP/P[47:0] is not pipelined (PREG=0). Pipelining the DSP48 output will improve performance and often saves power so it is suggested whenever possible to fully pipeline this function.  If this DSP48 function was inferred, it is suggested to describe an additional register stage after this function.  If the DSP48 was instantiated in the design, it is suggested to set the PREG attribute to 1.
Related violations: <none>

DPOP-3#15 Warning
PREG Output pipelining  
DSP grp_run_fu_161/grp_runController_fu_106/grp_runQueryTile_fu_142/runQueryBlock_0_U0/grp_runQueryBlock_0_Outline_VITIS_LOOP_117_5_fu_168/grp_runPeArray_fu_718/mul_11ns_11ns_22_2_1_U121/buff0_reg output grp_run_fu_161/grp_runController_fu_106/grp_runQueryTile_fu_142/runQueryBlock_0_U0/grp_runQueryBlock_0_Outline_VITIS_LOOP_117_5_fu_168/grp_runPeArray_fu_718/mul_11ns_11ns_22_2_1_U121/buff0_reg/P[47:0] is not pipelined (PREG=0). Pipelining the DSP48 output will improve performance and often saves power so it is suggested whenever possible to fully pipeline this function.  If this DSP48 function was inferred, it is suggested to describe an additional register stage after this function.  If the DSP48 was instantiated in the design, it is suggested to set the PREG attribute to 1.
Related violations: <none>

DPOP-3#16 Warning
PREG Output pipelining  
DSP grp_run_fu_161/grp_runController_fu_106/grp_runQueryTile_fu_142/runQueryBlock_1_U0/grp_runAccumulatorColumns_fu_551/mul_24ns_24ns_48_3_1_U291/tmp_product output grp_run_fu_161/grp_runController_fu_106/grp_runQueryTile_fu_142/runQueryBlock_1_U0/grp_runAccumulatorColumns_fu_551/mul_24ns_24ns_48_3_1_U291/tmp_product/P[47:0] is not pipelined (PREG=0). Pipelining the DSP48 output will improve performance and often saves power so it is suggested whenever possible to fully pipeline this function.  If this DSP48 function was inferred, it is suggested to describe an additional register stage after this function.  If the DSP48 was instantiated in the design, it is suggested to set the PREG attribute to 1.
Related violations: <none>

DPOP-3#17 Warning
PREG Output pipelining  
DSP grp_run_fu_161/grp_runController_fu_106/grp_runQueryTile_fu_142/runQueryBlock_1_U0/grp_runAccumulatorColumns_fu_551/mul_24ns_24ns_48_3_1_U292/tmp_product output grp_run_fu_161/grp_runController_fu_106/grp_runQueryTile_fu_142/runQueryBlock_1_U0/grp_runAccumulatorColumns_fu_551/mul_24ns_24ns_48_3_1_U292/tmp_product/P[47:0] is not pipelined (PREG=0). Pipelining the DSP48 output will improve performance and often saves power so it is suggested whenever possible to fully pipeline this function.  If this DSP48 function was inferred, it is suggested to describe an additional register stage after this function.  If the DSP48 was instantiated in the design, it is suggested to set the PREG attribute to 1.
Related violations: <none>

DPOP-3#18 Warning
PREG Output pipelining  
DSP grp_run_fu_161/grp_runController_fu_106/grp_runQueryTile_fu_142/runQueryBlock_1_U0/grp_runQueryBlock_1_Outline_VITIS_LOOP_117_5_fu_172/fsub_32ns_32ns_32_3_full_dsp_1_U816/fsa_stream_split_d_fsub_32ns_32ns_32_3_full_dsp_1_ip_u/inst/i_synth/ADDSUB_OP.ADDSUB/DSP.OP/DSP48E1_BODY.ALIGN_ADD/DSP2/i_no_versal_es1_workaround.DSP output grp_run_fu_161/grp_runController_fu_106/grp_runQueryTile_fu_142/runQueryBlock_1_U0/grp_runQueryBlock_1_Outline_VITIS_LOOP_117_5_fu_172/fsub_32ns_32ns_32_3_full_dsp_1_U816/fsa_stream_split_d_fsub_32ns_32ns_32_3_full_dsp_1_ip_u/inst/i_synth/ADDSUB_OP.ADDSUB/DSP.OP/DSP48E1_BODY.ALIGN_ADD/DSP2/i_no_versal_es1_workaround.DSP/PATTERNDETECT is not pipelined (PREG=0). Pipelining the DSP48 output will improve performance and often saves power so it is suggested whenever possible to fully pipeline this function.  If this DSP48 function was inferred, it is suggested to describe an additional register stage after this function.  If the DSP48 was instantiated in the design, it is suggested to set the PREG attribute to 1.
Related violations: <none>

DPOP-3#19 Warning
PREG Output pipelining  
DSP grp_run_fu_161/grp_runController_fu_106/grp_runQueryTile_fu_142/runQueryBlock_1_U0/grp_runQueryBlock_1_Outline_VITIS_LOOP_117_5_fu_172/fsub_32ns_32ns_32_3_full_dsp_1_U816/fsa_stream_split_d_fsub_32ns_32ns_32_3_full_dsp_1_ip_u/inst/i_synth/ADDSUB_OP.ADDSUB/DSP.OP/DSP48E1_BODY.ALIGN_ADD/DSP2/i_no_versal_es1_workaround.DSP output grp_run_fu_161/grp_runController_fu_106/grp_runQueryTile_fu_142/runQueryBlock_1_U0/grp_runQueryBlock_1_Outline_VITIS_LOOP_117_5_fu_172/fsub_32ns_32ns_32_3_full_dsp_1_U816/fsa_stream_split_d_fsub_32ns_32ns_32_3_full_dsp_1_ip_u/inst/i_synth/ADDSUB_OP.ADDSUB/DSP.OP/DSP48E1_BODY.ALIGN_ADD/DSP2/i_no_versal_es1_workaround.DSP/P[47:0] is not pipelined (PREG=0). Pipelining the DSP48 output will improve performance and often saves power so it is suggested whenever possible to fully pipeline this function.  If this DSP48 function was inferred, it is suggested to describe an additional register stage after this function.  If the DSP48 was instantiated in the design, it is suggested to set the PREG attribute to 1.
Related violations: <none>

DPOP-3#20 Warning
PREG Output pipelining  
DSP grp_run_fu_161/grp_runController_fu_106/grp_runQueryTile_fu_142/runQueryBlock_1_U0/grp_runQueryBlock_1_Outline_VITIS_LOOP_117_5_fu_172/fsub_32ns_32ns_32_3_full_dsp_1_U816/fsa_stream_split_d_fsub_32ns_32ns_32_3_full_dsp_1_ip_u/inst/i_synth/ADDSUB_OP.ADDSUB/DSP.OP/DSP48E1_BODY.NORM_RND/FULL_USAGE_DSP.SHIFT_RND/i_no_versal_es1_workaround.DSP output grp_run_fu_161/grp_runController_fu_106/grp_runQueryTile_fu_142/runQueryBlock_1_U0/grp_runQueryBlock_1_Outline_VITIS_LOOP_117_5_fu_172/fsub_32ns_32ns_32_3_full_dsp_1_U816/fsa_stream_split_d_fsub_32ns_32ns_32_3_full_dsp_1_ip_u/inst/i_synth/ADDSUB_OP.ADDSUB/DSP.OP/DSP48E1_BODY.NORM_RND/FULL_USAGE_DSP.SHIFT_RND/i_no_versal_es1_workaround.DSP/P[47:0] is not pipelined (PREG=0). Pipelining the DSP48 output will improve performance and often saves power so it is suggested whenever possible to fully pipeline this function.  If this DSP48 function was inferred, it is suggested to describe an additional register stage after this function.  If the DSP48 was instantiated in the design, it is suggested to set the PREG attribute to 1.
Related violations: <none>

DPOP-3#21 Warning
PREG Output pipelining  
DSP grp_run_fu_161/grp_runController_fu_106/grp_runQueryTile_fu_142/runQueryBlock_1_U0/grp_runQueryBlock_1_Outline_VITIS_LOOP_117_5_fu_172/fsub_32ns_32ns_32_3_full_dsp_1_U817/fsa_stream_split_d_fsub_32ns_32ns_32_3_full_dsp_1_ip_u/inst/i_synth/ADDSUB_OP.ADDSUB/DSP.OP/DSP48E1_BODY.ALIGN_ADD/DSP2/i_no_versal_es1_workaround.DSP output grp_run_fu_161/grp_runController_fu_106/grp_runQueryTile_fu_142/runQueryBlock_1_U0/grp_runQueryBlock_1_Outline_VITIS_LOOP_117_5_fu_172/fsub_32ns_32ns_32_3_full_dsp_1_U817/fsa_stream_split_d_fsub_32ns_32ns_32_3_full_dsp_1_ip_u/inst/i_synth/ADDSUB_OP.ADDSUB/DSP.OP/DSP48E1_BODY.ALIGN_ADD/DSP2/i_no_versal_es1_workaround.DSP/PATTERNDETECT is not pipelined (PREG=0). Pipelining the DSP48 output will improve performance and often saves power so it is suggested whenever possible to fully pipeline this function.  If this DSP48 function was inferred, it is suggested to describe an additional register stage after this function.  If the DSP48 was instantiated in the design, it is suggested to set the PREG attribute to 1.
Related violations: <none>

DPOP-3#22 Warning
PREG Output pipelining  
DSP grp_run_fu_161/grp_runController_fu_106/grp_runQueryTile_fu_142/runQueryBlock_1_U0/grp_runQueryBlock_1_Outline_VITIS_LOOP_117_5_fu_172/fsub_32ns_32ns_32_3_full_dsp_1_U817/fsa_stream_split_d_fsub_32ns_32ns_32_3_full_dsp_1_ip_u/inst/i_synth/ADDSUB_OP.ADDSUB/DSP.OP/DSP48E1_BODY.ALIGN_ADD/DSP2/i_no_versal_es1_workaround.DSP output grp_run_fu_161/grp_runController_fu_106/grp_runQueryTile_fu_142/runQueryBlock_1_U0/grp_runQueryBlock_1_Outline_VITIS_LOOP_117_5_fu_172/fsub_32ns_32ns_32_3_full_dsp_1_U817/fsa_stream_split_d_fsub_32ns_32ns_32_3_full_dsp_1_ip_u/inst/i_synth/ADDSUB_OP.ADDSUB/DSP.OP/DSP48E1_BODY.ALIGN_ADD/DSP2/i_no_versal_es1_workaround.DSP/P[47:0] is not pipelined (PREG=0). Pipelining the DSP48 output will improve performance and often saves power so it is suggested whenever possible to fully pipeline this function.  If this DSP48 function was inferred, it is suggested to describe an additional register stage after this function.  If the DSP48 was instantiated in the design, it is suggested to set the PREG attribute to 1.
Related violations: <none>

DPOP-3#23 Warning
PREG Output pipelining  
DSP grp_run_fu_161/grp_runController_fu_106/grp_runQueryTile_fu_142/runQueryBlock_1_U0/grp_runQueryBlock_1_Outline_VITIS_LOOP_117_5_fu_172/fsub_32ns_32ns_32_3_full_dsp_1_U817/fsa_stream_split_d_fsub_32ns_32ns_32_3_full_dsp_1_ip_u/inst/i_synth/ADDSUB_OP.ADDSUB/DSP.OP/DSP48E1_BODY.NORM_RND/FULL_USAGE_DSP.SHIFT_RND/i_no_versal_es1_workaround.DSP output grp_run_fu_161/grp_runController_fu_106/grp_runQueryTile_fu_142/runQueryBlock_1_U0/grp_runQueryBlock_1_Outline_VITIS_LOOP_117_5_fu_172/fsub_32ns_32ns_32_3_full_dsp_1_U817/fsa_stream_split_d_fsub_32ns_32ns_32_3_full_dsp_1_ip_u/inst/i_synth/ADDSUB_OP.ADDSUB/DSP.OP/DSP48E1_BODY.NORM_RND/FULL_USAGE_DSP.SHIFT_RND/i_no_versal_es1_workaround.DSP/P[47:0] is not pipelined (PREG=0). Pipelining the DSP48 output will improve performance and often saves power so it is suggested whenever possible to fully pipeline this function.  If this DSP48 function was inferred, it is suggested to describe an additional register stage after this function.  If the DSP48 was instantiated in the design, it is suggested to set the PREG attribute to 1.
Related violations: <none>

DPOP-3#24 Warning
PREG Output pipelining  
DSP grp_run_fu_161/grp_runController_fu_106/grp_runQueryTile_fu_142/runQueryBlock_1_U0/grp_runQueryBlock_1_Outline_VITIS_LOOP_117_5_fu_172/fsub_32ns_32ns_32_3_full_dsp_1_U818/fsa_stream_split_d_fsub_32ns_32ns_32_3_full_dsp_1_ip_u/inst/i_synth/ADDSUB_OP.ADDSUB/DSP.OP/DSP48E1_BODY.ALIGN_ADD/DSP2/i_no_versal_es1_workaround.DSP output grp_run_fu_161/grp_runController_fu_106/grp_runQueryTile_fu_142/runQueryBlock_1_U0/grp_runQueryBlock_1_Outline_VITIS_LOOP_117_5_fu_172/fsub_32ns_32ns_32_3_full_dsp_1_U818/fsa_stream_split_d_fsub_32ns_32ns_32_3_full_dsp_1_ip_u/inst/i_synth/ADDSUB_OP.ADDSUB/DSP.OP/DSP48E1_BODY.ALIGN_ADD/DSP2/i_no_versal_es1_workaround.DSP/PATTERNDETECT is not pipelined (PREG=0). Pipelining the DSP48 output will improve performance and often saves power so it is suggested whenever possible to fully pipeline this function.  If this DSP48 function was inferred, it is suggested to describe an additional register stage after this function.  If the DSP48 was instantiated in the design, it is suggested to set the PREG attribute to 1.
Related violations: <none>

DPOP-3#25 Warning
PREG Output pipelining  
DSP grp_run_fu_161/grp_runController_fu_106/grp_runQueryTile_fu_142/runQueryBlock_1_U0/grp_runQueryBlock_1_Outline_VITIS_LOOP_117_5_fu_172/fsub_32ns_32ns_32_3_full_dsp_1_U818/fsa_stream_split_d_fsub_32ns_32ns_32_3_full_dsp_1_ip_u/inst/i_synth/ADDSUB_OP.ADDSUB/DSP.OP/DSP48E1_BODY.ALIGN_ADD/DSP2/i_no_versal_es1_workaround.DSP output grp_run_fu_161/grp_runController_fu_106/grp_runQueryTile_fu_142/runQueryBlock_1_U0/grp_runQueryBlock_1_Outline_VITIS_LOOP_117_5_fu_172/fsub_32ns_32ns_32_3_full_dsp_1_U818/fsa_stream_split_d_fsub_32ns_32ns_32_3_full_dsp_1_ip_u/inst/i_synth/ADDSUB_OP.ADDSUB/DSP.OP/DSP48E1_BODY.ALIGN_ADD/DSP2/i_no_versal_es1_workaround.DSP/P[47:0] is not pipelined (PREG=0). Pipelining the DSP48 output will improve performance and often saves power so it is suggested whenever possible to fully pipeline this function.  If this DSP48 function was inferred, it is suggested to describe an additional register stage after this function.  If the DSP48 was instantiated in the design, it is suggested to set the PREG attribute to 1.
Related violations: <none>

DPOP-3#26 Warning
PREG Output pipelining  
DSP grp_run_fu_161/grp_runController_fu_106/grp_runQueryTile_fu_142/runQueryBlock_1_U0/grp_runQueryBlock_1_Outline_VITIS_LOOP_117_5_fu_172/fsub_32ns_32ns_32_3_full_dsp_1_U818/fsa_stream_split_d_fsub_32ns_32ns_32_3_full_dsp_1_ip_u/inst/i_synth/ADDSUB_OP.ADDSUB/DSP.OP/DSP48E1_BODY.NORM_RND/FULL_USAGE_DSP.SHIFT_RND/i_no_versal_es1_workaround.DSP output grp_run_fu_161/grp_runController_fu_106/grp_runQueryTile_fu_142/runQueryBlock_1_U0/grp_runQueryBlock_1_Outline_VITIS_LOOP_117_5_fu_172/fsub_32ns_32ns_32_3_full_dsp_1_U818/fsa_stream_split_d_fsub_32ns_32ns_32_3_full_dsp_1_ip_u/inst/i_synth/ADDSUB_OP.ADDSUB/DSP.OP/DSP48E1_BODY.NORM_RND/FULL_USAGE_DSP.SHIFT_RND/i_no_versal_es1_workaround.DSP/P[47:0] is not pipelined (PREG=0). Pipelining the DSP48 output will improve performance and often saves power so it is suggested whenever possible to fully pipeline this function.  If this DSP48 function was inferred, it is suggested to describe an additional register stage after this function.  If the DSP48 was instantiated in the design, it is suggested to set the PREG attribute to 1.
Related violations: <none>

DPOP-3#27 Warning
PREG Output pipelining  
DSP grp_run_fu_161/grp_runController_fu_106/grp_runQueryTile_fu_142/runQueryBlock_1_U0/grp_runQueryBlock_1_Outline_VITIS_LOOP_117_5_fu_172/fsub_32ns_32ns_32_3_full_dsp_1_U819/fsa_stream_split_d_fsub_32ns_32ns_32_3_full_dsp_1_ip_u/inst/i_synth/ADDSUB_OP.ADDSUB/DSP.OP/DSP48E1_BODY.ALIGN_ADD/DSP2/i_no_versal_es1_workaround.DSP output grp_run_fu_161/grp_runController_fu_106/grp_runQueryTile_fu_142/runQueryBlock_1_U0/grp_runQueryBlock_1_Outline_VITIS_LOOP_117_5_fu_172/fsub_32ns_32ns_32_3_full_dsp_1_U819/fsa_stream_split_d_fsub_32ns_32ns_32_3_full_dsp_1_ip_u/inst/i_synth/ADDSUB_OP.ADDSUB/DSP.OP/DSP48E1_BODY.ALIGN_ADD/DSP2/i_no_versal_es1_workaround.DSP/PATTERNDETECT is not pipelined (PREG=0). Pipelining the DSP48 output will improve performance and often saves power so it is suggested whenever possible to fully pipeline this function.  If this DSP48 function was inferred, it is suggested to describe an additional register stage after this function.  If the DSP48 was instantiated in the design, it is suggested to set the PREG attribute to 1.
Related violations: <none>

DPOP-3#28 Warning
PREG Output pipelining  
DSP grp_run_fu_161/grp_runController_fu_106/grp_runQueryTile_fu_142/runQueryBlock_1_U0/grp_runQueryBlock_1_Outline_VITIS_LOOP_117_5_fu_172/fsub_32ns_32ns_32_3_full_dsp_1_U819/fsa_stream_split_d_fsub_32ns_32ns_32_3_full_dsp_1_ip_u/inst/i_synth/ADDSUB_OP.ADDSUB/DSP.OP/DSP48E1_BODY.ALIGN_ADD/DSP2/i_no_versal_es1_workaround.DSP output grp_run_fu_161/grp_runController_fu_106/grp_runQueryTile_fu_142/runQueryBlock_1_U0/grp_runQueryBlock_1_Outline_VITIS_LOOP_117_5_fu_172/fsub_32ns_32ns_32_3_full_dsp_1_U819/fsa_stream_split_d_fsub_32ns_32ns_32_3_full_dsp_1_ip_u/inst/i_synth/ADDSUB_OP.ADDSUB/DSP.OP/DSP48E1_BODY.ALIGN_ADD/DSP2/i_no_versal_es1_workaround.DSP/P[47:0] is not pipelined (PREG=0). Pipelining the DSP48 output will improve performance and often saves power so it is suggested whenever possible to fully pipeline this function.  If this DSP48 function was inferred, it is suggested to describe an additional register stage after this function.  If the DSP48 was instantiated in the design, it is suggested to set the PREG attribute to 1.
Related violations: <none>

DPOP-3#29 Warning
PREG Output pipelining  
DSP grp_run_fu_161/grp_runController_fu_106/grp_runQueryTile_fu_142/runQueryBlock_1_U0/grp_runQueryBlock_1_Outline_VITIS_LOOP_117_5_fu_172/fsub_32ns_32ns_32_3_full_dsp_1_U819/fsa_stream_split_d_fsub_32ns_32ns_32_3_full_dsp_1_ip_u/inst/i_synth/ADDSUB_OP.ADDSUB/DSP.OP/DSP48E1_BODY.NORM_RND/FULL_USAGE_DSP.SHIFT_RND/i_no_versal_es1_workaround.DSP output grp_run_fu_161/grp_runController_fu_106/grp_runQueryTile_fu_142/runQueryBlock_1_U0/grp_runQueryBlock_1_Outline_VITIS_LOOP_117_5_fu_172/fsub_32ns_32ns_32_3_full_dsp_1_U819/fsa_stream_split_d_fsub_32ns_32ns_32_3_full_dsp_1_ip_u/inst/i_synth/ADDSUB_OP.ADDSUB/DSP.OP/DSP48E1_BODY.NORM_RND/FULL_USAGE_DSP.SHIFT_RND/i_no_versal_es1_workaround.DSP/P[47:0] is not pipelined (PREG=0). Pipelining the DSP48 output will improve performance and often saves power so it is suggested whenever possible to fully pipeline this function.  If this DSP48 function was inferred, it is suggested to describe an additional register stage after this function.  If the DSP48 was instantiated in the design, it is suggested to set the PREG attribute to 1.
Related violations: <none>

DPOP-3#30 Warning
PREG Output pipelining  
DSP grp_run_fu_161/grp_runController_fu_106/grp_runQueryTile_fu_142/runQueryBlock_1_U0/grp_runQueryBlock_1_Outline_VITIS_LOOP_117_5_fu_172/grp_runPeArray_fu_718/mul_11ns_11ns_22_2_1_U91/buff0_reg output grp_run_fu_161/grp_runController_fu_106/grp_runQueryTile_fu_142/runQueryBlock_1_U0/grp_runQueryBlock_1_Outline_VITIS_LOOP_117_5_fu_172/grp_runPeArray_fu_718/mul_11ns_11ns_22_2_1_U91/buff0_reg/P[47:0] is not pipelined (PREG=0). Pipelining the DSP48 output will improve performance and often saves power so it is suggested whenever possible to fully pipeline this function.  If this DSP48 function was inferred, it is suggested to describe an additional register stage after this function.  If the DSP48 was instantiated in the design, it is suggested to set the PREG attribute to 1.
Related violations: <none>

DPOP-3#31 Warning
PREG Output pipelining  
DSP grp_run_fu_161/grp_runController_fu_106/grp_runQueryTile_fu_142/runQueryBlock_1_U0/grp_runQueryBlock_1_Outline_VITIS_LOOP_117_5_fu_172/grp_runPeArray_fu_718/mul_11ns_11ns_22_2_1_U97/buff0_reg output grp_run_fu_161/grp_runController_fu_106/grp_runQueryTile_fu_142/runQueryBlock_1_U0/grp_runQueryBlock_1_Outline_VITIS_LOOP_117_5_fu_172/grp_runPeArray_fu_718/mul_11ns_11ns_22_2_1_U97/buff0_reg/P[47:0] is not pipelined (PREG=0). Pipelining the DSP48 output will improve performance and often saves power so it is suggested whenever possible to fully pipeline this function.  If this DSP48 function was inferred, it is suggested to describe an additional register stage after this function.  If the DSP48 was instantiated in the design, it is suggested to set the PREG attribute to 1.
Related violations: <none>

DPOP-4#1 Warning
MREG Output pipelining  
DSP grp_run_fu_161/grp_runController_fu_106/grp_runQueryTile_fu_142/runQueryBlock_0_U0/grp_runAccumulatorColumns_fu_512/mul_24ns_24ns_48_3_1_U291/buff0_reg multiplier stage grp_run_fu_161/grp_runController_fu_106/grp_runQueryTile_fu_142/runQueryBlock_0_U0/grp_runAccumulatorColumns_fu_512/mul_24ns_24ns_48_3_1_U291/buff0_reg/P[47:0] is not pipelined (MREG=0). Pipelining the multiplier function will improve performance and will save significant power so it is suggested whenever possible to fully pipeline this function.  If this multiplier was inferred, it is suggested to describe an additional register stage after this function.  If there is no registered adder/accumulator following the multiply function, two pipeline stages are suggested to allow both the MREG and PREG registers to be used.  If the DSP48 was instantiated in the design, it is suggested to set both the MREG and PREG attributes to 1 when performing multiply functions.
Related violations: <none>

DPOP-4#2 Warning
MREG Output pipelining  
DSP grp_run_fu_161/grp_runController_fu_106/grp_runQueryTile_fu_142/runQueryBlock_0_U0/grp_runAccumulatorColumns_fu_512/mul_24ns_24ns_48_3_1_U291/tmp_product multiplier stage grp_run_fu_161/grp_runController_fu_106/grp_runQueryTile_fu_142/runQueryBlock_0_U0/grp_runAccumulatorColumns_fu_512/mul_24ns_24ns_48_3_1_U291/tmp_product/P[47:0] is not pipelined (MREG=0). Pipelining the multiplier function will improve performance and will save significant power so it is suggested whenever possible to fully pipeline this function.  If this multiplier was inferred, it is suggested to describe an additional register stage after this function.  If there is no registered adder/accumulator following the multiply function, two pipeline stages are suggested to allow both the MREG and PREG registers to be used.  If the DSP48 was instantiated in the design, it is suggested to set both the MREG and PREG attributes to 1 when performing multiply functions.
Related violations: <none>

DPOP-4#3 Warning
MREG Output pipelining  
DSP grp_run_fu_161/grp_runController_fu_106/grp_runQueryTile_fu_142/runQueryBlock_0_U0/grp_runAccumulatorColumns_fu_512/mul_24ns_24ns_48_3_1_U292/buff0_reg multiplier stage grp_run_fu_161/grp_runController_fu_106/grp_runQueryTile_fu_142/runQueryBlock_0_U0/grp_runAccumulatorColumns_fu_512/mul_24ns_24ns_48_3_1_U292/buff0_reg/P[47:0] is not pipelined (MREG=0). Pipelining the multiplier function will improve performance and will save significant power so it is suggested whenever possible to fully pipeline this function.  If this multiplier was inferred, it is suggested to describe an additional register stage after this function.  If there is no registered adder/accumulator following the multiply function, two pipeline stages are suggested to allow both the MREG and PREG registers to be used.  If the DSP48 was instantiated in the design, it is suggested to set both the MREG and PREG attributes to 1 when performing multiply functions.
Related violations: <none>

DPOP-4#4 Warning
MREG Output pipelining  
DSP grp_run_fu_161/grp_runController_fu_106/grp_runQueryTile_fu_142/runQueryBlock_0_U0/grp_runAccumulatorColumns_fu_512/mul_24ns_24ns_48_3_1_U292/tmp_product multiplier stage grp_run_fu_161/grp_runController_fu_106/grp_runQueryTile_fu_142/runQueryBlock_0_U0/grp_runAccumulatorColumns_fu_512/mul_24ns_24ns_48_3_1_U292/tmp_product/P[47:0] is not pipelined (MREG=0). Pipelining the multiplier function will improve performance and will save significant power so it is suggested whenever possible to fully pipeline this function.  If this multiplier was inferred, it is suggested to describe an additional register stage after this function.  If there is no registered adder/accumulator following the multiply function, two pipeline stages are suggested to allow both the MREG and PREG registers to be used.  If the DSP48 was instantiated in the design, it is suggested to set both the MREG and PREG attributes to 1 when performing multiply functions.
Related violations: <none>

DPOP-4#5 Warning
MREG Output pipelining  
DSP grp_run_fu_161/grp_runController_fu_106/grp_runQueryTile_fu_142/runQueryBlock_0_U0/grp_runQueryBlock_0_Outline_VITIS_LOOP_117_5_fu_168/fsub_32ns_32ns_32_3_full_dsp_1_U476/fsa_stream_split_d_fsub_32ns_32ns_32_3_full_dsp_1_ip_u/inst/i_synth/ADDSUB_OP.ADDSUB/DSP.OP/DSP48E1_BODY.NORM_RND/FULL_USAGE_DSP.SHIFT_RND/i_no_versal_es1_workaround.DSP multiplier stage grp_run_fu_161/grp_runController_fu_106/grp_runQueryTile_fu_142/runQueryBlock_0_U0/grp_runQueryBlock_0_Outline_VITIS_LOOP_117_5_fu_168/fsub_32ns_32ns_32_3_full_dsp_1_U476/fsa_stream_split_d_fsub_32ns_32ns_32_3_full_dsp_1_ip_u/inst/i_synth/ADDSUB_OP.ADDSUB/DSP.OP/DSP48E1_BODY.NORM_RND/FULL_USAGE_DSP.SHIFT_RND/i_no_versal_es1_workaround.DSP/P[47:0] is not pipelined (MREG=0). Pipelining the multiplier function will improve performance and will save significant power so it is suggested whenever possible to fully pipeline this function.  If this multiplier was inferred, it is suggested to describe an additional register stage after this function.  If there is no registered adder/accumulator following the multiply function, two pipeline stages are suggested to allow both the MREG and PREG registers to be used.  If the DSP48 was instantiated in the design, it is suggested to set both the MREG and PREG attributes to 1 when performing multiply functions.
Related violations: <none>

DPOP-4#6 Warning
MREG Output pipelining  
DSP grp_run_fu_161/grp_runController_fu_106/grp_runQueryTile_fu_142/runQueryBlock_0_U0/grp_runQueryBlock_0_Outline_VITIS_LOOP_117_5_fu_168/fsub_32ns_32ns_32_3_full_dsp_1_U477/fsa_stream_split_d_fsub_32ns_32ns_32_3_full_dsp_1_ip_u/inst/i_synth/ADDSUB_OP.ADDSUB/DSP.OP/DSP48E1_BODY.NORM_RND/FULL_USAGE_DSP.SHIFT_RND/i_no_versal_es1_workaround.DSP multiplier stage grp_run_fu_161/grp_runController_fu_106/grp_runQueryTile_fu_142/runQueryBlock_0_U0/grp_runQueryBlock_0_Outline_VITIS_LOOP_117_5_fu_168/fsub_32ns_32ns_32_3_full_dsp_1_U477/fsa_stream_split_d_fsub_32ns_32ns_32_3_full_dsp_1_ip_u/inst/i_synth/ADDSUB_OP.ADDSUB/DSP.OP/DSP48E1_BODY.NORM_RND/FULL_USAGE_DSP.SHIFT_RND/i_no_versal_es1_workaround.DSP/P[47:0] is not pipelined (MREG=0). Pipelining the multiplier function will improve performance and will save significant power so it is suggested whenever possible to fully pipeline this function.  If this multiplier was inferred, it is suggested to describe an additional register stage after this function.  If there is no registered adder/accumulator following the multiply function, two pipeline stages are suggested to allow both the MREG and PREG registers to be used.  If the DSP48 was instantiated in the design, it is suggested to set both the MREG and PREG attributes to 1 when performing multiply functions.
Related violations: <none>

DPOP-4#7 Warning
MREG Output pipelining  
DSP grp_run_fu_161/grp_runController_fu_106/grp_runQueryTile_fu_142/runQueryBlock_0_U0/grp_runQueryBlock_0_Outline_VITIS_LOOP_117_5_fu_168/fsub_32ns_32ns_32_3_full_dsp_1_U478/fsa_stream_split_d_fsub_32ns_32ns_32_3_full_dsp_1_ip_u/inst/i_synth/ADDSUB_OP.ADDSUB/DSP.OP/DSP48E1_BODY.NORM_RND/FULL_USAGE_DSP.SHIFT_RND/i_no_versal_es1_workaround.DSP multiplier stage grp_run_fu_161/grp_runController_fu_106/grp_runQueryTile_fu_142/runQueryBlock_0_U0/grp_runQueryBlock_0_Outline_VITIS_LOOP_117_5_fu_168/fsub_32ns_32ns_32_3_full_dsp_1_U478/fsa_stream_split_d_fsub_32ns_32ns_32_3_full_dsp_1_ip_u/inst/i_synth/ADDSUB_OP.ADDSUB/DSP.OP/DSP48E1_BODY.NORM_RND/FULL_USAGE_DSP.SHIFT_RND/i_no_versal_es1_workaround.DSP/P[47:0] is not pipelined (MREG=0). Pipelining the multiplier function will improve performance and will save significant power so it is suggested whenever possible to fully pipeline this function.  If this multiplier was inferred, it is suggested to describe an additional register stage after this function.  If there is no registered adder/accumulator following the multiply function, two pipeline stages are suggested to allow both the MREG and PREG registers to be used.  If the DSP48 was instantiated in the design, it is suggested to set both the MREG and PREG attributes to 1 when performing multiply functions.
Related violations: <none>

DPOP-4#8 Warning
MREG Output pipelining  
DSP grp_run_fu_161/grp_runController_fu_106/grp_runQueryTile_fu_142/runQueryBlock_0_U0/grp_runQueryBlock_0_Outline_VITIS_LOOP_117_5_fu_168/fsub_32ns_32ns_32_3_full_dsp_1_U479/fsa_stream_split_d_fsub_32ns_32ns_32_3_full_dsp_1_ip_u/inst/i_synth/ADDSUB_OP.ADDSUB/DSP.OP/DSP48E1_BODY.NORM_RND/FULL_USAGE_DSP.SHIFT_RND/i_no_versal_es1_workaround.DSP multiplier stage grp_run_fu_161/grp_runController_fu_106/grp_runQueryTile_fu_142/runQueryBlock_0_U0/grp_runQueryBlock_0_Outline_VITIS_LOOP_117_5_fu_168/fsub_32ns_32ns_32_3_full_dsp_1_U479/fsa_stream_split_d_fsub_32ns_32ns_32_3_full_dsp_1_ip_u/inst/i_synth/ADDSUB_OP.ADDSUB/DSP.OP/DSP48E1_BODY.NORM_RND/FULL_USAGE_DSP.SHIFT_RND/i_no_versal_es1_workaround.DSP/P[47:0] is not pipelined (MREG=0). Pipelining the multiplier function will improve performance and will save significant power so it is suggested whenever possible to fully pipeline this function.  If this multiplier was inferred, it is suggested to describe an additional register stage after this function.  If there is no registered adder/accumulator following the multiply function, two pipeline stages are suggested to allow both the MREG and PREG registers to be used.  If the DSP48 was instantiated in the design, it is suggested to set both the MREG and PREG attributes to 1 when performing multiply functions.
Related violations: <none>

DPOP-4#9 Warning
MREG Output pipelining  
DSP grp_run_fu_161/grp_runController_fu_106/grp_runQueryTile_fu_142/runQueryBlock_0_U0/grp_runQueryBlock_0_Outline_VITIS_LOOP_117_5_fu_168/grp_runPeArray_fu_718/mul_11ns_11ns_22_2_1_U103/buff0_reg multiplier stage grp_run_fu_161/grp_runController_fu_106/grp_runQueryTile_fu_142/runQueryBlock_0_U0/grp_runQueryBlock_0_Outline_VITIS_LOOP_117_5_fu_168/grp_runPeArray_fu_718/mul_11ns_11ns_22_2_1_U103/buff0_reg/P[47:0] is not pipelined (MREG=0). Pipelining the multiplier function will improve performance and will save significant power so it is suggested whenever possible to fully pipeline this function.  If this multiplier was inferred, it is suggested to describe an additional register stage after this function.  If there is no registered adder/accumulator following the multiply function, two pipeline stages are suggested to allow both the MREG and PREG registers to be used.  If the DSP48 was instantiated in the design, it is suggested to set both the MREG and PREG attributes to 1 when performing multiply functions.
Related violations: <none>

DPOP-4#10 Warning
MREG Output pipelining  
DSP grp_run_fu_161/grp_runController_fu_106/grp_runQueryTile_fu_142/runQueryBlock_0_U0/grp_runQueryBlock_0_Outline_VITIS_LOOP_117_5_fu_168/grp_runPeArray_fu_718/mul_11ns_11ns_22_2_1_U109/buff0_reg multiplier stage grp_run_fu_161/grp_runController_fu_106/grp_runQueryTile_fu_142/runQueryBlock_0_U0/grp_runQueryBlock_0_Outline_VITIS_LOOP_117_5_fu_168/grp_runPeArray_fu_718/mul_11ns_11ns_22_2_1_U109/buff0_reg/P[47:0] is not pipelined (MREG=0). Pipelining the multiplier function will improve performance and will save significant power so it is suggested whenever possible to fully pipeline this function.  If this multiplier was inferred, it is suggested to describe an additional register stage after this function.  If there is no registered adder/accumulator following the multiply function, two pipeline stages are suggested to allow both the MREG and PREG registers to be used.  If the DSP48 was instantiated in the design, it is suggested to set both the MREG and PREG attributes to 1 when performing multiply functions.
Related violations: <none>

DPOP-4#11 Warning
MREG Output pipelining  
DSP grp_run_fu_161/grp_runController_fu_106/grp_runQueryTile_fu_142/runQueryBlock_0_U0/grp_runQueryBlock_0_Outline_VITIS_LOOP_117_5_fu_168/grp_runPeArray_fu_718/mul_11ns_11ns_22_2_1_U115/buff0_reg multiplier stage grp_run_fu_161/grp_runController_fu_106/grp_runQueryTile_fu_142/runQueryBlock_0_U0/grp_runQueryBlock_0_Outline_VITIS_LOOP_117_5_fu_168/grp_runPeArray_fu_718/mul_11ns_11ns_22_2_1_U115/buff0_reg/P[47:0] is not pipelined (MREG=0). Pipelining the multiplier function will improve performance and will save significant power so it is suggested whenever possible to fully pipeline this function.  If this multiplier was inferred, it is suggested to describe an additional register stage after this function.  If there is no registered adder/accumulator following the multiply function, two pipeline stages are suggested to allow both the MREG and PREG registers to be used.  If the DSP48 was instantiated in the design, it is suggested to set both the MREG and PREG attributes to 1 when performing multiply functions.
Related violations: <none>

DPOP-4#12 Warning
MREG Output pipelining  
DSP grp_run_fu_161/grp_runController_fu_106/grp_runQueryTile_fu_142/runQueryBlock_0_U0/grp_runQueryBlock_0_Outline_VITIS_LOOP_117_5_fu_168/grp_runPeArray_fu_718/mul_11ns_11ns_22_2_1_U121/buff0_reg multiplier stage grp_run_fu_161/grp_runController_fu_106/grp_runQueryTile_fu_142/runQueryBlock_0_U0/grp_runQueryBlock_0_Outline_VITIS_LOOP_117_5_fu_168/grp_runPeArray_fu_718/mul_11ns_11ns_22_2_1_U121/buff0_reg/P[47:0] is not pipelined (MREG=0). Pipelining the multiplier function will improve performance and will save significant power so it is suggested whenever possible to fully pipeline this function.  If this multiplier was inferred, it is suggested to describe an additional register stage after this function.  If there is no registered adder/accumulator following the multiply function, two pipeline stages are suggested to allow both the MREG and PREG registers to be used.  If the DSP48 was instantiated in the design, it is suggested to set both the MREG and PREG attributes to 1 when performing multiply functions.
Related violations: <none>

DPOP-4#13 Warning
MREG Output pipelining  
DSP grp_run_fu_161/grp_runController_fu_106/grp_runQueryTile_fu_142/runQueryBlock_0_U0/grp_runQueryBlock_0_Outline_VITIS_LOOP_117_5_fu_168/grp_runPeArray_fu_718/mul_11ns_11ns_22_2_1_U127/buff0_reg multiplier stage grp_run_fu_161/grp_runController_fu_106/grp_runQueryTile_fu_142/runQueryBlock_0_U0/grp_runQueryBlock_0_Outline_VITIS_LOOP_117_5_fu_168/grp_runPeArray_fu_718/mul_11ns_11ns_22_2_1_U127/buff0_reg/P[47:0] is not pipelined (MREG=0). Pipelining the multiplier function will improve performance and will save significant power so it is suggested whenever possible to fully pipeline this function.  If this multiplier was inferred, it is suggested to describe an additional register stage after this function.  If there is no registered adder/accumulator following the multiply function, two pipeline stages are suggested to allow both the MREG and PREG registers to be used.  If the DSP48 was instantiated in the design, it is suggested to set both the MREG and PREG attributes to 1 when performing multiply functions.
Related violations: <none>

DPOP-4#14 Warning
MREG Output pipelining  
DSP grp_run_fu_161/grp_runController_fu_106/grp_runQueryTile_fu_142/runQueryBlock_0_U0/grp_runQueryBlock_0_Outline_VITIS_LOOP_117_5_fu_168/grp_runPeArray_fu_718/mul_11ns_11ns_22_2_1_U85/buff0_reg multiplier stage grp_run_fu_161/grp_runController_fu_106/grp_runQueryTile_fu_142/runQueryBlock_0_U0/grp_runQueryBlock_0_Outline_VITIS_LOOP_117_5_fu_168/grp_runPeArray_fu_718/mul_11ns_11ns_22_2_1_U85/buff0_reg/P[47:0] is not pipelined (MREG=0). Pipelining the multiplier function will improve performance and will save significant power so it is suggested whenever possible to fully pipeline this function.  If this multiplier was inferred, it is suggested to describe an additional register stage after this function.  If there is no registered adder/accumulator following the multiply function, two pipeline stages are suggested to allow both the MREG and PREG registers to be used.  If the DSP48 was instantiated in the design, it is suggested to set both the MREG and PREG attributes to 1 when performing multiply functions.
Related violations: <none>

DPOP-4#15 Warning
MREG Output pipelining  
DSP grp_run_fu_161/grp_runController_fu_106/grp_runQueryTile_fu_142/runQueryBlock_0_U0/grp_runQueryBlock_0_Outline_VITIS_LOOP_117_5_fu_168/grp_runPeArray_fu_718/mul_11ns_11ns_22_2_1_U91/buff0_reg multiplier stage grp_run_fu_161/grp_runController_fu_106/grp_runQueryTile_fu_142/runQueryBlock_0_U0/grp_runQueryBlock_0_Outline_VITIS_LOOP_117_5_fu_168/grp_runPeArray_fu_718/mul_11ns_11ns_22_2_1_U91/buff0_reg/P[47:0] is not pipelined (MREG=0). Pipelining the multiplier function will improve performance and will save significant power so it is suggested whenever possible to fully pipeline this function.  If this multiplier was inferred, it is suggested to describe an additional register stage after this function.  If there is no registered adder/accumulator following the multiply function, two pipeline stages are suggested to allow both the MREG and PREG registers to be used.  If the DSP48 was instantiated in the design, it is suggested to set both the MREG and PREG attributes to 1 when performing multiply functions.
Related violations: <none>

DPOP-4#16 Warning
MREG Output pipelining  
DSP grp_run_fu_161/grp_runController_fu_106/grp_runQueryTile_fu_142/runQueryBlock_0_U0/grp_runQueryBlock_0_Outline_VITIS_LOOP_117_5_fu_168/grp_runPeArray_fu_718/mul_11ns_11ns_22_2_1_U97/buff0_reg multiplier stage grp_run_fu_161/grp_runController_fu_106/grp_runQueryTile_fu_142/runQueryBlock_0_U0/grp_runQueryBlock_0_Outline_VITIS_LOOP_117_5_fu_168/grp_runPeArray_fu_718/mul_11ns_11ns_22_2_1_U97/buff0_reg/P[47:0] is not pipelined (MREG=0). Pipelining the multiplier function will improve performance and will save significant power so it is suggested whenever possible to fully pipeline this function.  If this multiplier was inferred, it is suggested to describe an additional register stage after this function.  If there is no registered adder/accumulator following the multiply function, two pipeline stages are suggested to allow both the MREG and PREG registers to be used.  If the DSP48 was instantiated in the design, it is suggested to set both the MREG and PREG attributes to 1 when performing multiply functions.
Related violations: <none>

DPOP-4#17 Warning
MREG Output pipelining  
DSP grp_run_fu_161/grp_runController_fu_106/grp_runQueryTile_fu_142/runQueryBlock_1_U0/grp_runAccumulatorColumns_fu_551/mul_24ns_24ns_48_3_1_U291/buff0_reg multiplier stage grp_run_fu_161/grp_runController_fu_106/grp_runQueryTile_fu_142/runQueryBlock_1_U0/grp_runAccumulatorColumns_fu_551/mul_24ns_24ns_48_3_1_U291/buff0_reg/P[47:0] is not pipelined (MREG=0). Pipelining the multiplier function will improve performance and will save significant power so it is suggested whenever possible to fully pipeline this function.  If this multiplier was inferred, it is suggested to describe an additional register stage after this function.  If there is no registered adder/accumulator following the multiply function, two pipeline stages are suggested to allow both the MREG and PREG registers to be used.  If the DSP48 was instantiated in the design, it is suggested to set both the MREG and PREG attributes to 1 when performing multiply functions.
Related violations: <none>

DPOP-4#18 Warning
MREG Output pipelining  
DSP grp_run_fu_161/grp_runController_fu_106/grp_runQueryTile_fu_142/runQueryBlock_1_U0/grp_runAccumulatorColumns_fu_551/mul_24ns_24ns_48_3_1_U291/tmp_product multiplier stage grp_run_fu_161/grp_runController_fu_106/grp_runQueryTile_fu_142/runQueryBlock_1_U0/grp_runAccumulatorColumns_fu_551/mul_24ns_24ns_48_3_1_U291/tmp_product/P[47:0] is not pipelined (MREG=0). Pipelining the multiplier function will improve performance and will save significant power so it is suggested whenever possible to fully pipeline this function.  If this multiplier was inferred, it is suggested to describe an additional register stage after this function.  If there is no registered adder/accumulator following the multiply function, two pipeline stages are suggested to allow both the MREG and PREG registers to be used.  If the DSP48 was instantiated in the design, it is suggested to set both the MREG and PREG attributes to 1 when performing multiply functions.
Related violations: <none>

DPOP-4#19 Warning
MREG Output pipelining  
DSP grp_run_fu_161/grp_runController_fu_106/grp_runQueryTile_fu_142/runQueryBlock_1_U0/grp_runAccumulatorColumns_fu_551/mul_24ns_24ns_48_3_1_U292/buff0_reg multiplier stage grp_run_fu_161/grp_runController_fu_106/grp_runQueryTile_fu_142/runQueryBlock_1_U0/grp_runAccumulatorColumns_fu_551/mul_24ns_24ns_48_3_1_U292/buff0_reg/P[47:0] is not pipelined (MREG=0). Pipelining the multiplier function will improve performance and will save significant power so it is suggested whenever possible to fully pipeline this function.  If this multiplier was inferred, it is suggested to describe an additional register stage after this function.  If there is no registered adder/accumulator following the multiply function, two pipeline stages are suggested to allow both the MREG and PREG registers to be used.  If the DSP48 was instantiated in the design, it is suggested to set both the MREG and PREG attributes to 1 when performing multiply functions.
Related violations: <none>

DPOP-4#20 Warning
MREG Output pipelining  
DSP grp_run_fu_161/grp_runController_fu_106/grp_runQueryTile_fu_142/runQueryBlock_1_U0/grp_runAccumulatorColumns_fu_551/mul_24ns_24ns_48_3_1_U292/tmp_product multiplier stage grp_run_fu_161/grp_runController_fu_106/grp_runQueryTile_fu_142/runQueryBlock_1_U0/grp_runAccumulatorColumns_fu_551/mul_24ns_24ns_48_3_1_U292/tmp_product/P[47:0] is not pipelined (MREG=0). Pipelining the multiplier function will improve performance and will save significant power so it is suggested whenever possible to fully pipeline this function.  If this multiplier was inferred, it is suggested to describe an additional register stage after this function.  If there is no registered adder/accumulator following the multiply function, two pipeline stages are suggested to allow both the MREG and PREG registers to be used.  If the DSP48 was instantiated in the design, it is suggested to set both the MREG and PREG attributes to 1 when performing multiply functions.
Related violations: <none>

DPOP-4#21 Warning
MREG Output pipelining  
DSP grp_run_fu_161/grp_runController_fu_106/grp_runQueryTile_fu_142/runQueryBlock_1_U0/grp_runQueryBlock_1_Outline_VITIS_LOOP_117_5_fu_172/fsub_32ns_32ns_32_3_full_dsp_1_U816/fsa_stream_split_d_fsub_32ns_32ns_32_3_full_dsp_1_ip_u/inst/i_synth/ADDSUB_OP.ADDSUB/DSP.OP/DSP48E1_BODY.NORM_RND/FULL_USAGE_DSP.SHIFT_RND/i_no_versal_es1_workaround.DSP multiplier stage grp_run_fu_161/grp_runController_fu_106/grp_runQueryTile_fu_142/runQueryBlock_1_U0/grp_runQueryBlock_1_Outline_VITIS_LOOP_117_5_fu_172/fsub_32ns_32ns_32_3_full_dsp_1_U816/fsa_stream_split_d_fsub_32ns_32ns_32_3_full_dsp_1_ip_u/inst/i_synth/ADDSUB_OP.ADDSUB/DSP.OP/DSP48E1_BODY.NORM_RND/FULL_USAGE_DSP.SHIFT_RND/i_no_versal_es1_workaround.DSP/P[47:0] is not pipelined (MREG=0). Pipelining the multiplier function will improve performance and will save significant power so it is suggested whenever possible to fully pipeline this function.  If this multiplier was inferred, it is suggested to describe an additional register stage after this function.  If there is no registered adder/accumulator following the multiply function, two pipeline stages are suggested to allow both the MREG and PREG registers to be used.  If the DSP48 was instantiated in the design, it is suggested to set both the MREG and PREG attributes to 1 when performing multiply functions.
Related violations: <none>

DPOP-4#22 Warning
MREG Output pipelining  
DSP grp_run_fu_161/grp_runController_fu_106/grp_runQueryTile_fu_142/runQueryBlock_1_U0/grp_runQueryBlock_1_Outline_VITIS_LOOP_117_5_fu_172/fsub_32ns_32ns_32_3_full_dsp_1_U817/fsa_stream_split_d_fsub_32ns_32ns_32_3_full_dsp_1_ip_u/inst/i_synth/ADDSUB_OP.ADDSUB/DSP.OP/DSP48E1_BODY.NORM_RND/FULL_USAGE_DSP.SHIFT_RND/i_no_versal_es1_workaround.DSP multiplier stage grp_run_fu_161/grp_runController_fu_106/grp_runQueryTile_fu_142/runQueryBlock_1_U0/grp_runQueryBlock_1_Outline_VITIS_LOOP_117_5_fu_172/fsub_32ns_32ns_32_3_full_dsp_1_U817/fsa_stream_split_d_fsub_32ns_32ns_32_3_full_dsp_1_ip_u/inst/i_synth/ADDSUB_OP.ADDSUB/DSP.OP/DSP48E1_BODY.NORM_RND/FULL_USAGE_DSP.SHIFT_RND/i_no_versal_es1_workaround.DSP/P[47:0] is not pipelined (MREG=0). Pipelining the multiplier function will improve performance and will save significant power so it is suggested whenever possible to fully pipeline this function.  If this multiplier was inferred, it is suggested to describe an additional register stage after this function.  If there is no registered adder/accumulator following the multiply function, two pipeline stages are suggested to allow both the MREG and PREG registers to be used.  If the DSP48 was instantiated in the design, it is suggested to set both the MREG and PREG attributes to 1 when performing multiply functions.
Related violations: <none>

DPOP-4#23 Warning
MREG Output pipelining  
DSP grp_run_fu_161/grp_runController_fu_106/grp_runQueryTile_fu_142/runQueryBlock_1_U0/grp_runQueryBlock_1_Outline_VITIS_LOOP_117_5_fu_172/fsub_32ns_32ns_32_3_full_dsp_1_U818/fsa_stream_split_d_fsub_32ns_32ns_32_3_full_dsp_1_ip_u/inst/i_synth/ADDSUB_OP.ADDSUB/DSP.OP/DSP48E1_BODY.NORM_RND/FULL_USAGE_DSP.SHIFT_RND/i_no_versal_es1_workaround.DSP multiplier stage grp_run_fu_161/grp_runController_fu_106/grp_runQueryTile_fu_142/runQueryBlock_1_U0/grp_runQueryBlock_1_Outline_VITIS_LOOP_117_5_fu_172/fsub_32ns_32ns_32_3_full_dsp_1_U818/fsa_stream_split_d_fsub_32ns_32ns_32_3_full_dsp_1_ip_u/inst/i_synth/ADDSUB_OP.ADDSUB/DSP.OP/DSP48E1_BODY.NORM_RND/FULL_USAGE_DSP.SHIFT_RND/i_no_versal_es1_workaround.DSP/P[47:0] is not pipelined (MREG=0). Pipelining the multiplier function will improve performance and will save significant power so it is suggested whenever possible to fully pipeline this function.  If this multiplier was inferred, it is suggested to describe an additional register stage after this function.  If there is no registered adder/accumulator following the multiply function, two pipeline stages are suggested to allow both the MREG and PREG registers to be used.  If the DSP48 was instantiated in the design, it is suggested to set both the MREG and PREG attributes to 1 when performing multiply functions.
Related violations: <none>

DPOP-4#24 Warning
MREG Output pipelining  
DSP grp_run_fu_161/grp_runController_fu_106/grp_runQueryTile_fu_142/runQueryBlock_1_U0/grp_runQueryBlock_1_Outline_VITIS_LOOP_117_5_fu_172/fsub_32ns_32ns_32_3_full_dsp_1_U819/fsa_stream_split_d_fsub_32ns_32ns_32_3_full_dsp_1_ip_u/inst/i_synth/ADDSUB_OP.ADDSUB/DSP.OP/DSP48E1_BODY.NORM_RND/FULL_USAGE_DSP.SHIFT_RND/i_no_versal_es1_workaround.DSP multiplier stage grp_run_fu_161/grp_runController_fu_106/grp_runQueryTile_fu_142/runQueryBlock_1_U0/grp_runQueryBlock_1_Outline_VITIS_LOOP_117_5_fu_172/fsub_32ns_32ns_32_3_full_dsp_1_U819/fsa_stream_split_d_fsub_32ns_32ns_32_3_full_dsp_1_ip_u/inst/i_synth/ADDSUB_OP.ADDSUB/DSP.OP/DSP48E1_BODY.NORM_RND/FULL_USAGE_DSP.SHIFT_RND/i_no_versal_es1_workaround.DSP/P[47:0] is not pipelined (MREG=0). Pipelining the multiplier function will improve performance and will save significant power so it is suggested whenever possible to fully pipeline this function.  If this multiplier was inferred, it is suggested to describe an additional register stage after this function.  If there is no registered adder/accumulator following the multiply function, two pipeline stages are suggested to allow both the MREG and PREG registers to be used.  If the DSP48 was instantiated in the design, it is suggested to set both the MREG and PREG attributes to 1 when performing multiply functions.
Related violations: <none>

DPOP-4#25 Warning
MREG Output pipelining  
DSP grp_run_fu_161/grp_runController_fu_106/grp_runQueryTile_fu_142/runQueryBlock_1_U0/grp_runQueryBlock_1_Outline_VITIS_LOOP_117_5_fu_172/grp_runPeArray_fu_718/mul_11ns_11ns_22_2_1_U103/buff0_reg multiplier stage grp_run_fu_161/grp_runController_fu_106/grp_runQueryTile_fu_142/runQueryBlock_1_U0/grp_runQueryBlock_1_Outline_VITIS_LOOP_117_5_fu_172/grp_runPeArray_fu_718/mul_11ns_11ns_22_2_1_U103/buff0_reg/P[47:0] is not pipelined (MREG=0). Pipelining the multiplier function will improve performance and will save significant power so it is suggested whenever possible to fully pipeline this function.  If this multiplier was inferred, it is suggested to describe an additional register stage after this function.  If there is no registered adder/accumulator following the multiply function, two pipeline stages are suggested to allow both the MREG and PREG registers to be used.  If the DSP48 was instantiated in the design, it is suggested to set both the MREG and PREG attributes to 1 when performing multiply functions.
Related violations: <none>

DPOP-4#26 Warning
MREG Output pipelining  
DSP grp_run_fu_161/grp_runController_fu_106/grp_runQueryTile_fu_142/runQueryBlock_1_U0/grp_runQueryBlock_1_Outline_VITIS_LOOP_117_5_fu_172/grp_runPeArray_fu_718/mul_11ns_11ns_22_2_1_U109/buff0_reg multiplier stage grp_run_fu_161/grp_runController_fu_106/grp_runQueryTile_fu_142/runQueryBlock_1_U0/grp_runQueryBlock_1_Outline_VITIS_LOOP_117_5_fu_172/grp_runPeArray_fu_718/mul_11ns_11ns_22_2_1_U109/buff0_reg/P[47:0] is not pipelined (MREG=0). Pipelining the multiplier function will improve performance and will save significant power so it is suggested whenever possible to fully pipeline this function.  If this multiplier was inferred, it is suggested to describe an additional register stage after this function.  If there is no registered adder/accumulator following the multiply function, two pipeline stages are suggested to allow both the MREG and PREG registers to be used.  If the DSP48 was instantiated in the design, it is suggested to set both the MREG and PREG attributes to 1 when performing multiply functions.
Related violations: <none>

DPOP-4#27 Warning
MREG Output pipelining  
DSP grp_run_fu_161/grp_runController_fu_106/grp_runQueryTile_fu_142/runQueryBlock_1_U0/grp_runQueryBlock_1_Outline_VITIS_LOOP_117_5_fu_172/grp_runPeArray_fu_718/mul_11ns_11ns_22_2_1_U115/buff0_reg multiplier stage grp_run_fu_161/grp_runController_fu_106/grp_runQueryTile_fu_142/runQueryBlock_1_U0/grp_runQueryBlock_1_Outline_VITIS_LOOP_117_5_fu_172/grp_runPeArray_fu_718/mul_11ns_11ns_22_2_1_U115/buff0_reg/P[47:0] is not pipelined (MREG=0). Pipelining the multiplier function will improve performance and will save significant power so it is suggested whenever possible to fully pipeline this function.  If this multiplier was inferred, it is suggested to describe an additional register stage after this function.  If there is no registered adder/accumulator following the multiply function, two pipeline stages are suggested to allow both the MREG and PREG registers to be used.  If the DSP48 was instantiated in the design, it is suggested to set both the MREG and PREG attributes to 1 when performing multiply functions.
Related violations: <none>

DPOP-4#28 Warning
MREG Output pipelining  
DSP grp_run_fu_161/grp_runController_fu_106/grp_runQueryTile_fu_142/runQueryBlock_1_U0/grp_runQueryBlock_1_Outline_VITIS_LOOP_117_5_fu_172/grp_runPeArray_fu_718/mul_11ns_11ns_22_2_1_U121/buff0_reg multiplier stage grp_run_fu_161/grp_runController_fu_106/grp_runQueryTile_fu_142/runQueryBlock_1_U0/grp_runQueryBlock_1_Outline_VITIS_LOOP_117_5_fu_172/grp_runPeArray_fu_718/mul_11ns_11ns_22_2_1_U121/buff0_reg/P[47:0] is not pipelined (MREG=0). Pipelining the multiplier function will improve performance and will save significant power so it is suggested whenever possible to fully pipeline this function.  If this multiplier was inferred, it is suggested to describe an additional register stage after this function.  If there is no registered adder/accumulator following the multiply function, two pipeline stages are suggested to allow both the MREG and PREG registers to be used.  If the DSP48 was instantiated in the design, it is suggested to set both the MREG and PREG attributes to 1 when performing multiply functions.
Related violations: <none>

DPOP-4#29 Warning
MREG Output pipelining  
DSP grp_run_fu_161/grp_runController_fu_106/grp_runQueryTile_fu_142/runQueryBlock_1_U0/grp_runQueryBlock_1_Outline_VITIS_LOOP_117_5_fu_172/grp_runPeArray_fu_718/mul_11ns_11ns_22_2_1_U127/buff0_reg multiplier stage grp_run_fu_161/grp_runController_fu_106/grp_runQueryTile_fu_142/runQueryBlock_1_U0/grp_runQueryBlock_1_Outline_VITIS_LOOP_117_5_fu_172/grp_runPeArray_fu_718/mul_11ns_11ns_22_2_1_U127/buff0_reg/P[47:0] is not pipelined (MREG=0). Pipelining the multiplier function will improve performance and will save significant power so it is suggested whenever possible to fully pipeline this function.  If this multiplier was inferred, it is suggested to describe an additional register stage after this function.  If there is no registered adder/accumulator following the multiply function, two pipeline stages are suggested to allow both the MREG and PREG registers to be used.  If the DSP48 was instantiated in the design, it is suggested to set both the MREG and PREG attributes to 1 when performing multiply functions.
Related violations: <none>

DPOP-4#30 Warning
MREG Output pipelining  
DSP grp_run_fu_161/grp_runController_fu_106/grp_runQueryTile_fu_142/runQueryBlock_1_U0/grp_runQueryBlock_1_Outline_VITIS_LOOP_117_5_fu_172/grp_runPeArray_fu_718/mul_11ns_11ns_22_2_1_U85/buff0_reg multiplier stage grp_run_fu_161/grp_runController_fu_106/grp_runQueryTile_fu_142/runQueryBlock_1_U0/grp_runQueryBlock_1_Outline_VITIS_LOOP_117_5_fu_172/grp_runPeArray_fu_718/mul_11ns_11ns_22_2_1_U85/buff0_reg/P[47:0] is not pipelined (MREG=0). Pipelining the multiplier function will improve performance and will save significant power so it is suggested whenever possible to fully pipeline this function.  If this multiplier was inferred, it is suggested to describe an additional register stage after this function.  If there is no registered adder/accumulator following the multiply function, two pipeline stages are suggested to allow both the MREG and PREG registers to be used.  If the DSP48 was instantiated in the design, it is suggested to set both the MREG and PREG attributes to 1 when performing multiply functions.
Related violations: <none>

DPOP-4#31 Warning
MREG Output pipelining  
DSP grp_run_fu_161/grp_runController_fu_106/grp_runQueryTile_fu_142/runQueryBlock_1_U0/grp_runQueryBlock_1_Outline_VITIS_LOOP_117_5_fu_172/grp_runPeArray_fu_718/mul_11ns_11ns_22_2_1_U91/buff0_reg multiplier stage grp_run_fu_161/grp_runController_fu_106/grp_runQueryTile_fu_142/runQueryBlock_1_U0/grp_runQueryBlock_1_Outline_VITIS_LOOP_117_5_fu_172/grp_runPeArray_fu_718/mul_11ns_11ns_22_2_1_U91/buff0_reg/P[47:0] is not pipelined (MREG=0). Pipelining the multiplier function will improve performance and will save significant power so it is suggested whenever possible to fully pipeline this function.  If this multiplier was inferred, it is suggested to describe an additional register stage after this function.  If there is no registered adder/accumulator following the multiply function, two pipeline stages are suggested to allow both the MREG and PREG registers to be used.  If the DSP48 was instantiated in the design, it is suggested to set both the MREG and PREG attributes to 1 when performing multiply functions.
Related violations: <none>

DPOP-4#32 Warning
MREG Output pipelining  
DSP grp_run_fu_161/grp_runController_fu_106/grp_runQueryTile_fu_142/runQueryBlock_1_U0/grp_runQueryBlock_1_Outline_VITIS_LOOP_117_5_fu_172/grp_runPeArray_fu_718/mul_11ns_11ns_22_2_1_U97/buff0_reg multiplier stage grp_run_fu_161/grp_runController_fu_106/grp_runQueryTile_fu_142/runQueryBlock_1_U0/grp_runQueryBlock_1_Outline_VITIS_LOOP_117_5_fu_172/grp_runPeArray_fu_718/mul_11ns_11ns_22_2_1_U97/buff0_reg/P[47:0] is not pipelined (MREG=0). Pipelining the multiplier function will improve performance and will save significant power so it is suggested whenever possible to fully pipeline this function.  If this multiplier was inferred, it is suggested to describe an additional register stage after this function.  If there is no registered adder/accumulator following the multiply function, two pipeline stages are suggested to allow both the MREG and PREG registers to be used.  If the DSP48 was instantiated in the design, it is suggested to set both the MREG and PREG attributes to 1 when performing multiply functions.
Related violations: <none>

RTSTAT-10#1 Warning
No routable loads  
190 net(s) have no routable loads. The problem bus(es) and/or net(s) are control_s_axi_U/RDATA[31:0],
o_gmem_m_axi_U/bus_write/wreq_throttle/data_fifo/U_fifo_srl/dout[0],
o_gmem_m_axi_U/bus_write/wreq_throttle/data_fifo/U_fifo_srl/dout[10],
o_gmem_m_axi_U/bus_write/wreq_throttle/data_fifo/U_fifo_srl/dout[11],
o_gmem_m_axi_U/bus_write/wreq_throttle/data_fifo/U_fifo_srl/dout[12],
o_gmem_m_axi_U/bus_write/wreq_throttle/data_fifo/U_fifo_srl/dout[13],
o_gmem_m_axi_U/bus_write/wreq_throttle/data_fifo/U_fifo_srl/dout[1],
o_gmem_m_axi_U/bus_write/wreq_throttle/data_fifo/U_fifo_srl/dout[2],
o_gmem_m_axi_U/bus_write/wreq_throttle/data_fifo/U_fifo_srl/dout[3],
o_gmem_m_axi_U/bus_write/wreq_throttle/data_fifo/U_fifo_srl/dout[4],
o_gmem_m_axi_U/bus_write/wreq_throttle/data_fifo/U_fifo_srl/dout[5],
o_gmem_m_axi_U/bus_write/wreq_throttle/data_fifo/U_fifo_srl/dout[6],
o_gmem_m_axi_U/bus_write/wreq_throttle/data_fifo/U_fifo_srl/dout[7],
o_gmem_m_axi_U/bus_write/wreq_throttle/data_fifo/U_fifo_srl/dout[8],
o_gmem_m_axi_U/bus_write/wreq_throttle/data_fifo/U_fifo_srl/dout[9]
 (the first 15 of 78 listed nets/buses).
Related violations: <none>

AVAL-155#1 Advisory
enum_AMULTSEL_BMULTSEL_enum_DREG_ADREG_0_connects_CED_CEAD_RSTD_GND  
grp_run_fu_161/grp_runController_fu_106/grp_runQueryTile_fu_142/runQueryBlock_0_U0/grp_runQueryBlock_0_Outline_VITIS_LOOP_117_5_fu_168/fsub_32ns_32ns_32_3_full_dsp_1_U476/fsa_stream_split_d_fsub_32ns_32ns_32_3_full_dsp_1_ip_u/inst/i_synth/ADDSUB_OP.ADDSUB/DSP.OP/DSP48E1_BODY.NORM_RND/FULL_USAGE_DSP.SHIFT_RND/i_no_versal_es1_workaround.DSP: DSP48E2 is not using the D port (AMULTSEL = A and BMULTSEL = B). For improved power characteristics, set DREG and ADREG to '1', tie CED, CEAD, and RSTD to logic '0'.
Related violations: <none>

AVAL-155#2 Advisory
enum_AMULTSEL_BMULTSEL_enum_DREG_ADREG_0_connects_CED_CEAD_RSTD_GND  
grp_run_fu_161/grp_runController_fu_106/grp_runQueryTile_fu_142/runQueryBlock_0_U0/grp_runQueryBlock_0_Outline_VITIS_LOOP_117_5_fu_168/fsub_32ns_32ns_32_3_full_dsp_1_U477/fsa_stream_split_d_fsub_32ns_32ns_32_3_full_dsp_1_ip_u/inst/i_synth/ADDSUB_OP.ADDSUB/DSP.OP/DSP48E1_BODY.NORM_RND/FULL_USAGE_DSP.SHIFT_RND/i_no_versal_es1_workaround.DSP: DSP48E2 is not using the D port (AMULTSEL = A and BMULTSEL = B). For improved power characteristics, set DREG and ADREG to '1', tie CED, CEAD, and RSTD to logic '0'.
Related violations: <none>

AVAL-155#3 Advisory
enum_AMULTSEL_BMULTSEL_enum_DREG_ADREG_0_connects_CED_CEAD_RSTD_GND  
grp_run_fu_161/grp_runController_fu_106/grp_runQueryTile_fu_142/runQueryBlock_0_U0/grp_runQueryBlock_0_Outline_VITIS_LOOP_117_5_fu_168/fsub_32ns_32ns_32_3_full_dsp_1_U478/fsa_stream_split_d_fsub_32ns_32ns_32_3_full_dsp_1_ip_u/inst/i_synth/ADDSUB_OP.ADDSUB/DSP.OP/DSP48E1_BODY.NORM_RND/FULL_USAGE_DSP.SHIFT_RND/i_no_versal_es1_workaround.DSP: DSP48E2 is not using the D port (AMULTSEL = A and BMULTSEL = B). For improved power characteristics, set DREG and ADREG to '1', tie CED, CEAD, and RSTD to logic '0'.
Related violations: <none>

AVAL-155#4 Advisory
enum_AMULTSEL_BMULTSEL_enum_DREG_ADREG_0_connects_CED_CEAD_RSTD_GND  
grp_run_fu_161/grp_runController_fu_106/grp_runQueryTile_fu_142/runQueryBlock_0_U0/grp_runQueryBlock_0_Outline_VITIS_LOOP_117_5_fu_168/fsub_32ns_32ns_32_3_full_dsp_1_U479/fsa_stream_split_d_fsub_32ns_32ns_32_3_full_dsp_1_ip_u/inst/i_synth/ADDSUB_OP.ADDSUB/DSP.OP/DSP48E1_BODY.NORM_RND/FULL_USAGE_DSP.SHIFT_RND/i_no_versal_es1_workaround.DSP: DSP48E2 is not using the D port (AMULTSEL = A and BMULTSEL = B). For improved power characteristics, set DREG and ADREG to '1', tie CED, CEAD, and RSTD to logic '0'.
Related violations: <none>

AVAL-155#5 Advisory
enum_AMULTSEL_BMULTSEL_enum_DREG_ADREG_0_connects_CED_CEAD_RSTD_GND  
grp_run_fu_161/grp_runController_fu_106/grp_runQueryTile_fu_142/runQueryBlock_1_U0/grp_runQueryBlock_1_Outline_VITIS_LOOP_117_5_fu_172/fsub_32ns_32ns_32_3_full_dsp_1_U816/fsa_stream_split_d_fsub_32ns_32ns_32_3_full_dsp_1_ip_u/inst/i_synth/ADDSUB_OP.ADDSUB/DSP.OP/DSP48E1_BODY.NORM_RND/FULL_USAGE_DSP.SHIFT_RND/i_no_versal_es1_workaround.DSP: DSP48E2 is not using the D port (AMULTSEL = A and BMULTSEL = B). For improved power characteristics, set DREG and ADREG to '1', tie CED, CEAD, and RSTD to logic '0'.
Related violations: <none>

AVAL-155#6 Advisory
enum_AMULTSEL_BMULTSEL_enum_DREG_ADREG_0_connects_CED_CEAD_RSTD_GND  
grp_run_fu_161/grp_runController_fu_106/grp_runQueryTile_fu_142/runQueryBlock_1_U0/grp_runQueryBlock_1_Outline_VITIS_LOOP_117_5_fu_172/fsub_32ns_32ns_32_3_full_dsp_1_U817/fsa_stream_split_d_fsub_32ns_32ns_32_3_full_dsp_1_ip_u/inst/i_synth/ADDSUB_OP.ADDSUB/DSP.OP/DSP48E1_BODY.NORM_RND/FULL_USAGE_DSP.SHIFT_RND/i_no_versal_es1_workaround.DSP: DSP48E2 is not using the D port (AMULTSEL = A and BMULTSEL = B). For improved power characteristics, set DREG and ADREG to '1', tie CED, CEAD, and RSTD to logic '0'.
Related violations: <none>

AVAL-155#7 Advisory
enum_AMULTSEL_BMULTSEL_enum_DREG_ADREG_0_connects_CED_CEAD_RSTD_GND  
grp_run_fu_161/grp_runController_fu_106/grp_runQueryTile_fu_142/runQueryBlock_1_U0/grp_runQueryBlock_1_Outline_VITIS_LOOP_117_5_fu_172/fsub_32ns_32ns_32_3_full_dsp_1_U818/fsa_stream_split_d_fsub_32ns_32ns_32_3_full_dsp_1_ip_u/inst/i_synth/ADDSUB_OP.ADDSUB/DSP.OP/DSP48E1_BODY.NORM_RND/FULL_USAGE_DSP.SHIFT_RND/i_no_versal_es1_workaround.DSP: DSP48E2 is not using the D port (AMULTSEL = A and BMULTSEL = B). For improved power characteristics, set DREG and ADREG to '1', tie CED, CEAD, and RSTD to logic '0'.
Related violations: <none>

AVAL-155#8 Advisory
enum_AMULTSEL_BMULTSEL_enum_DREG_ADREG_0_connects_CED_CEAD_RSTD_GND  
grp_run_fu_161/grp_runController_fu_106/grp_runQueryTile_fu_142/runQueryBlock_1_U0/grp_runQueryBlock_1_Outline_VITIS_LOOP_117_5_fu_172/fsub_32ns_32ns_32_3_full_dsp_1_U819/fsa_stream_split_d_fsub_32ns_32ns_32_3_full_dsp_1_ip_u/inst/i_synth/ADDSUB_OP.ADDSUB/DSP.OP/DSP48E1_BODY.NORM_RND/FULL_USAGE_DSP.SHIFT_RND/i_no_versal_es1_workaround.DSP: DSP48E2 is not using the D port (AMULTSEL = A and BMULTSEL = B). For improved power characteristics, set DREG and ADREG to '1', tie CED, CEAD, and RSTD to logic '0'.
Related violations: <none>

SECHK-3#1 Advisory
SE Device within Line Rate Limit  
The part xcvu37p_CIV is limited to a total GT Line Rate of less than 500.00 Gbps. The current combined GT Line Rate is calculated to be 0.00, which is within the allowed limit.
Related violations: <none>

SECHK-4#1 Advisory
SE Device within IO Count Limit  
The part xcvu37p_CIV-fsvh2892-2-e is limited to a total of 700 I/Os contained within the PSS, HR, HP, and HD I/O Banks. The current use is 0, which is within the allowed limit.
Related violations: <none>


