Copyright 1986-2022 Xilinx, Inc. All Rights Reserved. Copyright 2022-2024 Advanced Micro Devices, Inc. All Rights Reserved.
---------------------------------------------------------------------------------------------------------------------------------------------
| Tool Version : Vivado v.2024.2 (lin64) Build 5239630 Fri Nov 08 22:34:34 MST 2024
| Date         : Sat Oct 10 14:52:47 2026
| Host         : lenovo-ThinkStation-P920 running 64-bit Ubuntu 24.04.3 LTS
| Command      : report_methodology -file methodology.rpt
| Design       : fsa_stream_split_d
| Device       : xcvu37p_CIV-fsvh2892-2-e
| Speed File   : -2
| Design State : Partially Routed
---------------------------------------------------------------------------------------------------------------------------------------------

Report Methodology

Table of Contents
-----------------
1. REPORT SUMMARY
2. REPORT DETAILS

1. REPORT SUMMARY
-----------------
            Netlist: fsa_stream_split_d
          Floorplan: design_1
      Design limits: <entire design considered>
             Max checks: <unlimited>
             Checks found: 1003
+-----------+----------+-------------------------------------------+--------+
| Rule      | Severity | Description                               | Checks |
+-----------+----------+-------------------------------------------+--------+
| TIMING-15 | Warning  | Large hold violation                      | 1000   |
| TIMING-44 | Warning  | Unreasonable user intra-clock uncertainty | 1      |
| CLKC-3    | Advisory | Clock Buffer has LOC and not CLOCK_REGION | 2      |
+-----------+----------+-------------------------------------------+--------+

2. REPORT DETAILS
-----------------
TIMING-15#1 Warning
Large hold violation  
There is a large clock skew of 1.345 ns between ap_rst_n (clocked by ap_clk) and grp_run_fu_161/grp_runController_fu_106/grp_runQueryTile_fu_142/output1_U/empty_n_reg/R (clocked by ap_clk) that results in large hold timing violation(s) of -1.315 ns. Fixing large hold violations during routing might impact setup slack and result in more difficult timing closure
Related violations: <none>

TIMING-15#2 Warning
Large hold violation  
There is a large clock skew of 1.345 ns between ap_rst_n (clocked by ap_clk) and grp_run_fu_161/grp_runController_fu_106/grp_runQueryTile_fu_142/output1_U/full_n_reg/S (clocked by ap_clk) that results in large hold timing violation(s) of -1.315 ns. Fixing large hold violations during routing might impact setup slack and result in more difficult timing closure
Related violations: <none>

TIMING-15#3 Warning
Large hold violation  
There is a large clock skew of 1.345 ns between ap_rst_n (clocked by ap_clk) and grp_run_fu_161/grp_runController_fu_106/grp_runQueryTile_fu_142/output1_U/mOutPtr_reg[2]/R (clocked by ap_clk) that results in large hold timing violation(s) of -1.315 ns. Fixing large hold violations during routing might impact setup slack and result in more difficult timing closure
Related violations: <none>

TIMING-15#4 Warning
Large hold violation  
There is a large clock skew of 1.345 ns between ap_rst_n (clocked by ap_clk) and grp_run_fu_161/grp_runController_fu_106/grp_runQueryTile_fu_142/output1_U/mOutPtr_reg[3]/R (clocked by ap_clk) that results in large hold timing violation(s) of -1.315 ns. Fixing large hold violations during routing might impact setup slack and result in more difficult timing closure
Related violations: <none>

TIMING-15#5 Warning
Large hold violation  
There is a large clock skew of 1.350 ns between ap_rst_n (clocked by ap_clk) and grp_run_fu_161/grp_runController_fu_106/grp_runQueryTile_fu_142/output1_U/mOutPtr_reg[0]/R (clocked by ap_clk) that results in large hold timing violation(s) of -1.320 ns. Fixing large hold violations during routing might impact setup slack and result in more difficult timing closure
Related violations: <none>

TIMING-15#6 Warning
Large hold violation  
There is a large clock skew of 1.358 ns between ap_rst_n (clocked by ap_clk) and grp_run_fu_161/grp_runController_fu_106/grp_runQueryTile_fu_142/output1_U/addr_reg[0]/R (clocked by ap_clk) that results in large hold timing violation(s) of -1.326 ns. Fixing large hold violations during routing might impact setup slack and result in more difficult timing closure
Related violations: <none>

TIMING-15#7 Warning
Large hold violation  
There is a large clock skew of 1.358 ns between ap_rst_n (clocked by ap_clk) and grp_run_fu_161/grp_runController_fu_106/grp_runQueryTile_fu_142/output1_U/addr_reg[1]/R (clocked by ap_clk) that results in large hold timing violation(s) of -1.326 ns. Fixing large hold violations during routing might impact setup slack and result in more difficult timing closure
Related violations: <none>

TIMING-15#8 Warning
Large hold violation  
There is a large clock skew of 1.358 ns between ap_rst_n (clocked by ap_clk) and grp_run_fu_161/grp_runController_fu_106/grp_runQueryTile_fu_142/output1_U/addr_reg[2]/R (clocked by ap_clk) that results in large hold timing violation(s) of -1.326 ns. Fixing large hold violations during routing might impact setup slack and result in more difficult timing closure
Related violations: <none>

TIMING-15#9 Warning
Large hold violation  
There is a large clock skew of 1.359 ns between ap_rst_n (clocked by ap_clk) and grp_run_fu_161/grp_runController_fu_106/grp_runQueryTile_fu_142/output1_U/mOutPtr_reg[1]/R (clocked by ap_clk) that results in large hold timing violation(s) of -1.327 ns. Fixing large hold violations during routing might impact setup slack and result in more difficult timing closure
Related violations: <none>

TIMING-15#10 Warning
Large hold violation  
There is a large clock skew of 1.419 ns between ap_rst_n (clocked by ap_clk) and grp_run_fu_161/grp_runController_fu_106/grp_runQueryTile_fu_142/runQueryBlock_0_U0/ap_CS_fsm_reg[9]/R (clocked by ap_clk) that results in large hold timing violation(s) of -1.389 ns. Fixing large hold violations during routing might impact setup slack and result in more difficult timing closure
Related violations: <none>

TIMING-15#11 Warning
Large hold violation  
There is a large clock skew of 1.426 ns between ap_rst_n (clocked by ap_clk) and grp_run_fu_161/grp_runController_fu_106/grp_runQueryTile_fu_142/output0_U/addr_reg[0]/R (clocked by ap_clk) that results in large hold timing violation(s) of -1.396 ns. Fixing large hold violations during routing might impact setup slack and result in more difficult timing closure
Related violations: <none>

TIMING-15#12 Warning
Large hold violation  
There is a large clock skew of 1.426 ns between ap_rst_n (clocked by ap_clk) and grp_run_fu_161/grp_runController_fu_106/grp_runQueryTile_fu_142/output0_U/addr_reg[1]/R (clocked by ap_clk) that results in large hold timing violation(s) of -1.396 ns. Fixing large hold violations during routing might impact setup slack and result in more difficult timing closure
Related violations: <none>

TIMING-15#13 Warning
Large hold violation  
There is a large clock skew of 1.426 ns between ap_rst_n (clocked by ap_clk) and grp_run_fu_161/grp_runController_fu_106/grp_runQueryTile_fu_142/output0_U/addr_reg[2]/R (clocked by ap_clk) that results in large hold timing violation(s) of -1.396 ns. Fixing large hold violations during routing might impact setup slack and result in more difficult timing closure
Related violations: <none>

TIMING-15#14 Warning
Large hold violation  
There is a large clock skew of 1.430 ns between ap_rst_n (clocked by ap_clk) and grp_run_fu_161/grp_runController_fu_106/grp_runQueryTile_fu_142/output0_U/empty_n_reg/R (clocked by ap_clk) that results in large hold timing violation(s) of -1.400 ns. Fixing large hold violations during routing might impact setup slack and result in more difficult timing closure
Related violations: <none>

TIMING-15#15 Warning
Large hold violation  
There is a large clock skew of 1.430 ns between ap_rst_n (clocked by ap_clk) and grp_run_fu_161/grp_runController_fu_106/grp_runQueryTile_fu_142/output0_U/full_n_reg/S (clocked by ap_clk) that results in large hold timing violation(s) of -1.400 ns. Fixing large hold violations during routing might impact setup slack and result in more difficult timing closure
Related violations: <none>

TIMING-15#16 Warning
Large hold violation  
There is a large clock skew of 1.430 ns between ap_rst_n (clocked by ap_clk) and grp_run_fu_161/grp_runController_fu_106/grp_runQueryTile_fu_142/output0_U/mOutPtr_reg[2]/R (clocked by ap_clk) that results in large hold timing violation(s) of -1.400 ns. Fixing large hold violations during routing might impact setup slack and result in more difficult timing closure
Related violations: <none>

TIMING-15#17 Warning
Large hold violation  
There is a large clock skew of 1.430 ns between ap_rst_n (clocked by ap_clk) and grp_run_fu_161/grp_runController_fu_106/grp_runQueryTile_fu_142/output0_U/mOutPtr_reg[3]/R (clocked by ap_clk) that results in large hold timing violation(s) of -1.400 ns. Fixing large hold violations during routing might impact setup slack and result in more difficult timing closure
Related violations: <none>

TIMING-15#18 Warning
Large hold violation  
There is a large clock skew of 1.431 ns between ap_rst_n (clocked by ap_clk) and grp_run_fu_161/grp_runController_fu_106/grp_runQueryTile_fu_142/output0_U/mOutPtr_reg[0]/R (clocked by ap_clk) that results in large hold timing violation(s) of -1.401 ns. Fixing large hold violations during routing might impact setup slack and result in more difficult timing closure
Related violations: <none>

TIMING-15#19 Warning
Large hold violation  
There is a large clock skew of 1.431 ns between ap_rst_n (clocked by ap_clk) and grp_run_fu_161/grp_runController_fu_106/grp_runQueryTile_fu_142/output0_U/mOutPtr_reg[1]/R (clocked by ap_clk) that results in large hold timing violation(s) of -1.401 ns. Fixing large hold violations during routing might impact setup slack and result in more difficult timing closure
Related violations: <none>

TIMING-15#20 Warning
Large hold violation  
There is a large clock skew of 1.432 ns between ap_rst_n (clocked by ap_clk) and grp_run_fu_161/grp_runController_fu_106/grp_runQueryTile_fu_142/runQueryBlock_0_U0/ap_CS_fsm_reg[2]/R (clocked by ap_clk) that results in large hold timing violation(s) of -1.402 ns. Fixing large hold violations during routing might impact setup slack and result in more difficult timing closure
Related violations: <none>

TIMING-15#21 Warning
Large hold violation  
There is a large clock skew of 1.432 ns between ap_rst_n (clocked by ap_clk) and grp_run_fu_161/grp_runController_fu_106/grp_runQueryTile_fu_142/runQueryBlock_0_U0/ap_CS_fsm_reg[3]/R (clocked by ap_clk) that results in large hold timing violation(s) of -1.402 ns. Fixing large hold violations during routing might impact setup slack and result in more difficult timing closure
Related violations: <none>

TIMING-15#22 Warning
Large hold violation  
There is a large clock skew of 1.438 ns between ap_rst_n (clocked by ap_clk) and grp_run_fu_161/grp_runController_fu_106/grp_runQueryTile_fu_142/runQueryBlock_0_U0/ap_CS_fsm_reg[6]/R (clocked by ap_clk) that results in large hold timing violation(s) of -1.408 ns. Fixing large hold violations during routing might impact setup slack and result in more difficult timing closure
Related violations: <none>

TIMING-15#23 Warning
Large hold violation  
There is a large clock skew of 1.438 ns between ap_rst_n (clocked by ap_clk) and grp_run_fu_161/grp_runController_fu_106/grp_runQueryTile_fu_142/runQueryBlock_0_U0/ap_CS_fsm_reg[7]/R (clocked by ap_clk) that results in large hold timing violation(s) of -1.408 ns. Fixing large hold violations during routing might impact setup slack and result in more difficult timing closure
Related violations: <none>

TIMING-15#24 Warning
Large hold violation  
There is a large clock skew of 1.438 ns between ap_rst_n (clocked by ap_clk) and grp_run_fu_161/grp_runController_fu_106/grp_runQueryTile_fu_142/runQueryBlock_0_U0/ap_CS_fsm_reg[7]_rep/R (clocked by ap_clk) that results in large hold timing violation(s) of -1.408 ns. Fixing large hold violations during routing might impact setup slack and result in more difficult timing closure
Related violations: <none>

TIMING-15#25 Warning
Large hold violation  
There is a large clock skew of 1.438 ns between ap_rst_n (clocked by ap_clk) and grp_run_fu_161/grp_runController_fu_106/grp_runQueryTile_fu_142/runQueryBlock_0_U0/ap_CS_fsm_reg[8]/R (clocked by ap_clk) that results in large hold timing violation(s) of -1.408 ns. Fixing large hold violations during routing might impact setup slack and result in more difficult timing closure
Related violations: <none>

TIMING-15#26 Warning
Large hold violation  
There is a large clock skew of 1.440 ns between ap_rst_n (clocked by ap_clk) and grp_run_fu_161/grp_runController_fu_106/grp_runQueryTile_fu_142/runQueryBlock_0_U0/ap_CS_fsm_reg[1]/R (clocked by ap_clk) that results in large hold timing violation(s) of -1.410 ns. Fixing large hold violations during routing might impact setup slack and result in more difficult timing closure
Related violations: <none>

TIMING-15#27 Warning
Large hold violation  
There is a large clock skew of 1.443 ns between ap_rst_n (clocked by ap_clk) and grp_run_fu_161/grp_runController_fu_106/grp_runQueryTile_fu_142/runQueryBlock_0_U0/ap_CS_fsm_reg[7]_rep__0/R (clocked by ap_clk) that results in large hold timing violation(s) of -1.413 ns. Fixing large hold violations during routing might impact setup slack and result in more difficult timing closure
Related violations: <none>

TIMING-15#28 Warning
Large hold violation  
There is a large clock skew of 1.443 ns between ap_rst_n (clocked by ap_clk) and grp_run_fu_161/grp_runController_fu_106/grp_runQueryTile_fu_142/runQueryBlock_0_U0/grp_reciprocalColumns_fu_201/ap_return_0_preg_reg[24]/R (clocked by ap_clk) that results in large hold timing violation(s) of -1.413 ns. Fixing large hold violations during routing might impact setup slack and result in more difficult timing closure
Related violations: <none>

TIMING-15#29 Warning
Large hold violation  
There is a large clock skew of 1.443 ns between ap_rst_n (clocked by ap_clk) and grp_run_fu_161/grp_runController_fu_106/grp_runQueryTile_fu_142/runQueryBlock_0_U0/grp_reciprocalColumns_fu_201/ap_return_0_preg_reg[25]/R (clocked by ap_clk) that results in large hold timing violation(s) of -1.413 ns. Fixing large hold violations during routing might impact setup slack and result in more difficult timing closure
Related violations: <none>

TIMING-15#30 Warning
Large hold violation  
There is a large clock skew of 1.443 ns between ap_rst_n (clocked by ap_clk) and grp_run_fu_161/grp_runController_fu_106/grp_runQueryTile_fu_142/runQueryBlock_0_U0/grp_reciprocalColumns_fu_201/ap_return_0_preg_reg[27]/R (clocked by ap_clk) that results in large hold timing violation(s) of -1.413 ns. Fixing large hold violations during routing might impact setup slack and result in more difficult timing closure
Related violations: <none>

TIMING-15#31 Warning
Large hold violation  
There is a large clock skew of 1.445 ns between ap_rst_n (clocked by ap_clk) and grp_run_fu_161/grp_runController_fu_106/grp_runQueryTile_fu_142/q0_U/empty_n_reg/R (clocked by ap_clk) that results in large hold timing violation(s) of -1.415 ns. Fixing large hold violations during routing might impact setup slack and result in more difficult timing closure
Related violations: <none>

TIMING-15#32 Warning
Large hold violation  
There is a large clock skew of 1.445 ns between ap_rst_n (clocked by ap_clk) and grp_run_fu_161/grp_runController_fu_106/grp_runQueryTile_fu_142/q0_U/full_n_reg/S (clocked by ap_clk) that results in large hold timing violation(s) of -1.415 ns. Fixing large hold violations during routing might impact setup slack and result in more difficult timing closure
Related violations: <none>

TIMING-15#33 Warning
Large hold violation  
There is a large clock skew of 1.445 ns between ap_rst_n (clocked by ap_clk) and grp_run_fu_161/grp_runController_fu_106/grp_runQueryTile_fu_142/q0_U/mOutPtr_reg[2]/R (clocked by ap_clk) that results in large hold timing violation(s) of -1.415 ns. Fixing large hold violations during routing might impact setup slack and result in more difficult timing closure
Related violations: <none>

TIMING-15#34 Warning
Large hold violation  
There is a large clock skew of 1.445 ns between ap_rst_n (clocked by ap_clk) and grp_run_fu_161/grp_runController_fu_106/grp_runQueryTile_fu_142/q0_U/mOutPtr_reg[3]/R (clocked by ap_clk) that results in large hold timing violation(s) of -1.415 ns. Fixing large hold violations during routing might impact setup slack and result in more difficult timing closure
Related violations: <none>

TIMING-15#35 Warning
Large hold violation  
There is a large clock skew of 1.446 ns between ap_rst_n (clocked by ap_clk) and grp_run_fu_161/grp_runController_fu_106/grp_runQueryTile_fu_142/q0_U/addr_reg[0]/R (clocked by ap_clk) that results in large hold timing violation(s) of -1.416 ns. Fixing large hold violations during routing might impact setup slack and result in more difficult timing closure
Related violations: <none>

TIMING-15#36 Warning
Large hold violation  
There is a large clock skew of 1.446 ns between ap_rst_n (clocked by ap_clk) and grp_run_fu_161/grp_runController_fu_106/grp_runQueryTile_fu_142/q0_U/addr_reg[1]/R (clocked by ap_clk) that results in large hold timing violation(s) of -1.416 ns. Fixing large hold violations during routing might impact setup slack and result in more difficult timing closure
Related violations: <none>

TIMING-15#37 Warning
Large hold violation  
There is a large clock skew of 1.446 ns between ap_rst_n (clocked by ap_clk) and grp_run_fu_161/grp_runController_fu_106/grp_runQueryTile_fu_142/q0_U/addr_reg[2]/R (clocked by ap_clk) that results in large hold timing violation(s) of -1.416 ns. Fixing large hold violations during routing might impact setup slack and result in more difficult timing closure
Related violations: <none>

TIMING-15#38 Warning
Large hold violation  
There is a large clock skew of 1.448 ns between ap_rst_n (clocked by ap_clk) and grp_run_fu_161/grp_runController_fu_106/grp_runQueryTile_fu_142/runQueryBlock_0_U0/grp_reciprocalColumns_fu_201/ap_return_0_preg_reg[29]/R (clocked by ap_clk) that results in large hold timing violation(s) of -1.418 ns. Fixing large hold violations during routing might impact setup slack and result in more difficult timing closure
Related violations: <none>

TIMING-15#39 Warning
Large hold violation  
There is a large clock skew of 1.448 ns between ap_rst_n (clocked by ap_clk) and grp_run_fu_161/grp_runController_fu_106/grp_runQueryTile_fu_142/runQueryBlock_0_U0/grp_reciprocalColumns_fu_201/ap_return_0_preg_reg[30]/R (clocked by ap_clk) that results in large hold timing violation(s) of -1.418 ns. Fixing large hold violations during routing might impact setup slack and result in more difficult timing closure
Related violations: <none>

TIMING-15#40 Warning
Large hold violation  
There is a large clock skew of 1.448 ns between ap_rst_n (clocked by ap_clk) and grp_run_fu_161/grp_runController_fu_106/grp_runQueryTile_fu_142/runQueryBlock_0_U0/grp_reciprocalColumns_fu_201/ap_return_0_preg_reg[31]/R (clocked by ap_clk) that results in large hold timing violation(s) of -1.418 ns. Fixing large hold violations during routing might impact setup slack and result in more difficult timing closure
Related violations: <none>

TIMING-15#41 Warning
Large hold violation  
There is a large clock skew of 1.450 ns between ap_rst_n (clocked by ap_clk) and grp_run_fu_161/grp_runController_fu_106/grp_runQueryTile_fu_142/q0_U/mOutPtr_reg[0]/R (clocked by ap_clk) that results in large hold timing violation(s) of -1.420 ns. Fixing large hold violations during routing might impact setup slack and result in more difficult timing closure
Related violations: <none>

TIMING-15#42 Warning
Large hold violation  
There is a large clock skew of 1.450 ns between ap_rst_n (clocked by ap_clk) and grp_run_fu_161/grp_runController_fu_106/grp_runQueryTile_fu_142/q0_U/mOutPtr_reg[1]/R (clocked by ap_clk) that results in large hold timing violation(s) of -1.420 ns. Fixing large hold violations during routing might impact setup slack and result in more difficult timing closure
Related violations: <none>

TIMING-15#43 Warning
Large hold violation  
There is a large clock skew of 1.450 ns between ap_rst_n (clocked by ap_clk) and grp_run_fu_161/grp_runController_fu_106/grp_runQueryTile_fu_142/runQueryBlock_0_U0/grp_reciprocalColumns_fu_201/ap_return_0_preg_reg[26]/R (clocked by ap_clk) that results in large hold timing violation(s) of -1.418 ns. Fixing large hold violations during routing might impact setup slack and result in more difficult timing closure
Related violations: <none>

TIMING-15#44 Warning
Large hold violation  
There is a large clock skew of 1.452 ns between ap_rst_n (clocked by ap_clk) and grp_run_fu_161/grp_runController_fu_106/grp_runQueryTile_fu_142/kv0_U/empty_n_reg/R (clocked by ap_clk) that results in large hold timing violation(s) of -1.422 ns. Fixing large hold violations during routing might impact setup slack and result in more difficult timing closure
Related violations: <none>

TIMING-15#45 Warning
Large hold violation  
There is a large clock skew of 1.452 ns between ap_rst_n (clocked by ap_clk) and grp_run_fu_161/grp_runController_fu_106/grp_runQueryTile_fu_142/kv0_U/full_n_reg/S (clocked by ap_clk) that results in large hold timing violation(s) of -1.422 ns. Fixing large hold violations during routing might impact setup slack and result in more difficult timing closure
Related violations: <none>

TIMING-15#46 Warning
Large hold violation  
There is a large clock skew of 1.452 ns between ap_rst_n (clocked by ap_clk) and grp_run_fu_161/grp_runController_fu_106/grp_runQueryTile_fu_142/kv0_U/mOutPtr_reg[2]/R (clocked by ap_clk) that results in large hold timing violation(s) of -1.422 ns. Fixing large hold violations during routing might impact setup slack and result in more difficult timing closure
Related violations: <none>

TIMING-15#47 Warning
Large hold violation  
There is a large clock skew of 1.452 ns between ap_rst_n (clocked by ap_clk) and grp_run_fu_161/grp_runController_fu_106/grp_runQueryTile_fu_142/kv0_U/mOutPtr_reg[3]/R (clocked by ap_clk) that results in large hold timing violation(s) of -1.422 ns. Fixing large hold violations during routing might impact setup slack and result in more difficult timing closure
Related violations: <none>

TIMING-15#48 Warning
Large hold violation  
There is a large clock skew of 1.453 ns between ap_rst_n (clocked by ap_clk) and grp_run_fu_161/grp_runController_fu_106/grp_runQueryTile_fu_142/runQueryBlock_0_U0/grp_reciprocalColumns_fu_201/ap_return_0_preg_reg[28]/R (clocked by ap_clk) that results in large hold timing violation(s) of -1.421 ns. Fixing large hold violations during routing might impact setup slack and result in more difficult timing closure
Related violations: <none>

TIMING-15#49 Warning
Large hold violation  
There is a large clock skew of 1.456 ns between ap_rst_n (clocked by ap_clk) and grp_run_fu_161/grp_runController_fu_106/grp_runQueryTile_fu_142/runQueryBlock_0_U0/grp_reciprocalColumns_fu_201/ap_return_0_preg_reg[22]/R (clocked by ap_clk) that results in large hold timing violation(s) of -1.424 ns. Fixing large hold violations during routing might impact setup slack and result in more difficult timing closure
Related violations: <none>

TIMING-15#50 Warning
Large hold violation  
There is a large clock skew of 1.456 ns between ap_rst_n (clocked by ap_clk) and grp_run_fu_161/grp_runController_fu_106/grp_runQueryTile_fu_142/runQueryBlock_0_U0/grp_reciprocalColumns_fu_201/ap_return_0_preg_reg[23]/R (clocked by ap_clk) that results in large hold timing violation(s) of -1.424 ns. Fixing large hold violations during routing might impact setup slack and result in more difficult timing closure
Related violations: <none>

TIMING-15#51 Warning
Large hold violation  
There is a large clock skew of 1.457 ns between ap_rst_n (clocked by ap_clk) and grp_run_fu_161/grp_runController_fu_106/grp_runQueryTile_fu_142/kv0_U/mOutPtr_reg[0]/R (clocked by ap_clk) that results in large hold timing violation(s) of -1.427 ns. Fixing large hold violations during routing might impact setup slack and result in more difficult timing closure
Related violations: <none>

TIMING-15#52 Warning
Large hold violation  
There is a large clock skew of 1.457 ns between ap_rst_n (clocked by ap_clk) and grp_run_fu_161/grp_runController_fu_106/grp_runQueryTile_fu_142/kv1_U/addr_reg[0]/R (clocked by ap_clk) that results in large hold timing violation(s) of -1.425 ns. Fixing large hold violations during routing might impact setup slack and result in more difficult timing closure
Related violations: <none>

TIMING-15#53 Warning
Large hold violation  
There is a large clock skew of 1.457 ns between ap_rst_n (clocked by ap_clk) and grp_run_fu_161/grp_runController_fu_106/grp_runQueryTile_fu_142/kv1_U/addr_reg[1]/R (clocked by ap_clk) that results in large hold timing violation(s) of -1.425 ns. Fixing large hold violations during routing might impact setup slack and result in more difficult timing closure
Related violations: <none>

TIMING-15#54 Warning
Large hold violation  
There is a large clock skew of 1.457 ns between ap_rst_n (clocked by ap_clk) and grp_run_fu_161/grp_runController_fu_106/grp_runQueryTile_fu_142/kv1_U/addr_reg[2]/R (clocked by ap_clk) that results in large hold timing violation(s) of -1.425 ns. Fixing large hold violations during routing might impact setup slack and result in more difficult timing closure
Related violations: <none>

TIMING-15#55 Warning
Large hold violation  
There is a large clock skew of 1.457 ns between ap_rst_n (clocked by ap_clk) and grp_run_fu_161/grp_runController_fu_106/grp_runQueryTile_fu_142/runQueryBlock_0_U0/grp_reciprocalColumns_fu_201/ap_return_0_preg_reg[2]/R (clocked by ap_clk) that results in large hold timing violation(s) of -1.427 ns. Fixing large hold violations during routing might impact setup slack and result in more difficult timing closure
Related violations: <none>

TIMING-15#56 Warning
Large hold violation  
There is a large clock skew of 1.458 ns between ap_rst_n (clocked by ap_clk) and grp_run_fu_161/grp_runController_fu_106/grp_runQueryTile_fu_142/q1_U/mOutPtr_reg[1]/R (clocked by ap_clk) that results in large hold timing violation(s) of -1.428 ns. Fixing large hold violations during routing might impact setup slack and result in more difficult timing closure
Related violations: <none>

TIMING-15#57 Warning
Large hold violation  
There is a large clock skew of 1.458 ns between ap_rst_n (clocked by ap_clk) and grp_run_fu_161/grp_runController_fu_106/grp_runQueryTile_fu_142/runQueryBlock_0_U0/grp_reciprocalColumns_fu_201/ap_CS_fsm_reg[0]/S (clocked by ap_clk) that results in large hold timing violation(s) of -1.426 ns. Fixing large hold violations during routing might impact setup slack and result in more difficult timing closure
Related violations: <none>

TIMING-15#58 Warning
Large hold violation  
There is a large clock skew of 1.458 ns between ap_rst_n (clocked by ap_clk) and grp_run_fu_161/grp_runController_fu_106/grp_runQueryTile_fu_142/runQueryBlock_0_U0/grp_reciprocalColumns_fu_201/ap_return_0_preg_reg[0]/R (clocked by ap_clk) that results in large hold timing violation(s) of -1.426 ns. Fixing large hold violations during routing might impact setup slack and result in more difficult timing closure
Related violations: <none>

TIMING-15#59 Warning
Large hold violation  
There is a large clock skew of 1.458 ns between ap_rst_n (clocked by ap_clk) and grp_run_fu_161/grp_runController_fu_106/grp_runQueryTile_fu_142/runQueryBlock_0_U0/grp_reciprocalColumns_fu_201/ap_return_0_preg_reg[1]/R (clocked by ap_clk) that results in large hold timing violation(s) of -1.426 ns. Fixing large hold violations during routing might impact setup slack and result in more difficult timing closure
Related violations: <none>

TIMING-15#60 Warning
Large hold violation  
There is a large clock skew of 1.460 ns between ap_rst_n (clocked by ap_clk) and grp_run_fu_161/grp_runController_fu_106/grp_runQueryTile_fu_142/kv0_U/addr_reg[0]/R (clocked by ap_clk) that results in large hold timing violation(s) of -1.428 ns. Fixing large hold violations during routing might impact setup slack and result in more difficult timing closure
Related violations: <none>

TIMING-15#61 Warning
Large hold violation  
There is a large clock skew of 1.460 ns between ap_rst_n (clocked by ap_clk) and grp_run_fu_161/grp_runController_fu_106/grp_runQueryTile_fu_142/kv0_U/addr_reg[1]/R (clocked by ap_clk) that results in large hold timing violation(s) of -1.428 ns. Fixing large hold violations during routing might impact setup slack and result in more difficult timing closure
Related violations: <none>

TIMING-15#62 Warning
Large hold violation  
There is a large clock skew of 1.460 ns between ap_rst_n (clocked by ap_clk) and grp_run_fu_161/grp_runController_fu_106/grp_runQueryTile_fu_142/kv0_U/addr_reg[2]/R (clocked by ap_clk) that results in large hold timing violation(s) of -1.428 ns. Fixing large hold violations during routing might impact setup slack and result in more difficult timing closure
Related violations: <none>

TIMING-15#63 Warning
Large hold violation  
There is a large clock skew of 1.460 ns between ap_rst_n (clocked by ap_clk) and grp_run_fu_161/grp_runController_fu_106/grp_runQueryTile_fu_142/kv1_U/empty_n_reg/R (clocked by ap_clk) that results in large hold timing violation(s) of -1.428 ns. Fixing large hold violations during routing might impact setup slack and result in more difficult timing closure
Related violations: <none>

TIMING-15#64 Warning
Large hold violation  
There is a large clock skew of 1.460 ns between ap_rst_n (clocked by ap_clk) and grp_run_fu_161/grp_runController_fu_106/grp_runQueryTile_fu_142/kv1_U/full_n_reg/S (clocked by ap_clk) that results in large hold timing violation(s) of -1.428 ns. Fixing large hold violations during routing might impact setup slack and result in more difficult timing closure
Related violations: <none>

TIMING-15#65 Warning
Large hold violation  
There is a large clock skew of 1.460 ns between ap_rst_n (clocked by ap_clk) and grp_run_fu_161/grp_runController_fu_106/grp_runQueryTile_fu_142/kv1_U/mOutPtr_reg[2]/R (clocked by ap_clk) that results in large hold timing violation(s) of -1.428 ns. Fixing large hold violations during routing might impact setup slack and result in more difficult timing closure
Related violations: <none>

TIMING-15#66 Warning
Large hold violation  
There is a large clock skew of 1.460 ns between ap_rst_n (clocked by ap_clk) and grp_run_fu_161/grp_runController_fu_106/grp_runQueryTile_fu_142/kv1_U/mOutPtr_reg[3]/R (clocked by ap_clk) that results in large hold timing violation(s) of -1.428 ns. Fixing large hold violations during routing might impact setup slack and result in more difficult timing closure
Related violations: <none>

TIMING-15#67 Warning
Large hold violation  
There is a large clock skew of 1.461 ns between ap_rst_n (clocked by ap_clk) and grp_run_fu_161/grp_runController_fu_106/grp_runQueryTile_fu_142/kv0_U/mOutPtr_reg[1]/R (clocked by ap_clk) that results in large hold timing violation(s) of -1.429 ns. Fixing large hold violations during routing might impact setup slack and result in more difficult timing closure
Related violations: <none>

TIMING-15#68 Warning
Large hold violation  
There is a large clock skew of 1.461 ns between ap_rst_n (clocked by ap_clk) and grp_run_fu_161/grp_runController_fu_106/grp_runQueryTile_fu_142/kv1_U/mOutPtr_reg[0]/R (clocked by ap_clk) that results in large hold timing violation(s) of -1.429 ns. Fixing large hold violations during routing might impact setup slack and result in more difficult timing closure
Related violations: <none>

TIMING-15#69 Warning
Large hold violation  
There is a large clock skew of 1.461 ns between ap_rst_n (clocked by ap_clk) and grp_run_fu_161/grp_runController_fu_106/grp_runQueryTile_fu_142/kv1_U/mOutPtr_reg[1]/R (clocked by ap_clk) that results in large hold timing violation(s) of -1.429 ns. Fixing large hold violations during routing might impact setup slack and result in more difficult timing closure
Related violations: <none>

TIMING-15#70 Warning
Large hold violation  
There is a large clock skew of 1.463 ns between ap_rst_n (clocked by ap_clk) and grp_run_fu_161/grp_runController_fu_106/grp_runQueryTile_fu_142/q1_U/addr_reg[0]/R (clocked by ap_clk) that results in large hold timing violation(s) of -1.431 ns. Fixing large hold violations during routing might impact setup slack and result in more difficult timing closure
Related violations: <none>

TIMING-15#71 Warning
Large hold violation  
There is a large clock skew of 1.463 ns between ap_rst_n (clocked by ap_clk) and grp_run_fu_161/grp_runController_fu_106/grp_runQueryTile_fu_142/q1_U/addr_reg[1]/R (clocked by ap_clk) that results in large hold timing violation(s) of -1.431 ns. Fixing large hold violations during routing might impact setup slack and result in more difficult timing closure
Related violations: <none>

TIMING-15#72 Warning
Large hold violation  
There is a large clock skew of 1.463 ns between ap_rst_n (clocked by ap_clk) and grp_run_fu_161/grp_runController_fu_106/grp_runQueryTile_fu_142/q1_U/addr_reg[2]/R (clocked by ap_clk) that results in large hold timing violation(s) of -1.431 ns. Fixing large hold violations during routing might impact setup slack and result in more difficult timing closure
Related violations: <none>

TIMING-15#73 Warning
Large hold violation  
There is a large clock skew of 1.463 ns between ap_rst_n (clocked by ap_clk) and grp_run_fu_161/grp_runController_fu_106/grp_runQueryTile_fu_142/q1_U/empty_n_reg/R (clocked by ap_clk) that results in large hold timing violation(s) of -1.431 ns. Fixing large hold violations during routing might impact setup slack and result in more difficult timing closure
Related violations: <none>

TIMING-15#74 Warning
Large hold violation  
There is a large clock skew of 1.463 ns between ap_rst_n (clocked by ap_clk) and grp_run_fu_161/grp_runController_fu_106/grp_runQueryTile_fu_142/q1_U/full_n_reg/S (clocked by ap_clk) that results in large hold timing violation(s) of -1.431 ns. Fixing large hold violations during routing might impact setup slack and result in more difficult timing closure
Related violations: <none>

TIMING-15#75 Warning
Large hold violation  
There is a large clock skew of 1.463 ns between ap_rst_n (clocked by ap_clk) and grp_run_fu_161/grp_runController_fu_106/grp_runQueryTile_fu_142/q1_U/mOutPtr_reg[0]/R (clocked by ap_clk) that results in large hold timing violation(s) of -1.433 ns. Fixing large hold violations during routing might impact setup slack and result in more difficult timing closure
Related violations: <none>

TIMING-15#76 Warning
Large hold violation  
There is a large clock skew of 1.463 ns between ap_rst_n (clocked by ap_clk) and grp_run_fu_161/grp_runController_fu_106/grp_runQueryTile_fu_142/q1_U/mOutPtr_reg[2]/R (clocked by ap_clk) that results in large hold timing violation(s) of -1.431 ns. Fixing large hold violations during routing might impact setup slack and result in more difficult timing closure
Related violations: <none>

TIMING-15#77 Warning
Large hold violation  
There is a large clock skew of 1.463 ns between ap_rst_n (clocked by ap_clk) and grp_run_fu_161/grp_runController_fu_106/grp_runQueryTile_fu_142/q1_U/mOutPtr_reg[3]/R (clocked by ap_clk) that results in large hold timing violation(s) of -1.431 ns. Fixing large hold violations during routing might impact setup slack and result in more difficult timing closure
Related violations: <none>

TIMING-15#78 Warning
Large hold violation  
There is a large clock skew of 1.463 ns between ap_rst_n (clocked by ap_clk) and grp_run_fu_161/grp_runController_fu_106/grp_runQueryTile_fu_142/runQueryBlock_0_U0/grp_reciprocalColumns_fu_201/ap_CS_fsm_reg[10]/R (clocked by ap_clk) that results in large hold timing violation(s) of -1.431 ns. Fixing large hold violations during routing might impact setup slack and result in more difficult timing closure
Related violations: <none>

TIMING-15#79 Warning
Large hold violation  
There is a large clock skew of 1.463 ns between ap_rst_n (clocked by ap_clk) and grp_run_fu_161/grp_runController_fu_106/grp_runQueryTile_fu_142/runQueryBlock_0_U0/grp_reciprocalColumns_fu_201/ap_CS_fsm_reg[6]/R (clocked by ap_clk) that results in large hold timing violation(s) of -1.431 ns. Fixing large hold violations during routing might impact setup slack and result in more difficult timing closure
Related violations: <none>

TIMING-15#80 Warning
Large hold violation  
There is a large clock skew of 1.464 ns between ap_rst_n (clocked by ap_clk) and grp_run_fu_161/grp_runController_fu_106/grp_runQueryTile_fu_142/runQueryBlock_0_U0/grp_reciprocalColumns_fu_201/ap_CS_fsm_reg[1]/R (clocked by ap_clk) that results in large hold timing violation(s) of -1.432 ns. Fixing large hold violations during routing might impact setup slack and result in more difficult timing closure
Related violations: <none>

TIMING-15#81 Warning
Large hold violation  
There is a large clock skew of 1.464 ns between ap_rst_n (clocked by ap_clk) and grp_run_fu_161/grp_runController_fu_106/grp_runQueryTile_fu_142/runQueryBlock_0_U0/grp_reciprocalColumns_fu_201/ap_CS_fsm_reg[7]/R (clocked by ap_clk) that results in large hold timing violation(s) of -1.432 ns. Fixing large hold violations during routing might impact setup slack and result in more difficult timing closure
Related violations: <none>

TIMING-15#82 Warning
Large hold violation  
There is a large clock skew of 1.465 ns between ap_rst_n (clocked by ap_clk) and grp_run_fu_161/grp_runController_fu_106/grp_runQueryTile_fu_142/runQueryBlock_0_U0/grp_reciprocalColumns_fu_201/ap_CS_fsm_reg[2]/R (clocked by ap_clk) that results in large hold timing violation(s) of -1.433 ns. Fixing large hold violations during routing might impact setup slack and result in more difficult timing closure
Related violations: <none>

TIMING-15#83 Warning
Large hold violation  
There is a large clock skew of 1.465 ns between ap_rst_n (clocked by ap_clk) and grp_run_fu_161/grp_runController_fu_106/grp_runQueryTile_fu_142/runQueryBlock_0_U0/grp_reciprocalColumns_fu_201/ap_CS_fsm_reg[5]/R (clocked by ap_clk) that results in large hold timing violation(s) of -1.433 ns. Fixing large hold violations during routing might impact setup slack and result in more difficult timing closure
Related violations: <none>

TIMING-15#84 Warning
Large hold violation  
There is a large clock skew of 1.470 ns between ap_rst_n (clocked by ap_clk) and grp_run_fu_161/grp_runController_fu_106/grp_runQueryTile_fu_142/runQueryBlock_0_U0/ap_CS_fsm_reg[4]/R (clocked by ap_clk) that results in large hold timing violation(s) of -1.438 ns. Fixing large hold violations during routing might impact setup slack and result in more difficult timing closure
Related violations: <none>

TIMING-15#85 Warning
Large hold violation  
There is a large clock skew of 1.470 ns between ap_rst_n (clocked by ap_clk) and grp_run_fu_161/grp_runController_fu_106/grp_runQueryTile_fu_142/runQueryBlock_0_U0/ap_CS_fsm_reg[5]/R (clocked by ap_clk) that results in large hold timing violation(s) of -1.438 ns. Fixing large hold violations during routing might impact setup slack and result in more difficult timing closure
Related violations: <none>

TIMING-15#86 Warning
Large hold violation  
There is a large clock skew of 1.482 ns between ap_rst_n (clocked by ap_clk) and grp_run_fu_161/grp_runController_fu_106/grp_runQueryTile_fu_142/distributeQueryTile_U0/ap_CS_fsm_reg[62]/R (clocked by ap_clk) that results in large hold timing violation(s) of -1.450 ns. Fixing large hold violations during routing might impact setup slack and result in more difficult timing closure
Related violations: <none>

TIMING-15#87 Warning
Large hold violation  
There is a large clock skew of 1.484 ns between ap_rst_n (clocked by ap_clk) and grp_run_fu_161/grp_runController_fu_106/grp_runQueryTile_fu_142/distributeQueryTile_U0/ap_CS_fsm_reg[57]/R (clocked by ap_clk) that results in large hold timing violation(s) of -1.452 ns. Fixing large hold violations during routing might impact setup slack and result in more difficult timing closure
Related violations: <none>

TIMING-15#88 Warning
Large hold violation  
There is a large clock skew of 1.484 ns between ap_rst_n (clocked by ap_clk) and grp_run_fu_161/grp_runController_fu_106/grp_runQueryTile_fu_142/distributeQueryTile_U0/ap_CS_fsm_reg[58]/R (clocked by ap_clk) that results in large hold timing violation(s) of -1.452 ns. Fixing large hold violations during routing might impact setup slack and result in more difficult timing closure
Related violations: <none>

TIMING-15#89 Warning
Large hold violation  
There is a large clock skew of 1.484 ns between ap_rst_n (clocked by ap_clk) and grp_run_fu_161/grp_runController_fu_106/grp_runQueryTile_fu_142/distributeQueryTile_U0/ap_CS_fsm_reg[59]/R (clocked by ap_clk) that results in large hold timing violation(s) of -1.452 ns. Fixing large hold violations during routing might impact setup slack and result in more difficult timing closure
Related violations: <none>

TIMING-15#90 Warning
Large hold violation  
There is a large clock skew of 1.484 ns between ap_rst_n (clocked by ap_clk) and grp_run_fu_161/grp_runController_fu_106/grp_runQueryTile_fu_142/distributeQueryTile_U0/ap_CS_fsm_reg[60]/R (clocked by ap_clk) that results in large hold timing violation(s) of -1.452 ns. Fixing large hold violations during routing might impact setup slack and result in more difficult timing closure
Related violations: <none>

TIMING-15#91 Warning
Large hold violation  
There is a large clock skew of 1.484 ns between ap_rst_n (clocked by ap_clk) and grp_run_fu_161/grp_runController_fu_106/grp_runQueryTile_fu_142/distributeQueryTile_U0/ap_CS_fsm_reg[61]/R (clocked by ap_clk) that results in large hold timing violation(s) of -1.452 ns. Fixing large hold violations during routing might impact setup slack and result in more difficult timing closure
Related violations: <none>

TIMING-15#92 Warning
Large hold violation  
There is a large clock skew of 1.490 ns between ap_rst_n (clocked by ap_clk) and grp_run_fu_161/grp_runController_fu_106/grp_runQueryTile_fu_142/distributeQueryTile_U0/ap_CS_fsm_reg[63]/R (clocked by ap_clk) that results in large hold timing violation(s) of -1.458 ns. Fixing large hold violations during routing might impact setup slack and result in more difficult timing closure
Related violations: <none>

TIMING-15#93 Warning
Large hold violation  
There is a large clock skew of 1.490 ns between ap_rst_n (clocked by ap_clk) and grp_run_fu_161/grp_runController_fu_106/grp_runQueryTile_fu_142/distributeQueryTile_U0/ap_CS_fsm_reg[64]/R (clocked by ap_clk) that results in large hold timing violation(s) of -1.458 ns. Fixing large hold violations during routing might impact setup slack and result in more difficult timing closure
Related violations: <none>

TIMING-15#94 Warning
Large hold violation  
There is a large clock skew of 1.490 ns between ap_rst_n (clocked by ap_clk) and grp_run_fu_161/grp_runController_fu_106/grp_runQueryTile_fu_142/distributeQueryTile_U0/ap_CS_fsm_reg[65]/R (clocked by ap_clk) that results in large hold timing violation(s) of -1.458 ns. Fixing large hold violations during routing might impact setup slack and result in more difficult timing closure
Related violations: <none>

TIMING-15#95 Warning
Large hold violation  
There is a large clock skew of 1.490 ns between ap_rst_n (clocked by ap_clk) and grp_run_fu_161/grp_runController_fu_106/grp_runQueryTile_fu_142/distributeQueryTile_U0/ap_CS_fsm_reg[66]/R (clocked by ap_clk) that results in large hold timing violation(s) of -1.458 ns. Fixing large hold violations during routing might impact setup slack and result in more difficult timing closure
Related violations: <none>

TIMING-15#96 Warning
Large hold violation  
There is a large clock skew of 1.490 ns between ap_rst_n (clocked by ap_clk) and grp_run_fu_161/grp_runController_fu_106/grp_runQueryTile_fu_142/distributeQueryTile_U0/ap_CS_fsm_reg[67]/R (clocked by ap_clk) that results in large hold timing violation(s) of -1.458 ns. Fixing large hold violations during routing might impact setup slack and result in more difficult timing closure
Related violations: <none>

TIMING-15#97 Warning
Large hold violation  
There is a large clock skew of 1.490 ns between ap_rst_n (clocked by ap_clk) and grp_run_fu_161/grp_runController_fu_106/grp_runQueryTile_fu_142/distributeQueryTile_U0/ap_CS_fsm_reg[68]/R (clocked by ap_clk) that results in large hold timing violation(s) of -1.458 ns. Fixing large hold violations during routing might impact setup slack and result in more difficult timing closure
Related violations: <none>

TIMING-15#98 Warning
Large hold violation  
There is a large clock skew of 1.490 ns between ap_rst_n (clocked by ap_clk) and grp_run_fu_161/grp_runController_fu_106/grp_runQueryTile_fu_142/distributeQueryTile_U0/ap_CS_fsm_reg[69]/R (clocked by ap_clk) that results in large hold timing violation(s) of -1.458 ns. Fixing large hold violations during routing might impact setup slack and result in more difficult timing closure
Related violations: <none>

TIMING-15#99 Warning
Large hold violation  
There is a large clock skew of 1.490 ns between ap_rst_n (clocked by ap_clk) and grp_run_fu_161/grp_runController_fu_106/grp_runQueryTile_fu_142/distributeQueryTile_U0/ap_CS_fsm_reg[70]/R (clocked by ap_clk) that results in large hold timing violation(s) of -1.458 ns. Fixing large hold violations during routing might impact setup slack and result in more difficult timing closure
Related violations: <none>

TIMING-15#100 Warning
Large hold violation  
There is a large clock skew of 1.491 ns between ap_rst_n (clocked by ap_clk) and grp_run_fu_161/grp_runController_fu_106/grp_runQueryTile_fu_142/distributeQueryTile_U0/ap_CS_fsm_reg[1]/R (clocked by ap_clk) that results in large hold timing violation(s) of -1.459 ns. Fixing large hold violations during routing might impact setup slack and result in more difficult timing closure
Related violations: <none>

TIMING-15#101 Warning
Large hold violation  
There is a large clock skew of 1.491 ns between ap_rst_n (clocked by ap_clk) and grp_run_fu_161/grp_runController_fu_106/grp_runQueryTile_fu_142/distributeQueryTile_U0/ap_CS_fsm_reg[56]/R (clocked by ap_clk) that results in large hold timing violation(s) of -1.459 ns. Fixing large hold violations during routing might impact setup slack and result in more difficult timing closure
Related violations: <none>

TIMING-15#102 Warning
Large hold violation  
There is a large clock skew of 1.491 ns between ap_rst_n (clocked by ap_clk) and grp_run_fu_161/grp_runController_fu_106/grp_runQueryTile_fu_142/distributeQueryTile_U0/ap_CS_fsm_reg[71]/R (clocked by ap_clk) that results in large hold timing violation(s) of -1.459 ns. Fixing large hold violations during routing might impact setup slack and result in more difficult timing closure
Related violations: <none>

TIMING-15#103 Warning
Large hold violation  
There is a large clock skew of 1.491 ns between ap_rst_n (clocked by ap_clk) and grp_run_fu_161/grp_runController_fu_106/grp_runQueryTile_fu_142/gatherQueryTile_U0/ap_CS_fsm_reg[3]/R (clocked by ap_clk) that results in large hold timing violation(s) of -1.461 ns. Fixing large hold violations during routing might impact setup slack and result in more difficult timing closure
Related violations: <none>

TIMING-15#104 Warning
Large hold violation  
There is a large clock skew of 1.491 ns between ap_rst_n (clocked by ap_clk) and grp_run_fu_161/grp_runController_fu_106/grp_runQueryTile_fu_142/gatherQueryTile_U0/grp_gatherQueryTile_Pipeline_VITIS_LOOP_526_1_VITIS_LOOP_527_2_fu_106_ap_start_reg_reg/R (clocked by ap_clk) that results in large hold timing violation(s) of -1.461 ns. Fixing large hold violations during routing might impact setup slack and result in more difficult timing closure
Related violations: <none>

TIMING-15#105 Warning
Large hold violation  
There is a large clock skew of 1.492 ns between ap_rst_n (clocked by ap_clk) and grp_run_fu_161/grp_runController_fu_106/grp_runQueryTile_fu_142/gatherQueryTile_U0/ap_CS_fsm_reg[4]/R (clocked by ap_clk) that results in large hold timing violation(s) of -1.462 ns. Fixing large hold violations during routing might impact setup slack and result in more difficult timing closure
Related violations: <none>

TIMING-15#106 Warning
Large hold violation  
There is a large clock skew of 1.492 ns between ap_rst_n (clocked by ap_clk) and grp_run_fu_161/grp_runController_fu_106/grp_runQueryTile_fu_142/gatherQueryTile_U0/grp_gatherQueryTile_Pipeline_VITIS_LOOP_526_1_VITIS_LOOP_527_2_fu_106/flow_control_loop_pipe_sequential_init_U/ap_loop_init_int_reg/D (clocked by ap_clk) that results in large hold timing violation(s) of -1.499 ns. Fixing large hold violations during routing might impact setup slack and result in more difficult timing closure
Related violations: <none>

TIMING-15#107 Warning
Large hold violation  
There is a large clock skew of 1.493 ns between ap_rst_n (clocked by ap_clk) and grp_run_fu_161/grp_runController_fu_106/grp_runQueryTile_fu_142/gatherQueryTile_U0/grp_gatherQueryTile_Pipeline_VITIS_LOOP_526_1_VITIS_LOOP_527_2_fu_106/ap_enable_reg_pp0_iter1_reg/D (clocked by ap_clk) that results in large hold timing violation(s) of -1.438 ns. Fixing large hold violations during routing might impact setup slack and result in more difficult timing closure
Related violations: <none>

TIMING-15#108 Warning
Large hold violation  
There is a large clock skew of 1.494 ns between ap_rst_n (clocked by ap_clk) and grp_run_fu_161/grp_runController_fu_106/grp_runQueryTile_fu_142/distributeQueryTile_U0/ap_CS_fsm_reg[44]/R (clocked by ap_clk) that results in large hold timing violation(s) of -1.464 ns. Fixing large hold violations during routing might impact setup slack and result in more difficult timing closure
Related violations: <none>

TIMING-15#109 Warning
Large hold violation  
There is a large clock skew of 1.495 ns between ap_rst_n (clocked by ap_clk) and grp_run_fu_161/grp_runController_fu_106/grp_runQueryTile_fu_142/gatherQueryTile_U0/grp_storeOutputTile_fu_118/grp_storeOutputTile_Pipeline_VITIS_LOOP_76_1_fu_89_ap_start_reg_reg/R (clocked by ap_clk) that results in large hold timing violation(s) of -1.463 ns. Fixing large hold violations during routing might impact setup slack and result in more difficult timing closure
Related violations: <none>

TIMING-15#110 Warning
Large hold violation  
There is a large clock skew of 1.496 ns between ap_rst_n (clocked by ap_clk) and grp_run_fu_161/grp_runController_fu_106/grp_runQueryTile_fu_142/gatherQueryTile_U0/grp_storeOutputTile_fu_118/grp_storeOutputTile_Pipeline_VITIS_LOOP_76_1_fu_89/ap_enable_reg_pp0_iter2_reg/R (clocked by ap_clk) that results in large hold timing violation(s) of -1.464 ns. Fixing large hold violations during routing might impact setup slack and result in more difficult timing closure
Related violations: <none>

TIMING-15#111 Warning
Large hold violation  
There is a large clock skew of 1.497 ns between ap_rst_n (clocked by ap_clk) and grp_run_fu_161/grp_runController_fu_106/grp_runQueryTile_fu_142/gatherQueryTile_U0/grp_storeOutputTile_fu_118/grp_storeOutputTile_Pipeline_VITIS_LOOP_76_1_fu_89/flow_control_loop_pipe_sequential_init_U/ap_loop_init_int_reg/D (clocked by ap_clk) that results in large hold timing violation(s) of -1.490 ns. Fixing large hold violations during routing might impact setup slack and result in more difficult timing closure
Related violations: <none>

TIMING-15#112 Warning
Large hold violation  
There is a large clock skew of 1.499 ns between ap_rst_n (clocked by ap_clk) and grp_run_fu_161/grp_runController_fu_106/grp_runQueryTile_fu_142/distributeQueryTile_U0/ap_CS_fsm_reg[33]/R (clocked by ap_clk) that results in large hold timing violation(s) of -1.467 ns. Fixing large hold violations during routing might impact setup slack and result in more difficult timing closure
Related violations: <none>

TIMING-15#113 Warning
Large hold violation  
There is a large clock skew of 1.499 ns between ap_rst_n (clocked by ap_clk) and grp_run_fu_161/grp_runController_fu_106/grp_runQueryTile_fu_142/distributeQueryTile_U0/ap_CS_fsm_reg[34]/R (clocked by ap_clk) that results in large hold timing violation(s) of -1.467 ns. Fixing large hold violations during routing might impact setup slack and result in more difficult timing closure
Related violations: <none>

TIMING-15#114 Warning
Large hold violation  
There is a large clock skew of 1.499 ns between ap_rst_n (clocked by ap_clk) and grp_run_fu_161/grp_runController_fu_106/grp_runQueryTile_fu_142/distributeQueryTile_U0/ap_CS_fsm_reg[35]/R (clocked by ap_clk) that results in large hold timing violation(s) of -1.467 ns. Fixing large hold violations during routing might impact setup slack and result in more difficult timing closure
Related violations: <none>

TIMING-15#115 Warning
Large hold violation  
There is a large clock skew of 1.499 ns between ap_rst_n (clocked by ap_clk) and grp_run_fu_161/grp_runController_fu_106/grp_runQueryTile_fu_142/distributeQueryTile_U0/ap_CS_fsm_reg[36]/R (clocked by ap_clk) that results in large hold timing violation(s) of -1.467 ns. Fixing large hold violations during routing might impact setup slack and result in more difficult timing closure
Related violations: <none>

TIMING-15#116 Warning
Large hold violation  
There is a large clock skew of 1.499 ns between ap_rst_n (clocked by ap_clk) and grp_run_fu_161/grp_runController_fu_106/grp_runQueryTile_fu_142/distributeQueryTile_U0/ap_CS_fsm_reg[37]/R (clocked by ap_clk) that results in large hold timing violation(s) of -1.467 ns. Fixing large hold violations during routing might impact setup slack and result in more difficult timing closure
Related violations: <none>

TIMING-15#117 Warning
Large hold violation  
There is a large clock skew of 1.499 ns between ap_rst_n (clocked by ap_clk) and grp_run_fu_161/grp_runController_fu_106/grp_runQueryTile_fu_142/distributeQueryTile_U0/ap_CS_fsm_reg[45]/R (clocked by ap_clk) that results in large hold timing violation(s) of -1.467 ns. Fixing large hold violations during routing might impact setup slack and result in more difficult timing closure
Related violations: <none>

TIMING-15#118 Warning
Large hold violation  
There is a large clock skew of 1.499 ns between ap_rst_n (clocked by ap_clk) and grp_run_fu_161/grp_runController_fu_106/grp_runQueryTile_fu_142/distributeQueryTile_U0/ap_CS_fsm_reg[46]/R (clocked by ap_clk) that results in large hold timing violation(s) of -1.467 ns. Fixing large hold violations during routing might impact setup slack and result in more difficult timing closure
Related violations: <none>

TIMING-15#119 Warning
Large hold violation  
There is a large clock skew of 1.499 ns between ap_rst_n (clocked by ap_clk) and grp_run_fu_161/grp_runController_fu_106/grp_runQueryTile_fu_142/distributeQueryTile_U0/ap_CS_fsm_reg[47]/R (clocked by ap_clk) that results in large hold timing violation(s) of -1.467 ns. Fixing large hold violations during routing might impact setup slack and result in more difficult timing closure
Related violations: <none>

TIMING-15#120 Warning
Large hold violation  
There is a large clock skew of 1.500 ns between ap_rst_n (clocked by ap_clk) and grp_run_fu_161/grp_runController_fu_106/grp_runQueryTile_fu_142/distributeQueryTile_U0/ap_CS_fsm_reg[38]/R (clocked by ap_clk) that results in large hold timing violation(s) of -1.468 ns. Fixing large hold violations during routing might impact setup slack and result in more difficult timing closure
Related violations: <none>

TIMING-15#121 Warning
Large hold violation  
There is a large clock skew of 1.500 ns between ap_rst_n (clocked by ap_clk) and grp_run_fu_161/grp_runController_fu_106/grp_runQueryTile_fu_142/distributeQueryTile_U0/ap_CS_fsm_reg[39]/R (clocked by ap_clk) that results in large hold timing violation(s) of -1.468 ns. Fixing large hold violations during routing might impact setup slack and result in more difficult timing closure
Related violations: <none>

TIMING-15#122 Warning
Large hold violation  
There is a large clock skew of 1.500 ns between ap_rst_n (clocked by ap_clk) and grp_run_fu_161/grp_runController_fu_106/grp_runQueryTile_fu_142/distributeQueryTile_U0/ap_CS_fsm_reg[40]/R (clocked by ap_clk) that results in large hold timing violation(s) of -1.468 ns. Fixing large hold violations during routing might impact setup slack and result in more difficult timing closure
Related violations: <none>

TIMING-15#123 Warning
Large hold violation  
There is a large clock skew of 1.500 ns between ap_rst_n (clocked by ap_clk) and grp_run_fu_161/grp_runController_fu_106/grp_runQueryTile_fu_142/distributeQueryTile_U0/ap_CS_fsm_reg[41]/R (clocked by ap_clk) that results in large hold timing violation(s) of -1.468 ns. Fixing large hold violations during routing might impact setup slack and result in more difficult timing closure
Related violations: <none>

TIMING-15#124 Warning
Large hold violation  
There is a large clock skew of 1.500 ns between ap_rst_n (clocked by ap_clk) and grp_run_fu_161/grp_runController_fu_106/grp_runQueryTile_fu_142/distributeQueryTile_U0/ap_CS_fsm_reg[42]/R (clocked by ap_clk) that results in large hold timing violation(s) of -1.468 ns. Fixing large hold violations during routing might impact setup slack and result in more difficult timing closure
Related violations: <none>

TIMING-15#125 Warning
Large hold violation  
There is a large clock skew of 1.500 ns between ap_rst_n (clocked by ap_clk) and grp_run_fu_161/grp_runController_fu_106/grp_runQueryTile_fu_142/distributeQueryTile_U0/ap_CS_fsm_reg[43]/R (clocked by ap_clk) that results in large hold timing violation(s) of -1.468 ns. Fixing large hold violations during routing might impact setup slack and result in more difficult timing closure
Related violations: <none>

TIMING-15#126 Warning
Large hold violation  
There is a large clock skew of 1.500 ns between ap_rst_n (clocked by ap_clk) and grp_run_fu_161/grp_runController_fu_106/grp_runQueryTile_fu_142/distributeQueryTile_U0/ap_CS_fsm_reg[48]/R (clocked by ap_clk) that results in large hold timing violation(s) of -1.468 ns. Fixing large hold violations during routing might impact setup slack and result in more difficult timing closure
Related violations: <none>

TIMING-15#127 Warning
Large hold violation  
There is a large clock skew of 1.500 ns between ap_rst_n (clocked by ap_clk) and grp_run_fu_161/grp_runController_fu_106/grp_runQueryTile_fu_142/distributeQueryTile_U0/ap_CS_fsm_reg[49]/R (clocked by ap_clk) that results in large hold timing violation(s) of -1.468 ns. Fixing large hold violations during routing might impact setup slack and result in more difficult timing closure
Related violations: <none>

TIMING-15#128 Warning
Large hold violation  
There is a large clock skew of 1.500 ns between ap_rst_n (clocked by ap_clk) and grp_run_fu_161/grp_runController_fu_106/grp_runQueryTile_fu_142/runQueryBlock_0_U0/grp_reciprocalColumns_fu_201/ap_CS_fsm_reg[8]/R (clocked by ap_clk) that results in large hold timing violation(s) of -1.470 ns. Fixing large hold violations during routing might impact setup slack and result in more difficult timing closure
Related violations: <none>

TIMING-15#129 Warning
Large hold violation  
There is a large clock skew of 1.500 ns between ap_rst_n (clocked by ap_clk) and grp_run_fu_161/grp_runController_fu_106/grp_runQueryTile_fu_142/runQueryBlock_0_U0/grp_reciprocalColumns_fu_201/ap_CS_fsm_reg[9]/R (clocked by ap_clk) that results in large hold timing violation(s) of -1.470 ns. Fixing large hold violations during routing might impact setup slack and result in more difficult timing closure
Related violations: <none>

TIMING-15#130 Warning
Large hold violation  
There is a large clock skew of 1.501 ns between ap_rst_n (clocked by ap_clk) and grp_run_fu_161/grp_runController_fu_106/grp_runQueryTile_fu_142/gatherQueryTile_U0/ap_CS_fsm_reg[1]/R (clocked by ap_clk) that results in large hold timing violation(s) of -1.469 ns. Fixing large hold violations during routing might impact setup slack and result in more difficult timing closure
Related violations: <none>

TIMING-15#131 Warning
Large hold violation  
There is a large clock skew of 1.501 ns between ap_rst_n (clocked by ap_clk) and grp_run_fu_161/grp_runController_fu_106/grp_runQueryTile_fu_142/gatherQueryTile_U0/grp_gatherQueryTile_Pipeline_1_fu_94_ap_start_reg_reg/R (clocked by ap_clk) that results in large hold timing violation(s) of -1.469 ns. Fixing large hold violations during routing might impact setup slack and result in more difficult timing closure
Related violations: <none>

TIMING-15#132 Warning
Large hold violation  
There is a large clock skew of 1.501 ns between ap_rst_n (clocked by ap_clk) and grp_run_fu_161/grp_runController_fu_106/grp_runQueryTile_fu_142/gatherQueryTile_U0/grp_gatherQueryTile_Pipeline_VITIS_LOOP_526_1_VITIS_LOOP_527_2_fu_106/flow_control_loop_pipe_sequential_init_U/ap_done_cache_reg/D (clocked by ap_clk) that results in large hold timing violation(s) of -1.498 ns. Fixing large hold violations during routing might impact setup slack and result in more difficult timing closure
Related violations: <none>

TIMING-15#133 Warning
Large hold violation  
There is a large clock skew of 1.502 ns between ap_rst_n (clocked by ap_clk) and grp_run_fu_161/grp_runController_fu_106/grp_runQueryTile_fu_142/distributeQueryTile_U0/grp_distributeQueryTile_Pipeline_VITIS_LOOP_501_3_VITIS_LOOP_506_4_VITIS_LOOP_507_5_fu_220/ap_enable_reg_pp0_iter70_reg/R (clocked by ap_clk) that results in large hold timing violation(s) of -1.472 ns. Fixing large hold violations during routing might impact setup slack and result in more difficult timing closure
Related violations: <none>

TIMING-15#134 Warning
Large hold violation  
There is a large clock skew of 1.502 ns between ap_rst_n (clocked by ap_clk) and grp_run_fu_161/grp_runController_fu_106/grp_runQueryTile_fu_142/distributeQueryTile_U0/grp_distributeQueryTile_Pipeline_VITIS_LOOP_501_3_VITIS_LOOP_506_4_VITIS_LOOP_507_5_fu_220/ap_enable_reg_pp0_iter71_reg/R (clocked by ap_clk) that results in large hold timing violation(s) of -1.472 ns. Fixing large hold violations during routing might impact setup slack and result in more difficult timing closure
Related violations: <none>

TIMING-15#135 Warning
Large hold violation  
There is a large clock skew of 1.502 ns between ap_rst_n (clocked by ap_clk) and grp_run_fu_161/grp_runController_fu_106/grp_runQueryTile_fu_142/distributeQueryTile_U0/grp_distributeQueryTile_Pipeline_VITIS_LOOP_501_3_VITIS_LOOP_506_4_VITIS_LOOP_507_5_fu_220/ap_enable_reg_pp0_iter72_reg/R (clocked by ap_clk) that results in large hold timing violation(s) of -1.472 ns. Fixing large hold violations during routing might impact setup slack and result in more difficult timing closure
Related violations: <none>

TIMING-15#136 Warning
Large hold violation  
There is a large clock skew of 1.502 ns between ap_rst_n (clocked by ap_clk) and grp_run_fu_161/grp_runController_fu_106/grp_runQueryTile_fu_142/distributeQueryTile_U0/grp_distributeQueryTile_Pipeline_VITIS_LOOP_501_3_VITIS_LOOP_506_4_VITIS_LOOP_507_5_fu_220/ap_enable_reg_pp0_iter73_reg/R (clocked by ap_clk) that results in large hold timing violation(s) of -1.472 ns. Fixing large hold violations during routing might impact setup slack and result in more difficult timing closure
Related violations: <none>

TIMING-15#137 Warning
Large hold violation  
There is a large clock skew of 1.502 ns between ap_rst_n (clocked by ap_clk) and grp_run_fu_161/grp_runController_fu_106/grp_runQueryTile_fu_142/gatherQueryTile_U0/ap_CS_fsm_reg[2]/R (clocked by ap_clk) that results in large hold timing violation(s) of -1.470 ns. Fixing large hold violations during routing might impact setup slack and result in more difficult timing closure
Related violations: <none>

TIMING-15#138 Warning
Large hold violation  
There is a large clock skew of 1.505 ns between ap_rst_n (clocked by ap_clk) and grp_run_fu_161/grp_runController_fu_106/grp_runQueryTile_fu_142/distributeQueryTile_U0/ap_CS_fsm_reg[72]/R (clocked by ap_clk) that results in large hold timing violation(s) of -1.473 ns. Fixing large hold violations during routing might impact setup slack and result in more difficult timing closure
Related violations: <none>

TIMING-15#139 Warning
Large hold violation  
There is a large clock skew of 1.505 ns between ap_rst_n (clocked by ap_clk) and grp_run_fu_161/grp_runController_fu_106/grp_runQueryTile_fu_142/distributeQueryTile_U0/ap_CS_fsm_reg[74]/R (clocked by ap_clk) that results in large hold timing violation(s) of -1.473 ns. Fixing large hold violations during routing might impact setup slack and result in more difficult timing closure
Related violations: <none>

TIMING-15#140 Warning
Large hold violation  
There is a large clock skew of 1.505 ns between ap_rst_n (clocked by ap_clk) and grp_run_fu_161/grp_runController_fu_106/grp_runQueryTile_fu_142/distributeQueryTile_U0/grp_distributeQueryTile_Pipeline_VITIS_LOOP_489_1_VITIS_LOOP_490_2_fu_208/ap_enable_reg_pp0_iter2_reg/R (clocked by ap_clk) that results in large hold timing violation(s) of -1.473 ns. Fixing large hold violations during routing might impact setup slack and result in more difficult timing closure
Related violations: <none>

TIMING-15#141 Warning
Large hold violation  
There is a large clock skew of 1.506 ns between ap_rst_n (clocked by ap_clk) and grp_run_fu_161/grp_runController_fu_106/grp_runQueryTile_fu_142/distributeQueryTile_U0/grp_distributeQueryTile_Pipeline_VITIS_LOOP_489_1_VITIS_LOOP_490_2_fu_208/ap_enable_reg_pp0_iter1_reg/D (clocked by ap_clk) that results in large hold timing violation(s) of -1.508 ns. Fixing large hold violations during routing might impact setup slack and result in more difficult timing closure
Related violations: <none>

TIMING-15#142 Warning
Large hold violation  
There is a large clock skew of 1.506 ns between ap_rst_n (clocked by ap_clk) and grp_run_fu_161/grp_runController_fu_106/grp_runQueryTile_fu_142/runQueryBlock_0_U0/grp_reciprocalColumns_fu_201/ap_return_0_preg_reg[14]/R (clocked by ap_clk) that results in large hold timing violation(s) of -1.476 ns. Fixing large hold violations during routing might impact setup slack and result in more difficult timing closure
Related violations: <none>

TIMING-15#143 Warning
Large hold violation  
There is a large clock skew of 1.506 ns between ap_rst_n (clocked by ap_clk) and grp_run_fu_161/grp_runController_fu_106/grp_runQueryTile_fu_142/runQueryBlock_0_U0/grp_reciprocalColumns_fu_201/ap_return_0_preg_reg[15]/R (clocked by ap_clk) that results in large hold timing violation(s) of -1.476 ns. Fixing large hold violations during routing might impact setup slack and result in more difficult timing closure
Related violations: <none>

TIMING-15#144 Warning
Large hold violation  
There is a large clock skew of 1.507 ns between ap_rst_n (clocked by ap_clk) and grp_run_fu_161/grp_runController_fu_106/grp_runQueryTile_fu_142/distributeQueryTile_U0/grp_distributeQueryTile_Pipeline_VITIS_LOOP_501_3_VITIS_LOOP_506_4_VITIS_LOOP_507_5_fu_220/ap_enable_reg_pp0_iter63_reg/R (clocked by ap_clk) that results in large hold timing violation(s) of -1.477 ns. Fixing large hold violations during routing might impact setup slack and result in more difficult timing closure
Related violations: <none>

TIMING-15#145 Warning
Large hold violation  
There is a large clock skew of 1.507 ns between ap_rst_n (clocked by ap_clk) and grp_run_fu_161/grp_runController_fu_106/grp_runQueryTile_fu_142/distributeQueryTile_U0/grp_distributeQueryTile_Pipeline_VITIS_LOOP_501_3_VITIS_LOOP_506_4_VITIS_LOOP_507_5_fu_220/ap_enable_reg_pp0_iter64_reg/R (clocked by ap_clk) that results in large hold timing violation(s) of -1.477 ns. Fixing large hold violations during routing might impact setup slack and result in more difficult timing closure
Related violations: <none>

TIMING-15#146 Warning
Large hold violation  
There is a large clock skew of 1.507 ns between ap_rst_n (clocked by ap_clk) and grp_run_fu_161/grp_runController_fu_106/grp_runQueryTile_fu_142/distributeQueryTile_U0/grp_distributeQueryTile_Pipeline_VITIS_LOOP_501_3_VITIS_LOOP_506_4_VITIS_LOOP_507_5_fu_220/ap_enable_reg_pp0_iter65_reg/R (clocked by ap_clk) that results in large hold timing violation(s) of -1.477 ns. Fixing large hold violations during routing might impact setup slack and result in more difficult timing closure
Related violations: <none>

TIMING-15#147 Warning
Large hold violation  
There is a large clock skew of 1.507 ns between ap_rst_n (clocked by ap_clk) and grp_run_fu_161/grp_runController_fu_106/grp_runQueryTile_fu_142/distributeQueryTile_U0/grp_distributeQueryTile_Pipeline_VITIS_LOOP_501_3_VITIS_LOOP_506_4_VITIS_LOOP_507_5_fu_220/ap_enable_reg_pp0_iter66_reg/R (clocked by ap_clk) that results in large hold timing violation(s) of -1.477 ns. Fixing large hold violations during routing might impact setup slack and result in more difficult timing closure
Related violations: <none>

TIMING-15#148 Warning
Large hold violation  
There is a large clock skew of 1.507 ns between ap_rst_n (clocked by ap_clk) and grp_run_fu_161/grp_runController_fu_106/grp_runQueryTile_fu_142/distributeQueryTile_U0/grp_distributeQueryTile_Pipeline_VITIS_LOOP_501_3_VITIS_LOOP_506_4_VITIS_LOOP_507_5_fu_220/ap_enable_reg_pp0_iter67_reg/R (clocked by ap_clk) that results in large hold timing violation(s) of -1.477 ns. Fixing large hold violations during routing might impact setup slack and result in more difficult timing closure
Related violations: <none>

TIMING-15#149 Warning
Large hold violation  
There is a large clock skew of 1.507 ns between ap_rst_n (clocked by ap_clk) and grp_run_fu_161/grp_runController_fu_106/grp_runQueryTile_fu_142/distributeQueryTile_U0/grp_distributeQueryTile_Pipeline_VITIS_LOOP_501_3_VITIS_LOOP_506_4_VITIS_LOOP_507_5_fu_220/ap_enable_reg_pp0_iter68_reg/R (clocked by ap_clk) that results in large hold timing violation(s) of -1.477 ns. Fixing large hold violations during routing might impact setup slack and result in more difficult timing closure
Related violations: <none>

TIMING-15#150 Warning
Large hold violation  
There is a large clock skew of 1.507 ns between ap_rst_n (clocked by ap_clk) and grp_run_fu_161/grp_runController_fu_106/grp_runQueryTile_fu_142/distributeQueryTile_U0/grp_distributeQueryTile_Pipeline_VITIS_LOOP_501_3_VITIS_LOOP_506_4_VITIS_LOOP_507_5_fu_220/ap_enable_reg_pp0_iter69_reg/R (clocked by ap_clk) that results in large hold timing violation(s) of -1.477 ns. Fixing large hold violations during routing might impact setup slack and result in more difficult timing closure
Related violations: <none>

TIMING-15#151 Warning
Large hold violation  
There is a large clock skew of 1.508 ns between ap_rst_n (clocked by ap_clk) and grp_run_fu_161/grp_runController_fu_106/grp_runQueryTile_fu_142/runQueryBlock_0_U0/grp_reciprocalColumns_fu_201/ap_return_0_preg_reg[20]/R (clocked by ap_clk) that results in large hold timing violation(s) of -1.476 ns. Fixing large hold violations during routing might impact setup slack and result in more difficult timing closure
Related violations: <none>

TIMING-15#152 Warning
Large hold violation  
There is a large clock skew of 1.508 ns between ap_rst_n (clocked by ap_clk) and grp_run_fu_161/grp_runController_fu_106/grp_runQueryTile_fu_142/runQueryBlock_0_U0/grp_reciprocalColumns_fu_201/ap_return_0_preg_reg[21]/R (clocked by ap_clk) that results in large hold timing violation(s) of -1.476 ns. Fixing large hold violations during routing might impact setup slack and result in more difficult timing closure
Related violations: <none>

TIMING-15#153 Warning
Large hold violation  
There is a large clock skew of 1.511 ns between ap_rst_n (clocked by ap_clk) and grp_run_fu_161/grp_runController_fu_106/grp_runQueryTile_fu_142/runQueryBlock_0_U0/grp_reciprocalColumns_fu_201/ap_CS_fsm_reg[3]/R (clocked by ap_clk) that results in large hold timing violation(s) of -1.479 ns. Fixing large hold violations during routing might impact setup slack and result in more difficult timing closure
Related violations: <none>

TIMING-15#154 Warning
Large hold violation  
There is a large clock skew of 1.511 ns between ap_rst_n (clocked by ap_clk) and grp_run_fu_161/grp_runController_fu_106/grp_runQueryTile_fu_142/runQueryBlock_0_U0/grp_reciprocalColumns_fu_201/ap_CS_fsm_reg[4]/R (clocked by ap_clk) that results in large hold timing violation(s) of -1.479 ns. Fixing large hold violations during routing might impact setup slack and result in more difficult timing closure
Related violations: <none>

TIMING-15#155 Warning
Large hold violation  
There is a large clock skew of 1.513 ns between ap_rst_n (clocked by ap_clk) and grp_run_fu_161/grp_runController_fu_106/grp_runQueryTile_fu_142/runQueryBlock_0_U0/grp_reciprocalColumns_fu_201/ap_return_0_preg_reg[12]/R (clocked by ap_clk) that results in large hold timing violation(s) of -1.483 ns. Fixing large hold violations during routing might impact setup slack and result in more difficult timing closure
Related violations: <none>

TIMING-15#156 Warning
Large hold violation  
There is a large clock skew of 1.513 ns between ap_rst_n (clocked by ap_clk) and grp_run_fu_161/grp_runController_fu_106/grp_runQueryTile_fu_142/runQueryBlock_0_U0/grp_reciprocalColumns_fu_201/ap_return_0_preg_reg[13]/R (clocked by ap_clk) that results in large hold timing violation(s) of -1.483 ns. Fixing large hold violations during routing might impact setup slack and result in more difficult timing closure
Related violations: <none>

TIMING-15#157 Warning
Large hold violation  
There is a large clock skew of 1.520 ns between ap_rst_n (clocked by ap_clk) and grp_run_fu_161/grp_runController_fu_106/grp_runQueryTile_fu_142/distributeQueryTile_U0/grp_distributeQueryTile_Pipeline_VITIS_LOOP_501_3_VITIS_LOOP_506_4_VITIS_LOOP_507_5_fu_220/ap_enable_reg_pp0_iter58_reg/R (clocked by ap_clk) that results in large hold timing violation(s) of -1.490 ns. Fixing large hold violations during routing might impact setup slack and result in more difficult timing closure
Related violations: <none>

TIMING-15#158 Warning
Large hold violation  
There is a large clock skew of 1.520 ns between ap_rst_n (clocked by ap_clk) and grp_run_fu_161/grp_runController_fu_106/grp_runQueryTile_fu_142/distributeQueryTile_U0/grp_distributeQueryTile_Pipeline_VITIS_LOOP_501_3_VITIS_LOOP_506_4_VITIS_LOOP_507_5_fu_220/ap_enable_reg_pp0_iter59_reg/R (clocked by ap_clk) that results in large hold timing violation(s) of -1.490 ns. Fixing large hold violations during routing might impact setup slack and result in more difficult timing closure
Related violations: <none>

TIMING-15#159 Warning
Large hold violation  
There is a large clock skew of 1.520 ns between ap_rst_n (clocked by ap_clk) and grp_run_fu_161/grp_runController_fu_106/grp_runQueryTile_fu_142/distributeQueryTile_U0/grp_distributeQueryTile_Pipeline_VITIS_LOOP_501_3_VITIS_LOOP_506_4_VITIS_LOOP_507_5_fu_220/ap_enable_reg_pp0_iter60_reg/R (clocked by ap_clk) that results in large hold timing violation(s) of -1.490 ns. Fixing large hold violations during routing might impact setup slack and result in more difficult timing closure
Related violations: <none>

TIMING-15#160 Warning
Large hold violation  
There is a large clock skew of 1.520 ns between ap_rst_n (clocked by ap_clk) and grp_run_fu_161/grp_runController_fu_106/grp_runQueryTile_fu_142/distributeQueryTile_U0/grp_distributeQueryTile_Pipeline_VITIS_LOOP_501_3_VITIS_LOOP_506_4_VITIS_LOOP_507_5_fu_220/ap_enable_reg_pp0_iter61_reg/R (clocked by ap_clk) that results in large hold timing violation(s) of -1.490 ns. Fixing large hold violations during routing might impact setup slack and result in more difficult timing closure
Related violations: <none>

TIMING-15#161 Warning
Large hold violation  
There is a large clock skew of 1.520 ns between ap_rst_n (clocked by ap_clk) and grp_run_fu_161/grp_runController_fu_106/grp_runQueryTile_fu_142/distributeQueryTile_U0/grp_distributeQueryTile_Pipeline_VITIS_LOOP_501_3_VITIS_LOOP_506_4_VITIS_LOOP_507_5_fu_220/ap_enable_reg_pp0_iter62_reg/R (clocked by ap_clk) that results in large hold timing violation(s) of -1.490 ns. Fixing large hold violations during routing might impact setup slack and result in more difficult timing closure
Related violations: <none>

TIMING-15#162 Warning
Large hold violation  
There is a large clock skew of 1.521 ns between ap_rst_n (clocked by ap_clk) and grp_run_fu_161/grp_runController_fu_106/grp_runQueryTile_fu_142/runQueryBlock_0_U0/grp_reciprocalColumns_fu_201/ap_return_0_preg_reg[18]/R (clocked by ap_clk) that results in large hold timing violation(s) of -1.489 ns. Fixing large hold violations during routing might impact setup slack and result in more difficult timing closure
Related violations: <none>

TIMING-15#163 Warning
Large hold violation  
There is a large clock skew of 1.521 ns between ap_rst_n (clocked by ap_clk) and grp_run_fu_161/grp_runController_fu_106/grp_runQueryTile_fu_142/runQueryBlock_0_U0/grp_reciprocalColumns_fu_201/ap_return_0_preg_reg[19]/R (clocked by ap_clk) that results in large hold timing violation(s) of -1.489 ns. Fixing large hold violations during routing might impact setup slack and result in more difficult timing closure
Related violations: <none>

TIMING-15#164 Warning
Large hold violation  
There is a large clock skew of 1.528 ns between ap_rst_n (clocked by ap_clk) and grp_run_fu_161/grp_runController_fu_106/grp_runQueryTile_fu_142/runQueryBlock_0_U0/grp_reciprocalColumns_fu_201/ap_return_0_preg_reg[10]/R (clocked by ap_clk) that results in large hold timing violation(s) of -1.496 ns. Fixing large hold violations during routing might impact setup slack and result in more difficult timing closure
Related violations: <none>

TIMING-15#165 Warning
Large hold violation  
There is a large clock skew of 1.528 ns between ap_rst_n (clocked by ap_clk) and grp_run_fu_161/grp_runController_fu_106/grp_runQueryTile_fu_142/runQueryBlock_0_U0/grp_reciprocalColumns_fu_201/ap_return_0_preg_reg[11]/R (clocked by ap_clk) that results in large hold timing violation(s) of -1.496 ns. Fixing large hold violations during routing might impact setup slack and result in more difficult timing closure
Related violations: <none>

TIMING-15#166 Warning
Large hold violation  
There is a large clock skew of 1.528 ns between ap_rst_n (clocked by ap_clk) and grp_run_fu_161/grp_runController_fu_106/grp_runQueryTile_fu_142/runQueryBlock_0_U0/grp_reciprocalColumns_fu_201/ap_return_0_preg_reg[16]/R (clocked by ap_clk) that results in large hold timing violation(s) of -1.496 ns. Fixing large hold violations during routing might impact setup slack and result in more difficult timing closure
Related violations: <none>

TIMING-15#167 Warning
Large hold violation  
There is a large clock skew of 1.528 ns between ap_rst_n (clocked by ap_clk) and grp_run_fu_161/grp_runController_fu_106/grp_runQueryTile_fu_142/runQueryBlock_0_U0/grp_reciprocalColumns_fu_201/ap_return_0_preg_reg[17]/R (clocked by ap_clk) that results in large hold timing violation(s) of -1.496 ns. Fixing large hold violations during routing might impact setup slack and result in more difficult timing closure
Related violations: <none>

TIMING-15#168 Warning
Large hold violation  
There is a large clock skew of 1.532 ns between ap_rst_n (clocked by ap_clk) and grp_run_fu_161/grp_runController_fu_106/grp_runQueryTile_fu_142/distributeQueryTile_U0/grp_distributeQueryTile_Pipeline_VITIS_LOOP_501_3_VITIS_LOOP_506_4_VITIS_LOOP_507_5_fu_220/ap_enable_reg_pp0_iter74_reg/R (clocked by ap_clk) that results in large hold timing violation(s) of -1.500 ns. Fixing large hold violations during routing might impact setup slack and result in more difficult timing closure
Related violations: <none>

TIMING-15#169 Warning
Large hold violation  
There is a large clock skew of 1.542 ns between ap_rst_n (clocked by ap_clk) and grp_run_fu_161/grp_runController_fu_106/grp_runQueryTile_fu_142/runQueryBlock_0_U0/ap_CS_fsm_reg[0]/S (clocked by ap_clk) that results in large hold timing violation(s) of -1.512 ns. Fixing large hold violations during routing might impact setup slack and result in more difficult timing closure
Related violations: <none>

TIMING-15#170 Warning
Large hold violation  
There is a large clock skew of 1.545 ns between ap_rst_n (clocked by ap_clk) and grp_run_fu_161/grp_runController_fu_106/grp_runQueryTile_fu_142/distributeQueryTile_U0/ap_CS_fsm_reg[9]/R (clocked by ap_clk) that results in large hold timing violation(s) of -1.513 ns. Fixing large hold violations during routing might impact setup slack and result in more difficult timing closure
Related violations: <none>

TIMING-15#171 Warning
Large hold violation  
There is a large clock skew of 1.546 ns between ap_rst_n (clocked by ap_clk) and grp_run_fu_161/grp_runController_fu_106/grp_runQueryTile_fu_142/distributeQueryTile_U0/ap_CS_fsm_reg[10]/R (clocked by ap_clk) that results in large hold timing violation(s) of -1.514 ns. Fixing large hold violations during routing might impact setup slack and result in more difficult timing closure
Related violations: <none>

TIMING-15#172 Warning
Large hold violation  
There is a large clock skew of 1.546 ns between ap_rst_n (clocked by ap_clk) and grp_run_fu_161/grp_runController_fu_106/grp_runQueryTile_fu_142/distributeQueryTile_U0/ap_CS_fsm_reg[11]/R (clocked by ap_clk) that results in large hold timing violation(s) of -1.514 ns. Fixing large hold violations during routing might impact setup slack and result in more difficult timing closure
Related violations: <none>

TIMING-15#173 Warning
Large hold violation  
There is a large clock skew of 1.546 ns between ap_rst_n (clocked by ap_clk) and grp_run_fu_161/grp_runController_fu_106/grp_runQueryTile_fu_142/distributeQueryTile_U0/ap_CS_fsm_reg[12]/R (clocked by ap_clk) that results in large hold timing violation(s) of -1.514 ns. Fixing large hold violations during routing might impact setup slack and result in more difficult timing closure
Related violations: <none>

TIMING-15#174 Warning
Large hold violation  
There is a large clock skew of 1.546 ns between ap_rst_n (clocked by ap_clk) and grp_run_fu_161/grp_runController_fu_106/grp_runQueryTile_fu_142/distributeQueryTile_U0/ap_CS_fsm_reg[13]/R (clocked by ap_clk) that results in large hold timing violation(s) of -1.514 ns. Fixing large hold violations during routing might impact setup slack and result in more difficult timing closure
Related violations: <none>

TIMING-15#175 Warning
Large hold violation  
There is a large clock skew of 1.546 ns between ap_rst_n (clocked by ap_clk) and grp_run_fu_161/grp_runController_fu_106/grp_runQueryTile_fu_142/distributeQueryTile_U0/ap_CS_fsm_reg[14]/R (clocked by ap_clk) that results in large hold timing violation(s) of -1.514 ns. Fixing large hold violations during routing might impact setup slack and result in more difficult timing closure
Related violations: <none>

TIMING-15#176 Warning
Large hold violation  
There is a large clock skew of 1.546 ns between ap_rst_n (clocked by ap_clk) and grp_run_fu_161/grp_runController_fu_106/grp_runQueryTile_fu_142/gatherQueryTile_U0/grp_storeOutputTile_fu_118/ap_CS_fsm_reg[1]/R (clocked by ap_clk) that results in large hold timing violation(s) of -1.516 ns. Fixing large hold violations during routing might impact setup slack and result in more difficult timing closure
Related violations: <none>

TIMING-15#177 Warning
Large hold violation  
There is a large clock skew of 1.547 ns between ap_rst_n (clocked by ap_clk) and grp_run_fu_161/grp_runController_fu_106/grp_runQueryTile_fu_142/distributeQueryTile_U0/ap_CS_fsm_reg[15]/R (clocked by ap_clk) that results in large hold timing violation(s) of -1.515 ns. Fixing large hold violations during routing might impact setup slack and result in more difficult timing closure
Related violations: <none>

TIMING-15#178 Warning
Large hold violation  
There is a large clock skew of 1.547 ns between ap_rst_n (clocked by ap_clk) and grp_run_fu_161/grp_runController_fu_106/grp_runQueryTile_fu_142/distributeQueryTile_U0/ap_CS_fsm_reg[16]/R (clocked by ap_clk) that results in large hold timing violation(s) of -1.515 ns. Fixing large hold violations during routing might impact setup slack and result in more difficult timing closure
Related violations: <none>

TIMING-15#179 Warning
Large hold violation  
There is a large clock skew of 1.547 ns between ap_rst_n (clocked by ap_clk) and grp_run_fu_161/grp_runController_fu_106/grp_runQueryTile_fu_142/distributeQueryTile_U0/ap_CS_fsm_reg[17]/R (clocked by ap_clk) that results in large hold timing violation(s) of -1.515 ns. Fixing large hold violations during routing might impact setup slack and result in more difficult timing closure
Related violations: <none>

TIMING-15#180 Warning
Large hold violation  
There is a large clock skew of 1.547 ns between ap_rst_n (clocked by ap_clk) and grp_run_fu_161/grp_runController_fu_106/grp_runQueryTile_fu_142/distributeQueryTile_U0/ap_CS_fsm_reg[18]/R (clocked by ap_clk) that results in large hold timing violation(s) of -1.515 ns. Fixing large hold violations during routing might impact setup slack and result in more difficult timing closure
Related violations: <none>

TIMING-15#181 Warning
Large hold violation  
There is a large clock skew of 1.547 ns between ap_rst_n (clocked by ap_clk) and grp_run_fu_161/grp_runController_fu_106/grp_runQueryTile_fu_142/distributeQueryTile_U0/ap_CS_fsm_reg[19]/R (clocked by ap_clk) that results in large hold timing violation(s) of -1.515 ns. Fixing large hold violations during routing might impact setup slack and result in more difficult timing closure
Related violations: <none>

TIMING-15#182 Warning
Large hold violation  
There is a large clock skew of 1.547 ns between ap_rst_n (clocked by ap_clk) and grp_run_fu_161/grp_runController_fu_106/grp_runQueryTile_fu_142/distributeQueryTile_U0/ap_CS_fsm_reg[8]/R (clocked by ap_clk) that results in large hold timing violation(s) of -1.515 ns. Fixing large hold violations during routing might impact setup slack and result in more difficult timing closure
Related violations: <none>

TIMING-15#183 Warning
Large hold violation  
There is a large clock skew of 1.548 ns between ap_rst_n (clocked by ap_clk) and grp_run_fu_161/grp_runController_fu_106/grp_runQueryTile_fu_142/distributeQueryTile_U0/grp_distributeQueryTile_Pipeline_VITIS_LOOP_501_3_VITIS_LOOP_506_4_VITIS_LOOP_507_5_fu_220/ap_enable_reg_pp0_iter54_reg/R (clocked by ap_clk) that results in large hold timing violation(s) of -1.518 ns. Fixing large hold violations during routing might impact setup slack and result in more difficult timing closure
Related violations: <none>

TIMING-15#184 Warning
Large hold violation  
There is a large clock skew of 1.548 ns between ap_rst_n (clocked by ap_clk) and grp_run_fu_161/grp_runController_fu_106/grp_runQueryTile_fu_142/header0_U/empty_n_reg/R (clocked by ap_clk) that results in large hold timing violation(s) of -1.516 ns. Fixing large hold violations during routing might impact setup slack and result in more difficult timing closure
Related violations: <none>

TIMING-15#185 Warning
Large hold violation  
There is a large clock skew of 1.548 ns between ap_rst_n (clocked by ap_clk) and grp_run_fu_161/grp_runController_fu_106/grp_runQueryTile_fu_142/header0_U/full_n_reg/S (clocked by ap_clk) that results in large hold timing violation(s) of -1.516 ns. Fixing large hold violations during routing might impact setup slack and result in more difficult timing closure
Related violations: <none>

TIMING-15#186 Warning
Large hold violation  
There is a large clock skew of 1.549 ns between ap_rst_n (clocked by ap_clk) and grp_run_fu_161/grp_runController_fu_106/grp_runQueryTile_fu_142/distributeQueryTile_U0/ap_CS_fsm_reg[20]/R (clocked by ap_clk) that results in large hold timing violation(s) of -1.517 ns. Fixing large hold violations during routing might impact setup slack and result in more difficult timing closure
Related violations: <none>

TIMING-15#187 Warning
Large hold violation  
There is a large clock skew of 1.549 ns between ap_rst_n (clocked by ap_clk) and grp_run_fu_161/grp_runController_fu_106/grp_runQueryTile_fu_142/distributeQueryTile_U0/ap_CS_fsm_reg[21]/R (clocked by ap_clk) that results in large hold timing violation(s) of -1.517 ns. Fixing large hold violations during routing might impact setup slack and result in more difficult timing closure
Related violations: <none>

TIMING-15#188 Warning
Large hold violation  
There is a large clock skew of 1.549 ns between ap_rst_n (clocked by ap_clk) and grp_run_fu_161/grp_runController_fu_106/grp_runQueryTile_fu_142/distributeQueryTile_U0/ap_CS_fsm_reg[22]/R (clocked by ap_clk) that results in large hold timing violation(s) of -1.517 ns. Fixing large hold violations during routing might impact setup slack and result in more difficult timing closure
Related violations: <none>

TIMING-15#189 Warning
Large hold violation  
There is a large clock skew of 1.549 ns between ap_rst_n (clocked by ap_clk) and grp_run_fu_161/grp_runController_fu_106/grp_runQueryTile_fu_142/distributeQueryTile_U0/ap_CS_fsm_reg[23]/R (clocked by ap_clk) that results in large hold timing violation(s) of -1.517 ns. Fixing large hold violations during routing might impact setup slack and result in more difficult timing closure
Related violations: <none>

TIMING-15#190 Warning
Large hold violation  
There is a large clock skew of 1.549 ns between ap_rst_n (clocked by ap_clk) and grp_run_fu_161/grp_runController_fu_106/grp_runQueryTile_fu_142/distributeQueryTile_U0/ap_CS_fsm_reg[24]/R (clocked by ap_clk) that results in large hold timing violation(s) of -1.517 ns. Fixing large hold violations during routing might impact setup slack and result in more difficult timing closure
Related violations: <none>

TIMING-15#191 Warning
Large hold violation  
There is a large clock skew of 1.549 ns between ap_rst_n (clocked by ap_clk) and grp_run_fu_161/grp_runController_fu_106/grp_runQueryTile_fu_142/distributeQueryTile_U0/ap_CS_fsm_reg[25]/R (clocked by ap_clk) that results in large hold timing violation(s) of -1.517 ns. Fixing large hold violations during routing might impact setup slack and result in more difficult timing closure
Related violations: <none>

TIMING-15#192 Warning
Large hold violation  
There is a large clock skew of 1.549 ns between ap_rst_n (clocked by ap_clk) and grp_run_fu_161/grp_runController_fu_106/grp_runQueryTile_fu_142/distributeQueryTile_U0/ap_CS_fsm_reg[26]/R (clocked by ap_clk) that results in large hold timing violation(s) of -1.517 ns. Fixing large hold violations during routing might impact setup slack and result in more difficult timing closure
Related violations: <none>

TIMING-15#193 Warning
Large hold violation  
There is a large clock skew of 1.549 ns between ap_rst_n (clocked by ap_clk) and grp_run_fu_161/grp_runController_fu_106/grp_runQueryTile_fu_142/distributeQueryTile_U0/ap_CS_fsm_reg[27]/R (clocked by ap_clk) that results in large hold timing violation(s) of -1.517 ns. Fixing large hold violations during routing might impact setup slack and result in more difficult timing closure
Related violations: <none>

TIMING-15#194 Warning
Large hold violation  
There is a large clock skew of 1.549 ns between ap_rst_n (clocked by ap_clk) and grp_run_fu_161/grp_runController_fu_106/grp_runQueryTile_fu_142/distributeQueryTile_U0/ap_CS_fsm_reg[28]/R (clocked by ap_clk) that results in large hold timing violation(s) of -1.517 ns. Fixing large hold violations during routing might impact setup slack and result in more difficult timing closure
Related violations: <none>

TIMING-15#195 Warning
Large hold violation  
There is a large clock skew of 1.549 ns between ap_rst_n (clocked by ap_clk) and grp_run_fu_161/grp_runController_fu_106/grp_runQueryTile_fu_142/distributeQueryTile_U0/ap_CS_fsm_reg[2]/R (clocked by ap_clk) that results in large hold timing violation(s) of -1.517 ns. Fixing large hold violations during routing might impact setup slack and result in more difficult timing closure
Related violations: <none>

TIMING-15#196 Warning
Large hold violation  
There is a large clock skew of 1.549 ns between ap_rst_n (clocked by ap_clk) and grp_run_fu_161/grp_runController_fu_106/grp_runQueryTile_fu_142/distributeQueryTile_U0/ap_CS_fsm_reg[3]/R (clocked by ap_clk) that results in large hold timing violation(s) of -1.517 ns. Fixing large hold violations during routing might impact setup slack and result in more difficult timing closure
Related violations: <none>

TIMING-15#197 Warning
Large hold violation  
There is a large clock skew of 1.549 ns between ap_rst_n (clocked by ap_clk) and grp_run_fu_161/grp_runController_fu_106/grp_runQueryTile_fu_142/distributeQueryTile_U0/ap_CS_fsm_reg[4]/R (clocked by ap_clk) that results in large hold timing violation(s) of -1.517 ns. Fixing large hold violations during routing might impact setup slack and result in more difficult timing closure
Related violations: <none>

TIMING-15#198 Warning
Large hold violation  
There is a large clock skew of 1.549 ns between ap_rst_n (clocked by ap_clk) and grp_run_fu_161/grp_runController_fu_106/grp_runQueryTile_fu_142/distributeQueryTile_U0/ap_CS_fsm_reg[50]/R (clocked by ap_clk) that results in large hold timing violation(s) of -1.517 ns. Fixing large hold violations during routing might impact setup slack and result in more difficult timing closure
Related violations: <none>

TIMING-15#199 Warning
Large hold violation  
There is a large clock skew of 1.549 ns between ap_rst_n (clocked by ap_clk) and grp_run_fu_161/grp_runController_fu_106/grp_runQueryTile_fu_142/distributeQueryTile_U0/ap_CS_fsm_reg[51]/R (clocked by ap_clk) that results in large hold timing violation(s) of -1.517 ns. Fixing large hold violations during routing might impact setup slack and result in more difficult timing closure
Related violations: <none>

TIMING-15#200 Warning
Large hold violation  
There is a large clock skew of 1.549 ns between ap_rst_n (clocked by ap_clk) and grp_run_fu_161/grp_runController_fu_106/grp_runQueryTile_fu_142/distributeQueryTile_U0/ap_CS_fsm_reg[52]/R (clocked by ap_clk) that results in large hold timing violation(s) of -1.517 ns. Fixing large hold violations during routing might impact setup slack and result in more difficult timing closure
Related violations: <none>

TIMING-15#201 Warning
Large hold violation  
There is a large clock skew of 1.549 ns between ap_rst_n (clocked by ap_clk) and grp_run_fu_161/grp_runController_fu_106/grp_runQueryTile_fu_142/distributeQueryTile_U0/ap_CS_fsm_reg[53]/R (clocked by ap_clk) that results in large hold timing violation(s) of -1.517 ns. Fixing large hold violations during routing might impact setup slack and result in more difficult timing closure
Related violations: <none>

TIMING-15#202 Warning
Large hold violation  
There is a large clock skew of 1.549 ns between ap_rst_n (clocked by ap_clk) and grp_run_fu_161/grp_runController_fu_106/grp_runQueryTile_fu_142/distributeQueryTile_U0/ap_CS_fsm_reg[54]/R (clocked by ap_clk) that results in large hold timing violation(s) of -1.517 ns. Fixing large hold violations during routing might impact setup slack and result in more difficult timing closure
Related violations: <none>

TIMING-15#203 Warning
Large hold violation  
There is a large clock skew of 1.549 ns between ap_rst_n (clocked by ap_clk) and grp_run_fu_161/grp_runController_fu_106/grp_runQueryTile_fu_142/distributeQueryTile_U0/ap_CS_fsm_reg[55]/R (clocked by ap_clk) that results in large hold timing violation(s) of -1.517 ns. Fixing large hold violations during routing might impact setup slack and result in more difficult timing closure
Related violations: <none>

TIMING-15#204 Warning
Large hold violation  
There is a large clock skew of 1.549 ns between ap_rst_n (clocked by ap_clk) and grp_run_fu_161/grp_runController_fu_106/grp_runQueryTile_fu_142/distributeQueryTile_U0/ap_CS_fsm_reg[5]/R (clocked by ap_clk) that results in large hold timing violation(s) of -1.517 ns. Fixing large hold violations during routing might impact setup slack and result in more difficult timing closure
Related violations: <none>

TIMING-15#205 Warning
Large hold violation  
There is a large clock skew of 1.549 ns between ap_rst_n (clocked by ap_clk) and grp_run_fu_161/grp_runController_fu_106/grp_runQueryTile_fu_142/distributeQueryTile_U0/ap_CS_fsm_reg[6]/R (clocked by ap_clk) that results in large hold timing violation(s) of -1.517 ns. Fixing large hold violations during routing might impact setup slack and result in more difficult timing closure
Related violations: <none>

TIMING-15#206 Warning
Large hold violation  
There is a large clock skew of 1.549 ns between ap_rst_n (clocked by ap_clk) and grp_run_fu_161/grp_runController_fu_106/grp_runQueryTile_fu_142/distributeQueryTile_U0/ap_CS_fsm_reg[7]/R (clocked by ap_clk) that results in large hold timing violation(s) of -1.517 ns. Fixing large hold violations during routing might impact setup slack and result in more difficult timing closure
Related violations: <none>

TIMING-15#207 Warning
Large hold violation  
There is a large clock skew of 1.549 ns between ap_rst_n (clocked by ap_clk) and grp_run_fu_161/grp_runController_fu_106/grp_runQueryTile_fu_142/distributeQueryTile_U0/grp_distributeQueryTile_Pipeline_VITIS_LOOP_501_3_VITIS_LOOP_506_4_VITIS_LOOP_507_5_fu_220/ap_enable_reg_pp0_iter56_reg/R (clocked by ap_clk) that results in large hold timing violation(s) of -1.519 ns. Fixing large hold violations during routing might impact setup slack and result in more difficult timing closure
Related violations: <none>

TIMING-15#208 Warning
Large hold violation  
There is a large clock skew of 1.549 ns between ap_rst_n (clocked by ap_clk) and grp_run_fu_161/grp_runController_fu_106/grp_runQueryTile_fu_142/distributeQueryTile_U0/grp_distributeQueryTile_Pipeline_VITIS_LOOP_501_3_VITIS_LOOP_506_4_VITIS_LOOP_507_5_fu_220/ap_enable_reg_pp0_iter57_reg/R (clocked by ap_clk) that results in large hold timing violation(s) of -1.517 ns. Fixing large hold violations during routing might impact setup slack and result in more difficult timing closure
Related violations: <none>

TIMING-15#209 Warning
Large hold violation  
There is a large clock skew of 1.549 ns between ap_rst_n (clocked by ap_clk) and grp_run_fu_161/grp_runController_fu_106/grp_runQueryTile_fu_142/header0_U/addr_reg[0]/R (clocked by ap_clk) that results in large hold timing violation(s) of -1.517 ns. Fixing large hold violations during routing might impact setup slack and result in more difficult timing closure
Related violations: <none>

TIMING-15#210 Warning
Large hold violation  
There is a large clock skew of 1.549 ns between ap_rst_n (clocked by ap_clk) and grp_run_fu_161/grp_runController_fu_106/grp_runQueryTile_fu_142/header0_U/mOutPtr_reg[0]/R (clocked by ap_clk) that results in large hold timing violation(s) of -1.517 ns. Fixing large hold violations during routing might impact setup slack and result in more difficult timing closure
Related violations: <none>

TIMING-15#211 Warning
Large hold violation  
There is a large clock skew of 1.549 ns between ap_rst_n (clocked by ap_clk) and grp_run_fu_161/grp_runController_fu_106/grp_runQueryTile_fu_142/header0_U/mOutPtr_reg[1]/R (clocked by ap_clk) that results in large hold timing violation(s) of -1.517 ns. Fixing large hold violations during routing might impact setup slack and result in more difficult timing closure
Related violations: <none>

TIMING-15#212 Warning
Large hold violation  
There is a large clock skew of 1.549 ns between ap_rst_n (clocked by ap_clk) and grp_run_fu_161/grp_runController_fu_106/grp_runQueryTile_fu_142/header0_U/mOutPtr_reg[2]/R (clocked by ap_clk) that results in large hold timing violation(s) of -1.517 ns. Fixing large hold violations during routing might impact setup slack and result in more difficult timing closure
Related violations: <none>

TIMING-15#213 Warning
Large hold violation  
There is a large clock skew of 1.550 ns between ap_rst_n (clocked by ap_clk) and grp_run_fu_161/grp_runController_fu_106/grp_runQueryTile_fu_142/distributeQueryTile_U0/ap_CS_fsm_reg[29]/R (clocked by ap_clk) that results in large hold timing violation(s) of -1.518 ns. Fixing large hold violations during routing might impact setup slack and result in more difficult timing closure
Related violations: <none>

TIMING-15#214 Warning
Large hold violation  
There is a large clock skew of 1.550 ns between ap_rst_n (clocked by ap_clk) and grp_run_fu_161/grp_runController_fu_106/grp_runQueryTile_fu_142/distributeQueryTile_U0/ap_CS_fsm_reg[30]/R (clocked by ap_clk) that results in large hold timing violation(s) of -1.518 ns. Fixing large hold violations during routing might impact setup slack and result in more difficult timing closure
Related violations: <none>

TIMING-15#215 Warning
Large hold violation  
There is a large clock skew of 1.550 ns between ap_rst_n (clocked by ap_clk) and grp_run_fu_161/grp_runController_fu_106/grp_runQueryTile_fu_142/distributeQueryTile_U0/ap_CS_fsm_reg[31]/R (clocked by ap_clk) that results in large hold timing violation(s) of -1.518 ns. Fixing large hold violations during routing might impact setup slack and result in more difficult timing closure
Related violations: <none>

TIMING-15#216 Warning
Large hold violation  
There is a large clock skew of 1.550 ns between ap_rst_n (clocked by ap_clk) and grp_run_fu_161/grp_runController_fu_106/grp_runQueryTile_fu_142/distributeQueryTile_U0/ap_CS_fsm_reg[32]/R (clocked by ap_clk) that results in large hold timing violation(s) of -1.518 ns. Fixing large hold violations during routing might impact setup slack and result in more difficult timing closure
Related violations: <none>

TIMING-15#217 Warning
Large hold violation  
There is a large clock skew of 1.550 ns between ap_rst_n (clocked by ap_clk) and grp_run_fu_161/grp_runController_fu_106/grp_runQueryTile_fu_142/gatherQueryTile_U0/grp_storeOutputTile_fu_118/ap_CS_fsm_reg[4]/R (clocked by ap_clk) that results in large hold timing violation(s) of -1.520 ns. Fixing large hold violations during routing might impact setup slack and result in more difficult timing closure
Related violations: <none>

TIMING-15#218 Warning
Large hold violation  
There is a large clock skew of 1.551 ns between ap_rst_n (clocked by ap_clk) and grp_run_fu_161/grp_runController_fu_106/grp_runQueryTile_fu_142/distributeQueryTile_U0/grp_distributeQueryTile_Pipeline_VITIS_LOOP_501_3_VITIS_LOOP_506_4_VITIS_LOOP_507_5_fu_220/ap_enable_reg_pp0_iter55_reg/R (clocked by ap_clk) that results in large hold timing violation(s) of -1.521 ns. Fixing large hold violations during routing might impact setup slack and result in more difficult timing closure
Related violations: <none>

TIMING-15#219 Warning
Large hold violation  
There is a large clock skew of 1.553 ns between ap_rst_n (clocked by ap_clk) and grp_run_fu_161/grp_runController_fu_106/grp_runQueryTile_fu_142/distributeQueryTile_U0/ap_CS_fsm_reg[73]/R (clocked by ap_clk) that results in large hold timing violation(s) of -1.523 ns. Fixing large hold violations during routing might impact setup slack and result in more difficult timing closure
Related violations: <none>

TIMING-15#220 Warning
Large hold violation  
There is a large clock skew of 1.553 ns between ap_rst_n (clocked by ap_clk) and grp_run_fu_161/grp_runController_fu_106/grp_runQueryTile_fu_142/distributeQueryTile_U0/grp_distributeQueryTile_Pipeline_VITIS_LOOP_501_3_VITIS_LOOP_506_4_VITIS_LOOP_507_5_fu_220/ap_enable_reg_pp0_iter51_reg/R (clocked by ap_clk) that results in large hold timing violation(s) of -1.521 ns. Fixing large hold violations during routing might impact setup slack and result in more difficult timing closure
Related violations: <none>

TIMING-15#221 Warning
Large hold violation  
There is a large clock skew of 1.553 ns between ap_rst_n (clocked by ap_clk) and grp_run_fu_161/grp_runController_fu_106/grp_runQueryTile_fu_142/distributeQueryTile_U0/grp_distributeQueryTile_Pipeline_VITIS_LOOP_501_3_VITIS_LOOP_506_4_VITIS_LOOP_507_5_fu_220/ap_enable_reg_pp0_iter52_reg/R (clocked by ap_clk) that results in large hold timing violation(s) of -1.521 ns. Fixing large hold violations during routing might impact setup slack and result in more difficult timing closure
Related violations: <none>

TIMING-15#222 Warning
Large hold violation  
There is a large clock skew of 1.553 ns between ap_rst_n (clocked by ap_clk) and grp_run_fu_161/grp_runController_fu_106/grp_runQueryTile_fu_142/distributeQueryTile_U0/grp_distributeQueryTile_Pipeline_VITIS_LOOP_501_3_VITIS_LOOP_506_4_VITIS_LOOP_507_5_fu_220/ap_enable_reg_pp0_iter53_reg/R (clocked by ap_clk) that results in large hold timing violation(s) of -1.521 ns. Fixing large hold violations during routing might impact setup slack and result in more difficult timing closure
Related violations: <none>

TIMING-15#223 Warning
Large hold violation  
There is a large clock skew of 1.554 ns between ap_rst_n (clocked by ap_clk) and grp_run_fu_161/grp_runController_fu_106/grp_runQueryTile_fu_142/gatherQueryTile_U0/ap_CS_fsm_reg[5]/R (clocked by ap_clk) that results in large hold timing violation(s) of -1.524 ns. Fixing large hold violations during routing might impact setup slack and result in more difficult timing closure
Related violations: <none>

TIMING-15#224 Warning
Large hold violation  
There is a large clock skew of 1.554 ns between ap_rst_n (clocked by ap_clk) and grp_run_fu_161/grp_runController_fu_106/grp_runQueryTile_fu_142/gatherQueryTile_U0/grp_storeOutputTile_fu_118_ap_start_reg_reg/R (clocked by ap_clk) that results in large hold timing violation(s) of -1.524 ns. Fixing large hold violations during routing might impact setup slack and result in more difficult timing closure
Related violations: <none>

TIMING-15#225 Warning
Large hold violation  
There is a large clock skew of 1.555 ns between ap_rst_n (clocked by ap_clk) and grp_run_fu_161/grp_runController_fu_106/grp_runQueryTile_fu_142/gatherQueryTile_U0/grp_storeOutputTile_fu_118/ap_CS_fsm_reg[5]/R (clocked by ap_clk) that results in large hold timing violation(s) of -1.525 ns. Fixing large hold violations during routing might impact setup slack and result in more difficult timing closure
Related violations: <none>

TIMING-15#226 Warning
Large hold violation  
There is a large clock skew of 1.556 ns between ap_rst_n (clocked by ap_clk) and grp_run_fu_161/grp_runController_fu_106/grp_runQueryTile_fu_142/distributeQueryTile_U0/grp_distributeQueryTile_Pipeline_VITIS_LOOP_489_1_VITIS_LOOP_490_2_fu_208_ap_start_reg_reg/R (clocked by ap_clk) that results in large hold timing violation(s) of -1.524 ns. Fixing large hold violations during routing might impact setup slack and result in more difficult timing closure
Related violations: <none>

TIMING-15#227 Warning
Large hold violation  
There is a large clock skew of 1.557 ns between ap_rst_n (clocked by ap_clk) and grp_run_fu_161/grp_runController_fu_106/grp_runQueryTile_fu_142/gatherQueryTile_U0/grp_storeOutputTile_fu_118/ap_CS_fsm_reg[71]/R (clocked by ap_clk) that results in large hold timing violation(s) of -1.527 ns. Fixing large hold violations during routing might impact setup slack and result in more difficult timing closure
Related violations: <none>

TIMING-15#228 Warning
Large hold violation  
There is a large clock skew of 1.558 ns between ap_rst_n (clocked by ap_clk) and grp_run_fu_161/grp_runController_fu_106/grp_runQueryTile_fu_142/distributeQueryTile_U0/grp_distributeQueryTile_Pipeline_VITIS_LOOP_501_3_VITIS_LOOP_506_4_VITIS_LOOP_507_5_fu_220/ap_enable_reg_pp0_iter50_reg/R (clocked by ap_clk) that results in large hold timing violation(s) of -1.526 ns. Fixing large hold violations during routing might impact setup slack and result in more difficult timing closure
Related violations: <none>

TIMING-15#229 Warning
Large hold violation  
There is a large clock skew of 1.559 ns between ap_rst_n (clocked by ap_clk) and grp_run_fu_161/grp_runController_fu_106/grp_runQueryTile_fu_142/distributeQueryTile_U0/grp_distributeQueryTile_Pipeline_VITIS_LOOP_501_3_VITIS_LOOP_506_4_VITIS_LOOP_507_5_fu_220/ap_enable_reg_pp0_iter49_reg/R (clocked by ap_clk) that results in large hold timing violation(s) of -1.527 ns. Fixing large hold violations during routing might impact setup slack and result in more difficult timing closure
Related violations: <none>

TIMING-15#230 Warning
Large hold violation  
There is a large clock skew of 1.560 ns between ap_rst_n (clocked by ap_clk) and grp_run_fu_161/grp_runController_fu_106/grp_runQueryTile_fu_142/distributeQueryTile_U0/grp_distributeQueryTile_Pipeline_VITIS_LOOP_501_3_VITIS_LOOP_506_4_VITIS_LOOP_507_5_fu_220/ap_enable_reg_pp0_iter44_reg/R (clocked by ap_clk) that results in large hold timing violation(s) of -1.528 ns. Fixing large hold violations during routing might impact setup slack and result in more difficult timing closure
Related violations: <none>

TIMING-15#231 Warning
Large hold violation  
There is a large clock skew of 1.560 ns between ap_rst_n (clocked by ap_clk) and grp_run_fu_161/grp_runController_fu_106/grp_runQueryTile_fu_142/distributeQueryTile_U0/grp_distributeQueryTile_Pipeline_VITIS_LOOP_501_3_VITIS_LOOP_506_4_VITIS_LOOP_507_5_fu_220/ap_enable_reg_pp0_iter45_reg/R (clocked by ap_clk) that results in large hold timing violation(s) of -1.528 ns. Fixing large hold violations during routing might impact setup slack and result in more difficult timing closure
Related violations: <none>

TIMING-15#232 Warning
Large hold violation  
There is a large clock skew of 1.560 ns between ap_rst_n (clocked by ap_clk) and grp_run_fu_161/grp_runController_fu_106/grp_runQueryTile_fu_142/distributeQueryTile_U0/grp_distributeQueryTile_Pipeline_VITIS_LOOP_501_3_VITIS_LOOP_506_4_VITIS_LOOP_507_5_fu_220/ap_enable_reg_pp0_iter46_reg/R (clocked by ap_clk) that results in large hold timing violation(s) of -1.528 ns. Fixing large hold violations during routing might impact setup slack and result in more difficult timing closure
Related violations: <none>

TIMING-15#233 Warning
Large hold violation  
There is a large clock skew of 1.560 ns between ap_rst_n (clocked by ap_clk) and grp_run_fu_161/grp_runController_fu_106/grp_runQueryTile_fu_142/distributeQueryTile_U0/grp_distributeQueryTile_Pipeline_VITIS_LOOP_501_3_VITIS_LOOP_506_4_VITIS_LOOP_507_5_fu_220/ap_enable_reg_pp0_iter47_reg/R (clocked by ap_clk) that results in large hold timing violation(s) of -1.528 ns. Fixing large hold violations during routing might impact setup slack and result in more difficult timing closure
Related violations: <none>

TIMING-15#234 Warning
Large hold violation  
There is a large clock skew of 1.560 ns between ap_rst_n (clocked by ap_clk) and grp_run_fu_161/grp_runController_fu_106/grp_runQueryTile_fu_142/distributeQueryTile_U0/grp_distributeQueryTile_Pipeline_VITIS_LOOP_501_3_VITIS_LOOP_506_4_VITIS_LOOP_507_5_fu_220/ap_enable_reg_pp0_iter48_reg/R (clocked by ap_clk) that results in large hold timing violation(s) of -1.528 ns. Fixing large hold violations during routing might impact setup slack and result in more difficult timing closure
Related violations: <none>

TIMING-15#235 Warning
Large hold violation  
There is a large clock skew of 1.560 ns between ap_rst_n (clocked by ap_clk) and grp_run_fu_161/grp_runController_fu_106/grp_runQueryTile_fu_142/gatherQueryTile_U0/grp_storeOutputTile_fu_118/ap_CS_fsm_reg[3]/R (clocked by ap_clk) that results in large hold timing violation(s) of -1.528 ns. Fixing large hold violations during routing might impact setup slack and result in more difficult timing closure
Related violations: <none>

TIMING-15#236 Warning
Large hold violation  
There is a large clock skew of 1.562 ns between ap_rst_n (clocked by ap_clk) and grp_run_fu_161/grp_runController_fu_106/grp_runQueryTile_fu_142/gatherQueryTile_U0/grp_storeOutputTile_fu_118/ap_CS_fsm_reg[10]/R (clocked by ap_clk) that results in large hold timing violation(s) of -1.532 ns. Fixing large hold violations during routing might impact setup slack and result in more difficult timing closure
Related violations: <none>

TIMING-15#237 Warning
Large hold violation  
There is a large clock skew of 1.562 ns between ap_rst_n (clocked by ap_clk) and grp_run_fu_161/grp_runController_fu_106/grp_runQueryTile_fu_142/gatherQueryTile_U0/grp_storeOutputTile_fu_118/ap_CS_fsm_reg[11]/R (clocked by ap_clk) that results in large hold timing violation(s) of -1.532 ns. Fixing large hold violations during routing might impact setup slack and result in more difficult timing closure
Related violations: <none>

TIMING-15#238 Warning
Large hold violation  
There is a large clock skew of 1.562 ns between ap_rst_n (clocked by ap_clk) and grp_run_fu_161/grp_runController_fu_106/grp_runQueryTile_fu_142/gatherQueryTile_U0/grp_storeOutputTile_fu_118/ap_CS_fsm_reg[12]/R (clocked by ap_clk) that results in large hold timing violation(s) of -1.532 ns. Fixing large hold violations during routing might impact setup slack and result in more difficult timing closure
Related violations: <none>

TIMING-15#239 Warning
Large hold violation  
There is a large clock skew of 1.562 ns between ap_rst_n (clocked by ap_clk) and grp_run_fu_161/grp_runController_fu_106/grp_runQueryTile_fu_142/gatherQueryTile_U0/grp_storeOutputTile_fu_118/ap_CS_fsm_reg[6]/R (clocked by ap_clk) that results in large hold timing violation(s) of -1.532 ns. Fixing large hold violations during routing might impact setup slack and result in more difficult timing closure
Related violations: <none>

TIMING-15#240 Warning
Large hold violation  
There is a large clock skew of 1.562 ns between ap_rst_n (clocked by ap_clk) and grp_run_fu_161/grp_runController_fu_106/grp_runQueryTile_fu_142/gatherQueryTile_U0/grp_storeOutputTile_fu_118/ap_CS_fsm_reg[7]/R (clocked by ap_clk) that results in large hold timing violation(s) of -1.532 ns. Fixing large hold violations during routing might impact setup slack and result in more difficult timing closure
Related violations: <none>

TIMING-15#241 Warning
Large hold violation  
There is a large clock skew of 1.562 ns between ap_rst_n (clocked by ap_clk) and grp_run_fu_161/grp_runController_fu_106/grp_runQueryTile_fu_142/gatherQueryTile_U0/grp_storeOutputTile_fu_118/ap_CS_fsm_reg[8]/R (clocked by ap_clk) that results in large hold timing violation(s) of -1.532 ns. Fixing large hold violations during routing might impact setup slack and result in more difficult timing closure
Related violations: <none>

TIMING-15#242 Warning
Large hold violation  
There is a large clock skew of 1.562 ns between ap_rst_n (clocked by ap_clk) and grp_run_fu_161/grp_runController_fu_106/grp_runQueryTile_fu_142/gatherQueryTile_U0/grp_storeOutputTile_fu_118/ap_CS_fsm_reg[9]/R (clocked by ap_clk) that results in large hold timing violation(s) of -1.532 ns. Fixing large hold violations during routing might impact setup slack and result in more difficult timing closure
Related violations: <none>

TIMING-15#243 Warning
Large hold violation  
There is a large clock skew of 1.565 ns between ap_rst_n (clocked by ap_clk) and grp_run_fu_161/grp_runController_fu_106/grp_runQueryTile_fu_142/gatherQueryTile_U0/grp_storeOutputTile_fu_118/ap_CS_fsm_reg[13]/R (clocked by ap_clk) that results in large hold timing violation(s) of -1.535 ns. Fixing large hold violations during routing might impact setup slack and result in more difficult timing closure
Related violations: <none>

TIMING-15#244 Warning
Large hold violation  
There is a large clock skew of 1.565 ns between ap_rst_n (clocked by ap_clk) and grp_run_fu_161/grp_runController_fu_106/grp_runQueryTile_fu_142/gatherQueryTile_U0/grp_storeOutputTile_fu_118/ap_CS_fsm_reg[14]/R (clocked by ap_clk) that results in large hold timing violation(s) of -1.535 ns. Fixing large hold violations during routing might impact setup slack and result in more difficult timing closure
Related violations: <none>

TIMING-15#245 Warning
Large hold violation  
There is a large clock skew of 1.565 ns between ap_rst_n (clocked by ap_clk) and grp_run_fu_161/grp_runController_fu_106/grp_runQueryTile_fu_142/gatherQueryTile_U0/grp_storeOutputTile_fu_118/ap_CS_fsm_reg[15]/R (clocked by ap_clk) that results in large hold timing violation(s) of -1.535 ns. Fixing large hold violations during routing might impact setup slack and result in more difficult timing closure
Related violations: <none>

TIMING-15#246 Warning
Large hold violation  
There is a large clock skew of 1.565 ns between ap_rst_n (clocked by ap_clk) and grp_run_fu_161/grp_runController_fu_106/grp_runQueryTile_fu_142/gatherQueryTile_U0/grp_storeOutputTile_fu_118/ap_CS_fsm_reg[16]/R (clocked by ap_clk) that results in large hold timing violation(s) of -1.535 ns. Fixing large hold violations during routing might impact setup slack and result in more difficult timing closure
Related violations: <none>

TIMING-15#247 Warning
Large hold violation  
There is a large clock skew of 1.565 ns between ap_rst_n (clocked by ap_clk) and grp_run_fu_161/grp_runController_fu_106/grp_runQueryTile_fu_142/gatherQueryTile_U0/grp_storeOutputTile_fu_118/ap_CS_fsm_reg[17]/R (clocked by ap_clk) that results in large hold timing violation(s) of -1.535 ns. Fixing large hold violations during routing might impact setup slack and result in more difficult timing closure
Related violations: <none>

TIMING-15#248 Warning
Large hold violation  
There is a large clock skew of 1.565 ns between ap_rst_n (clocked by ap_clk) and grp_run_fu_161/grp_runController_fu_106/grp_runQueryTile_fu_142/gatherQueryTile_U0/grp_storeOutputTile_fu_118/ap_CS_fsm_reg[25]/R (clocked by ap_clk) that results in large hold timing violation(s) of -1.533 ns. Fixing large hold violations during routing might impact setup slack and result in more difficult timing closure
Related violations: <none>

TIMING-15#249 Warning
Large hold violation  
There is a large clock skew of 1.565 ns between ap_rst_n (clocked by ap_clk) and grp_run_fu_161/grp_runController_fu_106/grp_runQueryTile_fu_142/gatherQueryTile_U0/grp_storeOutputTile_fu_118/ap_CS_fsm_reg[26]/R (clocked by ap_clk) that results in large hold timing violation(s) of -1.533 ns. Fixing large hold violations during routing might impact setup slack and result in more difficult timing closure
Related violations: <none>

TIMING-15#250 Warning
Large hold violation  
There is a large clock skew of 1.565 ns between ap_rst_n (clocked by ap_clk) and grp_run_fu_161/grp_runController_fu_106/grp_runQueryTile_fu_142/gatherQueryTile_U0/grp_storeOutputTile_fu_118/ap_CS_fsm_reg[27]/R (clocked by ap_clk) that results in large hold timing violation(s) of -1.533 ns. Fixing large hold violations during routing might impact setup slack and result in more difficult timing closure
Related violations: <none>

TIMING-15#251 Warning
Large hold violation  
There is a large clock skew of 1.565 ns between ap_rst_n (clocked by ap_clk) and grp_run_fu_161/grp_runController_fu_106/grp_runQueryTile_fu_142/gatherQueryTile_U0/grp_storeOutputTile_fu_118/ap_CS_fsm_reg[28]/R (clocked by ap_clk) that results in large hold timing violation(s) of -1.533 ns. Fixing large hold violations during routing might impact setup slack and result in more difficult timing closure
Related violations: <none>

TIMING-15#252 Warning
Large hold violation  
There is a large clock skew of 1.565 ns between ap_rst_n (clocked by ap_clk) and grp_run_fu_161/grp_runController_fu_106/grp_runQueryTile_fu_142/gatherQueryTile_U0/grp_storeOutputTile_fu_118/ap_CS_fsm_reg[29]/R (clocked by ap_clk) that results in large hold timing violation(s) of -1.533 ns. Fixing large hold violations during routing might impact setup slack and result in more difficult timing closure
Related violations: <none>

TIMING-15#253 Warning
Large hold violation  
There is a large clock skew of 1.565 ns between ap_rst_n (clocked by ap_clk) and grp_run_fu_161/grp_runController_fu_106/grp_runQueryTile_fu_142/gatherQueryTile_U0/grp_storeOutputTile_fu_118/ap_CS_fsm_reg[40]/R (clocked by ap_clk) that results in large hold timing violation(s) of -1.533 ns. Fixing large hold violations during routing might impact setup slack and result in more difficult timing closure
Related violations: <none>

TIMING-15#254 Warning
Large hold violation  
There is a large clock skew of 1.565 ns between ap_rst_n (clocked by ap_clk) and grp_run_fu_161/grp_runController_fu_106/grp_runQueryTile_fu_142/gatherQueryTile_U0/grp_storeOutputTile_fu_118/ap_CS_fsm_reg[41]/R (clocked by ap_clk) that results in large hold timing violation(s) of -1.533 ns. Fixing large hold violations during routing might impact setup slack and result in more difficult timing closure
Related violations: <none>

TIMING-15#255 Warning
Large hold violation  
There is a large clock skew of 1.565 ns between ap_rst_n (clocked by ap_clk) and grp_run_fu_161/grp_runController_fu_106/grp_runQueryTile_fu_142/gatherQueryTile_U0/grp_storeOutputTile_fu_118/ap_CS_fsm_reg[43]/R (clocked by ap_clk) that results in large hold timing violation(s) of -1.533 ns. Fixing large hold violations during routing might impact setup slack and result in more difficult timing closure
Related violations: <none>

TIMING-15#256 Warning
Large hold violation  
There is a large clock skew of 1.565 ns between ap_rst_n (clocked by ap_clk) and grp_run_fu_161/grp_runController_fu_106/grp_runQueryTile_fu_142/gatherQueryTile_U0/grp_storeOutputTile_fu_118/ap_CS_fsm_reg[44]/R (clocked by ap_clk) that results in large hold timing violation(s) of -1.533 ns. Fixing large hold violations during routing might impact setup slack and result in more difficult timing closure
Related violations: <none>

TIMING-15#257 Warning
Large hold violation  
There is a large clock skew of 1.565 ns between ap_rst_n (clocked by ap_clk) and grp_run_fu_161/grp_runController_fu_106/grp_runQueryTile_fu_142/gatherQueryTile_U0/grp_storeOutputTile_fu_118/ap_CS_fsm_reg[45]/R (clocked by ap_clk) that results in large hold timing violation(s) of -1.533 ns. Fixing large hold violations during routing might impact setup slack and result in more difficult timing closure
Related violations: <none>

TIMING-15#258 Warning
Large hold violation  
There is a large clock skew of 1.565 ns between ap_rst_n (clocked by ap_clk) and grp_run_fu_161/grp_runController_fu_106/grp_runQueryTile_fu_142/gatherQueryTile_U0/grp_storeOutputTile_fu_118/ap_CS_fsm_reg[46]/R (clocked by ap_clk) that results in large hold timing violation(s) of -1.533 ns. Fixing large hold violations during routing might impact setup slack and result in more difficult timing closure
Related violations: <none>

TIMING-15#259 Warning
Large hold violation  
There is a large clock skew of 1.565 ns between ap_rst_n (clocked by ap_clk) and grp_run_fu_161/grp_runController_fu_106/grp_runQueryTile_fu_142/gatherQueryTile_U0/grp_storeOutputTile_fu_118/ap_CS_fsm_reg[47]/R (clocked by ap_clk) that results in large hold timing violation(s) of -1.533 ns. Fixing large hold violations during routing might impact setup slack and result in more difficult timing closure
Related violations: <none>

TIMING-15#260 Warning
Large hold violation  
There is a large clock skew of 1.566 ns between ap_rst_n (clocked by ap_clk) and grp_run_fu_161/grp_runController_fu_106/grp_runQueryTile_fu_142/gatherQueryTile_U0/grp_storeOutputTile_fu_118/ap_CS_fsm_reg[18]/R (clocked by ap_clk) that results in large hold timing violation(s) of -1.534 ns. Fixing large hold violations during routing might impact setup slack and result in more difficult timing closure
Related violations: <none>

TIMING-15#261 Warning
Large hold violation  
There is a large clock skew of 1.566 ns between ap_rst_n (clocked by ap_clk) and grp_run_fu_161/grp_runController_fu_106/grp_runQueryTile_fu_142/gatherQueryTile_U0/grp_storeOutputTile_fu_118/ap_CS_fsm_reg[19]/R (clocked by ap_clk) that results in large hold timing violation(s) of -1.534 ns. Fixing large hold violations during routing might impact setup slack and result in more difficult timing closure
Related violations: <none>

TIMING-15#262 Warning
Large hold violation  
There is a large clock skew of 1.566 ns between ap_rst_n (clocked by ap_clk) and grp_run_fu_161/grp_runController_fu_106/grp_runQueryTile_fu_142/gatherQueryTile_U0/grp_storeOutputTile_fu_118/ap_CS_fsm_reg[20]/R (clocked by ap_clk) that results in large hold timing violation(s) of -1.534 ns. Fixing large hold violations during routing might impact setup slack and result in more difficult timing closure
Related violations: <none>

TIMING-15#263 Warning
Large hold violation  
There is a large clock skew of 1.566 ns between ap_rst_n (clocked by ap_clk) and grp_run_fu_161/grp_runController_fu_106/grp_runQueryTile_fu_142/gatherQueryTile_U0/grp_storeOutputTile_fu_118/ap_CS_fsm_reg[21]/R (clocked by ap_clk) that results in large hold timing violation(s) of -1.534 ns. Fixing large hold violations during routing might impact setup slack and result in more difficult timing closure
Related violations: <none>

TIMING-15#264 Warning
Large hold violation  
There is a large clock skew of 1.566 ns between ap_rst_n (clocked by ap_clk) and grp_run_fu_161/grp_runController_fu_106/grp_runQueryTile_fu_142/gatherQueryTile_U0/grp_storeOutputTile_fu_118/ap_CS_fsm_reg[22]/R (clocked by ap_clk) that results in large hold timing violation(s) of -1.534 ns. Fixing large hold violations during routing might impact setup slack and result in more difficult timing closure
Related violations: <none>

TIMING-15#265 Warning
Large hold violation  
There is a large clock skew of 1.566 ns between ap_rst_n (clocked by ap_clk) and grp_run_fu_161/grp_runController_fu_106/grp_runQueryTile_fu_142/gatherQueryTile_U0/grp_storeOutputTile_fu_118/ap_CS_fsm_reg[23]/R (clocked by ap_clk) that results in large hold timing violation(s) of -1.534 ns. Fixing large hold violations during routing might impact setup slack and result in more difficult timing closure
Related violations: <none>

TIMING-15#266 Warning
Large hold violation  
There is a large clock skew of 1.566 ns between ap_rst_n (clocked by ap_clk) and grp_run_fu_161/grp_runController_fu_106/grp_runQueryTile_fu_142/gatherQueryTile_U0/grp_storeOutputTile_fu_118/ap_CS_fsm_reg[24]/R (clocked by ap_clk) that results in large hold timing violation(s) of -1.534 ns. Fixing large hold violations during routing might impact setup slack and result in more difficult timing closure
Related violations: <none>

TIMING-15#267 Warning
Large hold violation  
There is a large clock skew of 1.566 ns between ap_rst_n (clocked by ap_clk) and grp_run_fu_161/grp_runController_fu_106/grp_runQueryTile_fu_142/gatherQueryTile_U0/grp_storeOutputTile_fu_118/ap_CS_fsm_reg[30]/R (clocked by ap_clk) that results in large hold timing violation(s) of -1.534 ns. Fixing large hold violations during routing might impact setup slack and result in more difficult timing closure
Related violations: <none>

TIMING-15#268 Warning
Large hold violation  
There is a large clock skew of 1.566 ns between ap_rst_n (clocked by ap_clk) and grp_run_fu_161/grp_runController_fu_106/grp_runQueryTile_fu_142/gatherQueryTile_U0/grp_storeOutputTile_fu_118/ap_CS_fsm_reg[31]/R (clocked by ap_clk) that results in large hold timing violation(s) of -1.534 ns. Fixing large hold violations during routing might impact setup slack and result in more difficult timing closure
Related violations: <none>

TIMING-15#269 Warning
Large hold violation  
There is a large clock skew of 1.566 ns between ap_rst_n (clocked by ap_clk) and grp_run_fu_161/grp_runController_fu_106/grp_runQueryTile_fu_142/gatherQueryTile_U0/grp_storeOutputTile_fu_118/ap_CS_fsm_reg[32]/R (clocked by ap_clk) that results in large hold timing violation(s) of -1.534 ns. Fixing large hold violations during routing might impact setup slack and result in more difficult timing closure
Related violations: <none>

TIMING-15#270 Warning
Large hold violation  
There is a large clock skew of 1.566 ns between ap_rst_n (clocked by ap_clk) and grp_run_fu_161/grp_runController_fu_106/grp_runQueryTile_fu_142/gatherQueryTile_U0/grp_storeOutputTile_fu_118/ap_CS_fsm_reg[33]/R (clocked by ap_clk) that results in large hold timing violation(s) of -1.534 ns. Fixing large hold violations during routing might impact setup slack and result in more difficult timing closure
Related violations: <none>

TIMING-15#271 Warning
Large hold violation  
There is a large clock skew of 1.566 ns between ap_rst_n (clocked by ap_clk) and grp_run_fu_161/grp_runController_fu_106/grp_runQueryTile_fu_142/gatherQueryTile_U0/grp_storeOutputTile_fu_118/ap_CS_fsm_reg[34]/R (clocked by ap_clk) that results in large hold timing violation(s) of -1.534 ns. Fixing large hold violations during routing might impact setup slack and result in more difficult timing closure
Related violations: <none>

TIMING-15#272 Warning
Large hold violation  
There is a large clock skew of 1.566 ns between ap_rst_n (clocked by ap_clk) and grp_run_fu_161/grp_runController_fu_106/grp_runQueryTile_fu_142/gatherQueryTile_U0/grp_storeOutputTile_fu_118/ap_CS_fsm_reg[35]/R (clocked by ap_clk) that results in large hold timing violation(s) of -1.534 ns. Fixing large hold violations during routing might impact setup slack and result in more difficult timing closure
Related violations: <none>

TIMING-15#273 Warning
Large hold violation  
There is a large clock skew of 1.566 ns between ap_rst_n (clocked by ap_clk) and grp_run_fu_161/grp_runController_fu_106/grp_runQueryTile_fu_142/gatherQueryTile_U0/grp_storeOutputTile_fu_118/ap_CS_fsm_reg[36]/R (clocked by ap_clk) that results in large hold timing violation(s) of -1.534 ns. Fixing large hold violations during routing might impact setup slack and result in more difficult timing closure
Related violations: <none>

TIMING-15#274 Warning
Large hold violation  
There is a large clock skew of 1.566 ns between ap_rst_n (clocked by ap_clk) and grp_run_fu_161/grp_runController_fu_106/grp_runQueryTile_fu_142/gatherQueryTile_U0/grp_storeOutputTile_fu_118/ap_CS_fsm_reg[37]/R (clocked by ap_clk) that results in large hold timing violation(s) of -1.534 ns. Fixing large hold violations during routing might impact setup slack and result in more difficult timing closure
Related violations: <none>

TIMING-15#275 Warning
Large hold violation  
There is a large clock skew of 1.566 ns between ap_rst_n (clocked by ap_clk) and grp_run_fu_161/grp_runController_fu_106/grp_runQueryTile_fu_142/gatherQueryTile_U0/grp_storeOutputTile_fu_118/ap_CS_fsm_reg[38]/R (clocked by ap_clk) that results in large hold timing violation(s) of -1.534 ns. Fixing large hold violations during routing might impact setup slack and result in more difficult timing closure
Related violations: <none>

TIMING-15#276 Warning
Large hold violation  
There is a large clock skew of 1.566 ns between ap_rst_n (clocked by ap_clk) and grp_run_fu_161/grp_runController_fu_106/grp_runQueryTile_fu_142/gatherQueryTile_U0/grp_storeOutputTile_fu_118/ap_CS_fsm_reg[39]/R (clocked by ap_clk) that results in large hold timing violation(s) of -1.534 ns. Fixing large hold violations during routing might impact setup slack and result in more difficult timing closure
Related violations: <none>

TIMING-15#277 Warning
Large hold violation  
There is a large clock skew of 1.566 ns between ap_rst_n (clocked by ap_clk) and grp_run_fu_161/grp_runController_fu_106/grp_runQueryTile_fu_142/gatherQueryTile_U0/grp_storeOutputTile_fu_118/ap_CS_fsm_reg[42]/R (clocked by ap_clk) that results in large hold timing violation(s) of -1.534 ns. Fixing large hold violations during routing might impact setup slack and result in more difficult timing closure
Related violations: <none>

TIMING-15#278 Warning
Large hold violation  
There is a large clock skew of 1.567 ns between ap_rst_n (clocked by ap_clk) and grp_run_fu_161/grp_runController_fu_106/grp_runQueryTile_fu_142/header_active_queries_c_U/mOutPtr_reg[0]/R (clocked by ap_clk) that results in large hold timing violation(s) of -1.537 ns. Fixing large hold violations during routing might impact setup slack and result in more difficult timing closure
Related violations: <none>

TIMING-15#279 Warning
Large hold violation  
There is a large clock skew of 1.567 ns between ap_rst_n (clocked by ap_clk) and grp_run_fu_161/grp_runController_fu_106/grp_runQueryTile_fu_142/header_active_queries_c_U/mOutPtr_reg[1]/R (clocked by ap_clk) that results in large hold timing violation(s) of -1.537 ns. Fixing large hold violations during routing might impact setup slack and result in more difficult timing closure
Related violations: <none>

TIMING-15#280 Warning
Large hold violation  
There is a large clock skew of 1.567 ns between ap_rst_n (clocked by ap_clk) and grp_run_fu_161/grp_runController_fu_106/grp_runQueryTile_fu_142/header_active_queries_c_U/mOutPtr_reg[2]/R (clocked by ap_clk) that results in large hold timing violation(s) of -1.537 ns. Fixing large hold violations during routing might impact setup slack and result in more difficult timing closure
Related violations: <none>

TIMING-15#281 Warning
Large hold violation  
There is a large clock skew of 1.570 ns between ap_rst_n (clocked by ap_clk) and grp_run_fu_161/grp_runController_fu_106/grp_runQueryTile_fu_142/distributeQueryTile_U0/grp_distributeQueryTile_Pipeline_VITIS_LOOP_501_3_VITIS_LOOP_506_4_VITIS_LOOP_507_5_fu_220/ap_enable_reg_pp0_iter13_reg/R (clocked by ap_clk) that results in large hold timing violation(s) of -1.540 ns. Fixing large hold violations during routing might impact setup slack and result in more difficult timing closure
Related violations: <none>

TIMING-15#282 Warning
Large hold violation  
There is a large clock skew of 1.570 ns between ap_rst_n (clocked by ap_clk) and grp_run_fu_161/grp_runController_fu_106/grp_runQueryTile_fu_142/distributeQueryTile_U0/grp_distributeQueryTile_Pipeline_VITIS_LOOP_501_3_VITIS_LOOP_506_4_VITIS_LOOP_507_5_fu_220/ap_enable_reg_pp0_iter14_reg/R (clocked by ap_clk) that results in large hold timing violation(s) of -1.540 ns. Fixing large hold violations during routing might impact setup slack and result in more difficult timing closure
Related violations: <none>

TIMING-15#283 Warning
Large hold violation  
There is a large clock skew of 1.570 ns between ap_rst_n (clocked by ap_clk) and grp_run_fu_161/grp_runController_fu_106/grp_runQueryTile_fu_142/distributeQueryTile_U0/grp_distributeQueryTile_Pipeline_VITIS_LOOP_501_3_VITIS_LOOP_506_4_VITIS_LOOP_507_5_fu_220/ap_enable_reg_pp0_iter15_reg/R (clocked by ap_clk) that results in large hold timing violation(s) of -1.540 ns. Fixing large hold violations during routing might impact setup slack and result in more difficult timing closure
Related violations: <none>

TIMING-15#284 Warning
Large hold violation  
There is a large clock skew of 1.570 ns between ap_rst_n (clocked by ap_clk) and grp_run_fu_161/grp_runController_fu_106/grp_runQueryTile_fu_142/distributeQueryTile_U0/grp_distributeQueryTile_Pipeline_VITIS_LOOP_501_3_VITIS_LOOP_506_4_VITIS_LOOP_507_5_fu_220/ap_enable_reg_pp0_iter16_reg/R (clocked by ap_clk) that results in large hold timing violation(s) of -1.540 ns. Fixing large hold violations during routing might impact setup slack and result in more difficult timing closure
Related violations: <none>

TIMING-15#285 Warning
Large hold violation  
There is a large clock skew of 1.570 ns between ap_rst_n (clocked by ap_clk) and grp_run_fu_161/grp_runController_fu_106/grp_runQueryTile_fu_142/distributeQueryTile_U0/grp_distributeQueryTile_Pipeline_VITIS_LOOP_501_3_VITIS_LOOP_506_4_VITIS_LOOP_507_5_fu_220/ap_enable_reg_pp0_iter17_reg/R (clocked by ap_clk) that results in large hold timing violation(s) of -1.540 ns. Fixing large hold violations during routing might impact setup slack and result in more difficult timing closure
Related violations: <none>

TIMING-15#286 Warning
Large hold violation  
There is a large clock skew of 1.570 ns between ap_rst_n (clocked by ap_clk) and grp_run_fu_161/grp_runController_fu_106/grp_runQueryTile_fu_142/distributeQueryTile_U0/grp_distributeQueryTile_Pipeline_VITIS_LOOP_501_3_VITIS_LOOP_506_4_VITIS_LOOP_507_5_fu_220/ap_enable_reg_pp0_iter18_reg/R (clocked by ap_clk) that results in large hold timing violation(s) of -1.540 ns. Fixing large hold violations during routing might impact setup slack and result in more difficult timing closure
Related violations: <none>

TIMING-15#287 Warning
Large hold violation  
There is a large clock skew of 1.570 ns between ap_rst_n (clocked by ap_clk) and grp_run_fu_161/grp_runController_fu_106/grp_runQueryTile_fu_142/distributeQueryTile_U0/grp_distributeQueryTile_Pipeline_VITIS_LOOP_501_3_VITIS_LOOP_506_4_VITIS_LOOP_507_5_fu_220/ap_enable_reg_pp0_iter19_reg/R (clocked by ap_clk) that results in large hold timing violation(s) of -1.540 ns. Fixing large hold violations during routing might impact setup slack and result in more difficult timing closure
Related violations: <none>

TIMING-15#288 Warning
Large hold violation  
There is a large clock skew of 1.570 ns between ap_rst_n (clocked by ap_clk) and grp_run_fu_161/grp_runController_fu_106/grp_runQueryTile_fu_142/gatherQueryTile_U0/grp_storeOutputTile_fu_118/ap_CS_fsm_reg[0]/S (clocked by ap_clk) that results in large hold timing violation(s) of -1.540 ns. Fixing large hold violations during routing might impact setup slack and result in more difficult timing closure
Related violations: <none>

TIMING-15#289 Warning
Large hold violation  
There is a large clock skew of 1.572 ns between ap_rst_n (clocked by ap_clk) and grp_run_fu_161/grp_runController_fu_106/grp_runQueryTile_fu_142/header_active_queries_c_U/empty_n_reg/R (clocked by ap_clk) that results in large hold timing violation(s) of -1.542 ns. Fixing large hold violations during routing might impact setup slack and result in more difficult timing closure
Related violations: <none>

TIMING-15#290 Warning
Large hold violation  
There is a large clock skew of 1.572 ns between ap_rst_n (clocked by ap_clk) and grp_run_fu_161/grp_runController_fu_106/grp_runQueryTile_fu_142/header_active_queries_c_U/full_n_reg/S (clocked by ap_clk) that results in large hold timing violation(s) of -1.542 ns. Fixing large hold violations during routing might impact setup slack and result in more difficult timing closure
Related violations: <none>

TIMING-15#291 Warning
Large hold violation  
There is a large clock skew of 1.573 ns between ap_rst_n (clocked by ap_clk) and grp_run_fu_161/grp_runController_fu_106/grp_runQueryTile_fu_142/gatherQueryTile_U0/ap_CS_fsm_reg[0]/S (clocked by ap_clk) that results in large hold timing violation(s) of -1.543 ns. Fixing large hold violations during routing might impact setup slack and result in more difficult timing closure
Related violations: <none>

TIMING-15#292 Warning
Large hold violation  
There is a large clock skew of 1.573 ns between ap_rst_n (clocked by ap_clk) and grp_run_fu_161/grp_runController_fu_106/grp_runQueryTile_fu_142/header_active_queries_c_U/addr_reg[0]/R (clocked by ap_clk) that results in large hold timing violation(s) of -1.543 ns. Fixing large hold violations during routing might impact setup slack and result in more difficult timing closure
Related violations: <none>

TIMING-15#293 Warning
Large hold violation  
There is a large clock skew of 1.573 ns between ap_rst_n (clocked by ap_clk) and grp_run_fu_161/grp_runController_fu_106/grp_runQueryTile_fu_142/header_active_queries_c_U/addr_reg[1]/R (clocked by ap_clk) that results in large hold timing violation(s) of -1.543 ns. Fixing large hold violations during routing might impact setup slack and result in more difficult timing closure
Related violations: <none>

TIMING-15#294 Warning
Large hold violation  
There is a large clock skew of 1.574 ns between ap_rst_n (clocked by ap_clk) and control_s_axi_U/int_k_address_reg[30]/R (clocked by ap_clk) that results in large hold timing violation(s) of -1.544 ns. Fixing large hold violations during routing might impact setup slack and result in more difficult timing closure
Related violations: <none>

TIMING-15#295 Warning
Large hold violation  
There is a large clock skew of 1.574 ns between ap_rst_n (clocked by ap_clk) and control_s_axi_U/int_k_address_reg[62]/R (clocked by ap_clk) that results in large hold timing violation(s) of -1.544 ns. Fixing large hold violations during routing might impact setup slack and result in more difficult timing closure
Related violations: <none>

TIMING-15#296 Warning
Large hold violation  
There is a large clock skew of 1.574 ns between ap_rst_n (clocked by ap_clk) and grp_run_fu_161/grp_runController_fu_106/grp_runQueryTile_fu_142/gatherQueryTile_U0/grp_storeOutputTile_fu_118/ap_CS_fsm_reg[48]/R (clocked by ap_clk) that results in large hold timing violation(s) of -1.544 ns. Fixing large hold violations during routing might impact setup slack and result in more difficult timing closure
Related violations: <none>

TIMING-15#297 Warning
Large hold violation  
There is a large clock skew of 1.574 ns between ap_rst_n (clocked by ap_clk) and grp_run_fu_161/grp_runController_fu_106/grp_runQueryTile_fu_142/gatherQueryTile_U0/grp_storeOutputTile_fu_118/ap_CS_fsm_reg[49]/R (clocked by ap_clk) that results in large hold timing violation(s) of -1.544 ns. Fixing large hold violations during routing might impact setup slack and result in more difficult timing closure
Related violations: <none>

TIMING-15#298 Warning
Large hold violation  
There is a large clock skew of 1.574 ns between ap_rst_n (clocked by ap_clk) and grp_run_fu_161/grp_runController_fu_106/grp_runQueryTile_fu_142/gatherQueryTile_U0/grp_storeOutputTile_fu_118/ap_CS_fsm_reg[50]/R (clocked by ap_clk) that results in large hold timing violation(s) of -1.544 ns. Fixing large hold violations during routing might impact setup slack and result in more difficult timing closure
Related violations: <none>

TIMING-15#299 Warning
Large hold violation  
There is a large clock skew of 1.574 ns between ap_rst_n (clocked by ap_clk) and grp_run_fu_161/grp_runController_fu_106/grp_runQueryTile_fu_142/gatherQueryTile_U0/grp_storeOutputTile_fu_118/ap_CS_fsm_reg[51]/R (clocked by ap_clk) that results in large hold timing violation(s) of -1.544 ns. Fixing large hold violations during routing might impact setup slack and result in more difficult timing closure
Related violations: <none>

TIMING-15#300 Warning
Large hold violation  
There is a large clock skew of 1.574 ns between ap_rst_n (clocked by ap_clk) and grp_run_fu_161/grp_runController_fu_106/grp_runQueryTile_fu_142/gatherQueryTile_U0/grp_storeOutputTile_fu_118/ap_CS_fsm_reg[52]/R (clocked by ap_clk) that results in large hold timing violation(s) of -1.544 ns. Fixing large hold violations during routing might impact setup slack and result in more difficult timing closure
Related violations: <none>

TIMING-15#301 Warning
Large hold violation  
There is a large clock skew of 1.574 ns between ap_rst_n (clocked by ap_clk) and grp_run_fu_161/grp_runController_fu_106/grp_runQueryTile_fu_142/gatherQueryTile_U0/grp_storeOutputTile_fu_118/ap_CS_fsm_reg[53]/R (clocked by ap_clk) that results in large hold timing violation(s) of -1.544 ns. Fixing large hold violations during routing might impact setup slack and result in more difficult timing closure
Related violations: <none>

TIMING-15#302 Warning
Large hold violation  
There is a large clock skew of 1.574 ns between ap_rst_n (clocked by ap_clk) and grp_run_fu_161/grp_runController_fu_106/grp_runQueryTile_fu_142/gatherQueryTile_U0/grp_storeOutputTile_fu_118/ap_CS_fsm_reg[54]/R (clocked by ap_clk) that results in large hold timing violation(s) of -1.544 ns. Fixing large hold violations during routing might impact setup slack and result in more difficult timing closure
Related violations: <none>

TIMING-15#303 Warning
Large hold violation  
There is a large clock skew of 1.574 ns between ap_rst_n (clocked by ap_clk) and grp_run_fu_161/grp_runController_fu_106/grp_runQueryTile_fu_142/gatherQueryTile_U0/grp_storeOutputTile_fu_118/ap_CS_fsm_reg[59]/R (clocked by ap_clk) that results in large hold timing violation(s) of -1.544 ns. Fixing large hold violations during routing might impact setup slack and result in more difficult timing closure
Related violations: <none>

TIMING-15#304 Warning
Large hold violation  
There is a large clock skew of 1.574 ns between s_axi_control_WDATA[30] (clocked by ap_clk) and control_s_axi_U/int_k_address_reg[30]/D (clocked by ap_clk) that results in large hold timing violation(s) of -1.577 ns. Fixing large hold violations during routing might impact setup slack and result in more difficult timing closure
Related violations: <none>

TIMING-15#305 Warning
Large hold violation  
There is a large clock skew of 1.574 ns between s_axi_control_WDATA[30] (clocked by ap_clk) and control_s_axi_U/int_k_address_reg[62]/D (clocked by ap_clk) that results in large hold timing violation(s) of -1.595 ns. Fixing large hold violations during routing might impact setup slack and result in more difficult timing closure
Related violations: <none>

TIMING-15#306 Warning
Large hold violation  
There is a large clock skew of 1.575 ns between ap_rst_n (clocked by ap_clk) and grp_run_fu_161/grp_runController_fu_106/grp_runQueryTile_fu_142/distributeQueryTile_U0/grp_distributeQueryTile_Pipeline_VITIS_LOOP_501_3_VITIS_LOOP_506_4_VITIS_LOOP_507_5_fu_220/ap_enable_reg_pp0_iter10_reg/R (clocked by ap_clk) that results in large hold timing violation(s) of -1.545 ns. Fixing large hold violations during routing might impact setup slack and result in more difficult timing closure
Related violations: <none>

TIMING-15#307 Warning
Large hold violation  
There is a large clock skew of 1.575 ns between ap_rst_n (clocked by ap_clk) and grp_run_fu_161/grp_runController_fu_106/grp_runQueryTile_fu_142/distributeQueryTile_U0/grp_distributeQueryTile_Pipeline_VITIS_LOOP_501_3_VITIS_LOOP_506_4_VITIS_LOOP_507_5_fu_220/ap_enable_reg_pp0_iter11_reg/R (clocked by ap_clk) that results in large hold timing violation(s) of -1.545 ns. Fixing large hold violations during routing might impact setup slack and result in more difficult timing closure
Related violations: <none>

TIMING-15#308 Warning
Large hold violation  
There is a large clock skew of 1.575 ns between ap_rst_n (clocked by ap_clk) and grp_run_fu_161/grp_runController_fu_106/grp_runQueryTile_fu_142/distributeQueryTile_U0/grp_distributeQueryTile_Pipeline_VITIS_LOOP_501_3_VITIS_LOOP_506_4_VITIS_LOOP_507_5_fu_220/ap_enable_reg_pp0_iter12_reg/R (clocked by ap_clk) that results in large hold timing violation(s) of -1.545 ns. Fixing large hold violations during routing might impact setup slack and result in more difficult timing closure
Related violations: <none>

TIMING-15#309 Warning
Large hold violation  
There is a large clock skew of 1.575 ns between ap_rst_n (clocked by ap_clk) and grp_run_fu_161/grp_runController_fu_106/grp_runQueryTile_fu_142/distributeQueryTile_U0/grp_distributeQueryTile_Pipeline_VITIS_LOOP_501_3_VITIS_LOOP_506_4_VITIS_LOOP_507_5_fu_220/ap_enable_reg_pp0_iter7_reg/R (clocked by ap_clk) that results in large hold timing violation(s) of -1.545 ns. Fixing large hold violations during routing might impact setup slack and result in more difficult timing closure
Related violations: <none>

TIMING-15#310 Warning
Large hold violation  
There is a large clock skew of 1.575 ns between ap_rst_n (clocked by ap_clk) and grp_run_fu_161/grp_runController_fu_106/grp_runQueryTile_fu_142/distributeQueryTile_U0/grp_distributeQueryTile_Pipeline_VITIS_LOOP_501_3_VITIS_LOOP_506_4_VITIS_LOOP_507_5_fu_220/ap_enable_reg_pp0_iter8_reg/R (clocked by ap_clk) that results in large hold timing violation(s) of -1.545 ns. Fixing large hold violations during routing might impact setup slack and result in more difficult timing closure
Related violations: <none>

TIMING-15#311 Warning
Large hold violation  
There is a large clock skew of 1.575 ns between ap_rst_n (clocked by ap_clk) and grp_run_fu_161/grp_runController_fu_106/grp_runQueryTile_fu_142/distributeQueryTile_U0/grp_distributeQueryTile_Pipeline_VITIS_LOOP_501_3_VITIS_LOOP_506_4_VITIS_LOOP_507_5_fu_220/ap_enable_reg_pp0_iter9_reg/R (clocked by ap_clk) that results in large hold timing violation(s) of -1.545 ns. Fixing large hold violations during routing might impact setup slack and result in more difficult timing closure
Related violations: <none>

TIMING-15#312 Warning
Large hold violation  
There is a large clock skew of 1.576 ns between ap_rst_n (clocked by ap_clk) and control_s_axi_U/int_k_address_reg[22]/R (clocked by ap_clk) that results in large hold timing violation(s) of -1.546 ns. Fixing large hold violations during routing might impact setup slack and result in more difficult timing closure
Related violations: <none>

TIMING-15#313 Warning
Large hold violation  
There is a large clock skew of 1.576 ns between ap_rst_n (clocked by ap_clk) and control_s_axi_U/int_k_address_reg[26]/R (clocked by ap_clk) that results in large hold timing violation(s) of -1.546 ns. Fixing large hold violations during routing might impact setup slack and result in more difficult timing closure
Related violations: <none>

TIMING-15#314 Warning
Large hold violation  
There is a large clock skew of 1.576 ns between ap_rst_n (clocked by ap_clk) and control_s_axi_U/int_k_address_reg[54]/R (clocked by ap_clk) that results in large hold timing violation(s) of -1.546 ns. Fixing large hold violations during routing might impact setup slack and result in more difficult timing closure
Related violations: <none>

TIMING-15#315 Warning
Large hold violation  
There is a large clock skew of 1.576 ns between ap_rst_n (clocked by ap_clk) and control_s_axi_U/int_k_address_reg[58]/R (clocked by ap_clk) that results in large hold timing violation(s) of -1.546 ns. Fixing large hold violations during routing might impact setup slack and result in more difficult timing closure
Related violations: <none>

TIMING-15#316 Warning
Large hold violation  
There is a large clock skew of 1.576 ns between s_axi_control_WDATA[22] (clocked by ap_clk) and control_s_axi_U/int_k_address_reg[22]/D (clocked by ap_clk) that results in large hold timing violation(s) of -1.579 ns. Fixing large hold violations during routing might impact setup slack and result in more difficult timing closure
Related violations: <none>

TIMING-15#317 Warning
Large hold violation  
There is a large clock skew of 1.576 ns between s_axi_control_WDATA[22] (clocked by ap_clk) and control_s_axi_U/int_k_address_reg[54]/D (clocked by ap_clk) that results in large hold timing violation(s) of -1.597 ns. Fixing large hold violations during routing might impact setup slack and result in more difficult timing closure
Related violations: <none>

TIMING-15#318 Warning
Large hold violation  
There is a large clock skew of 1.576 ns between s_axi_control_WDATA[26] (clocked by ap_clk) and control_s_axi_U/int_k_address_reg[26]/D (clocked by ap_clk) that results in large hold timing violation(s) of -1.577 ns. Fixing large hold violations during routing might impact setup slack and result in more difficult timing closure
Related violations: <none>

TIMING-15#319 Warning
Large hold violation  
There is a large clock skew of 1.576 ns between s_axi_control_WDATA[26] (clocked by ap_clk) and control_s_axi_U/int_k_address_reg[58]/D (clocked by ap_clk) that results in large hold timing violation(s) of -1.597 ns. Fixing large hold violations during routing might impact setup slack and result in more difficult timing closure
Related violations: <none>

TIMING-15#320 Warning
Large hold violation  
There is a large clock skew of 1.578 ns between ap_rst_n (clocked by ap_clk) and control_s_axi_U/int_q_address_reg[20]/R (clocked by ap_clk) that results in large hold timing violation(s) of -1.548 ns. Fixing large hold violations during routing might impact setup slack and result in more difficult timing closure
Related violations: <none>

TIMING-15#321 Warning
Large hold violation  
There is a large clock skew of 1.578 ns between ap_rst_n (clocked by ap_clk) and control_s_axi_U/int_q_address_reg[22]/R (clocked by ap_clk) that results in large hold timing violation(s) of -1.548 ns. Fixing large hold violations during routing might impact setup slack and result in more difficult timing closure
Related violations: <none>

TIMING-15#322 Warning
Large hold violation  
There is a large clock skew of 1.578 ns between ap_rst_n (clocked by ap_clk) and control_s_axi_U/int_q_address_reg[28]/R (clocked by ap_clk) that results in large hold timing violation(s) of -1.548 ns. Fixing large hold violations during routing might impact setup slack and result in more difficult timing closure
Related violations: <none>

TIMING-15#323 Warning
Large hold violation  
There is a large clock skew of 1.578 ns between ap_rst_n (clocked by ap_clk) and control_s_axi_U/int_q_address_reg[30]/R (clocked by ap_clk) that results in large hold timing violation(s) of -1.548 ns. Fixing large hold violations during routing might impact setup slack and result in more difficult timing closure
Related violations: <none>

TIMING-15#324 Warning
Large hold violation  
There is a large clock skew of 1.578 ns between ap_rst_n (clocked by ap_clk) and control_s_axi_U/int_q_address_reg[52]/R (clocked by ap_clk) that results in large hold timing violation(s) of -1.548 ns. Fixing large hold violations during routing might impact setup slack and result in more difficult timing closure
Related violations: <none>

TIMING-15#325 Warning
Large hold violation  
There is a large clock skew of 1.578 ns between ap_rst_n (clocked by ap_clk) and control_s_axi_U/int_q_address_reg[54]/R (clocked by ap_clk) that results in large hold timing violation(s) of -1.548 ns. Fixing large hold violations during routing might impact setup slack and result in more difficult timing closure
Related violations: <none>

TIMING-15#326 Warning
Large hold violation  
There is a large clock skew of 1.578 ns between ap_rst_n (clocked by ap_clk) and control_s_axi_U/int_q_address_reg[60]/R (clocked by ap_clk) that results in large hold timing violation(s) of -1.548 ns. Fixing large hold violations during routing might impact setup slack and result in more difficult timing closure
Related violations: <none>

TIMING-15#327 Warning
Large hold violation  
There is a large clock skew of 1.578 ns between ap_rst_n (clocked by ap_clk) and control_s_axi_U/int_q_address_reg[62]/R (clocked by ap_clk) that results in large hold timing violation(s) of -1.548 ns. Fixing large hold violations during routing might impact setup slack and result in more difficult timing closure
Related violations: <none>

TIMING-15#328 Warning
Large hold violation  
There is a large clock skew of 1.578 ns between s_axi_control_WDATA[20] (clocked by ap_clk) and control_s_axi_U/int_q_address_reg[20]/D (clocked by ap_clk) that results in large hold timing violation(s) of -1.581 ns. Fixing large hold violations during routing might impact setup slack and result in more difficult timing closure
Related violations: <none>

TIMING-15#329 Warning
Large hold violation  
There is a large clock skew of 1.578 ns between s_axi_control_WDATA[20] (clocked by ap_clk) and control_s_axi_U/int_q_address_reg[52]/D (clocked by ap_clk) that results in large hold timing violation(s) of -1.599 ns. Fixing large hold violations during routing might impact setup slack and result in more difficult timing closure
Related violations: <none>

TIMING-15#330 Warning
Large hold violation  
There is a large clock skew of 1.578 ns between s_axi_control_WDATA[22] (clocked by ap_clk) and control_s_axi_U/int_q_address_reg[22]/D (clocked by ap_clk) that results in large hold timing violation(s) of -1.579 ns. Fixing large hold violations during routing might impact setup slack and result in more difficult timing closure
Related violations: <none>

TIMING-15#331 Warning
Large hold violation  
There is a large clock skew of 1.578 ns between s_axi_control_WDATA[22] (clocked by ap_clk) and control_s_axi_U/int_q_address_reg[54]/D (clocked by ap_clk) that results in large hold timing violation(s) of -1.599 ns. Fixing large hold violations during routing might impact setup slack and result in more difficult timing closure
Related violations: <none>

TIMING-15#332 Warning
Large hold violation  
There is a large clock skew of 1.578 ns between s_axi_control_WDATA[28] (clocked by ap_clk) and control_s_axi_U/int_q_address_reg[28]/D (clocked by ap_clk) that results in large hold timing violation(s) of -1.580 ns. Fixing large hold violations during routing might impact setup slack and result in more difficult timing closure
Related violations: <none>

TIMING-15#333 Warning
Large hold violation  
There is a large clock skew of 1.578 ns between s_axi_control_WDATA[28] (clocked by ap_clk) and control_s_axi_U/int_q_address_reg[60]/D (clocked by ap_clk) that results in large hold timing violation(s) of -1.598 ns. Fixing large hold violations during routing might impact setup slack and result in more difficult timing closure
Related violations: <none>

TIMING-15#334 Warning
Large hold violation  
There is a large clock skew of 1.578 ns between s_axi_control_WDATA[30] (clocked by ap_clk) and control_s_axi_U/int_q_address_reg[30]/D (clocked by ap_clk) that results in large hold timing violation(s) of -1.580 ns. Fixing large hold violations during routing might impact setup slack and result in more difficult timing closure
Related violations: <none>

TIMING-15#335 Warning
Large hold violation  
There is a large clock skew of 1.578 ns between s_axi_control_WDATA[30] (clocked by ap_clk) and control_s_axi_U/int_q_address_reg[62]/D (clocked by ap_clk) that results in large hold timing violation(s) of -1.598 ns. Fixing large hold violations during routing might impact setup slack and result in more difficult timing closure
Related violations: <none>

TIMING-15#336 Warning
Large hold violation  
There is a large clock skew of 1.579 ns between ap_rst_n (clocked by ap_clk) and grp_run_fu_161/grp_runController_fu_106/grp_runQueryTile_fu_142/gatherQueryTile_U0/grp_storeOutputTile_fu_118/ap_CS_fsm_reg[55]/R (clocked by ap_clk) that results in large hold timing violation(s) of -1.549 ns. Fixing large hold violations during routing might impact setup slack and result in more difficult timing closure
Related violations: <none>

TIMING-15#337 Warning
Large hold violation  
There is a large clock skew of 1.579 ns between ap_rst_n (clocked by ap_clk) and grp_run_fu_161/grp_runController_fu_106/grp_runQueryTile_fu_142/gatherQueryTile_U0/grp_storeOutputTile_fu_118/ap_CS_fsm_reg[56]/R (clocked by ap_clk) that results in large hold timing violation(s) of -1.549 ns. Fixing large hold violations during routing might impact setup slack and result in more difficult timing closure
Related violations: <none>

TIMING-15#338 Warning
Large hold violation  
There is a large clock skew of 1.579 ns between ap_rst_n (clocked by ap_clk) and grp_run_fu_161/grp_runController_fu_106/grp_runQueryTile_fu_142/gatherQueryTile_U0/grp_storeOutputTile_fu_118/ap_CS_fsm_reg[57]/R (clocked by ap_clk) that results in large hold timing violation(s) of -1.549 ns. Fixing large hold violations during routing might impact setup slack and result in more difficult timing closure
Related violations: <none>

TIMING-15#339 Warning
Large hold violation  
There is a large clock skew of 1.579 ns between ap_rst_n (clocked by ap_clk) and grp_run_fu_161/grp_runController_fu_106/grp_runQueryTile_fu_142/gatherQueryTile_U0/grp_storeOutputTile_fu_118/ap_CS_fsm_reg[58]/R (clocked by ap_clk) that results in large hold timing violation(s) of -1.549 ns. Fixing large hold violations during routing might impact setup slack and result in more difficult timing closure
Related violations: <none>

TIMING-15#340 Warning
Large hold violation  
There is a large clock skew of 1.579 ns between ap_rst_n (clocked by ap_clk) and grp_run_fu_161/grp_runController_fu_106/grp_runQueryTile_fu_142/gatherQueryTile_U0/grp_storeOutputTile_fu_118/ap_CS_fsm_reg[60]/R (clocked by ap_clk) that results in large hold timing violation(s) of -1.549 ns. Fixing large hold violations during routing might impact setup slack and result in more difficult timing closure
Related violations: <none>

TIMING-15#341 Warning
Large hold violation  
There is a large clock skew of 1.579 ns between ap_rst_n (clocked by ap_clk) and grp_run_fu_161/grp_runController_fu_106/grp_runQueryTile_fu_142/gatherQueryTile_U0/grp_storeOutputTile_fu_118/ap_CS_fsm_reg[61]/R (clocked by ap_clk) that results in large hold timing violation(s) of -1.549 ns. Fixing large hold violations during routing might impact setup slack and result in more difficult timing closure
Related violations: <none>

TIMING-15#342 Warning
Large hold violation  
There is a large clock skew of 1.579 ns between ap_rst_n (clocked by ap_clk) and grp_run_fu_161/grp_runController_fu_106/grp_runQueryTile_fu_142/gatherQueryTile_U0/grp_storeOutputTile_fu_118/ap_CS_fsm_reg[62]/R (clocked by ap_clk) that results in large hold timing violation(s) of -1.549 ns. Fixing large hold violations during routing might impact setup slack and result in more difficult timing closure
Related violations: <none>

TIMING-15#343 Warning
Large hold violation  
There is a large clock skew of 1.579 ns between ap_rst_n (clocked by ap_clk) and grp_run_fu_161/grp_runController_fu_106/grp_runQueryTile_fu_142/gatherQueryTile_U0/grp_storeOutputTile_fu_118/ap_CS_fsm_reg[63]/R (clocked by ap_clk) that results in large hold timing violation(s) of -1.549 ns. Fixing large hold violations during routing might impact setup slack and result in more difficult timing closure
Related violations: <none>

TIMING-15#344 Warning
Large hold violation  
There is a large clock skew of 1.579 ns between ap_rst_n (clocked by ap_clk) and grp_run_fu_161/grp_runController_fu_106/grp_runQueryTile_fu_142/gatherQueryTile_U0/grp_storeOutputTile_fu_118/ap_CS_fsm_reg[64]/R (clocked by ap_clk) that results in large hold timing violation(s) of -1.549 ns. Fixing large hold violations during routing might impact setup slack and result in more difficult timing closure
Related violations: <none>

TIMING-15#345 Warning
Large hold violation  
There is a large clock skew of 1.579 ns between ap_rst_n (clocked by ap_clk) and grp_run_fu_161/grp_runController_fu_106/grp_runQueryTile_fu_142/gatherQueryTile_U0/grp_storeOutputTile_fu_118/ap_CS_fsm_reg[65]/R (clocked by ap_clk) that results in large hold timing violation(s) of -1.549 ns. Fixing large hold violations during routing might impact setup slack and result in more difficult timing closure
Related violations: <none>

TIMING-15#346 Warning
Large hold violation  
There is a large clock skew of 1.579 ns between ap_rst_n (clocked by ap_clk) and grp_run_fu_161/grp_runController_fu_106/grp_runQueryTile_fu_142/gatherQueryTile_U0/grp_storeOutputTile_fu_118/ap_CS_fsm_reg[66]/R (clocked by ap_clk) that results in large hold timing violation(s) of -1.549 ns. Fixing large hold violations during routing might impact setup slack and result in more difficult timing closure
Related violations: <none>

TIMING-15#347 Warning
Large hold violation  
There is a large clock skew of 1.579 ns between ap_rst_n (clocked by ap_clk) and grp_run_fu_161/grp_runController_fu_106/grp_runQueryTile_fu_142/gatherQueryTile_U0/grp_storeOutputTile_fu_118/ap_CS_fsm_reg[67]/R (clocked by ap_clk) that results in large hold timing violation(s) of -1.549 ns. Fixing large hold violations during routing might impact setup slack and result in more difficult timing closure
Related violations: <none>

TIMING-15#348 Warning
Large hold violation  
There is a large clock skew of 1.579 ns between ap_rst_n (clocked by ap_clk) and grp_run_fu_161/grp_runController_fu_106/grp_runQueryTile_fu_142/gatherQueryTile_U0/grp_storeOutputTile_fu_118/ap_CS_fsm_reg[68]/R (clocked by ap_clk) that results in large hold timing violation(s) of -1.549 ns. Fixing large hold violations during routing might impact setup slack and result in more difficult timing closure
Related violations: <none>

TIMING-15#349 Warning
Large hold violation  
There is a large clock skew of 1.579 ns between ap_rst_n (clocked by ap_clk) and grp_run_fu_161/grp_runController_fu_106/grp_runQueryTile_fu_142/gatherQueryTile_U0/grp_storeOutputTile_fu_118/ap_CS_fsm_reg[69]/R (clocked by ap_clk) that results in large hold timing violation(s) of -1.549 ns. Fixing large hold violations during routing might impact setup slack and result in more difficult timing closure
Related violations: <none>

TIMING-15#350 Warning
Large hold violation  
There is a large clock skew of 1.579 ns between ap_rst_n (clocked by ap_clk) and grp_run_fu_161/grp_runController_fu_106/grp_runQueryTile_fu_142/gatherQueryTile_U0/grp_storeOutputTile_fu_118/ap_CS_fsm_reg[70]/R (clocked by ap_clk) that results in large hold timing violation(s) of -1.549 ns. Fixing large hold violations during routing might impact setup slack and result in more difficult timing closure
Related violations: <none>

TIMING-15#351 Warning
Large hold violation  
There is a large clock skew of 1.580 ns between ap_rst_n (clocked by ap_clk) and grp_run_fu_161/grp_runController_fu_106/grp_runQueryTile_fu_142/distributeQueryTile_U0/grp_distributeQueryTile_Pipeline_VITIS_LOOP_501_3_VITIS_LOOP_506_4_VITIS_LOOP_507_5_fu_220/ap_enable_reg_pp0_iter20_reg/R (clocked by ap_clk) that results in large hold timing violation(s) of -1.550 ns. Fixing large hold violations during routing might impact setup slack and result in more difficult timing closure
Related violations: <none>

TIMING-15#352 Warning
Large hold violation  
There is a large clock skew of 1.580 ns between ap_rst_n (clocked by ap_clk) and grp_run_fu_161/grp_runController_fu_106/grp_runQueryTile_fu_142/distributeQueryTile_U0/grp_distributeQueryTile_Pipeline_VITIS_LOOP_501_3_VITIS_LOOP_506_4_VITIS_LOOP_507_5_fu_220/ap_enable_reg_pp0_iter21_reg/R (clocked by ap_clk) that results in large hold timing violation(s) of -1.550 ns. Fixing large hold violations during routing might impact setup slack and result in more difficult timing closure
Related violations: <none>

TIMING-15#353 Warning
Large hold violation  
There is a large clock skew of 1.580 ns between ap_rst_n (clocked by ap_clk) and grp_run_fu_161/grp_runController_fu_106/grp_runQueryTile_fu_142/distributeQueryTile_U0/grp_distributeQueryTile_Pipeline_VITIS_LOOP_501_3_VITIS_LOOP_506_4_VITIS_LOOP_507_5_fu_220/ap_enable_reg_pp0_iter22_reg/R (clocked by ap_clk) that results in large hold timing violation(s) of -1.550 ns. Fixing large hold violations during routing might impact setup slack and result in more difficult timing closure
Related violations: <none>

TIMING-15#354 Warning
Large hold violation  
There is a large clock skew of 1.580 ns between ap_rst_n (clocked by ap_clk) and grp_run_fu_161/grp_runController_fu_106/grp_runQueryTile_fu_142/distributeQueryTile_U0/grp_distributeQueryTile_Pipeline_VITIS_LOOP_501_3_VITIS_LOOP_506_4_VITIS_LOOP_507_5_fu_220/ap_enable_reg_pp0_iter23_reg/R (clocked by ap_clk) that results in large hold timing violation(s) of -1.550 ns. Fixing large hold violations during routing might impact setup slack and result in more difficult timing closure
Related violations: <none>

TIMING-15#355 Warning
Large hold violation  
There is a large clock skew of 1.580 ns between ap_rst_n (clocked by ap_clk) and grp_run_fu_161/grp_runController_fu_106/grp_runQueryTile_fu_142/distributeQueryTile_U0/grp_distributeQueryTile_Pipeline_VITIS_LOOP_501_3_VITIS_LOOP_506_4_VITIS_LOOP_507_5_fu_220/ap_enable_reg_pp0_iter24_reg/R (clocked by ap_clk) that results in large hold timing violation(s) of -1.550 ns. Fixing large hold violations during routing might impact setup slack and result in more difficult timing closure
Related violations: <none>

TIMING-15#356 Warning
Large hold violation  
There is a large clock skew of 1.580 ns between ap_rst_n (clocked by ap_clk) and grp_run_fu_161/grp_runController_fu_106/grp_runQueryTile_fu_142/distributeQueryTile_U0/grp_distributeQueryTile_Pipeline_VITIS_LOOP_501_3_VITIS_LOOP_506_4_VITIS_LOOP_507_5_fu_220/ap_enable_reg_pp0_iter25_reg/R (clocked by ap_clk) that results in large hold timing violation(s) of -1.550 ns. Fixing large hold violations during routing might impact setup slack and result in more difficult timing closure
Related violations: <none>

TIMING-15#357 Warning
Large hold violation  
There is a large clock skew of 1.580 ns between ap_rst_n (clocked by ap_clk) and grp_run_fu_161/grp_runController_fu_106/grp_runQueryTile_fu_142/distributeQueryTile_U0/grp_distributeQueryTile_Pipeline_VITIS_LOOP_501_3_VITIS_LOOP_506_4_VITIS_LOOP_507_5_fu_220/ap_enable_reg_pp0_iter26_reg/R (clocked by ap_clk) that results in large hold timing violation(s) of -1.550 ns. Fixing large hold violations during routing might impact setup slack and result in more difficult timing closure
Related violations: <none>

TIMING-15#358 Warning
Large hold violation  
There is a large clock skew of 1.580 ns between ap_rst_n (clocked by ap_clk) and grp_run_fu_161/grp_runController_fu_106/grp_runQueryTile_fu_142/distributeQueryTile_U0/grp_distributeQueryTile_Pipeline_VITIS_LOOP_501_3_VITIS_LOOP_506_4_VITIS_LOOP_507_5_fu_220/ap_enable_reg_pp0_iter27_reg/R (clocked by ap_clk) that results in large hold timing violation(s) of -1.550 ns. Fixing large hold violations during routing might impact setup slack and result in more difficult timing closure
Related violations: <none>

TIMING-15#359 Warning
Large hold violation  
There is a large clock skew of 1.580 ns between ap_rst_n (clocked by ap_clk) and grp_run_fu_161/grp_runController_fu_106/grp_runQueryTile_fu_142/o_address_c_U/empty_n_reg/R (clocked by ap_clk) that results in large hold timing violation(s) of -1.550 ns. Fixing large hold violations during routing might impact setup slack and result in more difficult timing closure
Related violations: <none>

TIMING-15#360 Warning
Large hold violation  
There is a large clock skew of 1.580 ns between ap_rst_n (clocked by ap_clk) and grp_run_fu_161/grp_runController_fu_106/grp_runQueryTile_fu_142/o_address_c_U/full_n_reg/S (clocked by ap_clk) that results in large hold timing violation(s) of -1.550 ns. Fixing large hold violations during routing might impact setup slack and result in more difficult timing closure
Related violations: <none>

TIMING-15#361 Warning
Large hold violation  
There is a large clock skew of 1.581 ns between ap_rst_n (clocked by ap_clk) and grp_run_fu_161/grp_runController_fu_106/grp_runQueryTile_fu_142/gatherQueryTile_U0/grp_storeOutputTile_fu_118/ap_CS_fsm_reg[2]/R (clocked by ap_clk) that results in large hold timing violation(s) of -1.549 ns. Fixing large hold violations during routing might impact setup slack and result in more difficult timing closure
Related violations: <none>

TIMING-15#362 Warning
Large hold violation  
There is a large clock skew of 1.581 ns between ap_rst_n (clocked by ap_clk) and grp_run_fu_161/grp_runController_fu_106/grp_runQueryTile_fu_142/header1_U/addr_reg[0]/R (clocked by ap_clk) that results in large hold timing violation(s) of -1.551 ns. Fixing large hold violations during routing might impact setup slack and result in more difficult timing closure
Related violations: <none>

TIMING-15#363 Warning
Large hold violation  
There is a large clock skew of 1.581 ns between ap_rst_n (clocked by ap_clk) and grp_run_fu_161/grp_runController_fu_106/grp_runQueryTile_fu_142/header1_U/mOutPtr_reg[0]/R (clocked by ap_clk) that results in large hold timing violation(s) of -1.551 ns. Fixing large hold violations during routing might impact setup slack and result in more difficult timing closure
Related violations: <none>

TIMING-15#364 Warning
Large hold violation  
There is a large clock skew of 1.581 ns between ap_rst_n (clocked by ap_clk) and grp_run_fu_161/grp_runController_fu_106/grp_runQueryTile_fu_142/header1_U/mOutPtr_reg[1]/R (clocked by ap_clk) that results in large hold timing violation(s) of -1.551 ns. Fixing large hold violations during routing might impact setup slack and result in more difficult timing closure
Related violations: <none>

TIMING-15#365 Warning
Large hold violation  
There is a large clock skew of 1.581 ns between ap_rst_n (clocked by ap_clk) and grp_run_fu_161/grp_runController_fu_106/grp_runQueryTile_fu_142/header1_U/mOutPtr_reg[2]/R (clocked by ap_clk) that results in large hold timing violation(s) of -1.551 ns. Fixing large hold violations during routing might impact setup slack and result in more difficult timing closure
Related violations: <none>

TIMING-15#366 Warning
Large hold violation  
There is a large clock skew of 1.582 ns between ap_rst_n (clocked by ap_clk) and control_s_axi_U/int_k_address_reg[14]/R (clocked by ap_clk) that results in large hold timing violation(s) of -1.552 ns. Fixing large hold violations during routing might impact setup slack and result in more difficult timing closure
Related violations: <none>

TIMING-15#367 Warning
Large hold violation  
There is a large clock skew of 1.582 ns between ap_rst_n (clocked by ap_clk) and control_s_axi_U/int_k_address_reg[20]/R (clocked by ap_clk) that results in large hold timing violation(s) of -1.552 ns. Fixing large hold violations during routing might impact setup slack and result in more difficult timing closure
Related violations: <none>

TIMING-15#368 Warning
Large hold violation  
There is a large clock skew of 1.582 ns between ap_rst_n (clocked by ap_clk) and control_s_axi_U/int_k_address_reg[24]/R (clocked by ap_clk) that results in large hold timing violation(s) of -1.552 ns. Fixing large hold violations during routing might impact setup slack and result in more difficult timing closure
Related violations: <none>

TIMING-15#369 Warning
Large hold violation  
There is a large clock skew of 1.582 ns between ap_rst_n (clocked by ap_clk) and control_s_axi_U/int_k_address_reg[46]/R (clocked by ap_clk) that results in large hold timing violation(s) of -1.552 ns. Fixing large hold violations during routing might impact setup slack and result in more difficult timing closure
Related violations: <none>

TIMING-15#370 Warning
Large hold violation  
There is a large clock skew of 1.582 ns between ap_rst_n (clocked by ap_clk) and control_s_axi_U/int_k_address_reg[52]/R (clocked by ap_clk) that results in large hold timing violation(s) of -1.552 ns. Fixing large hold violations during routing might impact setup slack and result in more difficult timing closure
Related violations: <none>

TIMING-15#371 Warning
Large hold violation  
There is a large clock skew of 1.582 ns between ap_rst_n (clocked by ap_clk) and control_s_axi_U/int_k_address_reg[56]/R (clocked by ap_clk) that results in large hold timing violation(s) of -1.552 ns. Fixing large hold violations during routing might impact setup slack and result in more difficult timing closure
Related violations: <none>

TIMING-15#372 Warning
Large hold violation  
There is a large clock skew of 1.582 ns between s_axi_control_WDATA[14] (clocked by ap_clk) and control_s_axi_U/int_k_address_reg[14]/D (clocked by ap_clk) that results in large hold timing violation(s) of -1.585 ns. Fixing large hold violations during routing might impact setup slack and result in more difficult timing closure
Related violations: <none>

TIMING-15#373 Warning
Large hold violation  
There is a large clock skew of 1.582 ns between s_axi_control_WDATA[14] (clocked by ap_clk) and control_s_axi_U/int_k_address_reg[46]/D (clocked by ap_clk) that results in large hold timing violation(s) of -1.603 ns. Fixing large hold violations during routing might impact setup slack and result in more difficult timing closure
Related violations: <none>

TIMING-15#374 Warning
Large hold violation  
There is a large clock skew of 1.582 ns between s_axi_control_WDATA[20] (clocked by ap_clk) and control_s_axi_U/int_k_address_reg[20]/D (clocked by ap_clk) that results in large hold timing violation(s) of -1.583 ns. Fixing large hold violations during routing might impact setup slack and result in more difficult timing closure
Related violations: <none>

TIMING-15#375 Warning
Large hold violation  
There is a large clock skew of 1.582 ns between s_axi_control_WDATA[20] (clocked by ap_clk) and control_s_axi_U/int_k_address_reg[52]/D (clocked by ap_clk) that results in large hold timing violation(s) of -1.603 ns. Fixing large hold violations during routing might impact setup slack and result in more difficult timing closure
Related violations: <none>

TIMING-15#376 Warning
Large hold violation  
There is a large clock skew of 1.582 ns between s_axi_control_WDATA[24] (clocked by ap_clk) and control_s_axi_U/int_k_address_reg[24]/D (clocked by ap_clk) that results in large hold timing violation(s) of -1.584 ns. Fixing large hold violations during routing might impact setup slack and result in more difficult timing closure
Related violations: <none>

TIMING-15#377 Warning
Large hold violation  
There is a large clock skew of 1.582 ns between s_axi_control_WDATA[24] (clocked by ap_clk) and control_s_axi_U/int_k_address_reg[56]/D (clocked by ap_clk) that results in large hold timing violation(s) of -1.602 ns. Fixing large hold violations during routing might impact setup slack and result in more difficult timing closure
Related violations: <none>

TIMING-15#378 Warning
Large hold violation  
There is a large clock skew of 1.583 ns between ap_rst_n (clocked by ap_clk) and grp_run_fu_161/grp_runController_fu_106/grp_runQueryTile_fu_142/o_address_c_U/addr_reg[0]/R (clocked by ap_clk) that results in large hold timing violation(s) of -1.551 ns. Fixing large hold violations during routing might impact setup slack and result in more difficult timing closure
Related violations: <none>

TIMING-15#379 Warning
Large hold violation  
There is a large clock skew of 1.583 ns between ap_rst_n (clocked by ap_clk) and grp_run_fu_161/grp_runController_fu_106/grp_runQueryTile_fu_142/o_address_c_U/addr_reg[1]/R (clocked by ap_clk) that results in large hold timing violation(s) of -1.551 ns. Fixing large hold violations during routing might impact setup slack and result in more difficult timing closure
Related violations: <none>

TIMING-15#380 Warning
Large hold violation  
There is a large clock skew of 1.584 ns between ap_rst_n (clocked by ap_clk) and control_s_axi_U/int_o_address_reg[31]/R (clocked by ap_clk) that results in large hold timing violation(s) of -1.554 ns. Fixing large hold violations during routing might impact setup slack and result in more difficult timing closure
Related violations: <none>

TIMING-15#381 Warning
Large hold violation  
There is a large clock skew of 1.584 ns between ap_rst_n (clocked by ap_clk) and control_s_axi_U/int_q_address_reg[11]/R (clocked by ap_clk) that results in large hold timing violation(s) of -1.554 ns. Fixing large hold violations during routing might impact setup slack and result in more difficult timing closure
Related violations: <none>

TIMING-15#382 Warning
Large hold violation  
There is a large clock skew of 1.584 ns between ap_rst_n (clocked by ap_clk) and control_s_axi_U/int_q_address_reg[13]/R (clocked by ap_clk) that results in large hold timing violation(s) of -1.554 ns. Fixing large hold violations during routing might impact setup slack and result in more difficult timing closure
Related violations: <none>

TIMING-15#383 Warning
Large hold violation  
There is a large clock skew of 1.584 ns between ap_rst_n (clocked by ap_clk) and control_s_axi_U/int_q_address_reg[15]/R (clocked by ap_clk) that results in large hold timing violation(s) of -1.554 ns. Fixing large hold violations during routing might impact setup slack and result in more difficult timing closure
Related violations: <none>

TIMING-15#384 Warning
Large hold violation  
There is a large clock skew of 1.584 ns between ap_rst_n (clocked by ap_clk) and control_s_axi_U/int_q_address_reg[21]/R (clocked by ap_clk) that results in large hold timing violation(s) of -1.554 ns. Fixing large hold violations during routing might impact setup slack and result in more difficult timing closure
Related violations: <none>

TIMING-15#385 Warning
Large hold violation  
There is a large clock skew of 1.584 ns between ap_rst_n (clocked by ap_clk) and control_s_axi_U/int_q_address_reg[24]/R (clocked by ap_clk) that results in large hold timing violation(s) of -1.554 ns. Fixing large hold violations during routing might impact setup slack and result in more difficult timing closure
Related violations: <none>

TIMING-15#386 Warning
Large hold violation  
There is a large clock skew of 1.584 ns between ap_rst_n (clocked by ap_clk) and control_s_axi_U/int_q_address_reg[56]/R (clocked by ap_clk) that results in large hold timing violation(s) of -1.554 ns. Fixing large hold violations during routing might impact setup slack and result in more difficult timing closure
Related violations: <none>

TIMING-15#387 Warning
Large hold violation  
There is a large clock skew of 1.584 ns between ap_rst_n (clocked by ap_clk) and control_s_axi_U/int_sequence_length_reg[10]/R (clocked by ap_clk) that results in large hold timing violation(s) of -1.554 ns. Fixing large hold violations during routing might impact setup slack and result in more difficult timing closure
Related violations: <none>

TIMING-15#388 Warning
Large hold violation  
There is a large clock skew of 1.584 ns between ap_rst_n (clocked by ap_clk) and control_s_axi_U/int_sequence_length_reg[12]/R (clocked by ap_clk) that results in large hold timing violation(s) of -1.554 ns. Fixing large hold violations during routing might impact setup slack and result in more difficult timing closure
Related violations: <none>

TIMING-15#389 Warning
Large hold violation  
There is a large clock skew of 1.584 ns between ap_rst_n (clocked by ap_clk) and control_s_axi_U/int_sequence_length_reg[14]/R (clocked by ap_clk) that results in large hold timing violation(s) of -1.554 ns. Fixing large hold violations during routing might impact setup slack and result in more difficult timing closure
Related violations: <none>

TIMING-15#390 Warning
Large hold violation  
There is a large clock skew of 1.584 ns between ap_rst_n (clocked by ap_clk) and control_s_axi_U/int_sequence_length_reg[20]/R (clocked by ap_clk) that results in large hold timing violation(s) of -1.554 ns. Fixing large hold violations during routing might impact setup slack and result in more difficult timing closure
Related violations: <none>

TIMING-15#391 Warning
Large hold violation  
There is a large clock skew of 1.584 ns between ap_rst_n (clocked by ap_clk) and control_s_axi_U/int_v_address_reg[24]/R (clocked by ap_clk) that results in large hold timing violation(s) of -1.554 ns. Fixing large hold violations during routing might impact setup slack and result in more difficult timing closure
Related violations: <none>

TIMING-15#392 Warning
Large hold violation  
There is a large clock skew of 1.584 ns between ap_rst_n (clocked by ap_clk) and control_s_axi_U/int_v_address_reg[56]/R (clocked by ap_clk) that results in large hold timing violation(s) of -1.554 ns. Fixing large hold violations during routing might impact setup slack and result in more difficult timing closure
Related violations: <none>

TIMING-15#393 Warning
Large hold violation  
There is a large clock skew of 1.584 ns between ap_rst_n (clocked by ap_clk) and control_s_axi_U/int_v_address_reg[63]/R (clocked by ap_clk) that results in large hold timing violation(s) of -1.554 ns. Fixing large hold violations during routing might impact setup slack and result in more difficult timing closure
Related violations: <none>

TIMING-15#394 Warning
Large hold violation  
There is a large clock skew of 1.584 ns between s_axi_control_WDATA[11] (clocked by ap_clk) and control_s_axi_U/int_q_address_reg[11]/D (clocked by ap_clk) that results in large hold timing violation(s) of -1.587 ns. Fixing large hold violations during routing might impact setup slack and result in more difficult timing closure
Related violations: <none>

TIMING-15#395 Warning
Large hold violation  
There is a large clock skew of 1.584 ns between s_axi_control_WDATA[13] (clocked by ap_clk) and control_s_axi_U/int_q_address_reg[13]/D (clocked by ap_clk) that results in large hold timing violation(s) of -1.585 ns. Fixing large hold violations during routing might impact setup slack and result in more difficult timing closure
Related violations: <none>

TIMING-15#396 Warning
Large hold violation  
There is a large clock skew of 1.584 ns between s_axi_control_WDATA[15] (clocked by ap_clk) and control_s_axi_U/int_q_address_reg[15]/D (clocked by ap_clk) that results in large hold timing violation(s) of -1.586 ns. Fixing large hold violations during routing might impact setup slack and result in more difficult timing closure
Related violations: <none>

TIMING-15#397 Warning
Large hold violation  
There is a large clock skew of 1.584 ns between s_axi_control_WDATA[21] (clocked by ap_clk) and control_s_axi_U/int_q_address_reg[21]/D (clocked by ap_clk) that results in large hold timing violation(s) of -1.586 ns. Fixing large hold violations during routing might impact setup slack and result in more difficult timing closure
Related violations: <none>

TIMING-15#398 Warning
Large hold violation  
There is a large clock skew of 1.584 ns between s_axi_control_WDATA[24] (clocked by ap_clk) and control_s_axi_U/int_q_address_reg[24]/D (clocked by ap_clk) that results in large hold timing violation(s) of -1.584 ns. Fixing large hold violations during routing might impact setup slack and result in more difficult timing closure
Related violations: <none>

TIMING-15#399 Warning
Large hold violation  
There is a large clock skew of 1.584 ns between s_axi_control_WDATA[24] (clocked by ap_clk) and control_s_axi_U/int_q_address_reg[56]/D (clocked by ap_clk) that results in large hold timing violation(s) of -1.605 ns. Fixing large hold violations during routing might impact setup slack and result in more difficult timing closure
Related violations: <none>

TIMING-15#400 Warning
Large hold violation  
There is a large clock skew of 1.584 ns between s_axi_control_WDATA[24] (clocked by ap_clk) and control_s_axi_U/int_v_address_reg[24]/D (clocked by ap_clk) that results in large hold timing violation(s) of -1.587 ns. Fixing large hold violations during routing might impact setup slack and result in more difficult timing closure
Related violations: <none>

TIMING-15#401 Warning
Large hold violation  
There is a large clock skew of 1.584 ns between s_axi_control_WDATA[24] (clocked by ap_clk) and control_s_axi_U/int_v_address_reg[56]/D (clocked by ap_clk) that results in large hold timing violation(s) of -1.605 ns. Fixing large hold violations during routing might impact setup slack and result in more difficult timing closure
Related violations: <none>

TIMING-15#402 Warning
Large hold violation  
There is a large clock skew of 1.584 ns between s_axi_control_WDATA[31] (clocked by ap_clk) and control_s_axi_U/int_o_address_reg[31]/D (clocked by ap_clk) that results in large hold timing violation(s) of -1.587 ns. Fixing large hold violations during routing might impact setup slack and result in more difficult timing closure
Related violations: <none>

TIMING-15#403 Warning
Large hold violation  
There is a large clock skew of 1.584 ns between s_axi_control_WDATA[31] (clocked by ap_clk) and control_s_axi_U/int_v_address_reg[63]/D (clocked by ap_clk) that results in large hold timing violation(s) of -1.605 ns. Fixing large hold violations during routing might impact setup slack and result in more difficult timing closure
Related violations: <none>

TIMING-15#404 Warning
Large hold violation  
There is a large clock skew of 1.584 ns between s_axi_control_WSTRB[1] (clocked by ap_clk) and control_s_axi_U/int_sequence_length_reg[10]/D (clocked by ap_clk) that results in large hold timing violation(s) of -1.584 ns. Fixing large hold violations during routing might impact setup slack and result in more difficult timing closure
Related violations: <none>

TIMING-15#405 Warning
Large hold violation  
There is a large clock skew of 1.584 ns between s_axi_control_WSTRB[1] (clocked by ap_clk) and control_s_axi_U/int_sequence_length_reg[12]/D (clocked by ap_clk) that results in large hold timing violation(s) of -1.584 ns. Fixing large hold violations during routing might impact setup slack and result in more difficult timing closure
Related violations: <none>

TIMING-15#406 Warning
Large hold violation  
There is a large clock skew of 1.584 ns between s_axi_control_WSTRB[1] (clocked by ap_clk) and control_s_axi_U/int_sequence_length_reg[14]/D (clocked by ap_clk) that results in large hold timing violation(s) of -1.582 ns. Fixing large hold violations during routing might impact setup slack and result in more difficult timing closure
Related violations: <none>

TIMING-15#407 Warning
Large hold violation  
There is a large clock skew of 1.584 ns between s_axi_control_WSTRB[2] (clocked by ap_clk) and control_s_axi_U/int_sequence_length_reg[20]/D (clocked by ap_clk) that results in large hold timing violation(s) of -1.583 ns. Fixing large hold violations during routing might impact setup slack and result in more difficult timing closure
Related violations: <none>

TIMING-15#408 Warning
Large hold violation  
There is a large clock skew of 1.585 ns between ap_rst_n (clocked by ap_clk) and control_s_axi_U/int_k_address_reg[16]/R (clocked by ap_clk) that results in large hold timing violation(s) of -1.555 ns. Fixing large hold violations during routing might impact setup slack and result in more difficult timing closure
Related violations: <none>

TIMING-15#409 Warning
Large hold violation  
There is a large clock skew of 1.585 ns between ap_rst_n (clocked by ap_clk) and control_s_axi_U/int_k_address_reg[28]/R (clocked by ap_clk) that results in large hold timing violation(s) of -1.555 ns. Fixing large hold violations during routing might impact setup slack and result in more difficult timing closure
Related violations: <none>

TIMING-15#410 Warning
Large hold violation  
There is a large clock skew of 1.585 ns between ap_rst_n (clocked by ap_clk) and control_s_axi_U/int_k_address_reg[48]/R (clocked by ap_clk) that results in large hold timing violation(s) of -1.555 ns. Fixing large hold violations during routing might impact setup slack and result in more difficult timing closure
Related violations: <none>

TIMING-15#411 Warning
Large hold violation  
There is a large clock skew of 1.585 ns between ap_rst_n (clocked by ap_clk) and control_s_axi_U/int_k_address_reg[60]/R (clocked by ap_clk) that results in large hold timing violation(s) of -1.555 ns. Fixing large hold violations during routing might impact setup slack and result in more difficult timing closure
Related violations: <none>

TIMING-15#412 Warning
Large hold violation  
There is a large clock skew of 1.585 ns between ap_rst_n (clocked by ap_clk) and control_s_axi_U/int_q_address_reg[23]/R (clocked by ap_clk) that results in large hold timing violation(s) of -1.555 ns. Fixing large hold violations during routing might impact setup slack and result in more difficult timing closure
Related violations: <none>

TIMING-15#413 Warning
Large hold violation  
There is a large clock skew of 1.585 ns between ap_rst_n (clocked by ap_clk) and control_s_axi_U/int_q_address_reg[27]/R (clocked by ap_clk) that results in large hold timing violation(s) of -1.555 ns. Fixing large hold violations during routing might impact setup slack and result in more difficult timing closure
Related violations: <none>

TIMING-15#414 Warning
Large hold violation  
There is a large clock skew of 1.585 ns between ap_rst_n (clocked by ap_clk) and control_s_axi_U/int_sequence_length_reg[22]/R (clocked by ap_clk) that results in large hold timing violation(s) of -1.555 ns. Fixing large hold violations during routing might impact setup slack and result in more difficult timing closure
Related violations: <none>

TIMING-15#415 Warning
Large hold violation  
There is a large clock skew of 1.585 ns between ap_rst_n (clocked by ap_clk) and control_s_axi_U/int_sequence_length_reg[26]/R (clocked by ap_clk) that results in large hold timing violation(s) of -1.555 ns. Fixing large hold violations during routing might impact setup slack and result in more difficult timing closure
Related violations: <none>

TIMING-15#416 Warning
Large hold violation  
There is a large clock skew of 1.585 ns between ap_rst_n (clocked by ap_clk) and grp_run_fu_161/grp_runController_fu_106/grp_runQueryTile_fu_142/distributeQueryTile_U0/start_once_reg_reg/R (clocked by ap_clk) that results in large hold timing violation(s) of -1.555 ns. Fixing large hold violations during routing might impact setup slack and result in more difficult timing closure
Related violations: <none>

TIMING-15#417 Warning
Large hold violation  
There is a large clock skew of 1.585 ns between ap_rst_n (clocked by ap_clk) and grp_run_fu_161/grp_runController_fu_106/grp_runQueryTile_fu_142/o_address_c_U/mOutPtr_reg[0]/R (clocked by ap_clk) that results in large hold timing violation(s) of -1.553 ns. Fixing large hold violations during routing might impact setup slack and result in more difficult timing closure
Related violations: <none>

TIMING-15#418 Warning
Large hold violation  
There is a large clock skew of 1.585 ns between ap_rst_n (clocked by ap_clk) and grp_run_fu_161/grp_runController_fu_106/grp_runQueryTile_fu_142/o_address_c_U/mOutPtr_reg[1]/R (clocked by ap_clk) that results in large hold timing violation(s) of -1.553 ns. Fixing large hold violations during routing might impact setup slack and result in more difficult timing closure
Related violations: <none>

TIMING-15#419 Warning
Large hold violation  
There is a large clock skew of 1.585 ns between ap_rst_n (clocked by ap_clk) and grp_run_fu_161/grp_runController_fu_106/grp_runQueryTile_fu_142/o_address_c_U/mOutPtr_reg[2]/R (clocked by ap_clk) that results in large hold timing violation(s) of -1.553 ns. Fixing large hold violations during routing might impact setup slack and result in more difficult timing closure
Related violations: <none>

TIMING-15#420 Warning
Large hold violation  
There is a large clock skew of 1.585 ns between s_axi_control_WDATA[16] (clocked by ap_clk) and control_s_axi_U/int_k_address_reg[16]/D (clocked by ap_clk) that results in large hold timing violation(s) of -1.588 ns. Fixing large hold violations during routing might impact setup slack and result in more difficult timing closure
Related violations: <none>

TIMING-15#421 Warning
Large hold violation  
There is a large clock skew of 1.585 ns between s_axi_control_WDATA[16] (clocked by ap_clk) and control_s_axi_U/int_k_address_reg[48]/D (clocked by ap_clk) that results in large hold timing violation(s) of -1.606 ns. Fixing large hold violations during routing might impact setup slack and result in more difficult timing closure
Related violations: <none>

TIMING-15#422 Warning
Large hold violation  
There is a large clock skew of 1.585 ns between s_axi_control_WDATA[23] (clocked by ap_clk) and control_s_axi_U/int_q_address_reg[23]/D (clocked by ap_clk) that results in large hold timing violation(s) of -1.588 ns. Fixing large hold violations during routing might impact setup slack and result in more difficult timing closure
Related violations: <none>

TIMING-15#423 Warning
Large hold violation  
There is a large clock skew of 1.585 ns between s_axi_control_WDATA[27] (clocked by ap_clk) and control_s_axi_U/int_q_address_reg[27]/D (clocked by ap_clk) that results in large hold timing violation(s) of -1.586 ns. Fixing large hold violations during routing might impact setup slack and result in more difficult timing closure
Related violations: <none>

TIMING-15#424 Warning
Large hold violation  
There is a large clock skew of 1.585 ns between s_axi_control_WDATA[28] (clocked by ap_clk) and control_s_axi_U/int_k_address_reg[28]/D (clocked by ap_clk) that results in large hold timing violation(s) of -1.586 ns. Fixing large hold violations during routing might impact setup slack and result in more difficult timing closure
Related violations: <none>

TIMING-15#425 Warning
Large hold violation  
There is a large clock skew of 1.585 ns between s_axi_control_WDATA[28] (clocked by ap_clk) and control_s_axi_U/int_k_address_reg[60]/D (clocked by ap_clk) that results in large hold timing violation(s) of -1.606 ns. Fixing large hold violations during routing might impact setup slack and result in more difficult timing closure
Related violations: <none>

TIMING-15#426 Warning
Large hold violation  
There is a large clock skew of 1.585 ns between s_axi_control_WSTRB[2] (clocked by ap_clk) and control_s_axi_U/int_sequence_length_reg[22]/D (clocked by ap_clk) that results in large hold timing violation(s) of -1.585 ns. Fixing large hold violations during routing might impact setup slack and result in more difficult timing closure
Related violations: <none>

TIMING-15#427 Warning
Large hold violation  
There is a large clock skew of 1.585 ns between s_axi_control_WSTRB[3] (clocked by ap_clk) and control_s_axi_U/int_sequence_length_reg[26]/D (clocked by ap_clk) that results in large hold timing violation(s) of -1.585 ns. Fixing large hold violations during routing might impact setup slack and result in more difficult timing closure
Related violations: <none>

TIMING-15#428 Warning
Large hold violation  
There is a large clock skew of 1.586 ns between ap_rst_n (clocked by ap_clk) and control_s_axi_U/int_k_address_reg[12]/R (clocked by ap_clk) that results in large hold timing violation(s) of -1.556 ns. Fixing large hold violations during routing might impact setup slack and result in more difficult timing closure
Related violations: <none>

TIMING-15#429 Warning
Large hold violation  
There is a large clock skew of 1.586 ns between ap_rst_n (clocked by ap_clk) and control_s_axi_U/int_k_address_reg[18]/R (clocked by ap_clk) that results in large hold timing violation(s) of -1.556 ns. Fixing large hold violations during routing might impact setup slack and result in more difficult timing closure
Related violations: <none>

TIMING-15#430 Warning
Large hold violation  
There is a large clock skew of 1.586 ns between ap_rst_n (clocked by ap_clk) and control_s_axi_U/int_k_address_reg[44]/R (clocked by ap_clk) that results in large hold timing violation(s) of -1.556 ns. Fixing large hold violations during routing might impact setup slack and result in more difficult timing closure
Related violations: <none>

TIMING-15#431 Warning
Large hold violation  
There is a large clock skew of 1.586 ns between ap_rst_n (clocked by ap_clk) and control_s_axi_U/int_k_address_reg[50]/R (clocked by ap_clk) that results in large hold timing violation(s) of -1.556 ns. Fixing large hold violations during routing might impact setup slack and result in more difficult timing closure
Related violations: <none>

TIMING-15#432 Warning
Large hold violation  
There is a large clock skew of 1.586 ns between ap_rst_n (clocked by ap_clk) and control_s_axi_U/int_o_address_reg[22]/R (clocked by ap_clk) that results in large hold timing violation(s) of -1.556 ns. Fixing large hold violations during routing might impact setup slack and result in more difficult timing closure
Related violations: <none>

TIMING-15#433 Warning
Large hold violation  
There is a large clock skew of 1.586 ns between ap_rst_n (clocked by ap_clk) and control_s_axi_U/int_o_address_reg[28]/R (clocked by ap_clk) that results in large hold timing violation(s) of -1.556 ns. Fixing large hold violations during routing might impact setup slack and result in more difficult timing closure
Related violations: <none>

TIMING-15#434 Warning
Large hold violation  
There is a large clock skew of 1.586 ns between ap_rst_n (clocked by ap_clk) and control_s_axi_U/int_o_address_reg[54]/R (clocked by ap_clk) that results in large hold timing violation(s) of -1.556 ns. Fixing large hold violations during routing might impact setup slack and result in more difficult timing closure
Related violations: <none>

TIMING-15#435 Warning
Large hold violation  
There is a large clock skew of 1.586 ns between ap_rst_n (clocked by ap_clk) and control_s_axi_U/int_o_address_reg[60]/R (clocked by ap_clk) that results in large hold timing violation(s) of -1.556 ns. Fixing large hold violations during routing might impact setup slack and result in more difficult timing closure
Related violations: <none>

TIMING-15#436 Warning
Large hold violation  
There is a large clock skew of 1.586 ns between ap_rst_n (clocked by ap_clk) and control_s_axi_U/int_q_address_reg[14]/R (clocked by ap_clk) that results in large hold timing violation(s) of -1.556 ns. Fixing large hold violations during routing might impact setup slack and result in more difficult timing closure
Related violations: <none>

TIMING-15#437 Warning
Large hold violation  
There is a large clock skew of 1.586 ns between ap_rst_n (clocked by ap_clk) and control_s_axi_U/int_q_address_reg[26]/R (clocked by ap_clk) that results in large hold timing violation(s) of -1.556 ns. Fixing large hold violations during routing might impact setup slack and result in more difficult timing closure
Related violations: <none>

TIMING-15#438 Warning
Large hold violation  
There is a large clock skew of 1.586 ns between ap_rst_n (clocked by ap_clk) and control_s_axi_U/int_q_address_reg[46]/R (clocked by ap_clk) that results in large hold timing violation(s) of -1.556 ns. Fixing large hold violations during routing might impact setup slack and result in more difficult timing closure
Related violations: <none>

TIMING-15#439 Warning
Large hold violation  
There is a large clock skew of 1.586 ns between ap_rst_n (clocked by ap_clk) and control_s_axi_U/int_q_address_reg[58]/R (clocked by ap_clk) that results in large hold timing violation(s) of -1.556 ns. Fixing large hold violations during routing might impact setup slack and result in more difficult timing closure
Related violations: <none>

TIMING-15#440 Warning
Large hold violation  
There is a large clock skew of 1.586 ns between ap_rst_n (clocked by ap_clk) and grp_run_fu_161/grp_runController_fu_106/grp_runQueryTile_fu_142/distributeQueryTile_U0/grp_distributeQueryTile_Pipeline_VITIS_LOOP_501_3_VITIS_LOOP_506_4_VITIS_LOOP_507_5_fu_220/ap_enable_reg_pp0_iter28_reg/R (clocked by ap_clk) that results in large hold timing violation(s) of -1.556 ns. Fixing large hold violations during routing might impact setup slack and result in more difficult timing closure
Related violations: <none>

TIMING-15#441 Warning
Large hold violation  
There is a large clock skew of 1.586 ns between ap_rst_n (clocked by ap_clk) and grp_run_fu_161/grp_runController_fu_106/grp_runQueryTile_fu_142/distributeQueryTile_U0/grp_distributeQueryTile_Pipeline_VITIS_LOOP_501_3_VITIS_LOOP_506_4_VITIS_LOOP_507_5_fu_220/ap_enable_reg_pp0_iter29_reg/R (clocked by ap_clk) that results in large hold timing violation(s) of -1.556 ns. Fixing large hold violations during routing might impact setup slack and result in more difficult timing closure
Related violations: <none>

TIMING-15#442 Warning
Large hold violation  
There is a large clock skew of 1.586 ns between ap_rst_n (clocked by ap_clk) and grp_run_fu_161/grp_runController_fu_106/grp_runQueryTile_fu_142/distributeQueryTile_U0/grp_distributeQueryTile_Pipeline_VITIS_LOOP_501_3_VITIS_LOOP_506_4_VITIS_LOOP_507_5_fu_220/ap_enable_reg_pp0_iter30_reg/R (clocked by ap_clk) that results in large hold timing violation(s) of -1.556 ns. Fixing large hold violations during routing might impact setup slack and result in more difficult timing closure
Related violations: <none>

TIMING-15#443 Warning
Large hold violation  
There is a large clock skew of 1.586 ns between ap_rst_n (clocked by ap_clk) and grp_run_fu_161/grp_runController_fu_106/grp_runQueryTile_fu_142/entry_proc_U0/start_once_reg_reg/D (clocked by ap_clk) that results in large hold timing violation(s) of -1.579 ns. Fixing large hold violations during routing might impact setup slack and result in more difficult timing closure
Related violations: <none>

TIMING-15#444 Warning
Large hold violation  
There is a large clock skew of 1.586 ns between ap_rst_n (clocked by ap_clk) and grp_run_fu_161/grp_runController_fu_106/grp_runQueryTile_fu_142/header1_U/empty_n_reg/R (clocked by ap_clk) that results in large hold timing violation(s) of -1.556 ns. Fixing large hold violations during routing might impact setup slack and result in more difficult timing closure
Related violations: <none>

TIMING-15#445 Warning
Large hold violation  
There is a large clock skew of 1.586 ns between ap_rst_n (clocked by ap_clk) and grp_run_fu_161/grp_runController_fu_106/grp_runQueryTile_fu_142/header1_U/full_n_reg/S (clocked by ap_clk) that results in large hold timing violation(s) of -1.556 ns. Fixing large hold violations during routing might impact setup slack and result in more difficult timing closure
Related violations: <none>

TIMING-15#446 Warning
Large hold violation  
There is a large clock skew of 1.586 ns between s_axi_control_WDATA[12] (clocked by ap_clk) and control_s_axi_U/int_k_address_reg[12]/D (clocked by ap_clk) that results in large hold timing violation(s) of -1.589 ns. Fixing large hold violations during routing might impact setup slack and result in more difficult timing closure
Related violations: <none>

TIMING-15#447 Warning
Large hold violation  
There is a large clock skew of 1.586 ns between s_axi_control_WDATA[12] (clocked by ap_clk) and control_s_axi_U/int_k_address_reg[44]/D (clocked by ap_clk) that results in large hold timing violation(s) of -1.607 ns. Fixing large hold violations during routing might impact setup slack and result in more difficult timing closure
Related violations: <none>

TIMING-15#448 Warning
Large hold violation  
There is a large clock skew of 1.586 ns between s_axi_control_WDATA[14] (clocked by ap_clk) and control_s_axi_U/int_q_address_reg[14]/D (clocked by ap_clk) that results in large hold timing violation(s) of -1.586 ns. Fixing large hold violations during routing might impact setup slack and result in more difficult timing closure
Related violations: <none>

TIMING-15#449 Warning
Large hold violation  
There is a large clock skew of 1.586 ns between s_axi_control_WDATA[14] (clocked by ap_clk) and control_s_axi_U/int_q_address_reg[46]/D (clocked by ap_clk) that results in large hold timing violation(s) of -1.607 ns. Fixing large hold violations during routing might impact setup slack and result in more difficult timing closure
Related violations: <none>

TIMING-15#450 Warning
Large hold violation  
There is a large clock skew of 1.586 ns between s_axi_control_WDATA[18] (clocked by ap_clk) and control_s_axi_U/int_k_address_reg[18]/D (clocked by ap_clk) that results in large hold timing violation(s) of -1.587 ns. Fixing large hold violations during routing might impact setup slack and result in more difficult timing closure
Related violations: <none>

TIMING-15#451 Warning
Large hold violation  
There is a large clock skew of 1.586 ns between s_axi_control_WDATA[18] (clocked by ap_clk) and control_s_axi_U/int_k_address_reg[50]/D (clocked by ap_clk) that results in large hold timing violation(s) of -1.607 ns. Fixing large hold violations during routing might impact setup slack and result in more difficult timing closure
Related violations: <none>

TIMING-15#452 Warning
Large hold violation  
There is a large clock skew of 1.586 ns between s_axi_control_WDATA[22] (clocked by ap_clk) and control_s_axi_U/int_o_address_reg[22]/D (clocked by ap_clk) that results in large hold timing violation(s) of -1.589 ns. Fixing large hold violations during routing might impact setup slack and result in more difficult timing closure
Related violations: <none>

TIMING-15#453 Warning
Large hold violation  
There is a large clock skew of 1.586 ns between s_axi_control_WDATA[22] (clocked by ap_clk) and control_s_axi_U/int_o_address_reg[54]/D (clocked by ap_clk) that results in large hold timing violation(s) of -1.607 ns. Fixing large hold violations during routing might impact setup slack and result in more difficult timing closure
Related violations: <none>

TIMING-15#454 Warning
Large hold violation  
There is a large clock skew of 1.586 ns between s_axi_control_WDATA[26] (clocked by ap_clk) and control_s_axi_U/int_q_address_reg[26]/D (clocked by ap_clk) that results in large hold timing violation(s) of -1.589 ns. Fixing large hold violations during routing might impact setup slack and result in more difficult timing closure
Related violations: <none>

TIMING-15#455 Warning
Large hold violation  
There is a large clock skew of 1.586 ns between s_axi_control_WDATA[26] (clocked by ap_clk) and control_s_axi_U/int_q_address_reg[58]/D (clocked by ap_clk) that results in large hold timing violation(s) of -1.607 ns. Fixing large hold violations during routing might impact setup slack and result in more difficult timing closure
Related violations: <none>

TIMING-15#456 Warning
Large hold violation  
There is a large clock skew of 1.586 ns between s_axi_control_WDATA[28] (clocked by ap_clk) and control_s_axi_U/int_o_address_reg[28]/D (clocked by ap_clk) that results in large hold timing violation(s) of -1.587 ns. Fixing large hold violations during routing might impact setup slack and result in more difficult timing closure
Related violations: <none>

TIMING-15#457 Warning
Large hold violation  
There is a large clock skew of 1.586 ns between s_axi_control_WDATA[28] (clocked by ap_clk) and control_s_axi_U/int_o_address_reg[60]/D (clocked by ap_clk) that results in large hold timing violation(s) of -1.607 ns. Fixing large hold violations during routing might impact setup slack and result in more difficult timing closure
Related violations: <none>

TIMING-15#458 Warning
Large hold violation  
There is a large clock skew of 1.587 ns between ap_rst_n (clocked by ap_clk) and control_s_axi_U/FSM_onehot_rstate_reg[1]/R (clocked by ap_clk) that results in large hold timing violation(s) of -1.557 ns. Fixing large hold violations during routing might impact setup slack and result in more difficult timing closure
Related violations: <none>

TIMING-15#459 Warning
Large hold violation  
There is a large clock skew of 1.587 ns between ap_rst_n (clocked by ap_clk) and control_s_axi_U/FSM_onehot_rstate_reg[2]/R (clocked by ap_clk) that results in large hold timing violation(s) of -1.557 ns. Fixing large hold violations during routing might impact setup slack and result in more difficult timing closure
Related violations: <none>

TIMING-15#460 Warning
Large hold violation  
There is a large clock skew of 1.587 ns between ap_rst_n (clocked by ap_clk) and control_s_axi_U/int_k_address_reg[25]/R (clocked by ap_clk) that results in large hold timing violation(s) of -1.557 ns. Fixing large hold violations during routing might impact setup slack and result in more difficult timing closure
Related violations: <none>

TIMING-15#461 Warning
Large hold violation  
There is a large clock skew of 1.587 ns between ap_rst_n (clocked by ap_clk) and control_s_axi_U/int_k_address_reg[31]/R (clocked by ap_clk) that results in large hold timing violation(s) of -1.557 ns. Fixing large hold violations during routing might impact setup slack and result in more difficult timing closure
Related violations: <none>

TIMING-15#462 Warning
Large hold violation  
There is a large clock skew of 1.587 ns between ap_rst_n (clocked by ap_clk) and control_s_axi_U/int_o_address_reg[26]/R (clocked by ap_clk) that results in large hold timing violation(s) of -1.557 ns. Fixing large hold violations during routing might impact setup slack and result in more difficult timing closure
Related violations: <none>

TIMING-15#463 Warning
Large hold violation  
There is a large clock skew of 1.587 ns between ap_rst_n (clocked by ap_clk) and control_s_axi_U/int_o_address_reg[30]/R (clocked by ap_clk) that results in large hold timing violation(s) of -1.557 ns. Fixing large hold violations during routing might impact setup slack and result in more difficult timing closure
Related violations: <none>

TIMING-15#464 Warning
Large hold violation  
There is a large clock skew of 1.587 ns between ap_rst_n (clocked by ap_clk) and control_s_axi_U/int_o_address_reg[58]/R (clocked by ap_clk) that results in large hold timing violation(s) of -1.557 ns. Fixing large hold violations during routing might impact setup slack and result in more difficult timing closure
Related violations: <none>

TIMING-15#465 Warning
Large hold violation  
There is a large clock skew of 1.587 ns between ap_rst_n (clocked by ap_clk) and control_s_axi_U/int_o_address_reg[62]/R (clocked by ap_clk) that results in large hold timing violation(s) of -1.557 ns. Fixing large hold violations during routing might impact setup slack and result in more difficult timing closure
Related violations: <none>

TIMING-15#466 Warning
Large hold violation  
There is a large clock skew of 1.587 ns between ap_rst_n (clocked by ap_clk) and control_s_axi_U/int_q_address_reg[57]/R (clocked by ap_clk) that results in large hold timing violation(s) of -1.557 ns. Fixing large hold violations during routing might impact setup slack and result in more difficult timing closure
Related violations: <none>

TIMING-15#467 Warning
Large hold violation  
There is a large clock skew of 1.587 ns between ap_rst_n (clocked by ap_clk) and control_s_axi_U/int_q_address_reg[63]/R (clocked by ap_clk) that results in large hold timing violation(s) of -1.557 ns. Fixing large hold violations during routing might impact setup slack and result in more difficult timing closure
Related violations: <none>

TIMING-15#468 Warning
Large hold violation  
There is a large clock skew of 1.587 ns between ap_rst_n (clocked by ap_clk) and control_s_axi_U/int_v_address_reg[22]/R (clocked by ap_clk) that results in large hold timing violation(s) of -1.557 ns. Fixing large hold violations during routing might impact setup slack and result in more difficult timing closure
Related violations: <none>

TIMING-15#469 Warning
Large hold violation  
There is a large clock skew of 1.587 ns between ap_rst_n (clocked by ap_clk) and control_s_axi_U/int_v_address_reg[26]/R (clocked by ap_clk) that results in large hold timing violation(s) of -1.557 ns. Fixing large hold violations during routing might impact setup slack and result in more difficult timing closure
Related violations: <none>

TIMING-15#470 Warning
Large hold violation  
There is a large clock skew of 1.587 ns between ap_rst_n (clocked by ap_clk) and control_s_axi_U/int_v_address_reg[28]/R (clocked by ap_clk) that results in large hold timing violation(s) of -1.557 ns. Fixing large hold violations during routing might impact setup slack and result in more difficult timing closure
Related violations: <none>

TIMING-15#471 Warning
Large hold violation  
There is a large clock skew of 1.587 ns between ap_rst_n (clocked by ap_clk) and control_s_axi_U/int_v_address_reg[30]/R (clocked by ap_clk) that results in large hold timing violation(s) of -1.557 ns. Fixing large hold violations during routing might impact setup slack and result in more difficult timing closure
Related violations: <none>

TIMING-15#472 Warning
Large hold violation  
There is a large clock skew of 1.587 ns between ap_rst_n (clocked by ap_clk) and control_s_axi_U/int_v_address_reg[54]/R (clocked by ap_clk) that results in large hold timing violation(s) of -1.557 ns. Fixing large hold violations during routing might impact setup slack and result in more difficult timing closure
Related violations: <none>

TIMING-15#473 Warning
Large hold violation  
There is a large clock skew of 1.587 ns between ap_rst_n (clocked by ap_clk) and control_s_axi_U/int_v_address_reg[58]/R (clocked by ap_clk) that results in large hold timing violation(s) of -1.557 ns. Fixing large hold violations during routing might impact setup slack and result in more difficult timing closure
Related violations: <none>

TIMING-15#474 Warning
Large hold violation  
There is a large clock skew of 1.587 ns between ap_rst_n (clocked by ap_clk) and control_s_axi_U/int_v_address_reg[60]/R (clocked by ap_clk) that results in large hold timing violation(s) of -1.557 ns. Fixing large hold violations during routing might impact setup slack and result in more difficult timing closure
Related violations: <none>

TIMING-15#475 Warning
Large hold violation  
There is a large clock skew of 1.587 ns between ap_rst_n (clocked by ap_clk) and control_s_axi_U/int_v_address_reg[62]/R (clocked by ap_clk) that results in large hold timing violation(s) of -1.557 ns. Fixing large hold violations during routing might impact setup slack and result in more difficult timing closure
Related violations: <none>

TIMING-15#476 Warning
Large hold violation  
There is a large clock skew of 1.587 ns between s_axi_control_RREADY (clocked by ap_clk) and control_s_axi_U/FSM_onehot_rstate_reg[1]/D (clocked by ap_clk) that results in large hold timing violation(s) of -1.590 ns. Fixing large hold violations during routing might impact setup slack and result in more difficult timing closure
Related violations: <none>

TIMING-15#477 Warning
Large hold violation  
There is a large clock skew of 1.587 ns between s_axi_control_RREADY (clocked by ap_clk) and control_s_axi_U/FSM_onehot_rstate_reg[2]/D (clocked by ap_clk) that results in large hold timing violation(s) of -1.608 ns. Fixing large hold violations during routing might impact setup slack and result in more difficult timing closure
Related violations: <none>

TIMING-15#478 Warning
Large hold violation  
There is a large clock skew of 1.587 ns between s_axi_control_WDATA[22] (clocked by ap_clk) and control_s_axi_U/int_v_address_reg[22]/D (clocked by ap_clk) that results in large hold timing violation(s) of -1.590 ns. Fixing large hold violations during routing might impact setup slack and result in more difficult timing closure
Related violations: <none>

TIMING-15#479 Warning
Large hold violation  
There is a large clock skew of 1.587 ns between s_axi_control_WDATA[22] (clocked by ap_clk) and control_s_axi_U/int_v_address_reg[54]/D (clocked by ap_clk) that results in large hold timing violation(s) of -1.608 ns. Fixing large hold violations during routing might impact setup slack and result in more difficult timing closure
Related violations: <none>

TIMING-15#480 Warning
Large hold violation  
There is a large clock skew of 1.587 ns between s_axi_control_WDATA[25] (clocked by ap_clk) and control_s_axi_U/int_k_address_reg[25]/D (clocked by ap_clk) that results in large hold timing violation(s) of -1.587 ns. Fixing large hold violations during routing might impact setup slack and result in more difficult timing closure
Related violations: <none>

TIMING-15#481 Warning
Large hold violation  
There is a large clock skew of 1.587 ns between s_axi_control_WDATA[25] (clocked by ap_clk) and control_s_axi_U/int_q_address_reg[57]/D (clocked by ap_clk) that results in large hold timing violation(s) of -1.608 ns. Fixing large hold violations during routing might impact setup slack and result in more difficult timing closure
Related violations: <none>

TIMING-15#482 Warning
Large hold violation  
There is a large clock skew of 1.587 ns between s_axi_control_WDATA[26] (clocked by ap_clk) and control_s_axi_U/int_o_address_reg[26]/D (clocked by ap_clk) that results in large hold timing violation(s) of -1.590 ns. Fixing large hold violations during routing might impact setup slack and result in more difficult timing closure
Related violations: <none>

TIMING-15#483 Warning
Large hold violation  
There is a large clock skew of 1.587 ns between s_axi_control_WDATA[26] (clocked by ap_clk) and control_s_axi_U/int_o_address_reg[58]/D (clocked by ap_clk) that results in large hold timing violation(s) of -1.608 ns. Fixing large hold violations during routing might impact setup slack and result in more difficult timing closure
Related violations: <none>

TIMING-15#484 Warning
Large hold violation  
There is a large clock skew of 1.587 ns between s_axi_control_WDATA[26] (clocked by ap_clk) and control_s_axi_U/int_v_address_reg[26]/D (clocked by ap_clk) that results in large hold timing violation(s) of -1.588 ns. Fixing large hold violations during routing might impact setup slack and result in more difficult timing closure
Related violations: <none>

TIMING-15#485 Warning
Large hold violation  
There is a large clock skew of 1.587 ns between s_axi_control_WDATA[26] (clocked by ap_clk) and control_s_axi_U/int_v_address_reg[58]/D (clocked by ap_clk) that results in large hold timing violation(s) of -1.608 ns. Fixing large hold violations during routing might impact setup slack and result in more difficult timing closure
Related violations: <none>

TIMING-15#486 Warning
Large hold violation  
There is a large clock skew of 1.587 ns between s_axi_control_WDATA[28] (clocked by ap_clk) and control_s_axi_U/int_v_address_reg[28]/D (clocked by ap_clk) that results in large hold timing violation(s) of -1.589 ns. Fixing large hold violations during routing might impact setup slack and result in more difficult timing closure
Related violations: <none>

TIMING-15#487 Warning
Large hold violation  
There is a large clock skew of 1.587 ns between s_axi_control_WDATA[28] (clocked by ap_clk) and control_s_axi_U/int_v_address_reg[60]/D (clocked by ap_clk) that results in large hold timing violation(s) of -1.607 ns. Fixing large hold violations during routing might impact setup slack and result in more difficult timing closure
Related violations: <none>

TIMING-15#488 Warning
Large hold violation  
There is a large clock skew of 1.587 ns between s_axi_control_WDATA[30] (clocked by ap_clk) and control_s_axi_U/int_o_address_reg[30]/D (clocked by ap_clk) that results in large hold timing violation(s) of -1.588 ns. Fixing large hold violations during routing might impact setup slack and result in more difficult timing closure
Related violations: <none>

TIMING-15#489 Warning
Large hold violation  
There is a large clock skew of 1.587 ns between s_axi_control_WDATA[30] (clocked by ap_clk) and control_s_axi_U/int_o_address_reg[62]/D (clocked by ap_clk) that results in large hold timing violation(s) of -1.608 ns. Fixing large hold violations during routing might impact setup slack and result in more difficult timing closure
Related violations: <none>

TIMING-15#490 Warning
Large hold violation  
There is a large clock skew of 1.587 ns between s_axi_control_WDATA[30] (clocked by ap_clk) and control_s_axi_U/int_v_address_reg[30]/D (clocked by ap_clk) that results in large hold timing violation(s) of -1.589 ns. Fixing large hold violations during routing might impact setup slack and result in more difficult timing closure
Related violations: <none>

TIMING-15#491 Warning
Large hold violation  
There is a large clock skew of 1.587 ns between s_axi_control_WDATA[30] (clocked by ap_clk) and control_s_axi_U/int_v_address_reg[62]/D (clocked by ap_clk) that results in large hold timing violation(s) of -1.607 ns. Fixing large hold violations during routing might impact setup slack and result in more difficult timing closure
Related violations: <none>

TIMING-15#492 Warning
Large hold violation  
There is a large clock skew of 1.587 ns between s_axi_control_WDATA[31] (clocked by ap_clk) and control_s_axi_U/int_k_address_reg[31]/D (clocked by ap_clk) that results in large hold timing violation(s) of -1.590 ns. Fixing large hold violations during routing might impact setup slack and result in more difficult timing closure
Related violations: <none>

TIMING-15#493 Warning
Large hold violation  
There is a large clock skew of 1.587 ns between s_axi_control_WDATA[31] (clocked by ap_clk) and control_s_axi_U/int_q_address_reg[63]/D (clocked by ap_clk) that results in large hold timing violation(s) of -1.608 ns. Fixing large hold violations during routing might impact setup slack and result in more difficult timing closure
Related violations: <none>

TIMING-15#494 Warning
Large hold violation  
There is a large clock skew of 1.588 ns between ap_rst_n (clocked by ap_clk) and control_s_axi_U/int_k_address_reg[0]/R (clocked by ap_clk) that results in large hold timing violation(s) of -1.558 ns. Fixing large hold violations during routing might impact setup slack and result in more difficult timing closure
Related violations: <none>

TIMING-15#495 Warning
Large hold violation  
There is a large clock skew of 1.588 ns between ap_rst_n (clocked by ap_clk) and control_s_axi_U/int_k_address_reg[10]/R (clocked by ap_clk) that results in large hold timing violation(s) of -1.558 ns. Fixing large hold violations during routing might impact setup slack and result in more difficult timing closure
Related violations: <none>

TIMING-15#496 Warning
Large hold violation  
There is a large clock skew of 1.588 ns between ap_rst_n (clocked by ap_clk) and control_s_axi_U/int_k_address_reg[32]/R (clocked by ap_clk) that results in large hold timing violation(s) of -1.558 ns. Fixing large hold violations during routing might impact setup slack and result in more difficult timing closure
Related violations: <none>

TIMING-15#497 Warning
Large hold violation  
There is a large clock skew of 1.588 ns between ap_rst_n (clocked by ap_clk) and control_s_axi_U/int_k_address_reg[42]/R (clocked by ap_clk) that results in large hold timing violation(s) of -1.558 ns. Fixing large hold violations during routing might impact setup slack and result in more difficult timing closure
Related violations: <none>

TIMING-15#498 Warning
Large hold violation  
There is a large clock skew of 1.588 ns between s_axi_control_WDATA[0] (clocked by ap_clk) and control_s_axi_U/int_k_address_reg[0]/D (clocked by ap_clk) that results in large hold timing violation(s) of -1.591 ns. Fixing large hold violations during routing might impact setup slack and result in more difficult timing closure
Related violations: <none>

TIMING-15#499 Warning
Large hold violation  
There is a large clock skew of 1.588 ns between s_axi_control_WDATA[0] (clocked by ap_clk) and control_s_axi_U/int_k_address_reg[32]/D (clocked by ap_clk) that results in large hold timing violation(s) of -1.609 ns. Fixing large hold violations during routing might impact setup slack and result in more difficult timing closure
Related violations: <none>

TIMING-15#500 Warning
Large hold violation  
There is a large clock skew of 1.588 ns between s_axi_control_WDATA[10] (clocked by ap_clk) and control_s_axi_U/int_k_address_reg[10]/D (clocked by ap_clk) that results in large hold timing violation(s) of -1.589 ns. Fixing large hold violations during routing might impact setup slack and result in more difficult timing closure
Related violations: <none>

TIMING-15#501 Warning
Large hold violation  
There is a large clock skew of 1.588 ns between s_axi_control_WDATA[10] (clocked by ap_clk) and control_s_axi_U/int_k_address_reg[42]/D (clocked by ap_clk) that results in large hold timing violation(s) of -1.609 ns. Fixing large hold violations during routing might impact setup slack and result in more difficult timing closure
Related violations: <none>

TIMING-15#502 Warning
Large hold violation  
There is a large clock skew of 1.589 ns between ap_rst_n (clocked by ap_clk) and control_s_axi_U/int_k_address_reg[1]/R (clocked by ap_clk) that results in large hold timing violation(s) of -1.559 ns. Fixing large hold violations during routing might impact setup slack and result in more difficult timing closure
Related violations: <none>

TIMING-15#503 Warning
Large hold violation  
There is a large clock skew of 1.589 ns between ap_rst_n (clocked by ap_clk) and control_s_axi_U/int_k_address_reg[36]/R (clocked by ap_clk) that results in large hold timing violation(s) of -1.559 ns. Fixing large hold violations during routing might impact setup slack and result in more difficult timing closure
Related violations: <none>

TIMING-15#504 Warning
Large hold violation  
There is a large clock skew of 1.589 ns between ap_rst_n (clocked by ap_clk) and control_s_axi_U/int_k_address_reg[38]/R (clocked by ap_clk) that results in large hold timing violation(s) of -1.559 ns. Fixing large hold violations during routing might impact setup slack and result in more difficult timing closure
Related violations: <none>

TIMING-15#505 Warning
Large hold violation  
There is a large clock skew of 1.589 ns between ap_rst_n (clocked by ap_clk) and control_s_axi_U/int_k_address_reg[3]/R (clocked by ap_clk) that results in large hold timing violation(s) of -1.559 ns. Fixing large hold violations during routing might impact setup slack and result in more difficult timing closure
Related violations: <none>

TIMING-15#506 Warning
Large hold violation  
There is a large clock skew of 1.589 ns between ap_rst_n (clocked by ap_clk) and control_s_axi_U/int_k_address_reg[40]/R (clocked by ap_clk) that results in large hold timing violation(s) of -1.559 ns. Fixing large hold violations during routing might impact setup slack and result in more difficult timing closure
Related violations: <none>

TIMING-15#507 Warning
Large hold violation  
There is a large clock skew of 1.589 ns between ap_rst_n (clocked by ap_clk) and control_s_axi_U/int_k_address_reg[4]/R (clocked by ap_clk) that results in large hold timing violation(s) of -1.559 ns. Fixing large hold violations during routing might impact setup slack and result in more difficult timing closure
Related violations: <none>

TIMING-15#508 Warning
Large hold violation  
There is a large clock skew of 1.589 ns between ap_rst_n (clocked by ap_clk) and control_s_axi_U/int_k_address_reg[63]/R (clocked by ap_clk) that results in large hold timing violation(s) of -1.557 ns. Fixing large hold violations during routing might impact setup slack and result in more difficult timing closure
Related violations: <none>

TIMING-15#509 Warning
Large hold violation  
There is a large clock skew of 1.589 ns between ap_rst_n (clocked by ap_clk) and control_s_axi_U/int_k_address_reg[6]/R (clocked by ap_clk) that results in large hold timing violation(s) of -1.559 ns. Fixing large hold violations during routing might impact setup slack and result in more difficult timing closure
Related violations: <none>

TIMING-15#510 Warning
Large hold violation  
There is a large clock skew of 1.589 ns between ap_rst_n (clocked by ap_clk) and control_s_axi_U/int_k_address_reg[8]/R (clocked by ap_clk) that results in large hold timing violation(s) of -1.559 ns. Fixing large hold violations during routing might impact setup slack and result in more difficult timing closure
Related violations: <none>

TIMING-15#511 Warning
Large hold violation  
There is a large clock skew of 1.589 ns between ap_rst_n (clocked by ap_clk) and control_s_axi_U/int_k_address_reg[9]/R (clocked by ap_clk) that results in large hold timing violation(s) of -1.559 ns. Fixing large hold violations during routing might impact setup slack and result in more difficult timing closure
Related violations: <none>

TIMING-15#512 Warning
Large hold violation  
There is a large clock skew of 1.589 ns between ap_rst_n (clocked by ap_clk) and control_s_axi_U/int_o_address_reg[24]/R (clocked by ap_clk) that results in large hold timing violation(s) of -1.559 ns. Fixing large hold violations during routing might impact setup slack and result in more difficult timing closure
Related violations: <none>

TIMING-15#513 Warning
Large hold violation  
There is a large clock skew of 1.589 ns between ap_rst_n (clocked by ap_clk) and control_s_axi_U/int_o_address_reg[55]/R (clocked by ap_clk) that results in large hold timing violation(s) of -1.559 ns. Fixing large hold violations during routing might impact setup slack and result in more difficult timing closure
Related violations: <none>

TIMING-15#514 Warning
Large hold violation  
There is a large clock skew of 1.589 ns between ap_rst_n (clocked by ap_clk) and control_s_axi_U/int_o_address_reg[56]/R (clocked by ap_clk) that results in large hold timing violation(s) of -1.559 ns. Fixing large hold violations during routing might impact setup slack and result in more difficult timing closure
Related violations: <none>

TIMING-15#515 Warning
Large hold violation  
There is a large clock skew of 1.589 ns between ap_rst_n (clocked by ap_clk) and control_s_axi_U/int_o_address_reg[61]/R (clocked by ap_clk) that results in large hold timing violation(s) of -1.559 ns. Fixing large hold violations during routing might impact setup slack and result in more difficult timing closure
Related violations: <none>

TIMING-15#516 Warning
Large hold violation  
There is a large clock skew of 1.589 ns between ap_rst_n (clocked by ap_clk) and control_s_axi_U/int_q_address_reg[12]/R (clocked by ap_clk) that results in large hold timing violation(s) of -1.559 ns. Fixing large hold violations during routing might impact setup slack and result in more difficult timing closure
Related violations: <none>

TIMING-15#517 Warning
Large hold violation  
There is a large clock skew of 1.589 ns between ap_rst_n (clocked by ap_clk) and control_s_axi_U/int_q_address_reg[16]/R (clocked by ap_clk) that results in large hold timing violation(s) of -1.559 ns. Fixing large hold violations during routing might impact setup slack and result in more difficult timing closure
Related violations: <none>

TIMING-15#518 Warning
Large hold violation  
There is a large clock skew of 1.589 ns between ap_rst_n (clocked by ap_clk) and control_s_axi_U/int_q_address_reg[17]/R (clocked by ap_clk) that results in large hold timing violation(s) of -1.559 ns. Fixing large hold violations during routing might impact setup slack and result in more difficult timing closure
Related violations: <none>

TIMING-15#519 Warning
Large hold violation  
There is a large clock skew of 1.589 ns between ap_rst_n (clocked by ap_clk) and control_s_axi_U/int_q_address_reg[19]/R (clocked by ap_clk) that results in large hold timing violation(s) of -1.559 ns. Fixing large hold violations during routing might impact setup slack and result in more difficult timing closure
Related violations: <none>

TIMING-15#520 Warning
Large hold violation  
There is a large clock skew of 1.589 ns between ap_rst_n (clocked by ap_clk) and control_s_axi_U/int_q_address_reg[25]/R (clocked by ap_clk) that results in large hold timing violation(s) of -1.559 ns. Fixing large hold violations during routing might impact setup slack and result in more difficult timing closure
Related violations: <none>

TIMING-15#521 Warning
Large hold violation  
There is a large clock skew of 1.589 ns between ap_rst_n (clocked by ap_clk) and control_s_axi_U/int_q_address_reg[29]/R (clocked by ap_clk) that results in large hold timing violation(s) of -1.559 ns. Fixing large hold violations during routing might impact setup slack and result in more difficult timing closure
Related violations: <none>

TIMING-15#522 Warning
Large hold violation  
There is a large clock skew of 1.589 ns between ap_rst_n (clocked by ap_clk) and control_s_axi_U/int_q_address_reg[31]/R (clocked by ap_clk) that results in large hold timing violation(s) of -1.559 ns. Fixing large hold violations during routing might impact setup slack and result in more difficult timing closure
Related violations: <none>

TIMING-15#523 Warning
Large hold violation  
There is a large clock skew of 1.589 ns between ap_rst_n (clocked by ap_clk) and control_s_axi_U/int_q_address_reg[33]/R (clocked by ap_clk) that results in large hold timing violation(s) of -1.559 ns. Fixing large hold violations during routing might impact setup slack and result in more difficult timing closure
Related violations: <none>

TIMING-15#524 Warning
Large hold violation  
There is a large clock skew of 1.589 ns between ap_rst_n (clocked by ap_clk) and control_s_axi_U/int_q_address_reg[35]/R (clocked by ap_clk) that results in large hold timing violation(s) of -1.559 ns. Fixing large hold violations during routing might impact setup slack and result in more difficult timing closure
Related violations: <none>

TIMING-15#525 Warning
Large hold violation  
There is a large clock skew of 1.589 ns between ap_rst_n (clocked by ap_clk) and control_s_axi_U/int_q_address_reg[41]/R (clocked by ap_clk) that results in large hold timing violation(s) of -1.559 ns. Fixing large hold violations during routing might impact setup slack and result in more difficult timing closure
Related violations: <none>

TIMING-15#526 Warning
Large hold violation  
There is a large clock skew of 1.589 ns between ap_rst_n (clocked by ap_clk) and control_s_axi_U/int_q_address_reg[44]/R (clocked by ap_clk) that results in large hold timing violation(s) of -1.559 ns. Fixing large hold violations during routing might impact setup slack and result in more difficult timing closure
Related violations: <none>

TIMING-15#527 Warning
Large hold violation  
There is a large clock skew of 1.589 ns between ap_rst_n (clocked by ap_clk) and control_s_axi_U/int_q_address_reg[48]/R (clocked by ap_clk) that results in large hold timing violation(s) of -1.559 ns. Fixing large hold violations during routing might impact setup slack and result in more difficult timing closure
Related violations: <none>

TIMING-15#528 Warning
Large hold violation  
There is a large clock skew of 1.589 ns between ap_rst_n (clocked by ap_clk) and control_s_axi_U/int_q_address_reg[5]/R (clocked by ap_clk) that results in large hold timing violation(s) of -1.559 ns. Fixing large hold violations during routing might impact setup slack and result in more difficult timing closure
Related violations: <none>

TIMING-15#529 Warning
Large hold violation  
There is a large clock skew of 1.589 ns between ap_rst_n (clocked by ap_clk) and control_s_axi_U/int_q_address_reg[9]/R (clocked by ap_clk) that results in large hold timing violation(s) of -1.559 ns. Fixing large hold violations during routing might impact setup slack and result in more difficult timing closure
Related violations: <none>

TIMING-15#530 Warning
Large hold violation  
There is a large clock skew of 1.589 ns between ap_rst_n (clocked by ap_clk) and control_s_axi_U/int_sequence_length_reg[16]/R (clocked by ap_clk) that results in large hold timing violation(s) of -1.559 ns. Fixing large hold violations during routing might impact setup slack and result in more difficult timing closure
Related violations: <none>

TIMING-15#531 Warning
Large hold violation  
There is a large clock skew of 1.589 ns between ap_rst_n (clocked by ap_clk) and control_s_axi_U/int_sequence_length_reg[18]/R (clocked by ap_clk) that results in large hold timing violation(s) of -1.559 ns. Fixing large hold violations during routing might impact setup slack and result in more difficult timing closure
Related violations: <none>

TIMING-15#532 Warning
Large hold violation  
There is a large clock skew of 1.589 ns between ap_rst_n (clocked by ap_clk) and control_s_axi_U/int_sequence_length_reg[23]/R (clocked by ap_clk) that results in large hold timing violation(s) of -1.559 ns. Fixing large hold violations during routing might impact setup slack and result in more difficult timing closure
Related violations: <none>

TIMING-15#533 Warning
Large hold violation  
There is a large clock skew of 1.589 ns between ap_rst_n (clocked by ap_clk) and control_s_axi_U/int_sequence_length_reg[24]/R (clocked by ap_clk) that results in large hold timing violation(s) of -1.559 ns. Fixing large hold violations during routing might impact setup slack and result in more difficult timing closure
Related violations: <none>

TIMING-15#534 Warning
Large hold violation  
There is a large clock skew of 1.589 ns between ap_rst_n (clocked by ap_clk) and control_s_axi_U/int_sequence_length_reg[28]/R (clocked by ap_clk) that results in large hold timing violation(s) of -1.559 ns. Fixing large hold violations during routing might impact setup slack and result in more difficult timing closure
Related violations: <none>

TIMING-15#535 Warning
Large hold violation  
There is a large clock skew of 1.589 ns between ap_rst_n (clocked by ap_clk) and control_s_axi_U/int_sequence_length_reg[29]/R (clocked by ap_clk) that results in large hold timing violation(s) of -1.559 ns. Fixing large hold violations during routing might impact setup slack and result in more difficult timing closure
Related violations: <none>

TIMING-15#536 Warning
Large hold violation  
There is a large clock skew of 1.589 ns between ap_rst_n (clocked by ap_clk) and control_s_axi_U/int_sequence_length_reg[30]/R (clocked by ap_clk) that results in large hold timing violation(s) of -1.559 ns. Fixing large hold violations during routing might impact setup slack and result in more difficult timing closure
Related violations: <none>

TIMING-15#537 Warning
Large hold violation  
There is a large clock skew of 1.589 ns between ap_rst_n (clocked by ap_clk) and control_s_axi_U/int_sequence_length_reg[4]/R (clocked by ap_clk) that results in large hold timing violation(s) of -1.559 ns. Fixing large hold violations during routing might impact setup slack and result in more difficult timing closure
Related violations: <none>

TIMING-15#538 Warning
Large hold violation  
There is a large clock skew of 1.589 ns between ap_rst_n (clocked by ap_clk) and control_s_axi_U/int_sequence_length_reg[8]/R (clocked by ap_clk) that results in large hold timing violation(s) of -1.559 ns. Fixing large hold violations during routing might impact setup slack and result in more difficult timing closure
Related violations: <none>

TIMING-15#539 Warning
Large hold violation  
There is a large clock skew of 1.589 ns between ap_rst_n (clocked by ap_clk) and control_s_axi_U/int_v_address_reg[31]/R (clocked by ap_clk) that results in large hold timing violation(s) of -1.557 ns. Fixing large hold violations during routing might impact setup slack and result in more difficult timing closure
Related violations: <none>

TIMING-15#540 Warning
Large hold violation  
There is a large clock skew of 1.589 ns between ap_rst_n (clocked by ap_clk) and grp_run_fu_161/grp_runController_fu_106/ap_CS_fsm_reg[1]/R (clocked by ap_clk) that results in large hold timing violation(s) of -1.559 ns. Fixing large hold violations during routing might impact setup slack and result in more difficult timing closure
Related violations: <none>

TIMING-15#541 Warning
Large hold violation  
There is a large clock skew of 1.589 ns between ap_rst_n (clocked by ap_clk) and grp_run_fu_161/grp_runController_fu_106/ap_CS_fsm_reg[2]/R (clocked by ap_clk) that results in large hold timing violation(s) of -1.559 ns. Fixing large hold violations during routing might impact setup slack and result in more difficult timing closure
Related violations: <none>

TIMING-15#542 Warning
Large hold violation  
There is a large clock skew of 1.589 ns between s_axi_control_WDATA[12] (clocked by ap_clk) and control_s_axi_U/int_q_address_reg[12]/D (clocked by ap_clk) that results in large hold timing violation(s) of -1.589 ns. Fixing large hold violations during routing might impact setup slack and result in more difficult timing closure
Related violations: <none>

TIMING-15#543 Warning
Large hold violation  
There is a large clock skew of 1.589 ns between s_axi_control_WDATA[12] (clocked by ap_clk) and control_s_axi_U/int_q_address_reg[44]/D (clocked by ap_clk) that results in large hold timing violation(s) of -1.610 ns. Fixing large hold violations during routing might impact setup slack and result in more difficult timing closure
Related violations: <none>

TIMING-15#544 Warning
Large hold violation  
There is a large clock skew of 1.589 ns between s_axi_control_WDATA[16] (clocked by ap_clk) and control_s_axi_U/int_q_address_reg[16]/D (clocked by ap_clk) that results in large hold timing violation(s) of -1.592 ns. Fixing large hold violations during routing might impact setup slack and result in more difficult timing closure
Related violations: <none>

TIMING-15#545 Warning
Large hold violation  
There is a large clock skew of 1.589 ns between s_axi_control_WDATA[16] (clocked by ap_clk) and control_s_axi_U/int_q_address_reg[48]/D (clocked by ap_clk) that results in large hold timing violation(s) of -1.610 ns. Fixing large hold violations during routing might impact setup slack and result in more difficult timing closure
Related violations: <none>

TIMING-15#546 Warning
Large hold violation  
There is a large clock skew of 1.589 ns between s_axi_control_WDATA[17] (clocked by ap_clk) and control_s_axi_U/int_q_address_reg[17]/D (clocked by ap_clk) that results in large hold timing violation(s) of -1.592 ns. Fixing large hold violations during routing might impact setup slack and result in more difficult timing closure
Related violations: <none>

TIMING-15#547 Warning
Large hold violation  
There is a large clock skew of 1.589 ns between s_axi_control_WDATA[19] (clocked by ap_clk) and control_s_axi_U/int_q_address_reg[19]/D (clocked by ap_clk) that results in large hold timing violation(s) of -1.590 ns. Fixing large hold violations during routing might impact setup slack and result in more difficult timing closure
Related violations: <none>

TIMING-15#548 Warning
Large hold violation  
There is a large clock skew of 1.589 ns between s_axi_control_WDATA[1] (clocked by ap_clk) and control_s_axi_U/int_k_address_reg[1]/D (clocked by ap_clk) that results in large hold timing violation(s) of -1.592 ns. Fixing large hold violations during routing might impact setup slack and result in more difficult timing closure
Related violations: <none>

TIMING-15#549 Warning
Large hold violation  
There is a large clock skew of 1.589 ns between s_axi_control_WDATA[1] (clocked by ap_clk) and control_s_axi_U/int_q_address_reg[33]/D (clocked by ap_clk) that results in large hold timing violation(s) of -1.610 ns. Fixing large hold violations during routing might impact setup slack and result in more difficult timing closure
Related violations: <none>

TIMING-15#550 Warning
Large hold violation  
There is a large clock skew of 1.589 ns between s_axi_control_WDATA[23] (clocked by ap_clk) and control_s_axi_U/int_o_address_reg[55]/D (clocked by ap_clk) that results in large hold timing violation(s) of -1.592 ns. Fixing large hold violations during routing might impact setup slack and result in more difficult timing closure
Related violations: <none>

TIMING-15#551 Warning
Large hold violation  
There is a large clock skew of 1.589 ns between s_axi_control_WDATA[23] (clocked by ap_clk) and control_s_axi_U/int_sequence_length_reg[23]/D (clocked by ap_clk) that results in large hold timing violation(s) of -1.610 ns. Fixing large hold violations during routing might impact setup slack and result in more difficult timing closure
Related violations: <none>

TIMING-15#552 Warning
Large hold violation  
There is a large clock skew of 1.589 ns between s_axi_control_WDATA[24] (clocked by ap_clk) and control_s_axi_U/int_o_address_reg[24]/D (clocked by ap_clk) that results in large hold timing violation(s) of -1.589 ns. Fixing large hold violations during routing might impact setup slack and result in more difficult timing closure
Related violations: <none>

TIMING-15#553 Warning
Large hold violation  
There is a large clock skew of 1.589 ns between s_axi_control_WDATA[24] (clocked by ap_clk) and control_s_axi_U/int_o_address_reg[56]/D (clocked by ap_clk) that results in large hold timing violation(s) of -1.610 ns. Fixing large hold violations during routing might impact setup slack and result in more difficult timing closure
Related violations: <none>

TIMING-15#554 Warning
Large hold violation  
There is a large clock skew of 1.589 ns between s_axi_control_WDATA[25] (clocked by ap_clk) and control_s_axi_U/int_q_address_reg[25]/D (clocked by ap_clk) that results in large hold timing violation(s) of -1.589 ns. Fixing large hold violations during routing might impact setup slack and result in more difficult timing closure
Related violations: <none>

TIMING-15#555 Warning
Large hold violation  
There is a large clock skew of 1.589 ns between s_axi_control_WDATA[29] (clocked by ap_clk) and control_s_axi_U/int_o_address_reg[61]/D (clocked by ap_clk) that results in large hold timing violation(s) of -1.590 ns. Fixing large hold violations during routing might impact setup slack and result in more difficult timing closure
Related violations: <none>

TIMING-15#556 Warning
Large hold violation  
There is a large clock skew of 1.589 ns between s_axi_control_WDATA[29] (clocked by ap_clk) and control_s_axi_U/int_q_address_reg[29]/D (clocked by ap_clk) that results in large hold timing violation(s) of -1.592 ns. Fixing large hold violations during routing might impact setup slack and result in more difficult timing closure
Related violations: <none>

TIMING-15#557 Warning
Large hold violation  
There is a large clock skew of 1.589 ns between s_axi_control_WDATA[29] (clocked by ap_clk) and control_s_axi_U/int_sequence_length_reg[29]/D (clocked by ap_clk) that results in large hold timing violation(s) of -1.610 ns. Fixing large hold violations during routing might impact setup slack and result in more difficult timing closure
Related violations: <none>

TIMING-15#558 Warning
Large hold violation  
There is a large clock skew of 1.589 ns between s_axi_control_WDATA[31] (clocked by ap_clk) and control_s_axi_U/int_k_address_reg[63]/D (clocked by ap_clk) that results in large hold timing violation(s) of -1.582 ns. Fixing large hold violations during routing might impact setup slack and result in more difficult timing closure
Related violations: <none>

TIMING-15#559 Warning
Large hold violation  
There is a large clock skew of 1.589 ns between s_axi_control_WDATA[31] (clocked by ap_clk) and control_s_axi_U/int_q_address_reg[31]/D (clocked by ap_clk) that results in large hold timing violation(s) of -1.590 ns. Fixing large hold violations during routing might impact setup slack and result in more difficult timing closure
Related violations: <none>

TIMING-15#560 Warning
Large hold violation  
There is a large clock skew of 1.589 ns between s_axi_control_WDATA[31] (clocked by ap_clk) and control_s_axi_U/int_v_address_reg[31]/D (clocked by ap_clk) that results in large hold timing violation(s) of -1.608 ns. Fixing large hold violations during routing might impact setup slack and result in more difficult timing closure
Related violations: <none>

TIMING-15#561 Warning
Large hold violation  
There is a large clock skew of 1.589 ns between s_axi_control_WDATA[3] (clocked by ap_clk) and control_s_axi_U/int_k_address_reg[3]/D (clocked by ap_clk) that results in large hold timing violation(s) of -1.590 ns. Fixing large hold violations during routing might impact setup slack and result in more difficult timing closure
Related violations: <none>

TIMING-15#562 Warning
Large hold violation  
There is a large clock skew of 1.589 ns between s_axi_control_WDATA[3] (clocked by ap_clk) and control_s_axi_U/int_q_address_reg[35]/D (clocked by ap_clk) that results in large hold timing violation(s) of -1.610 ns. Fixing large hold violations during routing might impact setup slack and result in more difficult timing closure
Related violations: <none>

TIMING-15#563 Warning
Large hold violation  
There is a large clock skew of 1.589 ns between s_axi_control_WDATA[4] (clocked by ap_clk) and control_s_axi_U/int_k_address_reg[36]/D (clocked by ap_clk) that results in large hold timing violation(s) of -1.592 ns. Fixing large hold violations during routing might impact setup slack and result in more difficult timing closure
Related violations: <none>

TIMING-15#564 Warning
Large hold violation  
There is a large clock skew of 1.589 ns between s_axi_control_WDATA[4] (clocked by ap_clk) and control_s_axi_U/int_k_address_reg[4]/D (clocked by ap_clk) that results in large hold timing violation(s) of -1.610 ns. Fixing large hold violations during routing might impact setup slack and result in more difficult timing closure
Related violations: <none>

TIMING-15#565 Warning
Large hold violation  
There is a large clock skew of 1.589 ns between s_axi_control_WDATA[5] (clocked by ap_clk) and control_s_axi_U/int_q_address_reg[5]/D (clocked by ap_clk) that results in large hold timing violation(s) of -1.591 ns. Fixing large hold violations during routing might impact setup slack and result in more difficult timing closure
Related violations: <none>

TIMING-15#566 Warning
Large hold violation  
There is a large clock skew of 1.589 ns between s_axi_control_WDATA[6] (clocked by ap_clk) and control_s_axi_U/int_k_address_reg[38]/D (clocked by ap_clk) that results in large hold timing violation(s) of -1.590 ns. Fixing large hold violations during routing might impact setup slack and result in more difficult timing closure
Related violations: <none>

TIMING-15#567 Warning
Large hold violation  
There is a large clock skew of 1.589 ns between s_axi_control_WDATA[6] (clocked by ap_clk) and control_s_axi_U/int_k_address_reg[6]/D (clocked by ap_clk) that results in large hold timing violation(s) of -1.610 ns. Fixing large hold violations during routing might impact setup slack and result in more difficult timing closure
Related violations: <none>

TIMING-15#568 Warning
Large hold violation  
There is a large clock skew of 1.589 ns between s_axi_control_WDATA[8] (clocked by ap_clk) and control_s_axi_U/int_k_address_reg[40]/D (clocked by ap_clk) that results in large hold timing violation(s) of -1.591 ns. Fixing large hold violations during routing might impact setup slack and result in more difficult timing closure
Related violations: <none>

TIMING-15#569 Warning
Large hold violation  
There is a large clock skew of 1.589 ns between s_axi_control_WDATA[8] (clocked by ap_clk) and control_s_axi_U/int_k_address_reg[8]/D (clocked by ap_clk) that results in large hold timing violation(s) of -1.609 ns. Fixing large hold violations during routing might impact setup slack and result in more difficult timing closure
Related violations: <none>

TIMING-15#570 Warning
Large hold violation  
There is a large clock skew of 1.589 ns between s_axi_control_WDATA[9] (clocked by ap_clk) and control_s_axi_U/int_k_address_reg[9]/D (clocked by ap_clk) that results in large hold timing violation(s) of -1.591 ns. Fixing large hold violations during routing might impact setup slack and result in more difficult timing closure
Related violations: <none>

TIMING-15#571 Warning
Large hold violation  
There is a large clock skew of 1.589 ns between s_axi_control_WDATA[9] (clocked by ap_clk) and control_s_axi_U/int_q_address_reg[41]/D (clocked by ap_clk) that results in large hold timing violation(s) of -1.609 ns. Fixing large hold violations during routing might impact setup slack and result in more difficult timing closure
Related violations: <none>

TIMING-15#572 Warning
Large hold violation  
There is a large clock skew of 1.589 ns between s_axi_control_WDATA[9] (clocked by ap_clk) and control_s_axi_U/int_q_address_reg[9]/D (clocked by ap_clk) that results in large hold timing violation(s) of -1.591 ns. Fixing large hold violations during routing might impact setup slack and result in more difficult timing closure
Related violations: <none>

TIMING-15#573 Warning
Large hold violation  
There is a large clock skew of 1.589 ns between s_axi_control_WSTRB[0] (clocked by ap_clk) and control_s_axi_U/int_sequence_length_reg[4]/D (clocked by ap_clk) that results in large hold timing violation(s) of -1.587 ns. Fixing large hold violations during routing might impact setup slack and result in more difficult timing closure
Related violations: <none>

TIMING-15#574 Warning
Large hold violation  
There is a large clock skew of 1.589 ns between s_axi_control_WSTRB[1] (clocked by ap_clk) and control_s_axi_U/int_sequence_length_reg[8]/D (clocked by ap_clk) that results in large hold timing violation(s) of -1.588 ns. Fixing large hold violations during routing might impact setup slack and result in more difficult timing closure
Related violations: <none>

TIMING-15#575 Warning
Large hold violation  
There is a large clock skew of 1.589 ns between s_axi_control_WSTRB[2] (clocked by ap_clk) and control_s_axi_U/int_sequence_length_reg[16]/D (clocked by ap_clk) that results in large hold timing violation(s) of -1.589 ns. Fixing large hold violations during routing might impact setup slack and result in more difficult timing closure
Related violations: <none>

TIMING-15#576 Warning
Large hold violation  
There is a large clock skew of 1.589 ns between s_axi_control_WSTRB[2] (clocked by ap_clk) and control_s_axi_U/int_sequence_length_reg[18]/D (clocked by ap_clk) that results in large hold timing violation(s) of -1.589 ns. Fixing large hold violations during routing might impact setup slack and result in more difficult timing closure
Related violations: <none>

TIMING-15#577 Warning
Large hold violation  
There is a large clock skew of 1.589 ns between s_axi_control_WSTRB[3] (clocked by ap_clk) and control_s_axi_U/int_sequence_length_reg[24]/D (clocked by ap_clk) that results in large hold timing violation(s) of -1.589 ns. Fixing large hold violations during routing might impact setup slack and result in more difficult timing closure
Related violations: <none>

TIMING-15#578 Warning
Large hold violation  
There is a large clock skew of 1.589 ns between s_axi_control_WSTRB[3] (clocked by ap_clk) and control_s_axi_U/int_sequence_length_reg[28]/D (clocked by ap_clk) that results in large hold timing violation(s) of -1.589 ns. Fixing large hold violations during routing might impact setup slack and result in more difficult timing closure
Related violations: <none>

TIMING-15#579 Warning
Large hold violation  
There is a large clock skew of 1.589 ns between s_axi_control_WSTRB[3] (clocked by ap_clk) and control_s_axi_U/int_sequence_length_reg[30]/D (clocked by ap_clk) that results in large hold timing violation(s) of -1.586 ns. Fixing large hold violations during routing might impact setup slack and result in more difficult timing closure
Related violations: <none>

TIMING-15#580 Warning
Large hold violation  
There is a large clock skew of 1.590 ns between ap_rst_n (clocked by ap_clk) and control_s_axi_U/int_k_address_reg[23]/R (clocked by ap_clk) that results in large hold timing violation(s) of -1.560 ns. Fixing large hold violations during routing might impact setup slack and result in more difficult timing closure
Related violations: <none>

TIMING-15#581 Warning
Large hold violation  
There is a large clock skew of 1.590 ns between ap_rst_n (clocked by ap_clk) and control_s_axi_U/int_k_address_reg[2]/R (clocked by ap_clk) that results in large hold timing violation(s) of -1.560 ns. Fixing large hold violations during routing might impact setup slack and result in more difficult timing closure
Related violations: <none>

TIMING-15#582 Warning
Large hold violation  
There is a large clock skew of 1.590 ns between ap_rst_n (clocked by ap_clk) and control_s_axi_U/int_k_address_reg[34]/R (clocked by ap_clk) that results in large hold timing violation(s) of -1.560 ns. Fixing large hold violations during routing might impact setup slack and result in more difficult timing closure
Related violations: <none>

TIMING-15#583 Warning
Large hold violation  
There is a large clock skew of 1.590 ns between ap_rst_n (clocked by ap_clk) and control_s_axi_U/int_o_address_reg[21]/R (clocked by ap_clk) that results in large hold timing violation(s) of -1.560 ns. Fixing large hold violations during routing might impact setup slack and result in more difficult timing closure
Related violations: <none>

TIMING-15#584 Warning
Large hold violation  
There is a large clock skew of 1.590 ns between ap_rst_n (clocked by ap_clk) and control_s_axi_U/int_o_address_reg[23]/R (clocked by ap_clk) that results in large hold timing violation(s) of -1.560 ns. Fixing large hold violations during routing might impact setup slack and result in more difficult timing closure
Related violations: <none>

TIMING-15#585 Warning
Large hold violation  
There is a large clock skew of 1.590 ns between ap_rst_n (clocked by ap_clk) and control_s_axi_U/int_o_address_reg[25]/R (clocked by ap_clk) that results in large hold timing violation(s) of -1.560 ns. Fixing large hold violations during routing might impact setup slack and result in more difficult timing closure
Related violations: <none>

TIMING-15#586 Warning
Large hold violation  
There is a large clock skew of 1.590 ns between ap_rst_n (clocked by ap_clk) and control_s_axi_U/int_o_address_reg[27]/R (clocked by ap_clk) that results in large hold timing violation(s) of -1.560 ns. Fixing large hold violations during routing might impact setup slack and result in more difficult timing closure
Related violations: <none>

TIMING-15#587 Warning
Large hold violation  
There is a large clock skew of 1.590 ns between ap_rst_n (clocked by ap_clk) and control_s_axi_U/int_o_address_reg[33]/R (clocked by ap_clk) that results in large hold timing violation(s) of -1.560 ns. Fixing large hold violations during routing might impact setup slack and result in more difficult timing closure
Related violations: <none>

TIMING-15#588 Warning
Large hold violation  
There is a large clock skew of 1.590 ns between ap_rst_n (clocked by ap_clk) and control_s_axi_U/int_o_address_reg[37]/R (clocked by ap_clk) that results in large hold timing violation(s) of -1.560 ns. Fixing large hold violations during routing might impact setup slack and result in more difficult timing closure
Related violations: <none>

TIMING-15#589 Warning
Large hold violation  
There is a large clock skew of 1.590 ns between ap_rst_n (clocked by ap_clk) and control_s_axi_U/int_o_address_reg[45]/R (clocked by ap_clk) that results in large hold timing violation(s) of -1.560 ns. Fixing large hold violations during routing might impact setup slack and result in more difficult timing closure
Related violations: <none>

TIMING-15#590 Warning
Large hold violation  
There is a large clock skew of 1.590 ns between ap_rst_n (clocked by ap_clk) and control_s_axi_U/int_o_address_reg[49]/R (clocked by ap_clk) that results in large hold timing violation(s) of -1.560 ns. Fixing large hold violations during routing might impact setup slack and result in more difficult timing closure
Related violations: <none>

TIMING-15#591 Warning
Large hold violation  
There is a large clock skew of 1.590 ns between ap_rst_n (clocked by ap_clk) and control_s_axi_U/int_q_address_reg[40]/R (clocked by ap_clk) that results in large hold timing violation(s) of -1.560 ns. Fixing large hold violations during routing might impact setup slack and result in more difficult timing closure
Related violations: <none>

TIMING-15#592 Warning
Large hold violation  
There is a large clock skew of 1.590 ns between ap_rst_n (clocked by ap_clk) and control_s_axi_U/int_q_address_reg[55]/R (clocked by ap_clk) that results in large hold timing violation(s) of -1.560 ns. Fixing large hold violations during routing might impact setup slack and result in more difficult timing closure
Related violations: <none>

TIMING-15#593 Warning
Large hold violation  
There is a large clock skew of 1.590 ns between ap_rst_n (clocked by ap_clk) and control_s_axi_U/int_q_address_reg[8]/R (clocked by ap_clk) that results in large hold timing violation(s) of -1.560 ns. Fixing large hold violations during routing might impact setup slack and result in more difficult timing closure
Related violations: <none>

TIMING-15#594 Warning
Large hold violation  
There is a large clock skew of 1.590 ns between ap_rst_n (clocked by ap_clk) and control_s_axi_U/int_sequence_length_reg[13]/R (clocked by ap_clk) that results in large hold timing violation(s) of -1.560 ns. Fixing large hold violations during routing might impact setup slack and result in more difficult timing closure
Related violations: <none>

TIMING-15#595 Warning
Large hold violation  
There is a large clock skew of 1.590 ns between ap_rst_n (clocked by ap_clk) and control_s_axi_U/int_sequence_length_reg[17]/R (clocked by ap_clk) that results in large hold timing violation(s) of -1.560 ns. Fixing large hold violations during routing might impact setup slack and result in more difficult timing closure
Related violations: <none>

TIMING-15#596 Warning
Large hold violation  
There is a large clock skew of 1.590 ns between ap_rst_n (clocked by ap_clk) and control_s_axi_U/int_sequence_length_reg[1]/R (clocked by ap_clk) that results in large hold timing violation(s) of -1.560 ns. Fixing large hold violations during routing might impact setup slack and result in more difficult timing closure
Related violations: <none>

TIMING-15#597 Warning
Large hold violation  
There is a large clock skew of 1.590 ns between ap_rst_n (clocked by ap_clk) and control_s_axi_U/int_sequence_length_reg[5]/R (clocked by ap_clk) that results in large hold timing violation(s) of -1.560 ns. Fixing large hold violations during routing might impact setup slack and result in more difficult timing closure
Related violations: <none>

TIMING-15#598 Warning
Large hold violation  
There is a large clock skew of 1.590 ns between ap_rst_n (clocked by ap_clk) and control_s_axi_U/int_v_address_reg[53]/R (clocked by ap_clk) that results in large hold timing violation(s) of -1.560 ns. Fixing large hold violations during routing might impact setup slack and result in more difficult timing closure
Related violations: <none>

TIMING-15#599 Warning
Large hold violation  
There is a large clock skew of 1.590 ns between ap_rst_n (clocked by ap_clk) and control_s_axi_U/int_v_address_reg[55]/R (clocked by ap_clk) that results in large hold timing violation(s) of -1.560 ns. Fixing large hold violations during routing might impact setup slack and result in more difficult timing closure
Related violations: <none>

TIMING-15#600 Warning
Large hold violation  
There is a large clock skew of 1.590 ns between ap_rst_n (clocked by ap_clk) and control_s_axi_U/int_v_address_reg[57]/R (clocked by ap_clk) that results in large hold timing violation(s) of -1.560 ns. Fixing large hold violations during routing might impact setup slack and result in more difficult timing closure
Related violations: <none>

TIMING-15#601 Warning
Large hold violation  
There is a large clock skew of 1.590 ns between ap_rst_n (clocked by ap_clk) and control_s_axi_U/int_v_address_reg[59]/R (clocked by ap_clk) that results in large hold timing violation(s) of -1.560 ns. Fixing large hold violations during routing might impact setup slack and result in more difficult timing closure
Related violations: <none>

TIMING-15#602 Warning
Large hold violation  
There is a large clock skew of 1.590 ns between s_axi_control_WDATA[13] (clocked by ap_clk) and control_s_axi_U/int_o_address_reg[45]/D (clocked by ap_clk) that results in large hold timing violation(s) of -1.592 ns. Fixing large hold violations during routing might impact setup slack and result in more difficult timing closure
Related violations: <none>

TIMING-15#603 Warning
Large hold violation  
There is a large clock skew of 1.590 ns between s_axi_control_WDATA[13] (clocked by ap_clk) and control_s_axi_U/int_sequence_length_reg[13]/D (clocked by ap_clk) that results in large hold timing violation(s) of -1.610 ns. Fixing large hold violations during routing might impact setup slack and result in more difficult timing closure
Related violations: <none>

TIMING-15#604 Warning
Large hold violation  
There is a large clock skew of 1.590 ns between s_axi_control_WDATA[17] (clocked by ap_clk) and control_s_axi_U/int_o_address_reg[49]/D (clocked by ap_clk) that results in large hold timing violation(s) of -1.592 ns. Fixing large hold violations during routing might impact setup slack and result in more difficult timing closure
Related violations: <none>

TIMING-15#605 Warning
Large hold violation  
There is a large clock skew of 1.590 ns between s_axi_control_WDATA[17] (clocked by ap_clk) and control_s_axi_U/int_sequence_length_reg[17]/D (clocked by ap_clk) that results in large hold timing violation(s) of -1.610 ns. Fixing large hold violations during routing might impact setup slack and result in more difficult timing closure
Related violations: <none>

TIMING-15#606 Warning
Large hold violation  
There is a large clock skew of 1.590 ns between s_axi_control_WDATA[1] (clocked by ap_clk) and control_s_axi_U/int_o_address_reg[33]/D (clocked by ap_clk) that results in large hold timing violation(s) of -1.593 ns. Fixing large hold violations during routing might impact setup slack and result in more difficult timing closure
Related violations: <none>

TIMING-15#607 Warning
Large hold violation  
There is a large clock skew of 1.590 ns between s_axi_control_WDATA[1] (clocked by ap_clk) and control_s_axi_U/int_sequence_length_reg[1]/D (clocked by ap_clk) that results in large hold timing violation(s) of -1.611 ns. Fixing large hold violations during routing might impact setup slack and result in more difficult timing closure
Related violations: <none>

TIMING-15#608 Warning
Large hold violation  
There is a large clock skew of 1.590 ns between s_axi_control_WDATA[21] (clocked by ap_clk) and control_s_axi_U/int_o_address_reg[21]/D (clocked by ap_clk) that results in large hold timing violation(s) of -1.593 ns. Fixing large hold violations during routing might impact setup slack and result in more difficult timing closure
Related violations: <none>

TIMING-15#609 Warning
Large hold violation  
There is a large clock skew of 1.590 ns between s_axi_control_WDATA[21] (clocked by ap_clk) and control_s_axi_U/int_v_address_reg[53]/D (clocked by ap_clk) that results in large hold timing violation(s) of -1.611 ns. Fixing large hold violations during routing might impact setup slack and result in more difficult timing closure
Related violations: <none>

TIMING-15#610 Warning
Large hold violation  
There is a large clock skew of 1.590 ns between s_axi_control_WDATA[23] (clocked by ap_clk) and control_s_axi_U/int_k_address_reg[23]/D (clocked by ap_clk) that results in large hold timing violation(s) of -1.590 ns. Fixing large hold violations during routing might impact setup slack and result in more difficult timing closure
Related violations: <none>

TIMING-15#611 Warning
Large hold violation  
There is a large clock skew of 1.590 ns between s_axi_control_WDATA[23] (clocked by ap_clk) and control_s_axi_U/int_o_address_reg[23]/D (clocked by ap_clk) that results in large hold timing violation(s) of -1.591 ns. Fixing large hold violations during routing might impact setup slack and result in more difficult timing closure
Related violations: <none>

TIMING-15#612 Warning
Large hold violation  
There is a large clock skew of 1.590 ns between s_axi_control_WDATA[23] (clocked by ap_clk) and control_s_axi_U/int_q_address_reg[55]/D (clocked by ap_clk) that results in large hold timing violation(s) of -1.611 ns. Fixing large hold violations during routing might impact setup slack and result in more difficult timing closure
Related violations: <none>

TIMING-15#613 Warning
Large hold violation  
There is a large clock skew of 1.590 ns between s_axi_control_WDATA[23] (clocked by ap_clk) and control_s_axi_U/int_v_address_reg[55]/D (clocked by ap_clk) that results in large hold timing violation(s) of -1.611 ns. Fixing large hold violations during routing might impact setup slack and result in more difficult timing closure
Related violations: <none>

TIMING-15#614 Warning
Large hold violation  
There is a large clock skew of 1.590 ns between s_axi_control_WDATA[25] (clocked by ap_clk) and control_s_axi_U/int_o_address_reg[25]/D (clocked by ap_clk) that results in large hold timing violation(s) of -1.592 ns. Fixing large hold violations during routing might impact setup slack and result in more difficult timing closure
Related violations: <none>

TIMING-15#615 Warning
Large hold violation  
There is a large clock skew of 1.590 ns between s_axi_control_WDATA[25] (clocked by ap_clk) and control_s_axi_U/int_v_address_reg[57]/D (clocked by ap_clk) that results in large hold timing violation(s) of -1.610 ns. Fixing large hold violations during routing might impact setup slack and result in more difficult timing closure
Related violations: <none>

TIMING-15#616 Warning
Large hold violation  
There is a large clock skew of 1.590 ns between s_axi_control_WDATA[27] (clocked by ap_clk) and control_s_axi_U/int_o_address_reg[27]/D (clocked by ap_clk) that results in large hold timing violation(s) of -1.592 ns. Fixing large hold violations during routing might impact setup slack and result in more difficult timing closure
Related violations: <none>

TIMING-15#617 Warning
Large hold violation  
There is a large clock skew of 1.590 ns between s_axi_control_WDATA[27] (clocked by ap_clk) and control_s_axi_U/int_v_address_reg[59]/D (clocked by ap_clk) that results in large hold timing violation(s) of -1.610 ns. Fixing large hold violations during routing might impact setup slack and result in more difficult timing closure
Related violations: <none>

TIMING-15#618 Warning
Large hold violation  
There is a large clock skew of 1.590 ns between s_axi_control_WDATA[2] (clocked by ap_clk) and control_s_axi_U/int_k_address_reg[2]/D (clocked by ap_clk) that results in large hold timing violation(s) of -1.593 ns. Fixing large hold violations during routing might impact setup slack and result in more difficult timing closure
Related violations: <none>

TIMING-15#619 Warning
Large hold violation  
There is a large clock skew of 1.590 ns between s_axi_control_WDATA[2] (clocked by ap_clk) and control_s_axi_U/int_k_address_reg[34]/D (clocked by ap_clk) that results in large hold timing violation(s) of -1.611 ns. Fixing large hold violations during routing might impact setup slack and result in more difficult timing closure
Related violations: <none>

TIMING-15#620 Warning
Large hold violation  
There is a large clock skew of 1.590 ns between s_axi_control_WDATA[5] (clocked by ap_clk) and control_s_axi_U/int_o_address_reg[37]/D (clocked by ap_clk) that results in large hold timing violation(s) of -1.591 ns. Fixing large hold violations during routing might impact setup slack and result in more difficult timing closure
Related violations: <none>

TIMING-15#621 Warning
Large hold violation  
There is a large clock skew of 1.590 ns between s_axi_control_WDATA[5] (clocked by ap_clk) and control_s_axi_U/int_sequence_length_reg[5]/D (clocked by ap_clk) that results in large hold timing violation(s) of -1.611 ns. Fixing large hold violations during routing might impact setup slack and result in more difficult timing closure
Related violations: <none>

TIMING-15#622 Warning
Large hold violation  
There is a large clock skew of 1.590 ns between s_axi_control_WDATA[8] (clocked by ap_clk) and control_s_axi_U/int_q_address_reg[40]/D (clocked by ap_clk) that results in large hold timing violation(s) of -1.590 ns. Fixing large hold violations during routing might impact setup slack and result in more difficult timing closure
Related violations: <none>

TIMING-15#623 Warning
Large hold violation  
There is a large clock skew of 1.590 ns between s_axi_control_WDATA[8] (clocked by ap_clk) and control_s_axi_U/int_q_address_reg[8]/D (clocked by ap_clk) that results in large hold timing violation(s) of -1.611 ns. Fixing large hold violations during routing might impact setup slack and result in more difficult timing closure
Related violations: <none>

TIMING-15#624 Warning
Large hold violation  
There is a large clock skew of 1.591 ns between ap_rst_n (clocked by ap_clk) and control_s_axi_U/int_ap_ready_reg/R (clocked by ap_clk) that results in large hold timing violation(s) of -1.561 ns. Fixing large hold violations during routing might impact setup slack and result in more difficult timing closure
Related violations: <none>

TIMING-15#625 Warning
Large hold violation  
There is a large clock skew of 1.591 ns between ap_rst_n (clocked by ap_clk) and control_s_axi_U/int_o_address_reg[29]/R (clocked by ap_clk) that results in large hold timing violation(s) of -1.561 ns. Fixing large hold violations during routing might impact setup slack and result in more difficult timing closure
Related violations: <none>

TIMING-15#626 Warning
Large hold violation  
There is a large clock skew of 1.591 ns between ap_rst_n (clocked by ap_clk) and control_s_axi_U/int_o_address_reg[2]/R (clocked by ap_clk) that results in large hold timing violation(s) of -1.561 ns. Fixing large hold violations during routing might impact setup slack and result in more difficult timing closure
Related violations: <none>

TIMING-15#627 Warning
Large hold violation  
There is a large clock skew of 1.591 ns between ap_rst_n (clocked by ap_clk) and control_s_axi_U/int_o_address_reg[34]/R (clocked by ap_clk) that results in large hold timing violation(s) of -1.561 ns. Fixing large hold violations during routing might impact setup slack and result in more difficult timing closure
Related violations: <none>

TIMING-15#628 Warning
Large hold violation  
There is a large clock skew of 1.591 ns between ap_rst_n (clocked by ap_clk) and control_s_axi_U/int_q_address_reg[10]/R (clocked by ap_clk) that results in large hold timing violation(s) of -1.561 ns. Fixing large hold violations during routing might impact setup slack and result in more difficult timing closure
Related violations: <none>

TIMING-15#629 Warning
Large hold violation  
There is a large clock skew of 1.591 ns between ap_rst_n (clocked by ap_clk) and control_s_axi_U/int_q_address_reg[18]/R (clocked by ap_clk) that results in large hold timing violation(s) of -1.561 ns. Fixing large hold violations during routing might impact setup slack and result in more difficult timing closure
Related violations: <none>

TIMING-15#630 Warning
Large hold violation  
There is a large clock skew of 1.591 ns between ap_rst_n (clocked by ap_clk) and control_s_axi_U/int_q_address_reg[36]/R (clocked by ap_clk) that results in large hold timing violation(s) of -1.561 ns. Fixing large hold violations during routing might impact setup slack and result in more difficult timing closure
Related violations: <none>

TIMING-15#631 Warning
Large hold violation  
There is a large clock skew of 1.591 ns between ap_rst_n (clocked by ap_clk) and control_s_axi_U/int_q_address_reg[38]/R (clocked by ap_clk) that results in large hold timing violation(s) of -1.561 ns. Fixing large hold violations during routing might impact setup slack and result in more difficult timing closure
Related violations: <none>

TIMING-15#632 Warning
Large hold violation  
There is a large clock skew of 1.591 ns between ap_rst_n (clocked by ap_clk) and control_s_axi_U/int_q_address_reg[42]/R (clocked by ap_clk) that results in large hold timing violation(s) of -1.561 ns. Fixing large hold violations during routing might impact setup slack and result in more difficult timing closure
Related violations: <none>

TIMING-15#633 Warning
Large hold violation  
There is a large clock skew of 1.591 ns between ap_rst_n (clocked by ap_clk) and control_s_axi_U/int_q_address_reg[4]/R (clocked by ap_clk) that results in large hold timing violation(s) of -1.561 ns. Fixing large hold violations during routing might impact setup slack and result in more difficult timing closure
Related violations: <none>

TIMING-15#634 Warning
Large hold violation  
There is a large clock skew of 1.591 ns between ap_rst_n (clocked by ap_clk) and control_s_axi_U/int_q_address_reg[50]/R (clocked by ap_clk) that results in large hold timing violation(s) of -1.561 ns. Fixing large hold violations during routing might impact setup slack and result in more difficult timing closure
Related violations: <none>

TIMING-15#635 Warning
Large hold violation  
There is a large clock skew of 1.591 ns between ap_rst_n (clocked by ap_clk) and control_s_axi_U/int_q_address_reg[6]/R (clocked by ap_clk) that results in large hold timing violation(s) of -1.561 ns. Fixing large hold violations during routing might impact setup slack and result in more difficult timing closure
Related violations: <none>

TIMING-15#636 Warning
Large hold violation  
There is a large clock skew of 1.591 ns between ap_rst_n (clocked by ap_clk) and control_s_axi_U/int_v_address_reg[61]/R (clocked by ap_clk) that results in large hold timing violation(s) of -1.561 ns. Fixing large hold violations during routing might impact setup slack and result in more difficult timing closure
Related violations: <none>

TIMING-15#637 Warning
Large hold violation  
There is a large clock skew of 1.591 ns between ap_rst_n (clocked by ap_clk) and grp_run_fu_161/grp_runController_fu_106/grp_runQueryTile_fu_142/distributeQueryTile_U0/grp_distributeQueryTile_Pipeline_VITIS_LOOP_501_3_VITIS_LOOP_506_4_VITIS_LOOP_507_5_fu_220/ap_enable_reg_pp0_iter42_reg/R (clocked by ap_clk) that results in large hold timing violation(s) of -1.559 ns. Fixing large hold violations during routing might impact setup slack and result in more difficult timing closure
Related violations: <none>

TIMING-15#638 Warning
Large hold violation  
There is a large clock skew of 1.591 ns between ap_rst_n (clocked by ap_clk) and grp_run_fu_161/grp_runController_fu_106/grp_runQueryTile_fu_142/distributeQueryTile_U0/grp_distributeQueryTile_Pipeline_VITIS_LOOP_501_3_VITIS_LOOP_506_4_VITIS_LOOP_507_5_fu_220/ap_enable_reg_pp0_iter43_reg/R (clocked by ap_clk) that results in large hold timing violation(s) of -1.559 ns. Fixing large hold violations during routing might impact setup slack and result in more difficult timing closure
Related violations: <none>

TIMING-15#639 Warning
Large hold violation  
There is a large clock skew of 1.591 ns between s_axi_control_WDATA[10] (clocked by ap_clk) and control_s_axi_U/int_q_address_reg[10]/D (clocked by ap_clk) that results in large hold timing violation(s) of -1.591 ns. Fixing large hold violations during routing might impact setup slack and result in more difficult timing closure
Related violations: <none>

TIMING-15#640 Warning
Large hold violation  
There is a large clock skew of 1.591 ns between s_axi_control_WDATA[10] (clocked by ap_clk) and control_s_axi_U/int_q_address_reg[42]/D (clocked by ap_clk) that results in large hold timing violation(s) of -1.612 ns. Fixing large hold violations during routing might impact setup slack and result in more difficult timing closure
Related violations: <none>

TIMING-15#641 Warning
Large hold violation  
There is a large clock skew of 1.591 ns between s_axi_control_WDATA[18] (clocked by ap_clk) and control_s_axi_U/int_q_address_reg[18]/D (clocked by ap_clk) that results in large hold timing violation(s) of -1.594 ns. Fixing large hold violations during routing might impact setup slack and result in more difficult timing closure
Related violations: <none>

TIMING-15#642 Warning
Large hold violation  
There is a large clock skew of 1.591 ns between s_axi_control_WDATA[18] (clocked by ap_clk) and control_s_axi_U/int_q_address_reg[50]/D (clocked by ap_clk) that results in large hold timing violation(s) of -1.612 ns. Fixing large hold violations during routing might impact setup slack and result in more difficult timing closure
Related violations: <none>

TIMING-15#643 Warning
Large hold violation  
There is a large clock skew of 1.591 ns between s_axi_control_WDATA[29] (clocked by ap_clk) and control_s_axi_U/int_o_address_reg[29]/D (clocked by ap_clk) that results in large hold timing violation(s) of -1.591 ns. Fixing large hold violations during routing might impact setup slack and result in more difficult timing closure
Related violations: <none>

TIMING-15#644 Warning
Large hold violation  
There is a large clock skew of 1.591 ns between s_axi_control_WDATA[29] (clocked by ap_clk) and control_s_axi_U/int_v_address_reg[61]/D (clocked by ap_clk) that results in large hold timing violation(s) of -1.612 ns. Fixing large hold violations during routing might impact setup slack and result in more difficult timing closure
Related violations: <none>

TIMING-15#645 Warning
Large hold violation  
There is a large clock skew of 1.591 ns between s_axi_control_WDATA[2] (clocked by ap_clk) and control_s_axi_U/int_o_address_reg[2]/D (clocked by ap_clk) that results in large hold timing violation(s) of -1.594 ns. Fixing large hold violations during routing might impact setup slack and result in more difficult timing closure
Related violations: <none>

TIMING-15#646 Warning
Large hold violation  
There is a large clock skew of 1.591 ns between s_axi_control_WDATA[2] (clocked by ap_clk) and control_s_axi_U/int_o_address_reg[34]/D (clocked by ap_clk) that results in large hold timing violation(s) of -1.612 ns. Fixing large hold violations during routing might impact setup slack and result in more difficult timing closure
Related violations: <none>

TIMING-15#647 Warning
Large hold violation  
There is a large clock skew of 1.591 ns between s_axi_control_WDATA[4] (clocked by ap_clk) and control_s_axi_U/int_q_address_reg[36]/D (clocked by ap_clk) that results in large hold timing violation(s) of -1.591 ns. Fixing large hold violations during routing might impact setup slack and result in more difficult timing closure
Related violations: <none>

TIMING-15#648 Warning
Large hold violation  
There is a large clock skew of 1.591 ns between s_axi_control_WDATA[4] (clocked by ap_clk) and control_s_axi_U/int_q_address_reg[4]/D (clocked by ap_clk) that results in large hold timing violation(s) of -1.612 ns. Fixing large hold violations during routing might impact setup slack and result in more difficult timing closure
Related violations: <none>

TIMING-15#649 Warning
Large hold violation  
There is a large clock skew of 1.591 ns between s_axi_control_WDATA[6] (clocked by ap_clk) and control_s_axi_U/int_q_address_reg[38]/D (clocked by ap_clk) that results in large hold timing violation(s) of -1.594 ns. Fixing large hold violations during routing might impact setup slack and result in more difficult timing closure
Related violations: <none>

TIMING-15#650 Warning
Large hold violation  
There is a large clock skew of 1.591 ns between s_axi_control_WDATA[6] (clocked by ap_clk) and control_s_axi_U/int_q_address_reg[6]/D (clocked by ap_clk) that results in large hold timing violation(s) of -1.612 ns. Fixing large hold violations during routing might impact setup slack and result in more difficult timing closure
Related violations: <none>

TIMING-15#651 Warning
Large hold violation  
There is a large clock skew of 1.592 ns between ap_rst_n (clocked by ap_clk) and control_s_axi_U/auto_restart_status_reg/R (clocked by ap_clk) that results in large hold timing violation(s) of -1.562 ns. Fixing large hold violations during routing might impact setup slack and result in more difficult timing closure
Related violations: <none>

TIMING-15#652 Warning
Large hold violation  
There is a large clock skew of 1.592 ns between ap_rst_n (clocked by ap_clk) and control_s_axi_U/int_ap_start_reg/R (clocked by ap_clk) that results in large hold timing violation(s) of -1.562 ns. Fixing large hold violations during routing might impact setup slack and result in more difficult timing closure
Related violations: <none>

TIMING-15#653 Warning
Large hold violation  
There is a large clock skew of 1.592 ns between ap_rst_n (clocked by ap_clk) and control_s_axi_U/int_isr_reg[1]/R (clocked by ap_clk) that results in large hold timing violation(s) of -1.562 ns. Fixing large hold violations during routing might impact setup slack and result in more difficult timing closure
Related violations: <none>

TIMING-15#654 Warning
Large hold violation  
There is a large clock skew of 1.592 ns between ap_rst_n (clocked by ap_clk) and control_s_axi_U/int_k_address_reg[13]/R (clocked by ap_clk) that results in large hold timing violation(s) of -1.562 ns. Fixing large hold violations during routing might impact setup slack and result in more difficult timing closure
Related violations: <none>

TIMING-15#655 Warning
Large hold violation  
There is a large clock skew of 1.592 ns between ap_rst_n (clocked by ap_clk) and control_s_axi_U/int_k_address_reg[21]/R (clocked by ap_clk) that results in large hold timing violation(s) of -1.562 ns. Fixing large hold violations during routing might impact setup slack and result in more difficult timing closure
Related violations: <none>

TIMING-15#656 Warning
Large hold violation  
There is a large clock skew of 1.592 ns between ap_rst_n (clocked by ap_clk) and control_s_axi_U/int_k_address_reg[27]/R (clocked by ap_clk) that results in large hold timing violation(s) of -1.562 ns. Fixing large hold violations during routing might impact setup slack and result in more difficult timing closure
Related violations: <none>

TIMING-15#657 Warning
Large hold violation  
There is a large clock skew of 1.592 ns between ap_rst_n (clocked by ap_clk) and control_s_axi_U/int_k_address_reg[5]/R (clocked by ap_clk) that results in large hold timing violation(s) of -1.562 ns. Fixing large hold violations during routing might impact setup slack and result in more difficult timing closure
Related violations: <none>

TIMING-15#658 Warning
Large hold violation  
There is a large clock skew of 1.592 ns between ap_rst_n (clocked by ap_clk) and control_s_axi_U/int_o_address_reg[1]/R (clocked by ap_clk) that results in large hold timing violation(s) of -1.562 ns. Fixing large hold violations during routing might impact setup slack and result in more difficult timing closure
Related violations: <none>

TIMING-15#659 Warning
Large hold violation  
There is a large clock skew of 1.592 ns between ap_rst_n (clocked by ap_clk) and control_s_axi_U/int_o_address_reg[57]/R (clocked by ap_clk) that results in large hold timing violation(s) of -1.560 ns. Fixing large hold violations during routing might impact setup slack and result in more difficult timing closure
Related violations: <none>

TIMING-15#660 Warning
Large hold violation  
There is a large clock skew of 1.592 ns between ap_rst_n (clocked by ap_clk) and control_s_axi_U/int_o_address_reg[63]/R (clocked by ap_clk) that results in large hold timing violation(s) of -1.560 ns. Fixing large hold violations during routing might impact setup slack and result in more difficult timing closure
Related violations: <none>

TIMING-15#661 Warning
Large hold violation  
There is a large clock skew of 1.592 ns between ap_rst_n (clocked by ap_clk) and control_s_axi_U/int_o_address_reg[9]/R (clocked by ap_clk) that results in large hold timing violation(s) of -1.562 ns. Fixing large hold violations during routing might impact setup slack and result in more difficult timing closure
Related violations: <none>

TIMING-15#662 Warning
Large hold violation  
There is a large clock skew of 1.592 ns between ap_rst_n (clocked by ap_clk) and control_s_axi_U/int_q_address_reg[37]/R (clocked by ap_clk) that results in large hold timing violation(s) of -1.562 ns. Fixing large hold violations during routing might impact setup slack and result in more difficult timing closure
Related violations: <none>

TIMING-15#663 Warning
Large hold violation  
There is a large clock skew of 1.592 ns between ap_rst_n (clocked by ap_clk) and control_s_axi_U/int_q_address_reg[45]/R (clocked by ap_clk) that results in large hold timing violation(s) of -1.562 ns. Fixing large hold violations during routing might impact setup slack and result in more difficult timing closure
Related violations: <none>

TIMING-15#664 Warning
Large hold violation  
There is a large clock skew of 1.592 ns between ap_rst_n (clocked by ap_clk) and control_s_axi_U/int_q_address_reg[53]/R (clocked by ap_clk) that results in large hold timing violation(s) of -1.562 ns. Fixing large hold violations during routing might impact setup slack and result in more difficult timing closure
Related violations: <none>

TIMING-15#665 Warning
Large hold violation  
There is a large clock skew of 1.592 ns between ap_rst_n (clocked by ap_clk) and control_s_axi_U/int_q_address_reg[59]/R (clocked by ap_clk) that results in large hold timing violation(s) of -1.562 ns. Fixing large hold violations during routing might impact setup slack and result in more difficult timing closure
Related violations: <none>

TIMING-15#666 Warning
Large hold violation  
There is a large clock skew of 1.592 ns between ap_rst_n (clocked by ap_clk) and control_s_axi_U/int_sequence_length_reg[25]/R (clocked by ap_clk) that results in large hold timing violation(s) of -1.560 ns. Fixing large hold violations during routing might impact setup slack and result in more difficult timing closure
Related violations: <none>

TIMING-15#667 Warning
Large hold violation  
There is a large clock skew of 1.592 ns between ap_rst_n (clocked by ap_clk) and control_s_axi_U/int_sequence_length_reg[31]/R (clocked by ap_clk) that results in large hold timing violation(s) of -1.560 ns. Fixing large hold violations during routing might impact setup slack and result in more difficult timing closure
Related violations: <none>

TIMING-15#668 Warning
Large hold violation  
There is a large clock skew of 1.592 ns between ap_rst_n (clocked by ap_clk) and control_s_axi_U/int_status_ap_vld_reg/R (clocked by ap_clk) that results in large hold timing violation(s) of -1.562 ns. Fixing large hold violations during routing might impact setup slack and result in more difficult timing closure
Related violations: <none>

TIMING-15#669 Warning
Large hold violation  
There is a large clock skew of 1.592 ns between ap_rst_n (clocked by ap_clk) and control_s_axi_U/int_status_reg[0]/R (clocked by ap_clk) that results in large hold timing violation(s) of -1.562 ns. Fixing large hold violations during routing might impact setup slack and result in more difficult timing closure
Related violations: <none>

TIMING-15#670 Warning
Large hold violation  
There is a large clock skew of 1.592 ns between ap_rst_n (clocked by ap_clk) and control_s_axi_U/int_task_ap_done_reg/R (clocked by ap_clk) that results in large hold timing violation(s) of -1.562 ns. Fixing large hold violations during routing might impact setup slack and result in more difficult timing closure
Related violations: <none>

TIMING-15#671 Warning
Large hold violation  
There is a large clock skew of 1.592 ns between ap_rst_n (clocked by ap_clk) and control_s_axi_U/int_v_address_reg[33]/R (clocked by ap_clk) that results in large hold timing violation(s) of -1.562 ns. Fixing large hold violations during routing might impact setup slack and result in more difficult timing closure
Related violations: <none>

TIMING-15#672 Warning
Large hold violation  
There is a large clock skew of 1.592 ns between ap_rst_n (clocked by ap_clk) and control_s_axi_U/int_v_address_reg[41]/R (clocked by ap_clk) that results in large hold timing violation(s) of -1.562 ns. Fixing large hold violations during routing might impact setup slack and result in more difficult timing closure
Related violations: <none>

TIMING-15#673 Warning
Large hold violation  
There is a large clock skew of 1.592 ns between ap_rst_n (clocked by ap_clk) and grp_run_fu_161/grp_runController_fu_106/grp_runQueryTile_fu_142/header_query_base_c_U/empty_n_reg/R (clocked by ap_clk) that results in large hold timing violation(s) of -1.562 ns. Fixing large hold violations during routing might impact setup slack and result in more difficult timing closure
Related violations: <none>

TIMING-15#674 Warning
Large hold violation  
There is a large clock skew of 1.592 ns between ap_rst_n (clocked by ap_clk) and grp_run_fu_161/grp_runController_fu_106/grp_runQueryTile_fu_142/header_query_base_c_U/full_n_reg/S (clocked by ap_clk) that results in large hold timing violation(s) of -1.562 ns. Fixing large hold violations during routing might impact setup slack and result in more difficult timing closure
Related violations: <none>

TIMING-15#675 Warning
Large hold violation  
There is a large clock skew of 1.592 ns between s_axi_control_ARADDR[0] (clocked by ap_clk) and control_s_axi_U/int_status_ap_vld_reg/D (clocked by ap_clk) that results in large hold timing violation(s) of -1.563 ns. Fixing large hold violations during routing might impact setup slack and result in more difficult timing closure
Related violations: <none>

TIMING-15#676 Warning
Large hold violation  
There is a large clock skew of 1.592 ns between s_axi_control_WDATA[0] (clocked by ap_clk) and control_s_axi_U/int_ap_start_reg/D (clocked by ap_clk) that results in large hold timing violation(s) of -1.593 ns. Fixing large hold violations during routing might impact setup slack and result in more difficult timing closure
Related violations: <none>

TIMING-15#677 Warning
Large hold violation  
There is a large clock skew of 1.592 ns between s_axi_control_WDATA[13] (clocked by ap_clk) and control_s_axi_U/int_k_address_reg[13]/D (clocked by ap_clk) that results in large hold timing violation(s) of -1.592 ns. Fixing large hold violations during routing might impact setup slack and result in more difficult timing closure
Related violations: <none>

TIMING-15#678 Warning
Large hold violation  
There is a large clock skew of 1.592 ns between s_axi_control_WDATA[13] (clocked by ap_clk) and control_s_axi_U/int_q_address_reg[45]/D (clocked by ap_clk) that results in large hold timing violation(s) of -1.613 ns. Fixing large hold violations during routing might impact setup slack and result in more difficult timing closure
Related violations: <none>

TIMING-15#679 Warning
Large hold violation  
There is a large clock skew of 1.592 ns between s_axi_control_WDATA[1] (clocked by ap_clk) and control_s_axi_U/int_isr_reg[1]/D (clocked by ap_clk) that results in large hold timing violation(s) of -1.535 ns. Fixing large hold violations during routing might impact setup slack and result in more difficult timing closure
Related violations: <none>

TIMING-15#680 Warning
Large hold violation  
There is a large clock skew of 1.592 ns between s_axi_control_WDATA[1] (clocked by ap_clk) and control_s_axi_U/int_o_address_reg[1]/D (clocked by ap_clk) that results in large hold timing violation(s) of -1.595 ns. Fixing large hold violations during routing might impact setup slack and result in more difficult timing closure
Related violations: <none>

TIMING-15#681 Warning
Large hold violation  
There is a large clock skew of 1.592 ns between s_axi_control_WDATA[1] (clocked by ap_clk) and control_s_axi_U/int_v_address_reg[33]/D (clocked by ap_clk) that results in large hold timing violation(s) of -1.613 ns. Fixing large hold violations during routing might impact setup slack and result in more difficult timing closure
Related violations: <none>

TIMING-15#682 Warning
Large hold violation  
There is a large clock skew of 1.592 ns between s_axi_control_WDATA[21] (clocked by ap_clk) and control_s_axi_U/int_k_address_reg[21]/D (clocked by ap_clk) that results in large hold timing violation(s) of -1.592 ns. Fixing large hold violations during routing might impact setup slack and result in more difficult timing closure
Related violations: <none>

TIMING-15#683 Warning
Large hold violation  
There is a large clock skew of 1.592 ns between s_axi_control_WDATA[21] (clocked by ap_clk) and control_s_axi_U/int_q_address_reg[53]/D (clocked by ap_clk) that results in large hold timing violation(s) of -1.613 ns. Fixing large hold violations during routing might impact setup slack and result in more difficult timing closure
Related violations: <none>

TIMING-15#684 Warning
Large hold violation  
There is a large clock skew of 1.592 ns between s_axi_control_WDATA[25] (clocked by ap_clk) and control_s_axi_U/int_o_address_reg[57]/D (clocked by ap_clk) that results in large hold timing violation(s) of -1.581 ns. Fixing large hold violations during routing might impact setup slack and result in more difficult timing closure
Related violations: <none>

TIMING-15#685 Warning
Large hold violation  
There is a large clock skew of 1.592 ns between s_axi_control_WDATA[25] (clocked by ap_clk) and control_s_axi_U/int_sequence_length_reg[25]/D (clocked by ap_clk) that results in large hold timing violation(s) of -1.602 ns. Fixing large hold violations during routing might impact setup slack and result in more difficult timing closure
Related violations: <none>

TIMING-15#686 Warning
Large hold violation  
There is a large clock skew of 1.592 ns between s_axi_control_WDATA[27] (clocked by ap_clk) and control_s_axi_U/int_k_address_reg[27]/D (clocked by ap_clk) that results in large hold timing violation(s) of -1.595 ns. Fixing large hold violations during routing might impact setup slack and result in more difficult timing closure
Related violations: <none>

TIMING-15#687 Warning
Large hold violation  
There is a large clock skew of 1.592 ns between s_axi_control_WDATA[27] (clocked by ap_clk) and control_s_axi_U/int_q_address_reg[59]/D (clocked by ap_clk) that results in large hold timing violation(s) of -1.613 ns. Fixing large hold violations during routing might impact setup slack and result in more difficult timing closure
Related violations: <none>

TIMING-15#688 Warning
Large hold violation  
There is a large clock skew of 1.592 ns between s_axi_control_WDATA[31] (clocked by ap_clk) and control_s_axi_U/int_o_address_reg[63]/D (clocked by ap_clk) that results in large hold timing violation(s) of -1.582 ns. Fixing large hold violations during routing might impact setup slack and result in more difficult timing closure
Related violations: <none>

TIMING-15#689 Warning
Large hold violation  
There is a large clock skew of 1.592 ns between s_axi_control_WDATA[31] (clocked by ap_clk) and control_s_axi_U/int_sequence_length_reg[31]/D (clocked by ap_clk) that results in large hold timing violation(s) of -1.605 ns. Fixing large hold violations during routing might impact setup slack and result in more difficult timing closure
Related violations: <none>

TIMING-15#690 Warning
Large hold violation  
There is a large clock skew of 1.592 ns between s_axi_control_WDATA[5] (clocked by ap_clk) and control_s_axi_U/int_k_address_reg[5]/D (clocked by ap_clk) that results in large hold timing violation(s) of -1.595 ns. Fixing large hold violations during routing might impact setup slack and result in more difficult timing closure
Related violations: <none>

TIMING-15#691 Warning
Large hold violation  
There is a large clock skew of 1.592 ns between s_axi_control_WDATA[5] (clocked by ap_clk) and control_s_axi_U/int_q_address_reg[37]/D (clocked by ap_clk) that results in large hold timing violation(s) of -1.613 ns. Fixing large hold violations during routing might impact setup slack and result in more difficult timing closure
Related violations: <none>

TIMING-15#692 Warning
Large hold violation  
There is a large clock skew of 1.592 ns between s_axi_control_WDATA[9] (clocked by ap_clk) and control_s_axi_U/int_o_address_reg[9]/D (clocked by ap_clk) that results in large hold timing violation(s) of -1.593 ns. Fixing large hold violations during routing might impact setup slack and result in more difficult timing closure
Related violations: <none>

TIMING-15#693 Warning
Large hold violation  
There is a large clock skew of 1.592 ns between s_axi_control_WDATA[9] (clocked by ap_clk) and control_s_axi_U/int_v_address_reg[41]/D (clocked by ap_clk) that results in large hold timing violation(s) of -1.613 ns. Fixing large hold violations during routing might impact setup slack and result in more difficult timing closure
Related violations: <none>

TIMING-15#694 Warning
Large hold violation  
There is a large clock skew of 1.593 ns between ap_rst_n (clocked by ap_clk) and control_s_axi_U/int_k_address_reg[11]/R (clocked by ap_clk) that results in large hold timing violation(s) of -1.563 ns. Fixing large hold violations during routing might impact setup slack and result in more difficult timing closure
Related violations: <none>

TIMING-15#695 Warning
Large hold violation  
There is a large clock skew of 1.593 ns between ap_rst_n (clocked by ap_clk) and control_s_axi_U/int_k_address_reg[15]/R (clocked by ap_clk) that results in large hold timing violation(s) of -1.563 ns. Fixing large hold violations during routing might impact setup slack and result in more difficult timing closure
Related violations: <none>

TIMING-15#696 Warning
Large hold violation  
There is a large clock skew of 1.593 ns between ap_rst_n (clocked by ap_clk) and control_s_axi_U/int_k_address_reg[57]/R (clocked by ap_clk) that results in large hold timing violation(s) of -1.561 ns. Fixing large hold violations during routing might impact setup slack and result in more difficult timing closure
Related violations: <none>

TIMING-15#697 Warning
Large hold violation  
There is a large clock skew of 1.593 ns between ap_rst_n (clocked by ap_clk) and control_s_axi_U/int_o_address_reg[0]/R (clocked by ap_clk) that results in large hold timing violation(s) of -1.563 ns. Fixing large hold violations during routing might impact setup slack and result in more difficult timing closure
Related violations: <none>

TIMING-15#698 Warning
Large hold violation  
There is a large clock skew of 1.593 ns between ap_rst_n (clocked by ap_clk) and control_s_axi_U/int_o_address_reg[32]/R (clocked by ap_clk) that results in large hold timing violation(s) of -1.563 ns. Fixing large hold violations during routing might impact setup slack and result in more difficult timing closure
Related violations: <none>

TIMING-15#699 Warning
Large hold violation  
There is a large clock skew of 1.593 ns between ap_rst_n (clocked by ap_clk) and control_s_axi_U/int_q_address_reg[0]/R (clocked by ap_clk) that results in large hold timing violation(s) of -1.563 ns. Fixing large hold violations during routing might impact setup slack and result in more difficult timing closure
Related violations: <none>

TIMING-15#700 Warning
Large hold violation  
There is a large clock skew of 1.593 ns between ap_rst_n (clocked by ap_clk) and control_s_axi_U/int_q_address_reg[32]/R (clocked by ap_clk) that results in large hold timing violation(s) of -1.563 ns. Fixing large hold violations during routing might impact setup slack and result in more difficult timing closure
Related violations: <none>

TIMING-15#701 Warning
Large hold violation  
There is a large clock skew of 1.593 ns between ap_rst_n (clocked by ap_clk) and control_s_axi_U/int_q_address_reg[43]/R (clocked by ap_clk) that results in large hold timing violation(s) of -1.563 ns. Fixing large hold violations during routing might impact setup slack and result in more difficult timing closure
Related violations: <none>

TIMING-15#702 Warning
Large hold violation  
There is a large clock skew of 1.593 ns between ap_rst_n (clocked by ap_clk) and control_s_axi_U/int_q_address_reg[47]/R (clocked by ap_clk) that results in large hold timing violation(s) of -1.563 ns. Fixing large hold violations during routing might impact setup slack and result in more difficult timing closure
Related violations: <none>

TIMING-15#703 Warning
Large hold violation  
There is a large clock skew of 1.593 ns between ap_rst_n (clocked by ap_clk) and control_s_axi_U/int_v_address_reg[20]/R (clocked by ap_clk) that results in large hold timing violation(s) of -1.563 ns. Fixing large hold violations during routing might impact setup slack and result in more difficult timing closure
Related violations: <none>

TIMING-15#704 Warning
Large hold violation  
There is a large clock skew of 1.593 ns between ap_rst_n (clocked by ap_clk) and control_s_axi_U/int_v_address_reg[25]/R (clocked by ap_clk) that results in large hold timing violation(s) of -1.561 ns. Fixing large hold violations during routing might impact setup slack and result in more difficult timing closure
Related violations: <none>

TIMING-15#705 Warning
Large hold violation  
There is a large clock skew of 1.593 ns between ap_rst_n (clocked by ap_clk) and control_s_axi_U/int_v_address_reg[52]/R (clocked by ap_clk) that results in large hold timing violation(s) of -1.563 ns. Fixing large hold violations during routing might impact setup slack and result in more difficult timing closure
Related violations: <none>

TIMING-15#706 Warning
Large hold violation  
There is a large clock skew of 1.593 ns between ap_rst_n (clocked by ap_clk) and grp_run_fu_161/grp_runController_fu_106/grp_runQueryTile_fu_142/distributeQueryTile_U0/ap_CS_fsm_reg[75]/R (clocked by ap_clk) that results in large hold timing violation(s) of -1.563 ns. Fixing large hold violations during routing might impact setup slack and result in more difficult timing closure
Related violations: <none>

TIMING-15#707 Warning
Large hold violation  
There is a large clock skew of 1.593 ns between ap_rst_n (clocked by ap_clk) and grp_run_fu_161/grp_runController_fu_106/grp_runQueryTile_fu_142/distributeQueryTile_U0/grp_distributeQueryTile_Pipeline_VITIS_LOOP_501_3_VITIS_LOOP_506_4_VITIS_LOOP_507_5_fu_220/ap_enable_reg_pp0_iter31_reg/R (clocked by ap_clk) that results in large hold timing violation(s) of -1.563 ns. Fixing large hold violations during routing might impact setup slack and result in more difficult timing closure
Related violations: <none>

TIMING-15#708 Warning
Large hold violation  
There is a large clock skew of 1.593 ns between ap_rst_n (clocked by ap_clk) and grp_run_fu_161/grp_runController_fu_106/grp_runQueryTile_fu_142/distributeQueryTile_U0/grp_distributeQueryTile_Pipeline_VITIS_LOOP_501_3_VITIS_LOOP_506_4_VITIS_LOOP_507_5_fu_220/ap_enable_reg_pp0_iter5_reg/R (clocked by ap_clk) that results in large hold timing violation(s) of -1.563 ns. Fixing large hold violations during routing might impact setup slack and result in more difficult timing closure
Related violations: <none>

TIMING-15#709 Warning
Large hold violation  
There is a large clock skew of 1.593 ns between ap_rst_n (clocked by ap_clk) and grp_run_fu_161/grp_runController_fu_106/grp_runQueryTile_fu_142/distributeQueryTile_U0/grp_distributeQueryTile_Pipeline_VITIS_LOOP_501_3_VITIS_LOOP_506_4_VITIS_LOOP_507_5_fu_220/ap_enable_reg_pp0_iter6_reg/R (clocked by ap_clk) that results in large hold timing violation(s) of -1.563 ns. Fixing large hold violations during routing might impact setup slack and result in more difficult timing closure
Related violations: <none>

TIMING-15#710 Warning
Large hold violation  
There is a large clock skew of 1.593 ns between ap_rst_n (clocked by ap_clk) and grp_run_fu_161/grp_runController_fu_106/grp_runQueryTile_fu_142/distributeQueryTile_U0/grp_distributeQueryTile_Pipeline_VITIS_LOOP_501_3_VITIS_LOOP_506_4_VITIS_LOOP_507_5_fu_220_ap_start_reg_reg/R (clocked by ap_clk) that results in large hold timing violation(s) of -1.563 ns. Fixing large hold violations during routing might impact setup slack and result in more difficult timing closure
Related violations: <none>

TIMING-15#711 Warning
Large hold violation  
There is a large clock skew of 1.593 ns between s_axi_control_WDATA[0] (clocked by ap_clk) and control_s_axi_U/int_o_address_reg[0]/D (clocked by ap_clk) that results in large hold timing violation(s) of -1.596 ns. Fixing large hold violations during routing might impact setup slack and result in more difficult timing closure
Related violations: <none>

TIMING-15#712 Warning
Large hold violation  
There is a large clock skew of 1.593 ns between s_axi_control_WDATA[0] (clocked by ap_clk) and control_s_axi_U/int_o_address_reg[32]/D (clocked by ap_clk) that results in large hold timing violation(s) of -1.614 ns. Fixing large hold violations during routing might impact setup slack and result in more difficult timing closure
Related violations: <none>

TIMING-15#713 Warning
Large hold violation  
There is a large clock skew of 1.593 ns between s_axi_control_WDATA[0] (clocked by ap_clk) and control_s_axi_U/int_q_address_reg[0]/D (clocked by ap_clk) that results in large hold timing violation(s) of -1.593 ns. Fixing large hold violations during routing might impact setup slack and result in more difficult timing closure
Related violations: <none>

TIMING-15#714 Warning
Large hold violation  
There is a large clock skew of 1.593 ns between s_axi_control_WDATA[0] (clocked by ap_clk) and control_s_axi_U/int_q_address_reg[32]/D (clocked by ap_clk) that results in large hold timing violation(s) of -1.614 ns. Fixing large hold violations during routing might impact setup slack and result in more difficult timing closure
Related violations: <none>

TIMING-15#715 Warning
Large hold violation  
There is a large clock skew of 1.593 ns between s_axi_control_WDATA[11] (clocked by ap_clk) and control_s_axi_U/int_k_address_reg[11]/D (clocked by ap_clk) that results in large hold timing violation(s) of -1.593 ns. Fixing large hold violations during routing might impact setup slack and result in more difficult timing closure
Related violations: <none>

TIMING-15#716 Warning
Large hold violation  
There is a large clock skew of 1.593 ns between s_axi_control_WDATA[11] (clocked by ap_clk) and control_s_axi_U/int_q_address_reg[43]/D (clocked by ap_clk) that results in large hold timing violation(s) of -1.614 ns. Fixing large hold violations during routing might impact setup slack and result in more difficult timing closure
Related violations: <none>

TIMING-15#717 Warning
Large hold violation  
There is a large clock skew of 1.593 ns between s_axi_control_WDATA[15] (clocked by ap_clk) and control_s_axi_U/int_k_address_reg[15]/D (clocked by ap_clk) that results in large hold timing violation(s) of -1.596 ns. Fixing large hold violations during routing might impact setup slack and result in more difficult timing closure
Related violations: <none>

TIMING-15#718 Warning
Large hold violation  
There is a large clock skew of 1.593 ns between s_axi_control_WDATA[15] (clocked by ap_clk) and control_s_axi_U/int_q_address_reg[47]/D (clocked by ap_clk) that results in large hold timing violation(s) of -1.614 ns. Fixing large hold violations during routing might impact setup slack and result in more difficult timing closure
Related violations: <none>

TIMING-15#719 Warning
Large hold violation  
There is a large clock skew of 1.593 ns between s_axi_control_WDATA[20] (clocked by ap_clk) and control_s_axi_U/int_v_address_reg[20]/D (clocked by ap_clk) that results in large hold timing violation(s) of -1.596 ns. Fixing large hold violations during routing might impact setup slack and result in more difficult timing closure
Related violations: <none>

TIMING-15#720 Warning
Large hold violation  
There is a large clock skew of 1.593 ns between s_axi_control_WDATA[20] (clocked by ap_clk) and control_s_axi_U/int_v_address_reg[52]/D (clocked by ap_clk) that results in large hold timing violation(s) of -1.614 ns. Fixing large hold violations during routing might impact setup slack and result in more difficult timing closure
Related violations: <none>

TIMING-15#721 Warning
Large hold violation  
There is a large clock skew of 1.593 ns between s_axi_control_WDATA[25] (clocked by ap_clk) and control_s_axi_U/int_k_address_reg[57]/D (clocked by ap_clk) that results in large hold timing violation(s) of -1.582 ns. Fixing large hold violations during routing might impact setup slack and result in more difficult timing closure
Related violations: <none>

TIMING-15#722 Warning
Large hold violation  
There is a large clock skew of 1.593 ns between s_axi_control_WDATA[25] (clocked by ap_clk) and control_s_axi_U/int_v_address_reg[25]/D (clocked by ap_clk) that results in large hold timing violation(s) of -1.603 ns. Fixing large hold violations during routing might impact setup slack and result in more difficult timing closure
Related violations: <none>

TIMING-15#723 Warning
Large hold violation  
There is a large clock skew of 1.594 ns between ap_rst_n (clocked by ap_clk) and control_s_axi_U/int_k_address_reg[29]/R (clocked by ap_clk) that results in large hold timing violation(s) of -1.564 ns. Fixing large hold violations during routing might impact setup slack and result in more difficult timing closure
Related violations: <none>

TIMING-15#724 Warning
Large hold violation  
There is a large clock skew of 1.594 ns between ap_rst_n (clocked by ap_clk) and control_s_axi_U/int_o_address_reg[17]/R (clocked by ap_clk) that results in large hold timing violation(s) of -1.564 ns. Fixing large hold violations during routing might impact setup slack and result in more difficult timing closure
Related violations: <none>

TIMING-15#725 Warning
Large hold violation  
There is a large clock skew of 1.594 ns between ap_rst_n (clocked by ap_clk) and control_s_axi_U/int_o_address_reg[20]/R (clocked by ap_clk) that results in large hold timing violation(s) of -1.562 ns. Fixing large hold violations during routing might impact setup slack and result in more difficult timing closure
Related violations: <none>

TIMING-15#726 Warning
Large hold violation  
There is a large clock skew of 1.594 ns between ap_rst_n (clocked by ap_clk) and control_s_axi_U/int_o_address_reg[52]/R (clocked by ap_clk) that results in large hold timing violation(s) of -1.562 ns. Fixing large hold violations during routing might impact setup slack and result in more difficult timing closure
Related violations: <none>

TIMING-15#727 Warning
Large hold violation  
There is a large clock skew of 1.594 ns between ap_rst_n (clocked by ap_clk) and control_s_axi_U/int_q_address_reg[1]/R (clocked by ap_clk) that results in large hold timing violation(s) of -1.564 ns. Fixing large hold violations during routing might impact setup slack and result in more difficult timing closure
Related violations: <none>

TIMING-15#728 Warning
Large hold violation  
There is a large clock skew of 1.594 ns between ap_rst_n (clocked by ap_clk) and control_s_axi_U/int_q_address_reg[3]/R (clocked by ap_clk) that results in large hold timing violation(s) of -1.564 ns. Fixing large hold violations during routing might impact setup slack and result in more difficult timing closure
Related violations: <none>

TIMING-15#729 Warning
Large hold violation  
There is a large clock skew of 1.594 ns between ap_rst_n (clocked by ap_clk) and control_s_axi_U/int_q_address_reg[61]/R (clocked by ap_clk) that results in large hold timing violation(s) of -1.564 ns. Fixing large hold violations during routing might impact setup slack and result in more difficult timing closure
Related violations: <none>

TIMING-15#730 Warning
Large hold violation  
There is a large clock skew of 1.594 ns between ap_rst_n (clocked by ap_clk) and control_s_axi_U/int_q_address_reg[7]/R (clocked by ap_clk) that results in large hold timing violation(s) of -1.564 ns. Fixing large hold violations during routing might impact setup slack and result in more difficult timing closure
Related violations: <none>

TIMING-15#731 Warning
Large hold violation  
There is a large clock skew of 1.594 ns between ap_rst_n (clocked by ap_clk) and control_s_axi_U/int_sequence_length_reg[0]/R (clocked by ap_clk) that results in large hold timing violation(s) of -1.564 ns. Fixing large hold violations during routing might impact setup slack and result in more difficult timing closure
Related violations: <none>

TIMING-15#732 Warning
Large hold violation  
There is a large clock skew of 1.594 ns between ap_rst_n (clocked by ap_clk) and control_s_axi_U/int_sequence_length_reg[2]/R (clocked by ap_clk) that results in large hold timing violation(s) of -1.564 ns. Fixing large hold violations during routing might impact setup slack and result in more difficult timing closure
Related violations: <none>

TIMING-15#733 Warning
Large hold violation  
There is a large clock skew of 1.594 ns between ap_rst_n (clocked by ap_clk) and control_s_axi_U/int_sequence_length_reg[6]/R (clocked by ap_clk) that results in large hold timing violation(s) of -1.564 ns. Fixing large hold violations during routing might impact setup slack and result in more difficult timing closure
Related violations: <none>

TIMING-15#734 Warning
Large hold violation  
There is a large clock skew of 1.594 ns between ap_rst_n (clocked by ap_clk) and control_s_axi_U/int_v_address_reg[49]/R (clocked by ap_clk) that results in large hold timing violation(s) of -1.564 ns. Fixing large hold violations during routing might impact setup slack and result in more difficult timing closure
Related violations: <none>

TIMING-15#735 Warning
Large hold violation  
There is a large clock skew of 1.594 ns between ap_rst_n (clocked by ap_clk) and grp_run_fu_161/ap_CS_fsm_reg[0]/S (clocked by ap_clk) that results in large hold timing violation(s) of -1.564 ns. Fixing large hold violations during routing might impact setup slack and result in more difficult timing closure
Related violations: <none>

TIMING-15#736 Warning
Large hold violation  
There is a large clock skew of 1.594 ns between ap_rst_n (clocked by ap_clk) and grp_run_fu_161/ap_CS_fsm_reg[1]/R (clocked by ap_clk) that results in large hold timing violation(s) of -1.564 ns. Fixing large hold violations during routing might impact setup slack and result in more difficult timing closure
Related violations: <none>

TIMING-15#737 Warning
Large hold violation  
There is a large clock skew of 1.594 ns between s_axi_control_ARADDR[1] (clocked by ap_clk) and control_s_axi_U/rdata_reg[2]/D (clocked by ap_clk) that results in large hold timing violation(s) of -1.610 ns. Fixing large hold violations during routing might impact setup slack and result in more difficult timing closure
Related violations: <none>

TIMING-15#738 Warning
Large hold violation  
There is a large clock skew of 1.594 ns between s_axi_control_ARADDR[1] (clocked by ap_clk) and control_s_axi_U/rdata_reg[7]/D (clocked by ap_clk) that results in large hold timing violation(s) of -1.608 ns. Fixing large hold violations during routing might impact setup slack and result in more difficult timing closure
Related violations: <none>

TIMING-15#739 Warning
Large hold violation  
There is a large clock skew of 1.594 ns between s_axi_control_ARADDR[1] (clocked by ap_clk) and control_s_axi_U/rdata_reg[9]/D (clocked by ap_clk) that results in large hold timing violation(s) of -1.609 ns. Fixing large hold violations during routing might impact setup slack and result in more difficult timing closure
Related violations: <none>

TIMING-15#740 Warning
Large hold violation  
There is a large clock skew of 1.594 ns between s_axi_control_WDATA[17] (clocked by ap_clk) and control_s_axi_U/int_o_address_reg[17]/D (clocked by ap_clk) that results in large hold timing violation(s) of -1.597 ns. Fixing large hold violations during routing might impact setup slack and result in more difficult timing closure
Related violations: <none>

TIMING-15#741 Warning
Large hold violation  
There is a large clock skew of 1.594 ns between s_axi_control_WDATA[17] (clocked by ap_clk) and control_s_axi_U/int_v_address_reg[49]/D (clocked by ap_clk) that results in large hold timing violation(s) of -1.615 ns. Fixing large hold violations during routing might impact setup slack and result in more difficult timing closure
Related violations: <none>

TIMING-15#742 Warning
Large hold violation  
There is a large clock skew of 1.594 ns between s_axi_control_WDATA[1] (clocked by ap_clk) and control_s_axi_U/int_q_address_reg[1]/D (clocked by ap_clk) that results in large hold timing violation(s) of -1.594 ns. Fixing large hold violations during routing might impact setup slack and result in more difficult timing closure
Related violations: <none>

TIMING-15#743 Warning
Large hold violation  
There is a large clock skew of 1.594 ns between s_axi_control_WDATA[20] (clocked by ap_clk) and control_s_axi_U/int_o_address_reg[20]/D (clocked by ap_clk) that results in large hold timing violation(s) of -1.587 ns. Fixing large hold violations during routing might impact setup slack and result in more difficult timing closure
Related violations: <none>

TIMING-15#744 Warning
Large hold violation  
There is a large clock skew of 1.594 ns between s_axi_control_WDATA[20] (clocked by ap_clk) and control_s_axi_U/int_o_address_reg[52]/D (clocked by ap_clk) that results in large hold timing violation(s) of -1.613 ns. Fixing large hold violations during routing might impact setup slack and result in more difficult timing closure
Related violations: <none>

TIMING-15#745 Warning
Large hold violation  
There is a large clock skew of 1.594 ns between s_axi_control_WDATA[29] (clocked by ap_clk) and control_s_axi_U/int_k_address_reg[29]/D (clocked by ap_clk) that results in large hold timing violation(s) of -1.594 ns. Fixing large hold violations during routing might impact setup slack and result in more difficult timing closure
Related violations: <none>

TIMING-15#746 Warning
Large hold violation  
There is a large clock skew of 1.594 ns between s_axi_control_WDATA[29] (clocked by ap_clk) and control_s_axi_U/int_q_address_reg[61]/D (clocked by ap_clk) that results in large hold timing violation(s) of -1.615 ns. Fixing large hold violations during routing might impact setup slack and result in more difficult timing closure
Related violations: <none>

TIMING-15#747 Warning
Large hold violation  
There is a large clock skew of 1.594 ns between s_axi_control_WDATA[3] (clocked by ap_clk) and control_s_axi_U/int_q_address_reg[3]/D (clocked by ap_clk) that results in large hold timing violation(s) of -1.597 ns. Fixing large hold violations during routing might impact setup slack and result in more difficult timing closure
Related violations: <none>

TIMING-15#748 Warning
Large hold violation  
There is a large clock skew of 1.594 ns between s_axi_control_WDATA[7] (clocked by ap_clk) and control_s_axi_U/int_q_address_reg[7]/D (clocked by ap_clk) that results in large hold timing violation(s) of -1.595 ns. Fixing large hold violations during routing might impact setup slack and result in more difficult timing closure
Related violations: <none>

TIMING-15#749 Warning
Large hold violation  
There is a large clock skew of 1.594 ns between s_axi_control_WSTRB[0] (clocked by ap_clk) and control_s_axi_U/int_sequence_length_reg[0]/D (clocked by ap_clk) that results in large hold timing violation(s) of -1.594 ns. Fixing large hold violations during routing might impact setup slack and result in more difficult timing closure
Related violations: <none>

TIMING-15#750 Warning
Large hold violation  
There is a large clock skew of 1.594 ns between s_axi_control_WSTRB[0] (clocked by ap_clk) and control_s_axi_U/int_sequence_length_reg[2]/D (clocked by ap_clk) that results in large hold timing violation(s) of -1.594 ns. Fixing large hold violations during routing might impact setup slack and result in more difficult timing closure
Related violations: <none>

TIMING-15#751 Warning
Large hold violation  
There is a large clock skew of 1.594 ns between s_axi_control_WSTRB[0] (clocked by ap_clk) and control_s_axi_U/int_sequence_length_reg[6]/D (clocked by ap_clk) that results in large hold timing violation(s) of -1.591 ns. Fixing large hold violations during routing might impact setup slack and result in more difficult timing closure
Related violations: <none>

TIMING-15#752 Warning
Large hold violation  
There is a large clock skew of 1.595 ns between ap_rst_n (clocked by ap_clk) and control_s_axi_U/int_causal_reg[0]/R (clocked by ap_clk) that results in large hold timing violation(s) of -1.565 ns. Fixing large hold violations during routing might impact setup slack and result in more difficult timing closure
Related violations: <none>

TIMING-15#753 Warning
Large hold violation  
There is a large clock skew of 1.595 ns between ap_rst_n (clocked by ap_clk) and control_s_axi_U/int_k_address_reg[49]/R (clocked by ap_clk) that results in large hold timing violation(s) of -1.565 ns. Fixing large hold violations during routing might impact setup slack and result in more difficult timing closure
Related violations: <none>

TIMING-15#754 Warning
Large hold violation  
There is a large clock skew of 1.595 ns between ap_rst_n (clocked by ap_clk) and control_s_axi_U/int_k_address_reg[53]/R (clocked by ap_clk) that results in large hold timing violation(s) of -1.565 ns. Fixing large hold violations during routing might impact setup slack and result in more difficult timing closure
Related violations: <none>

TIMING-15#755 Warning
Large hold violation  
There is a large clock skew of 1.595 ns between ap_rst_n (clocked by ap_clk) and control_s_axi_U/int_k_address_reg[59]/R (clocked by ap_clk) that results in large hold timing violation(s) of -1.565 ns. Fixing large hold violations during routing might impact setup slack and result in more difficult timing closure
Related violations: <none>

TIMING-15#756 Warning
Large hold violation  
There is a large clock skew of 1.595 ns between ap_rst_n (clocked by ap_clk) and control_s_axi_U/int_k_address_reg[61]/R (clocked by ap_clk) that results in large hold timing violation(s) of -1.565 ns. Fixing large hold violations during routing might impact setup slack and result in more difficult timing closure
Related violations: <none>

TIMING-15#757 Warning
Large hold violation  
There is a large clock skew of 1.595 ns between ap_rst_n (clocked by ap_clk) and control_s_axi_U/int_q_address_reg[2]/R (clocked by ap_clk) that results in large hold timing violation(s) of -1.565 ns. Fixing large hold violations during routing might impact setup slack and result in more difficult timing closure
Related violations: <none>

TIMING-15#758 Warning
Large hold violation  
There is a large clock skew of 1.595 ns between ap_rst_n (clocked by ap_clk) and control_s_axi_U/int_q_address_reg[34]/R (clocked by ap_clk) that results in large hold timing violation(s) of -1.565 ns. Fixing large hold violations during routing might impact setup slack and result in more difficult timing closure
Related violations: <none>

TIMING-15#759 Warning
Large hold violation  
There is a large clock skew of 1.595 ns between ap_rst_n (clocked by ap_clk) and control_s_axi_U/int_v_address_reg[17]/R (clocked by ap_clk) that results in large hold timing violation(s) of -1.565 ns. Fixing large hold violations during routing might impact setup slack and result in more difficult timing closure
Related violations: <none>

TIMING-15#760 Warning
Large hold violation  
There is a large clock skew of 1.595 ns between ap_rst_n (clocked by ap_clk) and control_s_axi_U/int_v_address_reg[21]/R (clocked by ap_clk) that results in large hold timing violation(s) of -1.565 ns. Fixing large hold violations during routing might impact setup slack and result in more difficult timing closure
Related violations: <none>

TIMING-15#761 Warning
Large hold violation  
There is a large clock skew of 1.595 ns between ap_rst_n (clocked by ap_clk) and control_s_axi_U/int_v_address_reg[27]/R (clocked by ap_clk) that results in large hold timing violation(s) of -1.565 ns. Fixing large hold violations during routing might impact setup slack and result in more difficult timing closure
Related violations: <none>

TIMING-15#762 Warning
Large hold violation  
There is a large clock skew of 1.595 ns between ap_rst_n (clocked by ap_clk) and control_s_axi_U/int_v_address_reg[29]/R (clocked by ap_clk) that results in large hold timing violation(s) of -1.565 ns. Fixing large hold violations during routing might impact setup slack and result in more difficult timing closure
Related violations: <none>

TIMING-15#763 Warning
Large hold violation  
There is a large clock skew of 1.595 ns between s_axi_control_AWADDR[2] (clocked by ap_clk) and control_s_axi_U/waddr_reg[2]/D (clocked by ap_clk) that results in large hold timing violation(s) of -1.646 ns. Fixing large hold violations during routing might impact setup slack and result in more difficult timing closure
Related violations: <none>

TIMING-15#764 Warning
Large hold violation  
There is a large clock skew of 1.595 ns between s_axi_control_AWADDR[3] (clocked by ap_clk) and control_s_axi_U/waddr_reg[3]/D (clocked by ap_clk) that results in large hold timing violation(s) of -1.646 ns. Fixing large hold violations during routing might impact setup slack and result in more difficult timing closure
Related violations: <none>

TIMING-15#765 Warning
Large hold violation  
There is a large clock skew of 1.595 ns between s_axi_control_AWADDR[4] (clocked by ap_clk) and control_s_axi_U/waddr_reg[4]/D (clocked by ap_clk) that results in large hold timing violation(s) of -1.645 ns. Fixing large hold violations during routing might impact setup slack and result in more difficult timing closure
Related violations: <none>

TIMING-15#766 Warning
Large hold violation  
There is a large clock skew of 1.595 ns between s_axi_control_AWADDR[5] (clocked by ap_clk) and control_s_axi_U/waddr_reg[5]/D (clocked by ap_clk) that results in large hold timing violation(s) of -1.645 ns. Fixing large hold violations during routing might impact setup slack and result in more difficult timing closure
Related violations: <none>

TIMING-15#767 Warning
Large hold violation  
There is a large clock skew of 1.595 ns between s_axi_control_WDATA[17] (clocked by ap_clk) and control_s_axi_U/int_k_address_reg[49]/D (clocked by ap_clk) that results in large hold timing violation(s) of -1.598 ns. Fixing large hold violations during routing might impact setup slack and result in more difficult timing closure
Related violations: <none>

TIMING-15#768 Warning
Large hold violation  
There is a large clock skew of 1.595 ns between s_axi_control_WDATA[17] (clocked by ap_clk) and control_s_axi_U/int_v_address_reg[17]/D (clocked by ap_clk) that results in large hold timing violation(s) of -1.616 ns. Fixing large hold violations during routing might impact setup slack and result in more difficult timing closure
Related violations: <none>

TIMING-15#769 Warning
Large hold violation  
There is a large clock skew of 1.595 ns between s_axi_control_WDATA[21] (clocked by ap_clk) and control_s_axi_U/int_k_address_reg[53]/D (clocked by ap_clk) that results in large hold timing violation(s) of -1.596 ns. Fixing large hold violations during routing might impact setup slack and result in more difficult timing closure
Related violations: <none>

TIMING-15#770 Warning
Large hold violation  
There is a large clock skew of 1.595 ns between s_axi_control_WDATA[21] (clocked by ap_clk) and control_s_axi_U/int_v_address_reg[21]/D (clocked by ap_clk) that results in large hold timing violation(s) of -1.616 ns. Fixing large hold violations during routing might impact setup slack and result in more difficult timing closure
Related violations: <none>

TIMING-15#771 Warning
Large hold violation  
There is a large clock skew of 1.595 ns between s_axi_control_WDATA[27] (clocked by ap_clk) and control_s_axi_U/int_k_address_reg[59]/D (clocked by ap_clk) that results in large hold timing violation(s) of -1.597 ns. Fixing large hold violations during routing might impact setup slack and result in more difficult timing closure
Related violations: <none>

TIMING-15#772 Warning
Large hold violation  
There is a large clock skew of 1.595 ns between s_axi_control_WDATA[27] (clocked by ap_clk) and control_s_axi_U/int_v_address_reg[27]/D (clocked by ap_clk) that results in large hold timing violation(s) of -1.615 ns. Fixing large hold violations during routing might impact setup slack and result in more difficult timing closure
Related violations: <none>

TIMING-15#773 Warning
Large hold violation  
There is a large clock skew of 1.595 ns between s_axi_control_WDATA[29] (clocked by ap_clk) and control_s_axi_U/int_k_address_reg[61]/D (clocked by ap_clk) that results in large hold timing violation(s) of -1.597 ns. Fixing large hold violations during routing might impact setup slack and result in more difficult timing closure
Related violations: <none>

TIMING-15#774 Warning
Large hold violation  
There is a large clock skew of 1.595 ns between s_axi_control_WDATA[29] (clocked by ap_clk) and control_s_axi_U/int_v_address_reg[29]/D (clocked by ap_clk) that results in large hold timing violation(s) of -1.615 ns. Fixing large hold violations during routing might impact setup slack and result in more difficult timing closure
Related violations: <none>

TIMING-15#775 Warning
Large hold violation  
There is a large clock skew of 1.595 ns between s_axi_control_WDATA[2] (clocked by ap_clk) and control_s_axi_U/int_q_address_reg[2]/D (clocked by ap_clk) that results in large hold timing violation(s) of -1.595 ns. Fixing large hold violations during routing might impact setup slack and result in more difficult timing closure
Related violations: <none>

TIMING-15#776 Warning
Large hold violation  
There is a large clock skew of 1.595 ns between s_axi_control_WDATA[2] (clocked by ap_clk) and control_s_axi_U/int_q_address_reg[34]/D (clocked by ap_clk) that results in large hold timing violation(s) of -1.616 ns. Fixing large hold violations during routing might impact setup slack and result in more difficult timing closure
Related violations: <none>

TIMING-15#777 Warning
Large hold violation  
There is a large clock skew of 1.595 ns between s_axi_control_WSTRB[0] (clocked by ap_clk) and control_s_axi_U/int_causal_reg[0]/D (clocked by ap_clk) that results in large hold timing violation(s) of -1.552 ns. Fixing large hold violations during routing might impact setup slack and result in more difficult timing closure
Related violations: <none>

TIMING-15#778 Warning
Large hold violation  
There is a large clock skew of 1.596 ns between ap_rst_n (clocked by ap_clk) and control_s_axi_U/int_auto_restart_reg/R (clocked by ap_clk) that results in large hold timing violation(s) of -1.566 ns. Fixing large hold violations during routing might impact setup slack and result in more difficult timing closure
Related violations: <none>

TIMING-15#779 Warning
Large hold violation  
There is a large clock skew of 1.596 ns between ap_rst_n (clocked by ap_clk) and control_s_axi_U/int_ier_reg[0]/R (clocked by ap_clk) that results in large hold timing violation(s) of -1.566 ns. Fixing large hold violations during routing might impact setup slack and result in more difficult timing closure
Related violations: <none>

TIMING-15#780 Warning
Large hold violation  
There is a large clock skew of 1.596 ns between ap_rst_n (clocked by ap_clk) and control_s_axi_U/int_interrupt_reg/R (clocked by ap_clk) that results in large hold timing violation(s) of -1.566 ns. Fixing large hold violations during routing might impact setup slack and result in more difficult timing closure
Related violations: <none>

TIMING-15#781 Warning
Large hold violation  
There is a large clock skew of 1.596 ns between ap_rst_n (clocked by ap_clk) and control_s_axi_U/int_isr_reg[0]/R (clocked by ap_clk) that results in large hold timing violation(s) of -1.566 ns. Fixing large hold violations during routing might impact setup slack and result in more difficult timing closure
Related violations: <none>

TIMING-15#782 Warning
Large hold violation  
There is a large clock skew of 1.596 ns between ap_rst_n (clocked by ap_clk) and control_s_axi_U/int_o_address_reg[35]/R (clocked by ap_clk) that results in large hold timing violation(s) of -1.566 ns. Fixing large hold violations during routing might impact setup slack and result in more difficult timing closure
Related violations: <none>

TIMING-15#783 Warning
Large hold violation  
There is a large clock skew of 1.596 ns between ap_rst_n (clocked by ap_clk) and control_s_axi_U/int_o_address_reg[43]/R (clocked by ap_clk) that results in large hold timing violation(s) of -1.566 ns. Fixing large hold violations during routing might impact setup slack and result in more difficult timing closure
Related violations: <none>

TIMING-15#784 Warning
Large hold violation  
There is a large clock skew of 1.596 ns between ap_rst_n (clocked by ap_clk) and control_s_axi_U/int_o_address_reg[47]/R (clocked by ap_clk) that results in large hold timing violation(s) of -1.564 ns. Fixing large hold violations during routing might impact setup slack and result in more difficult timing closure
Related violations: <none>

TIMING-15#785 Warning
Large hold violation  
There is a large clock skew of 1.596 ns between ap_rst_n (clocked by ap_clk) and control_s_axi_U/int_o_address_reg[51]/R (clocked by ap_clk) that results in large hold timing violation(s) of -1.564 ns. Fixing large hold violations during routing might impact setup slack and result in more difficult timing closure
Related violations: <none>

TIMING-15#786 Warning
Large hold violation  
There is a large clock skew of 1.596 ns between ap_rst_n (clocked by ap_clk) and control_s_axi_U/int_o_address_reg[53]/R (clocked by ap_clk) that results in large hold timing violation(s) of -1.564 ns. Fixing large hold violations during routing might impact setup slack and result in more difficult timing closure
Related violations: <none>

TIMING-15#787 Warning
Large hold violation  
There is a large clock skew of 1.596 ns between ap_rst_n (clocked by ap_clk) and control_s_axi_U/int_o_address_reg[59]/R (clocked by ap_clk) that results in large hold timing violation(s) of -1.564 ns. Fixing large hold violations during routing might impact setup slack and result in more difficult timing closure
Related violations: <none>

TIMING-15#788 Warning
Large hold violation  
There is a large clock skew of 1.596 ns between ap_rst_n (clocked by ap_clk) and control_s_axi_U/int_sequence_length_reg[11]/R (clocked by ap_clk) that results in large hold timing violation(s) of -1.566 ns. Fixing large hold violations during routing might impact setup slack and result in more difficult timing closure
Related violations: <none>

TIMING-15#789 Warning
Large hold violation  
There is a large clock skew of 1.596 ns between ap_rst_n (clocked by ap_clk) and control_s_axi_U/int_sequence_length_reg[15]/R (clocked by ap_clk) that results in large hold timing violation(s) of -1.564 ns. Fixing large hold violations during routing might impact setup slack and result in more difficult timing closure
Related violations: <none>

TIMING-15#790 Warning
Large hold violation  
There is a large clock skew of 1.596 ns between ap_rst_n (clocked by ap_clk) and control_s_axi_U/int_sequence_length_reg[19]/R (clocked by ap_clk) that results in large hold timing violation(s) of -1.564 ns. Fixing large hold violations during routing might impact setup slack and result in more difficult timing closure
Related violations: <none>

TIMING-15#791 Warning
Large hold violation  
There is a large clock skew of 1.596 ns between ap_rst_n (clocked by ap_clk) and control_s_axi_U/int_sequence_length_reg[21]/R (clocked by ap_clk) that results in large hold timing violation(s) of -1.564 ns. Fixing large hold violations during routing might impact setup slack and result in more difficult timing closure
Related violations: <none>

TIMING-15#792 Warning
Large hold violation  
There is a large clock skew of 1.596 ns between ap_rst_n (clocked by ap_clk) and control_s_axi_U/int_sequence_length_reg[27]/R (clocked by ap_clk) that results in large hold timing violation(s) of -1.564 ns. Fixing large hold violations during routing might impact setup slack and result in more difficult timing closure
Related violations: <none>

TIMING-15#793 Warning
Large hold violation  
There is a large clock skew of 1.596 ns between ap_rst_n (clocked by ap_clk) and control_s_axi_U/int_sequence_length_reg[3]/R (clocked by ap_clk) that results in large hold timing violation(s) of -1.566 ns. Fixing large hold violations during routing might impact setup slack and result in more difficult timing closure
Related violations: <none>

TIMING-15#794 Warning
Large hold violation  
There is a large clock skew of 1.596 ns between ap_rst_n (clocked by ap_clk) and control_s_axi_U/int_v_address_reg[36]/R (clocked by ap_clk) that results in large hold timing violation(s) of -1.566 ns. Fixing large hold violations during routing might impact setup slack and result in more difficult timing closure
Related violations: <none>

TIMING-15#795 Warning
Large hold violation  
There is a large clock skew of 1.596 ns between ap_rst_n (clocked by ap_clk) and control_s_axi_U/int_v_address_reg[4]/R (clocked by ap_clk) that results in large hold timing violation(s) of -1.566 ns. Fixing large hold violations during routing might impact setup slack and result in more difficult timing closure
Related violations: <none>

TIMING-15#796 Warning
Large hold violation  
There is a large clock skew of 1.596 ns between ap_rst_n (clocked by ap_clk) and grp_run_fu_161/grp_runController_fu_106/grp_runQueryTile_fu_142/distributeQueryTile_U0/grp_distributeQueryTile_Pipeline_VITIS_LOOP_501_3_VITIS_LOOP_506_4_VITIS_LOOP_507_5_fu_220/ap_enable_reg_pp0_iter3_reg/R (clocked by ap_clk) that results in large hold timing violation(s) of -1.566 ns. Fixing large hold violations during routing might impact setup slack and result in more difficult timing closure
Related violations: <none>

TIMING-15#797 Warning
Large hold violation  
There is a large clock skew of 1.596 ns between s_axi_control_WDATA[0] (clocked by ap_clk) and control_s_axi_U/int_ier_reg[0]/D (clocked by ap_clk) that results in large hold timing violation(s) of -1.647 ns. Fixing large hold violations during routing might impact setup slack and result in more difficult timing closure
Related violations: <none>

TIMING-15#798 Warning
Large hold violation  
There is a large clock skew of 1.596 ns between s_axi_control_WDATA[0] (clocked by ap_clk) and control_s_axi_U/int_isr_reg[0]/D (clocked by ap_clk) that results in large hold timing violation(s) of -1.539 ns. Fixing large hold violations during routing might impact setup slack and result in more difficult timing closure
Related violations: <none>

TIMING-15#799 Warning
Large hold violation  
There is a large clock skew of 1.596 ns between s_axi_control_WDATA[11] (clocked by ap_clk) and control_s_axi_U/int_o_address_reg[43]/D (clocked by ap_clk) that results in large hold timing violation(s) of -1.597 ns. Fixing large hold violations during routing might impact setup slack and result in more difficult timing closure
Related violations: <none>

TIMING-15#800 Warning
Large hold violation  
There is a large clock skew of 1.596 ns between s_axi_control_WDATA[11] (clocked by ap_clk) and control_s_axi_U/int_sequence_length_reg[11]/D (clocked by ap_clk) that results in large hold timing violation(s) of -1.617 ns. Fixing large hold violations during routing might impact setup slack and result in more difficult timing closure
Related violations: <none>

TIMING-15#801 Warning
Large hold violation  
There is a large clock skew of 1.596 ns between s_axi_control_WDATA[15] (clocked by ap_clk) and control_s_axi_U/int_o_address_reg[47]/D (clocked by ap_clk) that results in large hold timing violation(s) of -1.585 ns. Fixing large hold violations during routing might impact setup slack and result in more difficult timing closure
Related violations: <none>

TIMING-15#802 Warning
Large hold violation  
There is a large clock skew of 1.596 ns between s_axi_control_WDATA[15] (clocked by ap_clk) and control_s_axi_U/int_sequence_length_reg[15]/D (clocked by ap_clk) that results in large hold timing violation(s) of -1.606 ns. Fixing large hold violations during routing might impact setup slack and result in more difficult timing closure
Related violations: <none>

TIMING-15#803 Warning
Large hold violation  
There is a large clock skew of 1.596 ns between s_axi_control_WDATA[19] (clocked by ap_clk) and control_s_axi_U/int_o_address_reg[51]/D (clocked by ap_clk) that results in large hold timing violation(s) of -1.586 ns. Fixing large hold violations during routing might impact setup slack and result in more difficult timing closure
Related violations: <none>

TIMING-15#804 Warning
Large hold violation  
There is a large clock skew of 1.596 ns between s_axi_control_WDATA[19] (clocked by ap_clk) and control_s_axi_U/int_sequence_length_reg[19]/D (clocked by ap_clk) that results in large hold timing violation(s) of -1.609 ns. Fixing large hold violations during routing might impact setup slack and result in more difficult timing closure
Related violations: <none>

TIMING-15#805 Warning
Large hold violation  
There is a large clock skew of 1.596 ns between s_axi_control_WDATA[21] (clocked by ap_clk) and control_s_axi_U/int_o_address_reg[53]/D (clocked by ap_clk) that results in large hold timing violation(s) of -1.592 ns. Fixing large hold violations during routing might impact setup slack and result in more difficult timing closure
Related violations: <none>

TIMING-15#806 Warning
Large hold violation  
There is a large clock skew of 1.596 ns between s_axi_control_WDATA[21] (clocked by ap_clk) and control_s_axi_U/int_sequence_length_reg[21]/D (clocked by ap_clk) that results in large hold timing violation(s) of -1.612 ns. Fixing large hold violations during routing might impact setup slack and result in more difficult timing closure
Related violations: <none>

TIMING-15#807 Warning
Large hold violation  
There is a large clock skew of 1.596 ns between s_axi_control_WDATA[27] (clocked by ap_clk) and control_s_axi_U/int_o_address_reg[59]/D (clocked by ap_clk) that results in large hold timing violation(s) of -1.595 ns. Fixing large hold violations during routing might impact setup slack and result in more difficult timing closure
Related violations: <none>

TIMING-15#808 Warning
Large hold violation  
There is a large clock skew of 1.596 ns between s_axi_control_WDATA[27] (clocked by ap_clk) and control_s_axi_U/int_sequence_length_reg[27]/D (clocked by ap_clk) that results in large hold timing violation(s) of -1.614 ns. Fixing large hold violations during routing might impact setup slack and result in more difficult timing closure
Related violations: <none>

TIMING-15#809 Warning
Large hold violation  
There is a large clock skew of 1.596 ns between s_axi_control_WDATA[3] (clocked by ap_clk) and control_s_axi_U/int_o_address_reg[35]/D (clocked by ap_clk) that results in large hold timing violation(s) of -1.599 ns. Fixing large hold violations during routing might impact setup slack and result in more difficult timing closure
Related violations: <none>

TIMING-15#810 Warning
Large hold violation  
There is a large clock skew of 1.596 ns between s_axi_control_WDATA[3] (clocked by ap_clk) and control_s_axi_U/int_sequence_length_reg[3]/D (clocked by ap_clk) that results in large hold timing violation(s) of -1.617 ns. Fixing large hold violations during routing might impact setup slack and result in more difficult timing closure
Related violations: <none>

TIMING-15#811 Warning
Large hold violation  
There is a large clock skew of 1.596 ns between s_axi_control_WDATA[4] (clocked by ap_clk) and control_s_axi_U/int_v_address_reg[36]/D (clocked by ap_clk) that results in large hold timing violation(s) of -1.599 ns. Fixing large hold violations during routing might impact setup slack and result in more difficult timing closure
Related violations: <none>

TIMING-15#812 Warning
Large hold violation  
There is a large clock skew of 1.596 ns between s_axi_control_WDATA[4] (clocked by ap_clk) and control_s_axi_U/int_v_address_reg[4]/D (clocked by ap_clk) that results in large hold timing violation(s) of -1.617 ns. Fixing large hold violations during routing might impact setup slack and result in more difficult timing closure
Related violations: <none>

TIMING-15#813 Warning
Large hold violation  
There is a large clock skew of 1.597 ns between ap_rst_n (clocked by ap_clk) and ap_CS_fsm_reg[0]/S (clocked by ap_clk) that results in large hold timing violation(s) of -1.567 ns. Fixing large hold violations during routing might impact setup slack and result in more difficult timing closure
Related violations: <none>

TIMING-15#814 Warning
Large hold violation  
There is a large clock skew of 1.597 ns between ap_rst_n (clocked by ap_clk) and ap_CS_fsm_reg[1]/R (clocked by ap_clk) that results in large hold timing violation(s) of -1.567 ns. Fixing large hold violations during routing might impact setup slack and result in more difficult timing closure
Related violations: <none>

TIMING-15#815 Warning
Large hold violation  
There is a large clock skew of 1.597 ns between ap_rst_n (clocked by ap_clk) and control_s_axi_U/int_ap_idle_reg/R (clocked by ap_clk) that results in large hold timing violation(s) of -1.567 ns. Fixing large hold violations during routing might impact setup slack and result in more difficult timing closure
Related violations: <none>

TIMING-15#816 Warning
Large hold violation  
There is a large clock skew of 1.597 ns between ap_rst_n (clocked by ap_clk) and control_s_axi_U/int_gie_reg/R (clocked by ap_clk) that results in large hold timing violation(s) of -1.567 ns. Fixing large hold violations during routing might impact setup slack and result in more difficult timing closure
Related violations: <none>

TIMING-15#817 Warning
Large hold violation  
There is a large clock skew of 1.597 ns between ap_rst_n (clocked by ap_clk) and control_s_axi_U/int_ier_reg[1]/R (clocked by ap_clk) that results in large hold timing violation(s) of -1.567 ns. Fixing large hold violations during routing might impact setup slack and result in more difficult timing closure
Related violations: <none>

TIMING-15#818 Warning
Large hold violation  
There is a large clock skew of 1.597 ns between ap_rst_n (clocked by ap_clk) and grp_run_fu_161/grp_runController_fu_106/grp_runQueryTile_fu_142/distributeQueryTile_U0/grp_distributeQueryTile_Pipeline_VITIS_LOOP_501_3_VITIS_LOOP_506_4_VITIS_LOOP_507_5_fu_220/ap_enable_reg_pp0_iter32_reg/R (clocked by ap_clk) that results in large hold timing violation(s) of -1.567 ns. Fixing large hold violations during routing might impact setup slack and result in more difficult timing closure
Related violations: <none>

TIMING-15#819 Warning
Large hold violation  
There is a large clock skew of 1.597 ns between ap_rst_n (clocked by ap_clk) and grp_run_fu_161/grp_runController_fu_106/grp_runQueryTile_fu_142/distributeQueryTile_U0/grp_distributeQueryTile_Pipeline_VITIS_LOOP_501_3_VITIS_LOOP_506_4_VITIS_LOOP_507_5_fu_220/ap_enable_reg_pp0_iter33_reg/R (clocked by ap_clk) that results in large hold timing violation(s) of -1.567 ns. Fixing large hold violations during routing might impact setup slack and result in more difficult timing closure
Related violations: <none>

TIMING-15#820 Warning
Large hold violation  
There is a large clock skew of 1.597 ns between ap_rst_n (clocked by ap_clk) and grp_run_fu_161/grp_runController_fu_106/grp_runQueryTile_fu_142/distributeQueryTile_U0/grp_distributeQueryTile_Pipeline_VITIS_LOOP_501_3_VITIS_LOOP_506_4_VITIS_LOOP_507_5_fu_220/ap_enable_reg_pp0_iter34_reg/R (clocked by ap_clk) that results in large hold timing violation(s) of -1.567 ns. Fixing large hold violations during routing might impact setup slack and result in more difficult timing closure
Related violations: <none>

TIMING-15#821 Warning
Large hold violation  
There is a large clock skew of 1.597 ns between ap_rst_n (clocked by ap_clk) and grp_run_fu_161/grp_runController_fu_106/grp_runQueryTile_fu_142/distributeQueryTile_U0/grp_distributeQueryTile_Pipeline_VITIS_LOOP_501_3_VITIS_LOOP_506_4_VITIS_LOOP_507_5_fu_220/ap_enable_reg_pp0_iter35_reg/R (clocked by ap_clk) that results in large hold timing violation(s) of -1.567 ns. Fixing large hold violations during routing might impact setup slack and result in more difficult timing closure
Related violations: <none>

TIMING-15#822 Warning
Large hold violation  
There is a large clock skew of 1.597 ns between ap_rst_n (clocked by ap_clk) and grp_run_fu_161/grp_runController_fu_106/grp_runQueryTile_fu_142/header_query_base_c_U/mOutPtr_reg[0]/R (clocked by ap_clk) that results in large hold timing violation(s) of -1.567 ns. Fixing large hold violations during routing might impact setup slack and result in more difficult timing closure
Related violations: <none>

TIMING-15#823 Warning
Large hold violation  
There is a large clock skew of 1.597 ns between ap_rst_n (clocked by ap_clk) and grp_run_fu_161/grp_runController_fu_106/grp_runQueryTile_fu_142/header_query_base_c_U/mOutPtr_reg[1]/R (clocked by ap_clk) that results in large hold timing violation(s) of -1.567 ns. Fixing large hold violations during routing might impact setup slack and result in more difficult timing closure
Related violations: <none>

TIMING-15#824 Warning
Large hold violation  
There is a large clock skew of 1.597 ns between ap_rst_n (clocked by ap_clk) and grp_run_fu_161/grp_runController_fu_106/grp_runQueryTile_fu_142/header_query_base_c_U/mOutPtr_reg[2]/R (clocked by ap_clk) that results in large hold timing violation(s) of -1.567 ns. Fixing large hold violations during routing might impact setup slack and result in more difficult timing closure
Related violations: <none>

TIMING-15#825 Warning
Large hold violation  
There is a large clock skew of 1.597 ns between s_axi_control_ARADDR[1] (clocked by ap_clk) and control_s_axi_U/rdata_reg[3]/D (clocked by ap_clk) that results in large hold timing violation(s) of -1.613 ns. Fixing large hold violations during routing might impact setup slack and result in more difficult timing closure
Related violations: <none>

TIMING-15#826 Warning
Large hold violation  
There is a large clock skew of 1.597 ns between s_axi_control_WDATA[0] (clocked by ap_clk) and control_s_axi_U/int_gie_reg/D (clocked by ap_clk) that results in large hold timing violation(s) of -1.556 ns. Fixing large hold violations during routing might impact setup slack and result in more difficult timing closure
Related violations: <none>

TIMING-15#827 Warning
Large hold violation  
There is a large clock skew of 1.597 ns between s_axi_control_WDATA[1] (clocked by ap_clk) and control_s_axi_U/int_ier_reg[1]/D (clocked by ap_clk) that results in large hold timing violation(s) of -1.643 ns. Fixing large hold violations during routing might impact setup slack and result in more difficult timing closure
Related violations: <none>

TIMING-15#828 Warning
Large hold violation  
There is a large clock skew of 1.598 ns between ap_rst_n (clocked by ap_clk) and control_s_axi_U/int_k_address_reg[17]/R (clocked by ap_clk) that results in large hold timing violation(s) of -1.568 ns. Fixing large hold violations during routing might impact setup slack and result in more difficult timing closure
Related violations: <none>

TIMING-15#829 Warning
Large hold violation  
There is a large clock skew of 1.598 ns between ap_rst_n (clocked by ap_clk) and control_s_axi_U/int_k_address_reg[19]/R (clocked by ap_clk) that results in large hold timing violation(s) of -1.568 ns. Fixing large hold violations during routing might impact setup slack and result in more difficult timing closure
Related violations: <none>

TIMING-15#830 Warning
Large hold violation  
There is a large clock skew of 1.598 ns between ap_rst_n (clocked by ap_clk) and control_s_axi_U/int_o_address_reg[12]/R (clocked by ap_clk) that results in large hold timing violation(s) of -1.568 ns. Fixing large hold violations during routing might impact setup slack and result in more difficult timing closure
Related violations: <none>

TIMING-15#831 Warning
Large hold violation  
There is a large clock skew of 1.598 ns between ap_rst_n (clocked by ap_clk) and control_s_axi_U/int_o_address_reg[15]/R (clocked by ap_clk) that results in large hold timing violation(s) of -1.566 ns. Fixing large hold violations during routing might impact setup slack and result in more difficult timing closure
Related violations: <none>

TIMING-15#832 Warning
Large hold violation  
There is a large clock skew of 1.598 ns between ap_rst_n (clocked by ap_clk) and control_s_axi_U/int_o_address_reg[44]/R (clocked by ap_clk) that results in large hold timing violation(s) of -1.568 ns. Fixing large hold violations during routing might impact setup slack and result in more difficult timing closure
Related violations: <none>

TIMING-15#833 Warning
Large hold violation  
There is a large clock skew of 1.598 ns between ap_rst_n (clocked by ap_clk) and control_s_axi_U/int_q_address_reg[49]/R (clocked by ap_clk) that results in large hold timing violation(s) of -1.568 ns. Fixing large hold violations during routing might impact setup slack and result in more difficult timing closure
Related violations: <none>

TIMING-15#834 Warning
Large hold violation  
There is a large clock skew of 1.598 ns between ap_rst_n (clocked by ap_clk) and control_s_axi_U/int_q_address_reg[51]/R (clocked by ap_clk) that results in large hold timing violation(s) of -1.568 ns. Fixing large hold violations during routing might impact setup slack and result in more difficult timing closure
Related violations: <none>

TIMING-15#835 Warning
Large hold violation  
There is a large clock skew of 1.598 ns between ap_rst_n (clocked by ap_clk) and control_s_axi_U/int_v_address_reg[0]/R (clocked by ap_clk) that results in large hold timing violation(s) of -1.568 ns. Fixing large hold violations during routing might impact setup slack and result in more difficult timing closure
Related violations: <none>

TIMING-15#836 Warning
Large hold violation  
There is a large clock skew of 1.598 ns between ap_rst_n (clocked by ap_clk) and control_s_axi_U/int_v_address_reg[2]/R (clocked by ap_clk) that results in large hold timing violation(s) of -1.568 ns. Fixing large hold violations during routing might impact setup slack and result in more difficult timing closure
Related violations: <none>

TIMING-15#837 Warning
Large hold violation  
There is a large clock skew of 1.598 ns between ap_rst_n (clocked by ap_clk) and control_s_axi_U/int_v_address_reg[32]/R (clocked by ap_clk) that results in large hold timing violation(s) of -1.568 ns. Fixing large hold violations during routing might impact setup slack and result in more difficult timing closure
Related violations: <none>

TIMING-15#838 Warning
Large hold violation  
There is a large clock skew of 1.598 ns between ap_rst_n (clocked by ap_clk) and control_s_axi_U/int_v_address_reg[34]/R (clocked by ap_clk) that results in large hold timing violation(s) of -1.568 ns. Fixing large hold violations during routing might impact setup slack and result in more difficult timing closure
Related violations: <none>

TIMING-15#839 Warning
Large hold violation  
There is a large clock skew of 1.598 ns between ap_rst_n (clocked by ap_clk) and control_s_axi_U/int_v_address_reg[47]/R (clocked by ap_clk) that results in large hold timing violation(s) of -1.566 ns. Fixing large hold violations during routing might impact setup slack and result in more difficult timing closure
Related violations: <none>

TIMING-15#840 Warning
Large hold violation  
There is a large clock skew of 1.598 ns between ap_rst_n (clocked by ap_clk) and grp_run_fu_161/grp_runController_fu_106/grp_runQueryTile_fu_142/distributeQueryTile_U0/ap_CS_fsm_reg[0]/S (clocked by ap_clk) that results in large hold timing violation(s) of -1.566 ns. Fixing large hold violations during routing might impact setup slack and result in more difficult timing closure
Related violations: <none>

TIMING-15#841 Warning
Large hold violation  
There is a large clock skew of 1.598 ns between ap_rst_n (clocked by ap_clk) and grp_run_fu_161/grp_runController_fu_106/grp_runQueryTile_fu_142/distributeQueryTile_U0/grp_distributeQueryTile_Pipeline_VITIS_LOOP_501_3_VITIS_LOOP_506_4_VITIS_LOOP_507_5_fu_220/ap_enable_reg_pp0_iter41_reg/R (clocked by ap_clk) that results in large hold timing violation(s) of -1.568 ns. Fixing large hold violations during routing might impact setup slack and result in more difficult timing closure
Related violations: <none>

TIMING-15#842 Warning
Large hold violation  
There is a large clock skew of 1.598 ns between s_axi_control_WDATA[0] (clocked by ap_clk) and control_s_axi_U/int_v_address_reg[0]/D (clocked by ap_clk) that results in large hold timing violation(s) of -1.598 ns. Fixing large hold violations during routing might impact setup slack and result in more difficult timing closure
Related violations: <none>

TIMING-15#843 Warning
Large hold violation  
There is a large clock skew of 1.598 ns between s_axi_control_WDATA[0] (clocked by ap_clk) and control_s_axi_U/int_v_address_reg[32]/D (clocked by ap_clk) that results in large hold timing violation(s) of -1.619 ns. Fixing large hold violations during routing might impact setup slack and result in more difficult timing closure
Related violations: <none>

TIMING-15#844 Warning
Large hold violation  
There is a large clock skew of 1.598 ns between s_axi_control_WDATA[12] (clocked by ap_clk) and control_s_axi_U/int_o_address_reg[12]/D (clocked by ap_clk) that results in large hold timing violation(s) of -1.598 ns. Fixing large hold violations during routing might impact setup slack and result in more difficult timing closure
Related violations: <none>

TIMING-15#845 Warning
Large hold violation  
There is a large clock skew of 1.598 ns between s_axi_control_WDATA[12] (clocked by ap_clk) and control_s_axi_U/int_o_address_reg[44]/D (clocked by ap_clk) that results in large hold timing violation(s) of -1.619 ns. Fixing large hold violations during routing might impact setup slack and result in more difficult timing closure
Related violations: <none>

TIMING-15#846 Warning
Large hold violation  
There is a large clock skew of 1.598 ns between s_axi_control_WDATA[15] (clocked by ap_clk) and control_s_axi_U/int_o_address_reg[15]/D (clocked by ap_clk) that results in large hold timing violation(s) of -1.591 ns. Fixing large hold violations during routing might impact setup slack and result in more difficult timing closure
Related violations: <none>

TIMING-15#847 Warning
Large hold violation  
There is a large clock skew of 1.598 ns between s_axi_control_WDATA[15] (clocked by ap_clk) and control_s_axi_U/int_v_address_reg[47]/D (clocked by ap_clk) that results in large hold timing violation(s) of -1.617 ns. Fixing large hold violations during routing might impact setup slack and result in more difficult timing closure
Related violations: <none>

TIMING-15#848 Warning
Large hold violation  
There is a large clock skew of 1.598 ns between s_axi_control_WDATA[17] (clocked by ap_clk) and control_s_axi_U/int_k_address_reg[17]/D (clocked by ap_clk) that results in large hold timing violation(s) of -1.598 ns. Fixing large hold violations during routing might impact setup slack and result in more difficult timing closure
Related violations: <none>

TIMING-15#849 Warning
Large hold violation  
There is a large clock skew of 1.598 ns between s_axi_control_WDATA[17] (clocked by ap_clk) and control_s_axi_U/int_q_address_reg[49]/D (clocked by ap_clk) that results in large hold timing violation(s) of -1.619 ns. Fixing large hold violations during routing might impact setup slack and result in more difficult timing closure
Related violations: <none>

TIMING-15#850 Warning
Large hold violation  
There is a large clock skew of 1.598 ns between s_axi_control_WDATA[19] (clocked by ap_clk) and control_s_axi_U/int_k_address_reg[19]/D (clocked by ap_clk) that results in large hold timing violation(s) of -1.601 ns. Fixing large hold violations during routing might impact setup slack and result in more difficult timing closure
Related violations: <none>

TIMING-15#851 Warning
Large hold violation  
There is a large clock skew of 1.598 ns between s_axi_control_WDATA[19] (clocked by ap_clk) and control_s_axi_U/int_q_address_reg[51]/D (clocked by ap_clk) that results in large hold timing violation(s) of -1.619 ns. Fixing large hold violations during routing might impact setup slack and result in more difficult timing closure
Related violations: <none>

TIMING-15#852 Warning
Large hold violation  
There is a large clock skew of 1.598 ns between s_axi_control_WDATA[2] (clocked by ap_clk) and control_s_axi_U/int_v_address_reg[2]/D (clocked by ap_clk) that results in large hold timing violation(s) of -1.601 ns. Fixing large hold violations during routing might impact setup slack and result in more difficult timing closure
Related violations: <none>

TIMING-15#853 Warning
Large hold violation  
There is a large clock skew of 1.598 ns between s_axi_control_WDATA[2] (clocked by ap_clk) and control_s_axi_U/int_v_address_reg[34]/D (clocked by ap_clk) that results in large hold timing violation(s) of -1.619 ns. Fixing large hold violations during routing might impact setup slack and result in more difficult timing closure
Related violations: <none>

TIMING-15#854 Warning
Large hold violation  
There is a large clock skew of 1.599 ns between ap_rst_n (clocked by ap_clk) and control_s_axi_U/int_k_address_reg[7]/R (clocked by ap_clk) that results in large hold timing violation(s) of -1.569 ns. Fixing large hold violations during routing might impact setup slack and result in more difficult timing closure
Related violations: <none>

TIMING-15#855 Warning
Large hold violation  
There is a large clock skew of 1.599 ns between ap_rst_n (clocked by ap_clk) and control_s_axi_U/int_o_address_reg[19]/R (clocked by ap_clk) that results in large hold timing violation(s) of -1.569 ns. Fixing large hold violations during routing might impact setup slack and result in more difficult timing closure
Related violations: <none>

TIMING-15#856 Warning
Large hold violation  
There is a large clock skew of 1.599 ns between ap_rst_n (clocked by ap_clk) and control_s_axi_U/int_o_address_reg[36]/R (clocked by ap_clk) that results in large hold timing violation(s) of -1.569 ns. Fixing large hold violations during routing might impact setup slack and result in more difficult timing closure
Related violations: <none>

TIMING-15#857 Warning
Large hold violation  
There is a large clock skew of 1.599 ns between ap_rst_n (clocked by ap_clk) and control_s_axi_U/int_o_address_reg[38]/R (clocked by ap_clk) that results in large hold timing violation(s) of -1.569 ns. Fixing large hold violations during routing might impact setup slack and result in more difficult timing closure
Related violations: <none>

TIMING-15#858 Warning
Large hold violation  
There is a large clock skew of 1.599 ns between ap_rst_n (clocked by ap_clk) and control_s_axi_U/int_o_address_reg[39]/R (clocked by ap_clk) that results in large hold timing violation(s) of -1.569 ns. Fixing large hold violations during routing might impact setup slack and result in more difficult timing closure
Related violations: <none>

TIMING-15#859 Warning
Large hold violation  
There is a large clock skew of 1.599 ns between ap_rst_n (clocked by ap_clk) and control_s_axi_U/int_o_address_reg[41]/R (clocked by ap_clk) that results in large hold timing violation(s) of -1.569 ns. Fixing large hold violations during routing might impact setup slack and result in more difficult timing closure
Related violations: <none>

TIMING-15#860 Warning
Large hold violation  
There is a large clock skew of 1.599 ns between ap_rst_n (clocked by ap_clk) and control_s_axi_U/int_o_address_reg[4]/R (clocked by ap_clk) that results in large hold timing violation(s) of -1.569 ns. Fixing large hold violations during routing might impact setup slack and result in more difficult timing closure
Related violations: <none>

TIMING-15#861 Warning
Large hold violation  
There is a large clock skew of 1.599 ns between ap_rst_n (clocked by ap_clk) and control_s_axi_U/int_o_address_reg[6]/R (clocked by ap_clk) that results in large hold timing violation(s) of -1.569 ns. Fixing large hold violations during routing might impact setup slack and result in more difficult timing closure
Related violations: <none>

TIMING-15#862 Warning
Large hold violation  
There is a large clock skew of 1.599 ns between ap_rst_n (clocked by ap_clk) and control_s_axi_U/int_q_address_reg[39]/R (clocked by ap_clk) that results in large hold timing violation(s) of -1.569 ns. Fixing large hold violations during routing might impact setup slack and result in more difficult timing closure
Related violations: <none>

TIMING-15#863 Warning
Large hold violation  
There is a large clock skew of 1.599 ns between ap_rst_n (clocked by ap_clk) and control_s_axi_U/int_sequence_length_reg[7]/R (clocked by ap_clk) that results in large hold timing violation(s) of -1.569 ns. Fixing large hold violations during routing might impact setup slack and result in more difficult timing closure
Related violations: <none>

TIMING-15#864 Warning
Large hold violation  
There is a large clock skew of 1.599 ns between ap_rst_n (clocked by ap_clk) and control_s_axi_U/int_sequence_length_reg[9]/R (clocked by ap_clk) that results in large hold timing violation(s) of -1.569 ns. Fixing large hold violations during routing might impact setup slack and result in more difficult timing closure
Related violations: <none>

TIMING-15#865 Warning
Large hold violation  
There is a large clock skew of 1.599 ns between ap_rst_n (clocked by ap_clk) and control_s_axi_U/int_v_address_reg[51]/R (clocked by ap_clk) that results in large hold timing violation(s) of -1.569 ns. Fixing large hold violations during routing might impact setup slack and result in more difficult timing closure
Related violations: <none>

TIMING-15#866 Warning
Large hold violation  
There is a large clock skew of 1.599 ns between ap_rst_n (clocked by ap_clk) and grp_run_fu_161/grp_runController_fu_106/ap_CS_fsm_reg[0]/S (clocked by ap_clk) that results in large hold timing violation(s) of -1.569 ns. Fixing large hold violations during routing might impact setup slack and result in more difficult timing closure
Related violations: <none>

TIMING-15#867 Warning
Large hold violation  
There is a large clock skew of 1.599 ns between ap_rst_n (clocked by ap_clk) and grp_run_fu_161/grp_runController_fu_106/grp_runQueryTile_fu_142/distributeQueryTile_U0/grp_distributeQueryTile_Pipeline_VITIS_LOOP_501_3_VITIS_LOOP_506_4_VITIS_LOOP_507_5_fu_220/ap_enable_reg_pp0_iter36_reg/R (clocked by ap_clk) that results in large hold timing violation(s) of -1.569 ns. Fixing large hold violations during routing might impact setup slack and result in more difficult timing closure
Related violations: <none>

TIMING-15#868 Warning
Large hold violation  
There is a large clock skew of 1.599 ns between ap_rst_n (clocked by ap_clk) and grp_run_fu_161/grp_runController_fu_106/grp_runQueryTile_fu_142/distributeQueryTile_U0/grp_distributeQueryTile_Pipeline_VITIS_LOOP_501_3_VITIS_LOOP_506_4_VITIS_LOOP_507_5_fu_220/ap_enable_reg_pp0_iter4_reg/R (clocked by ap_clk) that results in large hold timing violation(s) of -1.569 ns. Fixing large hold violations during routing might impact setup slack and result in more difficult timing closure
Related violations: <none>

TIMING-15#869 Warning
Large hold violation  
There is a large clock skew of 1.599 ns between s_axi_control_WDATA[19] (clocked by ap_clk) and control_s_axi_U/int_o_address_reg[19]/D (clocked by ap_clk) that results in large hold timing violation(s) of -1.599 ns. Fixing large hold violations during routing might impact setup slack and result in more difficult timing closure
Related violations: <none>

TIMING-15#870 Warning
Large hold violation  
There is a large clock skew of 1.599 ns between s_axi_control_WDATA[19] (clocked by ap_clk) and control_s_axi_U/int_v_address_reg[51]/D (clocked by ap_clk) that results in large hold timing violation(s) of -1.620 ns. Fixing large hold violations during routing might impact setup slack and result in more difficult timing closure
Related violations: <none>

TIMING-15#871 Warning
Large hold violation  
There is a large clock skew of 1.599 ns between s_axi_control_WDATA[4] (clocked by ap_clk) and control_s_axi_U/int_o_address_reg[36]/D (clocked by ap_clk) that results in large hold timing violation(s) of -1.599 ns. Fixing large hold violations during routing might impact setup slack and result in more difficult timing closure
Related violations: <none>

TIMING-15#872 Warning
Large hold violation  
There is a large clock skew of 1.599 ns between s_axi_control_WDATA[4] (clocked by ap_clk) and control_s_axi_U/int_o_address_reg[4]/D (clocked by ap_clk) that results in large hold timing violation(s) of -1.620 ns. Fixing large hold violations during routing might impact setup slack and result in more difficult timing closure
Related violations: <none>

TIMING-15#873 Warning
Large hold violation  
There is a large clock skew of 1.599 ns between s_axi_control_WDATA[6] (clocked by ap_clk) and control_s_axi_U/int_o_address_reg[38]/D (clocked by ap_clk) that results in large hold timing violation(s) of -1.602 ns. Fixing large hold violations during routing might impact setup slack and result in more difficult timing closure
Related violations: <none>

TIMING-15#874 Warning
Large hold violation  
There is a large clock skew of 1.599 ns between s_axi_control_WDATA[6] (clocked by ap_clk) and control_s_axi_U/int_o_address_reg[6]/D (clocked by ap_clk) that results in large hold timing violation(s) of -1.620 ns. Fixing large hold violations during routing might impact setup slack and result in more difficult timing closure
Related violations: <none>

TIMING-15#875 Warning
Large hold violation  
There is a large clock skew of 1.599 ns between s_axi_control_WDATA[7] (clocked by ap_clk) and control_s_axi_U/int_k_address_reg[7]/D (clocked by ap_clk) that results in large hold timing violation(s) of -1.599 ns. Fixing large hold violations during routing might impact setup slack and result in more difficult timing closure
Related violations: <none>

TIMING-15#876 Warning
Large hold violation  
There is a large clock skew of 1.599 ns between s_axi_control_WDATA[7] (clocked by ap_clk) and control_s_axi_U/int_o_address_reg[39]/D (clocked by ap_clk) that results in large hold timing violation(s) of -1.602 ns. Fixing large hold violations during routing might impact setup slack and result in more difficult timing closure
Related violations: <none>

TIMING-15#877 Warning
Large hold violation  
There is a large clock skew of 1.599 ns between s_axi_control_WDATA[7] (clocked by ap_clk) and control_s_axi_U/int_q_address_reg[39]/D (clocked by ap_clk) that results in large hold timing violation(s) of -1.620 ns. Fixing large hold violations during routing might impact setup slack and result in more difficult timing closure
Related violations: <none>

TIMING-15#878 Warning
Large hold violation  
There is a large clock skew of 1.599 ns between s_axi_control_WDATA[7] (clocked by ap_clk) and control_s_axi_U/int_sequence_length_reg[7]/D (clocked by ap_clk) that results in large hold timing violation(s) of -1.620 ns. Fixing large hold violations during routing might impact setup slack and result in more difficult timing closure
Related violations: <none>

TIMING-15#879 Warning
Large hold violation  
There is a large clock skew of 1.599 ns between s_axi_control_WDATA[9] (clocked by ap_clk) and control_s_axi_U/int_o_address_reg[41]/D (clocked by ap_clk) that results in large hold timing violation(s) of -1.600 ns. Fixing large hold violations during routing might impact setup slack and result in more difficult timing closure
Related violations: <none>

TIMING-15#880 Warning
Large hold violation  
There is a large clock skew of 1.599 ns between s_axi_control_WDATA[9] (clocked by ap_clk) and control_s_axi_U/int_sequence_length_reg[9]/D (clocked by ap_clk) that results in large hold timing violation(s) of -1.620 ns. Fixing large hold violations during routing might impact setup slack and result in more difficult timing closure
Related violations: <none>

TIMING-15#881 Warning
Large hold violation  
There is a large clock skew of 1.600 ns between ap_rst_n (clocked by ap_clk) and control_s_axi_U/int_k_address_reg[35]/R (clocked by ap_clk) that results in large hold timing violation(s) of -1.570 ns. Fixing large hold violations during routing might impact setup slack and result in more difficult timing closure
Related violations: <none>

TIMING-15#882 Warning
Large hold violation  
There is a large clock skew of 1.600 ns between ap_rst_n (clocked by ap_clk) and control_s_axi_U/int_k_address_reg[39]/R (clocked by ap_clk) that results in large hold timing violation(s) of -1.570 ns. Fixing large hold violations during routing might impact setup slack and result in more difficult timing closure
Related violations: <none>

TIMING-15#883 Warning
Large hold violation  
There is a large clock skew of 1.600 ns between ap_rst_n (clocked by ap_clk) and control_s_axi_U/int_k_address_reg[45]/R (clocked by ap_clk) that results in large hold timing violation(s) of -1.568 ns. Fixing large hold violations during routing might impact setup slack and result in more difficult timing closure
Related violations: <none>

TIMING-15#884 Warning
Large hold violation  
There is a large clock skew of 1.600 ns between ap_rst_n (clocked by ap_clk) and control_s_axi_U/int_k_address_reg[47]/R (clocked by ap_clk) that results in large hold timing violation(s) of -1.568 ns. Fixing large hold violations during routing might impact setup slack and result in more difficult timing closure
Related violations: <none>

TIMING-15#885 Warning
Large hold violation  
There is a large clock skew of 1.600 ns between ap_rst_n (clocked by ap_clk) and control_s_axi_U/int_k_address_reg[51]/R (clocked by ap_clk) that results in large hold timing violation(s) of -1.568 ns. Fixing large hold violations during routing might impact setup slack and result in more difficult timing closure
Related violations: <none>

TIMING-15#886 Warning
Large hold violation  
There is a large clock skew of 1.600 ns between ap_rst_n (clocked by ap_clk) and control_s_axi_U/int_k_address_reg[55]/R (clocked by ap_clk) that results in large hold timing violation(s) of -1.568 ns. Fixing large hold violations during routing might impact setup slack and result in more difficult timing closure
Related violations: <none>

TIMING-15#887 Warning
Large hold violation  
There is a large clock skew of 1.600 ns between ap_rst_n (clocked by ap_clk) and control_s_axi_U/int_v_address_reg[13]/R (clocked by ap_clk) that results in large hold timing violation(s) of -1.568 ns. Fixing large hold violations during routing might impact setup slack and result in more difficult timing closure
Related violations: <none>

TIMING-15#888 Warning
Large hold violation  
There is a large clock skew of 1.600 ns between ap_rst_n (clocked by ap_clk) and control_s_axi_U/int_v_address_reg[15]/R (clocked by ap_clk) that results in large hold timing violation(s) of -1.568 ns. Fixing large hold violations during routing might impact setup slack and result in more difficult timing closure
Related violations: <none>

TIMING-15#889 Warning
Large hold violation  
There is a large clock skew of 1.600 ns between ap_rst_n (clocked by ap_clk) and control_s_axi_U/int_v_address_reg[19]/R (clocked by ap_clk) that results in large hold timing violation(s) of -1.568 ns. Fixing large hold violations during routing might impact setup slack and result in more difficult timing closure
Related violations: <none>

TIMING-15#890 Warning
Large hold violation  
There is a large clock skew of 1.600 ns between ap_rst_n (clocked by ap_clk) and control_s_axi_U/int_v_address_reg[23]/R (clocked by ap_clk) that results in large hold timing violation(s) of -1.568 ns. Fixing large hold violations during routing might impact setup slack and result in more difficult timing closure
Related violations: <none>

TIMING-15#891 Warning
Large hold violation  
There is a large clock skew of 1.600 ns between ap_rst_n (clocked by ap_clk) and control_s_axi_U/int_v_address_reg[3]/R (clocked by ap_clk) that results in large hold timing violation(s) of -1.570 ns. Fixing large hold violations during routing might impact setup slack and result in more difficult timing closure
Related violations: <none>

TIMING-15#892 Warning
Large hold violation  
There is a large clock skew of 1.600 ns between ap_rst_n (clocked by ap_clk) and control_s_axi_U/int_v_address_reg[7]/R (clocked by ap_clk) that results in large hold timing violation(s) of -1.570 ns. Fixing large hold violations during routing might impact setup slack and result in more difficult timing closure
Related violations: <none>

TIMING-15#893 Warning
Large hold violation  
There is a large clock skew of 1.600 ns between s_axi_control_WDATA[13] (clocked by ap_clk) and control_s_axi_U/int_k_address_reg[45]/D (clocked by ap_clk) that results in large hold timing violation(s) of -1.593 ns. Fixing large hold violations during routing might impact setup slack and result in more difficult timing closure
Related violations: <none>

TIMING-15#894 Warning
Large hold violation  
There is a large clock skew of 1.600 ns between s_axi_control_WDATA[13] (clocked by ap_clk) and control_s_axi_U/int_v_address_reg[13]/D (clocked by ap_clk) that results in large hold timing violation(s) of -1.619 ns. Fixing large hold violations during routing might impact setup slack and result in more difficult timing closure
Related violations: <none>

TIMING-15#895 Warning
Large hold violation  
There is a large clock skew of 1.600 ns between s_axi_control_WDATA[15] (clocked by ap_clk) and control_s_axi_U/int_k_address_reg[47]/D (clocked by ap_clk) that results in large hold timing violation(s) of -1.595 ns. Fixing large hold violations during routing might impact setup slack and result in more difficult timing closure
Related violations: <none>

TIMING-15#896 Warning
Large hold violation  
There is a large clock skew of 1.600 ns between s_axi_control_WDATA[15] (clocked by ap_clk) and control_s_axi_U/int_v_address_reg[15]/D (clocked by ap_clk) that results in large hold timing violation(s) of -1.616 ns. Fixing large hold violations during routing might impact setup slack and result in more difficult timing closure
Related violations: <none>

TIMING-15#897 Warning
Large hold violation  
There is a large clock skew of 1.600 ns between s_axi_control_WDATA[19] (clocked by ap_clk) and control_s_axi_U/int_k_address_reg[51]/D (clocked by ap_clk) that results in large hold timing violation(s) of -1.590 ns. Fixing large hold violations during routing might impact setup slack and result in more difficult timing closure
Related violations: <none>

TIMING-15#898 Warning
Large hold violation  
There is a large clock skew of 1.600 ns between s_axi_control_WDATA[19] (clocked by ap_clk) and control_s_axi_U/int_v_address_reg[19]/D (clocked by ap_clk) that results in large hold timing violation(s) of -1.610 ns. Fixing large hold violations during routing might impact setup slack and result in more difficult timing closure
Related violations: <none>

TIMING-15#899 Warning
Large hold violation  
There is a large clock skew of 1.600 ns between s_axi_control_WDATA[23] (clocked by ap_clk) and control_s_axi_U/int_k_address_reg[55]/D (clocked by ap_clk) that results in large hold timing violation(s) of -1.599 ns. Fixing large hold violations during routing might impact setup slack and result in more difficult timing closure
Related violations: <none>

TIMING-15#900 Warning
Large hold violation  
There is a large clock skew of 1.600 ns between s_axi_control_WDATA[23] (clocked by ap_clk) and control_s_axi_U/int_v_address_reg[23]/D (clocked by ap_clk) that results in large hold timing violation(s) of -1.615 ns. Fixing large hold violations during routing might impact setup slack and result in more difficult timing closure
Related violations: <none>

TIMING-15#901 Warning
Large hold violation  
There is a large clock skew of 1.600 ns between s_axi_control_WDATA[3] (clocked by ap_clk) and control_s_axi_U/int_k_address_reg[35]/D (clocked by ap_clk) that results in large hold timing violation(s) of -1.603 ns. Fixing large hold violations during routing might impact setup slack and result in more difficult timing closure
Related violations: <none>

TIMING-15#902 Warning
Large hold violation  
There is a large clock skew of 1.600 ns between s_axi_control_WDATA[3] (clocked by ap_clk) and control_s_axi_U/int_v_address_reg[3]/D (clocked by ap_clk) that results in large hold timing violation(s) of -1.621 ns. Fixing large hold violations during routing might impact setup slack and result in more difficult timing closure
Related violations: <none>

TIMING-15#903 Warning
Large hold violation  
There is a large clock skew of 1.600 ns between s_axi_control_WDATA[7] (clocked by ap_clk) and control_s_axi_U/int_k_address_reg[39]/D (clocked by ap_clk) that results in large hold timing violation(s) of -1.601 ns. Fixing large hold violations during routing might impact setup slack and result in more difficult timing closure
Related violations: <none>

TIMING-15#904 Warning
Large hold violation  
There is a large clock skew of 1.600 ns between s_axi_control_WDATA[7] (clocked by ap_clk) and control_s_axi_U/int_v_address_reg[7]/D (clocked by ap_clk) that results in large hold timing violation(s) of -1.621 ns. Fixing large hold violations during routing might impact setup slack and result in more difficult timing closure
Related violations: <none>

TIMING-15#905 Warning
Large hold violation  
There is a large clock skew of 1.601 ns between ap_rst_n (clocked by ap_clk) and control_s_axi_U/int_o_address_reg[10]/R (clocked by ap_clk) that results in large hold timing violation(s) of -1.571 ns. Fixing large hold violations during routing might impact setup slack and result in more difficult timing closure
Related violations: <none>

TIMING-15#906 Warning
Large hold violation  
There is a large clock skew of 1.601 ns between ap_rst_n (clocked by ap_clk) and control_s_axi_U/int_o_address_reg[42]/R (clocked by ap_clk) that results in large hold timing violation(s) of -1.571 ns. Fixing large hold violations during routing might impact setup slack and result in more difficult timing closure
Related violations: <none>

TIMING-15#907 Warning
Large hold violation  
There is a large clock skew of 1.601 ns between ap_rst_n (clocked by ap_clk) and control_s_axi_U/int_o_address_reg[5]/R (clocked by ap_clk) that results in large hold timing violation(s) of -1.571 ns. Fixing large hold violations during routing might impact setup slack and result in more difficult timing closure
Related violations: <none>

TIMING-15#908 Warning
Large hold violation  
There is a large clock skew of 1.601 ns between ap_rst_n (clocked by ap_clk) and control_s_axi_U/int_v_address_reg[37]/R (clocked by ap_clk) that results in large hold timing violation(s) of -1.571 ns. Fixing large hold violations during routing might impact setup slack and result in more difficult timing closure
Related violations: <none>

TIMING-15#909 Warning
Large hold violation  
There is a large clock skew of 1.601 ns between ap_rst_n (clocked by ap_clk) and grp_run_fu_161/grp_runController_fu_106/grp_runQueryTile_fu_142/distributeQueryTile_U0/grp_distributeQueryTile_Pipeline_VITIS_LOOP_501_3_VITIS_LOOP_506_4_VITIS_LOOP_507_5_fu_220/ap_enable_reg_pp0_iter37_reg/R (clocked by ap_clk) that results in large hold timing violation(s) of -1.571 ns. Fixing large hold violations during routing might impact setup slack and result in more difficult timing closure
Related violations: <none>

TIMING-15#910 Warning
Large hold violation  
There is a large clock skew of 1.601 ns between ap_rst_n (clocked by ap_clk) and grp_run_fu_161/grp_runController_fu_106/grp_runQueryTile_fu_142/distributeQueryTile_U0/grp_distributeQueryTile_Pipeline_VITIS_LOOP_501_3_VITIS_LOOP_506_4_VITIS_LOOP_507_5_fu_220/ap_enable_reg_pp0_iter38_reg/R (clocked by ap_clk) that results in large hold timing violation(s) of -1.571 ns. Fixing large hold violations during routing might impact setup slack and result in more difficult timing closure
Related violations: <none>

TIMING-15#911 Warning
Large hold violation  
There is a large clock skew of 1.601 ns between s_axi_control_WDATA[10] (clocked by ap_clk) and control_s_axi_U/int_o_address_reg[10]/D (clocked by ap_clk) that results in large hold timing violation(s) of -1.601 ns. Fixing large hold violations during routing might impact setup slack and result in more difficult timing closure
Related violations: <none>

TIMING-15#912 Warning
Large hold violation  
There is a large clock skew of 1.601 ns between s_axi_control_WDATA[10] (clocked by ap_clk) and control_s_axi_U/int_o_address_reg[42]/D (clocked by ap_clk) that results in large hold timing violation(s) of -1.622 ns. Fixing large hold violations during routing might impact setup slack and result in more difficult timing closure
Related violations: <none>

TIMING-15#913 Warning
Large hold violation  
There is a large clock skew of 1.601 ns between s_axi_control_WDATA[5] (clocked by ap_clk) and control_s_axi_U/int_o_address_reg[5]/D (clocked by ap_clk) that results in large hold timing violation(s) of -1.601 ns. Fixing large hold violations during routing might impact setup slack and result in more difficult timing closure
Related violations: <none>

TIMING-15#914 Warning
Large hold violation  
There is a large clock skew of 1.601 ns between s_axi_control_WDATA[5] (clocked by ap_clk) and control_s_axi_U/int_v_address_reg[37]/D (clocked by ap_clk) that results in large hold timing violation(s) of -1.622 ns. Fixing large hold violations during routing might impact setup slack and result in more difficult timing closure
Related violations: <none>

TIMING-15#915 Warning
Large hold violation  
There is a large clock skew of 1.602 ns between ap_rst_n (clocked by ap_clk) and control_s_axi_U/int_o_address_reg[11]/R (clocked by ap_clk) that results in large hold timing violation(s) of -1.572 ns. Fixing large hold violations during routing might impact setup slack and result in more difficult timing closure
Related violations: <none>

TIMING-15#916 Warning
Large hold violation  
There is a large clock skew of 1.602 ns between ap_rst_n (clocked by ap_clk) and control_s_axi_U/int_o_address_reg[13]/R (clocked by ap_clk) that results in large hold timing violation(s) of -1.570 ns. Fixing large hold violations during routing might impact setup slack and result in more difficult timing closure
Related violations: <none>

TIMING-15#917 Warning
Large hold violation  
There is a large clock skew of 1.602 ns between ap_rst_n (clocked by ap_clk) and control_s_axi_U/int_o_address_reg[7]/R (clocked by ap_clk) that results in large hold timing violation(s) of -1.570 ns. Fixing large hold violations during routing might impact setup slack and result in more difficult timing closure
Related violations: <none>

TIMING-15#918 Warning
Large hold violation  
There is a large clock skew of 1.602 ns between ap_rst_n (clocked by ap_clk) and control_s_axi_U/int_v_address_reg[39]/R (clocked by ap_clk) that results in large hold timing violation(s) of -1.570 ns. Fixing large hold violations during routing might impact setup slack and result in more difficult timing closure
Related violations: <none>

TIMING-15#919 Warning
Large hold violation  
There is a large clock skew of 1.602 ns between ap_rst_n (clocked by ap_clk) and control_s_axi_U/int_v_address_reg[43]/R (clocked by ap_clk) that results in large hold timing violation(s) of -1.572 ns. Fixing large hold violations during routing might impact setup slack and result in more difficult timing closure
Related violations: <none>

TIMING-15#920 Warning
Large hold violation  
There is a large clock skew of 1.602 ns between ap_rst_n (clocked by ap_clk) and control_s_axi_U/int_v_address_reg[45]/R (clocked by ap_clk) that results in large hold timing violation(s) of -1.570 ns. Fixing large hold violations during routing might impact setup slack and result in more difficult timing closure
Related violations: <none>

TIMING-15#921 Warning
Large hold violation  
There is a large clock skew of 1.602 ns between ap_rst_n (clocked by ap_clk) and grp_run_fu_161/grp_runController_fu_106/grp_runQueryTile_fu_142/distributeQueryTile_U0/grp_distributeQueryTile_Pipeline_VITIS_LOOP_501_3_VITIS_LOOP_506_4_VITIS_LOOP_507_5_fu_220/ap_enable_reg_pp0_iter39_reg/R (clocked by ap_clk) that results in large hold timing violation(s) of -1.572 ns. Fixing large hold violations during routing might impact setup slack and result in more difficult timing closure
Related violations: <none>

TIMING-15#922 Warning
Large hold violation  
There is a large clock skew of 1.602 ns between ap_rst_n (clocked by ap_clk) and grp_run_fu_161/grp_runController_fu_106/grp_runQueryTile_fu_142/distributeQueryTile_U0/grp_distributeQueryTile_Pipeline_VITIS_LOOP_501_3_VITIS_LOOP_506_4_VITIS_LOOP_507_5_fu_220/ap_enable_reg_pp0_iter40_reg/R (clocked by ap_clk) that results in large hold timing violation(s) of -1.572 ns. Fixing large hold violations during routing might impact setup slack and result in more difficult timing closure
Related violations: <none>

TIMING-15#923 Warning
Large hold violation  
There is a large clock skew of 1.602 ns between s_axi_control_WDATA[11] (clocked by ap_clk) and control_s_axi_U/int_o_address_reg[11]/D (clocked by ap_clk) that results in large hold timing violation(s) of -1.602 ns. Fixing large hold violations during routing might impact setup slack and result in more difficult timing closure
Related violations: <none>

TIMING-15#924 Warning
Large hold violation  
There is a large clock skew of 1.602 ns between s_axi_control_WDATA[11] (clocked by ap_clk) and control_s_axi_U/int_v_address_reg[43]/D (clocked by ap_clk) that results in large hold timing violation(s) of -1.623 ns. Fixing large hold violations during routing might impact setup slack and result in more difficult timing closure
Related violations: <none>

TIMING-15#925 Warning
Large hold violation  
There is a large clock skew of 1.602 ns between s_axi_control_WDATA[13] (clocked by ap_clk) and control_s_axi_U/int_o_address_reg[13]/D (clocked by ap_clk) that results in large hold timing violation(s) of -1.595 ns. Fixing large hold violations during routing might impact setup slack and result in more difficult timing closure
Related violations: <none>

TIMING-15#926 Warning
Large hold violation  
There is a large clock skew of 1.602 ns between s_axi_control_WDATA[13] (clocked by ap_clk) and control_s_axi_U/int_v_address_reg[45]/D (clocked by ap_clk) that results in large hold timing violation(s) of -1.621 ns. Fixing large hold violations during routing might impact setup slack and result in more difficult timing closure
Related violations: <none>

TIMING-15#927 Warning
Large hold violation  
There is a large clock skew of 1.602 ns between s_axi_control_WDATA[7] (clocked by ap_clk) and control_s_axi_U/int_o_address_reg[7]/D (clocked by ap_clk) that results in large hold timing violation(s) of -1.597 ns. Fixing large hold violations during routing might impact setup slack and result in more difficult timing closure
Related violations: <none>

TIMING-15#928 Warning
Large hold violation  
There is a large clock skew of 1.602 ns between s_axi_control_WDATA[7] (clocked by ap_clk) and control_s_axi_U/int_v_address_reg[39]/D (clocked by ap_clk) that results in large hold timing violation(s) of -1.618 ns. Fixing large hold violations during routing might impact setup slack and result in more difficult timing closure
Related violations: <none>

TIMING-15#929 Warning
Large hold violation  
There is a large clock skew of 1.604 ns between ap_rst_n (clocked by ap_clk) and control_s_axi_U/int_k_address_reg[33]/R (clocked by ap_clk) that results in large hold timing violation(s) of -1.572 ns. Fixing large hold violations during routing might impact setup slack and result in more difficult timing closure
Related violations: <none>

TIMING-15#930 Warning
Large hold violation  
There is a large clock skew of 1.604 ns between ap_rst_n (clocked by ap_clk) and control_s_axi_U/int_k_address_reg[37]/R (clocked by ap_clk) that results in large hold timing violation(s) of -1.572 ns. Fixing large hold violations during routing might impact setup slack and result in more difficult timing closure
Related violations: <none>

TIMING-15#931 Warning
Large hold violation  
There is a large clock skew of 1.604 ns between ap_rst_n (clocked by ap_clk) and control_s_axi_U/int_k_address_reg[41]/R (clocked by ap_clk) that results in large hold timing violation(s) of -1.572 ns. Fixing large hold violations during routing might impact setup slack and result in more difficult timing closure
Related violations: <none>

TIMING-15#932 Warning
Large hold violation  
There is a large clock skew of 1.604 ns between ap_rst_n (clocked by ap_clk) and control_s_axi_U/int_k_address_reg[43]/R (clocked by ap_clk) that results in large hold timing violation(s) of -1.572 ns. Fixing large hold violations during routing might impact setup slack and result in more difficult timing closure
Related violations: <none>

TIMING-15#933 Warning
Large hold violation  
There is a large clock skew of 1.604 ns between ap_rst_n (clocked by ap_clk) and control_s_axi_U/int_o_address_reg[16]/R (clocked by ap_clk) that results in large hold timing violation(s) of -1.574 ns. Fixing large hold violations during routing might impact setup slack and result in more difficult timing closure
Related violations: <none>

TIMING-15#934 Warning
Large hold violation  
There is a large clock skew of 1.604 ns between ap_rst_n (clocked by ap_clk) and control_s_axi_U/int_o_address_reg[48]/R (clocked by ap_clk) that results in large hold timing violation(s) of -1.574 ns. Fixing large hold violations during routing might impact setup slack and result in more difficult timing closure
Related violations: <none>

TIMING-15#935 Warning
Large hold violation  
There is a large clock skew of 1.604 ns between ap_rst_n (clocked by ap_clk) and control_s_axi_U/int_v_address_reg[11]/R (clocked by ap_clk) that results in large hold timing violation(s) of -1.572 ns. Fixing large hold violations during routing might impact setup slack and result in more difficult timing closure
Related violations: <none>

TIMING-15#936 Warning
Large hold violation  
There is a large clock skew of 1.604 ns between ap_rst_n (clocked by ap_clk) and control_s_axi_U/int_v_address_reg[1]/R (clocked by ap_clk) that results in large hold timing violation(s) of -1.572 ns. Fixing large hold violations during routing might impact setup slack and result in more difficult timing closure
Related violations: <none>

TIMING-15#937 Warning
Large hold violation  
There is a large clock skew of 1.604 ns between ap_rst_n (clocked by ap_clk) and control_s_axi_U/int_v_address_reg[5]/R (clocked by ap_clk) that results in large hold timing violation(s) of -1.572 ns. Fixing large hold violations during routing might impact setup slack and result in more difficult timing closure
Related violations: <none>

TIMING-15#938 Warning
Large hold violation  
There is a large clock skew of 1.604 ns between ap_rst_n (clocked by ap_clk) and control_s_axi_U/int_v_address_reg[9]/R (clocked by ap_clk) that results in large hold timing violation(s) of -1.572 ns. Fixing large hold violations during routing might impact setup slack and result in more difficult timing closure
Related violations: <none>

TIMING-15#939 Warning
Large hold violation  
There is a large clock skew of 1.604 ns between s_axi_control_WDATA[11] (clocked by ap_clk) and control_s_axi_U/int_k_address_reg[43]/D (clocked by ap_clk) that results in large hold timing violation(s) of -1.603 ns. Fixing large hold violations during routing might impact setup slack and result in more difficult timing closure
Related violations: <none>

TIMING-15#940 Warning
Large hold violation  
There is a large clock skew of 1.604 ns between s_axi_control_WDATA[11] (clocked by ap_clk) and control_s_axi_U/int_v_address_reg[11]/D (clocked by ap_clk) that results in large hold timing violation(s) of -1.619 ns. Fixing large hold violations during routing might impact setup slack and result in more difficult timing closure
Related violations: <none>

TIMING-15#941 Warning
Large hold violation  
There is a large clock skew of 1.604 ns between s_axi_control_WDATA[16] (clocked by ap_clk) and control_s_axi_U/int_o_address_reg[16]/D (clocked by ap_clk) that results in large hold timing violation(s) of -1.607 ns. Fixing large hold violations during routing might impact setup slack and result in more difficult timing closure
Related violations: <none>

TIMING-15#942 Warning
Large hold violation  
There is a large clock skew of 1.604 ns between s_axi_control_WDATA[16] (clocked by ap_clk) and control_s_axi_U/int_o_address_reg[48]/D (clocked by ap_clk) that results in large hold timing violation(s) of -1.625 ns. Fixing large hold violations during routing might impact setup slack and result in more difficult timing closure
Related violations: <none>

TIMING-15#943 Warning
Large hold violation  
There is a large clock skew of 1.604 ns between s_axi_control_WDATA[1] (clocked by ap_clk) and control_s_axi_U/int_k_address_reg[33]/D (clocked by ap_clk) that results in large hold timing violation(s) of -1.597 ns. Fixing large hold violations during routing might impact setup slack and result in more difficult timing closure
Related violations: <none>

TIMING-15#944 Warning
Large hold violation  
There is a large clock skew of 1.604 ns between s_axi_control_WDATA[1] (clocked by ap_clk) and control_s_axi_U/int_v_address_reg[1]/D (clocked by ap_clk) that results in large hold timing violation(s) of -1.623 ns. Fixing large hold violations during routing might impact setup slack and result in more difficult timing closure
Related violations: <none>

TIMING-15#945 Warning
Large hold violation  
There is a large clock skew of 1.604 ns between s_axi_control_WDATA[5] (clocked by ap_clk) and control_s_axi_U/int_k_address_reg[37]/D (clocked by ap_clk) that results in large hold timing violation(s) of -1.599 ns. Fixing large hold violations during routing might impact setup slack and result in more difficult timing closure
Related violations: <none>

TIMING-15#946 Warning
Large hold violation  
There is a large clock skew of 1.604 ns between s_axi_control_WDATA[5] (clocked by ap_clk) and control_s_axi_U/int_v_address_reg[5]/D (clocked by ap_clk) that results in large hold timing violation(s) of -1.620 ns. Fixing large hold violations during routing might impact setup slack and result in more difficult timing closure
Related violations: <none>

TIMING-15#947 Warning
Large hold violation  
There is a large clock skew of 1.604 ns between s_axi_control_WDATA[9] (clocked by ap_clk) and control_s_axi_U/int_k_address_reg[41]/D (clocked by ap_clk) that results in large hold timing violation(s) of -1.594 ns. Fixing large hold violations during routing might impact setup slack and result in more difficult timing closure
Related violations: <none>

TIMING-15#948 Warning
Large hold violation  
There is a large clock skew of 1.604 ns between s_axi_control_WDATA[9] (clocked by ap_clk) and control_s_axi_U/int_v_address_reg[9]/D (clocked by ap_clk) that results in large hold timing violation(s) of -1.614 ns. Fixing large hold violations during routing might impact setup slack and result in more difficult timing closure
Related violations: <none>

TIMING-15#949 Warning
Large hold violation  
There is a large clock skew of 1.605 ns between ap_rst_n (clocked by ap_clk) and control_s_axi_U/FSM_onehot_wstate_reg[1]/R (clocked by ap_clk) that results in large hold timing violation(s) of -1.575 ns. Fixing large hold violations during routing might impact setup slack and result in more difficult timing closure
Related violations: <none>

TIMING-15#950 Warning
Large hold violation  
There is a large clock skew of 1.605 ns between ap_rst_n (clocked by ap_clk) and control_s_axi_U/FSM_onehot_wstate_reg[2]/R (clocked by ap_clk) that results in large hold timing violation(s) of -1.575 ns. Fixing large hold violations during routing might impact setup slack and result in more difficult timing closure
Related violations: <none>

TIMING-15#951 Warning
Large hold violation  
There is a large clock skew of 1.605 ns between s_axi_control_AWVALID (clocked by ap_clk) and control_s_axi_U/FSM_onehot_wstate_reg[1]/D (clocked by ap_clk) that results in large hold timing violation(s) of -1.605 ns. Fixing large hold violations during routing might impact setup slack and result in more difficult timing closure
Related violations: <none>

TIMING-15#952 Warning
Large hold violation  
There is a large clock skew of 1.605 ns between s_axi_control_AWVALID (clocked by ap_clk) and control_s_axi_U/FSM_onehot_wstate_reg[2]/D (clocked by ap_clk) that results in large hold timing violation(s) of -1.588 ns. Fixing large hold violations during routing might impact setup slack and result in more difficult timing closure
Related violations: <none>

TIMING-15#953 Warning
Large hold violation  
There is a large clock skew of 1.606 ns between ap_rst_n (clocked by ap_clk) and control_s_axi_U/FSM_onehot_wstate_reg[3]/R (clocked by ap_clk) that results in large hold timing violation(s) of -1.574 ns. Fixing large hold violations during routing might impact setup slack and result in more difficult timing closure
Related violations: <none>

TIMING-15#954 Warning
Large hold violation  
There is a large clock skew of 1.606 ns between s_axi_control_AWADDR[6] (clocked by ap_clk) and control_s_axi_U/waddr_reg[6]/D (clocked by ap_clk) that results in large hold timing violation(s) of -1.650 ns. Fixing large hold violations during routing might impact setup slack and result in more difficult timing closure
Related violations: <none>

TIMING-15#955 Warning
Large hold violation  
There is a large clock skew of 1.607 ns between ap_rst_n (clocked by ap_clk) and grp_run_fu_161/grp_runController_fu_106/grp_runQueryTile_fu_142/header_query_base_c_U/addr_reg[0]/R (clocked by ap_clk) that results in large hold timing violation(s) of -1.575 ns. Fixing large hold violations during routing might impact setup slack and result in more difficult timing closure
Related violations: <none>

TIMING-15#956 Warning
Large hold violation  
There is a large clock skew of 1.607 ns between ap_rst_n (clocked by ap_clk) and grp_run_fu_161/grp_runController_fu_106/grp_runQueryTile_fu_142/header_query_base_c_U/addr_reg[1]/R (clocked by ap_clk) that results in large hold timing violation(s) of -1.575 ns. Fixing large hold violations during routing might impact setup slack and result in more difficult timing closure
Related violations: <none>

TIMING-15#957 Warning
Large hold violation  
There is a large clock skew of 1.608 ns between ap_rst_n (clocked by ap_clk) and control_s_axi_U/int_v_address_reg[12]/R (clocked by ap_clk) that results in large hold timing violation(s) of -1.576 ns. Fixing large hold violations during routing might impact setup slack and result in more difficult timing closure
Related violations: <none>

TIMING-15#958 Warning
Large hold violation  
There is a large clock skew of 1.608 ns between ap_rst_n (clocked by ap_clk) and control_s_axi_U/int_v_address_reg[40]/R (clocked by ap_clk) that results in large hold timing violation(s) of -1.578 ns. Fixing large hold violations during routing might impact setup slack and result in more difficult timing closure
Related violations: <none>

TIMING-15#959 Warning
Large hold violation  
There is a large clock skew of 1.608 ns between ap_rst_n (clocked by ap_clk) and control_s_axi_U/int_v_address_reg[44]/R (clocked by ap_clk) that results in large hold timing violation(s) of -1.576 ns. Fixing large hold violations during routing might impact setup slack and result in more difficult timing closure
Related violations: <none>

TIMING-15#960 Warning
Large hold violation  
There is a large clock skew of 1.608 ns between ap_rst_n (clocked by ap_clk) and control_s_axi_U/int_v_address_reg[8]/R (clocked by ap_clk) that results in large hold timing violation(s) of -1.578 ns. Fixing large hold violations during routing might impact setup slack and result in more difficult timing closure
Related violations: <none>

TIMING-15#961 Warning
Large hold violation  
There is a large clock skew of 1.608 ns between s_axi_control_WDATA[12] (clocked by ap_clk) and control_s_axi_U/int_v_address_reg[12]/D (clocked by ap_clk) that results in large hold timing violation(s) of -1.601 ns. Fixing large hold violations during routing might impact setup slack and result in more difficult timing closure
Related violations: <none>

TIMING-15#962 Warning
Large hold violation  
There is a large clock skew of 1.608 ns between s_axi_control_WDATA[12] (clocked by ap_clk) and control_s_axi_U/int_v_address_reg[44]/D (clocked by ap_clk) that results in large hold timing violation(s) of -1.627 ns. Fixing large hold violations during routing might impact setup slack and result in more difficult timing closure
Related violations: <none>

TIMING-15#963 Warning
Large hold violation  
There is a large clock skew of 1.608 ns between s_axi_control_WDATA[8] (clocked by ap_clk) and control_s_axi_U/int_v_address_reg[40]/D (clocked by ap_clk) that results in large hold timing violation(s) of -1.611 ns. Fixing large hold violations during routing might impact setup slack and result in more difficult timing closure
Related violations: <none>

TIMING-15#964 Warning
Large hold violation  
There is a large clock skew of 1.608 ns between s_axi_control_WDATA[8] (clocked by ap_clk) and control_s_axi_U/int_v_address_reg[8]/D (clocked by ap_clk) that results in large hold timing violation(s) of -1.629 ns. Fixing large hold violations during routing might impact setup slack and result in more difficult timing closure
Related violations: <none>

TIMING-15#965 Warning
Large hold violation  
There is a large clock skew of 1.609 ns between ap_rst_n (clocked by ap_clk) and control_s_axi_U/int_o_address_reg[3]/R (clocked by ap_clk) that results in large hold timing violation(s) of -1.577 ns. Fixing large hold violations during routing might impact setup slack and result in more difficult timing closure
Related violations: <none>

TIMING-15#966 Warning
Large hold violation  
There is a large clock skew of 1.609 ns between ap_rst_n (clocked by ap_clk) and control_s_axi_U/int_o_address_reg[40]/R (clocked by ap_clk) that results in large hold timing violation(s) of -1.579 ns. Fixing large hold violations during routing might impact setup slack and result in more difficult timing closure
Related violations: <none>

TIMING-15#967 Warning
Large hold violation  
There is a large clock skew of 1.609 ns between ap_rst_n (clocked by ap_clk) and control_s_axi_U/int_o_address_reg[8]/R (clocked by ap_clk) that results in large hold timing violation(s) of -1.579 ns. Fixing large hold violations during routing might impact setup slack and result in more difficult timing closure
Related violations: <none>

TIMING-15#968 Warning
Large hold violation  
There is a large clock skew of 1.609 ns between ap_rst_n (clocked by ap_clk) and control_s_axi_U/int_v_address_reg[35]/R (clocked by ap_clk) that results in large hold timing violation(s) of -1.577 ns. Fixing large hold violations during routing might impact setup slack and result in more difficult timing closure
Related violations: <none>

TIMING-15#969 Warning
Large hold violation  
There is a large clock skew of 1.609 ns between s_axi_control_WDATA[3] (clocked by ap_clk) and control_s_axi_U/int_o_address_reg[3]/D (clocked by ap_clk) that results in large hold timing violation(s) of -1.602 ns. Fixing large hold violations during routing might impact setup slack and result in more difficult timing closure
Related violations: <none>

TIMING-15#970 Warning
Large hold violation  
There is a large clock skew of 1.609 ns between s_axi_control_WDATA[3] (clocked by ap_clk) and control_s_axi_U/int_v_address_reg[35]/D (clocked by ap_clk) that results in large hold timing violation(s) of -1.628 ns. Fixing large hold violations during routing might impact setup slack and result in more difficult timing closure
Related violations: <none>

TIMING-15#971 Warning
Large hold violation  
There is a large clock skew of 1.609 ns between s_axi_control_WDATA[8] (clocked by ap_clk) and control_s_axi_U/int_o_address_reg[40]/D (clocked by ap_clk) that results in large hold timing violation(s) of -1.609 ns. Fixing large hold violations during routing might impact setup slack and result in more difficult timing closure
Related violations: <none>

TIMING-15#972 Warning
Large hold violation  
There is a large clock skew of 1.609 ns between s_axi_control_WDATA[8] (clocked by ap_clk) and control_s_axi_U/int_o_address_reg[8]/D (clocked by ap_clk) that results in large hold timing violation(s) of -1.630 ns. Fixing large hold violations during routing might impact setup slack and result in more difficult timing closure
Related violations: <none>

TIMING-15#973 Warning
Large hold violation  
There is a large clock skew of 1.610 ns between ap_rst_n (clocked by ap_clk) and control_s_axi_U/int_o_address_reg[18]/R (clocked by ap_clk) that results in large hold timing violation(s) of -1.578 ns. Fixing large hold violations during routing might impact setup slack and result in more difficult timing closure
Related violations: <none>

TIMING-15#974 Warning
Large hold violation  
There is a large clock skew of 1.610 ns between ap_rst_n (clocked by ap_clk) and control_s_axi_U/int_o_address_reg[50]/R (clocked by ap_clk) that results in large hold timing violation(s) of -1.578 ns. Fixing large hold violations during routing might impact setup slack and result in more difficult timing closure
Related violations: <none>

TIMING-15#975 Warning
Large hold violation  
There is a large clock skew of 1.610 ns between ap_rst_n (clocked by ap_clk) and control_s_axi_U/int_v_address_reg[18]/R (clocked by ap_clk) that results in large hold timing violation(s) of -1.580 ns. Fixing large hold violations during routing might impact setup slack and result in more difficult timing closure
Related violations: <none>

TIMING-15#976 Warning
Large hold violation  
There is a large clock skew of 1.610 ns between ap_rst_n (clocked by ap_clk) and control_s_axi_U/int_v_address_reg[50]/R (clocked by ap_clk) that results in large hold timing violation(s) of -1.580 ns. Fixing large hold violations during routing might impact setup slack and result in more difficult timing closure
Related violations: <none>

TIMING-15#977 Warning
Large hold violation  
There is a large clock skew of 1.610 ns between s_axi_control_WDATA[18] (clocked by ap_clk) and control_s_axi_U/int_o_address_reg[18]/D (clocked by ap_clk) that results in large hold timing violation(s) of -1.603 ns. Fixing large hold violations during routing might impact setup slack and result in more difficult timing closure
Related violations: <none>

TIMING-15#978 Warning
Large hold violation  
There is a large clock skew of 1.610 ns between s_axi_control_WDATA[18] (clocked by ap_clk) and control_s_axi_U/int_o_address_reg[50]/D (clocked by ap_clk) that results in large hold timing violation(s) of -1.629 ns. Fixing large hold violations during routing might impact setup slack and result in more difficult timing closure
Related violations: <none>

TIMING-15#979 Warning
Large hold violation  
There is a large clock skew of 1.610 ns between s_axi_control_WDATA[18] (clocked by ap_clk) and control_s_axi_U/int_v_address_reg[18]/D (clocked by ap_clk) that results in large hold timing violation(s) of -1.610 ns. Fixing large hold violations during routing might impact setup slack and result in more difficult timing closure
Related violations: <none>

TIMING-15#980 Warning
Large hold violation  
There is a large clock skew of 1.610 ns between s_axi_control_WDATA[18] (clocked by ap_clk) and control_s_axi_U/int_v_address_reg[50]/D (clocked by ap_clk) that results in large hold timing violation(s) of -1.631 ns. Fixing large hold violations during routing might impact setup slack and result in more difficult timing closure
Related violations: <none>

TIMING-15#981 Warning
Large hold violation  
There is a large clock skew of 1.611 ns between ap_rst_n (clocked by ap_clk) and control_s_axi_U/int_o_address_reg[14]/R (clocked by ap_clk) that results in large hold timing violation(s) of -1.579 ns. Fixing large hold violations during routing might impact setup slack and result in more difficult timing closure
Related violations: <none>

TIMING-15#982 Warning
Large hold violation  
There is a large clock skew of 1.611 ns between ap_rst_n (clocked by ap_clk) and control_s_axi_U/int_o_address_reg[46]/R (clocked by ap_clk) that results in large hold timing violation(s) of -1.579 ns. Fixing large hold violations during routing might impact setup slack and result in more difficult timing closure
Related violations: <none>

TIMING-15#983 Warning
Large hold violation  
There is a large clock skew of 1.611 ns between s_axi_control_WDATA[14] (clocked by ap_clk) and control_s_axi_U/int_o_address_reg[14]/D (clocked by ap_clk) that results in large hold timing violation(s) of -1.604 ns. Fixing large hold violations during routing might impact setup slack and result in more difficult timing closure
Related violations: <none>

TIMING-15#984 Warning
Large hold violation  
There is a large clock skew of 1.611 ns between s_axi_control_WDATA[14] (clocked by ap_clk) and control_s_axi_U/int_o_address_reg[46]/D (clocked by ap_clk) that results in large hold timing violation(s) of -1.630 ns. Fixing large hold violations during routing might impact setup slack and result in more difficult timing closure
Related violations: <none>

TIMING-15#985 Warning
Large hold violation  
There is a large clock skew of 1.612 ns between ap_rst_n (clocked by ap_clk) and control_s_axi_U/int_v_address_reg[14]/R (clocked by ap_clk) that results in large hold timing violation(s) of -1.580 ns. Fixing large hold violations during routing might impact setup slack and result in more difficult timing closure
Related violations: <none>

TIMING-15#986 Warning
Large hold violation  
There is a large clock skew of 1.612 ns between ap_rst_n (clocked by ap_clk) and control_s_axi_U/int_v_address_reg[16]/R (clocked by ap_clk) that results in large hold timing violation(s) of -1.580 ns. Fixing large hold violations during routing might impact setup slack and result in more difficult timing closure
Related violations: <none>

TIMING-15#987 Warning
Large hold violation  
There is a large clock skew of 1.612 ns between ap_rst_n (clocked by ap_clk) and control_s_axi_U/int_v_address_reg[38]/R (clocked by ap_clk) that results in large hold timing violation(s) of -1.580 ns. Fixing large hold violations during routing might impact setup slack and result in more difficult timing closure
Related violations: <none>

TIMING-15#988 Warning
Large hold violation  
There is a large clock skew of 1.612 ns between ap_rst_n (clocked by ap_clk) and control_s_axi_U/int_v_address_reg[46]/R (clocked by ap_clk) that results in large hold timing violation(s) of -1.580 ns. Fixing large hold violations during routing might impact setup slack and result in more difficult timing closure
Related violations: <none>

TIMING-15#989 Warning
Large hold violation  
There is a large clock skew of 1.612 ns between ap_rst_n (clocked by ap_clk) and control_s_axi_U/int_v_address_reg[48]/R (clocked by ap_clk) that results in large hold timing violation(s) of -1.580 ns. Fixing large hold violations during routing might impact setup slack and result in more difficult timing closure
Related violations: <none>

TIMING-15#990 Warning
Large hold violation  
There is a large clock skew of 1.612 ns between ap_rst_n (clocked by ap_clk) and control_s_axi_U/int_v_address_reg[6]/R (clocked by ap_clk) that results in large hold timing violation(s) of -1.580 ns. Fixing large hold violations during routing might impact setup slack and result in more difficult timing closure
Related violations: <none>

TIMING-15#991 Warning
Large hold violation  
There is a large clock skew of 1.612 ns between s_axi_control_WDATA[14] (clocked by ap_clk) and control_s_axi_U/int_v_address_reg[14]/D (clocked by ap_clk) that results in large hold timing violation(s) of -1.605 ns. Fixing large hold violations during routing might impact setup slack and result in more difficult timing closure
Related violations: <none>

TIMING-15#992 Warning
Large hold violation  
There is a large clock skew of 1.612 ns between s_axi_control_WDATA[14] (clocked by ap_clk) and control_s_axi_U/int_v_address_reg[46]/D (clocked by ap_clk) that results in large hold timing violation(s) of -1.631 ns. Fixing large hold violations during routing might impact setup slack and result in more difficult timing closure
Related violations: <none>

TIMING-15#993 Warning
Large hold violation  
There is a large clock skew of 1.612 ns between s_axi_control_WDATA[16] (clocked by ap_clk) and control_s_axi_U/int_v_address_reg[16]/D (clocked by ap_clk) that results in large hold timing violation(s) of -1.607 ns. Fixing large hold violations during routing might impact setup slack and result in more difficult timing closure
Related violations: <none>

TIMING-15#994 Warning
Large hold violation  
There is a large clock skew of 1.612 ns between s_axi_control_WDATA[16] (clocked by ap_clk) and control_s_axi_U/int_v_address_reg[48]/D (clocked by ap_clk) that results in large hold timing violation(s) of -1.628 ns. Fixing large hold violations during routing might impact setup slack and result in more difficult timing closure
Related violations: <none>

TIMING-15#995 Warning
Large hold violation  
There is a large clock skew of 1.612 ns between s_axi_control_WDATA[6] (clocked by ap_clk) and control_s_axi_U/int_v_address_reg[38]/D (clocked by ap_clk) that results in large hold timing violation(s) of -1.601 ns. Fixing large hold violations during routing might impact setup slack and result in more difficult timing closure
Related violations: <none>

TIMING-15#996 Warning
Large hold violation  
There is a large clock skew of 1.612 ns between s_axi_control_WDATA[6] (clocked by ap_clk) and control_s_axi_U/int_v_address_reg[6]/D (clocked by ap_clk) that results in large hold timing violation(s) of -1.622 ns. Fixing large hold violations during routing might impact setup slack and result in more difficult timing closure
Related violations: <none>

TIMING-15#997 Warning
Large hold violation  
There is a large clock skew of 1.613 ns between ap_rst_n (clocked by ap_clk) and control_s_axi_U/int_v_address_reg[10]/R (clocked by ap_clk) that results in large hold timing violation(s) of -1.581 ns. Fixing large hold violations during routing might impact setup slack and result in more difficult timing closure
Related violations: <none>

TIMING-15#998 Warning
Large hold violation  
There is a large clock skew of 1.613 ns between ap_rst_n (clocked by ap_clk) and control_s_axi_U/int_v_address_reg[42]/R (clocked by ap_clk) that results in large hold timing violation(s) of -1.581 ns. Fixing large hold violations during routing might impact setup slack and result in more difficult timing closure
Related violations: <none>

TIMING-15#999 Warning
Large hold violation  
There is a large clock skew of 1.613 ns between s_axi_control_WDATA[10] (clocked by ap_clk) and control_s_axi_U/int_v_address_reg[10]/D (clocked by ap_clk) that results in large hold timing violation(s) of -1.606 ns. Fixing large hold violations during routing might impact setup slack and result in more difficult timing closure
Related violations: <none>

TIMING-15#1000 Warning
Large hold violation  
There is a large clock skew of 1.613 ns between s_axi_control_WDATA[10] (clocked by ap_clk) and control_s_axi_U/int_v_address_reg[42]/D (clocked by ap_clk) that results in large hold timing violation(s) of -1.632 ns. Fixing large hold violations during routing might impact setup slack and result in more difficult timing closure
Related violations: <none>

TIMING-44#1 Warning
Unreasonable user intra-clock uncertainty  
A user clock uncertainty of 2.700 ns is defined on clock ap_clk (see constraint position 2 in the Timing Constraint window in Vivado IDE). High user clock uncertainty may adversely impact timing closure. Consider reviewing how much user clock uncertainty is required.
Related violations: <none>

CLKC-3#1 Advisory
Clock Buffer has LOC and not CLOCK_REGION  
The BUFGCE cell grp_run_fu_161/grp_runController_fu_106/grp_runQueryTile_fu_142/runQueryBlock_0_U0/grp_runAccumulatorColumns_fu_512_i_2_bufg_place has a LOC constraint, but using the CLOCK_REGION property instead would give more flexibility to the Placer to select the appropriate routing/distribution track.
Related violations: <none>

CLKC-3#2 Advisory
Clock Buffer has LOC and not CLOCK_REGION  
The BUFGCE cell grp_run_fu_161/grp_runController_fu_106/grp_runQueryTile_fu_142/runQueryBlock_1_U0/grp_runAccumulatorColumns_fu_551_i_2_bufg_place has a LOC constraint, but using the CLOCK_REGION property instead would give more flexibility to the Placer to select the appropriate routing/distribution track.
Related violations: <none>


