Copyright 1986-2022 Xilinx, Inc. All Rights Reserved. Copyright 2022-2024 Advanced Micro Devices, Inc. All Rights Reserved.
--------------------------------------------------------------------------------------------------------------------------------------------------
| Tool Version      : Vivado v.2024.2 (lin64) Build 5239630 Fri Nov 08 22:34:34 MST 2024
| Date              : Sat Oct 10 14:52:22 2026
| Host              : lenovo-ThinkStation-P920 running 64-bit Ubuntu 24.04.3 LTS
| Command           : report_timing -delay_type max -max_paths 30 -path_type full_clock_expanded -file setup_paths.rpt
| Design            : fsa_stream_split_d
| Device            : xcvu37p_CIV-fsvh2892
| Speed File        : -2  PRODUCTION 1.30 05-01-2022
| Design State      : Routed
| Temperature Grade : E
--------------------------------------------------------------------------------------------------------------------------------------------------

Timing Report

Slack (MET) :             0.330ns  (required time - arrival time)
  Source:                 <hidden>
                            (rising edge-triggered cell FDRE clocked by ap_clk  {rise@0.000ns fall@5.000ns period=10.000ns})
  Destination:            grp_run_fu_161/grp_runController_fu_106/grp_runQueryTile_fu_142/runQueryBlock_1_U0/grp_runQueryBlock_1_Outline_VITIS_LOOP_117_5_fu_172/sub_i2_reg_2869_reg[23]/D
                            (rising edge-triggered cell FDRE clocked by ap_clk  {rise@0.000ns fall@5.000ns period=10.000ns})
  Path Group:             ap_clk
  Path Type:              Setup (Max at Slow Process Corner)
  Requirement:            10.000ns  (ap_clk rise@10.000ns - ap_clk rise@0.000ns)
  Data Path Delay:        6.873ns  (logic 4.765ns (69.329%)  route 2.108ns (30.671%))
  Logic Levels:           19  (CARRY8=1 DSP_A_B_DATA=2 DSP_ALU=2 DSP_M_DATA=2 DSP_MULTIPLIER=2 DSP_OUTPUT=2 DSP_PREADD=1 DSP_PREADD_DATA=3 LUT2=1 LUT3=1 LUT5=2)
  Clock Path Skew:        -0.086ns (DCD - SCD + CPR)
    Destination Clock Delay (DCD):    1.163ns = ( 11.163 - 10.000 ) 
    Source Clock Delay      (SCD):    1.343ns
    Clock Pessimism Removal (CPR):    0.094ns
  Clock Uncertainty:      2.735ns  ((TSJ^2 + TIJ^2)^1/2 + DJ) / 2 + PE + UU
    Total System Jitter     (TSJ):    0.071ns
    Total Input Jitter      (TIJ):    0.000ns
    Discrete Jitter          (DJ):    0.000ns
    Phase Error              (PE):    0.000ns
    User Uncertainty         (UU):    2.700ns

    Location             Delay type                Incr(ns)  Path(ns)    Netlist Resource(s)
  -------------------------------------------------------------------    -------------------
                         (clock ap_clk rise edge)     0.000     0.000 r  
                                                      0.000     0.000 r  ap_clk (IN)
                         net (fo=32157, unset)        1.343     1.343    <hidden>
    SLICE_X126Y174       FDRE                                         r  <hidden>
  -------------------------------------------------------------------    -------------------
    SLICE_X126Y174       FDRE (Prop_AFF2_SLICEM_C_Q)
                                                      0.080     1.423 r  <hidden>
                         net (fo=2, routed)           0.180     1.603    <hidden>
    SLICE_X126Y174       LUT2 (Prop_G5LUT_SLICEM_I0_O)
                                                      0.099     1.702 r  <hidden>
                         net (fo=2, routed)           0.524     2.226    <hidden>
    DSP48E2_X17Y64       DSP_A_B_DATA (Prop_DSP_A_B_DATA_DSP48E2_A[7]_A2_DATA[7])
                                                      0.192     2.418 f  <hidden>
                         net (fo=1, routed)           0.000     2.418    <hidden>
    DSP48E2_X17Y64       DSP_PREADD_DATA (Prop_DSP_PREADD_DATA_DSP48E2_A2_DATA[7]_PREADD_AB[7])
                                                      0.124     2.542 r  <hidden>
                         net (fo=1, routed)           0.000     2.542    <hidden>
    DSP48E2_X17Y64       DSP_PREADD (Prop_DSP_PREADD_DSP48E2_PREADD_AB[7]_AD[26])
                                                      0.488     3.030 f  <hidden>
                         net (fo=1, routed)           0.000     3.030    <hidden>
    DSP48E2_X17Y64       DSP_PREADD_DATA (Prop_DSP_PREADD_DATA_DSP48E2_AD[26]_AD_DATA[26])
                                                      0.050     3.080 r  <hidden>
                         net (fo=1, routed)           0.000     3.080    <hidden>
    DSP48E2_X17Y64       DSP_MULTIPLIER (Prop_DSP_MULTIPLIER_DSP48E2_AD_DATA[26]_U[43])
                                                      0.612     3.692 f  <hidden>
                         net (fo=1, routed)           0.000     3.692    <hidden>
    DSP48E2_X17Y64       DSP_M_DATA (Prop_DSP_M_DATA_DSP48E2_U[43]_U_DATA[43])
                                                      0.047     3.739 r  <hidden>
                         net (fo=1, routed)           0.000     3.739    <hidden>
    DSP48E2_X17Y64       DSP_ALU (Prop_DSP_ALU_DSP48E2_U_DATA[43]_ALU_OUT[47])
                                                      0.585     4.324 r  <hidden>
                         net (fo=1, routed)           0.000     4.324    <hidden>
    DSP48E2_X17Y64       DSP_OUTPUT (Prop_DSP_OUTPUT_DSP48E2_ALU_OUT[47]_PATTERN_DETECT)
                                                      0.363     4.687 r  <hidden>
                         net (fo=54, routed)          0.402     5.089    <hidden>
    SLICE_X128Y170       LUT5 (Prop_A6LUT_SLICEM_I3_O)
                                                      0.150     5.239 r  <hidden>
                         net (fo=1, routed)           0.013     5.252    <hidden>
    SLICE_X128Y170       CARRY8 (Prop_CARRY8_SLICEM_S[0]_CO[7])
                                                      0.199     5.451 r  <hidden>
                         net (fo=3, routed)           0.303     5.754    <hidden>
    SLICE_X127Y171       LUT5 (Prop_H5LUT_SLICEL_I0_O)
                                                      0.065     5.819 f  <hidden>
                         net (fo=1, routed)           0.334     6.153    <hidden>
    DSP48E2_X17Y63       DSP_A_B_DATA (Prop_DSP_A_B_DATA_DSP48E2_B[15]_B2_DATA[15])
                                                      0.151     6.304 r  <hidden>
                         net (fo=1, routed)           0.000     6.304    <hidden>
    DSP48E2_X17Y63       DSP_PREADD_DATA (Prop_DSP_PREADD_DATA_DSP48E2_B2_DATA[15]_B2B1[15])
                                                      0.073     6.377 r  <hidden>
                         net (fo=1, routed)           0.000     6.377    <hidden>
    DSP48E2_X17Y63       DSP_MULTIPLIER (Prop_DSP_MULTIPLIER_DSP48E2_B2B1[15]_V[27])
                                                      0.609     6.986 f  <hidden>
                         net (fo=1, routed)           0.000     6.986    <hidden>
    DSP48E2_X17Y63       DSP_M_DATA (Prop_DSP_M_DATA_DSP48E2_V[27]_V_DATA[27])
                                                      0.046     7.032 r  <hidden>
                         net (fo=1, routed)           0.000     7.032    <hidden>
    DSP48E2_X17Y63       DSP_ALU (Prop_DSP_ALU_DSP48E2_V_DATA[27]_ALU_OUT[27])
                                                      0.571     7.603 f  <hidden>
                         net (fo=1, routed)           0.000     7.603    <hidden>
    DSP48E2_X17Y63       DSP_OUTPUT (Prop_DSP_OUTPUT_DSP48E2_ALU_OUT[27]_P[27])
                                                      0.109     7.712 r  <hidden>
                         net (fo=1, routed)           0.294     8.006    <hidden>
    SLICE_X128Y169       LUT3 (Prop_H6LUT_SLICEM_I0_O)
                                                      0.152     8.158 r  <hidden>
                         net (fo=1, routed)           0.058     8.216    grp_run_fu_161/grp_runController_fu_106/grp_runQueryTile_fu_142/runQueryBlock_1_U0/grp_runQueryBlock_1_Outline_VITIS_LOOP_117_5_fu_172/grp_fu_888_p2[23]
    SLICE_X128Y169       FDRE                                         r  grp_run_fu_161/grp_runController_fu_106/grp_runQueryTile_fu_142/runQueryBlock_1_U0/grp_runQueryBlock_1_Outline_VITIS_LOOP_117_5_fu_172/sub_i2_reg_2869_reg[23]/D
  -------------------------------------------------------------------    -------------------

                         (clock ap_clk rise edge)    10.000    10.000 r  
                                                      0.000    10.000 r  ap_clk (IN)
                         net (fo=32157, unset)        1.163    11.163    grp_run_fu_161/grp_runController_fu_106/grp_runQueryTile_fu_142/runQueryBlock_1_U0/grp_runQueryBlock_1_Outline_VITIS_LOOP_117_5_fu_172/ap_clk
    SLICE_X128Y169       FDRE                                         r  grp_run_fu_161/grp_runController_fu_106/grp_runQueryTile_fu_142/runQueryBlock_1_U0/grp_runQueryBlock_1_Outline_VITIS_LOOP_117_5_fu_172/sub_i2_reg_2869_reg[23]/C
                         clock pessimism              0.094    11.257    
                         clock uncertainty           -2.735     8.521    
    SLICE_X128Y169       FDRE (Setup_HFF_SLICEM_C_D)
                                                      0.025     8.546    grp_run_fu_161/grp_runController_fu_106/grp_runQueryTile_fu_142/runQueryBlock_1_U0/grp_runQueryBlock_1_Outline_VITIS_LOOP_117_5_fu_172/sub_i2_reg_2869_reg[23]
  -------------------------------------------------------------------
                         required time                          8.546    
                         arrival time                          -8.216    
  -------------------------------------------------------------------
                         slack                                  0.330    

Slack (MET) :             0.361ns  (required time - arrival time)
  Source:                 <hidden>
                            (rising edge-triggered cell FDRE clocked by ap_clk  {rise@0.000ns fall@5.000ns period=10.000ns})
  Destination:            grp_run_fu_161/grp_runController_fu_106/grp_runQueryTile_fu_142/runQueryBlock_0_U0/grp_runQueryBlock_0_Outline_VITIS_LOOP_117_5_fu_168/sub_i6_reg_2877_reg[30]/D
                            (rising edge-triggered cell FDRE clocked by ap_clk  {rise@0.000ns fall@5.000ns period=10.000ns})
  Path Group:             ap_clk
  Path Type:              Setup (Max at Slow Process Corner)
  Requirement:            10.000ns  (ap_clk rise@10.000ns - ap_clk rise@0.000ns)
  Data Path Delay:        6.832ns  (logic 4.438ns (64.960%)  route 2.394ns (35.040%))
  Logic Levels:           20  (CARRY8=1 DSP_A_B_DATA=1 DSP_ALU=2 DSP_C_DATA=1 DSP_M_DATA=1 DSP_MULTIPLIER=1 DSP_OUTPUT=2 DSP_PREADD=1 DSP_PREADD_DATA=2 LUT2=1 LUT3=2 LUT4=1 LUT5=2 LUT6=2)
  Clock Path Skew:        -0.097ns (DCD - SCD + CPR)
    Destination Clock Delay (DCD):    1.369ns = ( 11.369 - 10.000 ) 
    Source Clock Delay      (SCD):    1.580ns
    Clock Pessimism Removal (CPR):    0.114ns
  Clock Uncertainty:      2.735ns  ((TSJ^2 + TIJ^2)^1/2 + DJ) / 2 + PE + UU
    Total System Jitter     (TSJ):    0.071ns
    Total Input Jitter      (TIJ):    0.000ns
    Discrete Jitter          (DJ):    0.000ns
    Phase Error              (PE):    0.000ns
    User Uncertainty         (UU):    2.700ns

    Location             Delay type                Incr(ns)  Path(ns)    Netlist Resource(s)
  -------------------------------------------------------------------    -------------------
                         (clock ap_clk rise edge)     0.000     0.000 r  
                                                      0.000     0.000 r  ap_clk (IN)
                         net (fo=32157, unset)        1.580     1.580    <hidden>
    SLICE_X79Y119        FDRE                                         r  <hidden>
  -------------------------------------------------------------------    -------------------
    SLICE_X79Y119        FDRE (Prop_HFF_SLICEL_C_Q)
                                                      0.079     1.659 f  <hidden>
                         net (fo=47, routed)          0.259     1.918    <hidden>
    SLICE_X76Y114        LUT2 (Prop_B5LUT_SLICEM_I1_O)
                                                      0.103     2.021 r  <hidden>
                         net (fo=2, routed)           0.345     2.367    <hidden>
    DSP48E2_X10Y40       DSP_A_B_DATA (Prop_DSP_A_B_DATA_DSP48E2_A[9]_A2_DATA[9])
                                                      0.192     2.559 f  <hidden>
                         net (fo=1, routed)           0.000     2.559    <hidden>
    DSP48E2_X10Y40       DSP_PREADD_DATA (Prop_DSP_PREADD_DATA_DSP48E2_A2_DATA[9]_PREADD_AB[9])
                                                      0.124     2.683 r  <hidden>
                         net (fo=1, routed)           0.000     2.683    <hidden>
    DSP48E2_X10Y40       DSP_PREADD (Prop_DSP_PREADD_DSP48E2_PREADD_AB[9]_AD[26])
                                                      0.488     3.171 f  <hidden>
                         net (fo=1, routed)           0.000     3.171    <hidden>
    DSP48E2_X10Y40       DSP_PREADD_DATA (Prop_DSP_PREADD_DATA_DSP48E2_AD[26]_AD_DATA[26])
                                                      0.050     3.221 r  <hidden>
                         net (fo=1, routed)           0.000     3.221    <hidden>
    DSP48E2_X10Y40       DSP_MULTIPLIER (Prop_DSP_MULTIPLIER_DSP48E2_AD_DATA[26]_U[43])
                                                      0.612     3.833 f  <hidden>
                         net (fo=1, routed)           0.000     3.833    <hidden>
    DSP48E2_X10Y40       DSP_M_DATA (Prop_DSP_M_DATA_DSP48E2_U[43]_U_DATA[43])
                                                      0.047     3.880 r  <hidden>
                         net (fo=1, routed)           0.000     3.880    <hidden>
    DSP48E2_X10Y40       DSP_ALU (Prop_DSP_ALU_DSP48E2_U_DATA[43]_ALU_OUT[47])
                                                      0.585     4.465 r  <hidden>
                         net (fo=1, routed)           0.000     4.465    <hidden>
    DSP48E2_X10Y40       DSP_OUTPUT (Prop_DSP_OUTPUT_DSP48E2_ALU_OUT[47]_PATTERN_DETECT)
                                                      0.363     4.828 r  <hidden>
                         net (fo=54, routed)          0.387     5.214    <hidden>
    SLICE_X75Y114        LUT5 (Prop_B6LUT_SLICEL_I3_O)
                                                      0.124     5.338 r  <hidden>
                         net (fo=1, routed)           0.009     5.347    <hidden>
    SLICE_X75Y114        CARRY8 (Prop_CARRY8_SLICEL_S[1]_CO[5])
                                                      0.195     5.542 r  <hidden>
                         net (fo=5, routed)           0.198     5.740    <hidden>
    SLICE_X75Y113        LUT3 (Prop_D6LUT_SLICEL_I0_O)
                                                      0.146     5.886 r  <hidden>
                         net (fo=5, routed)           0.116     6.002    <hidden>
    SLICE_X74Y113        LUT6 (Prop_B6LUT_SLICEM_I3_O)
                                                      0.149     6.151 f  <hidden>
                         net (fo=6, routed)           0.193     6.344    <hidden>
    SLICE_X75Y112        LUT6 (Prop_H6LUT_SLICEL_I1_O)
                                                      0.099     6.443 f  <hidden>
                         net (fo=4, routed)           0.157     6.600    <hidden>
    SLICE_X75Y113        LUT5 (Prop_C5LUT_SLICEL_I2_O)
                                                      0.098     6.698 r  <hidden>
                         net (fo=4, routed)           0.228     6.926    <hidden>
    SLICE_X75Y113        LUT4 (Prop_B5LUT_SLICEL_I1_O)
                                                      0.073     6.999 r  <hidden>
                         net (fo=1, routed)           0.251     7.250    <hidden>
    DSP48E2_X10Y38       DSP_C_DATA (Prop_DSP_C_DATA_DSP48E2_C[34]_C_DATA[34])
                                                      0.105     7.355 r  <hidden>
                         net (fo=2, routed)           0.000     7.355    <hidden>
    DSP48E2_X10Y38       DSP_ALU (Prop_DSP_ALU_DSP48E2_C_DATA[34]_ALU_OUT[34])
                                                      0.585     7.940 f  <hidden>
                         net (fo=1, routed)           0.000     7.940    <hidden>
    DSP48E2_X10Y38       DSP_OUTPUT (Prop_DSP_OUTPUT_DSP48E2_ALU_OUT[34]_P[34])
                                                      0.109     8.049 r  <hidden>
                         net (fo=1, routed)           0.228     8.277    <hidden>
    SLICE_X77Y112        LUT3 (Prop_A5LUT_SLICEM_I0_O)
                                                      0.112     8.389 r  <hidden>
                         net (fo=1, routed)           0.023     8.412    grp_run_fu_161/grp_runController_fu_106/grp_runQueryTile_fu_142/runQueryBlock_0_U0/grp_runQueryBlock_0_Outline_VITIS_LOOP_117_5_fu_168/grp_fu_893_p2[30]
    SLICE_X77Y112        FDRE                                         r  grp_run_fu_161/grp_runController_fu_106/grp_runQueryTile_fu_142/runQueryBlock_0_U0/grp_runQueryBlock_0_Outline_VITIS_LOOP_117_5_fu_168/sub_i6_reg_2877_reg[30]/D
  -------------------------------------------------------------------    -------------------

                         (clock ap_clk rise edge)    10.000    10.000 r  
                                                      0.000    10.000 r  ap_clk (IN)
                         net (fo=32157, unset)        1.369    11.369    grp_run_fu_161/grp_runController_fu_106/grp_runQueryTile_fu_142/runQueryBlock_0_U0/grp_runQueryBlock_0_Outline_VITIS_LOOP_117_5_fu_168/ap_clk
    SLICE_X77Y112        FDRE                                         r  grp_run_fu_161/grp_runController_fu_106/grp_runQueryTile_fu_142/runQueryBlock_0_U0/grp_runQueryBlock_0_Outline_VITIS_LOOP_117_5_fu_168/sub_i6_reg_2877_reg[30]/C
                         clock pessimism              0.114    11.483    
                         clock uncertainty           -2.735     8.748    
    SLICE_X77Y112        FDRE (Setup_AFF2_SLICEM_C_D)
                                                      0.025     8.773    grp_run_fu_161/grp_runController_fu_106/grp_runQueryTile_fu_142/runQueryBlock_0_U0/grp_runQueryBlock_0_Outline_VITIS_LOOP_117_5_fu_168/sub_i6_reg_2877_reg[30]
  -------------------------------------------------------------------
                         required time                          8.773    
                         arrival time                          -8.412    
  -------------------------------------------------------------------
                         slack                                  0.361    

Slack (MET) :             0.375ns  (required time - arrival time)
  Source:                 <hidden>
                            (rising edge-triggered cell FDRE clocked by ap_clk  {rise@0.000ns fall@5.000ns period=10.000ns})
  Destination:            grp_run_fu_161/grp_runController_fu_106/grp_runQueryTile_fu_142/runQueryBlock_1_U0/grp_runQueryBlock_1_Outline_VITIS_LOOP_117_5_fu_172/sub_i2_reg_2869_reg[14]/D
                            (rising edge-triggered cell FDRE clocked by ap_clk  {rise@0.000ns fall@5.000ns period=10.000ns})
  Path Group:             ap_clk
  Path Type:              Setup (Max at Slow Process Corner)
  Requirement:            10.000ns  (ap_clk rise@10.000ns - ap_clk rise@0.000ns)
  Data Path Delay:        6.829ns  (logic 4.703ns (68.868%)  route 2.126ns (31.132%))
  Logic Levels:           19  (CARRY8=1 DSP_A_B_DATA=2 DSP_ALU=2 DSP_M_DATA=2 DSP_MULTIPLIER=2 DSP_OUTPUT=2 DSP_PREADD=1 DSP_PREADD_DATA=3 LUT2=2 LUT5=2)
  Clock Path Skew:        -0.085ns (DCD - SCD + CPR)
    Destination Clock Delay (DCD):    1.164ns = ( 11.164 - 10.000 ) 
    Source Clock Delay      (SCD):    1.343ns
    Clock Pessimism Removal (CPR):    0.094ns
  Clock Uncertainty:      2.735ns  ((TSJ^2 + TIJ^2)^1/2 + DJ) / 2 + PE + UU
    Total System Jitter     (TSJ):    0.071ns
    Total Input Jitter      (TIJ):    0.000ns
    Discrete Jitter          (DJ):    0.000ns
    Phase Error              (PE):    0.000ns
    User Uncertainty         (UU):    2.700ns

    Location             Delay type                Incr(ns)  Path(ns)    Netlist Resource(s)
  -------------------------------------------------------------------    -------------------
                         (clock ap_clk rise edge)     0.000     0.000 r  
                                                      0.000     0.000 r  ap_clk (IN)
                         net (fo=32157, unset)        1.343     1.343    <hidden>
    SLICE_X126Y174       FDRE                                         r  <hidden>
  -------------------------------------------------------------------    -------------------
    SLICE_X126Y174       FDRE (Prop_AFF2_SLICEM_C_Q)
                                                      0.080     1.423 r  <hidden>
                         net (fo=2, routed)           0.180     1.603    <hidden>
    SLICE_X126Y174       LUT2 (Prop_G5LUT_SLICEM_I0_O)
                                                      0.099     1.702 r  <hidden>
                         net (fo=2, routed)           0.524     2.226    <hidden>
    DSP48E2_X17Y64       DSP_A_B_DATA (Prop_DSP_A_B_DATA_DSP48E2_A[7]_A2_DATA[7])
                                                      0.192     2.418 f  <hidden>
                         net (fo=1, routed)           0.000     2.418    <hidden>
    DSP48E2_X17Y64       DSP_PREADD_DATA (Prop_DSP_PREADD_DATA_DSP48E2_A2_DATA[7]_PREADD_AB[7])
                                                      0.124     2.542 r  <hidden>
                         net (fo=1, routed)           0.000     2.542    <hidden>
    DSP48E2_X17Y64       DSP_PREADD (Prop_DSP_PREADD_DSP48E2_PREADD_AB[7]_AD[26])
                                                      0.488     3.030 f  <hidden>
                         net (fo=1, routed)           0.000     3.030    <hidden>
    DSP48E2_X17Y64       DSP_PREADD_DATA (Prop_DSP_PREADD_DATA_DSP48E2_AD[26]_AD_DATA[26])
                                                      0.050     3.080 r  <hidden>
                         net (fo=1, routed)           0.000     3.080    <hidden>
    DSP48E2_X17Y64       DSP_MULTIPLIER (Prop_DSP_MULTIPLIER_DSP48E2_AD_DATA[26]_U[43])
                                                      0.612     3.692 f  <hidden>
                         net (fo=1, routed)           0.000     3.692    <hidden>
    DSP48E2_X17Y64       DSP_M_DATA (Prop_DSP_M_DATA_DSP48E2_U[43]_U_DATA[43])
                                                      0.047     3.739 r  <hidden>
                         net (fo=1, routed)           0.000     3.739    <hidden>
    DSP48E2_X17Y64       DSP_ALU (Prop_DSP_ALU_DSP48E2_U_DATA[43]_ALU_OUT[47])
                                                      0.585     4.324 r  <hidden>
                         net (fo=1, routed)           0.000     4.324    <hidden>
    DSP48E2_X17Y64       DSP_OUTPUT (Prop_DSP_OUTPUT_DSP48E2_ALU_OUT[47]_PATTERN_DETECT)
                                                      0.363     4.687 r  <hidden>
                         net (fo=54, routed)          0.402     5.089    <hidden>
    SLICE_X128Y170       LUT5 (Prop_A6LUT_SLICEM_I3_O)
                                                      0.150     5.239 r  <hidden>
                         net (fo=1, routed)           0.013     5.252    <hidden>
    SLICE_X128Y170       CARRY8 (Prop_CARRY8_SLICEM_S[0]_CO[7])
                                                      0.199     5.451 r  <hidden>
                         net (fo=3, routed)           0.303     5.754    <hidden>
    SLICE_X127Y171       LUT5 (Prop_H5LUT_SLICEL_I0_O)
                                                      0.065     5.819 f  <hidden>
                         net (fo=1, routed)           0.334     6.153    <hidden>
    DSP48E2_X17Y63       DSP_A_B_DATA (Prop_DSP_A_B_DATA_DSP48E2_B[15]_B2_DATA[15])
                                                      0.151     6.304 r  <hidden>
                         net (fo=1, routed)           0.000     6.304    <hidden>
    DSP48E2_X17Y63       DSP_PREADD_DATA (Prop_DSP_PREADD_DATA_DSP48E2_B2_DATA[15]_B2B1[15])
                                                      0.073     6.377 r  <hidden>
                         net (fo=1, routed)           0.000     6.377    <hidden>
    DSP48E2_X17Y63       DSP_MULTIPLIER (Prop_DSP_MULTIPLIER_DSP48E2_B2B1[15]_V[16])
                                                      0.609     6.986 f  <hidden>
                         net (fo=1, routed)           0.000     6.986    <hidden>
    DSP48E2_X17Y63       DSP_M_DATA (Prop_DSP_M_DATA_DSP48E2_V[16]_V_DATA[16])
                                                      0.046     7.032 r  <hidden>
                         net (fo=1, routed)           0.000     7.032    <hidden>
    DSP48E2_X17Y63       DSP_ALU (Prop_DSP_ALU_DSP48E2_V_DATA[16]_ALU_OUT[16])
                                                      0.571     7.603 f  <hidden>
                         net (fo=1, routed)           0.000     7.603    <hidden>
    DSP48E2_X17Y63       DSP_OUTPUT (Prop_DSP_OUTPUT_DSP48E2_ALU_OUT[16]_P[16])
                                                      0.109     7.712 r  <hidden>
                         net (fo=1, routed)           0.311     8.023    <hidden>
    SLICE_X128Y172       LUT2 (Prop_G6LUT_SLICEM_I0_O)
                                                      0.090     8.113 r  <hidden>
                         net (fo=1, routed)           0.059     8.172    grp_run_fu_161/grp_runController_fu_106/grp_runQueryTile_fu_142/runQueryBlock_1_U0/grp_runQueryBlock_1_Outline_VITIS_LOOP_117_5_fu_172/grp_fu_888_p2[14]
    SLICE_X128Y172       FDRE                                         r  grp_run_fu_161/grp_runController_fu_106/grp_runQueryTile_fu_142/runQueryBlock_1_U0/grp_runQueryBlock_1_Outline_VITIS_LOOP_117_5_fu_172/sub_i2_reg_2869_reg[14]/D
  -------------------------------------------------------------------    -------------------

                         (clock ap_clk rise edge)    10.000    10.000 r  
                                                      0.000    10.000 r  ap_clk (IN)
                         net (fo=32157, unset)        1.164    11.164    grp_run_fu_161/grp_runController_fu_106/grp_runQueryTile_fu_142/runQueryBlock_1_U0/grp_runQueryBlock_1_Outline_VITIS_LOOP_117_5_fu_172/ap_clk
    SLICE_X128Y172       FDRE                                         r  grp_run_fu_161/grp_runController_fu_106/grp_runQueryTile_fu_142/runQueryBlock_1_U0/grp_runQueryBlock_1_Outline_VITIS_LOOP_117_5_fu_172/sub_i2_reg_2869_reg[14]/C
                         clock pessimism              0.094    11.258    
                         clock uncertainty           -2.735     8.522    
    SLICE_X128Y172       FDRE (Setup_GFF_SLICEM_C_D)
                                                      0.025     8.547    grp_run_fu_161/grp_runController_fu_106/grp_runQueryTile_fu_142/runQueryBlock_1_U0/grp_runQueryBlock_1_Outline_VITIS_LOOP_117_5_fu_172/sub_i2_reg_2869_reg[14]
  -------------------------------------------------------------------
                         required time                          8.547    
                         arrival time                          -8.172    
  -------------------------------------------------------------------
                         slack                                  0.375    

Slack (MET) :             0.378ns  (required time - arrival time)
  Source:                 <hidden>
                            (rising edge-triggered cell FDRE clocked by ap_clk  {rise@0.000ns fall@5.000ns period=10.000ns})
  Destination:            grp_run_fu_161/grp_runController_fu_106/grp_runQueryTile_fu_142/runQueryBlock_0_U0/grp_runQueryBlock_0_Outline_VITIS_LOOP_117_5_fu_168/acc_b_6_reg_2864_reg[21]/D
                            (rising edge-triggered cell FDRE clocked by ap_clk  {rise@0.000ns fall@5.000ns period=10.000ns})
  Path Group:             ap_clk
  Path Type:              Setup (Max at Slow Process Corner)
  Requirement:            10.000ns  (ap_clk rise@10.000ns - ap_clk rise@0.000ns)
  Data Path Delay:        6.718ns  (logic 4.770ns (70.999%)  route 1.948ns (29.001%))
  Logic Levels:           19  (CARRY8=1 DSP_A_B_DATA=2 DSP_ALU=2 DSP_M_DATA=2 DSP_MULTIPLIER=2 DSP_OUTPUT=2 DSP_PREADD=1 DSP_PREADD_DATA=3 LUT2=1 LUT3=1 LUT4=1 LUT5=1)
  Clock Path Skew:        -0.193ns (DCD - SCD + CPR)
    Destination Clock Delay (DCD):    1.267ns = ( 11.267 - 10.000 ) 
    Source Clock Delay      (SCD):    1.559ns
    Clock Pessimism Removal (CPR):    0.099ns
  Clock Uncertainty:      2.735ns  ((TSJ^2 + TIJ^2)^1/2 + DJ) / 2 + PE + UU
    Total System Jitter     (TSJ):    0.071ns
    Total Input Jitter      (TIJ):    0.000ns
    Discrete Jitter          (DJ):    0.000ns
    Phase Error              (PE):    0.000ns
    User Uncertainty         (UU):    2.700ns

    Location             Delay type                Incr(ns)  Path(ns)    Netlist Resource(s)
  -------------------------------------------------------------------    -------------------
                         (clock ap_clk rise edge)     0.000     0.000 r  
                                                      0.000     0.000 r  ap_clk (IN)
                         net (fo=32157, unset)        1.559     1.559    <hidden>
    SLICE_X86Y120        FDRE                                         r  <hidden>
  -------------------------------------------------------------------    -------------------
    SLICE_X86Y120        FDRE (Prop_HFF_SLICEL_C_Q)
                                                      0.079     1.638 r  <hidden>
                         net (fo=47, routed)          0.302     1.940    <hidden>
    SLICE_X87Y117        LUT3 (Prop_A5LUT_SLICEM_I2_O)
                                                      0.139     2.079 r  <hidden>
                         net (fo=2, routed)           0.294     2.373    <hidden>
    DSP48E2_X11Y40       DSP_A_B_DATA (Prop_DSP_A_B_DATA_DSP48E2_A[9]_A2_DATA[9])
                                                      0.192     2.565 f  <hidden>
                         net (fo=1, routed)           0.000     2.565    <hidden>
    DSP48E2_X11Y40       DSP_PREADD_DATA (Prop_DSP_PREADD_DATA_DSP48E2_A2_DATA[9]_PREADD_AB[9])
                                                      0.124     2.689 r  <hidden>
                         net (fo=1, routed)           0.000     2.689    <hidden>
    DSP48E2_X11Y40       DSP_PREADD (Prop_DSP_PREADD_DSP48E2_PREADD_AB[9]_AD[26])
                                                      0.488     3.177 f  <hidden>
                         net (fo=1, routed)           0.000     3.177    <hidden>
    DSP48E2_X11Y40       DSP_PREADD_DATA (Prop_DSP_PREADD_DATA_DSP48E2_AD[26]_AD_DATA[26])
                                                      0.050     3.227 r  <hidden>
                         net (fo=1, routed)           0.000     3.227    <hidden>
    DSP48E2_X11Y40       DSP_MULTIPLIER (Prop_DSP_MULTIPLIER_DSP48E2_AD_DATA[26]_U[43])
                                                      0.612     3.839 f  <hidden>
                         net (fo=1, routed)           0.000     3.839    <hidden>
    DSP48E2_X11Y40       DSP_M_DATA (Prop_DSP_M_DATA_DSP48E2_U[43]_U_DATA[43])
                                                      0.047     3.886 r  <hidden>
                         net (fo=1, routed)           0.000     3.886    <hidden>
    DSP48E2_X11Y40       DSP_ALU (Prop_DSP_ALU_DSP48E2_U_DATA[43]_ALU_OUT[47])
                                                      0.585     4.471 r  <hidden>
                         net (fo=1, routed)           0.000     4.471    <hidden>
    DSP48E2_X11Y40       DSP_OUTPUT (Prop_DSP_OUTPUT_DSP48E2_ALU_OUT[47]_PATTERN_DETECT)
                                                      0.363     4.834 r  <hidden>
                         net (fo=55, routed)          0.271     5.105    <hidden>
    SLICE_X89Y117        LUT5 (Prop_A6LUT_SLICEL_I3_O)
                                                      0.124     5.229 r  <hidden>
                         net (fo=1, routed)           0.009     5.238    <hidden>
    SLICE_X89Y117        CARRY8 (Prop_CARRY8_SLICEL_S[0]_CO[6])
                                                      0.215     5.453 r  <hidden>
                         net (fo=4, routed)           0.362     5.814    <hidden>
    SLICE_X90Y116        LUT4 (Prop_C5LUT_SLICEL_I0_O)
                                                      0.068     5.882 f  <hidden>
                         net (fo=1, routed)           0.350     6.232    <hidden>
    DSP48E2_X12Y40       DSP_A_B_DATA (Prop_DSP_A_B_DATA_DSP48E2_B[12]_B2_DATA[12])
                                                      0.151     6.383 r  <hidden>
                         net (fo=1, routed)           0.000     6.383    <hidden>
    DSP48E2_X12Y40       DSP_PREADD_DATA (Prop_DSP_PREADD_DATA_DSP48E2_B2_DATA[12]_B2B1[12])
                                                      0.073     6.456 r  <hidden>
                         net (fo=1, routed)           0.000     6.456    <hidden>
    DSP48E2_X12Y40       DSP_MULTIPLIER (Prop_DSP_MULTIPLIER_DSP48E2_B2B1[12]_V[23])
                                                      0.609     7.065 f  <hidden>
                         net (fo=1, routed)           0.000     7.065    <hidden>
    DSP48E2_X12Y40       DSP_M_DATA (Prop_DSP_M_DATA_DSP48E2_V[23]_V_DATA[23])
                                                      0.046     7.111 r  <hidden>
                         net (fo=1, routed)           0.000     7.111    <hidden>
    DSP48E2_X12Y40       DSP_ALU (Prop_DSP_ALU_DSP48E2_V_DATA[23]_ALU_OUT[23])
                                                      0.571     7.682 f  <hidden>
                         net (fo=1, routed)           0.000     7.682    <hidden>
    DSP48E2_X12Y40       DSP_OUTPUT (Prop_DSP_OUTPUT_DSP48E2_ALU_OUT[23]_P[23])
                                                      0.109     7.791 r  <hidden>
                         net (fo=1, routed)           0.302     8.093    <hidden>
    SLICE_X95Y120        LUT2 (Prop_B6LUT_SLICEM_I0_O)
                                                      0.125     8.218 r  <hidden>
                         net (fo=1, routed)           0.059     8.277    grp_run_fu_161/grp_runController_fu_106/grp_runQueryTile_fu_142/runQueryBlock_0_U0/grp_runQueryBlock_0_Outline_VITIS_LOOP_117_5_fu_168/grp_fu_884_p2[21]
    SLICE_X95Y120        FDRE                                         r  grp_run_fu_161/grp_runController_fu_106/grp_runQueryTile_fu_142/runQueryBlock_0_U0/grp_runQueryBlock_0_Outline_VITIS_LOOP_117_5_fu_168/acc_b_6_reg_2864_reg[21]/D
  -------------------------------------------------------------------    -------------------

                         (clock ap_clk rise edge)    10.000    10.000 r  
                                                      0.000    10.000 r  ap_clk (IN)
                         net (fo=32157, unset)        1.267    11.267    grp_run_fu_161/grp_runController_fu_106/grp_runQueryTile_fu_142/runQueryBlock_0_U0/grp_runQueryBlock_0_Outline_VITIS_LOOP_117_5_fu_168/ap_clk
    SLICE_X95Y120        FDRE                                         r  grp_run_fu_161/grp_runController_fu_106/grp_runQueryTile_fu_142/runQueryBlock_0_U0/grp_runQueryBlock_0_Outline_VITIS_LOOP_117_5_fu_168/acc_b_6_reg_2864_reg[21]/C
                         clock pessimism              0.099    11.366    
                         clock uncertainty           -2.735     8.631    
    SLICE_X95Y120        FDRE (Setup_BFF_SLICEM_C_D)
                                                      0.025     8.656    grp_run_fu_161/grp_runController_fu_106/grp_runQueryTile_fu_142/runQueryBlock_0_U0/grp_runQueryBlock_0_Outline_VITIS_LOOP_117_5_fu_168/acc_b_6_reg_2864_reg[21]
  -------------------------------------------------------------------
                         required time                          8.656    
                         arrival time                          -8.277    
  -------------------------------------------------------------------
                         slack                                  0.378    

Slack (MET) :             0.386ns  (required time - arrival time)
  Source:                 <hidden>
                            (rising edge-triggered cell FDRE clocked by ap_clk  {rise@0.000ns fall@5.000ns period=10.000ns})
  Destination:            grp_run_fu_161/grp_runController_fu_106/grp_runQueryTile_fu_142/runQueryBlock_1_U0/grp_runQueryBlock_1_Outline_VITIS_LOOP_117_5_fu_172/sub_i2_reg_2869_reg[25]/D
                            (rising edge-triggered cell FDRE clocked by ap_clk  {rise@0.000ns fall@5.000ns period=10.000ns})
  Path Group:             ap_clk
  Path Type:              Setup (Max at Slow Process Corner)
  Requirement:            10.000ns  (ap_clk rise@10.000ns - ap_clk rise@0.000ns)
  Data Path Delay:        6.819ns  (logic 4.735ns (69.438%)  route 2.084ns (30.562%))
  Logic Levels:           19  (CARRY8=1 DSP_A_B_DATA=2 DSP_ALU=2 DSP_M_DATA=2 DSP_MULTIPLIER=2 DSP_OUTPUT=2 DSP_PREADD=1 DSP_PREADD_DATA=3 LUT2=1 LUT3=1 LUT5=2)
  Clock Path Skew:        -0.084ns (DCD - SCD + CPR)
    Destination Clock Delay (DCD):    1.165ns = ( 11.165 - 10.000 ) 
    Source Clock Delay      (SCD):    1.343ns
    Clock Pessimism Removal (CPR):    0.094ns
  Clock Uncertainty:      2.735ns  ((TSJ^2 + TIJ^2)^1/2 + DJ) / 2 + PE + UU
    Total System Jitter     (TSJ):    0.071ns
    Total Input Jitter      (TIJ):    0.000ns
    Discrete Jitter          (DJ):    0.000ns
    Phase Error              (PE):    0.000ns
    User Uncertainty         (UU):    2.700ns

    Location             Delay type                Incr(ns)  Path(ns)    Netlist Resource(s)
  -------------------------------------------------------------------    -------------------
                         (clock ap_clk rise edge)     0.000     0.000 r  
                                                      0.000     0.000 r  ap_clk (IN)
                         net (fo=32157, unset)        1.343     1.343    <hidden>
    SLICE_X126Y174       FDRE                                         r  <hidden>
  -------------------------------------------------------------------    -------------------
    SLICE_X126Y174       FDRE (Prop_AFF2_SLICEM_C_Q)
                                                      0.080     1.423 r  <hidden>
                         net (fo=2, routed)           0.180     1.603    <hidden>
    SLICE_X126Y174       LUT2 (Prop_G5LUT_SLICEM_I0_O)
                                                      0.099     1.702 r  <hidden>
                         net (fo=2, routed)           0.524     2.226    <hidden>
    DSP48E2_X17Y64       DSP_A_B_DATA (Prop_DSP_A_B_DATA_DSP48E2_A[7]_A2_DATA[7])
                                                      0.192     2.418 f  <hidden>
                         net (fo=1, routed)           0.000     2.418    <hidden>
    DSP48E2_X17Y64       DSP_PREADD_DATA (Prop_DSP_PREADD_DATA_DSP48E2_A2_DATA[7]_PREADD_AB[7])
                                                      0.124     2.542 r  <hidden>
                         net (fo=1, routed)           0.000     2.542    <hidden>
    DSP48E2_X17Y64       DSP_PREADD (Prop_DSP_PREADD_DSP48E2_PREADD_AB[7]_AD[26])
                                                      0.488     3.030 f  <hidden>
                         net (fo=1, routed)           0.000     3.030    <hidden>
    DSP48E2_X17Y64       DSP_PREADD_DATA (Prop_DSP_PREADD_DATA_DSP48E2_AD[26]_AD_DATA[26])
                                                      0.050     3.080 r  <hidden>
                         net (fo=1, routed)           0.000     3.080    <hidden>
    DSP48E2_X17Y64       DSP_MULTIPLIER (Prop_DSP_MULTIPLIER_DSP48E2_AD_DATA[26]_U[43])
                                                      0.612     3.692 f  <hidden>
                         net (fo=1, routed)           0.000     3.692    <hidden>
    DSP48E2_X17Y64       DSP_M_DATA (Prop_DSP_M_DATA_DSP48E2_U[43]_U_DATA[43])
                                                      0.047     3.739 r  <hidden>
                         net (fo=1, routed)           0.000     3.739    <hidden>
    DSP48E2_X17Y64       DSP_ALU (Prop_DSP_ALU_DSP48E2_U_DATA[43]_ALU_OUT[47])
                                                      0.585     4.324 r  <hidden>
                         net (fo=1, routed)           0.000     4.324    <hidden>
    DSP48E2_X17Y64       DSP_OUTPUT (Prop_DSP_OUTPUT_DSP48E2_ALU_OUT[47]_PATTERN_DETECT)
                                                      0.363     4.687 r  <hidden>
                         net (fo=54, routed)          0.402     5.089    <hidden>
    SLICE_X128Y170       LUT5 (Prop_A6LUT_SLICEM_I3_O)
                                                      0.150     5.239 r  <hidden>
                         net (fo=1, routed)           0.013     5.252    <hidden>
    SLICE_X128Y170       CARRY8 (Prop_CARRY8_SLICEM_S[0]_CO[7])
                                                      0.199     5.451 r  <hidden>
                         net (fo=3, routed)           0.303     5.754    <hidden>
    SLICE_X127Y171       LUT5 (Prop_H5LUT_SLICEL_I0_O)
                                                      0.065     5.819 f  <hidden>
                         net (fo=1, routed)           0.334     6.153    <hidden>
    DSP48E2_X17Y63       DSP_A_B_DATA (Prop_DSP_A_B_DATA_DSP48E2_B[15]_B2_DATA[15])
                                                      0.151     6.304 r  <hidden>
                         net (fo=1, routed)           0.000     6.304    <hidden>
    DSP48E2_X17Y63       DSP_PREADD_DATA (Prop_DSP_PREADD_DATA_DSP48E2_B2_DATA[15]_B2B1[15])
                                                      0.073     6.377 r  <hidden>
                         net (fo=1, routed)           0.000     6.377    <hidden>
    DSP48E2_X17Y63       DSP_MULTIPLIER (Prop_DSP_MULTIPLIER_DSP48E2_B2B1[15]_V[29])
                                                      0.609     6.986 f  <hidden>
                         net (fo=1, routed)           0.000     6.986    <hidden>
    DSP48E2_X17Y63       DSP_M_DATA (Prop_DSP_M_DATA_DSP48E2_V[29]_V_DATA[29])
                                                      0.046     7.032 r  <hidden>
                         net (fo=1, routed)           0.000     7.032    <hidden>
    DSP48E2_X17Y63       DSP_ALU (Prop_DSP_ALU_DSP48E2_V_DATA[29]_ALU_OUT[29])
                                                      0.571     7.603 f  <hidden>
                         net (fo=1, routed)           0.000     7.603    <hidden>
    DSP48E2_X17Y63       DSP_OUTPUT (Prop_DSP_OUTPUT_DSP48E2_ALU_OUT[29]_P[29])
                                                      0.109     7.712 r  <hidden>
                         net (fo=1, routed)           0.256     7.968    <hidden>
    SLICE_X128Y172       LUT3 (Prop_D6LUT_SLICEM_I0_O)
                                                      0.122     8.090 r  <hidden>
                         net (fo=1, routed)           0.072     8.162    grp_run_fu_161/grp_runController_fu_106/grp_runQueryTile_fu_142/runQueryBlock_1_U0/grp_runQueryBlock_1_Outline_VITIS_LOOP_117_5_fu_172/grp_fu_888_p2[25]
    SLICE_X128Y172       FDRE                                         r  grp_run_fu_161/grp_runController_fu_106/grp_runQueryTile_fu_142/runQueryBlock_1_U0/grp_runQueryBlock_1_Outline_VITIS_LOOP_117_5_fu_172/sub_i2_reg_2869_reg[25]/D
  -------------------------------------------------------------------    -------------------

                         (clock ap_clk rise edge)    10.000    10.000 r  
                                                      0.000    10.000 r  ap_clk (IN)
                         net (fo=32157, unset)        1.165    11.165    grp_run_fu_161/grp_runController_fu_106/grp_runQueryTile_fu_142/runQueryBlock_1_U0/grp_runQueryBlock_1_Outline_VITIS_LOOP_117_5_fu_172/ap_clk
    SLICE_X128Y172       FDRE                                         r  grp_run_fu_161/grp_runController_fu_106/grp_runQueryTile_fu_142/runQueryBlock_1_U0/grp_runQueryBlock_1_Outline_VITIS_LOOP_117_5_fu_172/sub_i2_reg_2869_reg[25]/C
                         clock pessimism              0.094    11.259    
                         clock uncertainty           -2.735     8.523    
    SLICE_X128Y172       FDRE (Setup_DFF_SLICEM_C_D)
                                                      0.025     8.548    grp_run_fu_161/grp_runController_fu_106/grp_runQueryTile_fu_142/runQueryBlock_1_U0/grp_runQueryBlock_1_Outline_VITIS_LOOP_117_5_fu_172/sub_i2_reg_2869_reg[25]
  -------------------------------------------------------------------
                         required time                          8.548    
                         arrival time                          -8.162    
  -------------------------------------------------------------------
                         slack                                  0.386    

Slack (MET) :             0.388ns  (required time - arrival time)
  Source:                 <hidden>
                            (rising edge-triggered cell FDRE clocked by ap_clk  {rise@0.000ns fall@5.000ns period=10.000ns})
  Destination:            grp_run_fu_161/grp_runController_fu_106/grp_runQueryTile_fu_142/runQueryBlock_0_U0/grp_runQueryBlock_0_Outline_VITIS_LOOP_117_5_fu_168/acc_b_6_reg_2864_reg[10]/D
                            (rising edge-triggered cell FDRE clocked by ap_clk  {rise@0.000ns fall@5.000ns period=10.000ns})
  Path Group:             ap_clk
  Path Type:              Setup (Max at Slow Process Corner)
  Requirement:            10.000ns  (ap_clk rise@10.000ns - ap_clk rise@0.000ns)
  Data Path Delay:        6.626ns  (logic 4.734ns (71.442%)  route 1.892ns (28.558%))
  Logic Levels:           19  (CARRY8=1 DSP_A_B_DATA=2 DSP_ALU=2 DSP_M_DATA=2 DSP_MULTIPLIER=2 DSP_OUTPUT=2 DSP_PREADD=1 DSP_PREADD_DATA=3 LUT2=1 LUT3=1 LUT4=1 LUT5=1)
  Clock Path Skew:        -0.275ns (DCD - SCD + CPR)
    Destination Clock Delay (DCD):    1.264ns = ( 11.264 - 10.000 ) 
    Source Clock Delay      (SCD):    1.559ns
    Clock Pessimism Removal (CPR):    0.020ns
  Clock Uncertainty:      2.735ns  ((TSJ^2 + TIJ^2)^1/2 + DJ) / 2 + PE + UU
    Total System Jitter     (TSJ):    0.071ns
    Total Input Jitter      (TIJ):    0.000ns
    Discrete Jitter          (DJ):    0.000ns
    Phase Error              (PE):    0.000ns
    User Uncertainty         (UU):    2.700ns

    Location             Delay type                Incr(ns)  Path(ns)    Netlist Resource(s)
  -------------------------------------------------------------------    -------------------
                         (clock ap_clk rise edge)     0.000     0.000 r  
                                                      0.000     0.000 r  ap_clk (IN)
                         net (fo=32157, unset)        1.559     1.559    <hidden>
    SLICE_X86Y120        FDRE                                         r  <hidden>
  -------------------------------------------------------------------    -------------------
    SLICE_X86Y120        FDRE (Prop_HFF_SLICEL_C_Q)
                                                      0.079     1.638 r  <hidden>
                         net (fo=47, routed)          0.302     1.940    <hidden>
    SLICE_X87Y117        LUT3 (Prop_A5LUT_SLICEM_I2_O)
                                                      0.139     2.079 r  <hidden>
                         net (fo=2, routed)           0.294     2.373    <hidden>
    DSP48E2_X11Y40       DSP_A_B_DATA (Prop_DSP_A_B_DATA_DSP48E2_A[9]_A2_DATA[9])
                                                      0.192     2.565 f  <hidden>
                         net (fo=1, routed)           0.000     2.565    <hidden>
    DSP48E2_X11Y40       DSP_PREADD_DATA (Prop_DSP_PREADD_DATA_DSP48E2_A2_DATA[9]_PREADD_AB[9])
                                                      0.124     2.689 r  <hidden>
                         net (fo=1, routed)           0.000     2.689    <hidden>
    DSP48E2_X11Y40       DSP_PREADD (Prop_DSP_PREADD_DSP48E2_PREADD_AB[9]_AD[26])
                                                      0.488     3.177 f  <hidden>
                         net (fo=1, routed)           0.000     3.177    <hidden>
    DSP48E2_X11Y40       DSP_PREADD_DATA (Prop_DSP_PREADD_DATA_DSP48E2_AD[26]_AD_DATA[26])
                                                      0.050     3.227 r  <hidden>
                         net (fo=1, routed)           0.000     3.227    <hidden>
    DSP48E2_X11Y40       DSP_MULTIPLIER (Prop_DSP_MULTIPLIER_DSP48E2_AD_DATA[26]_U[43])
                                                      0.612     3.839 f  <hidden>
                         net (fo=1, routed)           0.000     3.839    <hidden>
    DSP48E2_X11Y40       DSP_M_DATA (Prop_DSP_M_DATA_DSP48E2_U[43]_U_DATA[43])
                                                      0.047     3.886 r  <hidden>
                         net (fo=1, routed)           0.000     3.886    <hidden>
    DSP48E2_X11Y40       DSP_ALU (Prop_DSP_ALU_DSP48E2_U_DATA[43]_ALU_OUT[47])
                                                      0.585     4.471 r  <hidden>
                         net (fo=1, routed)           0.000     4.471    <hidden>
    DSP48E2_X11Y40       DSP_OUTPUT (Prop_DSP_OUTPUT_DSP48E2_ALU_OUT[47]_PATTERN_DETECT)
                                                      0.363     4.834 r  <hidden>
                         net (fo=55, routed)          0.271     5.105    <hidden>
    SLICE_X89Y117        LUT5 (Prop_A6LUT_SLICEL_I3_O)
                                                      0.124     5.229 r  <hidden>
                         net (fo=1, routed)           0.009     5.238    <hidden>
    SLICE_X89Y117        CARRY8 (Prop_CARRY8_SLICEL_S[0]_CO[6])
                                                      0.215     5.453 r  <hidden>
                         net (fo=4, routed)           0.362     5.814    <hidden>
    SLICE_X90Y116        LUT4 (Prop_C5LUT_SLICEL_I0_O)
                                                      0.068     5.882 f  <hidden>
                         net (fo=1, routed)           0.350     6.232    <hidden>
    DSP48E2_X12Y40       DSP_A_B_DATA (Prop_DSP_A_B_DATA_DSP48E2_B[12]_B2_DATA[12])
                                                      0.151     6.383 r  <hidden>
                         net (fo=1, routed)           0.000     6.383    <hidden>
    DSP48E2_X12Y40       DSP_PREADD_DATA (Prop_DSP_PREADD_DATA_DSP48E2_B2_DATA[12]_B2B1[12])
                                                      0.073     6.456 r  <hidden>
                         net (fo=1, routed)           0.000     6.456    <hidden>
    DSP48E2_X12Y40       DSP_MULTIPLIER (Prop_DSP_MULTIPLIER_DSP48E2_B2B1[12]_V[12])
                                                      0.609     7.065 f  <hidden>
                         net (fo=1, routed)           0.000     7.065    <hidden>
    DSP48E2_X12Y40       DSP_M_DATA (Prop_DSP_M_DATA_DSP48E2_V[12]_V_DATA[12])
                                                      0.046     7.111 r  <hidden>
                         net (fo=1, routed)           0.000     7.111    <hidden>
    DSP48E2_X12Y40       DSP_ALU (Prop_DSP_ALU_DSP48E2_V_DATA[12]_ALU_OUT[12])
                                                      0.571     7.682 f  <hidden>
                         net (fo=1, routed)           0.000     7.682    <hidden>
    DSP48E2_X12Y40       DSP_OUTPUT (Prop_DSP_OUTPUT_DSP48E2_ALU_OUT[12]_P[12])
                                                      0.109     7.791 r  <hidden>
                         net (fo=1, routed)           0.256     8.047    <hidden>
    SLICE_X96Y119        LUT2 (Prop_D6LUT_SLICEL_I0_O)
                                                      0.089     8.136 r  <hidden>
                         net (fo=1, routed)           0.049     8.185    grp_run_fu_161/grp_runController_fu_106/grp_runQueryTile_fu_142/runQueryBlock_0_U0/grp_runQueryBlock_0_Outline_VITIS_LOOP_117_5_fu_168/grp_fu_884_p2[10]
    SLICE_X96Y119        FDRE                                         r  grp_run_fu_161/grp_runController_fu_106/grp_runQueryTile_fu_142/runQueryBlock_0_U0/grp_runQueryBlock_0_Outline_VITIS_LOOP_117_5_fu_168/acc_b_6_reg_2864_reg[10]/D
  -------------------------------------------------------------------    -------------------

                         (clock ap_clk rise edge)    10.000    10.000 r  
                                                      0.000    10.000 r  ap_clk (IN)
                         net (fo=32157, unset)        1.264    11.264    grp_run_fu_161/grp_runController_fu_106/grp_runQueryTile_fu_142/runQueryBlock_0_U0/grp_runQueryBlock_0_Outline_VITIS_LOOP_117_5_fu_168/ap_clk
    SLICE_X96Y119        FDRE                                         r  grp_run_fu_161/grp_runController_fu_106/grp_runQueryTile_fu_142/runQueryBlock_0_U0/grp_runQueryBlock_0_Outline_VITIS_LOOP_117_5_fu_168/acc_b_6_reg_2864_reg[10]/C
                         clock pessimism              0.020    11.284    
                         clock uncertainty           -2.735     8.549    
    SLICE_X96Y119        FDRE (Setup_DFF_SLICEL_C_D)
                                                      0.025     8.574    grp_run_fu_161/grp_runController_fu_106/grp_runQueryTile_fu_142/runQueryBlock_0_U0/grp_runQueryBlock_0_Outline_VITIS_LOOP_117_5_fu_168/acc_b_6_reg_2864_reg[10]
  -------------------------------------------------------------------
                         required time                          8.574    
                         arrival time                          -8.185    
  -------------------------------------------------------------------
                         slack                                  0.388    

Slack (MET) :             0.389ns  (required time - arrival time)
  Source:                 <hidden>
                            (rising edge-triggered cell FDRE clocked by ap_clk  {rise@0.000ns fall@5.000ns period=10.000ns})
  Destination:            grp_run_fu_161/grp_runController_fu_106/grp_runQueryTile_fu_142/runQueryBlock_0_U0/grp_runQueryBlock_0_Outline_VITIS_LOOP_117_5_fu_168/acc_b_6_reg_2864_reg[3]/D
                            (rising edge-triggered cell FDRE clocked by ap_clk  {rise@0.000ns fall@5.000ns period=10.000ns})
  Path Group:             ap_clk
  Path Type:              Setup (Max at Slow Process Corner)
  Requirement:            10.000ns  (ap_clk rise@10.000ns - ap_clk rise@0.000ns)
  Data Path Delay:        6.707ns  (logic 4.783ns (71.309%)  route 1.924ns (28.691%))
  Logic Levels:           19  (CARRY8=1 DSP_A_B_DATA=2 DSP_ALU=2 DSP_M_DATA=2 DSP_MULTIPLIER=2 DSP_OUTPUT=2 DSP_PREADD=1 DSP_PREADD_DATA=3 LUT2=1 LUT3=1 LUT5=2)
  Clock Path Skew:        -0.193ns (DCD - SCD + CPR)
    Destination Clock Delay (DCD):    1.267ns = ( 11.267 - 10.000 ) 
    Source Clock Delay      (SCD):    1.559ns
    Clock Pessimism Removal (CPR):    0.099ns
  Clock Uncertainty:      2.735ns  ((TSJ^2 + TIJ^2)^1/2 + DJ) / 2 + PE + UU
    Total System Jitter     (TSJ):    0.071ns
    Total Input Jitter      (TIJ):    0.000ns
    Discrete Jitter          (DJ):    0.000ns
    Phase Error              (PE):    0.000ns
    User Uncertainty         (UU):    2.700ns

    Location             Delay type                Incr(ns)  Path(ns)    Netlist Resource(s)
  -------------------------------------------------------------------    -------------------
                         (clock ap_clk rise edge)     0.000     0.000 r  
                                                      0.000     0.000 r  ap_clk (IN)
                         net (fo=32157, unset)        1.559     1.559    <hidden>
    SLICE_X86Y120        FDRE                                         r  <hidden>
  -------------------------------------------------------------------    -------------------
    SLICE_X86Y120        FDRE (Prop_HFF_SLICEL_C_Q)
                                                      0.079     1.638 r  <hidden>
                         net (fo=47, routed)          0.302     1.940    <hidden>
    SLICE_X87Y117        LUT3 (Prop_A5LUT_SLICEM_I2_O)
                                                      0.139     2.079 r  <hidden>
                         net (fo=2, routed)           0.294     2.373    <hidden>
    DSP48E2_X11Y40       DSP_A_B_DATA (Prop_DSP_A_B_DATA_DSP48E2_A[9]_A2_DATA[9])
                                                      0.192     2.565 f  <hidden>
                         net (fo=1, routed)           0.000     2.565    <hidden>
    DSP48E2_X11Y40       DSP_PREADD_DATA (Prop_DSP_PREADD_DATA_DSP48E2_A2_DATA[9]_PREADD_AB[9])
                                                      0.124     2.689 r  <hidden>
                         net (fo=1, routed)           0.000     2.689    <hidden>
    DSP48E2_X11Y40       DSP_PREADD (Prop_DSP_PREADD_DSP48E2_PREADD_AB[9]_AD[26])
                                                      0.488     3.177 f  <hidden>
                         net (fo=1, routed)           0.000     3.177    <hidden>
    DSP48E2_X11Y40       DSP_PREADD_DATA (Prop_DSP_PREADD_DATA_DSP48E2_AD[26]_AD_DATA[26])
                                                      0.050     3.227 r  <hidden>
                         net (fo=1, routed)           0.000     3.227    <hidden>
    DSP48E2_X11Y40       DSP_MULTIPLIER (Prop_DSP_MULTIPLIER_DSP48E2_AD_DATA[26]_U[43])
                                                      0.612     3.839 f  <hidden>
                         net (fo=1, routed)           0.000     3.839    <hidden>
    DSP48E2_X11Y40       DSP_M_DATA (Prop_DSP_M_DATA_DSP48E2_U[43]_U_DATA[43])
                                                      0.047     3.886 r  <hidden>
                         net (fo=1, routed)           0.000     3.886    <hidden>
    DSP48E2_X11Y40       DSP_ALU (Prop_DSP_ALU_DSP48E2_U_DATA[43]_ALU_OUT[47])
                                                      0.585     4.471 r  <hidden>
                         net (fo=1, routed)           0.000     4.471    <hidden>
    DSP48E2_X11Y40       DSP_OUTPUT (Prop_DSP_OUTPUT_DSP48E2_ALU_OUT[47]_PATTERN_DETECT)
                                                      0.363     4.834 r  <hidden>
                         net (fo=55, routed)          0.271     5.105    <hidden>
    SLICE_X89Y117        LUT5 (Prop_A6LUT_SLICEL_I3_O)
                                                      0.124     5.229 r  <hidden>
                         net (fo=1, routed)           0.009     5.238    <hidden>
    SLICE_X89Y117        CARRY8 (Prop_CARRY8_SLICEL_S[0]_CO[2])
                                                      0.113     5.351 r  <hidden>
                         net (fo=4, routed)           0.304     5.654    <hidden>
    SLICE_X92Y117        LUT5 (Prop_C5LUT_SLICEL_I0_O)
                                                      0.158     5.812 f  <hidden>
                         net (fo=1, routed)           0.410     6.222    <hidden>
    DSP48E2_X12Y40       DSP_A_B_DATA (Prop_DSP_A_B_DATA_DSP48E2_B[4]_B2_DATA[4])
                                                      0.151     6.373 r  <hidden>
                         net (fo=1, routed)           0.000     6.373    <hidden>
    DSP48E2_X12Y40       DSP_PREADD_DATA (Prop_DSP_PREADD_DATA_DSP48E2_B2_DATA[4]_B2B1[4])
                                                      0.073     6.446 r  <hidden>
                         net (fo=1, routed)           0.000     6.446    <hidden>
    DSP48E2_X12Y40       DSP_MULTIPLIER (Prop_DSP_MULTIPLIER_DSP48E2_B2B1[4]_V[5])
                                                      0.609     7.055 f  <hidden>
                         net (fo=1, routed)           0.000     7.055    <hidden>
    DSP48E2_X12Y40       DSP_M_DATA (Prop_DSP_M_DATA_DSP48E2_V[5]_V_DATA[5])
                                                      0.046     7.101 r  <hidden>
                         net (fo=1, routed)           0.000     7.101    <hidden>
    DSP48E2_X12Y40       DSP_ALU (Prop_DSP_ALU_DSP48E2_V_DATA[5]_ALU_OUT[5])
                                                      0.571     7.672 f  <hidden>
                         net (fo=1, routed)           0.000     7.672    <hidden>
    DSP48E2_X12Y40       DSP_OUTPUT (Prop_DSP_OUTPUT_DSP48E2_ALU_OUT[5]_P[5])
                                                      0.109     7.781 r  <hidden>
                         net (fo=1, routed)           0.282     8.063    <hidden>
    SLICE_X95Y120        LUT2 (Prop_A6LUT_SLICEM_I0_O)
                                                      0.150     8.213 r  <hidden>
                         net (fo=1, routed)           0.053     8.266    grp_run_fu_161/grp_runController_fu_106/grp_runQueryTile_fu_142/runQueryBlock_0_U0/grp_runQueryBlock_0_Outline_VITIS_LOOP_117_5_fu_168/grp_fu_884_p2[3]
    SLICE_X95Y120        FDRE                                         r  grp_run_fu_161/grp_runController_fu_106/grp_runQueryTile_fu_142/runQueryBlock_0_U0/grp_runQueryBlock_0_Outline_VITIS_LOOP_117_5_fu_168/acc_b_6_reg_2864_reg[3]/D
  -------------------------------------------------------------------    -------------------

                         (clock ap_clk rise edge)    10.000    10.000 r  
                                                      0.000    10.000 r  ap_clk (IN)
                         net (fo=32157, unset)        1.267    11.267    grp_run_fu_161/grp_runController_fu_106/grp_runQueryTile_fu_142/runQueryBlock_0_U0/grp_runQueryBlock_0_Outline_VITIS_LOOP_117_5_fu_168/ap_clk
    SLICE_X95Y120        FDRE                                         r  grp_run_fu_161/grp_runController_fu_106/grp_runQueryTile_fu_142/runQueryBlock_0_U0/grp_runQueryBlock_0_Outline_VITIS_LOOP_117_5_fu_168/acc_b_6_reg_2864_reg[3]/C
                         clock pessimism              0.099    11.366    
                         clock uncertainty           -2.735     8.631    
    SLICE_X95Y120        FDRE (Setup_AFF_SLICEM_C_D)
                                                      0.025     8.656    grp_run_fu_161/grp_runController_fu_106/grp_runQueryTile_fu_142/runQueryBlock_0_U0/grp_runQueryBlock_0_Outline_VITIS_LOOP_117_5_fu_168/acc_b_6_reg_2864_reg[3]
  -------------------------------------------------------------------
                         required time                          8.656    
                         arrival time                          -8.266    
  -------------------------------------------------------------------
                         slack                                  0.389    

Slack (MET) :             0.400ns  (required time - arrival time)
  Source:                 <hidden>
                            (rising edge-triggered cell FDRE clocked by ap_clk  {rise@0.000ns fall@5.000ns period=10.000ns})
  Destination:            grp_run_fu_161/grp_runController_fu_106/grp_runQueryTile_fu_142/runQueryBlock_1_U0/grp_runQueryBlock_1_Outline_VITIS_LOOP_117_5_fu_172/sub_i2_reg_2869_reg[22]/D
                            (rising edge-triggered cell FDRE clocked by ap_clk  {rise@0.000ns fall@5.000ns period=10.000ns})
  Path Group:             ap_clk
  Path Type:              Setup (Max at Slow Process Corner)
  Requirement:            10.000ns  (ap_clk rise@10.000ns - ap_clk rise@0.000ns)
  Data Path Delay:        6.803ns  (logic 4.779ns (70.248%)  route 2.024ns (29.752%))
  Logic Levels:           19  (CARRY8=1 DSP_A_B_DATA=2 DSP_ALU=2 DSP_M_DATA=2 DSP_MULTIPLIER=2 DSP_OUTPUT=2 DSP_PREADD=1 DSP_PREADD_DATA=3 LUT2=1 LUT3=1 LUT5=2)
  Clock Path Skew:        -0.086ns (DCD - SCD + CPR)
    Destination Clock Delay (DCD):    1.163ns = ( 11.163 - 10.000 ) 
    Source Clock Delay      (SCD):    1.343ns
    Clock Pessimism Removal (CPR):    0.094ns
  Clock Uncertainty:      2.735ns  ((TSJ^2 + TIJ^2)^1/2 + DJ) / 2 + PE + UU
    Total System Jitter     (TSJ):    0.071ns
    Total Input Jitter      (TIJ):    0.000ns
    Discrete Jitter          (DJ):    0.000ns
    Phase Error              (PE):    0.000ns
    User Uncertainty         (UU):    2.700ns

    Location             Delay type                Incr(ns)  Path(ns)    Netlist Resource(s)
  -------------------------------------------------------------------    -------------------
                         (clock ap_clk rise edge)     0.000     0.000 r  
                                                      0.000     0.000 r  ap_clk (IN)
                         net (fo=32157, unset)        1.343     1.343    <hidden>
    SLICE_X126Y174       FDRE                                         r  <hidden>
  -------------------------------------------------------------------    -------------------
    SLICE_X126Y174       FDRE (Prop_AFF2_SLICEM_C_Q)
                                                      0.080     1.423 r  <hidden>
                         net (fo=2, routed)           0.180     1.603    <hidden>
    SLICE_X126Y174       LUT2 (Prop_G5LUT_SLICEM_I0_O)
                                                      0.099     1.702 r  <hidden>
                         net (fo=2, routed)           0.524     2.226    <hidden>
    DSP48E2_X17Y64       DSP_A_B_DATA (Prop_DSP_A_B_DATA_DSP48E2_A[7]_A2_DATA[7])
                                                      0.192     2.418 f  <hidden>
                         net (fo=1, routed)           0.000     2.418    <hidden>
    DSP48E2_X17Y64       DSP_PREADD_DATA (Prop_DSP_PREADD_DATA_DSP48E2_A2_DATA[7]_PREADD_AB[7])
                                                      0.124     2.542 r  <hidden>
                         net (fo=1, routed)           0.000     2.542    <hidden>
    DSP48E2_X17Y64       DSP_PREADD (Prop_DSP_PREADD_DSP48E2_PREADD_AB[7]_AD[26])
                                                      0.488     3.030 f  <hidden>
                         net (fo=1, routed)           0.000     3.030    <hidden>
    DSP48E2_X17Y64       DSP_PREADD_DATA (Prop_DSP_PREADD_DATA_DSP48E2_AD[26]_AD_DATA[26])
                                                      0.050     3.080 r  <hidden>
                         net (fo=1, routed)           0.000     3.080    <hidden>
    DSP48E2_X17Y64       DSP_MULTIPLIER (Prop_DSP_MULTIPLIER_DSP48E2_AD_DATA[26]_U[43])
                                                      0.612     3.692 f  <hidden>
                         net (fo=1, routed)           0.000     3.692    <hidden>
    DSP48E2_X17Y64       DSP_M_DATA (Prop_DSP_M_DATA_DSP48E2_U[43]_U_DATA[43])
                                                      0.047     3.739 r  <hidden>
                         net (fo=1, routed)           0.000     3.739    <hidden>
    DSP48E2_X17Y64       DSP_ALU (Prop_DSP_ALU_DSP48E2_U_DATA[43]_ALU_OUT[47])
                                                      0.585     4.324 r  <hidden>
                         net (fo=1, routed)           0.000     4.324    <hidden>
    DSP48E2_X17Y64       DSP_OUTPUT (Prop_DSP_OUTPUT_DSP48E2_ALU_OUT[47]_PATTERN_DETECT)
                                                      0.363     4.687 r  <hidden>
                         net (fo=54, routed)          0.402     5.089    <hidden>
    SLICE_X128Y170       LUT5 (Prop_A6LUT_SLICEM_I3_O)
                                                      0.150     5.239 r  <hidden>
                         net (fo=1, routed)           0.013     5.252    <hidden>
    SLICE_X128Y170       CARRY8 (Prop_CARRY8_SLICEM_S[0]_CO[7])
                                                      0.199     5.451 r  <hidden>
                         net (fo=3, routed)           0.303     5.754    <hidden>
    SLICE_X127Y171       LUT5 (Prop_H5LUT_SLICEL_I0_O)
                                                      0.065     5.819 f  <hidden>
                         net (fo=1, routed)           0.334     6.153    <hidden>
    DSP48E2_X17Y63       DSP_A_B_DATA (Prop_DSP_A_B_DATA_DSP48E2_B[15]_B2_DATA[15])
                                                      0.151     6.304 r  <hidden>
                         net (fo=1, routed)           0.000     6.304    <hidden>
    DSP48E2_X17Y63       DSP_PREADD_DATA (Prop_DSP_PREADD_DATA_DSP48E2_B2_DATA[15]_B2B1[15])
                                                      0.073     6.377 r  <hidden>
                         net (fo=1, routed)           0.000     6.377    <hidden>
    DSP48E2_X17Y63       DSP_MULTIPLIER (Prop_DSP_MULTIPLIER_DSP48E2_B2B1[15]_V[24])
                                                      0.609     6.986 f  <hidden>
                         net (fo=1, routed)           0.000     6.986    <hidden>
    DSP48E2_X17Y63       DSP_M_DATA (Prop_DSP_M_DATA_DSP48E2_V[24]_V_DATA[24])
                                                      0.046     7.032 r  <hidden>
                         net (fo=1, routed)           0.000     7.032    <hidden>
    DSP48E2_X17Y63       DSP_ALU (Prop_DSP_ALU_DSP48E2_V_DATA[24]_ALU_OUT[24])
                                                      0.571     7.603 f  <hidden>
                         net (fo=1, routed)           0.000     7.603    <hidden>
    DSP48E2_X17Y63       DSP_OUTPUT (Prop_DSP_OUTPUT_DSP48E2_ALU_OUT[24]_P[24])
                                                      0.109     7.712 r  <hidden>
                         net (fo=1, routed)           0.234     7.946    <hidden>
    SLICE_X128Y169       LUT3 (Prop_F5LUT_SLICEM_I0_O)
                                                      0.166     8.112 r  <hidden>
                         net (fo=1, routed)           0.034     8.146    grp_run_fu_161/grp_runController_fu_106/grp_runQueryTile_fu_142/runQueryBlock_1_U0/grp_runQueryBlock_1_Outline_VITIS_LOOP_117_5_fu_172/grp_fu_888_p2[22]
    SLICE_X128Y169       FDRE                                         r  grp_run_fu_161/grp_runController_fu_106/grp_runQueryTile_fu_142/runQueryBlock_1_U0/grp_runQueryBlock_1_Outline_VITIS_LOOP_117_5_fu_172/sub_i2_reg_2869_reg[22]/D
  -------------------------------------------------------------------    -------------------

                         (clock ap_clk rise edge)    10.000    10.000 r  
                                                      0.000    10.000 r  ap_clk (IN)
                         net (fo=32157, unset)        1.163    11.163    grp_run_fu_161/grp_runController_fu_106/grp_runQueryTile_fu_142/runQueryBlock_1_U0/grp_runQueryBlock_1_Outline_VITIS_LOOP_117_5_fu_172/ap_clk
    SLICE_X128Y169       FDRE                                         r  grp_run_fu_161/grp_runController_fu_106/grp_runQueryTile_fu_142/runQueryBlock_1_U0/grp_runQueryBlock_1_Outline_VITIS_LOOP_117_5_fu_172/sub_i2_reg_2869_reg[22]/C
                         clock pessimism              0.094    11.257    
                         clock uncertainty           -2.735     8.521    
    SLICE_X128Y169       FDRE (Setup_FFF2_SLICEM_C_D)
                                                      0.025     8.546    grp_run_fu_161/grp_runController_fu_106/grp_runQueryTile_fu_142/runQueryBlock_1_U0/grp_runQueryBlock_1_Outline_VITIS_LOOP_117_5_fu_172/sub_i2_reg_2869_reg[22]
  -------------------------------------------------------------------
                         required time                          8.546    
                         arrival time                          -8.146    
  -------------------------------------------------------------------
                         slack                                  0.400    

Slack (MET) :             0.406ns  (required time - arrival time)
  Source:                 <hidden>
                            (rising edge-triggered cell FDRE clocked by ap_clk  {rise@0.000ns fall@5.000ns period=10.000ns})
  Destination:            grp_run_fu_161/grp_runController_fu_106/grp_runQueryTile_fu_142/runQueryBlock_0_U0/grp_runQueryBlock_0_Outline_VITIS_LOOP_117_5_fu_168/sub_i6_reg_2877_reg[29]/D
                            (rising edge-triggered cell FDRE clocked by ap_clk  {rise@0.000ns fall@5.000ns period=10.000ns})
  Path Group:             ap_clk
  Path Type:              Setup (Max at Slow Process Corner)
  Requirement:            10.000ns  (ap_clk rise@10.000ns - ap_clk rise@0.000ns)
  Data Path Delay:        6.787ns  (logic 4.357ns (64.197%)  route 2.430ns (35.803%))
  Logic Levels:           20  (CARRY8=1 DSP_A_B_DATA=1 DSP_ALU=2 DSP_C_DATA=1 DSP_M_DATA=1 DSP_MULTIPLIER=1 DSP_OUTPUT=2 DSP_PREADD=1 DSP_PREADD_DATA=2 LUT2=1 LUT3=3 LUT5=2 LUT6=2)
  Clock Path Skew:        -0.097ns (DCD - SCD + CPR)
    Destination Clock Delay (DCD):    1.369ns = ( 11.369 - 10.000 ) 
    Source Clock Delay      (SCD):    1.580ns
    Clock Pessimism Removal (CPR):    0.114ns
  Clock Uncertainty:      2.735ns  ((TSJ^2 + TIJ^2)^1/2 + DJ) / 2 + PE + UU
    Total System Jitter     (TSJ):    0.071ns
    Total Input Jitter      (TIJ):    0.000ns
    Discrete Jitter          (DJ):    0.000ns
    Phase Error              (PE):    0.000ns
    User Uncertainty         (UU):    2.700ns

    Location             Delay type                Incr(ns)  Path(ns)    Netlist Resource(s)
  -------------------------------------------------------------------    -------------------
                         (clock ap_clk rise edge)     0.000     0.000 r  
                                                      0.000     0.000 r  ap_clk (IN)
                         net (fo=32157, unset)        1.580     1.580    <hidden>
    SLICE_X79Y119        FDRE                                         r  <hidden>
  -------------------------------------------------------------------    -------------------
    SLICE_X79Y119        FDRE (Prop_HFF_SLICEL_C_Q)
                                                      0.079     1.659 f  <hidden>
                         net (fo=47, routed)          0.259     1.918    <hidden>
    SLICE_X76Y114        LUT2 (Prop_B5LUT_SLICEM_I1_O)
                                                      0.103     2.021 r  <hidden>
                         net (fo=2, routed)           0.345     2.367    <hidden>
    DSP48E2_X10Y40       DSP_A_B_DATA (Prop_DSP_A_B_DATA_DSP48E2_A[9]_A2_DATA[9])
                                                      0.192     2.559 f  <hidden>
                         net (fo=1, routed)           0.000     2.559    <hidden>
    DSP48E2_X10Y40       DSP_PREADD_DATA (Prop_DSP_PREADD_DATA_DSP48E2_A2_DATA[9]_PREADD_AB[9])
                                                      0.124     2.683 r  <hidden>
                         net (fo=1, routed)           0.000     2.683    <hidden>
    DSP48E2_X10Y40       DSP_PREADD (Prop_DSP_PREADD_DSP48E2_PREADD_AB[9]_AD[26])
                                                      0.488     3.171 f  <hidden>
                         net (fo=1, routed)           0.000     3.171    <hidden>
    DSP48E2_X10Y40       DSP_PREADD_DATA (Prop_DSP_PREADD_DATA_DSP48E2_AD[26]_AD_DATA[26])
                                                      0.050     3.221 r  <hidden>
                         net (fo=1, routed)           0.000     3.221    <hidden>
    DSP48E2_X10Y40       DSP_MULTIPLIER (Prop_DSP_MULTIPLIER_DSP48E2_AD_DATA[26]_U[43])
                                                      0.612     3.833 f  <hidden>
                         net (fo=1, routed)           0.000     3.833    <hidden>
    DSP48E2_X10Y40       DSP_M_DATA (Prop_DSP_M_DATA_DSP48E2_U[43]_U_DATA[43])
                                                      0.047     3.880 r  <hidden>
                         net (fo=1, routed)           0.000     3.880    <hidden>
    DSP48E2_X10Y40       DSP_ALU (Prop_DSP_ALU_DSP48E2_U_DATA[43]_ALU_OUT[47])
                                                      0.585     4.465 r  <hidden>
                         net (fo=1, routed)           0.000     4.465    <hidden>
    DSP48E2_X10Y40       DSP_OUTPUT (Prop_DSP_OUTPUT_DSP48E2_ALU_OUT[47]_PATTERN_DETECT)
                                                      0.363     4.828 r  <hidden>
                         net (fo=54, routed)          0.387     5.214    <hidden>
    SLICE_X75Y114        LUT5 (Prop_B6LUT_SLICEL_I3_O)
                                                      0.124     5.338 r  <hidden>
                         net (fo=1, routed)           0.009     5.347    <hidden>
    SLICE_X75Y114        CARRY8 (Prop_CARRY8_SLICEL_S[1]_CO[5])
                                                      0.195     5.542 r  <hidden>
                         net (fo=5, routed)           0.198     5.740    <hidden>
    SLICE_X75Y113        LUT3 (Prop_D6LUT_SLICEL_I0_O)
                                                      0.146     5.886 r  <hidden>
                         net (fo=5, routed)           0.116     6.002    <hidden>
    SLICE_X74Y113        LUT6 (Prop_B6LUT_SLICEM_I3_O)
                                                      0.149     6.151 f  <hidden>
                         net (fo=6, routed)           0.193     6.344    <hidden>
    SLICE_X75Y112        LUT6 (Prop_H6LUT_SLICEL_I1_O)
                                                      0.099     6.443 f  <hidden>
                         net (fo=4, routed)           0.157     6.600    <hidden>
    SLICE_X75Y113        LUT5 (Prop_C5LUT_SLICEL_I2_O)
                                                      0.098     6.698 r  <hidden>
                         net (fo=4, routed)           0.228     6.926    <hidden>
    SLICE_X75Y113        LUT3 (Prop_B6LUT_SLICEL_I1_O)
                                                      0.051     6.977 r  <hidden>
                         net (fo=1, routed)           0.232     7.209    <hidden>
    DSP48E2_X10Y38       DSP_C_DATA (Prop_DSP_C_DATA_DSP48E2_C[33]_C_DATA[33])
                                                      0.105     7.314 r  <hidden>
                         net (fo=2, routed)           0.000     7.314    <hidden>
    DSP48E2_X10Y38       DSP_ALU (Prop_DSP_ALU_DSP48E2_C_DATA[33]_ALU_OUT[33])
                                                      0.585     7.899 f  <hidden>
                         net (fo=1, routed)           0.000     7.899    <hidden>
    DSP48E2_X10Y38       DSP_OUTPUT (Prop_DSP_OUTPUT_DSP48E2_ALU_OUT[33]_P[33])
                                                      0.109     8.008 r  <hidden>
                         net (fo=1, routed)           0.253     8.261    <hidden>
    SLICE_X77Y112        LUT3 (Prop_A6LUT_SLICEM_I0_O)
                                                      0.053     8.314 r  <hidden>
                         net (fo=1, routed)           0.053     8.367    grp_run_fu_161/grp_runController_fu_106/grp_runQueryTile_fu_142/runQueryBlock_0_U0/grp_runQueryBlock_0_Outline_VITIS_LOOP_117_5_fu_168/grp_fu_893_p2[29]
    SLICE_X77Y112        FDRE                                         r  grp_run_fu_161/grp_runController_fu_106/grp_runQueryTile_fu_142/runQueryBlock_0_U0/grp_runQueryBlock_0_Outline_VITIS_LOOP_117_5_fu_168/sub_i6_reg_2877_reg[29]/D
  -------------------------------------------------------------------    -------------------

                         (clock ap_clk rise edge)    10.000    10.000 r  
                                                      0.000    10.000 r  ap_clk (IN)
                         net (fo=32157, unset)        1.369    11.369    grp_run_fu_161/grp_runController_fu_106/grp_runQueryTile_fu_142/runQueryBlock_0_U0/grp_runQueryBlock_0_Outline_VITIS_LOOP_117_5_fu_168/ap_clk
    SLICE_X77Y112        FDRE                                         r  grp_run_fu_161/grp_runController_fu_106/grp_runQueryTile_fu_142/runQueryBlock_0_U0/grp_runQueryBlock_0_Outline_VITIS_LOOP_117_5_fu_168/sub_i6_reg_2877_reg[29]/C
                         clock pessimism              0.114    11.483    
                         clock uncertainty           -2.735     8.748    
    SLICE_X77Y112        FDRE (Setup_AFF_SLICEM_C_D)
                                                      0.025     8.773    grp_run_fu_161/grp_runController_fu_106/grp_runQueryTile_fu_142/runQueryBlock_0_U0/grp_runQueryBlock_0_Outline_VITIS_LOOP_117_5_fu_168/sub_i6_reg_2877_reg[29]
  -------------------------------------------------------------------
                         required time                          8.773    
                         arrival time                          -8.367    
  -------------------------------------------------------------------
                         slack                                  0.406    

Slack (MET) :             0.407ns  (required time - arrival time)
  Source:                 <hidden>
                            (rising edge-triggered cell FDRE clocked by ap_clk  {rise@0.000ns fall@5.000ns period=10.000ns})
  Destination:            grp_run_fu_161/grp_runController_fu_106/grp_runQueryTile_fu_142/runQueryBlock_0_U0/grp_runQueryBlock_0_Outline_VITIS_LOOP_117_5_fu_168/acc_b_6_reg_2864_reg[5]/D
                            (rising edge-triggered cell FDRE clocked by ap_clk  {rise@0.000ns fall@5.000ns period=10.000ns})
  Path Group:             ap_clk
  Path Type:              Setup (Max at Slow Process Corner)
  Requirement:            10.000ns  (ap_clk rise@10.000ns - ap_clk rise@0.000ns)
  Data Path Delay:        6.689ns  (logic 4.756ns (71.098%)  route 1.933ns (28.902%))
  Logic Levels:           19  (CARRY8=1 DSP_A_B_DATA=2 DSP_ALU=2 DSP_M_DATA=2 DSP_MULTIPLIER=2 DSP_OUTPUT=2 DSP_PREADD=1 DSP_PREADD_DATA=3 LUT2=1 LUT3=1 LUT5=2)
  Clock Path Skew:        -0.193ns (DCD - SCD + CPR)
    Destination Clock Delay (DCD):    1.267ns = ( 11.267 - 10.000 ) 
    Source Clock Delay      (SCD):    1.559ns
    Clock Pessimism Removal (CPR):    0.099ns
  Clock Uncertainty:      2.735ns  ((TSJ^2 + TIJ^2)^1/2 + DJ) / 2 + PE + UU
    Total System Jitter     (TSJ):    0.071ns
    Total Input Jitter      (TIJ):    0.000ns
    Discrete Jitter          (DJ):    0.000ns
    Phase Error              (PE):    0.000ns
    User Uncertainty         (UU):    2.700ns

    Location             Delay type                Incr(ns)  Path(ns)    Netlist Resource(s)
  -------------------------------------------------------------------    -------------------
                         (clock ap_clk rise edge)     0.000     0.000 r  
                                                      0.000     0.000 r  ap_clk (IN)
                         net (fo=32157, unset)        1.559     1.559    <hidden>
    SLICE_X86Y120        FDRE                                         r  <hidden>
  -------------------------------------------------------------------    -------------------
    SLICE_X86Y120        FDRE (Prop_HFF_SLICEL_C_Q)
                                                      0.079     1.638 r  <hidden>
                         net (fo=47, routed)          0.302     1.940    <hidden>
    SLICE_X87Y117        LUT3 (Prop_A5LUT_SLICEM_I2_O)
                                                      0.139     2.079 r  <hidden>
                         net (fo=2, routed)           0.294     2.373    <hidden>
    DSP48E2_X11Y40       DSP_A_B_DATA (Prop_DSP_A_B_DATA_DSP48E2_A[9]_A2_DATA[9])
                                                      0.192     2.565 f  <hidden>
                         net (fo=1, routed)           0.000     2.565    <hidden>
    DSP48E2_X11Y40       DSP_PREADD_DATA (Prop_DSP_PREADD_DATA_DSP48E2_A2_DATA[9]_PREADD_AB[9])
                                                      0.124     2.689 r  <hidden>
                         net (fo=1, routed)           0.000     2.689    <hidden>
    DSP48E2_X11Y40       DSP_PREADD (Prop_DSP_PREADD_DSP48E2_PREADD_AB[9]_AD[26])
                                                      0.488     3.177 f  <hidden>
                         net (fo=1, routed)           0.000     3.177    <hidden>
    DSP48E2_X11Y40       DSP_PREADD_DATA (Prop_DSP_PREADD_DATA_DSP48E2_AD[26]_AD_DATA[26])
                                                      0.050     3.227 r  <hidden>
                         net (fo=1, routed)           0.000     3.227    <hidden>
    DSP48E2_X11Y40       DSP_MULTIPLIER (Prop_DSP_MULTIPLIER_DSP48E2_AD_DATA[26]_U[43])
                                                      0.612     3.839 f  <hidden>
                         net (fo=1, routed)           0.000     3.839    <hidden>
    DSP48E2_X11Y40       DSP_M_DATA (Prop_DSP_M_DATA_DSP48E2_U[43]_U_DATA[43])
                                                      0.047     3.886 r  <hidden>
                         net (fo=1, routed)           0.000     3.886    <hidden>
    DSP48E2_X11Y40       DSP_ALU (Prop_DSP_ALU_DSP48E2_U_DATA[43]_ALU_OUT[47])
                                                      0.585     4.471 r  <hidden>
                         net (fo=1, routed)           0.000     4.471    <hidden>
    DSP48E2_X11Y40       DSP_OUTPUT (Prop_DSP_OUTPUT_DSP48E2_ALU_OUT[47]_PATTERN_DETECT)
                                                      0.363     4.834 r  <hidden>
                         net (fo=55, routed)          0.271     5.105    <hidden>
    SLICE_X89Y117        LUT5 (Prop_A6LUT_SLICEL_I3_O)
                                                      0.124     5.229 r  <hidden>
                         net (fo=1, routed)           0.009     5.238    <hidden>
    SLICE_X89Y117        CARRY8 (Prop_CARRY8_SLICEL_S[0]_CO[2])
                                                      0.113     5.351 r  <hidden>
                         net (fo=4, routed)           0.304     5.654    <hidden>
    SLICE_X92Y117        LUT5 (Prop_C5LUT_SLICEL_I0_O)
                                                      0.158     5.812 f  <hidden>
                         net (fo=1, routed)           0.410     6.222    <hidden>
    DSP48E2_X12Y40       DSP_A_B_DATA (Prop_DSP_A_B_DATA_DSP48E2_B[4]_B2_DATA[4])
                                                      0.151     6.373 r  <hidden>
                         net (fo=1, routed)           0.000     6.373    <hidden>
    DSP48E2_X12Y40       DSP_PREADD_DATA (Prop_DSP_PREADD_DATA_DSP48E2_B2_DATA[4]_B2B1[4])
                                                      0.073     6.446 r  <hidden>
                         net (fo=1, routed)           0.000     6.446    <hidden>
    DSP48E2_X12Y40       DSP_MULTIPLIER (Prop_DSP_MULTIPLIER_DSP48E2_B2B1[4]_V[7])
                                                      0.609     7.055 f  <hidden>
                         net (fo=1, routed)           0.000     7.055    <hidden>
    DSP48E2_X12Y40       DSP_M_DATA (Prop_DSP_M_DATA_DSP48E2_V[7]_V_DATA[7])
                                                      0.046     7.101 r  <hidden>
                         net (fo=1, routed)           0.000     7.101    <hidden>
    DSP48E2_X12Y40       DSP_ALU (Prop_DSP_ALU_DSP48E2_V_DATA[7]_ALU_OUT[7])
                                                      0.571     7.672 f  <hidden>
                         net (fo=1, routed)           0.000     7.672    <hidden>
    DSP48E2_X12Y40       DSP_OUTPUT (Prop_DSP_OUTPUT_DSP48E2_ALU_OUT[7]_P[7])
                                                      0.109     7.781 r  <hidden>
                         net (fo=1, routed)           0.278     8.059    <hidden>
    SLICE_X95Y120        LUT2 (Prop_C6LUT_SLICEM_I0_O)
                                                      0.123     8.182 r  <hidden>
                         net (fo=1, routed)           0.066     8.248    grp_run_fu_161/grp_runController_fu_106/grp_runQueryTile_fu_142/runQueryBlock_0_U0/grp_runQueryBlock_0_Outline_VITIS_LOOP_117_5_fu_168/grp_fu_884_p2[5]
    SLICE_X95Y120        FDRE                                         r  grp_run_fu_161/grp_runController_fu_106/grp_runQueryTile_fu_142/runQueryBlock_0_U0/grp_runQueryBlock_0_Outline_VITIS_LOOP_117_5_fu_168/acc_b_6_reg_2864_reg[5]/D
  -------------------------------------------------------------------    -------------------

                         (clock ap_clk rise edge)    10.000    10.000 r  
                                                      0.000    10.000 r  ap_clk (IN)
                         net (fo=32157, unset)        1.267    11.267    grp_run_fu_161/grp_runController_fu_106/grp_runQueryTile_fu_142/runQueryBlock_0_U0/grp_runQueryBlock_0_Outline_VITIS_LOOP_117_5_fu_168/ap_clk
    SLICE_X95Y120        FDRE                                         r  grp_run_fu_161/grp_runController_fu_106/grp_runQueryTile_fu_142/runQueryBlock_0_U0/grp_runQueryBlock_0_Outline_VITIS_LOOP_117_5_fu_168/acc_b_6_reg_2864_reg[5]/C
                         clock pessimism              0.099    11.366    
                         clock uncertainty           -2.735     8.631    
    SLICE_X95Y120        FDRE (Setup_CFF_SLICEM_C_D)
                                                      0.025     8.656    grp_run_fu_161/grp_runController_fu_106/grp_runQueryTile_fu_142/runQueryBlock_0_U0/grp_runQueryBlock_0_Outline_VITIS_LOOP_117_5_fu_168/acc_b_6_reg_2864_reg[5]
  -------------------------------------------------------------------
                         required time                          8.656    
                         arrival time                          -8.248    
  -------------------------------------------------------------------
                         slack                                  0.407    

Slack (MET) :             0.414ns  (required time - arrival time)
  Source:                 <hidden>
                            (rising edge-triggered cell FDRE clocked by ap_clk  {rise@0.000ns fall@5.000ns period=10.000ns})
  Destination:            grp_run_fu_161/grp_runController_fu_106/grp_runQueryTile_fu_142/runQueryBlock_0_U0/grp_runQueryBlock_0_Outline_VITIS_LOOP_117_5_fu_168/acc_b_6_reg_2864_reg[13]/D
                            (rising edge-triggered cell FDRE clocked by ap_clk  {rise@0.000ns fall@5.000ns period=10.000ns})
  Path Group:             ap_clk
  Path Type:              Setup (Max at Slow Process Corner)
  Requirement:            10.000ns  (ap_clk rise@10.000ns - ap_clk rise@0.000ns)
  Data Path Delay:        6.606ns  (logic 4.697ns (71.098%)  route 1.909ns (28.902%))
  Logic Levels:           19  (CARRY8=1 DSP_A_B_DATA=2 DSP_ALU=2 DSP_M_DATA=2 DSP_MULTIPLIER=2 DSP_OUTPUT=2 DSP_PREADD=1 DSP_PREADD_DATA=3 LUT2=1 LUT3=1 LUT4=1 LUT5=1)
  Clock Path Skew:        -0.269ns (DCD - SCD + CPR)
    Destination Clock Delay (DCD):    1.270ns = ( 11.270 - 10.000 ) 
    Source Clock Delay      (SCD):    1.559ns
    Clock Pessimism Removal (CPR):    0.020ns
  Clock Uncertainty:      2.735ns  ((TSJ^2 + TIJ^2)^1/2 + DJ) / 2 + PE + UU
    Total System Jitter     (TSJ):    0.071ns
    Total Input Jitter      (TIJ):    0.000ns
    Discrete Jitter          (DJ):    0.000ns
    Phase Error              (PE):    0.000ns
    User Uncertainty         (UU):    2.700ns

    Location             Delay type                Incr(ns)  Path(ns)    Netlist Resource(s)
  -------------------------------------------------------------------    -------------------
                         (clock ap_clk rise edge)     0.000     0.000 r  
                                                      0.000     0.000 r  ap_clk (IN)
                         net (fo=32157, unset)        1.559     1.559    <hidden>
    SLICE_X86Y120        FDRE                                         r  <hidden>
  -------------------------------------------------------------------    -------------------
    SLICE_X86Y120        FDRE (Prop_HFF_SLICEL_C_Q)
                                                      0.079     1.638 r  <hidden>
                         net (fo=47, routed)          0.302     1.940    <hidden>
    SLICE_X87Y117        LUT3 (Prop_A5LUT_SLICEM_I2_O)
                                                      0.139     2.079 r  <hidden>
                         net (fo=2, routed)           0.294     2.373    <hidden>
    DSP48E2_X11Y40       DSP_A_B_DATA (Prop_DSP_A_B_DATA_DSP48E2_A[9]_A2_DATA[9])
                                                      0.192     2.565 f  <hidden>
                         net (fo=1, routed)           0.000     2.565    <hidden>
    DSP48E2_X11Y40       DSP_PREADD_DATA (Prop_DSP_PREADD_DATA_DSP48E2_A2_DATA[9]_PREADD_AB[9])
                                                      0.124     2.689 r  <hidden>
                         net (fo=1, routed)           0.000     2.689    <hidden>
    DSP48E2_X11Y40       DSP_PREADD (Prop_DSP_PREADD_DSP48E2_PREADD_AB[9]_AD[26])
                                                      0.488     3.177 f  <hidden>
                         net (fo=1, routed)           0.000     3.177    <hidden>
    DSP48E2_X11Y40       DSP_PREADD_DATA (Prop_DSP_PREADD_DATA_DSP48E2_AD[26]_AD_DATA[26])
                                                      0.050     3.227 r  <hidden>
                         net (fo=1, routed)           0.000     3.227    <hidden>
    DSP48E2_X11Y40       DSP_MULTIPLIER (Prop_DSP_MULTIPLIER_DSP48E2_AD_DATA[26]_U[43])
                                                      0.612     3.839 f  <hidden>
                         net (fo=1, routed)           0.000     3.839    <hidden>
    DSP48E2_X11Y40       DSP_M_DATA (Prop_DSP_M_DATA_DSP48E2_U[43]_U_DATA[43])
                                                      0.047     3.886 r  <hidden>
                         net (fo=1, routed)           0.000     3.886    <hidden>
    DSP48E2_X11Y40       DSP_ALU (Prop_DSP_ALU_DSP48E2_U_DATA[43]_ALU_OUT[47])
                                                      0.585     4.471 r  <hidden>
                         net (fo=1, routed)           0.000     4.471    <hidden>
    DSP48E2_X11Y40       DSP_OUTPUT (Prop_DSP_OUTPUT_DSP48E2_ALU_OUT[47]_PATTERN_DETECT)
                                                      0.363     4.834 r  <hidden>
                         net (fo=55, routed)          0.271     5.105    <hidden>
    SLICE_X89Y117        LUT5 (Prop_A6LUT_SLICEL_I3_O)
                                                      0.124     5.229 r  <hidden>
                         net (fo=1, routed)           0.009     5.238    <hidden>
    SLICE_X89Y117        CARRY8 (Prop_CARRY8_SLICEL_S[0]_CO[6])
                                                      0.215     5.453 r  <hidden>
                         net (fo=4, routed)           0.362     5.814    <hidden>
    SLICE_X90Y116        LUT4 (Prop_C5LUT_SLICEL_I0_O)
                                                      0.068     5.882 f  <hidden>
                         net (fo=1, routed)           0.350     6.232    <hidden>
    DSP48E2_X12Y40       DSP_A_B_DATA (Prop_DSP_A_B_DATA_DSP48E2_B[12]_B2_DATA[12])
                                                      0.151     6.383 r  <hidden>
                         net (fo=1, routed)           0.000     6.383    <hidden>
    DSP48E2_X12Y40       DSP_PREADD_DATA (Prop_DSP_PREADD_DATA_DSP48E2_B2_DATA[12]_B2B1[12])
                                                      0.073     6.456 r  <hidden>
                         net (fo=1, routed)           0.000     6.456    <hidden>
    DSP48E2_X12Y40       DSP_MULTIPLIER (Prop_DSP_MULTIPLIER_DSP48E2_B2B1[12]_V[15])
                                                      0.609     7.065 f  <hidden>
                         net (fo=1, routed)           0.000     7.065    <hidden>
    DSP48E2_X12Y40       DSP_M_DATA (Prop_DSP_M_DATA_DSP48E2_V[15]_V_DATA[15])
                                                      0.046     7.111 r  <hidden>
                         net (fo=1, routed)           0.000     7.111    <hidden>
    DSP48E2_X12Y40       DSP_ALU (Prop_DSP_ALU_DSP48E2_V_DATA[15]_ALU_OUT[15])
                                                      0.571     7.682 f  <hidden>
                         net (fo=1, routed)           0.000     7.682    <hidden>
    DSP48E2_X12Y40       DSP_OUTPUT (Prop_DSP_OUTPUT_DSP48E2_ALU_OUT[15]_P[15])
                                                      0.109     7.791 r  <hidden>
                         net (fo=1, routed)           0.263     8.054    <hidden>
    SLICE_X95Y119        LUT2 (Prop_G6LUT_SLICEM_I0_O)
                                                      0.052     8.106 r  <hidden>
                         net (fo=1, routed)           0.059     8.165    grp_run_fu_161/grp_runController_fu_106/grp_runQueryTile_fu_142/runQueryBlock_0_U0/grp_runQueryBlock_0_Outline_VITIS_LOOP_117_5_fu_168/grp_fu_884_p2[13]
    SLICE_X95Y119        FDRE                                         r  grp_run_fu_161/grp_runController_fu_106/grp_runQueryTile_fu_142/runQueryBlock_0_U0/grp_runQueryBlock_0_Outline_VITIS_LOOP_117_5_fu_168/acc_b_6_reg_2864_reg[13]/D
  -------------------------------------------------------------------    -------------------

                         (clock ap_clk rise edge)    10.000    10.000 r  
                                                      0.000    10.000 r  ap_clk (IN)
                         net (fo=32157, unset)        1.270    11.270    grp_run_fu_161/grp_runController_fu_106/grp_runQueryTile_fu_142/runQueryBlock_0_U0/grp_runQueryBlock_0_Outline_VITIS_LOOP_117_5_fu_168/ap_clk
    SLICE_X95Y119        FDRE                                         r  grp_run_fu_161/grp_runController_fu_106/grp_runQueryTile_fu_142/runQueryBlock_0_U0/grp_runQueryBlock_0_Outline_VITIS_LOOP_117_5_fu_168/acc_b_6_reg_2864_reg[13]/C
                         clock pessimism              0.020    11.290    
                         clock uncertainty           -2.735     8.555    
    SLICE_X95Y119        FDRE (Setup_GFF_SLICEM_C_D)
                                                      0.025     8.580    grp_run_fu_161/grp_runController_fu_106/grp_runQueryTile_fu_142/runQueryBlock_0_U0/grp_runQueryBlock_0_Outline_VITIS_LOOP_117_5_fu_168/acc_b_6_reg_2864_reg[13]
  -------------------------------------------------------------------
                         required time                          8.580    
                         arrival time                          -8.165    
  -------------------------------------------------------------------
                         slack                                  0.414    

Slack (MET) :             0.419ns  (required time - arrival time)
  Source:                 <hidden>
                            (rising edge-triggered cell FDRE clocked by ap_clk  {rise@0.000ns fall@5.000ns period=10.000ns})
  Destination:            grp_run_fu_161/grp_runController_fu_106/grp_runQueryTile_fu_142/runQueryBlock_1_U0/grp_runQueryBlock_1_Outline_VITIS_LOOP_117_5_fu_172/sub_i2_reg_2869_reg[13]/D
                            (rising edge-triggered cell FDRE clocked by ap_clk  {rise@0.000ns fall@5.000ns period=10.000ns})
  Path Group:             ap_clk
  Path Type:              Setup (Max at Slow Process Corner)
  Requirement:            10.000ns  (ap_clk rise@10.000ns - ap_clk rise@0.000ns)
  Data Path Delay:        6.783ns  (logic 4.735ns (69.807%)  route 2.048ns (30.193%))
  Logic Levels:           19  (CARRY8=1 DSP_A_B_DATA=2 DSP_ALU=2 DSP_M_DATA=2 DSP_MULTIPLIER=2 DSP_OUTPUT=2 DSP_PREADD=1 DSP_PREADD_DATA=3 LUT2=2 LUT5=2)
  Clock Path Skew:        -0.087ns (DCD - SCD + CPR)
    Destination Clock Delay (DCD):    1.162ns = ( 11.162 - 10.000 ) 
    Source Clock Delay      (SCD):    1.343ns
    Clock Pessimism Removal (CPR):    0.094ns
  Clock Uncertainty:      2.735ns  ((TSJ^2 + TIJ^2)^1/2 + DJ) / 2 + PE + UU
    Total System Jitter     (TSJ):    0.071ns
    Total Input Jitter      (TIJ):    0.000ns
    Discrete Jitter          (DJ):    0.000ns
    Phase Error              (PE):    0.000ns
    User Uncertainty         (UU):    2.700ns

    Location             Delay type                Incr(ns)  Path(ns)    Netlist Resource(s)
  -------------------------------------------------------------------    -------------------
                         (clock ap_clk rise edge)     0.000     0.000 r  
                                                      0.000     0.000 r  ap_clk (IN)
                         net (fo=32157, unset)        1.343     1.343    <hidden>
    SLICE_X126Y174       FDRE                                         r  <hidden>
  -------------------------------------------------------------------    -------------------
    SLICE_X126Y174       FDRE (Prop_AFF2_SLICEM_C_Q)
                                                      0.080     1.423 r  <hidden>
                         net (fo=2, routed)           0.180     1.603    <hidden>
    SLICE_X126Y174       LUT2 (Prop_G5LUT_SLICEM_I0_O)
                                                      0.099     1.702 r  <hidden>
                         net (fo=2, routed)           0.524     2.226    <hidden>
    DSP48E2_X17Y64       DSP_A_B_DATA (Prop_DSP_A_B_DATA_DSP48E2_A[7]_A2_DATA[7])
                                                      0.192     2.418 f  <hidden>
                         net (fo=1, routed)           0.000     2.418    <hidden>
    DSP48E2_X17Y64       DSP_PREADD_DATA (Prop_DSP_PREADD_DATA_DSP48E2_A2_DATA[7]_PREADD_AB[7])
                                                      0.124     2.542 r  <hidden>
                         net (fo=1, routed)           0.000     2.542    <hidden>
    DSP48E2_X17Y64       DSP_PREADD (Prop_DSP_PREADD_DSP48E2_PREADD_AB[7]_AD[26])
                                                      0.488     3.030 f  <hidden>
                         net (fo=1, routed)           0.000     3.030    <hidden>
    DSP48E2_X17Y64       DSP_PREADD_DATA (Prop_DSP_PREADD_DATA_DSP48E2_AD[26]_AD_DATA[26])
                                                      0.050     3.080 r  <hidden>
                         net (fo=1, routed)           0.000     3.080    <hidden>
    DSP48E2_X17Y64       DSP_MULTIPLIER (Prop_DSP_MULTIPLIER_DSP48E2_AD_DATA[26]_U[43])
                                                      0.612     3.692 f  <hidden>
                         net (fo=1, routed)           0.000     3.692    <hidden>
    DSP48E2_X17Y64       DSP_M_DATA (Prop_DSP_M_DATA_DSP48E2_U[43]_U_DATA[43])
                                                      0.047     3.739 r  <hidden>
                         net (fo=1, routed)           0.000     3.739    <hidden>
    DSP48E2_X17Y64       DSP_ALU (Prop_DSP_ALU_DSP48E2_U_DATA[43]_ALU_OUT[47])
                                                      0.585     4.324 r  <hidden>
                         net (fo=1, routed)           0.000     4.324    <hidden>
    DSP48E2_X17Y64       DSP_OUTPUT (Prop_DSP_OUTPUT_DSP48E2_ALU_OUT[47]_PATTERN_DETECT)
                                                      0.363     4.687 r  <hidden>
                         net (fo=54, routed)          0.402     5.089    <hidden>
    SLICE_X128Y170       LUT5 (Prop_A6LUT_SLICEM_I3_O)
                                                      0.150     5.239 r  <hidden>
                         net (fo=1, routed)           0.013     5.252    <hidden>
    SLICE_X128Y170       CARRY8 (Prop_CARRY8_SLICEM_S[0]_CO[7])
                                                      0.199     5.451 r  <hidden>
                         net (fo=3, routed)           0.303     5.754    <hidden>
    SLICE_X127Y171       LUT5 (Prop_H5LUT_SLICEL_I0_O)
                                                      0.065     5.819 f  <hidden>
                         net (fo=1, routed)           0.334     6.153    <hidden>
    DSP48E2_X17Y63       DSP_A_B_DATA (Prop_DSP_A_B_DATA_DSP48E2_B[15]_B2_DATA[15])
                                                      0.151     6.304 r  <hidden>
                         net (fo=1, routed)           0.000     6.304    <hidden>
    DSP48E2_X17Y63       DSP_PREADD_DATA (Prop_DSP_PREADD_DATA_DSP48E2_B2_DATA[15]_B2B1[15])
                                                      0.073     6.377 r  <hidden>
                         net (fo=1, routed)           0.000     6.377    <hidden>
    DSP48E2_X17Y63       DSP_MULTIPLIER (Prop_DSP_MULTIPLIER_DSP48E2_B2B1[15]_V[15])
                                                      0.609     6.986 f  <hidden>
                         net (fo=1, routed)           0.000     6.986    <hidden>
    DSP48E2_X17Y63       DSP_M_DATA (Prop_DSP_M_DATA_DSP48E2_V[15]_V_DATA[15])
                                                      0.046     7.032 r  <hidden>
                         net (fo=1, routed)           0.000     7.032    <hidden>
    DSP48E2_X17Y63       DSP_ALU (Prop_DSP_ALU_DSP48E2_V_DATA[15]_ALU_OUT[15])
                                                      0.571     7.603 f  <hidden>
                         net (fo=1, routed)           0.000     7.603    <hidden>
    DSP48E2_X17Y63       DSP_OUTPUT (Prop_DSP_OUTPUT_DSP48E2_ALU_OUT[15]_P[15])
                                                      0.109     7.712 r  <hidden>
                         net (fo=1, routed)           0.220     7.932    <hidden>
    SLICE_X128Y167       LUT2 (Prop_D6LUT_SLICEM_I0_O)
                                                      0.122     8.054 r  <hidden>
                         net (fo=1, routed)           0.072     8.126    grp_run_fu_161/grp_runController_fu_106/grp_runQueryTile_fu_142/runQueryBlock_1_U0/grp_runQueryBlock_1_Outline_VITIS_LOOP_117_5_fu_172/grp_fu_888_p2[13]
    SLICE_X128Y167       FDRE                                         r  grp_run_fu_161/grp_runController_fu_106/grp_runQueryTile_fu_142/runQueryBlock_1_U0/grp_runQueryBlock_1_Outline_VITIS_LOOP_117_5_fu_172/sub_i2_reg_2869_reg[13]/D
  -------------------------------------------------------------------    -------------------

                         (clock ap_clk rise edge)    10.000    10.000 r  
                                                      0.000    10.000 r  ap_clk (IN)
                         net (fo=32157, unset)        1.162    11.162    grp_run_fu_161/grp_runController_fu_106/grp_runQueryTile_fu_142/runQueryBlock_1_U0/grp_runQueryBlock_1_Outline_VITIS_LOOP_117_5_fu_172/ap_clk
    SLICE_X128Y167       FDRE                                         r  grp_run_fu_161/grp_runController_fu_106/grp_runQueryTile_fu_142/runQueryBlock_1_U0/grp_runQueryBlock_1_Outline_VITIS_LOOP_117_5_fu_172/sub_i2_reg_2869_reg[13]/C
                         clock pessimism              0.094    11.256    
                         clock uncertainty           -2.735     8.520    
    SLICE_X128Y167       FDRE (Setup_DFF_SLICEM_C_D)
                                                      0.025     8.545    grp_run_fu_161/grp_runController_fu_106/grp_runQueryTile_fu_142/runQueryBlock_1_U0/grp_runQueryBlock_1_Outline_VITIS_LOOP_117_5_fu_172/sub_i2_reg_2869_reg[13]
  -------------------------------------------------------------------
                         required time                          8.545    
                         arrival time                          -8.126    
  -------------------------------------------------------------------
                         slack                                  0.419    

Slack (MET) :             0.421ns  (required time - arrival time)
  Source:                 grp_run_fu_161/grp_runController_fu_106/grp_runQueryTile_fu_142/distributeQueryTile_U0/grp_distributeQueryTile_Pipeline_VITIS_LOOP_501_3_VITIS_LOOP_506_4_VITIS_LOOP_507_5_fu_220/icmp_ln501_reg_673_reg[0]/C
                            (rising edge-triggered cell FDRE clocked by ap_clk  {rise@0.000ns fall@5.000ns period=10.000ns})
  Destination:            k_gmem_m_axi_U/load_unit_0/buff_rdata/U_fifo_mem/mem_reg_bram_0/ENBWREN
                            (rising edge-triggered cell RAMB36E2 clocked by ap_clk  {rise@0.000ns fall@5.000ns period=10.000ns})
  Path Group:             ap_clk
  Path Type:              Setup (Max at Slow Process Corner)
  Requirement:            10.000ns  (ap_clk rise@10.000ns - ap_clk rise@0.000ns)
  Data Path Delay:        6.200ns  (logic 0.612ns (9.872%)  route 5.588ns (90.128%))
  Logic Levels:           6  (LUT2=1 LUT3=2 LUT4=1 LUT6=2)
  Clock Path Skew:        -0.302ns (DCD - SCD + CPR)
    Destination Clock Delay (DCD):    1.261ns = ( 11.261 - 10.000 ) 
    Source Clock Delay      (SCD):    1.583ns
    Clock Pessimism Removal (CPR):    0.020ns
  Clock Uncertainty:      2.735ns  ((TSJ^2 + TIJ^2)^1/2 + DJ) / 2 + PE + UU
    Total System Jitter     (TSJ):    0.071ns
    Total Input Jitter      (TIJ):    0.000ns
    Discrete Jitter          (DJ):    0.000ns
    Phase Error              (PE):    0.000ns
    User Uncertainty         (UU):    2.700ns

    Location             Delay type                Incr(ns)  Path(ns)    Netlist Resource(s)
  -------------------------------------------------------------------    -------------------
                         (clock ap_clk rise edge)     0.000     0.000 r  
                                                      0.000     0.000 r  ap_clk (IN)
                         net (fo=32157, unset)        1.583     1.583    grp_run_fu_161/grp_runController_fu_106/grp_runQueryTile_fu_142/distributeQueryTile_U0/grp_distributeQueryTile_Pipeline_VITIS_LOOP_501_3_VITIS_LOOP_506_4_VITIS_LOOP_507_5_fu_220/ap_clk
    SLICE_X74Y170        FDRE                                         r  grp_run_fu_161/grp_runController_fu_106/grp_runQueryTile_fu_142/distributeQueryTile_U0/grp_distributeQueryTile_Pipeline_VITIS_LOOP_501_3_VITIS_LOOP_506_4_VITIS_LOOP_507_5_fu_220/icmp_ln501_reg_673_reg[0]/C
  -------------------------------------------------------------------    -------------------
    SLICE_X74Y170        FDRE (Prop_DFF_SLICEM_C_Q)
                                                      0.078     1.661 r  grp_run_fu_161/grp_runController_fu_106/grp_runQueryTile_fu_142/distributeQueryTile_U0/grp_distributeQueryTile_Pipeline_VITIS_LOOP_501_3_VITIS_LOOP_506_4_VITIS_LOOP_507_5_fu_220/icmp_ln501_reg_673_reg[0]/Q
                         net (fo=5, routed)           0.464     2.125    grp_run_fu_161/grp_runController_fu_106/grp_runQueryTile_fu_142/distributeQueryTile_U0/grp_distributeQueryTile_Pipeline_VITIS_LOOP_501_3_VITIS_LOOP_506_4_VITIS_LOOP_507_5_fu_220/icmp_ln501_reg_673_reg_n_0_[0]
    SLICE_X82Y187        LUT6 (Prop_G6LUT_SLICEL_I4_O)
                                                      0.050     2.175 f  grp_run_fu_161/grp_runController_fu_106/grp_runQueryTile_fu_142/distributeQueryTile_U0/grp_distributeQueryTile_Pipeline_VITIS_LOOP_501_3_VITIS_LOOP_506_4_VITIS_LOOP_507_5_fu_220/ap_ready_INST_0_i_9/O
                         net (fo=1, routed)           0.750     2.925    grp_run_fu_161/grp_runController_fu_106/grp_runQueryTile_fu_142/distributeQueryTile_U0/grp_distributeQueryTile_Pipeline_VITIS_LOOP_501_3_VITIS_LOOP_506_4_VITIS_LOOP_507_5_fu_220/ap_ready_INST_0_i_9_n_0
    SLICE_X91Y127        LUT6 (Prop_H6LUT_SLICEM_I1_O)
                                                      0.039     2.964 r  grp_run_fu_161/grp_runController_fu_106/grp_runQueryTile_fu_142/distributeQueryTile_U0/grp_distributeQueryTile_Pipeline_VITIS_LOOP_501_3_VITIS_LOOP_506_4_VITIS_LOOP_507_5_fu_220/ap_ready_INST_0_i_2/O
                         net (fo=382, routed)         0.480     3.444    grp_run_fu_161/grp_runController_fu_106/grp_runQueryTile_fu_142/distributeQueryTile_U0/grp_distributeQueryTile_Pipeline_VITIS_LOOP_501_3_VITIS_LOOP_506_4_VITIS_LOOP_507_5_fu_220/ap_block_pp0_stage0_subdone
    SLICE_X89Y158        LUT4 (Prop_D5LUT_SLICEL_I3_O)
                                                      0.110     3.554 r  grp_run_fu_161/grp_runController_fu_106/grp_runQueryTile_fu_142/distributeQueryTile_U0/grp_distributeQueryTile_Pipeline_VITIS_LOOP_501_3_VITIS_LOOP_506_4_VITIS_LOOP_507_5_fu_220/m_axi_k_gmem_0_RREADY_INST_0/O
                         net (fo=1, routed)           0.477     4.031    grp_run_fu_161_m_axi_k_gmem_0_RREADY
    SLICE_X91Y188        LUT3 (Prop_H6LUT_SLICEM_I2_O)
                                                      0.101     4.132 r  k_gmem_m_axi_U_i_2/O
                         net (fo=20, routed)          1.112     5.244    k_gmem_m_axi_U/load_unit_0/buff_rdata/if_read
    SLICE_X107Y111       LUT3 (Prop_D5LUT_SLICEM_I0_O)
                                                      0.110     5.354 r  k_gmem_m_axi_U/load_unit_0/buff_rdata/U_fifo_mem_i_12/O
                         net (fo=9, routed)           0.156     5.509    k_gmem_m_axi_U/load_unit_0/buff_rdata/U_fifo_mem/re
    SLICE_X109Y111       LUT2 (Prop_E6LUT_SLICEM_I1_O)
                                                      0.124     5.633 r  k_gmem_m_axi_U/load_unit_0/buff_rdata/U_fifo_mem/mem_reg_bram_1_i_1/O
                         net (fo=2, routed)           2.149     7.783    k_gmem_m_axi_U/load_unit_0/buff_rdata/U_fifo_mem/mem_reg_bram_1_i_1_n_0
    RAMB36_X7Y22         RAMB36E2                                     r  k_gmem_m_axi_U/load_unit_0/buff_rdata/U_fifo_mem/mem_reg_bram_0/ENBWREN
  -------------------------------------------------------------------    -------------------

                         (clock ap_clk rise edge)    10.000    10.000 r  
                                                      0.000    10.000 r  ap_clk (IN)
                         net (fo=32157, unset)        1.261    11.261    k_gmem_m_axi_U/load_unit_0/buff_rdata/U_fifo_mem/clk
    RAMB36_X7Y22         RAMB36E2                                     r  k_gmem_m_axi_U/load_unit_0/buff_rdata/U_fifo_mem/mem_reg_bram_0/CLKBWRCLK
                         clock pessimism              0.020    11.281    
                         clock uncertainty           -2.735     8.546    
    RAMB36_X7Y22         RAMB36E2 (Setup_RAMB36E2_RAMB36_CLKBWRCLK_ENBWREN)
                                                     -0.342     8.204    k_gmem_m_axi_U/load_unit_0/buff_rdata/U_fifo_mem/mem_reg_bram_0
  -------------------------------------------------------------------
                         required time                          8.204    
                         arrival time                          -7.783    
  -------------------------------------------------------------------
                         slack                                  0.421    

Slack (MET) :             0.424ns  (required time - arrival time)
  Source:                 <hidden>
                            (rising edge-triggered cell FDRE clocked by ap_clk  {rise@0.000ns fall@5.000ns period=10.000ns})
  Destination:            grp_run_fu_161/grp_runController_fu_106/grp_runQueryTile_fu_142/runQueryBlock_1_U0/grp_runQueryBlock_1_Outline_VITIS_LOOP_117_5_fu_172/sub_i3_reg_2877_reg[30]/D
                            (rising edge-triggered cell FDRE clocked by ap_clk  {rise@0.000ns fall@5.000ns period=10.000ns})
  Path Group:             ap_clk
  Path Type:              Setup (Max at Slow Process Corner)
  Requirement:            10.000ns  (ap_clk rise@10.000ns - ap_clk rise@0.000ns)
  Data Path Delay:        6.791ns  (logic 4.372ns (64.381%)  route 2.419ns (35.620%))
  Logic Levels:           19  (CARRY8=1 DSP_ALU=2 DSP_C_DATA=1 DSP_M_DATA=1 DSP_MULTIPLIER=1 DSP_OUTPUT=2 DSP_PREADD=1 DSP_PREADD_DATA=2 LUT2=1 LUT3=2 LUT4=1 LUT5=2 LUT6=2)
  Clock Path Skew:        -0.075ns (DCD - SCD + CPR)
    Destination Clock Delay (DCD):    1.176ns = ( 11.176 - 10.000 ) 
    Source Clock Delay      (SCD):    1.349ns
    Clock Pessimism Removal (CPR):    0.098ns
  Clock Uncertainty:      2.735ns  ((TSJ^2 + TIJ^2)^1/2 + DJ) / 2 + PE + UU
    Total System Jitter     (TSJ):    0.071ns
    Total Input Jitter      (TIJ):    0.000ns
    Discrete Jitter          (DJ):    0.000ns
    Phase Error              (PE):    0.000ns
    User Uncertainty         (UU):    2.700ns

    Location             Delay type                Incr(ns)  Path(ns)    Netlist Resource(s)
  -------------------------------------------------------------------    -------------------
                         (clock ap_clk rise edge)     0.000     0.000 r  
                                                      0.000     0.000 r  ap_clk (IN)
                         net (fo=32157, unset)        1.349     1.349    <hidden>
    SLICE_X119Y196       FDRE                                         r  <hidden>
  -------------------------------------------------------------------    -------------------
    SLICE_X119Y196       FDRE (Prop_HFF_SLICEL_C_Q)
                                                      0.079     1.428 r  <hidden>
                         net (fo=47, routed)          0.284     1.712    <hidden>
    SLICE_X121Y195       LUT2 (Prop_C5LUT_SLICEM_I1_O)
                                                      0.111     1.823 f  <hidden>
                         net (fo=2, routed)           0.414     2.236    <hidden>
    DSP48E2_X16Y70       DSP_PREADD_DATA (Prop_DSP_PREADD_DATA_DSP48E2_DIN[7]_D_DATA[7])
                                                      0.240     2.476 r  <hidden>
                         net (fo=1, routed)           0.000     2.476    <hidden>
    DSP48E2_X16Y70       DSP_PREADD (Prop_DSP_PREADD_DSP48E2_D_DATA[7]_AD[26])
                                                      0.524     3.000 f  <hidden>
                         net (fo=1, routed)           0.000     3.000    <hidden>
    DSP48E2_X16Y70       DSP_PREADD_DATA (Prop_DSP_PREADD_DATA_DSP48E2_AD[26]_AD_DATA[26])
                                                      0.050     3.050 r  <hidden>
                         net (fo=1, routed)           0.000     3.050    <hidden>
    DSP48E2_X16Y70       DSP_MULTIPLIER (Prop_DSP_MULTIPLIER_DSP48E2_AD_DATA[26]_U[43])
                                                      0.612     3.662 f  <hidden>
                         net (fo=1, routed)           0.000     3.662    <hidden>
    DSP48E2_X16Y70       DSP_M_DATA (Prop_DSP_M_DATA_DSP48E2_U[43]_U_DATA[43])
                                                      0.047     3.709 r  <hidden>
                         net (fo=1, routed)           0.000     3.709    <hidden>
    DSP48E2_X16Y70       DSP_ALU (Prop_DSP_ALU_DSP48E2_U_DATA[43]_ALU_OUT[47])
                                                      0.585     4.294 r  <hidden>
                         net (fo=1, routed)           0.000     4.294    <hidden>
    DSP48E2_X16Y70       DSP_OUTPUT (Prop_DSP_OUTPUT_DSP48E2_ALU_OUT[47]_PATTERN_DETECT)
                                                      0.363     4.657 r  <hidden>
                         net (fo=54, routed)          0.251     4.908    <hidden>
    SLICE_X121Y190       LUT5 (Prop_A6LUT_SLICEM_I3_O)
                                                      0.150     5.058 r  <hidden>
                         net (fo=1, routed)           0.013     5.071    <hidden>
    SLICE_X121Y190       CARRY8 (Prop_CARRY8_SLICEM_S[0]_CO[3])
                                                      0.186     5.257 r  <hidden>
                         net (fo=12, routed)          0.353     5.610    <hidden>
    SLICE_X119Y187       LUT3 (Prop_F6LUT_SLICEL_I1_O)
                                                      0.089     5.699 r  <hidden>
                         net (fo=5, routed)           0.102     5.801    <hidden>
    SLICE_X119Y188       LUT6 (Prop_C6LUT_SLICEL_I3_O)
                                                      0.096     5.897 f  <hidden>
                         net (fo=7, routed)           0.092     5.989    <hidden>
    SLICE_X119Y187       LUT6 (Prop_C6LUT_SLICEL_I3_O)
                                                      0.035     6.024 f  <hidden>
                         net (fo=4, routed)           0.140     6.164    <hidden>
    SLICE_X119Y187       LUT5 (Prop_E5LUT_SLICEL_I2_O)
                                                      0.138     6.302 r  <hidden>
                         net (fo=4, routed)           0.178     6.481    <hidden>
    SLICE_X119Y189       LUT4 (Prop_C5LUT_SLICEL_I1_O)
                                                      0.110     6.591 r  <hidden>
                         net (fo=1, routed)           0.352     6.943    <hidden>
    DSP48E2_X16Y69       DSP_C_DATA (Prop_DSP_C_DATA_DSP48E2_C[34]_C_DATA[34])
                                                      0.105     7.048 r  <hidden>
                         net (fo=2, routed)           0.000     7.048    <hidden>
    DSP48E2_X16Y69       DSP_ALU (Prop_DSP_ALU_DSP48E2_C_DATA[34]_ALU_OUT[34])
                                                      0.585     7.633 f  <hidden>
                         net (fo=1, routed)           0.000     7.633    <hidden>
    DSP48E2_X16Y69       DSP_OUTPUT (Prop_DSP_OUTPUT_DSP48E2_ALU_OUT[34]_P[34])
                                                      0.109     7.742 r  <hidden>
                         net (fo=1, routed)           0.210     7.952    <hidden>
    SLICE_X121Y187       LUT3 (Prop_D5LUT_SLICEM_I0_O)
                                                      0.158     8.110 r  <hidden>
                         net (fo=1, routed)           0.030     8.140    grp_run_fu_161/grp_runController_fu_106/grp_runQueryTile_fu_142/runQueryBlock_1_U0/grp_runQueryBlock_1_Outline_VITIS_LOOP_117_5_fu_172/grp_fu_893_p2[30]
    SLICE_X121Y187       FDRE                                         r  grp_run_fu_161/grp_runController_fu_106/grp_runQueryTile_fu_142/runQueryBlock_1_U0/grp_runQueryBlock_1_Outline_VITIS_LOOP_117_5_fu_172/sub_i3_reg_2877_reg[30]/D
  -------------------------------------------------------------------    -------------------

                         (clock ap_clk rise edge)    10.000    10.000 r  
                                                      0.000    10.000 r  ap_clk (IN)
                         net (fo=32157, unset)        1.176    11.176    grp_run_fu_161/grp_runController_fu_106/grp_runQueryTile_fu_142/runQueryBlock_1_U0/grp_runQueryBlock_1_Outline_VITIS_LOOP_117_5_fu_172/ap_clk
    SLICE_X121Y187       FDRE                                         r  grp_run_fu_161/grp_runController_fu_106/grp_runQueryTile_fu_142/runQueryBlock_1_U0/grp_runQueryBlock_1_Outline_VITIS_LOOP_117_5_fu_172/sub_i3_reg_2877_reg[30]/C
                         clock pessimism              0.098    11.274    
                         clock uncertainty           -2.735     8.538    
    SLICE_X121Y187       FDRE (Setup_DFF2_SLICEM_C_D)
                                                      0.025     8.563    grp_run_fu_161/grp_runController_fu_106/grp_runQueryTile_fu_142/runQueryBlock_1_U0/grp_runQueryBlock_1_Outline_VITIS_LOOP_117_5_fu_172/sub_i3_reg_2877_reg[30]
  -------------------------------------------------------------------
                         required time                          8.563    
                         arrival time                          -8.140    
  -------------------------------------------------------------------
                         slack                                  0.424    

Slack (MET) :             0.425ns  (required time - arrival time)
  Source:                 <hidden>
                            (rising edge-triggered cell FDRE clocked by ap_clk  {rise@0.000ns fall@5.000ns period=10.000ns})
  Destination:            grp_run_fu_161/grp_runController_fu_106/grp_runQueryTile_fu_142/runQueryBlock_0_U0/grp_runQueryBlock_0_Outline_VITIS_LOOP_117_5_fu_168/acc_b_6_reg_2864_reg[9]/D
                            (rising edge-triggered cell FDRE clocked by ap_clk  {rise@0.000ns fall@5.000ns period=10.000ns})
  Path Group:             ap_clk
  Path Type:              Setup (Max at Slow Process Corner)
  Requirement:            10.000ns  (ap_clk rise@10.000ns - ap_clk rise@0.000ns)
  Data Path Delay:        6.596ns  (logic 4.721ns (71.569%)  route 1.875ns (28.431%))
  Logic Levels:           19  (CARRY8=1 DSP_A_B_DATA=2 DSP_ALU=2 DSP_M_DATA=2 DSP_MULTIPLIER=2 DSP_OUTPUT=2 DSP_PREADD=1 DSP_PREADD_DATA=3 LUT2=1 LUT3=1 LUT5=2)
  Clock Path Skew:        -0.268ns (DCD - SCD + CPR)
    Destination Clock Delay (DCD):    1.271ns = ( 11.271 - 10.000 ) 
    Source Clock Delay      (SCD):    1.559ns
    Clock Pessimism Removal (CPR):    0.020ns
  Clock Uncertainty:      2.735ns  ((TSJ^2 + TIJ^2)^1/2 + DJ) / 2 + PE + UU
    Total System Jitter     (TSJ):    0.071ns
    Total Input Jitter      (TIJ):    0.000ns
    Discrete Jitter          (DJ):    0.000ns
    Phase Error              (PE):    0.000ns
    User Uncertainty         (UU):    2.700ns

    Location             Delay type                Incr(ns)  Path(ns)    Netlist Resource(s)
  -------------------------------------------------------------------    -------------------
                         (clock ap_clk rise edge)     0.000     0.000 r  
                                                      0.000     0.000 r  ap_clk (IN)
                         net (fo=32157, unset)        1.559     1.559    <hidden>
    SLICE_X86Y120        FDRE                                         r  <hidden>
  -------------------------------------------------------------------    -------------------
    SLICE_X86Y120        FDRE (Prop_HFF_SLICEL_C_Q)
                                                      0.079     1.638 r  <hidden>
                         net (fo=47, routed)          0.302     1.940    <hidden>
    SLICE_X87Y117        LUT3 (Prop_A5LUT_SLICEM_I2_O)
                                                      0.139     2.079 r  <hidden>
                         net (fo=2, routed)           0.294     2.373    <hidden>
    DSP48E2_X11Y40       DSP_A_B_DATA (Prop_DSP_A_B_DATA_DSP48E2_A[9]_A2_DATA[9])
                                                      0.192     2.565 f  <hidden>
                         net (fo=1, routed)           0.000     2.565    <hidden>
    DSP48E2_X11Y40       DSP_PREADD_DATA (Prop_DSP_PREADD_DATA_DSP48E2_A2_DATA[9]_PREADD_AB[9])
                                                      0.124     2.689 r  <hidden>
                         net (fo=1, routed)           0.000     2.689    <hidden>
    DSP48E2_X11Y40       DSP_PREADD (Prop_DSP_PREADD_DSP48E2_PREADD_AB[9]_AD[26])
                                                      0.488     3.177 f  <hidden>
                         net (fo=1, routed)           0.000     3.177    <hidden>
    DSP48E2_X11Y40       DSP_PREADD_DATA (Prop_DSP_PREADD_DATA_DSP48E2_AD[26]_AD_DATA[26])
                                                      0.050     3.227 r  <hidden>
                         net (fo=1, routed)           0.000     3.227    <hidden>
    DSP48E2_X11Y40       DSP_MULTIPLIER (Prop_DSP_MULTIPLIER_DSP48E2_AD_DATA[26]_U[43])
                                                      0.612     3.839 f  <hidden>
                         net (fo=1, routed)           0.000     3.839    <hidden>
    DSP48E2_X11Y40       DSP_M_DATA (Prop_DSP_M_DATA_DSP48E2_U[43]_U_DATA[43])
                                                      0.047     3.886 r  <hidden>
                         net (fo=1, routed)           0.000     3.886    <hidden>
    DSP48E2_X11Y40       DSP_ALU (Prop_DSP_ALU_DSP48E2_U_DATA[43]_ALU_OUT[47])
                                                      0.585     4.471 r  <hidden>
                         net (fo=1, routed)           0.000     4.471    <hidden>
    DSP48E2_X11Y40       DSP_OUTPUT (Prop_DSP_OUTPUT_DSP48E2_ALU_OUT[47]_PATTERN_DETECT)
                                                      0.363     4.834 r  <hidden>
                         net (fo=55, routed)          0.271     5.105    <hidden>
    SLICE_X89Y117        LUT5 (Prop_A6LUT_SLICEL_I3_O)
                                                      0.124     5.229 r  <hidden>
                         net (fo=1, routed)           0.009     5.238    <hidden>
    SLICE_X89Y117        CARRY8 (Prop_CARRY8_SLICEL_S[0]_CO[2])
                                                      0.113     5.351 r  <hidden>
                         net (fo=4, routed)           0.304     5.654    <hidden>
    SLICE_X92Y117        LUT5 (Prop_C5LUT_SLICEL_I0_O)
                                                      0.158     5.812 f  <hidden>
                         net (fo=1, routed)           0.410     6.222    <hidden>
    DSP48E2_X12Y40       DSP_A_B_DATA (Prop_DSP_A_B_DATA_DSP48E2_B[4]_B2_DATA[4])
                                                      0.151     6.373 r  <hidden>
                         net (fo=1, routed)           0.000     6.373    <hidden>
    DSP48E2_X12Y40       DSP_PREADD_DATA (Prop_DSP_PREADD_DATA_DSP48E2_B2_DATA[4]_B2B1[4])
                                                      0.073     6.446 r  <hidden>
                         net (fo=1, routed)           0.000     6.446    <hidden>
    DSP48E2_X12Y40       DSP_MULTIPLIER (Prop_DSP_MULTIPLIER_DSP48E2_B2B1[4]_V[11])
                                                      0.609     7.055 f  <hidden>
                         net (fo=1, routed)           0.000     7.055    <hidden>
    DSP48E2_X12Y40       DSP_M_DATA (Prop_DSP_M_DATA_DSP48E2_V[11]_V_DATA[11])
                                                      0.046     7.101 r  <hidden>
                         net (fo=1, routed)           0.000     7.101    <hidden>
    DSP48E2_X12Y40       DSP_ALU (Prop_DSP_ALU_DSP48E2_V_DATA[11]_ALU_OUT[11])
                                                      0.571     7.672 f  <hidden>
                         net (fo=1, routed)           0.000     7.672    <hidden>
    DSP48E2_X12Y40       DSP_OUTPUT (Prop_DSP_OUTPUT_DSP48E2_ALU_OUT[11]_P[11])
                                                      0.109     7.781 r  <hidden>
                         net (fo=1, routed)           0.214     7.995    <hidden>
    SLICE_X95Y118        LUT2 (Prop_D6LUT_SLICEM_I0_O)
                                                      0.088     8.083 r  <hidden>
                         net (fo=1, routed)           0.072     8.155    grp_run_fu_161/grp_runController_fu_106/grp_runQueryTile_fu_142/runQueryBlock_0_U0/grp_runQueryBlock_0_Outline_VITIS_LOOP_117_5_fu_168/grp_fu_884_p2[9]
    SLICE_X95Y118        FDRE                                         r  grp_run_fu_161/grp_runController_fu_106/grp_runQueryTile_fu_142/runQueryBlock_0_U0/grp_runQueryBlock_0_Outline_VITIS_LOOP_117_5_fu_168/acc_b_6_reg_2864_reg[9]/D
  -------------------------------------------------------------------    -------------------

                         (clock ap_clk rise edge)    10.000    10.000 r  
                                                      0.000    10.000 r  ap_clk (IN)
                         net (fo=32157, unset)        1.271    11.271    grp_run_fu_161/grp_runController_fu_106/grp_runQueryTile_fu_142/runQueryBlock_0_U0/grp_runQueryBlock_0_Outline_VITIS_LOOP_117_5_fu_168/ap_clk
    SLICE_X95Y118        FDRE                                         r  grp_run_fu_161/grp_runController_fu_106/grp_runQueryTile_fu_142/runQueryBlock_0_U0/grp_runQueryBlock_0_Outline_VITIS_LOOP_117_5_fu_168/acc_b_6_reg_2864_reg[9]/C
                         clock pessimism              0.020    11.291    
                         clock uncertainty           -2.735     8.556    
    SLICE_X95Y118        FDRE (Setup_DFF_SLICEM_C_D)
                                                      0.025     8.581    grp_run_fu_161/grp_runController_fu_106/grp_runQueryTile_fu_142/runQueryBlock_0_U0/grp_runQueryBlock_0_Outline_VITIS_LOOP_117_5_fu_168/acc_b_6_reg_2864_reg[9]
  -------------------------------------------------------------------
                         required time                          8.581    
                         arrival time                          -8.155    
  -------------------------------------------------------------------
                         slack                                  0.425    

Slack (MET) :             0.425ns  (required time - arrival time)
  Source:                 <hidden>
                            (rising edge-triggered cell FDRE clocked by ap_clk  {rise@0.000ns fall@5.000ns period=10.000ns})
  Destination:            grp_run_fu_161/grp_runController_fu_106/grp_runQueryTile_fu_142/runQueryBlock_0_U0/grp_runQueryBlock_0_Outline_VITIS_LOOP_117_5_fu_168/acc_b_6_reg_2864_reg[19]/D
                            (rising edge-triggered cell FDRE clocked by ap_clk  {rise@0.000ns fall@5.000ns period=10.000ns})
  Path Group:             ap_clk
  Path Type:              Setup (Max at Slow Process Corner)
  Requirement:            10.000ns  (ap_clk rise@10.000ns - ap_clk rise@0.000ns)
  Data Path Delay:        6.589ns  (logic 4.696ns (71.266%)  route 1.893ns (28.734%))
  Logic Levels:           19  (CARRY8=1 DSP_A_B_DATA=2 DSP_ALU=2 DSP_M_DATA=2 DSP_MULTIPLIER=2 DSP_OUTPUT=2 DSP_PREADD=1 DSP_PREADD_DATA=3 LUT2=1 LUT3=1 LUT4=1 LUT5=1)
  Clock Path Skew:        -0.275ns (DCD - SCD + CPR)
    Destination Clock Delay (DCD):    1.264ns = ( 11.264 - 10.000 ) 
    Source Clock Delay      (SCD):    1.559ns
    Clock Pessimism Removal (CPR):    0.020ns
  Clock Uncertainty:      2.735ns  ((TSJ^2 + TIJ^2)^1/2 + DJ) / 2 + PE + UU
    Total System Jitter     (TSJ):    0.071ns
    Total Input Jitter      (TIJ):    0.000ns
    Discrete Jitter          (DJ):    0.000ns
    Phase Error              (PE):    0.000ns
    User Uncertainty         (UU):    2.700ns

    Location             Delay type                Incr(ns)  Path(ns)    Netlist Resource(s)
  -------------------------------------------------------------------    -------------------
                         (clock ap_clk rise edge)     0.000     0.000 r  
                                                      0.000     0.000 r  ap_clk (IN)
                         net (fo=32157, unset)        1.559     1.559    <hidden>
    SLICE_X86Y120        FDRE                                         r  <hidden>
  -------------------------------------------------------------------    -------------------
    SLICE_X86Y120        FDRE (Prop_HFF_SLICEL_C_Q)
                                                      0.079     1.638 r  <hidden>
                         net (fo=47, routed)          0.302     1.940    <hidden>
    SLICE_X87Y117        LUT3 (Prop_A5LUT_SLICEM_I2_O)
                                                      0.139     2.079 r  <hidden>
                         net (fo=2, routed)           0.294     2.373    <hidden>
    DSP48E2_X11Y40       DSP_A_B_DATA (Prop_DSP_A_B_DATA_DSP48E2_A[9]_A2_DATA[9])
                                                      0.192     2.565 f  <hidden>
                         net (fo=1, routed)           0.000     2.565    <hidden>
    DSP48E2_X11Y40       DSP_PREADD_DATA (Prop_DSP_PREADD_DATA_DSP48E2_A2_DATA[9]_PREADD_AB[9])
                                                      0.124     2.689 r  <hidden>
                         net (fo=1, routed)           0.000     2.689    <hidden>
    DSP48E2_X11Y40       DSP_PREADD (Prop_DSP_PREADD_DSP48E2_PREADD_AB[9]_AD[26])
                                                      0.488     3.177 f  <hidden>
                         net (fo=1, routed)           0.000     3.177    <hidden>
    DSP48E2_X11Y40       DSP_PREADD_DATA (Prop_DSP_PREADD_DATA_DSP48E2_AD[26]_AD_DATA[26])
                                                      0.050     3.227 r  <hidden>
                         net (fo=1, routed)           0.000     3.227    <hidden>
    DSP48E2_X11Y40       DSP_MULTIPLIER (Prop_DSP_MULTIPLIER_DSP48E2_AD_DATA[26]_U[43])
                                                      0.612     3.839 f  <hidden>
                         net (fo=1, routed)           0.000     3.839    <hidden>
    DSP48E2_X11Y40       DSP_M_DATA (Prop_DSP_M_DATA_DSP48E2_U[43]_U_DATA[43])
                                                      0.047     3.886 r  <hidden>
                         net (fo=1, routed)           0.000     3.886    <hidden>
    DSP48E2_X11Y40       DSP_ALU (Prop_DSP_ALU_DSP48E2_U_DATA[43]_ALU_OUT[47])
                                                      0.585     4.471 r  <hidden>
                         net (fo=1, routed)           0.000     4.471    <hidden>
    DSP48E2_X11Y40       DSP_OUTPUT (Prop_DSP_OUTPUT_DSP48E2_ALU_OUT[47]_PATTERN_DETECT)
                                                      0.363     4.834 r  <hidden>
                         net (fo=55, routed)          0.271     5.105    <hidden>
    SLICE_X89Y117        LUT5 (Prop_A6LUT_SLICEL_I3_O)
                                                      0.124     5.229 r  <hidden>
                         net (fo=1, routed)           0.009     5.238    <hidden>
    SLICE_X89Y117        CARRY8 (Prop_CARRY8_SLICEL_S[0]_CO[6])
                                                      0.215     5.453 r  <hidden>
                         net (fo=4, routed)           0.362     5.814    <hidden>
    SLICE_X90Y116        LUT4 (Prop_C5LUT_SLICEL_I0_O)
                                                      0.068     5.882 f  <hidden>
                         net (fo=1, routed)           0.350     6.232    <hidden>
    DSP48E2_X12Y40       DSP_A_B_DATA (Prop_DSP_A_B_DATA_DSP48E2_B[12]_B2_DATA[12])
                                                      0.151     6.383 r  <hidden>
                         net (fo=1, routed)           0.000     6.383    <hidden>
    DSP48E2_X12Y40       DSP_PREADD_DATA (Prop_DSP_PREADD_DATA_DSP48E2_B2_DATA[12]_B2B1[12])
                                                      0.073     6.456 r  <hidden>
                         net (fo=1, routed)           0.000     6.456    <hidden>
    DSP48E2_X12Y40       DSP_MULTIPLIER (Prop_DSP_MULTIPLIER_DSP48E2_B2B1[12]_V[21])
                                                      0.609     7.065 f  <hidden>
                         net (fo=1, routed)           0.000     7.065    <hidden>
    DSP48E2_X12Y40       DSP_M_DATA (Prop_DSP_M_DATA_DSP48E2_V[21]_V_DATA[21])
                                                      0.046     7.111 r  <hidden>
                         net (fo=1, routed)           0.000     7.111    <hidden>
    DSP48E2_X12Y40       DSP_ALU (Prop_DSP_ALU_DSP48E2_V_DATA[21]_ALU_OUT[21])
                                                      0.571     7.682 f  <hidden>
                         net (fo=1, routed)           0.000     7.682    <hidden>
    DSP48E2_X12Y40       DSP_OUTPUT (Prop_DSP_OUTPUT_DSP48E2_ALU_OUT[21]_P[21])
                                                      0.109     7.791 r  <hidden>
                         net (fo=1, routed)           0.257     8.048    <hidden>
    SLICE_X96Y119        LUT2 (Prop_B6LUT_SLICEL_I0_O)
                                                      0.051     8.099 r  <hidden>
                         net (fo=1, routed)           0.049     8.148    grp_run_fu_161/grp_runController_fu_106/grp_runQueryTile_fu_142/runQueryBlock_0_U0/grp_runQueryBlock_0_Outline_VITIS_LOOP_117_5_fu_168/grp_fu_884_p2[19]
    SLICE_X96Y119        FDRE                                         r  grp_run_fu_161/grp_runController_fu_106/grp_runQueryTile_fu_142/runQueryBlock_0_U0/grp_runQueryBlock_0_Outline_VITIS_LOOP_117_5_fu_168/acc_b_6_reg_2864_reg[19]/D
  -------------------------------------------------------------------    -------------------

                         (clock ap_clk rise edge)    10.000    10.000 r  
                                                      0.000    10.000 r  ap_clk (IN)
                         net (fo=32157, unset)        1.264    11.264    grp_run_fu_161/grp_runController_fu_106/grp_runQueryTile_fu_142/runQueryBlock_0_U0/grp_runQueryBlock_0_Outline_VITIS_LOOP_117_5_fu_168/ap_clk
    SLICE_X96Y119        FDRE                                         r  grp_run_fu_161/grp_runController_fu_106/grp_runQueryTile_fu_142/runQueryBlock_0_U0/grp_runQueryBlock_0_Outline_VITIS_LOOP_117_5_fu_168/acc_b_6_reg_2864_reg[19]/C
                         clock pessimism              0.020    11.284    
                         clock uncertainty           -2.735     8.549    
    SLICE_X96Y119        FDRE (Setup_BFF_SLICEL_C_D)
                                                      0.025     8.574    grp_run_fu_161/grp_runController_fu_106/grp_runQueryTile_fu_142/runQueryBlock_0_U0/grp_runQueryBlock_0_Outline_VITIS_LOOP_117_5_fu_168/acc_b_6_reg_2864_reg[19]
  -------------------------------------------------------------------
                         required time                          8.574    
                         arrival time                          -8.148    
  -------------------------------------------------------------------
                         slack                                  0.425    

Slack (MET) :             0.427ns  (required time - arrival time)
  Source:                 <hidden>
                            (rising edge-triggered cell FDRE clocked by ap_clk  {rise@0.000ns fall@5.000ns period=10.000ns})
  Destination:            grp_run_fu_161/grp_runController_fu_106/grp_runQueryTile_fu_142/runQueryBlock_0_U0/grp_runQueryBlock_0_Outline_VITIS_LOOP_117_5_fu_168/acc_b_6_reg_2864_reg[23]/D
                            (rising edge-triggered cell FDRE clocked by ap_clk  {rise@0.000ns fall@5.000ns period=10.000ns})
  Path Group:             ap_clk
  Path Type:              Setup (Max at Slow Process Corner)
  Requirement:            10.000ns  (ap_clk rise@10.000ns - ap_clk rise@0.000ns)
  Data Path Delay:        6.593ns  (logic 4.746ns (71.981%)  route 1.847ns (28.019%))
  Logic Levels:           19  (CARRY8=1 DSP_A_B_DATA=2 DSP_ALU=2 DSP_M_DATA=2 DSP_MULTIPLIER=2 DSP_OUTPUT=2 DSP_PREADD=1 DSP_PREADD_DATA=3 LUT3=2 LUT4=1 LUT5=1)
  Clock Path Skew:        -0.269ns (DCD - SCD + CPR)
    Destination Clock Delay (DCD):    1.270ns = ( 11.270 - 10.000 ) 
    Source Clock Delay      (SCD):    1.559ns
    Clock Pessimism Removal (CPR):    0.020ns
  Clock Uncertainty:      2.735ns  ((TSJ^2 + TIJ^2)^1/2 + DJ) / 2 + PE + UU
    Total System Jitter     (TSJ):    0.071ns
    Total Input Jitter      (TIJ):    0.000ns
    Discrete Jitter          (DJ):    0.000ns
    Phase Error              (PE):    0.000ns
    User Uncertainty         (UU):    2.700ns

    Location             Delay type                Incr(ns)  Path(ns)    Netlist Resource(s)
  -------------------------------------------------------------------    -------------------
                         (clock ap_clk rise edge)     0.000     0.000 r  
                                                      0.000     0.000 r  ap_clk (IN)
                         net (fo=32157, unset)        1.559     1.559    <hidden>
    SLICE_X86Y120        FDRE                                         r  <hidden>
  -------------------------------------------------------------------    -------------------
    SLICE_X86Y120        FDRE (Prop_HFF_SLICEL_C_Q)
                                                      0.079     1.638 r  <hidden>
                         net (fo=47, routed)          0.302     1.940    <hidden>
    SLICE_X87Y117        LUT3 (Prop_A5LUT_SLICEM_I2_O)
                                                      0.139     2.079 r  <hidden>
                         net (fo=2, routed)           0.294     2.373    <hidden>
    DSP48E2_X11Y40       DSP_A_B_DATA (Prop_DSP_A_B_DATA_DSP48E2_A[9]_A2_DATA[9])
                                                      0.192     2.565 f  <hidden>
                         net (fo=1, routed)           0.000     2.565    <hidden>
    DSP48E2_X11Y40       DSP_PREADD_DATA (Prop_DSP_PREADD_DATA_DSP48E2_A2_DATA[9]_PREADD_AB[9])
                                                      0.124     2.689 r  <hidden>
                         net (fo=1, routed)           0.000     2.689    <hidden>
    DSP48E2_X11Y40       DSP_PREADD (Prop_DSP_PREADD_DSP48E2_PREADD_AB[9]_AD[26])
                                                      0.488     3.177 f  <hidden>
                         net (fo=1, routed)           0.000     3.177    <hidden>
    DSP48E2_X11Y40       DSP_PREADD_DATA (Prop_DSP_PREADD_DATA_DSP48E2_AD[26]_AD_DATA[26])
                                                      0.050     3.227 r  <hidden>
                         net (fo=1, routed)           0.000     3.227    <hidden>
    DSP48E2_X11Y40       DSP_MULTIPLIER (Prop_DSP_MULTIPLIER_DSP48E2_AD_DATA[26]_U[43])
                                                      0.612     3.839 f  <hidden>
                         net (fo=1, routed)           0.000     3.839    <hidden>
    DSP48E2_X11Y40       DSP_M_DATA (Prop_DSP_M_DATA_DSP48E2_U[43]_U_DATA[43])
                                                      0.047     3.886 r  <hidden>
                         net (fo=1, routed)           0.000     3.886    <hidden>
    DSP48E2_X11Y40       DSP_ALU (Prop_DSP_ALU_DSP48E2_U_DATA[43]_ALU_OUT[47])
                                                      0.585     4.471 r  <hidden>
                         net (fo=1, routed)           0.000     4.471    <hidden>
    DSP48E2_X11Y40       DSP_OUTPUT (Prop_DSP_OUTPUT_DSP48E2_ALU_OUT[47]_PATTERN_DETECT)
                                                      0.363     4.834 r  <hidden>
                         net (fo=55, routed)          0.271     5.105    <hidden>
    SLICE_X89Y117        LUT5 (Prop_A6LUT_SLICEL_I3_O)
                                                      0.124     5.229 r  <hidden>
                         net (fo=1, routed)           0.009     5.238    <hidden>
    SLICE_X89Y117        CARRY8 (Prop_CARRY8_SLICEL_S[0]_CO[6])
                                                      0.215     5.453 r  <hidden>
                         net (fo=4, routed)           0.362     5.814    <hidden>
    SLICE_X90Y116        LUT4 (Prop_C5LUT_SLICEL_I0_O)
                                                      0.068     5.882 f  <hidden>
                         net (fo=1, routed)           0.350     6.232    <hidden>
    DSP48E2_X12Y40       DSP_A_B_DATA (Prop_DSP_A_B_DATA_DSP48E2_B[12]_B2_DATA[12])
                                                      0.151     6.383 r  <hidden>
                         net (fo=1, routed)           0.000     6.383    <hidden>
    DSP48E2_X12Y40       DSP_PREADD_DATA (Prop_DSP_PREADD_DATA_DSP48E2_B2_DATA[12]_B2B1[12])
                                                      0.073     6.456 r  <hidden>
                         net (fo=1, routed)           0.000     6.456    <hidden>
    DSP48E2_X12Y40       DSP_MULTIPLIER (Prop_DSP_MULTIPLIER_DSP48E2_B2B1[12]_V[27])
                                                      0.609     7.065 f  <hidden>
                         net (fo=1, routed)           0.000     7.065    <hidden>
    DSP48E2_X12Y40       DSP_M_DATA (Prop_DSP_M_DATA_DSP48E2_V[27]_V_DATA[27])
                                                      0.046     7.111 r  <hidden>
                         net (fo=1, routed)           0.000     7.111    <hidden>
    DSP48E2_X12Y40       DSP_ALU (Prop_DSP_ALU_DSP48E2_V_DATA[27]_ALU_OUT[27])
                                                      0.571     7.682 f  <hidden>
                         net (fo=1, routed)           0.000     7.682    <hidden>
    DSP48E2_X12Y40       DSP_OUTPUT (Prop_DSP_OUTPUT_DSP48E2_ALU_OUT[27]_P[27])
                                                      0.109     7.791 r  <hidden>
                         net (fo=1, routed)           0.202     7.993    <hidden>
    SLICE_X95Y119        LUT3 (Prop_H6LUT_SLICEM_I0_O)
                                                      0.101     8.094 r  <hidden>
                         net (fo=1, routed)           0.058     8.152    grp_run_fu_161/grp_runController_fu_106/grp_runQueryTile_fu_142/runQueryBlock_0_U0/grp_runQueryBlock_0_Outline_VITIS_LOOP_117_5_fu_168/grp_fu_884_p2[23]
    SLICE_X95Y119        FDRE                                         r  grp_run_fu_161/grp_runController_fu_106/grp_runQueryTile_fu_142/runQueryBlock_0_U0/grp_runQueryBlock_0_Outline_VITIS_LOOP_117_5_fu_168/acc_b_6_reg_2864_reg[23]/D
  -------------------------------------------------------------------    -------------------

                         (clock ap_clk rise edge)    10.000    10.000 r  
                                                      0.000    10.000 r  ap_clk (IN)
                         net (fo=32157, unset)        1.270    11.270    grp_run_fu_161/grp_runController_fu_106/grp_runQueryTile_fu_142/runQueryBlock_0_U0/grp_runQueryBlock_0_Outline_VITIS_LOOP_117_5_fu_168/ap_clk
    SLICE_X95Y119        FDRE                                         r  grp_run_fu_161/grp_runController_fu_106/grp_runQueryTile_fu_142/runQueryBlock_0_U0/grp_runQueryBlock_0_Outline_VITIS_LOOP_117_5_fu_168/acc_b_6_reg_2864_reg[23]/C
                         clock pessimism              0.020    11.290    
                         clock uncertainty           -2.735     8.555    
    SLICE_X95Y119        FDRE (Setup_HFF_SLICEM_C_D)
                                                      0.025     8.580    grp_run_fu_161/grp_runController_fu_106/grp_runQueryTile_fu_142/runQueryBlock_0_U0/grp_runQueryBlock_0_Outline_VITIS_LOOP_117_5_fu_168/acc_b_6_reg_2864_reg[23]
  -------------------------------------------------------------------
                         required time                          8.580    
                         arrival time                          -8.152    
  -------------------------------------------------------------------
                         slack                                  0.427    

Slack (MET) :             0.429ns  (required time - arrival time)
  Source:                 grp_run_fu_161/grp_runController_fu_106/grp_runQueryTile_fu_142/runQueryBlock_1_U0/grp_runAccumulatorColumns_fu_551/product_top_8_reg_6550_reg[0]/C
                            (rising edge-triggered cell FDRE clocked by ap_clk  {rise@0.000ns fall@5.000ns period=10.000ns})
  Destination:            grp_run_fu_161/grp_runController_fu_106/grp_runQueryTile_fu_142/runQueryBlock_1_U0/grp_runAccumulatorColumns_fu_551/significand_60_reg_6694_reg[48]/D
                            (rising edge-triggered cell FDRE clocked by ap_clk  {rise@0.000ns fall@5.000ns period=10.000ns})
  Path Group:             ap_clk
  Path Type:              Setup (Max at Slow Process Corner)
  Requirement:            10.000ns  (ap_clk rise@10.000ns - ap_clk rise@0.000ns)
  Data Path Delay:        6.769ns  (logic 2.305ns (34.051%)  route 4.464ns (65.949%))
  Logic Levels:           29  (CARRY8=11 LUT2=2 LUT3=2 LUT4=2 LUT5=5 LUT6=7)
  Clock Path Skew:        -0.092ns (DCD - SCD + CPR)
    Destination Clock Delay (DCD):    1.205ns = ( 11.205 - 10.000 ) 
    Source Clock Delay      (SCD):    1.394ns
    Clock Pessimism Removal (CPR):    0.097ns
  Clock Uncertainty:      2.735ns  ((TSJ^2 + TIJ^2)^1/2 + DJ) / 2 + PE + UU
    Total System Jitter     (TSJ):    0.071ns
    Total Input Jitter      (TIJ):    0.000ns
    Discrete Jitter          (DJ):    0.000ns
    Phase Error              (PE):    0.000ns
    User Uncertainty         (UU):    2.700ns

    Location             Delay type                Incr(ns)  Path(ns)    Netlist Resource(s)
  -------------------------------------------------------------------    -------------------
                         (clock ap_clk rise edge)     0.000     0.000 r  
                                                      0.000     0.000 r  ap_clk (IN)
                         net (fo=32157, unset)        1.394     1.394    grp_run_fu_161/grp_runController_fu_106/grp_runQueryTile_fu_142/runQueryBlock_1_U0/grp_runAccumulatorColumns_fu_551/ap_clk
    SLICE_X133Y218       FDRE                                         r  grp_run_fu_161/grp_runController_fu_106/grp_runQueryTile_fu_142/runQueryBlock_1_U0/grp_runAccumulatorColumns_fu_551/product_top_8_reg_6550_reg[0]/C
  -------------------------------------------------------------------    -------------------
    SLICE_X133Y218       FDRE (Prop_EFF_SLICEM_C_Q)
                                                      0.076     1.470 r  grp_run_fu_161/grp_runController_fu_106/grp_runQueryTile_fu_142/runQueryBlock_1_U0/grp_runAccumulatorColumns_fu_551/product_top_8_reg_6550_reg[0]/Q
                         net (fo=75, routed)          0.258     1.728    grp_run_fu_161/grp_runController_fu_106/grp_runQueryTile_fu_142/runQueryBlock_1_U0/grp_runAccumulatorColumns_fu_551/product_top_8_reg_6550[0]
    SLICE_X134Y220       LUT3 (Prop_A6LUT_SLICEL_I1_O)
                                                      0.098     1.826 r  grp_run_fu_161/grp_runController_fu_106/grp_runQueryTile_fu_142/runQueryBlock_1_U0/grp_runAccumulatorColumns_fu_551/ctlz_51_51_1_1_U310_i_377/O
                         net (fo=1, routed)           0.009     1.835    grp_run_fu_161/grp_runController_fu_106/grp_runQueryTile_fu_142/runQueryBlock_1_U0/grp_runAccumulatorColumns_fu_551/ctlz_51_51_1_1_U310_i_377_n_0
    SLICE_X134Y220       CARRY8 (Prop_CARRY8_SLICEL_S[0]_O[0])
                                                      0.063     1.898 r  grp_run_fu_161/grp_runController_fu_106/grp_runQueryTile_fu_142/runQueryBlock_1_U0/grp_runAccumulatorColumns_fu_551/ctlz_51_51_1_1_U310_i_217/O[0]
                         net (fo=43, routed)          0.343     2.241    grp_run_fu_161/grp_runController_fu_106/grp_runQueryTile_fu_142/runQueryBlock_1_U0/grp_runAccumulatorColumns_fu_551/zext_ln60_13_fu_4403_p1[0]
    SLICE_X137Y216       LUT6 (Prop_C6LUT_SLICEM_I4_O)
                                                      0.088     2.329 r  grp_run_fu_161/grp_runController_fu_106/grp_runQueryTile_fu_142/runQueryBlock_1_U0/grp_runAccumulatorColumns_fu_551/ctlz_51_51_1_1_U310_i_408/O
                         net (fo=4, routed)           0.308     2.637    grp_run_fu_161/grp_runController_fu_106/grp_runQueryTile_fu_142/runQueryBlock_1_U0/grp_runAccumulatorColumns_fu_551/ctlz_51_51_1_1_U310_i_408_n_0
    SLICE_X140Y220       LUT6 (Prop_C6LUT_SLICEL_I3_O)
                                                      0.123     2.760 r  grp_run_fu_161/grp_runController_fu_106/grp_runQueryTile_fu_142/runQueryBlock_1_U0/grp_runAccumulatorColumns_fu_551/ctlz_51_51_1_1_U310_i_413/O
                         net (fo=2, routed)           0.143     2.903    grp_run_fu_161/grp_runController_fu_106/grp_runQueryTile_fu_142/runQueryBlock_1_U0/grp_runAccumulatorColumns_fu_551/ctlz_51_51_1_1_U310_i_413_n_0
    SLICE_X140Y220       LUT4 (Prop_H6LUT_SLICEL_I3_O)
                                                      0.099     3.002 r  grp_run_fu_161/grp_runController_fu_106/grp_runQueryTile_fu_142/runQueryBlock_1_U0/grp_runAccumulatorColumns_fu_551/ctlz_51_51_1_1_U310_i_253/O
                         net (fo=2, routed)           0.193     3.196    grp_run_fu_161/grp_runController_fu_106/grp_runQueryTile_fu_142/runQueryBlock_1_U0/grp_runAccumulatorColumns_fu_551/ctlz_51_51_1_1_U310_i_253_n_0
    SLICE_X137Y221       LUT6 (Prop_B6LUT_SLICEM_I0_O)
                                                      0.100     3.296 r  grp_run_fu_161/grp_runController_fu_106/grp_runQueryTile_fu_142/runQueryBlock_1_U0/grp_runAccumulatorColumns_fu_551/ctlz_51_51_1_1_U310_i_356/O
                         net (fo=1, routed)           0.208     3.504    grp_run_fu_161/grp_runController_fu_106/grp_runQueryTile_fu_142/runQueryBlock_1_U0/grp_runAccumulatorColumns_fu_551/ctlz_51_51_1_1_U310_i_356_n_0
    SLICE_X137Y219       LUT6 (Prop_G6LUT_SLICEM_I0_O)
                                                      0.150     3.654 r  grp_run_fu_161/grp_runController_fu_106/grp_runQueryTile_fu_142/runQueryBlock_1_U0/grp_runAccumulatorColumns_fu_551/ctlz_51_51_1_1_U310_i_216/O
                         net (fo=3, routed)           0.171     3.825    grp_run_fu_161/grp_runController_fu_106/grp_runQueryTile_fu_142/runQueryBlock_1_U0/grp_runAccumulatorColumns_fu_551/ctlz_51_51_1_1_U310_i_216_n_0
    SLICE_X136Y217       LUT6 (Prop_B6LUT_SLICEL_I3_O)
                                                      0.124     3.949 r  grp_run_fu_161/grp_runController_fu_106/grp_runQueryTile_fu_142/runQueryBlock_1_U0/grp_runAccumulatorColumns_fu_551/sign_29_reg_6681[0]_i_49/O
                         net (fo=1, routed)           0.137     4.086    grp_run_fu_161/grp_runController_fu_106/grp_runQueryTile_fu_142/runQueryBlock_1_U0/grp_runAccumulatorColumns_fu_551/sign_29_reg_6681[0]_i_49_n_0
    SLICE_X136Y218       CARRY8 (Prop_CARRY8_SLICEL_DI[0]_CO[7])
                                                      0.131     4.217 r  grp_run_fu_161/grp_runController_fu_106/grp_runQueryTile_fu_142/runQueryBlock_1_U0/grp_runAccumulatorColumns_fu_551/sign_29_reg_6681_reg[0]_i_25/CO[7]
                         net (fo=1, routed)           0.026     4.243    grp_run_fu_161/grp_runController_fu_106/grp_runQueryTile_fu_142/runQueryBlock_1_U0/grp_runAccumulatorColumns_fu_551/sign_29_reg_6681_reg[0]_i_25_n_0
    SLICE_X136Y219       CARRY8 (Prop_CARRY8_SLICEL_CI_CO[7])
                                                      0.015     4.258 r  grp_run_fu_161/grp_runController_fu_106/grp_runQueryTile_fu_142/runQueryBlock_1_U0/grp_runAccumulatorColumns_fu_551/sign_29_reg_6681_reg[0]_i_8/CO[7]
                         net (fo=1, routed)           0.026     4.284    grp_run_fu_161/grp_runController_fu_106/grp_runQueryTile_fu_142/runQueryBlock_1_U0/grp_runAccumulatorColumns_fu_551/sign_29_reg_6681_reg[0]_i_8_n_0
    SLICE_X136Y220       CARRY8 (Prop_CARRY8_SLICEL_CI_CO[7])
                                                      0.015     4.299 r  grp_run_fu_161/grp_runController_fu_106/grp_runQueryTile_fu_142/runQueryBlock_1_U0/grp_runAccumulatorColumns_fu_551/sign_29_reg_6681_reg[0]_i_3/CO[7]
                         net (fo=1, routed)           0.026     4.325    grp_run_fu_161/grp_runController_fu_106/grp_runQueryTile_fu_142/runQueryBlock_1_U0/grp_runAccumulatorColumns_fu_551/sign_29_reg_6681_reg[0]_i_3_n_0
    SLICE_X136Y221       CARRY8 (Prop_CARRY8_SLICEL_CI_CO[1])
                                                      0.042     4.367 r  grp_run_fu_161/grp_runController_fu_106/grp_runQueryTile_fu_142/runQueryBlock_1_U0/grp_runAccumulatorColumns_fu_551/sign_29_reg_6681_reg[0]_i_2/CO[1]
                         net (fo=53, routed)          0.344     4.711    grp_run_fu_161/grp_runController_fu_106/grp_runQueryTile_fu_142/runQueryBlock_1_U0/grp_runAccumulatorColumns_fu_551/icmp_ln133_1_fu_4609_p2
    SLICE_X136Y217       LUT2 (Prop_A6LUT_SLICEL_I1_O)
                                                      0.035     4.746 r  grp_run_fu_161/grp_runController_fu_106/grp_runQueryTile_fu_142/runQueryBlock_1_U0/grp_runAccumulatorColumns_fu_551/ctlz_51_51_1_1_U310_i_196/O
                         net (fo=1, routed)           0.134     4.880    grp_run_fu_161/grp_runController_fu_106/grp_runQueryTile_fu_142/runQueryBlock_1_U0/grp_runAccumulatorColumns_fu_551/and_ln133_1_fu_4633_p2
    SLICE_X135Y216       LUT6 (Prop_C6LUT_SLICEL_I0_O)
                                                      0.035     4.915 r  grp_run_fu_161/grp_runController_fu_106/grp_runQueryTile_fu_142/runQueryBlock_1_U0/grp_runAccumulatorColumns_fu_551/ctlz_51_51_1_1_U310_i_94/O
                         net (fo=1, routed)           0.183     5.098    grp_run_fu_161/grp_runController_fu_106/grp_runQueryTile_fu_142/runQueryBlock_1_U0/grp_runAccumulatorColumns_fu_551/ctlz_51_51_1_1_U310_i_94_n_0
    SLICE_X135Y217       CARRY8 (Prop_CARRY8_SLICEL_CI_CO[7])
                                                      0.151     5.249 r  grp_run_fu_161/grp_runController_fu_106/grp_runQueryTile_fu_142/runQueryBlock_1_U0/grp_runAccumulatorColumns_fu_551/ctlz_51_51_1_1_U310_i_7/CO[7]
                         net (fo=1, routed)           0.026     5.275    grp_run_fu_161/grp_runController_fu_106/grp_runQueryTile_fu_142/runQueryBlock_1_U0/grp_runAccumulatorColumns_fu_551/ctlz_51_51_1_1_U310_i_7_n_0
    SLICE_X135Y218       CARRY8 (Prop_CARRY8_SLICEL_CI_CO[7])
                                                      0.015     5.290 r  grp_run_fu_161/grp_runController_fu_106/grp_runQueryTile_fu_142/runQueryBlock_1_U0/grp_runAccumulatorColumns_fu_551/ctlz_51_51_1_1_U310_i_6/CO[7]
                         net (fo=1, routed)           0.026     5.316    grp_run_fu_161/grp_runController_fu_106/grp_runQueryTile_fu_142/runQueryBlock_1_U0/grp_runAccumulatorColumns_fu_551/ctlz_51_51_1_1_U310_i_6_n_0
    SLICE_X135Y219       CARRY8 (Prop_CARRY8_SLICEL_CI_CO[7])
                                                      0.015     5.331 r  grp_run_fu_161/grp_runController_fu_106/grp_runQueryTile_fu_142/runQueryBlock_1_U0/grp_runAccumulatorColumns_fu_551/ctlz_51_51_1_1_U310_i_5/CO[7]
                         net (fo=1, routed)           0.026     5.357    grp_run_fu_161/grp_runController_fu_106/grp_runQueryTile_fu_142/runQueryBlock_1_U0/grp_runAccumulatorColumns_fu_551/ctlz_51_51_1_1_U310_i_5_n_0
    SLICE_X135Y220       CARRY8 (Prop_CARRY8_SLICEL_CI_CO[7])
                                                      0.015     5.372 r  grp_run_fu_161/grp_runController_fu_106/grp_runQueryTile_fu_142/runQueryBlock_1_U0/grp_runAccumulatorColumns_fu_551/ctlz_51_51_1_1_U310_i_4/CO[7]
                         net (fo=1, routed)           0.026     5.398    grp_run_fu_161/grp_runController_fu_106/grp_runQueryTile_fu_142/runQueryBlock_1_U0/grp_runAccumulatorColumns_fu_551/ctlz_51_51_1_1_U310_i_4_n_0
    SLICE_X135Y221       CARRY8 (Prop_CARRY8_SLICEL_CI_CO[7])
                                                      0.015     5.413 r  grp_run_fu_161/grp_runController_fu_106/grp_runQueryTile_fu_142/runQueryBlock_1_U0/grp_runAccumulatorColumns_fu_551/ctlz_51_51_1_1_U310_i_3/CO[7]
                         net (fo=1, routed)           0.026     5.439    grp_run_fu_161/grp_runController_fu_106/grp_runQueryTile_fu_142/runQueryBlock_1_U0/grp_runAccumulatorColumns_fu_551/ctlz_51_51_1_1_U310_i_3_n_0
    SLICE_X135Y222       CARRY8 (Prop_CARRY8_SLICEL_CI_O[7])
                                                      0.116     5.555 f  grp_run_fu_161/grp_runController_fu_106/grp_runQueryTile_fu_142/runQueryBlock_1_U0/grp_runAccumulatorColumns_fu_551/ctlz_51_51_1_1_U310_i_2/O[7]
                         net (fo=11, routed)          0.385     5.939    grp_run_fu_161/grp_runController_fu_106/grp_runQueryTile_fu_142/runQueryBlock_1_U0/grp_runAccumulatorColumns_fu_551/ctlz_51_51_1_1_U310/din[47]
    SLICE_X133Y226       LUT4 (Prop_A5LUT_SLICEM_I1_O)
                                                      0.139     6.078 r  grp_run_fu_161/grp_runController_fu_106/grp_runQueryTile_fu_142/runQueryBlock_1_U0/grp_runAccumulatorColumns_fu_551/ctlz_51_51_1_1_U310/dout[3]_INST_0_i_5/O
                         net (fo=1, routed)           0.196     6.274    grp_run_fu_161/grp_runController_fu_106/grp_runQueryTile_fu_142/runQueryBlock_1_U0/grp_runAccumulatorColumns_fu_551/ctlz_51_51_1_1_U310/dout[3]_INST_0_i_5_n_0
    SLICE_X133Y226       LUT5 (Prop_B5LUT_SLICEM_I4_O)
                                                      0.143     6.417 r  grp_run_fu_161/grp_runController_fu_106/grp_runQueryTile_fu_142/runQueryBlock_1_U0/grp_runAccumulatorColumns_fu_551/ctlz_51_51_1_1_U310/dout[3]_INST_0_i_1/O
                         net (fo=2, routed)           0.168     6.585    grp_run_fu_161/grp_runController_fu_106/grp_runQueryTile_fu_142/runQueryBlock_1_U0/grp_runAccumulatorColumns_fu_551/ctlz_51_51_1_1_U310/dout[3]_INST_0_i_1_n_0
    SLICE_X134Y226       LUT6 (Prop_F6LUT_SLICEL_I5_O)
                                                      0.035     6.620 r  grp_run_fu_161/grp_runController_fu_106/grp_runQueryTile_fu_142/runQueryBlock_1_U0/grp_runAccumulatorColumns_fu_551/ctlz_51_51_1_1_U310/dout[5]_INST_0_i_2/O
                         net (fo=2, routed)           0.087     6.707    grp_run_fu_161/grp_runController_fu_106/grp_runQueryTile_fu_142/runQueryBlock_1_U0/grp_runAccumulatorColumns_fu_551/ctlz_51_51_1_1_U310/dout[5]_INST_0_i_2_n_0
    SLICE_X134Y226       LUT2 (Prop_C5LUT_SLICEL_I1_O)
                                                      0.068     6.775 r  grp_run_fu_161/grp_runController_fu_106/grp_runQueryTile_fu_142/runQueryBlock_1_U0/grp_runAccumulatorColumns_fu_551/ctlz_51_51_1_1_U310/dout[5]_INST_0/O
                         net (fo=75, routed)          0.284     7.059    grp_run_fu_161/grp_runController_fu_106/grp_runQueryTile_fu_142/runQueryBlock_1_U0/grp_runAccumulatorColumns_fu_551/distance_31_fu_4718_p3[5]
    SLICE_X134Y229       LUT5 (Prop_D5LUT_SLICEL_I3_O)
                                                      0.066     7.125 r  grp_run_fu_161/grp_runController_fu_106/grp_runQueryTile_fu_142/runQueryBlock_1_U0/grp_runAccumulatorColumns_fu_551/significand_60_reg_6694[50]_i_20/O
                         net (fo=1, routed)           0.148     7.273    grp_run_fu_161/grp_runController_fu_106/grp_runQueryTile_fu_142/runQueryBlock_1_U0/grp_runAccumulatorColumns_fu_551/significand_60_reg_6694[50]_i_20_n_0
    SLICE_X134Y229       LUT3 (Prop_C5LUT_SLICEL_I2_O)
                                                      0.098     7.371 r  grp_run_fu_161/grp_runController_fu_106/grp_runQueryTile_fu_142/runQueryBlock_1_U0/grp_runAccumulatorColumns_fu_551/significand_60_reg_6694[50]_i_10/O
                         net (fo=3, routed)           0.189     7.560    grp_run_fu_161/grp_runController_fu_106/grp_runQueryTile_fu_142/runQueryBlock_1_U0/grp_runAccumulatorColumns_fu_551/significand_60_reg_6694[50]_i_10_n_0
    SLICE_X135Y227       LUT5 (Prop_B6LUT_SLICEL_I0_O)
                                                      0.148     7.708 r  grp_run_fu_161/grp_runController_fu_106/grp_runQueryTile_fu_142/runQueryBlock_1_U0/grp_runAccumulatorColumns_fu_551/significand_60_reg_6694[50]_i_4/O
                         net (fo=2, routed)           0.141     7.849    grp_run_fu_161/grp_runController_fu_106/grp_runQueryTile_fu_142/runQueryBlock_1_U0/grp_runAccumulatorColumns_fu_551/significand_60_reg_6694[50]_i_4_n_0
    SLICE_X135Y226       LUT5 (Prop_E6LUT_SLICEL_I4_O)
                                                      0.035     7.884 r  grp_run_fu_161/grp_runController_fu_106/grp_runQueryTile_fu_142/runQueryBlock_1_U0/grp_runAccumulatorColumns_fu_551/significand_60_reg_6694[49]_i_2/O
                         net (fo=2, routed)           0.168     8.052    grp_run_fu_161/grp_runController_fu_106/grp_runQueryTile_fu_142/runQueryBlock_1_U0/grp_runAccumulatorColumns_fu_551/significand_60_reg_6694[49]_i_2_n_0
    SLICE_X137Y226       LUT5 (Prop_G6LUT_SLICEM_I4_O)
                                                      0.052     8.104 r  grp_run_fu_161/grp_runController_fu_106/grp_runQueryTile_fu_142/runQueryBlock_1_U0/grp_runAccumulatorColumns_fu_551/significand_60_reg_6694[48]_i_1/O
                         net (fo=1, routed)           0.059     8.163    grp_run_fu_161/grp_runController_fu_106/grp_runQueryTile_fu_142/runQueryBlock_1_U0/grp_runAccumulatorColumns_fu_551/significand_60_fu_4762_p3[48]
    SLICE_X137Y226       FDRE                                         r  grp_run_fu_161/grp_runController_fu_106/grp_runQueryTile_fu_142/runQueryBlock_1_U0/grp_runAccumulatorColumns_fu_551/significand_60_reg_6694_reg[48]/D
  -------------------------------------------------------------------    -------------------

                         (clock ap_clk rise edge)    10.000    10.000 r  
                                                      0.000    10.000 r  ap_clk (IN)
                         net (fo=32157, unset)        1.205    11.205    grp_run_fu_161/grp_runController_fu_106/grp_runQueryTile_fu_142/runQueryBlock_1_U0/grp_runAccumulatorColumns_fu_551/ap_clk
    SLICE_X137Y226       FDRE                                         r  grp_run_fu_161/grp_runController_fu_106/grp_runQueryTile_fu_142/runQueryBlock_1_U0/grp_runAccumulatorColumns_fu_551/significand_60_reg_6694_reg[48]/C
                         clock pessimism              0.097    11.302    
                         clock uncertainty           -2.735     8.567    
    SLICE_X137Y226       FDRE (Setup_GFF_SLICEM_C_D)
                                                      0.025     8.592    grp_run_fu_161/grp_runController_fu_106/grp_runQueryTile_fu_142/runQueryBlock_1_U0/grp_runAccumulatorColumns_fu_551/significand_60_reg_6694_reg[48]
  -------------------------------------------------------------------
                         required time                          8.592    
                         arrival time                          -8.163    
  -------------------------------------------------------------------
                         slack                                  0.429    

Slack (MET) :             0.432ns  (required time - arrival time)
  Source:                 <hidden>
                            (rising edge-triggered cell FDRE clocked by ap_clk  {rise@0.000ns fall@5.000ns period=10.000ns})
  Destination:            grp_run_fu_161/grp_runController_fu_106/grp_runQueryTile_fu_142/runQueryBlock_0_U0/grp_runQueryBlock_0_Outline_VITIS_LOOP_117_5_fu_168/acc_b_6_reg_2864_reg[15]/D
                            (rising edge-triggered cell FDRE clocked by ap_clk  {rise@0.000ns fall@5.000ns period=10.000ns})
  Path Group:             ap_clk
  Path Type:              Setup (Max at Slow Process Corner)
  Requirement:            10.000ns  (ap_clk rise@10.000ns - ap_clk rise@0.000ns)
  Data Path Delay:        6.588ns  (logic 4.768ns (72.370%)  route 1.820ns (27.630%))
  Logic Levels:           19  (CARRY8=1 DSP_A_B_DATA=2 DSP_ALU=2 DSP_M_DATA=2 DSP_MULTIPLIER=2 DSP_OUTPUT=2 DSP_PREADD=1 DSP_PREADD_DATA=3 LUT2=1 LUT3=1 LUT4=1 LUT5=1)
  Clock Path Skew:        -0.269ns (DCD - SCD + CPR)
    Destination Clock Delay (DCD):    1.270ns = ( 11.270 - 10.000 ) 
    Source Clock Delay      (SCD):    1.559ns
    Clock Pessimism Removal (CPR):    0.020ns
  Clock Uncertainty:      2.735ns  ((TSJ^2 + TIJ^2)^1/2 + DJ) / 2 + PE + UU
    Total System Jitter     (TSJ):    0.071ns
    Total Input Jitter      (TIJ):    0.000ns
    Discrete Jitter          (DJ):    0.000ns
    Phase Error              (PE):    0.000ns
    User Uncertainty         (UU):    2.700ns

    Location             Delay type                Incr(ns)  Path(ns)    Netlist Resource(s)
  -------------------------------------------------------------------    -------------------
                         (clock ap_clk rise edge)     0.000     0.000 r  
                                                      0.000     0.000 r  ap_clk (IN)
                         net (fo=32157, unset)        1.559     1.559    <hidden>
    SLICE_X86Y120        FDRE                                         r  <hidden>
  -------------------------------------------------------------------    -------------------
    SLICE_X86Y120        FDRE (Prop_HFF_SLICEL_C_Q)
                                                      0.079     1.638 r  <hidden>
                         net (fo=47, routed)          0.302     1.940    <hidden>
    SLICE_X87Y117        LUT3 (Prop_A5LUT_SLICEM_I2_O)
                                                      0.139     2.079 r  <hidden>
                         net (fo=2, routed)           0.294     2.373    <hidden>
    DSP48E2_X11Y40       DSP_A_B_DATA (Prop_DSP_A_B_DATA_DSP48E2_A[9]_A2_DATA[9])
                                                      0.192     2.565 f  <hidden>
                         net (fo=1, routed)           0.000     2.565    <hidden>
    DSP48E2_X11Y40       DSP_PREADD_DATA (Prop_DSP_PREADD_DATA_DSP48E2_A2_DATA[9]_PREADD_AB[9])
                                                      0.124     2.689 r  <hidden>
                         net (fo=1, routed)           0.000     2.689    <hidden>
    DSP48E2_X11Y40       DSP_PREADD (Prop_DSP_PREADD_DSP48E2_PREADD_AB[9]_AD[26])
                                                      0.488     3.177 f  <hidden>
                         net (fo=1, routed)           0.000     3.177    <hidden>
    DSP48E2_X11Y40       DSP_PREADD_DATA (Prop_DSP_PREADD_DATA_DSP48E2_AD[26]_AD_DATA[26])
                                                      0.050     3.227 r  <hidden>
                         net (fo=1, routed)           0.000     3.227    <hidden>
    DSP48E2_X11Y40       DSP_MULTIPLIER (Prop_DSP_MULTIPLIER_DSP48E2_AD_DATA[26]_U[43])
                                                      0.612     3.839 f  <hidden>
                         net (fo=1, routed)           0.000     3.839    <hidden>
    DSP48E2_X11Y40       DSP_M_DATA (Prop_DSP_M_DATA_DSP48E2_U[43]_U_DATA[43])
                                                      0.047     3.886 r  <hidden>
                         net (fo=1, routed)           0.000     3.886    <hidden>
    DSP48E2_X11Y40       DSP_ALU (Prop_DSP_ALU_DSP48E2_U_DATA[43]_ALU_OUT[47])
                                                      0.585     4.471 r  <hidden>
                         net (fo=1, routed)           0.000     4.471    <hidden>
    DSP48E2_X11Y40       DSP_OUTPUT (Prop_DSP_OUTPUT_DSP48E2_ALU_OUT[47]_PATTERN_DETECT)
                                                      0.363     4.834 r  <hidden>
                         net (fo=55, routed)          0.271     5.105    <hidden>
    SLICE_X89Y117        LUT5 (Prop_A6LUT_SLICEL_I3_O)
                                                      0.124     5.229 r  <hidden>
                         net (fo=1, routed)           0.009     5.238    <hidden>
    SLICE_X89Y117        CARRY8 (Prop_CARRY8_SLICEL_S[0]_CO[6])
                                                      0.215     5.453 r  <hidden>
                         net (fo=4, routed)           0.362     5.814    <hidden>
    SLICE_X90Y116        LUT4 (Prop_C5LUT_SLICEL_I0_O)
                                                      0.068     5.882 f  <hidden>
                         net (fo=1, routed)           0.350     6.232    <hidden>
    DSP48E2_X12Y40       DSP_A_B_DATA (Prop_DSP_A_B_DATA_DSP48E2_B[12]_B2_DATA[12])
                                                      0.151     6.383 r  <hidden>
                         net (fo=1, routed)           0.000     6.383    <hidden>
    DSP48E2_X12Y40       DSP_PREADD_DATA (Prop_DSP_PREADD_DATA_DSP48E2_B2_DATA[12]_B2B1[12])
                                                      0.073     6.456 r  <hidden>
                         net (fo=1, routed)           0.000     6.456    <hidden>
    DSP48E2_X12Y40       DSP_MULTIPLIER (Prop_DSP_MULTIPLIER_DSP48E2_B2B1[12]_V[17])
                                                      0.609     7.065 f  <hidden>
                         net (fo=1, routed)           0.000     7.065    <hidden>
    DSP48E2_X12Y40       DSP_M_DATA (Prop_DSP_M_DATA_DSP48E2_V[17]_V_DATA[17])
                                                      0.046     7.111 r  <hidden>
                         net (fo=1, routed)           0.000     7.111    <hidden>
    DSP48E2_X12Y40       DSP_ALU (Prop_DSP_ALU_DSP48E2_V_DATA[17]_ALU_OUT[17])
                                                      0.571     7.682 f  <hidden>
                         net (fo=1, routed)           0.000     7.682    <hidden>
    DSP48E2_X12Y40       DSP_OUTPUT (Prop_DSP_OUTPUT_DSP48E2_ALU_OUT[17]_P[17])
                                                      0.109     7.791 r  <hidden>
                         net (fo=1, routed)           0.166     7.957    <hidden>
    SLICE_X95Y117        LUT2 (Prop_F6LUT_SLICEM_I0_O)
                                                      0.123     8.080 r  <hidden>
                         net (fo=1, routed)           0.067     8.147    grp_run_fu_161/grp_runController_fu_106/grp_runQueryTile_fu_142/runQueryBlock_0_U0/grp_runQueryBlock_0_Outline_VITIS_LOOP_117_5_fu_168/grp_fu_884_p2[15]
    SLICE_X95Y117        FDRE                                         r  grp_run_fu_161/grp_runController_fu_106/grp_runQueryTile_fu_142/runQueryBlock_0_U0/grp_runQueryBlock_0_Outline_VITIS_LOOP_117_5_fu_168/acc_b_6_reg_2864_reg[15]/D
  -------------------------------------------------------------------    -------------------

                         (clock ap_clk rise edge)    10.000    10.000 r  
                                                      0.000    10.000 r  ap_clk (IN)
                         net (fo=32157, unset)        1.270    11.270    grp_run_fu_161/grp_runController_fu_106/grp_runQueryTile_fu_142/runQueryBlock_0_U0/grp_runQueryBlock_0_Outline_VITIS_LOOP_117_5_fu_168/ap_clk
    SLICE_X95Y117        FDRE                                         r  grp_run_fu_161/grp_runController_fu_106/grp_runQueryTile_fu_142/runQueryBlock_0_U0/grp_runQueryBlock_0_Outline_VITIS_LOOP_117_5_fu_168/acc_b_6_reg_2864_reg[15]/C
                         clock pessimism              0.020    11.290    
                         clock uncertainty           -2.735     8.555    
    SLICE_X95Y117        FDRE (Setup_FFF_SLICEM_C_D)
                                                      0.025     8.580    grp_run_fu_161/grp_runController_fu_106/grp_runQueryTile_fu_142/runQueryBlock_0_U0/grp_runQueryBlock_0_Outline_VITIS_LOOP_117_5_fu_168/acc_b_6_reg_2864_reg[15]
  -------------------------------------------------------------------
                         required time                          8.580    
                         arrival time                          -8.147    
  -------------------------------------------------------------------
                         slack                                  0.432    

Slack (MET) :             0.432ns  (required time - arrival time)
  Source:                 <hidden>
                            (rising edge-triggered cell FDRE clocked by ap_clk  {rise@0.000ns fall@5.000ns period=10.000ns})
  Destination:            grp_run_fu_161/grp_runController_fu_106/grp_runQueryTile_fu_142/runQueryBlock_1_U0/grp_runQueryBlock_1_Outline_VITIS_LOOP_117_5_fu_172/sub_i2_reg_2869_reg[11]/D
                            (rising edge-triggered cell FDRE clocked by ap_clk  {rise@0.000ns fall@5.000ns period=10.000ns})
  Path Group:             ap_clk
  Path Type:              Setup (Max at Slow Process Corner)
  Requirement:            10.000ns  (ap_clk rise@10.000ns - ap_clk rise@0.000ns)
  Data Path Delay:        6.771ns  (logic 4.728ns (69.830%)  route 2.043ns (30.170%))
  Logic Levels:           19  (CARRY8=1 DSP_A_B_DATA=2 DSP_ALU=2 DSP_M_DATA=2 DSP_MULTIPLIER=2 DSP_OUTPUT=2 DSP_PREADD=1 DSP_PREADD_DATA=3 LUT2=2 LUT5=2)
  Clock Path Skew:        -0.086ns (DCD - SCD + CPR)
    Destination Clock Delay (DCD):    1.163ns = ( 11.163 - 10.000 ) 
    Source Clock Delay      (SCD):    1.343ns
    Clock Pessimism Removal (CPR):    0.094ns
  Clock Uncertainty:      2.735ns  ((TSJ^2 + TIJ^2)^1/2 + DJ) / 2 + PE + UU
    Total System Jitter     (TSJ):    0.071ns
    Total Input Jitter      (TIJ):    0.000ns
    Discrete Jitter          (DJ):    0.000ns
    Phase Error              (PE):    0.000ns
    User Uncertainty         (UU):    2.700ns

    Location             Delay type                Incr(ns)  Path(ns)    Netlist Resource(s)
  -------------------------------------------------------------------    -------------------
                         (clock ap_clk rise edge)     0.000     0.000 r  
                                                      0.000     0.000 r  ap_clk (IN)
                         net (fo=32157, unset)        1.343     1.343    <hidden>
    SLICE_X126Y174       FDRE                                         r  <hidden>
  -------------------------------------------------------------------    -------------------
    SLICE_X126Y174       FDRE (Prop_AFF2_SLICEM_C_Q)
                                                      0.080     1.423 r  <hidden>
                         net (fo=2, routed)           0.180     1.603    <hidden>
    SLICE_X126Y174       LUT2 (Prop_G5LUT_SLICEM_I0_O)
                                                      0.099     1.702 r  <hidden>
                         net (fo=2, routed)           0.524     2.226    <hidden>
    DSP48E2_X17Y64       DSP_A_B_DATA (Prop_DSP_A_B_DATA_DSP48E2_A[7]_A2_DATA[7])
                                                      0.192     2.418 f  <hidden>
                         net (fo=1, routed)           0.000     2.418    <hidden>
    DSP48E2_X17Y64       DSP_PREADD_DATA (Prop_DSP_PREADD_DATA_DSP48E2_A2_DATA[7]_PREADD_AB[7])
                                                      0.124     2.542 r  <hidden>
                         net (fo=1, routed)           0.000     2.542    <hidden>
    DSP48E2_X17Y64       DSP_PREADD (Prop_DSP_PREADD_DSP48E2_PREADD_AB[7]_AD[26])
                                                      0.488     3.030 f  <hidden>
                         net (fo=1, routed)           0.000     3.030    <hidden>
    DSP48E2_X17Y64       DSP_PREADD_DATA (Prop_DSP_PREADD_DATA_DSP48E2_AD[26]_AD_DATA[26])
                                                      0.050     3.080 r  <hidden>
                         net (fo=1, routed)           0.000     3.080    <hidden>
    DSP48E2_X17Y64       DSP_MULTIPLIER (Prop_DSP_MULTIPLIER_DSP48E2_AD_DATA[26]_U[43])
                                                      0.612     3.692 f  <hidden>
                         net (fo=1, routed)           0.000     3.692    <hidden>
    DSP48E2_X17Y64       DSP_M_DATA (Prop_DSP_M_DATA_DSP48E2_U[43]_U_DATA[43])
                                                      0.047     3.739 r  <hidden>
                         net (fo=1, routed)           0.000     3.739    <hidden>
    DSP48E2_X17Y64       DSP_ALU (Prop_DSP_ALU_DSP48E2_U_DATA[43]_ALU_OUT[47])
                                                      0.585     4.324 r  <hidden>
                         net (fo=1, routed)           0.000     4.324    <hidden>
    DSP48E2_X17Y64       DSP_OUTPUT (Prop_DSP_OUTPUT_DSP48E2_ALU_OUT[47]_PATTERN_DETECT)
                                                      0.363     4.687 r  <hidden>
                         net (fo=54, routed)          0.402     5.089    <hidden>
    SLICE_X128Y170       LUT5 (Prop_A6LUT_SLICEM_I3_O)
                                                      0.150     5.239 r  <hidden>
                         net (fo=1, routed)           0.013     5.252    <hidden>
    SLICE_X128Y170       CARRY8 (Prop_CARRY8_SLICEM_S[0]_CO[3])
                                                      0.186     5.438 f  <hidden>
                         net (fo=12, routed)          0.157     5.595    <hidden>
    SLICE_X128Y171       LUT5 (Prop_F5LUT_SLICEM_I1_O)
                                                      0.142     5.737 f  <hidden>
                         net (fo=1, routed)           0.395     6.132    <hidden>
    DSP48E2_X17Y63       DSP_A_B_DATA (Prop_DSP_A_B_DATA_DSP48E2_B[8]_B2_DATA[8])
                                                      0.151     6.283 r  <hidden>
                         net (fo=1, routed)           0.000     6.283    <hidden>
    DSP48E2_X17Y63       DSP_PREADD_DATA (Prop_DSP_PREADD_DATA_DSP48E2_B2_DATA[8]_B2B1[8])
                                                      0.073     6.356 r  <hidden>
                         net (fo=1, routed)           0.000     6.356    <hidden>
    DSP48E2_X17Y63       DSP_MULTIPLIER (Prop_DSP_MULTIPLIER_DSP48E2_B2B1[8]_V[13])
                                                      0.609     6.965 f  <hidden>
                         net (fo=1, routed)           0.000     6.965    <hidden>
    DSP48E2_X17Y63       DSP_M_DATA (Prop_DSP_M_DATA_DSP48E2_V[13]_V_DATA[13])
                                                      0.046     7.011 r  <hidden>
                         net (fo=1, routed)           0.000     7.011    <hidden>
    DSP48E2_X17Y63       DSP_ALU (Prop_DSP_ALU_DSP48E2_V_DATA[13]_ALU_OUT[13])
                                                      0.571     7.582 f  <hidden>
                         net (fo=1, routed)           0.000     7.582    <hidden>
    DSP48E2_X17Y63       DSP_OUTPUT (Prop_DSP_OUTPUT_DSP48E2_ALU_OUT[13]_P[13])
                                                      0.109     7.691 r  <hidden>
                         net (fo=1, routed)           0.300     7.991    <hidden>
    SLICE_X128Y168       LUT2 (Prop_D6LUT_SLICEM_I0_O)
                                                      0.051     8.042 r  <hidden>
                         net (fo=1, routed)           0.072     8.114    grp_run_fu_161/grp_runController_fu_106/grp_runQueryTile_fu_142/runQueryBlock_1_U0/grp_runQueryBlock_1_Outline_VITIS_LOOP_117_5_fu_172/grp_fu_888_p2[11]
    SLICE_X128Y168       FDRE                                         r  grp_run_fu_161/grp_runController_fu_106/grp_runQueryTile_fu_142/runQueryBlock_1_U0/grp_runQueryBlock_1_Outline_VITIS_LOOP_117_5_fu_172/sub_i2_reg_2869_reg[11]/D
  -------------------------------------------------------------------    -------------------

                         (clock ap_clk rise edge)    10.000    10.000 r  
                                                      0.000    10.000 r  ap_clk (IN)
                         net (fo=32157, unset)        1.163    11.163    grp_run_fu_161/grp_runController_fu_106/grp_runQueryTile_fu_142/runQueryBlock_1_U0/grp_runQueryBlock_1_Outline_VITIS_LOOP_117_5_fu_172/ap_clk
    SLICE_X128Y168       FDRE                                         r  grp_run_fu_161/grp_runController_fu_106/grp_runQueryTile_fu_142/runQueryBlock_1_U0/grp_runQueryBlock_1_Outline_VITIS_LOOP_117_5_fu_172/sub_i2_reg_2869_reg[11]/C
                         clock pessimism              0.094    11.257    
                         clock uncertainty           -2.735     8.521    
    SLICE_X128Y168       FDRE (Setup_DFF_SLICEM_C_D)
                                                      0.025     8.546    grp_run_fu_161/grp_runController_fu_106/grp_runQueryTile_fu_142/runQueryBlock_1_U0/grp_runQueryBlock_1_Outline_VITIS_LOOP_117_5_fu_172/sub_i2_reg_2869_reg[11]
  -------------------------------------------------------------------
                         required time                          8.546    
                         arrival time                          -8.114    
  -------------------------------------------------------------------
                         slack                                  0.432    

Slack (MET) :             0.433ns  (required time - arrival time)
  Source:                 grp_run_fu_161/grp_runController_fu_106/grp_runQueryTile_fu_142/distributeQueryTile_U0/grp_distributeQueryTile_Pipeline_VITIS_LOOP_501_3_VITIS_LOOP_506_4_VITIS_LOOP_507_5_fu_220/icmp_ln501_reg_673_reg[0]/C
                            (rising edge-triggered cell FDRE clocked by ap_clk  {rise@0.000ns fall@5.000ns period=10.000ns})
  Destination:            k_gmem_m_axi_U/load_unit_0/buff_rdata/U_fifo_mem/mem_reg_bram_1/ENBWREN
                            (rising edge-triggered cell RAMB36E2 clocked by ap_clk  {rise@0.000ns fall@5.000ns period=10.000ns})
  Path Group:             ap_clk
  Path Type:              Setup (Max at Slow Process Corner)
  Requirement:            10.000ns  (ap_clk rise@10.000ns - ap_clk rise@0.000ns)
  Data Path Delay:        6.185ns  (logic 0.612ns (9.895%)  route 5.573ns (90.105%))
  Logic Levels:           6  (LUT2=1 LUT3=2 LUT4=1 LUT6=2)
  Clock Path Skew:        -0.305ns (DCD - SCD + CPR)
    Destination Clock Delay (DCD):    1.258ns = ( 11.258 - 10.000 ) 
    Source Clock Delay      (SCD):    1.583ns
    Clock Pessimism Removal (CPR):    0.020ns
  Clock Uncertainty:      2.735ns  ((TSJ^2 + TIJ^2)^1/2 + DJ) / 2 + PE + UU
    Total System Jitter     (TSJ):    0.071ns
    Total Input Jitter      (TIJ):    0.000ns
    Discrete Jitter          (DJ):    0.000ns
    Phase Error              (PE):    0.000ns
    User Uncertainty         (UU):    2.700ns

    Location             Delay type                Incr(ns)  Path(ns)    Netlist Resource(s)
  -------------------------------------------------------------------    -------------------
                         (clock ap_clk rise edge)     0.000     0.000 r  
                                                      0.000     0.000 r  ap_clk (IN)
                         net (fo=32157, unset)        1.583     1.583    grp_run_fu_161/grp_runController_fu_106/grp_runQueryTile_fu_142/distributeQueryTile_U0/grp_distributeQueryTile_Pipeline_VITIS_LOOP_501_3_VITIS_LOOP_506_4_VITIS_LOOP_507_5_fu_220/ap_clk
    SLICE_X74Y170        FDRE                                         r  grp_run_fu_161/grp_runController_fu_106/grp_runQueryTile_fu_142/distributeQueryTile_U0/grp_distributeQueryTile_Pipeline_VITIS_LOOP_501_3_VITIS_LOOP_506_4_VITIS_LOOP_507_5_fu_220/icmp_ln501_reg_673_reg[0]/C
  -------------------------------------------------------------------    -------------------
    SLICE_X74Y170        FDRE (Prop_DFF_SLICEM_C_Q)
                                                      0.078     1.661 r  grp_run_fu_161/grp_runController_fu_106/grp_runQueryTile_fu_142/distributeQueryTile_U0/grp_distributeQueryTile_Pipeline_VITIS_LOOP_501_3_VITIS_LOOP_506_4_VITIS_LOOP_507_5_fu_220/icmp_ln501_reg_673_reg[0]/Q
                         net (fo=5, routed)           0.464     2.125    grp_run_fu_161/grp_runController_fu_106/grp_runQueryTile_fu_142/distributeQueryTile_U0/grp_distributeQueryTile_Pipeline_VITIS_LOOP_501_3_VITIS_LOOP_506_4_VITIS_LOOP_507_5_fu_220/icmp_ln501_reg_673_reg_n_0_[0]
    SLICE_X82Y187        LUT6 (Prop_G6LUT_SLICEL_I4_O)
                                                      0.050     2.175 f  grp_run_fu_161/grp_runController_fu_106/grp_runQueryTile_fu_142/distributeQueryTile_U0/grp_distributeQueryTile_Pipeline_VITIS_LOOP_501_3_VITIS_LOOP_506_4_VITIS_LOOP_507_5_fu_220/ap_ready_INST_0_i_9/O
                         net (fo=1, routed)           0.750     2.925    grp_run_fu_161/grp_runController_fu_106/grp_runQueryTile_fu_142/distributeQueryTile_U0/grp_distributeQueryTile_Pipeline_VITIS_LOOP_501_3_VITIS_LOOP_506_4_VITIS_LOOP_507_5_fu_220/ap_ready_INST_0_i_9_n_0
    SLICE_X91Y127        LUT6 (Prop_H6LUT_SLICEM_I1_O)
                                                      0.039     2.964 r  grp_run_fu_161/grp_runController_fu_106/grp_runQueryTile_fu_142/distributeQueryTile_U0/grp_distributeQueryTile_Pipeline_VITIS_LOOP_501_3_VITIS_LOOP_506_4_VITIS_LOOP_507_5_fu_220/ap_ready_INST_0_i_2/O
                         net (fo=382, routed)         0.480     3.444    grp_run_fu_161/grp_runController_fu_106/grp_runQueryTile_fu_142/distributeQueryTile_U0/grp_distributeQueryTile_Pipeline_VITIS_LOOP_501_3_VITIS_LOOP_506_4_VITIS_LOOP_507_5_fu_220/ap_block_pp0_stage0_subdone
    SLICE_X89Y158        LUT4 (Prop_D5LUT_SLICEL_I3_O)
                                                      0.110     3.554 r  grp_run_fu_161/grp_runController_fu_106/grp_runQueryTile_fu_142/distributeQueryTile_U0/grp_distributeQueryTile_Pipeline_VITIS_LOOP_501_3_VITIS_LOOP_506_4_VITIS_LOOP_507_5_fu_220/m_axi_k_gmem_0_RREADY_INST_0/O
                         net (fo=1, routed)           0.477     4.031    grp_run_fu_161_m_axi_k_gmem_0_RREADY
    SLICE_X91Y188        LUT3 (Prop_H6LUT_SLICEM_I2_O)
                                                      0.101     4.132 r  k_gmem_m_axi_U_i_2/O
                         net (fo=20, routed)          1.112     5.244    k_gmem_m_axi_U/load_unit_0/buff_rdata/if_read
    SLICE_X107Y111       LUT3 (Prop_D5LUT_SLICEM_I0_O)
                                                      0.110     5.354 r  k_gmem_m_axi_U/load_unit_0/buff_rdata/U_fifo_mem_i_12/O
                         net (fo=9, routed)           0.156     5.509    k_gmem_m_axi_U/load_unit_0/buff_rdata/U_fifo_mem/re
    SLICE_X109Y111       LUT2 (Prop_E6LUT_SLICEM_I1_O)
                                                      0.124     5.633 r  k_gmem_m_axi_U/load_unit_0/buff_rdata/U_fifo_mem/mem_reg_bram_1_i_1/O
                         net (fo=2, routed)           2.135     7.768    k_gmem_m_axi_U/load_unit_0/buff_rdata/U_fifo_mem/mem_reg_bram_1_i_1_n_0
    RAMB36_X7Y21         RAMB36E2                                     r  k_gmem_m_axi_U/load_unit_0/buff_rdata/U_fifo_mem/mem_reg_bram_1/ENBWREN
  -------------------------------------------------------------------    -------------------

                         (clock ap_clk rise edge)    10.000    10.000 r  
                                                      0.000    10.000 r  ap_clk (IN)
                         net (fo=32157, unset)        1.258    11.258    k_gmem_m_axi_U/load_unit_0/buff_rdata/U_fifo_mem/clk
    RAMB36_X7Y21         RAMB36E2                                     r  k_gmem_m_axi_U/load_unit_0/buff_rdata/U_fifo_mem/mem_reg_bram_1/CLKBWRCLK
                         clock pessimism              0.020    11.278    
                         clock uncertainty           -2.735     8.543    
    RAMB36_X7Y21         RAMB36E2 (Setup_RAMB36E2_RAMB36_CLKBWRCLK_ENBWREN)
                                                     -0.342     8.201    k_gmem_m_axi_U/load_unit_0/buff_rdata/U_fifo_mem/mem_reg_bram_1
  -------------------------------------------------------------------
                         required time                          8.201    
                         arrival time                          -7.768    
  -------------------------------------------------------------------
                         slack                                  0.433    

Slack (MET) :             0.434ns  (required time - arrival time)
  Source:                 <hidden>
                            (rising edge-triggered cell FDRE clocked by ap_clk  {rise@0.000ns fall@5.000ns period=10.000ns})
  Destination:            grp_run_fu_161/grp_runController_fu_106/grp_runQueryTile_fu_142/runQueryBlock_0_U0/grp_runQueryBlock_0_Outline_VITIS_LOOP_117_5_fu_168/acc_b_6_reg_2864_reg[12]/D
                            (rising edge-triggered cell FDRE clocked by ap_clk  {rise@0.000ns fall@5.000ns period=10.000ns})
  Path Group:             ap_clk
  Path Type:              Setup (Max at Slow Process Corner)
  Requirement:            10.000ns  (ap_clk rise@10.000ns - ap_clk rise@0.000ns)
  Data Path Delay:        6.586ns  (logic 4.682ns (71.086%)  route 1.904ns (28.914%))
  Logic Levels:           19  (CARRY8=1 DSP_A_B_DATA=2 DSP_ALU=2 DSP_M_DATA=2 DSP_MULTIPLIER=2 DSP_OUTPUT=2 DSP_PREADD=1 DSP_PREADD_DATA=3 LUT2=1 LUT3=1 LUT4=1 LUT5=1)
  Clock Path Skew:        -0.269ns (DCD - SCD + CPR)
    Destination Clock Delay (DCD):    1.270ns = ( 11.270 - 10.000 ) 
    Source Clock Delay      (SCD):    1.559ns
    Clock Pessimism Removal (CPR):    0.020ns
  Clock Uncertainty:      2.735ns  ((TSJ^2 + TIJ^2)^1/2 + DJ) / 2 + PE + UU
    Total System Jitter     (TSJ):    0.071ns
    Total Input Jitter      (TIJ):    0.000ns
    Discrete Jitter          (DJ):    0.000ns
    Phase Error              (PE):    0.000ns
    User Uncertainty         (UU):    2.700ns

    Location             Delay type                Incr(ns)  Path(ns)    Netlist Resource(s)
  -------------------------------------------------------------------    -------------------
                         (clock ap_clk rise edge)     0.000     0.000 r  
                                                      0.000     0.000 r  ap_clk (IN)
                         net (fo=32157, unset)        1.559     1.559    <hidden>
    SLICE_X86Y120        FDRE                                         r  <hidden>
  -------------------------------------------------------------------    -------------------
    SLICE_X86Y120        FDRE (Prop_HFF_SLICEL_C_Q)
                                                      0.079     1.638 r  <hidden>
                         net (fo=47, routed)          0.302     1.940    <hidden>
    SLICE_X87Y117        LUT3 (Prop_A5LUT_SLICEM_I2_O)
                                                      0.139     2.079 r  <hidden>
                         net (fo=2, routed)           0.294     2.373    <hidden>
    DSP48E2_X11Y40       DSP_A_B_DATA (Prop_DSP_A_B_DATA_DSP48E2_A[9]_A2_DATA[9])
                                                      0.192     2.565 f  <hidden>
                         net (fo=1, routed)           0.000     2.565    <hidden>
    DSP48E2_X11Y40       DSP_PREADD_DATA (Prop_DSP_PREADD_DATA_DSP48E2_A2_DATA[9]_PREADD_AB[9])
                                                      0.124     2.689 r  <hidden>
                         net (fo=1, routed)           0.000     2.689    <hidden>
    DSP48E2_X11Y40       DSP_PREADD (Prop_DSP_PREADD_DSP48E2_PREADD_AB[9]_AD[26])
                                                      0.488     3.177 f  <hidden>
                         net (fo=1, routed)           0.000     3.177    <hidden>
    DSP48E2_X11Y40       DSP_PREADD_DATA (Prop_DSP_PREADD_DATA_DSP48E2_AD[26]_AD_DATA[26])
                                                      0.050     3.227 r  <hidden>
                         net (fo=1, routed)           0.000     3.227    <hidden>
    DSP48E2_X11Y40       DSP_MULTIPLIER (Prop_DSP_MULTIPLIER_DSP48E2_AD_DATA[26]_U[43])
                                                      0.612     3.839 f  <hidden>
                         net (fo=1, routed)           0.000     3.839    <hidden>
    DSP48E2_X11Y40       DSP_M_DATA (Prop_DSP_M_DATA_DSP48E2_U[43]_U_DATA[43])
                                                      0.047     3.886 r  <hidden>
                         net (fo=1, routed)           0.000     3.886    <hidden>
    DSP48E2_X11Y40       DSP_ALU (Prop_DSP_ALU_DSP48E2_U_DATA[43]_ALU_OUT[47])
                                                      0.585     4.471 r  <hidden>
                         net (fo=1, routed)           0.000     4.471    <hidden>
    DSP48E2_X11Y40       DSP_OUTPUT (Prop_DSP_OUTPUT_DSP48E2_ALU_OUT[47]_PATTERN_DETECT)
                                                      0.363     4.834 r  <hidden>
                         net (fo=55, routed)          0.271     5.105    <hidden>
    SLICE_X89Y117        LUT5 (Prop_A6LUT_SLICEL_I3_O)
                                                      0.124     5.229 r  <hidden>
                         net (fo=1, routed)           0.009     5.238    <hidden>
    SLICE_X89Y117        CARRY8 (Prop_CARRY8_SLICEL_S[0]_CO[6])
                                                      0.215     5.453 r  <hidden>
                         net (fo=4, routed)           0.362     5.814    <hidden>
    SLICE_X90Y116        LUT4 (Prop_C5LUT_SLICEL_I0_O)
                                                      0.068     5.882 f  <hidden>
                         net (fo=1, routed)           0.350     6.232    <hidden>
    DSP48E2_X12Y40       DSP_A_B_DATA (Prop_DSP_A_B_DATA_DSP48E2_B[12]_B2_DATA[12])
                                                      0.151     6.383 r  <hidden>
                         net (fo=1, routed)           0.000     6.383    <hidden>
    DSP48E2_X12Y40       DSP_PREADD_DATA (Prop_DSP_PREADD_DATA_DSP48E2_B2_DATA[12]_B2B1[12])
                                                      0.073     6.456 r  <hidden>
                         net (fo=1, routed)           0.000     6.456    <hidden>
    DSP48E2_X12Y40       DSP_MULTIPLIER (Prop_DSP_MULTIPLIER_DSP48E2_B2B1[12]_V[14])
                                                      0.609     7.065 f  <hidden>
                         net (fo=1, routed)           0.000     7.065    <hidden>
    DSP48E2_X12Y40       DSP_M_DATA (Prop_DSP_M_DATA_DSP48E2_V[14]_V_DATA[14])
                                                      0.046     7.111 r  <hidden>
                         net (fo=1, routed)           0.000     7.111    <hidden>
    DSP48E2_X12Y40       DSP_ALU (Prop_DSP_ALU_DSP48E2_V_DATA[14]_ALU_OUT[14])
                                                      0.571     7.682 f  <hidden>
                         net (fo=1, routed)           0.000     7.682    <hidden>
    DSP48E2_X12Y40       DSP_OUTPUT (Prop_DSP_OUTPUT_DSP48E2_ALU_OUT[14]_P[14])
                                                      0.109     7.791 r  <hidden>
                         net (fo=1, routed)           0.250     8.041    <hidden>
    SLICE_X95Y119        LUT2 (Prop_F6LUT_SLICEM_I0_O)
                                                      0.037     8.078 r  <hidden>
                         net (fo=1, routed)           0.067     8.145    grp_run_fu_161/grp_runController_fu_106/grp_runQueryTile_fu_142/runQueryBlock_0_U0/grp_runQueryBlock_0_Outline_VITIS_LOOP_117_5_fu_168/grp_fu_884_p2[12]
    SLICE_X95Y119        FDRE                                         r  grp_run_fu_161/grp_runController_fu_106/grp_runQueryTile_fu_142/runQueryBlock_0_U0/grp_runQueryBlock_0_Outline_VITIS_LOOP_117_5_fu_168/acc_b_6_reg_2864_reg[12]/D
  -------------------------------------------------------------------    -------------------

                         (clock ap_clk rise edge)    10.000    10.000 r  
                                                      0.000    10.000 r  ap_clk (IN)
                         net (fo=32157, unset)        1.270    11.270    grp_run_fu_161/grp_runController_fu_106/grp_runQueryTile_fu_142/runQueryBlock_0_U0/grp_runQueryBlock_0_Outline_VITIS_LOOP_117_5_fu_168/ap_clk
    SLICE_X95Y119        FDRE                                         r  grp_run_fu_161/grp_runController_fu_106/grp_runQueryTile_fu_142/runQueryBlock_0_U0/grp_runQueryBlock_0_Outline_VITIS_LOOP_117_5_fu_168/acc_b_6_reg_2864_reg[12]/C
                         clock pessimism              0.020    11.290    
                         clock uncertainty           -2.735     8.555    
    SLICE_X95Y119        FDRE (Setup_FFF_SLICEM_C_D)
                                                      0.025     8.580    grp_run_fu_161/grp_runController_fu_106/grp_runQueryTile_fu_142/runQueryBlock_0_U0/grp_runQueryBlock_0_Outline_VITIS_LOOP_117_5_fu_168/acc_b_6_reg_2864_reg[12]
  -------------------------------------------------------------------
                         required time                          8.580    
                         arrival time                          -8.145    
  -------------------------------------------------------------------
                         slack                                  0.434    

Slack (MET) :             0.437ns  (required time - arrival time)
  Source:                 <hidden>
                            (rising edge-triggered cell FDRE clocked by ap_clk  {rise@0.000ns fall@5.000ns period=10.000ns})
  Destination:            grp_run_fu_161/grp_runController_fu_106/grp_runQueryTile_fu_142/runQueryBlock_1_U0/grp_runQueryBlock_1_Outline_VITIS_LOOP_117_5_fu_172/sub_i2_reg_2869_reg[21]/D
                            (rising edge-triggered cell FDRE clocked by ap_clk  {rise@0.000ns fall@5.000ns period=10.000ns})
  Path Group:             ap_clk
  Path Type:              Setup (Max at Slow Process Corner)
  Requirement:            10.000ns  (ap_clk rise@10.000ns - ap_clk rise@0.000ns)
  Data Path Delay:        6.765ns  (logic 4.666ns (68.973%)  route 2.099ns (31.027%))
  Logic Levels:           19  (CARRY8=1 DSP_A_B_DATA=2 DSP_ALU=2 DSP_M_DATA=2 DSP_MULTIPLIER=2 DSP_OUTPUT=2 DSP_PREADD=1 DSP_PREADD_DATA=3 LUT2=2 LUT5=2)
  Clock Path Skew:        -0.087ns (DCD - SCD + CPR)
    Destination Clock Delay (DCD):    1.162ns = ( 11.162 - 10.000 ) 
    Source Clock Delay      (SCD):    1.343ns
    Clock Pessimism Removal (CPR):    0.094ns
  Clock Uncertainty:      2.735ns  ((TSJ^2 + TIJ^2)^1/2 + DJ) / 2 + PE + UU
    Total System Jitter     (TSJ):    0.071ns
    Total Input Jitter      (TIJ):    0.000ns
    Discrete Jitter          (DJ):    0.000ns
    Phase Error              (PE):    0.000ns
    User Uncertainty         (UU):    2.700ns

    Location             Delay type                Incr(ns)  Path(ns)    Netlist Resource(s)
  -------------------------------------------------------------------    -------------------
                         (clock ap_clk rise edge)     0.000     0.000 r  
                                                      0.000     0.000 r  ap_clk (IN)
                         net (fo=32157, unset)        1.343     1.343    <hidden>
    SLICE_X126Y174       FDRE                                         r  <hidden>
  -------------------------------------------------------------------    -------------------
    SLICE_X126Y174       FDRE (Prop_AFF2_SLICEM_C_Q)
                                                      0.080     1.423 r  <hidden>
                         net (fo=2, routed)           0.180     1.603    <hidden>
    SLICE_X126Y174       LUT2 (Prop_G5LUT_SLICEM_I0_O)
                                                      0.099     1.702 r  <hidden>
                         net (fo=2, routed)           0.524     2.226    <hidden>
    DSP48E2_X17Y64       DSP_A_B_DATA (Prop_DSP_A_B_DATA_DSP48E2_A[7]_A2_DATA[7])
                                                      0.192     2.418 f  <hidden>
                         net (fo=1, routed)           0.000     2.418    <hidden>
    DSP48E2_X17Y64       DSP_PREADD_DATA (Prop_DSP_PREADD_DATA_DSP48E2_A2_DATA[7]_PREADD_AB[7])
                                                      0.124     2.542 r  <hidden>
                         net (fo=1, routed)           0.000     2.542    <hidden>
    DSP48E2_X17Y64       DSP_PREADD (Prop_DSP_PREADD_DSP48E2_PREADD_AB[7]_AD[26])
                                                      0.488     3.030 f  <hidden>
                         net (fo=1, routed)           0.000     3.030    <hidden>
    DSP48E2_X17Y64       DSP_PREADD_DATA (Prop_DSP_PREADD_DATA_DSP48E2_AD[26]_AD_DATA[26])
                                                      0.050     3.080 r  <hidden>
                         net (fo=1, routed)           0.000     3.080    <hidden>
    DSP48E2_X17Y64       DSP_MULTIPLIER (Prop_DSP_MULTIPLIER_DSP48E2_AD_DATA[26]_U[43])
                                                      0.612     3.692 f  <hidden>
                         net (fo=1, routed)           0.000     3.692    <hidden>
    DSP48E2_X17Y64       DSP_M_DATA (Prop_DSP_M_DATA_DSP48E2_U[43]_U_DATA[43])
                                                      0.047     3.739 r  <hidden>
                         net (fo=1, routed)           0.000     3.739    <hidden>
    DSP48E2_X17Y64       DSP_ALU (Prop_DSP_ALU_DSP48E2_U_DATA[43]_ALU_OUT[47])
                                                      0.585     4.324 r  <hidden>
                         net (fo=1, routed)           0.000     4.324    <hidden>
    DSP48E2_X17Y64       DSP_OUTPUT (Prop_DSP_OUTPUT_DSP48E2_ALU_OUT[47]_PATTERN_DETECT)
                                                      0.363     4.687 r  <hidden>
                         net (fo=54, routed)          0.402     5.089    <hidden>
    SLICE_X128Y170       LUT5 (Prop_A6LUT_SLICEM_I3_O)
                                                      0.150     5.239 r  <hidden>
                         net (fo=1, routed)           0.013     5.252    <hidden>
    SLICE_X128Y170       CARRY8 (Prop_CARRY8_SLICEM_S[0]_CO[7])
                                                      0.199     5.451 r  <hidden>
                         net (fo=3, routed)           0.303     5.754    <hidden>
    SLICE_X127Y171       LUT5 (Prop_H5LUT_SLICEL_I0_O)
                                                      0.065     5.819 f  <hidden>
                         net (fo=1, routed)           0.334     6.153    <hidden>
    DSP48E2_X17Y63       DSP_A_B_DATA (Prop_DSP_A_B_DATA_DSP48E2_B[15]_B2_DATA[15])
                                                      0.151     6.304 r  <hidden>
                         net (fo=1, routed)           0.000     6.304    <hidden>
    DSP48E2_X17Y63       DSP_PREADD_DATA (Prop_DSP_PREADD_DATA_DSP48E2_B2_DATA[15]_B2B1[15])
                                                      0.073     6.377 r  <hidden>
                         net (fo=1, routed)           0.000     6.377    <hidden>
    DSP48E2_X17Y63       DSP_MULTIPLIER (Prop_DSP_MULTIPLIER_DSP48E2_B2B1[15]_V[23])
                                                      0.609     6.986 f  <hidden>
                         net (fo=1, routed)           0.000     6.986    <hidden>
    DSP48E2_X17Y63       DSP_M_DATA (Prop_DSP_M_DATA_DSP48E2_V[23]_V_DATA[23])
                                                      0.046     7.032 r  <hidden>
                         net (fo=1, routed)           0.000     7.032    <hidden>
    DSP48E2_X17Y63       DSP_ALU (Prop_DSP_ALU_DSP48E2_V_DATA[23]_ALU_OUT[23])
                                                      0.571     7.603 f  <hidden>
                         net (fo=1, routed)           0.000     7.603    <hidden>
    DSP48E2_X17Y63       DSP_OUTPUT (Prop_DSP_OUTPUT_DSP48E2_ALU_OUT[23]_P[23])
                                                      0.109     7.712 r  <hidden>
                         net (fo=1, routed)           0.285     7.997    <hidden>
    SLICE_X128Y168       LUT2 (Prop_H6LUT_SLICEM_I0_O)
                                                      0.053     8.050 r  <hidden>
                         net (fo=1, routed)           0.058     8.108    grp_run_fu_161/grp_runController_fu_106/grp_runQueryTile_fu_142/runQueryBlock_1_U0/grp_runQueryBlock_1_Outline_VITIS_LOOP_117_5_fu_172/grp_fu_888_p2[21]
    SLICE_X128Y168       FDRE                                         r  grp_run_fu_161/grp_runController_fu_106/grp_runQueryTile_fu_142/runQueryBlock_1_U0/grp_runQueryBlock_1_Outline_VITIS_LOOP_117_5_fu_172/sub_i2_reg_2869_reg[21]/D
  -------------------------------------------------------------------    -------------------

                         (clock ap_clk rise edge)    10.000    10.000 r  
                                                      0.000    10.000 r  ap_clk (IN)
                         net (fo=32157, unset)        1.162    11.162    grp_run_fu_161/grp_runController_fu_106/grp_runQueryTile_fu_142/runQueryBlock_1_U0/grp_runQueryBlock_1_Outline_VITIS_LOOP_117_5_fu_172/ap_clk
    SLICE_X128Y168       FDRE                                         r  grp_run_fu_161/grp_runController_fu_106/grp_runQueryTile_fu_142/runQueryBlock_1_U0/grp_runQueryBlock_1_Outline_VITIS_LOOP_117_5_fu_172/sub_i2_reg_2869_reg[21]/C
                         clock pessimism              0.094    11.256    
                         clock uncertainty           -2.735     8.520    
    SLICE_X128Y168       FDRE (Setup_HFF_SLICEM_C_D)
                                                      0.025     8.545    grp_run_fu_161/grp_runController_fu_106/grp_runQueryTile_fu_142/runQueryBlock_1_U0/grp_runQueryBlock_1_Outline_VITIS_LOOP_117_5_fu_172/sub_i2_reg_2869_reg[21]
  -------------------------------------------------------------------
                         required time                          8.545    
                         arrival time                          -8.108    
  -------------------------------------------------------------------
                         slack                                  0.437    

Slack (MET) :             0.439ns  (required time - arrival time)
  Source:                 <hidden>
                            (rising edge-triggered cell FDRE clocked by ap_clk  {rise@0.000ns fall@5.000ns period=10.000ns})
  Destination:            grp_run_fu_161/grp_runController_fu_106/grp_runQueryTile_fu_142/runQueryBlock_0_U0/grp_runQueryBlock_0_Outline_VITIS_LOOP_117_5_fu_168/acc_b_6_reg_2864_reg[24]/D
                            (rising edge-triggered cell FDRE clocked by ap_clk  {rise@0.000ns fall@5.000ns period=10.000ns})
  Path Group:             ap_clk
  Path Type:              Setup (Max at Slow Process Corner)
  Requirement:            10.000ns  (ap_clk rise@10.000ns - ap_clk rise@0.000ns)
  Data Path Delay:        6.581ns  (logic 4.711ns (71.581%)  route 1.870ns (28.419%))
  Logic Levels:           19  (CARRY8=1 DSP_A_B_DATA=2 DSP_ALU=2 DSP_M_DATA=2 DSP_MULTIPLIER=2 DSP_OUTPUT=2 DSP_PREADD=1 DSP_PREADD_DATA=3 LUT3=2 LUT4=1 LUT5=1)
  Clock Path Skew:        -0.269ns (DCD - SCD + CPR)
    Destination Clock Delay (DCD):    1.270ns = ( 11.270 - 10.000 ) 
    Source Clock Delay      (SCD):    1.559ns
    Clock Pessimism Removal (CPR):    0.020ns
  Clock Uncertainty:      2.735ns  ((TSJ^2 + TIJ^2)^1/2 + DJ) / 2 + PE + UU
    Total System Jitter     (TSJ):    0.071ns
    Total Input Jitter      (TIJ):    0.000ns
    Discrete Jitter          (DJ):    0.000ns
    Phase Error              (PE):    0.000ns
    User Uncertainty         (UU):    2.700ns

    Location             Delay type                Incr(ns)  Path(ns)    Netlist Resource(s)
  -------------------------------------------------------------------    -------------------
                         (clock ap_clk rise edge)     0.000     0.000 r  
                                                      0.000     0.000 r  ap_clk (IN)
                         net (fo=32157, unset)        1.559     1.559    <hidden>
    SLICE_X86Y120        FDRE                                         r  <hidden>
  -------------------------------------------------------------------    -------------------
    SLICE_X86Y120        FDRE (Prop_HFF_SLICEL_C_Q)
                                                      0.079     1.638 r  <hidden>
                         net (fo=47, routed)          0.302     1.940    <hidden>
    SLICE_X87Y117        LUT3 (Prop_A5LUT_SLICEM_I2_O)
                                                      0.139     2.079 r  <hidden>
                         net (fo=2, routed)           0.294     2.373    <hidden>
    DSP48E2_X11Y40       DSP_A_B_DATA (Prop_DSP_A_B_DATA_DSP48E2_A[9]_A2_DATA[9])
                                                      0.192     2.565 f  <hidden>
                         net (fo=1, routed)           0.000     2.565    <hidden>
    DSP48E2_X11Y40       DSP_PREADD_DATA (Prop_DSP_PREADD_DATA_DSP48E2_A2_DATA[9]_PREADD_AB[9])
                                                      0.124     2.689 r  <hidden>
                         net (fo=1, routed)           0.000     2.689    <hidden>
    DSP48E2_X11Y40       DSP_PREADD (Prop_DSP_PREADD_DSP48E2_PREADD_AB[9]_AD[26])
                                                      0.488     3.177 f  <hidden>
                         net (fo=1, routed)           0.000     3.177    <hidden>
    DSP48E2_X11Y40       DSP_PREADD_DATA (Prop_DSP_PREADD_DATA_DSP48E2_AD[26]_AD_DATA[26])
                                                      0.050     3.227 r  <hidden>
                         net (fo=1, routed)           0.000     3.227    <hidden>
    DSP48E2_X11Y40       DSP_MULTIPLIER (Prop_DSP_MULTIPLIER_DSP48E2_AD_DATA[26]_U[43])
                                                      0.612     3.839 f  <hidden>
                         net (fo=1, routed)           0.000     3.839    <hidden>
    DSP48E2_X11Y40       DSP_M_DATA (Prop_DSP_M_DATA_DSP48E2_U[43]_U_DATA[43])
                                                      0.047     3.886 r  <hidden>
                         net (fo=1, routed)           0.000     3.886    <hidden>
    DSP48E2_X11Y40       DSP_ALU (Prop_DSP_ALU_DSP48E2_U_DATA[43]_ALU_OUT[47])
                                                      0.585     4.471 r  <hidden>
                         net (fo=1, routed)           0.000     4.471    <hidden>
    DSP48E2_X11Y40       DSP_OUTPUT (Prop_DSP_OUTPUT_DSP48E2_ALU_OUT[47]_PATTERN_DETECT)
                                                      0.363     4.834 r  <hidden>
                         net (fo=55, routed)          0.271     5.105    <hidden>
    SLICE_X89Y117        LUT5 (Prop_A6LUT_SLICEL_I3_O)
                                                      0.124     5.229 r  <hidden>
                         net (fo=1, routed)           0.009     5.238    <hidden>
    SLICE_X89Y117        CARRY8 (Prop_CARRY8_SLICEL_S[0]_CO[6])
                                                      0.215     5.453 r  <hidden>
                         net (fo=4, routed)           0.362     5.814    <hidden>
    SLICE_X90Y116        LUT4 (Prop_C5LUT_SLICEL_I0_O)
                                                      0.068     5.882 f  <hidden>
                         net (fo=1, routed)           0.350     6.232    <hidden>
    DSP48E2_X12Y40       DSP_A_B_DATA (Prop_DSP_A_B_DATA_DSP48E2_B[12]_B2_DATA[12])
                                                      0.151     6.383 r  <hidden>
                         net (fo=1, routed)           0.000     6.383    <hidden>
    DSP48E2_X12Y40       DSP_PREADD_DATA (Prop_DSP_PREADD_DATA_DSP48E2_B2_DATA[12]_B2B1[12])
                                                      0.073     6.456 r  <hidden>
                         net (fo=1, routed)           0.000     6.456    <hidden>
    DSP48E2_X12Y40       DSP_MULTIPLIER (Prop_DSP_MULTIPLIER_DSP48E2_B2B1[12]_V[28])
                                                      0.609     7.065 f  <hidden>
                         net (fo=1, routed)           0.000     7.065    <hidden>
    DSP48E2_X12Y40       DSP_M_DATA (Prop_DSP_M_DATA_DSP48E2_V[28]_V_DATA[28])
                                                      0.046     7.111 r  <hidden>
                         net (fo=1, routed)           0.000     7.111    <hidden>
    DSP48E2_X12Y40       DSP_ALU (Prop_DSP_ALU_DSP48E2_V_DATA[28]_ALU_OUT[28])
                                                      0.571     7.682 f  <hidden>
                         net (fo=1, routed)           0.000     7.682    <hidden>
    DSP48E2_X12Y40       DSP_OUTPUT (Prop_DSP_OUTPUT_DSP48E2_ALU_OUT[28]_P[28])
                                                      0.109     7.791 r  <hidden>
                         net (fo=1, routed)           0.265     8.056    <hidden>
    SLICE_X95Y119        LUT3 (Prop_H5LUT_SLICEM_I0_O)
                                                      0.066     8.122 r  <hidden>
                         net (fo=1, routed)           0.018     8.140    grp_run_fu_161/grp_runController_fu_106/grp_runQueryTile_fu_142/runQueryBlock_0_U0/grp_runQueryBlock_0_Outline_VITIS_LOOP_117_5_fu_168/grp_fu_884_p2[24]
    SLICE_X95Y119        FDRE                                         r  grp_run_fu_161/grp_runController_fu_106/grp_runQueryTile_fu_142/runQueryBlock_0_U0/grp_runQueryBlock_0_Outline_VITIS_LOOP_117_5_fu_168/acc_b_6_reg_2864_reg[24]/D
  -------------------------------------------------------------------    -------------------

                         (clock ap_clk rise edge)    10.000    10.000 r  
                                                      0.000    10.000 r  ap_clk (IN)
                         net (fo=32157, unset)        1.270    11.270    grp_run_fu_161/grp_runController_fu_106/grp_runQueryTile_fu_142/runQueryBlock_0_U0/grp_runQueryBlock_0_Outline_VITIS_LOOP_117_5_fu_168/ap_clk
    SLICE_X95Y119        FDRE                                         r  grp_run_fu_161/grp_runController_fu_106/grp_runQueryTile_fu_142/runQueryBlock_0_U0/grp_runQueryBlock_0_Outline_VITIS_LOOP_117_5_fu_168/acc_b_6_reg_2864_reg[24]/C
                         clock pessimism              0.020    11.290    
                         clock uncertainty           -2.735     8.555    
    SLICE_X95Y119        FDRE (Setup_HFF2_SLICEM_C_D)
                                                      0.025     8.580    grp_run_fu_161/grp_runController_fu_106/grp_runQueryTile_fu_142/runQueryBlock_0_U0/grp_runQueryBlock_0_Outline_VITIS_LOOP_117_5_fu_168/acc_b_6_reg_2864_reg[24]
  -------------------------------------------------------------------
                         required time                          8.580    
                         arrival time                          -8.140    
  -------------------------------------------------------------------
                         slack                                  0.439    

Slack (MET) :             0.444ns  (required time - arrival time)
  Source:                 <hidden>
                            (rising edge-triggered cell FDRE clocked by ap_clk  {rise@0.000ns fall@5.000ns period=10.000ns})
  Destination:            grp_run_fu_161/grp_runController_fu_106/grp_runQueryTile_fu_142/runQueryBlock_1_U0/grp_runQueryBlock_1_Outline_VITIS_LOOP_117_5_fu_172/sub_i2_reg_2869_reg[26]/D
                            (rising edge-triggered cell FDRE clocked by ap_clk  {rise@0.000ns fall@5.000ns period=10.000ns})
  Path Group:             ap_clk
  Path Type:              Setup (Max at Slow Process Corner)
  Requirement:            10.000ns  (ap_clk rise@10.000ns - ap_clk rise@0.000ns)
  Data Path Delay:        6.761ns  (logic 4.771ns (70.566%)  route 1.990ns (29.434%))
  Logic Levels:           19  (CARRY8=1 DSP_A_B_DATA=2 DSP_ALU=2 DSP_M_DATA=2 DSP_MULTIPLIER=2 DSP_OUTPUT=2 DSP_PREADD=1 DSP_PREADD_DATA=3 LUT2=1 LUT3=1 LUT5=2)
  Clock Path Skew:        -0.084ns (DCD - SCD + CPR)
    Destination Clock Delay (DCD):    1.165ns = ( 11.165 - 10.000 ) 
    Source Clock Delay      (SCD):    1.343ns
    Clock Pessimism Removal (CPR):    0.094ns
  Clock Uncertainty:      2.735ns  ((TSJ^2 + TIJ^2)^1/2 + DJ) / 2 + PE + UU
    Total System Jitter     (TSJ):    0.071ns
    Total Input Jitter      (TIJ):    0.000ns
    Discrete Jitter          (DJ):    0.000ns
    Phase Error              (PE):    0.000ns
    User Uncertainty         (UU):    2.700ns

    Location             Delay type                Incr(ns)  Path(ns)    Netlist Resource(s)
  -------------------------------------------------------------------    -------------------
                         (clock ap_clk rise edge)     0.000     0.000 r  
                                                      0.000     0.000 r  ap_clk (IN)
                         net (fo=32157, unset)        1.343     1.343    <hidden>
    SLICE_X126Y174       FDRE                                         r  <hidden>
  -------------------------------------------------------------------    -------------------
    SLICE_X126Y174       FDRE (Prop_AFF2_SLICEM_C_Q)
                                                      0.080     1.423 r  <hidden>
                         net (fo=2, routed)           0.180     1.603    <hidden>
    SLICE_X126Y174       LUT2 (Prop_G5LUT_SLICEM_I0_O)
                                                      0.099     1.702 r  <hidden>
                         net (fo=2, routed)           0.524     2.226    <hidden>
    DSP48E2_X17Y64       DSP_A_B_DATA (Prop_DSP_A_B_DATA_DSP48E2_A[7]_A2_DATA[7])
                                                      0.192     2.418 f  <hidden>
                         net (fo=1, routed)           0.000     2.418    <hidden>
    DSP48E2_X17Y64       DSP_PREADD_DATA (Prop_DSP_PREADD_DATA_DSP48E2_A2_DATA[7]_PREADD_AB[7])
                                                      0.124     2.542 r  <hidden>
                         net (fo=1, routed)           0.000     2.542    <hidden>
    DSP48E2_X17Y64       DSP_PREADD (Prop_DSP_PREADD_DSP48E2_PREADD_AB[7]_AD[26])
                                                      0.488     3.030 f  <hidden>
                         net (fo=1, routed)           0.000     3.030    <hidden>
    DSP48E2_X17Y64       DSP_PREADD_DATA (Prop_DSP_PREADD_DATA_DSP48E2_AD[26]_AD_DATA[26])
                                                      0.050     3.080 r  <hidden>
                         net (fo=1, routed)           0.000     3.080    <hidden>
    DSP48E2_X17Y64       DSP_MULTIPLIER (Prop_DSP_MULTIPLIER_DSP48E2_AD_DATA[26]_U[43])
                                                      0.612     3.692 f  <hidden>
                         net (fo=1, routed)           0.000     3.692    <hidden>
    DSP48E2_X17Y64       DSP_M_DATA (Prop_DSP_M_DATA_DSP48E2_U[43]_U_DATA[43])
                                                      0.047     3.739 r  <hidden>
                         net (fo=1, routed)           0.000     3.739    <hidden>
    DSP48E2_X17Y64       DSP_ALU (Prop_DSP_ALU_DSP48E2_U_DATA[43]_ALU_OUT[47])
                                                      0.585     4.324 r  <hidden>
                         net (fo=1, routed)           0.000     4.324    <hidden>
    DSP48E2_X17Y64       DSP_OUTPUT (Prop_DSP_OUTPUT_DSP48E2_ALU_OUT[47]_PATTERN_DETECT)
                                                      0.363     4.687 r  <hidden>
                         net (fo=54, routed)          0.402     5.089    <hidden>
    SLICE_X128Y170       LUT5 (Prop_A6LUT_SLICEM_I3_O)
                                                      0.150     5.239 r  <hidden>
                         net (fo=1, routed)           0.013     5.252    <hidden>
    SLICE_X128Y170       CARRY8 (Prop_CARRY8_SLICEM_S[0]_CO[7])
                                                      0.199     5.451 r  <hidden>
                         net (fo=3, routed)           0.303     5.754    <hidden>
    SLICE_X127Y171       LUT5 (Prop_H5LUT_SLICEL_I0_O)
                                                      0.065     5.819 f  <hidden>
                         net (fo=1, routed)           0.334     6.153    <hidden>
    DSP48E2_X17Y63       DSP_A_B_DATA (Prop_DSP_A_B_DATA_DSP48E2_B[15]_B2_DATA[15])
                                                      0.151     6.304 r  <hidden>
                         net (fo=1, routed)           0.000     6.304    <hidden>
    DSP48E2_X17Y63       DSP_PREADD_DATA (Prop_DSP_PREADD_DATA_DSP48E2_B2_DATA[15]_B2B1[15])
                                                      0.073     6.377 r  <hidden>
                         net (fo=1, routed)           0.000     6.377    <hidden>
    DSP48E2_X17Y63       DSP_MULTIPLIER (Prop_DSP_MULTIPLIER_DSP48E2_B2B1[15]_V[30])
                                                      0.609     6.986 f  <hidden>
                         net (fo=1, routed)           0.000     6.986    <hidden>
    DSP48E2_X17Y63       DSP_M_DATA (Prop_DSP_M_DATA_DSP48E2_V[30]_V_DATA[30])
                                                      0.046     7.032 r  <hidden>
                         net (fo=1, routed)           0.000     7.032    <hidden>
    DSP48E2_X17Y63       DSP_ALU (Prop_DSP_ALU_DSP48E2_V_DATA[30]_ALU_OUT[30])
                                                      0.571     7.603 f  <hidden>
                         net (fo=1, routed)           0.000     7.603    <hidden>
    DSP48E2_X17Y63       DSP_OUTPUT (Prop_DSP_OUTPUT_DSP48E2_ALU_OUT[30]_P[30])
                                                      0.109     7.712 r  <hidden>
                         net (fo=1, routed)           0.204     7.916    <hidden>
    SLICE_X128Y172       LUT3 (Prop_D5LUT_SLICEM_I0_O)
                                                      0.158     8.074 r  <hidden>
                         net (fo=1, routed)           0.030     8.104    grp_run_fu_161/grp_runController_fu_106/grp_runQueryTile_fu_142/runQueryBlock_1_U0/grp_runQueryBlock_1_Outline_VITIS_LOOP_117_5_fu_172/grp_fu_888_p2[26]
    SLICE_X128Y172       FDRE                                         r  grp_run_fu_161/grp_runController_fu_106/grp_runQueryTile_fu_142/runQueryBlock_1_U0/grp_runQueryBlock_1_Outline_VITIS_LOOP_117_5_fu_172/sub_i2_reg_2869_reg[26]/D
  -------------------------------------------------------------------    -------------------

                         (clock ap_clk rise edge)    10.000    10.000 r  
                                                      0.000    10.000 r  ap_clk (IN)
                         net (fo=32157, unset)        1.165    11.165    grp_run_fu_161/grp_runController_fu_106/grp_runQueryTile_fu_142/runQueryBlock_1_U0/grp_runQueryBlock_1_Outline_VITIS_LOOP_117_5_fu_172/ap_clk
    SLICE_X128Y172       FDRE                                         r  grp_run_fu_161/grp_runController_fu_106/grp_runQueryTile_fu_142/runQueryBlock_1_U0/grp_runQueryBlock_1_Outline_VITIS_LOOP_117_5_fu_172/sub_i2_reg_2869_reg[26]/C
                         clock pessimism              0.094    11.259    
                         clock uncertainty           -2.735     8.523    
    SLICE_X128Y172       FDRE (Setup_DFF2_SLICEM_C_D)
                                                      0.025     8.548    grp_run_fu_161/grp_runController_fu_106/grp_runQueryTile_fu_142/runQueryBlock_1_U0/grp_runQueryBlock_1_Outline_VITIS_LOOP_117_5_fu_172/sub_i2_reg_2869_reg[26]
  -------------------------------------------------------------------
                         required time                          8.548    
                         arrival time                          -8.104    
  -------------------------------------------------------------------
                         slack                                  0.444    

Slack (MET) :             0.445ns  (required time - arrival time)
  Source:                 <hidden>
                            (rising edge-triggered cell FDRE clocked by ap_clk  {rise@0.000ns fall@5.000ns period=10.000ns})
  Destination:            grp_run_fu_161/grp_runController_fu_106/grp_runQueryTile_fu_142/runQueryBlock_1_U0/grp_runQueryBlock_1_Outline_VITIS_LOOP_117_5_fu_172/sub_i2_reg_2869_reg[24]/D
                            (rising edge-triggered cell FDRE clocked by ap_clk  {rise@0.000ns fall@5.000ns period=10.000ns})
  Path Group:             ap_clk
  Path Type:              Setup (Max at Slow Process Corner)
  Requirement:            10.000ns  (ap_clk rise@10.000ns - ap_clk rise@0.000ns)
  Data Path Delay:        6.758ns  (logic 4.709ns (69.680%)  route 2.049ns (30.320%))
  Logic Levels:           19  (CARRY8=1 DSP_A_B_DATA=2 DSP_ALU=2 DSP_M_DATA=2 DSP_MULTIPLIER=2 DSP_OUTPUT=2 DSP_PREADD=1 DSP_PREADD_DATA=3 LUT2=1 LUT3=1 LUT5=2)
  Clock Path Skew:        -0.086ns (DCD - SCD + CPR)
    Destination Clock Delay (DCD):    1.163ns = ( 11.163 - 10.000 ) 
    Source Clock Delay      (SCD):    1.343ns
    Clock Pessimism Removal (CPR):    0.094ns
  Clock Uncertainty:      2.735ns  ((TSJ^2 + TIJ^2)^1/2 + DJ) / 2 + PE + UU
    Total System Jitter     (TSJ):    0.071ns
    Total Input Jitter      (TIJ):    0.000ns
    Discrete Jitter          (DJ):    0.000ns
    Phase Error              (PE):    0.000ns
    User Uncertainty         (UU):    2.700ns

    Location             Delay type                Incr(ns)  Path(ns)    Netlist Resource(s)
  -------------------------------------------------------------------    -------------------
                         (clock ap_clk rise edge)     0.000     0.000 r  
                                                      0.000     0.000 r  ap_clk (IN)
                         net (fo=32157, unset)        1.343     1.343    <hidden>
    SLICE_X126Y174       FDRE                                         r  <hidden>
  -------------------------------------------------------------------    -------------------
    SLICE_X126Y174       FDRE (Prop_AFF2_SLICEM_C_Q)
                                                      0.080     1.423 r  <hidden>
                         net (fo=2, routed)           0.180     1.603    <hidden>
    SLICE_X126Y174       LUT2 (Prop_G5LUT_SLICEM_I0_O)
                                                      0.099     1.702 r  <hidden>
                         net (fo=2, routed)           0.524     2.226    <hidden>
    DSP48E2_X17Y64       DSP_A_B_DATA (Prop_DSP_A_B_DATA_DSP48E2_A[7]_A2_DATA[7])
                                                      0.192     2.418 f  <hidden>
                         net (fo=1, routed)           0.000     2.418    <hidden>
    DSP48E2_X17Y64       DSP_PREADD_DATA (Prop_DSP_PREADD_DATA_DSP48E2_A2_DATA[7]_PREADD_AB[7])
                                                      0.124     2.542 r  <hidden>
                         net (fo=1, routed)           0.000     2.542    <hidden>
    DSP48E2_X17Y64       DSP_PREADD (Prop_DSP_PREADD_DSP48E2_PREADD_AB[7]_AD[26])
                                                      0.488     3.030 f  <hidden>
                         net (fo=1, routed)           0.000     3.030    <hidden>
    DSP48E2_X17Y64       DSP_PREADD_DATA (Prop_DSP_PREADD_DATA_DSP48E2_AD[26]_AD_DATA[26])
                                                      0.050     3.080 r  <hidden>
                         net (fo=1, routed)           0.000     3.080    <hidden>
    DSP48E2_X17Y64       DSP_MULTIPLIER (Prop_DSP_MULTIPLIER_DSP48E2_AD_DATA[26]_U[43])
                                                      0.612     3.692 f  <hidden>
                         net (fo=1, routed)           0.000     3.692    <hidden>
    DSP48E2_X17Y64       DSP_M_DATA (Prop_DSP_M_DATA_DSP48E2_U[43]_U_DATA[43])
                                                      0.047     3.739 r  <hidden>
                         net (fo=1, routed)           0.000     3.739    <hidden>
    DSP48E2_X17Y64       DSP_ALU (Prop_DSP_ALU_DSP48E2_U_DATA[43]_ALU_OUT[47])
                                                      0.585     4.324 r  <hidden>
                         net (fo=1, routed)           0.000     4.324    <hidden>
    DSP48E2_X17Y64       DSP_OUTPUT (Prop_DSP_OUTPUT_DSP48E2_ALU_OUT[47]_PATTERN_DETECT)
                                                      0.363     4.687 r  <hidden>
                         net (fo=54, routed)          0.402     5.089    <hidden>
    SLICE_X128Y170       LUT5 (Prop_A6LUT_SLICEM_I3_O)
                                                      0.150     5.239 r  <hidden>
                         net (fo=1, routed)           0.013     5.252    <hidden>
    SLICE_X128Y170       CARRY8 (Prop_CARRY8_SLICEM_S[0]_CO[7])
                                                      0.199     5.451 r  <hidden>
                         net (fo=3, routed)           0.303     5.754    <hidden>
    SLICE_X127Y171       LUT5 (Prop_H5LUT_SLICEL_I0_O)
                                                      0.065     5.819 f  <hidden>
                         net (fo=1, routed)           0.334     6.153    <hidden>
    DSP48E2_X17Y63       DSP_A_B_DATA (Prop_DSP_A_B_DATA_DSP48E2_B[15]_B2_DATA[15])
                                                      0.151     6.304 r  <hidden>
                         net (fo=1, routed)           0.000     6.304    <hidden>
    DSP48E2_X17Y63       DSP_PREADD_DATA (Prop_DSP_PREADD_DATA_DSP48E2_B2_DATA[15]_B2B1[15])
                                                      0.073     6.377 r  <hidden>
                         net (fo=1, routed)           0.000     6.377    <hidden>
    DSP48E2_X17Y63       DSP_MULTIPLIER (Prop_DSP_MULTIPLIER_DSP48E2_B2B1[15]_V[28])
                                                      0.609     6.986 f  <hidden>
                         net (fo=1, routed)           0.000     6.986    <hidden>
    DSP48E2_X17Y63       DSP_M_DATA (Prop_DSP_M_DATA_DSP48E2_V[28]_V_DATA[28])
                                                      0.046     7.032 r  <hidden>
                         net (fo=1, routed)           0.000     7.032    <hidden>
    DSP48E2_X17Y63       DSP_ALU (Prop_DSP_ALU_DSP48E2_V_DATA[28]_ALU_OUT[28])
                                                      0.571     7.603 f  <hidden>
                         net (fo=1, routed)           0.000     7.603    <hidden>
    DSP48E2_X17Y63       DSP_OUTPUT (Prop_DSP_OUTPUT_DSP48E2_ALU_OUT[28]_P[28])
                                                      0.109     7.712 r  <hidden>
                         net (fo=1, routed)           0.275     7.987    <hidden>
    SLICE_X128Y169       LUT3 (Prop_H5LUT_SLICEM_I0_O)
                                                      0.096     8.083 r  <hidden>
                         net (fo=1, routed)           0.018     8.101    grp_run_fu_161/grp_runController_fu_106/grp_runQueryTile_fu_142/runQueryBlock_1_U0/grp_runQueryBlock_1_Outline_VITIS_LOOP_117_5_fu_172/grp_fu_888_p2[24]
    SLICE_X128Y169       FDRE                                         r  grp_run_fu_161/grp_runController_fu_106/grp_runQueryTile_fu_142/runQueryBlock_1_U0/grp_runQueryBlock_1_Outline_VITIS_LOOP_117_5_fu_172/sub_i2_reg_2869_reg[24]/D
  -------------------------------------------------------------------    -------------------

                         (clock ap_clk rise edge)    10.000    10.000 r  
                                                      0.000    10.000 r  ap_clk (IN)
                         net (fo=32157, unset)        1.163    11.163    grp_run_fu_161/grp_runController_fu_106/grp_runQueryTile_fu_142/runQueryBlock_1_U0/grp_runQueryBlock_1_Outline_VITIS_LOOP_117_5_fu_172/ap_clk
    SLICE_X128Y169       FDRE                                         r  grp_run_fu_161/grp_runController_fu_106/grp_runQueryTile_fu_142/runQueryBlock_1_U0/grp_runQueryBlock_1_Outline_VITIS_LOOP_117_5_fu_172/sub_i2_reg_2869_reg[24]/C
                         clock pessimism              0.094    11.257    
                         clock uncertainty           -2.735     8.521    
    SLICE_X128Y169       FDRE (Setup_HFF2_SLICEM_C_D)
                                                      0.025     8.546    grp_run_fu_161/grp_runController_fu_106/grp_runQueryTile_fu_142/runQueryBlock_1_U0/grp_runQueryBlock_1_Outline_VITIS_LOOP_117_5_fu_172/sub_i2_reg_2869_reg[24]
  -------------------------------------------------------------------
                         required time                          8.546    
                         arrival time                          -8.101    
  -------------------------------------------------------------------
                         slack                                  0.445    

Slack (MET) :             0.446ns  (required time - arrival time)
  Source:                 <hidden>
                            (rising edge-triggered cell FDRE clocked by ap_clk  {rise@0.000ns fall@5.000ns period=10.000ns})
  Destination:            grp_run_fu_161/grp_runController_fu_106/grp_runQueryTile_fu_142/runQueryBlock_0_U0/grp_runQueryBlock_0_Outline_VITIS_LOOP_117_5_fu_168/acc_b_6_reg_2864_reg[16]/D
                            (rising edge-triggered cell FDRE clocked by ap_clk  {rise@0.000ns fall@5.000ns period=10.000ns})
  Path Group:             ap_clk
  Path Type:              Setup (Max at Slow Process Corner)
  Requirement:            10.000ns  (ap_clk rise@10.000ns - ap_clk rise@0.000ns)
  Data Path Delay:        6.574ns  (logic 4.682ns (71.216%)  route 1.892ns (28.784%))
  Logic Levels:           19  (CARRY8=1 DSP_A_B_DATA=2 DSP_ALU=2 DSP_M_DATA=2 DSP_MULTIPLIER=2 DSP_OUTPUT=2 DSP_PREADD=1 DSP_PREADD_DATA=3 LUT2=1 LUT3=1 LUT4=1 LUT5=1)
  Clock Path Skew:        -0.269ns (DCD - SCD + CPR)
    Destination Clock Delay (DCD):    1.270ns = ( 11.270 - 10.000 ) 
    Source Clock Delay      (SCD):    1.559ns
    Clock Pessimism Removal (CPR):    0.020ns
  Clock Uncertainty:      2.735ns  ((TSJ^2 + TIJ^2)^1/2 + DJ) / 2 + PE + UU
    Total System Jitter     (TSJ):    0.071ns
    Total Input Jitter      (TIJ):    0.000ns
    Discrete Jitter          (DJ):    0.000ns
    Phase Error              (PE):    0.000ns
    User Uncertainty         (UU):    2.700ns

    Location             Delay type                Incr(ns)  Path(ns)    Netlist Resource(s)
  -------------------------------------------------------------------    -------------------
                         (clock ap_clk rise edge)     0.000     0.000 r  
                                                      0.000     0.000 r  ap_clk (IN)
                         net (fo=32157, unset)        1.559     1.559    <hidden>
    SLICE_X86Y120        FDRE                                         r  <hidden>
  -------------------------------------------------------------------    -------------------
    SLICE_X86Y120        FDRE (Prop_HFF_SLICEL_C_Q)
                                                      0.079     1.638 r  <hidden>
                         net (fo=47, routed)          0.302     1.940    <hidden>
    SLICE_X87Y117        LUT3 (Prop_A5LUT_SLICEM_I2_O)
                                                      0.139     2.079 r  <hidden>
                         net (fo=2, routed)           0.294     2.373    <hidden>
    DSP48E2_X11Y40       DSP_A_B_DATA (Prop_DSP_A_B_DATA_DSP48E2_A[9]_A2_DATA[9])
                                                      0.192     2.565 f  <hidden>
                         net (fo=1, routed)           0.000     2.565    <hidden>
    DSP48E2_X11Y40       DSP_PREADD_DATA (Prop_DSP_PREADD_DATA_DSP48E2_A2_DATA[9]_PREADD_AB[9])
                                                      0.124     2.689 r  <hidden>
                         net (fo=1, routed)           0.000     2.689    <hidden>
    DSP48E2_X11Y40       DSP_PREADD (Prop_DSP_PREADD_DSP48E2_PREADD_AB[9]_AD[26])
                                                      0.488     3.177 f  <hidden>
                         net (fo=1, routed)           0.000     3.177    <hidden>
    DSP48E2_X11Y40       DSP_PREADD_DATA (Prop_DSP_PREADD_DATA_DSP48E2_AD[26]_AD_DATA[26])
                                                      0.050     3.227 r  <hidden>
                         net (fo=1, routed)           0.000     3.227    <hidden>
    DSP48E2_X11Y40       DSP_MULTIPLIER (Prop_DSP_MULTIPLIER_DSP48E2_AD_DATA[26]_U[43])
                                                      0.612     3.839 f  <hidden>
                         net (fo=1, routed)           0.000     3.839    <hidden>
    DSP48E2_X11Y40       DSP_M_DATA (Prop_DSP_M_DATA_DSP48E2_U[43]_U_DATA[43])
                                                      0.047     3.886 r  <hidden>
                         net (fo=1, routed)           0.000     3.886    <hidden>
    DSP48E2_X11Y40       DSP_ALU (Prop_DSP_ALU_DSP48E2_U_DATA[43]_ALU_OUT[47])
                                                      0.585     4.471 r  <hidden>
                         net (fo=1, routed)           0.000     4.471    <hidden>
    DSP48E2_X11Y40       DSP_OUTPUT (Prop_DSP_OUTPUT_DSP48E2_ALU_OUT[47]_PATTERN_DETECT)
                                                      0.363     4.834 r  <hidden>
                         net (fo=55, routed)          0.271     5.105    <hidden>
    SLICE_X89Y117        LUT5 (Prop_A6LUT_SLICEL_I3_O)
                                                      0.124     5.229 r  <hidden>
                         net (fo=1, routed)           0.009     5.238    <hidden>
    SLICE_X89Y117        CARRY8 (Prop_CARRY8_SLICEL_S[0]_CO[6])
                                                      0.215     5.453 r  <hidden>
                         net (fo=4, routed)           0.362     5.814    <hidden>
    SLICE_X90Y116        LUT4 (Prop_C5LUT_SLICEL_I0_O)
                                                      0.068     5.882 f  <hidden>
                         net (fo=1, routed)           0.350     6.232    <hidden>
    DSP48E2_X12Y40       DSP_A_B_DATA (Prop_DSP_A_B_DATA_DSP48E2_B[12]_B2_DATA[12])
                                                      0.151     6.383 r  <hidden>
                         net (fo=1, routed)           0.000     6.383    <hidden>
    DSP48E2_X12Y40       DSP_PREADD_DATA (Prop_DSP_PREADD_DATA_DSP48E2_B2_DATA[12]_B2B1[12])
                                                      0.073     6.456 r  <hidden>
                         net (fo=1, routed)           0.000     6.456    <hidden>
    DSP48E2_X12Y40       DSP_MULTIPLIER (Prop_DSP_MULTIPLIER_DSP48E2_B2B1[12]_V[18])
                                                      0.609     7.065 f  <hidden>
                         net (fo=1, routed)           0.000     7.065    <hidden>
    DSP48E2_X12Y40       DSP_M_DATA (Prop_DSP_M_DATA_DSP48E2_V[18]_V_DATA[18])
                                                      0.046     7.111 r  <hidden>
                         net (fo=1, routed)           0.000     7.111    <hidden>
    DSP48E2_X12Y40       DSP_ALU (Prop_DSP_ALU_DSP48E2_V_DATA[18]_ALU_OUT[18])
                                                      0.571     7.682 f  <hidden>
                         net (fo=1, routed)           0.000     7.682    <hidden>
    DSP48E2_X12Y40       DSP_OUTPUT (Prop_DSP_OUTPUT_DSP48E2_ALU_OUT[18]_P[18])
                                                      0.109     7.791 r  <hidden>
                         net (fo=1, routed)           0.250     8.041    <hidden>
    SLICE_X95Y119        LUT2 (Prop_E6LUT_SLICEM_I0_O)
                                                      0.037     8.078 r  <hidden>
                         net (fo=1, routed)           0.055     8.133    grp_run_fu_161/grp_runController_fu_106/grp_runQueryTile_fu_142/runQueryBlock_0_U0/grp_runQueryBlock_0_Outline_VITIS_LOOP_117_5_fu_168/grp_fu_884_p2[16]
    SLICE_X95Y119        FDRE                                         r  grp_run_fu_161/grp_runController_fu_106/grp_runQueryTile_fu_142/runQueryBlock_0_U0/grp_runQueryBlock_0_Outline_VITIS_LOOP_117_5_fu_168/acc_b_6_reg_2864_reg[16]/D
  -------------------------------------------------------------------    -------------------

                         (clock ap_clk rise edge)    10.000    10.000 r  
                                                      0.000    10.000 r  ap_clk (IN)
                         net (fo=32157, unset)        1.270    11.270    grp_run_fu_161/grp_runController_fu_106/grp_runQueryTile_fu_142/runQueryBlock_0_U0/grp_runQueryBlock_0_Outline_VITIS_LOOP_117_5_fu_168/ap_clk
    SLICE_X95Y119        FDRE                                         r  grp_run_fu_161/grp_runController_fu_106/grp_runQueryTile_fu_142/runQueryBlock_0_U0/grp_runQueryBlock_0_Outline_VITIS_LOOP_117_5_fu_168/acc_b_6_reg_2864_reg[16]/C
                         clock pessimism              0.020    11.290    
                         clock uncertainty           -2.735     8.555    
    SLICE_X95Y119        FDRE (Setup_EFF_SLICEM_C_D)
                                                      0.025     8.580    grp_run_fu_161/grp_runController_fu_106/grp_runQueryTile_fu_142/runQueryBlock_0_U0/grp_runQueryBlock_0_Outline_VITIS_LOOP_117_5_fu_168/acc_b_6_reg_2864_reg[16]
  -------------------------------------------------------------------
                         required time                          8.580    
                         arrival time                          -8.133    
  -------------------------------------------------------------------
                         slack                                  0.446    

Slack (MET) :             0.447ns  (required time - arrival time)
  Source:                 <hidden>
                            (rising edge-triggered cell FDRE clocked by ap_clk  {rise@0.000ns fall@5.000ns period=10.000ns})
  Destination:            grp_run_fu_161/grp_runController_fu_106/grp_runQueryTile_fu_142/runQueryBlock_0_U0/grp_runQueryBlock_0_Outline_VITIS_LOOP_117_5_fu_168/acc_b_6_reg_2864_reg[2]/D
                            (rising edge-triggered cell FDRE clocked by ap_clk  {rise@0.000ns fall@5.000ns period=10.000ns})
  Path Group:             ap_clk
  Path Type:              Setup (Max at Slow Process Corner)
  Requirement:            10.000ns  (ap_clk rise@10.000ns - ap_clk rise@0.000ns)
  Data Path Delay:        6.573ns  (logic 4.670ns (71.044%)  route 1.903ns (28.956%))
  Logic Levels:           19  (CARRY8=1 DSP_A_B_DATA=2 DSP_ALU=2 DSP_M_DATA=2 DSP_MULTIPLIER=2 DSP_OUTPUT=2 DSP_PREADD=1 DSP_PREADD_DATA=3 LUT2=1 LUT3=1 LUT5=2)
  Clock Path Skew:        -0.269ns (DCD - SCD + CPR)
    Destination Clock Delay (DCD):    1.270ns = ( 11.270 - 10.000 ) 
    Source Clock Delay      (SCD):    1.559ns
    Clock Pessimism Removal (CPR):    0.020ns
  Clock Uncertainty:      2.735ns  ((TSJ^2 + TIJ^2)^1/2 + DJ) / 2 + PE + UU
    Total System Jitter     (TSJ):    0.071ns
    Total Input Jitter      (TIJ):    0.000ns
    Discrete Jitter          (DJ):    0.000ns
    Phase Error              (PE):    0.000ns
    User Uncertainty         (UU):    2.700ns

    Location             Delay type                Incr(ns)  Path(ns)    Netlist Resource(s)
  -------------------------------------------------------------------    -------------------
                         (clock ap_clk rise edge)     0.000     0.000 r  
                                                      0.000     0.000 r  ap_clk (IN)
                         net (fo=32157, unset)        1.559     1.559    <hidden>
    SLICE_X86Y120        FDRE                                         r  <hidden>
  -------------------------------------------------------------------    -------------------
    SLICE_X86Y120        FDRE (Prop_HFF_SLICEL_C_Q)
                                                      0.079     1.638 r  <hidden>
                         net (fo=47, routed)          0.302     1.940    <hidden>
    SLICE_X87Y117        LUT3 (Prop_A5LUT_SLICEM_I2_O)
                                                      0.139     2.079 r  <hidden>
                         net (fo=2, routed)           0.294     2.373    <hidden>
    DSP48E2_X11Y40       DSP_A_B_DATA (Prop_DSP_A_B_DATA_DSP48E2_A[9]_A2_DATA[9])
                                                      0.192     2.565 f  <hidden>
                         net (fo=1, routed)           0.000     2.565    <hidden>
    DSP48E2_X11Y40       DSP_PREADD_DATA (Prop_DSP_PREADD_DATA_DSP48E2_A2_DATA[9]_PREADD_AB[9])
                                                      0.124     2.689 r  <hidden>
                         net (fo=1, routed)           0.000     2.689    <hidden>
    DSP48E2_X11Y40       DSP_PREADD (Prop_DSP_PREADD_DSP48E2_PREADD_AB[9]_AD[26])
                                                      0.488     3.177 f  <hidden>
                         net (fo=1, routed)           0.000     3.177    <hidden>
    DSP48E2_X11Y40       DSP_PREADD_DATA (Prop_DSP_PREADD_DATA_DSP48E2_AD[26]_AD_DATA[26])
                                                      0.050     3.227 r  <hidden>
                         net (fo=1, routed)           0.000     3.227    <hidden>
    DSP48E2_X11Y40       DSP_MULTIPLIER (Prop_DSP_MULTIPLIER_DSP48E2_AD_DATA[26]_U[43])
                                                      0.612     3.839 f  <hidden>
                         net (fo=1, routed)           0.000     3.839    <hidden>
    DSP48E2_X11Y40       DSP_M_DATA (Prop_DSP_M_DATA_DSP48E2_U[43]_U_DATA[43])
                                                      0.047     3.886 r  <hidden>
                         net (fo=1, routed)           0.000     3.886    <hidden>
    DSP48E2_X11Y40       DSP_ALU (Prop_DSP_ALU_DSP48E2_U_DATA[43]_ALU_OUT[47])
                                                      0.585     4.471 r  <hidden>
                         net (fo=1, routed)           0.000     4.471    <hidden>
    DSP48E2_X11Y40       DSP_OUTPUT (Prop_DSP_OUTPUT_DSP48E2_ALU_OUT[47]_PATTERN_DETECT)
                                                      0.363     4.834 r  <hidden>
                         net (fo=55, routed)          0.271     5.105    <hidden>
    SLICE_X89Y117        LUT5 (Prop_A6LUT_SLICEL_I3_O)
                                                      0.124     5.229 r  <hidden>
                         net (fo=1, routed)           0.009     5.238    <hidden>
    SLICE_X89Y117        CARRY8 (Prop_CARRY8_SLICEL_S[0]_CO[2])
                                                      0.113     5.351 r  <hidden>
                         net (fo=4, routed)           0.304     5.654    <hidden>
    SLICE_X92Y117        LUT5 (Prop_C5LUT_SLICEL_I0_O)
                                                      0.158     5.812 f  <hidden>
                         net (fo=1, routed)           0.410     6.222    <hidden>
    DSP48E2_X12Y40       DSP_A_B_DATA (Prop_DSP_A_B_DATA_DSP48E2_B[4]_B2_DATA[4])
                                                      0.151     6.373 r  <hidden>
                         net (fo=1, routed)           0.000     6.373    <hidden>
    DSP48E2_X12Y40       DSP_PREADD_DATA (Prop_DSP_PREADD_DATA_DSP48E2_B2_DATA[4]_B2B1[4])
                                                      0.073     6.446 r  <hidden>
                         net (fo=1, routed)           0.000     6.446    <hidden>
    DSP48E2_X12Y40       DSP_MULTIPLIER (Prop_DSP_MULTIPLIER_DSP48E2_B2B1[4]_V[4])
                                                      0.609     7.055 f  <hidden>
                         net (fo=1, routed)           0.000     7.055    <hidden>
    DSP48E2_X12Y40       DSP_M_DATA (Prop_DSP_M_DATA_DSP48E2_V[4]_V_DATA[4])
                                                      0.046     7.101 r  <hidden>
                         net (fo=1, routed)           0.000     7.101    <hidden>
    DSP48E2_X12Y40       DSP_ALU (Prop_DSP_ALU_DSP48E2_V_DATA[4]_ALU_OUT[4])
                                                      0.571     7.672 f  <hidden>
                         net (fo=1, routed)           0.000     7.672    <hidden>
    DSP48E2_X12Y40       DSP_OUTPUT (Prop_DSP_OUTPUT_DSP48E2_ALU_OUT[4]_P[4])
                                                      0.109     7.781 r  <hidden>
                         net (fo=1, routed)           0.247     8.028    <hidden>
    SLICE_X95Y118        LUT2 (Prop_F6LUT_SLICEM_I0_O)
                                                      0.037     8.065 r  <hidden>
                         net (fo=1, routed)           0.067     8.132    grp_run_fu_161/grp_runController_fu_106/grp_runQueryTile_fu_142/runQueryBlock_0_U0/grp_runQueryBlock_0_Outline_VITIS_LOOP_117_5_fu_168/grp_fu_884_p2[2]
    SLICE_X95Y118        FDRE                                         r  grp_run_fu_161/grp_runController_fu_106/grp_runQueryTile_fu_142/runQueryBlock_0_U0/grp_runQueryBlock_0_Outline_VITIS_LOOP_117_5_fu_168/acc_b_6_reg_2864_reg[2]/D
  -------------------------------------------------------------------    -------------------

                         (clock ap_clk rise edge)    10.000    10.000 r  
                                                      0.000    10.000 r  ap_clk (IN)
                         net (fo=32157, unset)        1.270    11.270    grp_run_fu_161/grp_runController_fu_106/grp_runQueryTile_fu_142/runQueryBlock_0_U0/grp_runQueryBlock_0_Outline_VITIS_LOOP_117_5_fu_168/ap_clk
    SLICE_X95Y118        FDRE                                         r  grp_run_fu_161/grp_runController_fu_106/grp_runQueryTile_fu_142/runQueryBlock_0_U0/grp_runQueryBlock_0_Outline_VITIS_LOOP_117_5_fu_168/acc_b_6_reg_2864_reg[2]/C
                         clock pessimism              0.020    11.290    
                         clock uncertainty           -2.735     8.555    
    SLICE_X95Y118        FDRE (Setup_FFF_SLICEM_C_D)
                                                      0.025     8.580    grp_run_fu_161/grp_runController_fu_106/grp_runQueryTile_fu_142/runQueryBlock_0_U0/grp_runQueryBlock_0_Outline_VITIS_LOOP_117_5_fu_168/acc_b_6_reg_2864_reg[2]
  -------------------------------------------------------------------
                         required time                          8.580    
                         arrival time                          -8.132    
  -------------------------------------------------------------------
                         slack                                  0.447    

Slack (MET) :             0.449ns  (required time - arrival time)
  Source:                 <hidden>
                            (rising edge-triggered cell FDRE clocked by ap_clk  {rise@0.000ns fall@5.000ns period=10.000ns})
  Destination:            grp_run_fu_161/grp_runController_fu_106/grp_runQueryTile_fu_142/runQueryBlock_0_U0/grp_runQueryBlock_0_Outline_VITIS_LOOP_117_5_fu_168/acc_b_6_reg_2864_reg[27]/D
                            (rising edge-triggered cell FDRE clocked by ap_clk  {rise@0.000ns fall@5.000ns period=10.000ns})
  Path Group:             ap_clk
  Path Type:              Setup (Max at Slow Process Corner)
  Requirement:            10.000ns  (ap_clk rise@10.000ns - ap_clk rise@0.000ns)
  Data Path Delay:        6.618ns  (logic 4.767ns (72.027%)  route 1.851ns (27.973%))
  Logic Levels:           19  (CARRY8=1 DSP_A_B_DATA=2 DSP_ALU=2 DSP_M_DATA=2 DSP_MULTIPLIER=2 DSP_OUTPUT=2 DSP_PREADD=1 DSP_PREADD_DATA=3 LUT3=2 LUT4=1 LUT5=1)
  Clock Path Skew:        -0.222ns (DCD - SCD + CPR)
    Destination Clock Delay (DCD):    1.317ns = ( 11.317 - 10.000 ) 
    Source Clock Delay      (SCD):    1.559ns
    Clock Pessimism Removal (CPR):    0.020ns
  Clock Uncertainty:      2.735ns  ((TSJ^2 + TIJ^2)^1/2 + DJ) / 2 + PE + UU
    Total System Jitter     (TSJ):    0.071ns
    Total Input Jitter      (TIJ):    0.000ns
    Discrete Jitter          (DJ):    0.000ns
    Phase Error              (PE):    0.000ns
    User Uncertainty         (UU):    2.700ns

    Location             Delay type                Incr(ns)  Path(ns)    Netlist Resource(s)
  -------------------------------------------------------------------    -------------------
                         (clock ap_clk rise edge)     0.000     0.000 r  
                                                      0.000     0.000 r  ap_clk (IN)
                         net (fo=32157, unset)        1.559     1.559    <hidden>
    SLICE_X86Y120        FDRE                                         r  <hidden>
  -------------------------------------------------------------------    -------------------
    SLICE_X86Y120        FDRE (Prop_HFF_SLICEL_C_Q)
                                                      0.079     1.638 r  <hidden>
                         net (fo=47, routed)          0.302     1.940    <hidden>
    SLICE_X87Y117        LUT3 (Prop_A5LUT_SLICEM_I2_O)
                                                      0.139     2.079 r  <hidden>
                         net (fo=2, routed)           0.294     2.373    <hidden>
    DSP48E2_X11Y40       DSP_A_B_DATA (Prop_DSP_A_B_DATA_DSP48E2_A[9]_A2_DATA[9])
                                                      0.192     2.565 f  <hidden>
                         net (fo=1, routed)           0.000     2.565    <hidden>
    DSP48E2_X11Y40       DSP_PREADD_DATA (Prop_DSP_PREADD_DATA_DSP48E2_A2_DATA[9]_PREADD_AB[9])
                                                      0.124     2.689 r  <hidden>
                         net (fo=1, routed)           0.000     2.689    <hidden>
    DSP48E2_X11Y40       DSP_PREADD (Prop_DSP_PREADD_DSP48E2_PREADD_AB[9]_AD[26])
                                                      0.488     3.177 f  <hidden>
                         net (fo=1, routed)           0.000     3.177    <hidden>
    DSP48E2_X11Y40       DSP_PREADD_DATA (Prop_DSP_PREADD_DATA_DSP48E2_AD[26]_AD_DATA[26])
                                                      0.050     3.227 r  <hidden>
                         net (fo=1, routed)           0.000     3.227    <hidden>
    DSP48E2_X11Y40       DSP_MULTIPLIER (Prop_DSP_MULTIPLIER_DSP48E2_AD_DATA[26]_U[43])
                                                      0.612     3.839 f  <hidden>
                         net (fo=1, routed)           0.000     3.839    <hidden>
    DSP48E2_X11Y40       DSP_M_DATA (Prop_DSP_M_DATA_DSP48E2_U[43]_U_DATA[43])
                                                      0.047     3.886 r  <hidden>
                         net (fo=1, routed)           0.000     3.886    <hidden>
    DSP48E2_X11Y40       DSP_ALU (Prop_DSP_ALU_DSP48E2_U_DATA[43]_ALU_OUT[47])
                                                      0.585     4.471 r  <hidden>
                         net (fo=1, routed)           0.000     4.471    <hidden>
    DSP48E2_X11Y40       DSP_OUTPUT (Prop_DSP_OUTPUT_DSP48E2_ALU_OUT[47]_PATTERN_DETECT)
                                                      0.363     4.834 r  <hidden>
                         net (fo=55, routed)          0.271     5.105    <hidden>
    SLICE_X89Y117        LUT5 (Prop_A6LUT_SLICEL_I3_O)
                                                      0.124     5.229 r  <hidden>
                         net (fo=1, routed)           0.009     5.238    <hidden>
    SLICE_X89Y117        CARRY8 (Prop_CARRY8_SLICEL_S[0]_CO[6])
                                                      0.215     5.453 r  <hidden>
                         net (fo=4, routed)           0.362     5.814    <hidden>
    SLICE_X90Y116        LUT4 (Prop_C5LUT_SLICEL_I0_O)
                                                      0.068     5.882 f  <hidden>
                         net (fo=1, routed)           0.350     6.232    <hidden>
    DSP48E2_X12Y40       DSP_A_B_DATA (Prop_DSP_A_B_DATA_DSP48E2_B[12]_B2_DATA[12])
                                                      0.151     6.383 r  <hidden>
                         net (fo=1, routed)           0.000     6.383    <hidden>
    DSP48E2_X12Y40       DSP_PREADD_DATA (Prop_DSP_PREADD_DATA_DSP48E2_B2_DATA[12]_B2B1[12])
                                                      0.073     6.456 r  <hidden>
                         net (fo=1, routed)           0.000     6.456    <hidden>
    DSP48E2_X12Y40       DSP_MULTIPLIER (Prop_DSP_MULTIPLIER_DSP48E2_B2B1[12]_V[31])
                                                      0.609     7.065 f  <hidden>
                         net (fo=1, routed)           0.000     7.065    <hidden>
    DSP48E2_X12Y40       DSP_M_DATA (Prop_DSP_M_DATA_DSP48E2_V[31]_V_DATA[31])
                                                      0.046     7.111 r  <hidden>
                         net (fo=1, routed)           0.000     7.111    <hidden>
    DSP48E2_X12Y40       DSP_ALU (Prop_DSP_ALU_DSP48E2_V_DATA[31]_ALU_OUT[31])
                                                      0.571     7.682 f  <hidden>
                         net (fo=1, routed)           0.000     7.682    <hidden>
    DSP48E2_X12Y40       DSP_OUTPUT (Prop_DSP_OUTPUT_DSP48E2_ALU_OUT[31]_P[31])
                                                      0.109     7.791 r  <hidden>
                         net (fo=1, routed)           0.192     7.983    <hidden>
    SLICE_X94Y119        LUT3 (Prop_D6LUT_SLICEM_I0_O)
                                                      0.122     8.105 r  <hidden>
                         net (fo=1, routed)           0.072     8.177    grp_run_fu_161/grp_runController_fu_106/grp_runQueryTile_fu_142/runQueryBlock_0_U0/grp_runQueryBlock_0_Outline_VITIS_LOOP_117_5_fu_168/grp_fu_884_p2[27]
    SLICE_X94Y119        FDRE                                         r  grp_run_fu_161/grp_runController_fu_106/grp_runQueryTile_fu_142/runQueryBlock_0_U0/grp_runQueryBlock_0_Outline_VITIS_LOOP_117_5_fu_168/acc_b_6_reg_2864_reg[27]/D
  -------------------------------------------------------------------    -------------------

                         (clock ap_clk rise edge)    10.000    10.000 r  
                                                      0.000    10.000 r  ap_clk (IN)
                         net (fo=32157, unset)        1.317    11.317    grp_run_fu_161/grp_runController_fu_106/grp_runQueryTile_fu_142/runQueryBlock_0_U0/grp_runQueryBlock_0_Outline_VITIS_LOOP_117_5_fu_168/ap_clk
    SLICE_X94Y119        FDRE                                         r  grp_run_fu_161/grp_runController_fu_106/grp_runQueryTile_fu_142/runQueryBlock_0_U0/grp_runQueryBlock_0_Outline_VITIS_LOOP_117_5_fu_168/acc_b_6_reg_2864_reg[27]/C
                         clock pessimism              0.020    11.337    
                         clock uncertainty           -2.735     8.602    
    SLICE_X94Y119        FDRE (Setup_DFF_SLICEM_C_D)
                                                      0.025     8.627    grp_run_fu_161/grp_runController_fu_106/grp_runQueryTile_fu_142/runQueryBlock_0_U0/grp_runQueryBlock_0_Outline_VITIS_LOOP_117_5_fu_168/acc_b_6_reg_2864_reg[27]
  -------------------------------------------------------------------
                         required time                          8.627    
                         arrival time                          -8.177    
  -------------------------------------------------------------------
                         slack                                  0.449    

Slack (MET) :             0.450ns  (required time - arrival time)
  Source:                 <hidden>
                            (rising edge-triggered cell FDRE clocked by ap_clk  {rise@0.000ns fall@5.000ns period=10.000ns})
  Destination:            grp_run_fu_161/grp_runController_fu_106/grp_runQueryTile_fu_142/runQueryBlock_1_U0/grp_runQueryBlock_1_Outline_VITIS_LOOP_117_5_fu_172/sub_i2_reg_2869_reg[19]/D
                            (rising edge-triggered cell FDRE clocked by ap_clk  {rise@0.000ns fall@5.000ns period=10.000ns})
  Path Group:             ap_clk
  Path Type:              Setup (Max at Slow Process Corner)
  Requirement:            10.000ns  (ap_clk rise@10.000ns - ap_clk rise@0.000ns)
  Data Path Delay:        6.752ns  (logic 4.665ns (69.091%)  route 2.087ns (30.909%))
  Logic Levels:           19  (CARRY8=1 DSP_A_B_DATA=2 DSP_ALU=2 DSP_M_DATA=2 DSP_MULTIPLIER=2 DSP_OUTPUT=2 DSP_PREADD=1 DSP_PREADD_DATA=3 LUT2=2 LUT5=2)
  Clock Path Skew:        -0.087ns (DCD - SCD + CPR)
    Destination Clock Delay (DCD):    1.162ns = ( 11.162 - 10.000 ) 
    Source Clock Delay      (SCD):    1.343ns
    Clock Pessimism Removal (CPR):    0.094ns
  Clock Uncertainty:      2.735ns  ((TSJ^2 + TIJ^2)^1/2 + DJ) / 2 + PE + UU
    Total System Jitter     (TSJ):    0.071ns
    Total Input Jitter      (TIJ):    0.000ns
    Discrete Jitter          (DJ):    0.000ns
    Phase Error              (PE):    0.000ns
    User Uncertainty         (UU):    2.700ns

    Location             Delay type                Incr(ns)  Path(ns)    Netlist Resource(s)
  -------------------------------------------------------------------    -------------------
                         (clock ap_clk rise edge)     0.000     0.000 r  
                                                      0.000     0.000 r  ap_clk (IN)
                         net (fo=32157, unset)        1.343     1.343    <hidden>
    SLICE_X126Y174       FDRE                                         r  <hidden>
  -------------------------------------------------------------------    -------------------
    SLICE_X126Y174       FDRE (Prop_AFF2_SLICEM_C_Q)
                                                      0.080     1.423 r  <hidden>
                         net (fo=2, routed)           0.180     1.603    <hidden>
    SLICE_X126Y174       LUT2 (Prop_G5LUT_SLICEM_I0_O)
                                                      0.099     1.702 r  <hidden>
                         net (fo=2, routed)           0.524     2.226    <hidden>
    DSP48E2_X17Y64       DSP_A_B_DATA (Prop_DSP_A_B_DATA_DSP48E2_A[7]_A2_DATA[7])
                                                      0.192     2.418 f  <hidden>
                         net (fo=1, routed)           0.000     2.418    <hidden>
    DSP48E2_X17Y64       DSP_PREADD_DATA (Prop_DSP_PREADD_DATA_DSP48E2_A2_DATA[7]_PREADD_AB[7])
                                                      0.124     2.542 r  <hidden>
                         net (fo=1, routed)           0.000     2.542    <hidden>
    DSP48E2_X17Y64       DSP_PREADD (Prop_DSP_PREADD_DSP48E2_PREADD_AB[7]_AD[26])
                                                      0.488     3.030 f  <hidden>
                         net (fo=1, routed)           0.000     3.030    <hidden>
    DSP48E2_X17Y64       DSP_PREADD_DATA (Prop_DSP_PREADD_DATA_DSP48E2_AD[26]_AD_DATA[26])
                                                      0.050     3.080 r  <hidden>
                         net (fo=1, routed)           0.000     3.080    <hidden>
    DSP48E2_X17Y64       DSP_MULTIPLIER (Prop_DSP_MULTIPLIER_DSP48E2_AD_DATA[26]_U[43])
                                                      0.612     3.692 f  <hidden>
                         net (fo=1, routed)           0.000     3.692    <hidden>
    DSP48E2_X17Y64       DSP_M_DATA (Prop_DSP_M_DATA_DSP48E2_U[43]_U_DATA[43])
                                                      0.047     3.739 r  <hidden>
                         net (fo=1, routed)           0.000     3.739    <hidden>
    DSP48E2_X17Y64       DSP_ALU (Prop_DSP_ALU_DSP48E2_U_DATA[43]_ALU_OUT[47])
                                                      0.585     4.324 r  <hidden>
                         net (fo=1, routed)           0.000     4.324    <hidden>
    DSP48E2_X17Y64       DSP_OUTPUT (Prop_DSP_OUTPUT_DSP48E2_ALU_OUT[47]_PATTERN_DETECT)
                                                      0.363     4.687 r  <hidden>
                         net (fo=54, routed)          0.402     5.089    <hidden>
    SLICE_X128Y170       LUT5 (Prop_A6LUT_SLICEM_I3_O)
                                                      0.150     5.239 r  <hidden>
                         net (fo=1, routed)           0.013     5.252    <hidden>
    SLICE_X128Y170       CARRY8 (Prop_CARRY8_SLICEM_S[0]_CO[7])
                                                      0.199     5.451 r  <hidden>
                         net (fo=3, routed)           0.303     5.754    <hidden>
    SLICE_X127Y171       LUT5 (Prop_H5LUT_SLICEL_I0_O)
                                                      0.065     5.819 f  <hidden>
                         net (fo=1, routed)           0.334     6.153    <hidden>
    DSP48E2_X17Y63       DSP_A_B_DATA (Prop_DSP_A_B_DATA_DSP48E2_B[15]_B2_DATA[15])
                                                      0.151     6.304 r  <hidden>
                         net (fo=1, routed)           0.000     6.304    <hidden>
    DSP48E2_X17Y63       DSP_PREADD_DATA (Prop_DSP_PREADD_DATA_DSP48E2_B2_DATA[15]_B2B1[15])
                                                      0.073     6.377 r  <hidden>
                         net (fo=1, routed)           0.000     6.377    <hidden>
    DSP48E2_X17Y63       DSP_MULTIPLIER (Prop_DSP_MULTIPLIER_DSP48E2_B2B1[15]_V[21])
                                                      0.609     6.986 f  <hidden>
                         net (fo=1, routed)           0.000     6.986    <hidden>
    DSP48E2_X17Y63       DSP_M_DATA (Prop_DSP_M_DATA_DSP48E2_V[21]_V_DATA[21])
                                                      0.046     7.032 r  <hidden>
                         net (fo=1, routed)           0.000     7.032    <hidden>
    DSP48E2_X17Y63       DSP_ALU (Prop_DSP_ALU_DSP48E2_V_DATA[21]_ALU_OUT[21])
                                                      0.571     7.603 f  <hidden>
                         net (fo=1, routed)           0.000     7.603    <hidden>
    DSP48E2_X17Y63       DSP_OUTPUT (Prop_DSP_OUTPUT_DSP48E2_ALU_OUT[21]_P[21])
                                                      0.109     7.712 r  <hidden>
                         net (fo=1, routed)           0.272     7.984    <hidden>
    SLICE_X128Y168       LUT2 (Prop_G6LUT_SLICEM_I0_O)
                                                      0.052     8.036 r  <hidden>
                         net (fo=1, routed)           0.059     8.095    grp_run_fu_161/grp_runController_fu_106/grp_runQueryTile_fu_142/runQueryBlock_1_U0/grp_runQueryBlock_1_Outline_VITIS_LOOP_117_5_fu_172/grp_fu_888_p2[19]
    SLICE_X128Y168       FDRE                                         r  grp_run_fu_161/grp_runController_fu_106/grp_runQueryTile_fu_142/runQueryBlock_1_U0/grp_runQueryBlock_1_Outline_VITIS_LOOP_117_5_fu_172/sub_i2_reg_2869_reg[19]/D
  -------------------------------------------------------------------    -------------------

                         (clock ap_clk rise edge)    10.000    10.000 r  
                                                      0.000    10.000 r  ap_clk (IN)
                         net (fo=32157, unset)        1.162    11.162    grp_run_fu_161/grp_runController_fu_106/grp_runQueryTile_fu_142/runQueryBlock_1_U0/grp_runQueryBlock_1_Outline_VITIS_LOOP_117_5_fu_172/ap_clk
    SLICE_X128Y168       FDRE                                         r  grp_run_fu_161/grp_runController_fu_106/grp_runQueryTile_fu_142/runQueryBlock_1_U0/grp_runQueryBlock_1_Outline_VITIS_LOOP_117_5_fu_172/sub_i2_reg_2869_reg[19]/C
                         clock pessimism              0.094    11.256    
                         clock uncertainty           -2.735     8.520    
    SLICE_X128Y168       FDRE (Setup_GFF_SLICEM_C_D)
                                                      0.025     8.545    grp_run_fu_161/grp_runController_fu_106/grp_runQueryTile_fu_142/runQueryBlock_1_U0/grp_runQueryBlock_1_Outline_VITIS_LOOP_117_5_fu_172/sub_i2_reg_2869_reg[19]
  -------------------------------------------------------------------
                         required time                          8.545    
                         arrival time                          -8.095    
  -------------------------------------------------------------------
                         slack                                  0.450    




