Copyright 1986-2022 Xilinx, Inc. All Rights Reserved. Copyright 2022-2024 Advanced Micro Devices, Inc. All Rights Reserved.
---------------------------------------------------------------------------------------------------------------------------------------------
| Tool Version : Vivado v.2024.2 (lin64) Build 5239630 Fri Nov 08 22:34:34 MST 2024
| Date         : Sat Oct 10 14:41:38 2026
| Host         : lenovo-ThinkStation-P920 running 64-bit Ubuntu 24.04.3 LTS
| Command      : report_utilization -hierarchical -file synthesis_utilization.rpt
| Design       : fsa_stream_split_d
| Device       : xcvu37p_CIV-fsvh2892-2-e
| Speed File   : -2
| Design State : Synthesized
---------------------------------------------------------------------------------------------------------------------------------------------

Utilization Design Information

Table of Contents
-----------------
1. Utilization by Hierarchy

1. Utilization by Hierarchy
---------------------------

+----------------------------------------------------------------------------------------------------------+--------------------------------------------------------------------------------------------------------+------------+------------+---------+------+-------+--------+--------+------+------------+
|                                                 Instance                                                 |                                                 Module                                                 | Total LUTs | Logic LUTs | LUTRAMs | SRLs |  FFs  | RAMB36 | RAMB18 | URAM | DSP Blocks |
+----------------------------------------------------------------------------------------------------------+--------------------------------------------------------------------------------------------------------+------------+------------+---------+------+-------+--------+--------+------+------------+
| fsa_stream_split_d                                                                                       |                                                                                                  (top) |      53483 |      49449 |    1920 | 2114 | 28073 |      7 |      0 |    0 |         40 |
|   (fsa_stream_split_d)                                                                                   |                                                                                                  (top) |         44 |         44 |       0 |    0 |   281 |      0 |      0 |    0 |          0 |
|   control_s_axi_U                                                                                        |                                                                       fsa_stream_split_d_control_s_axi |        320 |        320 |       0 |    0 |   345 |      0 |      0 |    0 |          0 |
|   grp_run_fu_161                                                                                         |                                                                                 fsa_stream_split_d_run |      49243 |      46549 |    1920 |  774 | 23491 |      0 |      0 |    0 |         40 |
|     (grp_run_fu_161)                                                                                     |                                                                                 fsa_stream_split_d_run |          3 |          3 |       0 |    0 |     3 |      0 |      0 |    0 |          0 |
|     grp_runController_fu_106                                                                             |                                                                       fsa_stream_split_d_runController |      49240 |      46546 |    1920 |  774 | 23488 |      0 |      0 |    0 |         40 |
|       (grp_runController_fu_106)                                                                         |                                                                       fsa_stream_split_d_runController |         73 |         73 |       0 |    0 |   129 |      0 |      0 |    0 |          0 |
|       grp_runQueryTile_fu_142                                                                            |                                                                        fsa_stream_split_d_runQueryTile |      49167 |      46473 |    1920 |  774 | 23359 |      0 |      0 |    0 |         40 |
|         (grp_runQueryTile_fu_142)                                                                        |                                                                        fsa_stream_split_d_runQueryTile |          5 |          5 |       0 |    0 |     2 |      0 |      0 |    0 |          0 |
|         distributeQueryTile_U0                                                                           |                                                                 fsa_stream_split_d_distributeQueryTile |        452 |        443 |       0 |    9 |   918 |      0 |      0 |    0 |          0 |
|           (distributeQueryTile_U0)                                                                       |                                                                 fsa_stream_split_d_distributeQueryTile |        118 |        118 |       0 |    0 |   391 |      0 |      0 |    0 |          0 |
|           grp_distributeQueryTile_Pipeline_VITIS_LOOP_489_1_VITIS_LOOP_490_2_fu_208                      |                      fsa_stream_split_d_distributeQueryTile_Pipeline_VITIS_LOOP_489_1_VITIS_LOOP_490_2 |         61 |         61 |       0 |    0 |    86 |      0 |      0 |    0 |          0 |
|             (grp_distributeQueryTile_Pipeline_VITIS_LOOP_489_1_VITIS_LOOP_490_2_fu_208)                  |                      fsa_stream_split_d_distributeQueryTile_Pipeline_VITIS_LOOP_489_1_VITIS_LOOP_490_2 |         59 |         59 |       0 |    0 |    84 |      0 |      0 |    0 |          0 |
|             flow_control_loop_pipe_sequential_init_U                                                     |                                              fsa_stream_split_d_flow_control_loop_pipe_sequential_init |          2 |          2 |       0 |    0 |     2 |      0 |      0 |    0 |          0 |
|           grp_distributeQueryTile_Pipeline_VITIS_LOOP_501_3_VITIS_LOOP_506_4_VITIS_LOOP_507_5_fu_220     |     fsa_stream_split_d_distributeQueryTile_Pipeline_VITIS_LOOP_501_3_VITIS_LOOP_506_4_VITIS_LOOP_507_5 |        273 |        264 |       0 |    9 |   441 |      0 |      0 |    0 |          0 |
|             (grp_distributeQueryTile_Pipeline_VITIS_LOOP_501_3_VITIS_LOOP_506_4_VITIS_LOOP_507_5_fu_220) |     fsa_stream_split_d_distributeQueryTile_Pipeline_VITIS_LOOP_501_3_VITIS_LOOP_506_4_VITIS_LOOP_507_5 |        271 |        262 |       0 |    9 |   439 |      0 |      0 |    0 |          0 |
|             flow_control_loop_pipe_sequential_init_U                                                     |                                          fsa_stream_split_d_flow_control_loop_pipe_sequential_init__37 |          2 |          2 |       0 |    0 |     2 |      0 |      0 |    0 |          0 |
|         entry_proc_U0                                                                                    |                                                                          fsa_stream_split_d_entry_proc |          2 |          2 |       0 |    0 |     1 |      0 |      0 |    0 |          0 |
|         gatherQueryTile_U0                                                                               |                                                                     fsa_stream_split_d_gatherQueryTile |        539 |        283 |     256 |    0 |   608 |      0 |      0 |    0 |          0 |
|           (gatherQueryTile_U0)                                                                           |                                                                     fsa_stream_split_d_gatherQueryTile |         49 |         49 |       0 |    0 |   103 |      0 |      0 |    0 |          0 |
|           grp_gatherQueryTile_Pipeline_1_fu_94                                                           |                                                          fsa_stream_split_d_gatherQueryTile_Pipeline_1 |         14 |         14 |       0 |    0 |     9 |      0 |      0 |    0 |          0 |
|             (grp_gatherQueryTile_Pipeline_1_fu_94)                                                       |                                                          fsa_stream_split_d_gatherQueryTile_Pipeline_1 |         12 |         12 |       0 |    0 |     7 |      0 |      0 |    0 |          0 |
|             flow_control_loop_pipe_sequential_init_U                                                     |                                          fsa_stream_split_d_flow_control_loop_pipe_sequential_init__36 |          2 |          2 |       0 |    0 |     2 |      0 |      0 |    0 |          0 |
|           grp_gatherQueryTile_Pipeline_VITIS_LOOP_526_1_VITIS_LOOP_527_2_fu_106                          |                          fsa_stream_split_d_gatherQueryTile_Pipeline_VITIS_LOOP_526_1_VITIS_LOOP_527_2 |         49 |         49 |       0 |    0 |    26 |      0 |      0 |    0 |          0 |
|             (grp_gatherQueryTile_Pipeline_VITIS_LOOP_526_1_VITIS_LOOP_527_2_fu_106)                      |                          fsa_stream_split_d_gatherQueryTile_Pipeline_VITIS_LOOP_526_1_VITIS_LOOP_527_2 |         47 |         47 |       0 |    0 |    24 |      0 |      0 |    0 |          0 |
|             flow_control_loop_pipe_sequential_init_U                                                     |                                          fsa_stream_split_d_flow_control_loop_pipe_sequential_init__35 |          2 |          2 |       0 |    0 |     2 |      0 |      0 |    0 |          0 |
|           grp_storeOutputTile_fu_118                                                                     |                                                                     fsa_stream_split_d_storeOutputTile |        167 |        167 |       0 |    0 |   214 |      0 |      0 |    0 |          0 |
|             (grp_storeOutputTile_fu_118)                                                                 |                                                                     fsa_stream_split_d_storeOutputTile |         82 |         82 |       0 |    0 |   137 |      0 |      0 |    0 |          0 |
|             grp_storeOutputTile_Pipeline_VITIS_LOOP_76_1_fu_89                                           |                                            fsa_stream_split_d_storeOutputTile_Pipeline_VITIS_LOOP_76_1 |         85 |         85 |       0 |    0 |    77 |      0 |      0 |    0 |          0 |
|               (grp_storeOutputTile_Pipeline_VITIS_LOOP_76_1_fu_89)                                       |                                            fsa_stream_split_d_storeOutputTile_Pipeline_VITIS_LOOP_76_1 |         83 |         83 |       0 |    0 |    75 |      0 |      0 |    0 |          0 |
|               flow_control_loop_pipe_sequential_init_U                                                   |                                          fsa_stream_split_d_flow_control_loop_pipe_sequential_init__34 |          2 |          2 |       0 |    0 |     2 |      0 |      0 |    0 |          0 |
|           normalized_1_U                                                                                 |                                         fsa_stream_split_d_gatherQueryTile_normalized_RAM_AUTO_1R1W__2 |         65 |          1 |      64 |    0 |    64 |      0 |      0 |    0 |          0 |
|           normalized_2_U                                                                                 |                                         fsa_stream_split_d_gatherQueryTile_normalized_RAM_AUTO_1R1W__3 |         65 |          1 |      64 |    0 |    64 |      0 |      0 |    0 |          0 |
|           normalized_3_U                                                                                 |                                            fsa_stream_split_d_gatherQueryTile_normalized_RAM_AUTO_1R1W |         65 |          1 |      64 |    0 |    64 |      0 |      0 |    0 |          0 |
|           normalized_U                                                                                   |                                         fsa_stream_split_d_gatherQueryTile_normalized_RAM_AUTO_1R1W__1 |         65 |          1 |      64 |    0 |    64 |      0 |      0 |    0 |          0 |
|         header0_U                                                                                        |                                                                   fsa_stream_split_d_fifo_w129_d2_S__1 |         57 |         57 |       0 |    0 |   198 |      0 |      0 |    0 |          0 |
|           (header0_U)                                                                                    |                                                                   fsa_stream_split_d_fifo_w129_d2_S__1 |          9 |          9 |       0 |    0 |     6 |      0 |      0 |    0 |          0 |
|           U_fsa_stream_split_d_fifo_w129_d2_S_ShiftReg                                                   |                                                          fsa_stream_split_d_fifo_w129_d2_S_ShiftReg__1 |         48 |         48 |       0 |    0 |   192 |      0 |      0 |    0 |          0 |
|         header1_U                                                                                        |                                                                      fsa_stream_split_d_fifo_w129_d2_S |         59 |         59 |       0 |    0 |   198 |      0 |      0 |    0 |          0 |
|           (header1_U)                                                                                    |                                                                      fsa_stream_split_d_fifo_w129_d2_S |          9 |          9 |       0 |    0 |     6 |      0 |      0 |    0 |          0 |
|           U_fsa_stream_split_d_fifo_w129_d2_S_ShiftReg                                                   |                                                             fsa_stream_split_d_fifo_w129_d2_S_ShiftReg |         50 |         50 |       0 |    0 |   192 |      0 |      0 |    0 |          0 |
|         header_active_queries_c_U                                                                        |                                                                        fsa_stream_split_d_fifo_w3_d3_S |         13 |         10 |       0 |    3 |     7 |      0 |      0 |    0 |          0 |
|           (header_active_queries_c_U)                                                                    |                                                                        fsa_stream_split_d_fifo_w3_d3_S |         10 |         10 |       0 |    0 |     7 |      0 |      0 |    0 |          0 |
|           U_fsa_stream_split_d_fifo_w3_d3_S_ShiftReg                                                     |                                                               fsa_stream_split_d_fifo_w3_d3_S_ShiftReg |          3 |          0 |       0 |    3 |     0 |      0 |      0 |    0 |          0 |
|         header_query_base_c_U                                                                            |                                                                       fsa_stream_split_d_fifo_w32_d3_S |         39 |         10 |       0 |   29 |     7 |      0 |      0 |    0 |          0 |
|           (header_query_base_c_U)                                                                        |                                                                       fsa_stream_split_d_fifo_w32_d3_S |         10 |         10 |       0 |    0 |     7 |      0 |      0 |    0 |          0 |
|           U_fsa_stream_split_d_fifo_w32_d3_S_ShiftReg                                                    |                                                              fsa_stream_split_d_fifo_w32_d3_S_ShiftReg |         29 |          0 |       0 |   29 |     0 |      0 |      0 |    0 |          0 |
|         kv0_U                                                                                            |                                                                   fsa_stream_split_d_fifo_w128_d8_S__1 |        139 |         11 |       0 |  128 |     9 |      0 |      0 |    0 |          0 |
|           (kv0_U)                                                                                        |                                                                   fsa_stream_split_d_fifo_w128_d8_S__1 |         11 |         11 |       0 |    0 |     9 |      0 |      0 |    0 |          0 |
|           U_fsa_stream_split_d_fifo_w128_d8_S_ShiftReg                                                   |                                                          fsa_stream_split_d_fifo_w128_d8_S_ShiftReg__1 |        128 |          0 |       0 |  128 |     0 |      0 |      0 |    0 |          0 |
|         kv1_U                                                                                            |                                                                      fsa_stream_split_d_fifo_w128_d8_S |        139 |         11 |       0 |  128 |     9 |      0 |      0 |    0 |          0 |
|           (kv1_U)                                                                                        |                                                                      fsa_stream_split_d_fifo_w128_d8_S |         11 |         11 |       0 |    0 |     9 |      0 |      0 |    0 |          0 |
|           U_fsa_stream_split_d_fifo_w128_d8_S_ShiftReg                                                   |                                                             fsa_stream_split_d_fifo_w128_d8_S_ShiftReg |        128 |          0 |       0 |  128 |     0 |      0 |      0 |    0 |          0 |
|         o_address_c_U                                                                                    |                                                                       fsa_stream_split_d_fifo_w64_d4_S |         71 |         10 |       0 |   61 |     7 |      0 |      0 |    0 |          0 |
|           (o_address_c_U)                                                                                |                                                                       fsa_stream_split_d_fifo_w64_d4_S |         10 |         10 |       0 |    0 |     7 |      0 |      0 |    0 |          0 |
|           U_fsa_stream_split_d_fifo_w64_d4_S_ShiftReg                                                    |                                                              fsa_stream_split_d_fifo_w64_d4_S_ShiftReg |         61 |          0 |       0 |   61 |     0 |      0 |      0 |    0 |          0 |
|         output0_U                                                                                        |                                                                    fsa_stream_split_d_fifo_w32_d8_S__1 |         43 |         11 |       0 |   32 |     9 |      0 |      0 |    0 |          0 |
|           (output0_U)                                                                                    |                                                                    fsa_stream_split_d_fifo_w32_d8_S__1 |         11 |         11 |       0 |    0 |     9 |      0 |      0 |    0 |          0 |
|           U_fsa_stream_split_d_fifo_w32_d8_S_ShiftReg                                                    |                                                           fsa_stream_split_d_fifo_w32_d8_S_ShiftReg__1 |         32 |          0 |       0 |   32 |     0 |      0 |      0 |    0 |          0 |
|         output1_U                                                                                        |                                                                       fsa_stream_split_d_fifo_w32_d8_S |         43 |         11 |       0 |   32 |     9 |      0 |      0 |    0 |          0 |
|           (output1_U)                                                                                    |                                                                       fsa_stream_split_d_fifo_w32_d8_S |         11 |         11 |       0 |    0 |     9 |      0 |      0 |    0 |          0 |
|           U_fsa_stream_split_d_fifo_w32_d8_S_ShiftReg                                                    |                                                              fsa_stream_split_d_fifo_w32_d8_S_ShiftReg |         32 |          0 |       0 |   32 |     0 |      0 |      0 |    0 |          0 |
|         q0_U                                                                                             |                                                                    fsa_stream_split_d_fifo_w64_d8_S__1 |         75 |         11 |       0 |   64 |     9 |      0 |      0 |    0 |          0 |
|           (q0_U)                                                                                         |                                                                    fsa_stream_split_d_fifo_w64_d8_S__1 |         11 |         11 |       0 |    0 |     9 |      0 |      0 |    0 |          0 |
|           U_fsa_stream_split_d_fifo_w64_d8_S_ShiftReg                                                    |                                                           fsa_stream_split_d_fifo_w64_d8_S_ShiftReg__1 |         64 |          0 |       0 |   64 |     0 |      0 |      0 |    0 |          0 |
|         q1_U                                                                                             |                                                                       fsa_stream_split_d_fifo_w64_d8_S |         75 |         11 |       0 |   64 |     9 |      0 |      0 |    0 |          0 |
|           (q1_U)                                                                                         |                                                                       fsa_stream_split_d_fifo_w64_d8_S |         11 |         11 |       0 |    0 |     9 |      0 |      0 |    0 |          0 |
|           U_fsa_stream_split_d_fifo_w64_d8_S_ShiftReg                                                    |                                                              fsa_stream_split_d_fifo_w64_d8_S_ShiftReg |         64 |          0 |       0 |   64 |     0 |      0 |      0 |    0 |          0 |
|         runQueryBlock_0_U0                                                                               |                                                                   fsa_stream_split_d_runQueryBlock_0_s |      23701 |      22757 |     832 |  112 | 10657 |      0 |      0 |    0 |         20 |
|           (runQueryBlock_0_U0)                                                                           |                                                                   fsa_stream_split_d_runQueryBlock_0_s |        260 |        260 |       0 |    0 |   277 |      0 |      0 |    0 |          0 |
|           grp_reciprocalColumns_fu_201                                                                   |                                                        fsa_stream_split_d_reciprocalColumns__xdcDup__1 |        877 |        877 |       0 |    0 |   585 |      0 |      0 |    0 |          0 |
|             (grp_reciprocalColumns_fu_201)                                                               |                                                        fsa_stream_split_d_reciprocalColumns__xdcDup__1 |        163 |        163 |       0 |    0 |   255 |      0 |      0 |    0 |          0 |
|             fcmp_32ns_32ns_1_1_no_dsp_1_U545                                                             |                                              fsa_stream_split_d_fcmp_32ns_32ns_1_1_no_dsp_1__xdcDup__1 |         20 |         20 |       0 |    0 |     0 |      0 |      0 |    0 |          0 |
|               (fcmp_32ns_32ns_1_1_no_dsp_1_U545)                                                         |                                              fsa_stream_split_d_fcmp_32ns_32ns_1_1_no_dsp_1__xdcDup__1 |          0 |          0 |       0 |    0 |     0 |      0 |      0 |    0 |          0 |
|               fsa_stream_split_d_fcmp_32ns_32ns_1_1_no_dsp_1_ip_u                                        |                                                   fsa_stream_split_d_fcmp_32ns_32ns_1_1_no_dsp_1_ip__2 |         20 |         20 |       0 |    0 |     0 |      0 |      0 |    0 |          0 |
|                 (fsa_stream_split_d_fcmp_32ns_32ns_1_1_no_dsp_1_ip_u)                                    |                                                   fsa_stream_split_d_fcmp_32ns_32ns_1_1_no_dsp_1_ip__2 |          0 |          0 |       0 |    0 |     0 |      0 |      0 |    0 |          0 |
|                 inst                                                                                     |                                                              floating_point_v7_1_19__parameterized2__2 |         20 |         20 |       0 |    0 |     0 |      0 |      0 |    0 |          0 |
|                   (inst)                                                                                 |                                                              floating_point_v7_1_19__parameterized2__2 |          0 |          0 |       0 |    0 |     0 |      0 |      0 |    0 |          0 |
|                   i_synth                                                                                |                                                          floating_point_v7_1_19_viv__parameterized5__2 |         20 |         20 |       0 |    0 |     0 |      0 |      0 |    0 |          0 |
|                     (i_synth)                                                                            |                                                          floating_point_v7_1_19_viv__parameterized5__2 |          0 |          0 |       0 |    0 |     0 |      0 |      0 |    0 |          0 |
|                     COMP_OP.SPD.OP                                                                       |                                                                                              fp_cmp__2 |         20 |         20 |       0 |    0 |     0 |      0 |      0 |    0 |          0 |
|                       (COMP_OP.SPD.OP)                                                                   |                                                                                              fp_cmp__2 |          1 |          1 |       0 |    0 |     0 |      0 |      0 |    0 |          0 |
|                       STRUCT_CMP.A_EQ_B_DET                                                              |                                                                                          compare_eq__2 |         11 |         11 |       0 |    0 |     0 |      0 |      0 |    0 |          0 |
|                         (STRUCT_CMP.A_EQ_B_DET)                                                          |                                                                                          compare_eq__2 |         11 |         11 |       0 |    0 |     0 |      0 |      0 |    0 |          0 |
|                         WIDE_AND                                                                         |                                                                        carry_chain__parameterized13__2 |          0 |          0 |       0 |    0 |     0 |      0 |      0 |    0 |          0 |
|                       STRUCT_CMP.A_EXP_ALL_ONE_DET                                                       |                                                                       compare_eq_im__parameterized4__2 |          2 |          2 |       0 |    0 |     0 |      0 |      0 |    0 |          0 |
|                         (STRUCT_CMP.A_EXP_ALL_ONE_DET)                                                   |                                                                       compare_eq_im__parameterized4__2 |          2 |          2 |       0 |    0 |     0 |      0 |      0 |    0 |          0 |
|                         CARRY_ZERO_DET                                                                   |                                                                        carry_chain__parameterized0__31 |          0 |          0 |       0 |    0 |     0 |      0 |      0 |    0 |          0 |
|                       STRUCT_CMP.A_FRAC_NOT_ZERO_DET                                                     |                                                                       compare_ne_im__parameterized0__2 |          4 |          4 |       0 |    0 |     0 |      0 |      0 |    0 |          0 |
|                         (STRUCT_CMP.A_FRAC_NOT_ZERO_DET)                                                 |                                                                       compare_ne_im__parameterized0__2 |          4 |          4 |       0 |    0 |     0 |      0 |      0 |    0 |          0 |
|                         WIDE_NOR                                                                         |                                                                        carry_chain__parameterized12__2 |          0 |          0 |       0 |    0 |     0 |      0 |      0 |    0 |          0 |
|                       STRUCT_CMP.B_EXP_ALL_ONE_DET                                                       |                                                                       compare_eq_im__parameterized4__3 |          0 |          0 |       0 |    0 |     0 |      0 |      0 |    0 |          0 |
|                         (STRUCT_CMP.B_EXP_ALL_ONE_DET)                                                   |                                                                       compare_eq_im__parameterized4__3 |          0 |          0 |       0 |    0 |     0 |      0 |      0 |    0 |          0 |
|                         CARRY_ZERO_DET                                                                   |                                                                        carry_chain__parameterized0__32 |          0 |          0 |       0 |    0 |     0 |      0 |      0 |    0 |          0 |
|                       STRUCT_CMP.B_FRAC_NOT_ZERO_DET                                                     |                                                                       compare_ne_im__parameterized0__3 |          0 |          0 |       0 |    0 |     0 |      0 |      0 |    0 |          0 |
|                         (STRUCT_CMP.B_FRAC_NOT_ZERO_DET)                                                 |                                                                       compare_ne_im__parameterized0__3 |          0 |          0 |       0 |    0 |     0 |      0 |      0 |    0 |          0 |
|                         WIDE_NOR                                                                         |                                                                        carry_chain__parameterized12__3 |          0 |          0 |       0 |    0 |     0 |      0 |      0 |    0 |          0 |
|                       STRUCT_CMP.EXP_ALL_ZERO_DET                                                        |                                                                       compare_eq_im__parameterized3__2 |          2 |          2 |       0 |    0 |     0 |      0 |      0 |    0 |          0 |
|                         (STRUCT_CMP.EXP_ALL_ZERO_DET)                                                    |                                                                       compare_eq_im__parameterized3__2 |          2 |          2 |       0 |    0 |     0 |      0 |      0 |    0 |          0 |
|                         CARRY_ZERO_DET                                                                   |                                                                        carry_chain__parameterized11__2 |          0 |          0 |       0 |    0 |     0 |      0 |      0 |    0 |          0 |
|             grp_p_anonymous_namespace_begin_reciprocal_fu_97                                             |                                           fsa_stream_split_d_p_anonymous_namespace_begin_reciprocal__2 |        274 |        274 |       0 |    0 |   154 |      0 |      0 |    0 |          0 |
|             grp_p_anonymous_namespace_normalize_and_round_fu_115                                         |                                        fsa_stream_split_d_p_anonymous_namespace_normalize_and_round__2 |        204 |        204 |       0 |    0 |     0 |      0 |      0 |    0 |          0 |
|             grp_reciprocalColumns_Pipeline_VITIS_LOOP_369_13_fu_125                                      |                                     fsa_stream_split_d_reciprocalColumns_Pipeline_VITIS_LOOP_369_13__2 |        108 |        108 |       0 |    0 |    88 |      0 |      0 |    0 |          0 |
|               (grp_reciprocalColumns_Pipeline_VITIS_LOOP_369_13_fu_125)                                  |                                     fsa_stream_split_d_reciprocalColumns_Pipeline_VITIS_LOOP_369_13__2 |        106 |        106 |       0 |    0 |    86 |      0 |      0 |    0 |          0 |
|               flow_control_loop_pipe_sequential_init_U                                                   |                                          fsa_stream_split_d_flow_control_loop_pipe_sequential_init__13 |          2 |          2 |       0 |    0 |     2 |      0 |      0 |    0 |          0 |
|             grp_reciprocalColumns_Pipeline_VITIS_LOOP_369_1_fu_102                                       |                                      fsa_stream_split_d_reciprocalColumns_Pipeline_VITIS_LOOP_369_1__2 |        108 |        108 |       0 |    0 |    88 |      0 |      0 |    0 |          0 |
|               (grp_reciprocalColumns_Pipeline_VITIS_LOOP_369_1_fu_102)                                   |                                      fsa_stream_split_d_reciprocalColumns_Pipeline_VITIS_LOOP_369_1__2 |        106 |        106 |       0 |    0 |    86 |      0 |      0 |    0 |          0 |
|               flow_control_loop_pipe_sequential_init_U                                                   |                                          fsa_stream_split_d_flow_control_loop_pipe_sequential_init__14 |          2 |          2 |       0 |    0 |     2 |      0 |      0 |    0 |          0 |
|           grp_runAccumulatorColumns_fu_512                                                               |                                                            fsa_stream_split_d_runAccumulatorColumns__1 |       6022 |       5957 |       0 |   65 |  1774 |      0 |      0 |    0 |          4 |
|             (grp_runAccumulatorColumns_fu_512)                                                           |                                                            fsa_stream_split_d_runAccumulatorColumns__1 |       4692 |       4627 |       0 |   65 |  1588 |      0 |      0 |    0 |          0 |
|             ctlz_24_24_1_1_U298                                                                          |                                                                   fsa_stream_split_d_ctlz_24_24_1_1__3 |         24 |         24 |       0 |    0 |     0 |      0 |      0 |    0 |          0 |
|             ctlz_24_24_1_1_U300                                                                          |                                                                   fsa_stream_split_d_ctlz_24_24_1_1__2 |         24 |         24 |       0 |    0 |     0 |      0 |      0 |    0 |          0 |
|             ctlz_48_48_1_1_U297                                                                          |                                                                   fsa_stream_split_d_ctlz_48_48_1_1__3 |         46 |         46 |       0 |    0 |     0 |      0 |      0 |    0 |          0 |
|             ctlz_48_48_1_1_U299                                                                          |                                                                   fsa_stream_split_d_ctlz_48_48_1_1__2 |         46 |         46 |       0 |    0 |     0 |      0 |      0 |    0 |          0 |
|             ctlz_51_51_1_1_U305                                                                          |                                                                   fsa_stream_split_d_ctlz_51_51_1_1__3 |         54 |         54 |       0 |    0 |     0 |      0 |      0 |    0 |          0 |
|             ctlz_51_51_1_1_U310                                                                          |                                                                   fsa_stream_split_d_ctlz_51_51_1_1__2 |         58 |         58 |       0 |    0 |     0 |      0 |      0 |    0 |          0 |
|             fsa_anonymous_namespace_ACC_EXP2_PWL_INTERCEPT_BITS_U                                        | fsa_stream_split_d_runAccumulatorColumns_fsa_anonymous_namespace_ACC_EXP2_PWL_INTERCEPT_BITS_ROMcud__1 |         24 |         24 |       0 |    0 |    44 |      0 |      0 |    0 |          0 |
|             fsa_anonymous_namespace_ACC_EXP2_PWL_SLOPE_BITS_U                                            | fsa_stream_split_d_runAccumulatorColumns_fsa_anonymous_namespace_ACC_EXP2_PWL_SLOPE_BITS_ROM_AUTbkb__1 |         22 |         22 |       0 |    0 |    44 |      0 |      0 |    0 |          0 |
|             grp_stageAccumulatorResult_fu_878                                                            |                                                           fsa_stream_split_d_stageAccumulatorResult__1 |          0 |          0 |       0 |    0 |    64 |      0 |      0 |    0 |          0 |
|             mul_24ns_24ns_48_3_1_U291                                                                    |                                                             fsa_stream_split_d_mul_24ns_24ns_48_3_1__3 |          0 |          0 |       0 |    0 |    17 |      0 |      0 |    0 |          2 |
|             mul_24ns_24ns_48_3_1_U292                                                                    |                                                             fsa_stream_split_d_mul_24ns_24ns_48_3_1__2 |          0 |          0 |       0 |    0 |    17 |      0 |      0 |    0 |          2 |
|             tmp_45_p_anonymous_namespace_ldexpByBits_fu_870                                              |                                                fsa_stream_split_d_p_anonymous_namespace_ldexpByBits__2 |        516 |        516 |       0 |    0 |     0 |      0 |      0 |    0 |          0 |
|             tmp_s_p_anonymous_namespace_ldexpByBits_fu_862                                               |                                                fsa_stream_split_d_p_anonymous_namespace_ldexpByBits__3 |        516 |        516 |       0 |    0 |     0 |      0 |      0 |    0 |          0 |
|           grp_runQueryBlock_0_Outline_VITIS_LOOP_117_5_fu_168                                            |                                            fsa_stream_split_d_runQueryBlock_0_Outline_VITIS_LOOP_117_5 |      16093 |      15539 |     512 |   42 |  7631 |      0 |      0 |    0 |         16 |
|             (grp_runQueryBlock_0_Outline_VITIS_LOOP_117_5_fu_168)                                        |                                            fsa_stream_split_d_runQueryBlock_0_Outline_VITIS_LOOP_117_5 |       1422 |       1422 |       0 |    0 |  1076 |      0 |      0 |    0 |          0 |
|             fsub_32ns_32ns_32_3_full_dsp_1_U476                                                          |                                           fsa_stream_split_d_fsub_32ns_32ns_32_3_full_dsp_1__xdcDup__1 |        239 |        239 |       0 |    0 |   146 |      0 |      0 |    0 |          2 |
|               (fsub_32ns_32ns_32_3_full_dsp_1_U476)                                                      |                                           fsa_stream_split_d_fsub_32ns_32ns_32_3_full_dsp_1__xdcDup__1 |          0 |          0 |       0 |    0 |    64 |      0 |      0 |    0 |          0 |
|               fsa_stream_split_d_fsub_32ns_32ns_32_3_full_dsp_1_ip_u                                     |                                               fsa_stream_split_d_fsub_32ns_32ns_32_3_full_dsp_1_ip__11 |        239 |        239 |       0 |    0 |    82 |      0 |      0 |    0 |          2 |
|                 (fsa_stream_split_d_fsub_32ns_32ns_32_3_full_dsp_1_ip_u)                                 |                                               fsa_stream_split_d_fsub_32ns_32ns_32_3_full_dsp_1_ip__11 |          0 |          0 |       0 |    0 |     0 |      0 |      0 |    0 |          0 |
|                 inst                                                                                     |                                                             floating_point_v7_1_19__parameterized1__11 |        239 |        239 |       0 |    0 |    82 |      0 |      0 |    0 |          2 |
|                   (inst)                                                                                 |                                                             floating_point_v7_1_19__parameterized1__11 |          0 |          0 |       0 |    0 |     0 |      0 |      0 |    0 |          0 |
|                   i_synth                                                                                |                                                         floating_point_v7_1_19_viv__parameterized3__11 |        239 |        239 |       0 |    0 |    82 |      0 |      0 |    0 |          2 |
|                     (i_synth)                                                                            |                                                         floating_point_v7_1_19_viv__parameterized3__11 |          1 |          1 |       0 |    0 |     0 |      0 |      0 |    0 |          0 |
|                     ADDSUB_OP.ADDSUB                                                                     |                                                                                            flt_add__11 |        237 |        237 |       0 |    0 |    81 |      0 |      0 |    0 |          2 |
|                       (ADDSUB_OP.ADDSUB)                                                                 |                                                                                            flt_add__11 |          0 |          0 |       0 |    0 |     0 |      0 |      0 |    0 |          0 |
|                       DSP.OP                                                                             |                                                                                        flt_add_dsp__11 |        237 |        237 |       0 |    0 |    81 |      0 |      0 |    0 |          2 |
|                         (DSP.OP)                                                                         |                                                                                        flt_add_dsp__11 |          0 |          0 |       0 |    0 |     0 |      0 |      0 |    0 |          0 |
|                         A_IP_DELAY                                                                       |                                                                              delay__parameterized19__8 |          0 |          0 |       0 |    0 |    23 |      0 |      0 |    0 |          0 |
|                           (A_IP_DELAY)                                                                   |                                                                              delay__parameterized19__8 |          0 |          0 |       0 |    0 |     0 |      0 |      0 |    0 |          0 |
|                           i_pipe                                                                         |                                                              xbip_pipe_v3_0_10_viv__parameterized36__8 |          0 |          0 |       0 |    0 |    23 |      0 |      0 |    0 |          0 |
|                         B_IP_DELAY                                                                       |                                                                             delay__parameterized19__15 |          0 |          0 |       0 |    0 |    23 |      0 |      0 |    0 |          0 |
|                           (B_IP_DELAY)                                                                   |                                                                             delay__parameterized19__15 |          0 |          0 |       0 |    0 |     0 |      0 |      0 |    0 |          0 |
|                           i_pipe                                                                         |                                                             xbip_pipe_v3_0_10_viv__parameterized36__15 |          0 |          0 |       0 |    0 |    23 |      0 |      0 |    0 |          0 |
|                         DSP48E1_BODY.ALIGN_ADD                                                           |                                                                              align_add_dsp48e1_sgl__11 |         77 |         77 |       0 |    0 |     0 |      0 |      0 |    0 |          1 |
|                           (DSP48E1_BODY.ALIGN_ADD)                                                       |                                                                              align_add_dsp48e1_sgl__11 |         70 |         70 |       0 |    0 |     0 |      0 |      0 |    0 |          0 |
|                           DSP2                                                                           |                                                                                    dsp48e1_wrapper__11 |          0 |          0 |       0 |    0 |     0 |      0 |      0 |    0 |          1 |
|                           ZERO_14_DET.CARRY_MUX                                                          |                                                                        carry_chain__parameterized7__11 |          0 |          0 |       0 |    0 |     0 |      0 |      0 |    0 |          0 |
|                           ZERO_14_DET.ZERO_DET                                                           |                                                                      compare_eq_im__parameterized1__11 |          7 |          7 |       0 |    0 |     0 |      0 |      0 |    0 |          0 |
|                             (ZERO_14_DET.ZERO_DET)                                                       |                                                                      compare_eq_im__parameterized1__11 |          7 |          7 |       0 |    0 |     0 |      0 |      0 |    0 |          0 |
|                             CARRY_ZERO_DET                                                               |                                                                        carry_chain__parameterized6__11 |          0 |          0 |       0 |    0 |     0 |      0 |      0 |    0 |          0 |
|                         DSP48E1_BODY.EXP                                                                 |                                                                                     flt_add_exp_sp__11 |         68 |         68 |       0 |    0 |    35 |      0 |      0 |    0 |          0 |
|                           (DSP48E1_BODY.EXP)                                                             |                                                                                     flt_add_exp_sp__11 |         38 |         38 |       0 |    0 |     0 |      0 |      0 |    0 |          0 |
|                           A_EXP_DELAY                                                                    |                                                                              delay__parameterized31__8 |          0 |          0 |       0 |    0 |     8 |      0 |      0 |    0 |          0 |
|                             (A_EXP_DELAY)                                                                |                                                                              delay__parameterized31__8 |          0 |          0 |       0 |    0 |     0 |      0 |      0 |    0 |          0 |
|                             i_pipe                                                                       |                                                              xbip_pipe_v3_0_10_viv__parameterized52__8 |          0 |          0 |       0 |    0 |     8 |      0 |      0 |    0 |          0 |
|                           A_SIGN_DELAY                                                                   |                                                                              delay__parameterized32__8 |          0 |          0 |       0 |    0 |     1 |      0 |      0 |    0 |          0 |
|                             (A_SIGN_DELAY)                                                               |                                                                              delay__parameterized32__8 |          0 |          0 |       0 |    0 |     0 |      0 |      0 |    0 |          0 |
|                             i_pipe                                                                       |                                                              xbip_pipe_v3_0_10_viv__parameterized54__8 |          0 |          0 |       0 |    0 |     1 |      0 |      0 |    0 |          0 |
|                           BMA_EXP_DELAY                                                                  |                                                                             delay__parameterized35__11 |          0 |          0 |       0 |    0 |     9 |      0 |      0 |    0 |          0 |
|                             (BMA_EXP_DELAY)                                                              |                                                                             delay__parameterized35__11 |          0 |          0 |       0 |    0 |     0 |      0 |      0 |    0 |          0 |
|                             i_pipe                                                                       |                                                             xbip_pipe_v3_0_10_viv__parameterized58__11 |          0 |          0 |       0 |    0 |     9 |      0 |      0 |    0 |          0 |
|                           B_EXP_DELAY                                                                    |                                                                             delay__parameterized31__15 |          0 |          0 |       0 |    0 |     8 |      0 |      0 |    0 |          0 |
|                             (B_EXP_DELAY)                                                                |                                                                             delay__parameterized31__15 |          0 |          0 |       0 |    0 |     0 |      0 |      0 |    0 |          0 |
|                             i_pipe                                                                       |                                                             xbip_pipe_v3_0_10_viv__parameterized52__15 |          0 |          0 |       0 |    0 |     8 |      0 |      0 |    0 |          0 |
|                           B_SIGN_DELAY                                                                   |                                                                              delay__parameterized32__9 |          0 |          0 |       0 |    0 |     1 |      0 |      0 |    0 |          0 |
|                             (B_SIGN_DELAY)                                                               |                                                                              delay__parameterized32__9 |          0 |          0 |       0 |    0 |     0 |      0 |      0 |    0 |          0 |
|                             i_pipe                                                                       |                                                              xbip_pipe_v3_0_10_viv__parameterized54__9 |          0 |          0 |       0 |    0 |     1 |      0 |      0 |    0 |          0 |
|                           COND_DET_A                                                                     |                                                                      special_detect__parameterized1__8 |          7 |          7 |       0 |    0 |     3 |      0 |      0 |    0 |          0 |
|                             (COND_DET_A)                                                                 |                                                                      special_detect__parameterized1__8 |          3 |          3 |       0 |    0 |     0 |      0 |      0 |    0 |          0 |
|                             EXP_DET_LUT.EXP_ALL_ONE_DEL                                                  |                                                                              delay__parameterized29__9 |          0 |          0 |       0 |    0 |     1 |      0 |      0 |    0 |          0 |
|                               (EXP_DET_LUT.EXP_ALL_ONE_DEL)                                              |                                                                              delay__parameterized29__9 |          0 |          0 |       0 |    0 |     0 |      0 |      0 |    0 |          0 |
|                               i_pipe                                                                     |                                                              xbip_pipe_v3_0_10_viv__parameterized50__9 |          0 |          0 |       0 |    0 |     1 |      0 |      0 |    0 |          0 |
|                             EXP_DET_LUT.EXP_ALL_ZERO_DEL                                                 |                                                                             delay__parameterized29__10 |          0 |          0 |       0 |    0 |     1 |      0 |      0 |    0 |          0 |
|                               (EXP_DET_LUT.EXP_ALL_ZERO_DEL)                                             |                                                                             delay__parameterized29__10 |          0 |          0 |       0 |    0 |     0 |      0 |      0 |    0 |          0 |
|                               i_pipe                                                                     |                                                             xbip_pipe_v3_0_10_viv__parameterized50__10 |          0 |          0 |       0 |    0 |     1 |      0 |      0 |    0 |          0 |
|                             MANT_CARRY.MANT_ALL_ZERO_DET                                                 |                                                                       compare_eq_im__parameterized2__8 |          4 |          4 |       0 |    0 |     1 |      0 |      0 |    0 |          0 |
|                               (MANT_CARRY.MANT_ALL_ZERO_DET)                                             |                                                                       compare_eq_im__parameterized2__8 |          4 |          4 |       0 |    0 |     0 |      0 |      0 |    0 |          0 |
|                               CARRY_ZERO_DET                                                             |                                                                         carry_chain__parameterized8__8 |          0 |          0 |       0 |    0 |     1 |      0 |      0 |    0 |          0 |
|                           COND_DET_B                                                                     |                                                                     special_detect__parameterized1__15 |          7 |          7 |       0 |    0 |     3 |      0 |      0 |    0 |          0 |
|                             (COND_DET_B)                                                                 |                                                                     special_detect__parameterized1__15 |          3 |          3 |       0 |    0 |     0 |      0 |      0 |    0 |          0 |
|                             EXP_DET_LUT.EXP_ALL_ONE_DEL                                                  |                                                                             delay__parameterized29__23 |          0 |          0 |       0 |    0 |     1 |      0 |      0 |    0 |          0 |
|                               (EXP_DET_LUT.EXP_ALL_ONE_DEL)                                              |                                                                             delay__parameterized29__23 |          0 |          0 |       0 |    0 |     0 |      0 |      0 |    0 |          0 |
|                               i_pipe                                                                     |                                                             xbip_pipe_v3_0_10_viv__parameterized50__23 |          0 |          0 |       0 |    0 |     1 |      0 |      0 |    0 |          0 |
|                             EXP_DET_LUT.EXP_ALL_ZERO_DEL                                                 |                                                                              delay__parameterized29__8 |          0 |          0 |       0 |    0 |     1 |      0 |      0 |    0 |          0 |
|                               (EXP_DET_LUT.EXP_ALL_ZERO_DEL)                                             |                                                                              delay__parameterized29__8 |          0 |          0 |       0 |    0 |     0 |      0 |      0 |    0 |          0 |
|                               i_pipe                                                                     |                                                              xbip_pipe_v3_0_10_viv__parameterized50__8 |          0 |          0 |       0 |    0 |     1 |      0 |      0 |    0 |          0 |
|                             MANT_CARRY.MANT_ALL_ZERO_DET                                                 |                                                                      compare_eq_im__parameterized2__15 |          4 |          4 |       0 |    0 |     1 |      0 |      0 |    0 |          0 |
|                               (MANT_CARRY.MANT_ALL_ZERO_DET)                                             |                                                                      compare_eq_im__parameterized2__15 |          4 |          4 |       0 |    0 |     0 |      0 |      0 |    0 |          0 |
|                               CARRY_ZERO_DET                                                             |                                                                        carry_chain__parameterized8__15 |          0 |          0 |       0 |    0 |     1 |      0 |      0 |    0 |          0 |
|                           EXP_OFF.STRUCT_ADD                                                             |                                                                       carry_chain__parameterized10__15 |          0 |          0 |       0 |    0 |     0 |      0 |      0 |    0 |          0 |
|                           NUMB_CMP                                                                       |                                                                                            compare__11 |         16 |         16 |       0 |    0 |     1 |      0 |      0 |    0 |          0 |
|                             (NUMB_CMP)                                                                   |                                                                                            compare__11 |          0 |          0 |       0 |    0 |     0 |      0 |      0 |    0 |          0 |
|                             NOT_FAST.CMP                                                                 |                                                                                         compare_gt__11 |         16 |         16 |       0 |    0 |     1 |      0 |      0 |    0 |          0 |
|                               (NOT_FAST.CMP)                                                             |                                                                                         compare_gt__11 |         16 |         16 |       0 |    0 |     0 |      0 |      0 |    0 |          0 |
|                               C_CHAIN                                                                    |                                                                        carry_chain__parameterized9__11 |          0 |          0 |       0 |    0 |     1 |      0 |      0 |    0 |          0 |
|                           SUB_DELAY                                                                      |                                                                             delay__parameterized32__19 |          0 |          0 |       0 |    0 |     1 |      0 |      0 |    0 |          0 |
|                             (SUB_DELAY)                                                                  |                                                                             delay__parameterized32__19 |          0 |          0 |       0 |    0 |     0 |      0 |      0 |    0 |          0 |
|                             i_pipe                                                                       |                                                             xbip_pipe_v3_0_10_viv__parameterized54__19 |          0 |          0 |       0 |    0 |     1 |      0 |      0 |    0 |          0 |
|                           merged_sub_mux.STRUCT_ADD                                                      |                                                                        carry_chain__parameterized10__8 |          0 |          0 |       0 |    0 |     0 |      0 |      0 |    0 |          0 |
|                         DSP48E1_BODY.NORM_RND                                                            |                                                                         norm_and_round_dsp48e1_sgl__11 |         65 |         65 |       0 |    0 |     0 |      0 |      0 |    0 |          1 |
|                           (DSP48E1_BODY.NORM_RND)                                                        |                                                                         norm_and_round_dsp48e1_sgl__11 |          4 |          4 |       0 |    0 |     0 |      0 |      0 |    0 |          0 |
|                           FULL_USAGE_DSP.LOD                                                             |                                                                             lead_zero_encode_shift__11 |         61 |         61 |       0 |    0 |     0 |      0 |      0 |    0 |          0 |
|                           FULL_USAGE_DSP.SHIFT_RND                                                       |                                                                    dsp48e1_wrapper__parameterized0__11 |          0 |          0 |       0 |    0 |     0 |      0 |      0 |    0 |          1 |
|                         OP                                                                               |                                                                         flt_dec_op__parameterized1__11 |         27 |         27 |       0 |    0 |     0 |      0 |      0 |    0 |          0 |
|                     i_nd_to_rdy                                                                          |                                                             xbip_pipe_v3_0_10_viv__parameterized34__11 |          1 |          1 |       0 |    0 |     1 |      0 |      0 |    0 |          0 |
|             fsub_32ns_32ns_32_3_full_dsp_1_U477                                                          |                                           fsa_stream_split_d_fsub_32ns_32ns_32_3_full_dsp_1__xdcDup__2 |        239 |        239 |       0 |    0 |   146 |      0 |      0 |    0 |          2 |
|               (fsub_32ns_32ns_32_3_full_dsp_1_U477)                                                      |                                           fsa_stream_split_d_fsub_32ns_32ns_32_3_full_dsp_1__xdcDup__2 |          0 |          0 |       0 |    0 |    64 |      0 |      0 |    0 |          0 |
|               fsa_stream_split_d_fsub_32ns_32ns_32_3_full_dsp_1_ip_u                                     |                                               fsa_stream_split_d_fsub_32ns_32ns_32_3_full_dsp_1_ip__10 |        239 |        239 |       0 |    0 |    82 |      0 |      0 |    0 |          2 |
|                 (fsa_stream_split_d_fsub_32ns_32ns_32_3_full_dsp_1_ip_u)                                 |                                               fsa_stream_split_d_fsub_32ns_32ns_32_3_full_dsp_1_ip__10 |          0 |          0 |       0 |    0 |     0 |      0 |      0 |    0 |          0 |
|                 inst                                                                                     |                                                             floating_point_v7_1_19__parameterized1__10 |        239 |        239 |       0 |    0 |    82 |      0 |      0 |    0 |          2 |
|                   (inst)                                                                                 |                                                             floating_point_v7_1_19__parameterized1__10 |          0 |          0 |       0 |    0 |     0 |      0 |      0 |    0 |          0 |
|                   i_synth                                                                                |                                                         floating_point_v7_1_19_viv__parameterized3__10 |        239 |        239 |       0 |    0 |    82 |      0 |      0 |    0 |          2 |
|                     (i_synth)                                                                            |                                                         floating_point_v7_1_19_viv__parameterized3__10 |          1 |          1 |       0 |    0 |     0 |      0 |      0 |    0 |          0 |
|                     ADDSUB_OP.ADDSUB                                                                     |                                                                                            flt_add__10 |        237 |        237 |       0 |    0 |    81 |      0 |      0 |    0 |          2 |
|                       (ADDSUB_OP.ADDSUB)                                                                 |                                                                                            flt_add__10 |          0 |          0 |       0 |    0 |     0 |      0 |      0 |    0 |          0 |
|                       DSP.OP                                                                             |                                                                                        flt_add_dsp__10 |        237 |        237 |       0 |    0 |    81 |      0 |      0 |    0 |          2 |
|                         (DSP.OP)                                                                         |                                                                                        flt_add_dsp__10 |          0 |          0 |       0 |    0 |     0 |      0 |      0 |    0 |          0 |
|                         A_IP_DELAY                                                                       |                                                                             delay__parameterized19__14 |          0 |          0 |       0 |    0 |    23 |      0 |      0 |    0 |          0 |
|                           (A_IP_DELAY)                                                                   |                                                                             delay__parameterized19__14 |          0 |          0 |       0 |    0 |     0 |      0 |      0 |    0 |          0 |
|                           i_pipe                                                                         |                                                             xbip_pipe_v3_0_10_viv__parameterized36__14 |          0 |          0 |       0 |    0 |    23 |      0 |      0 |    0 |          0 |
|                         B_IP_DELAY                                                                       |                                                                             delay__parameterized19__13 |          0 |          0 |       0 |    0 |    23 |      0 |      0 |    0 |          0 |
|                           (B_IP_DELAY)                                                                   |                                                                             delay__parameterized19__13 |          0 |          0 |       0 |    0 |     0 |      0 |      0 |    0 |          0 |
|                           i_pipe                                                                         |                                                             xbip_pipe_v3_0_10_viv__parameterized36__13 |          0 |          0 |       0 |    0 |    23 |      0 |      0 |    0 |          0 |
|                         DSP48E1_BODY.ALIGN_ADD                                                           |                                                                              align_add_dsp48e1_sgl__10 |         77 |         77 |       0 |    0 |     0 |      0 |      0 |    0 |          1 |
|                           (DSP48E1_BODY.ALIGN_ADD)                                                       |                                                                              align_add_dsp48e1_sgl__10 |         70 |         70 |       0 |    0 |     0 |      0 |      0 |    0 |          0 |
|                           DSP2                                                                           |                                                                                    dsp48e1_wrapper__10 |          0 |          0 |       0 |    0 |     0 |      0 |      0 |    0 |          1 |
|                           ZERO_14_DET.CARRY_MUX                                                          |                                                                        carry_chain__parameterized7__10 |          0 |          0 |       0 |    0 |     0 |      0 |      0 |    0 |          0 |
|                           ZERO_14_DET.ZERO_DET                                                           |                                                                      compare_eq_im__parameterized1__10 |          7 |          7 |       0 |    0 |     0 |      0 |      0 |    0 |          0 |
|                             (ZERO_14_DET.ZERO_DET)                                                       |                                                                      compare_eq_im__parameterized1__10 |          7 |          7 |       0 |    0 |     0 |      0 |      0 |    0 |          0 |
|                             CARRY_ZERO_DET                                                               |                                                                        carry_chain__parameterized6__10 |          0 |          0 |       0 |    0 |     0 |      0 |      0 |    0 |          0 |
|                         DSP48E1_BODY.EXP                                                                 |                                                                                     flt_add_exp_sp__10 |         68 |         68 |       0 |    0 |    35 |      0 |      0 |    0 |          0 |
|                           (DSP48E1_BODY.EXP)                                                             |                                                                                     flt_add_exp_sp__10 |         38 |         38 |       0 |    0 |     0 |      0 |      0 |    0 |          0 |
|                           A_EXP_DELAY                                                                    |                                                                             delay__parameterized31__14 |          0 |          0 |       0 |    0 |     8 |      0 |      0 |    0 |          0 |
|                             (A_EXP_DELAY)                                                                |                                                                             delay__parameterized31__14 |          0 |          0 |       0 |    0 |     0 |      0 |      0 |    0 |          0 |
|                             i_pipe                                                                       |                                                             xbip_pipe_v3_0_10_viv__parameterized52__14 |          0 |          0 |       0 |    0 |     8 |      0 |      0 |    0 |          0 |
|                           A_SIGN_DELAY                                                                   |                                                                             delay__parameterized32__18 |          0 |          0 |       0 |    0 |     1 |      0 |      0 |    0 |          0 |
|                             (A_SIGN_DELAY)                                                               |                                                                             delay__parameterized32__18 |          0 |          0 |       0 |    0 |     0 |      0 |      0 |    0 |          0 |
|                             i_pipe                                                                       |                                                             xbip_pipe_v3_0_10_viv__parameterized54__18 |          0 |          0 |       0 |    0 |     1 |      0 |      0 |    0 |          0 |
|                           BMA_EXP_DELAY                                                                  |                                                                             delay__parameterized35__10 |          0 |          0 |       0 |    0 |     9 |      0 |      0 |    0 |          0 |
|                             (BMA_EXP_DELAY)                                                              |                                                                             delay__parameterized35__10 |          0 |          0 |       0 |    0 |     0 |      0 |      0 |    0 |          0 |
|                             i_pipe                                                                       |                                                             xbip_pipe_v3_0_10_viv__parameterized58__10 |          0 |          0 |       0 |    0 |     9 |      0 |      0 |    0 |          0 |
|                           B_EXP_DELAY                                                                    |                                                                             delay__parameterized31__13 |          0 |          0 |       0 |    0 |     8 |      0 |      0 |    0 |          0 |
|                             (B_EXP_DELAY)                                                                |                                                                             delay__parameterized31__13 |          0 |          0 |       0 |    0 |     0 |      0 |      0 |    0 |          0 |
|                             i_pipe                                                                       |                                                             xbip_pipe_v3_0_10_viv__parameterized52__13 |          0 |          0 |       0 |    0 |     8 |      0 |      0 |    0 |          0 |
|                           B_SIGN_DELAY                                                                   |                                                                             delay__parameterized32__17 |          0 |          0 |       0 |    0 |     1 |      0 |      0 |    0 |          0 |
|                             (B_SIGN_DELAY)                                                               |                                                                             delay__parameterized32__17 |          0 |          0 |       0 |    0 |     0 |      0 |      0 |    0 |          0 |
|                             i_pipe                                                                       |                                                             xbip_pipe_v3_0_10_viv__parameterized54__17 |          0 |          0 |       0 |    0 |     1 |      0 |      0 |    0 |          0 |
|                           COND_DET_A                                                                     |                                                                     special_detect__parameterized1__14 |          7 |          7 |       0 |    0 |     3 |      0 |      0 |    0 |          0 |
|                             (COND_DET_A)                                                                 |                                                                     special_detect__parameterized1__14 |          3 |          3 |       0 |    0 |     0 |      0 |      0 |    0 |          0 |
|                             EXP_DET_LUT.EXP_ALL_ONE_DEL                                                  |                                                                             delay__parameterized29__21 |          0 |          0 |       0 |    0 |     1 |      0 |      0 |    0 |          0 |
|                               (EXP_DET_LUT.EXP_ALL_ONE_DEL)                                              |                                                                             delay__parameterized29__21 |          0 |          0 |       0 |    0 |     0 |      0 |      0 |    0 |          0 |
|                               i_pipe                                                                     |                                                             xbip_pipe_v3_0_10_viv__parameterized50__21 |          0 |          0 |       0 |    0 |     1 |      0 |      0 |    0 |          0 |
|                             EXP_DET_LUT.EXP_ALL_ZERO_DEL                                                 |                                                                             delay__parameterized29__22 |          0 |          0 |       0 |    0 |     1 |      0 |      0 |    0 |          0 |
|                               (EXP_DET_LUT.EXP_ALL_ZERO_DEL)                                             |                                                                             delay__parameterized29__22 |          0 |          0 |       0 |    0 |     0 |      0 |      0 |    0 |          0 |
|                               i_pipe                                                                     |                                                             xbip_pipe_v3_0_10_viv__parameterized50__22 |          0 |          0 |       0 |    0 |     1 |      0 |      0 |    0 |          0 |
|                             MANT_CARRY.MANT_ALL_ZERO_DET                                                 |                                                                      compare_eq_im__parameterized2__14 |          4 |          4 |       0 |    0 |     1 |      0 |      0 |    0 |          0 |
|                               (MANT_CARRY.MANT_ALL_ZERO_DET)                                             |                                                                      compare_eq_im__parameterized2__14 |          4 |          4 |       0 |    0 |     0 |      0 |      0 |    0 |          0 |
|                               CARRY_ZERO_DET                                                             |                                                                        carry_chain__parameterized8__14 |          0 |          0 |       0 |    0 |     1 |      0 |      0 |    0 |          0 |
|                           COND_DET_B                                                                     |                                                                     special_detect__parameterized1__13 |          7 |          7 |       0 |    0 |     3 |      0 |      0 |    0 |          0 |
|                             (COND_DET_B)                                                                 |                                                                     special_detect__parameterized1__13 |          3 |          3 |       0 |    0 |     0 |      0 |      0 |    0 |          0 |
|                             EXP_DET_LUT.EXP_ALL_ONE_DEL                                                  |                                                                             delay__parameterized29__19 |          0 |          0 |       0 |    0 |     1 |      0 |      0 |    0 |          0 |
|                               (EXP_DET_LUT.EXP_ALL_ONE_DEL)                                              |                                                                             delay__parameterized29__19 |          0 |          0 |       0 |    0 |     0 |      0 |      0 |    0 |          0 |
|                               i_pipe                                                                     |                                                             xbip_pipe_v3_0_10_viv__parameterized50__19 |          0 |          0 |       0 |    0 |     1 |      0 |      0 |    0 |          0 |
|                             EXP_DET_LUT.EXP_ALL_ZERO_DEL                                                 |                                                                             delay__parameterized29__20 |          0 |          0 |       0 |    0 |     1 |      0 |      0 |    0 |          0 |
|                               (EXP_DET_LUT.EXP_ALL_ZERO_DEL)                                             |                                                                             delay__parameterized29__20 |          0 |          0 |       0 |    0 |     0 |      0 |      0 |    0 |          0 |
|                               i_pipe                                                                     |                                                             xbip_pipe_v3_0_10_viv__parameterized50__20 |          0 |          0 |       0 |    0 |     1 |      0 |      0 |    0 |          0 |
|                             MANT_CARRY.MANT_ALL_ZERO_DET                                                 |                                                                      compare_eq_im__parameterized2__13 |          4 |          4 |       0 |    0 |     1 |      0 |      0 |    0 |          0 |
|                               (MANT_CARRY.MANT_ALL_ZERO_DET)                                             |                                                                      compare_eq_im__parameterized2__13 |          4 |          4 |       0 |    0 |     0 |      0 |      0 |    0 |          0 |
|                               CARRY_ZERO_DET                                                             |                                                                        carry_chain__parameterized8__13 |          0 |          0 |       0 |    0 |     1 |      0 |      0 |    0 |          0 |
|                           EXP_OFF.STRUCT_ADD                                                             |                                                                       carry_chain__parameterized10__13 |          0 |          0 |       0 |    0 |     0 |      0 |      0 |    0 |          0 |
|                           NUMB_CMP                                                                       |                                                                                            compare__10 |         16 |         16 |       0 |    0 |     1 |      0 |      0 |    0 |          0 |
|                             (NUMB_CMP)                                                                   |                                                                                            compare__10 |          0 |          0 |       0 |    0 |     0 |      0 |      0 |    0 |          0 |
|                             NOT_FAST.CMP                                                                 |                                                                                         compare_gt__10 |         16 |         16 |       0 |    0 |     1 |      0 |      0 |    0 |          0 |
|                               (NOT_FAST.CMP)                                                             |                                                                                         compare_gt__10 |         16 |         16 |       0 |    0 |     0 |      0 |      0 |    0 |          0 |
|                               C_CHAIN                                                                    |                                                                        carry_chain__parameterized9__10 |          0 |          0 |       0 |    0 |     1 |      0 |      0 |    0 |          0 |
|                           SUB_DELAY                                                                      |                                                                             delay__parameterized32__16 |          0 |          0 |       0 |    0 |     1 |      0 |      0 |    0 |          0 |
|                             (SUB_DELAY)                                                                  |                                                                             delay__parameterized32__16 |          0 |          0 |       0 |    0 |     0 |      0 |      0 |    0 |          0 |
|                             i_pipe                                                                       |                                                             xbip_pipe_v3_0_10_viv__parameterized54__16 |          0 |          0 |       0 |    0 |     1 |      0 |      0 |    0 |          0 |
|                           merged_sub_mux.STRUCT_ADD                                                      |                                                                       carry_chain__parameterized10__14 |          0 |          0 |       0 |    0 |     0 |      0 |      0 |    0 |          0 |
|                         DSP48E1_BODY.NORM_RND                                                            |                                                                         norm_and_round_dsp48e1_sgl__10 |         65 |         65 |       0 |    0 |     0 |      0 |      0 |    0 |          1 |
|                           (DSP48E1_BODY.NORM_RND)                                                        |                                                                         norm_and_round_dsp48e1_sgl__10 |          4 |          4 |       0 |    0 |     0 |      0 |      0 |    0 |          0 |
|                           FULL_USAGE_DSP.LOD                                                             |                                                                             lead_zero_encode_shift__10 |         61 |         61 |       0 |    0 |     0 |      0 |      0 |    0 |          0 |
|                           FULL_USAGE_DSP.SHIFT_RND                                                       |                                                                    dsp48e1_wrapper__parameterized0__10 |          0 |          0 |       0 |    0 |     0 |      0 |      0 |    0 |          1 |
|                         OP                                                                               |                                                                         flt_dec_op__parameterized1__10 |         27 |         27 |       0 |    0 |     0 |      0 |      0 |    0 |          0 |
|                     i_nd_to_rdy                                                                          |                                                             xbip_pipe_v3_0_10_viv__parameterized34__10 |          1 |          1 |       0 |    0 |     1 |      0 |      0 |    0 |          0 |
|             fsub_32ns_32ns_32_3_full_dsp_1_U478                                                          |                                           fsa_stream_split_d_fsub_32ns_32ns_32_3_full_dsp_1__xdcDup__3 |        231 |        231 |       0 |    0 |    82 |      0 |      0 |    0 |          2 |
|               (fsub_32ns_32ns_32_3_full_dsp_1_U478)                                                      |                                           fsa_stream_split_d_fsub_32ns_32ns_32_3_full_dsp_1__xdcDup__3 |          0 |          0 |       0 |    0 |    32 |      0 |      0 |    0 |          0 |
|               fsa_stream_split_d_fsub_32ns_32ns_32_3_full_dsp_1_ip_u                                     |                                                fsa_stream_split_d_fsub_32ns_32ns_32_3_full_dsp_1_ip__9 |        231 |        231 |       0 |    0 |    50 |      0 |      0 |    0 |          2 |
|                 (fsa_stream_split_d_fsub_32ns_32ns_32_3_full_dsp_1_ip_u)                                 |                                                fsa_stream_split_d_fsub_32ns_32ns_32_3_full_dsp_1_ip__9 |          0 |          0 |       0 |    0 |     0 |      0 |      0 |    0 |          0 |
|                 inst                                                                                     |                                                              floating_point_v7_1_19__parameterized1__9 |        231 |        231 |       0 |    0 |    50 |      0 |      0 |    0 |          2 |
|                   (inst)                                                                                 |                                                              floating_point_v7_1_19__parameterized1__9 |          0 |          0 |       0 |    0 |     0 |      0 |      0 |    0 |          0 |
|                   i_synth                                                                                |                                                          floating_point_v7_1_19_viv__parameterized3__9 |        231 |        231 |       0 |    0 |    50 |      0 |      0 |    0 |          2 |
|                     (i_synth)                                                                            |                                                          floating_point_v7_1_19_viv__parameterized3__9 |          1 |          1 |       0 |    0 |     0 |      0 |      0 |    0 |          0 |
|                     ADDSUB_OP.ADDSUB                                                                     |                                                                                             flt_add__9 |        229 |        229 |       0 |    0 |    49 |      0 |      0 |    0 |          2 |
|                       (ADDSUB_OP.ADDSUB)                                                                 |                                                                                             flt_add__9 |          0 |          0 |       0 |    0 |     0 |      0 |      0 |    0 |          0 |
|                       DSP.OP                                                                             |                                                                                         flt_add_dsp__9 |        229 |        229 |       0 |    0 |    49 |      0 |      0 |    0 |          2 |
|                         (DSP.OP)                                                                         |                                                                                         flt_add_dsp__9 |          0 |          0 |       0 |    0 |     0 |      0 |      0 |    0 |          0 |
|                         B_IP_DELAY                                                                       |                                                                             delay__parameterized19__11 |          0 |          0 |       0 |    0 |    23 |      0 |      0 |    0 |          0 |
|                           (B_IP_DELAY)                                                                   |                                                                             delay__parameterized19__11 |          0 |          0 |       0 |    0 |     0 |      0 |      0 |    0 |          0 |
|                           i_pipe                                                                         |                                                             xbip_pipe_v3_0_10_viv__parameterized36__11 |          0 |          0 |       0 |    0 |    23 |      0 |      0 |    0 |          0 |
|                         DSP48E1_BODY.ALIGN_ADD                                                           |                                                                               align_add_dsp48e1_sgl__9 |         77 |         77 |       0 |    0 |     0 |      0 |      0 |    0 |          1 |
|                           (DSP48E1_BODY.ALIGN_ADD)                                                       |                                                                               align_add_dsp48e1_sgl__9 |         70 |         70 |       0 |    0 |     0 |      0 |      0 |    0 |          0 |
|                           DSP2                                                                           |                                                                                     dsp48e1_wrapper__9 |          0 |          0 |       0 |    0 |     0 |      0 |      0 |    0 |          1 |
|                           ZERO_14_DET.CARRY_MUX                                                          |                                                                         carry_chain__parameterized7__9 |          0 |          0 |       0 |    0 |     0 |      0 |      0 |    0 |          0 |
|                           ZERO_14_DET.ZERO_DET                                                           |                                                                       compare_eq_im__parameterized1__9 |          7 |          7 |       0 |    0 |     0 |      0 |      0 |    0 |          0 |
|                             (ZERO_14_DET.ZERO_DET)                                                       |                                                                       compare_eq_im__parameterized1__9 |          7 |          7 |       0 |    0 |     0 |      0 |      0 |    0 |          0 |
|                             CARRY_ZERO_DET                                                               |                                                                         carry_chain__parameterized6__9 |          0 |          0 |       0 |    0 |     0 |      0 |      0 |    0 |          0 |
|                         DSP48E1_BODY.EXP                                                                 |                                                                                      flt_add_exp_sp__9 |         60 |         60 |       0 |    0 |    26 |      0 |      0 |    0 |          0 |
|                           (DSP48E1_BODY.EXP)                                                             |                                                                                      flt_add_exp_sp__9 |         37 |         37 |       0 |    0 |     0 |      0 |      0 |    0 |          0 |
|                           BMA_EXP_DELAY                                                                  |                                                                              delay__parameterized35__9 |          0 |          0 |       0 |    0 |     9 |      0 |      0 |    0 |          0 |
|                             (BMA_EXP_DELAY)                                                              |                                                                              delay__parameterized35__9 |          0 |          0 |       0 |    0 |     0 |      0 |      0 |    0 |          0 |
|                             i_pipe                                                                       |                                                              xbip_pipe_v3_0_10_viv__parameterized58__9 |          0 |          0 |       0 |    0 |     9 |      0 |      0 |    0 |          0 |
|                           B_EXP_DELAY                                                                    |                                                                             delay__parameterized31__11 |          0 |          0 |       0 |    0 |     8 |      0 |      0 |    0 |          0 |
|                             (B_EXP_DELAY)                                                                |                                                                             delay__parameterized31__11 |          0 |          0 |       0 |    0 |     0 |      0 |      0 |    0 |          0 |
|                             i_pipe                                                                       |                                                             xbip_pipe_v3_0_10_viv__parameterized52__11 |          0 |          0 |       0 |    0 |     8 |      0 |      0 |    0 |          0 |
|                           B_SIGN_DELAY                                                                   |                                                                             delay__parameterized32__14 |          0 |          0 |       0 |    0 |     1 |      0 |      0 |    0 |          0 |
|                             (B_SIGN_DELAY)                                                               |                                                                             delay__parameterized32__14 |          0 |          0 |       0 |    0 |     0 |      0 |      0 |    0 |          0 |
|                             i_pipe                                                                       |                                                             xbip_pipe_v3_0_10_viv__parameterized54__14 |          0 |          0 |       0 |    0 |     1 |      0 |      0 |    0 |          0 |
|                           COND_DET_A                                                                     |                                                                     special_detect__parameterized1__12 |          0 |          0 |       0 |    0 |     3 |      0 |      0 |    0 |          0 |
|                             (COND_DET_A)                                                                 |                                                                     special_detect__parameterized1__12 |          0 |          0 |       0 |    0 |     0 |      0 |      0 |    0 |          0 |
|                             EXP_DET_LUT.EXP_ALL_ONE_DEL                                                  |                                                                             delay__parameterized29__17 |          0 |          0 |       0 |    0 |     1 |      0 |      0 |    0 |          0 |
|                               (EXP_DET_LUT.EXP_ALL_ONE_DEL)                                              |                                                                             delay__parameterized29__17 |          0 |          0 |       0 |    0 |     0 |      0 |      0 |    0 |          0 |
|                               i_pipe                                                                     |                                                             xbip_pipe_v3_0_10_viv__parameterized50__17 |          0 |          0 |       0 |    0 |     1 |      0 |      0 |    0 |          0 |
|                             EXP_DET_LUT.EXP_ALL_ZERO_DEL                                                 |                                                                             delay__parameterized29__18 |          0 |          0 |       0 |    0 |     1 |      0 |      0 |    0 |          0 |
|                               (EXP_DET_LUT.EXP_ALL_ZERO_DEL)                                             |                                                                             delay__parameterized29__18 |          0 |          0 |       0 |    0 |     0 |      0 |      0 |    0 |          0 |
|                               i_pipe                                                                     |                                                             xbip_pipe_v3_0_10_viv__parameterized50__18 |          0 |          0 |       0 |    0 |     1 |      0 |      0 |    0 |          0 |
|                             MANT_CARRY.MANT_ALL_ZERO_DET                                                 |                                                                      compare_eq_im__parameterized2__12 |          0 |          0 |       0 |    0 |     1 |      0 |      0 |    0 |          0 |
|                               (MANT_CARRY.MANT_ALL_ZERO_DET)                                             |                                                                      compare_eq_im__parameterized2__12 |          0 |          0 |       0 |    0 |     0 |      0 |      0 |    0 |          0 |
|                               CARRY_ZERO_DET                                                             |                                                                        carry_chain__parameterized8__12 |          0 |          0 |       0 |    0 |     1 |      0 |      0 |    0 |          0 |
|                           COND_DET_B                                                                     |                                                                     special_detect__parameterized1__11 |          7 |          7 |       0 |    0 |     3 |      0 |      0 |    0 |          0 |
|                             (COND_DET_B)                                                                 |                                                                     special_detect__parameterized1__11 |          3 |          3 |       0 |    0 |     0 |      0 |      0 |    0 |          0 |
|                             EXP_DET_LUT.EXP_ALL_ONE_DEL                                                  |                                                                             delay__parameterized29__15 |          0 |          0 |       0 |    0 |     1 |      0 |      0 |    0 |          0 |
|                               (EXP_DET_LUT.EXP_ALL_ONE_DEL)                                              |                                                                             delay__parameterized29__15 |          0 |          0 |       0 |    0 |     0 |      0 |      0 |    0 |          0 |
|                               i_pipe                                                                     |                                                             xbip_pipe_v3_0_10_viv__parameterized50__15 |          0 |          0 |       0 |    0 |     1 |      0 |      0 |    0 |          0 |
|                             EXP_DET_LUT.EXP_ALL_ZERO_DEL                                                 |                                                                             delay__parameterized29__16 |          0 |          0 |       0 |    0 |     1 |      0 |      0 |    0 |          0 |
|                               (EXP_DET_LUT.EXP_ALL_ZERO_DEL)                                             |                                                                             delay__parameterized29__16 |          0 |          0 |       0 |    0 |     0 |      0 |      0 |    0 |          0 |
|                               i_pipe                                                                     |                                                             xbip_pipe_v3_0_10_viv__parameterized50__16 |          0 |          0 |       0 |    0 |     1 |      0 |      0 |    0 |          0 |
|                             MANT_CARRY.MANT_ALL_ZERO_DET                                                 |                                                                      compare_eq_im__parameterized2__11 |          4 |          4 |       0 |    0 |     1 |      0 |      0 |    0 |          0 |
|                               (MANT_CARRY.MANT_ALL_ZERO_DET)                                             |                                                                      compare_eq_im__parameterized2__11 |          4 |          4 |       0 |    0 |     0 |      0 |      0 |    0 |          0 |
|                               CARRY_ZERO_DET                                                             |                                                                        carry_chain__parameterized8__11 |          0 |          0 |       0 |    0 |     1 |      0 |      0 |    0 |          0 |
|                           EXP_OFF.STRUCT_ADD                                                             |                                                                       carry_chain__parameterized10__11 |          0 |          0 |       0 |    0 |     0 |      0 |      0 |    0 |          0 |
|                           NUMB_CMP                                                                       |                                                                                             compare__9 |         16 |         16 |       0 |    0 |     1 |      0 |      0 |    0 |          0 |
|                             (NUMB_CMP)                                                                   |                                                                                             compare__9 |          0 |          0 |       0 |    0 |     0 |      0 |      0 |    0 |          0 |
|                             NOT_FAST.CMP                                                                 |                                                                                          compare_gt__9 |         16 |         16 |       0 |    0 |     1 |      0 |      0 |    0 |          0 |
|                               (NOT_FAST.CMP)                                                             |                                                                                          compare_gt__9 |         16 |         16 |       0 |    0 |     0 |      0 |      0 |    0 |          0 |
|                               C_CHAIN                                                                    |                                                                         carry_chain__parameterized9__9 |          0 |          0 |       0 |    0 |     1 |      0 |      0 |    0 |          0 |
|                           SUB_DELAY                                                                      |                                                                             delay__parameterized32__13 |          0 |          0 |       0 |    0 |     1 |      0 |      0 |    0 |          0 |
|                             (SUB_DELAY)                                                                  |                                                                             delay__parameterized32__13 |          0 |          0 |       0 |    0 |     0 |      0 |      0 |    0 |          0 |
|                             i_pipe                                                                       |                                                             xbip_pipe_v3_0_10_viv__parameterized54__13 |          0 |          0 |       0 |    0 |     1 |      0 |      0 |    0 |          0 |
|                           merged_sub_mux.STRUCT_ADD                                                      |                                                                       carry_chain__parameterized10__12 |          0 |          0 |       0 |    0 |     0 |      0 |      0 |    0 |          0 |
|                         DSP48E1_BODY.NORM_RND                                                            |                                                                          norm_and_round_dsp48e1_sgl__9 |         65 |         65 |       0 |    0 |     0 |      0 |      0 |    0 |          1 |
|                           (DSP48E1_BODY.NORM_RND)                                                        |                                                                          norm_and_round_dsp48e1_sgl__9 |          4 |          4 |       0 |    0 |     0 |      0 |      0 |    0 |          0 |
|                           FULL_USAGE_DSP.LOD                                                             |                                                                              lead_zero_encode_shift__9 |         61 |         61 |       0 |    0 |     0 |      0 |      0 |    0 |          0 |
|                           FULL_USAGE_DSP.SHIFT_RND                                                       |                                                                     dsp48e1_wrapper__parameterized0__9 |          0 |          0 |       0 |    0 |     0 |      0 |      0 |    0 |          1 |
|                         OP                                                                               |                                                                          flt_dec_op__parameterized1__9 |         27 |         27 |       0 |    0 |     0 |      0 |      0 |    0 |          0 |
|                     i_nd_to_rdy                                                                          |                                                              xbip_pipe_v3_0_10_viv__parameterized34__9 |          1 |          1 |       0 |    0 |     1 |      0 |      0 |    0 |          0 |
|             fsub_32ns_32ns_32_3_full_dsp_1_U479                                                          |                                           fsa_stream_split_d_fsub_32ns_32ns_32_3_full_dsp_1__xdcDup__4 |        231 |        231 |       0 |    0 |    82 |      0 |      0 |    0 |          2 |
|               (fsub_32ns_32ns_32_3_full_dsp_1_U479)                                                      |                                           fsa_stream_split_d_fsub_32ns_32ns_32_3_full_dsp_1__xdcDup__4 |          0 |          0 |       0 |    0 |    32 |      0 |      0 |    0 |          0 |
|               fsa_stream_split_d_fsub_32ns_32ns_32_3_full_dsp_1_ip_u                                     |                                                fsa_stream_split_d_fsub_32ns_32ns_32_3_full_dsp_1_ip__8 |        231 |        231 |       0 |    0 |    50 |      0 |      0 |    0 |          2 |
|                 (fsa_stream_split_d_fsub_32ns_32ns_32_3_full_dsp_1_ip_u)                                 |                                                fsa_stream_split_d_fsub_32ns_32ns_32_3_full_dsp_1_ip__8 |          0 |          0 |       0 |    0 |     0 |      0 |      0 |    0 |          0 |
|                 inst                                                                                     |                                                              floating_point_v7_1_19__parameterized1__8 |        231 |        231 |       0 |    0 |    50 |      0 |      0 |    0 |          2 |
|                   (inst)                                                                                 |                                                              floating_point_v7_1_19__parameterized1__8 |          0 |          0 |       0 |    0 |     0 |      0 |      0 |    0 |          0 |
|                   i_synth                                                                                |                                                          floating_point_v7_1_19_viv__parameterized3__8 |        231 |        231 |       0 |    0 |    50 |      0 |      0 |    0 |          2 |
|                     (i_synth)                                                                            |                                                          floating_point_v7_1_19_viv__parameterized3__8 |          1 |          1 |       0 |    0 |     0 |      0 |      0 |    0 |          0 |
|                     ADDSUB_OP.ADDSUB                                                                     |                                                                                             flt_add__8 |        229 |        229 |       0 |    0 |    49 |      0 |      0 |    0 |          2 |
|                       (ADDSUB_OP.ADDSUB)                                                                 |                                                                                             flt_add__8 |          0 |          0 |       0 |    0 |     0 |      0 |      0 |    0 |          0 |
|                       DSP.OP                                                                             |                                                                                         flt_add_dsp__8 |        229 |        229 |       0 |    0 |    49 |      0 |      0 |    0 |          2 |
|                         (DSP.OP)                                                                         |                                                                                         flt_add_dsp__8 |          0 |          0 |       0 |    0 |     0 |      0 |      0 |    0 |          0 |
|                         B_IP_DELAY                                                                       |                                                                              delay__parameterized19__9 |          0 |          0 |       0 |    0 |    23 |      0 |      0 |    0 |          0 |
|                           (B_IP_DELAY)                                                                   |                                                                              delay__parameterized19__9 |          0 |          0 |       0 |    0 |     0 |      0 |      0 |    0 |          0 |
|                           i_pipe                                                                         |                                                              xbip_pipe_v3_0_10_viv__parameterized36__9 |          0 |          0 |       0 |    0 |    23 |      0 |      0 |    0 |          0 |
|                         DSP48E1_BODY.ALIGN_ADD                                                           |                                                                               align_add_dsp48e1_sgl__8 |         77 |         77 |       0 |    0 |     0 |      0 |      0 |    0 |          1 |
|                           (DSP48E1_BODY.ALIGN_ADD)                                                       |                                                                               align_add_dsp48e1_sgl__8 |         70 |         70 |       0 |    0 |     0 |      0 |      0 |    0 |          0 |
|                           DSP2                                                                           |                                                                                     dsp48e1_wrapper__8 |          0 |          0 |       0 |    0 |     0 |      0 |      0 |    0 |          1 |
|                           ZERO_14_DET.CARRY_MUX                                                          |                                                                         carry_chain__parameterized7__8 |          0 |          0 |       0 |    0 |     0 |      0 |      0 |    0 |          0 |
|                           ZERO_14_DET.ZERO_DET                                                           |                                                                       compare_eq_im__parameterized1__8 |          7 |          7 |       0 |    0 |     0 |      0 |      0 |    0 |          0 |
|                             (ZERO_14_DET.ZERO_DET)                                                       |                                                                       compare_eq_im__parameterized1__8 |          7 |          7 |       0 |    0 |     0 |      0 |      0 |    0 |          0 |
|                             CARRY_ZERO_DET                                                               |                                                                         carry_chain__parameterized6__8 |          0 |          0 |       0 |    0 |     0 |      0 |      0 |    0 |          0 |
|                         DSP48E1_BODY.EXP                                                                 |                                                                                      flt_add_exp_sp__8 |         60 |         60 |       0 |    0 |    26 |      0 |      0 |    0 |          0 |
|                           (DSP48E1_BODY.EXP)                                                             |                                                                                      flt_add_exp_sp__8 |         37 |         37 |       0 |    0 |     0 |      0 |      0 |    0 |          0 |
|                           BMA_EXP_DELAY                                                                  |                                                                              delay__parameterized35__8 |          0 |          0 |       0 |    0 |     9 |      0 |      0 |    0 |          0 |
|                             (BMA_EXP_DELAY)                                                              |                                                                              delay__parameterized35__8 |          0 |          0 |       0 |    0 |     0 |      0 |      0 |    0 |          0 |
|                             i_pipe                                                                       |                                                              xbip_pipe_v3_0_10_viv__parameterized58__8 |          0 |          0 |       0 |    0 |     9 |      0 |      0 |    0 |          0 |
|                           B_EXP_DELAY                                                                    |                                                                              delay__parameterized31__9 |          0 |          0 |       0 |    0 |     8 |      0 |      0 |    0 |          0 |
|                             (B_EXP_DELAY)                                                                |                                                                              delay__parameterized31__9 |          0 |          0 |       0 |    0 |     0 |      0 |      0 |    0 |          0 |
|                             i_pipe                                                                       |                                                              xbip_pipe_v3_0_10_viv__parameterized52__9 |          0 |          0 |       0 |    0 |     8 |      0 |      0 |    0 |          0 |
|                           B_SIGN_DELAY                                                                   |                                                                             delay__parameterized32__11 |          0 |          0 |       0 |    0 |     1 |      0 |      0 |    0 |          0 |
|                             (B_SIGN_DELAY)                                                               |                                                                             delay__parameterized32__11 |          0 |          0 |       0 |    0 |     0 |      0 |      0 |    0 |          0 |
|                             i_pipe                                                                       |                                                             xbip_pipe_v3_0_10_viv__parameterized54__11 |          0 |          0 |       0 |    0 |     1 |      0 |      0 |    0 |          0 |
|                           COND_DET_A                                                                     |                                                                     special_detect__parameterized1__10 |          0 |          0 |       0 |    0 |     3 |      0 |      0 |    0 |          0 |
|                             (COND_DET_A)                                                                 |                                                                     special_detect__parameterized1__10 |          0 |          0 |       0 |    0 |     0 |      0 |      0 |    0 |          0 |
|                             EXP_DET_LUT.EXP_ALL_ONE_DEL                                                  |                                                                             delay__parameterized29__13 |          0 |          0 |       0 |    0 |     1 |      0 |      0 |    0 |          0 |
|                               (EXP_DET_LUT.EXP_ALL_ONE_DEL)                                              |                                                                             delay__parameterized29__13 |          0 |          0 |       0 |    0 |     0 |      0 |      0 |    0 |          0 |
|                               i_pipe                                                                     |                                                             xbip_pipe_v3_0_10_viv__parameterized50__13 |          0 |          0 |       0 |    0 |     1 |      0 |      0 |    0 |          0 |
|                             EXP_DET_LUT.EXP_ALL_ZERO_DEL                                                 |                                                                             delay__parameterized29__14 |          0 |          0 |       0 |    0 |     1 |      0 |      0 |    0 |          0 |
|                               (EXP_DET_LUT.EXP_ALL_ZERO_DEL)                                             |                                                                             delay__parameterized29__14 |          0 |          0 |       0 |    0 |     0 |      0 |      0 |    0 |          0 |
|                               i_pipe                                                                     |                                                             xbip_pipe_v3_0_10_viv__parameterized50__14 |          0 |          0 |       0 |    0 |     1 |      0 |      0 |    0 |          0 |
|                             MANT_CARRY.MANT_ALL_ZERO_DET                                                 |                                                                      compare_eq_im__parameterized2__10 |          0 |          0 |       0 |    0 |     1 |      0 |      0 |    0 |          0 |
|                               (MANT_CARRY.MANT_ALL_ZERO_DET)                                             |                                                                      compare_eq_im__parameterized2__10 |          0 |          0 |       0 |    0 |     0 |      0 |      0 |    0 |          0 |
|                               CARRY_ZERO_DET                                                             |                                                                        carry_chain__parameterized8__10 |          0 |          0 |       0 |    0 |     1 |      0 |      0 |    0 |          0 |
|                           COND_DET_B                                                                     |                                                                      special_detect__parameterized1__9 |          7 |          7 |       0 |    0 |     3 |      0 |      0 |    0 |          0 |
|                             (COND_DET_B)                                                                 |                                                                      special_detect__parameterized1__9 |          3 |          3 |       0 |    0 |     0 |      0 |      0 |    0 |          0 |
|                             EXP_DET_LUT.EXP_ALL_ONE_DEL                                                  |                                                                             delay__parameterized29__11 |          0 |          0 |       0 |    0 |     1 |      0 |      0 |    0 |          0 |
|                               (EXP_DET_LUT.EXP_ALL_ONE_DEL)                                              |                                                                             delay__parameterized29__11 |          0 |          0 |       0 |    0 |     0 |      0 |      0 |    0 |          0 |
|                               i_pipe                                                                     |                                                             xbip_pipe_v3_0_10_viv__parameterized50__11 |          0 |          0 |       0 |    0 |     1 |      0 |      0 |    0 |          0 |
|                             EXP_DET_LUT.EXP_ALL_ZERO_DEL                                                 |                                                                             delay__parameterized29__12 |          0 |          0 |       0 |    0 |     1 |      0 |      0 |    0 |          0 |
|                               (EXP_DET_LUT.EXP_ALL_ZERO_DEL)                                             |                                                                             delay__parameterized29__12 |          0 |          0 |       0 |    0 |     0 |      0 |      0 |    0 |          0 |
|                               i_pipe                                                                     |                                                             xbip_pipe_v3_0_10_viv__parameterized50__12 |          0 |          0 |       0 |    0 |     1 |      0 |      0 |    0 |          0 |
|                             MANT_CARRY.MANT_ALL_ZERO_DET                                                 |                                                                       compare_eq_im__parameterized2__9 |          4 |          4 |       0 |    0 |     1 |      0 |      0 |    0 |          0 |
|                               (MANT_CARRY.MANT_ALL_ZERO_DET)                                             |                                                                       compare_eq_im__parameterized2__9 |          4 |          4 |       0 |    0 |     0 |      0 |      0 |    0 |          0 |
|                               CARRY_ZERO_DET                                                             |                                                                         carry_chain__parameterized8__9 |          0 |          0 |       0 |    0 |     1 |      0 |      0 |    0 |          0 |
|                           EXP_OFF.STRUCT_ADD                                                             |                                                                        carry_chain__parameterized10__9 |          0 |          0 |       0 |    0 |     0 |      0 |      0 |    0 |          0 |
|                           NUMB_CMP                                                                       |                                                                                             compare__8 |         16 |         16 |       0 |    0 |     1 |      0 |      0 |    0 |          0 |
|                             (NUMB_CMP)                                                                   |                                                                                             compare__8 |          0 |          0 |       0 |    0 |     0 |      0 |      0 |    0 |          0 |
|                             NOT_FAST.CMP                                                                 |                                                                                          compare_gt__8 |         16 |         16 |       0 |    0 |     1 |      0 |      0 |    0 |          0 |
|                               (NOT_FAST.CMP)                                                             |                                                                                          compare_gt__8 |         16 |         16 |       0 |    0 |     0 |      0 |      0 |    0 |          0 |
|                               C_CHAIN                                                                    |                                                                         carry_chain__parameterized9__8 |          0 |          0 |       0 |    0 |     1 |      0 |      0 |    0 |          0 |
|                           SUB_DELAY                                                                      |                                                                             delay__parameterized32__10 |          0 |          0 |       0 |    0 |     1 |      0 |      0 |    0 |          0 |
|                             (SUB_DELAY)                                                                  |                                                                             delay__parameterized32__10 |          0 |          0 |       0 |    0 |     0 |      0 |      0 |    0 |          0 |
|                             i_pipe                                                                       |                                                             xbip_pipe_v3_0_10_viv__parameterized54__10 |          0 |          0 |       0 |    0 |     1 |      0 |      0 |    0 |          0 |
|                           merged_sub_mux.STRUCT_ADD                                                      |                                                                       carry_chain__parameterized10__10 |          0 |          0 |       0 |    0 |     0 |      0 |      0 |    0 |          0 |
|                         DSP48E1_BODY.NORM_RND                                                            |                                                                          norm_and_round_dsp48e1_sgl__8 |         65 |         65 |       0 |    0 |     0 |      0 |      0 |    0 |          1 |
|                           (DSP48E1_BODY.NORM_RND)                                                        |                                                                          norm_and_round_dsp48e1_sgl__8 |          4 |          4 |       0 |    0 |     0 |      0 |      0 |    0 |          0 |
|                           FULL_USAGE_DSP.LOD                                                             |                                                                              lead_zero_encode_shift__8 |         61 |         61 |       0 |    0 |     0 |      0 |      0 |    0 |          0 |
|                           FULL_USAGE_DSP.SHIFT_RND                                                       |                                                                     dsp48e1_wrapper__parameterized0__8 |          0 |          0 |       0 |    0 |     0 |      0 |      0 |    0 |          1 |
|                         OP                                                                               |                                                                          flt_dec_op__parameterized1__8 |         27 |         27 |       0 |    0 |     0 |      0 |      0 |    0 |          0 |
|                     i_nd_to_rdy                                                                          |                                                              xbip_pipe_v3_0_10_viv__parameterized34__8 |          1 |          1 |       0 |    0 |     1 |      0 |      0 |    0 |          0 |
|             grp_runPeArray_fu_718                                                                        |                                                                       fsa_stream_split_d_runPeArray__1 |      10048 |      10032 |       0 |   16 |  2779 |      0 |      0 |    0 |          8 |
|               (grp_runPeArray_fu_718)                                                                    |                                                                       fsa_stream_split_d_runPeArray__1 |       9687 |       9671 |       0 |   16 |  2779 |      0 |      0 |    0 |          0 |
|               ctlz_22_22_1_1_U128                                                                        |                                                                   fsa_stream_split_d_ctlz_22_22_1_1__1 |         21 |         21 |       0 |    0 |     0 |      0 |      0 |    0 |          0 |
|               ctlz_22_22_1_1_U130                                                                        |                                                                  fsa_stream_split_d_ctlz_22_22_1_1__20 |         21 |         21 |       0 |    0 |     0 |      0 |      0 |    0 |          0 |
|               ctlz_22_22_1_1_U132                                                                        |                                                                   fsa_stream_split_d_ctlz_22_22_1_1__2 |         21 |         21 |       0 |    0 |     0 |      0 |      0 |    0 |          0 |
|               ctlz_22_22_1_1_U134                                                                        |                                                                   fsa_stream_split_d_ctlz_22_22_1_1__3 |         21 |         21 |       0 |    0 |     0 |      0 |      0 |    0 |          0 |
|               ctlz_22_22_1_1_U136                                                                        |                                                                   fsa_stream_split_d_ctlz_22_22_1_1__4 |         21 |         21 |       0 |    0 |     0 |      0 |      0 |    0 |          0 |
|               ctlz_22_22_1_1_U138                                                                        |                                                                  fsa_stream_split_d_ctlz_22_22_1_1__21 |         21 |         21 |       0 |    0 |     0 |      0 |      0 |    0 |          0 |
|               ctlz_22_22_1_1_U140                                                                        |                                                                      fsa_stream_split_d_ctlz_22_22_1_1 |         21 |         21 |       0 |    0 |     0 |      0 |      0 |    0 |          0 |
|               ctlz_22_22_1_1_U142                                                                        |                                                                   fsa_stream_split_d_ctlz_22_22_1_1__5 |         21 |         21 |       0 |    0 |     0 |      0 |      0 |    0 |          0 |
|               ctlz_27_27_1_1_U145                                                                        |                                                                   fsa_stream_split_d_ctlz_27_27_1_1__1 |         24 |         24 |       0 |    0 |     0 |      0 |      0 |    0 |          0 |
|               ctlz_27_27_1_1_U147                                                                        |                                                                  fsa_stream_split_d_ctlz_27_27_1_1__16 |         24 |         24 |       0 |    0 |     0 |      0 |      0 |    0 |          0 |
|               ctlz_27_27_1_1_U149                                                                        |                                                                  fsa_stream_split_d_ctlz_27_27_1_1__17 |         25 |         25 |       0 |    0 |     0 |      0 |      0 |    0 |          0 |
|               ctlz_27_27_1_1_U151                                                                        |                                                                   fsa_stream_split_d_ctlz_27_27_1_1__2 |         24 |         24 |       0 |    0 |     0 |      0 |      0 |    0 |          0 |
|               ctlz_27_27_1_1_U153                                                                        |                                                                   fsa_stream_split_d_ctlz_27_27_1_1__3 |         24 |         24 |       0 |    0 |     0 |      0 |      0 |    0 |          0 |
|               ctlz_27_27_1_1_U155                                                                        |                                                                  fsa_stream_split_d_ctlz_27_27_1_1__18 |         24 |         24 |       0 |    0 |     0 |      0 |      0 |    0 |          0 |
|               ctlz_27_27_1_1_U157                                                                        |                                                                      fsa_stream_split_d_ctlz_27_27_1_1 |         24 |         24 |       0 |    0 |     0 |      0 |      0 |    0 |          0 |
|               ctlz_27_27_1_1_U159                                                                        |                                                                  fsa_stream_split_d_ctlz_27_27_1_1__19 |         24 |         24 |       0 |    0 |     0 |      0 |      0 |    0 |          0 |
|               mul_11ns_11ns_22_2_1_U103                                                                  |                                                             fsa_stream_split_d_mul_11ns_11ns_22_2_1__3 |          0 |          0 |       0 |    0 |     0 |      0 |      0 |    0 |          1 |
|               mul_11ns_11ns_22_2_1_U109                                                                  |                                                             fsa_stream_split_d_mul_11ns_11ns_22_2_1__4 |          0 |          0 |       0 |    0 |     0 |      0 |      0 |    0 |          1 |
|               mul_11ns_11ns_22_2_1_U115                                                                  |                                                            fsa_stream_split_d_mul_11ns_11ns_22_2_1__21 |          0 |          0 |       0 |    0 |     0 |      0 |      0 |    0 |          1 |
|               mul_11ns_11ns_22_2_1_U121                                                                  |                                                                fsa_stream_split_d_mul_11ns_11ns_22_2_1 |          0 |          0 |       0 |    0 |     0 |      0 |      0 |    0 |          1 |
|               mul_11ns_11ns_22_2_1_U127                                                                  |                                                             fsa_stream_split_d_mul_11ns_11ns_22_2_1__5 |          0 |          0 |       0 |    0 |     0 |      0 |      0 |    0 |          1 |
|               mul_11ns_11ns_22_2_1_U85                                                                   |                                                             fsa_stream_split_d_mul_11ns_11ns_22_2_1__1 |          0 |          0 |       0 |    0 |     0 |      0 |      0 |    0 |          1 |
|               mul_11ns_11ns_22_2_1_U91                                                                   |                                                            fsa_stream_split_d_mul_11ns_11ns_22_2_1__20 |          0 |          0 |       0 |    0 |     0 |      0 |      0 |    0 |          1 |
|               mul_11ns_11ns_22_2_1_U97                                                                   |                                                             fsa_stream_split_d_mul_11ns_11ns_22_2_1__2 |          0 |          0 |       0 |    0 |     0 |      0 |      0 |    0 |          1 |
|             grp_runQueryBlock_0_Pipeline_4_fu_546                                                        |                                                          fsa_stream_split_d_runQueryBlock_0_Pipeline_4 |          7 |          7 |       0 |    0 |     6 |      0 |      0 |    0 |          0 |
|               (grp_runQueryBlock_0_Pipeline_4_fu_546)                                                    |                                                          fsa_stream_split_d_runQueryBlock_0_Pipeline_4 |          5 |          5 |       0 |    0 |     4 |      0 |      0 |    0 |          0 |
|               flow_control_loop_pipe_sequential_init_U                                                   |                                          fsa_stream_split_d_flow_control_loop_pipe_sequential_init__10 |          2 |          2 |       0 |    0 |     2 |      0 |      0 |    0 |          0 |
|             grp_runQueryBlock_0_Pipeline_VITIS_LOOP_109_1_VITIS_LOOP_110_2_fu_588                        |                          fsa_stream_split_d_runQueryBlock_0_Pipeline_VITIS_LOOP_109_1_VITIS_LOOP_110_2 |        134 |        134 |       0 |    0 |   667 |      0 |      0 |    0 |          0 |
|               (grp_runQueryBlock_0_Pipeline_VITIS_LOOP_109_1_VITIS_LOOP_110_2_fu_588)                    |                          fsa_stream_split_d_runQueryBlock_0_Pipeline_VITIS_LOOP_109_1_VITIS_LOOP_110_2 |        132 |        132 |       0 |    0 |   665 |      0 |      0 |    0 |          0 |
|               flow_control_loop_pipe_sequential_init_U                                                   |                                           fsa_stream_split_d_flow_control_loop_pipe_sequential_init__8 |          2 |          2 |       0 |    0 |     2 |      0 |      0 |    0 |          0 |
|             grp_runQueryBlock_0_Pipeline_VITIS_LOOP_144_6_VITIS_LOOP_145_7_fu_550                        |                          fsa_stream_split_d_runQueryBlock_0_Pipeline_VITIS_LOOP_144_6_VITIS_LOOP_145_7 |         17 |         17 |       0 |    0 |    13 |      0 |      0 |    0 |          0 |
|               (grp_runQueryBlock_0_Pipeline_VITIS_LOOP_144_6_VITIS_LOOP_145_7_fu_550)                    |                          fsa_stream_split_d_runQueryBlock_0_Pipeline_VITIS_LOOP_144_6_VITIS_LOOP_145_7 |         15 |         15 |       0 |    0 |    11 |      0 |      0 |    0 |          0 |
|               flow_control_loop_pipe_sequential_init_U                                                   |                                           fsa_stream_split_d_flow_control_loop_pipe_sequential_init__9 |          2 |          2 |       0 |    0 |     2 |      0 |      0 |    0 |          0 |
|             grp_runQueryBlock_0_Pipeline_VITIS_LOOP_162_1_fu_828                                         |                                           fsa_stream_split_d_runQueryBlock_0_Pipeline_VITIS_LOOP_162_1 |        211 |        211 |       0 |    0 |   339 |      0 |      0 |    0 |          0 |
|               (grp_runQueryBlock_0_Pipeline_VITIS_LOOP_162_1_fu_828)                                     |                                           fsa_stream_split_d_runQueryBlock_0_Pipeline_VITIS_LOOP_162_1 |        209 |        209 |       0 |    0 |   337 |      0 |      0 |    0 |          0 |
|               flow_control_loop_pipe_sequential_init_U                                                   |                                           fsa_stream_split_d_flow_control_loop_pipe_sequential_init__3 |          2 |          2 |       0 |    0 |     2 |      0 |      0 |    0 |          0 |
|             grp_runQueryBlock_0_Pipeline_VITIS_LOOP_190_122_fu_653                                       |                                         fsa_stream_split_d_runQueryBlock_0_Pipeline_VITIS_LOOP_190_122 |         90 |         90 |       0 |    0 |    39 |      0 |      0 |    0 |          0 |
|               (grp_runQueryBlock_0_Pipeline_VITIS_LOOP_190_122_fu_653)                                   |                                         fsa_stream_split_d_runQueryBlock_0_Pipeline_VITIS_LOOP_190_122 |         88 |         88 |       0 |    0 |    37 |      0 |      0 |    0 |          0 |
|               flow_control_loop_pipe_sequential_init_U                                                   |                                           fsa_stream_split_d_flow_control_loop_pipe_sequential_init__6 |          2 |          2 |       0 |    0 |     2 |      0 |      0 |    0 |          0 |
|             grp_runQueryBlock_0_Pipeline_VITIS_LOOP_190_12_fu_639                                        |                                          fsa_stream_split_d_runQueryBlock_0_Pipeline_VITIS_LOOP_190_12 |         90 |         90 |       0 |    0 |    39 |      0 |      0 |    0 |          0 |
|               (grp_runQueryBlock_0_Pipeline_VITIS_LOOP_190_12_fu_639)                                    |                                          fsa_stream_split_d_runQueryBlock_0_Pipeline_VITIS_LOOP_190_12 |         88 |         88 |       0 |    0 |    37 |      0 |      0 |    0 |          0 |
|               flow_control_loop_pipe_sequential_init_U                                                   |                                           fsa_stream_split_d_flow_control_loop_pipe_sequential_init__7 |          2 |          2 |       0 |    0 |     2 |      0 |      0 |    0 |          0 |
|             grp_runQueryBlock_0_Pipeline_VITIS_LOOP_242_15_fu_667                                        |                                          fsa_stream_split_d_runQueryBlock_0_Pipeline_VITIS_LOOP_242_15 |        177 |        172 |       0 |    5 |   271 |      0 |      0 |    0 |          0 |
|               (grp_runQueryBlock_0_Pipeline_VITIS_LOOP_242_15_fu_667)                                    |                                          fsa_stream_split_d_runQueryBlock_0_Pipeline_VITIS_LOOP_242_15 |        115 |        110 |       0 |    5 |   205 |      0 |      0 |    0 |          0 |
|               flow_control_loop_pipe_sequential_init_U                                                   |                                           fsa_stream_split_d_flow_control_loop_pipe_sequential_init__5 |          2 |          2 |       0 |    0 |     2 |      0 |      0 |    0 |          0 |
|               grp_cvtAtoE_fu_326                                                                         |                                                                  fsa_stream_split_d_cvtAtoE__xdcDup__1 |         30 |         30 |       0 |    0 |    32 |      0 |      0 |    0 |          0 |
|                 (grp_cvtAtoE_fu_326)                                                                     |                                                                  fsa_stream_split_d_cvtAtoE__xdcDup__1 |          0 |          0 |       0 |    0 |    32 |      0 |      0 |    0 |          0 |
|                 sptohp_32ns_16_1_no_dsp_1_U332                                                           |                                                fsa_stream_split_d_sptohp_32ns_16_1_no_dsp_1__xdcDup__1 |         30 |         30 |       0 |    0 |     0 |      0 |      0 |    0 |          0 |
|                   (sptohp_32ns_16_1_no_dsp_1_U332)                                                       |                                                fsa_stream_split_d_sptohp_32ns_16_1_no_dsp_1__xdcDup__1 |          0 |          0 |       0 |    0 |     0 |      0 |      0 |    0 |          0 |
|                   fsa_stream_split_d_sptohp_32ns_16_1_no_dsp_1_ip_u                                      |                                                    fsa_stream_split_d_sptohp_32ns_16_1_no_dsp_1_ip__29 |         30 |         30 |       0 |    0 |     0 |      0 |      0 |    0 |          0 |
|                     (fsa_stream_split_d_sptohp_32ns_16_1_no_dsp_1_ip_u)                                  |                                                    fsa_stream_split_d_sptohp_32ns_16_1_no_dsp_1_ip__29 |          0 |          0 |       0 |    0 |     0 |      0 |      0 |    0 |          0 |
|                     inst                                                                                 |                                                                             floating_point_v7_1_19__29 |         30 |         30 |       0 |    0 |     0 |      0 |      0 |    0 |          0 |
|                       (inst)                                                                             |                                                                             floating_point_v7_1_19__29 |          0 |          0 |       0 |    0 |     0 |      0 |      0 |    0 |          0 |
|                       i_synth                                                                            |                                                                         floating_point_v7_1_19_viv__29 |         30 |         30 |       0 |    0 |     0 |      0 |      0 |    0 |          0 |
|                         (i_synth)                                                                        |                                                                         floating_point_v7_1_19_viv__29 |          0 |          0 |       0 |    0 |     0 |      0 |      0 |    0 |          0 |
|                         FLT_TO_FLT_OP.SPD.OP                                                             |                                                                                    flt_to_flt_conv__29 |         30 |         30 |       0 |    0 |     0 |      0 |      0 |    0 |          0 |
|                           (FLT_TO_FLT_OP.SPD.OP)                                                         |                                                                                    flt_to_flt_conv__29 |          1 |          1 |       0 |    0 |     0 |      0 |      0 |    0 |          0 |
|                           EXP                                                                            |                                                                                flt_to_flt_conv_exp__29 |         12 |         12 |       0 |    0 |     0 |      0 |      0 |    0 |          0 |
|                             (EXP)                                                                        |                                                                                flt_to_flt_conv_exp__29 |          6 |          6 |       0 |    0 |     0 |      0 |      0 |    0 |          0 |
|                             COND_DET                                                                     |                                                                                     special_detect__29 |          6 |          6 |       0 |    0 |     0 |      0 |      0 |    0 |          0 |
|                               (COND_DET)                                                                 |                                                                                     special_detect__29 |          2 |          2 |       0 |    0 |     0 |      0 |      0 |    0 |          0 |
|                               MANT_CARRY.MANT_ALL_ZERO_DET                                               |                                                                                      compare_eq_im__29 |          4 |          4 |       0 |    0 |     0 |      0 |      0 |    0 |          0 |
|                                 (MANT_CARRY.MANT_ALL_ZERO_DET)                                           |                                                                                      compare_eq_im__29 |          4 |          4 |       0 |    0 |     0 |      0 |      0 |    0 |          0 |
|                                 CARRY_ZERO_DET                                                           |                                                                                        carry_chain__29 |          0 |          0 |       0 |    0 |     0 |      0 |      0 |    0 |          0 |
|                           OUTPUT                                                                         |                                                                                         flt_dec_op__29 |         13 |         13 |       0 |    0 |     0 |      0 |      0 |    0 |          0 |
|                           RND_REQ.ROUND                                                                  |                                                                             renorm_and_round_logic__29 |          2 |          2 |       0 |    0 |     0 |      0 |      0 |    0 |          0 |
|                             (RND_REQ.ROUND)                                                              |                                                                             renorm_and_round_logic__29 |          0 |          0 |       0 |    0 |     0 |      0 |      0 |    0 |          0 |
|                             EXP_ADD.ADD                                                                  |                                                                        carry_chain__parameterized4__29 |          0 |          0 |       0 |    0 |     0 |      0 |      0 |    0 |          0 |
|                             LOGIC.RND1                                                                   |                                                                        carry_chain__parameterized2__29 |          0 |          0 |       0 |    0 |     0 |      0 |      0 |    0 |          0 |
|                             LOGIC.RND2                                                                   |                                                                        carry_chain__parameterized3__29 |          0 |          0 |       0 |    0 |     0 |      0 |      0 |    0 |          0 |
|                             RND_BIT_GEN                                                                  |                                                                                      flt_round_bit__29 |          2 |          2 |       0 |    0 |     0 |      0 |      0 |    0 |          0 |
|                               (RND_BIT_GEN)                                                              |                                                                                      flt_round_bit__29 |          2 |          2 |       0 |    0 |     0 |      0 |      0 |    0 |          0 |
|                               NORM_1_OR_0.STRUCT_REQ.SPECIAL.RND_CHAIN                                   |                                                                        carry_chain__parameterized1__29 |          0 |          0 |       0 |    0 |     0 |      0 |      0 |    0 |          0 |
|                           RND_REQ.Z_DET_REQ.DET_ZERO                                                     |                                                                                      compare_ne_im__29 |          2 |          2 |       0 |    0 |     0 |      0 |      0 |    0 |          0 |
|                             (RND_REQ.Z_DET_REQ.DET_ZERO)                                                 |                                                                                      compare_ne_im__29 |          2 |          2 |       0 |    0 |     0 |      0 |      0 |    0 |          0 |
|                             WIDE_NOR                                                                     |                                                                        carry_chain__parameterized0__30 |          0 |          0 |       0 |    0 |     0 |      0 |      0 |    0 |          0 |
|               grp_cvtAtoE_fu_332                                                                         |                                                                  fsa_stream_split_d_cvtAtoE__xdcDup__2 |         30 |         30 |       0 |    0 |    32 |      0 |      0 |    0 |          0 |
|                 (grp_cvtAtoE_fu_332)                                                                     |                                                                  fsa_stream_split_d_cvtAtoE__xdcDup__2 |          0 |          0 |       0 |    0 |    32 |      0 |      0 |    0 |          0 |
|                 sptohp_32ns_16_1_no_dsp_1_U332                                                           |                                                fsa_stream_split_d_sptohp_32ns_16_1_no_dsp_1__xdcDup__2 |         30 |         30 |       0 |    0 |     0 |      0 |      0 |    0 |          0 |
|                   (sptohp_32ns_16_1_no_dsp_1_U332)                                                       |                                                fsa_stream_split_d_sptohp_32ns_16_1_no_dsp_1__xdcDup__2 |          0 |          0 |       0 |    0 |     0 |      0 |      0 |    0 |          0 |
|                   fsa_stream_split_d_sptohp_32ns_16_1_no_dsp_1_ip_u                                      |                                                    fsa_stream_split_d_sptohp_32ns_16_1_no_dsp_1_ip__28 |         30 |         30 |       0 |    0 |     0 |      0 |      0 |    0 |          0 |
|                     (fsa_stream_split_d_sptohp_32ns_16_1_no_dsp_1_ip_u)                                  |                                                    fsa_stream_split_d_sptohp_32ns_16_1_no_dsp_1_ip__28 |          0 |          0 |       0 |    0 |     0 |      0 |      0 |    0 |          0 |
|                     inst                                                                                 |                                                                             floating_point_v7_1_19__28 |         30 |         30 |       0 |    0 |     0 |      0 |      0 |    0 |          0 |
|                       (inst)                                                                             |                                                                             floating_point_v7_1_19__28 |          0 |          0 |       0 |    0 |     0 |      0 |      0 |    0 |          0 |
|                       i_synth                                                                            |                                                                         floating_point_v7_1_19_viv__28 |         30 |         30 |       0 |    0 |     0 |      0 |      0 |    0 |          0 |
|                         (i_synth)                                                                        |                                                                         floating_point_v7_1_19_viv__28 |          0 |          0 |       0 |    0 |     0 |      0 |      0 |    0 |          0 |
|                         FLT_TO_FLT_OP.SPD.OP                                                             |                                                                                    flt_to_flt_conv__28 |         30 |         30 |       0 |    0 |     0 |      0 |      0 |    0 |          0 |
|                           (FLT_TO_FLT_OP.SPD.OP)                                                         |                                                                                    flt_to_flt_conv__28 |          1 |          1 |       0 |    0 |     0 |      0 |      0 |    0 |          0 |
|                           EXP                                                                            |                                                                                flt_to_flt_conv_exp__28 |         12 |         12 |       0 |    0 |     0 |      0 |      0 |    0 |          0 |
|                             (EXP)                                                                        |                                                                                flt_to_flt_conv_exp__28 |          6 |          6 |       0 |    0 |     0 |      0 |      0 |    0 |          0 |
|                             COND_DET                                                                     |                                                                                     special_detect__28 |          6 |          6 |       0 |    0 |     0 |      0 |      0 |    0 |          0 |
|                               (COND_DET)                                                                 |                                                                                     special_detect__28 |          2 |          2 |       0 |    0 |     0 |      0 |      0 |    0 |          0 |
|                               MANT_CARRY.MANT_ALL_ZERO_DET                                               |                                                                                      compare_eq_im__28 |          4 |          4 |       0 |    0 |     0 |      0 |      0 |    0 |          0 |
|                                 (MANT_CARRY.MANT_ALL_ZERO_DET)                                           |                                                                                      compare_eq_im__28 |          4 |          4 |       0 |    0 |     0 |      0 |      0 |    0 |          0 |
|                                 CARRY_ZERO_DET                                                           |                                                                                        carry_chain__28 |          0 |          0 |       0 |    0 |     0 |      0 |      0 |    0 |          0 |
|                           OUTPUT                                                                         |                                                                                         flt_dec_op__28 |         13 |         13 |       0 |    0 |     0 |      0 |      0 |    0 |          0 |
|                           RND_REQ.ROUND                                                                  |                                                                             renorm_and_round_logic__28 |          2 |          2 |       0 |    0 |     0 |      0 |      0 |    0 |          0 |
|                             (RND_REQ.ROUND)                                                              |                                                                             renorm_and_round_logic__28 |          0 |          0 |       0 |    0 |     0 |      0 |      0 |    0 |          0 |
|                             EXP_ADD.ADD                                                                  |                                                                        carry_chain__parameterized4__28 |          0 |          0 |       0 |    0 |     0 |      0 |      0 |    0 |          0 |
|                             LOGIC.RND1                                                                   |                                                                        carry_chain__parameterized2__28 |          0 |          0 |       0 |    0 |     0 |      0 |      0 |    0 |          0 |
|                             LOGIC.RND2                                                                   |                                                                        carry_chain__parameterized3__28 |          0 |          0 |       0 |    0 |     0 |      0 |      0 |    0 |          0 |
|                             RND_BIT_GEN                                                                  |                                                                                      flt_round_bit__28 |          2 |          2 |       0 |    0 |     0 |      0 |      0 |    0 |          0 |
|                               (RND_BIT_GEN)                                                              |                                                                                      flt_round_bit__28 |          2 |          2 |       0 |    0 |     0 |      0 |      0 |    0 |          0 |
|                               NORM_1_OR_0.STRUCT_REQ.SPECIAL.RND_CHAIN                                   |                                                                        carry_chain__parameterized1__28 |          0 |          0 |       0 |    0 |     0 |      0 |      0 |    0 |          0 |
|                           RND_REQ.Z_DET_REQ.DET_ZERO                                                     |                                                                                      compare_ne_im__28 |          2 |          2 |       0 |    0 |     0 |      0 |      0 |    0 |          0 |
|                             (RND_REQ.Z_DET_REQ.DET_ZERO)                                                 |                                                                                      compare_ne_im__28 |          2 |          2 |       0 |    0 |     0 |      0 |      0 |    0 |          0 |
|                             WIDE_NOR                                                                     |                                                                        carry_chain__parameterized0__29 |          0 |          0 |       0 |    0 |     0 |      0 |      0 |    0 |          0 |
|             grp_runQueryBlock_0_Pipeline_VITIS_LOOP_300_25_fu_772                                        |                                          fsa_stream_split_d_runQueryBlock_0_Pipeline_VITIS_LOOP_300_25 |        441 |        439 |       0 |    2 |   452 |      0 |      0 |    0 |          0 |
|               (grp_runQueryBlock_0_Pipeline_VITIS_LOOP_300_25_fu_772)                                    |                                          fsa_stream_split_d_runQueryBlock_0_Pipeline_VITIS_LOOP_300_25 |        158 |        156 |       0 |    2 |   413 |      0 |      0 |    0 |          0 |
|               flow_control_loop_pipe_sequential_init_U                                                   |                                           fsa_stream_split_d_flow_control_loop_pipe_sequential_init__4 |          2 |          2 |       0 |    0 |     2 |      0 |      0 |    0 |          0 |
|               fsa_anonymous_namespace_EXP2_PWL_INTERCEPT_BITS_U                                          | fsa_stream_split_d_runQueryBlock_0_Pipeline_VITIS_LOOP_300_25_fsa_anonymous_namespace_EXP2_PWL_IeOg__1 |         11 |         11 |       0 |    0 |    25 |      0 |      0 |    0 |          0 |
|               fsa_split_d_detail_EXP2_SLOPES_U                                                           | fsa_stream_split_d_runQueryBlock_0_Pipeline_VITIS_LOOP_300_25_fsa_split_d_detail_EXP2_SLOPES_ROMdEe__1 |          6 |          6 |       0 |    0 |    12 |      0 |      0 |    0 |          0 |
|               hptosp_16ns_32_1_no_dsp_1_U365                                                             |                                                fsa_stream_split_d_hptosp_16ns_32_1_no_dsp_1__xdcDup__1 |         33 |         33 |       0 |    0 |     0 |      0 |      0 |    0 |          0 |
|                 (hptosp_16ns_32_1_no_dsp_1_U365)                                                         |                                                fsa_stream_split_d_hptosp_16ns_32_1_no_dsp_1__xdcDup__1 |          0 |          0 |       0 |    0 |     0 |      0 |      0 |    0 |          0 |
|                 fsa_stream_split_d_hptosp_16ns_32_1_no_dsp_1_ip_u                                        |                                                    fsa_stream_split_d_hptosp_16ns_32_1_no_dsp_1_ip__23 |         33 |         33 |       0 |    0 |     0 |      0 |      0 |    0 |          0 |
|                   (fsa_stream_split_d_hptosp_16ns_32_1_no_dsp_1_ip_u)                                    |                                                    fsa_stream_split_d_hptosp_16ns_32_1_no_dsp_1_ip__23 |          0 |          0 |       0 |    0 |     0 |      0 |      0 |    0 |          0 |
|                   inst                                                                                   |                                                             floating_point_v7_1_19__parameterized0__23 |         33 |         33 |       0 |    0 |     0 |      0 |      0 |    0 |          0 |
|                     (inst)                                                                               |                                                             floating_point_v7_1_19__parameterized0__23 |          0 |          0 |       0 |    0 |     0 |      0 |      0 |    0 |          0 |
|                     i_synth                                                                              |                                                         floating_point_v7_1_19_viv__parameterized1__23 |         33 |         33 |       0 |    0 |     0 |      0 |      0 |    0 |          0 |
|                       (i_synth)                                                                          |                                                         floating_point_v7_1_19_viv__parameterized1__23 |          0 |          0 |       0 |    0 |     0 |      0 |      0 |    0 |          0 |
|                       FLT_TO_FLT_OP.SPD.OP                                                               |                                                                    flt_to_flt_conv__parameterized0__23 |         33 |         33 |       0 |    0 |     0 |      0 |      0 |    0 |          0 |
|                         (FLT_TO_FLT_OP.SPD.OP)                                                           |                                                                    flt_to_flt_conv__parameterized0__23 |          0 |          0 |       0 |    0 |     0 |      0 |      0 |    0 |          0 |
|                         EXP                                                                              |                                                                flt_to_flt_conv_exp__parameterized0__23 |          7 |          7 |       0 |    0 |     0 |      0 |      0 |    0 |          0 |
|                           (EXP)                                                                          |                                                                flt_to_flt_conv_exp__parameterized0__23 |          4 |          4 |       0 |    0 |     0 |      0 |      0 |    0 |          0 |
|                           COND_DET                                                                       |                                                                     special_detect__parameterized0__23 |          3 |          3 |       0 |    0 |     0 |      0 |      0 |    0 |          0 |
|                             (COND_DET)                                                                   |                                                                     special_detect__parameterized0__23 |          1 |          1 |       0 |    0 |     0 |      0 |      0 |    0 |          0 |
|                             MANT_CARRY.MANT_ALL_ZERO_DET                                                 |                                                                      compare_eq_im__parameterized0__23 |          2 |          2 |       0 |    0 |     0 |      0 |      0 |    0 |          0 |
|                               (MANT_CARRY.MANT_ALL_ZERO_DET)                                             |                                                                      compare_eq_im__parameterized0__23 |          2 |          2 |       0 |    0 |     0 |      0 |      0 |    0 |          0 |
|                               CARRY_ZERO_DET                                                             |                                                                        carry_chain__parameterized5__23 |          0 |          0 |       0 |    0 |     0 |      0 |      0 |    0 |          0 |
|                         OUTPUT                                                                           |                                                                         flt_dec_op__parameterized0__23 |         26 |         26 |       0 |    0 |     0 |      0 |      0 |    0 |          0 |
|               hptosp_16ns_32_1_no_dsp_1_U366                                                             |                                                fsa_stream_split_d_hptosp_16ns_32_1_no_dsp_1__xdcDup__2 |         33 |         33 |       0 |    0 |     0 |      0 |      0 |    0 |          0 |
|                 (hptosp_16ns_32_1_no_dsp_1_U366)                                                         |                                                fsa_stream_split_d_hptosp_16ns_32_1_no_dsp_1__xdcDup__2 |          0 |          0 |       0 |    0 |     0 |      0 |      0 |    0 |          0 |
|                 fsa_stream_split_d_hptosp_16ns_32_1_no_dsp_1_ip_u                                        |                                                    fsa_stream_split_d_hptosp_16ns_32_1_no_dsp_1_ip__22 |         33 |         33 |       0 |    0 |     0 |      0 |      0 |    0 |          0 |
|                   (fsa_stream_split_d_hptosp_16ns_32_1_no_dsp_1_ip_u)                                    |                                                    fsa_stream_split_d_hptosp_16ns_32_1_no_dsp_1_ip__22 |          0 |          0 |       0 |    0 |     0 |      0 |      0 |    0 |          0 |
|                   inst                                                                                   |                                                             floating_point_v7_1_19__parameterized0__22 |         33 |         33 |       0 |    0 |     0 |      0 |      0 |    0 |          0 |
|                     (inst)                                                                               |                                                             floating_point_v7_1_19__parameterized0__22 |          0 |          0 |       0 |    0 |     0 |      0 |      0 |    0 |          0 |
|                     i_synth                                                                              |                                                         floating_point_v7_1_19_viv__parameterized1__22 |         33 |         33 |       0 |    0 |     0 |      0 |      0 |    0 |          0 |
|                       (i_synth)                                                                          |                                                         floating_point_v7_1_19_viv__parameterized1__22 |          0 |          0 |       0 |    0 |     0 |      0 |      0 |    0 |          0 |
|                       FLT_TO_FLT_OP.SPD.OP                                                               |                                                                    flt_to_flt_conv__parameterized0__22 |         33 |         33 |       0 |    0 |     0 |      0 |      0 |    0 |          0 |
|                         (FLT_TO_FLT_OP.SPD.OP)                                                           |                                                                    flt_to_flt_conv__parameterized0__22 |          0 |          0 |       0 |    0 |     0 |      0 |      0 |    0 |          0 |
|                         EXP                                                                              |                                                                flt_to_flt_conv_exp__parameterized0__22 |          7 |          7 |       0 |    0 |     0 |      0 |      0 |    0 |          0 |
|                           (EXP)                                                                          |                                                                flt_to_flt_conv_exp__parameterized0__22 |          4 |          4 |       0 |    0 |     0 |      0 |      0 |    0 |          0 |
|                           COND_DET                                                                       |                                                                     special_detect__parameterized0__22 |          3 |          3 |       0 |    0 |     0 |      0 |      0 |    0 |          0 |
|                             (COND_DET)                                                                   |                                                                     special_detect__parameterized0__22 |          1 |          1 |       0 |    0 |     0 |      0 |      0 |    0 |          0 |
|                             MANT_CARRY.MANT_ALL_ZERO_DET                                                 |                                                                      compare_eq_im__parameterized0__22 |          2 |          2 |       0 |    0 |     0 |      0 |      0 |    0 |          0 |
|                               (MANT_CARRY.MANT_ALL_ZERO_DET)                                             |                                                                      compare_eq_im__parameterized0__22 |          2 |          2 |       0 |    0 |     0 |      0 |      0 |    0 |          0 |
|                               CARRY_ZERO_DET                                                             |                                                                        carry_chain__parameterized5__22 |          0 |          0 |       0 |    0 |     0 |      0 |      0 |    0 |          0 |
|                         OUTPUT                                                                           |                                                                         flt_dec_op__parameterized0__22 |         26 |         26 |       0 |    0 |     0 |      0 |      0 |    0 |          0 |
|               hptosp_16ns_32_1_no_dsp_1_U367                                                             |                                                fsa_stream_split_d_hptosp_16ns_32_1_no_dsp_1__xdcDup__3 |         33 |         33 |       0 |    0 |     0 |      0 |      0 |    0 |          0 |
|                 (hptosp_16ns_32_1_no_dsp_1_U367)                                                         |                                                fsa_stream_split_d_hptosp_16ns_32_1_no_dsp_1__xdcDup__3 |          0 |          0 |       0 |    0 |     0 |      0 |      0 |    0 |          0 |
|                 fsa_stream_split_d_hptosp_16ns_32_1_no_dsp_1_ip_u                                        |                                                    fsa_stream_split_d_hptosp_16ns_32_1_no_dsp_1_ip__21 |         33 |         33 |       0 |    0 |     0 |      0 |      0 |    0 |          0 |
|                   (fsa_stream_split_d_hptosp_16ns_32_1_no_dsp_1_ip_u)                                    |                                                    fsa_stream_split_d_hptosp_16ns_32_1_no_dsp_1_ip__21 |          0 |          0 |       0 |    0 |     0 |      0 |      0 |    0 |          0 |
|                   inst                                                                                   |                                                             floating_point_v7_1_19__parameterized0__21 |         33 |         33 |       0 |    0 |     0 |      0 |      0 |    0 |          0 |
|                     (inst)                                                                               |                                                             floating_point_v7_1_19__parameterized0__21 |          0 |          0 |       0 |    0 |     0 |      0 |      0 |    0 |          0 |
|                     i_synth                                                                              |                                                         floating_point_v7_1_19_viv__parameterized1__21 |         33 |         33 |       0 |    0 |     0 |      0 |      0 |    0 |          0 |
|                       (i_synth)                                                                          |                                                         floating_point_v7_1_19_viv__parameterized1__21 |          0 |          0 |       0 |    0 |     0 |      0 |      0 |    0 |          0 |
|                       FLT_TO_FLT_OP.SPD.OP                                                               |                                                                    flt_to_flt_conv__parameterized0__21 |         33 |         33 |       0 |    0 |     0 |      0 |      0 |    0 |          0 |
|                         (FLT_TO_FLT_OP.SPD.OP)                                                           |                                                                    flt_to_flt_conv__parameterized0__21 |          0 |          0 |       0 |    0 |     0 |      0 |      0 |    0 |          0 |
|                         EXP                                                                              |                                                                flt_to_flt_conv_exp__parameterized0__21 |          7 |          7 |       0 |    0 |     0 |      0 |      0 |    0 |          0 |
|                           (EXP)                                                                          |                                                                flt_to_flt_conv_exp__parameterized0__21 |          4 |          4 |       0 |    0 |     0 |      0 |      0 |    0 |          0 |
|                           COND_DET                                                                       |                                                                     special_detect__parameterized0__21 |          3 |          3 |       0 |    0 |     0 |      0 |      0 |    0 |          0 |
|                             (COND_DET)                                                                   |                                                                     special_detect__parameterized0__21 |          1 |          1 |       0 |    0 |     0 |      0 |      0 |    0 |          0 |
|                             MANT_CARRY.MANT_ALL_ZERO_DET                                                 |                                                                      compare_eq_im__parameterized0__21 |          2 |          2 |       0 |    0 |     0 |      0 |      0 |    0 |          0 |
|                               (MANT_CARRY.MANT_ALL_ZERO_DET)                                             |                                                                      compare_eq_im__parameterized0__21 |          2 |          2 |       0 |    0 |     0 |      0 |      0 |    0 |          0 |
|                               CARRY_ZERO_DET                                                             |                                                                        carry_chain__parameterized5__21 |          0 |          0 |       0 |    0 |     0 |      0 |      0 |    0 |          0 |
|                         OUTPUT                                                                           |                                                                         flt_dec_op__parameterized0__21 |         26 |         26 |       0 |    0 |     0 |      0 |      0 |    0 |          0 |
|               hptosp_16ns_32_1_no_dsp_1_U368                                                             |                                                fsa_stream_split_d_hptosp_16ns_32_1_no_dsp_1__xdcDup__4 |         33 |         33 |       0 |    0 |     0 |      0 |      0 |    0 |          0 |
|                 (hptosp_16ns_32_1_no_dsp_1_U368)                                                         |                                                fsa_stream_split_d_hptosp_16ns_32_1_no_dsp_1__xdcDup__4 |          0 |          0 |       0 |    0 |     0 |      0 |      0 |    0 |          0 |
|                 fsa_stream_split_d_hptosp_16ns_32_1_no_dsp_1_ip_u                                        |                                                    fsa_stream_split_d_hptosp_16ns_32_1_no_dsp_1_ip__20 |         33 |         33 |       0 |    0 |     0 |      0 |      0 |    0 |          0 |
|                   (fsa_stream_split_d_hptosp_16ns_32_1_no_dsp_1_ip_u)                                    |                                                    fsa_stream_split_d_hptosp_16ns_32_1_no_dsp_1_ip__20 |          0 |          0 |       0 |    0 |     0 |      0 |      0 |    0 |          0 |
|                   inst                                                                                   |                                                             floating_point_v7_1_19__parameterized0__20 |         33 |         33 |       0 |    0 |     0 |      0 |      0 |    0 |          0 |
|                     (inst)                                                                               |                                                             floating_point_v7_1_19__parameterized0__20 |          0 |          0 |       0 |    0 |     0 |      0 |      0 |    0 |          0 |
|                     i_synth                                                                              |                                                         floating_point_v7_1_19_viv__parameterized1__20 |         33 |         33 |       0 |    0 |     0 |      0 |      0 |    0 |          0 |
|                       (i_synth)                                                                          |                                                         floating_point_v7_1_19_viv__parameterized1__20 |          0 |          0 |       0 |    0 |     0 |      0 |      0 |    0 |          0 |
|                       FLT_TO_FLT_OP.SPD.OP                                                               |                                                                    flt_to_flt_conv__parameterized0__20 |         33 |         33 |       0 |    0 |     0 |      0 |      0 |    0 |          0 |
|                         (FLT_TO_FLT_OP.SPD.OP)                                                           |                                                                    flt_to_flt_conv__parameterized0__20 |          0 |          0 |       0 |    0 |     0 |      0 |      0 |    0 |          0 |
|                         EXP                                                                              |                                                                flt_to_flt_conv_exp__parameterized0__20 |          7 |          7 |       0 |    0 |     0 |      0 |      0 |    0 |          0 |
|                           (EXP)                                                                          |                                                                flt_to_flt_conv_exp__parameterized0__20 |          4 |          4 |       0 |    0 |     0 |      0 |      0 |    0 |          0 |
|                           COND_DET                                                                       |                                                                     special_detect__parameterized0__20 |          3 |          3 |       0 |    0 |     0 |      0 |      0 |    0 |          0 |
|                             (COND_DET)                                                                   |                                                                     special_detect__parameterized0__20 |          1 |          1 |       0 |    0 |     0 |      0 |      0 |    0 |          0 |
|                             MANT_CARRY.MANT_ALL_ZERO_DET                                                 |                                                                      compare_eq_im__parameterized0__20 |          2 |          2 |       0 |    0 |     0 |      0 |      0 |    0 |          0 |
|                               (MANT_CARRY.MANT_ALL_ZERO_DET)                                             |                                                                      compare_eq_im__parameterized0__20 |          2 |          2 |       0 |    0 |     0 |      0 |      0 |    0 |          0 |
|                               CARRY_ZERO_DET                                                             |                                                                        carry_chain__parameterized5__20 |          0 |          0 |       0 |    0 |     0 |      0 |      0 |    0 |          0 |
|                         OUTPUT                                                                           |                                                                         flt_dec_op__parameterized0__20 |         26 |         26 |       0 |    0 |     0 |      0 |      0 |    0 |          0 |
|               hptosp_16ns_32_1_no_dsp_1_U369                                                             |                                                fsa_stream_split_d_hptosp_16ns_32_1_no_dsp_1__xdcDup__5 |         33 |         33 |       0 |    0 |     0 |      0 |      0 |    0 |          0 |
|                 (hptosp_16ns_32_1_no_dsp_1_U369)                                                         |                                                fsa_stream_split_d_hptosp_16ns_32_1_no_dsp_1__xdcDup__5 |          0 |          0 |       0 |    0 |     0 |      0 |      0 |    0 |          0 |
|                 fsa_stream_split_d_hptosp_16ns_32_1_no_dsp_1_ip_u                                        |                                                    fsa_stream_split_d_hptosp_16ns_32_1_no_dsp_1_ip__19 |         33 |         33 |       0 |    0 |     0 |      0 |      0 |    0 |          0 |
|                   (fsa_stream_split_d_hptosp_16ns_32_1_no_dsp_1_ip_u)                                    |                                                    fsa_stream_split_d_hptosp_16ns_32_1_no_dsp_1_ip__19 |          0 |          0 |       0 |    0 |     0 |      0 |      0 |    0 |          0 |
|                   inst                                                                                   |                                                             floating_point_v7_1_19__parameterized0__19 |         33 |         33 |       0 |    0 |     0 |      0 |      0 |    0 |          0 |
|                     (inst)                                                                               |                                                             floating_point_v7_1_19__parameterized0__19 |          0 |          0 |       0 |    0 |     0 |      0 |      0 |    0 |          0 |
|                     i_synth                                                                              |                                                         floating_point_v7_1_19_viv__parameterized1__19 |         33 |         33 |       0 |    0 |     0 |      0 |      0 |    0 |          0 |
|                       (i_synth)                                                                          |                                                         floating_point_v7_1_19_viv__parameterized1__19 |          0 |          0 |       0 |    0 |     0 |      0 |      0 |    0 |          0 |
|                       FLT_TO_FLT_OP.SPD.OP                                                               |                                                                    flt_to_flt_conv__parameterized0__19 |         33 |         33 |       0 |    0 |     0 |      0 |      0 |    0 |          0 |
|                         (FLT_TO_FLT_OP.SPD.OP)                                                           |                                                                    flt_to_flt_conv__parameterized0__19 |          0 |          0 |       0 |    0 |     0 |      0 |      0 |    0 |          0 |
|                         EXP                                                                              |                                                                flt_to_flt_conv_exp__parameterized0__19 |          7 |          7 |       0 |    0 |     0 |      0 |      0 |    0 |          0 |
|                           (EXP)                                                                          |                                                                flt_to_flt_conv_exp__parameterized0__19 |          4 |          4 |       0 |    0 |     0 |      0 |      0 |    0 |          0 |
|                           COND_DET                                                                       |                                                                     special_detect__parameterized0__19 |          3 |          3 |       0 |    0 |     0 |      0 |      0 |    0 |          0 |
|                             (COND_DET)                                                                   |                                                                     special_detect__parameterized0__19 |          1 |          1 |       0 |    0 |     0 |      0 |      0 |    0 |          0 |
|                             MANT_CARRY.MANT_ALL_ZERO_DET                                                 |                                                                      compare_eq_im__parameterized0__19 |          2 |          2 |       0 |    0 |     0 |      0 |      0 |    0 |          0 |
|                               (MANT_CARRY.MANT_ALL_ZERO_DET)                                             |                                                                      compare_eq_im__parameterized0__19 |          2 |          2 |       0 |    0 |     0 |      0 |      0 |    0 |          0 |
|                               CARRY_ZERO_DET                                                             |                                                                        carry_chain__parameterized5__19 |          0 |          0 |       0 |    0 |     0 |      0 |      0 |    0 |          0 |
|                         OUTPUT                                                                           |                                                                         flt_dec_op__parameterized0__19 |         26 |         26 |       0 |    0 |     0 |      0 |      0 |    0 |          0 |
|               hptosp_16ns_32_1_no_dsp_1_U370                                                             |                                                fsa_stream_split_d_hptosp_16ns_32_1_no_dsp_1__xdcDup__6 |         33 |         33 |       0 |    0 |     0 |      0 |      0 |    0 |          0 |
|                 (hptosp_16ns_32_1_no_dsp_1_U370)                                                         |                                                fsa_stream_split_d_hptosp_16ns_32_1_no_dsp_1__xdcDup__6 |          0 |          0 |       0 |    0 |     0 |      0 |      0 |    0 |          0 |
|                 fsa_stream_split_d_hptosp_16ns_32_1_no_dsp_1_ip_u                                        |                                                    fsa_stream_split_d_hptosp_16ns_32_1_no_dsp_1_ip__18 |         33 |         33 |       0 |    0 |     0 |      0 |      0 |    0 |          0 |
|                   (fsa_stream_split_d_hptosp_16ns_32_1_no_dsp_1_ip_u)                                    |                                                    fsa_stream_split_d_hptosp_16ns_32_1_no_dsp_1_ip__18 |          0 |          0 |       0 |    0 |     0 |      0 |      0 |    0 |          0 |
|                   inst                                                                                   |                                                             floating_point_v7_1_19__parameterized0__18 |         33 |         33 |       0 |    0 |     0 |      0 |      0 |    0 |          0 |
|                     (inst)                                                                               |                                                             floating_point_v7_1_19__parameterized0__18 |          0 |          0 |       0 |    0 |     0 |      0 |      0 |    0 |          0 |
|                     i_synth                                                                              |                                                         floating_point_v7_1_19_viv__parameterized1__18 |         33 |         33 |       0 |    0 |     0 |      0 |      0 |    0 |          0 |
|                       (i_synth)                                                                          |                                                         floating_point_v7_1_19_viv__parameterized1__18 |          0 |          0 |       0 |    0 |     0 |      0 |      0 |    0 |          0 |
|                       FLT_TO_FLT_OP.SPD.OP                                                               |                                                                    flt_to_flt_conv__parameterized0__18 |         33 |         33 |       0 |    0 |     0 |      0 |      0 |    0 |          0 |
|                         (FLT_TO_FLT_OP.SPD.OP)                                                           |                                                                    flt_to_flt_conv__parameterized0__18 |          0 |          0 |       0 |    0 |     0 |      0 |      0 |    0 |          0 |
|                         EXP                                                                              |                                                                flt_to_flt_conv_exp__parameterized0__18 |          7 |          7 |       0 |    0 |     0 |      0 |      0 |    0 |          0 |
|                           (EXP)                                                                          |                                                                flt_to_flt_conv_exp__parameterized0__18 |          4 |          4 |       0 |    0 |     0 |      0 |      0 |    0 |          0 |
|                           COND_DET                                                                       |                                                                     special_detect__parameterized0__18 |          3 |          3 |       0 |    0 |     0 |      0 |      0 |    0 |          0 |
|                             (COND_DET)                                                                   |                                                                     special_detect__parameterized0__18 |          1 |          1 |       0 |    0 |     0 |      0 |      0 |    0 |          0 |
|                             MANT_CARRY.MANT_ALL_ZERO_DET                                                 |                                                                      compare_eq_im__parameterized0__18 |          2 |          2 |       0 |    0 |     0 |      0 |      0 |    0 |          0 |
|                               (MANT_CARRY.MANT_ALL_ZERO_DET)                                             |                                                                      compare_eq_im__parameterized0__18 |          2 |          2 |       0 |    0 |     0 |      0 |      0 |    0 |          0 |
|                               CARRY_ZERO_DET                                                             |                                                                        carry_chain__parameterized5__18 |          0 |          0 |       0 |    0 |     0 |      0 |      0 |    0 |          0 |
|                         OUTPUT                                                                           |                                                                         flt_dec_op__parameterized0__18 |         26 |         26 |       0 |    0 |     0 |      0 |      0 |    0 |          0 |
|               hptosp_16ns_32_1_no_dsp_1_U371                                                             |                                                fsa_stream_split_d_hptosp_16ns_32_1_no_dsp_1__xdcDup__7 |         33 |         33 |       0 |    0 |     0 |      0 |      0 |    0 |          0 |
|                 (hptosp_16ns_32_1_no_dsp_1_U371)                                                         |                                                fsa_stream_split_d_hptosp_16ns_32_1_no_dsp_1__xdcDup__7 |          0 |          0 |       0 |    0 |     0 |      0 |      0 |    0 |          0 |
|                 fsa_stream_split_d_hptosp_16ns_32_1_no_dsp_1_ip_u                                        |                                                    fsa_stream_split_d_hptosp_16ns_32_1_no_dsp_1_ip__17 |         33 |         33 |       0 |    0 |     0 |      0 |      0 |    0 |          0 |
|                   (fsa_stream_split_d_hptosp_16ns_32_1_no_dsp_1_ip_u)                                    |                                                    fsa_stream_split_d_hptosp_16ns_32_1_no_dsp_1_ip__17 |          0 |          0 |       0 |    0 |     0 |      0 |      0 |    0 |          0 |
|                   inst                                                                                   |                                                             floating_point_v7_1_19__parameterized0__17 |         33 |         33 |       0 |    0 |     0 |      0 |      0 |    0 |          0 |
|                     (inst)                                                                               |                                                             floating_point_v7_1_19__parameterized0__17 |          0 |          0 |       0 |    0 |     0 |      0 |      0 |    0 |          0 |
|                     i_synth                                                                              |                                                         floating_point_v7_1_19_viv__parameterized1__17 |         33 |         33 |       0 |    0 |     0 |      0 |      0 |    0 |          0 |
|                       (i_synth)                                                                          |                                                         floating_point_v7_1_19_viv__parameterized1__17 |          0 |          0 |       0 |    0 |     0 |      0 |      0 |    0 |          0 |
|                       FLT_TO_FLT_OP.SPD.OP                                                               |                                                                    flt_to_flt_conv__parameterized0__17 |         33 |         33 |       0 |    0 |     0 |      0 |      0 |    0 |          0 |
|                         (FLT_TO_FLT_OP.SPD.OP)                                                           |                                                                    flt_to_flt_conv__parameterized0__17 |          0 |          0 |       0 |    0 |     0 |      0 |      0 |    0 |          0 |
|                         EXP                                                                              |                                                                flt_to_flt_conv_exp__parameterized0__17 |          7 |          7 |       0 |    0 |     0 |      0 |      0 |    0 |          0 |
|                           (EXP)                                                                          |                                                                flt_to_flt_conv_exp__parameterized0__17 |          4 |          4 |       0 |    0 |     0 |      0 |      0 |    0 |          0 |
|                           COND_DET                                                                       |                                                                     special_detect__parameterized0__17 |          3 |          3 |       0 |    0 |     0 |      0 |      0 |    0 |          0 |
|                             (COND_DET)                                                                   |                                                                     special_detect__parameterized0__17 |          1 |          1 |       0 |    0 |     0 |      0 |      0 |    0 |          0 |
|                             MANT_CARRY.MANT_ALL_ZERO_DET                                                 |                                                                      compare_eq_im__parameterized0__17 |          2 |          2 |       0 |    0 |     0 |      0 |      0 |    0 |          0 |
|                               (MANT_CARRY.MANT_ALL_ZERO_DET)                                             |                                                                      compare_eq_im__parameterized0__17 |          2 |          2 |       0 |    0 |     0 |      0 |      0 |    0 |          0 |
|                               CARRY_ZERO_DET                                                             |                                                                        carry_chain__parameterized5__17 |          0 |          0 |       0 |    0 |     0 |      0 |      0 |    0 |          0 |
|                         OUTPUT                                                                           |                                                                         flt_dec_op__parameterized0__17 |         26 |         26 |       0 |    0 |     0 |      0 |      0 |    0 |          0 |
|               hptosp_16ns_32_1_no_dsp_1_U372                                                             |                                                fsa_stream_split_d_hptosp_16ns_32_1_no_dsp_1__xdcDup__8 |         33 |         33 |       0 |    0 |     0 |      0 |      0 |    0 |          0 |
|                 (hptosp_16ns_32_1_no_dsp_1_U372)                                                         |                                                fsa_stream_split_d_hptosp_16ns_32_1_no_dsp_1__xdcDup__8 |          0 |          0 |       0 |    0 |     0 |      0 |      0 |    0 |          0 |
|                 fsa_stream_split_d_hptosp_16ns_32_1_no_dsp_1_ip_u                                        |                                                    fsa_stream_split_d_hptosp_16ns_32_1_no_dsp_1_ip__16 |         33 |         33 |       0 |    0 |     0 |      0 |      0 |    0 |          0 |
|                   (fsa_stream_split_d_hptosp_16ns_32_1_no_dsp_1_ip_u)                                    |                                                    fsa_stream_split_d_hptosp_16ns_32_1_no_dsp_1_ip__16 |          0 |          0 |       0 |    0 |     0 |      0 |      0 |    0 |          0 |
|                   inst                                                                                   |                                                             floating_point_v7_1_19__parameterized0__16 |         33 |         33 |       0 |    0 |     0 |      0 |      0 |    0 |          0 |
|                     (inst)                                                                               |                                                             floating_point_v7_1_19__parameterized0__16 |          0 |          0 |       0 |    0 |     0 |      0 |      0 |    0 |          0 |
|                     i_synth                                                                              |                                                         floating_point_v7_1_19_viv__parameterized1__16 |         33 |         33 |       0 |    0 |     0 |      0 |      0 |    0 |          0 |
|                       (i_synth)                                                                          |                                                         floating_point_v7_1_19_viv__parameterized1__16 |          0 |          0 |       0 |    0 |     0 |      0 |      0 |    0 |          0 |
|                       FLT_TO_FLT_OP.SPD.OP                                                               |                                                                    flt_to_flt_conv__parameterized0__16 |         33 |         33 |       0 |    0 |     0 |      0 |      0 |    0 |          0 |
|                         (FLT_TO_FLT_OP.SPD.OP)                                                           |                                                                    flt_to_flt_conv__parameterized0__16 |          0 |          0 |       0 |    0 |     0 |      0 |      0 |    0 |          0 |
|                         EXP                                                                              |                                                                flt_to_flt_conv_exp__parameterized0__16 |          7 |          7 |       0 |    0 |     0 |      0 |      0 |    0 |          0 |
|                           (EXP)                                                                          |                                                                flt_to_flt_conv_exp__parameterized0__16 |          4 |          4 |       0 |    0 |     0 |      0 |      0 |    0 |          0 |
|                           COND_DET                                                                       |                                                                     special_detect__parameterized0__16 |          3 |          3 |       0 |    0 |     0 |      0 |      0 |    0 |          0 |
|                             (COND_DET)                                                                   |                                                                     special_detect__parameterized0__16 |          1 |          1 |       0 |    0 |     0 |      0 |      0 |    0 |          0 |
|                             MANT_CARRY.MANT_ALL_ZERO_DET                                                 |                                                                      compare_eq_im__parameterized0__16 |          2 |          2 |       0 |    0 |     0 |      0 |      0 |    0 |          0 |
|                               (MANT_CARRY.MANT_ALL_ZERO_DET)                                             |                                                                      compare_eq_im__parameterized0__16 |          2 |          2 |       0 |    0 |     0 |      0 |      0 |    0 |          0 |
|                               CARRY_ZERO_DET                                                             |                                                                        carry_chain__parameterized5__16 |          0 |          0 |       0 |    0 |     0 |      0 |      0 |    0 |          0 |
|                         OUTPUT                                                                           |                                                                         flt_dec_op__parameterized0__16 |         26 |         26 |       0 |    0 |     0 |      0 |      0 |    0 |          0 |
|             grp_runQueryBlock_0_Pipeline_VITIS_LOOP_369_33_fu_842                                        |                                          fsa_stream_split_d_runQueryBlock_0_Pipeline_VITIS_LOOP_369_33 |       1732 |       1713 |       0 |   19 |   982 |      0 |      0 |    0 |          0 |
|               (grp_runQueryBlock_0_Pipeline_VITIS_LOOP_369_33_fu_842)                                    |                                          fsa_stream_split_d_runQueryBlock_0_Pipeline_VITIS_LOOP_369_33 |       1730 |       1711 |       0 |   19 |   980 |      0 |      0 |    0 |          0 |
|               flow_control_loop_pipe_sequential_init_U                                                   |                                           fsa_stream_split_d_flow_control_loop_pipe_sequential_init__2 |          2 |          2 |       0 |    0 |     2 |      0 |      0 |    0 |          0 |
|             k_tile_16_U                                                                                  |                fsa_stream_split_d_runQueryBlock_0_Outline_VITIS_LOOP_117_5_v_tile_30_RAM_AUTO_1R1W__31 |         17 |          1 |      16 |    0 |    16 |      0 |      0 |    0 |          0 |
|             k_tile_17_U                                                                                  |                fsa_stream_split_d_runQueryBlock_0_Outline_VITIS_LOOP_117_5_v_tile_30_RAM_AUTO_1R1W__30 |         17 |          1 |      16 |    0 |    16 |      0 |      0 |    0 |          0 |
|             k_tile_18_U                                                                                  |                fsa_stream_split_d_runQueryBlock_0_Outline_VITIS_LOOP_117_5_v_tile_30_RAM_AUTO_1R1W__29 |         17 |          1 |      16 |    0 |    16 |      0 |      0 |    0 |          0 |
|             k_tile_19_U                                                                                  |                fsa_stream_split_d_runQueryBlock_0_Outline_VITIS_LOOP_117_5_v_tile_30_RAM_AUTO_1R1W__28 |         17 |          1 |      16 |    0 |    16 |      0 |      0 |    0 |          0 |
|             k_tile_20_U                                                                                  |                fsa_stream_split_d_runQueryBlock_0_Outline_VITIS_LOOP_117_5_v_tile_30_RAM_AUTO_1R1W__27 |         17 |          1 |      16 |    0 |    16 |      0 |      0 |    0 |          0 |
|             k_tile_21_U                                                                                  |                fsa_stream_split_d_runQueryBlock_0_Outline_VITIS_LOOP_117_5_v_tile_30_RAM_AUTO_1R1W__26 |         17 |          1 |      16 |    0 |    16 |      0 |      0 |    0 |          0 |
|             k_tile_22_U                                                                                  |                fsa_stream_split_d_runQueryBlock_0_Outline_VITIS_LOOP_117_5_v_tile_30_RAM_AUTO_1R1W__25 |         17 |          1 |      16 |    0 |    16 |      0 |      0 |    0 |          0 |
|             k_tile_23_U                                                                                  |                fsa_stream_split_d_runQueryBlock_0_Outline_VITIS_LOOP_117_5_v_tile_30_RAM_AUTO_1R1W__24 |         17 |          1 |      16 |    0 |    16 |      0 |      0 |    0 |          0 |
|             k_tile_24_U                                                                                  |                fsa_stream_split_d_runQueryBlock_0_Outline_VITIS_LOOP_117_5_v_tile_30_RAM_AUTO_1R1W__23 |         17 |          1 |      16 |    0 |    16 |      0 |      0 |    0 |          0 |
|             k_tile_25_U                                                                                  |                fsa_stream_split_d_runQueryBlock_0_Outline_VITIS_LOOP_117_5_v_tile_30_RAM_AUTO_1R1W__22 |         17 |          1 |      16 |    0 |    16 |      0 |      0 |    0 |          0 |
|             k_tile_26_U                                                                                  |                fsa_stream_split_d_runQueryBlock_0_Outline_VITIS_LOOP_117_5_v_tile_30_RAM_AUTO_1R1W__21 |         17 |          1 |      16 |    0 |    16 |      0 |      0 |    0 |          0 |
|             k_tile_27_U                                                                                  |                fsa_stream_split_d_runQueryBlock_0_Outline_VITIS_LOOP_117_5_v_tile_30_RAM_AUTO_1R1W__20 |         17 |          1 |      16 |    0 |    16 |      0 |      0 |    0 |          0 |
|             k_tile_28_U                                                                                  |                fsa_stream_split_d_runQueryBlock_0_Outline_VITIS_LOOP_117_5_v_tile_30_RAM_AUTO_1R1W__19 |         17 |          1 |      16 |    0 |    16 |      0 |      0 |    0 |          0 |
|             k_tile_29_U                                                                                  |                fsa_stream_split_d_runQueryBlock_0_Outline_VITIS_LOOP_117_5_v_tile_30_RAM_AUTO_1R1W__18 |         17 |          1 |      16 |    0 |    16 |      0 |      0 |    0 |          0 |
|             k_tile_30_U                                                                                  |                fsa_stream_split_d_runQueryBlock_0_Outline_VITIS_LOOP_117_5_v_tile_30_RAM_AUTO_1R1W__17 |         17 |          1 |      16 |    0 |    16 |      0 |      0 |    0 |          0 |
|             k_tile_U                                                                                     |                    fsa_stream_split_d_runQueryBlock_0_Outline_VITIS_LOOP_117_5_v_tile_30_RAM_AUTO_1R1W |         17 |          1 |      16 |    0 |    16 |      0 |      0 |    0 |          0 |
|             sptohp_32ns_16_1_no_dsp_1_U480                                                               |                                                fsa_stream_split_d_sptohp_32ns_16_1_no_dsp_1__xdcDup__3 |         30 |         30 |       0 |    0 |     0 |      0 |      0 |    0 |          0 |
|               (sptohp_32ns_16_1_no_dsp_1_U480)                                                           |                                                fsa_stream_split_d_sptohp_32ns_16_1_no_dsp_1__xdcDup__3 |          0 |          0 |       0 |    0 |     0 |      0 |      0 |    0 |          0 |
|               fsa_stream_split_d_sptohp_32ns_16_1_no_dsp_1_ip_u                                          |                                                    fsa_stream_split_d_sptohp_32ns_16_1_no_dsp_1_ip__27 |         30 |         30 |       0 |    0 |     0 |      0 |      0 |    0 |          0 |
|                 (fsa_stream_split_d_sptohp_32ns_16_1_no_dsp_1_ip_u)                                      |                                                    fsa_stream_split_d_sptohp_32ns_16_1_no_dsp_1_ip__27 |          0 |          0 |       0 |    0 |     0 |      0 |      0 |    0 |          0 |
|                 inst                                                                                     |                                                                             floating_point_v7_1_19__27 |         30 |         30 |       0 |    0 |     0 |      0 |      0 |    0 |          0 |
|                   (inst)                                                                                 |                                                                             floating_point_v7_1_19__27 |          0 |          0 |       0 |    0 |     0 |      0 |      0 |    0 |          0 |
|                   i_synth                                                                                |                                                                         floating_point_v7_1_19_viv__27 |         30 |         30 |       0 |    0 |     0 |      0 |      0 |    0 |          0 |
|                     (i_synth)                                                                            |                                                                         floating_point_v7_1_19_viv__27 |          0 |          0 |       0 |    0 |     0 |      0 |      0 |    0 |          0 |
|                     FLT_TO_FLT_OP.SPD.OP                                                                 |                                                                                    flt_to_flt_conv__27 |         30 |         30 |       0 |    0 |     0 |      0 |      0 |    0 |          0 |
|                       (FLT_TO_FLT_OP.SPD.OP)                                                             |                                                                                    flt_to_flt_conv__27 |          1 |          1 |       0 |    0 |     0 |      0 |      0 |    0 |          0 |
|                       EXP                                                                                |                                                                                flt_to_flt_conv_exp__27 |         12 |         12 |       0 |    0 |     0 |      0 |      0 |    0 |          0 |
|                         (EXP)                                                                            |                                                                                flt_to_flt_conv_exp__27 |          6 |          6 |       0 |    0 |     0 |      0 |      0 |    0 |          0 |
|                         COND_DET                                                                         |                                                                                     special_detect__27 |          6 |          6 |       0 |    0 |     0 |      0 |      0 |    0 |          0 |
|                           (COND_DET)                                                                     |                                                                                     special_detect__27 |          2 |          2 |       0 |    0 |     0 |      0 |      0 |    0 |          0 |
|                           MANT_CARRY.MANT_ALL_ZERO_DET                                                   |                                                                                      compare_eq_im__27 |          4 |          4 |       0 |    0 |     0 |      0 |      0 |    0 |          0 |
|                             (MANT_CARRY.MANT_ALL_ZERO_DET)                                               |                                                                                      compare_eq_im__27 |          4 |          4 |       0 |    0 |     0 |      0 |      0 |    0 |          0 |
|                             CARRY_ZERO_DET                                                               |                                                                                        carry_chain__27 |          0 |          0 |       0 |    0 |     0 |      0 |      0 |    0 |          0 |
|                       OUTPUT                                                                             |                                                                                         flt_dec_op__27 |         13 |         13 |       0 |    0 |     0 |      0 |      0 |    0 |          0 |
|                       RND_REQ.ROUND                                                                      |                                                                             renorm_and_round_logic__27 |          2 |          2 |       0 |    0 |     0 |      0 |      0 |    0 |          0 |
|                         (RND_REQ.ROUND)                                                                  |                                                                             renorm_and_round_logic__27 |          0 |          0 |       0 |    0 |     0 |      0 |      0 |    0 |          0 |
|                         EXP_ADD.ADD                                                                      |                                                                        carry_chain__parameterized4__27 |          0 |          0 |       0 |    0 |     0 |      0 |      0 |    0 |          0 |
|                         LOGIC.RND1                                                                       |                                                                        carry_chain__parameterized2__27 |          0 |          0 |       0 |    0 |     0 |      0 |      0 |    0 |          0 |
|                         LOGIC.RND2                                                                       |                                                                        carry_chain__parameterized3__27 |          0 |          0 |       0 |    0 |     0 |      0 |      0 |    0 |          0 |
|                         RND_BIT_GEN                                                                      |                                                                                      flt_round_bit__27 |          2 |          2 |       0 |    0 |     0 |      0 |      0 |    0 |          0 |
|                           (RND_BIT_GEN)                                                                  |                                                                                      flt_round_bit__27 |          2 |          2 |       0 |    0 |     0 |      0 |      0 |    0 |          0 |
|                           NORM_1_OR_0.STRUCT_REQ.SPECIAL.RND_CHAIN                                       |                                                                        carry_chain__parameterized1__27 |          0 |          0 |       0 |    0 |     0 |      0 |      0 |    0 |          0 |
|                       RND_REQ.Z_DET_REQ.DET_ZERO                                                         |                                                                                      compare_ne_im__27 |          2 |          2 |       0 |    0 |     0 |      0 |      0 |    0 |          0 |
|                         (RND_REQ.Z_DET_REQ.DET_ZERO)                                                     |                                                                                      compare_ne_im__27 |          2 |          2 |       0 |    0 |     0 |      0 |      0 |    0 |          0 |
|                         WIDE_NOR                                                                         |                                                                        carry_chain__parameterized0__28 |          0 |          0 |       0 |    0 |     0 |      0 |      0 |    0 |          0 |
|             sptohp_32ns_16_1_no_dsp_1_U481                                                               |                                                fsa_stream_split_d_sptohp_32ns_16_1_no_dsp_1__xdcDup__4 |         30 |         30 |       0 |    0 |     0 |      0 |      0 |    0 |          0 |
|               (sptohp_32ns_16_1_no_dsp_1_U481)                                                           |                                                fsa_stream_split_d_sptohp_32ns_16_1_no_dsp_1__xdcDup__4 |          0 |          0 |       0 |    0 |     0 |      0 |      0 |    0 |          0 |
|               fsa_stream_split_d_sptohp_32ns_16_1_no_dsp_1_ip_u                                          |                                                    fsa_stream_split_d_sptohp_32ns_16_1_no_dsp_1_ip__26 |         30 |         30 |       0 |    0 |     0 |      0 |      0 |    0 |          0 |
|                 (fsa_stream_split_d_sptohp_32ns_16_1_no_dsp_1_ip_u)                                      |                                                    fsa_stream_split_d_sptohp_32ns_16_1_no_dsp_1_ip__26 |          0 |          0 |       0 |    0 |     0 |      0 |      0 |    0 |          0 |
|                 inst                                                                                     |                                                                             floating_point_v7_1_19__26 |         30 |         30 |       0 |    0 |     0 |      0 |      0 |    0 |          0 |
|                   (inst)                                                                                 |                                                                             floating_point_v7_1_19__26 |          0 |          0 |       0 |    0 |     0 |      0 |      0 |    0 |          0 |
|                   i_synth                                                                                |                                                                         floating_point_v7_1_19_viv__26 |         30 |         30 |       0 |    0 |     0 |      0 |      0 |    0 |          0 |
|                     (i_synth)                                                                            |                                                                         floating_point_v7_1_19_viv__26 |          0 |          0 |       0 |    0 |     0 |      0 |      0 |    0 |          0 |
|                     FLT_TO_FLT_OP.SPD.OP                                                                 |                                                                                    flt_to_flt_conv__26 |         30 |         30 |       0 |    0 |     0 |      0 |      0 |    0 |          0 |
|                       (FLT_TO_FLT_OP.SPD.OP)                                                             |                                                                                    flt_to_flt_conv__26 |          1 |          1 |       0 |    0 |     0 |      0 |      0 |    0 |          0 |
|                       EXP                                                                                |                                                                                flt_to_flt_conv_exp__26 |         12 |         12 |       0 |    0 |     0 |      0 |      0 |    0 |          0 |
|                         (EXP)                                                                            |                                                                                flt_to_flt_conv_exp__26 |          6 |          6 |       0 |    0 |     0 |      0 |      0 |    0 |          0 |
|                         COND_DET                                                                         |                                                                                     special_detect__26 |          6 |          6 |       0 |    0 |     0 |      0 |      0 |    0 |          0 |
|                           (COND_DET)                                                                     |                                                                                     special_detect__26 |          2 |          2 |       0 |    0 |     0 |      0 |      0 |    0 |          0 |
|                           MANT_CARRY.MANT_ALL_ZERO_DET                                                   |                                                                                      compare_eq_im__26 |          4 |          4 |       0 |    0 |     0 |      0 |      0 |    0 |          0 |
|                             (MANT_CARRY.MANT_ALL_ZERO_DET)                                               |                                                                                      compare_eq_im__26 |          4 |          4 |       0 |    0 |     0 |      0 |      0 |    0 |          0 |
|                             CARRY_ZERO_DET                                                               |                                                                                        carry_chain__26 |          0 |          0 |       0 |    0 |     0 |      0 |      0 |    0 |          0 |
|                       OUTPUT                                                                             |                                                                                         flt_dec_op__26 |         13 |         13 |       0 |    0 |     0 |      0 |      0 |    0 |          0 |
|                       RND_REQ.ROUND                                                                      |                                                                             renorm_and_round_logic__26 |          2 |          2 |       0 |    0 |     0 |      0 |      0 |    0 |          0 |
|                         (RND_REQ.ROUND)                                                                  |                                                                             renorm_and_round_logic__26 |          0 |          0 |       0 |    0 |     0 |      0 |      0 |    0 |          0 |
|                         EXP_ADD.ADD                                                                      |                                                                        carry_chain__parameterized4__26 |          0 |          0 |       0 |    0 |     0 |      0 |      0 |    0 |          0 |
|                         LOGIC.RND1                                                                       |                                                                        carry_chain__parameterized2__26 |          0 |          0 |       0 |    0 |     0 |      0 |      0 |    0 |          0 |
|                         LOGIC.RND2                                                                       |                                                                        carry_chain__parameterized3__26 |          0 |          0 |       0 |    0 |     0 |      0 |      0 |    0 |          0 |
|                         RND_BIT_GEN                                                                      |                                                                                      flt_round_bit__26 |          2 |          2 |       0 |    0 |     0 |      0 |      0 |    0 |          0 |
|                           (RND_BIT_GEN)                                                                  |                                                                                      flt_round_bit__26 |          2 |          2 |       0 |    0 |     0 |      0 |      0 |    0 |          0 |
|                           NORM_1_OR_0.STRUCT_REQ.SPECIAL.RND_CHAIN                                       |                                                                        carry_chain__parameterized1__26 |          0 |          0 |       0 |    0 |     0 |      0 |      0 |    0 |          0 |
|                       RND_REQ.Z_DET_REQ.DET_ZERO                                                         |                                                                                      compare_ne_im__26 |          2 |          2 |       0 |    0 |     0 |      0 |      0 |    0 |          0 |
|                         (RND_REQ.Z_DET_REQ.DET_ZERO)                                                     |                                                                                      compare_ne_im__26 |          2 |          2 |       0 |    0 |     0 |      0 |      0 |    0 |          0 |
|                         WIDE_NOR                                                                         |                                                                        carry_chain__parameterized0__27 |          0 |          0 |       0 |    0 |     0 |      0 |      0 |    0 |          0 |
|             sptohp_32ns_16_1_no_dsp_1_U482                                                               |                                                fsa_stream_split_d_sptohp_32ns_16_1_no_dsp_1__xdcDup__5 |         30 |         30 |       0 |    0 |     0 |      0 |      0 |    0 |          0 |
|               (sptohp_32ns_16_1_no_dsp_1_U482)                                                           |                                                fsa_stream_split_d_sptohp_32ns_16_1_no_dsp_1__xdcDup__5 |          0 |          0 |       0 |    0 |     0 |      0 |      0 |    0 |          0 |
|               fsa_stream_split_d_sptohp_32ns_16_1_no_dsp_1_ip_u                                          |                                                    fsa_stream_split_d_sptohp_32ns_16_1_no_dsp_1_ip__25 |         30 |         30 |       0 |    0 |     0 |      0 |      0 |    0 |          0 |
|                 (fsa_stream_split_d_sptohp_32ns_16_1_no_dsp_1_ip_u)                                      |                                                    fsa_stream_split_d_sptohp_32ns_16_1_no_dsp_1_ip__25 |          0 |          0 |       0 |    0 |     0 |      0 |      0 |    0 |          0 |
|                 inst                                                                                     |                                                                             floating_point_v7_1_19__25 |         30 |         30 |       0 |    0 |     0 |      0 |      0 |    0 |          0 |
|                   (inst)                                                                                 |                                                                             floating_point_v7_1_19__25 |          0 |          0 |       0 |    0 |     0 |      0 |      0 |    0 |          0 |
|                   i_synth                                                                                |                                                                         floating_point_v7_1_19_viv__25 |         30 |         30 |       0 |    0 |     0 |      0 |      0 |    0 |          0 |
|                     (i_synth)                                                                            |                                                                         floating_point_v7_1_19_viv__25 |          0 |          0 |       0 |    0 |     0 |      0 |      0 |    0 |          0 |
|                     FLT_TO_FLT_OP.SPD.OP                                                                 |                                                                                    flt_to_flt_conv__25 |         30 |         30 |       0 |    0 |     0 |      0 |      0 |    0 |          0 |
|                       (FLT_TO_FLT_OP.SPD.OP)                                                             |                                                                                    flt_to_flt_conv__25 |          1 |          1 |       0 |    0 |     0 |      0 |      0 |    0 |          0 |
|                       EXP                                                                                |                                                                                flt_to_flt_conv_exp__25 |         12 |         12 |       0 |    0 |     0 |      0 |      0 |    0 |          0 |
|                         (EXP)                                                                            |                                                                                flt_to_flt_conv_exp__25 |          6 |          6 |       0 |    0 |     0 |      0 |      0 |    0 |          0 |
|                         COND_DET                                                                         |                                                                                     special_detect__25 |          6 |          6 |       0 |    0 |     0 |      0 |      0 |    0 |          0 |
|                           (COND_DET)                                                                     |                                                                                     special_detect__25 |          2 |          2 |       0 |    0 |     0 |      0 |      0 |    0 |          0 |
|                           MANT_CARRY.MANT_ALL_ZERO_DET                                                   |                                                                                      compare_eq_im__25 |          4 |          4 |       0 |    0 |     0 |      0 |      0 |    0 |          0 |
|                             (MANT_CARRY.MANT_ALL_ZERO_DET)                                               |                                                                                      compare_eq_im__25 |          4 |          4 |       0 |    0 |     0 |      0 |      0 |    0 |          0 |
|                             CARRY_ZERO_DET                                                               |                                                                                        carry_chain__25 |          0 |          0 |       0 |    0 |     0 |      0 |      0 |    0 |          0 |
|                       OUTPUT                                                                             |                                                                                         flt_dec_op__25 |         13 |         13 |       0 |    0 |     0 |      0 |      0 |    0 |          0 |
|                       RND_REQ.ROUND                                                                      |                                                                             renorm_and_round_logic__25 |          2 |          2 |       0 |    0 |     0 |      0 |      0 |    0 |          0 |
|                         (RND_REQ.ROUND)                                                                  |                                                                             renorm_and_round_logic__25 |          0 |          0 |       0 |    0 |     0 |      0 |      0 |    0 |          0 |
|                         EXP_ADD.ADD                                                                      |                                                                        carry_chain__parameterized4__25 |          0 |          0 |       0 |    0 |     0 |      0 |      0 |    0 |          0 |
|                         LOGIC.RND1                                                                       |                                                                        carry_chain__parameterized2__25 |          0 |          0 |       0 |    0 |     0 |      0 |      0 |    0 |          0 |
|                         LOGIC.RND2                                                                       |                                                                        carry_chain__parameterized3__25 |          0 |          0 |       0 |    0 |     0 |      0 |      0 |    0 |          0 |
|                         RND_BIT_GEN                                                                      |                                                                                      flt_round_bit__25 |          2 |          2 |       0 |    0 |     0 |      0 |      0 |    0 |          0 |
|                           (RND_BIT_GEN)                                                                  |                                                                                      flt_round_bit__25 |          2 |          2 |       0 |    0 |     0 |      0 |      0 |    0 |          0 |
|                           NORM_1_OR_0.STRUCT_REQ.SPECIAL.RND_CHAIN                                       |                                                                        carry_chain__parameterized1__25 |          0 |          0 |       0 |    0 |     0 |      0 |      0 |    0 |          0 |
|                       RND_REQ.Z_DET_REQ.DET_ZERO                                                         |                                                                                      compare_ne_im__25 |          2 |          2 |       0 |    0 |     0 |      0 |      0 |    0 |          0 |
|                         (RND_REQ.Z_DET_REQ.DET_ZERO)                                                     |                                                                                      compare_ne_im__25 |          2 |          2 |       0 |    0 |     0 |      0 |      0 |    0 |          0 |
|                         WIDE_NOR                                                                         |                                                                        carry_chain__parameterized0__26 |          0 |          0 |       0 |    0 |     0 |      0 |      0 |    0 |          0 |
|             sptohp_32ns_16_1_no_dsp_1_U483                                                               |                                                fsa_stream_split_d_sptohp_32ns_16_1_no_dsp_1__xdcDup__6 |         30 |         30 |       0 |    0 |     0 |      0 |      0 |    0 |          0 |
|               (sptohp_32ns_16_1_no_dsp_1_U483)                                                           |                                                fsa_stream_split_d_sptohp_32ns_16_1_no_dsp_1__xdcDup__6 |          0 |          0 |       0 |    0 |     0 |      0 |      0 |    0 |          0 |
|               fsa_stream_split_d_sptohp_32ns_16_1_no_dsp_1_ip_u                                          |                                                    fsa_stream_split_d_sptohp_32ns_16_1_no_dsp_1_ip__24 |         30 |         30 |       0 |    0 |     0 |      0 |      0 |    0 |          0 |
|                 (fsa_stream_split_d_sptohp_32ns_16_1_no_dsp_1_ip_u)                                      |                                                    fsa_stream_split_d_sptohp_32ns_16_1_no_dsp_1_ip__24 |          0 |          0 |       0 |    0 |     0 |      0 |      0 |    0 |          0 |
|                 inst                                                                                     |                                                                             floating_point_v7_1_19__24 |         30 |         30 |       0 |    0 |     0 |      0 |      0 |    0 |          0 |
|                   (inst)                                                                                 |                                                                             floating_point_v7_1_19__24 |          0 |          0 |       0 |    0 |     0 |      0 |      0 |    0 |          0 |
|                   i_synth                                                                                |                                                                         floating_point_v7_1_19_viv__24 |         30 |         30 |       0 |    0 |     0 |      0 |      0 |    0 |          0 |
|                     (i_synth)                                                                            |                                                                         floating_point_v7_1_19_viv__24 |          0 |          0 |       0 |    0 |     0 |      0 |      0 |    0 |          0 |
|                     FLT_TO_FLT_OP.SPD.OP                                                                 |                                                                                    flt_to_flt_conv__24 |         30 |         30 |       0 |    0 |     0 |      0 |      0 |    0 |          0 |
|                       (FLT_TO_FLT_OP.SPD.OP)                                                             |                                                                                    flt_to_flt_conv__24 |          1 |          1 |       0 |    0 |     0 |      0 |      0 |    0 |          0 |
|                       EXP                                                                                |                                                                                flt_to_flt_conv_exp__24 |         12 |         12 |       0 |    0 |     0 |      0 |      0 |    0 |          0 |
|                         (EXP)                                                                            |                                                                                flt_to_flt_conv_exp__24 |          6 |          6 |       0 |    0 |     0 |      0 |      0 |    0 |          0 |
|                         COND_DET                                                                         |                                                                                     special_detect__24 |          6 |          6 |       0 |    0 |     0 |      0 |      0 |    0 |          0 |
|                           (COND_DET)                                                                     |                                                                                     special_detect__24 |          2 |          2 |       0 |    0 |     0 |      0 |      0 |    0 |          0 |
|                           MANT_CARRY.MANT_ALL_ZERO_DET                                                   |                                                                                      compare_eq_im__24 |          4 |          4 |       0 |    0 |     0 |      0 |      0 |    0 |          0 |
|                             (MANT_CARRY.MANT_ALL_ZERO_DET)                                               |                                                                                      compare_eq_im__24 |          4 |          4 |       0 |    0 |     0 |      0 |      0 |    0 |          0 |
|                             CARRY_ZERO_DET                                                               |                                                                                        carry_chain__24 |          0 |          0 |       0 |    0 |     0 |      0 |      0 |    0 |          0 |
|                       OUTPUT                                                                             |                                                                                         flt_dec_op__24 |         13 |         13 |       0 |    0 |     0 |      0 |      0 |    0 |          0 |
|                       RND_REQ.ROUND                                                                      |                                                                             renorm_and_round_logic__24 |          2 |          2 |       0 |    0 |     0 |      0 |      0 |    0 |          0 |
|                         (RND_REQ.ROUND)                                                                  |                                                                             renorm_and_round_logic__24 |          0 |          0 |       0 |    0 |     0 |      0 |      0 |    0 |          0 |
|                         EXP_ADD.ADD                                                                      |                                                                        carry_chain__parameterized4__24 |          0 |          0 |       0 |    0 |     0 |      0 |      0 |    0 |          0 |
|                         LOGIC.RND1                                                                       |                                                                        carry_chain__parameterized2__24 |          0 |          0 |       0 |    0 |     0 |      0 |      0 |    0 |          0 |
|                         LOGIC.RND2                                                                       |                                                                        carry_chain__parameterized3__24 |          0 |          0 |       0 |    0 |     0 |      0 |      0 |    0 |          0 |
|                         RND_BIT_GEN                                                                      |                                                                                      flt_round_bit__24 |          2 |          2 |       0 |    0 |     0 |      0 |      0 |    0 |          0 |
|                           (RND_BIT_GEN)                                                                  |                                                                                      flt_round_bit__24 |          2 |          2 |       0 |    0 |     0 |      0 |      0 |    0 |          0 |
|                           NORM_1_OR_0.STRUCT_REQ.SPECIAL.RND_CHAIN                                       |                                                                        carry_chain__parameterized1__24 |          0 |          0 |       0 |    0 |     0 |      0 |      0 |    0 |          0 |
|                       RND_REQ.Z_DET_REQ.DET_ZERO                                                         |                                                                                      compare_ne_im__24 |          2 |          2 |       0 |    0 |     0 |      0 |      0 |    0 |          0 |
|                         (RND_REQ.Z_DET_REQ.DET_ZERO)                                                     |                                                                                      compare_ne_im__24 |          2 |          2 |       0 |    0 |     0 |      0 |      0 |    0 |          0 |
|                         WIDE_NOR                                                                         |                                                                        carry_chain__parameterized0__25 |          0 |          0 |       0 |    0 |     0 |      0 |      0 |    0 |          0 |
|             sptohp_32ns_16_1_no_dsp_1_U484                                                               |                                                fsa_stream_split_d_sptohp_32ns_16_1_no_dsp_1__xdcDup__7 |         30 |         30 |       0 |    0 |     0 |      0 |      0 |    0 |          0 |
|               (sptohp_32ns_16_1_no_dsp_1_U484)                                                           |                                                fsa_stream_split_d_sptohp_32ns_16_1_no_dsp_1__xdcDup__7 |          0 |          0 |       0 |    0 |     0 |      0 |      0 |    0 |          0 |
|               fsa_stream_split_d_sptohp_32ns_16_1_no_dsp_1_ip_u                                          |                                                    fsa_stream_split_d_sptohp_32ns_16_1_no_dsp_1_ip__23 |         30 |         30 |       0 |    0 |     0 |      0 |      0 |    0 |          0 |
|                 (fsa_stream_split_d_sptohp_32ns_16_1_no_dsp_1_ip_u)                                      |                                                    fsa_stream_split_d_sptohp_32ns_16_1_no_dsp_1_ip__23 |          0 |          0 |       0 |    0 |     0 |      0 |      0 |    0 |          0 |
|                 inst                                                                                     |                                                                             floating_point_v7_1_19__23 |         30 |         30 |       0 |    0 |     0 |      0 |      0 |    0 |          0 |
|                   (inst)                                                                                 |                                                                             floating_point_v7_1_19__23 |          0 |          0 |       0 |    0 |     0 |      0 |      0 |    0 |          0 |
|                   i_synth                                                                                |                                                                         floating_point_v7_1_19_viv__23 |         30 |         30 |       0 |    0 |     0 |      0 |      0 |    0 |          0 |
|                     (i_synth)                                                                            |                                                                         floating_point_v7_1_19_viv__23 |          0 |          0 |       0 |    0 |     0 |      0 |      0 |    0 |          0 |
|                     FLT_TO_FLT_OP.SPD.OP                                                                 |                                                                                    flt_to_flt_conv__23 |         30 |         30 |       0 |    0 |     0 |      0 |      0 |    0 |          0 |
|                       (FLT_TO_FLT_OP.SPD.OP)                                                             |                                                                                    flt_to_flt_conv__23 |          1 |          1 |       0 |    0 |     0 |      0 |      0 |    0 |          0 |
|                       EXP                                                                                |                                                                                flt_to_flt_conv_exp__23 |         12 |         12 |       0 |    0 |     0 |      0 |      0 |    0 |          0 |
|                         (EXP)                                                                            |                                                                                flt_to_flt_conv_exp__23 |          6 |          6 |       0 |    0 |     0 |      0 |      0 |    0 |          0 |
|                         COND_DET                                                                         |                                                                                     special_detect__23 |          6 |          6 |       0 |    0 |     0 |      0 |      0 |    0 |          0 |
|                           (COND_DET)                                                                     |                                                                                     special_detect__23 |          2 |          2 |       0 |    0 |     0 |      0 |      0 |    0 |          0 |
|                           MANT_CARRY.MANT_ALL_ZERO_DET                                                   |                                                                                      compare_eq_im__23 |          4 |          4 |       0 |    0 |     0 |      0 |      0 |    0 |          0 |
|                             (MANT_CARRY.MANT_ALL_ZERO_DET)                                               |                                                                                      compare_eq_im__23 |          4 |          4 |       0 |    0 |     0 |      0 |      0 |    0 |          0 |
|                             CARRY_ZERO_DET                                                               |                                                                                        carry_chain__23 |          0 |          0 |       0 |    0 |     0 |      0 |      0 |    0 |          0 |
|                       OUTPUT                                                                             |                                                                                         flt_dec_op__23 |         13 |         13 |       0 |    0 |     0 |      0 |      0 |    0 |          0 |
|                       RND_REQ.ROUND                                                                      |                                                                             renorm_and_round_logic__23 |          2 |          2 |       0 |    0 |     0 |      0 |      0 |    0 |          0 |
|                         (RND_REQ.ROUND)                                                                  |                                                                             renorm_and_round_logic__23 |          0 |          0 |       0 |    0 |     0 |      0 |      0 |    0 |          0 |
|                         EXP_ADD.ADD                                                                      |                                                                        carry_chain__parameterized4__23 |          0 |          0 |       0 |    0 |     0 |      0 |      0 |    0 |          0 |
|                         LOGIC.RND1                                                                       |                                                                        carry_chain__parameterized2__23 |          0 |          0 |       0 |    0 |     0 |      0 |      0 |    0 |          0 |
|                         LOGIC.RND2                                                                       |                                                                        carry_chain__parameterized3__23 |          0 |          0 |       0 |    0 |     0 |      0 |      0 |    0 |          0 |
|                         RND_BIT_GEN                                                                      |                                                                                      flt_round_bit__23 |          2 |          2 |       0 |    0 |     0 |      0 |      0 |    0 |          0 |
|                           (RND_BIT_GEN)                                                                  |                                                                                      flt_round_bit__23 |          2 |          2 |       0 |    0 |     0 |      0 |      0 |    0 |          0 |
|                           NORM_1_OR_0.STRUCT_REQ.SPECIAL.RND_CHAIN                                       |                                                                        carry_chain__parameterized1__23 |          0 |          0 |       0 |    0 |     0 |      0 |      0 |    0 |          0 |
|                       RND_REQ.Z_DET_REQ.DET_ZERO                                                         |                                                                                      compare_ne_im__23 |          2 |          2 |       0 |    0 |     0 |      0 |      0 |    0 |          0 |
|                         (RND_REQ.Z_DET_REQ.DET_ZERO)                                                     |                                                                                      compare_ne_im__23 |          2 |          2 |       0 |    0 |     0 |      0 |      0 |    0 |          0 |
|                         WIDE_NOR                                                                         |                                                                        carry_chain__parameterized0__24 |          0 |          0 |       0 |    0 |     0 |      0 |      0 |    0 |          0 |
|             sptohp_32ns_16_1_no_dsp_1_U485                                                               |                                                fsa_stream_split_d_sptohp_32ns_16_1_no_dsp_1__xdcDup__8 |         30 |         30 |       0 |    0 |     0 |      0 |      0 |    0 |          0 |
|               (sptohp_32ns_16_1_no_dsp_1_U485)                                                           |                                                fsa_stream_split_d_sptohp_32ns_16_1_no_dsp_1__xdcDup__8 |          0 |          0 |       0 |    0 |     0 |      0 |      0 |    0 |          0 |
|               fsa_stream_split_d_sptohp_32ns_16_1_no_dsp_1_ip_u                                          |                                                    fsa_stream_split_d_sptohp_32ns_16_1_no_dsp_1_ip__22 |         30 |         30 |       0 |    0 |     0 |      0 |      0 |    0 |          0 |
|                 (fsa_stream_split_d_sptohp_32ns_16_1_no_dsp_1_ip_u)                                      |                                                    fsa_stream_split_d_sptohp_32ns_16_1_no_dsp_1_ip__22 |          0 |          0 |       0 |    0 |     0 |      0 |      0 |    0 |          0 |
|                 inst                                                                                     |                                                                             floating_point_v7_1_19__22 |         30 |         30 |       0 |    0 |     0 |      0 |      0 |    0 |          0 |
|                   (inst)                                                                                 |                                                                             floating_point_v7_1_19__22 |          0 |          0 |       0 |    0 |     0 |      0 |      0 |    0 |          0 |
|                   i_synth                                                                                |                                                                         floating_point_v7_1_19_viv__22 |         30 |         30 |       0 |    0 |     0 |      0 |      0 |    0 |          0 |
|                     (i_synth)                                                                            |                                                                         floating_point_v7_1_19_viv__22 |          0 |          0 |       0 |    0 |     0 |      0 |      0 |    0 |          0 |
|                     FLT_TO_FLT_OP.SPD.OP                                                                 |                                                                                    flt_to_flt_conv__22 |         30 |         30 |       0 |    0 |     0 |      0 |      0 |    0 |          0 |
|                       (FLT_TO_FLT_OP.SPD.OP)                                                             |                                                                                    flt_to_flt_conv__22 |          1 |          1 |       0 |    0 |     0 |      0 |      0 |    0 |          0 |
|                       EXP                                                                                |                                                                                flt_to_flt_conv_exp__22 |         12 |         12 |       0 |    0 |     0 |      0 |      0 |    0 |          0 |
|                         (EXP)                                                                            |                                                                                flt_to_flt_conv_exp__22 |          6 |          6 |       0 |    0 |     0 |      0 |      0 |    0 |          0 |
|                         COND_DET                                                                         |                                                                                     special_detect__22 |          6 |          6 |       0 |    0 |     0 |      0 |      0 |    0 |          0 |
|                           (COND_DET)                                                                     |                                                                                     special_detect__22 |          2 |          2 |       0 |    0 |     0 |      0 |      0 |    0 |          0 |
|                           MANT_CARRY.MANT_ALL_ZERO_DET                                                   |                                                                                      compare_eq_im__22 |          4 |          4 |       0 |    0 |     0 |      0 |      0 |    0 |          0 |
|                             (MANT_CARRY.MANT_ALL_ZERO_DET)                                               |                                                                                      compare_eq_im__22 |          4 |          4 |       0 |    0 |     0 |      0 |      0 |    0 |          0 |
|                             CARRY_ZERO_DET                                                               |                                                                                        carry_chain__22 |          0 |          0 |       0 |    0 |     0 |      0 |      0 |    0 |          0 |
|                       OUTPUT                                                                             |                                                                                         flt_dec_op__22 |         13 |         13 |       0 |    0 |     0 |      0 |      0 |    0 |          0 |
|                       RND_REQ.ROUND                                                                      |                                                                             renorm_and_round_logic__22 |          2 |          2 |       0 |    0 |     0 |      0 |      0 |    0 |          0 |
|                         (RND_REQ.ROUND)                                                                  |                                                                             renorm_and_round_logic__22 |          0 |          0 |       0 |    0 |     0 |      0 |      0 |    0 |          0 |
|                         EXP_ADD.ADD                                                                      |                                                                        carry_chain__parameterized4__22 |          0 |          0 |       0 |    0 |     0 |      0 |      0 |    0 |          0 |
|                         LOGIC.RND1                                                                       |                                                                        carry_chain__parameterized2__22 |          0 |          0 |       0 |    0 |     0 |      0 |      0 |    0 |          0 |
|                         LOGIC.RND2                                                                       |                                                                        carry_chain__parameterized3__22 |          0 |          0 |       0 |    0 |     0 |      0 |      0 |    0 |          0 |
|                         RND_BIT_GEN                                                                      |                                                                                      flt_round_bit__22 |          2 |          2 |       0 |    0 |     0 |      0 |      0 |    0 |          0 |
|                           (RND_BIT_GEN)                                                                  |                                                                                      flt_round_bit__22 |          2 |          2 |       0 |    0 |     0 |      0 |      0 |    0 |          0 |
|                           NORM_1_OR_0.STRUCT_REQ.SPECIAL.RND_CHAIN                                       |                                                                        carry_chain__parameterized1__22 |          0 |          0 |       0 |    0 |     0 |      0 |      0 |    0 |          0 |
|                       RND_REQ.Z_DET_REQ.DET_ZERO                                                         |                                                                                      compare_ne_im__22 |          2 |          2 |       0 |    0 |     0 |      0 |      0 |    0 |          0 |
|                         (RND_REQ.Z_DET_REQ.DET_ZERO)                                                     |                                                                                      compare_ne_im__22 |          2 |          2 |       0 |    0 |     0 |      0 |      0 |    0 |          0 |
|                         WIDE_NOR                                                                         |                                                                        carry_chain__parameterized0__23 |          0 |          0 |       0 |    0 |     0 |      0 |      0 |    0 |          0 |
|             sptohp_32ns_16_1_no_dsp_1_U486                                                               |                                                fsa_stream_split_d_sptohp_32ns_16_1_no_dsp_1__xdcDup__9 |         30 |         30 |       0 |    0 |     0 |      0 |      0 |    0 |          0 |
|               (sptohp_32ns_16_1_no_dsp_1_U486)                                                           |                                                fsa_stream_split_d_sptohp_32ns_16_1_no_dsp_1__xdcDup__9 |          0 |          0 |       0 |    0 |     0 |      0 |      0 |    0 |          0 |
|               fsa_stream_split_d_sptohp_32ns_16_1_no_dsp_1_ip_u                                          |                                                    fsa_stream_split_d_sptohp_32ns_16_1_no_dsp_1_ip__21 |         30 |         30 |       0 |    0 |     0 |      0 |      0 |    0 |          0 |
|                 (fsa_stream_split_d_sptohp_32ns_16_1_no_dsp_1_ip_u)                                      |                                                    fsa_stream_split_d_sptohp_32ns_16_1_no_dsp_1_ip__21 |          0 |          0 |       0 |    0 |     0 |      0 |      0 |    0 |          0 |
|                 inst                                                                                     |                                                                             floating_point_v7_1_19__21 |         30 |         30 |       0 |    0 |     0 |      0 |      0 |    0 |          0 |
|                   (inst)                                                                                 |                                                                             floating_point_v7_1_19__21 |          0 |          0 |       0 |    0 |     0 |      0 |      0 |    0 |          0 |
|                   i_synth                                                                                |                                                                         floating_point_v7_1_19_viv__21 |         30 |         30 |       0 |    0 |     0 |      0 |      0 |    0 |          0 |
|                     (i_synth)                                                                            |                                                                         floating_point_v7_1_19_viv__21 |          0 |          0 |       0 |    0 |     0 |      0 |      0 |    0 |          0 |
|                     FLT_TO_FLT_OP.SPD.OP                                                                 |                                                                                    flt_to_flt_conv__21 |         30 |         30 |       0 |    0 |     0 |      0 |      0 |    0 |          0 |
|                       (FLT_TO_FLT_OP.SPD.OP)                                                             |                                                                                    flt_to_flt_conv__21 |          1 |          1 |       0 |    0 |     0 |      0 |      0 |    0 |          0 |
|                       EXP                                                                                |                                                                                flt_to_flt_conv_exp__21 |         12 |         12 |       0 |    0 |     0 |      0 |      0 |    0 |          0 |
|                         (EXP)                                                                            |                                                                                flt_to_flt_conv_exp__21 |          6 |          6 |       0 |    0 |     0 |      0 |      0 |    0 |          0 |
|                         COND_DET                                                                         |                                                                                     special_detect__21 |          6 |          6 |       0 |    0 |     0 |      0 |      0 |    0 |          0 |
|                           (COND_DET)                                                                     |                                                                                     special_detect__21 |          2 |          2 |       0 |    0 |     0 |      0 |      0 |    0 |          0 |
|                           MANT_CARRY.MANT_ALL_ZERO_DET                                                   |                                                                                      compare_eq_im__21 |          4 |          4 |       0 |    0 |     0 |      0 |      0 |    0 |          0 |
|                             (MANT_CARRY.MANT_ALL_ZERO_DET)                                               |                                                                                      compare_eq_im__21 |          4 |          4 |       0 |    0 |     0 |      0 |      0 |    0 |          0 |
|                             CARRY_ZERO_DET                                                               |                                                                                        carry_chain__21 |          0 |          0 |       0 |    0 |     0 |      0 |      0 |    0 |          0 |
|                       OUTPUT                                                                             |                                                                                         flt_dec_op__21 |         13 |         13 |       0 |    0 |     0 |      0 |      0 |    0 |          0 |
|                       RND_REQ.ROUND                                                                      |                                                                             renorm_and_round_logic__21 |          2 |          2 |       0 |    0 |     0 |      0 |      0 |    0 |          0 |
|                         (RND_REQ.ROUND)                                                                  |                                                                             renorm_and_round_logic__21 |          0 |          0 |       0 |    0 |     0 |      0 |      0 |    0 |          0 |
|                         EXP_ADD.ADD                                                                      |                                                                        carry_chain__parameterized4__21 |          0 |          0 |       0 |    0 |     0 |      0 |      0 |    0 |          0 |
|                         LOGIC.RND1                                                                       |                                                                        carry_chain__parameterized2__21 |          0 |          0 |       0 |    0 |     0 |      0 |      0 |    0 |          0 |
|                         LOGIC.RND2                                                                       |                                                                        carry_chain__parameterized3__21 |          0 |          0 |       0 |    0 |     0 |      0 |      0 |    0 |          0 |
|                         RND_BIT_GEN                                                                      |                                                                                      flt_round_bit__21 |          2 |          2 |       0 |    0 |     0 |      0 |      0 |    0 |          0 |
|                           (RND_BIT_GEN)                                                                  |                                                                                      flt_round_bit__21 |          2 |          2 |       0 |    0 |     0 |      0 |      0 |    0 |          0 |
|                           NORM_1_OR_0.STRUCT_REQ.SPECIAL.RND_CHAIN                                       |                                                                        carry_chain__parameterized1__21 |          0 |          0 |       0 |    0 |     0 |      0 |      0 |    0 |          0 |
|                       RND_REQ.Z_DET_REQ.DET_ZERO                                                         |                                                                                      compare_ne_im__21 |          2 |          2 |       0 |    0 |     0 |      0 |      0 |    0 |          0 |
|                         (RND_REQ.Z_DET_REQ.DET_ZERO)                                                     |                                                                                      compare_ne_im__21 |          2 |          2 |       0 |    0 |     0 |      0 |      0 |    0 |          0 |
|                         WIDE_NOR                                                                         |                                                                        carry_chain__parameterized0__22 |          0 |          0 |       0 |    0 |     0 |      0 |      0 |    0 |          0 |
|             sptohp_32ns_16_1_no_dsp_1_U487                                                               |                                               fsa_stream_split_d_sptohp_32ns_16_1_no_dsp_1__xdcDup__10 |         30 |         30 |       0 |    0 |     0 |      0 |      0 |    0 |          0 |
|               (sptohp_32ns_16_1_no_dsp_1_U487)                                                           |                                               fsa_stream_split_d_sptohp_32ns_16_1_no_dsp_1__xdcDup__10 |          0 |          0 |       0 |    0 |     0 |      0 |      0 |    0 |          0 |
|               fsa_stream_split_d_sptohp_32ns_16_1_no_dsp_1_ip_u                                          |                                                    fsa_stream_split_d_sptohp_32ns_16_1_no_dsp_1_ip__20 |         30 |         30 |       0 |    0 |     0 |      0 |      0 |    0 |          0 |
|                 (fsa_stream_split_d_sptohp_32ns_16_1_no_dsp_1_ip_u)                                      |                                                    fsa_stream_split_d_sptohp_32ns_16_1_no_dsp_1_ip__20 |          0 |          0 |       0 |    0 |     0 |      0 |      0 |    0 |          0 |
|                 inst                                                                                     |                                                                             floating_point_v7_1_19__20 |         30 |         30 |       0 |    0 |     0 |      0 |      0 |    0 |          0 |
|                   (inst)                                                                                 |                                                                             floating_point_v7_1_19__20 |          0 |          0 |       0 |    0 |     0 |      0 |      0 |    0 |          0 |
|                   i_synth                                                                                |                                                                         floating_point_v7_1_19_viv__20 |         30 |         30 |       0 |    0 |     0 |      0 |      0 |    0 |          0 |
|                     (i_synth)                                                                            |                                                                         floating_point_v7_1_19_viv__20 |          0 |          0 |       0 |    0 |     0 |      0 |      0 |    0 |          0 |
|                     FLT_TO_FLT_OP.SPD.OP                                                                 |                                                                                    flt_to_flt_conv__20 |         30 |         30 |       0 |    0 |     0 |      0 |      0 |    0 |          0 |
|                       (FLT_TO_FLT_OP.SPD.OP)                                                             |                                                                                    flt_to_flt_conv__20 |          1 |          1 |       0 |    0 |     0 |      0 |      0 |    0 |          0 |
|                       EXP                                                                                |                                                                                flt_to_flt_conv_exp__20 |         12 |         12 |       0 |    0 |     0 |      0 |      0 |    0 |          0 |
|                         (EXP)                                                                            |                                                                                flt_to_flt_conv_exp__20 |          6 |          6 |       0 |    0 |     0 |      0 |      0 |    0 |          0 |
|                         COND_DET                                                                         |                                                                                     special_detect__20 |          6 |          6 |       0 |    0 |     0 |      0 |      0 |    0 |          0 |
|                           (COND_DET)                                                                     |                                                                                     special_detect__20 |          2 |          2 |       0 |    0 |     0 |      0 |      0 |    0 |          0 |
|                           MANT_CARRY.MANT_ALL_ZERO_DET                                                   |                                                                                      compare_eq_im__20 |          4 |          4 |       0 |    0 |     0 |      0 |      0 |    0 |          0 |
|                             (MANT_CARRY.MANT_ALL_ZERO_DET)                                               |                                                                                      compare_eq_im__20 |          4 |          4 |       0 |    0 |     0 |      0 |      0 |    0 |          0 |
|                             CARRY_ZERO_DET                                                               |                                                                                        carry_chain__20 |          0 |          0 |       0 |    0 |     0 |      0 |      0 |    0 |          0 |
|                       OUTPUT                                                                             |                                                                                         flt_dec_op__20 |         13 |         13 |       0 |    0 |     0 |      0 |      0 |    0 |          0 |
|                       RND_REQ.ROUND                                                                      |                                                                             renorm_and_round_logic__20 |          2 |          2 |       0 |    0 |     0 |      0 |      0 |    0 |          0 |
|                         (RND_REQ.ROUND)                                                                  |                                                                             renorm_and_round_logic__20 |          0 |          0 |       0 |    0 |     0 |      0 |      0 |    0 |          0 |
|                         EXP_ADD.ADD                                                                      |                                                                        carry_chain__parameterized4__20 |          0 |          0 |       0 |    0 |     0 |      0 |      0 |    0 |          0 |
|                         LOGIC.RND1                                                                       |                                                                        carry_chain__parameterized2__20 |          0 |          0 |       0 |    0 |     0 |      0 |      0 |    0 |          0 |
|                         LOGIC.RND2                                                                       |                                                                        carry_chain__parameterized3__20 |          0 |          0 |       0 |    0 |     0 |      0 |      0 |    0 |          0 |
|                         RND_BIT_GEN                                                                      |                                                                                      flt_round_bit__20 |          2 |          2 |       0 |    0 |     0 |      0 |      0 |    0 |          0 |
|                           (RND_BIT_GEN)                                                                  |                                                                                      flt_round_bit__20 |          2 |          2 |       0 |    0 |     0 |      0 |      0 |    0 |          0 |
|                           NORM_1_OR_0.STRUCT_REQ.SPECIAL.RND_CHAIN                                       |                                                                        carry_chain__parameterized1__20 |          0 |          0 |       0 |    0 |     0 |      0 |      0 |    0 |          0 |
|                       RND_REQ.Z_DET_REQ.DET_ZERO                                                         |                                                                                      compare_ne_im__20 |          2 |          2 |       0 |    0 |     0 |      0 |      0 |    0 |          0 |
|                         (RND_REQ.Z_DET_REQ.DET_ZERO)                                                     |                                                                                      compare_ne_im__20 |          2 |          2 |       0 |    0 |     0 |      0 |      0 |    0 |          0 |
|                         WIDE_NOR                                                                         |                                                                        carry_chain__parameterized0__21 |          0 |          0 |       0 |    0 |     0 |      0 |      0 |    0 |          0 |
|             v_tile_16_U                                                                                  |                fsa_stream_split_d_runQueryBlock_0_Outline_VITIS_LOOP_117_5_v_tile_30_RAM_AUTO_1R1W__15 |         17 |          1 |      16 |    0 |    16 |      0 |      0 |    0 |          0 |
|             v_tile_17_U                                                                                  |                fsa_stream_split_d_runQueryBlock_0_Outline_VITIS_LOOP_117_5_v_tile_30_RAM_AUTO_1R1W__14 |         17 |          1 |      16 |    0 |    16 |      0 |      0 |    0 |          0 |
|             v_tile_18_U                                                                                  |                fsa_stream_split_d_runQueryBlock_0_Outline_VITIS_LOOP_117_5_v_tile_30_RAM_AUTO_1R1W__13 |         17 |          1 |      16 |    0 |    16 |      0 |      0 |    0 |          0 |
|             v_tile_19_U                                                                                  |                fsa_stream_split_d_runQueryBlock_0_Outline_VITIS_LOOP_117_5_v_tile_30_RAM_AUTO_1R1W__12 |         17 |          1 |      16 |    0 |    16 |      0 |      0 |    0 |          0 |
|             v_tile_20_U                                                                                  |                fsa_stream_split_d_runQueryBlock_0_Outline_VITIS_LOOP_117_5_v_tile_30_RAM_AUTO_1R1W__11 |         17 |          1 |      16 |    0 |    16 |      0 |      0 |    0 |          0 |
|             v_tile_21_U                                                                                  |                fsa_stream_split_d_runQueryBlock_0_Outline_VITIS_LOOP_117_5_v_tile_30_RAM_AUTO_1R1W__10 |         17 |          1 |      16 |    0 |    16 |      0 |      0 |    0 |          0 |
|             v_tile_22_U                                                                                  |                 fsa_stream_split_d_runQueryBlock_0_Outline_VITIS_LOOP_117_5_v_tile_30_RAM_AUTO_1R1W__9 |         17 |          1 |      16 |    0 |    16 |      0 |      0 |    0 |          0 |
|             v_tile_23_U                                                                                  |                 fsa_stream_split_d_runQueryBlock_0_Outline_VITIS_LOOP_117_5_v_tile_30_RAM_AUTO_1R1W__8 |         17 |          1 |      16 |    0 |    16 |      0 |      0 |    0 |          0 |
|             v_tile_24_U                                                                                  |                 fsa_stream_split_d_runQueryBlock_0_Outline_VITIS_LOOP_117_5_v_tile_30_RAM_AUTO_1R1W__7 |         17 |          1 |      16 |    0 |    16 |      0 |      0 |    0 |          0 |
|             v_tile_25_U                                                                                  |                 fsa_stream_split_d_runQueryBlock_0_Outline_VITIS_LOOP_117_5_v_tile_30_RAM_AUTO_1R1W__6 |         17 |          1 |      16 |    0 |    16 |      0 |      0 |    0 |          0 |
|             v_tile_26_U                                                                                  |                 fsa_stream_split_d_runQueryBlock_0_Outline_VITIS_LOOP_117_5_v_tile_30_RAM_AUTO_1R1W__5 |         17 |          1 |      16 |    0 |    16 |      0 |      0 |    0 |          0 |
|             v_tile_27_U                                                                                  |                 fsa_stream_split_d_runQueryBlock_0_Outline_VITIS_LOOP_117_5_v_tile_30_RAM_AUTO_1R1W__4 |         17 |          1 |      16 |    0 |    16 |      0 |      0 |    0 |          0 |
|             v_tile_28_U                                                                                  |                 fsa_stream_split_d_runQueryBlock_0_Outline_VITIS_LOOP_117_5_v_tile_30_RAM_AUTO_1R1W__3 |         17 |          1 |      16 |    0 |    16 |      0 |      0 |    0 |          0 |
|             v_tile_29_U                                                                                  |                 fsa_stream_split_d_runQueryBlock_0_Outline_VITIS_LOOP_117_5_v_tile_30_RAM_AUTO_1R1W__2 |         17 |          1 |      16 |    0 |    16 |      0 |      0 |    0 |          0 |
|             v_tile_30_U                                                                                  |                 fsa_stream_split_d_runQueryBlock_0_Outline_VITIS_LOOP_117_5_v_tile_30_RAM_AUTO_1R1W__1 |         17 |          1 |      16 |    0 |    16 |      0 |      0 |    0 |          0 |
|             v_tile_U                                                                                     |                fsa_stream_split_d_runQueryBlock_0_Outline_VITIS_LOOP_117_5_v_tile_30_RAM_AUTO_1R1W__16 |         17 |          1 |      16 |    0 |    16 |      0 |      0 |    0 |          0 |
|           grp_runQueryBlock_0_Pipeline_13_fu_162                                                         |                                                         fsa_stream_split_d_runQueryBlock_0_Pipeline_13 |         15 |         15 |       0 |    0 |     8 |      0 |      0 |    0 |          0 |
|             (grp_runQueryBlock_0_Pipeline_13_fu_162)                                                     |                                                         fsa_stream_split_d_runQueryBlock_0_Pipeline_13 |         13 |         13 |       0 |    0 |     6 |      0 |      0 |    0 |          0 |
|             flow_control_loop_pipe_sequential_init_U                                                     |                                          fsa_stream_split_d_flow_control_loop_pipe_sequential_init__15 |          2 |          2 |       0 |    0 |     2 |      0 |      0 |    0 |          0 |
|           grp_runQueryBlock_0_Pipeline_2_fu_156                                                          |                                                          fsa_stream_split_d_runQueryBlock_0_Pipeline_2 |         15 |         15 |       0 |    0 |     8 |      0 |      0 |    0 |          0 |
|             (grp_runQueryBlock_0_Pipeline_2_fu_156)                                                      |                                                          fsa_stream_split_d_runQueryBlock_0_Pipeline_2 |         13 |         13 |       0 |    0 |     6 |      0 |      0 |    0 |          0 |
|             flow_control_loop_pipe_sequential_init_U                                                     |                                          fsa_stream_split_d_flow_control_loop_pipe_sequential_init__16 |          2 |          2 |       0 |    0 |     2 |      0 |      0 |    0 |          0 |
|           grp_runQueryBlock_0_Pipeline_VITIS_LOOP_451_40_fu_207                                          |                                          fsa_stream_split_d_runQueryBlock_0_Pipeline_VITIS_LOOP_451_40 |         17 |         12 |       0 |    5 |    25 |      0 |      0 |    0 |          0 |
|             (grp_runQueryBlock_0_Pipeline_VITIS_LOOP_451_40_fu_207)                                      |                                          fsa_stream_split_d_runQueryBlock_0_Pipeline_VITIS_LOOP_451_40 |         15 |         10 |       0 |    5 |    23 |      0 |      0 |    0 |          0 |
|             flow_control_loop_pipe_sequential_init_U                                                     |                                          fsa_stream_split_d_flow_control_loop_pipe_sequential_init__12 |          2 |          2 |       0 |    0 |     2 |      0 |      0 |    0 |          0 |
|           grp_runQueryBlock_0_Pipeline_VITIS_LOOP_474_43_VITIS_LOOP_475_44_fu_221                        |                        fsa_stream_split_d_runQueryBlock_0_Pipeline_VITIS_LOOP_474_43_VITIS_LOOP_475_44 |         54 |         54 |       0 |    0 |    17 |      0 |      0 |    0 |          0 |
|             (grp_runQueryBlock_0_Pipeline_VITIS_LOOP_474_43_VITIS_LOOP_475_44_fu_221)                    |                        fsa_stream_split_d_runQueryBlock_0_Pipeline_VITIS_LOOP_474_43_VITIS_LOOP_475_44 |         52 |         52 |       0 |    0 |    15 |      0 |      0 |    0 |          0 |
|             flow_control_loop_pipe_sequential_init_U                                                     |                                          fsa_stream_split_d_flow_control_loop_pipe_sequential_init__11 |          2 |          2 |       0 |    0 |     2 |      0 |      0 |    0 |          0 |
|           grp_runQueryBlock_0_Pipeline_VITIS_LOOP_90_1_VITIS_LOOP_91_2_fu_142                            |                            fsa_stream_split_d_runQueryBlock_0_Pipeline_VITIS_LOOP_90_1_VITIS_LOOP_91_2 |         16 |         16 |       0 |    0 |    12 |      0 |      0 |    0 |          0 |
|             (grp_runQueryBlock_0_Pipeline_VITIS_LOOP_90_1_VITIS_LOOP_91_2_fu_142)                        |                            fsa_stream_split_d_runQueryBlock_0_Pipeline_VITIS_LOOP_90_1_VITIS_LOOP_91_2 |         14 |         14 |       0 |    0 |    10 |      0 |      0 |    0 |          0 |
|             flow_control_loop_pipe_sequential_init_U                                                     |                                          fsa_stream_split_d_flow_control_loop_pipe_sequential_init__17 |          2 |          2 |       0 |    0 |     2 |      0 |      0 |    0 |          0 |
|           normalized_1_U                                                                                 |                                          fsa_stream_split_d_runQueryBlock_0_s_normalized_RAM_AUTO_1R1W |         33 |          1 |      32 |    0 |    32 |      0 |      0 |    0 |          0 |
|           normalized_U                                                                                   |                                       fsa_stream_split_d_runQueryBlock_0_s_normalized_RAM_AUTO_1R1W__1 |         33 |          1 |      32 |    0 |    32 |      0 |      0 |    0 |          0 |
|           output_acc_1_U                                                                                 |                                          fsa_stream_split_d_runQueryBlock_0_s_output_acc_RAM_AUTO_1R1W |         65 |          1 |      64 |    0 |    64 |      0 |      0 |    0 |          0 |
|           output_acc_U                                                                                   |                                       fsa_stream_split_d_runQueryBlock_0_s_output_acc_RAM_AUTO_1R1W__1 |         65 |          1 |      64 |    0 |    64 |      0 |      0 |    0 |          0 |
|           q_tile_10_U                                                                                    |                                           fsa_stream_split_d_runQueryBlock_0_s_q_tile_RAM_AUTO_1R1W__4 |         17 |          1 |      16 |    0 |    16 |      0 |      0 |    0 |          0 |
|           q_tile_11_U                                                                                    |                                           fsa_stream_split_d_runQueryBlock_0_s_q_tile_RAM_AUTO_1R1W__5 |         17 |          1 |      16 |    0 |    16 |      0 |      0 |    0 |          0 |
|           q_tile_12_U                                                                                    |                                           fsa_stream_split_d_runQueryBlock_0_s_q_tile_RAM_AUTO_1R1W__6 |         17 |          1 |      16 |    0 |    16 |      0 |      0 |    0 |          0 |
|           q_tile_13_U                                                                                    |                                           fsa_stream_split_d_runQueryBlock_0_s_q_tile_RAM_AUTO_1R1W__7 |         17 |          1 |      16 |    0 |    16 |      0 |      0 |    0 |          0 |
|           q_tile_14_U                                                                                    |                                              fsa_stream_split_d_runQueryBlock_0_s_q_tile_RAM_AUTO_1R1W |         17 |          1 |      16 |    0 |    16 |      0 |      0 |    0 |          0 |
|           q_tile_8_U                                                                                     |                                           fsa_stream_split_d_runQueryBlock_0_s_q_tile_RAM_AUTO_1R1W__2 |         17 |          1 |      16 |    0 |    16 |      0 |      0 |    0 |          0 |
|           q_tile_9_U                                                                                     |                                           fsa_stream_split_d_runQueryBlock_0_s_q_tile_RAM_AUTO_1R1W__3 |         17 |          1 |      16 |    0 |    16 |      0 |      0 |    0 |          0 |
|           q_tile_U                                                                                       |                                           fsa_stream_split_d_runQueryBlock_0_s_q_tile_RAM_AUTO_1R1W__1 |         17 |          1 |      16 |    0 |    16 |      0 |      0 |    0 |          0 |
|         runQueryBlock_1_U0                                                                               |                                                                   fsa_stream_split_d_runQueryBlock_1_s |      23699 |      22755 |     832 |  112 | 10689 |      0 |      0 |    0 |         20 |
|           (runQueryBlock_1_U0)                                                                           |                                                                   fsa_stream_split_d_runQueryBlock_1_s |        270 |        270 |       0 |    0 |   309 |      0 |      0 |    0 |          0 |
|           grp_reciprocalColumns_fu_205                                                                   |                                                                   fsa_stream_split_d_reciprocalColumns |        877 |        877 |       0 |    0 |   585 |      0 |      0 |    0 |          0 |
|             (grp_reciprocalColumns_fu_205)                                                               |                                                                   fsa_stream_split_d_reciprocalColumns |        163 |        163 |       0 |    0 |   255 |      0 |      0 |    0 |          0 |
|             fcmp_32ns_32ns_1_1_no_dsp_1_U545                                                             |                                                         fsa_stream_split_d_fcmp_32ns_32ns_1_1_no_dsp_1 |         20 |         20 |       0 |    0 |     0 |      0 |      0 |    0 |          0 |
|               (fcmp_32ns_32ns_1_1_no_dsp_1_U545)                                                         |                                                         fsa_stream_split_d_fcmp_32ns_32ns_1_1_no_dsp_1 |          0 |          0 |       0 |    0 |     0 |      0 |      0 |    0 |          0 |
|               fsa_stream_split_d_fcmp_32ns_32ns_1_1_no_dsp_1_ip_u                                        |                                                      fsa_stream_split_d_fcmp_32ns_32ns_1_1_no_dsp_1_ip |         20 |         20 |       0 |    0 |     0 |      0 |      0 |    0 |          0 |
|                 (fsa_stream_split_d_fcmp_32ns_32ns_1_1_no_dsp_1_ip_u)                                    |                                                      fsa_stream_split_d_fcmp_32ns_32ns_1_1_no_dsp_1_ip |          0 |          0 |       0 |    0 |     0 |      0 |      0 |    0 |          0 |
|                 inst                                                                                     |                                                                 floating_point_v7_1_19__parameterized2 |         20 |         20 |       0 |    0 |     0 |      0 |      0 |    0 |          0 |
|                   (inst)                                                                                 |                                                                 floating_point_v7_1_19__parameterized2 |          0 |          0 |       0 |    0 |     0 |      0 |      0 |    0 |          0 |
|                   i_synth                                                                                |                                                             floating_point_v7_1_19_viv__parameterized5 |         20 |         20 |       0 |    0 |     0 |      0 |      0 |    0 |          0 |
|                     (i_synth)                                                                            |                                                             floating_point_v7_1_19_viv__parameterized5 |          0 |          0 |       0 |    0 |     0 |      0 |      0 |    0 |          0 |
|                     COMP_OP.SPD.OP                                                                       |                                                                                                 fp_cmp |         20 |         20 |       0 |    0 |     0 |      0 |      0 |    0 |          0 |
|                       (COMP_OP.SPD.OP)                                                                   |                                                                                                 fp_cmp |          1 |          1 |       0 |    0 |     0 |      0 |      0 |    0 |          0 |
|                       STRUCT_CMP.A_EQ_B_DET                                                              |                                                                                             compare_eq |         11 |         11 |       0 |    0 |     0 |      0 |      0 |    0 |          0 |
|                         (STRUCT_CMP.A_EQ_B_DET)                                                          |                                                                                             compare_eq |         11 |         11 |       0 |    0 |     0 |      0 |      0 |    0 |          0 |
|                         WIDE_AND                                                                         |                                                                           carry_chain__parameterized13 |          0 |          0 |       0 |    0 |     0 |      0 |      0 |    0 |          0 |
|                       STRUCT_CMP.A_EXP_ALL_ONE_DET                                                       |                                                                       compare_eq_im__parameterized4__4 |          2 |          2 |       0 |    0 |     0 |      0 |      0 |    0 |          0 |
|                         (STRUCT_CMP.A_EXP_ALL_ONE_DET)                                                   |                                                                       compare_eq_im__parameterized4__4 |          2 |          2 |       0 |    0 |     0 |      0 |      0 |    0 |          0 |
|                         CARRY_ZERO_DET                                                                   |                                                                        carry_chain__parameterized0__43 |          0 |          0 |       0 |    0 |     0 |      0 |      0 |    0 |          0 |
|                       STRUCT_CMP.A_FRAC_NOT_ZERO_DET                                                     |                                                                       compare_ne_im__parameterized0__4 |          4 |          4 |       0 |    0 |     0 |      0 |      0 |    0 |          0 |
|                         (STRUCT_CMP.A_FRAC_NOT_ZERO_DET)                                                 |                                                                       compare_ne_im__parameterized0__4 |          4 |          4 |       0 |    0 |     0 |      0 |      0 |    0 |          0 |
|                         WIDE_NOR                                                                         |                                                                        carry_chain__parameterized12__4 |          0 |          0 |       0 |    0 |     0 |      0 |      0 |    0 |          0 |
|                       STRUCT_CMP.B_EXP_ALL_ONE_DET                                                       |                                                                          compare_eq_im__parameterized4 |          0 |          0 |       0 |    0 |     0 |      0 |      0 |    0 |          0 |
|                         (STRUCT_CMP.B_EXP_ALL_ONE_DET)                                                   |                                                                          compare_eq_im__parameterized4 |          0 |          0 |       0 |    0 |     0 |      0 |      0 |    0 |          0 |
|                         CARRY_ZERO_DET                                                                   |                                                                            carry_chain__parameterized0 |          0 |          0 |       0 |    0 |     0 |      0 |      0 |    0 |          0 |
|                       STRUCT_CMP.B_FRAC_NOT_ZERO_DET                                                     |                                                                          compare_ne_im__parameterized0 |          0 |          0 |       0 |    0 |     0 |      0 |      0 |    0 |          0 |
|                         (STRUCT_CMP.B_FRAC_NOT_ZERO_DET)                                                 |                                                                          compare_ne_im__parameterized0 |          0 |          0 |       0 |    0 |     0 |      0 |      0 |    0 |          0 |
|                         WIDE_NOR                                                                         |                                                                           carry_chain__parameterized12 |          0 |          0 |       0 |    0 |     0 |      0 |      0 |    0 |          0 |
|                       STRUCT_CMP.EXP_ALL_ZERO_DET                                                        |                                                                          compare_eq_im__parameterized3 |          2 |          2 |       0 |    0 |     0 |      0 |      0 |    0 |          0 |
|                         (STRUCT_CMP.EXP_ALL_ZERO_DET)                                                    |                                                                          compare_eq_im__parameterized3 |          2 |          2 |       0 |    0 |     0 |      0 |      0 |    0 |          0 |
|                         CARRY_ZERO_DET                                                                   |                                                                           carry_chain__parameterized11 |          0 |          0 |       0 |    0 |     0 |      0 |      0 |    0 |          0 |
|             grp_p_anonymous_namespace_begin_reciprocal_fu_97                                             |                                              fsa_stream_split_d_p_anonymous_namespace_begin_reciprocal |        274 |        274 |       0 |    0 |   154 |      0 |      0 |    0 |          0 |
|             grp_p_anonymous_namespace_normalize_and_round_fu_115                                         |                                           fsa_stream_split_d_p_anonymous_namespace_normalize_and_round |        204 |        204 |       0 |    0 |     0 |      0 |      0 |    0 |          0 |
|             grp_reciprocalColumns_Pipeline_VITIS_LOOP_369_13_fu_125                                      |                                        fsa_stream_split_d_reciprocalColumns_Pipeline_VITIS_LOOP_369_13 |        108 |        108 |       0 |    0 |    88 |      0 |      0 |    0 |          0 |
|               (grp_reciprocalColumns_Pipeline_VITIS_LOOP_369_13_fu_125)                                  |                                        fsa_stream_split_d_reciprocalColumns_Pipeline_VITIS_LOOP_369_13 |        106 |        106 |       0 |    0 |    86 |      0 |      0 |    0 |          0 |
|               flow_control_loop_pipe_sequential_init_U                                                   |                                          fsa_stream_split_d_flow_control_loop_pipe_sequential_init__29 |          2 |          2 |       0 |    0 |     2 |      0 |      0 |    0 |          0 |
|             grp_reciprocalColumns_Pipeline_VITIS_LOOP_369_1_fu_102                                       |                                         fsa_stream_split_d_reciprocalColumns_Pipeline_VITIS_LOOP_369_1 |        108 |        108 |       0 |    0 |    88 |      0 |      0 |    0 |          0 |
|               (grp_reciprocalColumns_Pipeline_VITIS_LOOP_369_1_fu_102)                                   |                                         fsa_stream_split_d_reciprocalColumns_Pipeline_VITIS_LOOP_369_1 |        106 |        106 |       0 |    0 |    86 |      0 |      0 |    0 |          0 |
|               flow_control_loop_pipe_sequential_init_U                                                   |                                          fsa_stream_split_d_flow_control_loop_pipe_sequential_init__30 |          2 |          2 |       0 |    0 |     2 |      0 |      0 |    0 |          0 |
|           grp_runAccumulatorColumns_fu_551                                                               |                                                               fsa_stream_split_d_runAccumulatorColumns |       6022 |       5957 |       0 |   65 |  1774 |      0 |      0 |    0 |          4 |
|             (grp_runAccumulatorColumns_fu_551)                                                           |                                                               fsa_stream_split_d_runAccumulatorColumns |       4692 |       4627 |       0 |   65 |  1588 |      0 |      0 |    0 |          0 |
|             ctlz_24_24_1_1_U298                                                                          |                                                                   fsa_stream_split_d_ctlz_24_24_1_1__1 |         24 |         24 |       0 |    0 |     0 |      0 |      0 |    0 |          0 |
|             ctlz_24_24_1_1_U300                                                                          |                                                                      fsa_stream_split_d_ctlz_24_24_1_1 |         24 |         24 |       0 |    0 |     0 |      0 |      0 |    0 |          0 |
|             ctlz_48_48_1_1_U297                                                                          |                                                                   fsa_stream_split_d_ctlz_48_48_1_1__1 |         46 |         46 |       0 |    0 |     0 |      0 |      0 |    0 |          0 |
|             ctlz_48_48_1_1_U299                                                                          |                                                                      fsa_stream_split_d_ctlz_48_48_1_1 |         46 |         46 |       0 |    0 |     0 |      0 |      0 |    0 |          0 |
|             ctlz_51_51_1_1_U305                                                                          |                                                                   fsa_stream_split_d_ctlz_51_51_1_1__1 |         54 |         54 |       0 |    0 |     0 |      0 |      0 |    0 |          0 |
|             ctlz_51_51_1_1_U310                                                                          |                                                                      fsa_stream_split_d_ctlz_51_51_1_1 |         58 |         58 |       0 |    0 |     0 |      0 |      0 |    0 |          0 |
|             fsa_anonymous_namespace_ACC_EXP2_PWL_INTERCEPT_BITS_U                                        |    fsa_stream_split_d_runAccumulatorColumns_fsa_anonymous_namespace_ACC_EXP2_PWL_INTERCEPT_BITS_ROMcud |         24 |         24 |       0 |    0 |    44 |      0 |      0 |    0 |          0 |
|             fsa_anonymous_namespace_ACC_EXP2_PWL_SLOPE_BITS_U                                            |    fsa_stream_split_d_runAccumulatorColumns_fsa_anonymous_namespace_ACC_EXP2_PWL_SLOPE_BITS_ROM_AUTbkb |         22 |         22 |       0 |    0 |    44 |      0 |      0 |    0 |          0 |
|             grp_stageAccumulatorResult_fu_878                                                            |                                                              fsa_stream_split_d_stageAccumulatorResult |          0 |          0 |       0 |    0 |    64 |      0 |      0 |    0 |          0 |
|             mul_24ns_24ns_48_3_1_U291                                                                    |                                                             fsa_stream_split_d_mul_24ns_24ns_48_3_1__1 |          0 |          0 |       0 |    0 |    17 |      0 |      0 |    0 |          2 |
|             mul_24ns_24ns_48_3_1_U292                                                                    |                                                                fsa_stream_split_d_mul_24ns_24ns_48_3_1 |          0 |          0 |       0 |    0 |    17 |      0 |      0 |    0 |          2 |
|             tmp_45_p_anonymous_namespace_ldexpByBits_fu_870                                              |                                                   fsa_stream_split_d_p_anonymous_namespace_ldexpByBits |        516 |        516 |       0 |    0 |     0 |      0 |      0 |    0 |          0 |
|             tmp_s_p_anonymous_namespace_ldexpByBits_fu_862                                               |                                                fsa_stream_split_d_p_anonymous_namespace_ldexpByBits__1 |        516 |        516 |       0 |    0 |     0 |      0 |      0 |    0 |          0 |
|           grp_runQueryBlock_1_Outline_VITIS_LOOP_117_5_fu_172                                            |                                            fsa_stream_split_d_runQueryBlock_1_Outline_VITIS_LOOP_117_5 |      16081 |      15527 |     512 |   42 |  7631 |      0 |      0 |    0 |         16 |
|             (grp_runQueryBlock_1_Outline_VITIS_LOOP_117_5_fu_172)                                        |                                            fsa_stream_split_d_runQueryBlock_1_Outline_VITIS_LOOP_117_5 |       1425 |       1425 |       0 |    0 |  1076 |      0 |      0 |    0 |          0 |
|             fsub_32ns_32ns_32_3_full_dsp_1_U816                                                          |                                           fsa_stream_split_d_fsub_32ns_32ns_32_3_full_dsp_1__xdcDup__5 |        239 |        239 |       0 |    0 |   146 |      0 |      0 |    0 |          2 |
|               (fsub_32ns_32ns_32_3_full_dsp_1_U816)                                                      |                                           fsa_stream_split_d_fsub_32ns_32ns_32_3_full_dsp_1__xdcDup__5 |          0 |          0 |       0 |    0 |    64 |      0 |      0 |    0 |          0 |
|               fsa_stream_split_d_fsub_32ns_32ns_32_3_full_dsp_1_ip_u                                     |                                                   fsa_stream_split_d_fsub_32ns_32ns_32_3_full_dsp_1_ip |        239 |        239 |       0 |    0 |    82 |      0 |      0 |    0 |          2 |
|                 (fsa_stream_split_d_fsub_32ns_32ns_32_3_full_dsp_1_ip_u)                                 |                                                   fsa_stream_split_d_fsub_32ns_32ns_32_3_full_dsp_1_ip |          0 |          0 |       0 |    0 |     0 |      0 |      0 |    0 |          0 |
|                 inst                                                                                     |                                                                 floating_point_v7_1_19__parameterized1 |        239 |        239 |       0 |    0 |    82 |      0 |      0 |    0 |          2 |
|                   (inst)                                                                                 |                                                                 floating_point_v7_1_19__parameterized1 |          0 |          0 |       0 |    0 |     0 |      0 |      0 |    0 |          0 |
|                   i_synth                                                                                |                                                             floating_point_v7_1_19_viv__parameterized3 |        239 |        239 |       0 |    0 |    82 |      0 |      0 |    0 |          2 |
|                     (i_synth)                                                                            |                                                             floating_point_v7_1_19_viv__parameterized3 |          1 |          1 |       0 |    0 |     0 |      0 |      0 |    0 |          0 |
|                     ADDSUB_OP.ADDSUB                                                                     |                                                                                                flt_add |        237 |        237 |       0 |    0 |    81 |      0 |      0 |    0 |          2 |
|                       (ADDSUB_OP.ADDSUB)                                                                 |                                                                                                flt_add |          0 |          0 |       0 |    0 |     0 |      0 |      0 |    0 |          0 |
|                       DSP.OP                                                                             |                                                                                            flt_add_dsp |        237 |        237 |       0 |    0 |    81 |      0 |      0 |    0 |          2 |
|                         (DSP.OP)                                                                         |                                                                                            flt_add_dsp |          0 |          0 |       0 |    0 |     0 |      0 |      0 |    0 |          0 |
|                         A_IP_DELAY                                                                       |                                                                             delay__parameterized19__16 |          0 |          0 |       0 |    0 |    23 |      0 |      0 |    0 |          0 |
|                           (A_IP_DELAY)                                                                   |                                                                             delay__parameterized19__16 |          0 |          0 |       0 |    0 |     0 |      0 |      0 |    0 |          0 |
|                           i_pipe                                                                         |                                                             xbip_pipe_v3_0_10_viv__parameterized36__16 |          0 |          0 |       0 |    0 |    23 |      0 |      0 |    0 |          0 |
|                         B_IP_DELAY                                                                       |                                                                                 delay__parameterized19 |          0 |          0 |       0 |    0 |    23 |      0 |      0 |    0 |          0 |
|                           (B_IP_DELAY)                                                                   |                                                                                 delay__parameterized19 |          0 |          0 |       0 |    0 |     0 |      0 |      0 |    0 |          0 |
|                           i_pipe                                                                         |                                                                 xbip_pipe_v3_0_10_viv__parameterized36 |          0 |          0 |       0 |    0 |    23 |      0 |      0 |    0 |          0 |
|                         DSP48E1_BODY.ALIGN_ADD                                                           |                                                                                  align_add_dsp48e1_sgl |         77 |         77 |       0 |    0 |     0 |      0 |      0 |    0 |          1 |
|                           (DSP48E1_BODY.ALIGN_ADD)                                                       |                                                                                  align_add_dsp48e1_sgl |         70 |         70 |       0 |    0 |     0 |      0 |      0 |    0 |          0 |
|                           DSP2                                                                           |                                                                                        dsp48e1_wrapper |          0 |          0 |       0 |    0 |     0 |      0 |      0 |    0 |          1 |
|                           ZERO_14_DET.CARRY_MUX                                                          |                                                                            carry_chain__parameterized7 |          0 |          0 |       0 |    0 |     0 |      0 |      0 |    0 |          0 |
|                           ZERO_14_DET.ZERO_DET                                                           |                                                                          compare_eq_im__parameterized1 |          7 |          7 |       0 |    0 |     0 |      0 |      0 |    0 |          0 |
|                             (ZERO_14_DET.ZERO_DET)                                                       |                                                                          compare_eq_im__parameterized1 |          7 |          7 |       0 |    0 |     0 |      0 |      0 |    0 |          0 |
|                             CARRY_ZERO_DET                                                               |                                                                            carry_chain__parameterized6 |          0 |          0 |       0 |    0 |     0 |      0 |      0 |    0 |          0 |
|                         DSP48E1_BODY.EXP                                                                 |                                                                                         flt_add_exp_sp |         68 |         68 |       0 |    0 |    35 |      0 |      0 |    0 |          0 |
|                           (DSP48E1_BODY.EXP)                                                             |                                                                                         flt_add_exp_sp |         38 |         38 |       0 |    0 |     0 |      0 |      0 |    0 |          0 |
|                           A_EXP_DELAY                                                                    |                                                                             delay__parameterized31__16 |          0 |          0 |       0 |    0 |     8 |      0 |      0 |    0 |          0 |
|                             (A_EXP_DELAY)                                                                |                                                                             delay__parameterized31__16 |          0 |          0 |       0 |    0 |     0 |      0 |      0 |    0 |          0 |
|                             i_pipe                                                                       |                                                             xbip_pipe_v3_0_10_viv__parameterized52__16 |          0 |          0 |       0 |    0 |     8 |      0 |      0 |    0 |          0 |
|                           A_SIGN_DELAY                                                                   |                                                                             delay__parameterized32__20 |          0 |          0 |       0 |    0 |     1 |      0 |      0 |    0 |          0 |
|                             (A_SIGN_DELAY)                                                               |                                                                             delay__parameterized32__20 |          0 |          0 |       0 |    0 |     0 |      0 |      0 |    0 |          0 |
|                             i_pipe                                                                       |                                                             xbip_pipe_v3_0_10_viv__parameterized54__20 |          0 |          0 |       0 |    0 |     1 |      0 |      0 |    0 |          0 |
|                           BMA_EXP_DELAY                                                                  |                                                                                 delay__parameterized35 |          0 |          0 |       0 |    0 |     9 |      0 |      0 |    0 |          0 |
|                             (BMA_EXP_DELAY)                                                              |                                                                                 delay__parameterized35 |          0 |          0 |       0 |    0 |     0 |      0 |      0 |    0 |          0 |
|                             i_pipe                                                                       |                                                                 xbip_pipe_v3_0_10_viv__parameterized58 |          0 |          0 |       0 |    0 |     9 |      0 |      0 |    0 |          0 |
|                           B_EXP_DELAY                                                                    |                                                                                 delay__parameterized31 |          0 |          0 |       0 |    0 |     8 |      0 |      0 |    0 |          0 |
|                             (B_EXP_DELAY)                                                                |                                                                                 delay__parameterized31 |          0 |          0 |       0 |    0 |     0 |      0 |      0 |    0 |          0 |
|                             i_pipe                                                                       |                                                                 xbip_pipe_v3_0_10_viv__parameterized52 |          0 |          0 |       0 |    0 |     8 |      0 |      0 |    0 |          0 |
|                           B_SIGN_DELAY                                                                   |                                                                             delay__parameterized32__21 |          0 |          0 |       0 |    0 |     1 |      0 |      0 |    0 |          0 |
|                             (B_SIGN_DELAY)                                                               |                                                                             delay__parameterized32__21 |          0 |          0 |       0 |    0 |     0 |      0 |      0 |    0 |          0 |
|                             i_pipe                                                                       |                                                             xbip_pipe_v3_0_10_viv__parameterized54__21 |          0 |          0 |       0 |    0 |     1 |      0 |      0 |    0 |          0 |
|                           COND_DET_A                                                                     |                                                                     special_detect__parameterized1__16 |          7 |          7 |       0 |    0 |     3 |      0 |      0 |    0 |          0 |
|                             (COND_DET_A)                                                                 |                                                                     special_detect__parameterized1__16 |          3 |          3 |       0 |    0 |     0 |      0 |      0 |    0 |          0 |
|                             EXP_DET_LUT.EXP_ALL_ONE_DEL                                                  |                                                                             delay__parameterized29__25 |          0 |          0 |       0 |    0 |     1 |      0 |      0 |    0 |          0 |
|                               (EXP_DET_LUT.EXP_ALL_ONE_DEL)                                              |                                                                             delay__parameterized29__25 |          0 |          0 |       0 |    0 |     0 |      0 |      0 |    0 |          0 |
|                               i_pipe                                                                     |                                                             xbip_pipe_v3_0_10_viv__parameterized50__25 |          0 |          0 |       0 |    0 |     1 |      0 |      0 |    0 |          0 |
|                             EXP_DET_LUT.EXP_ALL_ZERO_DEL                                                 |                                                                             delay__parameterized29__26 |          0 |          0 |       0 |    0 |     1 |      0 |      0 |    0 |          0 |
|                               (EXP_DET_LUT.EXP_ALL_ZERO_DEL)                                             |                                                                             delay__parameterized29__26 |          0 |          0 |       0 |    0 |     0 |      0 |      0 |    0 |          0 |
|                               i_pipe                                                                     |                                                             xbip_pipe_v3_0_10_viv__parameterized50__26 |          0 |          0 |       0 |    0 |     1 |      0 |      0 |    0 |          0 |
|                             MANT_CARRY.MANT_ALL_ZERO_DET                                                 |                                                                      compare_eq_im__parameterized2__16 |          4 |          4 |       0 |    0 |     1 |      0 |      0 |    0 |          0 |
|                               (MANT_CARRY.MANT_ALL_ZERO_DET)                                             |                                                                      compare_eq_im__parameterized2__16 |          4 |          4 |       0 |    0 |     0 |      0 |      0 |    0 |          0 |
|                               CARRY_ZERO_DET                                                             |                                                                        carry_chain__parameterized8__16 |          0 |          0 |       0 |    0 |     1 |      0 |      0 |    0 |          0 |
|                           COND_DET_B                                                                     |                                                                         special_detect__parameterized1 |          7 |          7 |       0 |    0 |     3 |      0 |      0 |    0 |          0 |
|                             (COND_DET_B)                                                                 |                                                                         special_detect__parameterized1 |          3 |          3 |       0 |    0 |     0 |      0 |      0 |    0 |          0 |
|                             EXP_DET_LUT.EXP_ALL_ONE_DEL                                                  |                                                                                 delay__parameterized29 |          0 |          0 |       0 |    0 |     1 |      0 |      0 |    0 |          0 |
|                               (EXP_DET_LUT.EXP_ALL_ONE_DEL)                                              |                                                                                 delay__parameterized29 |          0 |          0 |       0 |    0 |     0 |      0 |      0 |    0 |          0 |
|                               i_pipe                                                                     |                                                                 xbip_pipe_v3_0_10_viv__parameterized50 |          0 |          0 |       0 |    0 |     1 |      0 |      0 |    0 |          0 |
|                             EXP_DET_LUT.EXP_ALL_ZERO_DEL                                                 |                                                                             delay__parameterized29__24 |          0 |          0 |       0 |    0 |     1 |      0 |      0 |    0 |          0 |
|                               (EXP_DET_LUT.EXP_ALL_ZERO_DEL)                                             |                                                                             delay__parameterized29__24 |          0 |          0 |       0 |    0 |     0 |      0 |      0 |    0 |          0 |
|                               i_pipe                                                                     |                                                             xbip_pipe_v3_0_10_viv__parameterized50__24 |          0 |          0 |       0 |    0 |     1 |      0 |      0 |    0 |          0 |
|                             MANT_CARRY.MANT_ALL_ZERO_DET                                                 |                                                                          compare_eq_im__parameterized2 |          4 |          4 |       0 |    0 |     1 |      0 |      0 |    0 |          0 |
|                               (MANT_CARRY.MANT_ALL_ZERO_DET)                                             |                                                                          compare_eq_im__parameterized2 |          4 |          4 |       0 |    0 |     0 |      0 |      0 |    0 |          0 |
|                               CARRY_ZERO_DET                                                             |                                                                            carry_chain__parameterized8 |          0 |          0 |       0 |    0 |     1 |      0 |      0 |    0 |          0 |
|                           EXP_OFF.STRUCT_ADD                                                             |                                                                           carry_chain__parameterized10 |          0 |          0 |       0 |    0 |     0 |      0 |      0 |    0 |          0 |
|                           NUMB_CMP                                                                       |                                                                                                compare |         16 |         16 |       0 |    0 |     1 |      0 |      0 |    0 |          0 |
|                             (NUMB_CMP)                                                                   |                                                                                                compare |          0 |          0 |       0 |    0 |     0 |      0 |      0 |    0 |          0 |
|                             NOT_FAST.CMP                                                                 |                                                                                             compare_gt |         16 |         16 |       0 |    0 |     1 |      0 |      0 |    0 |          0 |
|                               (NOT_FAST.CMP)                                                             |                                                                                             compare_gt |         16 |         16 |       0 |    0 |     0 |      0 |      0 |    0 |          0 |
|                               C_CHAIN                                                                    |                                                                            carry_chain__parameterized9 |          0 |          0 |       0 |    0 |     1 |      0 |      0 |    0 |          0 |
|                           SUB_DELAY                                                                      |                                                                                 delay__parameterized32 |          0 |          0 |       0 |    0 |     1 |      0 |      0 |    0 |          0 |
|                             (SUB_DELAY)                                                                  |                                                                                 delay__parameterized32 |          0 |          0 |       0 |    0 |     0 |      0 |      0 |    0 |          0 |
|                             i_pipe                                                                       |                                                                 xbip_pipe_v3_0_10_viv__parameterized54 |          0 |          0 |       0 |    0 |     1 |      0 |      0 |    0 |          0 |
|                           merged_sub_mux.STRUCT_ADD                                                      |                                                                       carry_chain__parameterized10__16 |          0 |          0 |       0 |    0 |     0 |      0 |      0 |    0 |          0 |
|                         DSP48E1_BODY.NORM_RND                                                            |                                                                             norm_and_round_dsp48e1_sgl |         65 |         65 |       0 |    0 |     0 |      0 |      0 |    0 |          1 |
|                           (DSP48E1_BODY.NORM_RND)                                                        |                                                                             norm_and_round_dsp48e1_sgl |          4 |          4 |       0 |    0 |     0 |      0 |      0 |    0 |          0 |
|                           FULL_USAGE_DSP.LOD                                                             |                                                                                 lead_zero_encode_shift |         61 |         61 |       0 |    0 |     0 |      0 |      0 |    0 |          0 |
|                           FULL_USAGE_DSP.SHIFT_RND                                                       |                                                                        dsp48e1_wrapper__parameterized0 |          0 |          0 |       0 |    0 |     0 |      0 |      0 |    0 |          1 |
|                         OP                                                                               |                                                                             flt_dec_op__parameterized1 |         27 |         27 |       0 |    0 |     0 |      0 |      0 |    0 |          0 |
|                     i_nd_to_rdy                                                                          |                                                                 xbip_pipe_v3_0_10_viv__parameterized34 |          1 |          1 |       0 |    0 |     1 |      0 |      0 |    0 |          0 |
|             fsub_32ns_32ns_32_3_full_dsp_1_U817                                                          |                                           fsa_stream_split_d_fsub_32ns_32ns_32_3_full_dsp_1__xdcDup__6 |        239 |        239 |       0 |    0 |   146 |      0 |      0 |    0 |          2 |
|               (fsub_32ns_32ns_32_3_full_dsp_1_U817)                                                      |                                           fsa_stream_split_d_fsub_32ns_32ns_32_3_full_dsp_1__xdcDup__6 |          0 |          0 |       0 |    0 |    64 |      0 |      0 |    0 |          0 |
|               fsa_stream_split_d_fsub_32ns_32ns_32_3_full_dsp_1_ip_u                                     |                                               fsa_stream_split_d_fsub_32ns_32ns_32_3_full_dsp_1_ip__14 |        239 |        239 |       0 |    0 |    82 |      0 |      0 |    0 |          2 |
|                 (fsa_stream_split_d_fsub_32ns_32ns_32_3_full_dsp_1_ip_u)                                 |                                               fsa_stream_split_d_fsub_32ns_32ns_32_3_full_dsp_1_ip__14 |          0 |          0 |       0 |    0 |     0 |      0 |      0 |    0 |          0 |
|                 inst                                                                                     |                                                             floating_point_v7_1_19__parameterized1__14 |        239 |        239 |       0 |    0 |    82 |      0 |      0 |    0 |          2 |
|                   (inst)                                                                                 |                                                             floating_point_v7_1_19__parameterized1__14 |          0 |          0 |       0 |    0 |     0 |      0 |      0 |    0 |          0 |
|                   i_synth                                                                                |                                                         floating_point_v7_1_19_viv__parameterized3__14 |        239 |        239 |       0 |    0 |    82 |      0 |      0 |    0 |          2 |
|                     (i_synth)                                                                            |                                                         floating_point_v7_1_19_viv__parameterized3__14 |          1 |          1 |       0 |    0 |     0 |      0 |      0 |    0 |          0 |
|                     ADDSUB_OP.ADDSUB                                                                     |                                                                                            flt_add__14 |        237 |        237 |       0 |    0 |    81 |      0 |      0 |    0 |          2 |
|                       (ADDSUB_OP.ADDSUB)                                                                 |                                                                                            flt_add__14 |          0 |          0 |       0 |    0 |     0 |      0 |      0 |    0 |          0 |
|                       DSP.OP                                                                             |                                                                                        flt_add_dsp__14 |        237 |        237 |       0 |    0 |    81 |      0 |      0 |    0 |          2 |
|                         (DSP.OP)                                                                         |                                                                                        flt_add_dsp__14 |          0 |          0 |       0 |    0 |     0 |      0 |      0 |    0 |          0 |
|                         A_IP_DELAY                                                                       |                                                                             delay__parameterized19__22 |          0 |          0 |       0 |    0 |    23 |      0 |      0 |    0 |          0 |
|                           (A_IP_DELAY)                                                                   |                                                                             delay__parameterized19__22 |          0 |          0 |       0 |    0 |     0 |      0 |      0 |    0 |          0 |
|                           i_pipe                                                                         |                                                             xbip_pipe_v3_0_10_viv__parameterized36__22 |          0 |          0 |       0 |    0 |    23 |      0 |      0 |    0 |          0 |
|                         B_IP_DELAY                                                                       |                                                                             delay__parameterized19__21 |          0 |          0 |       0 |    0 |    23 |      0 |      0 |    0 |          0 |
|                           (B_IP_DELAY)                                                                   |                                                                             delay__parameterized19__21 |          0 |          0 |       0 |    0 |     0 |      0 |      0 |    0 |          0 |
|                           i_pipe                                                                         |                                                             xbip_pipe_v3_0_10_viv__parameterized36__21 |          0 |          0 |       0 |    0 |    23 |      0 |      0 |    0 |          0 |
|                         DSP48E1_BODY.ALIGN_ADD                                                           |                                                                              align_add_dsp48e1_sgl__14 |         77 |         77 |       0 |    0 |     0 |      0 |      0 |    0 |          1 |
|                           (DSP48E1_BODY.ALIGN_ADD)                                                       |                                                                              align_add_dsp48e1_sgl__14 |         70 |         70 |       0 |    0 |     0 |      0 |      0 |    0 |          0 |
|                           DSP2                                                                           |                                                                                    dsp48e1_wrapper__14 |          0 |          0 |       0 |    0 |     0 |      0 |      0 |    0 |          1 |
|                           ZERO_14_DET.CARRY_MUX                                                          |                                                                        carry_chain__parameterized7__14 |          0 |          0 |       0 |    0 |     0 |      0 |      0 |    0 |          0 |
|                           ZERO_14_DET.ZERO_DET                                                           |                                                                      compare_eq_im__parameterized1__14 |          7 |          7 |       0 |    0 |     0 |      0 |      0 |    0 |          0 |
|                             (ZERO_14_DET.ZERO_DET)                                                       |                                                                      compare_eq_im__parameterized1__14 |          7 |          7 |       0 |    0 |     0 |      0 |      0 |    0 |          0 |
|                             CARRY_ZERO_DET                                                               |                                                                        carry_chain__parameterized6__14 |          0 |          0 |       0 |    0 |     0 |      0 |      0 |    0 |          0 |
|                         DSP48E1_BODY.EXP                                                                 |                                                                                     flt_add_exp_sp__14 |         68 |         68 |       0 |    0 |    35 |      0 |      0 |    0 |          0 |
|                           (DSP48E1_BODY.EXP)                                                             |                                                                                     flt_add_exp_sp__14 |         38 |         38 |       0 |    0 |     0 |      0 |      0 |    0 |          0 |
|                           A_EXP_DELAY                                                                    |                                                                             delay__parameterized31__22 |          0 |          0 |       0 |    0 |     8 |      0 |      0 |    0 |          0 |
|                             (A_EXP_DELAY)                                                                |                                                                             delay__parameterized31__22 |          0 |          0 |       0 |    0 |     0 |      0 |      0 |    0 |          0 |
|                             i_pipe                                                                       |                                                             xbip_pipe_v3_0_10_viv__parameterized52__22 |          0 |          0 |       0 |    0 |     8 |      0 |      0 |    0 |          0 |
|                           A_SIGN_DELAY                                                                   |                                                                             delay__parameterized32__30 |          0 |          0 |       0 |    0 |     1 |      0 |      0 |    0 |          0 |
|                             (A_SIGN_DELAY)                                                               |                                                                             delay__parameterized32__30 |          0 |          0 |       0 |    0 |     0 |      0 |      0 |    0 |          0 |
|                             i_pipe                                                                       |                                                             xbip_pipe_v3_0_10_viv__parameterized54__30 |          0 |          0 |       0 |    0 |     1 |      0 |      0 |    0 |          0 |
|                           BMA_EXP_DELAY                                                                  |                                                                             delay__parameterized35__14 |          0 |          0 |       0 |    0 |     9 |      0 |      0 |    0 |          0 |
|                             (BMA_EXP_DELAY)                                                              |                                                                             delay__parameterized35__14 |          0 |          0 |       0 |    0 |     0 |      0 |      0 |    0 |          0 |
|                             i_pipe                                                                       |                                                             xbip_pipe_v3_0_10_viv__parameterized58__14 |          0 |          0 |       0 |    0 |     9 |      0 |      0 |    0 |          0 |
|                           B_EXP_DELAY                                                                    |                                                                             delay__parameterized31__21 |          0 |          0 |       0 |    0 |     8 |      0 |      0 |    0 |          0 |
|                             (B_EXP_DELAY)                                                                |                                                                             delay__parameterized31__21 |          0 |          0 |       0 |    0 |     0 |      0 |      0 |    0 |          0 |
|                             i_pipe                                                                       |                                                             xbip_pipe_v3_0_10_viv__parameterized52__21 |          0 |          0 |       0 |    0 |     8 |      0 |      0 |    0 |          0 |
|                           B_SIGN_DELAY                                                                   |                                                                             delay__parameterized32__29 |          0 |          0 |       0 |    0 |     1 |      0 |      0 |    0 |          0 |
|                             (B_SIGN_DELAY)                                                               |                                                                             delay__parameterized32__29 |          0 |          0 |       0 |    0 |     0 |      0 |      0 |    0 |          0 |
|                             i_pipe                                                                       |                                                             xbip_pipe_v3_0_10_viv__parameterized54__29 |          0 |          0 |       0 |    0 |     1 |      0 |      0 |    0 |          0 |
|                           COND_DET_A                                                                     |                                                                     special_detect__parameterized1__22 |          7 |          7 |       0 |    0 |     3 |      0 |      0 |    0 |          0 |
|                             (COND_DET_A)                                                                 |                                                                     special_detect__parameterized1__22 |          3 |          3 |       0 |    0 |     0 |      0 |      0 |    0 |          0 |
|                             EXP_DET_LUT.EXP_ALL_ONE_DEL                                                  |                                                                             delay__parameterized29__37 |          0 |          0 |       0 |    0 |     1 |      0 |      0 |    0 |          0 |
|                               (EXP_DET_LUT.EXP_ALL_ONE_DEL)                                              |                                                                             delay__parameterized29__37 |          0 |          0 |       0 |    0 |     0 |      0 |      0 |    0 |          0 |
|                               i_pipe                                                                     |                                                             xbip_pipe_v3_0_10_viv__parameterized50__37 |          0 |          0 |       0 |    0 |     1 |      0 |      0 |    0 |          0 |
|                             EXP_DET_LUT.EXP_ALL_ZERO_DEL                                                 |                                                                             delay__parameterized29__38 |          0 |          0 |       0 |    0 |     1 |      0 |      0 |    0 |          0 |
|                               (EXP_DET_LUT.EXP_ALL_ZERO_DEL)                                             |                                                                             delay__parameterized29__38 |          0 |          0 |       0 |    0 |     0 |      0 |      0 |    0 |          0 |
|                               i_pipe                                                                     |                                                             xbip_pipe_v3_0_10_viv__parameterized50__38 |          0 |          0 |       0 |    0 |     1 |      0 |      0 |    0 |          0 |
|                             MANT_CARRY.MANT_ALL_ZERO_DET                                                 |                                                                      compare_eq_im__parameterized2__22 |          4 |          4 |       0 |    0 |     1 |      0 |      0 |    0 |          0 |
|                               (MANT_CARRY.MANT_ALL_ZERO_DET)                                             |                                                                      compare_eq_im__parameterized2__22 |          4 |          4 |       0 |    0 |     0 |      0 |      0 |    0 |          0 |
|                               CARRY_ZERO_DET                                                             |                                                                        carry_chain__parameterized8__22 |          0 |          0 |       0 |    0 |     1 |      0 |      0 |    0 |          0 |
|                           COND_DET_B                                                                     |                                                                     special_detect__parameterized1__21 |          7 |          7 |       0 |    0 |     3 |      0 |      0 |    0 |          0 |
|                             (COND_DET_B)                                                                 |                                                                     special_detect__parameterized1__21 |          3 |          3 |       0 |    0 |     0 |      0 |      0 |    0 |          0 |
|                             EXP_DET_LUT.EXP_ALL_ONE_DEL                                                  |                                                                             delay__parameterized29__35 |          0 |          0 |       0 |    0 |     1 |      0 |      0 |    0 |          0 |
|                               (EXP_DET_LUT.EXP_ALL_ONE_DEL)                                              |                                                                             delay__parameterized29__35 |          0 |          0 |       0 |    0 |     0 |      0 |      0 |    0 |          0 |
|                               i_pipe                                                                     |                                                             xbip_pipe_v3_0_10_viv__parameterized50__35 |          0 |          0 |       0 |    0 |     1 |      0 |      0 |    0 |          0 |
|                             EXP_DET_LUT.EXP_ALL_ZERO_DEL                                                 |                                                                             delay__parameterized29__36 |          0 |          0 |       0 |    0 |     1 |      0 |      0 |    0 |          0 |
|                               (EXP_DET_LUT.EXP_ALL_ZERO_DEL)                                             |                                                                             delay__parameterized29__36 |          0 |          0 |       0 |    0 |     0 |      0 |      0 |    0 |          0 |
|                               i_pipe                                                                     |                                                             xbip_pipe_v3_0_10_viv__parameterized50__36 |          0 |          0 |       0 |    0 |     1 |      0 |      0 |    0 |          0 |
|                             MANT_CARRY.MANT_ALL_ZERO_DET                                                 |                                                                      compare_eq_im__parameterized2__21 |          4 |          4 |       0 |    0 |     1 |      0 |      0 |    0 |          0 |
|                               (MANT_CARRY.MANT_ALL_ZERO_DET)                                             |                                                                      compare_eq_im__parameterized2__21 |          4 |          4 |       0 |    0 |     0 |      0 |      0 |    0 |          0 |
|                               CARRY_ZERO_DET                                                             |                                                                        carry_chain__parameterized8__21 |          0 |          0 |       0 |    0 |     1 |      0 |      0 |    0 |          0 |
|                           EXP_OFF.STRUCT_ADD                                                             |                                                                       carry_chain__parameterized10__21 |          0 |          0 |       0 |    0 |     0 |      0 |      0 |    0 |          0 |
|                           NUMB_CMP                                                                       |                                                                                            compare__14 |         16 |         16 |       0 |    0 |     1 |      0 |      0 |    0 |          0 |
|                             (NUMB_CMP)                                                                   |                                                                                            compare__14 |          0 |          0 |       0 |    0 |     0 |      0 |      0 |    0 |          0 |
|                             NOT_FAST.CMP                                                                 |                                                                                         compare_gt__14 |         16 |         16 |       0 |    0 |     1 |      0 |      0 |    0 |          0 |
|                               (NOT_FAST.CMP)                                                             |                                                                                         compare_gt__14 |         16 |         16 |       0 |    0 |     0 |      0 |      0 |    0 |          0 |
|                               C_CHAIN                                                                    |                                                                        carry_chain__parameterized9__14 |          0 |          0 |       0 |    0 |     1 |      0 |      0 |    0 |          0 |
|                           SUB_DELAY                                                                      |                                                                             delay__parameterized32__28 |          0 |          0 |       0 |    0 |     1 |      0 |      0 |    0 |          0 |
|                             (SUB_DELAY)                                                                  |                                                                             delay__parameterized32__28 |          0 |          0 |       0 |    0 |     0 |      0 |      0 |    0 |          0 |
|                             i_pipe                                                                       |                                                             xbip_pipe_v3_0_10_viv__parameterized54__28 |          0 |          0 |       0 |    0 |     1 |      0 |      0 |    0 |          0 |
|                           merged_sub_mux.STRUCT_ADD                                                      |                                                                       carry_chain__parameterized10__22 |          0 |          0 |       0 |    0 |     0 |      0 |      0 |    0 |          0 |
|                         DSP48E1_BODY.NORM_RND                                                            |                                                                         norm_and_round_dsp48e1_sgl__14 |         65 |         65 |       0 |    0 |     0 |      0 |      0 |    0 |          1 |
|                           (DSP48E1_BODY.NORM_RND)                                                        |                                                                         norm_and_round_dsp48e1_sgl__14 |          4 |          4 |       0 |    0 |     0 |      0 |      0 |    0 |          0 |
|                           FULL_USAGE_DSP.LOD                                                             |                                                                             lead_zero_encode_shift__14 |         61 |         61 |       0 |    0 |     0 |      0 |      0 |    0 |          0 |
|                           FULL_USAGE_DSP.SHIFT_RND                                                       |                                                                    dsp48e1_wrapper__parameterized0__14 |          0 |          0 |       0 |    0 |     0 |      0 |      0 |    0 |          1 |
|                         OP                                                                               |                                                                         flt_dec_op__parameterized1__14 |         27 |         27 |       0 |    0 |     0 |      0 |      0 |    0 |          0 |
|                     i_nd_to_rdy                                                                          |                                                             xbip_pipe_v3_0_10_viv__parameterized34__14 |          1 |          1 |       0 |    0 |     1 |      0 |      0 |    0 |          0 |
|             fsub_32ns_32ns_32_3_full_dsp_1_U818                                                          |                                           fsa_stream_split_d_fsub_32ns_32ns_32_3_full_dsp_1__xdcDup__7 |        231 |        231 |       0 |    0 |    82 |      0 |      0 |    0 |          2 |
|               (fsub_32ns_32ns_32_3_full_dsp_1_U818)                                                      |                                           fsa_stream_split_d_fsub_32ns_32ns_32_3_full_dsp_1__xdcDup__7 |          0 |          0 |       0 |    0 |    32 |      0 |      0 |    0 |          0 |
|               fsa_stream_split_d_fsub_32ns_32ns_32_3_full_dsp_1_ip_u                                     |                                               fsa_stream_split_d_fsub_32ns_32ns_32_3_full_dsp_1_ip__13 |        231 |        231 |       0 |    0 |    50 |      0 |      0 |    0 |          2 |
|                 (fsa_stream_split_d_fsub_32ns_32ns_32_3_full_dsp_1_ip_u)                                 |                                               fsa_stream_split_d_fsub_32ns_32ns_32_3_full_dsp_1_ip__13 |          0 |          0 |       0 |    0 |     0 |      0 |      0 |    0 |          0 |
|                 inst                                                                                     |                                                             floating_point_v7_1_19__parameterized1__13 |        231 |        231 |       0 |    0 |    50 |      0 |      0 |    0 |          2 |
|                   (inst)                                                                                 |                                                             floating_point_v7_1_19__parameterized1__13 |          0 |          0 |       0 |    0 |     0 |      0 |      0 |    0 |          0 |
|                   i_synth                                                                                |                                                         floating_point_v7_1_19_viv__parameterized3__13 |        231 |        231 |       0 |    0 |    50 |      0 |      0 |    0 |          2 |
|                     (i_synth)                                                                            |                                                         floating_point_v7_1_19_viv__parameterized3__13 |          1 |          1 |       0 |    0 |     0 |      0 |      0 |    0 |          0 |
|                     ADDSUB_OP.ADDSUB                                                                     |                                                                                            flt_add__13 |        229 |        229 |       0 |    0 |    49 |      0 |      0 |    0 |          2 |
|                       (ADDSUB_OP.ADDSUB)                                                                 |                                                                                            flt_add__13 |          0 |          0 |       0 |    0 |     0 |      0 |      0 |    0 |          0 |
|                       DSP.OP                                                                             |                                                                                        flt_add_dsp__13 |        229 |        229 |       0 |    0 |    49 |      0 |      0 |    0 |          2 |
|                         (DSP.OP)                                                                         |                                                                                        flt_add_dsp__13 |          0 |          0 |       0 |    0 |     0 |      0 |      0 |    0 |          0 |
|                         B_IP_DELAY                                                                       |                                                                             delay__parameterized19__19 |          0 |          0 |       0 |    0 |    23 |      0 |      0 |    0 |          0 |
|                           (B_IP_DELAY)                                                                   |                                                                             delay__parameterized19__19 |          0 |          0 |       0 |    0 |     0 |      0 |      0 |    0 |          0 |
|                           i_pipe                                                                         |                                                             xbip_pipe_v3_0_10_viv__parameterized36__19 |          0 |          0 |       0 |    0 |    23 |      0 |      0 |    0 |          0 |
|                         DSP48E1_BODY.ALIGN_ADD                                                           |                                                                              align_add_dsp48e1_sgl__13 |         77 |         77 |       0 |    0 |     0 |      0 |      0 |    0 |          1 |
|                           (DSP48E1_BODY.ALIGN_ADD)                                                       |                                                                              align_add_dsp48e1_sgl__13 |         70 |         70 |       0 |    0 |     0 |      0 |      0 |    0 |          0 |
|                           DSP2                                                                           |                                                                                    dsp48e1_wrapper__13 |          0 |          0 |       0 |    0 |     0 |      0 |      0 |    0 |          1 |
|                           ZERO_14_DET.CARRY_MUX                                                          |                                                                        carry_chain__parameterized7__13 |          0 |          0 |       0 |    0 |     0 |      0 |      0 |    0 |          0 |
|                           ZERO_14_DET.ZERO_DET                                                           |                                                                      compare_eq_im__parameterized1__13 |          7 |          7 |       0 |    0 |     0 |      0 |      0 |    0 |          0 |
|                             (ZERO_14_DET.ZERO_DET)                                                       |                                                                      compare_eq_im__parameterized1__13 |          7 |          7 |       0 |    0 |     0 |      0 |      0 |    0 |          0 |
|                             CARRY_ZERO_DET                                                               |                                                                        carry_chain__parameterized6__13 |          0 |          0 |       0 |    0 |     0 |      0 |      0 |    0 |          0 |
|                         DSP48E1_BODY.EXP                                                                 |                                                                                     flt_add_exp_sp__13 |         60 |         60 |       0 |    0 |    26 |      0 |      0 |    0 |          0 |
|                           (DSP48E1_BODY.EXP)                                                             |                                                                                     flt_add_exp_sp__13 |         37 |         37 |       0 |    0 |     0 |      0 |      0 |    0 |          0 |
|                           BMA_EXP_DELAY                                                                  |                                                                             delay__parameterized35__13 |          0 |          0 |       0 |    0 |     9 |      0 |      0 |    0 |          0 |
|                             (BMA_EXP_DELAY)                                                              |                                                                             delay__parameterized35__13 |          0 |          0 |       0 |    0 |     0 |      0 |      0 |    0 |          0 |
|                             i_pipe                                                                       |                                                             xbip_pipe_v3_0_10_viv__parameterized58__13 |          0 |          0 |       0 |    0 |     9 |      0 |      0 |    0 |          0 |
|                           B_EXP_DELAY                                                                    |                                                                             delay__parameterized31__19 |          0 |          0 |       0 |    0 |     8 |      0 |      0 |    0 |          0 |
|                             (B_EXP_DELAY)                                                                |                                                                             delay__parameterized31__19 |          0 |          0 |       0 |    0 |     0 |      0 |      0 |    0 |          0 |
|                             i_pipe                                                                       |                                                             xbip_pipe_v3_0_10_viv__parameterized52__19 |          0 |          0 |       0 |    0 |     8 |      0 |      0 |    0 |          0 |
|                           B_SIGN_DELAY                                                                   |                                                                             delay__parameterized32__26 |          0 |          0 |       0 |    0 |     1 |      0 |      0 |    0 |          0 |
|                             (B_SIGN_DELAY)                                                               |                                                                             delay__parameterized32__26 |          0 |          0 |       0 |    0 |     0 |      0 |      0 |    0 |          0 |
|                             i_pipe                                                                       |                                                             xbip_pipe_v3_0_10_viv__parameterized54__26 |          0 |          0 |       0 |    0 |     1 |      0 |      0 |    0 |          0 |
|                           COND_DET_A                                                                     |                                                                     special_detect__parameterized1__20 |          0 |          0 |       0 |    0 |     3 |      0 |      0 |    0 |          0 |
|                             (COND_DET_A)                                                                 |                                                                     special_detect__parameterized1__20 |          0 |          0 |       0 |    0 |     0 |      0 |      0 |    0 |          0 |
|                             EXP_DET_LUT.EXP_ALL_ONE_DEL                                                  |                                                                             delay__parameterized29__33 |          0 |          0 |       0 |    0 |     1 |      0 |      0 |    0 |          0 |
|                               (EXP_DET_LUT.EXP_ALL_ONE_DEL)                                              |                                                                             delay__parameterized29__33 |          0 |          0 |       0 |    0 |     0 |      0 |      0 |    0 |          0 |
|                               i_pipe                                                                     |                                                             xbip_pipe_v3_0_10_viv__parameterized50__33 |          0 |          0 |       0 |    0 |     1 |      0 |      0 |    0 |          0 |
|                             EXP_DET_LUT.EXP_ALL_ZERO_DEL                                                 |                                                                             delay__parameterized29__34 |          0 |          0 |       0 |    0 |     1 |      0 |      0 |    0 |          0 |
|                               (EXP_DET_LUT.EXP_ALL_ZERO_DEL)                                             |                                                                             delay__parameterized29__34 |          0 |          0 |       0 |    0 |     0 |      0 |      0 |    0 |          0 |
|                               i_pipe                                                                     |                                                             xbip_pipe_v3_0_10_viv__parameterized50__34 |          0 |          0 |       0 |    0 |     1 |      0 |      0 |    0 |          0 |
|                             MANT_CARRY.MANT_ALL_ZERO_DET                                                 |                                                                      compare_eq_im__parameterized2__20 |          0 |          0 |       0 |    0 |     1 |      0 |      0 |    0 |          0 |
|                               (MANT_CARRY.MANT_ALL_ZERO_DET)                                             |                                                                      compare_eq_im__parameterized2__20 |          0 |          0 |       0 |    0 |     0 |      0 |      0 |    0 |          0 |
|                               CARRY_ZERO_DET                                                             |                                                                        carry_chain__parameterized8__20 |          0 |          0 |       0 |    0 |     1 |      0 |      0 |    0 |          0 |
|                           COND_DET_B                                                                     |                                                                     special_detect__parameterized1__19 |          7 |          7 |       0 |    0 |     3 |      0 |      0 |    0 |          0 |
|                             (COND_DET_B)                                                                 |                                                                     special_detect__parameterized1__19 |          3 |          3 |       0 |    0 |     0 |      0 |      0 |    0 |          0 |
|                             EXP_DET_LUT.EXP_ALL_ONE_DEL                                                  |                                                                             delay__parameterized29__31 |          0 |          0 |       0 |    0 |     1 |      0 |      0 |    0 |          0 |
|                               (EXP_DET_LUT.EXP_ALL_ONE_DEL)                                              |                                                                             delay__parameterized29__31 |          0 |          0 |       0 |    0 |     0 |      0 |      0 |    0 |          0 |
|                               i_pipe                                                                     |                                                             xbip_pipe_v3_0_10_viv__parameterized50__31 |          0 |          0 |       0 |    0 |     1 |      0 |      0 |    0 |          0 |
|                             EXP_DET_LUT.EXP_ALL_ZERO_DEL                                                 |                                                                             delay__parameterized29__32 |          0 |          0 |       0 |    0 |     1 |      0 |      0 |    0 |          0 |
|                               (EXP_DET_LUT.EXP_ALL_ZERO_DEL)                                             |                                                                             delay__parameterized29__32 |          0 |          0 |       0 |    0 |     0 |      0 |      0 |    0 |          0 |
|                               i_pipe                                                                     |                                                             xbip_pipe_v3_0_10_viv__parameterized50__32 |          0 |          0 |       0 |    0 |     1 |      0 |      0 |    0 |          0 |
|                             MANT_CARRY.MANT_ALL_ZERO_DET                                                 |                                                                      compare_eq_im__parameterized2__19 |          4 |          4 |       0 |    0 |     1 |      0 |      0 |    0 |          0 |
|                               (MANT_CARRY.MANT_ALL_ZERO_DET)                                             |                                                                      compare_eq_im__parameterized2__19 |          4 |          4 |       0 |    0 |     0 |      0 |      0 |    0 |          0 |
|                               CARRY_ZERO_DET                                                             |                                                                        carry_chain__parameterized8__19 |          0 |          0 |       0 |    0 |     1 |      0 |      0 |    0 |          0 |
|                           EXP_OFF.STRUCT_ADD                                                             |                                                                       carry_chain__parameterized10__19 |          0 |          0 |       0 |    0 |     0 |      0 |      0 |    0 |          0 |
|                           NUMB_CMP                                                                       |                                                                                            compare__13 |         16 |         16 |       0 |    0 |     1 |      0 |      0 |    0 |          0 |
|                             (NUMB_CMP)                                                                   |                                                                                            compare__13 |          0 |          0 |       0 |    0 |     0 |      0 |      0 |    0 |          0 |
|                             NOT_FAST.CMP                                                                 |                                                                                         compare_gt__13 |         16 |         16 |       0 |    0 |     1 |      0 |      0 |    0 |          0 |
|                               (NOT_FAST.CMP)                                                             |                                                                                         compare_gt__13 |         16 |         16 |       0 |    0 |     0 |      0 |      0 |    0 |          0 |
|                               C_CHAIN                                                                    |                                                                        carry_chain__parameterized9__13 |          0 |          0 |       0 |    0 |     1 |      0 |      0 |    0 |          0 |
|                           SUB_DELAY                                                                      |                                                                             delay__parameterized32__25 |          0 |          0 |       0 |    0 |     1 |      0 |      0 |    0 |          0 |
|                             (SUB_DELAY)                                                                  |                                                                             delay__parameterized32__25 |          0 |          0 |       0 |    0 |     0 |      0 |      0 |    0 |          0 |
|                             i_pipe                                                                       |                                                             xbip_pipe_v3_0_10_viv__parameterized54__25 |          0 |          0 |       0 |    0 |     1 |      0 |      0 |    0 |          0 |
|                           merged_sub_mux.STRUCT_ADD                                                      |                                                                       carry_chain__parameterized10__20 |          0 |          0 |       0 |    0 |     0 |      0 |      0 |    0 |          0 |
|                         DSP48E1_BODY.NORM_RND                                                            |                                                                         norm_and_round_dsp48e1_sgl__13 |         65 |         65 |       0 |    0 |     0 |      0 |      0 |    0 |          1 |
|                           (DSP48E1_BODY.NORM_RND)                                                        |                                                                         norm_and_round_dsp48e1_sgl__13 |          4 |          4 |       0 |    0 |     0 |      0 |      0 |    0 |          0 |
|                           FULL_USAGE_DSP.LOD                                                             |                                                                             lead_zero_encode_shift__13 |         61 |         61 |       0 |    0 |     0 |      0 |      0 |    0 |          0 |
|                           FULL_USAGE_DSP.SHIFT_RND                                                       |                                                                    dsp48e1_wrapper__parameterized0__13 |          0 |          0 |       0 |    0 |     0 |      0 |      0 |    0 |          1 |
|                         OP                                                                               |                                                                         flt_dec_op__parameterized1__13 |         27 |         27 |       0 |    0 |     0 |      0 |      0 |    0 |          0 |
|                     i_nd_to_rdy                                                                          |                                                             xbip_pipe_v3_0_10_viv__parameterized34__13 |          1 |          1 |       0 |    0 |     1 |      0 |      0 |    0 |          0 |
|             fsub_32ns_32ns_32_3_full_dsp_1_U819                                                          |                                                      fsa_stream_split_d_fsub_32ns_32ns_32_3_full_dsp_1 |        231 |        231 |       0 |    0 |    82 |      0 |      0 |    0 |          2 |
|               (fsub_32ns_32ns_32_3_full_dsp_1_U819)                                                      |                                                      fsa_stream_split_d_fsub_32ns_32ns_32_3_full_dsp_1 |          0 |          0 |       0 |    0 |    32 |      0 |      0 |    0 |          0 |
|               fsa_stream_split_d_fsub_32ns_32ns_32_3_full_dsp_1_ip_u                                     |                                               fsa_stream_split_d_fsub_32ns_32ns_32_3_full_dsp_1_ip__12 |        231 |        231 |       0 |    0 |    50 |      0 |      0 |    0 |          2 |
|                 (fsa_stream_split_d_fsub_32ns_32ns_32_3_full_dsp_1_ip_u)                                 |                                               fsa_stream_split_d_fsub_32ns_32ns_32_3_full_dsp_1_ip__12 |          0 |          0 |       0 |    0 |     0 |      0 |      0 |    0 |          0 |
|                 inst                                                                                     |                                                             floating_point_v7_1_19__parameterized1__12 |        231 |        231 |       0 |    0 |    50 |      0 |      0 |    0 |          2 |
|                   (inst)                                                                                 |                                                             floating_point_v7_1_19__parameterized1__12 |          0 |          0 |       0 |    0 |     0 |      0 |      0 |    0 |          0 |
|                   i_synth                                                                                |                                                         floating_point_v7_1_19_viv__parameterized3__12 |        231 |        231 |       0 |    0 |    50 |      0 |      0 |    0 |          2 |
|                     (i_synth)                                                                            |                                                         floating_point_v7_1_19_viv__parameterized3__12 |          1 |          1 |       0 |    0 |     0 |      0 |      0 |    0 |          0 |
|                     ADDSUB_OP.ADDSUB                                                                     |                                                                                            flt_add__12 |        229 |        229 |       0 |    0 |    49 |      0 |      0 |    0 |          2 |
|                       (ADDSUB_OP.ADDSUB)                                                                 |                                                                                            flt_add__12 |          0 |          0 |       0 |    0 |     0 |      0 |      0 |    0 |          0 |
|                       DSP.OP                                                                             |                                                                                        flt_add_dsp__12 |        229 |        229 |       0 |    0 |    49 |      0 |      0 |    0 |          2 |
|                         (DSP.OP)                                                                         |                                                                                        flt_add_dsp__12 |          0 |          0 |       0 |    0 |     0 |      0 |      0 |    0 |          0 |
|                         B_IP_DELAY                                                                       |                                                                             delay__parameterized19__17 |          0 |          0 |       0 |    0 |    23 |      0 |      0 |    0 |          0 |
|                           (B_IP_DELAY)                                                                   |                                                                             delay__parameterized19__17 |          0 |          0 |       0 |    0 |     0 |      0 |      0 |    0 |          0 |
|                           i_pipe                                                                         |                                                             xbip_pipe_v3_0_10_viv__parameterized36__17 |          0 |          0 |       0 |    0 |    23 |      0 |      0 |    0 |          0 |
|                         DSP48E1_BODY.ALIGN_ADD                                                           |                                                                              align_add_dsp48e1_sgl__12 |         77 |         77 |       0 |    0 |     0 |      0 |      0 |    0 |          1 |
|                           (DSP48E1_BODY.ALIGN_ADD)                                                       |                                                                              align_add_dsp48e1_sgl__12 |         70 |         70 |       0 |    0 |     0 |      0 |      0 |    0 |          0 |
|                           DSP2                                                                           |                                                                                    dsp48e1_wrapper__12 |          0 |          0 |       0 |    0 |     0 |      0 |      0 |    0 |          1 |
|                           ZERO_14_DET.CARRY_MUX                                                          |                                                                        carry_chain__parameterized7__12 |          0 |          0 |       0 |    0 |     0 |      0 |      0 |    0 |          0 |
|                           ZERO_14_DET.ZERO_DET                                                           |                                                                      compare_eq_im__parameterized1__12 |          7 |          7 |       0 |    0 |     0 |      0 |      0 |    0 |          0 |
|                             (ZERO_14_DET.ZERO_DET)                                                       |                                                                      compare_eq_im__parameterized1__12 |          7 |          7 |       0 |    0 |     0 |      0 |      0 |    0 |          0 |
|                             CARRY_ZERO_DET                                                               |                                                                        carry_chain__parameterized6__12 |          0 |          0 |       0 |    0 |     0 |      0 |      0 |    0 |          0 |
|                         DSP48E1_BODY.EXP                                                                 |                                                                                     flt_add_exp_sp__12 |         60 |         60 |       0 |    0 |    26 |      0 |      0 |    0 |          0 |
|                           (DSP48E1_BODY.EXP)                                                             |                                                                                     flt_add_exp_sp__12 |         37 |         37 |       0 |    0 |     0 |      0 |      0 |    0 |          0 |
|                           BMA_EXP_DELAY                                                                  |                                                                             delay__parameterized35__12 |          0 |          0 |       0 |    0 |     9 |      0 |      0 |    0 |          0 |
|                             (BMA_EXP_DELAY)                                                              |                                                                             delay__parameterized35__12 |          0 |          0 |       0 |    0 |     0 |      0 |      0 |    0 |          0 |
|                             i_pipe                                                                       |                                                             xbip_pipe_v3_0_10_viv__parameterized58__12 |          0 |          0 |       0 |    0 |     9 |      0 |      0 |    0 |          0 |
|                           B_EXP_DELAY                                                                    |                                                                             delay__parameterized31__17 |          0 |          0 |       0 |    0 |     8 |      0 |      0 |    0 |          0 |
|                             (B_EXP_DELAY)                                                                |                                                                             delay__parameterized31__17 |          0 |          0 |       0 |    0 |     0 |      0 |      0 |    0 |          0 |
|                             i_pipe                                                                       |                                                             xbip_pipe_v3_0_10_viv__parameterized52__17 |          0 |          0 |       0 |    0 |     8 |      0 |      0 |    0 |          0 |
|                           B_SIGN_DELAY                                                                   |                                                                             delay__parameterized32__23 |          0 |          0 |       0 |    0 |     1 |      0 |      0 |    0 |          0 |
|                             (B_SIGN_DELAY)                                                               |                                                                             delay__parameterized32__23 |          0 |          0 |       0 |    0 |     0 |      0 |      0 |    0 |          0 |
|                             i_pipe                                                                       |                                                             xbip_pipe_v3_0_10_viv__parameterized54__23 |          0 |          0 |       0 |    0 |     1 |      0 |      0 |    0 |          0 |
|                           COND_DET_A                                                                     |                                                                     special_detect__parameterized1__18 |          0 |          0 |       0 |    0 |     3 |      0 |      0 |    0 |          0 |
|                             (COND_DET_A)                                                                 |                                                                     special_detect__parameterized1__18 |          0 |          0 |       0 |    0 |     0 |      0 |      0 |    0 |          0 |
|                             EXP_DET_LUT.EXP_ALL_ONE_DEL                                                  |                                                                             delay__parameterized29__29 |          0 |          0 |       0 |    0 |     1 |      0 |      0 |    0 |          0 |
|                               (EXP_DET_LUT.EXP_ALL_ONE_DEL)                                              |                                                                             delay__parameterized29__29 |          0 |          0 |       0 |    0 |     0 |      0 |      0 |    0 |          0 |
|                               i_pipe                                                                     |                                                             xbip_pipe_v3_0_10_viv__parameterized50__29 |          0 |          0 |       0 |    0 |     1 |      0 |      0 |    0 |          0 |
|                             EXP_DET_LUT.EXP_ALL_ZERO_DEL                                                 |                                                                             delay__parameterized29__30 |          0 |          0 |       0 |    0 |     1 |      0 |      0 |    0 |          0 |
|                               (EXP_DET_LUT.EXP_ALL_ZERO_DEL)                                             |                                                                             delay__parameterized29__30 |          0 |          0 |       0 |    0 |     0 |      0 |      0 |    0 |          0 |
|                               i_pipe                                                                     |                                                             xbip_pipe_v3_0_10_viv__parameterized50__30 |          0 |          0 |       0 |    0 |     1 |      0 |      0 |    0 |          0 |
|                             MANT_CARRY.MANT_ALL_ZERO_DET                                                 |                                                                      compare_eq_im__parameterized2__18 |          0 |          0 |       0 |    0 |     1 |      0 |      0 |    0 |          0 |
|                               (MANT_CARRY.MANT_ALL_ZERO_DET)                                             |                                                                      compare_eq_im__parameterized2__18 |          0 |          0 |       0 |    0 |     0 |      0 |      0 |    0 |          0 |
|                               CARRY_ZERO_DET                                                             |                                                                        carry_chain__parameterized8__18 |          0 |          0 |       0 |    0 |     1 |      0 |      0 |    0 |          0 |
|                           COND_DET_B                                                                     |                                                                     special_detect__parameterized1__17 |          7 |          7 |       0 |    0 |     3 |      0 |      0 |    0 |          0 |
|                             (COND_DET_B)                                                                 |                                                                     special_detect__parameterized1__17 |          3 |          3 |       0 |    0 |     0 |      0 |      0 |    0 |          0 |
|                             EXP_DET_LUT.EXP_ALL_ONE_DEL                                                  |                                                                             delay__parameterized29__27 |          0 |          0 |       0 |    0 |     1 |      0 |      0 |    0 |          0 |
|                               (EXP_DET_LUT.EXP_ALL_ONE_DEL)                                              |                                                                             delay__parameterized29__27 |          0 |          0 |       0 |    0 |     0 |      0 |      0 |    0 |          0 |
|                               i_pipe                                                                     |                                                             xbip_pipe_v3_0_10_viv__parameterized50__27 |          0 |          0 |       0 |    0 |     1 |      0 |      0 |    0 |          0 |
|                             EXP_DET_LUT.EXP_ALL_ZERO_DEL                                                 |                                                                             delay__parameterized29__28 |          0 |          0 |       0 |    0 |     1 |      0 |      0 |    0 |          0 |
|                               (EXP_DET_LUT.EXP_ALL_ZERO_DEL)                                             |                                                                             delay__parameterized29__28 |          0 |          0 |       0 |    0 |     0 |      0 |      0 |    0 |          0 |
|                               i_pipe                                                                     |                                                             xbip_pipe_v3_0_10_viv__parameterized50__28 |          0 |          0 |       0 |    0 |     1 |      0 |      0 |    0 |          0 |
|                             MANT_CARRY.MANT_ALL_ZERO_DET                                                 |                                                                      compare_eq_im__parameterized2__17 |          4 |          4 |       0 |    0 |     1 |      0 |      0 |    0 |          0 |
|                               (MANT_CARRY.MANT_ALL_ZERO_DET)                                             |                                                                      compare_eq_im__parameterized2__17 |          4 |          4 |       0 |    0 |     0 |      0 |      0 |    0 |          0 |
|                               CARRY_ZERO_DET                                                             |                                                                        carry_chain__parameterized8__17 |          0 |          0 |       0 |    0 |     1 |      0 |      0 |    0 |          0 |
|                           EXP_OFF.STRUCT_ADD                                                             |                                                                       carry_chain__parameterized10__17 |          0 |          0 |       0 |    0 |     0 |      0 |      0 |    0 |          0 |
|                           NUMB_CMP                                                                       |                                                                                            compare__12 |         16 |         16 |       0 |    0 |     1 |      0 |      0 |    0 |          0 |
|                             (NUMB_CMP)                                                                   |                                                                                            compare__12 |          0 |          0 |       0 |    0 |     0 |      0 |      0 |    0 |          0 |
|                             NOT_FAST.CMP                                                                 |                                                                                         compare_gt__12 |         16 |         16 |       0 |    0 |     1 |      0 |      0 |    0 |          0 |
|                               (NOT_FAST.CMP)                                                             |                                                                                         compare_gt__12 |         16 |         16 |       0 |    0 |     0 |      0 |      0 |    0 |          0 |
|                               C_CHAIN                                                                    |                                                                        carry_chain__parameterized9__12 |          0 |          0 |       0 |    0 |     1 |      0 |      0 |    0 |          0 |
|                           SUB_DELAY                                                                      |                                                                             delay__parameterized32__22 |          0 |          0 |       0 |    0 |     1 |      0 |      0 |    0 |          0 |
|                             (SUB_DELAY)                                                                  |                                                                             delay__parameterized32__22 |          0 |          0 |       0 |    0 |     0 |      0 |      0 |    0 |          0 |
|                             i_pipe                                                                       |                                                             xbip_pipe_v3_0_10_viv__parameterized54__22 |          0 |          0 |       0 |    0 |     1 |      0 |      0 |    0 |          0 |
|                           merged_sub_mux.STRUCT_ADD                                                      |                                                                       carry_chain__parameterized10__18 |          0 |          0 |       0 |    0 |     0 |      0 |      0 |    0 |          0 |
|                         DSP48E1_BODY.NORM_RND                                                            |                                                                         norm_and_round_dsp48e1_sgl__12 |         65 |         65 |       0 |    0 |     0 |      0 |      0 |    0 |          1 |
|                           (DSP48E1_BODY.NORM_RND)                                                        |                                                                         norm_and_round_dsp48e1_sgl__12 |          4 |          4 |       0 |    0 |     0 |      0 |      0 |    0 |          0 |
|                           FULL_USAGE_DSP.LOD                                                             |                                                                             lead_zero_encode_shift__12 |         61 |         61 |       0 |    0 |     0 |      0 |      0 |    0 |          0 |
|                           FULL_USAGE_DSP.SHIFT_RND                                                       |                                                                    dsp48e1_wrapper__parameterized0__12 |          0 |          0 |       0 |    0 |     0 |      0 |      0 |    0 |          1 |
|                         OP                                                                               |                                                                         flt_dec_op__parameterized1__12 |         27 |         27 |       0 |    0 |     0 |      0 |      0 |    0 |          0 |
|                     i_nd_to_rdy                                                                          |                                                             xbip_pipe_v3_0_10_viv__parameterized34__12 |          1 |          1 |       0 |    0 |     1 |      0 |      0 |    0 |          0 |
|             grp_runPeArray_fu_718                                                                        |                                                                          fsa_stream_split_d_runPeArray |      10033 |      10017 |       0 |   16 |  2779 |      0 |      0 |    0 |          8 |
|               (grp_runPeArray_fu_718)                                                                    |                                                                          fsa_stream_split_d_runPeArray |       9672 |       9656 |       0 |   16 |  2779 |      0 |      0 |    0 |          0 |
|               ctlz_22_22_1_1_U128                                                                        |                                                                  fsa_stream_split_d_ctlz_22_22_1_1__18 |         21 |         21 |       0 |    0 |     0 |      0 |      0 |    0 |          0 |
|               ctlz_22_22_1_1_U130                                                                        |                                                                   fsa_stream_split_d_ctlz_22_22_1_1__7 |         21 |         21 |       0 |    0 |     0 |      0 |      0 |    0 |          0 |
|               ctlz_22_22_1_1_U132                                                                        |                                                                  fsa_stream_split_d_ctlz_22_22_1_1__17 |         21 |         21 |       0 |    0 |     0 |      0 |      0 |    0 |          0 |
|               ctlz_22_22_1_1_U134                                                                        |                                                                  fsa_stream_split_d_ctlz_22_22_1_1__16 |         21 |         21 |       0 |    0 |     0 |      0 |      0 |    0 |          0 |
|               ctlz_22_22_1_1_U136                                                                        |                                                                  fsa_stream_split_d_ctlz_22_22_1_1__15 |         21 |         21 |       0 |    0 |     0 |      0 |      0 |    0 |          0 |
|               ctlz_22_22_1_1_U138                                                                        |                                                                   fsa_stream_split_d_ctlz_22_22_1_1__6 |         21 |         21 |       0 |    0 |     0 |      0 |      0 |    0 |          0 |
|               ctlz_22_22_1_1_U140                                                                        |                                                                  fsa_stream_split_d_ctlz_22_22_1_1__19 |         21 |         21 |       0 |    0 |     0 |      0 |      0 |    0 |          0 |
|               ctlz_22_22_1_1_U142                                                                        |                                                                  fsa_stream_split_d_ctlz_22_22_1_1__14 |         21 |         21 |       0 |    0 |     0 |      0 |      0 |    0 |          0 |
|               ctlz_27_27_1_1_U145                                                                        |                                                                  fsa_stream_split_d_ctlz_27_27_1_1__14 |         24 |         24 |       0 |    0 |     0 |      0 |      0 |    0 |          0 |
|               ctlz_27_27_1_1_U147                                                                        |                                                                   fsa_stream_split_d_ctlz_27_27_1_1__7 |         24 |         24 |       0 |    0 |     0 |      0 |      0 |    0 |          0 |
|               ctlz_27_27_1_1_U149                                                                        |                                                                   fsa_stream_split_d_ctlz_27_27_1_1__6 |         25 |         25 |       0 |    0 |     0 |      0 |      0 |    0 |          0 |
|               ctlz_27_27_1_1_U151                                                                        |                                                                  fsa_stream_split_d_ctlz_27_27_1_1__13 |         24 |         24 |       0 |    0 |     0 |      0 |      0 |    0 |          0 |
|               ctlz_27_27_1_1_U153                                                                        |                                                                  fsa_stream_split_d_ctlz_27_27_1_1__12 |         24 |         24 |       0 |    0 |     0 |      0 |      0 |    0 |          0 |
|               ctlz_27_27_1_1_U155                                                                        |                                                                   fsa_stream_split_d_ctlz_27_27_1_1__5 |         24 |         24 |       0 |    0 |     0 |      0 |      0 |    0 |          0 |
|               ctlz_27_27_1_1_U157                                                                        |                                                                  fsa_stream_split_d_ctlz_27_27_1_1__15 |         24 |         24 |       0 |    0 |     0 |      0 |      0 |    0 |          0 |
|               ctlz_27_27_1_1_U159                                                                        |                                                                   fsa_stream_split_d_ctlz_27_27_1_1__4 |         24 |         24 |       0 |    0 |     0 |      0 |      0 |    0 |          0 |
|               mul_11ns_11ns_22_2_1_U103                                                                  |                                                            fsa_stream_split_d_mul_11ns_11ns_22_2_1__16 |          0 |          0 |       0 |    0 |     0 |      0 |      0 |    0 |          1 |
|               mul_11ns_11ns_22_2_1_U109                                                                  |                                                            fsa_stream_split_d_mul_11ns_11ns_22_2_1__15 |          0 |          0 |       0 |    0 |     0 |      0 |      0 |    0 |          1 |
|               mul_11ns_11ns_22_2_1_U115                                                                  |                                                             fsa_stream_split_d_mul_11ns_11ns_22_2_1__6 |          0 |          0 |       0 |    0 |     0 |      0 |      0 |    0 |          1 |
|               mul_11ns_11ns_22_2_1_U121                                                                  |                                                            fsa_stream_split_d_mul_11ns_11ns_22_2_1__19 |          0 |          0 |       0 |    0 |     0 |      0 |      0 |    0 |          1 |
|               mul_11ns_11ns_22_2_1_U127                                                                  |                                                            fsa_stream_split_d_mul_11ns_11ns_22_2_1__14 |          0 |          0 |       0 |    0 |     0 |      0 |      0 |    0 |          1 |
|               mul_11ns_11ns_22_2_1_U85                                                                   |                                                            fsa_stream_split_d_mul_11ns_11ns_22_2_1__18 |          0 |          0 |       0 |    0 |     0 |      0 |      0 |    0 |          1 |
|               mul_11ns_11ns_22_2_1_U91                                                                   |                                                             fsa_stream_split_d_mul_11ns_11ns_22_2_1__7 |          0 |          0 |       0 |    0 |     0 |      0 |      0 |    0 |          1 |
|               mul_11ns_11ns_22_2_1_U97                                                                   |                                                            fsa_stream_split_d_mul_11ns_11ns_22_2_1__17 |          0 |          0 |       0 |    0 |     0 |      0 |      0 |    0 |          1 |
|             grp_runQueryBlock_1_Pipeline_4_fu_546                                                        |                                                          fsa_stream_split_d_runQueryBlock_1_Pipeline_4 |          7 |          7 |       0 |    0 |     6 |      0 |      0 |    0 |          0 |
|               (grp_runQueryBlock_1_Pipeline_4_fu_546)                                                    |                                                          fsa_stream_split_d_runQueryBlock_1_Pipeline_4 |          5 |          5 |       0 |    0 |     4 |      0 |      0 |    0 |          0 |
|               flow_control_loop_pipe_sequential_init_U                                                   |                                          fsa_stream_split_d_flow_control_loop_pipe_sequential_init__26 |          2 |          2 |       0 |    0 |     2 |      0 |      0 |    0 |          0 |
|             grp_runQueryBlock_1_Pipeline_VITIS_LOOP_109_1_VITIS_LOOP_110_2_fu_588                        |                          fsa_stream_split_d_runQueryBlock_1_Pipeline_VITIS_LOOP_109_1_VITIS_LOOP_110_2 |        134 |        134 |       0 |    0 |   667 |      0 |      0 |    0 |          0 |
|               (grp_runQueryBlock_1_Pipeline_VITIS_LOOP_109_1_VITIS_LOOP_110_2_fu_588)                    |                          fsa_stream_split_d_runQueryBlock_1_Pipeline_VITIS_LOOP_109_1_VITIS_LOOP_110_2 |        132 |        132 |       0 |    0 |   665 |      0 |      0 |    0 |          0 |
|               flow_control_loop_pipe_sequential_init_U                                                   |                                          fsa_stream_split_d_flow_control_loop_pipe_sequential_init__24 |          2 |          2 |       0 |    0 |     2 |      0 |      0 |    0 |          0 |
|             grp_runQueryBlock_1_Pipeline_VITIS_LOOP_144_6_VITIS_LOOP_145_7_fu_550                        |                          fsa_stream_split_d_runQueryBlock_1_Pipeline_VITIS_LOOP_144_6_VITIS_LOOP_145_7 |         17 |         17 |       0 |    0 |    13 |      0 |      0 |    0 |          0 |
|               (grp_runQueryBlock_1_Pipeline_VITIS_LOOP_144_6_VITIS_LOOP_145_7_fu_550)                    |                          fsa_stream_split_d_runQueryBlock_1_Pipeline_VITIS_LOOP_144_6_VITIS_LOOP_145_7 |         15 |         15 |       0 |    0 |    11 |      0 |      0 |    0 |          0 |
|               flow_control_loop_pipe_sequential_init_U                                                   |                                          fsa_stream_split_d_flow_control_loop_pipe_sequential_init__25 |          2 |          2 |       0 |    0 |     2 |      0 |      0 |    0 |          0 |
|             grp_runQueryBlock_1_Pipeline_VITIS_LOOP_162_1_fu_828                                         |                                           fsa_stream_split_d_runQueryBlock_1_Pipeline_VITIS_LOOP_162_1 |        211 |        211 |       0 |    0 |   339 |      0 |      0 |    0 |          0 |
|               (grp_runQueryBlock_1_Pipeline_VITIS_LOOP_162_1_fu_828)                                     |                                           fsa_stream_split_d_runQueryBlock_1_Pipeline_VITIS_LOOP_162_1 |        209 |        209 |       0 |    0 |   337 |      0 |      0 |    0 |          0 |
|               flow_control_loop_pipe_sequential_init_U                                                   |                                          fsa_stream_split_d_flow_control_loop_pipe_sequential_init__19 |          2 |          2 |       0 |    0 |     2 |      0 |      0 |    0 |          0 |
|             grp_runQueryBlock_1_Pipeline_VITIS_LOOP_190_121_fu_653                                       |                                         fsa_stream_split_d_runQueryBlock_1_Pipeline_VITIS_LOOP_190_121 |         90 |         90 |       0 |    0 |    39 |      0 |      0 |    0 |          0 |
|               (grp_runQueryBlock_1_Pipeline_VITIS_LOOP_190_121_fu_653)                                   |                                         fsa_stream_split_d_runQueryBlock_1_Pipeline_VITIS_LOOP_190_121 |         88 |         88 |       0 |    0 |    37 |      0 |      0 |    0 |          0 |
|               flow_control_loop_pipe_sequential_init_U                                                   |                                          fsa_stream_split_d_flow_control_loop_pipe_sequential_init__22 |          2 |          2 |       0 |    0 |     2 |      0 |      0 |    0 |          0 |
|             grp_runQueryBlock_1_Pipeline_VITIS_LOOP_190_12_fu_639                                        |                                          fsa_stream_split_d_runQueryBlock_1_Pipeline_VITIS_LOOP_190_12 |         90 |         90 |       0 |    0 |    39 |      0 |      0 |    0 |          0 |
|               (grp_runQueryBlock_1_Pipeline_VITIS_LOOP_190_12_fu_639)                                    |                                          fsa_stream_split_d_runQueryBlock_1_Pipeline_VITIS_LOOP_190_12 |         88 |         88 |       0 |    0 |    37 |      0 |      0 |    0 |          0 |
|               flow_control_loop_pipe_sequential_init_U                                                   |                                          fsa_stream_split_d_flow_control_loop_pipe_sequential_init__23 |          2 |          2 |       0 |    0 |     2 |      0 |      0 |    0 |          0 |
|             grp_runQueryBlock_1_Pipeline_VITIS_LOOP_242_15_fu_667                                        |                                          fsa_stream_split_d_runQueryBlock_1_Pipeline_VITIS_LOOP_242_15 |        177 |        172 |       0 |    5 |   271 |      0 |      0 |    0 |          0 |
|               (grp_runQueryBlock_1_Pipeline_VITIS_LOOP_242_15_fu_667)                                    |                                          fsa_stream_split_d_runQueryBlock_1_Pipeline_VITIS_LOOP_242_15 |        115 |        110 |       0 |    5 |   205 |      0 |      0 |    0 |          0 |
|               flow_control_loop_pipe_sequential_init_U                                                   |                                          fsa_stream_split_d_flow_control_loop_pipe_sequential_init__21 |          2 |          2 |       0 |    0 |     2 |      0 |      0 |    0 |          0 |
|               grp_cvtAtoE_fu_326                                                                         |                                                                  fsa_stream_split_d_cvtAtoE__xdcDup__3 |         30 |         30 |       0 |    0 |    32 |      0 |      0 |    0 |          0 |
|                 (grp_cvtAtoE_fu_326)                                                                     |                                                                  fsa_stream_split_d_cvtAtoE__xdcDup__3 |          0 |          0 |       0 |    0 |    32 |      0 |      0 |    0 |          0 |
|                 sptohp_32ns_16_1_no_dsp_1_U332                                                           |                                               fsa_stream_split_d_sptohp_32ns_16_1_no_dsp_1__xdcDup__11 |         30 |         30 |       0 |    0 |     0 |      0 |      0 |    0 |          0 |
|                   (sptohp_32ns_16_1_no_dsp_1_U332)                                                       |                                               fsa_stream_split_d_sptohp_32ns_16_1_no_dsp_1__xdcDup__11 |          0 |          0 |       0 |    0 |     0 |      0 |      0 |    0 |          0 |
|                   fsa_stream_split_d_sptohp_32ns_16_1_no_dsp_1_ip_u                                      |                                                        fsa_stream_split_d_sptohp_32ns_16_1_no_dsp_1_ip |         30 |         30 |       0 |    0 |     0 |      0 |      0 |    0 |          0 |
|                     (fsa_stream_split_d_sptohp_32ns_16_1_no_dsp_1_ip_u)                                  |                                                        fsa_stream_split_d_sptohp_32ns_16_1_no_dsp_1_ip |          0 |          0 |       0 |    0 |     0 |      0 |      0 |    0 |          0 |
|                     inst                                                                                 |                                                                                 floating_point_v7_1_19 |         30 |         30 |       0 |    0 |     0 |      0 |      0 |    0 |          0 |
|                       (inst)                                                                             |                                                                                 floating_point_v7_1_19 |          0 |          0 |       0 |    0 |     0 |      0 |      0 |    0 |          0 |
|                       i_synth                                                                            |                                                                             floating_point_v7_1_19_viv |         30 |         30 |       0 |    0 |     0 |      0 |      0 |    0 |          0 |
|                         (i_synth)                                                                        |                                                                             floating_point_v7_1_19_viv |          0 |          0 |       0 |    0 |     0 |      0 |      0 |    0 |          0 |
|                         FLT_TO_FLT_OP.SPD.OP                                                             |                                                                                        flt_to_flt_conv |         30 |         30 |       0 |    0 |     0 |      0 |      0 |    0 |          0 |
|                           (FLT_TO_FLT_OP.SPD.OP)                                                         |                                                                                        flt_to_flt_conv |          1 |          1 |       0 |    0 |     0 |      0 |      0 |    0 |          0 |
|                           EXP                                                                            |                                                                                    flt_to_flt_conv_exp |         12 |         12 |       0 |    0 |     0 |      0 |      0 |    0 |          0 |
|                             (EXP)                                                                        |                                                                                    flt_to_flt_conv_exp |          6 |          6 |       0 |    0 |     0 |      0 |      0 |    0 |          0 |
|                             COND_DET                                                                     |                                                                                         special_detect |          6 |          6 |       0 |    0 |     0 |      0 |      0 |    0 |          0 |
|                               (COND_DET)                                                                 |                                                                                         special_detect |          2 |          2 |       0 |    0 |     0 |      0 |      0 |    0 |          0 |
|                               MANT_CARRY.MANT_ALL_ZERO_DET                                               |                                                                                          compare_eq_im |          4 |          4 |       0 |    0 |     0 |      0 |      0 |    0 |          0 |
|                                 (MANT_CARRY.MANT_ALL_ZERO_DET)                                           |                                                                                          compare_eq_im |          4 |          4 |       0 |    0 |     0 |      0 |      0 |    0 |          0 |
|                                 CARRY_ZERO_DET                                                           |                                                                                            carry_chain |          0 |          0 |       0 |    0 |     0 |      0 |      0 |    0 |          0 |
|                           OUTPUT                                                                         |                                                                                             flt_dec_op |         13 |         13 |       0 |    0 |     0 |      0 |      0 |    0 |          0 |
|                           RND_REQ.ROUND                                                                  |                                                                                 renorm_and_round_logic |          2 |          2 |       0 |    0 |     0 |      0 |      0 |    0 |          0 |
|                             (RND_REQ.ROUND)                                                              |                                                                                 renorm_and_round_logic |          0 |          0 |       0 |    0 |     0 |      0 |      0 |    0 |          0 |
|                             EXP_ADD.ADD                                                                  |                                                                            carry_chain__parameterized4 |          0 |          0 |       0 |    0 |     0 |      0 |      0 |    0 |          0 |
|                             LOGIC.RND1                                                                   |                                                                            carry_chain__parameterized2 |          0 |          0 |       0 |    0 |     0 |      0 |      0 |    0 |          0 |
|                             LOGIC.RND2                                                                   |                                                                            carry_chain__parameterized3 |          0 |          0 |       0 |    0 |     0 |      0 |      0 |    0 |          0 |
|                             RND_BIT_GEN                                                                  |                                                                                          flt_round_bit |          2 |          2 |       0 |    0 |     0 |      0 |      0 |    0 |          0 |
|                               (RND_BIT_GEN)                                                              |                                                                                          flt_round_bit |          2 |          2 |       0 |    0 |     0 |      0 |      0 |    0 |          0 |
|                               NORM_1_OR_0.STRUCT_REQ.SPECIAL.RND_CHAIN                                   |                                                                            carry_chain__parameterized1 |          0 |          0 |       0 |    0 |     0 |      0 |      0 |    0 |          0 |
|                           RND_REQ.Z_DET_REQ.DET_ZERO                                                     |                                                                                          compare_ne_im |          2 |          2 |       0 |    0 |     0 |      0 |      0 |    0 |          0 |
|                             (RND_REQ.Z_DET_REQ.DET_ZERO)                                                 |                                                                                          compare_ne_im |          2 |          2 |       0 |    0 |     0 |      0 |      0 |    0 |          0 |
|                             WIDE_NOR                                                                     |                                                                        carry_chain__parameterized0__42 |          0 |          0 |       0 |    0 |     0 |      0 |      0 |    0 |          0 |
|               grp_cvtAtoE_fu_332                                                                         |                                                                             fsa_stream_split_d_cvtAtoE |         30 |         30 |       0 |    0 |    32 |      0 |      0 |    0 |          0 |
|                 (grp_cvtAtoE_fu_332)                                                                     |                                                                             fsa_stream_split_d_cvtAtoE |          0 |          0 |       0 |    0 |    32 |      0 |      0 |    0 |          0 |
|                 sptohp_32ns_16_1_no_dsp_1_U332                                                           |                                               fsa_stream_split_d_sptohp_32ns_16_1_no_dsp_1__xdcDup__12 |         30 |         30 |       0 |    0 |     0 |      0 |      0 |    0 |          0 |
|                   (sptohp_32ns_16_1_no_dsp_1_U332)                                                       |                                               fsa_stream_split_d_sptohp_32ns_16_1_no_dsp_1__xdcDup__12 |          0 |          0 |       0 |    0 |     0 |      0 |      0 |    0 |          0 |
|                   fsa_stream_split_d_sptohp_32ns_16_1_no_dsp_1_ip_u                                      |                                                    fsa_stream_split_d_sptohp_32ns_16_1_no_dsp_1_ip__38 |         30 |         30 |       0 |    0 |     0 |      0 |      0 |    0 |          0 |
|                     (fsa_stream_split_d_sptohp_32ns_16_1_no_dsp_1_ip_u)                                  |                                                    fsa_stream_split_d_sptohp_32ns_16_1_no_dsp_1_ip__38 |          0 |          0 |       0 |    0 |     0 |      0 |      0 |    0 |          0 |
|                     inst                                                                                 |                                                                             floating_point_v7_1_19__38 |         30 |         30 |       0 |    0 |     0 |      0 |      0 |    0 |          0 |
|                       (inst)                                                                             |                                                                             floating_point_v7_1_19__38 |          0 |          0 |       0 |    0 |     0 |      0 |      0 |    0 |          0 |
|                       i_synth                                                                            |                                                                         floating_point_v7_1_19_viv__38 |         30 |         30 |       0 |    0 |     0 |      0 |      0 |    0 |          0 |
|                         (i_synth)                                                                        |                                                                         floating_point_v7_1_19_viv__38 |          0 |          0 |       0 |    0 |     0 |      0 |      0 |    0 |          0 |
|                         FLT_TO_FLT_OP.SPD.OP                                                             |                                                                                    flt_to_flt_conv__38 |         30 |         30 |       0 |    0 |     0 |      0 |      0 |    0 |          0 |
|                           (FLT_TO_FLT_OP.SPD.OP)                                                         |                                                                                    flt_to_flt_conv__38 |          1 |          1 |       0 |    0 |     0 |      0 |      0 |    0 |          0 |
|                           EXP                                                                            |                                                                                flt_to_flt_conv_exp__38 |         12 |         12 |       0 |    0 |     0 |      0 |      0 |    0 |          0 |
|                             (EXP)                                                                        |                                                                                flt_to_flt_conv_exp__38 |          6 |          6 |       0 |    0 |     0 |      0 |      0 |    0 |          0 |
|                             COND_DET                                                                     |                                                                                     special_detect__38 |          6 |          6 |       0 |    0 |     0 |      0 |      0 |    0 |          0 |
|                               (COND_DET)                                                                 |                                                                                     special_detect__38 |          2 |          2 |       0 |    0 |     0 |      0 |      0 |    0 |          0 |
|                               MANT_CARRY.MANT_ALL_ZERO_DET                                               |                                                                                      compare_eq_im__38 |          4 |          4 |       0 |    0 |     0 |      0 |      0 |    0 |          0 |
|                                 (MANT_CARRY.MANT_ALL_ZERO_DET)                                           |                                                                                      compare_eq_im__38 |          4 |          4 |       0 |    0 |     0 |      0 |      0 |    0 |          0 |
|                                 CARRY_ZERO_DET                                                           |                                                                                        carry_chain__38 |          0 |          0 |       0 |    0 |     0 |      0 |      0 |    0 |          0 |
|                           OUTPUT                                                                         |                                                                                         flt_dec_op__38 |         13 |         13 |       0 |    0 |     0 |      0 |      0 |    0 |          0 |
|                           RND_REQ.ROUND                                                                  |                                                                             renorm_and_round_logic__38 |          2 |          2 |       0 |    0 |     0 |      0 |      0 |    0 |          0 |
|                             (RND_REQ.ROUND)                                                              |                                                                             renorm_and_round_logic__38 |          0 |          0 |       0 |    0 |     0 |      0 |      0 |    0 |          0 |
|                             EXP_ADD.ADD                                                                  |                                                                        carry_chain__parameterized4__38 |          0 |          0 |       0 |    0 |     0 |      0 |      0 |    0 |          0 |
|                             LOGIC.RND1                                                                   |                                                                        carry_chain__parameterized2__38 |          0 |          0 |       0 |    0 |     0 |      0 |      0 |    0 |          0 |
|                             LOGIC.RND2                                                                   |                                                                        carry_chain__parameterized3__38 |          0 |          0 |       0 |    0 |     0 |      0 |      0 |    0 |          0 |
|                             RND_BIT_GEN                                                                  |                                                                                      flt_round_bit__38 |          2 |          2 |       0 |    0 |     0 |      0 |      0 |    0 |          0 |
|                               (RND_BIT_GEN)                                                              |                                                                                      flt_round_bit__38 |          2 |          2 |       0 |    0 |     0 |      0 |      0 |    0 |          0 |
|                               NORM_1_OR_0.STRUCT_REQ.SPECIAL.RND_CHAIN                                   |                                                                        carry_chain__parameterized1__38 |          0 |          0 |       0 |    0 |     0 |      0 |      0 |    0 |          0 |
|                           RND_REQ.Z_DET_REQ.DET_ZERO                                                     |                                                                                      compare_ne_im__38 |          2 |          2 |       0 |    0 |     0 |      0 |      0 |    0 |          0 |
|                             (RND_REQ.Z_DET_REQ.DET_ZERO)                                                 |                                                                                      compare_ne_im__38 |          2 |          2 |       0 |    0 |     0 |      0 |      0 |    0 |          0 |
|                             WIDE_NOR                                                                     |                                                                        carry_chain__parameterized0__41 |          0 |          0 |       0 |    0 |     0 |      0 |      0 |    0 |          0 |
|             grp_runQueryBlock_1_Pipeline_VITIS_LOOP_300_25_fu_772                                        |                                          fsa_stream_split_d_runQueryBlock_1_Pipeline_VITIS_LOOP_300_25 |        441 |        439 |       0 |    2 |   452 |      0 |      0 |    0 |          0 |
|               (grp_runQueryBlock_1_Pipeline_VITIS_LOOP_300_25_fu_772)                                    |                                          fsa_stream_split_d_runQueryBlock_1_Pipeline_VITIS_LOOP_300_25 |        158 |        156 |       0 |    2 |   413 |      0 |      0 |    0 |          0 |
|               EXP2_SLOPES16_U                                                                            |    fsa_stream_split_d_runQueryBlock_0_Pipeline_VITIS_LOOP_300_25_fsa_split_d_detail_EXP2_SLOPES_ROMdEe |          6 |          6 |       0 |    0 |    12 |      0 |      0 |    0 |          0 |
|               flow_control_loop_pipe_sequential_init_U                                                   |                                          fsa_stream_split_d_flow_control_loop_pipe_sequential_init__20 |          2 |          2 |       0 |    0 |     2 |      0 |      0 |    0 |          0 |
|               hptosp_16ns_32_1_no_dsp_1_U710                                                             |                                                fsa_stream_split_d_hptosp_16ns_32_1_no_dsp_1__xdcDup__9 |         33 |         33 |       0 |    0 |     0 |      0 |      0 |    0 |          0 |
|                 (hptosp_16ns_32_1_no_dsp_1_U710)                                                         |                                                fsa_stream_split_d_hptosp_16ns_32_1_no_dsp_1__xdcDup__9 |          0 |          0 |       0 |    0 |     0 |      0 |      0 |    0 |          0 |
|                 fsa_stream_split_d_hptosp_16ns_32_1_no_dsp_1_ip_u                                        |                                                        fsa_stream_split_d_hptosp_16ns_32_1_no_dsp_1_ip |         33 |         33 |       0 |    0 |     0 |      0 |      0 |    0 |          0 |
|                   (fsa_stream_split_d_hptosp_16ns_32_1_no_dsp_1_ip_u)                                    |                                                        fsa_stream_split_d_hptosp_16ns_32_1_no_dsp_1_ip |          0 |          0 |       0 |    0 |     0 |      0 |      0 |    0 |          0 |
|                   inst                                                                                   |                                                                 floating_point_v7_1_19__parameterized0 |         33 |         33 |       0 |    0 |     0 |      0 |      0 |    0 |          0 |
|                     (inst)                                                                               |                                                                 floating_point_v7_1_19__parameterized0 |          0 |          0 |       0 |    0 |     0 |      0 |      0 |    0 |          0 |
|                     i_synth                                                                              |                                                             floating_point_v7_1_19_viv__parameterized1 |         33 |         33 |       0 |    0 |     0 |      0 |      0 |    0 |          0 |
|                       (i_synth)                                                                          |                                                             floating_point_v7_1_19_viv__parameterized1 |          0 |          0 |       0 |    0 |     0 |      0 |      0 |    0 |          0 |
|                       FLT_TO_FLT_OP.SPD.OP                                                               |                                                                        flt_to_flt_conv__parameterized0 |         33 |         33 |       0 |    0 |     0 |      0 |      0 |    0 |          0 |
|                         (FLT_TO_FLT_OP.SPD.OP)                                                           |                                                                        flt_to_flt_conv__parameterized0 |          0 |          0 |       0 |    0 |     0 |      0 |      0 |    0 |          0 |
|                         EXP                                                                              |                                                                    flt_to_flt_conv_exp__parameterized0 |          7 |          7 |       0 |    0 |     0 |      0 |      0 |    0 |          0 |
|                           (EXP)                                                                          |                                                                    flt_to_flt_conv_exp__parameterized0 |          4 |          4 |       0 |    0 |     0 |      0 |      0 |    0 |          0 |
|                           COND_DET                                                                       |                                                                         special_detect__parameterized0 |          3 |          3 |       0 |    0 |     0 |      0 |      0 |    0 |          0 |
|                             (COND_DET)                                                                   |                                                                         special_detect__parameterized0 |          1 |          1 |       0 |    0 |     0 |      0 |      0 |    0 |          0 |
|                             MANT_CARRY.MANT_ALL_ZERO_DET                                                 |                                                                          compare_eq_im__parameterized0 |          2 |          2 |       0 |    0 |     0 |      0 |      0 |    0 |          0 |
|                               (MANT_CARRY.MANT_ALL_ZERO_DET)                                             |                                                                          compare_eq_im__parameterized0 |          2 |          2 |       0 |    0 |     0 |      0 |      0 |    0 |          0 |
|                               CARRY_ZERO_DET                                                             |                                                                            carry_chain__parameterized5 |          0 |          0 |       0 |    0 |     0 |      0 |      0 |    0 |          0 |
|                         OUTPUT                                                                           |                                                                             flt_dec_op__parameterized0 |         26 |         26 |       0 |    0 |     0 |      0 |      0 |    0 |          0 |
|               hptosp_16ns_32_1_no_dsp_1_U711                                                             |                                               fsa_stream_split_d_hptosp_16ns_32_1_no_dsp_1__xdcDup__10 |         33 |         33 |       0 |    0 |     0 |      0 |      0 |    0 |          0 |
|                 (hptosp_16ns_32_1_no_dsp_1_U711)                                                         |                                               fsa_stream_split_d_hptosp_16ns_32_1_no_dsp_1__xdcDup__10 |          0 |          0 |       0 |    0 |     0 |      0 |      0 |    0 |          0 |
|                 fsa_stream_split_d_hptosp_16ns_32_1_no_dsp_1_ip_u                                        |                                                    fsa_stream_split_d_hptosp_16ns_32_1_no_dsp_1_ip__30 |         33 |         33 |       0 |    0 |     0 |      0 |      0 |    0 |          0 |
|                   (fsa_stream_split_d_hptosp_16ns_32_1_no_dsp_1_ip_u)                                    |                                                    fsa_stream_split_d_hptosp_16ns_32_1_no_dsp_1_ip__30 |          0 |          0 |       0 |    0 |     0 |      0 |      0 |    0 |          0 |
|                   inst                                                                                   |                                                             floating_point_v7_1_19__parameterized0__30 |         33 |         33 |       0 |    0 |     0 |      0 |      0 |    0 |          0 |
|                     (inst)                                                                               |                                                             floating_point_v7_1_19__parameterized0__30 |          0 |          0 |       0 |    0 |     0 |      0 |      0 |    0 |          0 |
|                     i_synth                                                                              |                                                         floating_point_v7_1_19_viv__parameterized1__30 |         33 |         33 |       0 |    0 |     0 |      0 |      0 |    0 |          0 |
|                       (i_synth)                                                                          |                                                         floating_point_v7_1_19_viv__parameterized1__30 |          0 |          0 |       0 |    0 |     0 |      0 |      0 |    0 |          0 |
|                       FLT_TO_FLT_OP.SPD.OP                                                               |                                                                    flt_to_flt_conv__parameterized0__30 |         33 |         33 |       0 |    0 |     0 |      0 |      0 |    0 |          0 |
|                         (FLT_TO_FLT_OP.SPD.OP)                                                           |                                                                    flt_to_flt_conv__parameterized0__30 |          0 |          0 |       0 |    0 |     0 |      0 |      0 |    0 |          0 |
|                         EXP                                                                              |                                                                flt_to_flt_conv_exp__parameterized0__30 |          7 |          7 |       0 |    0 |     0 |      0 |      0 |    0 |          0 |
|                           (EXP)                                                                          |                                                                flt_to_flt_conv_exp__parameterized0__30 |          4 |          4 |       0 |    0 |     0 |      0 |      0 |    0 |          0 |
|                           COND_DET                                                                       |                                                                     special_detect__parameterized0__30 |          3 |          3 |       0 |    0 |     0 |      0 |      0 |    0 |          0 |
|                             (COND_DET)                                                                   |                                                                     special_detect__parameterized0__30 |          1 |          1 |       0 |    0 |     0 |      0 |      0 |    0 |          0 |
|                             MANT_CARRY.MANT_ALL_ZERO_DET                                                 |                                                                      compare_eq_im__parameterized0__30 |          2 |          2 |       0 |    0 |     0 |      0 |      0 |    0 |          0 |
|                               (MANT_CARRY.MANT_ALL_ZERO_DET)                                             |                                                                      compare_eq_im__parameterized0__30 |          2 |          2 |       0 |    0 |     0 |      0 |      0 |    0 |          0 |
|                               CARRY_ZERO_DET                                                             |                                                                        carry_chain__parameterized5__30 |          0 |          0 |       0 |    0 |     0 |      0 |      0 |    0 |          0 |
|                         OUTPUT                                                                           |                                                                         flt_dec_op__parameterized0__30 |         26 |         26 |       0 |    0 |     0 |      0 |      0 |    0 |          0 |
|               hptosp_16ns_32_1_no_dsp_1_U712                                                             |                                               fsa_stream_split_d_hptosp_16ns_32_1_no_dsp_1__xdcDup__11 |         33 |         33 |       0 |    0 |     0 |      0 |      0 |    0 |          0 |
|                 (hptosp_16ns_32_1_no_dsp_1_U712)                                                         |                                               fsa_stream_split_d_hptosp_16ns_32_1_no_dsp_1__xdcDup__11 |          0 |          0 |       0 |    0 |     0 |      0 |      0 |    0 |          0 |
|                 fsa_stream_split_d_hptosp_16ns_32_1_no_dsp_1_ip_u                                        |                                                    fsa_stream_split_d_hptosp_16ns_32_1_no_dsp_1_ip__29 |         33 |         33 |       0 |    0 |     0 |      0 |      0 |    0 |          0 |
|                   (fsa_stream_split_d_hptosp_16ns_32_1_no_dsp_1_ip_u)                                    |                                                    fsa_stream_split_d_hptosp_16ns_32_1_no_dsp_1_ip__29 |          0 |          0 |       0 |    0 |     0 |      0 |      0 |    0 |          0 |
|                   inst                                                                                   |                                                             floating_point_v7_1_19__parameterized0__29 |         33 |         33 |       0 |    0 |     0 |      0 |      0 |    0 |          0 |
|                     (inst)                                                                               |                                                             floating_point_v7_1_19__parameterized0__29 |          0 |          0 |       0 |    0 |     0 |      0 |      0 |    0 |          0 |
|                     i_synth                                                                              |                                                         floating_point_v7_1_19_viv__parameterized1__29 |         33 |         33 |       0 |    0 |     0 |      0 |      0 |    0 |          0 |
|                       (i_synth)                                                                          |                                                         floating_point_v7_1_19_viv__parameterized1__29 |          0 |          0 |       0 |    0 |     0 |      0 |      0 |    0 |          0 |
|                       FLT_TO_FLT_OP.SPD.OP                                                               |                                                                    flt_to_flt_conv__parameterized0__29 |         33 |         33 |       0 |    0 |     0 |      0 |      0 |    0 |          0 |
|                         (FLT_TO_FLT_OP.SPD.OP)                                                           |                                                                    flt_to_flt_conv__parameterized0__29 |          0 |          0 |       0 |    0 |     0 |      0 |      0 |    0 |          0 |
|                         EXP                                                                              |                                                                flt_to_flt_conv_exp__parameterized0__29 |          7 |          7 |       0 |    0 |     0 |      0 |      0 |    0 |          0 |
|                           (EXP)                                                                          |                                                                flt_to_flt_conv_exp__parameterized0__29 |          4 |          4 |       0 |    0 |     0 |      0 |      0 |    0 |          0 |
|                           COND_DET                                                                       |                                                                     special_detect__parameterized0__29 |          3 |          3 |       0 |    0 |     0 |      0 |      0 |    0 |          0 |
|                             (COND_DET)                                                                   |                                                                     special_detect__parameterized0__29 |          1 |          1 |       0 |    0 |     0 |      0 |      0 |    0 |          0 |
|                             MANT_CARRY.MANT_ALL_ZERO_DET                                                 |                                                                      compare_eq_im__parameterized0__29 |          2 |          2 |       0 |    0 |     0 |      0 |      0 |    0 |          0 |
|                               (MANT_CARRY.MANT_ALL_ZERO_DET)                                             |                                                                      compare_eq_im__parameterized0__29 |          2 |          2 |       0 |    0 |     0 |      0 |      0 |    0 |          0 |
|                               CARRY_ZERO_DET                                                             |                                                                        carry_chain__parameterized5__29 |          0 |          0 |       0 |    0 |     0 |      0 |      0 |    0 |          0 |
|                         OUTPUT                                                                           |                                                                         flt_dec_op__parameterized0__29 |         26 |         26 |       0 |    0 |     0 |      0 |      0 |    0 |          0 |
|               hptosp_16ns_32_1_no_dsp_1_U713                                                             |                                               fsa_stream_split_d_hptosp_16ns_32_1_no_dsp_1__xdcDup__12 |         33 |         33 |       0 |    0 |     0 |      0 |      0 |    0 |          0 |
|                 (hptosp_16ns_32_1_no_dsp_1_U713)                                                         |                                               fsa_stream_split_d_hptosp_16ns_32_1_no_dsp_1__xdcDup__12 |          0 |          0 |       0 |    0 |     0 |      0 |      0 |    0 |          0 |
|                 fsa_stream_split_d_hptosp_16ns_32_1_no_dsp_1_ip_u                                        |                                                    fsa_stream_split_d_hptosp_16ns_32_1_no_dsp_1_ip__28 |         33 |         33 |       0 |    0 |     0 |      0 |      0 |    0 |          0 |
|                   (fsa_stream_split_d_hptosp_16ns_32_1_no_dsp_1_ip_u)                                    |                                                    fsa_stream_split_d_hptosp_16ns_32_1_no_dsp_1_ip__28 |          0 |          0 |       0 |    0 |     0 |      0 |      0 |    0 |          0 |
|                   inst                                                                                   |                                                             floating_point_v7_1_19__parameterized0__28 |         33 |         33 |       0 |    0 |     0 |      0 |      0 |    0 |          0 |
|                     (inst)                                                                               |                                                             floating_point_v7_1_19__parameterized0__28 |          0 |          0 |       0 |    0 |     0 |      0 |      0 |    0 |          0 |
|                     i_synth                                                                              |                                                         floating_point_v7_1_19_viv__parameterized1__28 |         33 |         33 |       0 |    0 |     0 |      0 |      0 |    0 |          0 |
|                       (i_synth)                                                                          |                                                         floating_point_v7_1_19_viv__parameterized1__28 |          0 |          0 |       0 |    0 |     0 |      0 |      0 |    0 |          0 |
|                       FLT_TO_FLT_OP.SPD.OP                                                               |                                                                    flt_to_flt_conv__parameterized0__28 |         33 |         33 |       0 |    0 |     0 |      0 |      0 |    0 |          0 |
|                         (FLT_TO_FLT_OP.SPD.OP)                                                           |                                                                    flt_to_flt_conv__parameterized0__28 |          0 |          0 |       0 |    0 |     0 |      0 |      0 |    0 |          0 |
|                         EXP                                                                              |                                                                flt_to_flt_conv_exp__parameterized0__28 |          7 |          7 |       0 |    0 |     0 |      0 |      0 |    0 |          0 |
|                           (EXP)                                                                          |                                                                flt_to_flt_conv_exp__parameterized0__28 |          4 |          4 |       0 |    0 |     0 |      0 |      0 |    0 |          0 |
|                           COND_DET                                                                       |                                                                     special_detect__parameterized0__28 |          3 |          3 |       0 |    0 |     0 |      0 |      0 |    0 |          0 |
|                             (COND_DET)                                                                   |                                                                     special_detect__parameterized0__28 |          1 |          1 |       0 |    0 |     0 |      0 |      0 |    0 |          0 |
|                             MANT_CARRY.MANT_ALL_ZERO_DET                                                 |                                                                      compare_eq_im__parameterized0__28 |          2 |          2 |       0 |    0 |     0 |      0 |      0 |    0 |          0 |
|                               (MANT_CARRY.MANT_ALL_ZERO_DET)                                             |                                                                      compare_eq_im__parameterized0__28 |          2 |          2 |       0 |    0 |     0 |      0 |      0 |    0 |          0 |
|                               CARRY_ZERO_DET                                                             |                                                                        carry_chain__parameterized5__28 |          0 |          0 |       0 |    0 |     0 |      0 |      0 |    0 |          0 |
|                         OUTPUT                                                                           |                                                                         flt_dec_op__parameterized0__28 |         26 |         26 |       0 |    0 |     0 |      0 |      0 |    0 |          0 |
|               hptosp_16ns_32_1_no_dsp_1_U714                                                             |                                               fsa_stream_split_d_hptosp_16ns_32_1_no_dsp_1__xdcDup__13 |         33 |         33 |       0 |    0 |     0 |      0 |      0 |    0 |          0 |
|                 (hptosp_16ns_32_1_no_dsp_1_U714)                                                         |                                               fsa_stream_split_d_hptosp_16ns_32_1_no_dsp_1__xdcDup__13 |          0 |          0 |       0 |    0 |     0 |      0 |      0 |    0 |          0 |
|                 fsa_stream_split_d_hptosp_16ns_32_1_no_dsp_1_ip_u                                        |                                                    fsa_stream_split_d_hptosp_16ns_32_1_no_dsp_1_ip__27 |         33 |         33 |       0 |    0 |     0 |      0 |      0 |    0 |          0 |
|                   (fsa_stream_split_d_hptosp_16ns_32_1_no_dsp_1_ip_u)                                    |                                                    fsa_stream_split_d_hptosp_16ns_32_1_no_dsp_1_ip__27 |          0 |          0 |       0 |    0 |     0 |      0 |      0 |    0 |          0 |
|                   inst                                                                                   |                                                             floating_point_v7_1_19__parameterized0__27 |         33 |         33 |       0 |    0 |     0 |      0 |      0 |    0 |          0 |
|                     (inst)                                                                               |                                                             floating_point_v7_1_19__parameterized0__27 |          0 |          0 |       0 |    0 |     0 |      0 |      0 |    0 |          0 |
|                     i_synth                                                                              |                                                         floating_point_v7_1_19_viv__parameterized1__27 |         33 |         33 |       0 |    0 |     0 |      0 |      0 |    0 |          0 |
|                       (i_synth)                                                                          |                                                         floating_point_v7_1_19_viv__parameterized1__27 |          0 |          0 |       0 |    0 |     0 |      0 |      0 |    0 |          0 |
|                       FLT_TO_FLT_OP.SPD.OP                                                               |                                                                    flt_to_flt_conv__parameterized0__27 |         33 |         33 |       0 |    0 |     0 |      0 |      0 |    0 |          0 |
|                         (FLT_TO_FLT_OP.SPD.OP)                                                           |                                                                    flt_to_flt_conv__parameterized0__27 |          0 |          0 |       0 |    0 |     0 |      0 |      0 |    0 |          0 |
|                         EXP                                                                              |                                                                flt_to_flt_conv_exp__parameterized0__27 |          7 |          7 |       0 |    0 |     0 |      0 |      0 |    0 |          0 |
|                           (EXP)                                                                          |                                                                flt_to_flt_conv_exp__parameterized0__27 |          4 |          4 |       0 |    0 |     0 |      0 |      0 |    0 |          0 |
|                           COND_DET                                                                       |                                                                     special_detect__parameterized0__27 |          3 |          3 |       0 |    0 |     0 |      0 |      0 |    0 |          0 |
|                             (COND_DET)                                                                   |                                                                     special_detect__parameterized0__27 |          1 |          1 |       0 |    0 |     0 |      0 |      0 |    0 |          0 |
|                             MANT_CARRY.MANT_ALL_ZERO_DET                                                 |                                                                      compare_eq_im__parameterized0__27 |          2 |          2 |       0 |    0 |     0 |      0 |      0 |    0 |          0 |
|                               (MANT_CARRY.MANT_ALL_ZERO_DET)                                             |                                                                      compare_eq_im__parameterized0__27 |          2 |          2 |       0 |    0 |     0 |      0 |      0 |    0 |          0 |
|                               CARRY_ZERO_DET                                                             |                                                                        carry_chain__parameterized5__27 |          0 |          0 |       0 |    0 |     0 |      0 |      0 |    0 |          0 |
|                         OUTPUT                                                                           |                                                                         flt_dec_op__parameterized0__27 |         26 |         26 |       0 |    0 |     0 |      0 |      0 |    0 |          0 |
|               hptosp_16ns_32_1_no_dsp_1_U715                                                             |                                               fsa_stream_split_d_hptosp_16ns_32_1_no_dsp_1__xdcDup__14 |         33 |         33 |       0 |    0 |     0 |      0 |      0 |    0 |          0 |
|                 (hptosp_16ns_32_1_no_dsp_1_U715)                                                         |                                               fsa_stream_split_d_hptosp_16ns_32_1_no_dsp_1__xdcDup__14 |          0 |          0 |       0 |    0 |     0 |      0 |      0 |    0 |          0 |
|                 fsa_stream_split_d_hptosp_16ns_32_1_no_dsp_1_ip_u                                        |                                                    fsa_stream_split_d_hptosp_16ns_32_1_no_dsp_1_ip__26 |         33 |         33 |       0 |    0 |     0 |      0 |      0 |    0 |          0 |
|                   (fsa_stream_split_d_hptosp_16ns_32_1_no_dsp_1_ip_u)                                    |                                                    fsa_stream_split_d_hptosp_16ns_32_1_no_dsp_1_ip__26 |          0 |          0 |       0 |    0 |     0 |      0 |      0 |    0 |          0 |
|                   inst                                                                                   |                                                             floating_point_v7_1_19__parameterized0__26 |         33 |         33 |       0 |    0 |     0 |      0 |      0 |    0 |          0 |
|                     (inst)                                                                               |                                                             floating_point_v7_1_19__parameterized0__26 |          0 |          0 |       0 |    0 |     0 |      0 |      0 |    0 |          0 |
|                     i_synth                                                                              |                                                         floating_point_v7_1_19_viv__parameterized1__26 |         33 |         33 |       0 |    0 |     0 |      0 |      0 |    0 |          0 |
|                       (i_synth)                                                                          |                                                         floating_point_v7_1_19_viv__parameterized1__26 |          0 |          0 |       0 |    0 |     0 |      0 |      0 |    0 |          0 |
|                       FLT_TO_FLT_OP.SPD.OP                                                               |                                                                    flt_to_flt_conv__parameterized0__26 |         33 |         33 |       0 |    0 |     0 |      0 |      0 |    0 |          0 |
|                         (FLT_TO_FLT_OP.SPD.OP)                                                           |                                                                    flt_to_flt_conv__parameterized0__26 |          0 |          0 |       0 |    0 |     0 |      0 |      0 |    0 |          0 |
|                         EXP                                                                              |                                                                flt_to_flt_conv_exp__parameterized0__26 |          7 |          7 |       0 |    0 |     0 |      0 |      0 |    0 |          0 |
|                           (EXP)                                                                          |                                                                flt_to_flt_conv_exp__parameterized0__26 |          4 |          4 |       0 |    0 |     0 |      0 |      0 |    0 |          0 |
|                           COND_DET                                                                       |                                                                     special_detect__parameterized0__26 |          3 |          3 |       0 |    0 |     0 |      0 |      0 |    0 |          0 |
|                             (COND_DET)                                                                   |                                                                     special_detect__parameterized0__26 |          1 |          1 |       0 |    0 |     0 |      0 |      0 |    0 |          0 |
|                             MANT_CARRY.MANT_ALL_ZERO_DET                                                 |                                                                      compare_eq_im__parameterized0__26 |          2 |          2 |       0 |    0 |     0 |      0 |      0 |    0 |          0 |
|                               (MANT_CARRY.MANT_ALL_ZERO_DET)                                             |                                                                      compare_eq_im__parameterized0__26 |          2 |          2 |       0 |    0 |     0 |      0 |      0 |    0 |          0 |
|                               CARRY_ZERO_DET                                                             |                                                                        carry_chain__parameterized5__26 |          0 |          0 |       0 |    0 |     0 |      0 |      0 |    0 |          0 |
|                         OUTPUT                                                                           |                                                                         flt_dec_op__parameterized0__26 |         26 |         26 |       0 |    0 |     0 |      0 |      0 |    0 |          0 |
|               hptosp_16ns_32_1_no_dsp_1_U716                                                             |                                               fsa_stream_split_d_hptosp_16ns_32_1_no_dsp_1__xdcDup__15 |         33 |         33 |       0 |    0 |     0 |      0 |      0 |    0 |          0 |
|                 (hptosp_16ns_32_1_no_dsp_1_U716)                                                         |                                               fsa_stream_split_d_hptosp_16ns_32_1_no_dsp_1__xdcDup__15 |          0 |          0 |       0 |    0 |     0 |      0 |      0 |    0 |          0 |
|                 fsa_stream_split_d_hptosp_16ns_32_1_no_dsp_1_ip_u                                        |                                                    fsa_stream_split_d_hptosp_16ns_32_1_no_dsp_1_ip__25 |         33 |         33 |       0 |    0 |     0 |      0 |      0 |    0 |          0 |
|                   (fsa_stream_split_d_hptosp_16ns_32_1_no_dsp_1_ip_u)                                    |                                                    fsa_stream_split_d_hptosp_16ns_32_1_no_dsp_1_ip__25 |          0 |          0 |       0 |    0 |     0 |      0 |      0 |    0 |          0 |
|                   inst                                                                                   |                                                             floating_point_v7_1_19__parameterized0__25 |         33 |         33 |       0 |    0 |     0 |      0 |      0 |    0 |          0 |
|                     (inst)                                                                               |                                                             floating_point_v7_1_19__parameterized0__25 |          0 |          0 |       0 |    0 |     0 |      0 |      0 |    0 |          0 |
|                     i_synth                                                                              |                                                         floating_point_v7_1_19_viv__parameterized1__25 |         33 |         33 |       0 |    0 |     0 |      0 |      0 |    0 |          0 |
|                       (i_synth)                                                                          |                                                         floating_point_v7_1_19_viv__parameterized1__25 |          0 |          0 |       0 |    0 |     0 |      0 |      0 |    0 |          0 |
|                       FLT_TO_FLT_OP.SPD.OP                                                               |                                                                    flt_to_flt_conv__parameterized0__25 |         33 |         33 |       0 |    0 |     0 |      0 |      0 |    0 |          0 |
|                         (FLT_TO_FLT_OP.SPD.OP)                                                           |                                                                    flt_to_flt_conv__parameterized0__25 |          0 |          0 |       0 |    0 |     0 |      0 |      0 |    0 |          0 |
|                         EXP                                                                              |                                                                flt_to_flt_conv_exp__parameterized0__25 |          7 |          7 |       0 |    0 |     0 |      0 |      0 |    0 |          0 |
|                           (EXP)                                                                          |                                                                flt_to_flt_conv_exp__parameterized0__25 |          4 |          4 |       0 |    0 |     0 |      0 |      0 |    0 |          0 |
|                           COND_DET                                                                       |                                                                     special_detect__parameterized0__25 |          3 |          3 |       0 |    0 |     0 |      0 |      0 |    0 |          0 |
|                             (COND_DET)                                                                   |                                                                     special_detect__parameterized0__25 |          1 |          1 |       0 |    0 |     0 |      0 |      0 |    0 |          0 |
|                             MANT_CARRY.MANT_ALL_ZERO_DET                                                 |                                                                      compare_eq_im__parameterized0__25 |          2 |          2 |       0 |    0 |     0 |      0 |      0 |    0 |          0 |
|                               (MANT_CARRY.MANT_ALL_ZERO_DET)                                             |                                                                      compare_eq_im__parameterized0__25 |          2 |          2 |       0 |    0 |     0 |      0 |      0 |    0 |          0 |
|                               CARRY_ZERO_DET                                                             |                                                                        carry_chain__parameterized5__25 |          0 |          0 |       0 |    0 |     0 |      0 |      0 |    0 |          0 |
|                         OUTPUT                                                                           |                                                                         flt_dec_op__parameterized0__25 |         26 |         26 |       0 |    0 |     0 |      0 |      0 |    0 |          0 |
|               hptosp_16ns_32_1_no_dsp_1_U717                                                             |                                                           fsa_stream_split_d_hptosp_16ns_32_1_no_dsp_1 |         33 |         33 |       0 |    0 |     0 |      0 |      0 |    0 |          0 |
|                 (hptosp_16ns_32_1_no_dsp_1_U717)                                                         |                                                           fsa_stream_split_d_hptosp_16ns_32_1_no_dsp_1 |          0 |          0 |       0 |    0 |     0 |      0 |      0 |    0 |          0 |
|                 fsa_stream_split_d_hptosp_16ns_32_1_no_dsp_1_ip_u                                        |                                                    fsa_stream_split_d_hptosp_16ns_32_1_no_dsp_1_ip__24 |         33 |         33 |       0 |    0 |     0 |      0 |      0 |    0 |          0 |
|                   (fsa_stream_split_d_hptosp_16ns_32_1_no_dsp_1_ip_u)                                    |                                                    fsa_stream_split_d_hptosp_16ns_32_1_no_dsp_1_ip__24 |          0 |          0 |       0 |    0 |     0 |      0 |      0 |    0 |          0 |
|                   inst                                                                                   |                                                             floating_point_v7_1_19__parameterized0__24 |         33 |         33 |       0 |    0 |     0 |      0 |      0 |    0 |          0 |
|                     (inst)                                                                               |                                                             floating_point_v7_1_19__parameterized0__24 |          0 |          0 |       0 |    0 |     0 |      0 |      0 |    0 |          0 |
|                     i_synth                                                                              |                                                         floating_point_v7_1_19_viv__parameterized1__24 |         33 |         33 |       0 |    0 |     0 |      0 |      0 |    0 |          0 |
|                       (i_synth)                                                                          |                                                         floating_point_v7_1_19_viv__parameterized1__24 |          0 |          0 |       0 |    0 |     0 |      0 |      0 |    0 |          0 |
|                       FLT_TO_FLT_OP.SPD.OP                                                               |                                                                    flt_to_flt_conv__parameterized0__24 |         33 |         33 |       0 |    0 |     0 |      0 |      0 |    0 |          0 |
|                         (FLT_TO_FLT_OP.SPD.OP)                                                           |                                                                    flt_to_flt_conv__parameterized0__24 |          0 |          0 |       0 |    0 |     0 |      0 |      0 |    0 |          0 |
|                         EXP                                                                              |                                                                flt_to_flt_conv_exp__parameterized0__24 |          7 |          7 |       0 |    0 |     0 |      0 |      0 |    0 |          0 |
|                           (EXP)                                                                          |                                                                flt_to_flt_conv_exp__parameterized0__24 |          4 |          4 |       0 |    0 |     0 |      0 |      0 |    0 |          0 |
|                           COND_DET                                                                       |                                                                     special_detect__parameterized0__24 |          3 |          3 |       0 |    0 |     0 |      0 |      0 |    0 |          0 |
|                             (COND_DET)                                                                   |                                                                     special_detect__parameterized0__24 |          1 |          1 |       0 |    0 |     0 |      0 |      0 |    0 |          0 |
|                             MANT_CARRY.MANT_ALL_ZERO_DET                                                 |                                                                      compare_eq_im__parameterized0__24 |          2 |          2 |       0 |    0 |     0 |      0 |      0 |    0 |          0 |
|                               (MANT_CARRY.MANT_ALL_ZERO_DET)                                             |                                                                      compare_eq_im__parameterized0__24 |          2 |          2 |       0 |    0 |     0 |      0 |      0 |    0 |          0 |
|                               CARRY_ZERO_DET                                                             |                                                                        carry_chain__parameterized5__24 |          0 |          0 |       0 |    0 |     0 |      0 |      0 |    0 |          0 |
|                         OUTPUT                                                                           |                                                                         flt_dec_op__parameterized0__24 |         26 |         26 |       0 |    0 |     0 |      0 |      0 |    0 |          0 |
|               p_anonymous_namespace_EXP2_PWL_INTERCEPT_BITS15_U                                          |    fsa_stream_split_d_runQueryBlock_0_Pipeline_VITIS_LOOP_300_25_fsa_anonymous_namespace_EXP2_PWL_IeOg |         11 |         11 |       0 |    0 |    25 |      0 |      0 |    0 |          0 |
|             grp_runQueryBlock_1_Pipeline_VITIS_LOOP_369_33_fu_842                                        |                                          fsa_stream_split_d_runQueryBlock_1_Pipeline_VITIS_LOOP_369_33 |       1732 |       1713 |       0 |   19 |   982 |      0 |      0 |    0 |          0 |
|               (grp_runQueryBlock_1_Pipeline_VITIS_LOOP_369_33_fu_842)                                    |                                          fsa_stream_split_d_runQueryBlock_1_Pipeline_VITIS_LOOP_369_33 |       1730 |       1711 |       0 |   19 |   980 |      0 |      0 |    0 |          0 |
|               flow_control_loop_pipe_sequential_init_U                                                   |                                          fsa_stream_split_d_flow_control_loop_pipe_sequential_init__18 |          2 |          2 |       0 |    0 |     2 |      0 |      0 |    0 |          0 |
|             k_tile_10_U                                                                                  |                fsa_stream_split_d_runQueryBlock_1_Outline_VITIS_LOOP_117_5_v_tile_15_RAM_AUTO_1R1W__22 |         17 |          1 |      16 |    0 |    16 |      0 |      0 |    0 |          0 |
|             k_tile_11_U                                                                                  |                fsa_stream_split_d_runQueryBlock_1_Outline_VITIS_LOOP_117_5_v_tile_15_RAM_AUTO_1R1W__21 |         17 |          1 |      16 |    0 |    16 |      0 |      0 |    0 |          0 |
|             k_tile_12_U                                                                                  |                fsa_stream_split_d_runQueryBlock_1_Outline_VITIS_LOOP_117_5_v_tile_15_RAM_AUTO_1R1W__20 |         17 |          1 |      16 |    0 |    16 |      0 |      0 |    0 |          0 |
|             k_tile_13_U                                                                                  |                fsa_stream_split_d_runQueryBlock_1_Outline_VITIS_LOOP_117_5_v_tile_15_RAM_AUTO_1R1W__19 |         17 |          1 |      16 |    0 |    16 |      0 |      0 |    0 |          0 |
|             k_tile_14_U                                                                                  |                fsa_stream_split_d_runQueryBlock_1_Outline_VITIS_LOOP_117_5_v_tile_15_RAM_AUTO_1R1W__18 |         17 |          1 |      16 |    0 |    16 |      0 |      0 |    0 |          0 |
|             k_tile_15_U                                                                                  |                fsa_stream_split_d_runQueryBlock_1_Outline_VITIS_LOOP_117_5_v_tile_15_RAM_AUTO_1R1W__17 |         17 |          1 |      16 |    0 |    16 |      0 |      0 |    0 |          0 |
|             k_tile_1_U                                                                                   |                fsa_stream_split_d_runQueryBlock_1_Outline_VITIS_LOOP_117_5_v_tile_15_RAM_AUTO_1R1W__31 |         17 |          1 |      16 |    0 |    16 |      0 |      0 |    0 |          0 |
|             k_tile_2_U                                                                                   |                fsa_stream_split_d_runQueryBlock_1_Outline_VITIS_LOOP_117_5_v_tile_15_RAM_AUTO_1R1W__30 |         17 |          1 |      16 |    0 |    16 |      0 |      0 |    0 |          0 |
|             k_tile_3_U                                                                                   |                fsa_stream_split_d_runQueryBlock_1_Outline_VITIS_LOOP_117_5_v_tile_15_RAM_AUTO_1R1W__29 |         17 |          1 |      16 |    0 |    16 |      0 |      0 |    0 |          0 |
|             k_tile_4_U                                                                                   |                fsa_stream_split_d_runQueryBlock_1_Outline_VITIS_LOOP_117_5_v_tile_15_RAM_AUTO_1R1W__28 |         17 |          1 |      16 |    0 |    16 |      0 |      0 |    0 |          0 |
|             k_tile_5_U                                                                                   |                fsa_stream_split_d_runQueryBlock_1_Outline_VITIS_LOOP_117_5_v_tile_15_RAM_AUTO_1R1W__27 |         17 |          1 |      16 |    0 |    16 |      0 |      0 |    0 |          0 |
|             k_tile_6_U                                                                                   |                fsa_stream_split_d_runQueryBlock_1_Outline_VITIS_LOOP_117_5_v_tile_15_RAM_AUTO_1R1W__26 |         17 |          1 |      16 |    0 |    16 |      0 |      0 |    0 |          0 |
|             k_tile_7_U                                                                                   |                fsa_stream_split_d_runQueryBlock_1_Outline_VITIS_LOOP_117_5_v_tile_15_RAM_AUTO_1R1W__25 |         17 |          1 |      16 |    0 |    16 |      0 |      0 |    0 |          0 |
|             k_tile_8_U                                                                                   |                fsa_stream_split_d_runQueryBlock_1_Outline_VITIS_LOOP_117_5_v_tile_15_RAM_AUTO_1R1W__24 |         17 |          1 |      16 |    0 |    16 |      0 |      0 |    0 |          0 |
|             k_tile_9_U                                                                                   |                fsa_stream_split_d_runQueryBlock_1_Outline_VITIS_LOOP_117_5_v_tile_15_RAM_AUTO_1R1W__23 |         17 |          1 |      16 |    0 |    16 |      0 |      0 |    0 |          0 |
|             k_tile_U                                                                                     |                    fsa_stream_split_d_runQueryBlock_1_Outline_VITIS_LOOP_117_5_v_tile_15_RAM_AUTO_1R1W |         17 |          1 |      16 |    0 |    16 |      0 |      0 |    0 |          0 |
|             sptohp_32ns_16_1_no_dsp_1_U820                                                               |                                               fsa_stream_split_d_sptohp_32ns_16_1_no_dsp_1__xdcDup__13 |         30 |         30 |       0 |    0 |     0 |      0 |      0 |    0 |          0 |
|               (sptohp_32ns_16_1_no_dsp_1_U820)                                                           |                                               fsa_stream_split_d_sptohp_32ns_16_1_no_dsp_1__xdcDup__13 |          0 |          0 |       0 |    0 |     0 |      0 |      0 |    0 |          0 |
|               fsa_stream_split_d_sptohp_32ns_16_1_no_dsp_1_ip_u                                          |                                                    fsa_stream_split_d_sptohp_32ns_16_1_no_dsp_1_ip__37 |         30 |         30 |       0 |    0 |     0 |      0 |      0 |    0 |          0 |
|                 (fsa_stream_split_d_sptohp_32ns_16_1_no_dsp_1_ip_u)                                      |                                                    fsa_stream_split_d_sptohp_32ns_16_1_no_dsp_1_ip__37 |          0 |          0 |       0 |    0 |     0 |      0 |      0 |    0 |          0 |
|                 inst                                                                                     |                                                                             floating_point_v7_1_19__37 |         30 |         30 |       0 |    0 |     0 |      0 |      0 |    0 |          0 |
|                   (inst)                                                                                 |                                                                             floating_point_v7_1_19__37 |          0 |          0 |       0 |    0 |     0 |      0 |      0 |    0 |          0 |
|                   i_synth                                                                                |                                                                         floating_point_v7_1_19_viv__37 |         30 |         30 |       0 |    0 |     0 |      0 |      0 |    0 |          0 |
|                     (i_synth)                                                                            |                                                                         floating_point_v7_1_19_viv__37 |          0 |          0 |       0 |    0 |     0 |      0 |      0 |    0 |          0 |
|                     FLT_TO_FLT_OP.SPD.OP                                                                 |                                                                                    flt_to_flt_conv__37 |         30 |         30 |       0 |    0 |     0 |      0 |      0 |    0 |          0 |
|                       (FLT_TO_FLT_OP.SPD.OP)                                                             |                                                                                    flt_to_flt_conv__37 |          1 |          1 |       0 |    0 |     0 |      0 |      0 |    0 |          0 |
|                       EXP                                                                                |                                                                                flt_to_flt_conv_exp__37 |         12 |         12 |       0 |    0 |     0 |      0 |      0 |    0 |          0 |
|                         (EXP)                                                                            |                                                                                flt_to_flt_conv_exp__37 |          6 |          6 |       0 |    0 |     0 |      0 |      0 |    0 |          0 |
|                         COND_DET                                                                         |                                                                                     special_detect__37 |          6 |          6 |       0 |    0 |     0 |      0 |      0 |    0 |          0 |
|                           (COND_DET)                                                                     |                                                                                     special_detect__37 |          2 |          2 |       0 |    0 |     0 |      0 |      0 |    0 |          0 |
|                           MANT_CARRY.MANT_ALL_ZERO_DET                                                   |                                                                                      compare_eq_im__37 |          4 |          4 |       0 |    0 |     0 |      0 |      0 |    0 |          0 |
|                             (MANT_CARRY.MANT_ALL_ZERO_DET)                                               |                                                                                      compare_eq_im__37 |          4 |          4 |       0 |    0 |     0 |      0 |      0 |    0 |          0 |
|                             CARRY_ZERO_DET                                                               |                                                                                        carry_chain__37 |          0 |          0 |       0 |    0 |     0 |      0 |      0 |    0 |          0 |
|                       OUTPUT                                                                             |                                                                                         flt_dec_op__37 |         13 |         13 |       0 |    0 |     0 |      0 |      0 |    0 |          0 |
|                       RND_REQ.ROUND                                                                      |                                                                             renorm_and_round_logic__37 |          2 |          2 |       0 |    0 |     0 |      0 |      0 |    0 |          0 |
|                         (RND_REQ.ROUND)                                                                  |                                                                             renorm_and_round_logic__37 |          0 |          0 |       0 |    0 |     0 |      0 |      0 |    0 |          0 |
|                         EXP_ADD.ADD                                                                      |                                                                        carry_chain__parameterized4__37 |          0 |          0 |       0 |    0 |     0 |      0 |      0 |    0 |          0 |
|                         LOGIC.RND1                                                                       |                                                                        carry_chain__parameterized2__37 |          0 |          0 |       0 |    0 |     0 |      0 |      0 |    0 |          0 |
|                         LOGIC.RND2                                                                       |                                                                        carry_chain__parameterized3__37 |          0 |          0 |       0 |    0 |     0 |      0 |      0 |    0 |          0 |
|                         RND_BIT_GEN                                                                      |                                                                                      flt_round_bit__37 |          2 |          2 |       0 |    0 |     0 |      0 |      0 |    0 |          0 |
|                           (RND_BIT_GEN)                                                                  |                                                                                      flt_round_bit__37 |          2 |          2 |       0 |    0 |     0 |      0 |      0 |    0 |          0 |
|                           NORM_1_OR_0.STRUCT_REQ.SPECIAL.RND_CHAIN                                       |                                                                        carry_chain__parameterized1__37 |          0 |          0 |       0 |    0 |     0 |      0 |      0 |    0 |          0 |
|                       RND_REQ.Z_DET_REQ.DET_ZERO                                                         |                                                                                      compare_ne_im__37 |          2 |          2 |       0 |    0 |     0 |      0 |      0 |    0 |          0 |
|                         (RND_REQ.Z_DET_REQ.DET_ZERO)                                                     |                                                                                      compare_ne_im__37 |          2 |          2 |       0 |    0 |     0 |      0 |      0 |    0 |          0 |
|                         WIDE_NOR                                                                         |                                                                        carry_chain__parameterized0__40 |          0 |          0 |       0 |    0 |     0 |      0 |      0 |    0 |          0 |
|             sptohp_32ns_16_1_no_dsp_1_U821                                                               |                                               fsa_stream_split_d_sptohp_32ns_16_1_no_dsp_1__xdcDup__14 |         30 |         30 |       0 |    0 |     0 |      0 |      0 |    0 |          0 |
|               (sptohp_32ns_16_1_no_dsp_1_U821)                                                           |                                               fsa_stream_split_d_sptohp_32ns_16_1_no_dsp_1__xdcDup__14 |          0 |          0 |       0 |    0 |     0 |      0 |      0 |    0 |          0 |
|               fsa_stream_split_d_sptohp_32ns_16_1_no_dsp_1_ip_u                                          |                                                    fsa_stream_split_d_sptohp_32ns_16_1_no_dsp_1_ip__36 |         30 |         30 |       0 |    0 |     0 |      0 |      0 |    0 |          0 |
|                 (fsa_stream_split_d_sptohp_32ns_16_1_no_dsp_1_ip_u)                                      |                                                    fsa_stream_split_d_sptohp_32ns_16_1_no_dsp_1_ip__36 |          0 |          0 |       0 |    0 |     0 |      0 |      0 |    0 |          0 |
|                 inst                                                                                     |                                                                             floating_point_v7_1_19__36 |         30 |         30 |       0 |    0 |     0 |      0 |      0 |    0 |          0 |
|                   (inst)                                                                                 |                                                                             floating_point_v7_1_19__36 |          0 |          0 |       0 |    0 |     0 |      0 |      0 |    0 |          0 |
|                   i_synth                                                                                |                                                                         floating_point_v7_1_19_viv__36 |         30 |         30 |       0 |    0 |     0 |      0 |      0 |    0 |          0 |
|                     (i_synth)                                                                            |                                                                         floating_point_v7_1_19_viv__36 |          0 |          0 |       0 |    0 |     0 |      0 |      0 |    0 |          0 |
|                     FLT_TO_FLT_OP.SPD.OP                                                                 |                                                                                    flt_to_flt_conv__36 |         30 |         30 |       0 |    0 |     0 |      0 |      0 |    0 |          0 |
|                       (FLT_TO_FLT_OP.SPD.OP)                                                             |                                                                                    flt_to_flt_conv__36 |          1 |          1 |       0 |    0 |     0 |      0 |      0 |    0 |          0 |
|                       EXP                                                                                |                                                                                flt_to_flt_conv_exp__36 |         12 |         12 |       0 |    0 |     0 |      0 |      0 |    0 |          0 |
|                         (EXP)                                                                            |                                                                                flt_to_flt_conv_exp__36 |          6 |          6 |       0 |    0 |     0 |      0 |      0 |    0 |          0 |
|                         COND_DET                                                                         |                                                                                     special_detect__36 |          6 |          6 |       0 |    0 |     0 |      0 |      0 |    0 |          0 |
|                           (COND_DET)                                                                     |                                                                                     special_detect__36 |          2 |          2 |       0 |    0 |     0 |      0 |      0 |    0 |          0 |
|                           MANT_CARRY.MANT_ALL_ZERO_DET                                                   |                                                                                      compare_eq_im__36 |          4 |          4 |       0 |    0 |     0 |      0 |      0 |    0 |          0 |
|                             (MANT_CARRY.MANT_ALL_ZERO_DET)                                               |                                                                                      compare_eq_im__36 |          4 |          4 |       0 |    0 |     0 |      0 |      0 |    0 |          0 |
|                             CARRY_ZERO_DET                                                               |                                                                                        carry_chain__36 |          0 |          0 |       0 |    0 |     0 |      0 |      0 |    0 |          0 |
|                       OUTPUT                                                                             |                                                                                         flt_dec_op__36 |         13 |         13 |       0 |    0 |     0 |      0 |      0 |    0 |          0 |
|                       RND_REQ.ROUND                                                                      |                                                                             renorm_and_round_logic__36 |          2 |          2 |       0 |    0 |     0 |      0 |      0 |    0 |          0 |
|                         (RND_REQ.ROUND)                                                                  |                                                                             renorm_and_round_logic__36 |          0 |          0 |       0 |    0 |     0 |      0 |      0 |    0 |          0 |
|                         EXP_ADD.ADD                                                                      |                                                                        carry_chain__parameterized4__36 |          0 |          0 |       0 |    0 |     0 |      0 |      0 |    0 |          0 |
|                         LOGIC.RND1                                                                       |                                                                        carry_chain__parameterized2__36 |          0 |          0 |       0 |    0 |     0 |      0 |      0 |    0 |          0 |
|                         LOGIC.RND2                                                                       |                                                                        carry_chain__parameterized3__36 |          0 |          0 |       0 |    0 |     0 |      0 |      0 |    0 |          0 |
|                         RND_BIT_GEN                                                                      |                                                                                      flt_round_bit__36 |          2 |          2 |       0 |    0 |     0 |      0 |      0 |    0 |          0 |
|                           (RND_BIT_GEN)                                                                  |                                                                                      flt_round_bit__36 |          2 |          2 |       0 |    0 |     0 |      0 |      0 |    0 |          0 |
|                           NORM_1_OR_0.STRUCT_REQ.SPECIAL.RND_CHAIN                                       |                                                                        carry_chain__parameterized1__36 |          0 |          0 |       0 |    0 |     0 |      0 |      0 |    0 |          0 |
|                       RND_REQ.Z_DET_REQ.DET_ZERO                                                         |                                                                                      compare_ne_im__36 |          2 |          2 |       0 |    0 |     0 |      0 |      0 |    0 |          0 |
|                         (RND_REQ.Z_DET_REQ.DET_ZERO)                                                     |                                                                                      compare_ne_im__36 |          2 |          2 |       0 |    0 |     0 |      0 |      0 |    0 |          0 |
|                         WIDE_NOR                                                                         |                                                                        carry_chain__parameterized0__39 |          0 |          0 |       0 |    0 |     0 |      0 |      0 |    0 |          0 |
|             sptohp_32ns_16_1_no_dsp_1_U822                                                               |                                               fsa_stream_split_d_sptohp_32ns_16_1_no_dsp_1__xdcDup__15 |         30 |         30 |       0 |    0 |     0 |      0 |      0 |    0 |          0 |
|               (sptohp_32ns_16_1_no_dsp_1_U822)                                                           |                                               fsa_stream_split_d_sptohp_32ns_16_1_no_dsp_1__xdcDup__15 |          0 |          0 |       0 |    0 |     0 |      0 |      0 |    0 |          0 |
|               fsa_stream_split_d_sptohp_32ns_16_1_no_dsp_1_ip_u                                          |                                                    fsa_stream_split_d_sptohp_32ns_16_1_no_dsp_1_ip__35 |         30 |         30 |       0 |    0 |     0 |      0 |      0 |    0 |          0 |
|                 (fsa_stream_split_d_sptohp_32ns_16_1_no_dsp_1_ip_u)                                      |                                                    fsa_stream_split_d_sptohp_32ns_16_1_no_dsp_1_ip__35 |          0 |          0 |       0 |    0 |     0 |      0 |      0 |    0 |          0 |
|                 inst                                                                                     |                                                                             floating_point_v7_1_19__35 |         30 |         30 |       0 |    0 |     0 |      0 |      0 |    0 |          0 |
|                   (inst)                                                                                 |                                                                             floating_point_v7_1_19__35 |          0 |          0 |       0 |    0 |     0 |      0 |      0 |    0 |          0 |
|                   i_synth                                                                                |                                                                         floating_point_v7_1_19_viv__35 |         30 |         30 |       0 |    0 |     0 |      0 |      0 |    0 |          0 |
|                     (i_synth)                                                                            |                                                                         floating_point_v7_1_19_viv__35 |          0 |          0 |       0 |    0 |     0 |      0 |      0 |    0 |          0 |
|                     FLT_TO_FLT_OP.SPD.OP                                                                 |                                                                                    flt_to_flt_conv__35 |         30 |         30 |       0 |    0 |     0 |      0 |      0 |    0 |          0 |
|                       (FLT_TO_FLT_OP.SPD.OP)                                                             |                                                                                    flt_to_flt_conv__35 |          1 |          1 |       0 |    0 |     0 |      0 |      0 |    0 |          0 |
|                       EXP                                                                                |                                                                                flt_to_flt_conv_exp__35 |         12 |         12 |       0 |    0 |     0 |      0 |      0 |    0 |          0 |
|                         (EXP)                                                                            |                                                                                flt_to_flt_conv_exp__35 |          6 |          6 |       0 |    0 |     0 |      0 |      0 |    0 |          0 |
|                         COND_DET                                                                         |                                                                                     special_detect__35 |          6 |          6 |       0 |    0 |     0 |      0 |      0 |    0 |          0 |
|                           (COND_DET)                                                                     |                                                                                     special_detect__35 |          2 |          2 |       0 |    0 |     0 |      0 |      0 |    0 |          0 |
|                           MANT_CARRY.MANT_ALL_ZERO_DET                                                   |                                                                                      compare_eq_im__35 |          4 |          4 |       0 |    0 |     0 |      0 |      0 |    0 |          0 |
|                             (MANT_CARRY.MANT_ALL_ZERO_DET)                                               |                                                                                      compare_eq_im__35 |          4 |          4 |       0 |    0 |     0 |      0 |      0 |    0 |          0 |
|                             CARRY_ZERO_DET                                                               |                                                                                        carry_chain__35 |          0 |          0 |       0 |    0 |     0 |      0 |      0 |    0 |          0 |
|                       OUTPUT                                                                             |                                                                                         flt_dec_op__35 |         13 |         13 |       0 |    0 |     0 |      0 |      0 |    0 |          0 |
|                       RND_REQ.ROUND                                                                      |                                                                             renorm_and_round_logic__35 |          2 |          2 |       0 |    0 |     0 |      0 |      0 |    0 |          0 |
|                         (RND_REQ.ROUND)                                                                  |                                                                             renorm_and_round_logic__35 |          0 |          0 |       0 |    0 |     0 |      0 |      0 |    0 |          0 |
|                         EXP_ADD.ADD                                                                      |                                                                        carry_chain__parameterized4__35 |          0 |          0 |       0 |    0 |     0 |      0 |      0 |    0 |          0 |
|                         LOGIC.RND1                                                                       |                                                                        carry_chain__parameterized2__35 |          0 |          0 |       0 |    0 |     0 |      0 |      0 |    0 |          0 |
|                         LOGIC.RND2                                                                       |                                                                        carry_chain__parameterized3__35 |          0 |          0 |       0 |    0 |     0 |      0 |      0 |    0 |          0 |
|                         RND_BIT_GEN                                                                      |                                                                                      flt_round_bit__35 |          2 |          2 |       0 |    0 |     0 |      0 |      0 |    0 |          0 |
|                           (RND_BIT_GEN)                                                                  |                                                                                      flt_round_bit__35 |          2 |          2 |       0 |    0 |     0 |      0 |      0 |    0 |          0 |
|                           NORM_1_OR_0.STRUCT_REQ.SPECIAL.RND_CHAIN                                       |                                                                        carry_chain__parameterized1__35 |          0 |          0 |       0 |    0 |     0 |      0 |      0 |    0 |          0 |
|                       RND_REQ.Z_DET_REQ.DET_ZERO                                                         |                                                                                      compare_ne_im__35 |          2 |          2 |       0 |    0 |     0 |      0 |      0 |    0 |          0 |
|                         (RND_REQ.Z_DET_REQ.DET_ZERO)                                                     |                                                                                      compare_ne_im__35 |          2 |          2 |       0 |    0 |     0 |      0 |      0 |    0 |          0 |
|                         WIDE_NOR                                                                         |                                                                        carry_chain__parameterized0__38 |          0 |          0 |       0 |    0 |     0 |      0 |      0 |    0 |          0 |
|             sptohp_32ns_16_1_no_dsp_1_U823                                                               |                                               fsa_stream_split_d_sptohp_32ns_16_1_no_dsp_1__xdcDup__16 |         30 |         30 |       0 |    0 |     0 |      0 |      0 |    0 |          0 |
|               (sptohp_32ns_16_1_no_dsp_1_U823)                                                           |                                               fsa_stream_split_d_sptohp_32ns_16_1_no_dsp_1__xdcDup__16 |          0 |          0 |       0 |    0 |     0 |      0 |      0 |    0 |          0 |
|               fsa_stream_split_d_sptohp_32ns_16_1_no_dsp_1_ip_u                                          |                                                    fsa_stream_split_d_sptohp_32ns_16_1_no_dsp_1_ip__34 |         30 |         30 |       0 |    0 |     0 |      0 |      0 |    0 |          0 |
|                 (fsa_stream_split_d_sptohp_32ns_16_1_no_dsp_1_ip_u)                                      |                                                    fsa_stream_split_d_sptohp_32ns_16_1_no_dsp_1_ip__34 |          0 |          0 |       0 |    0 |     0 |      0 |      0 |    0 |          0 |
|                 inst                                                                                     |                                                                             floating_point_v7_1_19__34 |         30 |         30 |       0 |    0 |     0 |      0 |      0 |    0 |          0 |
|                   (inst)                                                                                 |                                                                             floating_point_v7_1_19__34 |          0 |          0 |       0 |    0 |     0 |      0 |      0 |    0 |          0 |
|                   i_synth                                                                                |                                                                         floating_point_v7_1_19_viv__34 |         30 |         30 |       0 |    0 |     0 |      0 |      0 |    0 |          0 |
|                     (i_synth)                                                                            |                                                                         floating_point_v7_1_19_viv__34 |          0 |          0 |       0 |    0 |     0 |      0 |      0 |    0 |          0 |
|                     FLT_TO_FLT_OP.SPD.OP                                                                 |                                                                                    flt_to_flt_conv__34 |         30 |         30 |       0 |    0 |     0 |      0 |      0 |    0 |          0 |
|                       (FLT_TO_FLT_OP.SPD.OP)                                                             |                                                                                    flt_to_flt_conv__34 |          1 |          1 |       0 |    0 |     0 |      0 |      0 |    0 |          0 |
|                       EXP                                                                                |                                                                                flt_to_flt_conv_exp__34 |         12 |         12 |       0 |    0 |     0 |      0 |      0 |    0 |          0 |
|                         (EXP)                                                                            |                                                                                flt_to_flt_conv_exp__34 |          6 |          6 |       0 |    0 |     0 |      0 |      0 |    0 |          0 |
|                         COND_DET                                                                         |                                                                                     special_detect__34 |          6 |          6 |       0 |    0 |     0 |      0 |      0 |    0 |          0 |
|                           (COND_DET)                                                                     |                                                                                     special_detect__34 |          2 |          2 |       0 |    0 |     0 |      0 |      0 |    0 |          0 |
|                           MANT_CARRY.MANT_ALL_ZERO_DET                                                   |                                                                                      compare_eq_im__34 |          4 |          4 |       0 |    0 |     0 |      0 |      0 |    0 |          0 |
|                             (MANT_CARRY.MANT_ALL_ZERO_DET)                                               |                                                                                      compare_eq_im__34 |          4 |          4 |       0 |    0 |     0 |      0 |      0 |    0 |          0 |
|                             CARRY_ZERO_DET                                                               |                                                                                        carry_chain__34 |          0 |          0 |       0 |    0 |     0 |      0 |      0 |    0 |          0 |
|                       OUTPUT                                                                             |                                                                                         flt_dec_op__34 |         13 |         13 |       0 |    0 |     0 |      0 |      0 |    0 |          0 |
|                       RND_REQ.ROUND                                                                      |                                                                             renorm_and_round_logic__34 |          2 |          2 |       0 |    0 |     0 |      0 |      0 |    0 |          0 |
|                         (RND_REQ.ROUND)                                                                  |                                                                             renorm_and_round_logic__34 |          0 |          0 |       0 |    0 |     0 |      0 |      0 |    0 |          0 |
|                         EXP_ADD.ADD                                                                      |                                                                        carry_chain__parameterized4__34 |          0 |          0 |       0 |    0 |     0 |      0 |      0 |    0 |          0 |
|                         LOGIC.RND1                                                                       |                                                                        carry_chain__parameterized2__34 |          0 |          0 |       0 |    0 |     0 |      0 |      0 |    0 |          0 |
|                         LOGIC.RND2                                                                       |                                                                        carry_chain__parameterized3__34 |          0 |          0 |       0 |    0 |     0 |      0 |      0 |    0 |          0 |
|                         RND_BIT_GEN                                                                      |                                                                                      flt_round_bit__34 |          2 |          2 |       0 |    0 |     0 |      0 |      0 |    0 |          0 |
|                           (RND_BIT_GEN)                                                                  |                                                                                      flt_round_bit__34 |          2 |          2 |       0 |    0 |     0 |      0 |      0 |    0 |          0 |
|                           NORM_1_OR_0.STRUCT_REQ.SPECIAL.RND_CHAIN                                       |                                                                        carry_chain__parameterized1__34 |          0 |          0 |       0 |    0 |     0 |      0 |      0 |    0 |          0 |
|                       RND_REQ.Z_DET_REQ.DET_ZERO                                                         |                                                                                      compare_ne_im__34 |          2 |          2 |       0 |    0 |     0 |      0 |      0 |    0 |          0 |
|                         (RND_REQ.Z_DET_REQ.DET_ZERO)                                                     |                                                                                      compare_ne_im__34 |          2 |          2 |       0 |    0 |     0 |      0 |      0 |    0 |          0 |
|                         WIDE_NOR                                                                         |                                                                        carry_chain__parameterized0__37 |          0 |          0 |       0 |    0 |     0 |      0 |      0 |    0 |          0 |
|             sptohp_32ns_16_1_no_dsp_1_U824                                                               |                                               fsa_stream_split_d_sptohp_32ns_16_1_no_dsp_1__xdcDup__17 |         30 |         30 |       0 |    0 |     0 |      0 |      0 |    0 |          0 |
|               (sptohp_32ns_16_1_no_dsp_1_U824)                                                           |                                               fsa_stream_split_d_sptohp_32ns_16_1_no_dsp_1__xdcDup__17 |          0 |          0 |       0 |    0 |     0 |      0 |      0 |    0 |          0 |
|               fsa_stream_split_d_sptohp_32ns_16_1_no_dsp_1_ip_u                                          |                                                    fsa_stream_split_d_sptohp_32ns_16_1_no_dsp_1_ip__33 |         30 |         30 |       0 |    0 |     0 |      0 |      0 |    0 |          0 |
|                 (fsa_stream_split_d_sptohp_32ns_16_1_no_dsp_1_ip_u)                                      |                                                    fsa_stream_split_d_sptohp_32ns_16_1_no_dsp_1_ip__33 |          0 |          0 |       0 |    0 |     0 |      0 |      0 |    0 |          0 |
|                 inst                                                                                     |                                                                             floating_point_v7_1_19__33 |         30 |         30 |       0 |    0 |     0 |      0 |      0 |    0 |          0 |
|                   (inst)                                                                                 |                                                                             floating_point_v7_1_19__33 |          0 |          0 |       0 |    0 |     0 |      0 |      0 |    0 |          0 |
|                   i_synth                                                                                |                                                                         floating_point_v7_1_19_viv__33 |         30 |         30 |       0 |    0 |     0 |      0 |      0 |    0 |          0 |
|                     (i_synth)                                                                            |                                                                         floating_point_v7_1_19_viv__33 |          0 |          0 |       0 |    0 |     0 |      0 |      0 |    0 |          0 |
|                     FLT_TO_FLT_OP.SPD.OP                                                                 |                                                                                    flt_to_flt_conv__33 |         30 |         30 |       0 |    0 |     0 |      0 |      0 |    0 |          0 |
|                       (FLT_TO_FLT_OP.SPD.OP)                                                             |                                                                                    flt_to_flt_conv__33 |          1 |          1 |       0 |    0 |     0 |      0 |      0 |    0 |          0 |
|                       EXP                                                                                |                                                                                flt_to_flt_conv_exp__33 |         12 |         12 |       0 |    0 |     0 |      0 |      0 |    0 |          0 |
|                         (EXP)                                                                            |                                                                                flt_to_flt_conv_exp__33 |          6 |          6 |       0 |    0 |     0 |      0 |      0 |    0 |          0 |
|                         COND_DET                                                                         |                                                                                     special_detect__33 |          6 |          6 |       0 |    0 |     0 |      0 |      0 |    0 |          0 |
|                           (COND_DET)                                                                     |                                                                                     special_detect__33 |          2 |          2 |       0 |    0 |     0 |      0 |      0 |    0 |          0 |
|                           MANT_CARRY.MANT_ALL_ZERO_DET                                                   |                                                                                      compare_eq_im__33 |          4 |          4 |       0 |    0 |     0 |      0 |      0 |    0 |          0 |
|                             (MANT_CARRY.MANT_ALL_ZERO_DET)                                               |                                                                                      compare_eq_im__33 |          4 |          4 |       0 |    0 |     0 |      0 |      0 |    0 |          0 |
|                             CARRY_ZERO_DET                                                               |                                                                                        carry_chain__33 |          0 |          0 |       0 |    0 |     0 |      0 |      0 |    0 |          0 |
|                       OUTPUT                                                                             |                                                                                         flt_dec_op__33 |         13 |         13 |       0 |    0 |     0 |      0 |      0 |    0 |          0 |
|                       RND_REQ.ROUND                                                                      |                                                                             renorm_and_round_logic__33 |          2 |          2 |       0 |    0 |     0 |      0 |      0 |    0 |          0 |
|                         (RND_REQ.ROUND)                                                                  |                                                                             renorm_and_round_logic__33 |          0 |          0 |       0 |    0 |     0 |      0 |      0 |    0 |          0 |
|                         EXP_ADD.ADD                                                                      |                                                                        carry_chain__parameterized4__33 |          0 |          0 |       0 |    0 |     0 |      0 |      0 |    0 |          0 |
|                         LOGIC.RND1                                                                       |                                                                        carry_chain__parameterized2__33 |          0 |          0 |       0 |    0 |     0 |      0 |      0 |    0 |          0 |
|                         LOGIC.RND2                                                                       |                                                                        carry_chain__parameterized3__33 |          0 |          0 |       0 |    0 |     0 |      0 |      0 |    0 |          0 |
|                         RND_BIT_GEN                                                                      |                                                                                      flt_round_bit__33 |          2 |          2 |       0 |    0 |     0 |      0 |      0 |    0 |          0 |
|                           (RND_BIT_GEN)                                                                  |                                                                                      flt_round_bit__33 |          2 |          2 |       0 |    0 |     0 |      0 |      0 |    0 |          0 |
|                           NORM_1_OR_0.STRUCT_REQ.SPECIAL.RND_CHAIN                                       |                                                                        carry_chain__parameterized1__33 |          0 |          0 |       0 |    0 |     0 |      0 |      0 |    0 |          0 |
|                       RND_REQ.Z_DET_REQ.DET_ZERO                                                         |                                                                                      compare_ne_im__33 |          2 |          2 |       0 |    0 |     0 |      0 |      0 |    0 |          0 |
|                         (RND_REQ.Z_DET_REQ.DET_ZERO)                                                     |                                                                                      compare_ne_im__33 |          2 |          2 |       0 |    0 |     0 |      0 |      0 |    0 |          0 |
|                         WIDE_NOR                                                                         |                                                                        carry_chain__parameterized0__36 |          0 |          0 |       0 |    0 |     0 |      0 |      0 |    0 |          0 |
|             sptohp_32ns_16_1_no_dsp_1_U825                                                               |                                               fsa_stream_split_d_sptohp_32ns_16_1_no_dsp_1__xdcDup__18 |         30 |         30 |       0 |    0 |     0 |      0 |      0 |    0 |          0 |
|               (sptohp_32ns_16_1_no_dsp_1_U825)                                                           |                                               fsa_stream_split_d_sptohp_32ns_16_1_no_dsp_1__xdcDup__18 |          0 |          0 |       0 |    0 |     0 |      0 |      0 |    0 |          0 |
|               fsa_stream_split_d_sptohp_32ns_16_1_no_dsp_1_ip_u                                          |                                                    fsa_stream_split_d_sptohp_32ns_16_1_no_dsp_1_ip__32 |         30 |         30 |       0 |    0 |     0 |      0 |      0 |    0 |          0 |
|                 (fsa_stream_split_d_sptohp_32ns_16_1_no_dsp_1_ip_u)                                      |                                                    fsa_stream_split_d_sptohp_32ns_16_1_no_dsp_1_ip__32 |          0 |          0 |       0 |    0 |     0 |      0 |      0 |    0 |          0 |
|                 inst                                                                                     |                                                                             floating_point_v7_1_19__32 |         30 |         30 |       0 |    0 |     0 |      0 |      0 |    0 |          0 |
|                   (inst)                                                                                 |                                                                             floating_point_v7_1_19__32 |          0 |          0 |       0 |    0 |     0 |      0 |      0 |    0 |          0 |
|                   i_synth                                                                                |                                                                         floating_point_v7_1_19_viv__32 |         30 |         30 |       0 |    0 |     0 |      0 |      0 |    0 |          0 |
|                     (i_synth)                                                                            |                                                                         floating_point_v7_1_19_viv__32 |          0 |          0 |       0 |    0 |     0 |      0 |      0 |    0 |          0 |
|                     FLT_TO_FLT_OP.SPD.OP                                                                 |                                                                                    flt_to_flt_conv__32 |         30 |         30 |       0 |    0 |     0 |      0 |      0 |    0 |          0 |
|                       (FLT_TO_FLT_OP.SPD.OP)                                                             |                                                                                    flt_to_flt_conv__32 |          1 |          1 |       0 |    0 |     0 |      0 |      0 |    0 |          0 |
|                       EXP                                                                                |                                                                                flt_to_flt_conv_exp__32 |         12 |         12 |       0 |    0 |     0 |      0 |      0 |    0 |          0 |
|                         (EXP)                                                                            |                                                                                flt_to_flt_conv_exp__32 |          6 |          6 |       0 |    0 |     0 |      0 |      0 |    0 |          0 |
|                         COND_DET                                                                         |                                                                                     special_detect__32 |          6 |          6 |       0 |    0 |     0 |      0 |      0 |    0 |          0 |
|                           (COND_DET)                                                                     |                                                                                     special_detect__32 |          2 |          2 |       0 |    0 |     0 |      0 |      0 |    0 |          0 |
|                           MANT_CARRY.MANT_ALL_ZERO_DET                                                   |                                                                                      compare_eq_im__32 |          4 |          4 |       0 |    0 |     0 |      0 |      0 |    0 |          0 |
|                             (MANT_CARRY.MANT_ALL_ZERO_DET)                                               |                                                                                      compare_eq_im__32 |          4 |          4 |       0 |    0 |     0 |      0 |      0 |    0 |          0 |
|                             CARRY_ZERO_DET                                                               |                                                                                        carry_chain__32 |          0 |          0 |       0 |    0 |     0 |      0 |      0 |    0 |          0 |
|                       OUTPUT                                                                             |                                                                                         flt_dec_op__32 |         13 |         13 |       0 |    0 |     0 |      0 |      0 |    0 |          0 |
|                       RND_REQ.ROUND                                                                      |                                                                             renorm_and_round_logic__32 |          2 |          2 |       0 |    0 |     0 |      0 |      0 |    0 |          0 |
|                         (RND_REQ.ROUND)                                                                  |                                                                             renorm_and_round_logic__32 |          0 |          0 |       0 |    0 |     0 |      0 |      0 |    0 |          0 |
|                         EXP_ADD.ADD                                                                      |                                                                        carry_chain__parameterized4__32 |          0 |          0 |       0 |    0 |     0 |      0 |      0 |    0 |          0 |
|                         LOGIC.RND1                                                                       |                                                                        carry_chain__parameterized2__32 |          0 |          0 |       0 |    0 |     0 |      0 |      0 |    0 |          0 |
|                         LOGIC.RND2                                                                       |                                                                        carry_chain__parameterized3__32 |          0 |          0 |       0 |    0 |     0 |      0 |      0 |    0 |          0 |
|                         RND_BIT_GEN                                                                      |                                                                                      flt_round_bit__32 |          2 |          2 |       0 |    0 |     0 |      0 |      0 |    0 |          0 |
|                           (RND_BIT_GEN)                                                                  |                                                                                      flt_round_bit__32 |          2 |          2 |       0 |    0 |     0 |      0 |      0 |    0 |          0 |
|                           NORM_1_OR_0.STRUCT_REQ.SPECIAL.RND_CHAIN                                       |                                                                        carry_chain__parameterized1__32 |          0 |          0 |       0 |    0 |     0 |      0 |      0 |    0 |          0 |
|                       RND_REQ.Z_DET_REQ.DET_ZERO                                                         |                                                                                      compare_ne_im__32 |          2 |          2 |       0 |    0 |     0 |      0 |      0 |    0 |          0 |
|                         (RND_REQ.Z_DET_REQ.DET_ZERO)                                                     |                                                                                      compare_ne_im__32 |          2 |          2 |       0 |    0 |     0 |      0 |      0 |    0 |          0 |
|                         WIDE_NOR                                                                         |                                                                        carry_chain__parameterized0__35 |          0 |          0 |       0 |    0 |     0 |      0 |      0 |    0 |          0 |
|             sptohp_32ns_16_1_no_dsp_1_U826                                                               |                                               fsa_stream_split_d_sptohp_32ns_16_1_no_dsp_1__xdcDup__19 |         30 |         30 |       0 |    0 |     0 |      0 |      0 |    0 |          0 |
|               (sptohp_32ns_16_1_no_dsp_1_U826)                                                           |                                               fsa_stream_split_d_sptohp_32ns_16_1_no_dsp_1__xdcDup__19 |          0 |          0 |       0 |    0 |     0 |      0 |      0 |    0 |          0 |
|               fsa_stream_split_d_sptohp_32ns_16_1_no_dsp_1_ip_u                                          |                                                    fsa_stream_split_d_sptohp_32ns_16_1_no_dsp_1_ip__31 |         30 |         30 |       0 |    0 |     0 |      0 |      0 |    0 |          0 |
|                 (fsa_stream_split_d_sptohp_32ns_16_1_no_dsp_1_ip_u)                                      |                                                    fsa_stream_split_d_sptohp_32ns_16_1_no_dsp_1_ip__31 |          0 |          0 |       0 |    0 |     0 |      0 |      0 |    0 |          0 |
|                 inst                                                                                     |                                                                             floating_point_v7_1_19__31 |         30 |         30 |       0 |    0 |     0 |      0 |      0 |    0 |          0 |
|                   (inst)                                                                                 |                                                                             floating_point_v7_1_19__31 |          0 |          0 |       0 |    0 |     0 |      0 |      0 |    0 |          0 |
|                   i_synth                                                                                |                                                                         floating_point_v7_1_19_viv__31 |         30 |         30 |       0 |    0 |     0 |      0 |      0 |    0 |          0 |
|                     (i_synth)                                                                            |                                                                         floating_point_v7_1_19_viv__31 |          0 |          0 |       0 |    0 |     0 |      0 |      0 |    0 |          0 |
|                     FLT_TO_FLT_OP.SPD.OP                                                                 |                                                                                    flt_to_flt_conv__31 |         30 |         30 |       0 |    0 |     0 |      0 |      0 |    0 |          0 |
|                       (FLT_TO_FLT_OP.SPD.OP)                                                             |                                                                                    flt_to_flt_conv__31 |          1 |          1 |       0 |    0 |     0 |      0 |      0 |    0 |          0 |
|                       EXP                                                                                |                                                                                flt_to_flt_conv_exp__31 |         12 |         12 |       0 |    0 |     0 |      0 |      0 |    0 |          0 |
|                         (EXP)                                                                            |                                                                                flt_to_flt_conv_exp__31 |          6 |          6 |       0 |    0 |     0 |      0 |      0 |    0 |          0 |
|                         COND_DET                                                                         |                                                                                     special_detect__31 |          6 |          6 |       0 |    0 |     0 |      0 |      0 |    0 |          0 |
|                           (COND_DET)                                                                     |                                                                                     special_detect__31 |          2 |          2 |       0 |    0 |     0 |      0 |      0 |    0 |          0 |
|                           MANT_CARRY.MANT_ALL_ZERO_DET                                                   |                                                                                      compare_eq_im__31 |          4 |          4 |       0 |    0 |     0 |      0 |      0 |    0 |          0 |
|                             (MANT_CARRY.MANT_ALL_ZERO_DET)                                               |                                                                                      compare_eq_im__31 |          4 |          4 |       0 |    0 |     0 |      0 |      0 |    0 |          0 |
|                             CARRY_ZERO_DET                                                               |                                                                                        carry_chain__31 |          0 |          0 |       0 |    0 |     0 |      0 |      0 |    0 |          0 |
|                       OUTPUT                                                                             |                                                                                         flt_dec_op__31 |         13 |         13 |       0 |    0 |     0 |      0 |      0 |    0 |          0 |
|                       RND_REQ.ROUND                                                                      |                                                                             renorm_and_round_logic__31 |          2 |          2 |       0 |    0 |     0 |      0 |      0 |    0 |          0 |
|                         (RND_REQ.ROUND)                                                                  |                                                                             renorm_and_round_logic__31 |          0 |          0 |       0 |    0 |     0 |      0 |      0 |    0 |          0 |
|                         EXP_ADD.ADD                                                                      |                                                                        carry_chain__parameterized4__31 |          0 |          0 |       0 |    0 |     0 |      0 |      0 |    0 |          0 |
|                         LOGIC.RND1                                                                       |                                                                        carry_chain__parameterized2__31 |          0 |          0 |       0 |    0 |     0 |      0 |      0 |    0 |          0 |
|                         LOGIC.RND2                                                                       |                                                                        carry_chain__parameterized3__31 |          0 |          0 |       0 |    0 |     0 |      0 |      0 |    0 |          0 |
|                         RND_BIT_GEN                                                                      |                                                                                      flt_round_bit__31 |          2 |          2 |       0 |    0 |     0 |      0 |      0 |    0 |          0 |
|                           (RND_BIT_GEN)                                                                  |                                                                                      flt_round_bit__31 |          2 |          2 |       0 |    0 |     0 |      0 |      0 |    0 |          0 |
|                           NORM_1_OR_0.STRUCT_REQ.SPECIAL.RND_CHAIN                                       |                                                                        carry_chain__parameterized1__31 |          0 |          0 |       0 |    0 |     0 |      0 |      0 |    0 |          0 |
|                       RND_REQ.Z_DET_REQ.DET_ZERO                                                         |                                                                                      compare_ne_im__31 |          2 |          2 |       0 |    0 |     0 |      0 |      0 |    0 |          0 |
|                         (RND_REQ.Z_DET_REQ.DET_ZERO)                                                     |                                                                                      compare_ne_im__31 |          2 |          2 |       0 |    0 |     0 |      0 |      0 |    0 |          0 |
|                         WIDE_NOR                                                                         |                                                                        carry_chain__parameterized0__34 |          0 |          0 |       0 |    0 |     0 |      0 |      0 |    0 |          0 |
|             sptohp_32ns_16_1_no_dsp_1_U827                                                               |                                                           fsa_stream_split_d_sptohp_32ns_16_1_no_dsp_1 |         30 |         30 |       0 |    0 |     0 |      0 |      0 |    0 |          0 |
|               (sptohp_32ns_16_1_no_dsp_1_U827)                                                           |                                                           fsa_stream_split_d_sptohp_32ns_16_1_no_dsp_1 |          0 |          0 |       0 |    0 |     0 |      0 |      0 |    0 |          0 |
|               fsa_stream_split_d_sptohp_32ns_16_1_no_dsp_1_ip_u                                          |                                                    fsa_stream_split_d_sptohp_32ns_16_1_no_dsp_1_ip__30 |         30 |         30 |       0 |    0 |     0 |      0 |      0 |    0 |          0 |
|                 (fsa_stream_split_d_sptohp_32ns_16_1_no_dsp_1_ip_u)                                      |                                                    fsa_stream_split_d_sptohp_32ns_16_1_no_dsp_1_ip__30 |          0 |          0 |       0 |    0 |     0 |      0 |      0 |    0 |          0 |
|                 inst                                                                                     |                                                                             floating_point_v7_1_19__30 |         30 |         30 |       0 |    0 |     0 |      0 |      0 |    0 |          0 |
|                   (inst)                                                                                 |                                                                             floating_point_v7_1_19__30 |          0 |          0 |       0 |    0 |     0 |      0 |      0 |    0 |          0 |
|                   i_synth                                                                                |                                                                         floating_point_v7_1_19_viv__30 |         30 |         30 |       0 |    0 |     0 |      0 |      0 |    0 |          0 |
|                     (i_synth)                                                                            |                                                                         floating_point_v7_1_19_viv__30 |          0 |          0 |       0 |    0 |     0 |      0 |      0 |    0 |          0 |
|                     FLT_TO_FLT_OP.SPD.OP                                                                 |                                                                                    flt_to_flt_conv__30 |         30 |         30 |       0 |    0 |     0 |      0 |      0 |    0 |          0 |
|                       (FLT_TO_FLT_OP.SPD.OP)                                                             |                                                                                    flt_to_flt_conv__30 |          1 |          1 |       0 |    0 |     0 |      0 |      0 |    0 |          0 |
|                       EXP                                                                                |                                                                                flt_to_flt_conv_exp__30 |         12 |         12 |       0 |    0 |     0 |      0 |      0 |    0 |          0 |
|                         (EXP)                                                                            |                                                                                flt_to_flt_conv_exp__30 |          6 |          6 |       0 |    0 |     0 |      0 |      0 |    0 |          0 |
|                         COND_DET                                                                         |                                                                                     special_detect__30 |          6 |          6 |       0 |    0 |     0 |      0 |      0 |    0 |          0 |
|                           (COND_DET)                                                                     |                                                                                     special_detect__30 |          2 |          2 |       0 |    0 |     0 |      0 |      0 |    0 |          0 |
|                           MANT_CARRY.MANT_ALL_ZERO_DET                                                   |                                                                                      compare_eq_im__30 |          4 |          4 |       0 |    0 |     0 |      0 |      0 |    0 |          0 |
|                             (MANT_CARRY.MANT_ALL_ZERO_DET)                                               |                                                                                      compare_eq_im__30 |          4 |          4 |       0 |    0 |     0 |      0 |      0 |    0 |          0 |
|                             CARRY_ZERO_DET                                                               |                                                                                        carry_chain__30 |          0 |          0 |       0 |    0 |     0 |      0 |      0 |    0 |          0 |
|                       OUTPUT                                                                             |                                                                                         flt_dec_op__30 |         13 |         13 |       0 |    0 |     0 |      0 |      0 |    0 |          0 |
|                       RND_REQ.ROUND                                                                      |                                                                             renorm_and_round_logic__30 |          2 |          2 |       0 |    0 |     0 |      0 |      0 |    0 |          0 |
|                         (RND_REQ.ROUND)                                                                  |                                                                             renorm_and_round_logic__30 |          0 |          0 |       0 |    0 |     0 |      0 |      0 |    0 |          0 |
|                         EXP_ADD.ADD                                                                      |                                                                        carry_chain__parameterized4__30 |          0 |          0 |       0 |    0 |     0 |      0 |      0 |    0 |          0 |
|                         LOGIC.RND1                                                                       |                                                                        carry_chain__parameterized2__30 |          0 |          0 |       0 |    0 |     0 |      0 |      0 |    0 |          0 |
|                         LOGIC.RND2                                                                       |                                                                        carry_chain__parameterized3__30 |          0 |          0 |       0 |    0 |     0 |      0 |      0 |    0 |          0 |
|                         RND_BIT_GEN                                                                      |                                                                                      flt_round_bit__30 |          2 |          2 |       0 |    0 |     0 |      0 |      0 |    0 |          0 |
|                           (RND_BIT_GEN)                                                                  |                                                                                      flt_round_bit__30 |          2 |          2 |       0 |    0 |     0 |      0 |      0 |    0 |          0 |
|                           NORM_1_OR_0.STRUCT_REQ.SPECIAL.RND_CHAIN                                       |                                                                        carry_chain__parameterized1__30 |          0 |          0 |       0 |    0 |     0 |      0 |      0 |    0 |          0 |
|                       RND_REQ.Z_DET_REQ.DET_ZERO                                                         |                                                                                      compare_ne_im__30 |          2 |          2 |       0 |    0 |     0 |      0 |      0 |    0 |          0 |
|                         (RND_REQ.Z_DET_REQ.DET_ZERO)                                                     |                                                                                      compare_ne_im__30 |          2 |          2 |       0 |    0 |     0 |      0 |      0 |    0 |          0 |
|                         WIDE_NOR                                                                         |                                                                        carry_chain__parameterized0__33 |          0 |          0 |       0 |    0 |     0 |      0 |      0 |    0 |          0 |
|             v_tile_10_U                                                                                  |                 fsa_stream_split_d_runQueryBlock_1_Outline_VITIS_LOOP_117_5_v_tile_15_RAM_AUTO_1R1W__6 |         17 |          1 |      16 |    0 |    16 |      0 |      0 |    0 |          0 |
|             v_tile_11_U                                                                                  |                 fsa_stream_split_d_runQueryBlock_1_Outline_VITIS_LOOP_117_5_v_tile_15_RAM_AUTO_1R1W__5 |         17 |          1 |      16 |    0 |    16 |      0 |      0 |    0 |          0 |
|             v_tile_12_U                                                                                  |                 fsa_stream_split_d_runQueryBlock_1_Outline_VITIS_LOOP_117_5_v_tile_15_RAM_AUTO_1R1W__4 |         17 |          1 |      16 |    0 |    16 |      0 |      0 |    0 |          0 |
|             v_tile_13_U                                                                                  |                 fsa_stream_split_d_runQueryBlock_1_Outline_VITIS_LOOP_117_5_v_tile_15_RAM_AUTO_1R1W__3 |         17 |          1 |      16 |    0 |    16 |      0 |      0 |    0 |          0 |
|             v_tile_14_U                                                                                  |                 fsa_stream_split_d_runQueryBlock_1_Outline_VITIS_LOOP_117_5_v_tile_15_RAM_AUTO_1R1W__2 |         17 |          1 |      16 |    0 |    16 |      0 |      0 |    0 |          0 |
|             v_tile_15_U                                                                                  |                 fsa_stream_split_d_runQueryBlock_1_Outline_VITIS_LOOP_117_5_v_tile_15_RAM_AUTO_1R1W__1 |         17 |          1 |      16 |    0 |    16 |      0 |      0 |    0 |          0 |
|             v_tile_1_U                                                                                   |                fsa_stream_split_d_runQueryBlock_1_Outline_VITIS_LOOP_117_5_v_tile_15_RAM_AUTO_1R1W__15 |         17 |          1 |      16 |    0 |    16 |      0 |      0 |    0 |          0 |
|             v_tile_2_U                                                                                   |                fsa_stream_split_d_runQueryBlock_1_Outline_VITIS_LOOP_117_5_v_tile_15_RAM_AUTO_1R1W__14 |         17 |          1 |      16 |    0 |    16 |      0 |      0 |    0 |          0 |
|             v_tile_3_U                                                                                   |                fsa_stream_split_d_runQueryBlock_1_Outline_VITIS_LOOP_117_5_v_tile_15_RAM_AUTO_1R1W__13 |         17 |          1 |      16 |    0 |    16 |      0 |      0 |    0 |          0 |
|             v_tile_4_U                                                                                   |                fsa_stream_split_d_runQueryBlock_1_Outline_VITIS_LOOP_117_5_v_tile_15_RAM_AUTO_1R1W__12 |         17 |          1 |      16 |    0 |    16 |      0 |      0 |    0 |          0 |
|             v_tile_5_U                                                                                   |                fsa_stream_split_d_runQueryBlock_1_Outline_VITIS_LOOP_117_5_v_tile_15_RAM_AUTO_1R1W__11 |         17 |          1 |      16 |    0 |    16 |      0 |      0 |    0 |          0 |
|             v_tile_6_U                                                                                   |                fsa_stream_split_d_runQueryBlock_1_Outline_VITIS_LOOP_117_5_v_tile_15_RAM_AUTO_1R1W__10 |         17 |          1 |      16 |    0 |    16 |      0 |      0 |    0 |          0 |
|             v_tile_7_U                                                                                   |                 fsa_stream_split_d_runQueryBlock_1_Outline_VITIS_LOOP_117_5_v_tile_15_RAM_AUTO_1R1W__9 |         17 |          1 |      16 |    0 |    16 |      0 |      0 |    0 |          0 |
|             v_tile_8_U                                                                                   |                 fsa_stream_split_d_runQueryBlock_1_Outline_VITIS_LOOP_117_5_v_tile_15_RAM_AUTO_1R1W__8 |         17 |          1 |      16 |    0 |    16 |      0 |      0 |    0 |          0 |
|             v_tile_9_U                                                                                   |                 fsa_stream_split_d_runQueryBlock_1_Outline_VITIS_LOOP_117_5_v_tile_15_RAM_AUTO_1R1W__7 |         17 |          1 |      16 |    0 |    16 |      0 |      0 |    0 |          0 |
|             v_tile_U                                                                                     |                fsa_stream_split_d_runQueryBlock_1_Outline_VITIS_LOOP_117_5_v_tile_15_RAM_AUTO_1R1W__16 |         17 |          1 |      16 |    0 |    16 |      0 |      0 |    0 |          0 |
|           grp_runQueryBlock_1_Pipeline_13_fu_166                                                         |                                                         fsa_stream_split_d_runQueryBlock_1_Pipeline_13 |         15 |         15 |       0 |    0 |     8 |      0 |      0 |    0 |          0 |
|             (grp_runQueryBlock_1_Pipeline_13_fu_166)                                                     |                                                         fsa_stream_split_d_runQueryBlock_1_Pipeline_13 |         13 |         13 |       0 |    0 |     6 |      0 |      0 |    0 |          0 |
|             flow_control_loop_pipe_sequential_init_U                                                     |                                          fsa_stream_split_d_flow_control_loop_pipe_sequential_init__31 |          2 |          2 |       0 |    0 |     2 |      0 |      0 |    0 |          0 |
|           grp_runQueryBlock_1_Pipeline_2_fu_160                                                          |                                                          fsa_stream_split_d_runQueryBlock_1_Pipeline_2 |         15 |         15 |       0 |    0 |     8 |      0 |      0 |    0 |          0 |
|             (grp_runQueryBlock_1_Pipeline_2_fu_160)                                                      |                                                          fsa_stream_split_d_runQueryBlock_1_Pipeline_2 |         13 |         13 |       0 |    0 |     6 |      0 |      0 |    0 |          0 |
|             flow_control_loop_pipe_sequential_init_U                                                     |                                          fsa_stream_split_d_flow_control_loop_pipe_sequential_init__32 |          2 |          2 |       0 |    0 |     2 |      0 |      0 |    0 |          0 |
|           grp_runQueryBlock_1_Pipeline_VITIS_LOOP_451_40_fu_211                                          |                                          fsa_stream_split_d_runQueryBlock_1_Pipeline_VITIS_LOOP_451_40 |         17 |         12 |       0 |    5 |    25 |      0 |      0 |    0 |          0 |
|             (grp_runQueryBlock_1_Pipeline_VITIS_LOOP_451_40_fu_211)                                      |                                          fsa_stream_split_d_runQueryBlock_1_Pipeline_VITIS_LOOP_451_40 |         15 |         10 |       0 |    5 |    23 |      0 |      0 |    0 |          0 |
|             flow_control_loop_pipe_sequential_init_U                                                     |                                          fsa_stream_split_d_flow_control_loop_pipe_sequential_init__28 |          2 |          2 |       0 |    0 |     2 |      0 |      0 |    0 |          0 |
|           grp_runQueryBlock_1_Pipeline_VITIS_LOOP_474_43_VITIS_LOOP_475_44_fu_225                        |                        fsa_stream_split_d_runQueryBlock_1_Pipeline_VITIS_LOOP_474_43_VITIS_LOOP_475_44 |         54 |         54 |       0 |    0 |    17 |      0 |      0 |    0 |          0 |
|             (grp_runQueryBlock_1_Pipeline_VITIS_LOOP_474_43_VITIS_LOOP_475_44_fu_225)                    |                        fsa_stream_split_d_runQueryBlock_1_Pipeline_VITIS_LOOP_474_43_VITIS_LOOP_475_44 |         52 |         52 |       0 |    0 |    15 |      0 |      0 |    0 |          0 |
|             flow_control_loop_pipe_sequential_init_U                                                     |                                          fsa_stream_split_d_flow_control_loop_pipe_sequential_init__27 |          2 |          2 |       0 |    0 |     2 |      0 |      0 |    0 |          0 |
|           grp_runQueryBlock_1_Pipeline_VITIS_LOOP_90_1_VITIS_LOOP_91_2_fu_146                            |                            fsa_stream_split_d_runQueryBlock_1_Pipeline_VITIS_LOOP_90_1_VITIS_LOOP_91_2 |         16 |         16 |       0 |    0 |    12 |      0 |      0 |    0 |          0 |
|             (grp_runQueryBlock_1_Pipeline_VITIS_LOOP_90_1_VITIS_LOOP_91_2_fu_146)                        |                            fsa_stream_split_d_runQueryBlock_1_Pipeline_VITIS_LOOP_90_1_VITIS_LOOP_91_2 |         14 |         14 |       0 |    0 |    10 |      0 |      0 |    0 |          0 |
|             flow_control_loop_pipe_sequential_init_U                                                     |                                          fsa_stream_split_d_flow_control_loop_pipe_sequential_init__33 |          2 |          2 |       0 |    0 |     2 |      0 |      0 |    0 |          0 |
|           normalized_1_U                                                                                 |                                          fsa_stream_split_d_runQueryBlock_1_s_normalized_RAM_AUTO_1R1W |         33 |          1 |      32 |    0 |    32 |      0 |      0 |    0 |          0 |
|           normalized_U                                                                                   |                                       fsa_stream_split_d_runQueryBlock_1_s_normalized_RAM_AUTO_1R1W__1 |         33 |          1 |      32 |    0 |    32 |      0 |      0 |    0 |          0 |
|           output_acc_1_U                                                                                 |                                          fsa_stream_split_d_runQueryBlock_1_s_output_acc_RAM_AUTO_1R1W |         65 |          1 |      64 |    0 |    64 |      0 |      0 |    0 |          0 |
|           output_acc_U                                                                                   |                                       fsa_stream_split_d_runQueryBlock_1_s_output_acc_RAM_AUTO_1R1W__1 |         65 |          1 |      64 |    0 |    64 |      0 |      0 |    0 |          0 |
|           q_tile_1_U                                                                                     |                                           fsa_stream_split_d_runQueryBlock_1_s_q_tile_RAM_AUTO_1R1W__2 |         17 |          1 |      16 |    0 |    16 |      0 |      0 |    0 |          0 |
|           q_tile_2_U                                                                                     |                                           fsa_stream_split_d_runQueryBlock_1_s_q_tile_RAM_AUTO_1R1W__3 |         17 |          1 |      16 |    0 |    16 |      0 |      0 |    0 |          0 |
|           q_tile_3_U                                                                                     |                                           fsa_stream_split_d_runQueryBlock_1_s_q_tile_RAM_AUTO_1R1W__4 |         17 |          1 |      16 |    0 |    16 |      0 |      0 |    0 |          0 |
|           q_tile_4_U                                                                                     |                                           fsa_stream_split_d_runQueryBlock_1_s_q_tile_RAM_AUTO_1R1W__5 |         17 |          1 |      16 |    0 |    16 |      0 |      0 |    0 |          0 |
|           q_tile_5_U                                                                                     |                                           fsa_stream_split_d_runQueryBlock_1_s_q_tile_RAM_AUTO_1R1W__6 |         17 |          1 |      16 |    0 |    16 |      0 |      0 |    0 |          0 |
|           q_tile_6_U                                                                                     |                                           fsa_stream_split_d_runQueryBlock_1_s_q_tile_RAM_AUTO_1R1W__7 |         17 |          1 |      16 |    0 |    16 |      0 |      0 |    0 |          0 |
|           q_tile_7_U                                                                                     |                                              fsa_stream_split_d_runQueryBlock_1_s_q_tile_RAM_AUTO_1R1W |         17 |          1 |      16 |    0 |    16 |      0 |      0 |    0 |          0 |
|           q_tile_U                                                                                       |                                           fsa_stream_split_d_runQueryBlock_1_s_q_tile_RAM_AUTO_1R1W__1 |         17 |          1 |      16 |    0 |    16 |      0 |      0 |    0 |          0 |
|         start_for_gatherQueryTile_U0_U                                                                   |                                                        fsa_stream_split_d_start_for_gatherQueryTile_U0 |          6 |          6 |       0 |    0 |     5 |      0 |      0 |    0 |          0 |
|         start_for_runQueryBlock_0_U0_U                                                                   |                                                        fsa_stream_split_d_start_for_runQueryBlock_0_U0 |          5 |          5 |       0 |    0 |     4 |      0 |      0 |    0 |          0 |
|         start_for_runQueryBlock_1_U0_U                                                                   |                                                        fsa_stream_split_d_start_for_runQueryBlock_1_U0 |          5 |          5 |       0 |    0 |     4 |      0 |      0 |    0 |          0 |
|   k_gmem_m_axi_U                                                                                         |                                                                        fsa_stream_split_d_k_gmem_m_axi |        895 |        615 |       0 |  280 |   920 |      2 |      0 |    0 |          0 |
|     (k_gmem_m_axi_U)                                                                                     |                                                                        fsa_stream_split_d_k_gmem_m_axi |          0 |          0 |       0 |    0 |     0 |      0 |      0 |    0 |          0 |
|     bus_read                                                                                             |                                                                   fsa_stream_split_d_k_gmem_m_axi_read |        407 |        406 |       0 |    1 |   673 |      0 |      0 |    0 |          0 |
|       (bus_read)                                                                                         |                                                                   fsa_stream_split_d_k_gmem_m_axi_read |          2 |          2 |       0 |    0 |     0 |      0 |      0 |    0 |          0 |
|       fifo_burst                                                                                         |                                                   fsa_stream_split_d_k_gmem_m_axi_fifo__parameterized1 |         15 |         14 |       0 |    1 |    13 |      0 |      0 |    0 |          0 |
|         (fifo_burst)                                                                                     |                                                   fsa_stream_split_d_k_gmem_m_axi_fifo__parameterized1 |         14 |         14 |       0 |    0 |    12 |      0 |      0 |    0 |          0 |
|         U_fifo_srl                                                                                       |                                                    fsa_stream_split_d_k_gmem_m_axi_srl__parameterized0 |          1 |          0 |       0 |    1 |     1 |      0 |      0 |    0 |          0 |
|       fifo_rctl                                                                                          |                                                fsa_stream_split_d_k_gmem_m_axi_fifo__parameterized1__1 |          9 |          9 |       0 |    0 |     8 |      0 |      0 |    0 |          0 |
|       rreq_burst_conv                                                                                    |                                                        fsa_stream_split_d_k_gmem_m_axi_burst_converter |        310 |        310 |       0 |    0 |   517 |      0 |      0 |    0 |          0 |
|         (rreq_burst_conv)                                                                                |                                                        fsa_stream_split_d_k_gmem_m_axi_burst_converter |        214 |        214 |       0 |    0 |   332 |      0 |      0 |    0 |          0 |
|         rs_req                                                                                           |                                                              fsa_stream_split_d_k_gmem_m_axi_reg_slice |         96 |         96 |       0 |    0 |   185 |      0 |      0 |    0 |          0 |
|       rs_rdata                                                                                           |                                              fsa_stream_split_d_k_gmem_m_axi_reg_slice__parameterized0 |         71 |         71 |       0 |    0 |   135 |      0 |      0 |    0 |          0 |
|     load_unit_0                                                                                          |                                                                   fsa_stream_split_d_k_gmem_m_axi_load |        488 |        209 |       0 |  279 |   247 |      2 |      0 |    0 |          0 |
|       (load_unit_0)                                                                                      |                                                                   fsa_stream_split_d_k_gmem_m_axi_load |         41 |         41 |       0 |    0 |    92 |      0 |      0 |    0 |          0 |
|       buff_rdata                                                                                         |                                                   fsa_stream_split_d_k_gmem_m_axi_fifo__parameterized0 |         49 |         49 |       0 |    0 |    44 |      2 |      0 |    0 |          0 |
|         (buff_rdata)                                                                                     |                                                   fsa_stream_split_d_k_gmem_m_axi_fifo__parameterized0 |         48 |         48 |       0 |    0 |    34 |      0 |      0 |    0 |          0 |
|         U_fifo_mem                                                                                       |                                                                    fsa_stream_split_d_k_gmem_m_axi_mem |          1 |          1 |       0 |    0 |    10 |      2 |      0 |    0 |          0 |
|       fifo_rreq                                                                                          |                                                                   fsa_stream_split_d_k_gmem_m_axi_fifo |        398 |        119 |       0 |  279 |   111 |      0 |      0 |    0 |          0 |
|         (fifo_rreq)                                                                                      |                                                                   fsa_stream_split_d_k_gmem_m_axi_fifo |         26 |         26 |       0 |    0 |    18 |      0 |      0 |    0 |          0 |
|         U_fifo_srl                                                                                       |                                                                    fsa_stream_split_d_k_gmem_m_axi_srl |        372 |         93 |       0 |  279 |    93 |      0 |      0 |    0 |          0 |
|   o_gmem_m_axi_U                                                                                         |                                                                        fsa_stream_split_d_o_gmem_m_axi |       1191 |        691 |       0 |  500 |  1196 |      1 |      0 |    0 |          0 |
|     (o_gmem_m_axi_U)                                                                                     |                                                                        fsa_stream_split_d_o_gmem_m_axi |          0 |          0 |       0 |    0 |     0 |      0 |      0 |    0 |          0 |
|     bus_write                                                                                            |                                                                  fsa_stream_split_d_o_gmem_m_axi_write |        694 |        474 |       0 |  220 |   944 |      0 |      0 |    0 |          0 |
|       (bus_write)                                                                                        |                                                                  fsa_stream_split_d_o_gmem_m_axi_write |         18 |         18 |       0 |    0 |    82 |      0 |      0 |    0 |          0 |
|       fifo_burst                                                                                         |                                                   fsa_stream_split_d_o_gmem_m_axi_fifo__parameterized3 |         17 |         11 |       0 |    6 |    16 |      0 |      0 |    0 |          0 |
|         (fifo_burst)                                                                                     |                                                   fsa_stream_split_d_o_gmem_m_axi_fifo__parameterized3 |         11 |         11 |       0 |    0 |    10 |      0 |      0 |    0 |          0 |
|         U_fifo_srl                                                                                       |                                                    fsa_stream_split_d_o_gmem_m_axi_srl__parameterized2 |          6 |          0 |       0 |    6 |     6 |      0 |      0 |    0 |          0 |
|       fifo_resp                                                                                          |                                                fsa_stream_split_d_o_gmem_m_axi_fifo__parameterized1__1 |         12 |         11 |       0 |    1 |    11 |      0 |      0 |    0 |          0 |
|         (fifo_resp)                                                                                      |                                                fsa_stream_split_d_o_gmem_m_axi_fifo__parameterized1__1 |         11 |         11 |       0 |    0 |    10 |      0 |      0 |    0 |          0 |
|         U_fifo_srl                                                                                       |                                                 fsa_stream_split_d_o_gmem_m_axi_srl__parameterized0__1 |          1 |          0 |       0 |    1 |     1 |      0 |      0 |    0 |          0 |
|       rs_resp                                                                                            |                                              fsa_stream_split_d_o_gmem_m_axi_reg_slice__parameterized1 |          4 |          4 |       0 |    0 |     5 |      0 |      0 |    0 |          0 |
|       wreq_burst_conv                                                                                    |                                                        fsa_stream_split_d_o_gmem_m_axi_burst_converter |        310 |        310 |       0 |    0 |   517 |      0 |      0 |    0 |          0 |
|         (wreq_burst_conv)                                                                                |                                                        fsa_stream_split_d_o_gmem_m_axi_burst_converter |        214 |        214 |       0 |    0 |   332 |      0 |      0 |    0 |          0 |
|         rs_req                                                                                           |                                                              fsa_stream_split_d_o_gmem_m_axi_reg_slice |         96 |         96 |       0 |    0 |   185 |      0 |      0 |    0 |          0 |
|       wreq_throttle                                                                                      |                                                               fsa_stream_split_d_o_gmem_m_axi_throttle |        333 |        120 |       0 |  213 |   313 |      0 |      0 |    0 |          0 |
|         (wreq_throttle)                                                                                  |                                                               fsa_stream_split_d_o_gmem_m_axi_throttle |         16 |         16 |       0 |    0 |     8 |      0 |      0 |    0 |          0 |
|         data_fifo                                                                                        |                                                   fsa_stream_split_d_o_gmem_m_axi_fifo__parameterized5 |        166 |         20 |       0 |  146 |    89 |      0 |      0 |    0 |          0 |
|           (data_fifo)                                                                                    |                                                   fsa_stream_split_d_o_gmem_m_axi_fifo__parameterized5 |         20 |         20 |       0 |    0 |    16 |      0 |      0 |    0 |          0 |
|           U_fifo_srl                                                                                     |                                                    fsa_stream_split_d_o_gmem_m_axi_srl__parameterized4 |        146 |          0 |       0 |  146 |    73 |      0 |      0 |    0 |          0 |
|         req_fifo                                                                                         |                                                   fsa_stream_split_d_o_gmem_m_axi_fifo__parameterized4 |         78 |         11 |       0 |   67 |    77 |      0 |      0 |    0 |          0 |
|           (req_fifo)                                                                                     |                                                   fsa_stream_split_d_o_gmem_m_axi_fifo__parameterized4 |         11 |         11 |       0 |    0 |    10 |      0 |      0 |    0 |          0 |
|           U_fifo_srl                                                                                     |                                                    fsa_stream_split_d_o_gmem_m_axi_srl__parameterized3 |         67 |          0 |       0 |   67 |    67 |      0 |      0 |    0 |          0 |
|         rs_req                                                                                           |                                              fsa_stream_split_d_o_gmem_m_axi_reg_slice__parameterized0 |         73 |         73 |       0 |    0 |   139 |      0 |      0 |    0 |          0 |
|     store_unit_0                                                                                         |                                                                  fsa_stream_split_d_o_gmem_m_axi_store |        497 |        217 |       0 |  280 |   252 |      1 |      0 |    0 |          0 |
|       (store_unit_0)                                                                                     |                                                                  fsa_stream_split_d_o_gmem_m_axi_store |         43 |         43 |       0 |    0 |    91 |      0 |      0 |    0 |          0 |
|       buff_wdata                                                                                         |                                                   fsa_stream_split_d_o_gmem_m_axi_fifo__parameterized0 |         29 |         29 |       0 |    0 |    28 |      1 |      0 |    0 |          0 |
|         (buff_wdata)                                                                                     |                                                   fsa_stream_split_d_o_gmem_m_axi_fifo__parameterized0 |         28 |         28 |       0 |    0 |    22 |      0 |      0 |    0 |          0 |
|         U_fifo_mem                                                                                       |                                                                    fsa_stream_split_d_o_gmem_m_axi_mem |          1 |          1 |       0 |    0 |     6 |      1 |      0 |    0 |          0 |
|       fifo_wreq                                                                                          |                                                                   fsa_stream_split_d_o_gmem_m_axi_fifo |        398 |        119 |       0 |  279 |   111 |      0 |      0 |    0 |          0 |
|         (fifo_wreq)                                                                                      |                                                                   fsa_stream_split_d_o_gmem_m_axi_fifo |         26 |         26 |       0 |    0 |    18 |      0 |      0 |    0 |          0 |
|         U_fifo_srl                                                                                       |                                                                    fsa_stream_split_d_o_gmem_m_axi_srl |        372 |         93 |       0 |  279 |    93 |      0 |      0 |    0 |          0 |
|       fifo_wrsp                                                                                          |                                                   fsa_stream_split_d_o_gmem_m_axi_fifo__parameterized1 |         12 |         11 |       0 |    1 |    11 |      0 |      0 |    0 |          0 |
|         (fifo_wrsp)                                                                                      |                                                   fsa_stream_split_d_o_gmem_m_axi_fifo__parameterized1 |         11 |         11 |       0 |    0 |    10 |      0 |      0 |    0 |          0 |
|         U_fifo_srl                                                                                       |                                                    fsa_stream_split_d_o_gmem_m_axi_srl__parameterized0 |          1 |          0 |       0 |    1 |     1 |      0 |      0 |    0 |          0 |
|       user_resp                                                                                          |                                                   fsa_stream_split_d_o_gmem_m_axi_fifo__parameterized2 |         15 |         15 |       0 |    0 |    11 |      0 |      0 |    0 |          0 |
|   q_gmem_m_axi_U                                                                                         |                                                                        fsa_stream_split_d_q_gmem_m_axi |        895 |        615 |       0 |  280 |   920 |      2 |      0 |    0 |          0 |
|     (q_gmem_m_axi_U)                                                                                     |                                                                        fsa_stream_split_d_q_gmem_m_axi |          0 |          0 |       0 |    0 |     0 |      0 |      0 |    0 |          0 |
|     bus_read                                                                                             |                                                                   fsa_stream_split_d_q_gmem_m_axi_read |        407 |        406 |       0 |    1 |   673 |      0 |      0 |    0 |          0 |
|       (bus_read)                                                                                         |                                                                   fsa_stream_split_d_q_gmem_m_axi_read |          2 |          2 |       0 |    0 |     0 |      0 |      0 |    0 |          0 |
|       fifo_burst                                                                                         |                                                   fsa_stream_split_d_q_gmem_m_axi_fifo__parameterized1 |         15 |         14 |       0 |    1 |    13 |      0 |      0 |    0 |          0 |
|         (fifo_burst)                                                                                     |                                                   fsa_stream_split_d_q_gmem_m_axi_fifo__parameterized1 |         14 |         14 |       0 |    0 |    12 |      0 |      0 |    0 |          0 |
|         U_fifo_srl                                                                                       |                                                    fsa_stream_split_d_q_gmem_m_axi_srl__parameterized0 |          1 |          0 |       0 |    1 |     1 |      0 |      0 |    0 |          0 |
|       fifo_rctl                                                                                          |                                                fsa_stream_split_d_q_gmem_m_axi_fifo__parameterized1__1 |          9 |          9 |       0 |    0 |     8 |      0 |      0 |    0 |          0 |
|       rreq_burst_conv                                                                                    |                                                        fsa_stream_split_d_q_gmem_m_axi_burst_converter |        310 |        310 |       0 |    0 |   517 |      0 |      0 |    0 |          0 |
|         (rreq_burst_conv)                                                                                |                                                        fsa_stream_split_d_q_gmem_m_axi_burst_converter |        214 |        214 |       0 |    0 |   332 |      0 |      0 |    0 |          0 |
|         rs_req                                                                                           |                                                              fsa_stream_split_d_q_gmem_m_axi_reg_slice |         96 |         96 |       0 |    0 |   185 |      0 |      0 |    0 |          0 |
|       rs_rdata                                                                                           |                                              fsa_stream_split_d_q_gmem_m_axi_reg_slice__parameterized0 |         71 |         71 |       0 |    0 |   135 |      0 |      0 |    0 |          0 |
|     load_unit_0                                                                                          |                                                                   fsa_stream_split_d_q_gmem_m_axi_load |        488 |        209 |       0 |  279 |   247 |      2 |      0 |    0 |          0 |
|       (load_unit_0)                                                                                      |                                                                   fsa_stream_split_d_q_gmem_m_axi_load |         41 |         41 |       0 |    0 |    92 |      0 |      0 |    0 |          0 |
|       buff_rdata                                                                                         |                                                   fsa_stream_split_d_q_gmem_m_axi_fifo__parameterized0 |         49 |         49 |       0 |    0 |    44 |      2 |      0 |    0 |          0 |
|         (buff_rdata)                                                                                     |                                                   fsa_stream_split_d_q_gmem_m_axi_fifo__parameterized0 |         48 |         48 |       0 |    0 |    34 |      0 |      0 |    0 |          0 |
|         U_fifo_mem                                                                                       |                                                                    fsa_stream_split_d_q_gmem_m_axi_mem |          1 |          1 |       0 |    0 |    10 |      2 |      0 |    0 |          0 |
|       fifo_rreq                                                                                          |                                                                   fsa_stream_split_d_q_gmem_m_axi_fifo |        398 |        119 |       0 |  279 |   111 |      0 |      0 |    0 |          0 |
|         (fifo_rreq)                                                                                      |                                                                   fsa_stream_split_d_q_gmem_m_axi_fifo |         26 |         26 |       0 |    0 |    18 |      0 |      0 |    0 |          0 |
|         U_fifo_srl                                                                                       |                                                                    fsa_stream_split_d_q_gmem_m_axi_srl |        372 |         93 |       0 |  279 |    93 |      0 |      0 |    0 |          0 |
|   v_gmem_m_axi_U                                                                                         |                                                                        fsa_stream_split_d_v_gmem_m_axi |        895 |        615 |       0 |  280 |   920 |      2 |      0 |    0 |          0 |
|     (v_gmem_m_axi_U)                                                                                     |                                                                        fsa_stream_split_d_v_gmem_m_axi |          0 |          0 |       0 |    0 |     0 |      0 |      0 |    0 |          0 |
|     bus_read                                                                                             |                                                                   fsa_stream_split_d_v_gmem_m_axi_read |        407 |        406 |       0 |    1 |   673 |      0 |      0 |    0 |          0 |
|       (bus_read)                                                                                         |                                                                   fsa_stream_split_d_v_gmem_m_axi_read |          2 |          2 |       0 |    0 |     0 |      0 |      0 |    0 |          0 |
|       fifo_burst                                                                                         |                                                   fsa_stream_split_d_v_gmem_m_axi_fifo__parameterized1 |         15 |         14 |       0 |    1 |    13 |      0 |      0 |    0 |          0 |
|         (fifo_burst)                                                                                     |                                                   fsa_stream_split_d_v_gmem_m_axi_fifo__parameterized1 |         14 |         14 |       0 |    0 |    12 |      0 |      0 |    0 |          0 |
|         U_fifo_srl                                                                                       |                                                    fsa_stream_split_d_v_gmem_m_axi_srl__parameterized0 |          1 |          0 |       0 |    1 |     1 |      0 |      0 |    0 |          0 |
|       fifo_rctl                                                                                          |                                                fsa_stream_split_d_v_gmem_m_axi_fifo__parameterized1__1 |          9 |          9 |       0 |    0 |     8 |      0 |      0 |    0 |          0 |
|       rreq_burst_conv                                                                                    |                                                        fsa_stream_split_d_v_gmem_m_axi_burst_converter |        310 |        310 |       0 |    0 |   517 |      0 |      0 |    0 |          0 |
|         (rreq_burst_conv)                                                                                |                                                        fsa_stream_split_d_v_gmem_m_axi_burst_converter |        214 |        214 |       0 |    0 |   332 |      0 |      0 |    0 |          0 |
|         rs_req                                                                                           |                                                              fsa_stream_split_d_v_gmem_m_axi_reg_slice |         96 |         96 |       0 |    0 |   185 |      0 |      0 |    0 |          0 |
|       rs_rdata                                                                                           |                                              fsa_stream_split_d_v_gmem_m_axi_reg_slice__parameterized0 |         71 |         71 |       0 |    0 |   135 |      0 |      0 |    0 |          0 |
|     load_unit_0                                                                                          |                                                                   fsa_stream_split_d_v_gmem_m_axi_load |        488 |        209 |       0 |  279 |   247 |      2 |      0 |    0 |          0 |
|       (load_unit_0)                                                                                      |                                                                   fsa_stream_split_d_v_gmem_m_axi_load |         41 |         41 |       0 |    0 |    92 |      0 |      0 |    0 |          0 |
|       buff_rdata                                                                                         |                                                   fsa_stream_split_d_v_gmem_m_axi_fifo__parameterized0 |         49 |         49 |       0 |    0 |    44 |      2 |      0 |    0 |          0 |
|         (buff_rdata)                                                                                     |                                                   fsa_stream_split_d_v_gmem_m_axi_fifo__parameterized0 |         48 |         48 |       0 |    0 |    34 |      0 |      0 |    0 |          0 |
|         U_fifo_mem                                                                                       |                                                                    fsa_stream_split_d_v_gmem_m_axi_mem |          1 |          1 |       0 |    0 |    10 |      2 |      0 |    0 |          0 |
|       fifo_rreq                                                                                          |                                                                   fsa_stream_split_d_v_gmem_m_axi_fifo |        398 |        119 |       0 |  279 |   111 |      0 |      0 |    0 |          0 |
|         (fifo_rreq)                                                                                      |                                                                   fsa_stream_split_d_v_gmem_m_axi_fifo |         26 |         26 |       0 |    0 |    18 |      0 |      0 |    0 |          0 |
|         U_fifo_srl                                                                                       |                                                                    fsa_stream_split_d_v_gmem_m_axi_srl |        372 |         93 |       0 |  279 |    93 |      0 |      0 |    0 |          0 |
+----------------------------------------------------------------------------------------------------------+--------------------------------------------------------------------------------------------------------+------------+------------+---------+------+-------+--------+--------+------+------------+


