

================================================================
== Vitis HLS Report for 'runAccumulatorColumns'
================================================================
* Date:           Sat Oct 10 01:16:11 2026

* Version:        2024.2 (Build 5238294 on Nov  8 2024)
* Project:        build
* Solution:       solution1 (Vivado IP Flow Target)
* Product family: virtexuplusHBM
* Target device:  xcvu37p_CIV-fsvh2892-2-e


================================================================
== Performance Estimates
================================================================
+ Timing: 
    * Summary: 
    +--------+----------+----------+------------+
    |  Clock |  Target  | Estimated| Uncertainty|
    +--------+----------+----------+------------+
    |ap_clk  |  10.00 ns|  7.299 ns|     2.70 ns|
    +--------+----------+----------+------------+

+ Latency: 
    * Summary: 
    +---------+---------+-----------+-----------+-----+-----+---------+
    |  Latency (cycles) |   Latency (absolute)  |  Interval | Pipeline|
    |   min   |   max   |    min    |    max    | min | max |   Type  |
    +---------+---------+-----------+-----------+-----+-----+---------+
    |        7|        7|  70.000 ns|  70.000 ns|    1|    1|      yes|
    +---------+---------+-----------+-----------+-----+-----+---------+

    + Detail: 
        * Instance: 
        +---------------------------------------------------+-----------------------------------+---------+---------+-----------+-----------+-----+-----+---------+
        |                                                   |                                   |  Latency (cycles) |   Latency (absolute)  |  Interval | Pipeline|
        |                      Instance                     |               Module              |   min   |   max   |    min    |    max    | min | max |   Type  |
        +---------------------------------------------------+-----------------------------------+---------+---------+-----------+-----------+-----+-----+---------+
        |tmp_s_p_anonymous_namespace_ldexpByBits_fu_1366    |p_anonymous_namespace_ldexpByBits  |        0|        0|       0 ns|       0 ns|    1|    1|      yes|
        |tmp_295_p_anonymous_namespace_ldexpByBits_fu_1374  |p_anonymous_namespace_ldexpByBits  |        0|        0|       0 ns|       0 ns|    1|    1|      yes|
        |tmp_296_p_anonymous_namespace_ldexpByBits_fu_1382  |p_anonymous_namespace_ldexpByBits  |        0|        0|       0 ns|       0 ns|    1|    1|      yes|
        |tmp_297_p_anonymous_namespace_ldexpByBits_fu_1390  |p_anonymous_namespace_ldexpByBits  |        0|        0|       0 ns|       0 ns|    1|    1|      yes|
        |grp_stageAccumulatorResult_fu_1398                 |stageAccumulatorResult             |        1|        1|  10.000 ns|  10.000 ns|    1|    1|      yes|
        +---------------------------------------------------+-----------------------------------+---------+---------+-----------+-----------+-----+-----+---------+

        * Loop: 
        N/A



================================================================
== Utilization Estimates
================================================================
* Summary: 
+---------------------+---------+------+---------+---------+-----+
|         Name        | BRAM_18K|  DSP |    FF   |   LUT   | URAM|
+---------------------+---------+------+---------+---------+-----+
|DSP                  |        -|     -|        -|        -|    -|
|Expression           |        -|     -|        0|    20606|    -|
|FIFO                 |        -|     -|        -|        -|    -|
|Instance             |        -|     8|      130|     6366|    -|
|Memory               |        0|     -|      128|      132|    -|
|Multiplexer          |        -|     -|        0|     1088|    -|
|Register             |        -|     -|     4694|      288|    -|
+---------------------+---------+------+---------+---------+-----+
|Total                |        0|     8|     4952|    28480|    0|
+---------------------+---------+------+---------+---------+-----+
|Available SLR        |     1344|  3008|   869120|   434560|  320|
+---------------------+---------+------+---------+---------+-----+
|Utilization SLR (%)  |        0|    ~0|       ~0|        6|    0|
+---------------------+---------+------+---------+---------+-----+
|Available            |     4032|  9024|  2607360|  1303680|  960|
+---------------------+---------+------+---------+---------+-----+
|Utilization (%)      |        0|    ~0|       ~0|        2|    0|
+---------------------+---------+------+---------+---------+-----+

+ Detail: 
    * Instance: 
    +---------------------------------------------------+-----------------------------------+---------+----+-----+------+-----+
    |                      Instance                     |               Module              | BRAM_18K| DSP|  FF |  LUT | URAM|
    +---------------------------------------------------+-----------------------------------+---------+----+-----+------+-----+
    |ctlz_24_24_1_1_U406                                |ctlz_24_24_1_1                     |        0|   0|    0|    33|    0|
    |ctlz_24_24_1_1_U408                                |ctlz_24_24_1_1                     |        0|   0|    0|    33|    0|
    |ctlz_24_24_1_1_U410                                |ctlz_24_24_1_1                     |        0|   0|    0|    33|    0|
    |ctlz_24_24_1_1_U412                                |ctlz_24_24_1_1                     |        0|   0|    0|    33|    0|
    |ctlz_48_48_1_1_U405                                |ctlz_48_48_1_1                     |        0|   0|    0|    69|    0|
    |ctlz_48_48_1_1_U407                                |ctlz_48_48_1_1                     |        0|   0|    0|    69|    0|
    |ctlz_48_48_1_1_U409                                |ctlz_48_48_1_1                     |        0|   0|    0|    69|    0|
    |ctlz_48_48_1_1_U411                                |ctlz_48_48_1_1                     |        0|   0|    0|    69|    0|
    |ctlz_51_51_1_1_U417                                |ctlz_51_51_1_1                     |        0|   0|    0|    73|    0|
    |ctlz_51_51_1_1_U422                                |ctlz_51_51_1_1                     |        0|   0|    0|    73|    0|
    |ctlz_51_51_1_1_U427                                |ctlz_51_51_1_1                     |        0|   0|    0|    73|    0|
    |ctlz_51_51_1_1_U432                                |ctlz_51_51_1_1                     |        0|   0|    0|    73|    0|
    |mul_24ns_24ns_48_3_1_U393                          |mul_24ns_24ns_48_3_1               |        0|   2|    0|    23|    0|
    |mul_24ns_24ns_48_3_1_U394                          |mul_24ns_24ns_48_3_1               |        0|   2|    0|    23|    0|
    |mul_24ns_24ns_48_3_1_U395                          |mul_24ns_24ns_48_3_1               |        0|   2|    0|    23|    0|
    |mul_24ns_24ns_48_3_1_U396                          |mul_24ns_24ns_48_3_1               |        0|   2|    0|    23|    0|
    |tmp_s_p_anonymous_namespace_ldexpByBits_fu_1366    |p_anonymous_namespace_ldexpByBits  |        0|   0|    0|  1287|    0|
    |tmp_295_p_anonymous_namespace_ldexpByBits_fu_1374  |p_anonymous_namespace_ldexpByBits  |        0|   0|    0|  1287|    0|
    |tmp_296_p_anonymous_namespace_ldexpByBits_fu_1382  |p_anonymous_namespace_ldexpByBits  |        0|   0|    0|  1287|    0|
    |tmp_297_p_anonymous_namespace_ldexpByBits_fu_1390  |p_anonymous_namespace_ldexpByBits  |        0|   0|    0|  1287|    0|
    |sparsemux_19_8_32_1_1_U434                         |sparsemux_19_8_32_1_1              |        0|   0|    0|    43|    0|
    |sparsemux_19_8_32_1_1_U436                         |sparsemux_19_8_32_1_1              |        0|   0|    0|    43|    0|
    |sparsemux_19_8_32_1_1_U438                         |sparsemux_19_8_32_1_1              |        0|   0|    0|    43|    0|
    |sparsemux_19_8_32_1_1_U440                         |sparsemux_19_8_32_1_1              |        0|   0|    0|    43|    0|
    |sparsemux_7_2_24_1_1_U398                          |sparsemux_7_2_24_1_1               |        0|   0|    0|     9|    0|
    |sparsemux_7_2_24_1_1_U400                          |sparsemux_7_2_24_1_1               |        0|   0|    0|     9|    0|
    |sparsemux_7_2_24_1_1_U402                          |sparsemux_7_2_24_1_1               |        0|   0|    0|     9|    0|
    |sparsemux_7_2_24_1_1_U404                          |sparsemux_7_2_24_1_1               |        0|   0|    0|     9|    0|
    |sparsemux_7_2_32_1_1_U397                          |sparsemux_7_2_32_1_1               |        0|   0|    0|     9|    0|
    |sparsemux_7_2_32_1_1_U399                          |sparsemux_7_2_32_1_1               |        0|   0|    0|     9|    0|
    |sparsemux_7_2_32_1_1_U401                          |sparsemux_7_2_32_1_1               |        0|   0|    0|     9|    0|
    |sparsemux_7_2_32_1_1_U403                          |sparsemux_7_2_32_1_1               |        0|   0|    0|     9|    0|
    |sparsemux_7_2_51_1_1_U413                          |sparsemux_7_2_51_1_1               |        0|   0|    0|     9|    0|
    |sparsemux_7_2_51_1_1_U414                          |sparsemux_7_2_51_1_1               |        0|   0|    0|     9|    0|
    |sparsemux_7_2_51_1_1_U415                          |sparsemux_7_2_51_1_1               |        0|   0|    0|     9|    0|
    |sparsemux_7_2_51_1_1_U418                          |sparsemux_7_2_51_1_1               |        0|   0|    0|     9|    0|
    |sparsemux_7_2_51_1_1_U419                          |sparsemux_7_2_51_1_1               |        0|   0|    0|     9|    0|
    |sparsemux_7_2_51_1_1_U420                          |sparsemux_7_2_51_1_1               |        0|   0|    0|     9|    0|
    |sparsemux_7_2_51_1_1_U423                          |sparsemux_7_2_51_1_1               |        0|   0|    0|     9|    0|
    |sparsemux_7_2_51_1_1_U424                          |sparsemux_7_2_51_1_1               |        0|   0|    0|     9|    0|
    |sparsemux_7_2_51_1_1_U425                          |sparsemux_7_2_51_1_1               |        0|   0|    0|     9|    0|
    |sparsemux_7_2_51_1_1_U428                          |sparsemux_7_2_51_1_1               |        0|   0|    0|     9|    0|
    |sparsemux_7_2_51_1_1_U429                          |sparsemux_7_2_51_1_1               |        0|   0|    0|     9|    0|
    |sparsemux_7_2_51_1_1_U430                          |sparsemux_7_2_51_1_1               |        0|   0|    0|     9|    0|
    |sparsemux_7_2_51_1_1_U433                          |sparsemux_7_2_51_1_1               |        0|   0|    0|     9|    0|
    |sparsemux_7_2_51_1_1_U435                          |sparsemux_7_2_51_1_1               |        0|   0|    0|     9|    0|
    |sparsemux_7_2_51_1_1_U437                          |sparsemux_7_2_51_1_1               |        0|   0|    0|     9|    0|
    |sparsemux_7_2_51_1_1_U439                          |sparsemux_7_2_51_1_1               |        0|   0|    0|     9|    0|
    |sparsemux_7_2_52_1_1_U416                          |sparsemux_7_2_52_1_1               |        0|   0|    0|     9|    0|
    |sparsemux_7_2_52_1_1_U421                          |sparsemux_7_2_52_1_1               |        0|   0|    0|     9|    0|
    |sparsemux_7_2_52_1_1_U426                          |sparsemux_7_2_52_1_1               |        0|   0|    0|     9|    0|
    |sparsemux_7_2_52_1_1_U431                          |sparsemux_7_2_52_1_1               |        0|   0|    0|     9|    0|
    |grp_stageAccumulatorResult_fu_1398                 |stageAccumulatorResult             |        0|   0|  130|     2|    0|
    +---------------------------------------------------+-----------------------------------+---------+----+-----+------+-----+
    |Total                                              |                                   |        0|   8|  130|  6366|    0|
    +---------------------------------------------------+-----------------------------------+---------+----+-----+------+-----+

    * DSP: 
    N/A

    * Memory: 
    +-------------------------------------------------------+----------------------------------------------------------------------------------+---------+----+----+-----+------+-----+------+-------------+
    |                         Memory                        |                                      Module                                      | BRAM_18K| FF | LUT| URAM| Words| Bits| Banks| W*Bits*Banks|
    +-------------------------------------------------------+----------------------------------------------------------------------------------+---------+----+----+-----+------+-----+------+-------------+
    |fsa_anonymous_namespace_ACC_EXP2_PWL_INTERCEPT_BITS_U  |runAccumulatorColumns_fsa_anonymous_namespace_ACC_EXP2_PWL_INTERCEPT_BITS_ROMcud  |        0|  64|  66|    0|     8|   25|     1|          200|
    |fsa_anonymous_namespace_ACC_EXP2_PWL_SLOPE_BITS_U      |runAccumulatorColumns_fsa_anonymous_namespace_ACC_EXP2_PWL_SLOPE_BITS_ROM_AUTbkb  |        0|  64|  66|    0|     8|   26|     1|          208|
    +-------------------------------------------------------+----------------------------------------------------------------------------------+---------+----+----+-----+------+-----+------+-------------+
    |Total                                                  |                                                                                  |        0| 128| 132|    0|    16|   51|     2|          408|
    +-------------------------------------------------------+----------------------------------------------------------------------------------+---------+----+----+-----+------+-----+------+-------------+

    * FIFO: 
    N/A

    * Expression: 
    +------------------------------------+----------+----+---+-----+------------+------------+
    |            Variable Name           | Operation| DSP| FF| LUT | Bitwidth P0| Bitwidth P1|
    +------------------------------------+----------+----+---+-----+------------+------------+
    |add_ln108_1_fu_5484_p2              |         +|   0|  0|   18|          10|          10|
    |add_ln108_2_fu_5800_p2              |         +|   0|  0|   18|          10|          10|
    |add_ln108_3_fu_6116_p2              |         +|   0|  0|   18|          10|          10|
    |add_ln108_fu_5168_p2                |         +|   0|  0|   18|          10|          10|
    |add_ln28_1_fu_5093_p2               |         +|   0|  0|   16|           9|           8|
    |add_ln28_2_fu_5275_p2               |         +|   0|  0|   16|           9|           8|
    |add_ln28_3_fu_5409_p2               |         +|   0|  0|   16|           9|           8|
    |add_ln28_4_fu_5591_p2               |         +|   0|  0|   16|           9|           8|
    |add_ln28_5_fu_5725_p2               |         +|   0|  0|   16|           9|           8|
    |add_ln28_6_fu_5907_p2               |         +|   0|  0|   16|           9|           8|
    |add_ln28_7_fu_6041_p2               |         +|   0|  0|   16|           9|           8|
    |add_ln28_fu_4959_p2                 |         +|   0|  0|   16|           9|           8|
    |add_ln400_1_fu_4011_p2              |         +|   0|  0|   19|           8|           8|
    |add_ln400_2_fu_4233_p2              |         +|   0|  0|   19|           8|           7|
    |add_ln400_3_fu_4238_p2              |         +|   0|  0|   19|           8|           8|
    |add_ln400_4_fu_4460_p2              |         +|   0|  0|   19|           8|           7|
    |add_ln400_5_fu_4465_p2              |         +|   0|  0|   19|           8|           8|
    |add_ln400_6_fu_4687_p2              |         +|   0|  0|   19|           8|           7|
    |add_ln400_7_fu_4692_p2              |         +|   0|  0|   19|           8|           8|
    |add_ln400_fu_4006_p2                |         +|   0|  0|   19|           8|           7|
    |add_ln84_1_fu_9402_p2               |         +|   0|  0|   17|          10|           1|
    |add_ln84_2_fu_7361_p2               |         +|   0|  0|   17|          10|           1|
    |add_ln84_3_fu_9979_p2               |         +|   0|  0|   17|          10|           1|
    |add_ln84_4_fu_8093_p2               |         +|   0|  0|   17|          10|           1|
    |add_ln84_5_fu_10551_p2              |         +|   0|  0|   17|          10|           1|
    |add_ln84_6_fu_8825_p2               |         +|   0|  0|   17|          10|           1|
    |add_ln84_7_fu_11123_p2              |         +|   0|  0|   17|          10|           1|
    |add_ln84_fu_6629_p2                 |         +|   0|  0|   17|          10|           1|
    |add_ln92_1_fu_9470_p2               |         +|   0|  0|   15|           8|           7|
    |add_ln92_2_fu_9729_p2               |         +|   0|  0|   15|           8|           7|
    |add_ln92_3_fu_10047_p2              |         +|   0|  0|   15|           8|           7|
    |add_ln92_4_fu_10301_p2              |         +|   0|  0|   15|           8|           7|
    |add_ln92_5_fu_10619_p2              |         +|   0|  0|   15|           8|           7|
    |add_ln92_6_fu_10873_p2              |         +|   0|  0|   15|           8|           7|
    |add_ln92_7_fu_11191_p2              |         +|   0|  0|   15|           8|           7|
    |add_ln92_fu_9152_p2                 |         +|   0|  0|   15|           8|           7|
    |b_lsb_exponent_7_fu_4998_p2         |         +|   0|  0|   16|           9|           9|
    |b_lsb_exponent_8_fu_5314_p2         |         +|   0|  0|   16|           9|           9|
    |b_lsb_exponent_9_fu_5630_p2         |         +|   0|  0|   16|           9|           9|
    |b_lsb_exponent_fu_5946_p2           |         +|   0|  0|   16|           9|           9|
    |binary_scale_48_fu_2120_p2          |         +|   0|  0|   16|           9|           9|
    |binary_scale_49_fu_2764_p2          |         +|   0|  0|   16|           9|           9|
    |binary_scale_50_fu_3408_p2          |         +|   0|  0|   16|           9|           9|
    |binary_scale_fu_1476_p2             |         +|   0|  0|   16|           9|           9|
    |magnitude_66_fu_6798_p2             |         +|   0|  0|   59|          52|          52|
    |magnitude_70_fu_7530_p2             |         +|   0|  0|   59|          52|          52|
    |magnitude_74_fu_8262_p2             |         +|   0|  0|   59|          52|          52|
    |magnitude_78_fu_8994_p2             |         +|   0|  0|   59|          52|          52|
    |mask_16_fu_2280_p2                  |         +|   0|  0|   31|          24|           2|
    |mask_17_fu_2924_p2                  |         +|   0|  0|   31|          24|           2|
    |mask_18_fu_3568_p2                  |         +|   0|  0|   31|          24|           2|
    |mask_fu_1636_p2                     |         +|   0|  0|   31|          24|           2|
    |piece_shift_16_fu_2552_p2           |         +|   0|  0|   16|           9|           9|
    |piece_shift_17_fu_3196_p2           |         +|   0|  0|   16|           9|           9|
    |piece_shift_18_fu_3840_p2           |         +|   0|  0|   16|           9|           9|
    |piece_shift_fu_1908_p2              |         +|   0|  0|   16|           9|           9|
    |rounded_48_fu_6528_p2               |         +|   0|  0|   32|          25|           1|
    |rounded_51_fu_9348_p2               |         +|   0|  0|   32|          25|           1|
    |rounded_53_fu_7260_p2               |         +|   0|  0|   32|          25|           1|
    |rounded_55_fu_9925_p2               |         +|   0|  0|   32|          25|           1|
    |rounded_57_fu_7992_p2               |         +|   0|  0|   32|          25|           1|
    |rounded_59_fu_10497_p2              |         +|   0|  0|   32|          25|           1|
    |rounded_63_fu_8724_p2               |         +|   0|  0|   32|          25|           1|
    |rounded_67_fu_11069_p2              |         +|   0|  0|   32|          25|           1|
    |top_exponent_13_fu_9040_p2          |         +|   0|  0|   17|          10|           1|
    |top_exponent_2_fu_6844_p2           |         +|   0|  0|   17|          10|           1|
    |top_exponent_5_fu_7576_p2           |         +|   0|  0|   17|          10|           1|
    |top_exponent_9_fu_8308_p2           |         +|   0|  0|   17|          10|           1|
    |c_top_16_fu_5514_p2                 |         -|   0|  0|   16|           9|           9|
    |c_top_17_fu_5830_p2                 |         -|   0|  0|   16|           9|           9|
    |c_top_18_fu_6146_p2                 |         -|   0|  0|   16|           9|           9|
    |c_top_fu_5198_p2                    |         -|   0|  0|   16|           9|           9|
    |magnitude_66_fu_6798_p4             |         -|   0|  0|   59|          52|          52|
    |magnitude_66_fu_6798_p6             |         -|   0|  0|   59|          52|          52|
    |magnitude_70_fu_7530_p4             |         -|   0|  0|   59|          52|          52|
    |magnitude_70_fu_7530_p6             |         -|   0|  0|   59|          52|          52|
    |magnitude_74_fu_8262_p4             |         -|   0|  0|   59|          52|          52|
    |magnitude_74_fu_8262_p6             |         -|   0|  0|   59|          52|          52|
    |magnitude_78_fu_8994_p4             |         -|   0|  0|   59|          52|          52|
    |magnitude_78_fu_8994_p6             |         -|   0|  0|   59|          52|          52|
    |product_top_16_fu_5490_p2           |         -|   0|  0|   18|          10|          10|
    |product_top_17_fu_5806_p2           |         -|   0|  0|   18|          10|          10|
    |product_top_18_fu_6122_p2           |         -|   0|  0|   18|          10|          10|
    |product_top_fu_5174_p2              |         -|   0|  0|   18|          10|          10|
    |right_shift_32_fu_2186_p2           |         -|   0|  0|   16|           8|           9|
    |right_shift_33_fu_2830_p2           |         -|   0|  0|   16|           8|           9|
    |right_shift_34_fu_3474_p2           |         -|   0|  0|   16|           8|           9|
    |right_shift_fu_1542_p2              |         -|   0|  0|   16|           8|           9|
    |sub_ln124_1_fu_6966_p2              |         -|   0|  0|   18|          11|          11|
    |sub_ln124_2_fu_7698_p2              |         -|   0|  0|   18|          11|          11|
    |sub_ln124_3_fu_8430_p2              |         -|   0|  0|   18|          11|          11|
    |sub_ln124_fu_6234_p2                |         -|   0|  0|   18|          11|          11|
    |sub_ln125_1_fu_7235_p2              |         -|   0|  0|   17|          10|          10|
    |sub_ln125_2_fu_7967_p2              |         -|   0|  0|   17|          10|          10|
    |sub_ln125_3_fu_8699_p2              |         -|   0|  0|   17|          10|          10|
    |sub_ln125_fu_6503_p2                |         -|   0|  0|   17|          10|          10|
    |sub_ln379_1_fu_2220_p2              |         -|   0|  0|   16|           1|           9|
    |sub_ln379_2_fu_2864_p2              |         -|   0|  0|   16|           1|           9|
    |sub_ln379_3_fu_3508_p2              |         -|   0|  0|   16|           1|           9|
    |sub_ln379_fu_1576_p2                |         -|   0|  0|   16|           1|           9|
    |sub_ln386_1_fu_2346_p2              |         -|   0|  0|   39|           1|          32|
    |sub_ln386_2_fu_2990_p2              |         -|   0|  0|   39|           1|          32|
    |sub_ln386_3_fu_3634_p2              |         -|   0|  0|   39|           1|          32|
    |sub_ln386_fu_1702_p2                |         -|   0|  0|   39|           1|          32|
    |sub_ln402_1_fu_4244_p2              |         -|   0|  0|   12|           5|           5|
    |sub_ln402_2_fu_4471_p2              |         -|   0|  0|   12|           5|           5|
    |sub_ln402_3_fu_4698_p2              |         -|   0|  0|   12|           5|           5|
    |sub_ln402_fu_4017_p2                |         -|   0|  0|   12|           5|           5|
    |sub_ln414_1_fu_2609_p2              |         -|   0|  0|   16|           8|           9|
    |sub_ln414_2_fu_3253_p2              |         -|   0|  0|   16|           8|           9|
    |sub_ln414_3_fu_3897_p2              |         -|   0|  0|   16|           8|           9|
    |sub_ln414_fu_1965_p2                |         -|   0|  0|   16|           8|           9|
    |sub_ln415_1_fu_2647_p2              |         -|   0|  0|   15|           1|           8|
    |sub_ln415_2_fu_3291_p2              |         -|   0|  0|   15|           1|           8|
    |sub_ln415_3_fu_3935_p2              |         -|   0|  0|   15|           1|           8|
    |sub_ln415_fu_2003_p2                |         -|   0|  0|   15|           1|           8|
    |sub_ln73_1_fu_9187_p2               |         -|   0|  0|   17|           8|          10|
    |sub_ln73_2_fu_6978_p2               |         -|   0|  0|   17|           8|          10|
    |sub_ln73_3_fu_9764_p2               |         -|   0|  0|   17|           8|          10|
    |sub_ln73_4_fu_7710_p2               |         -|   0|  0|   17|           8|          10|
    |sub_ln73_5_fu_10336_p2              |         -|   0|  0|   17|           8|          10|
    |sub_ln73_6_fu_8442_p2               |         -|   0|  0|   17|           8|          10|
    |sub_ln73_7_fu_10908_p2              |         -|   0|  0|   17|           8|          10|
    |sub_ln73_fu_6246_p2                 |         -|   0|  0|   17|           8|          10|
    |top_exponent_10_fu_8346_p2          |         -|   0|  0|   17|          10|          10|
    |top_exponent_14_fu_9078_p2          |         -|   0|  0|   17|          10|          10|
    |top_exponent_3_fu_6882_p2           |         -|   0|  0|   17|          10|          10|
    |top_exponent_6_fu_7614_p2           |         -|   0|  0|   17|          10|          10|
    |bits_498_fu_9638_p10                |      1003|   0|  0|    2|          32|          23|
    |bits_498_fu_9638_p16                |      1003|   0|  0|    2|          32|          23|
    |bits_499_fu_10215_p10               |      1003|   0|  0|    2|          32|          23|
    |bits_499_fu_10215_p16               |      1003|   0|  0|    2|          32|          23|
    |bits_500_fu_11359_p10               |      1003|   0|  0|    2|          32|          23|
    |bits_500_fu_11359_p16               |      1003|   0|  0|    2|          32|          23|
    |bits_fu_10787_p10                   |      1003|   0|  0|    2|          32|          23|
    |bits_fu_10787_p16                   |      1003|   0|  0|    2|          32|          23|
    |a_infinity_1_fu_5262_p2             |       and|   0|  0|    2|           1|           1|
    |a_infinity_2_fu_5578_p2             |       and|   0|  0|    2|           1|           1|
    |a_infinity_3_fu_5894_p2             |       and|   0|  0|    2|           1|           1|
    |a_infinity_fu_4946_p2               |       and|   0|  0|    2|           1|           1|
    |a_nan_1_fu_5267_p2                  |       and|   0|  0|    2|           1|           1|
    |a_nan_2_fu_5583_p2                  |       and|   0|  0|    2|           1|           1|
    |a_nan_3_fu_5899_p2                  |       and|   0|  0|    2|           1|           1|
    |a_nan_fu_4951_p2                    |       and|   0|  0|    2|           1|           1|
    |a_zero_1_fu_5253_p2                 |       and|   0|  0|    2|           1|           1|
    |a_zero_2_fu_5569_p2                 |       and|   0|  0|    2|           1|           1|
    |a_zero_3_fu_5885_p2                 |       and|   0|  0|    2|           1|           1|
    |a_zero_fu_4937_p2                   |       and|   0|  0|    2|           1|           1|
    |and_ln133_1_fu_7517_p2              |       and|   0|  0|    2|           1|           1|
    |and_ln133_2_fu_8249_p2              |       and|   0|  0|    2|           1|           1|
    |and_ln133_3_fu_8981_p2              |       and|   0|  0|    2|           1|           1|
    |and_ln133_fu_6785_p2                |       and|   0|  0|    2|           1|           1|
    |and_ln139_1_fu_10162_p2             |       and|   0|  0|    2|           1|           1|
    |and_ln139_2_fu_10734_p2             |       and|   0|  0|    2|           1|           1|
    |and_ln139_3_fu_11306_p2             |       and|   0|  0|    2|           1|           1|
    |and_ln139_fu_9585_p2                |       and|   0|  0|    2|           1|           1|
    |and_ln166_1_fu_10089_p2             |       and|   0|  0|    2|           1|           1|
    |and_ln166_2_fu_10661_p2             |       and|   0|  0|    2|           1|           1|
    |and_ln166_3_fu_11233_p2             |       and|   0|  0|    2|           1|           1|
    |and_ln166_fu_9512_p2                |       and|   0|  0|    2|           1|           1|
    |and_ln168_1_fu_5127_p2              |       and|   0|  0|    2|           1|           1|
    |and_ln168_2_fu_5437_p2              |       and|   0|  0|    2|           1|           1|
    |and_ln168_3_fu_5443_p2              |       and|   0|  0|    2|           1|           1|
    |and_ln168_4_fu_5753_p2              |       and|   0|  0|    2|           1|           1|
    |and_ln168_5_fu_5759_p2              |       and|   0|  0|    2|           1|           1|
    |and_ln168_6_fu_6069_p2              |       and|   0|  0|    2|           1|           1|
    |and_ln168_7_fu_6075_p2              |       and|   0|  0|    2|           1|           1|
    |and_ln168_fu_5121_p2                |       and|   0|  0|    2|           1|           1|
    |and_ln169_1_fu_5144_p2              |       and|   0|  0|    2|           1|           1|
    |and_ln169_2_fu_5454_p2              |       and|   0|  0|    2|           1|           1|
    |and_ln169_3_fu_5460_p2              |       and|   0|  0|    2|           1|           1|
    |and_ln169_4_fu_5770_p2              |       and|   0|  0|    2|           1|           1|
    |and_ln169_5_fu_5776_p2              |       and|   0|  0|    2|           1|           1|
    |and_ln169_6_fu_6086_p2              |       and|   0|  0|    2|           1|           1|
    |and_ln169_7_fu_6092_p2              |       and|   0|  0|    2|           1|           1|
    |and_ln169_fu_5138_p2                |       and|   0|  0|    2|           1|           1|
    |and_ln180_1_fu_9710_p2              |       and|   0|  0|    2|           1|           1|
    |and_ln180_2_fu_10282_p2             |       and|   0|  0|    2|           1|           1|
    |and_ln180_3_fu_10854_p2             |       and|   0|  0|    2|           1|           1|
    |and_ln180_fu_9133_p2                |       and|   0|  0|    2|           1|           1|
    |and_ln21_12_fu_10681_p2             |       and|   0|  0|    2|           1|           1|
    |and_ln21_13_fu_10686_p2             |       and|   0|  0|    2|           1|           1|
    |and_ln21_14_fu_10702_p2             |       and|   0|  0|    2|           1|           1|
    |and_ln21_18_fu_11253_p2             |       and|   0|  0|    2|           1|           1|
    |and_ln21_19_fu_11258_p2             |       and|   0|  0|    2|           1|           1|
    |and_ln21_1_fu_9537_p2               |       and|   0|  0|    2|           1|           1|
    |and_ln21_20_fu_11274_p2             |       and|   0|  0|    2|           1|           1|
    |and_ln21_2_fu_9553_p2               |       and|   0|  0|    2|           1|           1|
    |and_ln21_6_fu_10109_p2              |       and|   0|  0|    2|           1|           1|
    |and_ln21_7_fu_10114_p2              |       and|   0|  0|    2|           1|           1|
    |and_ln21_8_fu_10130_p2              |       and|   0|  0|    2|           1|           1|
    |and_ln21_fu_9532_p2                 |       and|   0|  0|    2|           1|           1|
    |and_ln376_16_fu_2292_p2             |       and|   0|  0|    2|           1|           1|
    |and_ln376_17_fu_2936_p2             |       and|   0|  0|    2|           1|           1|
    |and_ln376_18_fu_3580_p2             |       and|   0|  0|    2|           1|           1|
    |and_ln376_fu_1648_p2                |       and|   0|  0|    2|           1|           1|
    |and_ln53_10_fu_8183_p2              |       and|   0|  0|    2|           1|           1|
    |and_ln53_11_fu_10419_p2             |       and|   0|  0|    2|           1|           1|
    |and_ln53_12_fu_8588_p2              |       and|   0|  0|    2|           1|           1|
    |and_ln53_13_fu_8665_p2              |       and|   0|  0|    2|           1|           1|
    |and_ln53_14_fu_8915_p2              |       and|   0|  0|    2|           1|           1|
    |and_ln53_15_fu_10991_p2             |       and|   0|  0|    2|           1|           1|
    |and_ln53_1_fu_6469_p2               |       and|   0|  0|    2|           1|           1|
    |and_ln53_2_fu_6719_p2               |       and|   0|  0|    2|           1|           1|
    |and_ln53_3_fu_9270_p2               |       and|   0|  0|    2|           1|           1|
    |and_ln53_4_fu_7124_p2               |       and|   0|  0|    2|           1|           1|
    |and_ln53_5_fu_7201_p2               |       and|   0|  0|    2|           1|           1|
    |and_ln53_6_fu_7451_p2               |       and|   0|  0|    2|           1|           1|
    |and_ln53_7_fu_9847_p2               |       and|   0|  0|    2|           1|           1|
    |and_ln53_8_fu_7856_p2               |       and|   0|  0|    2|           1|           1|
    |and_ln53_9_fu_7933_p2               |       and|   0|  0|    2|           1|           1|
    |and_ln53_fu_6392_p2                 |       and|   0|  0|    2|           1|           1|
    |and_ln79_1_fu_9366_p2               |       and|   0|  0|    2|           1|           1|
    |and_ln79_2_fu_7325_p2               |       and|   0|  0|    2|           1|           1|
    |and_ln79_3_fu_9943_p2               |       and|   0|  0|    2|           1|           1|
    |and_ln79_4_fu_8057_p2               |       and|   0|  0|    2|           1|           1|
    |and_ln79_5_fu_10515_p2              |       and|   0|  0|    2|           1|           1|
    |and_ln79_6_fu_8789_p2               |       and|   0|  0|    2|           1|           1|
    |and_ln79_7_fu_11087_p2              |       and|   0|  0|    2|           1|           1|
    |and_ln79_fu_6593_p2                 |       and|   0|  0|    2|           1|           1|
    |and_ln86_10_fu_11289_p2             |       and|   0|  0|    2|           1|           1|
    |and_ln86_11_fu_11322_p2             |       and|   0|  0|    2|           1|           1|
    |and_ln86_1_fu_9568_p2               |       and|   0|  0|    2|           1|           1|
    |and_ln86_2_fu_9601_p2               |       and|   0|  0|    2|           1|           1|
    |and_ln86_3_fu_10135_p2              |       and|   0|  0|    2|           1|           1|
    |and_ln86_4_fu_10145_p2              |       and|   0|  0|    2|           1|           1|
    |and_ln86_5_fu_10178_p2              |       and|   0|  0|    2|           1|           1|
    |and_ln86_6_fu_10707_p2              |       and|   0|  0|    2|           1|           1|
    |and_ln86_7_fu_10717_p2              |       and|   0|  0|    2|           1|           1|
    |and_ln86_8_fu_10750_p2              |       and|   0|  0|    2|           1|           1|
    |and_ln86_9_fu_11279_p2              |       and|   0|  0|    2|           1|           1|
    |and_ln86_fu_9558_p2                 |       and|   0|  0|    2|           1|           1|
    |ap_condition_1119                   |       and|   0|  0|    2|           1|           1|
    |ap_condition_1352                   |       and|   0|  0|    2|           1|           1|
    |ap_condition_1583                   |       and|   0|  0|    2|           1|           1|
    |ap_condition_1814                   |       and|   0|  0|    2|           1|           1|
    |ap_condition_1926                   |       and|   0|  0|    2|           1|           1|
    |ap_condition_1930                   |       and|   0|  0|    2|           1|           1|
    |ap_condition_1935                   |       and|   0|  0|    2|           1|           1|
    |ap_condition_1940                   |       and|   0|  0|    2|           1|           1|
    |ap_condition_1945                   |       and|   0|  0|    2|           1|           1|
    |ap_condition_1950                   |       and|   0|  0|    2|           1|           1|
    |ap_condition_1955                   |       and|   0|  0|    2|           1|           1|
    |ap_condition_1960                   |       and|   0|  0|    2|           1|           1|
    |ap_condition_1965                   |       and|   0|  0|    2|           1|           1|
    |ap_condition_1970                   |       and|   0|  0|    2|           1|           1|
    |ap_condition_1975                   |       and|   0|  0|    2|           1|           1|
    |ap_condition_1980                   |       and|   0|  0|    2|           1|           1|
    |ap_condition_1985                   |       and|   0|  0|    2|           1|           1|
    |ap_condition_1990                   |       and|   0|  0|    2|           1|           1|
    |ap_condition_1995                   |       and|   0|  0|    2|           1|           1|
    |ap_condition_2000                   |       and|   0|  0|    2|           1|           1|
    |ap_condition_2005                   |       and|   0|  0|    2|           1|           1|
    |ap_condition_2010                   |       and|   0|  0|    2|           1|           1|
    |ap_condition_2015                   |       and|   0|  0|    2|           1|           1|
    |ap_condition_2020                   |       and|   0|  0|    2|           1|           1|
    |ap_condition_2025                   |       and|   0|  0|    2|           1|           1|
    |ap_condition_2030                   |       and|   0|  0|    2|           1|           1|
    |ap_condition_2035                   |       and|   0|  0|    2|           1|           1|
    |ap_condition_2040                   |       and|   0|  0|    2|           1|           1|
    |ap_condition_2048                   |       and|   0|  0|    2|           1|           1|
    |ap_condition_2142                   |       and|   0|  0|    2|           1|           1|
    |ap_condition_2146                   |       and|   0|  0|    2|           1|           1|
    |ap_condition_2150                   |       and|   0|  0|    2|           1|           1|
    |ap_condition_2154                   |       and|   0|  0|    2|           1|           1|
    |ap_condition_2158                   |       and|   0|  0|    2|           1|           1|
    |ap_condition_2162                   |       and|   0|  0|    2|           1|           1|
    |ap_condition_2166                   |       and|   0|  0|    2|           1|           1|
    |ap_condition_2170                   |       and|   0|  0|    2|           1|           1|
    |ap_condition_2174                   |       and|   0|  0|    2|           1|           1|
    |ap_condition_2178                   |       and|   0|  0|    2|           1|           1|
    |ap_condition_2182                   |       and|   0|  0|    2|           1|           1|
    |ap_condition_2186                   |       and|   0|  0|    2|           1|           1|
    |ap_condition_2190                   |       and|   0|  0|    2|           1|           1|
    |ap_condition_2194                   |       and|   0|  0|    2|           1|           1|
    |ap_condition_2198                   |       and|   0|  0|    2|           1|           1|
    |ap_condition_2202                   |       and|   0|  0|    2|           1|           1|
    |ap_condition_2206                   |       and|   0|  0|    2|           1|           1|
    |ap_condition_2210                   |       and|   0|  0|    2|           1|           1|
    |ap_condition_2214                   |       and|   0|  0|    2|           1|           1|
    |ap_condition_2218                   |       and|   0|  0|    2|           1|           1|
    |ap_condition_2222                   |       and|   0|  0|    2|           1|           1|
    |ap_condition_2226                   |       and|   0|  0|    2|           1|           1|
    |ap_condition_2230                   |       and|   0|  0|    2|           1|           1|
    |ap_condition_2238                   |       and|   0|  0|    2|           1|           1|
    |ap_condition_2331                   |       and|   0|  0|    2|           1|           1|
    |ap_condition_2335                   |       and|   0|  0|    2|           1|           1|
    |ap_condition_2339                   |       and|   0|  0|    2|           1|           1|
    |ap_condition_2343                   |       and|   0|  0|    2|           1|           1|
    |ap_condition_2347                   |       and|   0|  0|    2|           1|           1|
    |ap_condition_2351                   |       and|   0|  0|    2|           1|           1|
    |ap_condition_2355                   |       and|   0|  0|    2|           1|           1|
    |ap_condition_2359                   |       and|   0|  0|    2|           1|           1|
    |ap_condition_2363                   |       and|   0|  0|    2|           1|           1|
    |ap_condition_2367                   |       and|   0|  0|    2|           1|           1|
    |ap_condition_2371                   |       and|   0|  0|    2|           1|           1|
    |ap_condition_2375                   |       and|   0|  0|    2|           1|           1|
    |ap_condition_2379                   |       and|   0|  0|    2|           1|           1|
    |ap_condition_2383                   |       and|   0|  0|    2|           1|           1|
    |ap_condition_2387                   |       and|   0|  0|    2|           1|           1|
    |ap_condition_2391                   |       and|   0|  0|    2|           1|           1|
    |ap_condition_2395                   |       and|   0|  0|    2|           1|           1|
    |ap_condition_2399                   |       and|   0|  0|    2|           1|           1|
    |ap_condition_2403                   |       and|   0|  0|    2|           1|           1|
    |ap_condition_2407                   |       and|   0|  0|    2|           1|           1|
    |ap_condition_2411                   |       and|   0|  0|    2|           1|           1|
    |ap_condition_2415                   |       and|   0|  0|    2|           1|           1|
    |ap_condition_2419                   |       and|   0|  0|    2|           1|           1|
    |ap_condition_2427                   |       and|   0|  0|    2|           1|           1|
    |ap_condition_2520                   |       and|   0|  0|    2|           1|           1|
    |ap_condition_2524                   |       and|   0|  0|    2|           1|           1|
    |ap_condition_2528                   |       and|   0|  0|    2|           1|           1|
    |ap_condition_2532                   |       and|   0|  0|    2|           1|           1|
    |ap_condition_2536                   |       and|   0|  0|    2|           1|           1|
    |ap_condition_2540                   |       and|   0|  0|    2|           1|           1|
    |ap_condition_2544                   |       and|   0|  0|    2|           1|           1|
    |ap_condition_2548                   |       and|   0|  0|    2|           1|           1|
    |ap_condition_2552                   |       and|   0|  0|    2|           1|           1|
    |ap_condition_2556                   |       and|   0|  0|    2|           1|           1|
    |ap_condition_2560                   |       and|   0|  0|    2|           1|           1|
    |ap_condition_2564                   |       and|   0|  0|    2|           1|           1|
    |ap_condition_2568                   |       and|   0|  0|    2|           1|           1|
    |ap_condition_2572                   |       and|   0|  0|    2|           1|           1|
    |ap_condition_2576                   |       and|   0|  0|    2|           1|           1|
    |ap_condition_2580                   |       and|   0|  0|    2|           1|           1|
    |ap_condition_2584                   |       and|   0|  0|    2|           1|           1|
    |ap_condition_2588                   |       and|   0|  0|    2|           1|           1|
    |ap_condition_2592                   |       and|   0|  0|    2|           1|           1|
    |ap_condition_2596                   |       and|   0|  0|    2|           1|           1|
    |ap_condition_2600                   |       and|   0|  0|    2|           1|           1|
    |ap_condition_2604                   |       and|   0|  0|    2|           1|           1|
    |ap_condition_2608                   |       and|   0|  0|    2|           1|           1|
    |ap_condition_2616                   |       and|   0|  0|    2|           1|           1|
    |ap_condition_2754                   |       and|   0|  0|    2|           1|           1|
    |ap_condition_991                    |       and|   0|  0|    2|           1|           1|
    |b_infinity_1_fu_5301_p2             |       and|   0|  0|    2|           1|           1|
    |b_infinity_2_fu_5617_p2             |       and|   0|  0|    2|           1|           1|
    |b_infinity_3_fu_5933_p2             |       and|   0|  0|    2|           1|           1|
    |b_infinity_fu_4985_p2               |       and|   0|  0|    2|           1|           1|
    |b_nan_1_fu_5306_p2                  |       and|   0|  0|    2|           1|           1|
    |b_nan_2_fu_5622_p2                  |       and|   0|  0|    2|           1|           1|
    |b_nan_3_fu_5938_p2                  |       and|   0|  0|    2|           1|           1|
    |b_nan_fu_4990_p2                    |       and|   0|  0|    2|           1|           1|
    |b_zero_1_fu_5292_p2                 |       and|   0|  0|    2|           1|           1|
    |b_zero_2_fu_5608_p2                 |       and|   0|  0|    2|           1|           1|
    |b_zero_3_fu_5924_p2                 |       and|   0|  0|    2|           1|           1|
    |b_zero_fu_4976_p2                   |       and|   0|  0|    2|           1|           1|
    |c_infinity_1_fu_5375_p2             |       and|   0|  0|    2|           1|           1|
    |c_infinity_2_fu_5691_p2             |       and|   0|  0|    2|           1|           1|
    |c_infinity_3_fu_6007_p2             |       and|   0|  0|    2|           1|           1|
    |c_infinity_fu_5059_p2               |       and|   0|  0|    2|           1|           1|
    |c_nan_1_fu_5387_p2                  |       and|   0|  0|    2|           1|           1|
    |c_nan_2_fu_5703_p2                  |       and|   0|  0|    2|           1|           1|
    |c_nan_3_fu_6019_p2                  |       and|   0|  0|    2|           1|           1|
    |c_nan_fu_5071_p2                    |       and|   0|  0|    2|           1|           1|
    |c_zero_1_fu_5363_p2                 |       and|   0|  0|    2|           1|           1|
    |c_zero_2_fu_5679_p2                 |       and|   0|  0|    2|           1|           1|
    |c_zero_3_fu_5995_p2                 |       and|   0|  0|    2|           1|           1|
    |c_zero_fu_5047_p2                   |       and|   0|  0|    2|           1|           1|
    |pwl_force_zero_7_fu_1458_p2         |       and|   0|  0|    2|           1|           1|
    |pwl_force_zero_8_fu_2102_p2         |       and|   0|  0|    2|           1|           1|
    |pwl_force_zero_9_fu_2746_p2         |       and|   0|  0|    2|           1|           1|
    |pwl_force_zero_fu_3390_p2           |       and|   0|  0|    2|           1|           1|
    |remainder_64_fu_1682_p6             |       and|   0|  0|   24|          24|          24|
    |remainder_66_fu_2326_p6             |       and|   0|  0|   24|          24|          24|
    |remainder_68_fu_2970_p6             |       and|   0|  0|   24|          24|          24|
    |remainder_70_fu_3614_p6             |       and|   0|  0|   24|          24|          24|
    |icmp_ln123_1_fu_5530_p2             |      icmp|   0|  0|   17|          10|          10|
    |icmp_ln123_2_fu_5846_p2             |      icmp|   0|  0|   17|          10|          10|
    |icmp_ln123_3_fu_6162_p2             |      icmp|   0|  0|   17|          10|          10|
    |icmp_ln123_fu_5214_p2               |      icmp|   0|  0|   17|          10|          10|
    |icmp_ln133_1_fu_7493_p2             |      icmp|   0|  0|   58|          51|          51|
    |icmp_ln133_2_fu_8225_p2             |      icmp|   0|  0|   58|          51|          51|
    |icmp_ln133_3_fu_8957_p2             |      icmp|   0|  0|   58|          51|          51|
    |icmp_ln133_fu_6761_p2               |      icmp|   0|  0|   58|          51|          51|
    |icmp_ln139_1_fu_7562_p2             |      icmp|   0|  0|   59|          52|           1|
    |icmp_ln139_2_fu_8294_p2             |      icmp|   0|  0|   59|          52|           1|
    |icmp_ln139_3_fu_9026_p2             |      icmp|   0|  0|   59|          52|           1|
    |icmp_ln139_fu_6830_p2               |      icmp|   0|  0|   59|          52|           1|
    |icmp_ln21_10_fu_5351_p2             |      icmp|   0|  0|   15|           8|           1|
    |icmp_ln21_11_fu_5357_p2             |      icmp|   0|  0|   30|          23|           1|
    |icmp_ln21_12_fu_4571_p2             |      icmp|   0|  0|   15|           8|           1|
    |icmp_ln21_13_fu_4577_p2             |      icmp|   0|  0|   30|          23|           1|
    |icmp_ln21_14_fu_4629_p2             |      icmp|   0|  0|   15|           8|           1|
    |icmp_ln21_15_fu_4635_p2             |      icmp|   0|  0|   30|          23|           1|
    |icmp_ln21_16_fu_5667_p2             |      icmp|   0|  0|   15|           8|           1|
    |icmp_ln21_17_fu_5673_p2             |      icmp|   0|  0|   30|          23|           1|
    |icmp_ln21_18_fu_4798_p2             |      icmp|   0|  0|   15|           8|           1|
    |icmp_ln21_19_fu_4804_p2             |      icmp|   0|  0|   30|          23|           1|
    |icmp_ln21_1_fu_4123_p2              |      icmp|   0|  0|   30|          23|           1|
    |icmp_ln21_20_fu_4856_p2             |      icmp|   0|  0|   15|           8|           1|
    |icmp_ln21_21_fu_4862_p2             |      icmp|   0|  0|   30|          23|           1|
    |icmp_ln21_22_fu_5983_p2             |      icmp|   0|  0|   15|           8|           1|
    |icmp_ln21_23_fu_5989_p2             |      icmp|   0|  0|   30|          23|           1|
    |icmp_ln21_2_fu_4175_p2              |      icmp|   0|  0|   15|           8|           1|
    |icmp_ln21_3_fu_4181_p2              |      icmp|   0|  0|   30|          23|           1|
    |icmp_ln21_4_fu_5035_p2              |      icmp|   0|  0|   15|           8|           1|
    |icmp_ln21_5_fu_5041_p2              |      icmp|   0|  0|   30|          23|           1|
    |icmp_ln21_6_fu_4344_p2              |      icmp|   0|  0|   15|           8|           1|
    |icmp_ln21_7_fu_4350_p2              |      icmp|   0|  0|   30|          23|           1|
    |icmp_ln21_8_fu_4402_p2              |      icmp|   0|  0|   15|           8|           1|
    |icmp_ln21_9_fu_4408_p2              |      icmp|   0|  0|   30|          23|           1|
    |icmp_ln21_fu_4117_p2                |      icmp|   0|  0|   15|           8|           1|
    |icmp_ln22_10_fu_5928_p2             |      icmp|   0|  0|   15|           8|           2|
    |icmp_ln22_11_fu_6001_p2             |      icmp|   0|  0|   15|           8|           2|
    |icmp_ln22_1_fu_4980_p2              |      icmp|   0|  0|   15|           8|           2|
    |icmp_ln22_2_fu_5053_p2              |      icmp|   0|  0|   15|           8|           2|
    |icmp_ln22_3_fu_5257_p2              |      icmp|   0|  0|   15|           8|           2|
    |icmp_ln22_4_fu_5296_p2              |      icmp|   0|  0|   15|           8|           2|
    |icmp_ln22_5_fu_5369_p2              |      icmp|   0|  0|   15|           8|           2|
    |icmp_ln22_6_fu_5573_p2              |      icmp|   0|  0|   15|           8|           2|
    |icmp_ln22_7_fu_5612_p2              |      icmp|   0|  0|   15|           8|           2|
    |icmp_ln22_8_fu_5685_p2              |      icmp|   0|  0|   15|           8|           2|
    |icmp_ln22_9_fu_5889_p2              |      icmp|   0|  0|   15|           8|           2|
    |icmp_ln22_fu_4941_p2                |      icmp|   0|  0|   15|           8|           2|
    |icmp_ln23_10_fu_4868_p2             |      icmp|   0|  0|   30|          23|           1|
    |icmp_ln23_11_fu_6013_p2             |      icmp|   0|  0|   30|          23|           1|
    |icmp_ln23_1_fu_4187_p2              |      icmp|   0|  0|   30|          23|           1|
    |icmp_ln23_2_fu_5065_p2              |      icmp|   0|  0|   30|          23|           1|
    |icmp_ln23_3_fu_4356_p2              |      icmp|   0|  0|   30|          23|           1|
    |icmp_ln23_4_fu_4414_p2              |      icmp|   0|  0|   30|          23|           1|
    |icmp_ln23_5_fu_5381_p2              |      icmp|   0|  0|   30|          23|           1|
    |icmp_ln23_6_fu_4583_p2              |      icmp|   0|  0|   30|          23|           1|
    |icmp_ln23_7_fu_4641_p2              |      icmp|   0|  0|   30|          23|           1|
    |icmp_ln23_8_fu_5697_p2              |      icmp|   0|  0|   30|          23|           1|
    |icmp_ln23_9_fu_4810_p2              |      icmp|   0|  0|   30|          23|           1|
    |icmp_ln23_fu_4129_p2                |      icmp|   0|  0|   30|          23|           1|
    |icmp_ln357_1_fu_2096_p2             |      icmp|   0|  0|   30|          23|           1|
    |icmp_ln357_2_fu_2740_p2             |      icmp|   0|  0|   30|          23|           1|
    |icmp_ln357_3_fu_3384_p2             |      icmp|   0|  0|   30|          23|           1|
    |icmp_ln357_fu_1452_p2               |      icmp|   0|  0|   30|          23|           1|
    |icmp_ln371_1_fu_2162_p2             |      icmp|   0|  0|   13|           6|           1|
    |icmp_ln371_2_fu_2806_p2             |      icmp|   0|  0|   13|           6|           1|
    |icmp_ln371_3_fu_3450_p2             |      icmp|   0|  0|   13|           6|           1|
    |icmp_ln371_fu_1518_p2               |      icmp|   0|  0|   13|           6|           1|
    |icmp_ln376_1_fu_2196_p2             |      icmp|   0|  0|   16|           9|           5|
    |icmp_ln376_2_fu_2840_p2             |      icmp|   0|  0|   16|           9|           5|
    |icmp_ln376_3_fu_3484_p2             |      icmp|   0|  0|   16|           9|           5|
    |icmp_ln376_fu_1552_p2               |      icmp|   0|  0|   16|           9|           5|
    |icmp_ln411_1_fu_2580_p2             |      icmp|   0|  0|   13|           6|           1|
    |icmp_ln411_2_fu_3224_p2             |      icmp|   0|  0|   13|           6|           1|
    |icmp_ln411_3_fu_3868_p2             |      icmp|   0|  0|   13|           6|           1|
    |icmp_ln411_fu_1936_p2               |      icmp|   0|  0|   13|           6|           1|
    |icmp_ln414_1_fu_2623_p2             |      icmp|   0|  0|   16|           9|           5|
    |icmp_ln414_2_fu_3267_p2             |      icmp|   0|  0|   16|           9|           5|
    |icmp_ln414_3_fu_3911_p2             |      icmp|   0|  0|   16|           9|           5|
    |icmp_ln414_fu_1979_p2               |      icmp|   0|  0|   16|           9|           5|
    |icmp_ln417_1_fu_2694_p2             |      icmp|   0|  0|   35|          28|           1|
    |icmp_ln417_2_fu_3338_p2             |      icmp|   0|  0|   35|          28|           1|
    |icmp_ln417_3_fu_3982_p2             |      icmp|   0|  0|   35|          28|           1|
    |icmp_ln417_fu_2050_p2               |      icmp|   0|  0|   35|          28|           1|
    |icmp_ln50_16_fu_6508_p2             |      icmp|   0|  0|   17|          10|           1|
    |icmp_ln50_17_fu_6972_p2             |      icmp|   0|  0|   18|          11|           1|
    |icmp_ln50_18_fu_7240_p2             |      icmp|   0|  0|   17|          10|           1|
    |icmp_ln50_19_fu_7704_p2             |      icmp|   0|  0|   18|          11|           1|
    |icmp_ln50_20_fu_7972_p2             |      icmp|   0|  0|   17|          10|           1|
    |icmp_ln50_21_fu_8436_p2             |      icmp|   0|  0|   18|          11|           1|
    |icmp_ln50_22_fu_8704_p2             |      icmp|   0|  0|   17|          10|           1|
    |icmp_ln50_fu_6240_p2                |      icmp|   0|  0|   18|          11|           1|
    |icmp_ln53_10_fu_7978_p2             |      icmp|   0|  0|   17|          10|           6|
    |icmp_ln53_11_fu_10341_p2            |      icmp|   0|  0|   17|          10|           6|
    |icmp_ln53_12_fu_8453_p2             |      icmp|   0|  0|   18|          11|           6|
    |icmp_ln53_13_fu_8447_p2             |      icmp|   0|  0|   17|          10|           6|
    |icmp_ln53_14_fu_8710_p2             |      icmp|   0|  0|   17|          10|           6|
    |icmp_ln53_15_fu_10913_p2            |      icmp|   0|  0|   17|          10|           6|
    |icmp_ln53_1_fu_6251_p2              |      icmp|   0|  0|   17|          10|           6|
    |icmp_ln53_2_fu_6514_p2              |      icmp|   0|  0|   17|          10|           6|
    |icmp_ln53_3_fu_9192_p2              |      icmp|   0|  0|   17|          10|           6|
    |icmp_ln53_4_fu_6989_p2              |      icmp|   0|  0|   18|          11|           6|
    |icmp_ln53_5_fu_6983_p2              |      icmp|   0|  0|   17|          10|           6|
    |icmp_ln53_6_fu_7246_p2              |      icmp|   0|  0|   17|          10|           6|
    |icmp_ln53_7_fu_9769_p2              |      icmp|   0|  0|   17|          10|           6|
    |icmp_ln53_8_fu_7721_p2              |      icmp|   0|  0|   18|          11|           6|
    |icmp_ln53_9_fu_7715_p2              |      icmp|   0|  0|   17|          10|           6|
    |icmp_ln53_fu_6257_p2                |      icmp|   0|  0|   18|          11|           6|
    |icmp_ln54_10_fu_7998_p2             |      icmp|   0|  0|   58|          51|           1|
    |icmp_ln54_11_fu_10347_p2            |      icmp|   0|  0|   58|          51|           1|
    |icmp_ln54_12_fu_8459_p2             |      icmp|   0|  0|   58|          51|           1|
    |icmp_ln54_13_fu_8730_p2             |      icmp|   0|  0|   58|          51|           1|
    |icmp_ln54_14_fu_10919_p2            |      icmp|   0|  0|   58|          51|           1|
    |icmp_ln54_4_fu_6534_p2              |      icmp|   0|  0|   58|          51|           1|
    |icmp_ln54_5_fu_9198_p2              |      icmp|   0|  0|   58|          51|           1|
    |icmp_ln54_6_fu_6995_p2              |      icmp|   0|  0|   58|          51|           1|
    |icmp_ln54_7_fu_7266_p2              |      icmp|   0|  0|   58|          51|           1|
    |icmp_ln54_8_fu_9775_p2              |      icmp|   0|  0|   58|          51|           1|
    |icmp_ln54_9_fu_7727_p2              |      icmp|   0|  0|   58|          51|           1|
    |icmp_ln54_fu_6263_p2                |      icmp|   0|  0|   58|          51|           1|
    |icmp_ln62_10_fu_8139_p2             |      icmp|   0|  0|   58|          51|           1|
    |icmp_ln62_11_fu_10397_p2            |      icmp|   0|  0|   58|          51|           1|
    |icmp_ln62_12_fu_8550_p2             |      icmp|   0|  0|   58|          51|           1|
    |icmp_ln62_13_fu_8540_p2             |      icmp|   0|  0|   58|          51|           1|
    |icmp_ln62_14_fu_8871_p2             |      icmp|   0|  0|   58|          51|           1|
    |icmp_ln62_15_fu_10969_p2            |      icmp|   0|  0|   58|          51|           1|
    |icmp_ln62_1_fu_6344_p2              |      icmp|   0|  0|   58|          51|           1|
    |icmp_ln62_2_fu_6675_p2              |      icmp|   0|  0|   58|          51|           1|
    |icmp_ln62_3_fu_9248_p2              |      icmp|   0|  0|   58|          51|           1|
    |icmp_ln62_4_fu_7086_p2              |      icmp|   0|  0|   58|          51|           1|
    |icmp_ln62_5_fu_7076_p2              |      icmp|   0|  0|   58|          51|           1|
    |icmp_ln62_6_fu_7407_p2              |      icmp|   0|  0|   58|          51|           1|
    |icmp_ln62_7_fu_9825_p2              |      icmp|   0|  0|   58|          51|           1|
    |icmp_ln62_8_fu_7818_p2              |      icmp|   0|  0|   58|          51|           1|
    |icmp_ln62_9_fu_7808_p2              |      icmp|   0|  0|   58|          51|           1|
    |icmp_ln62_fu_6354_p2                |      icmp|   0|  0|   58|          51|           1|
    |icmp_ln72_16_fu_9182_p2             |      icmp|   0|  0|   17|          10|           8|
    |icmp_ln72_17_fu_6945_p2             |      icmp|   0|  0|   17|          10|           8|
    |icmp_ln72_18_fu_9759_p2             |      icmp|   0|  0|   17|          10|           8|
    |icmp_ln72_19_fu_7677_p2             |      icmp|   0|  0|   17|          10|           8|
    |icmp_ln72_20_fu_10331_p2            |      icmp|   0|  0|   17|          10|           8|
    |icmp_ln72_21_fu_8409_p2             |      icmp|   0|  0|   17|          10|           8|
    |icmp_ln72_22_fu_10903_p2            |      icmp|   0|  0|   17|          10|           8|
    |icmp_ln72_fu_6213_p2                |      icmp|   0|  0|   17|          10|           8|
    |icmp_ln78_1_fu_9354_p2              |      icmp|   0|  0|   33|          26|           1|
    |icmp_ln78_2_fu_7313_p2              |      icmp|   0|  0|   33|          26|           1|
    |icmp_ln78_3_fu_9931_p2              |      icmp|   0|  0|   33|          26|           1|
    |icmp_ln78_4_fu_8045_p2              |      icmp|   0|  0|   33|          26|           1|
    |icmp_ln78_5_fu_10503_p2             |      icmp|   0|  0|   33|          26|           1|
    |icmp_ln78_6_fu_8777_p2              |      icmp|   0|  0|   33|          26|           1|
    |icmp_ln78_7_fu_11075_p2             |      icmp|   0|  0|   33|          26|           1|
    |icmp_ln78_fu_6581_p2                |      icmp|   0|  0|   33|          26|           1|
    |icmp_ln86_1_fu_9438_p2              |      icmp|   0|  0|   10|           3|           1|
    |icmp_ln86_2_fu_7397_p2              |      icmp|   0|  0|   10|           3|           1|
    |icmp_ln86_3_fu_10015_p2             |      icmp|   0|  0|   10|           3|           1|
    |icmp_ln86_4_fu_8129_p2              |      icmp|   0|  0|   10|           3|           1|
    |icmp_ln86_5_fu_10587_p2             |      icmp|   0|  0|   10|           3|           1|
    |icmp_ln86_6_fu_8861_p2              |      icmp|   0|  0|   10|           3|           1|
    |icmp_ln86_7_fu_11159_p2             |      icmp|   0|  0|   10|           3|           1|
    |icmp_ln86_fu_6665_p2                |      icmp|   0|  0|   10|           3|           1|
    |lshr_ln379_1_fu_2214_p2             |      lshr|   0|  0|   62|          24|          24|
    |lshr_ln379_2_fu_2858_p2             |      lshr|   0|  0|   62|          24|          24|
    |lshr_ln379_3_fu_3502_p2             |      lshr|   0|  0|   62|          24|          24|
    |lshr_ln379_fu_1570_p2               |      lshr|   0|  0|   62|          24|          24|
    |lshr_ln381_1_fu_2258_p2             |      lshr|   0|  0|   92|           1|          32|
    |lshr_ln381_2_fu_2902_p2             |      lshr|   0|  0|   92|           1|          32|
    |lshr_ln381_3_fu_3546_p2             |      lshr|   0|  0|   92|           1|          32|
    |lshr_ln381_fu_1614_p2               |      lshr|   0|  0|   92|           1|          32|
    |lshr_ln415_1_fu_2641_p2             |      lshr|   0|  0|   62|          24|          24|
    |lshr_ln415_2_fu_3285_p2             |      lshr|   0|  0|   62|          24|          24|
    |lshr_ln415_3_fu_3929_p2             |      lshr|   0|  0|   62|          24|          24|
    |lshr_ln415_fu_1997_p2               |      lshr|   0|  0|   62|          24|          24|
    |shifted_64_fu_6288_p2               |      lshr|   0|  0|  332|         102|         102|
    |shifted_65_fu_6559_p2               |      lshr|   0|  0|  332|         102|         102|
    |shifted_66_fu_9222_p2               |      lshr|   0|  0|  332|         102|         102|
    |shifted_67_fu_7020_p2               |      lshr|   0|  0|  332|         102|         102|
    |shifted_68_fu_7050_p2               |      lshr|   0|  0|  332|         102|         102|
    |shifted_69_fu_7291_p2               |      lshr|   0|  0|  332|         102|         102|
    |shifted_70_fu_9799_p2               |      lshr|   0|  0|  332|         102|         102|
    |shifted_71_fu_7752_p2               |      lshr|   0|  0|  332|         102|         102|
    |shifted_72_fu_7782_p2               |      lshr|   0|  0|  332|         102|         102|
    |shifted_73_fu_8023_p2               |      lshr|   0|  0|  332|         102|         102|
    |shifted_74_fu_10371_p2              |      lshr|   0|  0|  332|         102|         102|
    |shifted_75_fu_8484_p2               |      lshr|   0|  0|  332|         102|         102|
    |shifted_76_fu_8514_p2               |      lshr|   0|  0|  332|         102|         102|
    |shifted_77_fu_8755_p2               |      lshr|   0|  0|  332|         102|         102|
    |shifted_78_fu_10943_p2              |      lshr|   0|  0|  332|         102|         102|
    |shifted_fu_6318_p2                  |      lshr|   0|  0|  332|         102|         102|
    |ap_condition_2127                   |        or|   0|  0|    2|           1|           1|
    |ap_condition_2317                   |        or|   0|  0|    2|           1|           1|
    |ap_condition_2506                   |        or|   0|  0|    2|           1|           1|
    |ap_condition_2695                   |        or|   0|  0|    2|           1|           1|
    |empty_204_fu_6360_p2                |        or|   0|  0|    2|           1|           1|
    |empty_205_fu_6376_p2                |        or|   0|  0|    2|           1|           1|
    |empty_206_fu_6689_p2                |        or|   0|  0|    2|           1|           1|
    |empty_207_fu_6898_p2                |        or|   0|  0|    2|           1|           1|
    |empty_208_fu_9254_p2                |        or|   0|  0|    2|           1|           1|
    |empty_210_fu_7092_p2                |        or|   0|  0|    2|           1|           1|
    |empty_211_fu_7108_p2                |        or|   0|  0|    2|           1|           1|
    |empty_212_fu_7421_p2                |        or|   0|  0|    2|           1|           1|
    |empty_213_fu_7630_p2                |        or|   0|  0|    2|           1|           1|
    |empty_214_fu_9831_p2                |        or|   0|  0|    2|           1|           1|
    |empty_216_fu_7824_p2                |        or|   0|  0|    2|           1|           1|
    |empty_217_fu_7840_p2                |        or|   0|  0|    2|           1|           1|
    |empty_218_fu_8153_p2                |        or|   0|  0|    2|           1|           1|
    |empty_219_fu_8362_p2                |        or|   0|  0|    2|           1|           1|
    |empty_220_fu_10403_p2               |        or|   0|  0|    2|           1|           1|
    |empty_222_fu_8556_p2                |        or|   0|  0|    2|           1|           1|
    |empty_223_fu_8572_p2                |        or|   0|  0|    2|           1|           1|
    |empty_224_fu_8885_p2                |        or|   0|  0|    2|           1|           1|
    |empty_225_fu_9094_p2                |        or|   0|  0|    2|           1|           1|
    |empty_226_fu_10975_p2               |        or|   0|  0|    2|           1|           1|
    |or_ln133_1_fu_7550_p2               |        or|   0|  0|    2|           1|           1|
    |or_ln133_2_fu_8282_p2               |        or|   0|  0|    2|           1|           1|
    |or_ln133_3_fu_9014_p2               |        or|   0|  0|    2|           1|           1|
    |or_ln133_fu_6818_p2                 |        or|   0|  0|    2|           1|           1|
    |or_ln139_1_fu_10167_p2              |        or|   0|  0|    2|           1|           1|
    |or_ln139_2_fu_10739_p2              |        or|   0|  0|    2|           1|           1|
    |or_ln139_3_fu_11311_p2              |        or|   0|  0|    2|           1|           1|
    |or_ln139_fu_9590_p2                 |        or|   0|  0|    2|           1|           1|
    |or_ln169_10_fu_5852_p2              |        or|   0|  0|    2|           1|           1|
    |or_ln169_11_fu_5858_p2              |        or|   0|  0|    2|           1|           1|
    |or_ln169_12_fu_5864_p2              |        or|   0|  0|    2|           1|           1|
    |or_ln169_13_fu_5870_p2              |        or|   0|  0|    2|           1|           1|
    |or_ln169_14_fu_5876_p2              |        or|   0|  0|    2|           1|           1|
    |or_ln169_15_fu_6168_p2              |        or|   0|  0|    2|           1|           1|
    |or_ln169_16_fu_6174_p2              |        or|   0|  0|    2|           1|           1|
    |or_ln169_17_fu_6180_p2              |        or|   0|  0|    2|           1|           1|
    |or_ln169_18_fu_6186_p2              |        or|   0|  0|    2|           1|           1|
    |or_ln169_19_fu_6192_p2              |        or|   0|  0|    2|           1|           1|
    |or_ln169_1_fu_5226_p2               |        or|   0|  0|    2|           1|           1|
    |or_ln169_2_fu_5232_p2               |        or|   0|  0|    2|           1|           1|
    |or_ln169_3_fu_5238_p2               |        or|   0|  0|    2|           1|           1|
    |or_ln169_4_fu_5244_p2               |        or|   0|  0|    2|           1|           1|
    |or_ln169_5_fu_5536_p2               |        or|   0|  0|    2|           1|           1|
    |or_ln169_6_fu_5542_p2               |        or|   0|  0|    2|           1|           1|
    |or_ln169_7_fu_5548_p2               |        or|   0|  0|    2|           1|           1|
    |or_ln169_8_fu_5554_p2               |        or|   0|  0|    2|           1|           1|
    |or_ln169_9_fu_5560_p2               |        or|   0|  0|    2|           1|           1|
    |or_ln169_fu_5220_p2                 |        or|   0|  0|    2|           1|           1|
    |or_ln178_1_fu_5466_p2               |        or|   0|  0|    2|           1|           1|
    |or_ln178_2_fu_5782_p2               |        or|   0|  0|    2|           1|           1|
    |or_ln178_3_fu_6098_p2               |        or|   0|  0|    2|           1|           1|
    |or_ln178_4_fu_9542_p2               |        or|   0|  0|    2|           1|           1|
    |or_ln178_5_fu_10119_p2              |        or|   0|  0|    2|           1|           1|
    |or_ln178_6_fu_10691_p2              |        or|   0|  0|    2|           1|           1|
    |or_ln178_7_fu_11263_p2              |        or|   0|  0|    2|           1|           1|
    |or_ln178_fu_5150_p2                 |        or|   0|  0|    2|           1|           1|
    |or_ln21_1_fu_10151_p2               |        or|   0|  0|    2|           1|           1|
    |or_ln21_2_fu_10723_p2               |        or|   0|  0|    2|           1|           1|
    |or_ln21_3_fu_11295_p2               |        or|   0|  0|    2|           1|           1|
    |or_ln21_fu_9574_p2                  |        or|   0|  0|    2|           1|           1|
    |or_ln22_1_fu_9521_p2                |        or|   0|  0|    2|           1|           1|
    |or_ln22_2_fu_10094_p2               |        or|   0|  0|    2|           1|           1|
    |or_ln22_3_fu_10098_p2               |        or|   0|  0|    2|           1|           1|
    |or_ln22_4_fu_10666_p2               |        or|   0|  0|    2|           1|           1|
    |or_ln22_5_fu_10670_p2               |        or|   0|  0|    2|           1|           1|
    |or_ln22_6_fu_11238_p2               |        or|   0|  0|    2|           1|           1|
    |or_ln22_7_fu_11242_p2               |        or|   0|  0|    2|           1|           1|
    |or_ln22_fu_9517_p2                  |        or|   0|  0|    2|           1|           1|
    |or_ln262_1_fu_10262_p2              |        or|   0|  0|    2|           1|           1|
    |or_ln262_2_fu_10834_p2              |        or|   0|  0|    2|           1|           1|
    |or_ln262_3_fu_11406_p2              |        or|   0|  0|    2|           1|           1|
    |or_ln262_fu_9690_p2                 |        or|   0|  0|    2|           1|           1|
    |or_ln79_1_fu_9360_p2                |        or|   0|  0|    2|           1|           1|
    |or_ln79_2_fu_7319_p2                |        or|   0|  0|    2|           1|           1|
    |or_ln79_3_fu_9937_p2                |        or|   0|  0|    2|           1|           1|
    |or_ln79_4_fu_8051_p2                |        or|   0|  0|    2|           1|           1|
    |or_ln79_5_fu_10509_p2               |        or|   0|  0|    2|           1|           1|
    |or_ln79_6_fu_8783_p2                |        or|   0|  0|    2|           1|           1|
    |or_ln79_7_fu_11081_p2               |        or|   0|  0|    2|           1|           1|
    |or_ln79_fu_6587_p2                  |        or|   0|  0|    2|           1|           1|
    |or_ln86_1_fu_10184_p2               |        or|   0|  0|    2|           1|           1|
    |or_ln86_2_fu_10756_p2               |        or|   0|  0|    2|           1|           1|
    |or_ln86_3_fu_11328_p2               |        or|   0|  0|    2|           1|           1|
    |or_ln86_fu_9607_p2                  |        or|   0|  0|    2|           1|           1|
    |product_infinity_16_fu_5431_p2      |        or|   0|  0|    2|           1|           1|
    |product_infinity_17_fu_5747_p2      |        or|   0|  0|    2|           1|           1|
    |product_infinity_18_fu_6063_p2      |        or|   0|  0|    2|           1|           1|
    |product_infinity_fu_5115_p2         |        or|   0|  0|    2|           1|           1|
    |a_significand_11_fu_4147_p3         |    select|   0|  0|   24|           1|          24|
    |a_significand_12_fu_4374_p3         |    select|   0|  0|   24|           1|          24|
    |a_significand_13_fu_4828_p3         |    select|   0|  0|   24|           1|          24|
    |a_significand_fu_4601_p3            |    select|   0|  0|   24|           1|          24|
    |b_significand_11_fu_4205_p3         |    select|   0|  0|   24|           1|          24|
    |b_significand_12_fu_4432_p3         |    select|   0|  0|   24|           1|          24|
    |b_significand_13_fu_4886_p3         |    select|   0|  0|   24|           1|          24|
    |b_significand_fu_4659_p3            |    select|   0|  0|   24|           1|          24|
    |bits_339_fu_9166_p3                 |    select|   0|  0|   32|           1|          32|
    |bits_344_fu_9485_p3                 |    select|   0|  0|   32|           1|          32|
    |bits_354_fu_9743_p3                 |    select|   0|  0|   32|           1|          32|
    |bits_359_fu_10062_p3                |    select|   0|  0|   32|           1|          32|
    |bits_369_fu_10315_p3                |    select|   0|  0|   32|           1|          32|
    |bits_374_fu_10634_p3                |    select|   0|  0|   32|           1|          32|
    |bits_382_fu_10887_p3                |    select|   0|  0|   32|           1|          32|
    |bits_387_fu_11206_p3                |    select|   0|  0|   32|           1|          32|
    |c_significand_11_fu_5099_p3         |    select|   0|  0|   24|           1|          24|
    |c_significand_12_fu_5415_p3         |    select|   0|  0|   24|           1|          24|
    |c_significand_13_fu_6047_p3         |    select|   0|  0|   24|           1|          24|
    |c_significand_fu_5731_p3            |    select|   0|  0|   24|           1|          24|
    |common_top_16_fu_6957_p3            |    select|   0|  0|   10|           1|          10|
    |common_top_17_fu_7689_p3            |    select|   0|  0|   10|           1|          10|
    |common_top_18_fu_8421_p3            |    select|   0|  0|   10|           1|          10|
    |common_top_fu_6225_p3               |    select|   0|  0|   10|           1|          10|
    |integer_magnitude_48_fu_1596_p3     |    select|   0|  0|   24|           1|          24|
    |integer_magnitude_49_fu_1662_p2     |    select|   0|  0|   32|           1|          32|
    |integer_magnitude_51_fu_2240_p3     |    select|   0|  0|   24|           1|          24|
    |integer_magnitude_52_fu_2306_p2     |    select|   0|  0|   32|           1|          32|
    |integer_magnitude_54_fu_2884_p3     |    select|   0|  0|   24|           1|          24|
    |integer_magnitude_55_fu_2950_p2     |    select|   0|  0|   32|           1|          32|
    |integer_magnitude_57_fu_3528_p3     |    select|   0|  0|   24|           1|          24|
    |integer_magnitude_58_fu_3594_p2     |    select|   0|  0|   32|           1|          32|
    |operand_a_1_fu_4302_p3              |    select|   0|  0|   32|           1|          32|
    |operand_a_2_fu_4529_p3              |    select|   0|  0|   32|           1|          32|
    |operand_a_3_fu_4756_p3              |    select|   0|  0|   32|           1|          32|
    |operand_a_fu_4075_p3                |    select|   0|  0|   32|           1|          32|
    |operand_c_47_fu_4916_p3             |    select|   0|  0|   32|           1|          32|
    |operand_c_48_fu_4922_p3             |    select|   0|  0|   32|           1|          32|
    |operand_c_49_fu_4928_p3             |    select|   0|  0|   32|           1|          32|
    |operand_c_fu_4910_p3                |    select|   0|  0|   32|           1|          32|
    |phi_ln108_1_fu_5281_p3              |    select|   0|  0|    9|           1|           8|
    |phi_ln108_2_fu_5597_p3              |    select|   0|  0|    9|           1|           8|
    |phi_ln108_3_fu_5913_p3              |    select|   0|  0|    9|           1|           8|
    |phi_ln108_fu_4965_p3                |    select|   0|  0|    9|           1|           8|
    |phi_ln119_1_fu_5423_p3              |    select|   0|  0|    9|           1|           8|
    |phi_ln119_2_fu_5739_p3              |    select|   0|  0|    9|           1|           8|
    |phi_ln119_3_fu_6055_p3              |    select|   0|  0|    9|           1|           8|
    |phi_ln119_fu_5107_p3                |    select|   0|  0|    9|           1|           8|
    |piece_value_12_fu_2056_p3           |    select|   0|  0|    3|           1|           2|
    |piece_value_13_fu_2700_p3           |    select|   0|  0|    3|           1|           2|
    |piece_value_14_fu_3344_p3           |    select|   0|  0|    3|           1|           2|
    |piece_value_15_fu_3988_p3           |    select|   0|  0|    3|           1|           2|
    |piece_value_3_fu_2667_p3            |    select|   0|  0|   24|           1|          24|
    |piece_value_6_fu_3311_p3            |    select|   0|  0|   24|           1|          24|
    |piece_value_9_fu_3955_p3            |    select|   0|  0|   24|           1|          24|
    |piece_value_fu_2023_p3              |    select|   0|  0|   24|           1|          24|
    |pwl_integer_7_fu_1708_p3            |    select|   0|  0|   32|           1|          32|
    |pwl_integer_8_fu_2352_p3            |    select|   0|  0|   32|           1|          32|
    |pwl_integer_9_fu_3640_p3            |    select|   0|  0|   32|           1|          32|
    |pwl_integer_fu_2996_p3              |    select|   0|  0|   32|           1|          32|
    |rounded_49_fu_6599_p3               |    select|   0|  0|   25|           1|          25|
    |rounded_52_fu_9372_p3               |    select|   0|  0|   25|           1|          25|
    |rounded_54_fu_7331_p3               |    select|   0|  0|   25|           1|          25|
    |rounded_56_fu_9949_p3               |    select|   0|  0|   25|           1|          25|
    |rounded_58_fu_8063_p3               |    select|   0|  0|   25|           1|          25|
    |rounded_60_fu_10521_p3              |    select|   0|  0|   25|           1|          25|
    |rounded_64_fu_8795_p3               |    select|   0|  0|   25|           1|          25|
    |rounded_68_fu_11093_p3              |    select|   0|  0|   25|           1|          25|
    |select_ln255_2_fu_4308_p3           |    select|   0|  0|   32|           1|          32|
    |select_ln255_4_fu_4535_p3           |    select|   0|  0|   32|           1|          32|
    |select_ln255_6_fu_4762_p3           |    select|   0|  0|   32|           1|          32|
    |select_ln255_fu_4081_p3             |    select|   0|  0|   32|           1|          32|
    |select_ln262_1_fu_10268_p3          |    select|   0|  0|   32|           1|           1|
    |select_ln262_2_fu_10840_p3          |    select|   0|  0|   32|           1|           1|
    |select_ln262_3_fu_11412_p3          |    select|   0|  0|   32|           1|           1|
    |select_ln262_fu_9696_p3             |    select|   0|  0|   32|           1|           1|
    |select_ln359_1_fu_2108_p3           |    select|   0|  0|    9|           1|           9|
    |select_ln359_2_fu_2752_p3           |    select|   0|  0|    9|           1|           9|
    |select_ln359_3_fu_3396_p3           |    select|   0|  0|    9|           1|           9|
    |select_ln359_fu_1464_p3             |    select|   0|  0|    9|           1|           9|
    |select_ln381_1_fu_2272_p3           |    select|   0|  0|   24|           1|          24|
    |select_ln381_2_fu_2916_p3           |    select|   0|  0|   24|           1|          24|
    |select_ln381_3_fu_3560_p3           |    select|   0|  0|   24|           1|          24|
    |select_ln381_fu_1628_p3             |    select|   0|  0|   24|           1|          24|
    |select_ln82_10_fu_10557_p3          |    select|   0|  0|   24|           1|          24|
    |select_ln82_11_fu_10569_p3          |    select|   0|  0|   10|           1|          10|
    |select_ln82_12_fu_8831_p3           |    select|   0|  0|   24|           1|          24|
    |select_ln82_13_fu_8843_p3           |    select|   0|  0|   10|           1|          10|
    |select_ln82_14_fu_11129_p3          |    select|   0|  0|   24|           1|          24|
    |select_ln82_15_fu_11141_p3          |    select|   0|  0|   10|           1|          10|
    |select_ln82_1_fu_6647_p3            |    select|   0|  0|   10|           1|          10|
    |select_ln82_2_fu_9408_p3            |    select|   0|  0|   24|           1|          24|
    |select_ln82_3_fu_9420_p3            |    select|   0|  0|   10|           1|          10|
    |select_ln82_4_fu_7367_p3            |    select|   0|  0|   24|           1|          24|
    |select_ln82_5_fu_7379_p3            |    select|   0|  0|   10|           1|          10|
    |select_ln82_6_fu_9985_p3            |    select|   0|  0|   24|           1|          24|
    |select_ln82_7_fu_9997_p3            |    select|   0|  0|   10|           1|          10|
    |select_ln82_8_fu_8099_p3            |    select|   0|  0|   24|           1|          24|
    |select_ln82_9_fu_8111_p3            |    select|   0|  0|   10|           1|          10|
    |select_ln82_fu_6635_p3              |    select|   0|  0|   24|           1|          24|
    |sign_49_fu_6824_p3                  |    select|   0|  0|    2|           1|           1|
    |sign_53_fu_7556_p3                  |    select|   0|  0|    2|           1|           1|
    |sign_57_fu_8288_p3                  |    select|   0|  0|    2|           1|           1|
    |sign_61_fu_9020_p3                  |    select|   0|  0|    2|           1|           1|
    |significand_111_fu_6914_p3          |    select|   0|  0|   51|           1|          51|
    |significand_112_fu_7646_p3          |    select|   0|  0|   51|           1|          51|
    |significand_113_fu_8378_p3          |    select|   0|  0|   51|           1|          51|
    |significand_114_fu_9110_p3          |    select|   0|  0|   51|           1|          51|
    |spec_select66_fu_1956_p3            |    select|   0|  0|   31|           1|          31|
    |spec_select68_fu_2600_p3            |    select|   0|  0|   31|           1|          31|
    |spec_select70_fu_3244_p3            |    select|   0|  0|   31|           1|          31|
    |spec_select72_fu_3888_p3            |    select|   0|  0|   31|           1|          31|
    |top_exponent_11_fu_8386_p3          |    select|   0|  0|   10|           1|          10|
    |top_exponent_15_fu_9118_p3          |    select|   0|  0|   10|           1|          10|
    |top_exponent_7_fu_7654_p3           |    select|   0|  0|   10|           1|          10|
    |top_exponent_assign_13_fu_9886_p3   |    select|   0|  0|   10|           1|           8|
    |top_exponent_assign_17_fu_7896_p3   |    select|   0|  0|   10|           1|           8|
    |top_exponent_assign_1_fu_6432_p3    |    select|   0|  0|   10|           1|           8|
    |top_exponent_assign_21_fu_10458_p3  |    select|   0|  0|   10|           1|           8|
    |top_exponent_assign_25_fu_8628_p3   |    select|   0|  0|   10|           1|           8|
    |top_exponent_assign_29_fu_11030_p3  |    select|   0|  0|   10|           1|           8|
    |top_exponent_assign_5_fu_9309_p3    |    select|   0|  0|   10|           1|           8|
    |top_exponent_assign_9_fu_7164_p3    |    select|   0|  0|   10|           1|           8|
    |top_exponent_fu_6922_p3             |    select|   0|  0|   10|           1|          10|
    |value_lsb_exponent_7_fu_5004_p3     |    select|   0|  0|    9|           1|           9|
    |value_lsb_exponent_8_fu_5320_p3     |    select|   0|  0|    9|           1|           9|
    |value_lsb_exponent_9_fu_5952_p3     |    select|   0|  0|    9|           1|           9|
    |value_lsb_exponent_fu_5636_p3       |    select|   0|  0|    9|           1|           9|
    |product_normalized_16_fu_5496_p2    |       shl|   0|  0|  149|          48|          48|
    |product_normalized_17_fu_5812_p2    |       shl|   0|  0|  149|          48|          48|
    |product_normalized_18_fu_6128_p2    |       shl|   0|  0|  149|          48|          48|
    |product_normalized_fu_5180_p2       |       shl|   0|  0|  149|          48|          48|
    |shl_ln120_1_fu_5524_p2              |       shl|   0|  0|   62|          24|          24|
    |shl_ln120_2_fu_5840_p2              |       shl|   0|  0|   62|          24|          24|
    |shl_ln120_3_fu_6156_p2              |       shl|   0|  0|   62|          24|          24|
    |shl_ln120_fu_5208_p2                |       shl|   0|  0|   62|          24|          24|
    |shl_ln372_1_fu_2172_p2              |       shl|   0|  0|   92|          32|          32|
    |shl_ln372_2_fu_2816_p2              |       shl|   0|  0|   92|          32|          32|
    |shl_ln372_3_fu_3460_p2              |       shl|   0|  0|   92|          32|          32|
    |shl_ln372_fu_1528_p2                |       shl|   0|  0|   92|          32|          32|
    |shl_ln379_1_fu_2234_p2              |       shl|   0|  0|   62|          24|          24|
    |shl_ln379_2_fu_2878_p2              |       shl|   0|  0|   62|          24|          24|
    |shl_ln379_3_fu_3522_p2              |       shl|   0|  0|   62|          24|          24|
    |shl_ln379_fu_1590_p2                |       shl|   0|  0|   62|          24|          24|
    |shl_ln381_1_fu_2252_p2              |       shl|   0|  0|   92|           1|          32|
    |shl_ln381_2_fu_2896_p2              |       shl|   0|  0|   92|           1|          32|
    |shl_ln381_3_fu_3540_p2              |       shl|   0|  0|   92|           1|          32|
    |shl_ln381_fu_1608_p2                |       shl|   0|  0|   92|           1|          32|
    |shl_ln402_1_fu_4254_p2              |       shl|   0|  0|   62|          24|          24|
    |shl_ln402_2_fu_4481_p2              |       shl|   0|  0|   62|          24|          24|
    |shl_ln402_3_fu_4708_p2              |       shl|   0|  0|   62|          24|          24|
    |shl_ln402_fu_4027_p2                |       shl|   0|  0|   62|          24|          24|
    |shl_ln412_1_fu_2590_p2              |       shl|   0|  0|   92|          32|          32|
    |shl_ln412_2_fu_3234_p2              |       shl|   0|  0|   92|          32|          32|
    |shl_ln412_3_fu_3878_p2              |       shl|   0|  0|   92|          32|          32|
    |shl_ln412_fu_1946_p2                |       shl|   0|  0|   92|          32|          32|
    |shl_ln415_1_fu_2661_p2              |       shl|   0|  0|   62|          24|          24|
    |shl_ln415_2_fu_3305_p2              |       shl|   0|  0|   62|          24|          24|
    |shl_ln415_3_fu_3949_p2              |       shl|   0|  0|   62|          24|          24|
    |shl_ln415_fu_2017_p2                |       shl|   0|  0|   62|          24|          24|
    |significand_107_fu_9084_p2          |       shl|   0|  0|  155|          51|          51|
    |significand_83_fu_6888_p2           |       shl|   0|  0|  155|          51|          51|
    |significand_91_fu_7620_p2           |       shl|   0|  0|  155|          51|          51|
    |significand_99_fu_8352_p2           |       shl|   0|  0|  155|          51|          51|
    |ap_enable_pp0                       |       xor|   0|  0|    2|           1|           2|
    |product_sign_16_fu_4440_p2          |       xor|   0|  0|    2|           1|           1|
    |product_sign_17_fu_4667_p2          |       xor|   0|  0|    2|           1|           1|
    |product_sign_18_fu_4894_p2          |       xor|   0|  0|    2|           1|           1|
    |product_sign_fu_4213_p2             |       xor|   0|  0|    2|           1|           1|
    |xor_ln139_1_fu_10172_p2             |       xor|   0|  0|    2|           1|           2|
    |xor_ln139_2_fu_10744_p2             |       xor|   0|  0|    2|           1|           2|
    |xor_ln139_3_fu_11316_p2             |       xor|   0|  0|    2|           1|           2|
    |xor_ln139_fu_9595_p2                |       xor|   0|  0|    2|           1|           2|
    |xor_ln169_1_fu_5449_p2              |       xor|   0|  0|    2|           1|           1|
    |xor_ln169_2_fu_5765_p2              |       xor|   0|  0|    2|           1|           1|
    |xor_ln169_3_fu_6081_p2              |       xor|   0|  0|    2|           1|           1|
    |xor_ln169_4_fu_9507_p2              |       xor|   0|  0|    2|           1|           2|
    |xor_ln169_5_fu_10084_p2             |       xor|   0|  0|    2|           1|           2|
    |xor_ln169_6_fu_10656_p2             |       xor|   0|  0|    2|           1|           2|
    |xor_ln169_7_fu_11228_p2             |       xor|   0|  0|    2|           1|           2|
    |xor_ln169_fu_5133_p2                |       xor|   0|  0|    2|           1|           1|
    |xor_ln178_1_fu_10124_p2             |       xor|   0|  0|    2|           1|           2|
    |xor_ln178_2_fu_10696_p2             |       xor|   0|  0|    2|           1|           2|
    |xor_ln178_3_fu_11268_p2             |       xor|   0|  0|    2|           1|           2|
    |xor_ln178_fu_9547_p2                |       xor|   0|  0|    2|           1|           2|
    |xor_ln180_1_fu_6940_p2              |       xor|   0|  0|    2|           1|           2|
    |xor_ln180_2_fu_7672_p2              |       xor|   0|  0|    2|           1|           2|
    |xor_ln180_3_fu_8404_p2              |       xor|   0|  0|    2|           1|           2|
    |xor_ln180_fu_6208_p2                |       xor|   0|  0|    2|           1|           2|
    |xor_ln21_1_fu_10156_p2              |       xor|   0|  0|    2|           1|           2|
    |xor_ln21_2_fu_10728_p2              |       xor|   0|  0|    2|           1|           2|
    |xor_ln21_3_fu_11300_p2              |       xor|   0|  0|    2|           1|           2|
    |xor_ln21_fu_9579_p2                 |       xor|   0|  0|    2|           1|           2|
    |xor_ln22_1_fu_10103_p2              |       xor|   0|  0|    2|           1|           2|
    |xor_ln22_2_fu_10675_p2              |       xor|   0|  0|    2|           1|           2|
    |xor_ln22_3_fu_11247_p2              |       xor|   0|  0|    2|           1|           2|
    |xor_ln22_fu_9526_p2                 |       xor|   0|  0|    2|           1|           2|
    |xor_ln262_fu_9685_p2                |       xor|   0|  0|    2|           1|           2|
    |xor_ln370_1_fu_2146_p2              |       xor|   0|  0|    2|           1|           2|
    |xor_ln370_2_fu_2790_p2              |       xor|   0|  0|    2|           1|           2|
    |xor_ln370_3_fu_3434_p2              |       xor|   0|  0|    2|           1|           2|
    |xor_ln370_fu_1502_p2                |       xor|   0|  0|    2|           1|           2|
    |xor_ln50_1_fu_6713_p2               |       xor|   0|  0|    2|           1|           2|
    |xor_ln50_2_fu_7195_p2               |       xor|   0|  0|    2|           1|           2|
    |xor_ln50_3_fu_7445_p2               |       xor|   0|  0|    2|           1|           2|
    |xor_ln50_4_fu_7927_p2               |       xor|   0|  0|    2|           1|           2|
    |xor_ln50_5_fu_8177_p2               |       xor|   0|  0|    2|           1|           2|
    |xor_ln50_6_fu_8659_p2               |       xor|   0|  0|    2|           1|           2|
    |xor_ln50_7_fu_8909_p2               |       xor|   0|  0|    2|           1|           2|
    |xor_ln50_fu_6463_p2                 |       xor|   0|  0|    2|           1|           2|
    |xor_ln72_1_fu_9276_p2               |       xor|   0|  0|    2|           1|           2|
    |xor_ln72_2_fu_7130_p2               |       xor|   0|  0|    2|           1|           2|
    |xor_ln72_3_fu_9853_p2               |       xor|   0|  0|    2|           1|           2|
    |xor_ln72_4_fu_7862_p2               |       xor|   0|  0|    2|           1|           2|
    |xor_ln72_5_fu_10425_p2              |       xor|   0|  0|    2|           1|           2|
    |xor_ln72_6_fu_8594_p2               |       xor|   0|  0|    2|           1|           2|
    |xor_ln72_7_fu_10997_p2              |       xor|   0|  0|    2|           1|           2|
    |xor_ln72_fu_6398_p2                 |       xor|   0|  0|    2|           1|           2|
    |xor_ln86_1_fu_9613_p2               |       xor|   0|  0|    2|           1|           2|
    |xor_ln86_2_fu_10140_p2              |       xor|   0|  0|    2|           1|           2|
    |xor_ln86_3_fu_10190_p2              |       xor|   0|  0|    2|           1|           2|
    |xor_ln86_4_fu_10712_p2              |       xor|   0|  0|    2|           1|           2|
    |xor_ln86_5_fu_10762_p2              |       xor|   0|  0|    2|           1|           2|
    |xor_ln86_6_fu_11284_p2              |       xor|   0|  0|    2|           1|           2|
    |xor_ln86_7_fu_11334_p2              |       xor|   0|  0|    2|           1|           2|
    |xor_ln86_fu_9563_p2                 |       xor|   0|  0|    2|           1|           2|
    +------------------------------------+----------+----+---+-----+------------+------------+
    |Total                               |          |   0|  0|20606|        8985|        8523|
    +------------------------------------+----------+----+---+-----+------------+------------+

    * Multiplexer: 
    +------------------------------------------------------+-----+-----------+-----+-----------+
    |                         Name                         | LUT | Input Size| Bits| Total Bits|
    +------------------------------------------------------+-----+-----------+-----+-----------+
    |ap_phi_mux_computed_1_phi_fu_1339_p4                  |    9|          2|   32|         64|
    |ap_phi_mux_computed_2_phi_fu_1349_p4                  |    9|          2|   32|         64|
    |ap_phi_mux_computed_3_phi_fu_1359_p4                  |    9|          2|   32|         64|
    |ap_phi_mux_computed_phi_fu_1329_p4                    |    9|          2|   32|         64|
    |ap_phi_mux_piece_value_10_phi_fu_581_p6               |   20|          4|   31|        124|
    |ap_phi_mux_piece_value_1_phi_fu_545_p6                |   20|          4|   31|        124|
    |ap_phi_mux_piece_value_4_phi_fu_557_p6                |   20|          4|   31|        124|
    |ap_phi_mux_piece_value_7_phi_fu_569_p6                |   20|          4|   31|        124|
    |ap_phi_mux_prepared_fractional_2_phi_fu_829_p8        |    9|          2|   32|         64|
    |ap_phi_mux_prepared_fractional_3_phi_fu_963_p8        |    9|          2|   32|         64|
    |ap_phi_mux_prepared_fractional_4_phi_fu_1097_p8       |    9|          2|   32|         64|
    |ap_phi_mux_prepared_fractional_phi_fu_695_p8          |    9|          2|   32|         64|
    |ap_phi_mux_prepared_slope_7_phi_fu_711_p8             |    9|          2|   32|         64|
    |ap_phi_mux_prepared_slope_8_phi_fu_845_p8             |    9|          2|   32|         64|
    |ap_phi_mux_prepared_slope_9_phi_fu_1113_p8            |    9|          2|   32|         64|
    |ap_phi_mux_prepared_slope_phi_fu_979_p8               |    9|          2|   32|         64|
    |ap_phi_reg_pp0_iter1_highest_bit_1_i_1_23_ph_reg_724  |  123|         25|    5|        125|
    |ap_phi_reg_pp0_iter1_highest_bit_1_i_23_ph_reg_590    |  123|         25|    5|        125|
    |ap_phi_reg_pp0_iter1_highest_bit_1_i_2_23_ph_reg_858  |  123|         25|    5|        125|
    |ap_phi_reg_pp0_iter1_highest_bit_1_i_3_23_ph_reg_992  |  123|         25|    5|        125|
    |ap_phi_reg_pp0_iter1_prepared_force_zero_38_reg_1258  |   14|          3|    1|          3|
    |ap_phi_reg_pp0_iter1_prepared_force_zero_39_reg_1275  |   14|          3|    1|          3|
    |ap_phi_reg_pp0_iter1_prepared_force_zero_40_reg_1292  |   14|          3|    1|          3|
    |ap_phi_reg_pp0_iter1_prepared_force_zero_reg_1309     |   14|          3|    1|          3|
    |ap_phi_reg_pp0_iter1_prepared_fractional_2_reg_825    |   14|          3|   32|         96|
    |ap_phi_reg_pp0_iter1_prepared_fractional_3_reg_959    |   14|          3|   32|         96|
    |ap_phi_reg_pp0_iter1_prepared_fractional_4_reg_1093   |   14|          3|   32|         96|
    |ap_phi_reg_pp0_iter1_prepared_fractional_reg_691      |   14|          3|   32|         96|
    |ap_phi_reg_pp0_iter1_prepared_integer_38_reg_1143     |   20|          4|   32|        128|
    |ap_phi_reg_pp0_iter1_prepared_integer_39_reg_1176     |   20|          4|   32|        128|
    |ap_phi_reg_pp0_iter1_prepared_integer_40_reg_1209     |   20|          4|   32|        128|
    |ap_phi_reg_pp0_iter1_prepared_integer_reg_1242        |   20|          4|   32|        128|
    |ap_phi_reg_pp0_iter1_prepared_intercept_7_reg_1126    |    9|          2|   32|         64|
    |ap_phi_reg_pp0_iter1_prepared_intercept_8_reg_1159    |    9|          2|   32|         64|
    |ap_phi_reg_pp0_iter1_prepared_intercept_9_reg_1225    |    9|          2|   32|         64|
    |ap_phi_reg_pp0_iter1_prepared_intercept_reg_1192      |    9|          2|   32|         64|
    |ap_phi_reg_pp0_iter1_prepared_slope_7_reg_707         |    9|          2|   32|         64|
    |ap_phi_reg_pp0_iter1_prepared_slope_8_reg_841         |    9|          2|   32|         64|
    |ap_phi_reg_pp0_iter1_prepared_slope_9_reg_1109        |    9|          2|   32|         64|
    |ap_phi_reg_pp0_iter1_prepared_slope_reg_975           |    9|          2|   32|         64|
    |ap_phi_reg_pp0_iter2_prepared_force_zero_38_reg_1258  |    9|          2|    1|          2|
    |ap_phi_reg_pp0_iter2_prepared_force_zero_39_reg_1275  |    9|          2|    1|          2|
    |ap_phi_reg_pp0_iter2_prepared_force_zero_40_reg_1292  |    9|          2|    1|          2|
    |ap_phi_reg_pp0_iter2_prepared_force_zero_reg_1309     |    9|          2|    1|          2|
    |ap_phi_reg_pp0_iter2_prepared_integer_38_reg_1143     |    9|          2|   32|         64|
    |ap_phi_reg_pp0_iter2_prepared_integer_39_reg_1176     |    9|          2|   32|         64|
    |ap_phi_reg_pp0_iter2_prepared_integer_40_reg_1209     |    9|          2|   32|         64|
    |ap_phi_reg_pp0_iter2_prepared_integer_reg_1242        |    9|          2|   32|         64|
    |ap_phi_reg_pp0_iter2_prepared_intercept_7_reg_1126    |    9|          2|   32|         64|
    |ap_phi_reg_pp0_iter2_prepared_intercept_8_reg_1159    |    9|          2|   32|         64|
    |ap_phi_reg_pp0_iter2_prepared_intercept_9_reg_1225    |    9|          2|   32|         64|
    |ap_phi_reg_pp0_iter2_prepared_intercept_reg_1192      |    9|          2|   32|         64|
    |ap_phi_reg_pp0_iter6_computed_1_reg_1336              |    9|          2|   32|         64|
    |ap_phi_reg_pp0_iter6_computed_2_reg_1346              |    9|          2|   32|         64|
    |ap_phi_reg_pp0_iter6_computed_3_reg_1356              |    9|          2|   32|         64|
    |ap_phi_reg_pp0_iter6_computed_reg_1326                |    9|          2|   32|         64|
    +------------------------------------------------------+-----+-----------+-----+-----------+
    |Total                                                 | 1088|        228| 1432|       3960|
    +------------------------------------------------------+-----+-----------+-----+-----------+

    * Register: 
    +------------------------------------------------------+----+----+-----+-----------+
    |                         Name                         | FF | LUT| Bits| Const Bits|
    +------------------------------------------------------+----+----+-----+-----------+
    |ap_CS_fsm                                             |   1|   0|    1|          0|
    |ap_enable_reg_pp0_iter1                               |   1|   0|    1|          0|
    |ap_enable_reg_pp0_iter2                               |   1|   0|    1|          0|
    |ap_enable_reg_pp0_iter3                               |   1|   0|    1|          0|
    |ap_enable_reg_pp0_iter4                               |   1|   0|    1|          0|
    |ap_enable_reg_pp0_iter5                               |   1|   0|    1|          0|
    |ap_enable_reg_pp0_iter6                               |   1|   0|    1|          0|
    |ap_enable_reg_pp0_iter7                               |   1|   0|    1|          0|
    |ap_phi_reg_pp0_iter1_computed_1_reg_1336              |  32|   0|   32|          0|
    |ap_phi_reg_pp0_iter1_computed_2_reg_1346              |  32|   0|   32|          0|
    |ap_phi_reg_pp0_iter1_computed_3_reg_1356              |  32|   0|   32|          0|
    |ap_phi_reg_pp0_iter1_computed_reg_1326                |  32|   0|   32|          0|
    |ap_phi_reg_pp0_iter1_highest_bit_1_i_1_23_ph_reg_724  |   5|   0|    5|          0|
    |ap_phi_reg_pp0_iter1_highest_bit_1_i_23_ph_reg_590    |   5|   0|    5|          0|
    |ap_phi_reg_pp0_iter1_highest_bit_1_i_2_23_ph_reg_858  |   5|   0|    5|          0|
    |ap_phi_reg_pp0_iter1_highest_bit_1_i_3_23_ph_reg_992  |   5|   0|    5|          0|
    |ap_phi_reg_pp0_iter1_prepared_force_zero_38_reg_1258  |   1|   0|    1|          0|
    |ap_phi_reg_pp0_iter1_prepared_force_zero_39_reg_1275  |   1|   0|    1|          0|
    |ap_phi_reg_pp0_iter1_prepared_force_zero_40_reg_1292  |   1|   0|    1|          0|
    |ap_phi_reg_pp0_iter1_prepared_force_zero_reg_1309     |   1|   0|    1|          0|
    |ap_phi_reg_pp0_iter1_prepared_fractional_2_reg_825    |  32|   0|   32|          0|
    |ap_phi_reg_pp0_iter1_prepared_fractional_3_reg_959    |  32|   0|   32|          0|
    |ap_phi_reg_pp0_iter1_prepared_fractional_4_reg_1093   |  32|   0|   32|          0|
    |ap_phi_reg_pp0_iter1_prepared_fractional_reg_691      |  32|   0|   32|          0|
    |ap_phi_reg_pp0_iter1_prepared_integer_38_reg_1143     |  32|   0|   32|          0|
    |ap_phi_reg_pp0_iter1_prepared_integer_39_reg_1176     |  32|   0|   32|          0|
    |ap_phi_reg_pp0_iter1_prepared_integer_40_reg_1209     |  32|   0|   32|          0|
    |ap_phi_reg_pp0_iter1_prepared_integer_reg_1242        |  32|   0|   32|          0|
    |ap_phi_reg_pp0_iter1_prepared_intercept_7_reg_1126    |  32|   0|   32|          0|
    |ap_phi_reg_pp0_iter1_prepared_intercept_8_reg_1159    |  32|   0|   32|          0|
    |ap_phi_reg_pp0_iter1_prepared_intercept_9_reg_1225    |  32|   0|   32|          0|
    |ap_phi_reg_pp0_iter1_prepared_intercept_reg_1192      |  32|   0|   32|          0|
    |ap_phi_reg_pp0_iter1_prepared_slope_7_reg_707         |  32|   0|   32|          0|
    |ap_phi_reg_pp0_iter1_prepared_slope_8_reg_841         |  32|   0|   32|          0|
    |ap_phi_reg_pp0_iter1_prepared_slope_9_reg_1109        |  32|   0|   32|          0|
    |ap_phi_reg_pp0_iter1_prepared_slope_reg_975           |  32|   0|   32|          0|
    |ap_phi_reg_pp0_iter2_computed_1_reg_1336              |  32|   0|   32|          0|
    |ap_phi_reg_pp0_iter2_computed_2_reg_1346              |  32|   0|   32|          0|
    |ap_phi_reg_pp0_iter2_computed_3_reg_1356              |  32|   0|   32|          0|
    |ap_phi_reg_pp0_iter2_computed_reg_1326                |  32|   0|   32|          0|
    |ap_phi_reg_pp0_iter2_prepared_force_zero_38_reg_1258  |   1|   0|    1|          0|
    |ap_phi_reg_pp0_iter2_prepared_force_zero_39_reg_1275  |   1|   0|    1|          0|
    |ap_phi_reg_pp0_iter2_prepared_force_zero_40_reg_1292  |   1|   0|    1|          0|
    |ap_phi_reg_pp0_iter2_prepared_force_zero_reg_1309     |   1|   0|    1|          0|
    |ap_phi_reg_pp0_iter2_prepared_integer_38_reg_1143     |  32|   0|   32|          0|
    |ap_phi_reg_pp0_iter2_prepared_integer_39_reg_1176     |  32|   0|   32|          0|
    |ap_phi_reg_pp0_iter2_prepared_integer_40_reg_1209     |  32|   0|   32|          0|
    |ap_phi_reg_pp0_iter2_prepared_integer_reg_1242        |  32|   0|   32|          0|
    |ap_phi_reg_pp0_iter2_prepared_intercept_7_reg_1126    |  32|   0|   32|          0|
    |ap_phi_reg_pp0_iter2_prepared_intercept_8_reg_1159    |  32|   0|   32|          0|
    |ap_phi_reg_pp0_iter2_prepared_intercept_9_reg_1225    |  32|   0|   32|          0|
    |ap_phi_reg_pp0_iter2_prepared_intercept_reg_1192      |  32|   0|   32|          0|
    |ap_phi_reg_pp0_iter3_computed_1_reg_1336              |  32|   0|   32|          0|
    |ap_phi_reg_pp0_iter3_computed_2_reg_1346              |  32|   0|   32|          0|
    |ap_phi_reg_pp0_iter3_computed_3_reg_1356              |  32|   0|   32|          0|
    |ap_phi_reg_pp0_iter3_computed_reg_1326                |  32|   0|   32|          0|
    |ap_phi_reg_pp0_iter3_prepared_force_zero_38_reg_1258  |   1|   0|    1|          0|
    |ap_phi_reg_pp0_iter3_prepared_force_zero_39_reg_1275  |   1|   0|    1|          0|
    |ap_phi_reg_pp0_iter3_prepared_force_zero_40_reg_1292  |   1|   0|    1|          0|
    |ap_phi_reg_pp0_iter3_prepared_force_zero_reg_1309     |   1|   0|    1|          0|
    |ap_phi_reg_pp0_iter4_computed_1_reg_1336              |  32|   0|   32|          0|
    |ap_phi_reg_pp0_iter4_computed_2_reg_1346              |  32|   0|   32|          0|
    |ap_phi_reg_pp0_iter4_computed_3_reg_1356              |  32|   0|   32|          0|
    |ap_phi_reg_pp0_iter4_computed_reg_1326                |  32|   0|   32|          0|
    |ap_phi_reg_pp0_iter4_prepared_force_zero_38_reg_1258  |   1|   0|    1|          0|
    |ap_phi_reg_pp0_iter4_prepared_force_zero_39_reg_1275  |   1|   0|    1|          0|
    |ap_phi_reg_pp0_iter4_prepared_force_zero_40_reg_1292  |   1|   0|    1|          0|
    |ap_phi_reg_pp0_iter4_prepared_force_zero_reg_1309     |   1|   0|    1|          0|
    |ap_phi_reg_pp0_iter5_computed_1_reg_1336              |  32|   0|   32|          0|
    |ap_phi_reg_pp0_iter5_computed_2_reg_1346              |  32|   0|   32|          0|
    |ap_phi_reg_pp0_iter5_computed_3_reg_1356              |  32|   0|   32|          0|
    |ap_phi_reg_pp0_iter5_computed_reg_1326                |  32|   0|   32|          0|
    |ap_phi_reg_pp0_iter5_prepared_force_zero_38_reg_1258  |   1|   0|    1|          0|
    |ap_phi_reg_pp0_iter5_prepared_force_zero_39_reg_1275  |   1|   0|    1|          0|
    |ap_phi_reg_pp0_iter5_prepared_force_zero_40_reg_1292  |   1|   0|    1|          0|
    |ap_phi_reg_pp0_iter5_prepared_force_zero_reg_1309     |   1|   0|    1|          0|
    |ap_phi_reg_pp0_iter6_computed_1_reg_1336              |  32|   0|   32|          0|
    |ap_phi_reg_pp0_iter6_computed_2_reg_1346              |  32|   0|   32|          0|
    |ap_phi_reg_pp0_iter6_computed_3_reg_1356              |  32|   0|   32|          0|
    |ap_phi_reg_pp0_iter6_computed_reg_1326                |  32|   0|   32|          0|
    |c_infinity_1_reg_12492                                |   1|   0|    1|          0|
    |c_infinity_1_reg_12492_pp0_iter4_reg                  |   1|   0|    1|          0|
    |c_infinity_2_reg_12571                                |   1|   0|    1|          0|
    |c_infinity_2_reg_12571_pp0_iter4_reg                  |   1|   0|    1|          0|
    |c_infinity_3_reg_12650                                |   1|   0|    1|          0|
    |c_infinity_3_reg_12650_pp0_iter4_reg                  |   1|   0|    1|          0|
    |c_infinity_reg_12413                                  |   1|   0|    1|          0|
    |c_infinity_reg_12413_pp0_iter4_reg                    |   1|   0|    1|          0|
    |c_sign_1_reg_12480                                    |   1|   0|    1|          0|
    |c_sign_2_reg_12559                                    |   1|   0|    1|          0|
    |c_sign_3_reg_12638                                    |   1|   0|    1|          0|
    |c_sign_reg_12401                                      |   1|   0|    1|          0|
    |c_zero_1_reg_12485                                    |   1|   0|    1|          0|
    |c_zero_1_reg_12485_pp0_iter4_reg                      |   1|   0|    1|          0|
    |c_zero_2_reg_12564                                    |   1|   0|    1|          0|
    |c_zero_2_reg_12564_pp0_iter4_reg                      |   1|   0|    1|          0|
    |c_zero_3_reg_12643                                    |   1|   0|    1|          0|
    |c_zero_3_reg_12643_pp0_iter4_reg                      |   1|   0|    1|          0|
    |c_zero_reg_12406                                      |   1|   0|    1|          0|
    |c_zero_reg_12406_pp0_iter4_reg                        |   1|   0|    1|          0|
    |data_150_reg_12396                                    |  32|   0|   32|          0|
    |data_150_reg_12396_pp0_iter4_reg                      |  32|   0|   32|          0|
    |data_154_reg_12475                                    |  32|   0|   32|          0|
    |data_154_reg_12475_pp0_iter4_reg                      |  32|   0|   32|          0|
    |data_158_reg_12554                                    |  32|   0|   32|          0|
    |data_158_reg_12554_pp0_iter4_reg                      |  32|   0|   32|          0|
    |data_162_reg_12633                                    |  32|   0|   32|          0|
    |data_162_reg_12633_pp0_iter4_reg                      |  32|   0|   32|          0|
    |exp2_mode_read_reg_11483                              |   1|   0|    1|          0|
    |exponent_112_reg_12097                                |   8|   0|    8|          0|
    |exponent_112_reg_12097_pp0_iter2_reg                  |   8|   0|    8|          0|
    |exponent_113_reg_12120                                |   8|   0|    8|          0|
    |exponent_113_reg_12120_pp0_iter2_reg                  |   8|   0|    8|          0|
    |exponent_116_reg_12168                                |   8|   0|    8|          0|
    |exponent_116_reg_12168_pp0_iter2_reg                  |   8|   0|    8|          0|
    |exponent_117_reg_12191                                |   8|   0|    8|          0|
    |exponent_117_reg_12191_pp0_iter2_reg                  |   8|   0|    8|          0|
    |exponent_120_reg_12239                                |   8|   0|    8|          0|
    |exponent_120_reg_12239_pp0_iter2_reg                  |   8|   0|    8|          0|
    |exponent_121_reg_12262                                |   8|   0|    8|          0|
    |exponent_121_reg_12262_pp0_iter2_reg                  |   8|   0|    8|          0|
    |exponent_124_reg_12310                                |   8|   0|    8|          0|
    |exponent_124_reg_12310_pp0_iter2_reg                  |   8|   0|    8|          0|
    |exponent_125_reg_12333                                |   8|   0|    8|          0|
    |exponent_125_reg_12333_pp0_iter2_reg                  |   8|   0|    8|          0|
    |exponent_bits_48_reg_11656                            |   8|   0|    8|          0|
    |exponent_bits_49_reg_11803                            |   8|   0|    8|          0|
    |exponent_bits_50_reg_11950                            |   8|   0|    8|          0|
    |exponent_bits_reg_11509                               |   8|   0|    8|          0|
    |grp_stageAccumulatorResult_fu_1398_ap_start_reg       |   1|   0|    1|          0|
    |icmp_ln123_1_reg_12542                                |   1|   0|    1|          0|
    |icmp_ln123_2_reg_12621                                |   1|   0|    1|          0|
    |icmp_ln123_3_reg_12700                                |   1|   0|    1|          0|
    |icmp_ln123_reg_12463                                  |   1|   0|    1|          0|
    |icmp_ln139_1_reg_12798                                |   1|   0|    1|          0|
    |icmp_ln139_2_reg_12851                                |   1|   0|    1|          0|
    |icmp_ln139_3_reg_12904                                |   1|   0|    1|          0|
    |icmp_ln139_reg_12745                                  |   1|   0|    1|          0|
    |icmp_ln21_12_reg_12245                                |   1|   0|    1|          0|
    |icmp_ln21_12_reg_12245_pp0_iter2_reg                  |   1|   0|    1|          0|
    |icmp_ln21_13_reg_12251                                |   1|   0|    1|          0|
    |icmp_ln21_13_reg_12251_pp0_iter2_reg                  |   1|   0|    1|          0|
    |icmp_ln21_14_reg_12268                                |   1|   0|    1|          0|
    |icmp_ln21_14_reg_12268_pp0_iter2_reg                  |   1|   0|    1|          0|
    |icmp_ln21_15_reg_12274                                |   1|   0|    1|          0|
    |icmp_ln21_15_reg_12274_pp0_iter2_reg                  |   1|   0|    1|          0|
    |icmp_ln21_18_reg_12316                                |   1|   0|    1|          0|
    |icmp_ln21_18_reg_12316_pp0_iter2_reg                  |   1|   0|    1|          0|
    |icmp_ln21_19_reg_12322                                |   1|   0|    1|          0|
    |icmp_ln21_19_reg_12322_pp0_iter2_reg                  |   1|   0|    1|          0|
    |icmp_ln21_1_reg_12109                                 |   1|   0|    1|          0|
    |icmp_ln21_1_reg_12109_pp0_iter2_reg                   |   1|   0|    1|          0|
    |icmp_ln21_20_reg_12339                                |   1|   0|    1|          0|
    |icmp_ln21_20_reg_12339_pp0_iter2_reg                  |   1|   0|    1|          0|
    |icmp_ln21_21_reg_12345                                |   1|   0|    1|          0|
    |icmp_ln21_21_reg_12345_pp0_iter2_reg                  |   1|   0|    1|          0|
    |icmp_ln21_2_reg_12126                                 |   1|   0|    1|          0|
    |icmp_ln21_2_reg_12126_pp0_iter2_reg                   |   1|   0|    1|          0|
    |icmp_ln21_3_reg_12132                                 |   1|   0|    1|          0|
    |icmp_ln21_3_reg_12132_pp0_iter2_reg                   |   1|   0|    1|          0|
    |icmp_ln21_6_reg_12174                                 |   1|   0|    1|          0|
    |icmp_ln21_6_reg_12174_pp0_iter2_reg                   |   1|   0|    1|          0|
    |icmp_ln21_7_reg_12180                                 |   1|   0|    1|          0|
    |icmp_ln21_7_reg_12180_pp0_iter2_reg                   |   1|   0|    1|          0|
    |icmp_ln21_8_reg_12197                                 |   1|   0|    1|          0|
    |icmp_ln21_8_reg_12197_pp0_iter2_reg                   |   1|   0|    1|          0|
    |icmp_ln21_9_reg_12203                                 |   1|   0|    1|          0|
    |icmp_ln21_9_reg_12203_pp0_iter2_reg                   |   1|   0|    1|          0|
    |icmp_ln21_reg_12103                                   |   1|   0|    1|          0|
    |icmp_ln21_reg_12103_pp0_iter2_reg                     |   1|   0|    1|          0|
    |icmp_ln23_10_reg_12351                                |   1|   0|    1|          0|
    |icmp_ln23_10_reg_12351_pp0_iter2_reg                  |   1|   0|    1|          0|
    |icmp_ln23_1_reg_12138                                 |   1|   0|    1|          0|
    |icmp_ln23_1_reg_12138_pp0_iter2_reg                   |   1|   0|    1|          0|
    |icmp_ln23_3_reg_12186                                 |   1|   0|    1|          0|
    |icmp_ln23_3_reg_12186_pp0_iter2_reg                   |   1|   0|    1|          0|
    |icmp_ln23_4_reg_12209                                 |   1|   0|    1|          0|
    |icmp_ln23_4_reg_12209_pp0_iter2_reg                   |   1|   0|    1|          0|
    |icmp_ln23_6_reg_12257                                 |   1|   0|    1|          0|
    |icmp_ln23_6_reg_12257_pp0_iter2_reg                   |   1|   0|    1|          0|
    |icmp_ln23_7_reg_12280                                 |   1|   0|    1|          0|
    |icmp_ln23_7_reg_12280_pp0_iter2_reg                   |   1|   0|    1|          0|
    |icmp_ln23_9_reg_12328                                 |   1|   0|    1|          0|
    |icmp_ln23_9_reg_12328_pp0_iter2_reg                   |   1|   0|    1|          0|
    |icmp_ln23_reg_12115                                   |   1|   0|    1|          0|
    |icmp_ln23_reg_12115_pp0_iter2_reg                     |   1|   0|    1|          0|
    |icmp_ln86_2_reg_12770                                 |   1|   0|    1|          0|
    |icmp_ln86_4_reg_12823                                 |   1|   0|    1|          0|
    |icmp_ln86_6_reg_12876                                 |   1|   0|    1|          0|
    |icmp_ln86_reg_12717                                   |   1|   0|    1|          0|
    |in_a_read_1_reg_11459                                 |  32|   0|   32|          0|
    |in_a_read_2_reg_11465                                 |  32|   0|   32|          0|
    |in_a_read_3_reg_11471                                 |  32|   0|   32|          0|
    |in_a_read_7_reg_11477                                 |  32|   0|   32|          0|
    |in_b_read_1_reg_11439                                 |  32|   0|   32|          0|
    |in_b_read_2_reg_11444                                 |  32|   0|   32|          0|
    |in_b_read_3_reg_11449                                 |  32|   0|   32|          0|
    |in_b_read_7_reg_11454                                 |  32|   0|   32|          0|
    |in_c_read_1_reg_11419                                 |  32|   0|   32|          0|
    |in_c_read_1_reg_11419_pp0_iter1_reg                   |  32|   0|   32|          0|
    |in_c_read_2_reg_11424                                 |  32|   0|   32|          0|
    |in_c_read_2_reg_11424_pp0_iter1_reg                   |  32|   0|   32|          0|
    |in_c_read_3_reg_11429                                 |  32|   0|   32|          0|
    |in_c_read_3_reg_11429_pp0_iter1_reg                   |  32|   0|   32|          0|
    |in_c_read_7_reg_11434                                 |  32|   0|   32|          0|
    |in_c_read_7_reg_11434_pp0_iter1_reg                   |  32|   0|   32|          0|
    |operand_c_47_reg_12381                                |  32|   0|   32|          0|
    |operand_c_48_reg_12386                                |  32|   0|   32|          0|
    |operand_c_49_reg_12391                                |  32|   0|   32|          0|
    |operand_c_reg_12376                                   |  32|   0|   32|          0|
    |operation_result_1_reg_12938                          |  32|   0|   32|          0|
    |operation_result_2_reg_12952                          |  32|   0|   32|          0|
    |operation_result_3_reg_12966                          |  32|   0|   32|          0|
    |operation_result_reg_12924                            |  32|   0|   32|          0|
    |or_ln169_14_reg_12626                                 |   1|   0|    1|          0|
    |or_ln169_14_reg_12626_pp0_iter4_reg                   |   1|   0|    1|          0|
    |or_ln169_19_reg_12705                                 |   1|   0|    1|          0|
    |or_ln169_19_reg_12705_pp0_iter4_reg                   |   1|   0|    1|          0|
    |or_ln169_4_reg_12468                                  |   1|   0|    1|          0|
    |or_ln169_4_reg_12468_pp0_iter4_reg                    |   1|   0|    1|          0|
    |or_ln169_9_reg_12547                                  |   1|   0|    1|          0|
    |or_ln169_9_reg_12547_pp0_iter4_reg                    |   1|   0|    1|          0|
    |or_ln178_1_reg_12509                                  |   1|   0|    1|          0|
    |or_ln178_1_reg_12509_pp0_iter4_reg                    |   1|   0|    1|          0|
    |or_ln178_2_reg_12588                                  |   1|   0|    1|          0|
    |or_ln178_2_reg_12588_pp0_iter4_reg                    |   1|   0|    1|          0|
    |or_ln178_3_reg_12667                                  |   1|   0|    1|          0|
    |or_ln178_3_reg_12667_pp0_iter4_reg                    |   1|   0|    1|          0|
    |or_ln178_reg_12430                                    |   1|   0|    1|          0|
    |or_ln178_reg_12430_pp0_iter4_reg                      |   1|   0|    1|          0|
    |or_ln262_1_reg_12943                                  |   1|   0|    1|          0|
    |or_ln262_2_reg_12957                                  |   1|   0|    1|          0|
    |or_ln262_3_reg_12971                                  |   1|   0|    1|          0|
    |or_ln262_reg_12929                                    |   1|   0|    1|          0|
    |prepared_integer_38_reg_1143                          |  32|   0|   32|          0|
    |prepared_integer_39_reg_1176                          |  32|   0|   32|          0|
    |prepared_integer_40_reg_1209                          |  32|   0|   32|          0|
    |prepared_integer_reg_1242                             |  32|   0|   32|          0|
    |product_infinity_16_reg_12497                         |   1|   0|    1|          0|
    |product_infinity_16_reg_12497_pp0_iter4_reg           |   1|   0|    1|          0|
    |product_infinity_17_reg_12576                         |   1|   0|    1|          0|
    |product_infinity_17_reg_12576_pp0_iter4_reg           |   1|   0|    1|          0|
    |product_infinity_18_reg_12655                         |   1|   0|    1|          0|
    |product_infinity_18_reg_12655_pp0_iter4_reg           |   1|   0|    1|          0|
    |product_infinity_reg_12418                            |   1|   0|    1|          0|
    |product_infinity_reg_12418_pp0_iter4_reg              |   1|   0|    1|          0|
    |product_normalized_16_reg_12524                       |  48|   0|   48|          0|
    |product_normalized_17_reg_12603                       |  48|   0|   48|          0|
    |product_normalized_18_reg_12682                       |  48|   0|   48|          0|
    |product_normalized_reg_12445                          |  48|   0|   48|          0|
    |product_sign_16_reg_12214                             |   1|   0|    1|          0|
    |product_sign_17_reg_12285                             |   1|   0|    1|          0|
    |product_sign_18_reg_12356                             |   1|   0|    1|          0|
    |product_sign_reg_12143                                |   1|   0|    1|          0|
    |product_top_16_reg_12515                              |  10|   0|   10|          0|
    |product_top_17_reg_12594                              |  10|   0|   10|          0|
    |product_top_18_reg_12673                              |  10|   0|   10|          0|
    |product_top_reg_12436                                 |  10|   0|   10|          0|
    |pwl_integer_7_reg_11528                               |  32|   0|   32|          0|
    |pwl_integer_8_reg_11675                               |  32|   0|   32|          0|
    |pwl_integer_9_reg_11969                               |  32|   0|   32|          0|
    |pwl_integer_reg_11822                                 |  32|   0|   32|          0|
    |remainder_64_reg_11523                                |  24|   0|   24|          0|
    |remainder_66_reg_11670                                |  24|   0|   24|          0|
    |remainder_68_reg_11817                                |  24|   0|   24|          0|
    |remainder_70_reg_11964                                |  24|   0|   24|          0|
    |sext_ln119_1_reg_12530                                |  10|   0|   10|          0|
    |sext_ln119_2_reg_12609                                |  10|   0|   10|          0|
    |sext_ln119_3_reg_12688                                |  10|   0|   10|          0|
    |sext_ln119_reg_12451                                  |  10|   0|   10|          0|
    |shl_ln120_1_reg_12536                                 |  24|   0|   24|          0|
    |shl_ln120_2_reg_12615                                 |  24|   0|   24|          0|
    |shl_ln120_3_reg_12694                                 |  24|   0|   24|          0|
    |shl_ln120_reg_12457                                   |  24|   0|   24|          0|
    |sign_49_reg_12738                                     |   1|   0|    1|          0|
    |sign_50_reg_11651                                     |   1|   0|    1|          0|
    |sign_53_reg_12791                                     |   1|   0|    1|          0|
    |sign_54_reg_11798                                     |   1|   0|    1|          0|
    |sign_57_reg_12844                                     |   1|   0|    1|          0|
    |sign_58_reg_11945                                     |   1|   0|    1|          0|
    |sign_61_reg_12897                                     |   1|   0|    1|          0|
    |sign_reg_11504                                        |   1|   0|    1|          0|
    |significand_111_reg_12751                             |  51|   0|   51|          0|
    |significand_112_reg_12804                             |  51|   0|   51|          0|
    |significand_113_reg_12857                             |  51|   0|   51|          0|
    |significand_114_reg_12910                             |  51|   0|   51|          0|
    |tmp_1002_reg_11975                                    |   1|   0|    1|          0|
    |tmp_1003_reg_11979                                    |   1|   0|    1|          0|
    |tmp_1004_reg_11983                                    |   1|   0|    1|          0|
    |tmp_1005_reg_11987                                    |   1|   0|    1|          0|
    |tmp_1006_reg_11991                                    |   1|   0|    1|          0|
    |tmp_1007_reg_11995                                    |   1|   0|    1|          0|
    |tmp_1008_reg_11999                                    |   1|   0|    1|          0|
    |tmp_1009_reg_12003                                    |   1|   0|    1|          0|
    |tmp_1010_reg_12007                                    |   1|   0|    1|          0|
    |tmp_1011_reg_12011                                    |   1|   0|    1|          0|
    |tmp_1012_reg_12015                                    |   1|   0|    1|          0|
    |tmp_1013_reg_12019                                    |   1|   0|    1|          0|
    |tmp_1014_reg_12023                                    |   1|   0|    1|          0|
    |tmp_1015_reg_12027                                    |   1|   0|    1|          0|
    |tmp_1016_reg_12031                                    |   1|   0|    1|          0|
    |tmp_1017_reg_12035                                    |   1|   0|    1|          0|
    |tmp_1018_reg_12039                                    |   1|   0|    1|          0|
    |tmp_1019_reg_12043                                    |   1|   0|    1|          0|
    |tmp_1020_reg_12047                                    |   1|   0|    1|          0|
    |tmp_1021_reg_12051                                    |   1|   0|    1|          0|
    |tmp_1022_reg_12055                                    |   1|   0|    1|          0|
    |tmp_1023_reg_12059                                    |   1|   0|    1|          0|
    |tmp_1024_reg_12063                                    |   1|   0|    1|          0|
    |tmp_1041_reg_12882                                    |   1|   0|    1|          0|
    |tmp_834_reg_11534                                     |   1|   0|    1|          0|
    |tmp_835_reg_11538                                     |   1|   0|    1|          0|
    |tmp_836_reg_11542                                     |   1|   0|    1|          0|
    |tmp_837_reg_11546                                     |   1|   0|    1|          0|
    |tmp_838_reg_11550                                     |   1|   0|    1|          0|
    |tmp_839_reg_11554                                     |   1|   0|    1|          0|
    |tmp_840_reg_11558                                     |   1|   0|    1|          0|
    |tmp_841_reg_11562                                     |   1|   0|    1|          0|
    |tmp_842_reg_11566                                     |   1|   0|    1|          0|
    |tmp_843_reg_11570                                     |   1|   0|    1|          0|
    |tmp_844_reg_11574                                     |   1|   0|    1|          0|
    |tmp_845_reg_11578                                     |   1|   0|    1|          0|
    |tmp_846_reg_11582                                     |   1|   0|    1|          0|
    |tmp_847_reg_11586                                     |   1|   0|    1|          0|
    |tmp_848_reg_11590                                     |   1|   0|    1|          0|
    |tmp_849_reg_11594                                     |   1|   0|    1|          0|
    |tmp_851_reg_11598                                     |   1|   0|    1|          0|
    |tmp_852_reg_11602                                     |   1|   0|    1|          0|
    |tmp_853_reg_11606                                     |   1|   0|    1|          0|
    |tmp_854_reg_11610                                     |   1|   0|    1|          0|
    |tmp_855_reg_11614                                     |   1|   0|    1|          0|
    |tmp_856_reg_11618                                     |   1|   0|    1|          0|
    |tmp_857_reg_11622                                     |   1|   0|    1|          0|
    |tmp_874_reg_12723                                     |   1|   0|    1|          0|
    |tmp_890_reg_11681                                     |   1|   0|    1|          0|
    |tmp_891_reg_11685                                     |   1|   0|    1|          0|
    |tmp_892_reg_11689                                     |   1|   0|    1|          0|
    |tmp_893_reg_11693                                     |   1|   0|    1|          0|
    |tmp_894_reg_11697                                     |   1|   0|    1|          0|
    |tmp_895_reg_11701                                     |   1|   0|    1|          0|
    |tmp_896_reg_11705                                     |   1|   0|    1|          0|
    |tmp_897_reg_11709                                     |   1|   0|    1|          0|
    |tmp_898_reg_11713                                     |   1|   0|    1|          0|
    |tmp_899_reg_11717                                     |   1|   0|    1|          0|
    |tmp_900_reg_11721                                     |   1|   0|    1|          0|
    |tmp_902_reg_11725                                     |   1|   0|    1|          0|
    |tmp_903_reg_11729                                     |   1|   0|    1|          0|
    |tmp_904_reg_11733                                     |   1|   0|    1|          0|
    |tmp_905_reg_11737                                     |   1|   0|    1|          0|
    |tmp_906_reg_11741                                     |   1|   0|    1|          0|
    |tmp_907_reg_11745                                     |   1|   0|    1|          0|
    |tmp_908_reg_11749                                     |   1|   0|    1|          0|
    |tmp_909_reg_11753                                     |   1|   0|    1|          0|
    |tmp_910_reg_11757                                     |   1|   0|    1|          0|
    |tmp_911_reg_11761                                     |   1|   0|    1|          0|
    |tmp_912_reg_11765                                     |   1|   0|    1|          0|
    |tmp_913_reg_11769                                     |   1|   0|    1|          0|
    |tmp_930_reg_12776                                     |   1|   0|    1|          0|
    |tmp_946_reg_11828                                     |   1|   0|    1|          0|
    |tmp_947_reg_11832                                     |   1|   0|    1|          0|
    |tmp_948_reg_11836                                     |   1|   0|    1|          0|
    |tmp_949_reg_11840                                     |   1|   0|    1|          0|
    |tmp_950_reg_11844                                     |   1|   0|    1|          0|
    |tmp_951_reg_11848                                     |   1|   0|    1|          0|
    |tmp_953_reg_11852                                     |   1|   0|    1|          0|
    |tmp_954_reg_11856                                     |   1|   0|    1|          0|
    |tmp_955_reg_11860                                     |   1|   0|    1|          0|
    |tmp_956_reg_11864                                     |   1|   0|    1|          0|
    |tmp_957_reg_11868                                     |   1|   0|    1|          0|
    |tmp_958_reg_11872                                     |   1|   0|    1|          0|
    |tmp_959_reg_11876                                     |   1|   0|    1|          0|
    |tmp_960_reg_11880                                     |   1|   0|    1|          0|
    |tmp_961_reg_11884                                     |   1|   0|    1|          0|
    |tmp_962_reg_11888                                     |   1|   0|    1|          0|
    |tmp_963_reg_11892                                     |   1|   0|    1|          0|
    |tmp_964_reg_11896                                     |   1|   0|    1|          0|
    |tmp_965_reg_11900                                     |   1|   0|    1|          0|
    |tmp_966_reg_11904                                     |   1|   0|    1|          0|
    |tmp_967_reg_11908                                     |   1|   0|    1|          0|
    |tmp_968_reg_11912                                     |   1|   0|    1|          0|
    |tmp_969_reg_11916                                     |   1|   0|    1|          0|
    |tmp_986_reg_12829                                     |   1|   0|    1|          0|
    |top_exponent_11_reg_12864                             |  10|   0|   10|          0|
    |top_exponent_15_reg_12917                             |  10|   0|   10|          0|
    |top_exponent_7_reg_12811                              |  10|   0|   10|          0|
    |top_exponent_reg_12758                                |  10|   0|   10|          0|
    |trunc_ln391_1_reg_11773                               |   1|   0|    1|          0|
    |trunc_ln391_2_reg_11920                               |   1|   0|    1|          0|
    |trunc_ln391_3_reg_12067                               |   1|   0|    1|          0|
    |trunc_ln391_reg_11626                                 |   1|   0|    1|          0|
    |trunc_ln400_1_reg_11777                               |   8|   0|    8|          0|
    |trunc_ln400_2_reg_11924                               |   8|   0|    8|          0|
    |trunc_ln400_3_reg_12071                               |   8|   0|    8|          0|
    |trunc_ln400_reg_11630                                 |   8|   0|    8|          0|
    |trunc_ln92_17_reg_12781                               |   8|   0|    8|          0|
    |trunc_ln92_19_reg_12834                               |   8|   0|    8|          0|
    |trunc_ln92_21_reg_12887                               |   8|   0|    8|          0|
    |trunc_ln92_reg_12728                                  |   8|   0|    8|          0|
    |trunc_ln94_2_reg_12786                                |  23|   0|   23|          0|
    |trunc_ln94_4_reg_12839                                |  23|   0|   23|          0|
    |trunc_ln94_6_reg_12892                                |  23|   0|   23|          0|
    |trunc_ln94_reg_12733                                  |  23|   0|   23|          0|
    |xor_ln169_1_reg_12503                                 |   1|   0|    1|          0|
    |xor_ln169_2_reg_12582                                 |   1|   0|    1|          0|
    |xor_ln169_3_reg_12661                                 |   1|   0|    1|          0|
    |xor_ln169_reg_12424                                   |   1|   0|    1|          0|
    |xor_ln180_1_reg_12765                                 |   1|   0|    1|          0|
    |xor_ln180_2_reg_12818                                 |   1|   0|    1|          0|
    |xor_ln180_3_reg_12871                                 |   1|   0|    1|          0|
    |xor_ln180_reg_12712                                   |   1|   0|    1|          0|
    |exp2_mode_read_reg_11483                              |  64|  32|    1|          0|
    |prepared_integer_38_reg_1143                          |  64|  32|   32|          0|
    |prepared_integer_39_reg_1176                          |  64|  32|   32|          0|
    |prepared_integer_40_reg_1209                          |  64|  32|   32|          0|
    |prepared_integer_reg_1242                             |  64|  32|   32|          0|
    |product_sign_16_reg_12214                             |  64|  32|    1|          0|
    |product_sign_17_reg_12285                             |  64|  32|    1|          0|
    |product_sign_18_reg_12356                             |  64|  32|    1|          0|
    |product_sign_reg_12143                                |  64|  32|    1|          0|
    +------------------------------------------------------+----+----+-----+-----------+
    |Total                                                 |4694| 288| 4251|          0|
    +------------------------------------------------------+----+----+-----+-----------+



================================================================
== Interface
================================================================
* Summary: 
+-------------+-----+-----+------------+-----------------------+--------------+
|  RTL Ports  | Dir | Bits|  Protocol  |     Source Object     |    C Type    |
+-------------+-----+-----+------------+-----------------------+--------------+
|ap_clk       |   in|    1|  ap_ctrl_hs|  runAccumulatorColumns|  return value|
|ap_rst       |   in|    1|  ap_ctrl_hs|  runAccumulatorColumns|  return value|
|ap_start     |   in|    1|  ap_ctrl_hs|  runAccumulatorColumns|  return value|
|ap_done      |  out|    1|  ap_ctrl_hs|  runAccumulatorColumns|  return value|
|ap_idle      |  out|    1|  ap_ctrl_hs|  runAccumulatorColumns|  return value|
|ap_ready     |  out|    1|  ap_ctrl_hs|  runAccumulatorColumns|  return value|
|ap_ce        |   in|    1|  ap_ctrl_hs|  runAccumulatorColumns|  return value|
|ap_return_0  |  out|   32|  ap_ctrl_hs|  runAccumulatorColumns|  return value|
|ap_return_1  |  out|   32|  ap_ctrl_hs|  runAccumulatorColumns|  return value|
|ap_return_2  |  out|   32|  ap_ctrl_hs|  runAccumulatorColumns|  return value|
|ap_return_3  |  out|   32|  ap_ctrl_hs|  runAccumulatorColumns|  return value|
|exp2_mode    |   in|    1|     ap_none|              exp2_mode|        scalar|
|in_a_read    |   in|   32|     ap_none|              in_a_read|        scalar|
|in_a_read_4  |   in|   32|     ap_none|            in_a_read_4|        scalar|
|in_a_read_5  |   in|   32|     ap_none|            in_a_read_5|        scalar|
|in_a_read_6  |   in|   32|     ap_none|            in_a_read_6|        scalar|
|in_b_read    |   in|   32|     ap_none|              in_b_read|        scalar|
|in_b_read_4  |   in|   32|     ap_none|            in_b_read_4|        scalar|
|in_b_read_5  |   in|   32|     ap_none|            in_b_read_5|        scalar|
|in_b_read_6  |   in|   32|     ap_none|            in_b_read_6|        scalar|
|in_c_read    |   in|   32|     ap_none|              in_c_read|        scalar|
|in_c_read_4  |   in|   32|     ap_none|            in_c_read_4|        scalar|
|in_c_read_5  |   in|   32|     ap_none|            in_c_read_5|        scalar|
|in_c_read_6  |   in|   32|     ap_none|            in_c_read_6|        scalar|
+-------------+-----+-----+------------+-----------------------+--------------+

