Copyright 1986-2022 Xilinx, Inc. All Rights Reserved. Copyright 2022-2024 Advanced Micro Devices, Inc. All Rights Reserved.
------------------------------------------------------------------------------------------------------------------------------------------------------------------------------------------------
| Tool Version      : Vivado v.2024.2 (lin64) Build 5239630 Fri Nov 08 22:34:34 MST 2024
| Date              : Sat Oct 10 20:21:06 2026
| Host              : lenovo-ThinkStation-P920 running 64-bit Ubuntu 24.04.3 LTS
| Command           : report_timing -delay_type max -path_type full_clock_expanded -max_paths 30 -file /home/zhangchenxuan/FSA_HLS/build/split_d_nm37_4a5c803_phys_ipbf/reports/setup_paths.rpt
| Design            : split_d_nm37_top
| Device            : xcvu37p_CIV-fsvh2892
| Speed File        : -2  PRODUCTION 1.30 05-01-2022
| Design State      : Routed
| Temperature Grade : E
------------------------------------------------------------------------------------------------------------------------------------------------------------------------------------------------

Timing Report

Slack (MET) :             0.261ns  (required time - arrival time)
  Source:                 u_bd/split_d_system_i/fsa_0/inst/grp_run_fu_161/grp_runController_fu_106/grp_runQueryTile_fu_142/runQueryBlock_1_U0/grp_runAccumulatorColumns_fu_551/icmp_ln123_reg_6488_reg[0]/C
                            (rising edge-triggered cell FDRE clocked by clk_out1_split_d_system_clk_wiz_0_0  {rise@0.000ns fall@5.000ns period=10.000ns})
  Destination:            u_bd/split_d_system_i/fsa_0/inst/grp_run_fu_161/grp_runController_fu_106/grp_runQueryTile_fu_142/runQueryBlock_1_U0/grp_runAccumulatorColumns_fu_551/top_exponent_reg_6644_reg[9]/D
                            (rising edge-triggered cell FDRE clocked by clk_out1_split_d_system_clk_wiz_0_0  {rise@0.000ns fall@5.000ns period=10.000ns})
  Path Group:             clk_out1_split_d_system_clk_wiz_0_0
  Path Type:              Setup (Max at Slow Process Corner)
  Requirement:            10.000ns  (clk_out1_split_d_system_clk_wiz_0_0 rise@10.000ns - clk_out1_split_d_system_clk_wiz_0_0 rise@0.000ns)
  Data Path Delay:        6.914ns  (logic 2.612ns (37.779%)  route 4.302ns (62.221%))
  Logic Levels:           31  (CARRY8=13 LUT2=2 LUT3=2 LUT5=7 LUT6=7)
  Clock Path Skew:        -0.081ns (DCD - SCD + CPR)
    Destination Clock Delay (DCD):    3.585ns = ( 13.585 - 10.000 ) 
    Source Clock Delay      (SCD):    3.255ns
    Clock Pessimism Removal (CPR):    -0.411ns
  Clock Uncertainty:      2.770ns  ((TSJ^2 + DJ^2)^1/2) / 2 + PE + UU
    Total System Jitter     (TSJ):    0.071ns
    Discrete Jitter          (DJ):    0.120ns
    Phase Error              (PE):    0.000ns
    User Uncertainty         (UU):    2.700ns
  Clock Net Delay (Source):      1.960ns (routing 0.581ns, distribution 1.379ns)
  Clock Net Delay (Destination): 1.746ns (routing 0.530ns, distribution 1.216ns)

    Location             Delay type                Incr(ns)  Path(ns)    Netlist Resource(s)
  -------------------------------------------------------------------    -------------------
                         (clock clk_out1_split_d_system_clk_wiz_0_0 rise edge)
                                                      0.000     0.000 r  
    BH42                                              0.000     0.000 r  board_clk_p (IN)
                         net (fo=0)                   0.100     0.100    u_board_clk/I
    HPIOBDIFFINBUF_X0Y36 DIFFINBUF (Prop_DIFFINBUF_HPIOBDIFFINBUF_DIFF_IN_P_O)
                                                      0.615     0.715 r  u_board_clk/DIFFINBUF_INST/O
                         net (fo=1, routed)           0.050     0.765    u_board_clk/OUT
    BH42                 IBUFCTRL (Prop_IBUFCTRL_HPIOB_M_I_O)
                                                      0.000     0.765 r  u_board_clk/IBUFCTRL_INST/O
                         net (fo=4, routed)           0.384     1.149    u_bd/split_d_system_i/clk_wiz_0/inst/clk_in1
    MMCM_X0Y1            MMCME4_ADV (Prop_MMCM_CLKIN1_CLKOUT0)
                                                     -0.127     1.022 r  u_bd/split_d_system_i/clk_wiz_0/inst/mmcme4_adv_inst/CLKOUT0
                         net (fo=1, routed)           0.245     1.267    u_bd/split_d_system_i/clk_wiz_0/inst/clk_out1_split_d_system_clk_wiz_0_0
    BUFGCE_X0Y24         BUFGCE (Prop_BUFCE_BUFGCE_I_O)
                                                      0.028     1.295 r  u_bd/split_d_system_i/clk_wiz_0/inst/clkout1_buf/O
    X3Y1 (CLOCK_ROOT)    net (fo=50729, routed)       1.960     3.255    u_bd/split_d_system_i/fsa_0/inst/grp_run_fu_161/grp_runController_fu_106/grp_runQueryTile_fu_142/runQueryBlock_1_U0/grp_runAccumulatorColumns_fu_551/ap_clk
    SLICE_X156Y230       FDRE                                         r  u_bd/split_d_system_i/fsa_0/inst/grp_run_fu_161/grp_runController_fu_106/grp_runQueryTile_fu_142/runQueryBlock_1_U0/grp_runAccumulatorColumns_fu_551/icmp_ln123_reg_6488_reg[0]/C
  -------------------------------------------------------------------    -------------------
    SLICE_X156Y230       FDRE (Prop_EFF_SLICEM_C_Q)
                                                      0.076     3.331 r  u_bd/split_d_system_i/fsa_0/inst/grp_run_fu_161/grp_runController_fu_106/grp_runQueryTile_fu_142/runQueryBlock_1_U0/grp_runAccumulatorColumns_fu_551/icmp_ln123_reg_6488_reg[0]/Q
                         net (fo=44, routed)          0.301     3.632    u_bd/split_d_system_i/fsa_0/inst/grp_run_fu_161/grp_runController_fu_106/grp_runQueryTile_fu_142/runQueryBlock_1_U0/grp_runAccumulatorColumns_fu_551/icmp_ln123_reg_6488
    SLICE_X155Y228       LUT3 (Prop_A6LUT_SLICEL_I1_O)
                                                      0.050     3.682 r  u_bd/split_d_system_i/fsa_0/inst/grp_run_fu_161/grp_runController_fu_106/grp_runQueryTile_fu_142/runQueryBlock_1_U0/grp_runAccumulatorColumns_fu_551/sign_25_reg_6624[0]_i_93__0/O
                         net (fo=1, routed)           0.009     3.691    u_bd/split_d_system_i/fsa_0/inst/grp_run_fu_161/grp_runController_fu_106/grp_runQueryTile_fu_142/runQueryBlock_1_U0/grp_runAccumulatorColumns_fu_551/sign_25_reg_6624[0]_i_93__0_n_0
    SLICE_X155Y228       CARRY8 (Prop_CARRY8_SLICEL_S[0]_O[1])
                                                      0.094     3.785 r  u_bd/split_d_system_i/fsa_0/inst/grp_run_fu_161/grp_runController_fu_106/grp_runQueryTile_fu_142/runQueryBlock_1_U0/grp_runAccumulatorColumns_fu_551/sign_25_reg_6624_reg[0]_i_48__0/O[1]
                         net (fo=66, routed)          0.451     4.236    u_bd/split_d_system_i/fsa_0/inst/grp_run_fu_161/grp_runController_fu_106/grp_runQueryTile_fu_142/runQueryBlock_1_U0/grp_runAccumulatorColumns_fu_551/zext_ln60_fu_3444_p1[1]
    SLICE_X153Y227       LUT6 (Prop_B6LUT_SLICEL_I2_O)
                                                      0.098     4.334 f  u_bd/split_d_system_i/fsa_0/inst/grp_run_fu_161/grp_runController_fu_106/grp_runQueryTile_fu_142/runQueryBlock_1_U0/grp_runAccumulatorColumns_fu_551/significand_59_reg_6637[46]_i_77__0/O
                         net (fo=4, routed)           0.216     4.550    u_bd/split_d_system_i/fsa_0/inst/grp_run_fu_161/grp_runController_fu_106/grp_runQueryTile_fu_142/runQueryBlock_1_U0/grp_runAccumulatorColumns_fu_551/significand_59_reg_6637[46]_i_77__0_n_0
    SLICE_X154Y225       LUT6 (Prop_H6LUT_SLICEM_I3_O)
                                                      0.053     4.603 f  u_bd/split_d_system_i/fsa_0/inst/grp_run_fu_161/grp_runController_fu_106/grp_runQueryTile_fu_142/runQueryBlock_1_U0/grp_runAccumulatorColumns_fu_551/significand_59_reg_6637[38]_i_66__0/O
                         net (fo=2, routed)           0.457     5.060    u_bd/split_d_system_i/fsa_0/inst/grp_run_fu_161/grp_runController_fu_106/grp_runQueryTile_fu_142/runQueryBlock_1_U0/grp_runAccumulatorColumns_fu_551/significand_59_reg_6637[38]_i_66__0_n_0
    SLICE_X155Y223       LUT3 (Prop_B6LUT_SLICEL_I0_O)
                                                      0.051     5.111 f  u_bd/split_d_system_i/fsa_0/inst/grp_run_fu_161/grp_runController_fu_106/grp_runQueryTile_fu_142/runQueryBlock_1_U0/grp_runAccumulatorColumns_fu_551/significand_59_reg_6637[22]_i_47__0/O
                         net (fo=3, routed)           0.259     5.370    u_bd/split_d_system_i/fsa_0/inst/grp_run_fu_161/grp_runController_fu_106/grp_runQueryTile_fu_142/runQueryBlock_1_U0/grp_runAccumulatorColumns_fu_551/significand_59_reg_6637[22]_i_47__0_n_0
    SLICE_X156Y222       LUT6 (Prop_D6LUT_SLICEM_I0_O)
                                                      0.145     5.515 r  u_bd/split_d_system_i/fsa_0/inst/grp_run_fu_161/grp_runController_fu_106/grp_runQueryTile_fu_142/runQueryBlock_1_U0/grp_runAccumulatorColumns_fu_551/sign_25_reg_6624[0]_i_127__0/O
                         net (fo=1, routed)           0.174     5.689    u_bd/split_d_system_i/fsa_0/inst/grp_run_fu_161/grp_runController_fu_106/grp_runQueryTile_fu_142/runQueryBlock_1_U0/grp_runAccumulatorColumns_fu_551/sign_25_reg_6624[0]_i_127__0_n_0
    SLICE_X157Y222       LUT6 (Prop_H6LUT_SLICEM_I0_O)
                                                      0.090     5.779 f  u_bd/split_d_system_i/fsa_0/inst/grp_run_fu_161/grp_runController_fu_106/grp_runQueryTile_fu_142/runQueryBlock_1_U0/grp_runAccumulatorColumns_fu_551/sign_25_reg_6624[0]_i_117__0/O
                         net (fo=1, routed)           0.100     5.879    u_bd/split_d_system_i/fsa_0/inst/grp_run_fu_161/grp_runController_fu_106/grp_runQueryTile_fu_142/runQueryBlock_1_U0/grp_runAccumulatorColumns_fu_551/sign_25_reg_6624[0]_i_117__0_n_0
    SLICE_X157Y224       LUT6 (Prop_H6LUT_SLICEM_I2_O)
                                                      0.053     5.932 r  u_bd/split_d_system_i/fsa_0/inst/grp_run_fu_161/grp_runController_fu_106/grp_runQueryTile_fu_142/runQueryBlock_1_U0/grp_runAccumulatorColumns_fu_551/sign_25_reg_6624[0]_i_69__0/O
                         net (fo=1, routed)           0.133     6.065    u_bd/split_d_system_i/fsa_0/inst/grp_run_fu_161/grp_runController_fu_106/grp_runQueryTile_fu_142/runQueryBlock_1_U0/grp_runAccumulatorColumns_fu_551/sign_25_reg_6624[0]_i_69__0_n_0
    SLICE_X158Y225       CARRY8 (Prop_CARRY8_SLICEL_DI[0]_CO[7])
                                                      0.131     6.196 r  u_bd/split_d_system_i/fsa_0/inst/grp_run_fu_161/grp_runController_fu_106/grp_runQueryTile_fu_142/runQueryBlock_1_U0/grp_runAccumulatorColumns_fu_551/sign_25_reg_6624_reg[0]_i_31__0/CO[7]
                         net (fo=1, routed)           0.026     6.222    u_bd/split_d_system_i/fsa_0/inst/grp_run_fu_161/grp_runController_fu_106/grp_runQueryTile_fu_142/runQueryBlock_1_U0/grp_runAccumulatorColumns_fu_551/sign_25_reg_6624_reg[0]_i_31__0_n_0
    SLICE_X158Y226       CARRY8 (Prop_CARRY8_SLICEL_CI_CO[7])
                                                      0.015     6.237 r  u_bd/split_d_system_i/fsa_0/inst/grp_run_fu_161/grp_runController_fu_106/grp_runQueryTile_fu_142/runQueryBlock_1_U0/grp_runAccumulatorColumns_fu_551/sign_25_reg_6624_reg[0]_i_8__0/CO[7]
                         net (fo=1, routed)           0.026     6.263    u_bd/split_d_system_i/fsa_0/inst/grp_run_fu_161/grp_runController_fu_106/grp_runQueryTile_fu_142/runQueryBlock_1_U0/grp_runAccumulatorColumns_fu_551/sign_25_reg_6624_reg[0]_i_8__0_n_0
    SLICE_X158Y227       CARRY8 (Prop_CARRY8_SLICEL_CI_CO[7])
                                                      0.015     6.278 r  u_bd/split_d_system_i/fsa_0/inst/grp_run_fu_161/grp_runController_fu_106/grp_runQueryTile_fu_142/runQueryBlock_1_U0/grp_runAccumulatorColumns_fu_551/sign_25_reg_6624_reg[0]_i_3__0/CO[7]
                         net (fo=1, routed)           0.026     6.304    u_bd/split_d_system_i/fsa_0/inst/grp_run_fu_161/grp_runController_fu_106/grp_runQueryTile_fu_142/runQueryBlock_1_U0/grp_runAccumulatorColumns_fu_551/sign_25_reg_6624_reg[0]_i_3__0_n_0
    SLICE_X158Y228       CARRY8 (Prop_CARRY8_SLICEL_CI_CO[1])
                                                      0.042     6.346 r  u_bd/split_d_system_i/fsa_0/inst/grp_run_fu_161/grp_runController_fu_106/grp_runQueryTile_fu_142/runQueryBlock_1_U0/grp_runAccumulatorColumns_fu_551/sign_25_reg_6624_reg[0]_i_2__0/CO[1]
                         net (fo=53, routed)          0.247     6.593    u_bd/split_d_system_i/fsa_0/inst/grp_run_fu_161/grp_runController_fu_106/grp_runQueryTile_fu_142/runQueryBlock_1_U0/grp_runAccumulatorColumns_fu_551/icmp_ln133_fu_3890_p2
    SLICE_X157Y223       LUT2 (Prop_E6LUT_SLICEM_I1_O)
                                                      0.100     6.693 r  u_bd/split_d_system_i/fsa_0/inst/grp_run_fu_161/grp_runController_fu_106/grp_runQueryTile_fu_142/runQueryBlock_1_U0/grp_runAccumulatorColumns_fu_551/significand_59_reg_6637[6]_i_21__0/O
                         net (fo=1, routed)           0.185     6.878    u_bd/split_d_system_i/fsa_0/inst/grp_run_fu_161/grp_runController_fu_106/grp_runQueryTile_fu_142/runQueryBlock_1_U0/grp_runAccumulatorColumns_fu_551/and_ln133_fu_3914_p2
    SLICE_X157Y223       LUT6 (Prop_F6LUT_SLICEM_I0_O)
                                                      0.123     7.001 r  u_bd/split_d_system_i/fsa_0/inst/grp_run_fu_161/grp_runController_fu_106/grp_runQueryTile_fu_142/runQueryBlock_1_U0/grp_runAccumulatorColumns_fu_551/significand_59_reg_6637[6]_i_4__0/O
                         net (fo=1, routed)           0.174     7.175    u_bd/split_d_system_i/fsa_0/inst/grp_run_fu_161/grp_runController_fu_106/grp_runQueryTile_fu_142/runQueryBlock_1_U0/grp_runAccumulatorColumns_fu_551/significand_59_reg_6637[6]_i_4__0_n_0
    SLICE_X157Y225       CARRY8 (Prop_CARRY8_SLICEM_CI_CO[7])
                                                      0.153     7.328 r  u_bd/split_d_system_i/fsa_0/inst/grp_run_fu_161/grp_runController_fu_106/grp_runQueryTile_fu_142/runQueryBlock_1_U0/grp_runAccumulatorColumns_fu_551/significand_59_reg_6637_reg[6]_i_2__0/CO[7]
                         net (fo=1, routed)           0.026     7.354    u_bd/split_d_system_i/fsa_0/inst/grp_run_fu_161/grp_runController_fu_106/grp_runQueryTile_fu_142/runQueryBlock_1_U0/grp_runAccumulatorColumns_fu_551/significand_59_reg_6637_reg[6]_i_2__0_n_0
    SLICE_X157Y226       CARRY8 (Prop_CARRY8_SLICEM_CI_CO[7])
                                                      0.015     7.369 r  u_bd/split_d_system_i/fsa_0/inst/grp_run_fu_161/grp_runController_fu_106/grp_runQueryTile_fu_142/runQueryBlock_1_U0/grp_runAccumulatorColumns_fu_551/significand_59_reg_6637_reg[14]_i_2__0/CO[7]
                         net (fo=1, routed)           0.026     7.395    u_bd/split_d_system_i/fsa_0/inst/grp_run_fu_161/grp_runController_fu_106/grp_runQueryTile_fu_142/runQueryBlock_1_U0/grp_runAccumulatorColumns_fu_551/significand_59_reg_6637_reg[14]_i_2__0_n_0
    SLICE_X157Y227       CARRY8 (Prop_CARRY8_SLICEM_CI_CO[7])
                                                      0.015     7.410 r  u_bd/split_d_system_i/fsa_0/inst/grp_run_fu_161/grp_runController_fu_106/grp_runQueryTile_fu_142/runQueryBlock_1_U0/grp_runAccumulatorColumns_fu_551/significand_59_reg_6637_reg[22]_i_2__0/CO[7]
                         net (fo=1, routed)           0.026     7.436    u_bd/split_d_system_i/fsa_0/inst/grp_run_fu_161/grp_runController_fu_106/grp_runQueryTile_fu_142/runQueryBlock_1_U0/grp_runAccumulatorColumns_fu_551/significand_59_reg_6637_reg[22]_i_2__0_n_0
    SLICE_X157Y228       CARRY8 (Prop_CARRY8_SLICEM_CI_CO[7])
                                                      0.015     7.451 r  u_bd/split_d_system_i/fsa_0/inst/grp_run_fu_161/grp_runController_fu_106/grp_runQueryTile_fu_142/runQueryBlock_1_U0/grp_runAccumulatorColumns_fu_551/significand_59_reg_6637_reg[30]_i_2__0/CO[7]
                         net (fo=1, routed)           0.026     7.477    u_bd/split_d_system_i/fsa_0/inst/grp_run_fu_161/grp_runController_fu_106/grp_runQueryTile_fu_142/runQueryBlock_1_U0/grp_runAccumulatorColumns_fu_551/significand_59_reg_6637_reg[30]_i_2__0_n_0
    SLICE_X157Y229       CARRY8 (Prop_CARRY8_SLICEM_CI_CO[7])
                                                      0.015     7.492 r  u_bd/split_d_system_i/fsa_0/inst/grp_run_fu_161/grp_runController_fu_106/grp_runQueryTile_fu_142/runQueryBlock_1_U0/grp_runAccumulatorColumns_fu_551/significand_59_reg_6637_reg[38]_i_2__0/CO[7]
                         net (fo=1, routed)           0.026     7.518    u_bd/split_d_system_i/fsa_0/inst/grp_run_fu_161/grp_runController_fu_106/grp_runQueryTile_fu_142/runQueryBlock_1_U0/grp_runAccumulatorColumns_fu_551/significand_59_reg_6637_reg[38]_i_2__0_n_0
    SLICE_X157Y230       CARRY8 (Prop_CARRY8_SLICEM_CI_O[7])
                                                      0.116     7.634 r  u_bd/split_d_system_i/fsa_0/inst/grp_run_fu_161/grp_runController_fu_106/grp_runQueryTile_fu_142/runQueryBlock_1_U0/grp_runAccumulatorColumns_fu_551/significand_59_reg_6637_reg[46]_i_2__0/O[7]
                         net (fo=10, routed)          0.388     8.022    u_bd/split_d_system_i/fsa_0/inst/grp_run_fu_161/grp_runController_fu_106/grp_runQueryTile_fu_142/runQueryBlock_1_U0/grp_runAccumulatorColumns_fu_551/ctlz_51_51_1_1_U305/dout_tmp0_in[47]
    SLICE_X157Y237       LUT5 (Prop_B6LUT_SLICEM_I3_O)
                                                      0.052     8.074 f  u_bd/split_d_system_i/fsa_0/inst/grp_run_fu_161/grp_runController_fu_106/grp_runQueryTile_fu_142/runQueryBlock_1_U0/grp_runAccumulatorColumns_fu_551/ctlz_51_51_1_1_U305/significand_59_reg_6637[50]_i_82__0/O
                         net (fo=1, routed)           0.091     8.165    u_bd/split_d_system_i/fsa_0/inst/grp_run_fu_161/grp_runController_fu_106/grp_runQueryTile_fu_142/runQueryBlock_1_U0/grp_runAccumulatorColumns_fu_551/ctlz_51_51_1_1_U305/significand_59_reg_6637[50]_i_82__0_n_0
    SLICE_X157Y238       LUT5 (Prop_H6LUT_SLICEM_I2_O)
                                                      0.101     8.266 f  u_bd/split_d_system_i/fsa_0/inst/grp_run_fu_161/grp_runController_fu_106/grp_runQueryTile_fu_142/runQueryBlock_1_U0/grp_runAccumulatorColumns_fu_551/ctlz_51_51_1_1_U305/significand_59_reg_6637[50]_i_80__0/O
                         net (fo=1, routed)           0.098     8.364    u_bd/split_d_system_i/fsa_0/inst/grp_run_fu_161/grp_runController_fu_106/grp_runQueryTile_fu_142/runQueryBlock_1_U0/grp_runAccumulatorColumns_fu_551/ctlz_51_51_1_1_U305/significand_59_reg_6637[50]_i_80__0_n_0
    SLICE_X157Y237       LUT5 (Prop_D6LUT_SLICEM_I2_O)
                                                      0.122     8.486 f  u_bd/split_d_system_i/fsa_0/inst/grp_run_fu_161/grp_runController_fu_106/grp_runQueryTile_fu_142/runQueryBlock_1_U0/grp_runAccumulatorColumns_fu_551/ctlz_51_51_1_1_U305/significand_59_reg_6637[50]_i_77__0/O
                         net (fo=1, routed)           0.045     8.531    u_bd/split_d_system_i/fsa_0/inst/grp_run_fu_161/grp_runController_fu_106/grp_runQueryTile_fu_142/runQueryBlock_1_U0/grp_runAccumulatorColumns_fu_551/ctlz_51_51_1_1_U305/significand_59_reg_6637[50]_i_77__0_n_0
    SLICE_X157Y237       LUT6 (Prop_H6LUT_SLICEM_I2_O)
                                                      0.101     8.632 f  u_bd/split_d_system_i/fsa_0/inst/grp_run_fu_161/grp_runController_fu_106/grp_runQueryTile_fu_142/runQueryBlock_1_U0/grp_runAccumulatorColumns_fu_551/ctlz_51_51_1_1_U305/significand_59_reg_6637[50]_i_72__0/O
                         net (fo=1, routed)           0.206     8.838    u_bd/split_d_system_i/fsa_0/inst/grp_run_fu_161/grp_runController_fu_106/grp_runQueryTile_fu_142/runQueryBlock_1_U0/grp_runAccumulatorColumns_fu_551/ctlz_51_51_1_1_U305/significand_59_reg_6637[50]_i_72__0_n_0
    SLICE_X158Y236       LUT5 (Prop_B6LUT_SLICEL_I2_O)
                                                      0.036     8.874 f  u_bd/split_d_system_i/fsa_0/inst/grp_run_fu_161/grp_runController_fu_106/grp_runQueryTile_fu_142/runQueryBlock_1_U0/grp_runAccumulatorColumns_fu_551/ctlz_51_51_1_1_U305/significand_59_reg_6637[50]_i_65__0/O
                         net (fo=1, routed)           0.100     8.974    u_bd/split_d_system_i/fsa_0/inst/grp_run_fu_161/grp_runController_fu_106/grp_runQueryTile_fu_142/runQueryBlock_1_U0/grp_runAccumulatorColumns_fu_551/ctlz_51_51_1_1_U305/significand_59_reg_6637[50]_i_65__0_n_0
    SLICE_X158Y234       LUT5 (Prop_B6LUT_SLICEL_I2_O)
                                                      0.124     9.098 f  u_bd/split_d_system_i/fsa_0/inst/grp_run_fu_161/grp_runController_fu_106/grp_runQueryTile_fu_142/runQueryBlock_1_U0/grp_runAccumulatorColumns_fu_551/ctlz_51_51_1_1_U305/significand_59_reg_6637[50]_i_46__0/O
                         net (fo=1, routed)           0.093     9.191    u_bd/split_d_system_i/fsa_0/inst/grp_run_fu_161/grp_runController_fu_106/grp_runQueryTile_fu_142/runQueryBlock_1_U0/grp_runAccumulatorColumns_fu_551/ctlz_51_51_1_1_U305/significand_59_reg_6637[50]_i_46__0_n_0
    SLICE_X158Y233       LUT5 (Prop_B6LUT_SLICEL_I2_O)
                                                      0.124     9.315 r  u_bd/split_d_system_i/fsa_0/inst/grp_run_fu_161/grp_runController_fu_106/grp_runQueryTile_fu_142/runQueryBlock_1_U0/grp_runAccumulatorColumns_fu_551/ctlz_51_51_1_1_U305/significand_59_reg_6637[50]_i_17__0/O
                         net (fo=1, routed)           0.088     9.403    u_bd/split_d_system_i/fsa_0/inst/grp_run_fu_161/grp_runController_fu_106/grp_runQueryTile_fu_142/runQueryBlock_1_U0/grp_runAccumulatorColumns_fu_551/ctlz_51_51_1_1_U305/significand_59_reg_6637[50]_i_17__0_n_0
    SLICE_X158Y232       LUT5 (Prop_G6LUT_SLICEL_I1_O)
                                                      0.097     9.500 r  u_bd/split_d_system_i/fsa_0/inst/grp_run_fu_161/grp_runController_fu_106/grp_runQueryTile_fu_142/runQueryBlock_1_U0/grp_runAccumulatorColumns_fu_551/ctlz_51_51_1_1_U305/significand_59_reg_6637[50]_i_5__0/O
                         net (fo=53, routed)          0.219     9.719    u_bd/split_d_system_i/fsa_0/inst/grp_run_fu_161/grp_runController_fu_106/grp_runQueryTile_fu_142/runQueryBlock_1_U0/grp_runAccumulatorColumns_fu_551/distance_26_fu_3999_p3[0]
    SLICE_X158Y229       LUT2 (Prop_A6LUT_SLICEL_I0_O)
                                                      0.124     9.843 r  u_bd/split_d_system_i/fsa_0/inst/grp_run_fu_161/grp_runController_fu_106/grp_runQueryTile_fu_142/runQueryBlock_1_U0/grp_runAccumulatorColumns_fu_551/top_exponent_reg_6644[7]_i_18__0/O
                         net (fo=1, routed)           0.009     9.852    u_bd/split_d_system_i/fsa_0/inst/grp_run_fu_161/grp_runController_fu_106/grp_runQueryTile_fu_142/runQueryBlock_1_U0/grp_runAccumulatorColumns_fu_551/top_exponent_reg_6644[7]_i_18__0_n_0
    SLICE_X158Y229       CARRY8 (Prop_CARRY8_SLICEL_S[0]_CO[7])
                                                      0.190    10.042 r  u_bd/split_d_system_i/fsa_0/inst/grp_run_fu_161/grp_runController_fu_106/grp_runQueryTile_fu_142/runQueryBlock_1_U0/grp_runAccumulatorColumns_fu_551/top_exponent_reg_6644_reg[7]_i_1__0/CO[7]
                         net (fo=1, routed)           0.026    10.068    u_bd/split_d_system_i/fsa_0/inst/grp_run_fu_161/grp_runController_fu_106/grp_runQueryTile_fu_142/runQueryBlock_1_U0/grp_runAccumulatorColumns_fu_551/top_exponent_reg_6644_reg[7]_i_1__0_n_0
    SLICE_X158Y230       CARRY8 (Prop_CARRY8_SLICEL_CI_O[1])
                                                      0.076    10.144 r  u_bd/split_d_system_i/fsa_0/inst/grp_run_fu_161/grp_runController_fu_106/grp_runQueryTile_fu_142/runQueryBlock_1_U0/grp_runAccumulatorColumns_fu_551/top_exponent_reg_6644_reg[9]_i_1__0/O[1]
                         net (fo=1, routed)           0.025    10.169    u_bd/split_d_system_i/fsa_0/inst/grp_run_fu_161/grp_runController_fu_106/grp_runQueryTile_fu_142/runQueryBlock_1_U0/grp_runAccumulatorColumns_fu_551/top_exponent_fu_4051_p3[9]
    SLICE_X158Y230       FDRE                                         r  u_bd/split_d_system_i/fsa_0/inst/grp_run_fu_161/grp_runController_fu_106/grp_runQueryTile_fu_142/runQueryBlock_1_U0/grp_runAccumulatorColumns_fu_551/top_exponent_reg_6644_reg[9]/D
  -------------------------------------------------------------------    -------------------

                         (clock clk_out1_split_d_system_clk_wiz_0_0 rise edge)
                                                     10.000    10.000 r  
    BH42                                              0.000    10.000 r  board_clk_p (IN)
                         net (fo=0)                   0.079    10.079    u_board_clk/I
    HPIOBDIFFINBUF_X0Y36 DIFFINBUF (Prop_DIFFINBUF_HPIOBDIFFINBUF_DIFF_IN_P_O)
                                                      0.518    10.597 r  u_board_clk/DIFFINBUF_INST/O
                         net (fo=1, routed)           0.040    10.637    u_board_clk/OUT
    BH42                 IBUFCTRL (Prop_IBUFCTRL_HPIOB_M_I_O)
                                                      0.000    10.637 r  u_board_clk/IBUFCTRL_INST/O
                         net (fo=4, routed)           0.333    10.970    u_bd/split_d_system_i/clk_wiz_0/inst/clk_in1
    MMCM_X0Y1            MMCME4_ADV (Prop_MMCM_CLKIN1_CLKOUT0)
                                                      0.630    11.600 r  u_bd/split_d_system_i/clk_wiz_0/inst/mmcme4_adv_inst/CLKOUT0
                         net (fo=1, routed)           0.215    11.815    u_bd/split_d_system_i/clk_wiz_0/inst/clk_out1_split_d_system_clk_wiz_0_0
    BUFGCE_X0Y24         BUFGCE (Prop_BUFCE_BUFGCE_I_O)
                                                      0.024    11.839 r  u_bd/split_d_system_i/clk_wiz_0/inst/clkout1_buf/O
    X3Y1 (CLOCK_ROOT)    net (fo=50729, routed)       1.746    13.585    u_bd/split_d_system_i/fsa_0/inst/grp_run_fu_161/grp_runController_fu_106/grp_runQueryTile_fu_142/runQueryBlock_1_U0/grp_runAccumulatorColumns_fu_551/ap_clk
    SLICE_X158Y230       FDRE                                         r  u_bd/split_d_system_i/fsa_0/inst/grp_run_fu_161/grp_runController_fu_106/grp_runQueryTile_fu_142/runQueryBlock_1_U0/grp_runAccumulatorColumns_fu_551/top_exponent_reg_6644_reg[9]/C
                         clock pessimism             -0.411    13.174    
                         clock uncertainty           -2.770    10.404    
    SLICE_X158Y230       FDRE (Setup_BFF_SLICEL_C_D)
                                                      0.025    10.429    u_bd/split_d_system_i/fsa_0/inst/grp_run_fu_161/grp_runController_fu_106/grp_runQueryTile_fu_142/runQueryBlock_1_U0/grp_runAccumulatorColumns_fu_551/top_exponent_reg_6644_reg[9]
  -------------------------------------------------------------------
                         required time                         10.429    
                         arrival time                         -10.169    
  -------------------------------------------------------------------
                         slack                                  0.261    

Slack (MET) :             0.281ns  (required time - arrival time)
  Source:                 u_bd/split_d_system_i/fsa_0/inst/grp_run_fu_161/grp_runController_fu_106/grp_runQueryTile_fu_142/runQueryBlock_1_U0/grp_runAccumulatorColumns_fu_551/icmp_ln123_reg_6488_reg[0]/C
                            (rising edge-triggered cell FDRE clocked by clk_out1_split_d_system_clk_wiz_0_0  {rise@0.000ns fall@5.000ns period=10.000ns})
  Destination:            u_bd/split_d_system_i/fsa_0/inst/grp_run_fu_161/grp_runController_fu_106/grp_runQueryTile_fu_142/runQueryBlock_1_U0/grp_runAccumulatorColumns_fu_551/top_exponent_reg_6644_reg[8]/D
                            (rising edge-triggered cell FDRE clocked by clk_out1_split_d_system_clk_wiz_0_0  {rise@0.000ns fall@5.000ns period=10.000ns})
  Path Group:             clk_out1_split_d_system_clk_wiz_0_0
  Path Type:              Setup (Max at Slow Process Corner)
  Requirement:            10.000ns  (clk_out1_split_d_system_clk_wiz_0_0 rise@10.000ns - clk_out1_split_d_system_clk_wiz_0_0 rise@0.000ns)
  Data Path Delay:        6.894ns  (logic 2.592ns (37.599%)  route 4.302ns (62.401%))
  Logic Levels:           31  (CARRY8=13 LUT2=2 LUT3=2 LUT5=7 LUT6=7)
  Clock Path Skew:        -0.081ns (DCD - SCD + CPR)
    Destination Clock Delay (DCD):    3.585ns = ( 13.585 - 10.000 ) 
    Source Clock Delay      (SCD):    3.255ns
    Clock Pessimism Removal (CPR):    -0.411ns
  Clock Uncertainty:      2.770ns  ((TSJ^2 + DJ^2)^1/2) / 2 + PE + UU
    Total System Jitter     (TSJ):    0.071ns
    Discrete Jitter          (DJ):    0.120ns
    Phase Error              (PE):    0.000ns
    User Uncertainty         (UU):    2.700ns
  Clock Net Delay (Source):      1.960ns (routing 0.581ns, distribution 1.379ns)
  Clock Net Delay (Destination): 1.746ns (routing 0.530ns, distribution 1.216ns)

    Location             Delay type                Incr(ns)  Path(ns)    Netlist Resource(s)
  -------------------------------------------------------------------    -------------------
                         (clock clk_out1_split_d_system_clk_wiz_0_0 rise edge)
                                                      0.000     0.000 r  
    BH42                                              0.000     0.000 r  board_clk_p (IN)
                         net (fo=0)                   0.100     0.100    u_board_clk/I
    HPIOBDIFFINBUF_X0Y36 DIFFINBUF (Prop_DIFFINBUF_HPIOBDIFFINBUF_DIFF_IN_P_O)
                                                      0.615     0.715 r  u_board_clk/DIFFINBUF_INST/O
                         net (fo=1, routed)           0.050     0.765    u_board_clk/OUT
    BH42                 IBUFCTRL (Prop_IBUFCTRL_HPIOB_M_I_O)
                                                      0.000     0.765 r  u_board_clk/IBUFCTRL_INST/O
                         net (fo=4, routed)           0.384     1.149    u_bd/split_d_system_i/clk_wiz_0/inst/clk_in1
    MMCM_X0Y1            MMCME4_ADV (Prop_MMCM_CLKIN1_CLKOUT0)
                                                     -0.127     1.022 r  u_bd/split_d_system_i/clk_wiz_0/inst/mmcme4_adv_inst/CLKOUT0
                         net (fo=1, routed)           0.245     1.267    u_bd/split_d_system_i/clk_wiz_0/inst/clk_out1_split_d_system_clk_wiz_0_0
    BUFGCE_X0Y24         BUFGCE (Prop_BUFCE_BUFGCE_I_O)
                                                      0.028     1.295 r  u_bd/split_d_system_i/clk_wiz_0/inst/clkout1_buf/O
    X3Y1 (CLOCK_ROOT)    net (fo=50729, routed)       1.960     3.255    u_bd/split_d_system_i/fsa_0/inst/grp_run_fu_161/grp_runController_fu_106/grp_runQueryTile_fu_142/runQueryBlock_1_U0/grp_runAccumulatorColumns_fu_551/ap_clk
    SLICE_X156Y230       FDRE                                         r  u_bd/split_d_system_i/fsa_0/inst/grp_run_fu_161/grp_runController_fu_106/grp_runQueryTile_fu_142/runQueryBlock_1_U0/grp_runAccumulatorColumns_fu_551/icmp_ln123_reg_6488_reg[0]/C
  -------------------------------------------------------------------    -------------------
    SLICE_X156Y230       FDRE (Prop_EFF_SLICEM_C_Q)
                                                      0.076     3.331 r  u_bd/split_d_system_i/fsa_0/inst/grp_run_fu_161/grp_runController_fu_106/grp_runQueryTile_fu_142/runQueryBlock_1_U0/grp_runAccumulatorColumns_fu_551/icmp_ln123_reg_6488_reg[0]/Q
                         net (fo=44, routed)          0.301     3.632    u_bd/split_d_system_i/fsa_0/inst/grp_run_fu_161/grp_runController_fu_106/grp_runQueryTile_fu_142/runQueryBlock_1_U0/grp_runAccumulatorColumns_fu_551/icmp_ln123_reg_6488
    SLICE_X155Y228       LUT3 (Prop_A6LUT_SLICEL_I1_O)
                                                      0.050     3.682 r  u_bd/split_d_system_i/fsa_0/inst/grp_run_fu_161/grp_runController_fu_106/grp_runQueryTile_fu_142/runQueryBlock_1_U0/grp_runAccumulatorColumns_fu_551/sign_25_reg_6624[0]_i_93__0/O
                         net (fo=1, routed)           0.009     3.691    u_bd/split_d_system_i/fsa_0/inst/grp_run_fu_161/grp_runController_fu_106/grp_runQueryTile_fu_142/runQueryBlock_1_U0/grp_runAccumulatorColumns_fu_551/sign_25_reg_6624[0]_i_93__0_n_0
    SLICE_X155Y228       CARRY8 (Prop_CARRY8_SLICEL_S[0]_O[1])
                                                      0.094     3.785 r  u_bd/split_d_system_i/fsa_0/inst/grp_run_fu_161/grp_runController_fu_106/grp_runQueryTile_fu_142/runQueryBlock_1_U0/grp_runAccumulatorColumns_fu_551/sign_25_reg_6624_reg[0]_i_48__0/O[1]
                         net (fo=66, routed)          0.451     4.236    u_bd/split_d_system_i/fsa_0/inst/grp_run_fu_161/grp_runController_fu_106/grp_runQueryTile_fu_142/runQueryBlock_1_U0/grp_runAccumulatorColumns_fu_551/zext_ln60_fu_3444_p1[1]
    SLICE_X153Y227       LUT6 (Prop_B6LUT_SLICEL_I2_O)
                                                      0.098     4.334 f  u_bd/split_d_system_i/fsa_0/inst/grp_run_fu_161/grp_runController_fu_106/grp_runQueryTile_fu_142/runQueryBlock_1_U0/grp_runAccumulatorColumns_fu_551/significand_59_reg_6637[46]_i_77__0/O
                         net (fo=4, routed)           0.216     4.550    u_bd/split_d_system_i/fsa_0/inst/grp_run_fu_161/grp_runController_fu_106/grp_runQueryTile_fu_142/runQueryBlock_1_U0/grp_runAccumulatorColumns_fu_551/significand_59_reg_6637[46]_i_77__0_n_0
    SLICE_X154Y225       LUT6 (Prop_H6LUT_SLICEM_I3_O)
                                                      0.053     4.603 f  u_bd/split_d_system_i/fsa_0/inst/grp_run_fu_161/grp_runController_fu_106/grp_runQueryTile_fu_142/runQueryBlock_1_U0/grp_runAccumulatorColumns_fu_551/significand_59_reg_6637[38]_i_66__0/O
                         net (fo=2, routed)           0.457     5.060    u_bd/split_d_system_i/fsa_0/inst/grp_run_fu_161/grp_runController_fu_106/grp_runQueryTile_fu_142/runQueryBlock_1_U0/grp_runAccumulatorColumns_fu_551/significand_59_reg_6637[38]_i_66__0_n_0
    SLICE_X155Y223       LUT3 (Prop_B6LUT_SLICEL_I0_O)
                                                      0.051     5.111 f  u_bd/split_d_system_i/fsa_0/inst/grp_run_fu_161/grp_runController_fu_106/grp_runQueryTile_fu_142/runQueryBlock_1_U0/grp_runAccumulatorColumns_fu_551/significand_59_reg_6637[22]_i_47__0/O
                         net (fo=3, routed)           0.259     5.370    u_bd/split_d_system_i/fsa_0/inst/grp_run_fu_161/grp_runController_fu_106/grp_runQueryTile_fu_142/runQueryBlock_1_U0/grp_runAccumulatorColumns_fu_551/significand_59_reg_6637[22]_i_47__0_n_0
    SLICE_X156Y222       LUT6 (Prop_D6LUT_SLICEM_I0_O)
                                                      0.145     5.515 r  u_bd/split_d_system_i/fsa_0/inst/grp_run_fu_161/grp_runController_fu_106/grp_runQueryTile_fu_142/runQueryBlock_1_U0/grp_runAccumulatorColumns_fu_551/sign_25_reg_6624[0]_i_127__0/O
                         net (fo=1, routed)           0.174     5.689    u_bd/split_d_system_i/fsa_0/inst/grp_run_fu_161/grp_runController_fu_106/grp_runQueryTile_fu_142/runQueryBlock_1_U0/grp_runAccumulatorColumns_fu_551/sign_25_reg_6624[0]_i_127__0_n_0
    SLICE_X157Y222       LUT6 (Prop_H6LUT_SLICEM_I0_O)
                                                      0.090     5.779 f  u_bd/split_d_system_i/fsa_0/inst/grp_run_fu_161/grp_runController_fu_106/grp_runQueryTile_fu_142/runQueryBlock_1_U0/grp_runAccumulatorColumns_fu_551/sign_25_reg_6624[0]_i_117__0/O
                         net (fo=1, routed)           0.100     5.879    u_bd/split_d_system_i/fsa_0/inst/grp_run_fu_161/grp_runController_fu_106/grp_runQueryTile_fu_142/runQueryBlock_1_U0/grp_runAccumulatorColumns_fu_551/sign_25_reg_6624[0]_i_117__0_n_0
    SLICE_X157Y224       LUT6 (Prop_H6LUT_SLICEM_I2_O)
                                                      0.053     5.932 r  u_bd/split_d_system_i/fsa_0/inst/grp_run_fu_161/grp_runController_fu_106/grp_runQueryTile_fu_142/runQueryBlock_1_U0/grp_runAccumulatorColumns_fu_551/sign_25_reg_6624[0]_i_69__0/O
                         net (fo=1, routed)           0.133     6.065    u_bd/split_d_system_i/fsa_0/inst/grp_run_fu_161/grp_runController_fu_106/grp_runQueryTile_fu_142/runQueryBlock_1_U0/grp_runAccumulatorColumns_fu_551/sign_25_reg_6624[0]_i_69__0_n_0
    SLICE_X158Y225       CARRY8 (Prop_CARRY8_SLICEL_DI[0]_CO[7])
                                                      0.131     6.196 r  u_bd/split_d_system_i/fsa_0/inst/grp_run_fu_161/grp_runController_fu_106/grp_runQueryTile_fu_142/runQueryBlock_1_U0/grp_runAccumulatorColumns_fu_551/sign_25_reg_6624_reg[0]_i_31__0/CO[7]
                         net (fo=1, routed)           0.026     6.222    u_bd/split_d_system_i/fsa_0/inst/grp_run_fu_161/grp_runController_fu_106/grp_runQueryTile_fu_142/runQueryBlock_1_U0/grp_runAccumulatorColumns_fu_551/sign_25_reg_6624_reg[0]_i_31__0_n_0
    SLICE_X158Y226       CARRY8 (Prop_CARRY8_SLICEL_CI_CO[7])
                                                      0.015     6.237 r  u_bd/split_d_system_i/fsa_0/inst/grp_run_fu_161/grp_runController_fu_106/grp_runQueryTile_fu_142/runQueryBlock_1_U0/grp_runAccumulatorColumns_fu_551/sign_25_reg_6624_reg[0]_i_8__0/CO[7]
                         net (fo=1, routed)           0.026     6.263    u_bd/split_d_system_i/fsa_0/inst/grp_run_fu_161/grp_runController_fu_106/grp_runQueryTile_fu_142/runQueryBlock_1_U0/grp_runAccumulatorColumns_fu_551/sign_25_reg_6624_reg[0]_i_8__0_n_0
    SLICE_X158Y227       CARRY8 (Prop_CARRY8_SLICEL_CI_CO[7])
                                                      0.015     6.278 r  u_bd/split_d_system_i/fsa_0/inst/grp_run_fu_161/grp_runController_fu_106/grp_runQueryTile_fu_142/runQueryBlock_1_U0/grp_runAccumulatorColumns_fu_551/sign_25_reg_6624_reg[0]_i_3__0/CO[7]
                         net (fo=1, routed)           0.026     6.304    u_bd/split_d_system_i/fsa_0/inst/grp_run_fu_161/grp_runController_fu_106/grp_runQueryTile_fu_142/runQueryBlock_1_U0/grp_runAccumulatorColumns_fu_551/sign_25_reg_6624_reg[0]_i_3__0_n_0
    SLICE_X158Y228       CARRY8 (Prop_CARRY8_SLICEL_CI_CO[1])
                                                      0.042     6.346 r  u_bd/split_d_system_i/fsa_0/inst/grp_run_fu_161/grp_runController_fu_106/grp_runQueryTile_fu_142/runQueryBlock_1_U0/grp_runAccumulatorColumns_fu_551/sign_25_reg_6624_reg[0]_i_2__0/CO[1]
                         net (fo=53, routed)          0.247     6.593    u_bd/split_d_system_i/fsa_0/inst/grp_run_fu_161/grp_runController_fu_106/grp_runQueryTile_fu_142/runQueryBlock_1_U0/grp_runAccumulatorColumns_fu_551/icmp_ln133_fu_3890_p2
    SLICE_X157Y223       LUT2 (Prop_E6LUT_SLICEM_I1_O)
                                                      0.100     6.693 r  u_bd/split_d_system_i/fsa_0/inst/grp_run_fu_161/grp_runController_fu_106/grp_runQueryTile_fu_142/runQueryBlock_1_U0/grp_runAccumulatorColumns_fu_551/significand_59_reg_6637[6]_i_21__0/O
                         net (fo=1, routed)           0.185     6.878    u_bd/split_d_system_i/fsa_0/inst/grp_run_fu_161/grp_runController_fu_106/grp_runQueryTile_fu_142/runQueryBlock_1_U0/grp_runAccumulatorColumns_fu_551/and_ln133_fu_3914_p2
    SLICE_X157Y223       LUT6 (Prop_F6LUT_SLICEM_I0_O)
                                                      0.123     7.001 r  u_bd/split_d_system_i/fsa_0/inst/grp_run_fu_161/grp_runController_fu_106/grp_runQueryTile_fu_142/runQueryBlock_1_U0/grp_runAccumulatorColumns_fu_551/significand_59_reg_6637[6]_i_4__0/O
                         net (fo=1, routed)           0.174     7.175    u_bd/split_d_system_i/fsa_0/inst/grp_run_fu_161/grp_runController_fu_106/grp_runQueryTile_fu_142/runQueryBlock_1_U0/grp_runAccumulatorColumns_fu_551/significand_59_reg_6637[6]_i_4__0_n_0
    SLICE_X157Y225       CARRY8 (Prop_CARRY8_SLICEM_CI_CO[7])
                                                      0.153     7.328 r  u_bd/split_d_system_i/fsa_0/inst/grp_run_fu_161/grp_runController_fu_106/grp_runQueryTile_fu_142/runQueryBlock_1_U0/grp_runAccumulatorColumns_fu_551/significand_59_reg_6637_reg[6]_i_2__0/CO[7]
                         net (fo=1, routed)           0.026     7.354    u_bd/split_d_system_i/fsa_0/inst/grp_run_fu_161/grp_runController_fu_106/grp_runQueryTile_fu_142/runQueryBlock_1_U0/grp_runAccumulatorColumns_fu_551/significand_59_reg_6637_reg[6]_i_2__0_n_0
    SLICE_X157Y226       CARRY8 (Prop_CARRY8_SLICEM_CI_CO[7])
                                                      0.015     7.369 r  u_bd/split_d_system_i/fsa_0/inst/grp_run_fu_161/grp_runController_fu_106/grp_runQueryTile_fu_142/runQueryBlock_1_U0/grp_runAccumulatorColumns_fu_551/significand_59_reg_6637_reg[14]_i_2__0/CO[7]
                         net (fo=1, routed)           0.026     7.395    u_bd/split_d_system_i/fsa_0/inst/grp_run_fu_161/grp_runController_fu_106/grp_runQueryTile_fu_142/runQueryBlock_1_U0/grp_runAccumulatorColumns_fu_551/significand_59_reg_6637_reg[14]_i_2__0_n_0
    SLICE_X157Y227       CARRY8 (Prop_CARRY8_SLICEM_CI_CO[7])
                                                      0.015     7.410 r  u_bd/split_d_system_i/fsa_0/inst/grp_run_fu_161/grp_runController_fu_106/grp_runQueryTile_fu_142/runQueryBlock_1_U0/grp_runAccumulatorColumns_fu_551/significand_59_reg_6637_reg[22]_i_2__0/CO[7]
                         net (fo=1, routed)           0.026     7.436    u_bd/split_d_system_i/fsa_0/inst/grp_run_fu_161/grp_runController_fu_106/grp_runQueryTile_fu_142/runQueryBlock_1_U0/grp_runAccumulatorColumns_fu_551/significand_59_reg_6637_reg[22]_i_2__0_n_0
    SLICE_X157Y228       CARRY8 (Prop_CARRY8_SLICEM_CI_CO[7])
                                                      0.015     7.451 r  u_bd/split_d_system_i/fsa_0/inst/grp_run_fu_161/grp_runController_fu_106/grp_runQueryTile_fu_142/runQueryBlock_1_U0/grp_runAccumulatorColumns_fu_551/significand_59_reg_6637_reg[30]_i_2__0/CO[7]
                         net (fo=1, routed)           0.026     7.477    u_bd/split_d_system_i/fsa_0/inst/grp_run_fu_161/grp_runController_fu_106/grp_runQueryTile_fu_142/runQueryBlock_1_U0/grp_runAccumulatorColumns_fu_551/significand_59_reg_6637_reg[30]_i_2__0_n_0
    SLICE_X157Y229       CARRY8 (Prop_CARRY8_SLICEM_CI_CO[7])
                                                      0.015     7.492 r  u_bd/split_d_system_i/fsa_0/inst/grp_run_fu_161/grp_runController_fu_106/grp_runQueryTile_fu_142/runQueryBlock_1_U0/grp_runAccumulatorColumns_fu_551/significand_59_reg_6637_reg[38]_i_2__0/CO[7]
                         net (fo=1, routed)           0.026     7.518    u_bd/split_d_system_i/fsa_0/inst/grp_run_fu_161/grp_runController_fu_106/grp_runQueryTile_fu_142/runQueryBlock_1_U0/grp_runAccumulatorColumns_fu_551/significand_59_reg_6637_reg[38]_i_2__0_n_0
    SLICE_X157Y230       CARRY8 (Prop_CARRY8_SLICEM_CI_O[7])
                                                      0.116     7.634 r  u_bd/split_d_system_i/fsa_0/inst/grp_run_fu_161/grp_runController_fu_106/grp_runQueryTile_fu_142/runQueryBlock_1_U0/grp_runAccumulatorColumns_fu_551/significand_59_reg_6637_reg[46]_i_2__0/O[7]
                         net (fo=10, routed)          0.388     8.022    u_bd/split_d_system_i/fsa_0/inst/grp_run_fu_161/grp_runController_fu_106/grp_runQueryTile_fu_142/runQueryBlock_1_U0/grp_runAccumulatorColumns_fu_551/ctlz_51_51_1_1_U305/dout_tmp0_in[47]
    SLICE_X157Y237       LUT5 (Prop_B6LUT_SLICEM_I3_O)
                                                      0.052     8.074 f  u_bd/split_d_system_i/fsa_0/inst/grp_run_fu_161/grp_runController_fu_106/grp_runQueryTile_fu_142/runQueryBlock_1_U0/grp_runAccumulatorColumns_fu_551/ctlz_51_51_1_1_U305/significand_59_reg_6637[50]_i_82__0/O
                         net (fo=1, routed)           0.091     8.165    u_bd/split_d_system_i/fsa_0/inst/grp_run_fu_161/grp_runController_fu_106/grp_runQueryTile_fu_142/runQueryBlock_1_U0/grp_runAccumulatorColumns_fu_551/ctlz_51_51_1_1_U305/significand_59_reg_6637[50]_i_82__0_n_0
    SLICE_X157Y238       LUT5 (Prop_H6LUT_SLICEM_I2_O)
                                                      0.101     8.266 f  u_bd/split_d_system_i/fsa_0/inst/grp_run_fu_161/grp_runController_fu_106/grp_runQueryTile_fu_142/runQueryBlock_1_U0/grp_runAccumulatorColumns_fu_551/ctlz_51_51_1_1_U305/significand_59_reg_6637[50]_i_80__0/O
                         net (fo=1, routed)           0.098     8.364    u_bd/split_d_system_i/fsa_0/inst/grp_run_fu_161/grp_runController_fu_106/grp_runQueryTile_fu_142/runQueryBlock_1_U0/grp_runAccumulatorColumns_fu_551/ctlz_51_51_1_1_U305/significand_59_reg_6637[50]_i_80__0_n_0
    SLICE_X157Y237       LUT5 (Prop_D6LUT_SLICEM_I2_O)
                                                      0.122     8.486 f  u_bd/split_d_system_i/fsa_0/inst/grp_run_fu_161/grp_runController_fu_106/grp_runQueryTile_fu_142/runQueryBlock_1_U0/grp_runAccumulatorColumns_fu_551/ctlz_51_51_1_1_U305/significand_59_reg_6637[50]_i_77__0/O
                         net (fo=1, routed)           0.045     8.531    u_bd/split_d_system_i/fsa_0/inst/grp_run_fu_161/grp_runController_fu_106/grp_runQueryTile_fu_142/runQueryBlock_1_U0/grp_runAccumulatorColumns_fu_551/ctlz_51_51_1_1_U305/significand_59_reg_6637[50]_i_77__0_n_0
    SLICE_X157Y237       LUT6 (Prop_H6LUT_SLICEM_I2_O)
                                                      0.101     8.632 f  u_bd/split_d_system_i/fsa_0/inst/grp_run_fu_161/grp_runController_fu_106/grp_runQueryTile_fu_142/runQueryBlock_1_U0/grp_runAccumulatorColumns_fu_551/ctlz_51_51_1_1_U305/significand_59_reg_6637[50]_i_72__0/O
                         net (fo=1, routed)           0.206     8.838    u_bd/split_d_system_i/fsa_0/inst/grp_run_fu_161/grp_runController_fu_106/grp_runQueryTile_fu_142/runQueryBlock_1_U0/grp_runAccumulatorColumns_fu_551/ctlz_51_51_1_1_U305/significand_59_reg_6637[50]_i_72__0_n_0
    SLICE_X158Y236       LUT5 (Prop_B6LUT_SLICEL_I2_O)
                                                      0.036     8.874 f  u_bd/split_d_system_i/fsa_0/inst/grp_run_fu_161/grp_runController_fu_106/grp_runQueryTile_fu_142/runQueryBlock_1_U0/grp_runAccumulatorColumns_fu_551/ctlz_51_51_1_1_U305/significand_59_reg_6637[50]_i_65__0/O
                         net (fo=1, routed)           0.100     8.974    u_bd/split_d_system_i/fsa_0/inst/grp_run_fu_161/grp_runController_fu_106/grp_runQueryTile_fu_142/runQueryBlock_1_U0/grp_runAccumulatorColumns_fu_551/ctlz_51_51_1_1_U305/significand_59_reg_6637[50]_i_65__0_n_0
    SLICE_X158Y234       LUT5 (Prop_B6LUT_SLICEL_I2_O)
                                                      0.124     9.098 f  u_bd/split_d_system_i/fsa_0/inst/grp_run_fu_161/grp_runController_fu_106/grp_runQueryTile_fu_142/runQueryBlock_1_U0/grp_runAccumulatorColumns_fu_551/ctlz_51_51_1_1_U305/significand_59_reg_6637[50]_i_46__0/O
                         net (fo=1, routed)           0.093     9.191    u_bd/split_d_system_i/fsa_0/inst/grp_run_fu_161/grp_runController_fu_106/grp_runQueryTile_fu_142/runQueryBlock_1_U0/grp_runAccumulatorColumns_fu_551/ctlz_51_51_1_1_U305/significand_59_reg_6637[50]_i_46__0_n_0
    SLICE_X158Y233       LUT5 (Prop_B6LUT_SLICEL_I2_O)
                                                      0.124     9.315 r  u_bd/split_d_system_i/fsa_0/inst/grp_run_fu_161/grp_runController_fu_106/grp_runQueryTile_fu_142/runQueryBlock_1_U0/grp_runAccumulatorColumns_fu_551/ctlz_51_51_1_1_U305/significand_59_reg_6637[50]_i_17__0/O
                         net (fo=1, routed)           0.088     9.403    u_bd/split_d_system_i/fsa_0/inst/grp_run_fu_161/grp_runController_fu_106/grp_runQueryTile_fu_142/runQueryBlock_1_U0/grp_runAccumulatorColumns_fu_551/ctlz_51_51_1_1_U305/significand_59_reg_6637[50]_i_17__0_n_0
    SLICE_X158Y232       LUT5 (Prop_G6LUT_SLICEL_I1_O)
                                                      0.097     9.500 r  u_bd/split_d_system_i/fsa_0/inst/grp_run_fu_161/grp_runController_fu_106/grp_runQueryTile_fu_142/runQueryBlock_1_U0/grp_runAccumulatorColumns_fu_551/ctlz_51_51_1_1_U305/significand_59_reg_6637[50]_i_5__0/O
                         net (fo=53, routed)          0.219     9.719    u_bd/split_d_system_i/fsa_0/inst/grp_run_fu_161/grp_runController_fu_106/grp_runQueryTile_fu_142/runQueryBlock_1_U0/grp_runAccumulatorColumns_fu_551/distance_26_fu_3999_p3[0]
    SLICE_X158Y229       LUT2 (Prop_A6LUT_SLICEL_I0_O)
                                                      0.124     9.843 r  u_bd/split_d_system_i/fsa_0/inst/grp_run_fu_161/grp_runController_fu_106/grp_runQueryTile_fu_142/runQueryBlock_1_U0/grp_runAccumulatorColumns_fu_551/top_exponent_reg_6644[7]_i_18__0/O
                         net (fo=1, routed)           0.009     9.852    u_bd/split_d_system_i/fsa_0/inst/grp_run_fu_161/grp_runController_fu_106/grp_runQueryTile_fu_142/runQueryBlock_1_U0/grp_runAccumulatorColumns_fu_551/top_exponent_reg_6644[7]_i_18__0_n_0
    SLICE_X158Y229       CARRY8 (Prop_CARRY8_SLICEL_S[0]_CO[7])
                                                      0.190    10.042 r  u_bd/split_d_system_i/fsa_0/inst/grp_run_fu_161/grp_runController_fu_106/grp_runQueryTile_fu_142/runQueryBlock_1_U0/grp_runAccumulatorColumns_fu_551/top_exponent_reg_6644_reg[7]_i_1__0/CO[7]
                         net (fo=1, routed)           0.026    10.068    u_bd/split_d_system_i/fsa_0/inst/grp_run_fu_161/grp_runController_fu_106/grp_runQueryTile_fu_142/runQueryBlock_1_U0/grp_runAccumulatorColumns_fu_551/top_exponent_reg_6644_reg[7]_i_1__0_n_0
    SLICE_X158Y230       CARRY8 (Prop_CARRY8_SLICEL_CI_O[0])
                                                      0.056    10.124 r  u_bd/split_d_system_i/fsa_0/inst/grp_run_fu_161/grp_runController_fu_106/grp_runQueryTile_fu_142/runQueryBlock_1_U0/grp_runAccumulatorColumns_fu_551/top_exponent_reg_6644_reg[9]_i_1__0/O[0]
                         net (fo=1, routed)           0.025    10.149    u_bd/split_d_system_i/fsa_0/inst/grp_run_fu_161/grp_runController_fu_106/grp_runQueryTile_fu_142/runQueryBlock_1_U0/grp_runAccumulatorColumns_fu_551/top_exponent_fu_4051_p3[8]
    SLICE_X158Y230       FDRE                                         r  u_bd/split_d_system_i/fsa_0/inst/grp_run_fu_161/grp_runController_fu_106/grp_runQueryTile_fu_142/runQueryBlock_1_U0/grp_runAccumulatorColumns_fu_551/top_exponent_reg_6644_reg[8]/D
  -------------------------------------------------------------------    -------------------

                         (clock clk_out1_split_d_system_clk_wiz_0_0 rise edge)
                                                     10.000    10.000 r  
    BH42                                              0.000    10.000 r  board_clk_p (IN)
                         net (fo=0)                   0.079    10.079    u_board_clk/I
    HPIOBDIFFINBUF_X0Y36 DIFFINBUF (Prop_DIFFINBUF_HPIOBDIFFINBUF_DIFF_IN_P_O)
                                                      0.518    10.597 r  u_board_clk/DIFFINBUF_INST/O
                         net (fo=1, routed)           0.040    10.637    u_board_clk/OUT
    BH42                 IBUFCTRL (Prop_IBUFCTRL_HPIOB_M_I_O)
                                                      0.000    10.637 r  u_board_clk/IBUFCTRL_INST/O
                         net (fo=4, routed)           0.333    10.970    u_bd/split_d_system_i/clk_wiz_0/inst/clk_in1
    MMCM_X0Y1            MMCME4_ADV (Prop_MMCM_CLKIN1_CLKOUT0)
                                                      0.630    11.600 r  u_bd/split_d_system_i/clk_wiz_0/inst/mmcme4_adv_inst/CLKOUT0
                         net (fo=1, routed)           0.215    11.815    u_bd/split_d_system_i/clk_wiz_0/inst/clk_out1_split_d_system_clk_wiz_0_0
    BUFGCE_X0Y24         BUFGCE (Prop_BUFCE_BUFGCE_I_O)
                                                      0.024    11.839 r  u_bd/split_d_system_i/clk_wiz_0/inst/clkout1_buf/O
    X3Y1 (CLOCK_ROOT)    net (fo=50729, routed)       1.746    13.585    u_bd/split_d_system_i/fsa_0/inst/grp_run_fu_161/grp_runController_fu_106/grp_runQueryTile_fu_142/runQueryBlock_1_U0/grp_runAccumulatorColumns_fu_551/ap_clk
    SLICE_X158Y230       FDRE                                         r  u_bd/split_d_system_i/fsa_0/inst/grp_run_fu_161/grp_runController_fu_106/grp_runQueryTile_fu_142/runQueryBlock_1_U0/grp_runAccumulatorColumns_fu_551/top_exponent_reg_6644_reg[8]/C
                         clock pessimism             -0.411    13.174    
                         clock uncertainty           -2.770    10.404    
    SLICE_X158Y230       FDRE (Setup_AFF_SLICEL_C_D)
                                                      0.025    10.429    u_bd/split_d_system_i/fsa_0/inst/grp_run_fu_161/grp_runController_fu_106/grp_runQueryTile_fu_142/runQueryBlock_1_U0/grp_runAccumulatorColumns_fu_551/top_exponent_reg_6644_reg[8]
  -------------------------------------------------------------------
                         required time                         10.429    
                         arrival time                         -10.149    
  -------------------------------------------------------------------
                         slack                                  0.281    

Slack (MET) :             0.300ns  (required time - arrival time)
  Source:                 <hidden>
                            (rising edge-triggered cell FDRE clocked by clk_out1_split_d_system_clk_wiz_0_0  {rise@0.000ns fall@5.000ns period=10.000ns})
  Destination:            u_bd/split_d_system_i/fsa_0/inst/grp_run_fu_161/grp_runController_fu_106/grp_runQueryTile_fu_142/runQueryBlock_1_U0/grp_runQueryBlock_1_Outline_VITIS_LOOP_117_5_fu_172/sub_i3_reg_2877_reg[30]/D
                            (rising edge-triggered cell FDRE clocked by clk_out1_split_d_system_clk_wiz_0_0  {rise@0.000ns fall@5.000ns period=10.000ns})
  Path Group:             clk_out1_split_d_system_clk_wiz_0_0
  Path Type:              Setup (Max at Slow Process Corner)
  Requirement:            10.000ns  (clk_out1_split_d_system_clk_wiz_0_0 rise@10.000ns - clk_out1_split_d_system_clk_wiz_0_0 rise@0.000ns)
  Data Path Delay:        6.890ns  (logic 4.228ns (61.360%)  route 2.662ns (38.640%))
  Logic Levels:           20  (DSP_A_B_DATA=1 DSP_ALU=2 DSP_C_DATA=1 DSP_M_DATA=1 DSP_MULTIPLIER=1 DSP_OUTPUT=2 DSP_PREADD=1 DSP_PREADD_DATA=2 LUT2=1 LUT3=3 LUT4=1 LUT5=1 LUT6=3)
  Clock Path Skew:        -0.064ns (DCD - SCD + CPR)
    Destination Clock Delay (DCD):    3.477ns = ( 13.477 - 10.000 ) 
    Source Clock Delay      (SCD):    3.118ns
    Clock Pessimism Removal (CPR):    -0.424ns
  Clock Uncertainty:      2.770ns  ((TSJ^2 + DJ^2)^1/2) / 2 + PE + UU
    Total System Jitter     (TSJ):    0.071ns
    Discrete Jitter          (DJ):    0.120ns
    Phase Error              (PE):    0.000ns
    User Uncertainty         (UU):    2.700ns
  Clock Net Delay (Source):      1.823ns (routing 0.581ns, distribution 1.242ns)
  Clock Net Delay (Destination): 1.639ns (routing 0.530ns, distribution 1.109ns)

    Location             Delay type                Incr(ns)  Path(ns)    Netlist Resource(s)
  -------------------------------------------------------------------    -------------------
                         (clock clk_out1_split_d_system_clk_wiz_0_0 rise edge)
                                                      0.000     0.000 r  
    BH42                                              0.000     0.000 r  board_clk_p (IN)
                         net (fo=0)                   0.100     0.100    u_board_clk/I
    HPIOBDIFFINBUF_X0Y36 DIFFINBUF (Prop_DIFFINBUF_HPIOBDIFFINBUF_DIFF_IN_P_O)
                                                      0.615     0.715 r  u_board_clk/DIFFINBUF_INST/O
                         net (fo=1, routed)           0.050     0.765    u_board_clk/OUT
    BH42                 IBUFCTRL (Prop_IBUFCTRL_HPIOB_M_I_O)
                                                      0.000     0.765 r  u_board_clk/IBUFCTRL_INST/O
                         net (fo=4, routed)           0.384     1.149    u_bd/split_d_system_i/clk_wiz_0/inst/clk_in1
    MMCM_X0Y1            MMCME4_ADV (Prop_MMCM_CLKIN1_CLKOUT0)
                                                     -0.127     1.022 r  u_bd/split_d_system_i/clk_wiz_0/inst/mmcme4_adv_inst/CLKOUT0
                         net (fo=1, routed)           0.245     1.267    u_bd/split_d_system_i/clk_wiz_0/inst/clk_out1_split_d_system_clk_wiz_0_0
    BUFGCE_X0Y24         BUFGCE (Prop_BUFCE_BUFGCE_I_O)
                                                      0.028     1.295 r  u_bd/split_d_system_i/clk_wiz_0/inst/clkout1_buf/O
    X3Y1 (CLOCK_ROOT)    net (fo=50729, routed)       1.823     3.118    <hidden>
    SLICE_X126Y225       FDRE                                         r  <hidden>
  -------------------------------------------------------------------    -------------------
    SLICE_X126Y225       FDRE (Prop_HFF_SLICEM_C_Q)
                                                      0.079     3.197 f  <hidden>
                         net (fo=54, routed)          0.426     3.623    <hidden>
    SLICE_X129Y222       LUT2 (Prop_H6LUT_SLICEM_I1_O)
                                                      0.053     3.676 r  <hidden>
                         net (fo=2, routed)           0.387     4.063    <hidden>
    DSP48E2_X17Y83       DSP_A_B_DATA (Prop_DSP_A_B_DATA_DSP48E2_A[19]_A2_DATA[19])
                                                      0.192     4.255 f  <hidden>
                         net (fo=1, routed)           0.000     4.255    <hidden>
    DSP48E2_X17Y83       DSP_PREADD_DATA (Prop_DSP_PREADD_DATA_DSP48E2_A2_DATA[19]_PREADD_AB[19])
                                                      0.124     4.379 r  <hidden>
                         net (fo=1, routed)           0.000     4.379    <hidden>
    DSP48E2_X17Y83       DSP_PREADD (Prop_DSP_PREADD_DSP48E2_PREADD_AB[19]_AD[26])
                                                      0.488     4.867 f  <hidden>
                         net (fo=1, routed)           0.000     4.867    <hidden>
    DSP48E2_X17Y83       DSP_PREADD_DATA (Prop_DSP_PREADD_DATA_DSP48E2_AD[26]_AD_DATA[26])
                                                      0.050     4.917 r  <hidden>
                         net (fo=1, routed)           0.000     4.917    <hidden>
    DSP48E2_X17Y83       DSP_MULTIPLIER (Prop_DSP_MULTIPLIER_DSP48E2_AD_DATA[26]_U[43])
                                                      0.612     5.529 f  <hidden>
                         net (fo=1, routed)           0.000     5.529    <hidden>
    DSP48E2_X17Y83       DSP_M_DATA (Prop_DSP_M_DATA_DSP48E2_U[43]_U_DATA[43])
                                                      0.047     5.576 r  <hidden>
                         net (fo=1, routed)           0.000     5.576    <hidden>
    DSP48E2_X17Y83       DSP_ALU (Prop_DSP_ALU_DSP48E2_U_DATA[43]_ALU_OUT[47])
                                                      0.585     6.161 r  <hidden>
                         net (fo=1, routed)           0.000     6.161    <hidden>
    DSP48E2_X17Y83       DSP_OUTPUT (Prop_DSP_OUTPUT_DSP48E2_ALU_OUT[47]_PATTERN_DETECT)
                                                      0.363     6.524 r  <hidden>
                         net (fo=60, routed)          0.438     6.962    <hidden>
    SLICE_X129Y219       LUT3 (Prop_D5LUT_SLICEM_I1_O)
                                                      0.097     7.059 f  <hidden>
                         net (fo=2, routed)           0.204     7.263    <hidden>
    SLICE_X129Y219       LUT4 (Prop_C5LUT_SLICEM_I3_O)
                                                      0.111     7.374 r  <hidden>
                         net (fo=1, routed)           0.200     7.574    <hidden>
    SLICE_X129Y219       LUT6 (Prop_G6LUT_SLICEM_I1_O)
                                                      0.123     7.697 r  <hidden>
                         net (fo=2, routed)           0.140     7.837    <hidden>
    SLICE_X129Y218       LUT6 (Prop_F6LUT_SLICEM_I1_O)
                                                      0.051     7.888 f  <hidden>
                         net (fo=6, routed)           0.210     8.098    <hidden>
    SLICE_X127Y218       LUT5 (Prop_D6LUT_SLICEL_I3_O)
                                                      0.050     8.148 r  <hidden>
                         net (fo=3, routed)           0.060     8.208    <hidden>
    SLICE_X127Y218       LUT6 (Prop_C6LUT_SLICEL_I3_O)
                                                      0.146     8.354 r  <hidden>
                         net (fo=2, routed)           0.090     8.444    <hidden>
    SLICE_X128Y218       LUT3 (Prop_A5LUT_SLICEM_I1_O)
                                                      0.100     8.544 r  <hidden>
                         net (fo=1, routed)           0.273     8.817    <hidden>
    DSP48E2_X17Y81       DSP_C_DATA (Prop_DSP_C_DATA_DSP48E2_C[34]_C_DATA[34])
                                                      0.105     8.922 r  <hidden>
                         net (fo=2, routed)           0.000     8.922    <hidden>
    DSP48E2_X17Y81       DSP_ALU (Prop_DSP_ALU_DSP48E2_C_DATA[34]_ALU_OUT[34])
                                                      0.585     9.507 f  <hidden>
                         net (fo=1, routed)           0.000     9.507    <hidden>
    DSP48E2_X17Y81       DSP_OUTPUT (Prop_DSP_OUTPUT_DSP48E2_ALU_OUT[34]_P[34])
                                                      0.109     9.616 r  <hidden>
                         net (fo=1, routed)           0.204     9.820    <hidden>
    SLICE_X128Y218       LUT3 (Prop_D5LUT_SLICEM_I2_O)
                                                      0.158     9.978 r  <hidden>
                         net (fo=1, routed)           0.030    10.008    u_bd/split_d_system_i/fsa_0/inst/grp_run_fu_161/grp_runController_fu_106/grp_runQueryTile_fu_142/runQueryBlock_1_U0/grp_runQueryBlock_1_Outline_VITIS_LOOP_117_5_fu_172/grp_fu_893_p2[30]
    SLICE_X128Y218       FDRE                                         r  u_bd/split_d_system_i/fsa_0/inst/grp_run_fu_161/grp_runController_fu_106/grp_runQueryTile_fu_142/runQueryBlock_1_U0/grp_runQueryBlock_1_Outline_VITIS_LOOP_117_5_fu_172/sub_i3_reg_2877_reg[30]/D
  -------------------------------------------------------------------    -------------------

                         (clock clk_out1_split_d_system_clk_wiz_0_0 rise edge)
                                                     10.000    10.000 r  
    BH42                                              0.000    10.000 r  board_clk_p (IN)
                         net (fo=0)                   0.079    10.079    u_board_clk/I
    HPIOBDIFFINBUF_X0Y36 DIFFINBUF (Prop_DIFFINBUF_HPIOBDIFFINBUF_DIFF_IN_P_O)
                                                      0.518    10.597 r  u_board_clk/DIFFINBUF_INST/O
                         net (fo=1, routed)           0.040    10.637    u_board_clk/OUT
    BH42                 IBUFCTRL (Prop_IBUFCTRL_HPIOB_M_I_O)
                                                      0.000    10.637 r  u_board_clk/IBUFCTRL_INST/O
                         net (fo=4, routed)           0.333    10.970    u_bd/split_d_system_i/clk_wiz_0/inst/clk_in1
    MMCM_X0Y1            MMCME4_ADV (Prop_MMCM_CLKIN1_CLKOUT0)
                                                      0.630    11.600 r  u_bd/split_d_system_i/clk_wiz_0/inst/mmcme4_adv_inst/CLKOUT0
                         net (fo=1, routed)           0.215    11.815    u_bd/split_d_system_i/clk_wiz_0/inst/clk_out1_split_d_system_clk_wiz_0_0
    BUFGCE_X0Y24         BUFGCE (Prop_BUFCE_BUFGCE_I_O)
                                                      0.024    11.839 r  u_bd/split_d_system_i/clk_wiz_0/inst/clkout1_buf/O
    X3Y1 (CLOCK_ROOT)    net (fo=50729, routed)       1.639    13.477    u_bd/split_d_system_i/fsa_0/inst/grp_run_fu_161/grp_runController_fu_106/grp_runQueryTile_fu_142/runQueryBlock_1_U0/grp_runQueryBlock_1_Outline_VITIS_LOOP_117_5_fu_172/ap_clk
    SLICE_X128Y218       FDRE                                         r  u_bd/split_d_system_i/fsa_0/inst/grp_run_fu_161/grp_runController_fu_106/grp_runQueryTile_fu_142/runQueryBlock_1_U0/grp_runQueryBlock_1_Outline_VITIS_LOOP_117_5_fu_172/sub_i3_reg_2877_reg[30]/C
                         clock pessimism             -0.424    13.053    
                         clock uncertainty           -2.770    10.284    
    SLICE_X128Y218       FDRE (Setup_DFF2_SLICEM_C_D)
                                                      0.025    10.309    u_bd/split_d_system_i/fsa_0/inst/grp_run_fu_161/grp_runController_fu_106/grp_runQueryTile_fu_142/runQueryBlock_1_U0/grp_runQueryBlock_1_Outline_VITIS_LOOP_117_5_fu_172/sub_i3_reg_2877_reg[30]
  -------------------------------------------------------------------
                         required time                         10.309    
                         arrival time                         -10.008    
  -------------------------------------------------------------------
                         slack                                  0.300    

Slack (MET) :             0.309ns  (required time - arrival time)
  Source:                 <hidden>
                            (rising edge-triggered cell FDRE clocked by clk_out1_split_d_system_clk_wiz_0_0  {rise@0.000ns fall@5.000ns period=10.000ns})
  Destination:            u_bd/split_d_system_i/fsa_0/inst/grp_run_fu_161/grp_runController_fu_106/grp_runQueryTile_fu_142/runQueryBlock_0_U0/grp_runQueryBlock_0_Outline_VITIS_LOOP_117_5_fu_168/acc_b_6_reg_2864_reg[12]/D
                            (rising edge-triggered cell FDRE clocked by clk_out1_split_d_system_clk_wiz_0_0  {rise@0.000ns fall@5.000ns period=10.000ns})
  Path Group:             clk_out1_split_d_system_clk_wiz_0_0
  Path Type:              Setup (Max at Slow Process Corner)
  Requirement:            10.000ns  (clk_out1_split_d_system_clk_wiz_0_0 rise@10.000ns - clk_out1_split_d_system_clk_wiz_0_0 rise@0.000ns)
  Data Path Delay:        6.873ns  (logic 4.738ns (68.936%)  route 2.135ns (31.064%))
  Logic Levels:           19  (CARRY8=1 DSP_A_B_DATA=2 DSP_ALU=2 DSP_M_DATA=2 DSP_MULTIPLIER=2 DSP_OUTPUT=2 DSP_PREADD=1 DSP_PREADD_DATA=3 LUT2=1 LUT3=1 LUT5=2)
  Clock Path Skew:        -0.073ns (DCD - SCD + CPR)
    Destination Clock Delay (DCD):    3.416ns = ( 13.416 - 10.000 ) 
    Source Clock Delay      (SCD):    3.059ns
    Clock Pessimism Removal (CPR):    -0.430ns
  Clock Uncertainty:      2.770ns  ((TSJ^2 + DJ^2)^1/2) / 2 + PE + UU
    Total System Jitter     (TSJ):    0.071ns
    Discrete Jitter          (DJ):    0.120ns
    Phase Error              (PE):    0.000ns
    User Uncertainty         (UU):    2.700ns
  Clock Net Delay (Source):      1.764ns (routing 0.581ns, distribution 1.183ns)
  Clock Net Delay (Destination): 1.577ns (routing 0.530ns, distribution 1.047ns)

    Location             Delay type                Incr(ns)  Path(ns)    Netlist Resource(s)
  -------------------------------------------------------------------    -------------------
                         (clock clk_out1_split_d_system_clk_wiz_0_0 rise edge)
                                                      0.000     0.000 r  
    BH42                                              0.000     0.000 r  board_clk_p (IN)
                         net (fo=0)                   0.100     0.100    u_board_clk/I
    HPIOBDIFFINBUF_X0Y36 DIFFINBUF (Prop_DIFFINBUF_HPIOBDIFFINBUF_DIFF_IN_P_O)
                                                      0.615     0.715 r  u_board_clk/DIFFINBUF_INST/O
                         net (fo=1, routed)           0.050     0.765    u_board_clk/OUT
    BH42                 IBUFCTRL (Prop_IBUFCTRL_HPIOB_M_I_O)
                                                      0.000     0.765 r  u_board_clk/IBUFCTRL_INST/O
                         net (fo=4, routed)           0.384     1.149    u_bd/split_d_system_i/clk_wiz_0/inst/clk_in1
    MMCM_X0Y1            MMCME4_ADV (Prop_MMCM_CLKIN1_CLKOUT0)
                                                     -0.127     1.022 r  u_bd/split_d_system_i/clk_wiz_0/inst/mmcme4_adv_inst/CLKOUT0
                         net (fo=1, routed)           0.245     1.267    u_bd/split_d_system_i/clk_wiz_0/inst/clk_out1_split_d_system_clk_wiz_0_0
    BUFGCE_X0Y24         BUFGCE (Prop_BUFCE_BUFGCE_I_O)
                                                      0.028     1.295 r  u_bd/split_d_system_i/clk_wiz_0/inst/clkout1_buf/O
    X3Y1 (CLOCK_ROOT)    net (fo=50729, routed)       1.764     3.059    <hidden>
    SLICE_X62Y220        FDRE                                         r  <hidden>
  -------------------------------------------------------------------    -------------------
    SLICE_X62Y220        FDRE (Prop_HFF_SLICEL_C_Q)
                                                      0.079     3.138 r  <hidden>
                         net (fo=54, routed)          0.360     3.498    <hidden>
    SLICE_X60Y216        LUT3 (Prop_H6LUT_SLICEM_I1_O)
                                                      0.053     3.551 r  <hidden>
                         net (fo=2, routed)           0.279     3.830    <hidden>
    DSP48E2_X8Y80        DSP_A_B_DATA (Prop_DSP_A_B_DATA_DSP48E2_A[19]_A2_DATA[19])
                                                      0.192     4.022 f  <hidden>
                         net (fo=1, routed)           0.000     4.022    <hidden>
    DSP48E2_X8Y80        DSP_PREADD_DATA (Prop_DSP_PREADD_DATA_DSP48E2_A2_DATA[19]_PREADD_AB[19])
                                                      0.124     4.146 r  <hidden>
                         net (fo=1, routed)           0.000     4.146    <hidden>
    DSP48E2_X8Y80        DSP_PREADD (Prop_DSP_PREADD_DSP48E2_PREADD_AB[19]_AD[26])
                                                      0.488     4.634 f  <hidden>
                         net (fo=1, routed)           0.000     4.634    <hidden>
    DSP48E2_X8Y80        DSP_PREADD_DATA (Prop_DSP_PREADD_DATA_DSP48E2_AD[26]_AD_DATA[26])
                                                      0.050     4.684 r  <hidden>
                         net (fo=1, routed)           0.000     4.684    <hidden>
    DSP48E2_X8Y80        DSP_MULTIPLIER (Prop_DSP_MULTIPLIER_DSP48E2_AD_DATA[26]_U[43])
                                                      0.612     5.296 f  <hidden>
                         net (fo=1, routed)           0.000     5.296    <hidden>
    DSP48E2_X8Y80        DSP_M_DATA (Prop_DSP_M_DATA_DSP48E2_U[43]_U_DATA[43])
                                                      0.047     5.343 r  <hidden>
                         net (fo=1, routed)           0.000     5.343    <hidden>
    DSP48E2_X8Y80        DSP_ALU (Prop_DSP_ALU_DSP48E2_U_DATA[43]_ALU_OUT[47])
                                                      0.585     5.928 r  <hidden>
                         net (fo=1, routed)           0.000     5.928    <hidden>
    DSP48E2_X8Y80        DSP_OUTPUT (Prop_DSP_OUTPUT_DSP48E2_ALU_OUT[47]_PATTERN_DETECT)
                                                      0.363     6.291 r  <hidden>
                         net (fo=59, routed)          0.340     6.631    <hidden>
    SLICE_X59Y218        LUT5 (Prop_B6LUT_SLICEL_I3_O)
                                                      0.148     6.779 r  <hidden>
                         net (fo=1, routed)           0.009     6.788    <hidden>
    SLICE_X59Y218        CARRY8 (Prop_CARRY8_SLICEL_S[1]_CO[3])
                                                      0.180     6.968 f  <hidden>
                         net (fo=20, routed)          0.286     7.254    <hidden>
    SLICE_X59Y217        LUT5 (Prop_C5LUT_SLICEL_I3_O)
                                                      0.136     7.390 f  <hidden>
                         net (fo=1, routed)           0.351     7.741    <hidden>
    DSP48E2_X8Y81        DSP_A_B_DATA (Prop_DSP_A_B_DATA_DSP48E2_B[8]_B2_DATA[8])
                                                      0.151     7.892 r  <hidden>
                         net (fo=1, routed)           0.000     7.892    <hidden>
    DSP48E2_X8Y81        DSP_PREADD_DATA (Prop_DSP_PREADD_DATA_DSP48E2_B2_DATA[8]_B2B1[8])
                                                      0.073     7.965 r  <hidden>
                         net (fo=1, routed)           0.000     7.965    <hidden>
    DSP48E2_X8Y81        DSP_MULTIPLIER (Prop_DSP_MULTIPLIER_DSP48E2_B2B1[8]_V[14])
                                                      0.609     8.574 f  <hidden>
                         net (fo=1, routed)           0.000     8.574    <hidden>
    DSP48E2_X8Y81        DSP_M_DATA (Prop_DSP_M_DATA_DSP48E2_V[14]_V_DATA[14])
                                                      0.046     8.620 r  <hidden>
                         net (fo=1, routed)           0.000     8.620    <hidden>
    DSP48E2_X8Y81        DSP_ALU (Prop_DSP_ALU_DSP48E2_V_DATA[14]_ALU_OUT[14])
                                                      0.571     9.191 f  <hidden>
                         net (fo=1, routed)           0.000     9.191    <hidden>
    DSP48E2_X8Y81        DSP_OUTPUT (Prop_DSP_OUTPUT_DSP48E2_ALU_OUT[14]_P[14])
                                                      0.109     9.300 r  <hidden>
                         net (fo=1, routed)           0.438     9.738    <hidden>
    SLICE_X57Y215        LUT2 (Prop_D6LUT_SLICEM_I0_O)
                                                      0.122     9.860 r  <hidden>
                         net (fo=1, routed)           0.072     9.932    u_bd/split_d_system_i/fsa_0/inst/grp_run_fu_161/grp_runController_fu_106/grp_runQueryTile_fu_142/runQueryBlock_0_U0/grp_runQueryBlock_0_Outline_VITIS_LOOP_117_5_fu_168/grp_fu_884_p2[12]
    SLICE_X57Y215        FDRE                                         r  u_bd/split_d_system_i/fsa_0/inst/grp_run_fu_161/grp_runController_fu_106/grp_runQueryTile_fu_142/runQueryBlock_0_U0/grp_runQueryBlock_0_Outline_VITIS_LOOP_117_5_fu_168/acc_b_6_reg_2864_reg[12]/D
  -------------------------------------------------------------------    -------------------

                         (clock clk_out1_split_d_system_clk_wiz_0_0 rise edge)
                                                     10.000    10.000 r  
    BH42                                              0.000    10.000 r  board_clk_p (IN)
                         net (fo=0)                   0.079    10.079    u_board_clk/I
    HPIOBDIFFINBUF_X0Y36 DIFFINBUF (Prop_DIFFINBUF_HPIOBDIFFINBUF_DIFF_IN_P_O)
                                                      0.518    10.597 r  u_board_clk/DIFFINBUF_INST/O
                         net (fo=1, routed)           0.040    10.637    u_board_clk/OUT
    BH42                 IBUFCTRL (Prop_IBUFCTRL_HPIOB_M_I_O)
                                                      0.000    10.637 r  u_board_clk/IBUFCTRL_INST/O
                         net (fo=4, routed)           0.333    10.970    u_bd/split_d_system_i/clk_wiz_0/inst/clk_in1
    MMCM_X0Y1            MMCME4_ADV (Prop_MMCM_CLKIN1_CLKOUT0)
                                                      0.630    11.600 r  u_bd/split_d_system_i/clk_wiz_0/inst/mmcme4_adv_inst/CLKOUT0
                         net (fo=1, routed)           0.215    11.815    u_bd/split_d_system_i/clk_wiz_0/inst/clk_out1_split_d_system_clk_wiz_0_0
    BUFGCE_X0Y24         BUFGCE (Prop_BUFCE_BUFGCE_I_O)
                                                      0.024    11.839 r  u_bd/split_d_system_i/clk_wiz_0/inst/clkout1_buf/O
    X3Y1 (CLOCK_ROOT)    net (fo=50729, routed)       1.577    13.416    u_bd/split_d_system_i/fsa_0/inst/grp_run_fu_161/grp_runController_fu_106/grp_runQueryTile_fu_142/runQueryBlock_0_U0/grp_runQueryBlock_0_Outline_VITIS_LOOP_117_5_fu_168/ap_clk
    SLICE_X57Y215        FDRE                                         r  u_bd/split_d_system_i/fsa_0/inst/grp_run_fu_161/grp_runController_fu_106/grp_runQueryTile_fu_142/runQueryBlock_0_U0/grp_runQueryBlock_0_Outline_VITIS_LOOP_117_5_fu_168/acc_b_6_reg_2864_reg[12]/C
                         clock pessimism             -0.430    12.986    
                         clock uncertainty           -2.770    10.216    
    SLICE_X57Y215        FDRE (Setup_DFF_SLICEM_C_D)
                                                      0.025    10.241    u_bd/split_d_system_i/fsa_0/inst/grp_run_fu_161/grp_runController_fu_106/grp_runQueryTile_fu_142/runQueryBlock_0_U0/grp_runQueryBlock_0_Outline_VITIS_LOOP_117_5_fu_168/acc_b_6_reg_2864_reg[12]
  -------------------------------------------------------------------
                         required time                         10.241    
                         arrival time                          -9.932    
  -------------------------------------------------------------------
                         slack                                  0.309    

Slack (MET) :             0.319ns  (required time - arrival time)
  Source:                 u_bd/split_d_system_i/fsa_0/inst/grp_run_fu_161/grp_runController_fu_106/grp_runQueryTile_fu_142/runQueryBlock_1_U0/grp_runAccumulatorColumns_fu_551/icmp_ln123_reg_6488_reg[0]/C
                            (rising edge-triggered cell FDRE clocked by clk_out1_split_d_system_clk_wiz_0_0  {rise@0.000ns fall@5.000ns period=10.000ns})
  Destination:            u_bd/split_d_system_i/fsa_0/inst/grp_run_fu_161/grp_runController_fu_106/grp_runQueryTile_fu_142/runQueryBlock_1_U0/grp_runAccumulatorColumns_fu_551/top_exponent_reg_6644_reg[7]/D
                            (rising edge-triggered cell FDRE clocked by clk_out1_split_d_system_clk_wiz_0_0  {rise@0.000ns fall@5.000ns period=10.000ns})
  Path Group:             clk_out1_split_d_system_clk_wiz_0_0
  Path Type:              Setup (Max at Slow Process Corner)
  Requirement:            10.000ns  (clk_out1_split_d_system_clk_wiz_0_0 rise@10.000ns - clk_out1_split_d_system_clk_wiz_0_0 rise@0.000ns)
  Data Path Delay:        6.862ns  (logic 2.585ns (37.672%)  route 4.277ns (62.328%))
  Logic Levels:           30  (CARRY8=12 LUT2=2 LUT3=2 LUT5=7 LUT6=7)
  Clock Path Skew:        -0.074ns (DCD - SCD + CPR)
    Destination Clock Delay (DCD):    3.591ns = ( 13.591 - 10.000 ) 
    Source Clock Delay      (SCD):    3.255ns
    Clock Pessimism Removal (CPR):    -0.411ns
  Clock Uncertainty:      2.770ns  ((TSJ^2 + DJ^2)^1/2) / 2 + PE + UU
    Total System Jitter     (TSJ):    0.071ns
    Discrete Jitter          (DJ):    0.120ns
    Phase Error              (PE):    0.000ns
    User Uncertainty         (UU):    2.700ns
  Clock Net Delay (Source):      1.960ns (routing 0.581ns, distribution 1.379ns)
  Clock Net Delay (Destination): 1.753ns (routing 0.530ns, distribution 1.223ns)

    Location             Delay type                Incr(ns)  Path(ns)    Netlist Resource(s)
  -------------------------------------------------------------------    -------------------
                         (clock clk_out1_split_d_system_clk_wiz_0_0 rise edge)
                                                      0.000     0.000 r  
    BH42                                              0.000     0.000 r  board_clk_p (IN)
                         net (fo=0)                   0.100     0.100    u_board_clk/I
    HPIOBDIFFINBUF_X0Y36 DIFFINBUF (Prop_DIFFINBUF_HPIOBDIFFINBUF_DIFF_IN_P_O)
                                                      0.615     0.715 r  u_board_clk/DIFFINBUF_INST/O
                         net (fo=1, routed)           0.050     0.765    u_board_clk/OUT
    BH42                 IBUFCTRL (Prop_IBUFCTRL_HPIOB_M_I_O)
                                                      0.000     0.765 r  u_board_clk/IBUFCTRL_INST/O
                         net (fo=4, routed)           0.384     1.149    u_bd/split_d_system_i/clk_wiz_0/inst/clk_in1
    MMCM_X0Y1            MMCME4_ADV (Prop_MMCM_CLKIN1_CLKOUT0)
                                                     -0.127     1.022 r  u_bd/split_d_system_i/clk_wiz_0/inst/mmcme4_adv_inst/CLKOUT0
                         net (fo=1, routed)           0.245     1.267    u_bd/split_d_system_i/clk_wiz_0/inst/clk_out1_split_d_system_clk_wiz_0_0
    BUFGCE_X0Y24         BUFGCE (Prop_BUFCE_BUFGCE_I_O)
                                                      0.028     1.295 r  u_bd/split_d_system_i/clk_wiz_0/inst/clkout1_buf/O
    X3Y1 (CLOCK_ROOT)    net (fo=50729, routed)       1.960     3.255    u_bd/split_d_system_i/fsa_0/inst/grp_run_fu_161/grp_runController_fu_106/grp_runQueryTile_fu_142/runQueryBlock_1_U0/grp_runAccumulatorColumns_fu_551/ap_clk
    SLICE_X156Y230       FDRE                                         r  u_bd/split_d_system_i/fsa_0/inst/grp_run_fu_161/grp_runController_fu_106/grp_runQueryTile_fu_142/runQueryBlock_1_U0/grp_runAccumulatorColumns_fu_551/icmp_ln123_reg_6488_reg[0]/C
  -------------------------------------------------------------------    -------------------
    SLICE_X156Y230       FDRE (Prop_EFF_SLICEM_C_Q)
                                                      0.076     3.331 r  u_bd/split_d_system_i/fsa_0/inst/grp_run_fu_161/grp_runController_fu_106/grp_runQueryTile_fu_142/runQueryBlock_1_U0/grp_runAccumulatorColumns_fu_551/icmp_ln123_reg_6488_reg[0]/Q
                         net (fo=44, routed)          0.301     3.632    u_bd/split_d_system_i/fsa_0/inst/grp_run_fu_161/grp_runController_fu_106/grp_runQueryTile_fu_142/runQueryBlock_1_U0/grp_runAccumulatorColumns_fu_551/icmp_ln123_reg_6488
    SLICE_X155Y228       LUT3 (Prop_A6LUT_SLICEL_I1_O)
                                                      0.050     3.682 r  u_bd/split_d_system_i/fsa_0/inst/grp_run_fu_161/grp_runController_fu_106/grp_runQueryTile_fu_142/runQueryBlock_1_U0/grp_runAccumulatorColumns_fu_551/sign_25_reg_6624[0]_i_93__0/O
                         net (fo=1, routed)           0.009     3.691    u_bd/split_d_system_i/fsa_0/inst/grp_run_fu_161/grp_runController_fu_106/grp_runQueryTile_fu_142/runQueryBlock_1_U0/grp_runAccumulatorColumns_fu_551/sign_25_reg_6624[0]_i_93__0_n_0
    SLICE_X155Y228       CARRY8 (Prop_CARRY8_SLICEL_S[0]_O[1])
                                                      0.094     3.785 r  u_bd/split_d_system_i/fsa_0/inst/grp_run_fu_161/grp_runController_fu_106/grp_runQueryTile_fu_142/runQueryBlock_1_U0/grp_runAccumulatorColumns_fu_551/sign_25_reg_6624_reg[0]_i_48__0/O[1]
                         net (fo=66, routed)          0.451     4.236    u_bd/split_d_system_i/fsa_0/inst/grp_run_fu_161/grp_runController_fu_106/grp_runQueryTile_fu_142/runQueryBlock_1_U0/grp_runAccumulatorColumns_fu_551/zext_ln60_fu_3444_p1[1]
    SLICE_X153Y227       LUT6 (Prop_B6LUT_SLICEL_I2_O)
                                                      0.098     4.334 f  u_bd/split_d_system_i/fsa_0/inst/grp_run_fu_161/grp_runController_fu_106/grp_runQueryTile_fu_142/runQueryBlock_1_U0/grp_runAccumulatorColumns_fu_551/significand_59_reg_6637[46]_i_77__0/O
                         net (fo=4, routed)           0.216     4.550    u_bd/split_d_system_i/fsa_0/inst/grp_run_fu_161/grp_runController_fu_106/grp_runQueryTile_fu_142/runQueryBlock_1_U0/grp_runAccumulatorColumns_fu_551/significand_59_reg_6637[46]_i_77__0_n_0
    SLICE_X154Y225       LUT6 (Prop_H6LUT_SLICEM_I3_O)
                                                      0.053     4.603 f  u_bd/split_d_system_i/fsa_0/inst/grp_run_fu_161/grp_runController_fu_106/grp_runQueryTile_fu_142/runQueryBlock_1_U0/grp_runAccumulatorColumns_fu_551/significand_59_reg_6637[38]_i_66__0/O
                         net (fo=2, routed)           0.457     5.060    u_bd/split_d_system_i/fsa_0/inst/grp_run_fu_161/grp_runController_fu_106/grp_runQueryTile_fu_142/runQueryBlock_1_U0/grp_runAccumulatorColumns_fu_551/significand_59_reg_6637[38]_i_66__0_n_0
    SLICE_X155Y223       LUT3 (Prop_B6LUT_SLICEL_I0_O)
                                                      0.051     5.111 f  u_bd/split_d_system_i/fsa_0/inst/grp_run_fu_161/grp_runController_fu_106/grp_runQueryTile_fu_142/runQueryBlock_1_U0/grp_runAccumulatorColumns_fu_551/significand_59_reg_6637[22]_i_47__0/O
                         net (fo=3, routed)           0.259     5.370    u_bd/split_d_system_i/fsa_0/inst/grp_run_fu_161/grp_runController_fu_106/grp_runQueryTile_fu_142/runQueryBlock_1_U0/grp_runAccumulatorColumns_fu_551/significand_59_reg_6637[22]_i_47__0_n_0
    SLICE_X156Y222       LUT6 (Prop_D6LUT_SLICEM_I0_O)
                                                      0.145     5.515 r  u_bd/split_d_system_i/fsa_0/inst/grp_run_fu_161/grp_runController_fu_106/grp_runQueryTile_fu_142/runQueryBlock_1_U0/grp_runAccumulatorColumns_fu_551/sign_25_reg_6624[0]_i_127__0/O
                         net (fo=1, routed)           0.174     5.689    u_bd/split_d_system_i/fsa_0/inst/grp_run_fu_161/grp_runController_fu_106/grp_runQueryTile_fu_142/runQueryBlock_1_U0/grp_runAccumulatorColumns_fu_551/sign_25_reg_6624[0]_i_127__0_n_0
    SLICE_X157Y222       LUT6 (Prop_H6LUT_SLICEM_I0_O)
                                                      0.090     5.779 f  u_bd/split_d_system_i/fsa_0/inst/grp_run_fu_161/grp_runController_fu_106/grp_runQueryTile_fu_142/runQueryBlock_1_U0/grp_runAccumulatorColumns_fu_551/sign_25_reg_6624[0]_i_117__0/O
                         net (fo=1, routed)           0.100     5.879    u_bd/split_d_system_i/fsa_0/inst/grp_run_fu_161/grp_runController_fu_106/grp_runQueryTile_fu_142/runQueryBlock_1_U0/grp_runAccumulatorColumns_fu_551/sign_25_reg_6624[0]_i_117__0_n_0
    SLICE_X157Y224       LUT6 (Prop_H6LUT_SLICEM_I2_O)
                                                      0.053     5.932 r  u_bd/split_d_system_i/fsa_0/inst/grp_run_fu_161/grp_runController_fu_106/grp_runQueryTile_fu_142/runQueryBlock_1_U0/grp_runAccumulatorColumns_fu_551/sign_25_reg_6624[0]_i_69__0/O
                         net (fo=1, routed)           0.133     6.065    u_bd/split_d_system_i/fsa_0/inst/grp_run_fu_161/grp_runController_fu_106/grp_runQueryTile_fu_142/runQueryBlock_1_U0/grp_runAccumulatorColumns_fu_551/sign_25_reg_6624[0]_i_69__0_n_0
    SLICE_X158Y225       CARRY8 (Prop_CARRY8_SLICEL_DI[0]_CO[7])
                                                      0.131     6.196 r  u_bd/split_d_system_i/fsa_0/inst/grp_run_fu_161/grp_runController_fu_106/grp_runQueryTile_fu_142/runQueryBlock_1_U0/grp_runAccumulatorColumns_fu_551/sign_25_reg_6624_reg[0]_i_31__0/CO[7]
                         net (fo=1, routed)           0.026     6.222    u_bd/split_d_system_i/fsa_0/inst/grp_run_fu_161/grp_runController_fu_106/grp_runQueryTile_fu_142/runQueryBlock_1_U0/grp_runAccumulatorColumns_fu_551/sign_25_reg_6624_reg[0]_i_31__0_n_0
    SLICE_X158Y226       CARRY8 (Prop_CARRY8_SLICEL_CI_CO[7])
                                                      0.015     6.237 r  u_bd/split_d_system_i/fsa_0/inst/grp_run_fu_161/grp_runController_fu_106/grp_runQueryTile_fu_142/runQueryBlock_1_U0/grp_runAccumulatorColumns_fu_551/sign_25_reg_6624_reg[0]_i_8__0/CO[7]
                         net (fo=1, routed)           0.026     6.263    u_bd/split_d_system_i/fsa_0/inst/grp_run_fu_161/grp_runController_fu_106/grp_runQueryTile_fu_142/runQueryBlock_1_U0/grp_runAccumulatorColumns_fu_551/sign_25_reg_6624_reg[0]_i_8__0_n_0
    SLICE_X158Y227       CARRY8 (Prop_CARRY8_SLICEL_CI_CO[7])
                                                      0.015     6.278 r  u_bd/split_d_system_i/fsa_0/inst/grp_run_fu_161/grp_runController_fu_106/grp_runQueryTile_fu_142/runQueryBlock_1_U0/grp_runAccumulatorColumns_fu_551/sign_25_reg_6624_reg[0]_i_3__0/CO[7]
                         net (fo=1, routed)           0.026     6.304    u_bd/split_d_system_i/fsa_0/inst/grp_run_fu_161/grp_runController_fu_106/grp_runQueryTile_fu_142/runQueryBlock_1_U0/grp_runAccumulatorColumns_fu_551/sign_25_reg_6624_reg[0]_i_3__0_n_0
    SLICE_X158Y228       CARRY8 (Prop_CARRY8_SLICEL_CI_CO[1])
                                                      0.042     6.346 r  u_bd/split_d_system_i/fsa_0/inst/grp_run_fu_161/grp_runController_fu_106/grp_runQueryTile_fu_142/runQueryBlock_1_U0/grp_runAccumulatorColumns_fu_551/sign_25_reg_6624_reg[0]_i_2__0/CO[1]
                         net (fo=53, routed)          0.247     6.593    u_bd/split_d_system_i/fsa_0/inst/grp_run_fu_161/grp_runController_fu_106/grp_runQueryTile_fu_142/runQueryBlock_1_U0/grp_runAccumulatorColumns_fu_551/icmp_ln133_fu_3890_p2
    SLICE_X157Y223       LUT2 (Prop_E6LUT_SLICEM_I1_O)
                                                      0.100     6.693 r  u_bd/split_d_system_i/fsa_0/inst/grp_run_fu_161/grp_runController_fu_106/grp_runQueryTile_fu_142/runQueryBlock_1_U0/grp_runAccumulatorColumns_fu_551/significand_59_reg_6637[6]_i_21__0/O
                         net (fo=1, routed)           0.185     6.878    u_bd/split_d_system_i/fsa_0/inst/grp_run_fu_161/grp_runController_fu_106/grp_runQueryTile_fu_142/runQueryBlock_1_U0/grp_runAccumulatorColumns_fu_551/and_ln133_fu_3914_p2
    SLICE_X157Y223       LUT6 (Prop_F6LUT_SLICEM_I0_O)
                                                      0.123     7.001 r  u_bd/split_d_system_i/fsa_0/inst/grp_run_fu_161/grp_runController_fu_106/grp_runQueryTile_fu_142/runQueryBlock_1_U0/grp_runAccumulatorColumns_fu_551/significand_59_reg_6637[6]_i_4__0/O
                         net (fo=1, routed)           0.174     7.175    u_bd/split_d_system_i/fsa_0/inst/grp_run_fu_161/grp_runController_fu_106/grp_runQueryTile_fu_142/runQueryBlock_1_U0/grp_runAccumulatorColumns_fu_551/significand_59_reg_6637[6]_i_4__0_n_0
    SLICE_X157Y225       CARRY8 (Prop_CARRY8_SLICEM_CI_CO[7])
                                                      0.153     7.328 r  u_bd/split_d_system_i/fsa_0/inst/grp_run_fu_161/grp_runController_fu_106/grp_runQueryTile_fu_142/runQueryBlock_1_U0/grp_runAccumulatorColumns_fu_551/significand_59_reg_6637_reg[6]_i_2__0/CO[7]
                         net (fo=1, routed)           0.026     7.354    u_bd/split_d_system_i/fsa_0/inst/grp_run_fu_161/grp_runController_fu_106/grp_runQueryTile_fu_142/runQueryBlock_1_U0/grp_runAccumulatorColumns_fu_551/significand_59_reg_6637_reg[6]_i_2__0_n_0
    SLICE_X157Y226       CARRY8 (Prop_CARRY8_SLICEM_CI_CO[7])
                                                      0.015     7.369 r  u_bd/split_d_system_i/fsa_0/inst/grp_run_fu_161/grp_runController_fu_106/grp_runQueryTile_fu_142/runQueryBlock_1_U0/grp_runAccumulatorColumns_fu_551/significand_59_reg_6637_reg[14]_i_2__0/CO[7]
                         net (fo=1, routed)           0.026     7.395    u_bd/split_d_system_i/fsa_0/inst/grp_run_fu_161/grp_runController_fu_106/grp_runQueryTile_fu_142/runQueryBlock_1_U0/grp_runAccumulatorColumns_fu_551/significand_59_reg_6637_reg[14]_i_2__0_n_0
    SLICE_X157Y227       CARRY8 (Prop_CARRY8_SLICEM_CI_CO[7])
                                                      0.015     7.410 r  u_bd/split_d_system_i/fsa_0/inst/grp_run_fu_161/grp_runController_fu_106/grp_runQueryTile_fu_142/runQueryBlock_1_U0/grp_runAccumulatorColumns_fu_551/significand_59_reg_6637_reg[22]_i_2__0/CO[7]
                         net (fo=1, routed)           0.026     7.436    u_bd/split_d_system_i/fsa_0/inst/grp_run_fu_161/grp_runController_fu_106/grp_runQueryTile_fu_142/runQueryBlock_1_U0/grp_runAccumulatorColumns_fu_551/significand_59_reg_6637_reg[22]_i_2__0_n_0
    SLICE_X157Y228       CARRY8 (Prop_CARRY8_SLICEM_CI_CO[7])
                                                      0.015     7.451 r  u_bd/split_d_system_i/fsa_0/inst/grp_run_fu_161/grp_runController_fu_106/grp_runQueryTile_fu_142/runQueryBlock_1_U0/grp_runAccumulatorColumns_fu_551/significand_59_reg_6637_reg[30]_i_2__0/CO[7]
                         net (fo=1, routed)           0.026     7.477    u_bd/split_d_system_i/fsa_0/inst/grp_run_fu_161/grp_runController_fu_106/grp_runQueryTile_fu_142/runQueryBlock_1_U0/grp_runAccumulatorColumns_fu_551/significand_59_reg_6637_reg[30]_i_2__0_n_0
    SLICE_X157Y229       CARRY8 (Prop_CARRY8_SLICEM_CI_CO[7])
                                                      0.015     7.492 r  u_bd/split_d_system_i/fsa_0/inst/grp_run_fu_161/grp_runController_fu_106/grp_runQueryTile_fu_142/runQueryBlock_1_U0/grp_runAccumulatorColumns_fu_551/significand_59_reg_6637_reg[38]_i_2__0/CO[7]
                         net (fo=1, routed)           0.026     7.518    u_bd/split_d_system_i/fsa_0/inst/grp_run_fu_161/grp_runController_fu_106/grp_runQueryTile_fu_142/runQueryBlock_1_U0/grp_runAccumulatorColumns_fu_551/significand_59_reg_6637_reg[38]_i_2__0_n_0
    SLICE_X157Y230       CARRY8 (Prop_CARRY8_SLICEM_CI_O[7])
                                                      0.116     7.634 r  u_bd/split_d_system_i/fsa_0/inst/grp_run_fu_161/grp_runController_fu_106/grp_runQueryTile_fu_142/runQueryBlock_1_U0/grp_runAccumulatorColumns_fu_551/significand_59_reg_6637_reg[46]_i_2__0/O[7]
                         net (fo=10, routed)          0.388     8.022    u_bd/split_d_system_i/fsa_0/inst/grp_run_fu_161/grp_runController_fu_106/grp_runQueryTile_fu_142/runQueryBlock_1_U0/grp_runAccumulatorColumns_fu_551/ctlz_51_51_1_1_U305/dout_tmp0_in[47]
    SLICE_X157Y237       LUT5 (Prop_B6LUT_SLICEM_I3_O)
                                                      0.052     8.074 f  u_bd/split_d_system_i/fsa_0/inst/grp_run_fu_161/grp_runController_fu_106/grp_runQueryTile_fu_142/runQueryBlock_1_U0/grp_runAccumulatorColumns_fu_551/ctlz_51_51_1_1_U305/significand_59_reg_6637[50]_i_82__0/O
                         net (fo=1, routed)           0.091     8.165    u_bd/split_d_system_i/fsa_0/inst/grp_run_fu_161/grp_runController_fu_106/grp_runQueryTile_fu_142/runQueryBlock_1_U0/grp_runAccumulatorColumns_fu_551/ctlz_51_51_1_1_U305/significand_59_reg_6637[50]_i_82__0_n_0
    SLICE_X157Y238       LUT5 (Prop_H6LUT_SLICEM_I2_O)
                                                      0.101     8.266 f  u_bd/split_d_system_i/fsa_0/inst/grp_run_fu_161/grp_runController_fu_106/grp_runQueryTile_fu_142/runQueryBlock_1_U0/grp_runAccumulatorColumns_fu_551/ctlz_51_51_1_1_U305/significand_59_reg_6637[50]_i_80__0/O
                         net (fo=1, routed)           0.098     8.364    u_bd/split_d_system_i/fsa_0/inst/grp_run_fu_161/grp_runController_fu_106/grp_runQueryTile_fu_142/runQueryBlock_1_U0/grp_runAccumulatorColumns_fu_551/ctlz_51_51_1_1_U305/significand_59_reg_6637[50]_i_80__0_n_0
    SLICE_X157Y237       LUT5 (Prop_D6LUT_SLICEM_I2_O)
                                                      0.122     8.486 f  u_bd/split_d_system_i/fsa_0/inst/grp_run_fu_161/grp_runController_fu_106/grp_runQueryTile_fu_142/runQueryBlock_1_U0/grp_runAccumulatorColumns_fu_551/ctlz_51_51_1_1_U305/significand_59_reg_6637[50]_i_77__0/O
                         net (fo=1, routed)           0.045     8.531    u_bd/split_d_system_i/fsa_0/inst/grp_run_fu_161/grp_runController_fu_106/grp_runQueryTile_fu_142/runQueryBlock_1_U0/grp_runAccumulatorColumns_fu_551/ctlz_51_51_1_1_U305/significand_59_reg_6637[50]_i_77__0_n_0
    SLICE_X157Y237       LUT6 (Prop_H6LUT_SLICEM_I2_O)
                                                      0.101     8.632 f  u_bd/split_d_system_i/fsa_0/inst/grp_run_fu_161/grp_runController_fu_106/grp_runQueryTile_fu_142/runQueryBlock_1_U0/grp_runAccumulatorColumns_fu_551/ctlz_51_51_1_1_U305/significand_59_reg_6637[50]_i_72__0/O
                         net (fo=1, routed)           0.206     8.838    u_bd/split_d_system_i/fsa_0/inst/grp_run_fu_161/grp_runController_fu_106/grp_runQueryTile_fu_142/runQueryBlock_1_U0/grp_runAccumulatorColumns_fu_551/ctlz_51_51_1_1_U305/significand_59_reg_6637[50]_i_72__0_n_0
    SLICE_X158Y236       LUT5 (Prop_B6LUT_SLICEL_I2_O)
                                                      0.036     8.874 f  u_bd/split_d_system_i/fsa_0/inst/grp_run_fu_161/grp_runController_fu_106/grp_runQueryTile_fu_142/runQueryBlock_1_U0/grp_runAccumulatorColumns_fu_551/ctlz_51_51_1_1_U305/significand_59_reg_6637[50]_i_65__0/O
                         net (fo=1, routed)           0.100     8.974    u_bd/split_d_system_i/fsa_0/inst/grp_run_fu_161/grp_runController_fu_106/grp_runQueryTile_fu_142/runQueryBlock_1_U0/grp_runAccumulatorColumns_fu_551/ctlz_51_51_1_1_U305/significand_59_reg_6637[50]_i_65__0_n_0
    SLICE_X158Y234       LUT5 (Prop_B6LUT_SLICEL_I2_O)
                                                      0.124     9.098 f  u_bd/split_d_system_i/fsa_0/inst/grp_run_fu_161/grp_runController_fu_106/grp_runQueryTile_fu_142/runQueryBlock_1_U0/grp_runAccumulatorColumns_fu_551/ctlz_51_51_1_1_U305/significand_59_reg_6637[50]_i_46__0/O
                         net (fo=1, routed)           0.093     9.191    u_bd/split_d_system_i/fsa_0/inst/grp_run_fu_161/grp_runController_fu_106/grp_runQueryTile_fu_142/runQueryBlock_1_U0/grp_runAccumulatorColumns_fu_551/ctlz_51_51_1_1_U305/significand_59_reg_6637[50]_i_46__0_n_0
    SLICE_X158Y233       LUT5 (Prop_B6LUT_SLICEL_I2_O)
                                                      0.124     9.315 r  u_bd/split_d_system_i/fsa_0/inst/grp_run_fu_161/grp_runController_fu_106/grp_runQueryTile_fu_142/runQueryBlock_1_U0/grp_runAccumulatorColumns_fu_551/ctlz_51_51_1_1_U305/significand_59_reg_6637[50]_i_17__0/O
                         net (fo=1, routed)           0.088     9.403    u_bd/split_d_system_i/fsa_0/inst/grp_run_fu_161/grp_runController_fu_106/grp_runQueryTile_fu_142/runQueryBlock_1_U0/grp_runAccumulatorColumns_fu_551/ctlz_51_51_1_1_U305/significand_59_reg_6637[50]_i_17__0_n_0
    SLICE_X158Y232       LUT5 (Prop_G6LUT_SLICEL_I1_O)
                                                      0.097     9.500 r  u_bd/split_d_system_i/fsa_0/inst/grp_run_fu_161/grp_runController_fu_106/grp_runQueryTile_fu_142/runQueryBlock_1_U0/grp_runAccumulatorColumns_fu_551/ctlz_51_51_1_1_U305/significand_59_reg_6637[50]_i_5__0/O
                         net (fo=53, routed)          0.219     9.719    u_bd/split_d_system_i/fsa_0/inst/grp_run_fu_161/grp_runController_fu_106/grp_runQueryTile_fu_142/runQueryBlock_1_U0/grp_runAccumulatorColumns_fu_551/distance_26_fu_3999_p3[0]
    SLICE_X158Y229       LUT2 (Prop_A6LUT_SLICEL_I0_O)
                                                      0.124     9.843 r  u_bd/split_d_system_i/fsa_0/inst/grp_run_fu_161/grp_runController_fu_106/grp_runQueryTile_fu_142/runQueryBlock_1_U0/grp_runAccumulatorColumns_fu_551/top_exponent_reg_6644[7]_i_18__0/O
                         net (fo=1, routed)           0.009     9.852    u_bd/split_d_system_i/fsa_0/inst/grp_run_fu_161/grp_runController_fu_106/grp_runQueryTile_fu_142/runQueryBlock_1_U0/grp_runAccumulatorColumns_fu_551/top_exponent_reg_6644[7]_i_18__0_n_0
    SLICE_X158Y229       CARRY8 (Prop_CARRY8_SLICEL_S[0]_O[7])
                                                      0.239    10.091 r  u_bd/split_d_system_i/fsa_0/inst/grp_run_fu_161/grp_runController_fu_106/grp_runQueryTile_fu_142/runQueryBlock_1_U0/grp_runAccumulatorColumns_fu_551/top_exponent_reg_6644_reg[7]_i_1__0/O[7]
                         net (fo=1, routed)           0.026    10.117    u_bd/split_d_system_i/fsa_0/inst/grp_run_fu_161/grp_runController_fu_106/grp_runQueryTile_fu_142/runQueryBlock_1_U0/grp_runAccumulatorColumns_fu_551/top_exponent_fu_4051_p3[7]
    SLICE_X158Y229       FDRE                                         r  u_bd/split_d_system_i/fsa_0/inst/grp_run_fu_161/grp_runController_fu_106/grp_runQueryTile_fu_142/runQueryBlock_1_U0/grp_runAccumulatorColumns_fu_551/top_exponent_reg_6644_reg[7]/D
  -------------------------------------------------------------------    -------------------

                         (clock clk_out1_split_d_system_clk_wiz_0_0 rise edge)
                                                     10.000    10.000 r  
    BH42                                              0.000    10.000 r  board_clk_p (IN)
                         net (fo=0)                   0.079    10.079    u_board_clk/I
    HPIOBDIFFINBUF_X0Y36 DIFFINBUF (Prop_DIFFINBUF_HPIOBDIFFINBUF_DIFF_IN_P_O)
                                                      0.518    10.597 r  u_board_clk/DIFFINBUF_INST/O
                         net (fo=1, routed)           0.040    10.637    u_board_clk/OUT
    BH42                 IBUFCTRL (Prop_IBUFCTRL_HPIOB_M_I_O)
                                                      0.000    10.637 r  u_board_clk/IBUFCTRL_INST/O
                         net (fo=4, routed)           0.333    10.970    u_bd/split_d_system_i/clk_wiz_0/inst/clk_in1
    MMCM_X0Y1            MMCME4_ADV (Prop_MMCM_CLKIN1_CLKOUT0)
                                                      0.630    11.600 r  u_bd/split_d_system_i/clk_wiz_0/inst/mmcme4_adv_inst/CLKOUT0
                         net (fo=1, routed)           0.215    11.815    u_bd/split_d_system_i/clk_wiz_0/inst/clk_out1_split_d_system_clk_wiz_0_0
    BUFGCE_X0Y24         BUFGCE (Prop_BUFCE_BUFGCE_I_O)
                                                      0.024    11.839 r  u_bd/split_d_system_i/clk_wiz_0/inst/clkout1_buf/O
    X3Y1 (CLOCK_ROOT)    net (fo=50729, routed)       1.753    13.591    u_bd/split_d_system_i/fsa_0/inst/grp_run_fu_161/grp_runController_fu_106/grp_runQueryTile_fu_142/runQueryBlock_1_U0/grp_runAccumulatorColumns_fu_551/ap_clk
    SLICE_X158Y229       FDRE                                         r  u_bd/split_d_system_i/fsa_0/inst/grp_run_fu_161/grp_runController_fu_106/grp_runQueryTile_fu_142/runQueryBlock_1_U0/grp_runAccumulatorColumns_fu_551/top_exponent_reg_6644_reg[7]/C
                         clock pessimism             -0.411    13.181    
                         clock uncertainty           -2.770    10.411    
    SLICE_X158Y229       FDRE (Setup_HFF_SLICEL_C_D)
                                                      0.025    10.436    u_bd/split_d_system_i/fsa_0/inst/grp_run_fu_161/grp_runController_fu_106/grp_runQueryTile_fu_142/runQueryBlock_1_U0/grp_runAccumulatorColumns_fu_551/top_exponent_reg_6644_reg[7]
  -------------------------------------------------------------------
                         required time                         10.436    
                         arrival time                         -10.117    
  -------------------------------------------------------------------
                         slack                                  0.319    

Slack (MET) :             0.321ns  (required time - arrival time)
  Source:                 u_bd/split_d_system_i/fsa_0/inst/grp_run_fu_161/grp_runController_fu_106/grp_runQueryTile_fu_142/runQueryBlock_1_U0/grp_runAccumulatorColumns_fu_551/icmp_ln123_reg_6488_reg[0]/C
                            (rising edge-triggered cell FDRE clocked by clk_out1_split_d_system_clk_wiz_0_0  {rise@0.000ns fall@5.000ns period=10.000ns})
  Destination:            u_bd/split_d_system_i/fsa_0/inst/grp_run_fu_161/grp_runController_fu_106/grp_runQueryTile_fu_142/runQueryBlock_1_U0/grp_runAccumulatorColumns_fu_551/top_exponent_reg_6644_reg[5]/D
                            (rising edge-triggered cell FDRE clocked by clk_out1_split_d_system_clk_wiz_0_0  {rise@0.000ns fall@5.000ns period=10.000ns})
  Path Group:             clk_out1_split_d_system_clk_wiz_0_0
  Path Type:              Setup (Max at Slow Process Corner)
  Requirement:            10.000ns  (clk_out1_split_d_system_clk_wiz_0_0 rise@10.000ns - clk_out1_split_d_system_clk_wiz_0_0 rise@0.000ns)
  Data Path Delay:        6.860ns  (logic 2.584ns (37.668%)  route 4.276ns (62.332%))
  Logic Levels:           30  (CARRY8=12 LUT2=2 LUT3=2 LUT5=7 LUT6=7)
  Clock Path Skew:        -0.074ns (DCD - SCD + CPR)
    Destination Clock Delay (DCD):    3.591ns = ( 13.591 - 10.000 ) 
    Source Clock Delay      (SCD):    3.255ns
    Clock Pessimism Removal (CPR):    -0.411ns
  Clock Uncertainty:      2.770ns  ((TSJ^2 + DJ^2)^1/2) / 2 + PE + UU
    Total System Jitter     (TSJ):    0.071ns
    Discrete Jitter          (DJ):    0.120ns
    Phase Error              (PE):    0.000ns
    User Uncertainty         (UU):    2.700ns
  Clock Net Delay (Source):      1.960ns (routing 0.581ns, distribution 1.379ns)
  Clock Net Delay (Destination): 1.753ns (routing 0.530ns, distribution 1.223ns)

    Location             Delay type                Incr(ns)  Path(ns)    Netlist Resource(s)
  -------------------------------------------------------------------    -------------------
                         (clock clk_out1_split_d_system_clk_wiz_0_0 rise edge)
                                                      0.000     0.000 r  
    BH42                                              0.000     0.000 r  board_clk_p (IN)
                         net (fo=0)                   0.100     0.100    u_board_clk/I
    HPIOBDIFFINBUF_X0Y36 DIFFINBUF (Prop_DIFFINBUF_HPIOBDIFFINBUF_DIFF_IN_P_O)
                                                      0.615     0.715 r  u_board_clk/DIFFINBUF_INST/O
                         net (fo=1, routed)           0.050     0.765    u_board_clk/OUT
    BH42                 IBUFCTRL (Prop_IBUFCTRL_HPIOB_M_I_O)
                                                      0.000     0.765 r  u_board_clk/IBUFCTRL_INST/O
                         net (fo=4, routed)           0.384     1.149    u_bd/split_d_system_i/clk_wiz_0/inst/clk_in1
    MMCM_X0Y1            MMCME4_ADV (Prop_MMCM_CLKIN1_CLKOUT0)
                                                     -0.127     1.022 r  u_bd/split_d_system_i/clk_wiz_0/inst/mmcme4_adv_inst/CLKOUT0
                         net (fo=1, routed)           0.245     1.267    u_bd/split_d_system_i/clk_wiz_0/inst/clk_out1_split_d_system_clk_wiz_0_0
    BUFGCE_X0Y24         BUFGCE (Prop_BUFCE_BUFGCE_I_O)
                                                      0.028     1.295 r  u_bd/split_d_system_i/clk_wiz_0/inst/clkout1_buf/O
    X3Y1 (CLOCK_ROOT)    net (fo=50729, routed)       1.960     3.255    u_bd/split_d_system_i/fsa_0/inst/grp_run_fu_161/grp_runController_fu_106/grp_runQueryTile_fu_142/runQueryBlock_1_U0/grp_runAccumulatorColumns_fu_551/ap_clk
    SLICE_X156Y230       FDRE                                         r  u_bd/split_d_system_i/fsa_0/inst/grp_run_fu_161/grp_runController_fu_106/grp_runQueryTile_fu_142/runQueryBlock_1_U0/grp_runAccumulatorColumns_fu_551/icmp_ln123_reg_6488_reg[0]/C
  -------------------------------------------------------------------    -------------------
    SLICE_X156Y230       FDRE (Prop_EFF_SLICEM_C_Q)
                                                      0.076     3.331 r  u_bd/split_d_system_i/fsa_0/inst/grp_run_fu_161/grp_runController_fu_106/grp_runQueryTile_fu_142/runQueryBlock_1_U0/grp_runAccumulatorColumns_fu_551/icmp_ln123_reg_6488_reg[0]/Q
                         net (fo=44, routed)          0.301     3.632    u_bd/split_d_system_i/fsa_0/inst/grp_run_fu_161/grp_runController_fu_106/grp_runQueryTile_fu_142/runQueryBlock_1_U0/grp_runAccumulatorColumns_fu_551/icmp_ln123_reg_6488
    SLICE_X155Y228       LUT3 (Prop_A6LUT_SLICEL_I1_O)
                                                      0.050     3.682 r  u_bd/split_d_system_i/fsa_0/inst/grp_run_fu_161/grp_runController_fu_106/grp_runQueryTile_fu_142/runQueryBlock_1_U0/grp_runAccumulatorColumns_fu_551/sign_25_reg_6624[0]_i_93__0/O
                         net (fo=1, routed)           0.009     3.691    u_bd/split_d_system_i/fsa_0/inst/grp_run_fu_161/grp_runController_fu_106/grp_runQueryTile_fu_142/runQueryBlock_1_U0/grp_runAccumulatorColumns_fu_551/sign_25_reg_6624[0]_i_93__0_n_0
    SLICE_X155Y228       CARRY8 (Prop_CARRY8_SLICEL_S[0]_O[1])
                                                      0.094     3.785 r  u_bd/split_d_system_i/fsa_0/inst/grp_run_fu_161/grp_runController_fu_106/grp_runQueryTile_fu_142/runQueryBlock_1_U0/grp_runAccumulatorColumns_fu_551/sign_25_reg_6624_reg[0]_i_48__0/O[1]
                         net (fo=66, routed)          0.451     4.236    u_bd/split_d_system_i/fsa_0/inst/grp_run_fu_161/grp_runController_fu_106/grp_runQueryTile_fu_142/runQueryBlock_1_U0/grp_runAccumulatorColumns_fu_551/zext_ln60_fu_3444_p1[1]
    SLICE_X153Y227       LUT6 (Prop_B6LUT_SLICEL_I2_O)
                                                      0.098     4.334 f  u_bd/split_d_system_i/fsa_0/inst/grp_run_fu_161/grp_runController_fu_106/grp_runQueryTile_fu_142/runQueryBlock_1_U0/grp_runAccumulatorColumns_fu_551/significand_59_reg_6637[46]_i_77__0/O
                         net (fo=4, routed)           0.216     4.550    u_bd/split_d_system_i/fsa_0/inst/grp_run_fu_161/grp_runController_fu_106/grp_runQueryTile_fu_142/runQueryBlock_1_U0/grp_runAccumulatorColumns_fu_551/significand_59_reg_6637[46]_i_77__0_n_0
    SLICE_X154Y225       LUT6 (Prop_H6LUT_SLICEM_I3_O)
                                                      0.053     4.603 f  u_bd/split_d_system_i/fsa_0/inst/grp_run_fu_161/grp_runController_fu_106/grp_runQueryTile_fu_142/runQueryBlock_1_U0/grp_runAccumulatorColumns_fu_551/significand_59_reg_6637[38]_i_66__0/O
                         net (fo=2, routed)           0.457     5.060    u_bd/split_d_system_i/fsa_0/inst/grp_run_fu_161/grp_runController_fu_106/grp_runQueryTile_fu_142/runQueryBlock_1_U0/grp_runAccumulatorColumns_fu_551/significand_59_reg_6637[38]_i_66__0_n_0
    SLICE_X155Y223       LUT3 (Prop_B6LUT_SLICEL_I0_O)
                                                      0.051     5.111 f  u_bd/split_d_system_i/fsa_0/inst/grp_run_fu_161/grp_runController_fu_106/grp_runQueryTile_fu_142/runQueryBlock_1_U0/grp_runAccumulatorColumns_fu_551/significand_59_reg_6637[22]_i_47__0/O
                         net (fo=3, routed)           0.259     5.370    u_bd/split_d_system_i/fsa_0/inst/grp_run_fu_161/grp_runController_fu_106/grp_runQueryTile_fu_142/runQueryBlock_1_U0/grp_runAccumulatorColumns_fu_551/significand_59_reg_6637[22]_i_47__0_n_0
    SLICE_X156Y222       LUT6 (Prop_D6LUT_SLICEM_I0_O)
                                                      0.145     5.515 r  u_bd/split_d_system_i/fsa_0/inst/grp_run_fu_161/grp_runController_fu_106/grp_runQueryTile_fu_142/runQueryBlock_1_U0/grp_runAccumulatorColumns_fu_551/sign_25_reg_6624[0]_i_127__0/O
                         net (fo=1, routed)           0.174     5.689    u_bd/split_d_system_i/fsa_0/inst/grp_run_fu_161/grp_runController_fu_106/grp_runQueryTile_fu_142/runQueryBlock_1_U0/grp_runAccumulatorColumns_fu_551/sign_25_reg_6624[0]_i_127__0_n_0
    SLICE_X157Y222       LUT6 (Prop_H6LUT_SLICEM_I0_O)
                                                      0.090     5.779 f  u_bd/split_d_system_i/fsa_0/inst/grp_run_fu_161/grp_runController_fu_106/grp_runQueryTile_fu_142/runQueryBlock_1_U0/grp_runAccumulatorColumns_fu_551/sign_25_reg_6624[0]_i_117__0/O
                         net (fo=1, routed)           0.100     5.879    u_bd/split_d_system_i/fsa_0/inst/grp_run_fu_161/grp_runController_fu_106/grp_runQueryTile_fu_142/runQueryBlock_1_U0/grp_runAccumulatorColumns_fu_551/sign_25_reg_6624[0]_i_117__0_n_0
    SLICE_X157Y224       LUT6 (Prop_H6LUT_SLICEM_I2_O)
                                                      0.053     5.932 r  u_bd/split_d_system_i/fsa_0/inst/grp_run_fu_161/grp_runController_fu_106/grp_runQueryTile_fu_142/runQueryBlock_1_U0/grp_runAccumulatorColumns_fu_551/sign_25_reg_6624[0]_i_69__0/O
                         net (fo=1, routed)           0.133     6.065    u_bd/split_d_system_i/fsa_0/inst/grp_run_fu_161/grp_runController_fu_106/grp_runQueryTile_fu_142/runQueryBlock_1_U0/grp_runAccumulatorColumns_fu_551/sign_25_reg_6624[0]_i_69__0_n_0
    SLICE_X158Y225       CARRY8 (Prop_CARRY8_SLICEL_DI[0]_CO[7])
                                                      0.131     6.196 r  u_bd/split_d_system_i/fsa_0/inst/grp_run_fu_161/grp_runController_fu_106/grp_runQueryTile_fu_142/runQueryBlock_1_U0/grp_runAccumulatorColumns_fu_551/sign_25_reg_6624_reg[0]_i_31__0/CO[7]
                         net (fo=1, routed)           0.026     6.222    u_bd/split_d_system_i/fsa_0/inst/grp_run_fu_161/grp_runController_fu_106/grp_runQueryTile_fu_142/runQueryBlock_1_U0/grp_runAccumulatorColumns_fu_551/sign_25_reg_6624_reg[0]_i_31__0_n_0
    SLICE_X158Y226       CARRY8 (Prop_CARRY8_SLICEL_CI_CO[7])
                                                      0.015     6.237 r  u_bd/split_d_system_i/fsa_0/inst/grp_run_fu_161/grp_runController_fu_106/grp_runQueryTile_fu_142/runQueryBlock_1_U0/grp_runAccumulatorColumns_fu_551/sign_25_reg_6624_reg[0]_i_8__0/CO[7]
                         net (fo=1, routed)           0.026     6.263    u_bd/split_d_system_i/fsa_0/inst/grp_run_fu_161/grp_runController_fu_106/grp_runQueryTile_fu_142/runQueryBlock_1_U0/grp_runAccumulatorColumns_fu_551/sign_25_reg_6624_reg[0]_i_8__0_n_0
    SLICE_X158Y227       CARRY8 (Prop_CARRY8_SLICEL_CI_CO[7])
                                                      0.015     6.278 r  u_bd/split_d_system_i/fsa_0/inst/grp_run_fu_161/grp_runController_fu_106/grp_runQueryTile_fu_142/runQueryBlock_1_U0/grp_runAccumulatorColumns_fu_551/sign_25_reg_6624_reg[0]_i_3__0/CO[7]
                         net (fo=1, routed)           0.026     6.304    u_bd/split_d_system_i/fsa_0/inst/grp_run_fu_161/grp_runController_fu_106/grp_runQueryTile_fu_142/runQueryBlock_1_U0/grp_runAccumulatorColumns_fu_551/sign_25_reg_6624_reg[0]_i_3__0_n_0
    SLICE_X158Y228       CARRY8 (Prop_CARRY8_SLICEL_CI_CO[1])
                                                      0.042     6.346 r  u_bd/split_d_system_i/fsa_0/inst/grp_run_fu_161/grp_runController_fu_106/grp_runQueryTile_fu_142/runQueryBlock_1_U0/grp_runAccumulatorColumns_fu_551/sign_25_reg_6624_reg[0]_i_2__0/CO[1]
                         net (fo=53, routed)          0.247     6.593    u_bd/split_d_system_i/fsa_0/inst/grp_run_fu_161/grp_runController_fu_106/grp_runQueryTile_fu_142/runQueryBlock_1_U0/grp_runAccumulatorColumns_fu_551/icmp_ln133_fu_3890_p2
    SLICE_X157Y223       LUT2 (Prop_E6LUT_SLICEM_I1_O)
                                                      0.100     6.693 r  u_bd/split_d_system_i/fsa_0/inst/grp_run_fu_161/grp_runController_fu_106/grp_runQueryTile_fu_142/runQueryBlock_1_U0/grp_runAccumulatorColumns_fu_551/significand_59_reg_6637[6]_i_21__0/O
                         net (fo=1, routed)           0.185     6.878    u_bd/split_d_system_i/fsa_0/inst/grp_run_fu_161/grp_runController_fu_106/grp_runQueryTile_fu_142/runQueryBlock_1_U0/grp_runAccumulatorColumns_fu_551/and_ln133_fu_3914_p2
    SLICE_X157Y223       LUT6 (Prop_F6LUT_SLICEM_I0_O)
                                                      0.123     7.001 r  u_bd/split_d_system_i/fsa_0/inst/grp_run_fu_161/grp_runController_fu_106/grp_runQueryTile_fu_142/runQueryBlock_1_U0/grp_runAccumulatorColumns_fu_551/significand_59_reg_6637[6]_i_4__0/O
                         net (fo=1, routed)           0.174     7.175    u_bd/split_d_system_i/fsa_0/inst/grp_run_fu_161/grp_runController_fu_106/grp_runQueryTile_fu_142/runQueryBlock_1_U0/grp_runAccumulatorColumns_fu_551/significand_59_reg_6637[6]_i_4__0_n_0
    SLICE_X157Y225       CARRY8 (Prop_CARRY8_SLICEM_CI_CO[7])
                                                      0.153     7.328 r  u_bd/split_d_system_i/fsa_0/inst/grp_run_fu_161/grp_runController_fu_106/grp_runQueryTile_fu_142/runQueryBlock_1_U0/grp_runAccumulatorColumns_fu_551/significand_59_reg_6637_reg[6]_i_2__0/CO[7]
                         net (fo=1, routed)           0.026     7.354    u_bd/split_d_system_i/fsa_0/inst/grp_run_fu_161/grp_runController_fu_106/grp_runQueryTile_fu_142/runQueryBlock_1_U0/grp_runAccumulatorColumns_fu_551/significand_59_reg_6637_reg[6]_i_2__0_n_0
    SLICE_X157Y226       CARRY8 (Prop_CARRY8_SLICEM_CI_CO[7])
                                                      0.015     7.369 r  u_bd/split_d_system_i/fsa_0/inst/grp_run_fu_161/grp_runController_fu_106/grp_runQueryTile_fu_142/runQueryBlock_1_U0/grp_runAccumulatorColumns_fu_551/significand_59_reg_6637_reg[14]_i_2__0/CO[7]
                         net (fo=1, routed)           0.026     7.395    u_bd/split_d_system_i/fsa_0/inst/grp_run_fu_161/grp_runController_fu_106/grp_runQueryTile_fu_142/runQueryBlock_1_U0/grp_runAccumulatorColumns_fu_551/significand_59_reg_6637_reg[14]_i_2__0_n_0
    SLICE_X157Y227       CARRY8 (Prop_CARRY8_SLICEM_CI_CO[7])
                                                      0.015     7.410 r  u_bd/split_d_system_i/fsa_0/inst/grp_run_fu_161/grp_runController_fu_106/grp_runQueryTile_fu_142/runQueryBlock_1_U0/grp_runAccumulatorColumns_fu_551/significand_59_reg_6637_reg[22]_i_2__0/CO[7]
                         net (fo=1, routed)           0.026     7.436    u_bd/split_d_system_i/fsa_0/inst/grp_run_fu_161/grp_runController_fu_106/grp_runQueryTile_fu_142/runQueryBlock_1_U0/grp_runAccumulatorColumns_fu_551/significand_59_reg_6637_reg[22]_i_2__0_n_0
    SLICE_X157Y228       CARRY8 (Prop_CARRY8_SLICEM_CI_CO[7])
                                                      0.015     7.451 r  u_bd/split_d_system_i/fsa_0/inst/grp_run_fu_161/grp_runController_fu_106/grp_runQueryTile_fu_142/runQueryBlock_1_U0/grp_runAccumulatorColumns_fu_551/significand_59_reg_6637_reg[30]_i_2__0/CO[7]
                         net (fo=1, routed)           0.026     7.477    u_bd/split_d_system_i/fsa_0/inst/grp_run_fu_161/grp_runController_fu_106/grp_runQueryTile_fu_142/runQueryBlock_1_U0/grp_runAccumulatorColumns_fu_551/significand_59_reg_6637_reg[30]_i_2__0_n_0
    SLICE_X157Y229       CARRY8 (Prop_CARRY8_SLICEM_CI_CO[7])
                                                      0.015     7.492 r  u_bd/split_d_system_i/fsa_0/inst/grp_run_fu_161/grp_runController_fu_106/grp_runQueryTile_fu_142/runQueryBlock_1_U0/grp_runAccumulatorColumns_fu_551/significand_59_reg_6637_reg[38]_i_2__0/CO[7]
                         net (fo=1, routed)           0.026     7.518    u_bd/split_d_system_i/fsa_0/inst/grp_run_fu_161/grp_runController_fu_106/grp_runQueryTile_fu_142/runQueryBlock_1_U0/grp_runAccumulatorColumns_fu_551/significand_59_reg_6637_reg[38]_i_2__0_n_0
    SLICE_X157Y230       CARRY8 (Prop_CARRY8_SLICEM_CI_O[7])
                                                      0.116     7.634 r  u_bd/split_d_system_i/fsa_0/inst/grp_run_fu_161/grp_runController_fu_106/grp_runQueryTile_fu_142/runQueryBlock_1_U0/grp_runAccumulatorColumns_fu_551/significand_59_reg_6637_reg[46]_i_2__0/O[7]
                         net (fo=10, routed)          0.388     8.022    u_bd/split_d_system_i/fsa_0/inst/grp_run_fu_161/grp_runController_fu_106/grp_runQueryTile_fu_142/runQueryBlock_1_U0/grp_runAccumulatorColumns_fu_551/ctlz_51_51_1_1_U305/dout_tmp0_in[47]
    SLICE_X157Y237       LUT5 (Prop_B6LUT_SLICEM_I3_O)
                                                      0.052     8.074 f  u_bd/split_d_system_i/fsa_0/inst/grp_run_fu_161/grp_runController_fu_106/grp_runQueryTile_fu_142/runQueryBlock_1_U0/grp_runAccumulatorColumns_fu_551/ctlz_51_51_1_1_U305/significand_59_reg_6637[50]_i_82__0/O
                         net (fo=1, routed)           0.091     8.165    u_bd/split_d_system_i/fsa_0/inst/grp_run_fu_161/grp_runController_fu_106/grp_runQueryTile_fu_142/runQueryBlock_1_U0/grp_runAccumulatorColumns_fu_551/ctlz_51_51_1_1_U305/significand_59_reg_6637[50]_i_82__0_n_0
    SLICE_X157Y238       LUT5 (Prop_H6LUT_SLICEM_I2_O)
                                                      0.101     8.266 f  u_bd/split_d_system_i/fsa_0/inst/grp_run_fu_161/grp_runController_fu_106/grp_runQueryTile_fu_142/runQueryBlock_1_U0/grp_runAccumulatorColumns_fu_551/ctlz_51_51_1_1_U305/significand_59_reg_6637[50]_i_80__0/O
                         net (fo=1, routed)           0.098     8.364    u_bd/split_d_system_i/fsa_0/inst/grp_run_fu_161/grp_runController_fu_106/grp_runQueryTile_fu_142/runQueryBlock_1_U0/grp_runAccumulatorColumns_fu_551/ctlz_51_51_1_1_U305/significand_59_reg_6637[50]_i_80__0_n_0
    SLICE_X157Y237       LUT5 (Prop_D6LUT_SLICEM_I2_O)
                                                      0.122     8.486 f  u_bd/split_d_system_i/fsa_0/inst/grp_run_fu_161/grp_runController_fu_106/grp_runQueryTile_fu_142/runQueryBlock_1_U0/grp_runAccumulatorColumns_fu_551/ctlz_51_51_1_1_U305/significand_59_reg_6637[50]_i_77__0/O
                         net (fo=1, routed)           0.045     8.531    u_bd/split_d_system_i/fsa_0/inst/grp_run_fu_161/grp_runController_fu_106/grp_runQueryTile_fu_142/runQueryBlock_1_U0/grp_runAccumulatorColumns_fu_551/ctlz_51_51_1_1_U305/significand_59_reg_6637[50]_i_77__0_n_0
    SLICE_X157Y237       LUT6 (Prop_H6LUT_SLICEM_I2_O)
                                                      0.101     8.632 f  u_bd/split_d_system_i/fsa_0/inst/grp_run_fu_161/grp_runController_fu_106/grp_runQueryTile_fu_142/runQueryBlock_1_U0/grp_runAccumulatorColumns_fu_551/ctlz_51_51_1_1_U305/significand_59_reg_6637[50]_i_72__0/O
                         net (fo=1, routed)           0.206     8.838    u_bd/split_d_system_i/fsa_0/inst/grp_run_fu_161/grp_runController_fu_106/grp_runQueryTile_fu_142/runQueryBlock_1_U0/grp_runAccumulatorColumns_fu_551/ctlz_51_51_1_1_U305/significand_59_reg_6637[50]_i_72__0_n_0
    SLICE_X158Y236       LUT5 (Prop_B6LUT_SLICEL_I2_O)
                                                      0.036     8.874 f  u_bd/split_d_system_i/fsa_0/inst/grp_run_fu_161/grp_runController_fu_106/grp_runQueryTile_fu_142/runQueryBlock_1_U0/grp_runAccumulatorColumns_fu_551/ctlz_51_51_1_1_U305/significand_59_reg_6637[50]_i_65__0/O
                         net (fo=1, routed)           0.100     8.974    u_bd/split_d_system_i/fsa_0/inst/grp_run_fu_161/grp_runController_fu_106/grp_runQueryTile_fu_142/runQueryBlock_1_U0/grp_runAccumulatorColumns_fu_551/ctlz_51_51_1_1_U305/significand_59_reg_6637[50]_i_65__0_n_0
    SLICE_X158Y234       LUT5 (Prop_B6LUT_SLICEL_I2_O)
                                                      0.124     9.098 f  u_bd/split_d_system_i/fsa_0/inst/grp_run_fu_161/grp_runController_fu_106/grp_runQueryTile_fu_142/runQueryBlock_1_U0/grp_runAccumulatorColumns_fu_551/ctlz_51_51_1_1_U305/significand_59_reg_6637[50]_i_46__0/O
                         net (fo=1, routed)           0.093     9.191    u_bd/split_d_system_i/fsa_0/inst/grp_run_fu_161/grp_runController_fu_106/grp_runQueryTile_fu_142/runQueryBlock_1_U0/grp_runAccumulatorColumns_fu_551/ctlz_51_51_1_1_U305/significand_59_reg_6637[50]_i_46__0_n_0
    SLICE_X158Y233       LUT5 (Prop_B6LUT_SLICEL_I2_O)
                                                      0.124     9.315 r  u_bd/split_d_system_i/fsa_0/inst/grp_run_fu_161/grp_runController_fu_106/grp_runQueryTile_fu_142/runQueryBlock_1_U0/grp_runAccumulatorColumns_fu_551/ctlz_51_51_1_1_U305/significand_59_reg_6637[50]_i_17__0/O
                         net (fo=1, routed)           0.088     9.403    u_bd/split_d_system_i/fsa_0/inst/grp_run_fu_161/grp_runController_fu_106/grp_runQueryTile_fu_142/runQueryBlock_1_U0/grp_runAccumulatorColumns_fu_551/ctlz_51_51_1_1_U305/significand_59_reg_6637[50]_i_17__0_n_0
    SLICE_X158Y232       LUT5 (Prop_G6LUT_SLICEL_I1_O)
                                                      0.097     9.500 r  u_bd/split_d_system_i/fsa_0/inst/grp_run_fu_161/grp_runController_fu_106/grp_runQueryTile_fu_142/runQueryBlock_1_U0/grp_runAccumulatorColumns_fu_551/ctlz_51_51_1_1_U305/significand_59_reg_6637[50]_i_5__0/O
                         net (fo=53, routed)          0.219     9.719    u_bd/split_d_system_i/fsa_0/inst/grp_run_fu_161/grp_runController_fu_106/grp_runQueryTile_fu_142/runQueryBlock_1_U0/grp_runAccumulatorColumns_fu_551/distance_26_fu_3999_p3[0]
    SLICE_X158Y229       LUT2 (Prop_A6LUT_SLICEL_I0_O)
                                                      0.124     9.843 r  u_bd/split_d_system_i/fsa_0/inst/grp_run_fu_161/grp_runController_fu_106/grp_runQueryTile_fu_142/runQueryBlock_1_U0/grp_runAccumulatorColumns_fu_551/top_exponent_reg_6644[7]_i_18__0/O
                         net (fo=1, routed)           0.009     9.852    u_bd/split_d_system_i/fsa_0/inst/grp_run_fu_161/grp_runController_fu_106/grp_runQueryTile_fu_142/runQueryBlock_1_U0/grp_runAccumulatorColumns_fu_551/top_exponent_reg_6644[7]_i_18__0_n_0
    SLICE_X158Y229       CARRY8 (Prop_CARRY8_SLICEL_S[0]_O[5])
                                                      0.238    10.090 r  u_bd/split_d_system_i/fsa_0/inst/grp_run_fu_161/grp_runController_fu_106/grp_runQueryTile_fu_142/runQueryBlock_1_U0/grp_runAccumulatorColumns_fu_551/top_exponent_reg_6644_reg[7]_i_1__0/O[5]
                         net (fo=1, routed)           0.025    10.115    u_bd/split_d_system_i/fsa_0/inst/grp_run_fu_161/grp_runController_fu_106/grp_runQueryTile_fu_142/runQueryBlock_1_U0/grp_runAccumulatorColumns_fu_551/top_exponent_fu_4051_p3[5]
    SLICE_X158Y229       FDRE                                         r  u_bd/split_d_system_i/fsa_0/inst/grp_run_fu_161/grp_runController_fu_106/grp_runQueryTile_fu_142/runQueryBlock_1_U0/grp_runAccumulatorColumns_fu_551/top_exponent_reg_6644_reg[5]/D
  -------------------------------------------------------------------    -------------------

                         (clock clk_out1_split_d_system_clk_wiz_0_0 rise edge)
                                                     10.000    10.000 r  
    BH42                                              0.000    10.000 r  board_clk_p (IN)
                         net (fo=0)                   0.079    10.079    u_board_clk/I
    HPIOBDIFFINBUF_X0Y36 DIFFINBUF (Prop_DIFFINBUF_HPIOBDIFFINBUF_DIFF_IN_P_O)
                                                      0.518    10.597 r  u_board_clk/DIFFINBUF_INST/O
                         net (fo=1, routed)           0.040    10.637    u_board_clk/OUT
    BH42                 IBUFCTRL (Prop_IBUFCTRL_HPIOB_M_I_O)
                                                      0.000    10.637 r  u_board_clk/IBUFCTRL_INST/O
                         net (fo=4, routed)           0.333    10.970    u_bd/split_d_system_i/clk_wiz_0/inst/clk_in1
    MMCM_X0Y1            MMCME4_ADV (Prop_MMCM_CLKIN1_CLKOUT0)
                                                      0.630    11.600 r  u_bd/split_d_system_i/clk_wiz_0/inst/mmcme4_adv_inst/CLKOUT0
                         net (fo=1, routed)           0.215    11.815    u_bd/split_d_system_i/clk_wiz_0/inst/clk_out1_split_d_system_clk_wiz_0_0
    BUFGCE_X0Y24         BUFGCE (Prop_BUFCE_BUFGCE_I_O)
                                                      0.024    11.839 r  u_bd/split_d_system_i/clk_wiz_0/inst/clkout1_buf/O
    X3Y1 (CLOCK_ROOT)    net (fo=50729, routed)       1.753    13.591    u_bd/split_d_system_i/fsa_0/inst/grp_run_fu_161/grp_runController_fu_106/grp_runQueryTile_fu_142/runQueryBlock_1_U0/grp_runAccumulatorColumns_fu_551/ap_clk
    SLICE_X158Y229       FDRE                                         r  u_bd/split_d_system_i/fsa_0/inst/grp_run_fu_161/grp_runController_fu_106/grp_runQueryTile_fu_142/runQueryBlock_1_U0/grp_runAccumulatorColumns_fu_551/top_exponent_reg_6644_reg[5]/C
                         clock pessimism             -0.411    13.181    
                         clock uncertainty           -2.770    10.411    
    SLICE_X158Y229       FDRE (Setup_FFF_SLICEL_C_D)
                                                      0.025    10.436    u_bd/split_d_system_i/fsa_0/inst/grp_run_fu_161/grp_runController_fu_106/grp_runQueryTile_fu_142/runQueryBlock_1_U0/grp_runAccumulatorColumns_fu_551/top_exponent_reg_6644_reg[5]
  -------------------------------------------------------------------
                         required time                         10.436    
                         arrival time                         -10.115    
  -------------------------------------------------------------------
                         slack                                  0.321    

Slack (MET) :             0.324ns  (required time - arrival time)
  Source:                 u_bd/split_d_system_i/fsa_0/inst/grp_run_fu_161/grp_runController_fu_106/grp_runQueryTile_fu_142/runQueryBlock_0_U0/grp_runAccumulatorColumns_fu_512/icmp_ln123_reg_6488_reg[0]/C
                            (rising edge-triggered cell FDRE clocked by clk_out1_split_d_system_clk_wiz_0_0  {rise@0.000ns fall@5.000ns period=10.000ns})
  Destination:            u_bd/split_d_system_i/fsa_0/inst/grp_run_fu_161/grp_runController_fu_106/grp_runQueryTile_fu_142/runQueryBlock_0_U0/grp_runAccumulatorColumns_fu_512/significand_59_reg_6637_reg[48]/D
                            (rising edge-triggered cell FDRE clocked by clk_out1_split_d_system_clk_wiz_0_0  {rise@0.000ns fall@5.000ns period=10.000ns})
  Path Group:             clk_out1_split_d_system_clk_wiz_0_0
  Path Type:              Setup (Max at Slow Process Corner)
  Requirement:            10.000ns  (clk_out1_split_d_system_clk_wiz_0_0 rise@10.000ns - clk_out1_split_d_system_clk_wiz_0_0 rise@0.000ns)
  Data Path Delay:        6.889ns  (logic 2.507ns (36.391%)  route 4.382ns (63.609%))
  Logic Levels:           30  (CARRY8=12 LUT2=2 LUT3=2 LUT4=1 LUT5=7 LUT6=6)
  Clock Path Skew:        -0.042ns (DCD - SCD + CPR)
    Destination Clock Delay (DCD):    3.461ns = ( 13.461 - 10.000 ) 
    Source Clock Delay      (SCD):    3.131ns
    Clock Pessimism Removal (CPR):    -0.372ns
  Clock Uncertainty:      2.770ns  ((TSJ^2 + DJ^2)^1/2) / 2 + PE + UU
    Total System Jitter     (TSJ):    0.071ns
    Discrete Jitter          (DJ):    0.120ns
    Phase Error              (PE):    0.000ns
    User Uncertainty         (UU):    2.700ns
  Clock Net Delay (Source):      1.836ns (routing 0.581ns, distribution 1.255ns)
  Clock Net Delay (Destination): 1.622ns (routing 0.530ns, distribution 1.092ns)

    Location             Delay type                Incr(ns)  Path(ns)    Netlist Resource(s)
  -------------------------------------------------------------------    -------------------
                         (clock clk_out1_split_d_system_clk_wiz_0_0 rise edge)
                                                      0.000     0.000 r  
    BH42                                              0.000     0.000 r  board_clk_p (IN)
                         net (fo=0)                   0.100     0.100    u_board_clk/I
    HPIOBDIFFINBUF_X0Y36 DIFFINBUF (Prop_DIFFINBUF_HPIOBDIFFINBUF_DIFF_IN_P_O)
                                                      0.615     0.715 r  u_board_clk/DIFFINBUF_INST/O
                         net (fo=1, routed)           0.050     0.765    u_board_clk/OUT
    BH42                 IBUFCTRL (Prop_IBUFCTRL_HPIOB_M_I_O)
                                                      0.000     0.765 r  u_board_clk/IBUFCTRL_INST/O
                         net (fo=4, routed)           0.384     1.149    u_bd/split_d_system_i/clk_wiz_0/inst/clk_in1
    MMCM_X0Y1            MMCME4_ADV (Prop_MMCM_CLKIN1_CLKOUT0)
                                                     -0.127     1.022 r  u_bd/split_d_system_i/clk_wiz_0/inst/mmcme4_adv_inst/CLKOUT0
                         net (fo=1, routed)           0.245     1.267    u_bd/split_d_system_i/clk_wiz_0/inst/clk_out1_split_d_system_clk_wiz_0_0
    BUFGCE_X0Y24         BUFGCE (Prop_BUFCE_BUFGCE_I_O)
                                                      0.028     1.295 r  u_bd/split_d_system_i/clk_wiz_0/inst/clkout1_buf/O
    X3Y1 (CLOCK_ROOT)    net (fo=50729, routed)       1.836     3.131    u_bd/split_d_system_i/fsa_0/inst/grp_run_fu_161/grp_runController_fu_106/grp_runQueryTile_fu_142/runQueryBlock_0_U0/grp_runAccumulatorColumns_fu_512/ap_clk
    SLICE_X50Y169        FDRE                                         r  u_bd/split_d_system_i/fsa_0/inst/grp_run_fu_161/grp_runController_fu_106/grp_runQueryTile_fu_142/runQueryBlock_0_U0/grp_runAccumulatorColumns_fu_512/icmp_ln123_reg_6488_reg[0]/C
  -------------------------------------------------------------------    -------------------
    SLICE_X50Y169        FDRE (Prop_EFF_SLICEM_C_Q)
                                                      0.076     3.207 f  u_bd/split_d_system_i/fsa_0/inst/grp_run_fu_161/grp_runController_fu_106/grp_runQueryTile_fu_142/runQueryBlock_0_U0/grp_runAccumulatorColumns_fu_512/icmp_ln123_reg_6488_reg[0]/Q
                         net (fo=44, routed)          0.289     3.496    u_bd/split_d_system_i/fsa_0/inst/grp_run_fu_161/grp_runController_fu_106/grp_runQueryTile_fu_142/runQueryBlock_0_U0/grp_runAccumulatorColumns_fu_512/icmp_ln123_reg_6488
    SLICE_X51Y171        LUT3 (Prop_B6LUT_SLICEL_I0_O)
                                                      0.090     3.586 r  u_bd/split_d_system_i/fsa_0/inst/grp_run_fu_161/grp_runController_fu_106/grp_runQueryTile_fu_142/runQueryBlock_0_U0/grp_runAccumulatorColumns_fu_512/sign_25_reg_6624[0]_i_114/O
                         net (fo=1, routed)           0.009     3.595    u_bd/split_d_system_i/fsa_0/inst/grp_run_fu_161/grp_runController_fu_106/grp_runQueryTile_fu_142/runQueryBlock_0_U0/grp_runAccumulatorColumns_fu_512/sign_25_reg_6624[0]_i_114_n_0
    SLICE_X51Y171        CARRY8 (Prop_CARRY8_SLICEL_S[1]_O[5])
                                                      0.233     3.828 f  u_bd/split_d_system_i/fsa_0/inst/grp_run_fu_161/grp_runController_fu_106/grp_runQueryTile_fu_142/runQueryBlock_0_U0/grp_runAccumulatorColumns_fu_512/sign_25_reg_6624_reg[0]_i_54/O[5]
                         net (fo=55, routed)          0.249     4.077    u_bd/split_d_system_i/fsa_0/inst/grp_run_fu_161/grp_runController_fu_106/grp_runQueryTile_fu_142/runQueryBlock_0_U0/grp_runAccumulatorColumns_fu_512/zext_ln60_9_fu_3684_p1[5]
    SLICE_X52Y172        LUT6 (Prop_H6LUT_SLICEM_I4_O)
                                                      0.125     4.202 f  u_bd/split_d_system_i/fsa_0/inst/grp_run_fu_161/grp_runController_fu_106/grp_runQueryTile_fu_142/runQueryBlock_0_U0/grp_runAccumulatorColumns_fu_512/sign_25_reg_6624[0]_i_98/O
                         net (fo=1, routed)           0.124     4.326    u_bd/split_d_system_i/fsa_0/inst/grp_run_fu_161/grp_runController_fu_106/grp_runQueryTile_fu_142/runQueryBlock_0_U0/grp_runAccumulatorColumns_fu_512/sign_25_reg_6624[0]_i_98_n_0
    SLICE_X53Y173        LUT5 (Prop_G6LUT_SLICEM_I3_O)
                                                      0.150     4.476 f  u_bd/split_d_system_i/fsa_0/inst/grp_run_fu_161/grp_runController_fu_106/grp_runQueryTile_fu_142/runQueryBlock_0_U0/grp_runAccumulatorColumns_fu_512/sign_25_reg_6624[0]_i_52/O
                         net (fo=49, routed)          0.337     4.813    u_bd/split_d_system_i/fsa_0/inst/grp_run_fu_161/grp_runController_fu_106/grp_runQueryTile_fu_142/runQueryBlock_0_U0/grp_runAccumulatorColumns_fu_512/icmp_ln53_2_fu_3643_p2
    SLICE_X56Y172        LUT5 (Prop_E6LUT_SLICEM_I1_O)
                                                      0.052     4.865 r  u_bd/split_d_system_i/fsa_0/inst/grp_run_fu_161/grp_runController_fu_106/grp_runQueryTile_fu_142/runQueryBlock_0_U0/grp_runAccumulatorColumns_fu_512/significand_59_reg_6637[6]_i_108/O
                         net (fo=1, routed)           0.141     5.006    u_bd/split_d_system_i/fsa_0/inst/grp_run_fu_161/grp_runController_fu_106/grp_runQueryTile_fu_142/runQueryBlock_0_U0/grp_runAccumulatorColumns_fu_512/significand_59_reg_6637[6]_i_108_n_0
    SLICE_X56Y173        LUT6 (Prop_G6LUT_SLICEM_I5_O)
                                                      0.052     5.058 f  u_bd/split_d_system_i/fsa_0/inst/grp_run_fu_161/grp_runController_fu_106/grp_runQueryTile_fu_142/runQueryBlock_0_U0/grp_runAccumulatorColumns_fu_512/significand_59_reg_6637[6]_i_74/O
                         net (fo=1, routed)           0.147     5.205    u_bd/split_d_system_i/fsa_0/inst/grp_run_fu_161/grp_runController_fu_106/grp_runQueryTile_fu_142/runQueryBlock_0_U0/grp_runAccumulatorColumns_fu_512/significand_59_reg_6637[6]_i_74_n_0
    SLICE_X55Y175        LUT6 (Prop_D6LUT_SLICEL_I5_O)
                                                      0.122     5.327 r  u_bd/split_d_system_i/fsa_0/inst/grp_run_fu_161/grp_runController_fu_106/grp_runQueryTile_fu_142/runQueryBlock_0_U0/grp_runAccumulatorColumns_fu_512/significand_59_reg_6637[6]_i_41/O
                         net (fo=3, routed)           0.333     5.660    u_bd/split_d_system_i/fsa_0/inst/grp_run_fu_161/grp_runController_fu_106/grp_runQueryTile_fu_142/runQueryBlock_0_U0/grp_runAccumulatorColumns_fu_512/significand_59_reg_6637[6]_i_41_n_0
    SLICE_X52Y172        LUT6 (Prop_D6LUT_SLICEM_I3_O)
                                                      0.088     5.748 r  u_bd/split_d_system_i/fsa_0/inst/grp_run_fu_161/grp_runController_fu_106/grp_runQueryTile_fu_142/runQueryBlock_0_U0/grp_runAccumulatorColumns_fu_512/sign_25_reg_6624[0]_i_69/O
                         net (fo=1, routed)           0.224     5.972    u_bd/split_d_system_i/fsa_0/inst/grp_run_fu_161/grp_runController_fu_106/grp_runQueryTile_fu_142/runQueryBlock_0_U0/grp_runAccumulatorColumns_fu_512/sign_25_reg_6624[0]_i_69_n_0
    SLICE_X52Y169        CARRY8 (Prop_CARRY8_SLICEM_DI[0]_CO[7])
                                                      0.133     6.105 r  u_bd/split_d_system_i/fsa_0/inst/grp_run_fu_161/grp_runController_fu_106/grp_runQueryTile_fu_142/runQueryBlock_0_U0/grp_runAccumulatorColumns_fu_512/sign_25_reg_6624_reg[0]_i_31/CO[7]
                         net (fo=1, routed)           0.026     6.131    u_bd/split_d_system_i/fsa_0/inst/grp_run_fu_161/grp_runController_fu_106/grp_runQueryTile_fu_142/runQueryBlock_0_U0/grp_runAccumulatorColumns_fu_512/sign_25_reg_6624_reg[0]_i_31_n_0
    SLICE_X52Y170        CARRY8 (Prop_CARRY8_SLICEM_CI_CO[7])
                                                      0.015     6.146 r  u_bd/split_d_system_i/fsa_0/inst/grp_run_fu_161/grp_runController_fu_106/grp_runQueryTile_fu_142/runQueryBlock_0_U0/grp_runAccumulatorColumns_fu_512/sign_25_reg_6624_reg[0]_i_8/CO[7]
                         net (fo=1, routed)           0.026     6.172    u_bd/split_d_system_i/fsa_0/inst/grp_run_fu_161/grp_runController_fu_106/grp_runQueryTile_fu_142/runQueryBlock_0_U0/grp_runAccumulatorColumns_fu_512/sign_25_reg_6624_reg[0]_i_8_n_0
    SLICE_X52Y171        CARRY8 (Prop_CARRY8_SLICEM_CI_CO[7])
                                                      0.015     6.187 r  u_bd/split_d_system_i/fsa_0/inst/grp_run_fu_161/grp_runController_fu_106/grp_runQueryTile_fu_142/runQueryBlock_0_U0/grp_runAccumulatorColumns_fu_512/sign_25_reg_6624_reg[0]_i_3/CO[7]
                         net (fo=1, routed)           0.026     6.213    u_bd/split_d_system_i/fsa_0/inst/grp_run_fu_161/grp_runController_fu_106/grp_runQueryTile_fu_142/runQueryBlock_0_U0/grp_runAccumulatorColumns_fu_512/sign_25_reg_6624_reg[0]_i_3_n_0
    SLICE_X52Y172        CARRY8 (Prop_CARRY8_SLICEM_CI_CO[1])
                                                      0.042     6.255 r  u_bd/split_d_system_i/fsa_0/inst/grp_run_fu_161/grp_runController_fu_106/grp_runQueryTile_fu_142/runQueryBlock_0_U0/grp_runAccumulatorColumns_fu_512/sign_25_reg_6624_reg[0]_i_2/CO[1]
                         net (fo=53, routed)          0.301     6.556    u_bd/split_d_system_i/fsa_0/inst/grp_run_fu_161/grp_runController_fu_106/grp_runQueryTile_fu_142/runQueryBlock_0_U0/grp_runAccumulatorColumns_fu_512/icmp_ln133_fu_3890_p2
    SLICE_X52Y168        LUT2 (Prop_A5LUT_SLICEM_I1_O)
                                                      0.100     6.656 r  u_bd/split_d_system_i/fsa_0/inst/grp_run_fu_161/grp_runController_fu_106/grp_runQueryTile_fu_142/runQueryBlock_0_U0/grp_runAccumulatorColumns_fu_512/significand_59_reg_6637[6]_i_21/O
                         net (fo=1, routed)           0.178     6.834    u_bd/split_d_system_i/fsa_0/inst/grp_run_fu_161/grp_runController_fu_106/grp_runQueryTile_fu_142/runQueryBlock_0_U0/grp_runAccumulatorColumns_fu_512/and_ln133_fu_3914_p2
    SLICE_X52Y168        LUT6 (Prop_G6LUT_SLICEM_I0_O)
                                                      0.090     6.924 r  u_bd/split_d_system_i/fsa_0/inst/grp_run_fu_161/grp_runController_fu_106/grp_runQueryTile_fu_142/runQueryBlock_0_U0/grp_runAccumulatorColumns_fu_512/significand_59_reg_6637[6]_i_4/O
                         net (fo=1, routed)           0.240     7.164    u_bd/split_d_system_i/fsa_0/inst/grp_run_fu_161/grp_runController_fu_106/grp_runQueryTile_fu_142/runQueryBlock_0_U0/grp_runAccumulatorColumns_fu_512/significand_59_reg_6637[6]_i_4_n_0
    SLICE_X53Y167        CARRY8 (Prop_CARRY8_SLICEM_CI_CO[7])
                                                      0.153     7.317 r  u_bd/split_d_system_i/fsa_0/inst/grp_run_fu_161/grp_runController_fu_106/grp_runQueryTile_fu_142/runQueryBlock_0_U0/grp_runAccumulatorColumns_fu_512/significand_59_reg_6637_reg[6]_i_2/CO[7]
                         net (fo=1, routed)           0.026     7.343    u_bd/split_d_system_i/fsa_0/inst/grp_run_fu_161/grp_runController_fu_106/grp_runQueryTile_fu_142/runQueryBlock_0_U0/grp_runAccumulatorColumns_fu_512/significand_59_reg_6637_reg[6]_i_2_n_0
    SLICE_X53Y168        CARRY8 (Prop_CARRY8_SLICEM_CI_CO[7])
                                                      0.015     7.358 r  u_bd/split_d_system_i/fsa_0/inst/grp_run_fu_161/grp_runController_fu_106/grp_runQueryTile_fu_142/runQueryBlock_0_U0/grp_runAccumulatorColumns_fu_512/significand_59_reg_6637_reg[14]_i_2/CO[7]
                         net (fo=1, routed)           0.026     7.384    u_bd/split_d_system_i/fsa_0/inst/grp_run_fu_161/grp_runController_fu_106/grp_runQueryTile_fu_142/runQueryBlock_0_U0/grp_runAccumulatorColumns_fu_512/significand_59_reg_6637_reg[14]_i_2_n_0
    SLICE_X53Y169        CARRY8 (Prop_CARRY8_SLICEM_CI_CO[7])
                                                      0.015     7.399 r  u_bd/split_d_system_i/fsa_0/inst/grp_run_fu_161/grp_runController_fu_106/grp_runQueryTile_fu_142/runQueryBlock_0_U0/grp_runAccumulatorColumns_fu_512/significand_59_reg_6637_reg[22]_i_2/CO[7]
                         net (fo=1, routed)           0.026     7.425    u_bd/split_d_system_i/fsa_0/inst/grp_run_fu_161/grp_runController_fu_106/grp_runQueryTile_fu_142/runQueryBlock_0_U0/grp_runAccumulatorColumns_fu_512/significand_59_reg_6637_reg[22]_i_2_n_0
    SLICE_X53Y170        CARRY8 (Prop_CARRY8_SLICEM_CI_CO[7])
                                                      0.015     7.440 r  u_bd/split_d_system_i/fsa_0/inst/grp_run_fu_161/grp_runController_fu_106/grp_runQueryTile_fu_142/runQueryBlock_0_U0/grp_runAccumulatorColumns_fu_512/significand_59_reg_6637_reg[30]_i_2/CO[7]
                         net (fo=1, routed)           0.026     7.466    u_bd/split_d_system_i/fsa_0/inst/grp_run_fu_161/grp_runController_fu_106/grp_runQueryTile_fu_142/runQueryBlock_0_U0/grp_runAccumulatorColumns_fu_512/significand_59_reg_6637_reg[30]_i_2_n_0
    SLICE_X53Y171        CARRY8 (Prop_CARRY8_SLICEM_CI_CO[7])
                                                      0.015     7.481 r  u_bd/split_d_system_i/fsa_0/inst/grp_run_fu_161/grp_runController_fu_106/grp_runQueryTile_fu_142/runQueryBlock_0_U0/grp_runAccumulatorColumns_fu_512/significand_59_reg_6637_reg[38]_i_2/CO[7]
                         net (fo=1, routed)           0.026     7.507    u_bd/split_d_system_i/fsa_0/inst/grp_run_fu_161/grp_runController_fu_106/grp_runQueryTile_fu_142/runQueryBlock_0_U0/grp_runAccumulatorColumns_fu_512/significand_59_reg_6637_reg[38]_i_2_n_0
    SLICE_X53Y172        CARRY8 (Prop_CARRY8_SLICEM_CI_CO[7])
                                                      0.015     7.522 r  u_bd/split_d_system_i/fsa_0/inst/grp_run_fu_161/grp_runController_fu_106/grp_runQueryTile_fu_142/runQueryBlock_0_U0/grp_runAccumulatorColumns_fu_512/significand_59_reg_6637_reg[46]_i_2/CO[7]
                         net (fo=1, routed)           0.026     7.548    u_bd/split_d_system_i/fsa_0/inst/grp_run_fu_161/grp_runController_fu_106/grp_runQueryTile_fu_142/runQueryBlock_0_U0/grp_runAccumulatorColumns_fu_512/significand_59_reg_6637_reg[46]_i_2_n_0
    SLICE_X53Y173        CARRY8 (Prop_CARRY8_SLICEM_CI_O[2])
                                                      0.067     7.615 f  u_bd/split_d_system_i/fsa_0/inst/grp_run_fu_161/grp_runController_fu_106/grp_runQueryTile_fu_142/runQueryBlock_0_U0/grp_runAccumulatorColumns_fu_512/significand_59_reg_6637_reg[50]_i_6/O[2]
                         net (fo=7, routed)           0.361     7.976    u_bd/split_d_system_i/fsa_0/inst/grp_run_fu_161/grp_runController_fu_106/grp_runQueryTile_fu_142/runQueryBlock_0_U0/grp_runAccumulatorColumns_fu_512/ctlz_51_51_1_1_U305/dout_tmp0_in[50]
    SLICE_X52Y168        LUT4 (Prop_B6LUT_SLICEM_I2_O)
                                                      0.089     8.065 r  u_bd/split_d_system_i/fsa_0/inst/grp_run_fu_161/grp_runController_fu_106/grp_runQueryTile_fu_142/runQueryBlock_0_U0/grp_runAccumulatorColumns_fu_512/ctlz_51_51_1_1_U305/significand_59_reg_6637[50]_i_61/O
                         net (fo=1, routed)           0.091     8.156    u_bd/split_d_system_i/fsa_0/inst/grp_run_fu_161/grp_runController_fu_106/grp_runQueryTile_fu_142/runQueryBlock_0_U0/grp_runAccumulatorColumns_fu_512/ctlz_51_51_1_1_U305/significand_59_reg_6637[50]_i_61_n_0
    SLICE_X52Y168        LUT5 (Prop_C6LUT_SLICEM_I4_O)
                                                      0.098     8.254 r  u_bd/split_d_system_i/fsa_0/inst/grp_run_fu_161/grp_runController_fu_106/grp_runQueryTile_fu_142/runQueryBlock_0_U0/grp_runAccumulatorColumns_fu_512/ctlz_51_51_1_1_U305/significand_59_reg_6637[50]_i_40/O
                         net (fo=2, routed)           0.159     8.413    u_bd/split_d_system_i/fsa_0/inst/grp_run_fu_161/grp_runController_fu_106/grp_runQueryTile_fu_142/runQueryBlock_0_U0/grp_runAccumulatorColumns_fu_512/ctlz_51_51_1_1_U305/significand_59_reg_6637[50]_i_40_n_0
    SLICE_X53Y166        LUT6 (Prop_H6LUT_SLICEM_I5_O)
                                                      0.039     8.452 r  u_bd/split_d_system_i/fsa_0/inst/grp_run_fu_161/grp_runController_fu_106/grp_runQueryTile_fu_142/runQueryBlock_0_U0/grp_runAccumulatorColumns_fu_512/ctlz_51_51_1_1_U305/significand_59_reg_6637[2]_i_5/O
                         net (fo=2, routed)           0.143     8.595    u_bd/split_d_system_i/fsa_0/inst/grp_run_fu_161/grp_runController_fu_106/grp_runQueryTile_fu_142/runQueryBlock_0_U0/grp_runAccumulatorColumns_fu_512/ctlz_51_51_1_1_U305/significand_59_reg_6637[2]_i_5_n_0
    SLICE_X53Y166        LUT2 (Prop_A6LUT_SLICEM_I1_O)
                                                      0.090     8.685 r  u_bd/split_d_system_i/fsa_0/inst/grp_run_fu_161/grp_runController_fu_106/grp_runQueryTile_fu_142/runQueryBlock_0_U0/grp_runAccumulatorColumns_fu_512/ctlz_51_51_1_1_U305/significand_59_reg_6637[2]_i_4/O
                         net (fo=77, routed)          0.195     8.880    u_bd/split_d_system_i/fsa_0/inst/grp_run_fu_161/grp_runController_fu_106/grp_runQueryTile_fu_142/runQueryBlock_0_U0/grp_runAccumulatorColumns_fu_512/distance_26_fu_3999_p3[5]
    SLICE_X52Y166        LUT5 (Prop_G6LUT_SLICEM_I3_O)
                                                      0.052     8.932 r  u_bd/split_d_system_i/fsa_0/inst/grp_run_fu_161/grp_runController_fu_106/grp_runQueryTile_fu_142/runQueryBlock_0_U0/grp_runAccumulatorColumns_fu_512/significand_59_reg_6637[46]_i_38/O
                         net (fo=2, routed)           0.162     9.094    u_bd/split_d_system_i/fsa_0/inst/grp_run_fu_161/grp_runController_fu_106/grp_runQueryTile_fu_142/runQueryBlock_0_U0/grp_runAccumulatorColumns_fu_512/significand_59_reg_6637[46]_i_38_n_0
    SLICE_X51Y165        LUT3 (Prop_B6LUT_SLICEL_I0_O)
                                                      0.148     9.242 r  u_bd/split_d_system_i/fsa_0/inst/grp_run_fu_161/grp_runController_fu_106/grp_runQueryTile_fu_142/runQueryBlock_0_U0/grp_runAccumulatorColumns_fu_512/significand_59_reg_6637[46]_i_21/O
                         net (fo=3, routed)           0.148     9.390    u_bd/split_d_system_i/fsa_0/inst/grp_run_fu_161/grp_runController_fu_106/grp_runQueryTile_fu_142/runQueryBlock_0_U0/grp_runAccumulatorColumns_fu_512/significand_59_reg_6637[46]_i_21_n_0
    SLICE_X50Y164        LUT5 (Prop_E6LUT_SLICEM_I0_O)
                                                      0.100     9.490 r  u_bd/split_d_system_i/fsa_0/inst/grp_run_fu_161/grp_runController_fu_106/grp_runQueryTile_fu_142/runQueryBlock_0_U0/grp_runAccumulatorColumns_fu_512/significand_59_reg_6637[50]_i_8/O
                         net (fo=2, routed)           0.192     9.682    u_bd/split_d_system_i/fsa_0/inst/grp_run_fu_161/grp_runController_fu_106/grp_runQueryTile_fu_142/runQueryBlock_0_U0/grp_runAccumulatorColumns_fu_512/significand_59_reg_6637[50]_i_8_n_0
    SLICE_X50Y164        LUT5 (Prop_G6LUT_SLICEM_I4_O)
                                                      0.090     9.772 r  u_bd/split_d_system_i/fsa_0/inst/grp_run_fu_161/grp_runController_fu_106/grp_runQueryTile_fu_142/runQueryBlock_0_U0/grp_runAccumulatorColumns_fu_512/significand_59_reg_6637[48]_i_2/O
                         net (fo=2, routed)           0.059     9.831    u_bd/split_d_system_i/fsa_0/inst/grp_run_fu_161/grp_runController_fu_106/grp_runQueryTile_fu_142/runQueryBlock_0_U0/grp_runAccumulatorColumns_fu_512/significand_59_reg_6637[48]_i_2_n_0
    SLICE_X50Y164        LUT5 (Prop_C6LUT_SLICEM_I2_O)
                                                      0.123     9.954 r  u_bd/split_d_system_i/fsa_0/inst/grp_run_fu_161/grp_runController_fu_106/grp_runQueryTile_fu_142/runQueryBlock_0_U0/grp_runAccumulatorColumns_fu_512/significand_59_reg_6637[48]_i_1/O
                         net (fo=1, routed)           0.066    10.020    u_bd/split_d_system_i/fsa_0/inst/grp_run_fu_161/grp_runController_fu_106/grp_runQueryTile_fu_142/runQueryBlock_0_U0/grp_runAccumulatorColumns_fu_512/significand_59_fu_4043_p3[48]
    SLICE_X50Y164        FDRE                                         r  u_bd/split_d_system_i/fsa_0/inst/grp_run_fu_161/grp_runController_fu_106/grp_runQueryTile_fu_142/runQueryBlock_0_U0/grp_runAccumulatorColumns_fu_512/significand_59_reg_6637_reg[48]/D
  -------------------------------------------------------------------    -------------------

                         (clock clk_out1_split_d_system_clk_wiz_0_0 rise edge)
                                                     10.000    10.000 r  
    BH42                                              0.000    10.000 r  board_clk_p (IN)
                         net (fo=0)                   0.079    10.079    u_board_clk/I
    HPIOBDIFFINBUF_X0Y36 DIFFINBUF (Prop_DIFFINBUF_HPIOBDIFFINBUF_DIFF_IN_P_O)
                                                      0.518    10.597 r  u_board_clk/DIFFINBUF_INST/O
                         net (fo=1, routed)           0.040    10.637    u_board_clk/OUT
    BH42                 IBUFCTRL (Prop_IBUFCTRL_HPIOB_M_I_O)
                                                      0.000    10.637 r  u_board_clk/IBUFCTRL_INST/O
                         net (fo=4, routed)           0.333    10.970    u_bd/split_d_system_i/clk_wiz_0/inst/clk_in1
    MMCM_X0Y1            MMCME4_ADV (Prop_MMCM_CLKIN1_CLKOUT0)
                                                      0.630    11.600 r  u_bd/split_d_system_i/clk_wiz_0/inst/mmcme4_adv_inst/CLKOUT0
                         net (fo=1, routed)           0.215    11.815    u_bd/split_d_system_i/clk_wiz_0/inst/clk_out1_split_d_system_clk_wiz_0_0
    BUFGCE_X0Y24         BUFGCE (Prop_BUFCE_BUFGCE_I_O)
                                                      0.024    11.839 r  u_bd/split_d_system_i/clk_wiz_0/inst/clkout1_buf/O
    X3Y1 (CLOCK_ROOT)    net (fo=50729, routed)       1.622    13.461    u_bd/split_d_system_i/fsa_0/inst/grp_run_fu_161/grp_runController_fu_106/grp_runQueryTile_fu_142/runQueryBlock_0_U0/grp_runAccumulatorColumns_fu_512/ap_clk
    SLICE_X50Y164        FDRE                                         r  u_bd/split_d_system_i/fsa_0/inst/grp_run_fu_161/grp_runController_fu_106/grp_runQueryTile_fu_142/runQueryBlock_0_U0/grp_runAccumulatorColumns_fu_512/significand_59_reg_6637_reg[48]/C
                         clock pessimism             -0.372    13.089    
                         clock uncertainty           -2.770    10.319    
    SLICE_X50Y164        FDRE (Setup_CFF_SLICEM_C_D)
                                                      0.025    10.344    u_bd/split_d_system_i/fsa_0/inst/grp_run_fu_161/grp_runController_fu_106/grp_runQueryTile_fu_142/runQueryBlock_0_U0/grp_runAccumulatorColumns_fu_512/significand_59_reg_6637_reg[48]
  -------------------------------------------------------------------
                         required time                         10.344    
                         arrival time                         -10.020    
  -------------------------------------------------------------------
                         slack                                  0.324    

Slack (MET) :             0.334ns  (required time - arrival time)
  Source:                 u_bd/split_d_system_i/fsa_0/inst/grp_run_fu_161/grp_runController_fu_106/grp_runQueryTile_fu_142/runQueryBlock_1_U0/grp_runAccumulatorColumns_fu_551/icmp_ln123_reg_6488_reg[0]/C
                            (rising edge-triggered cell FDRE clocked by clk_out1_split_d_system_clk_wiz_0_0  {rise@0.000ns fall@5.000ns period=10.000ns})
  Destination:            u_bd/split_d_system_i/fsa_0/inst/grp_run_fu_161/grp_runController_fu_106/grp_runQueryTile_fu_142/runQueryBlock_1_U0/grp_runAccumulatorColumns_fu_551/top_exponent_reg_6644_reg[6]/D
                            (rising edge-triggered cell FDRE clocked by clk_out1_split_d_system_clk_wiz_0_0  {rise@0.000ns fall@5.000ns period=10.000ns})
  Path Group:             clk_out1_split_d_system_clk_wiz_0_0
  Path Type:              Setup (Max at Slow Process Corner)
  Requirement:            10.000ns  (clk_out1_split_d_system_clk_wiz_0_0 rise@10.000ns - clk_out1_split_d_system_clk_wiz_0_0 rise@0.000ns)
  Data Path Delay:        6.847ns  (logic 2.570ns (37.535%)  route 4.277ns (62.465%))
  Logic Levels:           30  (CARRY8=12 LUT2=2 LUT3=2 LUT5=7 LUT6=7)
  Clock Path Skew:        -0.074ns (DCD - SCD + CPR)
    Destination Clock Delay (DCD):    3.591ns = ( 13.591 - 10.000 ) 
    Source Clock Delay      (SCD):    3.255ns
    Clock Pessimism Removal (CPR):    -0.411ns
  Clock Uncertainty:      2.770ns  ((TSJ^2 + DJ^2)^1/2) / 2 + PE + UU
    Total System Jitter     (TSJ):    0.071ns
    Discrete Jitter          (DJ):    0.120ns
    Phase Error              (PE):    0.000ns
    User Uncertainty         (UU):    2.700ns
  Clock Net Delay (Source):      1.960ns (routing 0.581ns, distribution 1.379ns)
  Clock Net Delay (Destination): 1.753ns (routing 0.530ns, distribution 1.223ns)

    Location             Delay type                Incr(ns)  Path(ns)    Netlist Resource(s)
  -------------------------------------------------------------------    -------------------
                         (clock clk_out1_split_d_system_clk_wiz_0_0 rise edge)
                                                      0.000     0.000 r  
    BH42                                              0.000     0.000 r  board_clk_p (IN)
                         net (fo=0)                   0.100     0.100    u_board_clk/I
    HPIOBDIFFINBUF_X0Y36 DIFFINBUF (Prop_DIFFINBUF_HPIOBDIFFINBUF_DIFF_IN_P_O)
                                                      0.615     0.715 r  u_board_clk/DIFFINBUF_INST/O
                         net (fo=1, routed)           0.050     0.765    u_board_clk/OUT
    BH42                 IBUFCTRL (Prop_IBUFCTRL_HPIOB_M_I_O)
                                                      0.000     0.765 r  u_board_clk/IBUFCTRL_INST/O
                         net (fo=4, routed)           0.384     1.149    u_bd/split_d_system_i/clk_wiz_0/inst/clk_in1
    MMCM_X0Y1            MMCME4_ADV (Prop_MMCM_CLKIN1_CLKOUT0)
                                                     -0.127     1.022 r  u_bd/split_d_system_i/clk_wiz_0/inst/mmcme4_adv_inst/CLKOUT0
                         net (fo=1, routed)           0.245     1.267    u_bd/split_d_system_i/clk_wiz_0/inst/clk_out1_split_d_system_clk_wiz_0_0
    BUFGCE_X0Y24         BUFGCE (Prop_BUFCE_BUFGCE_I_O)
                                                      0.028     1.295 r  u_bd/split_d_system_i/clk_wiz_0/inst/clkout1_buf/O
    X3Y1 (CLOCK_ROOT)    net (fo=50729, routed)       1.960     3.255    u_bd/split_d_system_i/fsa_0/inst/grp_run_fu_161/grp_runController_fu_106/grp_runQueryTile_fu_142/runQueryBlock_1_U0/grp_runAccumulatorColumns_fu_551/ap_clk
    SLICE_X156Y230       FDRE                                         r  u_bd/split_d_system_i/fsa_0/inst/grp_run_fu_161/grp_runController_fu_106/grp_runQueryTile_fu_142/runQueryBlock_1_U0/grp_runAccumulatorColumns_fu_551/icmp_ln123_reg_6488_reg[0]/C
  -------------------------------------------------------------------    -------------------
    SLICE_X156Y230       FDRE (Prop_EFF_SLICEM_C_Q)
                                                      0.076     3.331 r  u_bd/split_d_system_i/fsa_0/inst/grp_run_fu_161/grp_runController_fu_106/grp_runQueryTile_fu_142/runQueryBlock_1_U0/grp_runAccumulatorColumns_fu_551/icmp_ln123_reg_6488_reg[0]/Q
                         net (fo=44, routed)          0.301     3.632    u_bd/split_d_system_i/fsa_0/inst/grp_run_fu_161/grp_runController_fu_106/grp_runQueryTile_fu_142/runQueryBlock_1_U0/grp_runAccumulatorColumns_fu_551/icmp_ln123_reg_6488
    SLICE_X155Y228       LUT3 (Prop_A6LUT_SLICEL_I1_O)
                                                      0.050     3.682 r  u_bd/split_d_system_i/fsa_0/inst/grp_run_fu_161/grp_runController_fu_106/grp_runQueryTile_fu_142/runQueryBlock_1_U0/grp_runAccumulatorColumns_fu_551/sign_25_reg_6624[0]_i_93__0/O
                         net (fo=1, routed)           0.009     3.691    u_bd/split_d_system_i/fsa_0/inst/grp_run_fu_161/grp_runController_fu_106/grp_runQueryTile_fu_142/runQueryBlock_1_U0/grp_runAccumulatorColumns_fu_551/sign_25_reg_6624[0]_i_93__0_n_0
    SLICE_X155Y228       CARRY8 (Prop_CARRY8_SLICEL_S[0]_O[1])
                                                      0.094     3.785 r  u_bd/split_d_system_i/fsa_0/inst/grp_run_fu_161/grp_runController_fu_106/grp_runQueryTile_fu_142/runQueryBlock_1_U0/grp_runAccumulatorColumns_fu_551/sign_25_reg_6624_reg[0]_i_48__0/O[1]
                         net (fo=66, routed)          0.451     4.236    u_bd/split_d_system_i/fsa_0/inst/grp_run_fu_161/grp_runController_fu_106/grp_runQueryTile_fu_142/runQueryBlock_1_U0/grp_runAccumulatorColumns_fu_551/zext_ln60_fu_3444_p1[1]
    SLICE_X153Y227       LUT6 (Prop_B6LUT_SLICEL_I2_O)
                                                      0.098     4.334 f  u_bd/split_d_system_i/fsa_0/inst/grp_run_fu_161/grp_runController_fu_106/grp_runQueryTile_fu_142/runQueryBlock_1_U0/grp_runAccumulatorColumns_fu_551/significand_59_reg_6637[46]_i_77__0/O
                         net (fo=4, routed)           0.216     4.550    u_bd/split_d_system_i/fsa_0/inst/grp_run_fu_161/grp_runController_fu_106/grp_runQueryTile_fu_142/runQueryBlock_1_U0/grp_runAccumulatorColumns_fu_551/significand_59_reg_6637[46]_i_77__0_n_0
    SLICE_X154Y225       LUT6 (Prop_H6LUT_SLICEM_I3_O)
                                                      0.053     4.603 f  u_bd/split_d_system_i/fsa_0/inst/grp_run_fu_161/grp_runController_fu_106/grp_runQueryTile_fu_142/runQueryBlock_1_U0/grp_runAccumulatorColumns_fu_551/significand_59_reg_6637[38]_i_66__0/O
                         net (fo=2, routed)           0.457     5.060    u_bd/split_d_system_i/fsa_0/inst/grp_run_fu_161/grp_runController_fu_106/grp_runQueryTile_fu_142/runQueryBlock_1_U0/grp_runAccumulatorColumns_fu_551/significand_59_reg_6637[38]_i_66__0_n_0
    SLICE_X155Y223       LUT3 (Prop_B6LUT_SLICEL_I0_O)
                                                      0.051     5.111 f  u_bd/split_d_system_i/fsa_0/inst/grp_run_fu_161/grp_runController_fu_106/grp_runQueryTile_fu_142/runQueryBlock_1_U0/grp_runAccumulatorColumns_fu_551/significand_59_reg_6637[22]_i_47__0/O
                         net (fo=3, routed)           0.259     5.370    u_bd/split_d_system_i/fsa_0/inst/grp_run_fu_161/grp_runController_fu_106/grp_runQueryTile_fu_142/runQueryBlock_1_U0/grp_runAccumulatorColumns_fu_551/significand_59_reg_6637[22]_i_47__0_n_0
    SLICE_X156Y222       LUT6 (Prop_D6LUT_SLICEM_I0_O)
                                                      0.145     5.515 r  u_bd/split_d_system_i/fsa_0/inst/grp_run_fu_161/grp_runController_fu_106/grp_runQueryTile_fu_142/runQueryBlock_1_U0/grp_runAccumulatorColumns_fu_551/sign_25_reg_6624[0]_i_127__0/O
                         net (fo=1, routed)           0.174     5.689    u_bd/split_d_system_i/fsa_0/inst/grp_run_fu_161/grp_runController_fu_106/grp_runQueryTile_fu_142/runQueryBlock_1_U0/grp_runAccumulatorColumns_fu_551/sign_25_reg_6624[0]_i_127__0_n_0
    SLICE_X157Y222       LUT6 (Prop_H6LUT_SLICEM_I0_O)
                                                      0.090     5.779 f  u_bd/split_d_system_i/fsa_0/inst/grp_run_fu_161/grp_runController_fu_106/grp_runQueryTile_fu_142/runQueryBlock_1_U0/grp_runAccumulatorColumns_fu_551/sign_25_reg_6624[0]_i_117__0/O
                         net (fo=1, routed)           0.100     5.879    u_bd/split_d_system_i/fsa_0/inst/grp_run_fu_161/grp_runController_fu_106/grp_runQueryTile_fu_142/runQueryBlock_1_U0/grp_runAccumulatorColumns_fu_551/sign_25_reg_6624[0]_i_117__0_n_0
    SLICE_X157Y224       LUT6 (Prop_H6LUT_SLICEM_I2_O)
                                                      0.053     5.932 r  u_bd/split_d_system_i/fsa_0/inst/grp_run_fu_161/grp_runController_fu_106/grp_runQueryTile_fu_142/runQueryBlock_1_U0/grp_runAccumulatorColumns_fu_551/sign_25_reg_6624[0]_i_69__0/O
                         net (fo=1, routed)           0.133     6.065    u_bd/split_d_system_i/fsa_0/inst/grp_run_fu_161/grp_runController_fu_106/grp_runQueryTile_fu_142/runQueryBlock_1_U0/grp_runAccumulatorColumns_fu_551/sign_25_reg_6624[0]_i_69__0_n_0
    SLICE_X158Y225       CARRY8 (Prop_CARRY8_SLICEL_DI[0]_CO[7])
                                                      0.131     6.196 r  u_bd/split_d_system_i/fsa_0/inst/grp_run_fu_161/grp_runController_fu_106/grp_runQueryTile_fu_142/runQueryBlock_1_U0/grp_runAccumulatorColumns_fu_551/sign_25_reg_6624_reg[0]_i_31__0/CO[7]
                         net (fo=1, routed)           0.026     6.222    u_bd/split_d_system_i/fsa_0/inst/grp_run_fu_161/grp_runController_fu_106/grp_runQueryTile_fu_142/runQueryBlock_1_U0/grp_runAccumulatorColumns_fu_551/sign_25_reg_6624_reg[0]_i_31__0_n_0
    SLICE_X158Y226       CARRY8 (Prop_CARRY8_SLICEL_CI_CO[7])
                                                      0.015     6.237 r  u_bd/split_d_system_i/fsa_0/inst/grp_run_fu_161/grp_runController_fu_106/grp_runQueryTile_fu_142/runQueryBlock_1_U0/grp_runAccumulatorColumns_fu_551/sign_25_reg_6624_reg[0]_i_8__0/CO[7]
                         net (fo=1, routed)           0.026     6.263    u_bd/split_d_system_i/fsa_0/inst/grp_run_fu_161/grp_runController_fu_106/grp_runQueryTile_fu_142/runQueryBlock_1_U0/grp_runAccumulatorColumns_fu_551/sign_25_reg_6624_reg[0]_i_8__0_n_0
    SLICE_X158Y227       CARRY8 (Prop_CARRY8_SLICEL_CI_CO[7])
                                                      0.015     6.278 r  u_bd/split_d_system_i/fsa_0/inst/grp_run_fu_161/grp_runController_fu_106/grp_runQueryTile_fu_142/runQueryBlock_1_U0/grp_runAccumulatorColumns_fu_551/sign_25_reg_6624_reg[0]_i_3__0/CO[7]
                         net (fo=1, routed)           0.026     6.304    u_bd/split_d_system_i/fsa_0/inst/grp_run_fu_161/grp_runController_fu_106/grp_runQueryTile_fu_142/runQueryBlock_1_U0/grp_runAccumulatorColumns_fu_551/sign_25_reg_6624_reg[0]_i_3__0_n_0
    SLICE_X158Y228       CARRY8 (Prop_CARRY8_SLICEL_CI_CO[1])
                                                      0.042     6.346 r  u_bd/split_d_system_i/fsa_0/inst/grp_run_fu_161/grp_runController_fu_106/grp_runQueryTile_fu_142/runQueryBlock_1_U0/grp_runAccumulatorColumns_fu_551/sign_25_reg_6624_reg[0]_i_2__0/CO[1]
                         net (fo=53, routed)          0.247     6.593    u_bd/split_d_system_i/fsa_0/inst/grp_run_fu_161/grp_runController_fu_106/grp_runQueryTile_fu_142/runQueryBlock_1_U0/grp_runAccumulatorColumns_fu_551/icmp_ln133_fu_3890_p2
    SLICE_X157Y223       LUT2 (Prop_E6LUT_SLICEM_I1_O)
                                                      0.100     6.693 r  u_bd/split_d_system_i/fsa_0/inst/grp_run_fu_161/grp_runController_fu_106/grp_runQueryTile_fu_142/runQueryBlock_1_U0/grp_runAccumulatorColumns_fu_551/significand_59_reg_6637[6]_i_21__0/O
                         net (fo=1, routed)           0.185     6.878    u_bd/split_d_system_i/fsa_0/inst/grp_run_fu_161/grp_runController_fu_106/grp_runQueryTile_fu_142/runQueryBlock_1_U0/grp_runAccumulatorColumns_fu_551/and_ln133_fu_3914_p2
    SLICE_X157Y223       LUT6 (Prop_F6LUT_SLICEM_I0_O)
                                                      0.123     7.001 r  u_bd/split_d_system_i/fsa_0/inst/grp_run_fu_161/grp_runController_fu_106/grp_runQueryTile_fu_142/runQueryBlock_1_U0/grp_runAccumulatorColumns_fu_551/significand_59_reg_6637[6]_i_4__0/O
                         net (fo=1, routed)           0.174     7.175    u_bd/split_d_system_i/fsa_0/inst/grp_run_fu_161/grp_runController_fu_106/grp_runQueryTile_fu_142/runQueryBlock_1_U0/grp_runAccumulatorColumns_fu_551/significand_59_reg_6637[6]_i_4__0_n_0
    SLICE_X157Y225       CARRY8 (Prop_CARRY8_SLICEM_CI_CO[7])
                                                      0.153     7.328 r  u_bd/split_d_system_i/fsa_0/inst/grp_run_fu_161/grp_runController_fu_106/grp_runQueryTile_fu_142/runQueryBlock_1_U0/grp_runAccumulatorColumns_fu_551/significand_59_reg_6637_reg[6]_i_2__0/CO[7]
                         net (fo=1, routed)           0.026     7.354    u_bd/split_d_system_i/fsa_0/inst/grp_run_fu_161/grp_runController_fu_106/grp_runQueryTile_fu_142/runQueryBlock_1_U0/grp_runAccumulatorColumns_fu_551/significand_59_reg_6637_reg[6]_i_2__0_n_0
    SLICE_X157Y226       CARRY8 (Prop_CARRY8_SLICEM_CI_CO[7])
                                                      0.015     7.369 r  u_bd/split_d_system_i/fsa_0/inst/grp_run_fu_161/grp_runController_fu_106/grp_runQueryTile_fu_142/runQueryBlock_1_U0/grp_runAccumulatorColumns_fu_551/significand_59_reg_6637_reg[14]_i_2__0/CO[7]
                         net (fo=1, routed)           0.026     7.395    u_bd/split_d_system_i/fsa_0/inst/grp_run_fu_161/grp_runController_fu_106/grp_runQueryTile_fu_142/runQueryBlock_1_U0/grp_runAccumulatorColumns_fu_551/significand_59_reg_6637_reg[14]_i_2__0_n_0
    SLICE_X157Y227       CARRY8 (Prop_CARRY8_SLICEM_CI_CO[7])
                                                      0.015     7.410 r  u_bd/split_d_system_i/fsa_0/inst/grp_run_fu_161/grp_runController_fu_106/grp_runQueryTile_fu_142/runQueryBlock_1_U0/grp_runAccumulatorColumns_fu_551/significand_59_reg_6637_reg[22]_i_2__0/CO[7]
                         net (fo=1, routed)           0.026     7.436    u_bd/split_d_system_i/fsa_0/inst/grp_run_fu_161/grp_runController_fu_106/grp_runQueryTile_fu_142/runQueryBlock_1_U0/grp_runAccumulatorColumns_fu_551/significand_59_reg_6637_reg[22]_i_2__0_n_0
    SLICE_X157Y228       CARRY8 (Prop_CARRY8_SLICEM_CI_CO[7])
                                                      0.015     7.451 r  u_bd/split_d_system_i/fsa_0/inst/grp_run_fu_161/grp_runController_fu_106/grp_runQueryTile_fu_142/runQueryBlock_1_U0/grp_runAccumulatorColumns_fu_551/significand_59_reg_6637_reg[30]_i_2__0/CO[7]
                         net (fo=1, routed)           0.026     7.477    u_bd/split_d_system_i/fsa_0/inst/grp_run_fu_161/grp_runController_fu_106/grp_runQueryTile_fu_142/runQueryBlock_1_U0/grp_runAccumulatorColumns_fu_551/significand_59_reg_6637_reg[30]_i_2__0_n_0
    SLICE_X157Y229       CARRY8 (Prop_CARRY8_SLICEM_CI_CO[7])
                                                      0.015     7.492 r  u_bd/split_d_system_i/fsa_0/inst/grp_run_fu_161/grp_runController_fu_106/grp_runQueryTile_fu_142/runQueryBlock_1_U0/grp_runAccumulatorColumns_fu_551/significand_59_reg_6637_reg[38]_i_2__0/CO[7]
                         net (fo=1, routed)           0.026     7.518    u_bd/split_d_system_i/fsa_0/inst/grp_run_fu_161/grp_runController_fu_106/grp_runQueryTile_fu_142/runQueryBlock_1_U0/grp_runAccumulatorColumns_fu_551/significand_59_reg_6637_reg[38]_i_2__0_n_0
    SLICE_X157Y230       CARRY8 (Prop_CARRY8_SLICEM_CI_O[7])
                                                      0.116     7.634 r  u_bd/split_d_system_i/fsa_0/inst/grp_run_fu_161/grp_runController_fu_106/grp_runQueryTile_fu_142/runQueryBlock_1_U0/grp_runAccumulatorColumns_fu_551/significand_59_reg_6637_reg[46]_i_2__0/O[7]
                         net (fo=10, routed)          0.388     8.022    u_bd/split_d_system_i/fsa_0/inst/grp_run_fu_161/grp_runController_fu_106/grp_runQueryTile_fu_142/runQueryBlock_1_U0/grp_runAccumulatorColumns_fu_551/ctlz_51_51_1_1_U305/dout_tmp0_in[47]
    SLICE_X157Y237       LUT5 (Prop_B6LUT_SLICEM_I3_O)
                                                      0.052     8.074 f  u_bd/split_d_system_i/fsa_0/inst/grp_run_fu_161/grp_runController_fu_106/grp_runQueryTile_fu_142/runQueryBlock_1_U0/grp_runAccumulatorColumns_fu_551/ctlz_51_51_1_1_U305/significand_59_reg_6637[50]_i_82__0/O
                         net (fo=1, routed)           0.091     8.165    u_bd/split_d_system_i/fsa_0/inst/grp_run_fu_161/grp_runController_fu_106/grp_runQueryTile_fu_142/runQueryBlock_1_U0/grp_runAccumulatorColumns_fu_551/ctlz_51_51_1_1_U305/significand_59_reg_6637[50]_i_82__0_n_0
    SLICE_X157Y238       LUT5 (Prop_H6LUT_SLICEM_I2_O)
                                                      0.101     8.266 f  u_bd/split_d_system_i/fsa_0/inst/grp_run_fu_161/grp_runController_fu_106/grp_runQueryTile_fu_142/runQueryBlock_1_U0/grp_runAccumulatorColumns_fu_551/ctlz_51_51_1_1_U305/significand_59_reg_6637[50]_i_80__0/O
                         net (fo=1, routed)           0.098     8.364    u_bd/split_d_system_i/fsa_0/inst/grp_run_fu_161/grp_runController_fu_106/grp_runQueryTile_fu_142/runQueryBlock_1_U0/grp_runAccumulatorColumns_fu_551/ctlz_51_51_1_1_U305/significand_59_reg_6637[50]_i_80__0_n_0
    SLICE_X157Y237       LUT5 (Prop_D6LUT_SLICEM_I2_O)
                                                      0.122     8.486 f  u_bd/split_d_system_i/fsa_0/inst/grp_run_fu_161/grp_runController_fu_106/grp_runQueryTile_fu_142/runQueryBlock_1_U0/grp_runAccumulatorColumns_fu_551/ctlz_51_51_1_1_U305/significand_59_reg_6637[50]_i_77__0/O
                         net (fo=1, routed)           0.045     8.531    u_bd/split_d_system_i/fsa_0/inst/grp_run_fu_161/grp_runController_fu_106/grp_runQueryTile_fu_142/runQueryBlock_1_U0/grp_runAccumulatorColumns_fu_551/ctlz_51_51_1_1_U305/significand_59_reg_6637[50]_i_77__0_n_0
    SLICE_X157Y237       LUT6 (Prop_H6LUT_SLICEM_I2_O)
                                                      0.101     8.632 f  u_bd/split_d_system_i/fsa_0/inst/grp_run_fu_161/grp_runController_fu_106/grp_runQueryTile_fu_142/runQueryBlock_1_U0/grp_runAccumulatorColumns_fu_551/ctlz_51_51_1_1_U305/significand_59_reg_6637[50]_i_72__0/O
                         net (fo=1, routed)           0.206     8.838    u_bd/split_d_system_i/fsa_0/inst/grp_run_fu_161/grp_runController_fu_106/grp_runQueryTile_fu_142/runQueryBlock_1_U0/grp_runAccumulatorColumns_fu_551/ctlz_51_51_1_1_U305/significand_59_reg_6637[50]_i_72__0_n_0
    SLICE_X158Y236       LUT5 (Prop_B6LUT_SLICEL_I2_O)
                                                      0.036     8.874 f  u_bd/split_d_system_i/fsa_0/inst/grp_run_fu_161/grp_runController_fu_106/grp_runQueryTile_fu_142/runQueryBlock_1_U0/grp_runAccumulatorColumns_fu_551/ctlz_51_51_1_1_U305/significand_59_reg_6637[50]_i_65__0/O
                         net (fo=1, routed)           0.100     8.974    u_bd/split_d_system_i/fsa_0/inst/grp_run_fu_161/grp_runController_fu_106/grp_runQueryTile_fu_142/runQueryBlock_1_U0/grp_runAccumulatorColumns_fu_551/ctlz_51_51_1_1_U305/significand_59_reg_6637[50]_i_65__0_n_0
    SLICE_X158Y234       LUT5 (Prop_B6LUT_SLICEL_I2_O)
                                                      0.124     9.098 f  u_bd/split_d_system_i/fsa_0/inst/grp_run_fu_161/grp_runController_fu_106/grp_runQueryTile_fu_142/runQueryBlock_1_U0/grp_runAccumulatorColumns_fu_551/ctlz_51_51_1_1_U305/significand_59_reg_6637[50]_i_46__0/O
                         net (fo=1, routed)           0.093     9.191    u_bd/split_d_system_i/fsa_0/inst/grp_run_fu_161/grp_runController_fu_106/grp_runQueryTile_fu_142/runQueryBlock_1_U0/grp_runAccumulatorColumns_fu_551/ctlz_51_51_1_1_U305/significand_59_reg_6637[50]_i_46__0_n_0
    SLICE_X158Y233       LUT5 (Prop_B6LUT_SLICEL_I2_O)
                                                      0.124     9.315 r  u_bd/split_d_system_i/fsa_0/inst/grp_run_fu_161/grp_runController_fu_106/grp_runQueryTile_fu_142/runQueryBlock_1_U0/grp_runAccumulatorColumns_fu_551/ctlz_51_51_1_1_U305/significand_59_reg_6637[50]_i_17__0/O
                         net (fo=1, routed)           0.088     9.403    u_bd/split_d_system_i/fsa_0/inst/grp_run_fu_161/grp_runController_fu_106/grp_runQueryTile_fu_142/runQueryBlock_1_U0/grp_runAccumulatorColumns_fu_551/ctlz_51_51_1_1_U305/significand_59_reg_6637[50]_i_17__0_n_0
    SLICE_X158Y232       LUT5 (Prop_G6LUT_SLICEL_I1_O)
                                                      0.097     9.500 r  u_bd/split_d_system_i/fsa_0/inst/grp_run_fu_161/grp_runController_fu_106/grp_runQueryTile_fu_142/runQueryBlock_1_U0/grp_runAccumulatorColumns_fu_551/ctlz_51_51_1_1_U305/significand_59_reg_6637[50]_i_5__0/O
                         net (fo=53, routed)          0.219     9.719    u_bd/split_d_system_i/fsa_0/inst/grp_run_fu_161/grp_runController_fu_106/grp_runQueryTile_fu_142/runQueryBlock_1_U0/grp_runAccumulatorColumns_fu_551/distance_26_fu_3999_p3[0]
    SLICE_X158Y229       LUT2 (Prop_A6LUT_SLICEL_I0_O)
                                                      0.124     9.843 r  u_bd/split_d_system_i/fsa_0/inst/grp_run_fu_161/grp_runController_fu_106/grp_runQueryTile_fu_142/runQueryBlock_1_U0/grp_runAccumulatorColumns_fu_551/top_exponent_reg_6644[7]_i_18__0/O
                         net (fo=1, routed)           0.009     9.852    u_bd/split_d_system_i/fsa_0/inst/grp_run_fu_161/grp_runController_fu_106/grp_runQueryTile_fu_142/runQueryBlock_1_U0/grp_runAccumulatorColumns_fu_551/top_exponent_reg_6644[7]_i_18__0_n_0
    SLICE_X158Y229       CARRY8 (Prop_CARRY8_SLICEL_S[0]_O[6])
                                                      0.224    10.076 r  u_bd/split_d_system_i/fsa_0/inst/grp_run_fu_161/grp_runController_fu_106/grp_runQueryTile_fu_142/runQueryBlock_1_U0/grp_runAccumulatorColumns_fu_551/top_exponent_reg_6644_reg[7]_i_1__0/O[6]
                         net (fo=1, routed)           0.026    10.102    u_bd/split_d_system_i/fsa_0/inst/grp_run_fu_161/grp_runController_fu_106/grp_runQueryTile_fu_142/runQueryBlock_1_U0/grp_runAccumulatorColumns_fu_551/top_exponent_fu_4051_p3[6]
    SLICE_X158Y229       FDRE                                         r  u_bd/split_d_system_i/fsa_0/inst/grp_run_fu_161/grp_runController_fu_106/grp_runQueryTile_fu_142/runQueryBlock_1_U0/grp_runAccumulatorColumns_fu_551/top_exponent_reg_6644_reg[6]/D
  -------------------------------------------------------------------    -------------------

                         (clock clk_out1_split_d_system_clk_wiz_0_0 rise edge)
                                                     10.000    10.000 r  
    BH42                                              0.000    10.000 r  board_clk_p (IN)
                         net (fo=0)                   0.079    10.079    u_board_clk/I
    HPIOBDIFFINBUF_X0Y36 DIFFINBUF (Prop_DIFFINBUF_HPIOBDIFFINBUF_DIFF_IN_P_O)
                                                      0.518    10.597 r  u_board_clk/DIFFINBUF_INST/O
                         net (fo=1, routed)           0.040    10.637    u_board_clk/OUT
    BH42                 IBUFCTRL (Prop_IBUFCTRL_HPIOB_M_I_O)
                                                      0.000    10.637 r  u_board_clk/IBUFCTRL_INST/O
                         net (fo=4, routed)           0.333    10.970    u_bd/split_d_system_i/clk_wiz_0/inst/clk_in1
    MMCM_X0Y1            MMCME4_ADV (Prop_MMCM_CLKIN1_CLKOUT0)
                                                      0.630    11.600 r  u_bd/split_d_system_i/clk_wiz_0/inst/mmcme4_adv_inst/CLKOUT0
                         net (fo=1, routed)           0.215    11.815    u_bd/split_d_system_i/clk_wiz_0/inst/clk_out1_split_d_system_clk_wiz_0_0
    BUFGCE_X0Y24         BUFGCE (Prop_BUFCE_BUFGCE_I_O)
                                                      0.024    11.839 r  u_bd/split_d_system_i/clk_wiz_0/inst/clkout1_buf/O
    X3Y1 (CLOCK_ROOT)    net (fo=50729, routed)       1.753    13.591    u_bd/split_d_system_i/fsa_0/inst/grp_run_fu_161/grp_runController_fu_106/grp_runQueryTile_fu_142/runQueryBlock_1_U0/grp_runAccumulatorColumns_fu_551/ap_clk
    SLICE_X158Y229       FDRE                                         r  u_bd/split_d_system_i/fsa_0/inst/grp_run_fu_161/grp_runController_fu_106/grp_runQueryTile_fu_142/runQueryBlock_1_U0/grp_runAccumulatorColumns_fu_551/top_exponent_reg_6644_reg[6]/C
                         clock pessimism             -0.411    13.181    
                         clock uncertainty           -2.770    10.411    
    SLICE_X158Y229       FDRE (Setup_GFF_SLICEL_C_D)
                                                      0.025    10.436    u_bd/split_d_system_i/fsa_0/inst/grp_run_fu_161/grp_runController_fu_106/grp_runQueryTile_fu_142/runQueryBlock_1_U0/grp_runAccumulatorColumns_fu_551/top_exponent_reg_6644_reg[6]
  -------------------------------------------------------------------
                         required time                         10.436    
                         arrival time                         -10.102    
  -------------------------------------------------------------------
                         slack                                  0.334    

Slack (MET) :             0.339ns  (required time - arrival time)
  Source:                 <hidden>
                            (rising edge-triggered cell FDRE clocked by clk_out1_split_d_system_clk_wiz_0_0  {rise@0.000ns fall@5.000ns period=10.000ns})
  Destination:            u_bd/split_d_system_i/fsa_0/inst/grp_run_fu_161/grp_runController_fu_106/grp_runQueryTile_fu_142/runQueryBlock_0_U0/grp_runQueryBlock_0_Outline_VITIS_LOOP_117_5_fu_168/acc_b_6_reg_2864_reg[29]/D
                            (rising edge-triggered cell FDRE clocked by clk_out1_split_d_system_clk_wiz_0_0  {rise@0.000ns fall@5.000ns period=10.000ns})
  Path Group:             clk_out1_split_d_system_clk_wiz_0_0
  Path Type:              Setup (Max at Slow Process Corner)
  Requirement:            10.000ns  (clk_out1_split_d_system_clk_wiz_0_0 rise@10.000ns - clk_out1_split_d_system_clk_wiz_0_0 rise@0.000ns)
  Data Path Delay:        6.831ns  (logic 4.403ns (64.460%)  route 2.428ns (35.540%))
  Logic Levels:           20  (CARRY8=1 DSP_A_B_DATA=1 DSP_ALU=2 DSP_C_DATA=1 DSP_M_DATA=1 DSP_MULTIPLIER=1 DSP_OUTPUT=2 DSP_PREADD=1 DSP_PREADD_DATA=2 LUT3=2 LUT5=4 LUT6=2)
  Clock Path Skew:        -0.086ns (DCD - SCD + CPR)
    Destination Clock Delay (DCD):    3.403ns = ( 13.403 - 10.000 ) 
    Source Clock Delay      (SCD):    3.059ns
    Clock Pessimism Removal (CPR):    -0.430ns
  Clock Uncertainty:      2.770ns  ((TSJ^2 + DJ^2)^1/2) / 2 + PE + UU
    Total System Jitter     (TSJ):    0.071ns
    Discrete Jitter          (DJ):    0.120ns
    Phase Error              (PE):    0.000ns
    User Uncertainty         (UU):    2.700ns
  Clock Net Delay (Source):      1.764ns (routing 0.581ns, distribution 1.183ns)
  Clock Net Delay (Destination): 1.564ns (routing 0.530ns, distribution 1.034ns)

    Location             Delay type                Incr(ns)  Path(ns)    Netlist Resource(s)
  -------------------------------------------------------------------    -------------------
                         (clock clk_out1_split_d_system_clk_wiz_0_0 rise edge)
                                                      0.000     0.000 r  
    BH42                                              0.000     0.000 r  board_clk_p (IN)
                         net (fo=0)                   0.100     0.100    u_board_clk/I
    HPIOBDIFFINBUF_X0Y36 DIFFINBUF (Prop_DIFFINBUF_HPIOBDIFFINBUF_DIFF_IN_P_O)
                                                      0.615     0.715 r  u_board_clk/DIFFINBUF_INST/O
                         net (fo=1, routed)           0.050     0.765    u_board_clk/OUT
    BH42                 IBUFCTRL (Prop_IBUFCTRL_HPIOB_M_I_O)
                                                      0.000     0.765 r  u_board_clk/IBUFCTRL_INST/O
                         net (fo=4, routed)           0.384     1.149    u_bd/split_d_system_i/clk_wiz_0/inst/clk_in1
    MMCM_X0Y1            MMCME4_ADV (Prop_MMCM_CLKIN1_CLKOUT0)
                                                     -0.127     1.022 r  u_bd/split_d_system_i/clk_wiz_0/inst/mmcme4_adv_inst/CLKOUT0
                         net (fo=1, routed)           0.245     1.267    u_bd/split_d_system_i/clk_wiz_0/inst/clk_out1_split_d_system_clk_wiz_0_0
    BUFGCE_X0Y24         BUFGCE (Prop_BUFCE_BUFGCE_I_O)
                                                      0.028     1.295 r  u_bd/split_d_system_i/clk_wiz_0/inst/clkout1_buf/O
    X3Y1 (CLOCK_ROOT)    net (fo=50729, routed)       1.764     3.059    <hidden>
    SLICE_X62Y220        FDRE                                         r  <hidden>
  -------------------------------------------------------------------    -------------------
    SLICE_X62Y220        FDRE (Prop_HFF_SLICEL_C_Q)
                                                      0.079     3.138 r  <hidden>
                         net (fo=54, routed)          0.360     3.498    <hidden>
    SLICE_X60Y216        LUT3 (Prop_H6LUT_SLICEM_I1_O)
                                                      0.053     3.551 r  <hidden>
                         net (fo=2, routed)           0.279     3.830    <hidden>
    DSP48E2_X8Y80        DSP_A_B_DATA (Prop_DSP_A_B_DATA_DSP48E2_A[19]_A2_DATA[19])
                                                      0.192     4.022 f  <hidden>
                         net (fo=1, routed)           0.000     4.022    <hidden>
    DSP48E2_X8Y80        DSP_PREADD_DATA (Prop_DSP_PREADD_DATA_DSP48E2_A2_DATA[19]_PREADD_AB[19])
                                                      0.124     4.146 r  <hidden>
                         net (fo=1, routed)           0.000     4.146    <hidden>
    DSP48E2_X8Y80        DSP_PREADD (Prop_DSP_PREADD_DSP48E2_PREADD_AB[19]_AD[26])
                                                      0.488     4.634 f  <hidden>
                         net (fo=1, routed)           0.000     4.634    <hidden>
    DSP48E2_X8Y80        DSP_PREADD_DATA (Prop_DSP_PREADD_DATA_DSP48E2_AD[26]_AD_DATA[26])
                                                      0.050     4.684 r  <hidden>
                         net (fo=1, routed)           0.000     4.684    <hidden>
    DSP48E2_X8Y80        DSP_MULTIPLIER (Prop_DSP_MULTIPLIER_DSP48E2_AD_DATA[26]_U[43])
                                                      0.612     5.296 f  <hidden>
                         net (fo=1, routed)           0.000     5.296    <hidden>
    DSP48E2_X8Y80        DSP_M_DATA (Prop_DSP_M_DATA_DSP48E2_U[43]_U_DATA[43])
                                                      0.047     5.343 r  <hidden>
                         net (fo=1, routed)           0.000     5.343    <hidden>
    DSP48E2_X8Y80        DSP_ALU (Prop_DSP_ALU_DSP48E2_U_DATA[43]_ALU_OUT[47])
                                                      0.585     5.928 r  <hidden>
                         net (fo=1, routed)           0.000     5.928    <hidden>
    DSP48E2_X8Y80        DSP_OUTPUT (Prop_DSP_OUTPUT_DSP48E2_ALU_OUT[47]_PATTERN_DETECT)
                                                      0.363     6.291 r  <hidden>
                         net (fo=59, routed)          0.340     6.631    <hidden>
    SLICE_X59Y218        LUT5 (Prop_B6LUT_SLICEL_I3_O)
                                                      0.148     6.779 r  <hidden>
                         net (fo=1, routed)           0.009     6.788    <hidden>
    SLICE_X59Y218        CARRY8 (Prop_CARRY8_SLICEL_S[1]_CO[3])
                                                      0.180     6.968 r  <hidden>
                         net (fo=20, routed)          0.305     7.273    <hidden>
    SLICE_X58Y218        LUT6 (Prop_G6LUT_SLICEL_I2_O)
                                                      0.123     7.396 f  <hidden>
                         net (fo=2, routed)           0.145     7.541    <hidden>
    SLICE_X58Y219        LUT6 (Prop_H6LUT_SLICEL_I0_O)
                                                      0.124     7.665 r  <hidden>
                         net (fo=4, routed)           0.140     7.804    <hidden>
    SLICE_X59Y219        LUT5 (Prop_D6LUT_SLICEL_I3_O)
                                                      0.122     7.926 f  <hidden>
                         net (fo=3, routed)           0.102     8.028    <hidden>
    SLICE_X59Y220        LUT5 (Prop_D5LUT_SLICEL_I2_O)
                                                      0.157     8.185 r  <hidden>
                         net (fo=3, routed)           0.172     8.357    <hidden>
    SLICE_X60Y220        LUT3 (Prop_G5LUT_SLICEM_I1_O)
                                                      0.068     8.425 r  <hidden>
                         net (fo=1, routed)           0.277     8.702    <hidden>
    DSP48E2_X8Y81        DSP_C_DATA (Prop_DSP_C_DATA_DSP48E2_C[33]_C_DATA[33])
                                                      0.105     8.807 r  <hidden>
                         net (fo=2, routed)           0.000     8.807    <hidden>
    DSP48E2_X8Y81        DSP_ALU (Prop_DSP_ALU_DSP48E2_C_DATA[33]_ALU_OUT[33])
                                                      0.585     9.392 f  <hidden>
                         net (fo=1, routed)           0.000     9.392    <hidden>
    DSP48E2_X8Y81        DSP_OUTPUT (Prop_DSP_OUTPUT_DSP48E2_ALU_OUT[33]_P[33])
                                                      0.109     9.501 r  <hidden>
                         net (fo=1, routed)           0.250     9.751    <hidden>
    SLICE_X59Y217        LUT5 (Prop_D6LUT_SLICEL_I4_O)
                                                      0.089     9.840 r  <hidden>
                         net (fo=1, routed)           0.049     9.889    u_bd/split_d_system_i/fsa_0/inst/grp_run_fu_161/grp_runController_fu_106/grp_runQueryTile_fu_142/runQueryBlock_0_U0/grp_runQueryBlock_0_Outline_VITIS_LOOP_117_5_fu_168/grp_fu_884_p2[29]
    SLICE_X59Y217        FDRE                                         r  u_bd/split_d_system_i/fsa_0/inst/grp_run_fu_161/grp_runController_fu_106/grp_runQueryTile_fu_142/runQueryBlock_0_U0/grp_runQueryBlock_0_Outline_VITIS_LOOP_117_5_fu_168/acc_b_6_reg_2864_reg[29]/D
  -------------------------------------------------------------------    -------------------

                         (clock clk_out1_split_d_system_clk_wiz_0_0 rise edge)
                                                     10.000    10.000 r  
    BH42                                              0.000    10.000 r  board_clk_p (IN)
                         net (fo=0)                   0.079    10.079    u_board_clk/I
    HPIOBDIFFINBUF_X0Y36 DIFFINBUF (Prop_DIFFINBUF_HPIOBDIFFINBUF_DIFF_IN_P_O)
                                                      0.518    10.597 r  u_board_clk/DIFFINBUF_INST/O
                         net (fo=1, routed)           0.040    10.637    u_board_clk/OUT
    BH42                 IBUFCTRL (Prop_IBUFCTRL_HPIOB_M_I_O)
                                                      0.000    10.637 r  u_board_clk/IBUFCTRL_INST/O
                         net (fo=4, routed)           0.333    10.970    u_bd/split_d_system_i/clk_wiz_0/inst/clk_in1
    MMCM_X0Y1            MMCME4_ADV (Prop_MMCM_CLKIN1_CLKOUT0)
                                                      0.630    11.600 r  u_bd/split_d_system_i/clk_wiz_0/inst/mmcme4_adv_inst/CLKOUT0
                         net (fo=1, routed)           0.215    11.815    u_bd/split_d_system_i/clk_wiz_0/inst/clk_out1_split_d_system_clk_wiz_0_0
    BUFGCE_X0Y24         BUFGCE (Prop_BUFCE_BUFGCE_I_O)
                                                      0.024    11.839 r  u_bd/split_d_system_i/clk_wiz_0/inst/clkout1_buf/O
    X3Y1 (CLOCK_ROOT)    net (fo=50729, routed)       1.564    13.403    u_bd/split_d_system_i/fsa_0/inst/grp_run_fu_161/grp_runController_fu_106/grp_runQueryTile_fu_142/runQueryBlock_0_U0/grp_runQueryBlock_0_Outline_VITIS_LOOP_117_5_fu_168/ap_clk
    SLICE_X59Y217        FDRE                                         r  u_bd/split_d_system_i/fsa_0/inst/grp_run_fu_161/grp_runController_fu_106/grp_runQueryTile_fu_142/runQueryBlock_0_U0/grp_runQueryBlock_0_Outline_VITIS_LOOP_117_5_fu_168/acc_b_6_reg_2864_reg[29]/C
                         clock pessimism             -0.430    12.973    
                         clock uncertainty           -2.770    10.203    
    SLICE_X59Y217        FDRE (Setup_DFF_SLICEL_C_D)
                                                      0.025    10.228    u_bd/split_d_system_i/fsa_0/inst/grp_run_fu_161/grp_runController_fu_106/grp_runQueryTile_fu_142/runQueryBlock_0_U0/grp_runQueryBlock_0_Outline_VITIS_LOOP_117_5_fu_168/acc_b_6_reg_2864_reg[29]
  -------------------------------------------------------------------
                         required time                         10.228    
                         arrival time                          -9.889    
  -------------------------------------------------------------------
                         slack                                  0.339    

Slack (MET) :             0.354ns  (required time - arrival time)
  Source:                 u_bd/split_d_system_i/fsa_0/inst/grp_run_fu_161/grp_runController_fu_106/grp_runQueryTile_fu_142/runQueryBlock_0_U0/grp_runAccumulatorColumns_fu_512/icmp_ln123_reg_6488_reg[0]/C
                            (rising edge-triggered cell FDRE clocked by clk_out1_split_d_system_clk_wiz_0_0  {rise@0.000ns fall@5.000ns period=10.000ns})
  Destination:            u_bd/split_d_system_i/fsa_0/inst/grp_run_fu_161/grp_runController_fu_106/grp_runQueryTile_fu_142/runQueryBlock_0_U0/grp_runAccumulatorColumns_fu_512/significand_59_reg_6637_reg[47]/D
                            (rising edge-triggered cell FDRE clocked by clk_out1_split_d_system_clk_wiz_0_0  {rise@0.000ns fall@5.000ns period=10.000ns})
  Path Group:             clk_out1_split_d_system_clk_wiz_0_0
  Path Type:              Setup (Max at Slow Process Corner)
  Requirement:            10.000ns  (clk_out1_split_d_system_clk_wiz_0_0 rise@10.000ns - clk_out1_split_d_system_clk_wiz_0_0 rise@0.000ns)
  Data Path Delay:        6.859ns  (logic 2.435ns (35.501%)  route 4.424ns (64.499%))
  Logic Levels:           30  (CARRY8=12 LUT2=2 LUT3=2 LUT4=1 LUT5=7 LUT6=6)
  Clock Path Skew:        -0.042ns (DCD - SCD + CPR)
    Destination Clock Delay (DCD):    3.461ns = ( 13.461 - 10.000 ) 
    Source Clock Delay      (SCD):    3.131ns
    Clock Pessimism Removal (CPR):    -0.372ns
  Clock Uncertainty:      2.770ns  ((TSJ^2 + DJ^2)^1/2) / 2 + PE + UU
    Total System Jitter     (TSJ):    0.071ns
    Discrete Jitter          (DJ):    0.120ns
    Phase Error              (PE):    0.000ns
    User Uncertainty         (UU):    2.700ns
  Clock Net Delay (Source):      1.836ns (routing 0.581ns, distribution 1.255ns)
  Clock Net Delay (Destination): 1.622ns (routing 0.530ns, distribution 1.092ns)

    Location             Delay type                Incr(ns)  Path(ns)    Netlist Resource(s)
  -------------------------------------------------------------------    -------------------
                         (clock clk_out1_split_d_system_clk_wiz_0_0 rise edge)
                                                      0.000     0.000 r  
    BH42                                              0.000     0.000 r  board_clk_p (IN)
                         net (fo=0)                   0.100     0.100    u_board_clk/I
    HPIOBDIFFINBUF_X0Y36 DIFFINBUF (Prop_DIFFINBUF_HPIOBDIFFINBUF_DIFF_IN_P_O)
                                                      0.615     0.715 r  u_board_clk/DIFFINBUF_INST/O
                         net (fo=1, routed)           0.050     0.765    u_board_clk/OUT
    BH42                 IBUFCTRL (Prop_IBUFCTRL_HPIOB_M_I_O)
                                                      0.000     0.765 r  u_board_clk/IBUFCTRL_INST/O
                         net (fo=4, routed)           0.384     1.149    u_bd/split_d_system_i/clk_wiz_0/inst/clk_in1
    MMCM_X0Y1            MMCME4_ADV (Prop_MMCM_CLKIN1_CLKOUT0)
                                                     -0.127     1.022 r  u_bd/split_d_system_i/clk_wiz_0/inst/mmcme4_adv_inst/CLKOUT0
                         net (fo=1, routed)           0.245     1.267    u_bd/split_d_system_i/clk_wiz_0/inst/clk_out1_split_d_system_clk_wiz_0_0
    BUFGCE_X0Y24         BUFGCE (Prop_BUFCE_BUFGCE_I_O)
                                                      0.028     1.295 r  u_bd/split_d_system_i/clk_wiz_0/inst/clkout1_buf/O
    X3Y1 (CLOCK_ROOT)    net (fo=50729, routed)       1.836     3.131    u_bd/split_d_system_i/fsa_0/inst/grp_run_fu_161/grp_runController_fu_106/grp_runQueryTile_fu_142/runQueryBlock_0_U0/grp_runAccumulatorColumns_fu_512/ap_clk
    SLICE_X50Y169        FDRE                                         r  u_bd/split_d_system_i/fsa_0/inst/grp_run_fu_161/grp_runController_fu_106/grp_runQueryTile_fu_142/runQueryBlock_0_U0/grp_runAccumulatorColumns_fu_512/icmp_ln123_reg_6488_reg[0]/C
  -------------------------------------------------------------------    -------------------
    SLICE_X50Y169        FDRE (Prop_EFF_SLICEM_C_Q)
                                                      0.076     3.207 f  u_bd/split_d_system_i/fsa_0/inst/grp_run_fu_161/grp_runController_fu_106/grp_runQueryTile_fu_142/runQueryBlock_0_U0/grp_runAccumulatorColumns_fu_512/icmp_ln123_reg_6488_reg[0]/Q
                         net (fo=44, routed)          0.289     3.496    u_bd/split_d_system_i/fsa_0/inst/grp_run_fu_161/grp_runController_fu_106/grp_runQueryTile_fu_142/runQueryBlock_0_U0/grp_runAccumulatorColumns_fu_512/icmp_ln123_reg_6488
    SLICE_X51Y171        LUT3 (Prop_B6LUT_SLICEL_I0_O)
                                                      0.090     3.586 r  u_bd/split_d_system_i/fsa_0/inst/grp_run_fu_161/grp_runController_fu_106/grp_runQueryTile_fu_142/runQueryBlock_0_U0/grp_runAccumulatorColumns_fu_512/sign_25_reg_6624[0]_i_114/O
                         net (fo=1, routed)           0.009     3.595    u_bd/split_d_system_i/fsa_0/inst/grp_run_fu_161/grp_runController_fu_106/grp_runQueryTile_fu_142/runQueryBlock_0_U0/grp_runAccumulatorColumns_fu_512/sign_25_reg_6624[0]_i_114_n_0
    SLICE_X51Y171        CARRY8 (Prop_CARRY8_SLICEL_S[1]_O[5])
                                                      0.233     3.828 f  u_bd/split_d_system_i/fsa_0/inst/grp_run_fu_161/grp_runController_fu_106/grp_runQueryTile_fu_142/runQueryBlock_0_U0/grp_runAccumulatorColumns_fu_512/sign_25_reg_6624_reg[0]_i_54/O[5]
                         net (fo=55, routed)          0.249     4.077    u_bd/split_d_system_i/fsa_0/inst/grp_run_fu_161/grp_runController_fu_106/grp_runQueryTile_fu_142/runQueryBlock_0_U0/grp_runAccumulatorColumns_fu_512/zext_ln60_9_fu_3684_p1[5]
    SLICE_X52Y172        LUT6 (Prop_H6LUT_SLICEM_I4_O)
                                                      0.125     4.202 f  u_bd/split_d_system_i/fsa_0/inst/grp_run_fu_161/grp_runController_fu_106/grp_runQueryTile_fu_142/runQueryBlock_0_U0/grp_runAccumulatorColumns_fu_512/sign_25_reg_6624[0]_i_98/O
                         net (fo=1, routed)           0.124     4.326    u_bd/split_d_system_i/fsa_0/inst/grp_run_fu_161/grp_runController_fu_106/grp_runQueryTile_fu_142/runQueryBlock_0_U0/grp_runAccumulatorColumns_fu_512/sign_25_reg_6624[0]_i_98_n_0
    SLICE_X53Y173        LUT5 (Prop_G6LUT_SLICEM_I3_O)
                                                      0.150     4.476 f  u_bd/split_d_system_i/fsa_0/inst/grp_run_fu_161/grp_runController_fu_106/grp_runQueryTile_fu_142/runQueryBlock_0_U0/grp_runAccumulatorColumns_fu_512/sign_25_reg_6624[0]_i_52/O
                         net (fo=49, routed)          0.337     4.813    u_bd/split_d_system_i/fsa_0/inst/grp_run_fu_161/grp_runController_fu_106/grp_runQueryTile_fu_142/runQueryBlock_0_U0/grp_runAccumulatorColumns_fu_512/icmp_ln53_2_fu_3643_p2
    SLICE_X56Y172        LUT5 (Prop_E6LUT_SLICEM_I1_O)
                                                      0.052     4.865 r  u_bd/split_d_system_i/fsa_0/inst/grp_run_fu_161/grp_runController_fu_106/grp_runQueryTile_fu_142/runQueryBlock_0_U0/grp_runAccumulatorColumns_fu_512/significand_59_reg_6637[6]_i_108/O
                         net (fo=1, routed)           0.141     5.006    u_bd/split_d_system_i/fsa_0/inst/grp_run_fu_161/grp_runController_fu_106/grp_runQueryTile_fu_142/runQueryBlock_0_U0/grp_runAccumulatorColumns_fu_512/significand_59_reg_6637[6]_i_108_n_0
    SLICE_X56Y173        LUT6 (Prop_G6LUT_SLICEM_I5_O)
                                                      0.052     5.058 f  u_bd/split_d_system_i/fsa_0/inst/grp_run_fu_161/grp_runController_fu_106/grp_runQueryTile_fu_142/runQueryBlock_0_U0/grp_runAccumulatorColumns_fu_512/significand_59_reg_6637[6]_i_74/O
                         net (fo=1, routed)           0.147     5.205    u_bd/split_d_system_i/fsa_0/inst/grp_run_fu_161/grp_runController_fu_106/grp_runQueryTile_fu_142/runQueryBlock_0_U0/grp_runAccumulatorColumns_fu_512/significand_59_reg_6637[6]_i_74_n_0
    SLICE_X55Y175        LUT6 (Prop_D6LUT_SLICEL_I5_O)
                                                      0.122     5.327 r  u_bd/split_d_system_i/fsa_0/inst/grp_run_fu_161/grp_runController_fu_106/grp_runQueryTile_fu_142/runQueryBlock_0_U0/grp_runAccumulatorColumns_fu_512/significand_59_reg_6637[6]_i_41/O
                         net (fo=3, routed)           0.333     5.660    u_bd/split_d_system_i/fsa_0/inst/grp_run_fu_161/grp_runController_fu_106/grp_runQueryTile_fu_142/runQueryBlock_0_U0/grp_runAccumulatorColumns_fu_512/significand_59_reg_6637[6]_i_41_n_0
    SLICE_X52Y172        LUT6 (Prop_D6LUT_SLICEM_I3_O)
                                                      0.088     5.748 r  u_bd/split_d_system_i/fsa_0/inst/grp_run_fu_161/grp_runController_fu_106/grp_runQueryTile_fu_142/runQueryBlock_0_U0/grp_runAccumulatorColumns_fu_512/sign_25_reg_6624[0]_i_69/O
                         net (fo=1, routed)           0.224     5.972    u_bd/split_d_system_i/fsa_0/inst/grp_run_fu_161/grp_runController_fu_106/grp_runQueryTile_fu_142/runQueryBlock_0_U0/grp_runAccumulatorColumns_fu_512/sign_25_reg_6624[0]_i_69_n_0
    SLICE_X52Y169        CARRY8 (Prop_CARRY8_SLICEM_DI[0]_CO[7])
                                                      0.133     6.105 r  u_bd/split_d_system_i/fsa_0/inst/grp_run_fu_161/grp_runController_fu_106/grp_runQueryTile_fu_142/runQueryBlock_0_U0/grp_runAccumulatorColumns_fu_512/sign_25_reg_6624_reg[0]_i_31/CO[7]
                         net (fo=1, routed)           0.026     6.131    u_bd/split_d_system_i/fsa_0/inst/grp_run_fu_161/grp_runController_fu_106/grp_runQueryTile_fu_142/runQueryBlock_0_U0/grp_runAccumulatorColumns_fu_512/sign_25_reg_6624_reg[0]_i_31_n_0
    SLICE_X52Y170        CARRY8 (Prop_CARRY8_SLICEM_CI_CO[7])
                                                      0.015     6.146 r  u_bd/split_d_system_i/fsa_0/inst/grp_run_fu_161/grp_runController_fu_106/grp_runQueryTile_fu_142/runQueryBlock_0_U0/grp_runAccumulatorColumns_fu_512/sign_25_reg_6624_reg[0]_i_8/CO[7]
                         net (fo=1, routed)           0.026     6.172    u_bd/split_d_system_i/fsa_0/inst/grp_run_fu_161/grp_runController_fu_106/grp_runQueryTile_fu_142/runQueryBlock_0_U0/grp_runAccumulatorColumns_fu_512/sign_25_reg_6624_reg[0]_i_8_n_0
    SLICE_X52Y171        CARRY8 (Prop_CARRY8_SLICEM_CI_CO[7])
                                                      0.015     6.187 r  u_bd/split_d_system_i/fsa_0/inst/grp_run_fu_161/grp_runController_fu_106/grp_runQueryTile_fu_142/runQueryBlock_0_U0/grp_runAccumulatorColumns_fu_512/sign_25_reg_6624_reg[0]_i_3/CO[7]
                         net (fo=1, routed)           0.026     6.213    u_bd/split_d_system_i/fsa_0/inst/grp_run_fu_161/grp_runController_fu_106/grp_runQueryTile_fu_142/runQueryBlock_0_U0/grp_runAccumulatorColumns_fu_512/sign_25_reg_6624_reg[0]_i_3_n_0
    SLICE_X52Y172        CARRY8 (Prop_CARRY8_SLICEM_CI_CO[1])
                                                      0.042     6.255 r  u_bd/split_d_system_i/fsa_0/inst/grp_run_fu_161/grp_runController_fu_106/grp_runQueryTile_fu_142/runQueryBlock_0_U0/grp_runAccumulatorColumns_fu_512/sign_25_reg_6624_reg[0]_i_2/CO[1]
                         net (fo=53, routed)          0.301     6.556    u_bd/split_d_system_i/fsa_0/inst/grp_run_fu_161/grp_runController_fu_106/grp_runQueryTile_fu_142/runQueryBlock_0_U0/grp_runAccumulatorColumns_fu_512/icmp_ln133_fu_3890_p2
    SLICE_X52Y168        LUT2 (Prop_A5LUT_SLICEM_I1_O)
                                                      0.100     6.656 r  u_bd/split_d_system_i/fsa_0/inst/grp_run_fu_161/grp_runController_fu_106/grp_runQueryTile_fu_142/runQueryBlock_0_U0/grp_runAccumulatorColumns_fu_512/significand_59_reg_6637[6]_i_21/O
                         net (fo=1, routed)           0.178     6.834    u_bd/split_d_system_i/fsa_0/inst/grp_run_fu_161/grp_runController_fu_106/grp_runQueryTile_fu_142/runQueryBlock_0_U0/grp_runAccumulatorColumns_fu_512/and_ln133_fu_3914_p2
    SLICE_X52Y168        LUT6 (Prop_G6LUT_SLICEM_I0_O)
                                                      0.090     6.924 r  u_bd/split_d_system_i/fsa_0/inst/grp_run_fu_161/grp_runController_fu_106/grp_runQueryTile_fu_142/runQueryBlock_0_U0/grp_runAccumulatorColumns_fu_512/significand_59_reg_6637[6]_i_4/O
                         net (fo=1, routed)           0.240     7.164    u_bd/split_d_system_i/fsa_0/inst/grp_run_fu_161/grp_runController_fu_106/grp_runQueryTile_fu_142/runQueryBlock_0_U0/grp_runAccumulatorColumns_fu_512/significand_59_reg_6637[6]_i_4_n_0
    SLICE_X53Y167        CARRY8 (Prop_CARRY8_SLICEM_CI_CO[7])
                                                      0.153     7.317 r  u_bd/split_d_system_i/fsa_0/inst/grp_run_fu_161/grp_runController_fu_106/grp_runQueryTile_fu_142/runQueryBlock_0_U0/grp_runAccumulatorColumns_fu_512/significand_59_reg_6637_reg[6]_i_2/CO[7]
                         net (fo=1, routed)           0.026     7.343    u_bd/split_d_system_i/fsa_0/inst/grp_run_fu_161/grp_runController_fu_106/grp_runQueryTile_fu_142/runQueryBlock_0_U0/grp_runAccumulatorColumns_fu_512/significand_59_reg_6637_reg[6]_i_2_n_0
    SLICE_X53Y168        CARRY8 (Prop_CARRY8_SLICEM_CI_CO[7])
                                                      0.015     7.358 r  u_bd/split_d_system_i/fsa_0/inst/grp_run_fu_161/grp_runController_fu_106/grp_runQueryTile_fu_142/runQueryBlock_0_U0/grp_runAccumulatorColumns_fu_512/significand_59_reg_6637_reg[14]_i_2/CO[7]
                         net (fo=1, routed)           0.026     7.384    u_bd/split_d_system_i/fsa_0/inst/grp_run_fu_161/grp_runController_fu_106/grp_runQueryTile_fu_142/runQueryBlock_0_U0/grp_runAccumulatorColumns_fu_512/significand_59_reg_6637_reg[14]_i_2_n_0
    SLICE_X53Y169        CARRY8 (Prop_CARRY8_SLICEM_CI_CO[7])
                                                      0.015     7.399 r  u_bd/split_d_system_i/fsa_0/inst/grp_run_fu_161/grp_runController_fu_106/grp_runQueryTile_fu_142/runQueryBlock_0_U0/grp_runAccumulatorColumns_fu_512/significand_59_reg_6637_reg[22]_i_2/CO[7]
                         net (fo=1, routed)           0.026     7.425    u_bd/split_d_system_i/fsa_0/inst/grp_run_fu_161/grp_runController_fu_106/grp_runQueryTile_fu_142/runQueryBlock_0_U0/grp_runAccumulatorColumns_fu_512/significand_59_reg_6637_reg[22]_i_2_n_0
    SLICE_X53Y170        CARRY8 (Prop_CARRY8_SLICEM_CI_CO[7])
                                                      0.015     7.440 r  u_bd/split_d_system_i/fsa_0/inst/grp_run_fu_161/grp_runController_fu_106/grp_runQueryTile_fu_142/runQueryBlock_0_U0/grp_runAccumulatorColumns_fu_512/significand_59_reg_6637_reg[30]_i_2/CO[7]
                         net (fo=1, routed)           0.026     7.466    u_bd/split_d_system_i/fsa_0/inst/grp_run_fu_161/grp_runController_fu_106/grp_runQueryTile_fu_142/runQueryBlock_0_U0/grp_runAccumulatorColumns_fu_512/significand_59_reg_6637_reg[30]_i_2_n_0
    SLICE_X53Y171        CARRY8 (Prop_CARRY8_SLICEM_CI_CO[7])
                                                      0.015     7.481 r  u_bd/split_d_system_i/fsa_0/inst/grp_run_fu_161/grp_runController_fu_106/grp_runQueryTile_fu_142/runQueryBlock_0_U0/grp_runAccumulatorColumns_fu_512/significand_59_reg_6637_reg[38]_i_2/CO[7]
                         net (fo=1, routed)           0.026     7.507    u_bd/split_d_system_i/fsa_0/inst/grp_run_fu_161/grp_runController_fu_106/grp_runQueryTile_fu_142/runQueryBlock_0_U0/grp_runAccumulatorColumns_fu_512/significand_59_reg_6637_reg[38]_i_2_n_0
    SLICE_X53Y172        CARRY8 (Prop_CARRY8_SLICEM_CI_CO[7])
                                                      0.015     7.522 r  u_bd/split_d_system_i/fsa_0/inst/grp_run_fu_161/grp_runController_fu_106/grp_runQueryTile_fu_142/runQueryBlock_0_U0/grp_runAccumulatorColumns_fu_512/significand_59_reg_6637_reg[46]_i_2/CO[7]
                         net (fo=1, routed)           0.026     7.548    u_bd/split_d_system_i/fsa_0/inst/grp_run_fu_161/grp_runController_fu_106/grp_runQueryTile_fu_142/runQueryBlock_0_U0/grp_runAccumulatorColumns_fu_512/significand_59_reg_6637_reg[46]_i_2_n_0
    SLICE_X53Y173        CARRY8 (Prop_CARRY8_SLICEM_CI_O[2])
                                                      0.067     7.615 f  u_bd/split_d_system_i/fsa_0/inst/grp_run_fu_161/grp_runController_fu_106/grp_runQueryTile_fu_142/runQueryBlock_0_U0/grp_runAccumulatorColumns_fu_512/significand_59_reg_6637_reg[50]_i_6/O[2]
                         net (fo=7, routed)           0.361     7.976    u_bd/split_d_system_i/fsa_0/inst/grp_run_fu_161/grp_runController_fu_106/grp_runQueryTile_fu_142/runQueryBlock_0_U0/grp_runAccumulatorColumns_fu_512/ctlz_51_51_1_1_U305/dout_tmp0_in[50]
    SLICE_X52Y168        LUT4 (Prop_B6LUT_SLICEM_I2_O)
                                                      0.089     8.065 r  u_bd/split_d_system_i/fsa_0/inst/grp_run_fu_161/grp_runController_fu_106/grp_runQueryTile_fu_142/runQueryBlock_0_U0/grp_runAccumulatorColumns_fu_512/ctlz_51_51_1_1_U305/significand_59_reg_6637[50]_i_61/O
                         net (fo=1, routed)           0.091     8.156    u_bd/split_d_system_i/fsa_0/inst/grp_run_fu_161/grp_runController_fu_106/grp_runQueryTile_fu_142/runQueryBlock_0_U0/grp_runAccumulatorColumns_fu_512/ctlz_51_51_1_1_U305/significand_59_reg_6637[50]_i_61_n_0
    SLICE_X52Y168        LUT5 (Prop_C6LUT_SLICEM_I4_O)
                                                      0.098     8.254 r  u_bd/split_d_system_i/fsa_0/inst/grp_run_fu_161/grp_runController_fu_106/grp_runQueryTile_fu_142/runQueryBlock_0_U0/grp_runAccumulatorColumns_fu_512/ctlz_51_51_1_1_U305/significand_59_reg_6637[50]_i_40/O
                         net (fo=2, routed)           0.159     8.413    u_bd/split_d_system_i/fsa_0/inst/grp_run_fu_161/grp_runController_fu_106/grp_runQueryTile_fu_142/runQueryBlock_0_U0/grp_runAccumulatorColumns_fu_512/ctlz_51_51_1_1_U305/significand_59_reg_6637[50]_i_40_n_0
    SLICE_X53Y166        LUT6 (Prop_H6LUT_SLICEM_I5_O)
                                                      0.039     8.452 r  u_bd/split_d_system_i/fsa_0/inst/grp_run_fu_161/grp_runController_fu_106/grp_runQueryTile_fu_142/runQueryBlock_0_U0/grp_runAccumulatorColumns_fu_512/ctlz_51_51_1_1_U305/significand_59_reg_6637[2]_i_5/O
                         net (fo=2, routed)           0.143     8.595    u_bd/split_d_system_i/fsa_0/inst/grp_run_fu_161/grp_runController_fu_106/grp_runQueryTile_fu_142/runQueryBlock_0_U0/grp_runAccumulatorColumns_fu_512/ctlz_51_51_1_1_U305/significand_59_reg_6637[2]_i_5_n_0
    SLICE_X53Y166        LUT2 (Prop_A6LUT_SLICEM_I1_O)
                                                      0.090     8.685 r  u_bd/split_d_system_i/fsa_0/inst/grp_run_fu_161/grp_runController_fu_106/grp_runQueryTile_fu_142/runQueryBlock_0_U0/grp_runAccumulatorColumns_fu_512/ctlz_51_51_1_1_U305/significand_59_reg_6637[2]_i_4/O
                         net (fo=77, routed)          0.195     8.880    u_bd/split_d_system_i/fsa_0/inst/grp_run_fu_161/grp_runController_fu_106/grp_runQueryTile_fu_142/runQueryBlock_0_U0/grp_runAccumulatorColumns_fu_512/distance_26_fu_3999_p3[5]
    SLICE_X52Y166        LUT5 (Prop_G6LUT_SLICEM_I3_O)
                                                      0.052     8.932 r  u_bd/split_d_system_i/fsa_0/inst/grp_run_fu_161/grp_runController_fu_106/grp_runQueryTile_fu_142/runQueryBlock_0_U0/grp_runAccumulatorColumns_fu_512/significand_59_reg_6637[46]_i_38/O
                         net (fo=2, routed)           0.162     9.094    u_bd/split_d_system_i/fsa_0/inst/grp_run_fu_161/grp_runController_fu_106/grp_runQueryTile_fu_142/runQueryBlock_0_U0/grp_runAccumulatorColumns_fu_512/significand_59_reg_6637[46]_i_38_n_0
    SLICE_X51Y165        LUT3 (Prop_B6LUT_SLICEL_I0_O)
                                                      0.148     9.242 r  u_bd/split_d_system_i/fsa_0/inst/grp_run_fu_161/grp_runController_fu_106/grp_runQueryTile_fu_142/runQueryBlock_0_U0/grp_runAccumulatorColumns_fu_512/significand_59_reg_6637[46]_i_21/O
                         net (fo=3, routed)           0.148     9.390    u_bd/split_d_system_i/fsa_0/inst/grp_run_fu_161/grp_runController_fu_106/grp_runQueryTile_fu_142/runQueryBlock_0_U0/grp_runAccumulatorColumns_fu_512/significand_59_reg_6637[46]_i_21_n_0
    SLICE_X50Y164        LUT5 (Prop_E6LUT_SLICEM_I0_O)
                                                      0.100     9.490 r  u_bd/split_d_system_i/fsa_0/inst/grp_run_fu_161/grp_runController_fu_106/grp_runQueryTile_fu_142/runQueryBlock_0_U0/grp_runAccumulatorColumns_fu_512/significand_59_reg_6637[50]_i_8/O
                         net (fo=2, routed)           0.192     9.682    u_bd/split_d_system_i/fsa_0/inst/grp_run_fu_161/grp_runController_fu_106/grp_runQueryTile_fu_142/runQueryBlock_0_U0/grp_runAccumulatorColumns_fu_512/significand_59_reg_6637[50]_i_8_n_0
    SLICE_X50Y164        LUT5 (Prop_G6LUT_SLICEM_I4_O)
                                                      0.090     9.772 r  u_bd/split_d_system_i/fsa_0/inst/grp_run_fu_161/grp_runController_fu_106/grp_runQueryTile_fu_142/runQueryBlock_0_U0/grp_runAccumulatorColumns_fu_512/significand_59_reg_6637[48]_i_2/O
                         net (fo=2, routed)           0.095     9.867    u_bd/split_d_system_i/fsa_0/inst/grp_run_fu_161/grp_runController_fu_106/grp_runQueryTile_fu_142/runQueryBlock_0_U0/grp_runAccumulatorColumns_fu_512/significand_59_reg_6637[48]_i_2_n_0
    SLICE_X50Y164        LUT5 (Prop_D6LUT_SLICEM_I4_O)
                                                      0.051     9.918 r  u_bd/split_d_system_i/fsa_0/inst/grp_run_fu_161/grp_runController_fu_106/grp_runQueryTile_fu_142/runQueryBlock_0_U0/grp_runAccumulatorColumns_fu_512/significand_59_reg_6637[47]_i_1/O
                         net (fo=1, routed)           0.072     9.990    u_bd/split_d_system_i/fsa_0/inst/grp_run_fu_161/grp_runController_fu_106/grp_runQueryTile_fu_142/runQueryBlock_0_U0/grp_runAccumulatorColumns_fu_512/significand_59_fu_4043_p3[47]
    SLICE_X50Y164        FDRE                                         r  u_bd/split_d_system_i/fsa_0/inst/grp_run_fu_161/grp_runController_fu_106/grp_runQueryTile_fu_142/runQueryBlock_0_U0/grp_runAccumulatorColumns_fu_512/significand_59_reg_6637_reg[47]/D
  -------------------------------------------------------------------    -------------------

                         (clock clk_out1_split_d_system_clk_wiz_0_0 rise edge)
                                                     10.000    10.000 r  
    BH42                                              0.000    10.000 r  board_clk_p (IN)
                         net (fo=0)                   0.079    10.079    u_board_clk/I
    HPIOBDIFFINBUF_X0Y36 DIFFINBUF (Prop_DIFFINBUF_HPIOBDIFFINBUF_DIFF_IN_P_O)
                                                      0.518    10.597 r  u_board_clk/DIFFINBUF_INST/O
                         net (fo=1, routed)           0.040    10.637    u_board_clk/OUT
    BH42                 IBUFCTRL (Prop_IBUFCTRL_HPIOB_M_I_O)
                                                      0.000    10.637 r  u_board_clk/IBUFCTRL_INST/O
                         net (fo=4, routed)           0.333    10.970    u_bd/split_d_system_i/clk_wiz_0/inst/clk_in1
    MMCM_X0Y1            MMCME4_ADV (Prop_MMCM_CLKIN1_CLKOUT0)
                                                      0.630    11.600 r  u_bd/split_d_system_i/clk_wiz_0/inst/mmcme4_adv_inst/CLKOUT0
                         net (fo=1, routed)           0.215    11.815    u_bd/split_d_system_i/clk_wiz_0/inst/clk_out1_split_d_system_clk_wiz_0_0
    BUFGCE_X0Y24         BUFGCE (Prop_BUFCE_BUFGCE_I_O)
                                                      0.024    11.839 r  u_bd/split_d_system_i/clk_wiz_0/inst/clkout1_buf/O
    X3Y1 (CLOCK_ROOT)    net (fo=50729, routed)       1.622    13.461    u_bd/split_d_system_i/fsa_0/inst/grp_run_fu_161/grp_runController_fu_106/grp_runQueryTile_fu_142/runQueryBlock_0_U0/grp_runAccumulatorColumns_fu_512/ap_clk
    SLICE_X50Y164        FDRE                                         r  u_bd/split_d_system_i/fsa_0/inst/grp_run_fu_161/grp_runController_fu_106/grp_runQueryTile_fu_142/runQueryBlock_0_U0/grp_runAccumulatorColumns_fu_512/significand_59_reg_6637_reg[47]/C
                         clock pessimism             -0.372    13.089    
                         clock uncertainty           -2.770    10.319    
    SLICE_X50Y164        FDRE (Setup_DFF_SLICEM_C_D)
                                                      0.025    10.344    u_bd/split_d_system_i/fsa_0/inst/grp_run_fu_161/grp_runController_fu_106/grp_runQueryTile_fu_142/runQueryBlock_0_U0/grp_runAccumulatorColumns_fu_512/significand_59_reg_6637_reg[47]
  -------------------------------------------------------------------
                         required time                         10.344    
                         arrival time                          -9.990    
  -------------------------------------------------------------------
                         slack                                  0.354    

Slack (MET) :             0.355ns  (required time - arrival time)
  Source:                 u_bd/split_d_system_i/fsa_0/inst/grp_run_fu_161/grp_runController_fu_106/grp_runQueryTile_fu_142/runQueryBlock_1_U0/grp_runAccumulatorColumns_fu_551/icmp_ln123_reg_6488_reg[0]/C
                            (rising edge-triggered cell FDRE clocked by clk_out1_split_d_system_clk_wiz_0_0  {rise@0.000ns fall@5.000ns period=10.000ns})
  Destination:            u_bd/split_d_system_i/fsa_0/inst/grp_run_fu_161/grp_runController_fu_106/grp_runQueryTile_fu_142/runQueryBlock_1_U0/grp_runAccumulatorColumns_fu_551/top_exponent_reg_6644_reg[4]/D
                            (rising edge-triggered cell FDRE clocked by clk_out1_split_d_system_clk_wiz_0_0  {rise@0.000ns fall@5.000ns period=10.000ns})
  Path Group:             clk_out1_split_d_system_clk_wiz_0_0
  Path Type:              Setup (Max at Slow Process Corner)
  Requirement:            10.000ns  (clk_out1_split_d_system_clk_wiz_0_0 rise@10.000ns - clk_out1_split_d_system_clk_wiz_0_0 rise@0.000ns)
  Data Path Delay:        6.826ns  (logic 2.550ns (37.358%)  route 4.276ns (62.642%))
  Logic Levels:           30  (CARRY8=12 LUT2=2 LUT3=2 LUT5=7 LUT6=7)
  Clock Path Skew:        -0.074ns (DCD - SCD + CPR)
    Destination Clock Delay (DCD):    3.591ns = ( 13.591 - 10.000 ) 
    Source Clock Delay      (SCD):    3.255ns
    Clock Pessimism Removal (CPR):    -0.411ns
  Clock Uncertainty:      2.770ns  ((TSJ^2 + DJ^2)^1/2) / 2 + PE + UU
    Total System Jitter     (TSJ):    0.071ns
    Discrete Jitter          (DJ):    0.120ns
    Phase Error              (PE):    0.000ns
    User Uncertainty         (UU):    2.700ns
  Clock Net Delay (Source):      1.960ns (routing 0.581ns, distribution 1.379ns)
  Clock Net Delay (Destination): 1.753ns (routing 0.530ns, distribution 1.223ns)

    Location             Delay type                Incr(ns)  Path(ns)    Netlist Resource(s)
  -------------------------------------------------------------------    -------------------
                         (clock clk_out1_split_d_system_clk_wiz_0_0 rise edge)
                                                      0.000     0.000 r  
    BH42                                              0.000     0.000 r  board_clk_p (IN)
                         net (fo=0)                   0.100     0.100    u_board_clk/I
    HPIOBDIFFINBUF_X0Y36 DIFFINBUF (Prop_DIFFINBUF_HPIOBDIFFINBUF_DIFF_IN_P_O)
                                                      0.615     0.715 r  u_board_clk/DIFFINBUF_INST/O
                         net (fo=1, routed)           0.050     0.765    u_board_clk/OUT
    BH42                 IBUFCTRL (Prop_IBUFCTRL_HPIOB_M_I_O)
                                                      0.000     0.765 r  u_board_clk/IBUFCTRL_INST/O
                         net (fo=4, routed)           0.384     1.149    u_bd/split_d_system_i/clk_wiz_0/inst/clk_in1
    MMCM_X0Y1            MMCME4_ADV (Prop_MMCM_CLKIN1_CLKOUT0)
                                                     -0.127     1.022 r  u_bd/split_d_system_i/clk_wiz_0/inst/mmcme4_adv_inst/CLKOUT0
                         net (fo=1, routed)           0.245     1.267    u_bd/split_d_system_i/clk_wiz_0/inst/clk_out1_split_d_system_clk_wiz_0_0
    BUFGCE_X0Y24         BUFGCE (Prop_BUFCE_BUFGCE_I_O)
                                                      0.028     1.295 r  u_bd/split_d_system_i/clk_wiz_0/inst/clkout1_buf/O
    X3Y1 (CLOCK_ROOT)    net (fo=50729, routed)       1.960     3.255    u_bd/split_d_system_i/fsa_0/inst/grp_run_fu_161/grp_runController_fu_106/grp_runQueryTile_fu_142/runQueryBlock_1_U0/grp_runAccumulatorColumns_fu_551/ap_clk
    SLICE_X156Y230       FDRE                                         r  u_bd/split_d_system_i/fsa_0/inst/grp_run_fu_161/grp_runController_fu_106/grp_runQueryTile_fu_142/runQueryBlock_1_U0/grp_runAccumulatorColumns_fu_551/icmp_ln123_reg_6488_reg[0]/C
  -------------------------------------------------------------------    -------------------
    SLICE_X156Y230       FDRE (Prop_EFF_SLICEM_C_Q)
                                                      0.076     3.331 r  u_bd/split_d_system_i/fsa_0/inst/grp_run_fu_161/grp_runController_fu_106/grp_runQueryTile_fu_142/runQueryBlock_1_U0/grp_runAccumulatorColumns_fu_551/icmp_ln123_reg_6488_reg[0]/Q
                         net (fo=44, routed)          0.301     3.632    u_bd/split_d_system_i/fsa_0/inst/grp_run_fu_161/grp_runController_fu_106/grp_runQueryTile_fu_142/runQueryBlock_1_U0/grp_runAccumulatorColumns_fu_551/icmp_ln123_reg_6488
    SLICE_X155Y228       LUT3 (Prop_A6LUT_SLICEL_I1_O)
                                                      0.050     3.682 r  u_bd/split_d_system_i/fsa_0/inst/grp_run_fu_161/grp_runController_fu_106/grp_runQueryTile_fu_142/runQueryBlock_1_U0/grp_runAccumulatorColumns_fu_551/sign_25_reg_6624[0]_i_93__0/O
                         net (fo=1, routed)           0.009     3.691    u_bd/split_d_system_i/fsa_0/inst/grp_run_fu_161/grp_runController_fu_106/grp_runQueryTile_fu_142/runQueryBlock_1_U0/grp_runAccumulatorColumns_fu_551/sign_25_reg_6624[0]_i_93__0_n_0
    SLICE_X155Y228       CARRY8 (Prop_CARRY8_SLICEL_S[0]_O[1])
                                                      0.094     3.785 r  u_bd/split_d_system_i/fsa_0/inst/grp_run_fu_161/grp_runController_fu_106/grp_runQueryTile_fu_142/runQueryBlock_1_U0/grp_runAccumulatorColumns_fu_551/sign_25_reg_6624_reg[0]_i_48__0/O[1]
                         net (fo=66, routed)          0.451     4.236    u_bd/split_d_system_i/fsa_0/inst/grp_run_fu_161/grp_runController_fu_106/grp_runQueryTile_fu_142/runQueryBlock_1_U0/grp_runAccumulatorColumns_fu_551/zext_ln60_fu_3444_p1[1]
    SLICE_X153Y227       LUT6 (Prop_B6LUT_SLICEL_I2_O)
                                                      0.098     4.334 f  u_bd/split_d_system_i/fsa_0/inst/grp_run_fu_161/grp_runController_fu_106/grp_runQueryTile_fu_142/runQueryBlock_1_U0/grp_runAccumulatorColumns_fu_551/significand_59_reg_6637[46]_i_77__0/O
                         net (fo=4, routed)           0.216     4.550    u_bd/split_d_system_i/fsa_0/inst/grp_run_fu_161/grp_runController_fu_106/grp_runQueryTile_fu_142/runQueryBlock_1_U0/grp_runAccumulatorColumns_fu_551/significand_59_reg_6637[46]_i_77__0_n_0
    SLICE_X154Y225       LUT6 (Prop_H6LUT_SLICEM_I3_O)
                                                      0.053     4.603 f  u_bd/split_d_system_i/fsa_0/inst/grp_run_fu_161/grp_runController_fu_106/grp_runQueryTile_fu_142/runQueryBlock_1_U0/grp_runAccumulatorColumns_fu_551/significand_59_reg_6637[38]_i_66__0/O
                         net (fo=2, routed)           0.457     5.060    u_bd/split_d_system_i/fsa_0/inst/grp_run_fu_161/grp_runController_fu_106/grp_runQueryTile_fu_142/runQueryBlock_1_U0/grp_runAccumulatorColumns_fu_551/significand_59_reg_6637[38]_i_66__0_n_0
    SLICE_X155Y223       LUT3 (Prop_B6LUT_SLICEL_I0_O)
                                                      0.051     5.111 f  u_bd/split_d_system_i/fsa_0/inst/grp_run_fu_161/grp_runController_fu_106/grp_runQueryTile_fu_142/runQueryBlock_1_U0/grp_runAccumulatorColumns_fu_551/significand_59_reg_6637[22]_i_47__0/O
                         net (fo=3, routed)           0.259     5.370    u_bd/split_d_system_i/fsa_0/inst/grp_run_fu_161/grp_runController_fu_106/grp_runQueryTile_fu_142/runQueryBlock_1_U0/grp_runAccumulatorColumns_fu_551/significand_59_reg_6637[22]_i_47__0_n_0
    SLICE_X156Y222       LUT6 (Prop_D6LUT_SLICEM_I0_O)
                                                      0.145     5.515 r  u_bd/split_d_system_i/fsa_0/inst/grp_run_fu_161/grp_runController_fu_106/grp_runQueryTile_fu_142/runQueryBlock_1_U0/grp_runAccumulatorColumns_fu_551/sign_25_reg_6624[0]_i_127__0/O
                         net (fo=1, routed)           0.174     5.689    u_bd/split_d_system_i/fsa_0/inst/grp_run_fu_161/grp_runController_fu_106/grp_runQueryTile_fu_142/runQueryBlock_1_U0/grp_runAccumulatorColumns_fu_551/sign_25_reg_6624[0]_i_127__0_n_0
    SLICE_X157Y222       LUT6 (Prop_H6LUT_SLICEM_I0_O)
                                                      0.090     5.779 f  u_bd/split_d_system_i/fsa_0/inst/grp_run_fu_161/grp_runController_fu_106/grp_runQueryTile_fu_142/runQueryBlock_1_U0/grp_runAccumulatorColumns_fu_551/sign_25_reg_6624[0]_i_117__0/O
                         net (fo=1, routed)           0.100     5.879    u_bd/split_d_system_i/fsa_0/inst/grp_run_fu_161/grp_runController_fu_106/grp_runQueryTile_fu_142/runQueryBlock_1_U0/grp_runAccumulatorColumns_fu_551/sign_25_reg_6624[0]_i_117__0_n_0
    SLICE_X157Y224       LUT6 (Prop_H6LUT_SLICEM_I2_O)
                                                      0.053     5.932 r  u_bd/split_d_system_i/fsa_0/inst/grp_run_fu_161/grp_runController_fu_106/grp_runQueryTile_fu_142/runQueryBlock_1_U0/grp_runAccumulatorColumns_fu_551/sign_25_reg_6624[0]_i_69__0/O
                         net (fo=1, routed)           0.133     6.065    u_bd/split_d_system_i/fsa_0/inst/grp_run_fu_161/grp_runController_fu_106/grp_runQueryTile_fu_142/runQueryBlock_1_U0/grp_runAccumulatorColumns_fu_551/sign_25_reg_6624[0]_i_69__0_n_0
    SLICE_X158Y225       CARRY8 (Prop_CARRY8_SLICEL_DI[0]_CO[7])
                                                      0.131     6.196 r  u_bd/split_d_system_i/fsa_0/inst/grp_run_fu_161/grp_runController_fu_106/grp_runQueryTile_fu_142/runQueryBlock_1_U0/grp_runAccumulatorColumns_fu_551/sign_25_reg_6624_reg[0]_i_31__0/CO[7]
                         net (fo=1, routed)           0.026     6.222    u_bd/split_d_system_i/fsa_0/inst/grp_run_fu_161/grp_runController_fu_106/grp_runQueryTile_fu_142/runQueryBlock_1_U0/grp_runAccumulatorColumns_fu_551/sign_25_reg_6624_reg[0]_i_31__0_n_0
    SLICE_X158Y226       CARRY8 (Prop_CARRY8_SLICEL_CI_CO[7])
                                                      0.015     6.237 r  u_bd/split_d_system_i/fsa_0/inst/grp_run_fu_161/grp_runController_fu_106/grp_runQueryTile_fu_142/runQueryBlock_1_U0/grp_runAccumulatorColumns_fu_551/sign_25_reg_6624_reg[0]_i_8__0/CO[7]
                         net (fo=1, routed)           0.026     6.263    u_bd/split_d_system_i/fsa_0/inst/grp_run_fu_161/grp_runController_fu_106/grp_runQueryTile_fu_142/runQueryBlock_1_U0/grp_runAccumulatorColumns_fu_551/sign_25_reg_6624_reg[0]_i_8__0_n_0
    SLICE_X158Y227       CARRY8 (Prop_CARRY8_SLICEL_CI_CO[7])
                                                      0.015     6.278 r  u_bd/split_d_system_i/fsa_0/inst/grp_run_fu_161/grp_runController_fu_106/grp_runQueryTile_fu_142/runQueryBlock_1_U0/grp_runAccumulatorColumns_fu_551/sign_25_reg_6624_reg[0]_i_3__0/CO[7]
                         net (fo=1, routed)           0.026     6.304    u_bd/split_d_system_i/fsa_0/inst/grp_run_fu_161/grp_runController_fu_106/grp_runQueryTile_fu_142/runQueryBlock_1_U0/grp_runAccumulatorColumns_fu_551/sign_25_reg_6624_reg[0]_i_3__0_n_0
    SLICE_X158Y228       CARRY8 (Prop_CARRY8_SLICEL_CI_CO[1])
                                                      0.042     6.346 r  u_bd/split_d_system_i/fsa_0/inst/grp_run_fu_161/grp_runController_fu_106/grp_runQueryTile_fu_142/runQueryBlock_1_U0/grp_runAccumulatorColumns_fu_551/sign_25_reg_6624_reg[0]_i_2__0/CO[1]
                         net (fo=53, routed)          0.247     6.593    u_bd/split_d_system_i/fsa_0/inst/grp_run_fu_161/grp_runController_fu_106/grp_runQueryTile_fu_142/runQueryBlock_1_U0/grp_runAccumulatorColumns_fu_551/icmp_ln133_fu_3890_p2
    SLICE_X157Y223       LUT2 (Prop_E6LUT_SLICEM_I1_O)
                                                      0.100     6.693 r  u_bd/split_d_system_i/fsa_0/inst/grp_run_fu_161/grp_runController_fu_106/grp_runQueryTile_fu_142/runQueryBlock_1_U0/grp_runAccumulatorColumns_fu_551/significand_59_reg_6637[6]_i_21__0/O
                         net (fo=1, routed)           0.185     6.878    u_bd/split_d_system_i/fsa_0/inst/grp_run_fu_161/grp_runController_fu_106/grp_runQueryTile_fu_142/runQueryBlock_1_U0/grp_runAccumulatorColumns_fu_551/and_ln133_fu_3914_p2
    SLICE_X157Y223       LUT6 (Prop_F6LUT_SLICEM_I0_O)
                                                      0.123     7.001 r  u_bd/split_d_system_i/fsa_0/inst/grp_run_fu_161/grp_runController_fu_106/grp_runQueryTile_fu_142/runQueryBlock_1_U0/grp_runAccumulatorColumns_fu_551/significand_59_reg_6637[6]_i_4__0/O
                         net (fo=1, routed)           0.174     7.175    u_bd/split_d_system_i/fsa_0/inst/grp_run_fu_161/grp_runController_fu_106/grp_runQueryTile_fu_142/runQueryBlock_1_U0/grp_runAccumulatorColumns_fu_551/significand_59_reg_6637[6]_i_4__0_n_0
    SLICE_X157Y225       CARRY8 (Prop_CARRY8_SLICEM_CI_CO[7])
                                                      0.153     7.328 r  u_bd/split_d_system_i/fsa_0/inst/grp_run_fu_161/grp_runController_fu_106/grp_runQueryTile_fu_142/runQueryBlock_1_U0/grp_runAccumulatorColumns_fu_551/significand_59_reg_6637_reg[6]_i_2__0/CO[7]
                         net (fo=1, routed)           0.026     7.354    u_bd/split_d_system_i/fsa_0/inst/grp_run_fu_161/grp_runController_fu_106/grp_runQueryTile_fu_142/runQueryBlock_1_U0/grp_runAccumulatorColumns_fu_551/significand_59_reg_6637_reg[6]_i_2__0_n_0
    SLICE_X157Y226       CARRY8 (Prop_CARRY8_SLICEM_CI_CO[7])
                                                      0.015     7.369 r  u_bd/split_d_system_i/fsa_0/inst/grp_run_fu_161/grp_runController_fu_106/grp_runQueryTile_fu_142/runQueryBlock_1_U0/grp_runAccumulatorColumns_fu_551/significand_59_reg_6637_reg[14]_i_2__0/CO[7]
                         net (fo=1, routed)           0.026     7.395    u_bd/split_d_system_i/fsa_0/inst/grp_run_fu_161/grp_runController_fu_106/grp_runQueryTile_fu_142/runQueryBlock_1_U0/grp_runAccumulatorColumns_fu_551/significand_59_reg_6637_reg[14]_i_2__0_n_0
    SLICE_X157Y227       CARRY8 (Prop_CARRY8_SLICEM_CI_CO[7])
                                                      0.015     7.410 r  u_bd/split_d_system_i/fsa_0/inst/grp_run_fu_161/grp_runController_fu_106/grp_runQueryTile_fu_142/runQueryBlock_1_U0/grp_runAccumulatorColumns_fu_551/significand_59_reg_6637_reg[22]_i_2__0/CO[7]
                         net (fo=1, routed)           0.026     7.436    u_bd/split_d_system_i/fsa_0/inst/grp_run_fu_161/grp_runController_fu_106/grp_runQueryTile_fu_142/runQueryBlock_1_U0/grp_runAccumulatorColumns_fu_551/significand_59_reg_6637_reg[22]_i_2__0_n_0
    SLICE_X157Y228       CARRY8 (Prop_CARRY8_SLICEM_CI_CO[7])
                                                      0.015     7.451 r  u_bd/split_d_system_i/fsa_0/inst/grp_run_fu_161/grp_runController_fu_106/grp_runQueryTile_fu_142/runQueryBlock_1_U0/grp_runAccumulatorColumns_fu_551/significand_59_reg_6637_reg[30]_i_2__0/CO[7]
                         net (fo=1, routed)           0.026     7.477    u_bd/split_d_system_i/fsa_0/inst/grp_run_fu_161/grp_runController_fu_106/grp_runQueryTile_fu_142/runQueryBlock_1_U0/grp_runAccumulatorColumns_fu_551/significand_59_reg_6637_reg[30]_i_2__0_n_0
    SLICE_X157Y229       CARRY8 (Prop_CARRY8_SLICEM_CI_CO[7])
                                                      0.015     7.492 r  u_bd/split_d_system_i/fsa_0/inst/grp_run_fu_161/grp_runController_fu_106/grp_runQueryTile_fu_142/runQueryBlock_1_U0/grp_runAccumulatorColumns_fu_551/significand_59_reg_6637_reg[38]_i_2__0/CO[7]
                         net (fo=1, routed)           0.026     7.518    u_bd/split_d_system_i/fsa_0/inst/grp_run_fu_161/grp_runController_fu_106/grp_runQueryTile_fu_142/runQueryBlock_1_U0/grp_runAccumulatorColumns_fu_551/significand_59_reg_6637_reg[38]_i_2__0_n_0
    SLICE_X157Y230       CARRY8 (Prop_CARRY8_SLICEM_CI_O[7])
                                                      0.116     7.634 r  u_bd/split_d_system_i/fsa_0/inst/grp_run_fu_161/grp_runController_fu_106/grp_runQueryTile_fu_142/runQueryBlock_1_U0/grp_runAccumulatorColumns_fu_551/significand_59_reg_6637_reg[46]_i_2__0/O[7]
                         net (fo=10, routed)          0.388     8.022    u_bd/split_d_system_i/fsa_0/inst/grp_run_fu_161/grp_runController_fu_106/grp_runQueryTile_fu_142/runQueryBlock_1_U0/grp_runAccumulatorColumns_fu_551/ctlz_51_51_1_1_U305/dout_tmp0_in[47]
    SLICE_X157Y237       LUT5 (Prop_B6LUT_SLICEM_I3_O)
                                                      0.052     8.074 f  u_bd/split_d_system_i/fsa_0/inst/grp_run_fu_161/grp_runController_fu_106/grp_runQueryTile_fu_142/runQueryBlock_1_U0/grp_runAccumulatorColumns_fu_551/ctlz_51_51_1_1_U305/significand_59_reg_6637[50]_i_82__0/O
                         net (fo=1, routed)           0.091     8.165    u_bd/split_d_system_i/fsa_0/inst/grp_run_fu_161/grp_runController_fu_106/grp_runQueryTile_fu_142/runQueryBlock_1_U0/grp_runAccumulatorColumns_fu_551/ctlz_51_51_1_1_U305/significand_59_reg_6637[50]_i_82__0_n_0
    SLICE_X157Y238       LUT5 (Prop_H6LUT_SLICEM_I2_O)
                                                      0.101     8.266 f  u_bd/split_d_system_i/fsa_0/inst/grp_run_fu_161/grp_runController_fu_106/grp_runQueryTile_fu_142/runQueryBlock_1_U0/grp_runAccumulatorColumns_fu_551/ctlz_51_51_1_1_U305/significand_59_reg_6637[50]_i_80__0/O
                         net (fo=1, routed)           0.098     8.364    u_bd/split_d_system_i/fsa_0/inst/grp_run_fu_161/grp_runController_fu_106/grp_runQueryTile_fu_142/runQueryBlock_1_U0/grp_runAccumulatorColumns_fu_551/ctlz_51_51_1_1_U305/significand_59_reg_6637[50]_i_80__0_n_0
    SLICE_X157Y237       LUT5 (Prop_D6LUT_SLICEM_I2_O)
                                                      0.122     8.486 f  u_bd/split_d_system_i/fsa_0/inst/grp_run_fu_161/grp_runController_fu_106/grp_runQueryTile_fu_142/runQueryBlock_1_U0/grp_runAccumulatorColumns_fu_551/ctlz_51_51_1_1_U305/significand_59_reg_6637[50]_i_77__0/O
                         net (fo=1, routed)           0.045     8.531    u_bd/split_d_system_i/fsa_0/inst/grp_run_fu_161/grp_runController_fu_106/grp_runQueryTile_fu_142/runQueryBlock_1_U0/grp_runAccumulatorColumns_fu_551/ctlz_51_51_1_1_U305/significand_59_reg_6637[50]_i_77__0_n_0
    SLICE_X157Y237       LUT6 (Prop_H6LUT_SLICEM_I2_O)
                                                      0.101     8.632 f  u_bd/split_d_system_i/fsa_0/inst/grp_run_fu_161/grp_runController_fu_106/grp_runQueryTile_fu_142/runQueryBlock_1_U0/grp_runAccumulatorColumns_fu_551/ctlz_51_51_1_1_U305/significand_59_reg_6637[50]_i_72__0/O
                         net (fo=1, routed)           0.206     8.838    u_bd/split_d_system_i/fsa_0/inst/grp_run_fu_161/grp_runController_fu_106/grp_runQueryTile_fu_142/runQueryBlock_1_U0/grp_runAccumulatorColumns_fu_551/ctlz_51_51_1_1_U305/significand_59_reg_6637[50]_i_72__0_n_0
    SLICE_X158Y236       LUT5 (Prop_B6LUT_SLICEL_I2_O)
                                                      0.036     8.874 f  u_bd/split_d_system_i/fsa_0/inst/grp_run_fu_161/grp_runController_fu_106/grp_runQueryTile_fu_142/runQueryBlock_1_U0/grp_runAccumulatorColumns_fu_551/ctlz_51_51_1_1_U305/significand_59_reg_6637[50]_i_65__0/O
                         net (fo=1, routed)           0.100     8.974    u_bd/split_d_system_i/fsa_0/inst/grp_run_fu_161/grp_runController_fu_106/grp_runQueryTile_fu_142/runQueryBlock_1_U0/grp_runAccumulatorColumns_fu_551/ctlz_51_51_1_1_U305/significand_59_reg_6637[50]_i_65__0_n_0
    SLICE_X158Y234       LUT5 (Prop_B6LUT_SLICEL_I2_O)
                                                      0.124     9.098 f  u_bd/split_d_system_i/fsa_0/inst/grp_run_fu_161/grp_runController_fu_106/grp_runQueryTile_fu_142/runQueryBlock_1_U0/grp_runAccumulatorColumns_fu_551/ctlz_51_51_1_1_U305/significand_59_reg_6637[50]_i_46__0/O
                         net (fo=1, routed)           0.093     9.191    u_bd/split_d_system_i/fsa_0/inst/grp_run_fu_161/grp_runController_fu_106/grp_runQueryTile_fu_142/runQueryBlock_1_U0/grp_runAccumulatorColumns_fu_551/ctlz_51_51_1_1_U305/significand_59_reg_6637[50]_i_46__0_n_0
    SLICE_X158Y233       LUT5 (Prop_B6LUT_SLICEL_I2_O)
                                                      0.124     9.315 r  u_bd/split_d_system_i/fsa_0/inst/grp_run_fu_161/grp_runController_fu_106/grp_runQueryTile_fu_142/runQueryBlock_1_U0/grp_runAccumulatorColumns_fu_551/ctlz_51_51_1_1_U305/significand_59_reg_6637[50]_i_17__0/O
                         net (fo=1, routed)           0.088     9.403    u_bd/split_d_system_i/fsa_0/inst/grp_run_fu_161/grp_runController_fu_106/grp_runQueryTile_fu_142/runQueryBlock_1_U0/grp_runAccumulatorColumns_fu_551/ctlz_51_51_1_1_U305/significand_59_reg_6637[50]_i_17__0_n_0
    SLICE_X158Y232       LUT5 (Prop_G6LUT_SLICEL_I1_O)
                                                      0.097     9.500 r  u_bd/split_d_system_i/fsa_0/inst/grp_run_fu_161/grp_runController_fu_106/grp_runQueryTile_fu_142/runQueryBlock_1_U0/grp_runAccumulatorColumns_fu_551/ctlz_51_51_1_1_U305/significand_59_reg_6637[50]_i_5__0/O
                         net (fo=53, routed)          0.219     9.719    u_bd/split_d_system_i/fsa_0/inst/grp_run_fu_161/grp_runController_fu_106/grp_runQueryTile_fu_142/runQueryBlock_1_U0/grp_runAccumulatorColumns_fu_551/distance_26_fu_3999_p3[0]
    SLICE_X158Y229       LUT2 (Prop_A6LUT_SLICEL_I0_O)
                                                      0.124     9.843 r  u_bd/split_d_system_i/fsa_0/inst/grp_run_fu_161/grp_runController_fu_106/grp_runQueryTile_fu_142/runQueryBlock_1_U0/grp_runAccumulatorColumns_fu_551/top_exponent_reg_6644[7]_i_18__0/O
                         net (fo=1, routed)           0.009     9.852    u_bd/split_d_system_i/fsa_0/inst/grp_run_fu_161/grp_runController_fu_106/grp_runQueryTile_fu_142/runQueryBlock_1_U0/grp_runAccumulatorColumns_fu_551/top_exponent_reg_6644[7]_i_18__0_n_0
    SLICE_X158Y229       CARRY8 (Prop_CARRY8_SLICEL_S[0]_O[4])
                                                      0.204    10.056 r  u_bd/split_d_system_i/fsa_0/inst/grp_run_fu_161/grp_runController_fu_106/grp_runQueryTile_fu_142/runQueryBlock_1_U0/grp_runAccumulatorColumns_fu_551/top_exponent_reg_6644_reg[7]_i_1__0/O[4]
                         net (fo=1, routed)           0.025    10.081    u_bd/split_d_system_i/fsa_0/inst/grp_run_fu_161/grp_runController_fu_106/grp_runQueryTile_fu_142/runQueryBlock_1_U0/grp_runAccumulatorColumns_fu_551/top_exponent_fu_4051_p3[4]
    SLICE_X158Y229       FDRE                                         r  u_bd/split_d_system_i/fsa_0/inst/grp_run_fu_161/grp_runController_fu_106/grp_runQueryTile_fu_142/runQueryBlock_1_U0/grp_runAccumulatorColumns_fu_551/top_exponent_reg_6644_reg[4]/D
  -------------------------------------------------------------------    -------------------

                         (clock clk_out1_split_d_system_clk_wiz_0_0 rise edge)
                                                     10.000    10.000 r  
    BH42                                              0.000    10.000 r  board_clk_p (IN)
                         net (fo=0)                   0.079    10.079    u_board_clk/I
    HPIOBDIFFINBUF_X0Y36 DIFFINBUF (Prop_DIFFINBUF_HPIOBDIFFINBUF_DIFF_IN_P_O)
                                                      0.518    10.597 r  u_board_clk/DIFFINBUF_INST/O
                         net (fo=1, routed)           0.040    10.637    u_board_clk/OUT
    BH42                 IBUFCTRL (Prop_IBUFCTRL_HPIOB_M_I_O)
                                                      0.000    10.637 r  u_board_clk/IBUFCTRL_INST/O
                         net (fo=4, routed)           0.333    10.970    u_bd/split_d_system_i/clk_wiz_0/inst/clk_in1
    MMCM_X0Y1            MMCME4_ADV (Prop_MMCM_CLKIN1_CLKOUT0)
                                                      0.630    11.600 r  u_bd/split_d_system_i/clk_wiz_0/inst/mmcme4_adv_inst/CLKOUT0
                         net (fo=1, routed)           0.215    11.815    u_bd/split_d_system_i/clk_wiz_0/inst/clk_out1_split_d_system_clk_wiz_0_0
    BUFGCE_X0Y24         BUFGCE (Prop_BUFCE_BUFGCE_I_O)
                                                      0.024    11.839 r  u_bd/split_d_system_i/clk_wiz_0/inst/clkout1_buf/O
    X3Y1 (CLOCK_ROOT)    net (fo=50729, routed)       1.753    13.591    u_bd/split_d_system_i/fsa_0/inst/grp_run_fu_161/grp_runController_fu_106/grp_runQueryTile_fu_142/runQueryBlock_1_U0/grp_runAccumulatorColumns_fu_551/ap_clk
    SLICE_X158Y229       FDRE                                         r  u_bd/split_d_system_i/fsa_0/inst/grp_run_fu_161/grp_runController_fu_106/grp_runQueryTile_fu_142/runQueryBlock_1_U0/grp_runAccumulatorColumns_fu_551/top_exponent_reg_6644_reg[4]/C
                         clock pessimism             -0.411    13.181    
                         clock uncertainty           -2.770    10.411    
    SLICE_X158Y229       FDRE (Setup_EFF_SLICEL_C_D)
                                                      0.025    10.436    u_bd/split_d_system_i/fsa_0/inst/grp_run_fu_161/grp_runController_fu_106/grp_runQueryTile_fu_142/runQueryBlock_1_U0/grp_runAccumulatorColumns_fu_551/top_exponent_reg_6644_reg[4]
  -------------------------------------------------------------------
                         required time                         10.436    
                         arrival time                         -10.081    
  -------------------------------------------------------------------
                         slack                                  0.355    

Slack (MET) :             0.357ns  (required time - arrival time)
  Source:                 u_bd/split_d_system_i/fsa_0/inst/grp_run_fu_161/grp_runController_fu_106/grp_runQueryTile_fu_142/runQueryBlock_0_U0/grp_runAccumulatorColumns_fu_512/icmp_ln123_reg_6488_reg[0]/C
                            (rising edge-triggered cell FDRE clocked by clk_out1_split_d_system_clk_wiz_0_0  {rise@0.000ns fall@5.000ns period=10.000ns})
  Destination:            u_bd/split_d_system_i/fsa_0/inst/grp_run_fu_161/grp_runController_fu_106/grp_runQueryTile_fu_142/runQueryBlock_0_U0/grp_runAccumulatorColumns_fu_512/significand_59_reg_6637_reg[49]/D
                            (rising edge-triggered cell FDRE clocked by clk_out1_split_d_system_clk_wiz_0_0  {rise@0.000ns fall@5.000ns period=10.000ns})
  Path Group:             clk_out1_split_d_system_clk_wiz_0_0
  Path Type:              Setup (Max at Slow Process Corner)
  Requirement:            10.000ns  (clk_out1_split_d_system_clk_wiz_0_0 rise@10.000ns - clk_out1_split_d_system_clk_wiz_0_0 rise@0.000ns)
  Data Path Delay:        6.857ns  (logic 2.571ns (37.496%)  route 4.286ns (62.504%))
  Logic Levels:           30  (CARRY8=12 LUT2=1 LUT3=2 LUT4=2 LUT5=7 LUT6=6)
  Clock Path Skew:        -0.041ns (DCD - SCD + CPR)
    Destination Clock Delay (DCD):    3.462ns = ( 13.462 - 10.000 ) 
    Source Clock Delay      (SCD):    3.131ns
    Clock Pessimism Removal (CPR):    -0.372ns
  Clock Uncertainty:      2.770ns  ((TSJ^2 + DJ^2)^1/2) / 2 + PE + UU
    Total System Jitter     (TSJ):    0.071ns
    Discrete Jitter          (DJ):    0.120ns
    Phase Error              (PE):    0.000ns
    User Uncertainty         (UU):    2.700ns
  Clock Net Delay (Source):      1.836ns (routing 0.581ns, distribution 1.255ns)
  Clock Net Delay (Destination): 1.623ns (routing 0.530ns, distribution 1.093ns)

    Location             Delay type                Incr(ns)  Path(ns)    Netlist Resource(s)
  -------------------------------------------------------------------    -------------------
                         (clock clk_out1_split_d_system_clk_wiz_0_0 rise edge)
                                                      0.000     0.000 r  
    BH42                                              0.000     0.000 r  board_clk_p (IN)
                         net (fo=0)                   0.100     0.100    u_board_clk/I
    HPIOBDIFFINBUF_X0Y36 DIFFINBUF (Prop_DIFFINBUF_HPIOBDIFFINBUF_DIFF_IN_P_O)
                                                      0.615     0.715 r  u_board_clk/DIFFINBUF_INST/O
                         net (fo=1, routed)           0.050     0.765    u_board_clk/OUT
    BH42                 IBUFCTRL (Prop_IBUFCTRL_HPIOB_M_I_O)
                                                      0.000     0.765 r  u_board_clk/IBUFCTRL_INST/O
                         net (fo=4, routed)           0.384     1.149    u_bd/split_d_system_i/clk_wiz_0/inst/clk_in1
    MMCM_X0Y1            MMCME4_ADV (Prop_MMCM_CLKIN1_CLKOUT0)
                                                     -0.127     1.022 r  u_bd/split_d_system_i/clk_wiz_0/inst/mmcme4_adv_inst/CLKOUT0
                         net (fo=1, routed)           0.245     1.267    u_bd/split_d_system_i/clk_wiz_0/inst/clk_out1_split_d_system_clk_wiz_0_0
    BUFGCE_X0Y24         BUFGCE (Prop_BUFCE_BUFGCE_I_O)
                                                      0.028     1.295 r  u_bd/split_d_system_i/clk_wiz_0/inst/clkout1_buf/O
    X3Y1 (CLOCK_ROOT)    net (fo=50729, routed)       1.836     3.131    u_bd/split_d_system_i/fsa_0/inst/grp_run_fu_161/grp_runController_fu_106/grp_runQueryTile_fu_142/runQueryBlock_0_U0/grp_runAccumulatorColumns_fu_512/ap_clk
    SLICE_X50Y169        FDRE                                         r  u_bd/split_d_system_i/fsa_0/inst/grp_run_fu_161/grp_runController_fu_106/grp_runQueryTile_fu_142/runQueryBlock_0_U0/grp_runAccumulatorColumns_fu_512/icmp_ln123_reg_6488_reg[0]/C
  -------------------------------------------------------------------    -------------------
    SLICE_X50Y169        FDRE (Prop_EFF_SLICEM_C_Q)
                                                      0.076     3.207 f  u_bd/split_d_system_i/fsa_0/inst/grp_run_fu_161/grp_runController_fu_106/grp_runQueryTile_fu_142/runQueryBlock_0_U0/grp_runAccumulatorColumns_fu_512/icmp_ln123_reg_6488_reg[0]/Q
                         net (fo=44, routed)          0.289     3.496    u_bd/split_d_system_i/fsa_0/inst/grp_run_fu_161/grp_runController_fu_106/grp_runQueryTile_fu_142/runQueryBlock_0_U0/grp_runAccumulatorColumns_fu_512/icmp_ln123_reg_6488
    SLICE_X51Y171        LUT3 (Prop_B6LUT_SLICEL_I0_O)
                                                      0.090     3.586 r  u_bd/split_d_system_i/fsa_0/inst/grp_run_fu_161/grp_runController_fu_106/grp_runQueryTile_fu_142/runQueryBlock_0_U0/grp_runAccumulatorColumns_fu_512/sign_25_reg_6624[0]_i_114/O
                         net (fo=1, routed)           0.009     3.595    u_bd/split_d_system_i/fsa_0/inst/grp_run_fu_161/grp_runController_fu_106/grp_runQueryTile_fu_142/runQueryBlock_0_U0/grp_runAccumulatorColumns_fu_512/sign_25_reg_6624[0]_i_114_n_0
    SLICE_X51Y171        CARRY8 (Prop_CARRY8_SLICEL_S[1]_O[5])
                                                      0.233     3.828 f  u_bd/split_d_system_i/fsa_0/inst/grp_run_fu_161/grp_runController_fu_106/grp_runQueryTile_fu_142/runQueryBlock_0_U0/grp_runAccumulatorColumns_fu_512/sign_25_reg_6624_reg[0]_i_54/O[5]
                         net (fo=55, routed)          0.249     4.077    u_bd/split_d_system_i/fsa_0/inst/grp_run_fu_161/grp_runController_fu_106/grp_runQueryTile_fu_142/runQueryBlock_0_U0/grp_runAccumulatorColumns_fu_512/zext_ln60_9_fu_3684_p1[5]
    SLICE_X52Y172        LUT6 (Prop_H6LUT_SLICEM_I4_O)
                                                      0.125     4.202 f  u_bd/split_d_system_i/fsa_0/inst/grp_run_fu_161/grp_runController_fu_106/grp_runQueryTile_fu_142/runQueryBlock_0_U0/grp_runAccumulatorColumns_fu_512/sign_25_reg_6624[0]_i_98/O
                         net (fo=1, routed)           0.124     4.326    u_bd/split_d_system_i/fsa_0/inst/grp_run_fu_161/grp_runController_fu_106/grp_runQueryTile_fu_142/runQueryBlock_0_U0/grp_runAccumulatorColumns_fu_512/sign_25_reg_6624[0]_i_98_n_0
    SLICE_X53Y173        LUT5 (Prop_G6LUT_SLICEM_I3_O)
                                                      0.150     4.476 f  u_bd/split_d_system_i/fsa_0/inst/grp_run_fu_161/grp_runController_fu_106/grp_runQueryTile_fu_142/runQueryBlock_0_U0/grp_runAccumulatorColumns_fu_512/sign_25_reg_6624[0]_i_52/O
                         net (fo=49, routed)          0.337     4.813    u_bd/split_d_system_i/fsa_0/inst/grp_run_fu_161/grp_runController_fu_106/grp_runQueryTile_fu_142/runQueryBlock_0_U0/grp_runAccumulatorColumns_fu_512/icmp_ln53_2_fu_3643_p2
    SLICE_X56Y172        LUT5 (Prop_E6LUT_SLICEM_I1_O)
                                                      0.052     4.865 r  u_bd/split_d_system_i/fsa_0/inst/grp_run_fu_161/grp_runController_fu_106/grp_runQueryTile_fu_142/runQueryBlock_0_U0/grp_runAccumulatorColumns_fu_512/significand_59_reg_6637[6]_i_108/O
                         net (fo=1, routed)           0.141     5.006    u_bd/split_d_system_i/fsa_0/inst/grp_run_fu_161/grp_runController_fu_106/grp_runQueryTile_fu_142/runQueryBlock_0_U0/grp_runAccumulatorColumns_fu_512/significand_59_reg_6637[6]_i_108_n_0
    SLICE_X56Y173        LUT6 (Prop_G6LUT_SLICEM_I5_O)
                                                      0.052     5.058 f  u_bd/split_d_system_i/fsa_0/inst/grp_run_fu_161/grp_runController_fu_106/grp_runQueryTile_fu_142/runQueryBlock_0_U0/grp_runAccumulatorColumns_fu_512/significand_59_reg_6637[6]_i_74/O
                         net (fo=1, routed)           0.147     5.205    u_bd/split_d_system_i/fsa_0/inst/grp_run_fu_161/grp_runController_fu_106/grp_runQueryTile_fu_142/runQueryBlock_0_U0/grp_runAccumulatorColumns_fu_512/significand_59_reg_6637[6]_i_74_n_0
    SLICE_X55Y175        LUT6 (Prop_D6LUT_SLICEL_I5_O)
                                                      0.122     5.327 r  u_bd/split_d_system_i/fsa_0/inst/grp_run_fu_161/grp_runController_fu_106/grp_runQueryTile_fu_142/runQueryBlock_0_U0/grp_runAccumulatorColumns_fu_512/significand_59_reg_6637[6]_i_41/O
                         net (fo=3, routed)           0.333     5.660    u_bd/split_d_system_i/fsa_0/inst/grp_run_fu_161/grp_runController_fu_106/grp_runQueryTile_fu_142/runQueryBlock_0_U0/grp_runAccumulatorColumns_fu_512/significand_59_reg_6637[6]_i_41_n_0
    SLICE_X52Y172        LUT6 (Prop_D6LUT_SLICEM_I3_O)
                                                      0.088     5.748 r  u_bd/split_d_system_i/fsa_0/inst/grp_run_fu_161/grp_runController_fu_106/grp_runQueryTile_fu_142/runQueryBlock_0_U0/grp_runAccumulatorColumns_fu_512/sign_25_reg_6624[0]_i_69/O
                         net (fo=1, routed)           0.224     5.972    u_bd/split_d_system_i/fsa_0/inst/grp_run_fu_161/grp_runController_fu_106/grp_runQueryTile_fu_142/runQueryBlock_0_U0/grp_runAccumulatorColumns_fu_512/sign_25_reg_6624[0]_i_69_n_0
    SLICE_X52Y169        CARRY8 (Prop_CARRY8_SLICEM_DI[0]_CO[7])
                                                      0.133     6.105 r  u_bd/split_d_system_i/fsa_0/inst/grp_run_fu_161/grp_runController_fu_106/grp_runQueryTile_fu_142/runQueryBlock_0_U0/grp_runAccumulatorColumns_fu_512/sign_25_reg_6624_reg[0]_i_31/CO[7]
                         net (fo=1, routed)           0.026     6.131    u_bd/split_d_system_i/fsa_0/inst/grp_run_fu_161/grp_runController_fu_106/grp_runQueryTile_fu_142/runQueryBlock_0_U0/grp_runAccumulatorColumns_fu_512/sign_25_reg_6624_reg[0]_i_31_n_0
    SLICE_X52Y170        CARRY8 (Prop_CARRY8_SLICEM_CI_CO[7])
                                                      0.015     6.146 r  u_bd/split_d_system_i/fsa_0/inst/grp_run_fu_161/grp_runController_fu_106/grp_runQueryTile_fu_142/runQueryBlock_0_U0/grp_runAccumulatorColumns_fu_512/sign_25_reg_6624_reg[0]_i_8/CO[7]
                         net (fo=1, routed)           0.026     6.172    u_bd/split_d_system_i/fsa_0/inst/grp_run_fu_161/grp_runController_fu_106/grp_runQueryTile_fu_142/runQueryBlock_0_U0/grp_runAccumulatorColumns_fu_512/sign_25_reg_6624_reg[0]_i_8_n_0
    SLICE_X52Y171        CARRY8 (Prop_CARRY8_SLICEM_CI_CO[7])
                                                      0.015     6.187 r  u_bd/split_d_system_i/fsa_0/inst/grp_run_fu_161/grp_runController_fu_106/grp_runQueryTile_fu_142/runQueryBlock_0_U0/grp_runAccumulatorColumns_fu_512/sign_25_reg_6624_reg[0]_i_3/CO[7]
                         net (fo=1, routed)           0.026     6.213    u_bd/split_d_system_i/fsa_0/inst/grp_run_fu_161/grp_runController_fu_106/grp_runQueryTile_fu_142/runQueryBlock_0_U0/grp_runAccumulatorColumns_fu_512/sign_25_reg_6624_reg[0]_i_3_n_0
    SLICE_X52Y172        CARRY8 (Prop_CARRY8_SLICEM_CI_CO[1])
                                                      0.042     6.255 r  u_bd/split_d_system_i/fsa_0/inst/grp_run_fu_161/grp_runController_fu_106/grp_runQueryTile_fu_142/runQueryBlock_0_U0/grp_runAccumulatorColumns_fu_512/sign_25_reg_6624_reg[0]_i_2/CO[1]
                         net (fo=53, routed)          0.301     6.556    u_bd/split_d_system_i/fsa_0/inst/grp_run_fu_161/grp_runController_fu_106/grp_runQueryTile_fu_142/runQueryBlock_0_U0/grp_runAccumulatorColumns_fu_512/icmp_ln133_fu_3890_p2
    SLICE_X52Y168        LUT2 (Prop_A5LUT_SLICEM_I1_O)
                                                      0.100     6.656 r  u_bd/split_d_system_i/fsa_0/inst/grp_run_fu_161/grp_runController_fu_106/grp_runQueryTile_fu_142/runQueryBlock_0_U0/grp_runAccumulatorColumns_fu_512/significand_59_reg_6637[6]_i_21/O
                         net (fo=1, routed)           0.178     6.834    u_bd/split_d_system_i/fsa_0/inst/grp_run_fu_161/grp_runController_fu_106/grp_runQueryTile_fu_142/runQueryBlock_0_U0/grp_runAccumulatorColumns_fu_512/and_ln133_fu_3914_p2
    SLICE_X52Y168        LUT6 (Prop_G6LUT_SLICEM_I0_O)
                                                      0.090     6.924 r  u_bd/split_d_system_i/fsa_0/inst/grp_run_fu_161/grp_runController_fu_106/grp_runQueryTile_fu_142/runQueryBlock_0_U0/grp_runAccumulatorColumns_fu_512/significand_59_reg_6637[6]_i_4/O
                         net (fo=1, routed)           0.240     7.164    u_bd/split_d_system_i/fsa_0/inst/grp_run_fu_161/grp_runController_fu_106/grp_runQueryTile_fu_142/runQueryBlock_0_U0/grp_runAccumulatorColumns_fu_512/significand_59_reg_6637[6]_i_4_n_0
    SLICE_X53Y167        CARRY8 (Prop_CARRY8_SLICEM_CI_CO[7])
                                                      0.153     7.317 r  u_bd/split_d_system_i/fsa_0/inst/grp_run_fu_161/grp_runController_fu_106/grp_runQueryTile_fu_142/runQueryBlock_0_U0/grp_runAccumulatorColumns_fu_512/significand_59_reg_6637_reg[6]_i_2/CO[7]
                         net (fo=1, routed)           0.026     7.343    u_bd/split_d_system_i/fsa_0/inst/grp_run_fu_161/grp_runController_fu_106/grp_runQueryTile_fu_142/runQueryBlock_0_U0/grp_runAccumulatorColumns_fu_512/significand_59_reg_6637_reg[6]_i_2_n_0
    SLICE_X53Y168        CARRY8 (Prop_CARRY8_SLICEM_CI_CO[7])
                                                      0.015     7.358 r  u_bd/split_d_system_i/fsa_0/inst/grp_run_fu_161/grp_runController_fu_106/grp_runQueryTile_fu_142/runQueryBlock_0_U0/grp_runAccumulatorColumns_fu_512/significand_59_reg_6637_reg[14]_i_2/CO[7]
                         net (fo=1, routed)           0.026     7.384    u_bd/split_d_system_i/fsa_0/inst/grp_run_fu_161/grp_runController_fu_106/grp_runQueryTile_fu_142/runQueryBlock_0_U0/grp_runAccumulatorColumns_fu_512/significand_59_reg_6637_reg[14]_i_2_n_0
    SLICE_X53Y169        CARRY8 (Prop_CARRY8_SLICEM_CI_CO[7])
                                                      0.015     7.399 r  u_bd/split_d_system_i/fsa_0/inst/grp_run_fu_161/grp_runController_fu_106/grp_runQueryTile_fu_142/runQueryBlock_0_U0/grp_runAccumulatorColumns_fu_512/significand_59_reg_6637_reg[22]_i_2/CO[7]
                         net (fo=1, routed)           0.026     7.425    u_bd/split_d_system_i/fsa_0/inst/grp_run_fu_161/grp_runController_fu_106/grp_runQueryTile_fu_142/runQueryBlock_0_U0/grp_runAccumulatorColumns_fu_512/significand_59_reg_6637_reg[22]_i_2_n_0
    SLICE_X53Y170        CARRY8 (Prop_CARRY8_SLICEM_CI_CO[7])
                                                      0.015     7.440 r  u_bd/split_d_system_i/fsa_0/inst/grp_run_fu_161/grp_runController_fu_106/grp_runQueryTile_fu_142/runQueryBlock_0_U0/grp_runAccumulatorColumns_fu_512/significand_59_reg_6637_reg[30]_i_2/CO[7]
                         net (fo=1, routed)           0.026     7.466    u_bd/split_d_system_i/fsa_0/inst/grp_run_fu_161/grp_runController_fu_106/grp_runQueryTile_fu_142/runQueryBlock_0_U0/grp_runAccumulatorColumns_fu_512/significand_59_reg_6637_reg[30]_i_2_n_0
    SLICE_X53Y171        CARRY8 (Prop_CARRY8_SLICEM_CI_CO[7])
                                                      0.015     7.481 r  u_bd/split_d_system_i/fsa_0/inst/grp_run_fu_161/grp_runController_fu_106/grp_runQueryTile_fu_142/runQueryBlock_0_U0/grp_runAccumulatorColumns_fu_512/significand_59_reg_6637_reg[38]_i_2/CO[7]
                         net (fo=1, routed)           0.026     7.507    u_bd/split_d_system_i/fsa_0/inst/grp_run_fu_161/grp_runController_fu_106/grp_runQueryTile_fu_142/runQueryBlock_0_U0/grp_runAccumulatorColumns_fu_512/significand_59_reg_6637_reg[38]_i_2_n_0
    SLICE_X53Y172        CARRY8 (Prop_CARRY8_SLICEM_CI_CO[7])
                                                      0.015     7.522 r  u_bd/split_d_system_i/fsa_0/inst/grp_run_fu_161/grp_runController_fu_106/grp_runQueryTile_fu_142/runQueryBlock_0_U0/grp_runAccumulatorColumns_fu_512/significand_59_reg_6637_reg[46]_i_2/CO[7]
                         net (fo=1, routed)           0.026     7.548    u_bd/split_d_system_i/fsa_0/inst/grp_run_fu_161/grp_runController_fu_106/grp_runQueryTile_fu_142/runQueryBlock_0_U0/grp_runAccumulatorColumns_fu_512/significand_59_reg_6637_reg[46]_i_2_n_0
    SLICE_X53Y173        CARRY8 (Prop_CARRY8_SLICEM_CI_O[2])
                                                      0.067     7.615 f  u_bd/split_d_system_i/fsa_0/inst/grp_run_fu_161/grp_runController_fu_106/grp_runQueryTile_fu_142/runQueryBlock_0_U0/grp_runAccumulatorColumns_fu_512/significand_59_reg_6637_reg[50]_i_6/O[2]
                         net (fo=7, routed)           0.361     7.976    u_bd/split_d_system_i/fsa_0/inst/grp_run_fu_161/grp_runController_fu_106/grp_runQueryTile_fu_142/runQueryBlock_0_U0/grp_runAccumulatorColumns_fu_512/ctlz_51_51_1_1_U305/dout_tmp0_in[50]
    SLICE_X52Y168        LUT4 (Prop_B6LUT_SLICEM_I2_O)
                                                      0.089     8.065 r  u_bd/split_d_system_i/fsa_0/inst/grp_run_fu_161/grp_runController_fu_106/grp_runQueryTile_fu_142/runQueryBlock_0_U0/grp_runAccumulatorColumns_fu_512/ctlz_51_51_1_1_U305/significand_59_reg_6637[50]_i_61/O
                         net (fo=1, routed)           0.091     8.156    u_bd/split_d_system_i/fsa_0/inst/grp_run_fu_161/grp_runController_fu_106/grp_runQueryTile_fu_142/runQueryBlock_0_U0/grp_runAccumulatorColumns_fu_512/ctlz_51_51_1_1_U305/significand_59_reg_6637[50]_i_61_n_0
    SLICE_X52Y168        LUT5 (Prop_C6LUT_SLICEM_I4_O)
                                                      0.098     8.254 r  u_bd/split_d_system_i/fsa_0/inst/grp_run_fu_161/grp_runController_fu_106/grp_runQueryTile_fu_142/runQueryBlock_0_U0/grp_runAccumulatorColumns_fu_512/ctlz_51_51_1_1_U305/significand_59_reg_6637[50]_i_40/O
                         net (fo=2, routed)           0.159     8.413    u_bd/split_d_system_i/fsa_0/inst/grp_run_fu_161/grp_runController_fu_106/grp_runQueryTile_fu_142/runQueryBlock_0_U0/grp_runAccumulatorColumns_fu_512/ctlz_51_51_1_1_U305/significand_59_reg_6637[50]_i_40_n_0
    SLICE_X53Y166        LUT6 (Prop_H6LUT_SLICEM_I5_O)
                                                      0.039     8.452 r  u_bd/split_d_system_i/fsa_0/inst/grp_run_fu_161/grp_runController_fu_106/grp_runQueryTile_fu_142/runQueryBlock_0_U0/grp_runAccumulatorColumns_fu_512/ctlz_51_51_1_1_U305/significand_59_reg_6637[2]_i_5/O
                         net (fo=2, routed)           0.065     8.517    u_bd/split_d_system_i/fsa_0/inst/grp_run_fu_161/grp_runController_fu_106/grp_runQueryTile_fu_142/runQueryBlock_0_U0/grp_runAccumulatorColumns_fu_512/ctlz_51_51_1_1_U305/significand_59_reg_6637[2]_i_5_n_0
    SLICE_X53Y166        LUT4 (Prop_B6LUT_SLICEM_I0_O)
                                                      0.149     8.666 r  u_bd/split_d_system_i/fsa_0/inst/grp_run_fu_161/grp_runController_fu_106/grp_runQueryTile_fu_142/runQueryBlock_0_U0/grp_runAccumulatorColumns_fu_512/ctlz_51_51_1_1_U305/significand_59_reg_6637[2]_i_3/O
                         net (fo=77, routed)          0.307     8.973    u_bd/split_d_system_i/fsa_0/inst/grp_run_fu_161/grp_runController_fu_106/grp_runQueryTile_fu_142/runQueryBlock_0_U0/grp_runAccumulatorColumns_fu_512/distance_26_fu_3999_p3[4]
    SLICE_X51Y163        LUT5 (Prop_F6LUT_SLICEL_I1_O)
                                                      0.123     9.096 r  u_bd/split_d_system_i/fsa_0/inst/grp_run_fu_161/grp_runController_fu_106/grp_runQueryTile_fu_142/runQueryBlock_0_U0/grp_runAccumulatorColumns_fu_512/significand_59_reg_6637[50]_i_51/O
                         net (fo=1, routed)           0.040     9.136    u_bd/split_d_system_i/fsa_0/inst/grp_run_fu_161/grp_runController_fu_106/grp_runQueryTile_fu_142/runQueryBlock_0_U0/grp_runAccumulatorColumns_fu_512/significand_59_reg_6637[50]_i_51_n_0
    SLICE_X51Y163        LUT3 (Prop_E6LUT_SLICEL_I2_O)
                                                      0.090     9.226 r  u_bd/split_d_system_i/fsa_0/inst/grp_run_fu_161/grp_runController_fu_106/grp_runQueryTile_fu_142/runQueryBlock_0_U0/grp_runAccumulatorColumns_fu_512/significand_59_reg_6637[50]_i_26/O
                         net (fo=3, routed)           0.135     9.361    u_bd/split_d_system_i/fsa_0/inst/grp_run_fu_161/grp_runController_fu_106/grp_runQueryTile_fu_142/runQueryBlock_0_U0/grp_runAccumulatorColumns_fu_512/significand_59_reg_6637[50]_i_26_n_0
    SLICE_X51Y164        LUT5 (Prop_F6LUT_SLICEL_I0_O)
                                                      0.035     9.396 r  u_bd/split_d_system_i/fsa_0/inst/grp_run_fu_161/grp_runController_fu_106/grp_runQueryTile_fu_142/runQueryBlock_0_U0/grp_runAccumulatorColumns_fu_512/significand_59_reg_6637[50]_i_7/O
                         net (fo=2, routed)           0.148     9.544    u_bd/split_d_system_i/fsa_0/inst/grp_run_fu_161/grp_runController_fu_106/grp_runQueryTile_fu_142/runQueryBlock_0_U0/grp_runAccumulatorColumns_fu_512/significand_59_reg_6637[50]_i_7_n_0
    SLICE_X50Y164        LUT5 (Prop_B6LUT_SLICEM_I4_O)
                                                      0.125     9.669 r  u_bd/split_d_system_i/fsa_0/inst/grp_run_fu_161/grp_runController_fu_106/grp_runQueryTile_fu_142/runQueryBlock_0_U0/grp_runAccumulatorColumns_fu_512/significand_59_reg_6637[49]_i_2/O
                         net (fo=2, routed)           0.101     9.771    u_bd/split_d_system_i/fsa_0/inst/grp_run_fu_161/grp_runController_fu_106/grp_runQueryTile_fu_142/runQueryBlock_0_U0/grp_runAccumulatorColumns_fu_512/significand_59_reg_6637[49]_i_2_n_0
    SLICE_X50Y165        LUT5 (Prop_D6LUT_SLICEM_I2_O)
                                                      0.145     9.916 r  u_bd/split_d_system_i/fsa_0/inst/grp_run_fu_161/grp_runController_fu_106/grp_runQueryTile_fu_142/runQueryBlock_0_U0/grp_runAccumulatorColumns_fu_512/significand_59_reg_6637[49]_i_1/O
                         net (fo=1, routed)           0.072     9.988    u_bd/split_d_system_i/fsa_0/inst/grp_run_fu_161/grp_runController_fu_106/grp_runQueryTile_fu_142/runQueryBlock_0_U0/grp_runAccumulatorColumns_fu_512/significand_59_fu_4043_p3[49]
    SLICE_X50Y165        FDRE                                         r  u_bd/split_d_system_i/fsa_0/inst/grp_run_fu_161/grp_runController_fu_106/grp_runQueryTile_fu_142/runQueryBlock_0_U0/grp_runAccumulatorColumns_fu_512/significand_59_reg_6637_reg[49]/D
  -------------------------------------------------------------------    -------------------

                         (clock clk_out1_split_d_system_clk_wiz_0_0 rise edge)
                                                     10.000    10.000 r  
    BH42                                              0.000    10.000 r  board_clk_p (IN)
                         net (fo=0)                   0.079    10.079    u_board_clk/I
    HPIOBDIFFINBUF_X0Y36 DIFFINBUF (Prop_DIFFINBUF_HPIOBDIFFINBUF_DIFF_IN_P_O)
                                                      0.518    10.597 r  u_board_clk/DIFFINBUF_INST/O
                         net (fo=1, routed)           0.040    10.637    u_board_clk/OUT
    BH42                 IBUFCTRL (Prop_IBUFCTRL_HPIOB_M_I_O)
                                                      0.000    10.637 r  u_board_clk/IBUFCTRL_INST/O
                         net (fo=4, routed)           0.333    10.970    u_bd/split_d_system_i/clk_wiz_0/inst/clk_in1
    MMCM_X0Y1            MMCME4_ADV (Prop_MMCM_CLKIN1_CLKOUT0)
                                                      0.630    11.600 r  u_bd/split_d_system_i/clk_wiz_0/inst/mmcme4_adv_inst/CLKOUT0
                         net (fo=1, routed)           0.215    11.815    u_bd/split_d_system_i/clk_wiz_0/inst/clk_out1_split_d_system_clk_wiz_0_0
    BUFGCE_X0Y24         BUFGCE (Prop_BUFCE_BUFGCE_I_O)
                                                      0.024    11.839 r  u_bd/split_d_system_i/clk_wiz_0/inst/clkout1_buf/O
    X3Y1 (CLOCK_ROOT)    net (fo=50729, routed)       1.623    13.462    u_bd/split_d_system_i/fsa_0/inst/grp_run_fu_161/grp_runController_fu_106/grp_runQueryTile_fu_142/runQueryBlock_0_U0/grp_runAccumulatorColumns_fu_512/ap_clk
    SLICE_X50Y165        FDRE                                         r  u_bd/split_d_system_i/fsa_0/inst/grp_run_fu_161/grp_runController_fu_106/grp_runQueryTile_fu_142/runQueryBlock_0_U0/grp_runAccumulatorColumns_fu_512/significand_59_reg_6637_reg[49]/C
                         clock pessimism             -0.372    13.090    
                         clock uncertainty           -2.770    10.320    
    SLICE_X50Y165        FDRE (Setup_DFF_SLICEM_C_D)
                                                      0.025    10.345    u_bd/split_d_system_i/fsa_0/inst/grp_run_fu_161/grp_runController_fu_106/grp_runQueryTile_fu_142/runQueryBlock_0_U0/grp_runAccumulatorColumns_fu_512/significand_59_reg_6637_reg[49]
  -------------------------------------------------------------------
                         required time                         10.345    
                         arrival time                          -9.988    
  -------------------------------------------------------------------
                         slack                                  0.357    

Slack (MET) :             0.388ns  (required time - arrival time)
  Source:                 u_bd/split_d_system_i/fsa_0/inst/grp_run_fu_161/grp_runController_fu_106/grp_runQueryTile_fu_142/runQueryBlock_0_U0/grp_runAccumulatorColumns_fu_512/icmp_ln123_reg_6488_reg[0]/C
                            (rising edge-triggered cell FDRE clocked by clk_out1_split_d_system_clk_wiz_0_0  {rise@0.000ns fall@5.000ns period=10.000ns})
  Destination:            u_bd/split_d_system_i/fsa_0/inst/grp_run_fu_161/grp_runController_fu_106/grp_runQueryTile_fu_142/runQueryBlock_0_U0/grp_runAccumulatorColumns_fu_512/significand_59_reg_6637_reg[9]/D
                            (rising edge-triggered cell FDRE clocked by clk_out1_split_d_system_clk_wiz_0_0  {rise@0.000ns fall@5.000ns period=10.000ns})
  Path Group:             clk_out1_split_d_system_clk_wiz_0_0
  Path Type:              Setup (Max at Slow Process Corner)
  Requirement:            10.000ns  (clk_out1_split_d_system_clk_wiz_0_0 rise@10.000ns - clk_out1_split_d_system_clk_wiz_0_0 rise@0.000ns)
  Data Path Delay:        6.768ns  (logic 2.543ns (37.576%)  route 4.225ns (62.424%))
  Logic Levels:           29  (CARRY8=12 LUT2=1 LUT3=2 LUT4=2 LUT5=5 LUT6=7)
  Clock Path Skew:        -0.099ns (DCD - SCD + CPR)
    Destination Clock Delay (DCD):    3.453ns = ( 13.453 - 10.000 ) 
    Source Clock Delay      (SCD):    3.131ns
    Clock Pessimism Removal (CPR):    -0.421ns
  Clock Uncertainty:      2.770ns  ((TSJ^2 + DJ^2)^1/2) / 2 + PE + UU
    Total System Jitter     (TSJ):    0.071ns
    Discrete Jitter          (DJ):    0.120ns
    Phase Error              (PE):    0.000ns
    User Uncertainty         (UU):    2.700ns
  Clock Net Delay (Source):      1.836ns (routing 0.581ns, distribution 1.255ns)
  Clock Net Delay (Destination): 1.614ns (routing 0.530ns, distribution 1.084ns)

    Location             Delay type                Incr(ns)  Path(ns)    Netlist Resource(s)
  -------------------------------------------------------------------    -------------------
                         (clock clk_out1_split_d_system_clk_wiz_0_0 rise edge)
                                                      0.000     0.000 r  
    BH42                                              0.000     0.000 r  board_clk_p (IN)
                         net (fo=0)                   0.100     0.100    u_board_clk/I
    HPIOBDIFFINBUF_X0Y36 DIFFINBUF (Prop_DIFFINBUF_HPIOBDIFFINBUF_DIFF_IN_P_O)
                                                      0.615     0.715 r  u_board_clk/DIFFINBUF_INST/O
                         net (fo=1, routed)           0.050     0.765    u_board_clk/OUT
    BH42                 IBUFCTRL (Prop_IBUFCTRL_HPIOB_M_I_O)
                                                      0.000     0.765 r  u_board_clk/IBUFCTRL_INST/O
                         net (fo=4, routed)           0.384     1.149    u_bd/split_d_system_i/clk_wiz_0/inst/clk_in1
    MMCM_X0Y1            MMCME4_ADV (Prop_MMCM_CLKIN1_CLKOUT0)
                                                     -0.127     1.022 r  u_bd/split_d_system_i/clk_wiz_0/inst/mmcme4_adv_inst/CLKOUT0
                         net (fo=1, routed)           0.245     1.267    u_bd/split_d_system_i/clk_wiz_0/inst/clk_out1_split_d_system_clk_wiz_0_0
    BUFGCE_X0Y24         BUFGCE (Prop_BUFCE_BUFGCE_I_O)
                                                      0.028     1.295 r  u_bd/split_d_system_i/clk_wiz_0/inst/clkout1_buf/O
    X3Y1 (CLOCK_ROOT)    net (fo=50729, routed)       1.836     3.131    u_bd/split_d_system_i/fsa_0/inst/grp_run_fu_161/grp_runController_fu_106/grp_runQueryTile_fu_142/runQueryBlock_0_U0/grp_runAccumulatorColumns_fu_512/ap_clk
    SLICE_X50Y169        FDRE                                         r  u_bd/split_d_system_i/fsa_0/inst/grp_run_fu_161/grp_runController_fu_106/grp_runQueryTile_fu_142/runQueryBlock_0_U0/grp_runAccumulatorColumns_fu_512/icmp_ln123_reg_6488_reg[0]/C
  -------------------------------------------------------------------    -------------------
    SLICE_X50Y169        FDRE (Prop_EFF_SLICEM_C_Q)
                                                      0.076     3.207 f  u_bd/split_d_system_i/fsa_0/inst/grp_run_fu_161/grp_runController_fu_106/grp_runQueryTile_fu_142/runQueryBlock_0_U0/grp_runAccumulatorColumns_fu_512/icmp_ln123_reg_6488_reg[0]/Q
                         net (fo=44, routed)          0.289     3.496    u_bd/split_d_system_i/fsa_0/inst/grp_run_fu_161/grp_runController_fu_106/grp_runQueryTile_fu_142/runQueryBlock_0_U0/grp_runAccumulatorColumns_fu_512/icmp_ln123_reg_6488
    SLICE_X51Y171        LUT3 (Prop_B6LUT_SLICEL_I0_O)
                                                      0.090     3.586 r  u_bd/split_d_system_i/fsa_0/inst/grp_run_fu_161/grp_runController_fu_106/grp_runQueryTile_fu_142/runQueryBlock_0_U0/grp_runAccumulatorColumns_fu_512/sign_25_reg_6624[0]_i_114/O
                         net (fo=1, routed)           0.009     3.595    u_bd/split_d_system_i/fsa_0/inst/grp_run_fu_161/grp_runController_fu_106/grp_runQueryTile_fu_142/runQueryBlock_0_U0/grp_runAccumulatorColumns_fu_512/sign_25_reg_6624[0]_i_114_n_0
    SLICE_X51Y171        CARRY8 (Prop_CARRY8_SLICEL_S[1]_O[5])
                                                      0.233     3.828 f  u_bd/split_d_system_i/fsa_0/inst/grp_run_fu_161/grp_runController_fu_106/grp_runQueryTile_fu_142/runQueryBlock_0_U0/grp_runAccumulatorColumns_fu_512/sign_25_reg_6624_reg[0]_i_54/O[5]
                         net (fo=55, routed)          0.249     4.077    u_bd/split_d_system_i/fsa_0/inst/grp_run_fu_161/grp_runController_fu_106/grp_runQueryTile_fu_142/runQueryBlock_0_U0/grp_runAccumulatorColumns_fu_512/zext_ln60_9_fu_3684_p1[5]
    SLICE_X52Y172        LUT6 (Prop_H6LUT_SLICEM_I4_O)
                                                      0.125     4.202 f  u_bd/split_d_system_i/fsa_0/inst/grp_run_fu_161/grp_runController_fu_106/grp_runQueryTile_fu_142/runQueryBlock_0_U0/grp_runAccumulatorColumns_fu_512/sign_25_reg_6624[0]_i_98/O
                         net (fo=1, routed)           0.124     4.326    u_bd/split_d_system_i/fsa_0/inst/grp_run_fu_161/grp_runController_fu_106/grp_runQueryTile_fu_142/runQueryBlock_0_U0/grp_runAccumulatorColumns_fu_512/sign_25_reg_6624[0]_i_98_n_0
    SLICE_X53Y173        LUT5 (Prop_G6LUT_SLICEM_I3_O)
                                                      0.150     4.476 f  u_bd/split_d_system_i/fsa_0/inst/grp_run_fu_161/grp_runController_fu_106/grp_runQueryTile_fu_142/runQueryBlock_0_U0/grp_runAccumulatorColumns_fu_512/sign_25_reg_6624[0]_i_52/O
                         net (fo=49, routed)          0.337     4.813    u_bd/split_d_system_i/fsa_0/inst/grp_run_fu_161/grp_runController_fu_106/grp_runQueryTile_fu_142/runQueryBlock_0_U0/grp_runAccumulatorColumns_fu_512/icmp_ln53_2_fu_3643_p2
    SLICE_X56Y172        LUT5 (Prop_E6LUT_SLICEM_I1_O)
                                                      0.052     4.865 r  u_bd/split_d_system_i/fsa_0/inst/grp_run_fu_161/grp_runController_fu_106/grp_runQueryTile_fu_142/runQueryBlock_0_U0/grp_runAccumulatorColumns_fu_512/significand_59_reg_6637[6]_i_108/O
                         net (fo=1, routed)           0.141     5.006    u_bd/split_d_system_i/fsa_0/inst/grp_run_fu_161/grp_runController_fu_106/grp_runQueryTile_fu_142/runQueryBlock_0_U0/grp_runAccumulatorColumns_fu_512/significand_59_reg_6637[6]_i_108_n_0
    SLICE_X56Y173        LUT6 (Prop_G6LUT_SLICEM_I5_O)
                                                      0.052     5.058 f  u_bd/split_d_system_i/fsa_0/inst/grp_run_fu_161/grp_runController_fu_106/grp_runQueryTile_fu_142/runQueryBlock_0_U0/grp_runAccumulatorColumns_fu_512/significand_59_reg_6637[6]_i_74/O
                         net (fo=1, routed)           0.147     5.205    u_bd/split_d_system_i/fsa_0/inst/grp_run_fu_161/grp_runController_fu_106/grp_runQueryTile_fu_142/runQueryBlock_0_U0/grp_runAccumulatorColumns_fu_512/significand_59_reg_6637[6]_i_74_n_0
    SLICE_X55Y175        LUT6 (Prop_D6LUT_SLICEL_I5_O)
                                                      0.122     5.327 r  u_bd/split_d_system_i/fsa_0/inst/grp_run_fu_161/grp_runController_fu_106/grp_runQueryTile_fu_142/runQueryBlock_0_U0/grp_runAccumulatorColumns_fu_512/significand_59_reg_6637[6]_i_41/O
                         net (fo=3, routed)           0.333     5.660    u_bd/split_d_system_i/fsa_0/inst/grp_run_fu_161/grp_runController_fu_106/grp_runQueryTile_fu_142/runQueryBlock_0_U0/grp_runAccumulatorColumns_fu_512/significand_59_reg_6637[6]_i_41_n_0
    SLICE_X52Y172        LUT6 (Prop_D6LUT_SLICEM_I3_O)
                                                      0.088     5.748 r  u_bd/split_d_system_i/fsa_0/inst/grp_run_fu_161/grp_runController_fu_106/grp_runQueryTile_fu_142/runQueryBlock_0_U0/grp_runAccumulatorColumns_fu_512/sign_25_reg_6624[0]_i_69/O
                         net (fo=1, routed)           0.224     5.972    u_bd/split_d_system_i/fsa_0/inst/grp_run_fu_161/grp_runController_fu_106/grp_runQueryTile_fu_142/runQueryBlock_0_U0/grp_runAccumulatorColumns_fu_512/sign_25_reg_6624[0]_i_69_n_0
    SLICE_X52Y169        CARRY8 (Prop_CARRY8_SLICEM_DI[0]_CO[7])
                                                      0.133     6.105 r  u_bd/split_d_system_i/fsa_0/inst/grp_run_fu_161/grp_runController_fu_106/grp_runQueryTile_fu_142/runQueryBlock_0_U0/grp_runAccumulatorColumns_fu_512/sign_25_reg_6624_reg[0]_i_31/CO[7]
                         net (fo=1, routed)           0.026     6.131    u_bd/split_d_system_i/fsa_0/inst/grp_run_fu_161/grp_runController_fu_106/grp_runQueryTile_fu_142/runQueryBlock_0_U0/grp_runAccumulatorColumns_fu_512/sign_25_reg_6624_reg[0]_i_31_n_0
    SLICE_X52Y170        CARRY8 (Prop_CARRY8_SLICEM_CI_CO[7])
                                                      0.015     6.146 r  u_bd/split_d_system_i/fsa_0/inst/grp_run_fu_161/grp_runController_fu_106/grp_runQueryTile_fu_142/runQueryBlock_0_U0/grp_runAccumulatorColumns_fu_512/sign_25_reg_6624_reg[0]_i_8/CO[7]
                         net (fo=1, routed)           0.026     6.172    u_bd/split_d_system_i/fsa_0/inst/grp_run_fu_161/grp_runController_fu_106/grp_runQueryTile_fu_142/runQueryBlock_0_U0/grp_runAccumulatorColumns_fu_512/sign_25_reg_6624_reg[0]_i_8_n_0
    SLICE_X52Y171        CARRY8 (Prop_CARRY8_SLICEM_CI_CO[7])
                                                      0.015     6.187 r  u_bd/split_d_system_i/fsa_0/inst/grp_run_fu_161/grp_runController_fu_106/grp_runQueryTile_fu_142/runQueryBlock_0_U0/grp_runAccumulatorColumns_fu_512/sign_25_reg_6624_reg[0]_i_3/CO[7]
                         net (fo=1, routed)           0.026     6.213    u_bd/split_d_system_i/fsa_0/inst/grp_run_fu_161/grp_runController_fu_106/grp_runQueryTile_fu_142/runQueryBlock_0_U0/grp_runAccumulatorColumns_fu_512/sign_25_reg_6624_reg[0]_i_3_n_0
    SLICE_X52Y172        CARRY8 (Prop_CARRY8_SLICEM_CI_CO[1])
                                                      0.042     6.255 r  u_bd/split_d_system_i/fsa_0/inst/grp_run_fu_161/grp_runController_fu_106/grp_runQueryTile_fu_142/runQueryBlock_0_U0/grp_runAccumulatorColumns_fu_512/sign_25_reg_6624_reg[0]_i_2/CO[1]
                         net (fo=53, routed)          0.301     6.556    u_bd/split_d_system_i/fsa_0/inst/grp_run_fu_161/grp_runController_fu_106/grp_runQueryTile_fu_142/runQueryBlock_0_U0/grp_runAccumulatorColumns_fu_512/icmp_ln133_fu_3890_p2
    SLICE_X52Y168        LUT2 (Prop_A5LUT_SLICEM_I1_O)
                                                      0.100     6.656 r  u_bd/split_d_system_i/fsa_0/inst/grp_run_fu_161/grp_runController_fu_106/grp_runQueryTile_fu_142/runQueryBlock_0_U0/grp_runAccumulatorColumns_fu_512/significand_59_reg_6637[6]_i_21/O
                         net (fo=1, routed)           0.178     6.834    u_bd/split_d_system_i/fsa_0/inst/grp_run_fu_161/grp_runController_fu_106/grp_runQueryTile_fu_142/runQueryBlock_0_U0/grp_runAccumulatorColumns_fu_512/and_ln133_fu_3914_p2
    SLICE_X52Y168        LUT6 (Prop_G6LUT_SLICEM_I0_O)
                                                      0.090     6.924 r  u_bd/split_d_system_i/fsa_0/inst/grp_run_fu_161/grp_runController_fu_106/grp_runQueryTile_fu_142/runQueryBlock_0_U0/grp_runAccumulatorColumns_fu_512/significand_59_reg_6637[6]_i_4/O
                         net (fo=1, routed)           0.240     7.164    u_bd/split_d_system_i/fsa_0/inst/grp_run_fu_161/grp_runController_fu_106/grp_runQueryTile_fu_142/runQueryBlock_0_U0/grp_runAccumulatorColumns_fu_512/significand_59_reg_6637[6]_i_4_n_0
    SLICE_X53Y167        CARRY8 (Prop_CARRY8_SLICEM_CI_CO[7])
                                                      0.153     7.317 r  u_bd/split_d_system_i/fsa_0/inst/grp_run_fu_161/grp_runController_fu_106/grp_runQueryTile_fu_142/runQueryBlock_0_U0/grp_runAccumulatorColumns_fu_512/significand_59_reg_6637_reg[6]_i_2/CO[7]
                         net (fo=1, routed)           0.026     7.343    u_bd/split_d_system_i/fsa_0/inst/grp_run_fu_161/grp_runController_fu_106/grp_runQueryTile_fu_142/runQueryBlock_0_U0/grp_runAccumulatorColumns_fu_512/significand_59_reg_6637_reg[6]_i_2_n_0
    SLICE_X53Y168        CARRY8 (Prop_CARRY8_SLICEM_CI_CO[7])
                                                      0.015     7.358 r  u_bd/split_d_system_i/fsa_0/inst/grp_run_fu_161/grp_runController_fu_106/grp_runQueryTile_fu_142/runQueryBlock_0_U0/grp_runAccumulatorColumns_fu_512/significand_59_reg_6637_reg[14]_i_2/CO[7]
                         net (fo=1, routed)           0.026     7.384    u_bd/split_d_system_i/fsa_0/inst/grp_run_fu_161/grp_runController_fu_106/grp_runQueryTile_fu_142/runQueryBlock_0_U0/grp_runAccumulatorColumns_fu_512/significand_59_reg_6637_reg[14]_i_2_n_0
    SLICE_X53Y169        CARRY8 (Prop_CARRY8_SLICEM_CI_CO[7])
                                                      0.015     7.399 r  u_bd/split_d_system_i/fsa_0/inst/grp_run_fu_161/grp_runController_fu_106/grp_runQueryTile_fu_142/runQueryBlock_0_U0/grp_runAccumulatorColumns_fu_512/significand_59_reg_6637_reg[22]_i_2/CO[7]
                         net (fo=1, routed)           0.026     7.425    u_bd/split_d_system_i/fsa_0/inst/grp_run_fu_161/grp_runController_fu_106/grp_runQueryTile_fu_142/runQueryBlock_0_U0/grp_runAccumulatorColumns_fu_512/significand_59_reg_6637_reg[22]_i_2_n_0
    SLICE_X53Y170        CARRY8 (Prop_CARRY8_SLICEM_CI_CO[7])
                                                      0.015     7.440 r  u_bd/split_d_system_i/fsa_0/inst/grp_run_fu_161/grp_runController_fu_106/grp_runQueryTile_fu_142/runQueryBlock_0_U0/grp_runAccumulatorColumns_fu_512/significand_59_reg_6637_reg[30]_i_2/CO[7]
                         net (fo=1, routed)           0.026     7.466    u_bd/split_d_system_i/fsa_0/inst/grp_run_fu_161/grp_runController_fu_106/grp_runQueryTile_fu_142/runQueryBlock_0_U0/grp_runAccumulatorColumns_fu_512/significand_59_reg_6637_reg[30]_i_2_n_0
    SLICE_X53Y171        CARRY8 (Prop_CARRY8_SLICEM_CI_CO[7])
                                                      0.015     7.481 r  u_bd/split_d_system_i/fsa_0/inst/grp_run_fu_161/grp_runController_fu_106/grp_runQueryTile_fu_142/runQueryBlock_0_U0/grp_runAccumulatorColumns_fu_512/significand_59_reg_6637_reg[38]_i_2/CO[7]
                         net (fo=1, routed)           0.026     7.507    u_bd/split_d_system_i/fsa_0/inst/grp_run_fu_161/grp_runController_fu_106/grp_runQueryTile_fu_142/runQueryBlock_0_U0/grp_runAccumulatorColumns_fu_512/significand_59_reg_6637_reg[38]_i_2_n_0
    SLICE_X53Y172        CARRY8 (Prop_CARRY8_SLICEM_CI_CO[7])
                                                      0.015     7.522 r  u_bd/split_d_system_i/fsa_0/inst/grp_run_fu_161/grp_runController_fu_106/grp_runQueryTile_fu_142/runQueryBlock_0_U0/grp_runAccumulatorColumns_fu_512/significand_59_reg_6637_reg[46]_i_2/CO[7]
                         net (fo=1, routed)           0.026     7.548    u_bd/split_d_system_i/fsa_0/inst/grp_run_fu_161/grp_runController_fu_106/grp_runQueryTile_fu_142/runQueryBlock_0_U0/grp_runAccumulatorColumns_fu_512/significand_59_reg_6637_reg[46]_i_2_n_0
    SLICE_X53Y173        CARRY8 (Prop_CARRY8_SLICEM_CI_O[2])
                                                      0.067     7.615 r  u_bd/split_d_system_i/fsa_0/inst/grp_run_fu_161/grp_runController_fu_106/grp_runQueryTile_fu_142/runQueryBlock_0_U0/grp_runAccumulatorColumns_fu_512/significand_59_reg_6637_reg[50]_i_6/O[2]
                         net (fo=7, routed)           0.361     7.976    u_bd/split_d_system_i/fsa_0/inst/grp_run_fu_161/grp_runController_fu_106/grp_runQueryTile_fu_142/runQueryBlock_0_U0/grp_runAccumulatorColumns_fu_512/ctlz_51_51_1_1_U305/dout_tmp0_in[50]
    SLICE_X52Y168        LUT4 (Prop_B6LUT_SLICEM_I2_O)
                                                      0.089     8.065 f  u_bd/split_d_system_i/fsa_0/inst/grp_run_fu_161/grp_runController_fu_106/grp_runQueryTile_fu_142/runQueryBlock_0_U0/grp_runAccumulatorColumns_fu_512/ctlz_51_51_1_1_U305/significand_59_reg_6637[50]_i_61/O
                         net (fo=1, routed)           0.091     8.156    u_bd/split_d_system_i/fsa_0/inst/grp_run_fu_161/grp_runController_fu_106/grp_runQueryTile_fu_142/runQueryBlock_0_U0/grp_runAccumulatorColumns_fu_512/ctlz_51_51_1_1_U305/significand_59_reg_6637[50]_i_61_n_0
    SLICE_X52Y168        LUT5 (Prop_C6LUT_SLICEM_I4_O)
                                                      0.098     8.254 f  u_bd/split_d_system_i/fsa_0/inst/grp_run_fu_161/grp_runController_fu_106/grp_runQueryTile_fu_142/runQueryBlock_0_U0/grp_runAccumulatorColumns_fu_512/ctlz_51_51_1_1_U305/significand_59_reg_6637[50]_i_40/O
                         net (fo=2, routed)           0.159     8.413    u_bd/split_d_system_i/fsa_0/inst/grp_run_fu_161/grp_runController_fu_106/grp_runQueryTile_fu_142/runQueryBlock_0_U0/grp_runAccumulatorColumns_fu_512/ctlz_51_51_1_1_U305/significand_59_reg_6637[50]_i_40_n_0
    SLICE_X53Y166        LUT6 (Prop_H6LUT_SLICEM_I5_O)
                                                      0.039     8.452 f  u_bd/split_d_system_i/fsa_0/inst/grp_run_fu_161/grp_runController_fu_106/grp_runQueryTile_fu_142/runQueryBlock_0_U0/grp_runAccumulatorColumns_fu_512/ctlz_51_51_1_1_U305/significand_59_reg_6637[2]_i_5/O
                         net (fo=2, routed)           0.065     8.517    u_bd/split_d_system_i/fsa_0/inst/grp_run_fu_161/grp_runController_fu_106/grp_runQueryTile_fu_142/runQueryBlock_0_U0/grp_runAccumulatorColumns_fu_512/ctlz_51_51_1_1_U305/significand_59_reg_6637[2]_i_5_n_0
    SLICE_X53Y166        LUT4 (Prop_B6LUT_SLICEM_I0_O)
                                                      0.149     8.666 f  u_bd/split_d_system_i/fsa_0/inst/grp_run_fu_161/grp_runController_fu_106/grp_runQueryTile_fu_142/runQueryBlock_0_U0/grp_runAccumulatorColumns_fu_512/ctlz_51_51_1_1_U305/significand_59_reg_6637[2]_i_3/O
                         net (fo=77, routed)          0.274     8.940    u_bd/split_d_system_i/fsa_0/inst/grp_run_fu_161/grp_runController_fu_106/grp_runQueryTile_fu_142/runQueryBlock_0_U0/grp_runAccumulatorColumns_fu_512/distance_26_fu_3999_p3[4]
    SLICE_X54Y165        LUT5 (Prop_D6LUT_SLICEL_I4_O)
                                                      0.050     8.990 r  u_bd/split_d_system_i/fsa_0/inst/grp_run_fu_161/grp_runController_fu_106/grp_runQueryTile_fu_142/runQueryBlock_0_U0/grp_runAccumulatorColumns_fu_512/significand_59_reg_6637[15]_i_3/O
                         net (fo=3, routed)           0.162     9.152    u_bd/split_d_system_i/fsa_0/inst/grp_run_fu_161/grp_runController_fu_106/grp_runQueryTile_fu_142/runQueryBlock_0_U0/grp_runAccumulatorColumns_fu_512/significand_59_reg_6637[15]_i_3_n_0
    SLICE_X54Y162        LUT6 (Prop_D6LUT_SLICEL_I5_O)
                                                      0.146     9.298 r  u_bd/split_d_system_i/fsa_0/inst/grp_run_fu_161/grp_runController_fu_106/grp_runQueryTile_fu_142/runQueryBlock_0_U0/grp_runAccumulatorColumns_fu_512/significand_59_reg_6637[11]_i_3/O
                         net (fo=2, routed)           0.154     9.453    u_bd/split_d_system_i/fsa_0/inst/grp_run_fu_161/grp_runController_fu_106/grp_runQueryTile_fu_142/runQueryBlock_0_U0/grp_runAccumulatorColumns_fu_512/significand_59_reg_6637[11]_i_3_n_0
    SLICE_X54Y159        LUT3 (Prop_B6LUT_SLICEL_I2_O)
                                                      0.148     9.601 r  u_bd/split_d_system_i/fsa_0/inst/grp_run_fu_161/grp_runController_fu_106/grp_runQueryTile_fu_142/runQueryBlock_0_U0/grp_runAccumulatorColumns_fu_512/significand_59_reg_6637[9]_i_2/O
                         net (fo=2, routed)           0.102     9.703    u_bd/split_d_system_i/fsa_0/inst/grp_run_fu_161/grp_runController_fu_106/grp_runQueryTile_fu_142/runQueryBlock_0_U0/grp_runAccumulatorColumns_fu_512/significand_59_reg_6637[9]_i_2_n_0
    SLICE_X54Y160        LUT5 (Prop_C6LUT_SLICEL_I2_O)
                                                      0.146     9.849 r  u_bd/split_d_system_i/fsa_0/inst/grp_run_fu_161/grp_runController_fu_106/grp_runQueryTile_fu_142/runQueryBlock_0_U0/grp_runAccumulatorColumns_fu_512/significand_59_reg_6637[9]_i_1/O
                         net (fo=1, routed)           0.050     9.899    u_bd/split_d_system_i/fsa_0/inst/grp_run_fu_161/grp_runController_fu_106/grp_runQueryTile_fu_142/runQueryBlock_0_U0/grp_runAccumulatorColumns_fu_512/significand_59_fu_4043_p3[9]
    SLICE_X54Y160        FDRE                                         r  u_bd/split_d_system_i/fsa_0/inst/grp_run_fu_161/grp_runController_fu_106/grp_runQueryTile_fu_142/runQueryBlock_0_U0/grp_runAccumulatorColumns_fu_512/significand_59_reg_6637_reg[9]/D
  -------------------------------------------------------------------    -------------------

                         (clock clk_out1_split_d_system_clk_wiz_0_0 rise edge)
                                                     10.000    10.000 r  
    BH42                                              0.000    10.000 r  board_clk_p (IN)
                         net (fo=0)                   0.079    10.079    u_board_clk/I
    HPIOBDIFFINBUF_X0Y36 DIFFINBUF (Prop_DIFFINBUF_HPIOBDIFFINBUF_DIFF_IN_P_O)
                                                      0.518    10.597 r  u_board_clk/DIFFINBUF_INST/O
                         net (fo=1, routed)           0.040    10.637    u_board_clk/OUT
    BH42                 IBUFCTRL (Prop_IBUFCTRL_HPIOB_M_I_O)
                                                      0.000    10.637 r  u_board_clk/IBUFCTRL_INST/O
                         net (fo=4, routed)           0.333    10.970    u_bd/split_d_system_i/clk_wiz_0/inst/clk_in1
    MMCM_X0Y1            MMCME4_ADV (Prop_MMCM_CLKIN1_CLKOUT0)
                                                      0.630    11.600 r  u_bd/split_d_system_i/clk_wiz_0/inst/mmcme4_adv_inst/CLKOUT0
                         net (fo=1, routed)           0.215    11.815    u_bd/split_d_system_i/clk_wiz_0/inst/clk_out1_split_d_system_clk_wiz_0_0
    BUFGCE_X0Y24         BUFGCE (Prop_BUFCE_BUFGCE_I_O)
                                                      0.024    11.839 r  u_bd/split_d_system_i/clk_wiz_0/inst/clkout1_buf/O
    X3Y1 (CLOCK_ROOT)    net (fo=50729, routed)       1.614    13.453    u_bd/split_d_system_i/fsa_0/inst/grp_run_fu_161/grp_runController_fu_106/grp_runQueryTile_fu_142/runQueryBlock_0_U0/grp_runAccumulatorColumns_fu_512/ap_clk
    SLICE_X54Y160        FDRE                                         r  u_bd/split_d_system_i/fsa_0/inst/grp_run_fu_161/grp_runController_fu_106/grp_runQueryTile_fu_142/runQueryBlock_0_U0/grp_runAccumulatorColumns_fu_512/significand_59_reg_6637_reg[9]/C
                         clock pessimism             -0.421    13.032    
                         clock uncertainty           -2.770    10.262    
    SLICE_X54Y160        FDRE (Setup_CFF_SLICEL_C_D)
                                                      0.025    10.287    u_bd/split_d_system_i/fsa_0/inst/grp_run_fu_161/grp_runController_fu_106/grp_runQueryTile_fu_142/runQueryBlock_0_U0/grp_runAccumulatorColumns_fu_512/significand_59_reg_6637_reg[9]
  -------------------------------------------------------------------
                         required time                         10.287    
                         arrival time                          -9.899    
  -------------------------------------------------------------------
                         slack                                  0.388    

Slack (MET) :             0.391ns  (required time - arrival time)
  Source:                 <hidden>
                            (rising edge-triggered cell FDRE clocked by clk_out1_split_d_system_clk_wiz_0_0  {rise@0.000ns fall@5.000ns period=10.000ns})
  Destination:            u_bd/split_d_system_i/fsa_0/inst/grp_run_fu_161/grp_runController_fu_106/grp_runQueryTile_fu_142/runQueryBlock_0_U0/grp_runQueryBlock_0_Outline_VITIS_LOOP_117_5_fu_168/acc_b_6_reg_2864_reg[28]/D
                            (rising edge-triggered cell FDRE clocked by clk_out1_split_d_system_clk_wiz_0_0  {rise@0.000ns fall@5.000ns period=10.000ns})
  Path Group:             clk_out1_split_d_system_clk_wiz_0_0
  Path Type:              Setup (Max at Slow Process Corner)
  Requirement:            10.000ns  (clk_out1_split_d_system_clk_wiz_0_0 rise@10.000ns - clk_out1_split_d_system_clk_wiz_0_0 rise@0.000ns)
  Data Path Delay:        6.796ns  (logic 4.387ns (64.557%)  route 2.409ns (35.443%))
  Logic Levels:           20  (CARRY8=1 DSP_A_B_DATA=1 DSP_ALU=2 DSP_C_DATA=1 DSP_M_DATA=1 DSP_MULTIPLIER=1 DSP_OUTPUT=2 DSP_PREADD=1 DSP_PREADD_DATA=2 LUT2=1 LUT3=1 LUT5=4 LUT6=2)
  Clock Path Skew:        -0.068ns (DCD - SCD + CPR)
    Destination Clock Delay (DCD):    3.421ns = ( 13.421 - 10.000 ) 
    Source Clock Delay      (SCD):    3.059ns
    Clock Pessimism Removal (CPR):    -0.430ns
  Clock Uncertainty:      2.770ns  ((TSJ^2 + DJ^2)^1/2) / 2 + PE + UU
    Total System Jitter     (TSJ):    0.071ns
    Discrete Jitter          (DJ):    0.120ns
    Phase Error              (PE):    0.000ns
    User Uncertainty         (UU):    2.700ns
  Clock Net Delay (Source):      1.764ns (routing 0.581ns, distribution 1.183ns)
  Clock Net Delay (Destination): 1.582ns (routing 0.530ns, distribution 1.052ns)

    Location             Delay type                Incr(ns)  Path(ns)    Netlist Resource(s)
  -------------------------------------------------------------------    -------------------
                         (clock clk_out1_split_d_system_clk_wiz_0_0 rise edge)
                                                      0.000     0.000 r  
    BH42                                              0.000     0.000 r  board_clk_p (IN)
                         net (fo=0)                   0.100     0.100    u_board_clk/I
    HPIOBDIFFINBUF_X0Y36 DIFFINBUF (Prop_DIFFINBUF_HPIOBDIFFINBUF_DIFF_IN_P_O)
                                                      0.615     0.715 r  u_board_clk/DIFFINBUF_INST/O
                         net (fo=1, routed)           0.050     0.765    u_board_clk/OUT
    BH42                 IBUFCTRL (Prop_IBUFCTRL_HPIOB_M_I_O)
                                                      0.000     0.765 r  u_board_clk/IBUFCTRL_INST/O
                         net (fo=4, routed)           0.384     1.149    u_bd/split_d_system_i/clk_wiz_0/inst/clk_in1
    MMCM_X0Y1            MMCME4_ADV (Prop_MMCM_CLKIN1_CLKOUT0)
                                                     -0.127     1.022 r  u_bd/split_d_system_i/clk_wiz_0/inst/mmcme4_adv_inst/CLKOUT0
                         net (fo=1, routed)           0.245     1.267    u_bd/split_d_system_i/clk_wiz_0/inst/clk_out1_split_d_system_clk_wiz_0_0
    BUFGCE_X0Y24         BUFGCE (Prop_BUFCE_BUFGCE_I_O)
                                                      0.028     1.295 r  u_bd/split_d_system_i/clk_wiz_0/inst/clkout1_buf/O
    X3Y1 (CLOCK_ROOT)    net (fo=50729, routed)       1.764     3.059    <hidden>
    SLICE_X62Y220        FDRE                                         r  <hidden>
  -------------------------------------------------------------------    -------------------
    SLICE_X62Y220        FDRE (Prop_HFF_SLICEL_C_Q)
                                                      0.079     3.138 r  <hidden>
                         net (fo=54, routed)          0.360     3.498    <hidden>
    SLICE_X60Y216        LUT3 (Prop_H6LUT_SLICEM_I1_O)
                                                      0.053     3.551 r  <hidden>
                         net (fo=2, routed)           0.279     3.830    <hidden>
    DSP48E2_X8Y80        DSP_A_B_DATA (Prop_DSP_A_B_DATA_DSP48E2_A[19]_A2_DATA[19])
                                                      0.192     4.022 f  <hidden>
                         net (fo=1, routed)           0.000     4.022    <hidden>
    DSP48E2_X8Y80        DSP_PREADD_DATA (Prop_DSP_PREADD_DATA_DSP48E2_A2_DATA[19]_PREADD_AB[19])
                                                      0.124     4.146 r  <hidden>
                         net (fo=1, routed)           0.000     4.146    <hidden>
    DSP48E2_X8Y80        DSP_PREADD (Prop_DSP_PREADD_DSP48E2_PREADD_AB[19]_AD[26])
                                                      0.488     4.634 f  <hidden>
                         net (fo=1, routed)           0.000     4.634    <hidden>
    DSP48E2_X8Y80        DSP_PREADD_DATA (Prop_DSP_PREADD_DATA_DSP48E2_AD[26]_AD_DATA[26])
                                                      0.050     4.684 r  <hidden>
                         net (fo=1, routed)           0.000     4.684    <hidden>
    DSP48E2_X8Y80        DSP_MULTIPLIER (Prop_DSP_MULTIPLIER_DSP48E2_AD_DATA[26]_U[43])
                                                      0.612     5.296 f  <hidden>
                         net (fo=1, routed)           0.000     5.296    <hidden>
    DSP48E2_X8Y80        DSP_M_DATA (Prop_DSP_M_DATA_DSP48E2_U[43]_U_DATA[43])
                                                      0.047     5.343 r  <hidden>
                         net (fo=1, routed)           0.000     5.343    <hidden>
    DSP48E2_X8Y80        DSP_ALU (Prop_DSP_ALU_DSP48E2_U_DATA[43]_ALU_OUT[47])
                                                      0.585     5.928 r  <hidden>
                         net (fo=1, routed)           0.000     5.928    <hidden>
    DSP48E2_X8Y80        DSP_OUTPUT (Prop_DSP_OUTPUT_DSP48E2_ALU_OUT[47]_PATTERN_DETECT)
                                                      0.363     6.291 r  <hidden>
                         net (fo=59, routed)          0.340     6.631    <hidden>
    SLICE_X59Y218        LUT5 (Prop_B6LUT_SLICEL_I3_O)
                                                      0.148     6.779 r  <hidden>
                         net (fo=1, routed)           0.009     6.788    <hidden>
    SLICE_X59Y218        CARRY8 (Prop_CARRY8_SLICEL_S[1]_CO[3])
                                                      0.180     6.968 r  <hidden>
                         net (fo=20, routed)          0.305     7.273    <hidden>
    SLICE_X58Y218        LUT6 (Prop_G6LUT_SLICEL_I2_O)
                                                      0.123     7.396 f  <hidden>
                         net (fo=2, routed)           0.145     7.541    <hidden>
    SLICE_X58Y219        LUT6 (Prop_H6LUT_SLICEL_I0_O)
                                                      0.124     7.665 r  <hidden>
                         net (fo=4, routed)           0.140     7.804    <hidden>
    SLICE_X59Y219        LUT5 (Prop_D6LUT_SLICEL_I3_O)
                                                      0.122     7.926 f  <hidden>
                         net (fo=3, routed)           0.102     8.028    <hidden>
    SLICE_X59Y220        LUT5 (Prop_D5LUT_SLICEL_I2_O)
                                                      0.157     8.185 r  <hidden>
                         net (fo=3, routed)           0.172     8.357    <hidden>
    SLICE_X60Y220        LUT2 (Prop_G6LUT_SLICEM_I0_O)
                                                      0.052     8.409 r  <hidden>
                         net (fo=1, routed)           0.189     8.598    <hidden>
    DSP48E2_X8Y81        DSP_C_DATA (Prop_DSP_C_DATA_DSP48E2_C[32]_C_DATA[32])
                                                      0.105     8.703 r  <hidden>
                         net (fo=2, routed)           0.000     8.703    <hidden>
    DSP48E2_X8Y81        DSP_ALU (Prop_DSP_ALU_DSP48E2_C_DATA[32]_ALU_OUT[32])
                                                      0.585     9.288 f  <hidden>
                         net (fo=1, routed)           0.000     9.288    <hidden>
    DSP48E2_X8Y81        DSP_OUTPUT (Prop_DSP_OUTPUT_DSP48E2_ALU_OUT[32]_P[32])
                                                      0.109     9.397 r  <hidden>
                         net (fo=1, routed)           0.320     9.717    <hidden>
    SLICE_X58Y217        LUT5 (Prop_G6LUT_SLICEL_I4_O)
                                                      0.089     9.806 r  <hidden>
                         net (fo=1, routed)           0.048     9.854    u_bd/split_d_system_i/fsa_0/inst/grp_run_fu_161/grp_runController_fu_106/grp_runQueryTile_fu_142/runQueryBlock_0_U0/grp_runQueryBlock_0_Outline_VITIS_LOOP_117_5_fu_168/grp_fu_884_p2[28]
    SLICE_X58Y217        FDRE                                         r  u_bd/split_d_system_i/fsa_0/inst/grp_run_fu_161/grp_runController_fu_106/grp_runQueryTile_fu_142/runQueryBlock_0_U0/grp_runQueryBlock_0_Outline_VITIS_LOOP_117_5_fu_168/acc_b_6_reg_2864_reg[28]/D
  -------------------------------------------------------------------    -------------------

                         (clock clk_out1_split_d_system_clk_wiz_0_0 rise edge)
                                                     10.000    10.000 r  
    BH42                                              0.000    10.000 r  board_clk_p (IN)
                         net (fo=0)                   0.079    10.079    u_board_clk/I
    HPIOBDIFFINBUF_X0Y36 DIFFINBUF (Prop_DIFFINBUF_HPIOBDIFFINBUF_DIFF_IN_P_O)
                                                      0.518    10.597 r  u_board_clk/DIFFINBUF_INST/O
                         net (fo=1, routed)           0.040    10.637    u_board_clk/OUT
    BH42                 IBUFCTRL (Prop_IBUFCTRL_HPIOB_M_I_O)
                                                      0.000    10.637 r  u_board_clk/IBUFCTRL_INST/O
                         net (fo=4, routed)           0.333    10.970    u_bd/split_d_system_i/clk_wiz_0/inst/clk_in1
    MMCM_X0Y1            MMCME4_ADV (Prop_MMCM_CLKIN1_CLKOUT0)
                                                      0.630    11.600 r  u_bd/split_d_system_i/clk_wiz_0/inst/mmcme4_adv_inst/CLKOUT0
                         net (fo=1, routed)           0.215    11.815    u_bd/split_d_system_i/clk_wiz_0/inst/clk_out1_split_d_system_clk_wiz_0_0
    BUFGCE_X0Y24         BUFGCE (Prop_BUFCE_BUFGCE_I_O)
                                                      0.024    11.839 r  u_bd/split_d_system_i/clk_wiz_0/inst/clkout1_buf/O
    X3Y1 (CLOCK_ROOT)    net (fo=50729, routed)       1.582    13.421    u_bd/split_d_system_i/fsa_0/inst/grp_run_fu_161/grp_runController_fu_106/grp_runQueryTile_fu_142/runQueryBlock_0_U0/grp_runQueryBlock_0_Outline_VITIS_LOOP_117_5_fu_168/ap_clk
    SLICE_X58Y217        FDRE                                         r  u_bd/split_d_system_i/fsa_0/inst/grp_run_fu_161/grp_runController_fu_106/grp_runQueryTile_fu_142/runQueryBlock_0_U0/grp_runQueryBlock_0_Outline_VITIS_LOOP_117_5_fu_168/acc_b_6_reg_2864_reg[28]/C
                         clock pessimism             -0.430    12.991    
                         clock uncertainty           -2.770    10.221    
    SLICE_X58Y217        FDRE (Setup_GFF_SLICEL_C_D)
                                                      0.025    10.246    u_bd/split_d_system_i/fsa_0/inst/grp_run_fu_161/grp_runController_fu_106/grp_runQueryTile_fu_142/runQueryBlock_0_U0/grp_runQueryBlock_0_Outline_VITIS_LOOP_117_5_fu_168/acc_b_6_reg_2864_reg[28]
  -------------------------------------------------------------------
                         required time                         10.246    
                         arrival time                          -9.854    
  -------------------------------------------------------------------
                         slack                                  0.391    

Slack (MET) :             0.394ns  (required time - arrival time)
  Source:                 <hidden>
                            (rising edge-triggered cell FDRE clocked by clk_out1_split_d_system_clk_wiz_0_0  {rise@0.000ns fall@5.000ns period=10.000ns})
  Destination:            u_bd/split_d_system_i/fsa_0/inst/grp_run_fu_161/grp_runController_fu_106/grp_runQueryTile_fu_142/runQueryBlock_0_U0/grp_runQueryBlock_0_Outline_VITIS_LOOP_117_5_fu_168/acc_b_6_reg_2864_reg[11]/D
                            (rising edge-triggered cell FDRE clocked by clk_out1_split_d_system_clk_wiz_0_0  {rise@0.000ns fall@5.000ns period=10.000ns})
  Path Group:             clk_out1_split_d_system_clk_wiz_0_0
  Path Type:              Setup (Max at Slow Process Corner)
  Requirement:            10.000ns  (clk_out1_split_d_system_clk_wiz_0_0 rise@10.000ns - clk_out1_split_d_system_clk_wiz_0_0 rise@0.000ns)
  Data Path Delay:        6.790ns  (logic 4.752ns (69.985%)  route 2.038ns (30.015%))
  Logic Levels:           19  (CARRY8=1 DSP_A_B_DATA=2 DSP_ALU=2 DSP_M_DATA=2 DSP_MULTIPLIER=2 DSP_OUTPUT=2 DSP_PREADD=1 DSP_PREADD_DATA=3 LUT2=1 LUT3=1 LUT5=2)
  Clock Path Skew:        -0.071ns (DCD - SCD + CPR)
    Destination Clock Delay (DCD):    3.418ns = ( 13.418 - 10.000 ) 
    Source Clock Delay      (SCD):    3.059ns
    Clock Pessimism Removal (CPR):    -0.430ns
  Clock Uncertainty:      2.770ns  ((TSJ^2 + DJ^2)^1/2) / 2 + PE + UU
    Total System Jitter     (TSJ):    0.071ns
    Discrete Jitter          (DJ):    0.120ns
    Phase Error              (PE):    0.000ns
    User Uncertainty         (UU):    2.700ns
  Clock Net Delay (Source):      1.764ns (routing 0.581ns, distribution 1.183ns)
  Clock Net Delay (Destination): 1.579ns (routing 0.530ns, distribution 1.049ns)

    Location             Delay type                Incr(ns)  Path(ns)    Netlist Resource(s)
  -------------------------------------------------------------------    -------------------
                         (clock clk_out1_split_d_system_clk_wiz_0_0 rise edge)
                                                      0.000     0.000 r  
    BH42                                              0.000     0.000 r  board_clk_p (IN)
                         net (fo=0)                   0.100     0.100    u_board_clk/I
    HPIOBDIFFINBUF_X0Y36 DIFFINBUF (Prop_DIFFINBUF_HPIOBDIFFINBUF_DIFF_IN_P_O)
                                                      0.615     0.715 r  u_board_clk/DIFFINBUF_INST/O
                         net (fo=1, routed)           0.050     0.765    u_board_clk/OUT
    BH42                 IBUFCTRL (Prop_IBUFCTRL_HPIOB_M_I_O)
                                                      0.000     0.765 r  u_board_clk/IBUFCTRL_INST/O
                         net (fo=4, routed)           0.384     1.149    u_bd/split_d_system_i/clk_wiz_0/inst/clk_in1
    MMCM_X0Y1            MMCME4_ADV (Prop_MMCM_CLKIN1_CLKOUT0)
                                                     -0.127     1.022 r  u_bd/split_d_system_i/clk_wiz_0/inst/mmcme4_adv_inst/CLKOUT0
                         net (fo=1, routed)           0.245     1.267    u_bd/split_d_system_i/clk_wiz_0/inst/clk_out1_split_d_system_clk_wiz_0_0
    BUFGCE_X0Y24         BUFGCE (Prop_BUFCE_BUFGCE_I_O)
                                                      0.028     1.295 r  u_bd/split_d_system_i/clk_wiz_0/inst/clkout1_buf/O
    X3Y1 (CLOCK_ROOT)    net (fo=50729, routed)       1.764     3.059    <hidden>
    SLICE_X62Y220        FDRE                                         r  <hidden>
  -------------------------------------------------------------------    -------------------
    SLICE_X62Y220        FDRE (Prop_HFF_SLICEL_C_Q)
                                                      0.079     3.138 r  <hidden>
                         net (fo=54, routed)          0.360     3.498    <hidden>
    SLICE_X60Y216        LUT3 (Prop_H6LUT_SLICEM_I1_O)
                                                      0.053     3.551 r  <hidden>
                         net (fo=2, routed)           0.279     3.830    <hidden>
    DSP48E2_X8Y80        DSP_A_B_DATA (Prop_DSP_A_B_DATA_DSP48E2_A[19]_A2_DATA[19])
                                                      0.192     4.022 f  <hidden>
                         net (fo=1, routed)           0.000     4.022    <hidden>
    DSP48E2_X8Y80        DSP_PREADD_DATA (Prop_DSP_PREADD_DATA_DSP48E2_A2_DATA[19]_PREADD_AB[19])
                                                      0.124     4.146 r  <hidden>
                         net (fo=1, routed)           0.000     4.146    <hidden>
    DSP48E2_X8Y80        DSP_PREADD (Prop_DSP_PREADD_DSP48E2_PREADD_AB[19]_AD[26])
                                                      0.488     4.634 f  <hidden>
                         net (fo=1, routed)           0.000     4.634    <hidden>
    DSP48E2_X8Y80        DSP_PREADD_DATA (Prop_DSP_PREADD_DATA_DSP48E2_AD[26]_AD_DATA[26])
                                                      0.050     4.684 r  <hidden>
                         net (fo=1, routed)           0.000     4.684    <hidden>
    DSP48E2_X8Y80        DSP_MULTIPLIER (Prop_DSP_MULTIPLIER_DSP48E2_AD_DATA[26]_U[43])
                                                      0.612     5.296 f  <hidden>
                         net (fo=1, routed)           0.000     5.296    <hidden>
    DSP48E2_X8Y80        DSP_M_DATA (Prop_DSP_M_DATA_DSP48E2_U[43]_U_DATA[43])
                                                      0.047     5.343 r  <hidden>
                         net (fo=1, routed)           0.000     5.343    <hidden>
    DSP48E2_X8Y80        DSP_ALU (Prop_DSP_ALU_DSP48E2_U_DATA[43]_ALU_OUT[47])
                                                      0.585     5.928 r  <hidden>
                         net (fo=1, routed)           0.000     5.928    <hidden>
    DSP48E2_X8Y80        DSP_OUTPUT (Prop_DSP_OUTPUT_DSP48E2_ALU_OUT[47]_PATTERN_DETECT)
                                                      0.363     6.291 r  <hidden>
                         net (fo=59, routed)          0.340     6.631    <hidden>
    SLICE_X59Y218        LUT5 (Prop_B6LUT_SLICEL_I3_O)
                                                      0.148     6.779 r  <hidden>
                         net (fo=1, routed)           0.009     6.788    <hidden>
    SLICE_X59Y218        CARRY8 (Prop_CARRY8_SLICEL_S[1]_CO[3])
                                                      0.180     6.968 f  <hidden>
                         net (fo=20, routed)          0.286     7.254    <hidden>
    SLICE_X59Y217        LUT5 (Prop_C5LUT_SLICEL_I3_O)
                                                      0.136     7.390 f  <hidden>
                         net (fo=1, routed)           0.351     7.741    <hidden>
    DSP48E2_X8Y81        DSP_A_B_DATA (Prop_DSP_A_B_DATA_DSP48E2_B[8]_B2_DATA[8])
                                                      0.151     7.892 r  <hidden>
                         net (fo=1, routed)           0.000     7.892    <hidden>
    DSP48E2_X8Y81        DSP_PREADD_DATA (Prop_DSP_PREADD_DATA_DSP48E2_B2_DATA[8]_B2B1[8])
                                                      0.073     7.965 r  <hidden>
                         net (fo=1, routed)           0.000     7.965    <hidden>
    DSP48E2_X8Y81        DSP_MULTIPLIER (Prop_DSP_MULTIPLIER_DSP48E2_B2B1[8]_V[13])
                                                      0.609     8.574 f  <hidden>
                         net (fo=1, routed)           0.000     8.574    <hidden>
    DSP48E2_X8Y81        DSP_M_DATA (Prop_DSP_M_DATA_DSP48E2_V[13]_V_DATA[13])
                                                      0.046     8.620 r  <hidden>
                         net (fo=1, routed)           0.000     8.620    <hidden>
    DSP48E2_X8Y81        DSP_ALU (Prop_DSP_ALU_DSP48E2_V_DATA[13]_ALU_OUT[13])
                                                      0.571     9.191 f  <hidden>
                         net (fo=1, routed)           0.000     9.191    <hidden>
    DSP48E2_X8Y81        DSP_OUTPUT (Prop_DSP_OUTPUT_DSP48E2_ALU_OUT[13]_P[13])
                                                      0.109     9.300 r  <hidden>
                         net (fo=1, routed)           0.397     9.697    <hidden>
    SLICE_X58Y216        LUT2 (Prop_C5LUT_SLICEL_I0_O)
                                                      0.136     9.833 r  <hidden>
                         net (fo=1, routed)           0.016     9.849    u_bd/split_d_system_i/fsa_0/inst/grp_run_fu_161/grp_runController_fu_106/grp_runQueryTile_fu_142/runQueryBlock_0_U0/grp_runQueryBlock_0_Outline_VITIS_LOOP_117_5_fu_168/grp_fu_884_p2[11]
    SLICE_X58Y216        FDRE                                         r  u_bd/split_d_system_i/fsa_0/inst/grp_run_fu_161/grp_runController_fu_106/grp_runQueryTile_fu_142/runQueryBlock_0_U0/grp_runQueryBlock_0_Outline_VITIS_LOOP_117_5_fu_168/acc_b_6_reg_2864_reg[11]/D
  -------------------------------------------------------------------    -------------------

                         (clock clk_out1_split_d_system_clk_wiz_0_0 rise edge)
                                                     10.000    10.000 r  
    BH42                                              0.000    10.000 r  board_clk_p (IN)
                         net (fo=0)                   0.079    10.079    u_board_clk/I
    HPIOBDIFFINBUF_X0Y36 DIFFINBUF (Prop_DIFFINBUF_HPIOBDIFFINBUF_DIFF_IN_P_O)
                                                      0.518    10.597 r  u_board_clk/DIFFINBUF_INST/O
                         net (fo=1, routed)           0.040    10.637    u_board_clk/OUT
    BH42                 IBUFCTRL (Prop_IBUFCTRL_HPIOB_M_I_O)
                                                      0.000    10.637 r  u_board_clk/IBUFCTRL_INST/O
                         net (fo=4, routed)           0.333    10.970    u_bd/split_d_system_i/clk_wiz_0/inst/clk_in1
    MMCM_X0Y1            MMCME4_ADV (Prop_MMCM_CLKIN1_CLKOUT0)
                                                      0.630    11.600 r  u_bd/split_d_system_i/clk_wiz_0/inst/mmcme4_adv_inst/CLKOUT0
                         net (fo=1, routed)           0.215    11.815    u_bd/split_d_system_i/clk_wiz_0/inst/clk_out1_split_d_system_clk_wiz_0_0
    BUFGCE_X0Y24         BUFGCE (Prop_BUFCE_BUFGCE_I_O)
                                                      0.024    11.839 r  u_bd/split_d_system_i/clk_wiz_0/inst/clkout1_buf/O
    X3Y1 (CLOCK_ROOT)    net (fo=50729, routed)       1.579    13.418    u_bd/split_d_system_i/fsa_0/inst/grp_run_fu_161/grp_runController_fu_106/grp_runQueryTile_fu_142/runQueryBlock_0_U0/grp_runQueryBlock_0_Outline_VITIS_LOOP_117_5_fu_168/ap_clk
    SLICE_X58Y216        FDRE                                         r  u_bd/split_d_system_i/fsa_0/inst/grp_run_fu_161/grp_runController_fu_106/grp_runQueryTile_fu_142/runQueryBlock_0_U0/grp_runQueryBlock_0_Outline_VITIS_LOOP_117_5_fu_168/acc_b_6_reg_2864_reg[11]/C
                         clock pessimism             -0.430    12.988    
                         clock uncertainty           -2.770    10.218    
    SLICE_X58Y216        FDRE (Setup_CFF2_SLICEL_C_D)
                                                      0.025    10.243    u_bd/split_d_system_i/fsa_0/inst/grp_run_fu_161/grp_runController_fu_106/grp_runQueryTile_fu_142/runQueryBlock_0_U0/grp_runQueryBlock_0_Outline_VITIS_LOOP_117_5_fu_168/acc_b_6_reg_2864_reg[11]
  -------------------------------------------------------------------
                         required time                         10.243    
                         arrival time                          -9.849    
  -------------------------------------------------------------------
                         slack                                  0.394    

Slack (MET) :             0.418ns  (required time - arrival time)
  Source:                 u_bd/split_d_system_i/fsa_0/inst/grp_run_fu_161/grp_runController_fu_106/grp_runQueryTile_fu_142/runQueryBlock_1_U0/grp_runAccumulatorColumns_fu_551/icmp_ln123_reg_6488_reg[0]/C
                            (rising edge-triggered cell FDRE clocked by clk_out1_split_d_system_clk_wiz_0_0  {rise@0.000ns fall@5.000ns period=10.000ns})
  Destination:            u_bd/split_d_system_i/fsa_0/inst/grp_run_fu_161/grp_runController_fu_106/grp_runQueryTile_fu_142/runQueryBlock_1_U0/grp_runAccumulatorColumns_fu_551/top_exponent_reg_6644_reg[3]/D
                            (rising edge-triggered cell FDRE clocked by clk_out1_split_d_system_clk_wiz_0_0  {rise@0.000ns fall@5.000ns period=10.000ns})
  Path Group:             clk_out1_split_d_system_clk_wiz_0_0
  Path Type:              Setup (Max at Slow Process Corner)
  Requirement:            10.000ns  (clk_out1_split_d_system_clk_wiz_0_0 rise@10.000ns - clk_out1_split_d_system_clk_wiz_0_0 rise@0.000ns)
  Data Path Delay:        6.761ns  (logic 2.484ns (36.741%)  route 4.277ns (63.259%))
  Logic Levels:           30  (CARRY8=12 LUT2=2 LUT3=2 LUT5=7 LUT6=7)
  Clock Path Skew:        -0.076ns (DCD - SCD + CPR)
    Destination Clock Delay (DCD):    3.589ns = ( 13.589 - 10.000 ) 
    Source Clock Delay      (SCD):    3.255ns
    Clock Pessimism Removal (CPR):    -0.411ns
  Clock Uncertainty:      2.770ns  ((TSJ^2 + DJ^2)^1/2) / 2 + PE + UU
    Total System Jitter     (TSJ):    0.071ns
    Discrete Jitter          (DJ):    0.120ns
    Phase Error              (PE):    0.000ns
    User Uncertainty         (UU):    2.700ns
  Clock Net Delay (Source):      1.960ns (routing 0.581ns, distribution 1.379ns)
  Clock Net Delay (Destination): 1.751ns (routing 0.530ns, distribution 1.221ns)

    Location             Delay type                Incr(ns)  Path(ns)    Netlist Resource(s)
  -------------------------------------------------------------------    -------------------
                         (clock clk_out1_split_d_system_clk_wiz_0_0 rise edge)
                                                      0.000     0.000 r  
    BH42                                              0.000     0.000 r  board_clk_p (IN)
                         net (fo=0)                   0.100     0.100    u_board_clk/I
    HPIOBDIFFINBUF_X0Y36 DIFFINBUF (Prop_DIFFINBUF_HPIOBDIFFINBUF_DIFF_IN_P_O)
                                                      0.615     0.715 r  u_board_clk/DIFFINBUF_INST/O
                         net (fo=1, routed)           0.050     0.765    u_board_clk/OUT
    BH42                 IBUFCTRL (Prop_IBUFCTRL_HPIOB_M_I_O)
                                                      0.000     0.765 r  u_board_clk/IBUFCTRL_INST/O
                         net (fo=4, routed)           0.384     1.149    u_bd/split_d_system_i/clk_wiz_0/inst/clk_in1
    MMCM_X0Y1            MMCME4_ADV (Prop_MMCM_CLKIN1_CLKOUT0)
                                                     -0.127     1.022 r  u_bd/split_d_system_i/clk_wiz_0/inst/mmcme4_adv_inst/CLKOUT0
                         net (fo=1, routed)           0.245     1.267    u_bd/split_d_system_i/clk_wiz_0/inst/clk_out1_split_d_system_clk_wiz_0_0
    BUFGCE_X0Y24         BUFGCE (Prop_BUFCE_BUFGCE_I_O)
                                                      0.028     1.295 r  u_bd/split_d_system_i/clk_wiz_0/inst/clkout1_buf/O
    X3Y1 (CLOCK_ROOT)    net (fo=50729, routed)       1.960     3.255    u_bd/split_d_system_i/fsa_0/inst/grp_run_fu_161/grp_runController_fu_106/grp_runQueryTile_fu_142/runQueryBlock_1_U0/grp_runAccumulatorColumns_fu_551/ap_clk
    SLICE_X156Y230       FDRE                                         r  u_bd/split_d_system_i/fsa_0/inst/grp_run_fu_161/grp_runController_fu_106/grp_runQueryTile_fu_142/runQueryBlock_1_U0/grp_runAccumulatorColumns_fu_551/icmp_ln123_reg_6488_reg[0]/C
  -------------------------------------------------------------------    -------------------
    SLICE_X156Y230       FDRE (Prop_EFF_SLICEM_C_Q)
                                                      0.076     3.331 r  u_bd/split_d_system_i/fsa_0/inst/grp_run_fu_161/grp_runController_fu_106/grp_runQueryTile_fu_142/runQueryBlock_1_U0/grp_runAccumulatorColumns_fu_551/icmp_ln123_reg_6488_reg[0]/Q
                         net (fo=44, routed)          0.301     3.632    u_bd/split_d_system_i/fsa_0/inst/grp_run_fu_161/grp_runController_fu_106/grp_runQueryTile_fu_142/runQueryBlock_1_U0/grp_runAccumulatorColumns_fu_551/icmp_ln123_reg_6488
    SLICE_X155Y228       LUT3 (Prop_A6LUT_SLICEL_I1_O)
                                                      0.050     3.682 r  u_bd/split_d_system_i/fsa_0/inst/grp_run_fu_161/grp_runController_fu_106/grp_runQueryTile_fu_142/runQueryBlock_1_U0/grp_runAccumulatorColumns_fu_551/sign_25_reg_6624[0]_i_93__0/O
                         net (fo=1, routed)           0.009     3.691    u_bd/split_d_system_i/fsa_0/inst/grp_run_fu_161/grp_runController_fu_106/grp_runQueryTile_fu_142/runQueryBlock_1_U0/grp_runAccumulatorColumns_fu_551/sign_25_reg_6624[0]_i_93__0_n_0
    SLICE_X155Y228       CARRY8 (Prop_CARRY8_SLICEL_S[0]_O[1])
                                                      0.094     3.785 r  u_bd/split_d_system_i/fsa_0/inst/grp_run_fu_161/grp_runController_fu_106/grp_runQueryTile_fu_142/runQueryBlock_1_U0/grp_runAccumulatorColumns_fu_551/sign_25_reg_6624_reg[0]_i_48__0/O[1]
                         net (fo=66, routed)          0.451     4.236    u_bd/split_d_system_i/fsa_0/inst/grp_run_fu_161/grp_runController_fu_106/grp_runQueryTile_fu_142/runQueryBlock_1_U0/grp_runAccumulatorColumns_fu_551/zext_ln60_fu_3444_p1[1]
    SLICE_X153Y227       LUT6 (Prop_B6LUT_SLICEL_I2_O)
                                                      0.098     4.334 f  u_bd/split_d_system_i/fsa_0/inst/grp_run_fu_161/grp_runController_fu_106/grp_runQueryTile_fu_142/runQueryBlock_1_U0/grp_runAccumulatorColumns_fu_551/significand_59_reg_6637[46]_i_77__0/O
                         net (fo=4, routed)           0.216     4.550    u_bd/split_d_system_i/fsa_0/inst/grp_run_fu_161/grp_runController_fu_106/grp_runQueryTile_fu_142/runQueryBlock_1_U0/grp_runAccumulatorColumns_fu_551/significand_59_reg_6637[46]_i_77__0_n_0
    SLICE_X154Y225       LUT6 (Prop_H6LUT_SLICEM_I3_O)
                                                      0.053     4.603 f  u_bd/split_d_system_i/fsa_0/inst/grp_run_fu_161/grp_runController_fu_106/grp_runQueryTile_fu_142/runQueryBlock_1_U0/grp_runAccumulatorColumns_fu_551/significand_59_reg_6637[38]_i_66__0/O
                         net (fo=2, routed)           0.457     5.060    u_bd/split_d_system_i/fsa_0/inst/grp_run_fu_161/grp_runController_fu_106/grp_runQueryTile_fu_142/runQueryBlock_1_U0/grp_runAccumulatorColumns_fu_551/significand_59_reg_6637[38]_i_66__0_n_0
    SLICE_X155Y223       LUT3 (Prop_B6LUT_SLICEL_I0_O)
                                                      0.051     5.111 f  u_bd/split_d_system_i/fsa_0/inst/grp_run_fu_161/grp_runController_fu_106/grp_runQueryTile_fu_142/runQueryBlock_1_U0/grp_runAccumulatorColumns_fu_551/significand_59_reg_6637[22]_i_47__0/O
                         net (fo=3, routed)           0.259     5.370    u_bd/split_d_system_i/fsa_0/inst/grp_run_fu_161/grp_runController_fu_106/grp_runQueryTile_fu_142/runQueryBlock_1_U0/grp_runAccumulatorColumns_fu_551/significand_59_reg_6637[22]_i_47__0_n_0
    SLICE_X156Y222       LUT6 (Prop_D6LUT_SLICEM_I0_O)
                                                      0.145     5.515 r  u_bd/split_d_system_i/fsa_0/inst/grp_run_fu_161/grp_runController_fu_106/grp_runQueryTile_fu_142/runQueryBlock_1_U0/grp_runAccumulatorColumns_fu_551/sign_25_reg_6624[0]_i_127__0/O
                         net (fo=1, routed)           0.174     5.689    u_bd/split_d_system_i/fsa_0/inst/grp_run_fu_161/grp_runController_fu_106/grp_runQueryTile_fu_142/runQueryBlock_1_U0/grp_runAccumulatorColumns_fu_551/sign_25_reg_6624[0]_i_127__0_n_0
    SLICE_X157Y222       LUT6 (Prop_H6LUT_SLICEM_I0_O)
                                                      0.090     5.779 f  u_bd/split_d_system_i/fsa_0/inst/grp_run_fu_161/grp_runController_fu_106/grp_runQueryTile_fu_142/runQueryBlock_1_U0/grp_runAccumulatorColumns_fu_551/sign_25_reg_6624[0]_i_117__0/O
                         net (fo=1, routed)           0.100     5.879    u_bd/split_d_system_i/fsa_0/inst/grp_run_fu_161/grp_runController_fu_106/grp_runQueryTile_fu_142/runQueryBlock_1_U0/grp_runAccumulatorColumns_fu_551/sign_25_reg_6624[0]_i_117__0_n_0
    SLICE_X157Y224       LUT6 (Prop_H6LUT_SLICEM_I2_O)
                                                      0.053     5.932 r  u_bd/split_d_system_i/fsa_0/inst/grp_run_fu_161/grp_runController_fu_106/grp_runQueryTile_fu_142/runQueryBlock_1_U0/grp_runAccumulatorColumns_fu_551/sign_25_reg_6624[0]_i_69__0/O
                         net (fo=1, routed)           0.133     6.065    u_bd/split_d_system_i/fsa_0/inst/grp_run_fu_161/grp_runController_fu_106/grp_runQueryTile_fu_142/runQueryBlock_1_U0/grp_runAccumulatorColumns_fu_551/sign_25_reg_6624[0]_i_69__0_n_0
    SLICE_X158Y225       CARRY8 (Prop_CARRY8_SLICEL_DI[0]_CO[7])
                                                      0.131     6.196 r  u_bd/split_d_system_i/fsa_0/inst/grp_run_fu_161/grp_runController_fu_106/grp_runQueryTile_fu_142/runQueryBlock_1_U0/grp_runAccumulatorColumns_fu_551/sign_25_reg_6624_reg[0]_i_31__0/CO[7]
                         net (fo=1, routed)           0.026     6.222    u_bd/split_d_system_i/fsa_0/inst/grp_run_fu_161/grp_runController_fu_106/grp_runQueryTile_fu_142/runQueryBlock_1_U0/grp_runAccumulatorColumns_fu_551/sign_25_reg_6624_reg[0]_i_31__0_n_0
    SLICE_X158Y226       CARRY8 (Prop_CARRY8_SLICEL_CI_CO[7])
                                                      0.015     6.237 r  u_bd/split_d_system_i/fsa_0/inst/grp_run_fu_161/grp_runController_fu_106/grp_runQueryTile_fu_142/runQueryBlock_1_U0/grp_runAccumulatorColumns_fu_551/sign_25_reg_6624_reg[0]_i_8__0/CO[7]
                         net (fo=1, routed)           0.026     6.263    u_bd/split_d_system_i/fsa_0/inst/grp_run_fu_161/grp_runController_fu_106/grp_runQueryTile_fu_142/runQueryBlock_1_U0/grp_runAccumulatorColumns_fu_551/sign_25_reg_6624_reg[0]_i_8__0_n_0
    SLICE_X158Y227       CARRY8 (Prop_CARRY8_SLICEL_CI_CO[7])
                                                      0.015     6.278 r  u_bd/split_d_system_i/fsa_0/inst/grp_run_fu_161/grp_runController_fu_106/grp_runQueryTile_fu_142/runQueryBlock_1_U0/grp_runAccumulatorColumns_fu_551/sign_25_reg_6624_reg[0]_i_3__0/CO[7]
                         net (fo=1, routed)           0.026     6.304    u_bd/split_d_system_i/fsa_0/inst/grp_run_fu_161/grp_runController_fu_106/grp_runQueryTile_fu_142/runQueryBlock_1_U0/grp_runAccumulatorColumns_fu_551/sign_25_reg_6624_reg[0]_i_3__0_n_0
    SLICE_X158Y228       CARRY8 (Prop_CARRY8_SLICEL_CI_CO[1])
                                                      0.042     6.346 r  u_bd/split_d_system_i/fsa_0/inst/grp_run_fu_161/grp_runController_fu_106/grp_runQueryTile_fu_142/runQueryBlock_1_U0/grp_runAccumulatorColumns_fu_551/sign_25_reg_6624_reg[0]_i_2__0/CO[1]
                         net (fo=53, routed)          0.247     6.593    u_bd/split_d_system_i/fsa_0/inst/grp_run_fu_161/grp_runController_fu_106/grp_runQueryTile_fu_142/runQueryBlock_1_U0/grp_runAccumulatorColumns_fu_551/icmp_ln133_fu_3890_p2
    SLICE_X157Y223       LUT2 (Prop_E6LUT_SLICEM_I1_O)
                                                      0.100     6.693 r  u_bd/split_d_system_i/fsa_0/inst/grp_run_fu_161/grp_runController_fu_106/grp_runQueryTile_fu_142/runQueryBlock_1_U0/grp_runAccumulatorColumns_fu_551/significand_59_reg_6637[6]_i_21__0/O
                         net (fo=1, routed)           0.185     6.878    u_bd/split_d_system_i/fsa_0/inst/grp_run_fu_161/grp_runController_fu_106/grp_runQueryTile_fu_142/runQueryBlock_1_U0/grp_runAccumulatorColumns_fu_551/and_ln133_fu_3914_p2
    SLICE_X157Y223       LUT6 (Prop_F6LUT_SLICEM_I0_O)
                                                      0.123     7.001 r  u_bd/split_d_system_i/fsa_0/inst/grp_run_fu_161/grp_runController_fu_106/grp_runQueryTile_fu_142/runQueryBlock_1_U0/grp_runAccumulatorColumns_fu_551/significand_59_reg_6637[6]_i_4__0/O
                         net (fo=1, routed)           0.174     7.175    u_bd/split_d_system_i/fsa_0/inst/grp_run_fu_161/grp_runController_fu_106/grp_runQueryTile_fu_142/runQueryBlock_1_U0/grp_runAccumulatorColumns_fu_551/significand_59_reg_6637[6]_i_4__0_n_0
    SLICE_X157Y225       CARRY8 (Prop_CARRY8_SLICEM_CI_CO[7])
                                                      0.153     7.328 r  u_bd/split_d_system_i/fsa_0/inst/grp_run_fu_161/grp_runController_fu_106/grp_runQueryTile_fu_142/runQueryBlock_1_U0/grp_runAccumulatorColumns_fu_551/significand_59_reg_6637_reg[6]_i_2__0/CO[7]
                         net (fo=1, routed)           0.026     7.354    u_bd/split_d_system_i/fsa_0/inst/grp_run_fu_161/grp_runController_fu_106/grp_runQueryTile_fu_142/runQueryBlock_1_U0/grp_runAccumulatorColumns_fu_551/significand_59_reg_6637_reg[6]_i_2__0_n_0
    SLICE_X157Y226       CARRY8 (Prop_CARRY8_SLICEM_CI_CO[7])
                                                      0.015     7.369 r  u_bd/split_d_system_i/fsa_0/inst/grp_run_fu_161/grp_runController_fu_106/grp_runQueryTile_fu_142/runQueryBlock_1_U0/grp_runAccumulatorColumns_fu_551/significand_59_reg_6637_reg[14]_i_2__0/CO[7]
                         net (fo=1, routed)           0.026     7.395    u_bd/split_d_system_i/fsa_0/inst/grp_run_fu_161/grp_runController_fu_106/grp_runQueryTile_fu_142/runQueryBlock_1_U0/grp_runAccumulatorColumns_fu_551/significand_59_reg_6637_reg[14]_i_2__0_n_0
    SLICE_X157Y227       CARRY8 (Prop_CARRY8_SLICEM_CI_CO[7])
                                                      0.015     7.410 r  u_bd/split_d_system_i/fsa_0/inst/grp_run_fu_161/grp_runController_fu_106/grp_runQueryTile_fu_142/runQueryBlock_1_U0/grp_runAccumulatorColumns_fu_551/significand_59_reg_6637_reg[22]_i_2__0/CO[7]
                         net (fo=1, routed)           0.026     7.436    u_bd/split_d_system_i/fsa_0/inst/grp_run_fu_161/grp_runController_fu_106/grp_runQueryTile_fu_142/runQueryBlock_1_U0/grp_runAccumulatorColumns_fu_551/significand_59_reg_6637_reg[22]_i_2__0_n_0
    SLICE_X157Y228       CARRY8 (Prop_CARRY8_SLICEM_CI_CO[7])
                                                      0.015     7.451 r  u_bd/split_d_system_i/fsa_0/inst/grp_run_fu_161/grp_runController_fu_106/grp_runQueryTile_fu_142/runQueryBlock_1_U0/grp_runAccumulatorColumns_fu_551/significand_59_reg_6637_reg[30]_i_2__0/CO[7]
                         net (fo=1, routed)           0.026     7.477    u_bd/split_d_system_i/fsa_0/inst/grp_run_fu_161/grp_runController_fu_106/grp_runQueryTile_fu_142/runQueryBlock_1_U0/grp_runAccumulatorColumns_fu_551/significand_59_reg_6637_reg[30]_i_2__0_n_0
    SLICE_X157Y229       CARRY8 (Prop_CARRY8_SLICEM_CI_CO[7])
                                                      0.015     7.492 r  u_bd/split_d_system_i/fsa_0/inst/grp_run_fu_161/grp_runController_fu_106/grp_runQueryTile_fu_142/runQueryBlock_1_U0/grp_runAccumulatorColumns_fu_551/significand_59_reg_6637_reg[38]_i_2__0/CO[7]
                         net (fo=1, routed)           0.026     7.518    u_bd/split_d_system_i/fsa_0/inst/grp_run_fu_161/grp_runController_fu_106/grp_runQueryTile_fu_142/runQueryBlock_1_U0/grp_runAccumulatorColumns_fu_551/significand_59_reg_6637_reg[38]_i_2__0_n_0
    SLICE_X157Y230       CARRY8 (Prop_CARRY8_SLICEM_CI_O[7])
                                                      0.116     7.634 r  u_bd/split_d_system_i/fsa_0/inst/grp_run_fu_161/grp_runController_fu_106/grp_runQueryTile_fu_142/runQueryBlock_1_U0/grp_runAccumulatorColumns_fu_551/significand_59_reg_6637_reg[46]_i_2__0/O[7]
                         net (fo=10, routed)          0.388     8.022    u_bd/split_d_system_i/fsa_0/inst/grp_run_fu_161/grp_runController_fu_106/grp_runQueryTile_fu_142/runQueryBlock_1_U0/grp_runAccumulatorColumns_fu_551/ctlz_51_51_1_1_U305/dout_tmp0_in[47]
    SLICE_X157Y237       LUT5 (Prop_B6LUT_SLICEM_I3_O)
                                                      0.052     8.074 f  u_bd/split_d_system_i/fsa_0/inst/grp_run_fu_161/grp_runController_fu_106/grp_runQueryTile_fu_142/runQueryBlock_1_U0/grp_runAccumulatorColumns_fu_551/ctlz_51_51_1_1_U305/significand_59_reg_6637[50]_i_82__0/O
                         net (fo=1, routed)           0.091     8.165    u_bd/split_d_system_i/fsa_0/inst/grp_run_fu_161/grp_runController_fu_106/grp_runQueryTile_fu_142/runQueryBlock_1_U0/grp_runAccumulatorColumns_fu_551/ctlz_51_51_1_1_U305/significand_59_reg_6637[50]_i_82__0_n_0
    SLICE_X157Y238       LUT5 (Prop_H6LUT_SLICEM_I2_O)
                                                      0.101     8.266 f  u_bd/split_d_system_i/fsa_0/inst/grp_run_fu_161/grp_runController_fu_106/grp_runQueryTile_fu_142/runQueryBlock_1_U0/grp_runAccumulatorColumns_fu_551/ctlz_51_51_1_1_U305/significand_59_reg_6637[50]_i_80__0/O
                         net (fo=1, routed)           0.098     8.364    u_bd/split_d_system_i/fsa_0/inst/grp_run_fu_161/grp_runController_fu_106/grp_runQueryTile_fu_142/runQueryBlock_1_U0/grp_runAccumulatorColumns_fu_551/ctlz_51_51_1_1_U305/significand_59_reg_6637[50]_i_80__0_n_0
    SLICE_X157Y237       LUT5 (Prop_D6LUT_SLICEM_I2_O)
                                                      0.122     8.486 f  u_bd/split_d_system_i/fsa_0/inst/grp_run_fu_161/grp_runController_fu_106/grp_runQueryTile_fu_142/runQueryBlock_1_U0/grp_runAccumulatorColumns_fu_551/ctlz_51_51_1_1_U305/significand_59_reg_6637[50]_i_77__0/O
                         net (fo=1, routed)           0.045     8.531    u_bd/split_d_system_i/fsa_0/inst/grp_run_fu_161/grp_runController_fu_106/grp_runQueryTile_fu_142/runQueryBlock_1_U0/grp_runAccumulatorColumns_fu_551/ctlz_51_51_1_1_U305/significand_59_reg_6637[50]_i_77__0_n_0
    SLICE_X157Y237       LUT6 (Prop_H6LUT_SLICEM_I2_O)
                                                      0.101     8.632 f  u_bd/split_d_system_i/fsa_0/inst/grp_run_fu_161/grp_runController_fu_106/grp_runQueryTile_fu_142/runQueryBlock_1_U0/grp_runAccumulatorColumns_fu_551/ctlz_51_51_1_1_U305/significand_59_reg_6637[50]_i_72__0/O
                         net (fo=1, routed)           0.206     8.838    u_bd/split_d_system_i/fsa_0/inst/grp_run_fu_161/grp_runController_fu_106/grp_runQueryTile_fu_142/runQueryBlock_1_U0/grp_runAccumulatorColumns_fu_551/ctlz_51_51_1_1_U305/significand_59_reg_6637[50]_i_72__0_n_0
    SLICE_X158Y236       LUT5 (Prop_B6LUT_SLICEL_I2_O)
                                                      0.036     8.874 f  u_bd/split_d_system_i/fsa_0/inst/grp_run_fu_161/grp_runController_fu_106/grp_runQueryTile_fu_142/runQueryBlock_1_U0/grp_runAccumulatorColumns_fu_551/ctlz_51_51_1_1_U305/significand_59_reg_6637[50]_i_65__0/O
                         net (fo=1, routed)           0.100     8.974    u_bd/split_d_system_i/fsa_0/inst/grp_run_fu_161/grp_runController_fu_106/grp_runQueryTile_fu_142/runQueryBlock_1_U0/grp_runAccumulatorColumns_fu_551/ctlz_51_51_1_1_U305/significand_59_reg_6637[50]_i_65__0_n_0
    SLICE_X158Y234       LUT5 (Prop_B6LUT_SLICEL_I2_O)
                                                      0.124     9.098 f  u_bd/split_d_system_i/fsa_0/inst/grp_run_fu_161/grp_runController_fu_106/grp_runQueryTile_fu_142/runQueryBlock_1_U0/grp_runAccumulatorColumns_fu_551/ctlz_51_51_1_1_U305/significand_59_reg_6637[50]_i_46__0/O
                         net (fo=1, routed)           0.093     9.191    u_bd/split_d_system_i/fsa_0/inst/grp_run_fu_161/grp_runController_fu_106/grp_runQueryTile_fu_142/runQueryBlock_1_U0/grp_runAccumulatorColumns_fu_551/ctlz_51_51_1_1_U305/significand_59_reg_6637[50]_i_46__0_n_0
    SLICE_X158Y233       LUT5 (Prop_B6LUT_SLICEL_I2_O)
                                                      0.124     9.315 r  u_bd/split_d_system_i/fsa_0/inst/grp_run_fu_161/grp_runController_fu_106/grp_runQueryTile_fu_142/runQueryBlock_1_U0/grp_runAccumulatorColumns_fu_551/ctlz_51_51_1_1_U305/significand_59_reg_6637[50]_i_17__0/O
                         net (fo=1, routed)           0.088     9.403    u_bd/split_d_system_i/fsa_0/inst/grp_run_fu_161/grp_runController_fu_106/grp_runQueryTile_fu_142/runQueryBlock_1_U0/grp_runAccumulatorColumns_fu_551/ctlz_51_51_1_1_U305/significand_59_reg_6637[50]_i_17__0_n_0
    SLICE_X158Y232       LUT5 (Prop_G6LUT_SLICEL_I1_O)
                                                      0.097     9.500 r  u_bd/split_d_system_i/fsa_0/inst/grp_run_fu_161/grp_runController_fu_106/grp_runQueryTile_fu_142/runQueryBlock_1_U0/grp_runAccumulatorColumns_fu_551/ctlz_51_51_1_1_U305/significand_59_reg_6637[50]_i_5__0/O
                         net (fo=53, routed)          0.219     9.719    u_bd/split_d_system_i/fsa_0/inst/grp_run_fu_161/grp_runController_fu_106/grp_runQueryTile_fu_142/runQueryBlock_1_U0/grp_runAccumulatorColumns_fu_551/distance_26_fu_3999_p3[0]
    SLICE_X158Y229       LUT2 (Prop_A6LUT_SLICEL_I0_O)
                                                      0.124     9.843 r  u_bd/split_d_system_i/fsa_0/inst/grp_run_fu_161/grp_runController_fu_106/grp_runQueryTile_fu_142/runQueryBlock_1_U0/grp_runAccumulatorColumns_fu_551/top_exponent_reg_6644[7]_i_18__0/O
                         net (fo=1, routed)           0.009     9.852    u_bd/split_d_system_i/fsa_0/inst/grp_run_fu_161/grp_runController_fu_106/grp_runQueryTile_fu_142/runQueryBlock_1_U0/grp_runAccumulatorColumns_fu_551/top_exponent_reg_6644[7]_i_18__0_n_0
    SLICE_X158Y229       CARRY8 (Prop_CARRY8_SLICEL_S[0]_O[3])
                                                      0.138     9.990 r  u_bd/split_d_system_i/fsa_0/inst/grp_run_fu_161/grp_runController_fu_106/grp_runQueryTile_fu_142/runQueryBlock_1_U0/grp_runAccumulatorColumns_fu_551/top_exponent_reg_6644_reg[7]_i_1__0/O[3]
                         net (fo=1, routed)           0.026    10.016    u_bd/split_d_system_i/fsa_0/inst/grp_run_fu_161/grp_runController_fu_106/grp_runQueryTile_fu_142/runQueryBlock_1_U0/grp_runAccumulatorColumns_fu_551/top_exponent_fu_4051_p3[3]
    SLICE_X158Y229       FDRE                                         r  u_bd/split_d_system_i/fsa_0/inst/grp_run_fu_161/grp_runController_fu_106/grp_runQueryTile_fu_142/runQueryBlock_1_U0/grp_runAccumulatorColumns_fu_551/top_exponent_reg_6644_reg[3]/D
  -------------------------------------------------------------------    -------------------

                         (clock clk_out1_split_d_system_clk_wiz_0_0 rise edge)
                                                     10.000    10.000 r  
    BH42                                              0.000    10.000 r  board_clk_p (IN)
                         net (fo=0)                   0.079    10.079    u_board_clk/I
    HPIOBDIFFINBUF_X0Y36 DIFFINBUF (Prop_DIFFINBUF_HPIOBDIFFINBUF_DIFF_IN_P_O)
                                                      0.518    10.597 r  u_board_clk/DIFFINBUF_INST/O
                         net (fo=1, routed)           0.040    10.637    u_board_clk/OUT
    BH42                 IBUFCTRL (Prop_IBUFCTRL_HPIOB_M_I_O)
                                                      0.000    10.637 r  u_board_clk/IBUFCTRL_INST/O
                         net (fo=4, routed)           0.333    10.970    u_bd/split_d_system_i/clk_wiz_0/inst/clk_in1
    MMCM_X0Y1            MMCME4_ADV (Prop_MMCM_CLKIN1_CLKOUT0)
                                                      0.630    11.600 r  u_bd/split_d_system_i/clk_wiz_0/inst/mmcme4_adv_inst/CLKOUT0
                         net (fo=1, routed)           0.215    11.815    u_bd/split_d_system_i/clk_wiz_0/inst/clk_out1_split_d_system_clk_wiz_0_0
    BUFGCE_X0Y24         BUFGCE (Prop_BUFCE_BUFGCE_I_O)
                                                      0.024    11.839 r  u_bd/split_d_system_i/clk_wiz_0/inst/clkout1_buf/O
    X3Y1 (CLOCK_ROOT)    net (fo=50729, routed)       1.751    13.589    u_bd/split_d_system_i/fsa_0/inst/grp_run_fu_161/grp_runController_fu_106/grp_runQueryTile_fu_142/runQueryBlock_1_U0/grp_runAccumulatorColumns_fu_551/ap_clk
    SLICE_X158Y229       FDRE                                         r  u_bd/split_d_system_i/fsa_0/inst/grp_run_fu_161/grp_runController_fu_106/grp_runQueryTile_fu_142/runQueryBlock_1_U0/grp_runAccumulatorColumns_fu_551/top_exponent_reg_6644_reg[3]/C
                         clock pessimism             -0.411    13.179    
                         clock uncertainty           -2.770    10.409    
    SLICE_X158Y229       FDRE (Setup_DFF_SLICEL_C_D)
                                                      0.025    10.434    u_bd/split_d_system_i/fsa_0/inst/grp_run_fu_161/grp_runController_fu_106/grp_runQueryTile_fu_142/runQueryBlock_1_U0/grp_runAccumulatorColumns_fu_551/top_exponent_reg_6644_reg[3]
  -------------------------------------------------------------------
                         required time                         10.434    
                         arrival time                         -10.016    
  -------------------------------------------------------------------
                         slack                                  0.418    

Slack (MET) :             0.421ns  (required time - arrival time)
  Source:                 <hidden>
                            (rising edge-triggered cell FDRE clocked by clk_out1_split_d_system_clk_wiz_0_0  {rise@0.000ns fall@5.000ns period=10.000ns})
  Destination:            u_bd/split_d_system_i/fsa_0/inst/grp_run_fu_161/grp_runController_fu_106/grp_runQueryTile_fu_142/runQueryBlock_0_U0/grp_runQueryBlock_0_Outline_VITIS_LOOP_117_5_fu_168/acc_b_6_reg_2864_reg[6]/D
                            (rising edge-triggered cell FDRE clocked by clk_out1_split_d_system_clk_wiz_0_0  {rise@0.000ns fall@5.000ns period=10.000ns})
  Path Group:             clk_out1_split_d_system_clk_wiz_0_0
  Path Type:              Setup (Max at Slow Process Corner)
  Requirement:            10.000ns  (clk_out1_split_d_system_clk_wiz_0_0 rise@10.000ns - clk_out1_split_d_system_clk_wiz_0_0 rise@0.000ns)
  Data Path Delay:        6.757ns  (logic 4.705ns (69.631%)  route 2.052ns (30.369%))
  Logic Levels:           19  (CARRY8=1 DSP_A_B_DATA=2 DSP_ALU=2 DSP_M_DATA=2 DSP_MULTIPLIER=2 DSP_OUTPUT=2 DSP_PREADD=1 DSP_PREADD_DATA=3 LUT2=1 LUT3=1 LUT5=2)
  Clock Path Skew:        -0.077ns (DCD - SCD + CPR)
    Destination Clock Delay (DCD):    3.412ns = ( 13.412 - 10.000 ) 
    Source Clock Delay      (SCD):    3.059ns
    Clock Pessimism Removal (CPR):    -0.430ns
  Clock Uncertainty:      2.770ns  ((TSJ^2 + DJ^2)^1/2) / 2 + PE + UU
    Total System Jitter     (TSJ):    0.071ns
    Discrete Jitter          (DJ):    0.120ns
    Phase Error              (PE):    0.000ns
    User Uncertainty         (UU):    2.700ns
  Clock Net Delay (Source):      1.764ns (routing 0.581ns, distribution 1.183ns)
  Clock Net Delay (Destination): 1.573ns (routing 0.530ns, distribution 1.043ns)

    Location             Delay type                Incr(ns)  Path(ns)    Netlist Resource(s)
  -------------------------------------------------------------------    -------------------
                         (clock clk_out1_split_d_system_clk_wiz_0_0 rise edge)
                                                      0.000     0.000 r  
    BH42                                              0.000     0.000 r  board_clk_p (IN)
                         net (fo=0)                   0.100     0.100    u_board_clk/I
    HPIOBDIFFINBUF_X0Y36 DIFFINBUF (Prop_DIFFINBUF_HPIOBDIFFINBUF_DIFF_IN_P_O)
                                                      0.615     0.715 r  u_board_clk/DIFFINBUF_INST/O
                         net (fo=1, routed)           0.050     0.765    u_board_clk/OUT
    BH42                 IBUFCTRL (Prop_IBUFCTRL_HPIOB_M_I_O)
                                                      0.000     0.765 r  u_board_clk/IBUFCTRL_INST/O
                         net (fo=4, routed)           0.384     1.149    u_bd/split_d_system_i/clk_wiz_0/inst/clk_in1
    MMCM_X0Y1            MMCME4_ADV (Prop_MMCM_CLKIN1_CLKOUT0)
                                                     -0.127     1.022 r  u_bd/split_d_system_i/clk_wiz_0/inst/mmcme4_adv_inst/CLKOUT0
                         net (fo=1, routed)           0.245     1.267    u_bd/split_d_system_i/clk_wiz_0/inst/clk_out1_split_d_system_clk_wiz_0_0
    BUFGCE_X0Y24         BUFGCE (Prop_BUFCE_BUFGCE_I_O)
                                                      0.028     1.295 r  u_bd/split_d_system_i/clk_wiz_0/inst/clkout1_buf/O
    X3Y1 (CLOCK_ROOT)    net (fo=50729, routed)       1.764     3.059    <hidden>
    SLICE_X62Y220        FDRE                                         r  <hidden>
  -------------------------------------------------------------------    -------------------
    SLICE_X62Y220        FDRE (Prop_HFF_SLICEL_C_Q)
                                                      0.079     3.138 r  <hidden>
                         net (fo=54, routed)          0.360     3.498    <hidden>
    SLICE_X60Y216        LUT3 (Prop_H6LUT_SLICEM_I1_O)
                                                      0.053     3.551 r  <hidden>
                         net (fo=2, routed)           0.279     3.830    <hidden>
    DSP48E2_X8Y80        DSP_A_B_DATA (Prop_DSP_A_B_DATA_DSP48E2_A[19]_A2_DATA[19])
                                                      0.192     4.022 f  <hidden>
                         net (fo=1, routed)           0.000     4.022    <hidden>
    DSP48E2_X8Y80        DSP_PREADD_DATA (Prop_DSP_PREADD_DATA_DSP48E2_A2_DATA[19]_PREADD_AB[19])
                                                      0.124     4.146 r  <hidden>
                         net (fo=1, routed)           0.000     4.146    <hidden>
    DSP48E2_X8Y80        DSP_PREADD (Prop_DSP_PREADD_DSP48E2_PREADD_AB[19]_AD[26])
                                                      0.488     4.634 f  <hidden>
                         net (fo=1, routed)           0.000     4.634    <hidden>
    DSP48E2_X8Y80        DSP_PREADD_DATA (Prop_DSP_PREADD_DATA_DSP48E2_AD[26]_AD_DATA[26])
                                                      0.050     4.684 r  <hidden>
                         net (fo=1, routed)           0.000     4.684    <hidden>
    DSP48E2_X8Y80        DSP_MULTIPLIER (Prop_DSP_MULTIPLIER_DSP48E2_AD_DATA[26]_U[43])
                                                      0.612     5.296 f  <hidden>
                         net (fo=1, routed)           0.000     5.296    <hidden>
    DSP48E2_X8Y80        DSP_M_DATA (Prop_DSP_M_DATA_DSP48E2_U[43]_U_DATA[43])
                                                      0.047     5.343 r  <hidden>
                         net (fo=1, routed)           0.000     5.343    <hidden>
    DSP48E2_X8Y80        DSP_ALU (Prop_DSP_ALU_DSP48E2_U_DATA[43]_ALU_OUT[47])
                                                      0.585     5.928 r  <hidden>
                         net (fo=1, routed)           0.000     5.928    <hidden>
    DSP48E2_X8Y80        DSP_OUTPUT (Prop_DSP_OUTPUT_DSP48E2_ALU_OUT[47]_PATTERN_DETECT)
                                                      0.363     6.291 r  <hidden>
                         net (fo=59, routed)          0.340     6.631    <hidden>
    SLICE_X59Y218        LUT5 (Prop_B6LUT_SLICEL_I3_O)
                                                      0.148     6.779 r  <hidden>
                         net (fo=1, routed)           0.009     6.788    <hidden>
    SLICE_X59Y218        CARRY8 (Prop_CARRY8_SLICEL_S[1]_CO[3])
                                                      0.180     6.968 f  <hidden>
                         net (fo=20, routed)          0.286     7.254    <hidden>
    SLICE_X59Y217        LUT5 (Prop_C5LUT_SLICEL_I3_O)
                                                      0.136     7.390 f  <hidden>
                         net (fo=1, routed)           0.351     7.741    <hidden>
    DSP48E2_X8Y81        DSP_A_B_DATA (Prop_DSP_A_B_DATA_DSP48E2_B[8]_B2_DATA[8])
                                                      0.151     7.892 r  <hidden>
                         net (fo=1, routed)           0.000     7.892    <hidden>
    DSP48E2_X8Y81        DSP_PREADD_DATA (Prop_DSP_PREADD_DATA_DSP48E2_B2_DATA[8]_B2B1[8])
                                                      0.073     7.965 r  <hidden>
                         net (fo=1, routed)           0.000     7.965    <hidden>
    DSP48E2_X8Y81        DSP_MULTIPLIER (Prop_DSP_MULTIPLIER_DSP48E2_B2B1[8]_V[8])
                                                      0.609     8.574 f  <hidden>
                         net (fo=1, routed)           0.000     8.574    <hidden>
    DSP48E2_X8Y81        DSP_M_DATA (Prop_DSP_M_DATA_DSP48E2_V[8]_V_DATA[8])
                                                      0.046     8.620 r  <hidden>
                         net (fo=1, routed)           0.000     8.620    <hidden>
    DSP48E2_X8Y81        DSP_ALU (Prop_DSP_ALU_DSP48E2_V_DATA[8]_ALU_OUT[8])
                                                      0.571     9.191 f  <hidden>
                         net (fo=1, routed)           0.000     9.191    <hidden>
    DSP48E2_X8Y81        DSP_OUTPUT (Prop_DSP_OUTPUT_DSP48E2_ALU_OUT[8]_P[8])
                                                      0.109     9.300 r  <hidden>
                         net (fo=1, routed)           0.378     9.678    <hidden>
    SLICE_X58Y215        LUT2 (Prop_D6LUT_SLICEL_I0_O)
                                                      0.089     9.767 r  <hidden>
                         net (fo=1, routed)           0.049     9.816    u_bd/split_d_system_i/fsa_0/inst/grp_run_fu_161/grp_runController_fu_106/grp_runQueryTile_fu_142/runQueryBlock_0_U0/grp_runQueryBlock_0_Outline_VITIS_LOOP_117_5_fu_168/grp_fu_884_p2[6]
    SLICE_X58Y215        FDRE                                         r  u_bd/split_d_system_i/fsa_0/inst/grp_run_fu_161/grp_runController_fu_106/grp_runQueryTile_fu_142/runQueryBlock_0_U0/grp_runQueryBlock_0_Outline_VITIS_LOOP_117_5_fu_168/acc_b_6_reg_2864_reg[6]/D
  -------------------------------------------------------------------    -------------------

                         (clock clk_out1_split_d_system_clk_wiz_0_0 rise edge)
                                                     10.000    10.000 r  
    BH42                                              0.000    10.000 r  board_clk_p (IN)
                         net (fo=0)                   0.079    10.079    u_board_clk/I
    HPIOBDIFFINBUF_X0Y36 DIFFINBUF (Prop_DIFFINBUF_HPIOBDIFFINBUF_DIFF_IN_P_O)
                                                      0.518    10.597 r  u_board_clk/DIFFINBUF_INST/O
                         net (fo=1, routed)           0.040    10.637    u_board_clk/OUT
    BH42                 IBUFCTRL (Prop_IBUFCTRL_HPIOB_M_I_O)
                                                      0.000    10.637 r  u_board_clk/IBUFCTRL_INST/O
                         net (fo=4, routed)           0.333    10.970    u_bd/split_d_system_i/clk_wiz_0/inst/clk_in1
    MMCM_X0Y1            MMCME4_ADV (Prop_MMCM_CLKIN1_CLKOUT0)
                                                      0.630    11.600 r  u_bd/split_d_system_i/clk_wiz_0/inst/mmcme4_adv_inst/CLKOUT0
                         net (fo=1, routed)           0.215    11.815    u_bd/split_d_system_i/clk_wiz_0/inst/clk_out1_split_d_system_clk_wiz_0_0
    BUFGCE_X0Y24         BUFGCE (Prop_BUFCE_BUFGCE_I_O)
                                                      0.024    11.839 r  u_bd/split_d_system_i/clk_wiz_0/inst/clkout1_buf/O
    X3Y1 (CLOCK_ROOT)    net (fo=50729, routed)       1.573    13.412    u_bd/split_d_system_i/fsa_0/inst/grp_run_fu_161/grp_runController_fu_106/grp_runQueryTile_fu_142/runQueryBlock_0_U0/grp_runQueryBlock_0_Outline_VITIS_LOOP_117_5_fu_168/ap_clk
    SLICE_X58Y215        FDRE                                         r  u_bd/split_d_system_i/fsa_0/inst/grp_run_fu_161/grp_runController_fu_106/grp_runQueryTile_fu_142/runQueryBlock_0_U0/grp_runQueryBlock_0_Outline_VITIS_LOOP_117_5_fu_168/acc_b_6_reg_2864_reg[6]/C
                         clock pessimism             -0.430    12.982    
                         clock uncertainty           -2.770    10.212    
    SLICE_X58Y215        FDRE (Setup_DFF_SLICEL_C_D)
                                                      0.025    10.237    u_bd/split_d_system_i/fsa_0/inst/grp_run_fu_161/grp_runController_fu_106/grp_runQueryTile_fu_142/runQueryBlock_0_U0/grp_runQueryBlock_0_Outline_VITIS_LOOP_117_5_fu_168/acc_b_6_reg_2864_reg[6]
  -------------------------------------------------------------------
                         required time                         10.237    
                         arrival time                          -9.816    
  -------------------------------------------------------------------
                         slack                                  0.421    

Slack (MET) :             0.424ns  (required time - arrival time)
  Source:                 u_bd/split_d_system_i/fsa_0/inst/grp_run_fu_161/grp_runController_fu_106/grp_runQueryTile_fu_142/runQueryBlock_1_U0/grp_runAccumulatorColumns_fu_551/icmp_ln123_reg_6488_reg[0]/C
                            (rising edge-triggered cell FDRE clocked by clk_out1_split_d_system_clk_wiz_0_0  {rise@0.000ns fall@5.000ns period=10.000ns})
  Destination:            u_bd/split_d_system_i/fsa_0/inst/grp_run_fu_161/grp_runController_fu_106/grp_runQueryTile_fu_142/runQueryBlock_1_U0/grp_runAccumulatorColumns_fu_551/top_exponent_reg_6644_reg[2]/D
                            (rising edge-triggered cell FDRE clocked by clk_out1_split_d_system_clk_wiz_0_0  {rise@0.000ns fall@5.000ns period=10.000ns})
  Path Group:             clk_out1_split_d_system_clk_wiz_0_0
  Path Type:              Setup (Max at Slow Process Corner)
  Requirement:            10.000ns  (clk_out1_split_d_system_clk_wiz_0_0 rise@10.000ns - clk_out1_split_d_system_clk_wiz_0_0 rise@0.000ns)
  Data Path Delay:        6.755ns  (logic 2.478ns (36.685%)  route 4.277ns (63.315%))
  Logic Levels:           30  (CARRY8=12 LUT2=2 LUT3=2 LUT5=7 LUT6=7)
  Clock Path Skew:        -0.076ns (DCD - SCD + CPR)
    Destination Clock Delay (DCD):    3.589ns = ( 13.589 - 10.000 ) 
    Source Clock Delay      (SCD):    3.255ns
    Clock Pessimism Removal (CPR):    -0.411ns
  Clock Uncertainty:      2.770ns  ((TSJ^2 + DJ^2)^1/2) / 2 + PE + UU
    Total System Jitter     (TSJ):    0.071ns
    Discrete Jitter          (DJ):    0.120ns
    Phase Error              (PE):    0.000ns
    User Uncertainty         (UU):    2.700ns
  Clock Net Delay (Source):      1.960ns (routing 0.581ns, distribution 1.379ns)
  Clock Net Delay (Destination): 1.751ns (routing 0.530ns, distribution 1.221ns)

    Location             Delay type                Incr(ns)  Path(ns)    Netlist Resource(s)
  -------------------------------------------------------------------    -------------------
                         (clock clk_out1_split_d_system_clk_wiz_0_0 rise edge)
                                                      0.000     0.000 r  
    BH42                                              0.000     0.000 r  board_clk_p (IN)
                         net (fo=0)                   0.100     0.100    u_board_clk/I
    HPIOBDIFFINBUF_X0Y36 DIFFINBUF (Prop_DIFFINBUF_HPIOBDIFFINBUF_DIFF_IN_P_O)
                                                      0.615     0.715 r  u_board_clk/DIFFINBUF_INST/O
                         net (fo=1, routed)           0.050     0.765    u_board_clk/OUT
    BH42                 IBUFCTRL (Prop_IBUFCTRL_HPIOB_M_I_O)
                                                      0.000     0.765 r  u_board_clk/IBUFCTRL_INST/O
                         net (fo=4, routed)           0.384     1.149    u_bd/split_d_system_i/clk_wiz_0/inst/clk_in1
    MMCM_X0Y1            MMCME4_ADV (Prop_MMCM_CLKIN1_CLKOUT0)
                                                     -0.127     1.022 r  u_bd/split_d_system_i/clk_wiz_0/inst/mmcme4_adv_inst/CLKOUT0
                         net (fo=1, routed)           0.245     1.267    u_bd/split_d_system_i/clk_wiz_0/inst/clk_out1_split_d_system_clk_wiz_0_0
    BUFGCE_X0Y24         BUFGCE (Prop_BUFCE_BUFGCE_I_O)
                                                      0.028     1.295 r  u_bd/split_d_system_i/clk_wiz_0/inst/clkout1_buf/O
    X3Y1 (CLOCK_ROOT)    net (fo=50729, routed)       1.960     3.255    u_bd/split_d_system_i/fsa_0/inst/grp_run_fu_161/grp_runController_fu_106/grp_runQueryTile_fu_142/runQueryBlock_1_U0/grp_runAccumulatorColumns_fu_551/ap_clk
    SLICE_X156Y230       FDRE                                         r  u_bd/split_d_system_i/fsa_0/inst/grp_run_fu_161/grp_runController_fu_106/grp_runQueryTile_fu_142/runQueryBlock_1_U0/grp_runAccumulatorColumns_fu_551/icmp_ln123_reg_6488_reg[0]/C
  -------------------------------------------------------------------    -------------------
    SLICE_X156Y230       FDRE (Prop_EFF_SLICEM_C_Q)
                                                      0.076     3.331 r  u_bd/split_d_system_i/fsa_0/inst/grp_run_fu_161/grp_runController_fu_106/grp_runQueryTile_fu_142/runQueryBlock_1_U0/grp_runAccumulatorColumns_fu_551/icmp_ln123_reg_6488_reg[0]/Q
                         net (fo=44, routed)          0.301     3.632    u_bd/split_d_system_i/fsa_0/inst/grp_run_fu_161/grp_runController_fu_106/grp_runQueryTile_fu_142/runQueryBlock_1_U0/grp_runAccumulatorColumns_fu_551/icmp_ln123_reg_6488
    SLICE_X155Y228       LUT3 (Prop_A6LUT_SLICEL_I1_O)
                                                      0.050     3.682 r  u_bd/split_d_system_i/fsa_0/inst/grp_run_fu_161/grp_runController_fu_106/grp_runQueryTile_fu_142/runQueryBlock_1_U0/grp_runAccumulatorColumns_fu_551/sign_25_reg_6624[0]_i_93__0/O
                         net (fo=1, routed)           0.009     3.691    u_bd/split_d_system_i/fsa_0/inst/grp_run_fu_161/grp_runController_fu_106/grp_runQueryTile_fu_142/runQueryBlock_1_U0/grp_runAccumulatorColumns_fu_551/sign_25_reg_6624[0]_i_93__0_n_0
    SLICE_X155Y228       CARRY8 (Prop_CARRY8_SLICEL_S[0]_O[1])
                                                      0.094     3.785 r  u_bd/split_d_system_i/fsa_0/inst/grp_run_fu_161/grp_runController_fu_106/grp_runQueryTile_fu_142/runQueryBlock_1_U0/grp_runAccumulatorColumns_fu_551/sign_25_reg_6624_reg[0]_i_48__0/O[1]
                         net (fo=66, routed)          0.451     4.236    u_bd/split_d_system_i/fsa_0/inst/grp_run_fu_161/grp_runController_fu_106/grp_runQueryTile_fu_142/runQueryBlock_1_U0/grp_runAccumulatorColumns_fu_551/zext_ln60_fu_3444_p1[1]
    SLICE_X153Y227       LUT6 (Prop_B6LUT_SLICEL_I2_O)
                                                      0.098     4.334 f  u_bd/split_d_system_i/fsa_0/inst/grp_run_fu_161/grp_runController_fu_106/grp_runQueryTile_fu_142/runQueryBlock_1_U0/grp_runAccumulatorColumns_fu_551/significand_59_reg_6637[46]_i_77__0/O
                         net (fo=4, routed)           0.216     4.550    u_bd/split_d_system_i/fsa_0/inst/grp_run_fu_161/grp_runController_fu_106/grp_runQueryTile_fu_142/runQueryBlock_1_U0/grp_runAccumulatorColumns_fu_551/significand_59_reg_6637[46]_i_77__0_n_0
    SLICE_X154Y225       LUT6 (Prop_H6LUT_SLICEM_I3_O)
                                                      0.053     4.603 f  u_bd/split_d_system_i/fsa_0/inst/grp_run_fu_161/grp_runController_fu_106/grp_runQueryTile_fu_142/runQueryBlock_1_U0/grp_runAccumulatorColumns_fu_551/significand_59_reg_6637[38]_i_66__0/O
                         net (fo=2, routed)           0.457     5.060    u_bd/split_d_system_i/fsa_0/inst/grp_run_fu_161/grp_runController_fu_106/grp_runQueryTile_fu_142/runQueryBlock_1_U0/grp_runAccumulatorColumns_fu_551/significand_59_reg_6637[38]_i_66__0_n_0
    SLICE_X155Y223       LUT3 (Prop_B6LUT_SLICEL_I0_O)
                                                      0.051     5.111 f  u_bd/split_d_system_i/fsa_0/inst/grp_run_fu_161/grp_runController_fu_106/grp_runQueryTile_fu_142/runQueryBlock_1_U0/grp_runAccumulatorColumns_fu_551/significand_59_reg_6637[22]_i_47__0/O
                         net (fo=3, routed)           0.259     5.370    u_bd/split_d_system_i/fsa_0/inst/grp_run_fu_161/grp_runController_fu_106/grp_runQueryTile_fu_142/runQueryBlock_1_U0/grp_runAccumulatorColumns_fu_551/significand_59_reg_6637[22]_i_47__0_n_0
    SLICE_X156Y222       LUT6 (Prop_D6LUT_SLICEM_I0_O)
                                                      0.145     5.515 r  u_bd/split_d_system_i/fsa_0/inst/grp_run_fu_161/grp_runController_fu_106/grp_runQueryTile_fu_142/runQueryBlock_1_U0/grp_runAccumulatorColumns_fu_551/sign_25_reg_6624[0]_i_127__0/O
                         net (fo=1, routed)           0.174     5.689    u_bd/split_d_system_i/fsa_0/inst/grp_run_fu_161/grp_runController_fu_106/grp_runQueryTile_fu_142/runQueryBlock_1_U0/grp_runAccumulatorColumns_fu_551/sign_25_reg_6624[0]_i_127__0_n_0
    SLICE_X157Y222       LUT6 (Prop_H6LUT_SLICEM_I0_O)
                                                      0.090     5.779 f  u_bd/split_d_system_i/fsa_0/inst/grp_run_fu_161/grp_runController_fu_106/grp_runQueryTile_fu_142/runQueryBlock_1_U0/grp_runAccumulatorColumns_fu_551/sign_25_reg_6624[0]_i_117__0/O
                         net (fo=1, routed)           0.100     5.879    u_bd/split_d_system_i/fsa_0/inst/grp_run_fu_161/grp_runController_fu_106/grp_runQueryTile_fu_142/runQueryBlock_1_U0/grp_runAccumulatorColumns_fu_551/sign_25_reg_6624[0]_i_117__0_n_0
    SLICE_X157Y224       LUT6 (Prop_H6LUT_SLICEM_I2_O)
                                                      0.053     5.932 r  u_bd/split_d_system_i/fsa_0/inst/grp_run_fu_161/grp_runController_fu_106/grp_runQueryTile_fu_142/runQueryBlock_1_U0/grp_runAccumulatorColumns_fu_551/sign_25_reg_6624[0]_i_69__0/O
                         net (fo=1, routed)           0.133     6.065    u_bd/split_d_system_i/fsa_0/inst/grp_run_fu_161/grp_runController_fu_106/grp_runQueryTile_fu_142/runQueryBlock_1_U0/grp_runAccumulatorColumns_fu_551/sign_25_reg_6624[0]_i_69__0_n_0
    SLICE_X158Y225       CARRY8 (Prop_CARRY8_SLICEL_DI[0]_CO[7])
                                                      0.131     6.196 r  u_bd/split_d_system_i/fsa_0/inst/grp_run_fu_161/grp_runController_fu_106/grp_runQueryTile_fu_142/runQueryBlock_1_U0/grp_runAccumulatorColumns_fu_551/sign_25_reg_6624_reg[0]_i_31__0/CO[7]
                         net (fo=1, routed)           0.026     6.222    u_bd/split_d_system_i/fsa_0/inst/grp_run_fu_161/grp_runController_fu_106/grp_runQueryTile_fu_142/runQueryBlock_1_U0/grp_runAccumulatorColumns_fu_551/sign_25_reg_6624_reg[0]_i_31__0_n_0
    SLICE_X158Y226       CARRY8 (Prop_CARRY8_SLICEL_CI_CO[7])
                                                      0.015     6.237 r  u_bd/split_d_system_i/fsa_0/inst/grp_run_fu_161/grp_runController_fu_106/grp_runQueryTile_fu_142/runQueryBlock_1_U0/grp_runAccumulatorColumns_fu_551/sign_25_reg_6624_reg[0]_i_8__0/CO[7]
                         net (fo=1, routed)           0.026     6.263    u_bd/split_d_system_i/fsa_0/inst/grp_run_fu_161/grp_runController_fu_106/grp_runQueryTile_fu_142/runQueryBlock_1_U0/grp_runAccumulatorColumns_fu_551/sign_25_reg_6624_reg[0]_i_8__0_n_0
    SLICE_X158Y227       CARRY8 (Prop_CARRY8_SLICEL_CI_CO[7])
                                                      0.015     6.278 r  u_bd/split_d_system_i/fsa_0/inst/grp_run_fu_161/grp_runController_fu_106/grp_runQueryTile_fu_142/runQueryBlock_1_U0/grp_runAccumulatorColumns_fu_551/sign_25_reg_6624_reg[0]_i_3__0/CO[7]
                         net (fo=1, routed)           0.026     6.304    u_bd/split_d_system_i/fsa_0/inst/grp_run_fu_161/grp_runController_fu_106/grp_runQueryTile_fu_142/runQueryBlock_1_U0/grp_runAccumulatorColumns_fu_551/sign_25_reg_6624_reg[0]_i_3__0_n_0
    SLICE_X158Y228       CARRY8 (Prop_CARRY8_SLICEL_CI_CO[1])
                                                      0.042     6.346 r  u_bd/split_d_system_i/fsa_0/inst/grp_run_fu_161/grp_runController_fu_106/grp_runQueryTile_fu_142/runQueryBlock_1_U0/grp_runAccumulatorColumns_fu_551/sign_25_reg_6624_reg[0]_i_2__0/CO[1]
                         net (fo=53, routed)          0.247     6.593    u_bd/split_d_system_i/fsa_0/inst/grp_run_fu_161/grp_runController_fu_106/grp_runQueryTile_fu_142/runQueryBlock_1_U0/grp_runAccumulatorColumns_fu_551/icmp_ln133_fu_3890_p2
    SLICE_X157Y223       LUT2 (Prop_E6LUT_SLICEM_I1_O)
                                                      0.100     6.693 r  u_bd/split_d_system_i/fsa_0/inst/grp_run_fu_161/grp_runController_fu_106/grp_runQueryTile_fu_142/runQueryBlock_1_U0/grp_runAccumulatorColumns_fu_551/significand_59_reg_6637[6]_i_21__0/O
                         net (fo=1, routed)           0.185     6.878    u_bd/split_d_system_i/fsa_0/inst/grp_run_fu_161/grp_runController_fu_106/grp_runQueryTile_fu_142/runQueryBlock_1_U0/grp_runAccumulatorColumns_fu_551/and_ln133_fu_3914_p2
    SLICE_X157Y223       LUT6 (Prop_F6LUT_SLICEM_I0_O)
                                                      0.123     7.001 r  u_bd/split_d_system_i/fsa_0/inst/grp_run_fu_161/grp_runController_fu_106/grp_runQueryTile_fu_142/runQueryBlock_1_U0/grp_runAccumulatorColumns_fu_551/significand_59_reg_6637[6]_i_4__0/O
                         net (fo=1, routed)           0.174     7.175    u_bd/split_d_system_i/fsa_0/inst/grp_run_fu_161/grp_runController_fu_106/grp_runQueryTile_fu_142/runQueryBlock_1_U0/grp_runAccumulatorColumns_fu_551/significand_59_reg_6637[6]_i_4__0_n_0
    SLICE_X157Y225       CARRY8 (Prop_CARRY8_SLICEM_CI_CO[7])
                                                      0.153     7.328 r  u_bd/split_d_system_i/fsa_0/inst/grp_run_fu_161/grp_runController_fu_106/grp_runQueryTile_fu_142/runQueryBlock_1_U0/grp_runAccumulatorColumns_fu_551/significand_59_reg_6637_reg[6]_i_2__0/CO[7]
                         net (fo=1, routed)           0.026     7.354    u_bd/split_d_system_i/fsa_0/inst/grp_run_fu_161/grp_runController_fu_106/grp_runQueryTile_fu_142/runQueryBlock_1_U0/grp_runAccumulatorColumns_fu_551/significand_59_reg_6637_reg[6]_i_2__0_n_0
    SLICE_X157Y226       CARRY8 (Prop_CARRY8_SLICEM_CI_CO[7])
                                                      0.015     7.369 r  u_bd/split_d_system_i/fsa_0/inst/grp_run_fu_161/grp_runController_fu_106/grp_runQueryTile_fu_142/runQueryBlock_1_U0/grp_runAccumulatorColumns_fu_551/significand_59_reg_6637_reg[14]_i_2__0/CO[7]
                         net (fo=1, routed)           0.026     7.395    u_bd/split_d_system_i/fsa_0/inst/grp_run_fu_161/grp_runController_fu_106/grp_runQueryTile_fu_142/runQueryBlock_1_U0/grp_runAccumulatorColumns_fu_551/significand_59_reg_6637_reg[14]_i_2__0_n_0
    SLICE_X157Y227       CARRY8 (Prop_CARRY8_SLICEM_CI_CO[7])
                                                      0.015     7.410 r  u_bd/split_d_system_i/fsa_0/inst/grp_run_fu_161/grp_runController_fu_106/grp_runQueryTile_fu_142/runQueryBlock_1_U0/grp_runAccumulatorColumns_fu_551/significand_59_reg_6637_reg[22]_i_2__0/CO[7]
                         net (fo=1, routed)           0.026     7.436    u_bd/split_d_system_i/fsa_0/inst/grp_run_fu_161/grp_runController_fu_106/grp_runQueryTile_fu_142/runQueryBlock_1_U0/grp_runAccumulatorColumns_fu_551/significand_59_reg_6637_reg[22]_i_2__0_n_0
    SLICE_X157Y228       CARRY8 (Prop_CARRY8_SLICEM_CI_CO[7])
                                                      0.015     7.451 r  u_bd/split_d_system_i/fsa_0/inst/grp_run_fu_161/grp_runController_fu_106/grp_runQueryTile_fu_142/runQueryBlock_1_U0/grp_runAccumulatorColumns_fu_551/significand_59_reg_6637_reg[30]_i_2__0/CO[7]
                         net (fo=1, routed)           0.026     7.477    u_bd/split_d_system_i/fsa_0/inst/grp_run_fu_161/grp_runController_fu_106/grp_runQueryTile_fu_142/runQueryBlock_1_U0/grp_runAccumulatorColumns_fu_551/significand_59_reg_6637_reg[30]_i_2__0_n_0
    SLICE_X157Y229       CARRY8 (Prop_CARRY8_SLICEM_CI_CO[7])
                                                      0.015     7.492 r  u_bd/split_d_system_i/fsa_0/inst/grp_run_fu_161/grp_runController_fu_106/grp_runQueryTile_fu_142/runQueryBlock_1_U0/grp_runAccumulatorColumns_fu_551/significand_59_reg_6637_reg[38]_i_2__0/CO[7]
                         net (fo=1, routed)           0.026     7.518    u_bd/split_d_system_i/fsa_0/inst/grp_run_fu_161/grp_runController_fu_106/grp_runQueryTile_fu_142/runQueryBlock_1_U0/grp_runAccumulatorColumns_fu_551/significand_59_reg_6637_reg[38]_i_2__0_n_0
    SLICE_X157Y230       CARRY8 (Prop_CARRY8_SLICEM_CI_O[7])
                                                      0.116     7.634 r  u_bd/split_d_system_i/fsa_0/inst/grp_run_fu_161/grp_runController_fu_106/grp_runQueryTile_fu_142/runQueryBlock_1_U0/grp_runAccumulatorColumns_fu_551/significand_59_reg_6637_reg[46]_i_2__0/O[7]
                         net (fo=10, routed)          0.388     8.022    u_bd/split_d_system_i/fsa_0/inst/grp_run_fu_161/grp_runController_fu_106/grp_runQueryTile_fu_142/runQueryBlock_1_U0/grp_runAccumulatorColumns_fu_551/ctlz_51_51_1_1_U305/dout_tmp0_in[47]
    SLICE_X157Y237       LUT5 (Prop_B6LUT_SLICEM_I3_O)
                                                      0.052     8.074 f  u_bd/split_d_system_i/fsa_0/inst/grp_run_fu_161/grp_runController_fu_106/grp_runQueryTile_fu_142/runQueryBlock_1_U0/grp_runAccumulatorColumns_fu_551/ctlz_51_51_1_1_U305/significand_59_reg_6637[50]_i_82__0/O
                         net (fo=1, routed)           0.091     8.165    u_bd/split_d_system_i/fsa_0/inst/grp_run_fu_161/grp_runController_fu_106/grp_runQueryTile_fu_142/runQueryBlock_1_U0/grp_runAccumulatorColumns_fu_551/ctlz_51_51_1_1_U305/significand_59_reg_6637[50]_i_82__0_n_0
    SLICE_X157Y238       LUT5 (Prop_H6LUT_SLICEM_I2_O)
                                                      0.101     8.266 f  u_bd/split_d_system_i/fsa_0/inst/grp_run_fu_161/grp_runController_fu_106/grp_runQueryTile_fu_142/runQueryBlock_1_U0/grp_runAccumulatorColumns_fu_551/ctlz_51_51_1_1_U305/significand_59_reg_6637[50]_i_80__0/O
                         net (fo=1, routed)           0.098     8.364    u_bd/split_d_system_i/fsa_0/inst/grp_run_fu_161/grp_runController_fu_106/grp_runQueryTile_fu_142/runQueryBlock_1_U0/grp_runAccumulatorColumns_fu_551/ctlz_51_51_1_1_U305/significand_59_reg_6637[50]_i_80__0_n_0
    SLICE_X157Y237       LUT5 (Prop_D6LUT_SLICEM_I2_O)
                                                      0.122     8.486 f  u_bd/split_d_system_i/fsa_0/inst/grp_run_fu_161/grp_runController_fu_106/grp_runQueryTile_fu_142/runQueryBlock_1_U0/grp_runAccumulatorColumns_fu_551/ctlz_51_51_1_1_U305/significand_59_reg_6637[50]_i_77__0/O
                         net (fo=1, routed)           0.045     8.531    u_bd/split_d_system_i/fsa_0/inst/grp_run_fu_161/grp_runController_fu_106/grp_runQueryTile_fu_142/runQueryBlock_1_U0/grp_runAccumulatorColumns_fu_551/ctlz_51_51_1_1_U305/significand_59_reg_6637[50]_i_77__0_n_0
    SLICE_X157Y237       LUT6 (Prop_H6LUT_SLICEM_I2_O)
                                                      0.101     8.632 f  u_bd/split_d_system_i/fsa_0/inst/grp_run_fu_161/grp_runController_fu_106/grp_runQueryTile_fu_142/runQueryBlock_1_U0/grp_runAccumulatorColumns_fu_551/ctlz_51_51_1_1_U305/significand_59_reg_6637[50]_i_72__0/O
                         net (fo=1, routed)           0.206     8.838    u_bd/split_d_system_i/fsa_0/inst/grp_run_fu_161/grp_runController_fu_106/grp_runQueryTile_fu_142/runQueryBlock_1_U0/grp_runAccumulatorColumns_fu_551/ctlz_51_51_1_1_U305/significand_59_reg_6637[50]_i_72__0_n_0
    SLICE_X158Y236       LUT5 (Prop_B6LUT_SLICEL_I2_O)
                                                      0.036     8.874 f  u_bd/split_d_system_i/fsa_0/inst/grp_run_fu_161/grp_runController_fu_106/grp_runQueryTile_fu_142/runQueryBlock_1_U0/grp_runAccumulatorColumns_fu_551/ctlz_51_51_1_1_U305/significand_59_reg_6637[50]_i_65__0/O
                         net (fo=1, routed)           0.100     8.974    u_bd/split_d_system_i/fsa_0/inst/grp_run_fu_161/grp_runController_fu_106/grp_runQueryTile_fu_142/runQueryBlock_1_U0/grp_runAccumulatorColumns_fu_551/ctlz_51_51_1_1_U305/significand_59_reg_6637[50]_i_65__0_n_0
    SLICE_X158Y234       LUT5 (Prop_B6LUT_SLICEL_I2_O)
                                                      0.124     9.098 f  u_bd/split_d_system_i/fsa_0/inst/grp_run_fu_161/grp_runController_fu_106/grp_runQueryTile_fu_142/runQueryBlock_1_U0/grp_runAccumulatorColumns_fu_551/ctlz_51_51_1_1_U305/significand_59_reg_6637[50]_i_46__0/O
                         net (fo=1, routed)           0.093     9.191    u_bd/split_d_system_i/fsa_0/inst/grp_run_fu_161/grp_runController_fu_106/grp_runQueryTile_fu_142/runQueryBlock_1_U0/grp_runAccumulatorColumns_fu_551/ctlz_51_51_1_1_U305/significand_59_reg_6637[50]_i_46__0_n_0
    SLICE_X158Y233       LUT5 (Prop_B6LUT_SLICEL_I2_O)
                                                      0.124     9.315 r  u_bd/split_d_system_i/fsa_0/inst/grp_run_fu_161/grp_runController_fu_106/grp_runQueryTile_fu_142/runQueryBlock_1_U0/grp_runAccumulatorColumns_fu_551/ctlz_51_51_1_1_U305/significand_59_reg_6637[50]_i_17__0/O
                         net (fo=1, routed)           0.088     9.403    u_bd/split_d_system_i/fsa_0/inst/grp_run_fu_161/grp_runController_fu_106/grp_runQueryTile_fu_142/runQueryBlock_1_U0/grp_runAccumulatorColumns_fu_551/ctlz_51_51_1_1_U305/significand_59_reg_6637[50]_i_17__0_n_0
    SLICE_X158Y232       LUT5 (Prop_G6LUT_SLICEL_I1_O)
                                                      0.097     9.500 r  u_bd/split_d_system_i/fsa_0/inst/grp_run_fu_161/grp_runController_fu_106/grp_runQueryTile_fu_142/runQueryBlock_1_U0/grp_runAccumulatorColumns_fu_551/ctlz_51_51_1_1_U305/significand_59_reg_6637[50]_i_5__0/O
                         net (fo=53, routed)          0.219     9.719    u_bd/split_d_system_i/fsa_0/inst/grp_run_fu_161/grp_runController_fu_106/grp_runQueryTile_fu_142/runQueryBlock_1_U0/grp_runAccumulatorColumns_fu_551/distance_26_fu_3999_p3[0]
    SLICE_X158Y229       LUT2 (Prop_A6LUT_SLICEL_I0_O)
                                                      0.124     9.843 r  u_bd/split_d_system_i/fsa_0/inst/grp_run_fu_161/grp_runController_fu_106/grp_runQueryTile_fu_142/runQueryBlock_1_U0/grp_runAccumulatorColumns_fu_551/top_exponent_reg_6644[7]_i_18__0/O
                         net (fo=1, routed)           0.009     9.852    u_bd/split_d_system_i/fsa_0/inst/grp_run_fu_161/grp_runController_fu_106/grp_runQueryTile_fu_142/runQueryBlock_1_U0/grp_runAccumulatorColumns_fu_551/top_exponent_reg_6644[7]_i_18__0_n_0
    SLICE_X158Y229       CARRY8 (Prop_CARRY8_SLICEL_S[0]_O[2])
                                                      0.132     9.984 r  u_bd/split_d_system_i/fsa_0/inst/grp_run_fu_161/grp_runController_fu_106/grp_runQueryTile_fu_142/runQueryBlock_1_U0/grp_runAccumulatorColumns_fu_551/top_exponent_reg_6644_reg[7]_i_1__0/O[2]
                         net (fo=1, routed)           0.026    10.010    u_bd/split_d_system_i/fsa_0/inst/grp_run_fu_161/grp_runController_fu_106/grp_runQueryTile_fu_142/runQueryBlock_1_U0/grp_runAccumulatorColumns_fu_551/top_exponent_fu_4051_p3[2]
    SLICE_X158Y229       FDRE                                         r  u_bd/split_d_system_i/fsa_0/inst/grp_run_fu_161/grp_runController_fu_106/grp_runQueryTile_fu_142/runQueryBlock_1_U0/grp_runAccumulatorColumns_fu_551/top_exponent_reg_6644_reg[2]/D
  -------------------------------------------------------------------    -------------------

                         (clock clk_out1_split_d_system_clk_wiz_0_0 rise edge)
                                                     10.000    10.000 r  
    BH42                                              0.000    10.000 r  board_clk_p (IN)
                         net (fo=0)                   0.079    10.079    u_board_clk/I
    HPIOBDIFFINBUF_X0Y36 DIFFINBUF (Prop_DIFFINBUF_HPIOBDIFFINBUF_DIFF_IN_P_O)
                                                      0.518    10.597 r  u_board_clk/DIFFINBUF_INST/O
                         net (fo=1, routed)           0.040    10.637    u_board_clk/OUT
    BH42                 IBUFCTRL (Prop_IBUFCTRL_HPIOB_M_I_O)
                                                      0.000    10.637 r  u_board_clk/IBUFCTRL_INST/O
                         net (fo=4, routed)           0.333    10.970    u_bd/split_d_system_i/clk_wiz_0/inst/clk_in1
    MMCM_X0Y1            MMCME4_ADV (Prop_MMCM_CLKIN1_CLKOUT0)
                                                      0.630    11.600 r  u_bd/split_d_system_i/clk_wiz_0/inst/mmcme4_adv_inst/CLKOUT0
                         net (fo=1, routed)           0.215    11.815    u_bd/split_d_system_i/clk_wiz_0/inst/clk_out1_split_d_system_clk_wiz_0_0
    BUFGCE_X0Y24         BUFGCE (Prop_BUFCE_BUFGCE_I_O)
                                                      0.024    11.839 r  u_bd/split_d_system_i/clk_wiz_0/inst/clkout1_buf/O
    X3Y1 (CLOCK_ROOT)    net (fo=50729, routed)       1.751    13.589    u_bd/split_d_system_i/fsa_0/inst/grp_run_fu_161/grp_runController_fu_106/grp_runQueryTile_fu_142/runQueryBlock_1_U0/grp_runAccumulatorColumns_fu_551/ap_clk
    SLICE_X158Y229       FDRE                                         r  u_bd/split_d_system_i/fsa_0/inst/grp_run_fu_161/grp_runController_fu_106/grp_runQueryTile_fu_142/runQueryBlock_1_U0/grp_runAccumulatorColumns_fu_551/top_exponent_reg_6644_reg[2]/C
                         clock pessimism             -0.411    13.179    
                         clock uncertainty           -2.770    10.409    
    SLICE_X158Y229       FDRE (Setup_CFF_SLICEL_C_D)
                                                      0.025    10.434    u_bd/split_d_system_i/fsa_0/inst/grp_run_fu_161/grp_runController_fu_106/grp_runQueryTile_fu_142/runQueryBlock_1_U0/grp_runAccumulatorColumns_fu_551/top_exponent_reg_6644_reg[2]
  -------------------------------------------------------------------
                         required time                         10.434    
                         arrival time                         -10.010    
  -------------------------------------------------------------------
                         slack                                  0.424    

Slack (MET) :             0.427ns  (required time - arrival time)
  Source:                 u_bd/split_d_system_i/fsa_0/inst/grp_run_fu_161/grp_runController_fu_106/grp_runQueryTile_fu_142/runQueryBlock_1_U0/grp_runAccumulatorColumns_fu_551/icmp_ln123_reg_6488_reg[0]/C
                            (rising edge-triggered cell FDRE clocked by clk_out1_split_d_system_clk_wiz_0_0  {rise@0.000ns fall@5.000ns period=10.000ns})
  Destination:            u_bd/split_d_system_i/fsa_0/inst/grp_run_fu_161/grp_runController_fu_106/grp_runQueryTile_fu_142/runQueryBlock_1_U0/grp_runAccumulatorColumns_fu_551/significand_59_reg_6637_reg[23]/D
                            (rising edge-triggered cell FDRE clocked by clk_out1_split_d_system_clk_wiz_0_0  {rise@0.000ns fall@5.000ns period=10.000ns})
  Path Group:             clk_out1_split_d_system_clk_wiz_0_0
  Path Type:              Setup (Max at Slow Process Corner)
  Requirement:            10.000ns  (clk_out1_split_d_system_clk_wiz_0_0 rise@10.000ns - clk_out1_split_d_system_clk_wiz_0_0 rise@0.000ns)
  Data Path Delay:        6.750ns  (logic 2.368ns (35.084%)  route 4.382ns (64.916%))
  Logic Levels:           29  (CARRY8=11 LUT2=1 LUT3=2 LUT5=8 LUT6=7)
  Clock Path Skew:        -0.079ns (DCD - SCD + CPR)
    Destination Clock Delay (DCD):    3.587ns = ( 13.587 - 10.000 ) 
    Source Clock Delay      (SCD):    3.255ns
    Clock Pessimism Removal (CPR):    -0.411ns
  Clock Uncertainty:      2.770ns  ((TSJ^2 + DJ^2)^1/2) / 2 + PE + UU
    Total System Jitter     (TSJ):    0.071ns
    Discrete Jitter          (DJ):    0.120ns
    Phase Error              (PE):    0.000ns
    User Uncertainty         (UU):    2.700ns
  Clock Net Delay (Source):      1.960ns (routing 0.581ns, distribution 1.379ns)
  Clock Net Delay (Destination): 1.748ns (routing 0.530ns, distribution 1.218ns)

    Location             Delay type                Incr(ns)  Path(ns)    Netlist Resource(s)
  -------------------------------------------------------------------    -------------------
                         (clock clk_out1_split_d_system_clk_wiz_0_0 rise edge)
                                                      0.000     0.000 r  
    BH42                                              0.000     0.000 r  board_clk_p (IN)
                         net (fo=0)                   0.100     0.100    u_board_clk/I
    HPIOBDIFFINBUF_X0Y36 DIFFINBUF (Prop_DIFFINBUF_HPIOBDIFFINBUF_DIFF_IN_P_O)
                                                      0.615     0.715 r  u_board_clk/DIFFINBUF_INST/O
                         net (fo=1, routed)           0.050     0.765    u_board_clk/OUT
    BH42                 IBUFCTRL (Prop_IBUFCTRL_HPIOB_M_I_O)
                                                      0.000     0.765 r  u_board_clk/IBUFCTRL_INST/O
                         net (fo=4, routed)           0.384     1.149    u_bd/split_d_system_i/clk_wiz_0/inst/clk_in1
    MMCM_X0Y1            MMCME4_ADV (Prop_MMCM_CLKIN1_CLKOUT0)
                                                     -0.127     1.022 r  u_bd/split_d_system_i/clk_wiz_0/inst/mmcme4_adv_inst/CLKOUT0
                         net (fo=1, routed)           0.245     1.267    u_bd/split_d_system_i/clk_wiz_0/inst/clk_out1_split_d_system_clk_wiz_0_0
    BUFGCE_X0Y24         BUFGCE (Prop_BUFCE_BUFGCE_I_O)
                                                      0.028     1.295 r  u_bd/split_d_system_i/clk_wiz_0/inst/clkout1_buf/O
    X3Y1 (CLOCK_ROOT)    net (fo=50729, routed)       1.960     3.255    u_bd/split_d_system_i/fsa_0/inst/grp_run_fu_161/grp_runController_fu_106/grp_runQueryTile_fu_142/runQueryBlock_1_U0/grp_runAccumulatorColumns_fu_551/ap_clk
    SLICE_X156Y230       FDRE                                         r  u_bd/split_d_system_i/fsa_0/inst/grp_run_fu_161/grp_runController_fu_106/grp_runQueryTile_fu_142/runQueryBlock_1_U0/grp_runAccumulatorColumns_fu_551/icmp_ln123_reg_6488_reg[0]/C
  -------------------------------------------------------------------    -------------------
    SLICE_X156Y230       FDRE (Prop_EFF_SLICEM_C_Q)
                                                      0.076     3.331 r  u_bd/split_d_system_i/fsa_0/inst/grp_run_fu_161/grp_runController_fu_106/grp_runQueryTile_fu_142/runQueryBlock_1_U0/grp_runAccumulatorColumns_fu_551/icmp_ln123_reg_6488_reg[0]/Q
                         net (fo=44, routed)          0.301     3.632    u_bd/split_d_system_i/fsa_0/inst/grp_run_fu_161/grp_runController_fu_106/grp_runQueryTile_fu_142/runQueryBlock_1_U0/grp_runAccumulatorColumns_fu_551/icmp_ln123_reg_6488
    SLICE_X155Y228       LUT3 (Prop_A6LUT_SLICEL_I1_O)
                                                      0.050     3.682 r  u_bd/split_d_system_i/fsa_0/inst/grp_run_fu_161/grp_runController_fu_106/grp_runQueryTile_fu_142/runQueryBlock_1_U0/grp_runAccumulatorColumns_fu_551/sign_25_reg_6624[0]_i_93__0/O
                         net (fo=1, routed)           0.009     3.691    u_bd/split_d_system_i/fsa_0/inst/grp_run_fu_161/grp_runController_fu_106/grp_runQueryTile_fu_142/runQueryBlock_1_U0/grp_runAccumulatorColumns_fu_551/sign_25_reg_6624[0]_i_93__0_n_0
    SLICE_X155Y228       CARRY8 (Prop_CARRY8_SLICEL_S[0]_O[1])
                                                      0.094     3.785 r  u_bd/split_d_system_i/fsa_0/inst/grp_run_fu_161/grp_runController_fu_106/grp_runQueryTile_fu_142/runQueryBlock_1_U0/grp_runAccumulatorColumns_fu_551/sign_25_reg_6624_reg[0]_i_48__0/O[1]
                         net (fo=66, routed)          0.451     4.236    u_bd/split_d_system_i/fsa_0/inst/grp_run_fu_161/grp_runController_fu_106/grp_runQueryTile_fu_142/runQueryBlock_1_U0/grp_runAccumulatorColumns_fu_551/zext_ln60_fu_3444_p1[1]
    SLICE_X153Y227       LUT6 (Prop_B6LUT_SLICEL_I2_O)
                                                      0.098     4.334 f  u_bd/split_d_system_i/fsa_0/inst/grp_run_fu_161/grp_runController_fu_106/grp_runQueryTile_fu_142/runQueryBlock_1_U0/grp_runAccumulatorColumns_fu_551/significand_59_reg_6637[46]_i_77__0/O
                         net (fo=4, routed)           0.216     4.550    u_bd/split_d_system_i/fsa_0/inst/grp_run_fu_161/grp_runController_fu_106/grp_runQueryTile_fu_142/runQueryBlock_1_U0/grp_runAccumulatorColumns_fu_551/significand_59_reg_6637[46]_i_77__0_n_0
    SLICE_X154Y225       LUT6 (Prop_H6LUT_SLICEM_I3_O)
                                                      0.053     4.603 f  u_bd/split_d_system_i/fsa_0/inst/grp_run_fu_161/grp_runController_fu_106/grp_runQueryTile_fu_142/runQueryBlock_1_U0/grp_runAccumulatorColumns_fu_551/significand_59_reg_6637[38]_i_66__0/O
                         net (fo=2, routed)           0.457     5.060    u_bd/split_d_system_i/fsa_0/inst/grp_run_fu_161/grp_runController_fu_106/grp_runQueryTile_fu_142/runQueryBlock_1_U0/grp_runAccumulatorColumns_fu_551/significand_59_reg_6637[38]_i_66__0_n_0
    SLICE_X155Y223       LUT3 (Prop_B6LUT_SLICEL_I0_O)
                                                      0.051     5.111 f  u_bd/split_d_system_i/fsa_0/inst/grp_run_fu_161/grp_runController_fu_106/grp_runQueryTile_fu_142/runQueryBlock_1_U0/grp_runAccumulatorColumns_fu_551/significand_59_reg_6637[22]_i_47__0/O
                         net (fo=3, routed)           0.259     5.370    u_bd/split_d_system_i/fsa_0/inst/grp_run_fu_161/grp_runController_fu_106/grp_runQueryTile_fu_142/runQueryBlock_1_U0/grp_runAccumulatorColumns_fu_551/significand_59_reg_6637[22]_i_47__0_n_0
    SLICE_X156Y222       LUT6 (Prop_D6LUT_SLICEM_I0_O)
                                                      0.145     5.515 r  u_bd/split_d_system_i/fsa_0/inst/grp_run_fu_161/grp_runController_fu_106/grp_runQueryTile_fu_142/runQueryBlock_1_U0/grp_runAccumulatorColumns_fu_551/sign_25_reg_6624[0]_i_127__0/O
                         net (fo=1, routed)           0.174     5.689    u_bd/split_d_system_i/fsa_0/inst/grp_run_fu_161/grp_runController_fu_106/grp_runQueryTile_fu_142/runQueryBlock_1_U0/grp_runAccumulatorColumns_fu_551/sign_25_reg_6624[0]_i_127__0_n_0
    SLICE_X157Y222       LUT6 (Prop_H6LUT_SLICEM_I0_O)
                                                      0.090     5.779 f  u_bd/split_d_system_i/fsa_0/inst/grp_run_fu_161/grp_runController_fu_106/grp_runQueryTile_fu_142/runQueryBlock_1_U0/grp_runAccumulatorColumns_fu_551/sign_25_reg_6624[0]_i_117__0/O
                         net (fo=1, routed)           0.100     5.879    u_bd/split_d_system_i/fsa_0/inst/grp_run_fu_161/grp_runController_fu_106/grp_runQueryTile_fu_142/runQueryBlock_1_U0/grp_runAccumulatorColumns_fu_551/sign_25_reg_6624[0]_i_117__0_n_0
    SLICE_X157Y224       LUT6 (Prop_H6LUT_SLICEM_I2_O)
                                                      0.053     5.932 r  u_bd/split_d_system_i/fsa_0/inst/grp_run_fu_161/grp_runController_fu_106/grp_runQueryTile_fu_142/runQueryBlock_1_U0/grp_runAccumulatorColumns_fu_551/sign_25_reg_6624[0]_i_69__0/O
                         net (fo=1, routed)           0.133     6.065    u_bd/split_d_system_i/fsa_0/inst/grp_run_fu_161/grp_runController_fu_106/grp_runQueryTile_fu_142/runQueryBlock_1_U0/grp_runAccumulatorColumns_fu_551/sign_25_reg_6624[0]_i_69__0_n_0
    SLICE_X158Y225       CARRY8 (Prop_CARRY8_SLICEL_DI[0]_CO[7])
                                                      0.131     6.196 r  u_bd/split_d_system_i/fsa_0/inst/grp_run_fu_161/grp_runController_fu_106/grp_runQueryTile_fu_142/runQueryBlock_1_U0/grp_runAccumulatorColumns_fu_551/sign_25_reg_6624_reg[0]_i_31__0/CO[7]
                         net (fo=1, routed)           0.026     6.222    u_bd/split_d_system_i/fsa_0/inst/grp_run_fu_161/grp_runController_fu_106/grp_runQueryTile_fu_142/runQueryBlock_1_U0/grp_runAccumulatorColumns_fu_551/sign_25_reg_6624_reg[0]_i_31__0_n_0
    SLICE_X158Y226       CARRY8 (Prop_CARRY8_SLICEL_CI_CO[7])
                                                      0.015     6.237 r  u_bd/split_d_system_i/fsa_0/inst/grp_run_fu_161/grp_runController_fu_106/grp_runQueryTile_fu_142/runQueryBlock_1_U0/grp_runAccumulatorColumns_fu_551/sign_25_reg_6624_reg[0]_i_8__0/CO[7]
                         net (fo=1, routed)           0.026     6.263    u_bd/split_d_system_i/fsa_0/inst/grp_run_fu_161/grp_runController_fu_106/grp_runQueryTile_fu_142/runQueryBlock_1_U0/grp_runAccumulatorColumns_fu_551/sign_25_reg_6624_reg[0]_i_8__0_n_0
    SLICE_X158Y227       CARRY8 (Prop_CARRY8_SLICEL_CI_CO[7])
                                                      0.015     6.278 r  u_bd/split_d_system_i/fsa_0/inst/grp_run_fu_161/grp_runController_fu_106/grp_runQueryTile_fu_142/runQueryBlock_1_U0/grp_runAccumulatorColumns_fu_551/sign_25_reg_6624_reg[0]_i_3__0/CO[7]
                         net (fo=1, routed)           0.026     6.304    u_bd/split_d_system_i/fsa_0/inst/grp_run_fu_161/grp_runController_fu_106/grp_runQueryTile_fu_142/runQueryBlock_1_U0/grp_runAccumulatorColumns_fu_551/sign_25_reg_6624_reg[0]_i_3__0_n_0
    SLICE_X158Y228       CARRY8 (Prop_CARRY8_SLICEL_CI_CO[1])
                                                      0.042     6.346 r  u_bd/split_d_system_i/fsa_0/inst/grp_run_fu_161/grp_runController_fu_106/grp_runQueryTile_fu_142/runQueryBlock_1_U0/grp_runAccumulatorColumns_fu_551/sign_25_reg_6624_reg[0]_i_2__0/CO[1]
                         net (fo=53, routed)          0.247     6.593    u_bd/split_d_system_i/fsa_0/inst/grp_run_fu_161/grp_runController_fu_106/grp_runQueryTile_fu_142/runQueryBlock_1_U0/grp_runAccumulatorColumns_fu_551/icmp_ln133_fu_3890_p2
    SLICE_X157Y223       LUT2 (Prop_E6LUT_SLICEM_I1_O)
                                                      0.100     6.693 r  u_bd/split_d_system_i/fsa_0/inst/grp_run_fu_161/grp_runController_fu_106/grp_runQueryTile_fu_142/runQueryBlock_1_U0/grp_runAccumulatorColumns_fu_551/significand_59_reg_6637[6]_i_21__0/O
                         net (fo=1, routed)           0.185     6.878    u_bd/split_d_system_i/fsa_0/inst/grp_run_fu_161/grp_runController_fu_106/grp_runQueryTile_fu_142/runQueryBlock_1_U0/grp_runAccumulatorColumns_fu_551/and_ln133_fu_3914_p2
    SLICE_X157Y223       LUT6 (Prop_F6LUT_SLICEM_I0_O)
                                                      0.123     7.001 r  u_bd/split_d_system_i/fsa_0/inst/grp_run_fu_161/grp_runController_fu_106/grp_runQueryTile_fu_142/runQueryBlock_1_U0/grp_runAccumulatorColumns_fu_551/significand_59_reg_6637[6]_i_4__0/O
                         net (fo=1, routed)           0.174     7.175    u_bd/split_d_system_i/fsa_0/inst/grp_run_fu_161/grp_runController_fu_106/grp_runQueryTile_fu_142/runQueryBlock_1_U0/grp_runAccumulatorColumns_fu_551/significand_59_reg_6637[6]_i_4__0_n_0
    SLICE_X157Y225       CARRY8 (Prop_CARRY8_SLICEM_CI_CO[7])
                                                      0.153     7.328 r  u_bd/split_d_system_i/fsa_0/inst/grp_run_fu_161/grp_runController_fu_106/grp_runQueryTile_fu_142/runQueryBlock_1_U0/grp_runAccumulatorColumns_fu_551/significand_59_reg_6637_reg[6]_i_2__0/CO[7]
                         net (fo=1, routed)           0.026     7.354    u_bd/split_d_system_i/fsa_0/inst/grp_run_fu_161/grp_runController_fu_106/grp_runQueryTile_fu_142/runQueryBlock_1_U0/grp_runAccumulatorColumns_fu_551/significand_59_reg_6637_reg[6]_i_2__0_n_0
    SLICE_X157Y226       CARRY8 (Prop_CARRY8_SLICEM_CI_CO[7])
                                                      0.015     7.369 r  u_bd/split_d_system_i/fsa_0/inst/grp_run_fu_161/grp_runController_fu_106/grp_runQueryTile_fu_142/runQueryBlock_1_U0/grp_runAccumulatorColumns_fu_551/significand_59_reg_6637_reg[14]_i_2__0/CO[7]
                         net (fo=1, routed)           0.026     7.395    u_bd/split_d_system_i/fsa_0/inst/grp_run_fu_161/grp_runController_fu_106/grp_runQueryTile_fu_142/runQueryBlock_1_U0/grp_runAccumulatorColumns_fu_551/significand_59_reg_6637_reg[14]_i_2__0_n_0
    SLICE_X157Y227       CARRY8 (Prop_CARRY8_SLICEM_CI_CO[7])
                                                      0.015     7.410 r  u_bd/split_d_system_i/fsa_0/inst/grp_run_fu_161/grp_runController_fu_106/grp_runQueryTile_fu_142/runQueryBlock_1_U0/grp_runAccumulatorColumns_fu_551/significand_59_reg_6637_reg[22]_i_2__0/CO[7]
                         net (fo=1, routed)           0.026     7.436    u_bd/split_d_system_i/fsa_0/inst/grp_run_fu_161/grp_runController_fu_106/grp_runQueryTile_fu_142/runQueryBlock_1_U0/grp_runAccumulatorColumns_fu_551/significand_59_reg_6637_reg[22]_i_2__0_n_0
    SLICE_X157Y228       CARRY8 (Prop_CARRY8_SLICEM_CI_CO[7])
                                                      0.015     7.451 r  u_bd/split_d_system_i/fsa_0/inst/grp_run_fu_161/grp_runController_fu_106/grp_runQueryTile_fu_142/runQueryBlock_1_U0/grp_runAccumulatorColumns_fu_551/significand_59_reg_6637_reg[30]_i_2__0/CO[7]
                         net (fo=1, routed)           0.026     7.477    u_bd/split_d_system_i/fsa_0/inst/grp_run_fu_161/grp_runController_fu_106/grp_runQueryTile_fu_142/runQueryBlock_1_U0/grp_runAccumulatorColumns_fu_551/significand_59_reg_6637_reg[30]_i_2__0_n_0
    SLICE_X157Y229       CARRY8 (Prop_CARRY8_SLICEM_CI_CO[7])
                                                      0.015     7.492 r  u_bd/split_d_system_i/fsa_0/inst/grp_run_fu_161/grp_runController_fu_106/grp_runQueryTile_fu_142/runQueryBlock_1_U0/grp_runAccumulatorColumns_fu_551/significand_59_reg_6637_reg[38]_i_2__0/CO[7]
                         net (fo=1, routed)           0.026     7.518    u_bd/split_d_system_i/fsa_0/inst/grp_run_fu_161/grp_runController_fu_106/grp_runQueryTile_fu_142/runQueryBlock_1_U0/grp_runAccumulatorColumns_fu_551/significand_59_reg_6637_reg[38]_i_2__0_n_0
    SLICE_X157Y230       CARRY8 (Prop_CARRY8_SLICEM_CI_O[7])
                                                      0.116     7.634 r  u_bd/split_d_system_i/fsa_0/inst/grp_run_fu_161/grp_runController_fu_106/grp_runQueryTile_fu_142/runQueryBlock_1_U0/grp_runAccumulatorColumns_fu_551/significand_59_reg_6637_reg[46]_i_2__0/O[7]
                         net (fo=10, routed)          0.388     8.022    u_bd/split_d_system_i/fsa_0/inst/grp_run_fu_161/grp_runController_fu_106/grp_runQueryTile_fu_142/runQueryBlock_1_U0/grp_runAccumulatorColumns_fu_551/ctlz_51_51_1_1_U305/dout_tmp0_in[47]
    SLICE_X157Y237       LUT5 (Prop_B6LUT_SLICEM_I3_O)
                                                      0.052     8.074 f  u_bd/split_d_system_i/fsa_0/inst/grp_run_fu_161/grp_runController_fu_106/grp_runQueryTile_fu_142/runQueryBlock_1_U0/grp_runAccumulatorColumns_fu_551/ctlz_51_51_1_1_U305/significand_59_reg_6637[50]_i_82__0/O
                         net (fo=1, routed)           0.091     8.165    u_bd/split_d_system_i/fsa_0/inst/grp_run_fu_161/grp_runController_fu_106/grp_runQueryTile_fu_142/runQueryBlock_1_U0/grp_runAccumulatorColumns_fu_551/ctlz_51_51_1_1_U305/significand_59_reg_6637[50]_i_82__0_n_0
    SLICE_X157Y238       LUT5 (Prop_H6LUT_SLICEM_I2_O)
                                                      0.101     8.266 f  u_bd/split_d_system_i/fsa_0/inst/grp_run_fu_161/grp_runController_fu_106/grp_runQueryTile_fu_142/runQueryBlock_1_U0/grp_runAccumulatorColumns_fu_551/ctlz_51_51_1_1_U305/significand_59_reg_6637[50]_i_80__0/O
                         net (fo=1, routed)           0.098     8.364    u_bd/split_d_system_i/fsa_0/inst/grp_run_fu_161/grp_runController_fu_106/grp_runQueryTile_fu_142/runQueryBlock_1_U0/grp_runAccumulatorColumns_fu_551/ctlz_51_51_1_1_U305/significand_59_reg_6637[50]_i_80__0_n_0
    SLICE_X157Y237       LUT5 (Prop_D6LUT_SLICEM_I2_O)
                                                      0.122     8.486 f  u_bd/split_d_system_i/fsa_0/inst/grp_run_fu_161/grp_runController_fu_106/grp_runQueryTile_fu_142/runQueryBlock_1_U0/grp_runAccumulatorColumns_fu_551/ctlz_51_51_1_1_U305/significand_59_reg_6637[50]_i_77__0/O
                         net (fo=1, routed)           0.045     8.531    u_bd/split_d_system_i/fsa_0/inst/grp_run_fu_161/grp_runController_fu_106/grp_runQueryTile_fu_142/runQueryBlock_1_U0/grp_runAccumulatorColumns_fu_551/ctlz_51_51_1_1_U305/significand_59_reg_6637[50]_i_77__0_n_0
    SLICE_X157Y237       LUT6 (Prop_H6LUT_SLICEM_I2_O)
                                                      0.101     8.632 f  u_bd/split_d_system_i/fsa_0/inst/grp_run_fu_161/grp_runController_fu_106/grp_runQueryTile_fu_142/runQueryBlock_1_U0/grp_runAccumulatorColumns_fu_551/ctlz_51_51_1_1_U305/significand_59_reg_6637[50]_i_72__0/O
                         net (fo=1, routed)           0.206     8.838    u_bd/split_d_system_i/fsa_0/inst/grp_run_fu_161/grp_runController_fu_106/grp_runQueryTile_fu_142/runQueryBlock_1_U0/grp_runAccumulatorColumns_fu_551/ctlz_51_51_1_1_U305/significand_59_reg_6637[50]_i_72__0_n_0
    SLICE_X158Y236       LUT5 (Prop_B6LUT_SLICEL_I2_O)
                                                      0.036     8.874 f  u_bd/split_d_system_i/fsa_0/inst/grp_run_fu_161/grp_runController_fu_106/grp_runQueryTile_fu_142/runQueryBlock_1_U0/grp_runAccumulatorColumns_fu_551/ctlz_51_51_1_1_U305/significand_59_reg_6637[50]_i_65__0/O
                         net (fo=1, routed)           0.100     8.974    u_bd/split_d_system_i/fsa_0/inst/grp_run_fu_161/grp_runController_fu_106/grp_runQueryTile_fu_142/runQueryBlock_1_U0/grp_runAccumulatorColumns_fu_551/ctlz_51_51_1_1_U305/significand_59_reg_6637[50]_i_65__0_n_0
    SLICE_X158Y234       LUT5 (Prop_B6LUT_SLICEL_I2_O)
                                                      0.124     9.098 f  u_bd/split_d_system_i/fsa_0/inst/grp_run_fu_161/grp_runController_fu_106/grp_runQueryTile_fu_142/runQueryBlock_1_U0/grp_runAccumulatorColumns_fu_551/ctlz_51_51_1_1_U305/significand_59_reg_6637[50]_i_46__0/O
                         net (fo=1, routed)           0.093     9.191    u_bd/split_d_system_i/fsa_0/inst/grp_run_fu_161/grp_runController_fu_106/grp_runQueryTile_fu_142/runQueryBlock_1_U0/grp_runAccumulatorColumns_fu_551/ctlz_51_51_1_1_U305/significand_59_reg_6637[50]_i_46__0_n_0
    SLICE_X158Y233       LUT5 (Prop_B6LUT_SLICEL_I2_O)
                                                      0.124     9.315 r  u_bd/split_d_system_i/fsa_0/inst/grp_run_fu_161/grp_runController_fu_106/grp_runQueryTile_fu_142/runQueryBlock_1_U0/grp_runAccumulatorColumns_fu_551/ctlz_51_51_1_1_U305/significand_59_reg_6637[50]_i_17__0/O
                         net (fo=1, routed)           0.088     9.403    u_bd/split_d_system_i/fsa_0/inst/grp_run_fu_161/grp_runController_fu_106/grp_runQueryTile_fu_142/runQueryBlock_1_U0/grp_runAccumulatorColumns_fu_551/ctlz_51_51_1_1_U305/significand_59_reg_6637[50]_i_17__0_n_0
    SLICE_X158Y232       LUT5 (Prop_G6LUT_SLICEL_I1_O)
                                                      0.097     9.500 r  u_bd/split_d_system_i/fsa_0/inst/grp_run_fu_161/grp_runController_fu_106/grp_runQueryTile_fu_142/runQueryBlock_1_U0/grp_runAccumulatorColumns_fu_551/ctlz_51_51_1_1_U305/significand_59_reg_6637[50]_i_5__0/O
                         net (fo=53, routed)          0.309     9.808    u_bd/split_d_system_i/fsa_0/inst/grp_run_fu_161/grp_runController_fu_106/grp_runQueryTile_fu_142/runQueryBlock_1_U0/grp_runAccumulatorColumns_fu_551/distance_26_fu_3999_p3[0]
    SLICE_X160Y229       LUT5 (Prop_C6LUT_SLICEL_I3_O)
                                                      0.146     9.954 r  u_bd/split_d_system_i/fsa_0/inst/grp_run_fu_161/grp_runController_fu_106/grp_runQueryTile_fu_142/runQueryBlock_1_U0/grp_runAccumulatorColumns_fu_551/significand_59_reg_6637[23]_i_1__0/O
                         net (fo=1, routed)           0.050    10.004    u_bd/split_d_system_i/fsa_0/inst/grp_run_fu_161/grp_runController_fu_106/grp_runQueryTile_fu_142/runQueryBlock_1_U0/grp_runAccumulatorColumns_fu_551/significand_59_fu_4043_p3[23]
    SLICE_X160Y229       FDRE                                         r  u_bd/split_d_system_i/fsa_0/inst/grp_run_fu_161/grp_runController_fu_106/grp_runQueryTile_fu_142/runQueryBlock_1_U0/grp_runAccumulatorColumns_fu_551/significand_59_reg_6637_reg[23]/D
  -------------------------------------------------------------------    -------------------

                         (clock clk_out1_split_d_system_clk_wiz_0_0 rise edge)
                                                     10.000    10.000 r  
    BH42                                              0.000    10.000 r  board_clk_p (IN)
                         net (fo=0)                   0.079    10.079    u_board_clk/I
    HPIOBDIFFINBUF_X0Y36 DIFFINBUF (Prop_DIFFINBUF_HPIOBDIFFINBUF_DIFF_IN_P_O)
                                                      0.518    10.597 r  u_board_clk/DIFFINBUF_INST/O
                         net (fo=1, routed)           0.040    10.637    u_board_clk/OUT
    BH42                 IBUFCTRL (Prop_IBUFCTRL_HPIOB_M_I_O)
                                                      0.000    10.637 r  u_board_clk/IBUFCTRL_INST/O
                         net (fo=4, routed)           0.333    10.970    u_bd/split_d_system_i/clk_wiz_0/inst/clk_in1
    MMCM_X0Y1            MMCME4_ADV (Prop_MMCM_CLKIN1_CLKOUT0)
                                                      0.630    11.600 r  u_bd/split_d_system_i/clk_wiz_0/inst/mmcme4_adv_inst/CLKOUT0
                         net (fo=1, routed)           0.215    11.815    u_bd/split_d_system_i/clk_wiz_0/inst/clk_out1_split_d_system_clk_wiz_0_0
    BUFGCE_X0Y24         BUFGCE (Prop_BUFCE_BUFGCE_I_O)
                                                      0.024    11.839 r  u_bd/split_d_system_i/clk_wiz_0/inst/clkout1_buf/O
    X3Y1 (CLOCK_ROOT)    net (fo=50729, routed)       1.748    13.587    u_bd/split_d_system_i/fsa_0/inst/grp_run_fu_161/grp_runController_fu_106/grp_runQueryTile_fu_142/runQueryBlock_1_U0/grp_runAccumulatorColumns_fu_551/ap_clk
    SLICE_X160Y229       FDRE                                         r  u_bd/split_d_system_i/fsa_0/inst/grp_run_fu_161/grp_runController_fu_106/grp_runQueryTile_fu_142/runQueryBlock_1_U0/grp_runAccumulatorColumns_fu_551/significand_59_reg_6637_reg[23]/C
                         clock pessimism             -0.411    13.176    
                         clock uncertainty           -2.770    10.406    
    SLICE_X160Y229       FDRE (Setup_CFF_SLICEL_C_D)
                                                      0.025    10.431    u_bd/split_d_system_i/fsa_0/inst/grp_run_fu_161/grp_runController_fu_106/grp_runQueryTile_fu_142/runQueryBlock_1_U0/grp_runAccumulatorColumns_fu_551/significand_59_reg_6637_reg[23]
  -------------------------------------------------------------------
                         required time                         10.431    
                         arrival time                         -10.004    
  -------------------------------------------------------------------
                         slack                                  0.427    

Slack (MET) :             0.430ns  (required time - arrival time)
  Source:                 <hidden>
                            (rising edge-triggered cell FDRE clocked by clk_out1_split_d_system_clk_wiz_0_0  {rise@0.000ns fall@5.000ns period=10.000ns})
  Destination:            u_bd/split_d_system_i/fsa_0/inst/grp_run_fu_161/grp_runController_fu_106/grp_runQueryTile_fu_142/runQueryBlock_0_U0/grp_runQueryBlock_0_Outline_VITIS_LOOP_117_5_fu_168/acc_b_6_reg_2864_reg[30]/D
                            (rising edge-triggered cell FDRE clocked by clk_out1_split_d_system_clk_wiz_0_0  {rise@0.000ns fall@5.000ns period=10.000ns})
  Path Group:             clk_out1_split_d_system_clk_wiz_0_0
  Path Type:              Setup (Max at Slow Process Corner)
  Requirement:            10.000ns  (clk_out1_split_d_system_clk_wiz_0_0 rise@10.000ns - clk_out1_split_d_system_clk_wiz_0_0 rise@0.000ns)
  Data Path Delay:        6.750ns  (logic 4.414ns (65.397%)  route 2.336ns (34.603%))
  Logic Levels:           20  (CARRY8=1 DSP_A_B_DATA=1 DSP_ALU=2 DSP_C_DATA=1 DSP_M_DATA=1 DSP_MULTIPLIER=1 DSP_OUTPUT=2 DSP_PREADD=1 DSP_PREADD_DATA=2 LUT3=2 LUT5=4 LUT6=2)
  Clock Path Skew:        -0.076ns (DCD - SCD + CPR)
    Destination Clock Delay (DCD):    3.413ns = ( 13.413 - 10.000 ) 
    Source Clock Delay      (SCD):    3.059ns
    Clock Pessimism Removal (CPR):    -0.430ns
  Clock Uncertainty:      2.770ns  ((TSJ^2 + DJ^2)^1/2) / 2 + PE + UU
    Total System Jitter     (TSJ):    0.071ns
    Discrete Jitter          (DJ):    0.120ns
    Phase Error              (PE):    0.000ns
    User Uncertainty         (UU):    2.700ns
  Clock Net Delay (Source):      1.764ns (routing 0.581ns, distribution 1.183ns)
  Clock Net Delay (Destination): 1.575ns (routing 0.530ns, distribution 1.045ns)

    Location             Delay type                Incr(ns)  Path(ns)    Netlist Resource(s)
  -------------------------------------------------------------------    -------------------
                         (clock clk_out1_split_d_system_clk_wiz_0_0 rise edge)
                                                      0.000     0.000 r  
    BH42                                              0.000     0.000 r  board_clk_p (IN)
                         net (fo=0)                   0.100     0.100    u_board_clk/I
    HPIOBDIFFINBUF_X0Y36 DIFFINBUF (Prop_DIFFINBUF_HPIOBDIFFINBUF_DIFF_IN_P_O)
                                                      0.615     0.715 r  u_board_clk/DIFFINBUF_INST/O
                         net (fo=1, routed)           0.050     0.765    u_board_clk/OUT
    BH42                 IBUFCTRL (Prop_IBUFCTRL_HPIOB_M_I_O)
                                                      0.000     0.765 r  u_board_clk/IBUFCTRL_INST/O
                         net (fo=4, routed)           0.384     1.149    u_bd/split_d_system_i/clk_wiz_0/inst/clk_in1
    MMCM_X0Y1            MMCME4_ADV (Prop_MMCM_CLKIN1_CLKOUT0)
                                                     -0.127     1.022 r  u_bd/split_d_system_i/clk_wiz_0/inst/mmcme4_adv_inst/CLKOUT0
                         net (fo=1, routed)           0.245     1.267    u_bd/split_d_system_i/clk_wiz_0/inst/clk_out1_split_d_system_clk_wiz_0_0
    BUFGCE_X0Y24         BUFGCE (Prop_BUFCE_BUFGCE_I_O)
                                                      0.028     1.295 r  u_bd/split_d_system_i/clk_wiz_0/inst/clkout1_buf/O
    X3Y1 (CLOCK_ROOT)    net (fo=50729, routed)       1.764     3.059    <hidden>
    SLICE_X62Y220        FDRE                                         r  <hidden>
  -------------------------------------------------------------------    -------------------
    SLICE_X62Y220        FDRE (Prop_HFF_SLICEL_C_Q)
                                                      0.079     3.138 r  <hidden>
                         net (fo=54, routed)          0.360     3.498    <hidden>
    SLICE_X60Y216        LUT3 (Prop_H6LUT_SLICEM_I1_O)
                                                      0.053     3.551 r  <hidden>
                         net (fo=2, routed)           0.279     3.830    <hidden>
    DSP48E2_X8Y80        DSP_A_B_DATA (Prop_DSP_A_B_DATA_DSP48E2_A[19]_A2_DATA[19])
                                                      0.192     4.022 f  <hidden>
                         net (fo=1, routed)           0.000     4.022    <hidden>
    DSP48E2_X8Y80        DSP_PREADD_DATA (Prop_DSP_PREADD_DATA_DSP48E2_A2_DATA[19]_PREADD_AB[19])
                                                      0.124     4.146 r  <hidden>
                         net (fo=1, routed)           0.000     4.146    <hidden>
    DSP48E2_X8Y80        DSP_PREADD (Prop_DSP_PREADD_DSP48E2_PREADD_AB[19]_AD[26])
                                                      0.488     4.634 f  <hidden>
                         net (fo=1, routed)           0.000     4.634    <hidden>
    DSP48E2_X8Y80        DSP_PREADD_DATA (Prop_DSP_PREADD_DATA_DSP48E2_AD[26]_AD_DATA[26])
                                                      0.050     4.684 r  <hidden>
                         net (fo=1, routed)           0.000     4.684    <hidden>
    DSP48E2_X8Y80        DSP_MULTIPLIER (Prop_DSP_MULTIPLIER_DSP48E2_AD_DATA[26]_U[43])
                                                      0.612     5.296 f  <hidden>
                         net (fo=1, routed)           0.000     5.296    <hidden>
    DSP48E2_X8Y80        DSP_M_DATA (Prop_DSP_M_DATA_DSP48E2_U[43]_U_DATA[43])
                                                      0.047     5.343 r  <hidden>
                         net (fo=1, routed)           0.000     5.343    <hidden>
    DSP48E2_X8Y80        DSP_ALU (Prop_DSP_ALU_DSP48E2_U_DATA[43]_ALU_OUT[47])
                                                      0.585     5.928 r  <hidden>
                         net (fo=1, routed)           0.000     5.928    <hidden>
    DSP48E2_X8Y80        DSP_OUTPUT (Prop_DSP_OUTPUT_DSP48E2_ALU_OUT[47]_PATTERN_DETECT)
                                                      0.363     6.291 r  <hidden>
                         net (fo=59, routed)          0.340     6.631    <hidden>
    SLICE_X59Y218        LUT5 (Prop_B6LUT_SLICEL_I3_O)
                                                      0.148     6.779 r  <hidden>
                         net (fo=1, routed)           0.009     6.788    <hidden>
    SLICE_X59Y218        CARRY8 (Prop_CARRY8_SLICEL_S[1]_CO[3])
                                                      0.180     6.968 r  <hidden>
                         net (fo=20, routed)          0.305     7.273    <hidden>
    SLICE_X58Y218        LUT6 (Prop_G6LUT_SLICEL_I2_O)
                                                      0.123     7.396 f  <hidden>
                         net (fo=2, routed)           0.145     7.541    <hidden>
    SLICE_X58Y219        LUT6 (Prop_H6LUT_SLICEL_I0_O)
                                                      0.124     7.665 r  <hidden>
                         net (fo=4, routed)           0.140     7.804    <hidden>
    SLICE_X59Y219        LUT5 (Prop_D6LUT_SLICEL_I3_O)
                                                      0.122     7.926 f  <hidden>
                         net (fo=3, routed)           0.102     8.028    <hidden>
    SLICE_X59Y220        LUT5 (Prop_D5LUT_SLICEL_I2_O)
                                                      0.157     8.185 r  <hidden>
                         net (fo=3, routed)           0.172     8.357    <hidden>
    SLICE_X60Y220        LUT3 (Prop_G5LUT_SLICEM_I1_O)
                                                      0.068     8.425 r  <hidden>
                         net (fo=1, routed)           0.277     8.702    <hidden>
    DSP48E2_X8Y81        DSP_C_DATA (Prop_DSP_C_DATA_DSP48E2_C[33]_C_DATA[33])
                                                      0.105     8.807 r  <hidden>
                         net (fo=2, routed)           0.000     8.807    <hidden>
    DSP48E2_X8Y81        DSP_ALU (Prop_DSP_ALU_DSP48E2_C_DATA[33]_ALU_OUT[34])
                                                      0.585     9.392 f  <hidden>
                         net (fo=1, routed)           0.000     9.392    <hidden>
    DSP48E2_X8Y81        DSP_OUTPUT (Prop_DSP_OUTPUT_DSP48E2_ALU_OUT[34]_P[34])
                                                      0.109     9.501 r  <hidden>
                         net (fo=1, routed)           0.154     9.655    <hidden>
    SLICE_X60Y219        LUT5 (Prop_A6LUT_SLICEM_I4_O)
                                                      0.100     9.755 r  <hidden>
                         net (fo=1, routed)           0.053     9.808    u_bd/split_d_system_i/fsa_0/inst/grp_run_fu_161/grp_runController_fu_106/grp_runQueryTile_fu_142/runQueryBlock_0_U0/grp_runQueryBlock_0_Outline_VITIS_LOOP_117_5_fu_168/grp_fu_884_p2[30]
    SLICE_X60Y219        FDRE                                         r  u_bd/split_d_system_i/fsa_0/inst/grp_run_fu_161/grp_runController_fu_106/grp_runQueryTile_fu_142/runQueryBlock_0_U0/grp_runQueryBlock_0_Outline_VITIS_LOOP_117_5_fu_168/acc_b_6_reg_2864_reg[30]/D
  -------------------------------------------------------------------    -------------------

                         (clock clk_out1_split_d_system_clk_wiz_0_0 rise edge)
                                                     10.000    10.000 r  
    BH42                                              0.000    10.000 r  board_clk_p (IN)
                         net (fo=0)                   0.079    10.079    u_board_clk/I
    HPIOBDIFFINBUF_X0Y36 DIFFINBUF (Prop_DIFFINBUF_HPIOBDIFFINBUF_DIFF_IN_P_O)
                                                      0.518    10.597 r  u_board_clk/DIFFINBUF_INST/O
                         net (fo=1, routed)           0.040    10.637    u_board_clk/OUT
    BH42                 IBUFCTRL (Prop_IBUFCTRL_HPIOB_M_I_O)
                                                      0.000    10.637 r  u_board_clk/IBUFCTRL_INST/O
                         net (fo=4, routed)           0.333    10.970    u_bd/split_d_system_i/clk_wiz_0/inst/clk_in1
    MMCM_X0Y1            MMCME4_ADV (Prop_MMCM_CLKIN1_CLKOUT0)
                                                      0.630    11.600 r  u_bd/split_d_system_i/clk_wiz_0/inst/mmcme4_adv_inst/CLKOUT0
                         net (fo=1, routed)           0.215    11.815    u_bd/split_d_system_i/clk_wiz_0/inst/clk_out1_split_d_system_clk_wiz_0_0
    BUFGCE_X0Y24         BUFGCE (Prop_BUFCE_BUFGCE_I_O)
                                                      0.024    11.839 r  u_bd/split_d_system_i/clk_wiz_0/inst/clkout1_buf/O
    X3Y1 (CLOCK_ROOT)    net (fo=50729, routed)       1.575    13.413    u_bd/split_d_system_i/fsa_0/inst/grp_run_fu_161/grp_runController_fu_106/grp_runQueryTile_fu_142/runQueryBlock_0_U0/grp_runQueryBlock_0_Outline_VITIS_LOOP_117_5_fu_168/ap_clk
    SLICE_X60Y219        FDRE                                         r  u_bd/split_d_system_i/fsa_0/inst/grp_run_fu_161/grp_runController_fu_106/grp_runQueryTile_fu_142/runQueryBlock_0_U0/grp_runQueryBlock_0_Outline_VITIS_LOOP_117_5_fu_168/acc_b_6_reg_2864_reg[30]/C
                         clock pessimism             -0.430    12.983    
                         clock uncertainty           -2.770    10.214    
    SLICE_X60Y219        FDRE (Setup_AFF_SLICEM_C_D)
                                                      0.025    10.239    u_bd/split_d_system_i/fsa_0/inst/grp_run_fu_161/grp_runController_fu_106/grp_runQueryTile_fu_142/runQueryBlock_0_U0/grp_runQueryBlock_0_Outline_VITIS_LOOP_117_5_fu_168/acc_b_6_reg_2864_reg[30]
  -------------------------------------------------------------------
                         required time                         10.239    
                         arrival time                          -9.808    
  -------------------------------------------------------------------
                         slack                                  0.430    

Slack (MET) :             0.434ns  (required time - arrival time)
  Source:                 <hidden>
                            (rising edge-triggered cell FDRE clocked by clk_out1_split_d_system_clk_wiz_0_0  {rise@0.000ns fall@5.000ns period=10.000ns})
  Destination:            u_bd/split_d_system_i/fsa_0/inst/grp_run_fu_161/grp_runController_fu_106/grp_runQueryTile_fu_142/runQueryBlock_0_U0/grp_runQueryBlock_0_Outline_VITIS_LOOP_117_5_fu_168/acc_b_6_reg_2864_reg[23]/D
                            (rising edge-triggered cell FDRE clocked by clk_out1_split_d_system_clk_wiz_0_0  {rise@0.000ns fall@5.000ns period=10.000ns})
  Path Group:             clk_out1_split_d_system_clk_wiz_0_0
  Path Type:              Setup (Max at Slow Process Corner)
  Requirement:            10.000ns  (clk_out1_split_d_system_clk_wiz_0_0 rise@10.000ns - clk_out1_split_d_system_clk_wiz_0_0 rise@0.000ns)
  Data Path Delay:        6.755ns  (logic 4.704ns (69.637%)  route 2.051ns (30.363%))
  Logic Levels:           19  (CARRY8=1 DSP_A_B_DATA=2 DSP_ALU=2 DSP_M_DATA=2 DSP_MULTIPLIER=2 DSP_OUTPUT=2 DSP_PREADD=1 DSP_PREADD_DATA=3 LUT3=1 LUT5=3)
  Clock Path Skew:        -0.066ns (DCD - SCD + CPR)
    Destination Clock Delay (DCD):    3.423ns = ( 13.423 - 10.000 ) 
    Source Clock Delay      (SCD):    3.059ns
    Clock Pessimism Removal (CPR):    -0.430ns
  Clock Uncertainty:      2.770ns  ((TSJ^2 + DJ^2)^1/2) / 2 + PE + UU
    Total System Jitter     (TSJ):    0.071ns
    Discrete Jitter          (DJ):    0.120ns
    Phase Error              (PE):    0.000ns
    User Uncertainty         (UU):    2.700ns
  Clock Net Delay (Source):      1.764ns (routing 0.581ns, distribution 1.183ns)
  Clock Net Delay (Destination): 1.584ns (routing 0.530ns, distribution 1.054ns)

    Location             Delay type                Incr(ns)  Path(ns)    Netlist Resource(s)
  -------------------------------------------------------------------    -------------------
                         (clock clk_out1_split_d_system_clk_wiz_0_0 rise edge)
                                                      0.000     0.000 r  
    BH42                                              0.000     0.000 r  board_clk_p (IN)
                         net (fo=0)                   0.100     0.100    u_board_clk/I
    HPIOBDIFFINBUF_X0Y36 DIFFINBUF (Prop_DIFFINBUF_HPIOBDIFFINBUF_DIFF_IN_P_O)
                                                      0.615     0.715 r  u_board_clk/DIFFINBUF_INST/O
                         net (fo=1, routed)           0.050     0.765    u_board_clk/OUT
    BH42                 IBUFCTRL (Prop_IBUFCTRL_HPIOB_M_I_O)
                                                      0.000     0.765 r  u_board_clk/IBUFCTRL_INST/O
                         net (fo=4, routed)           0.384     1.149    u_bd/split_d_system_i/clk_wiz_0/inst/clk_in1
    MMCM_X0Y1            MMCME4_ADV (Prop_MMCM_CLKIN1_CLKOUT0)
                                                     -0.127     1.022 r  u_bd/split_d_system_i/clk_wiz_0/inst/mmcme4_adv_inst/CLKOUT0
                         net (fo=1, routed)           0.245     1.267    u_bd/split_d_system_i/clk_wiz_0/inst/clk_out1_split_d_system_clk_wiz_0_0
    BUFGCE_X0Y24         BUFGCE (Prop_BUFCE_BUFGCE_I_O)
                                                      0.028     1.295 r  u_bd/split_d_system_i/clk_wiz_0/inst/clkout1_buf/O
    X3Y1 (CLOCK_ROOT)    net (fo=50729, routed)       1.764     3.059    <hidden>
    SLICE_X62Y220        FDRE                                         r  <hidden>
  -------------------------------------------------------------------    -------------------
    SLICE_X62Y220        FDRE (Prop_HFF_SLICEL_C_Q)
                                                      0.079     3.138 r  <hidden>
                         net (fo=54, routed)          0.360     3.498    <hidden>
    SLICE_X60Y216        LUT3 (Prop_H6LUT_SLICEM_I1_O)
                                                      0.053     3.551 r  <hidden>
                         net (fo=2, routed)           0.279     3.830    <hidden>
    DSP48E2_X8Y80        DSP_A_B_DATA (Prop_DSP_A_B_DATA_DSP48E2_A[19]_A2_DATA[19])
                                                      0.192     4.022 f  <hidden>
                         net (fo=1, routed)           0.000     4.022    <hidden>
    DSP48E2_X8Y80        DSP_PREADD_DATA (Prop_DSP_PREADD_DATA_DSP48E2_A2_DATA[19]_PREADD_AB[19])
                                                      0.124     4.146 r  <hidden>
                         net (fo=1, routed)           0.000     4.146    <hidden>
    DSP48E2_X8Y80        DSP_PREADD (Prop_DSP_PREADD_DSP48E2_PREADD_AB[19]_AD[26])
                                                      0.488     4.634 f  <hidden>
                         net (fo=1, routed)           0.000     4.634    <hidden>
    DSP48E2_X8Y80        DSP_PREADD_DATA (Prop_DSP_PREADD_DATA_DSP48E2_AD[26]_AD_DATA[26])
                                                      0.050     4.684 r  <hidden>
                         net (fo=1, routed)           0.000     4.684    <hidden>
    DSP48E2_X8Y80        DSP_MULTIPLIER (Prop_DSP_MULTIPLIER_DSP48E2_AD_DATA[26]_U[43])
                                                      0.612     5.296 f  <hidden>
                         net (fo=1, routed)           0.000     5.296    <hidden>
    DSP48E2_X8Y80        DSP_M_DATA (Prop_DSP_M_DATA_DSP48E2_U[43]_U_DATA[43])
                                                      0.047     5.343 r  <hidden>
                         net (fo=1, routed)           0.000     5.343    <hidden>
    DSP48E2_X8Y80        DSP_ALU (Prop_DSP_ALU_DSP48E2_U_DATA[43]_ALU_OUT[47])
                                                      0.585     5.928 r  <hidden>
                         net (fo=1, routed)           0.000     5.928    <hidden>
    DSP48E2_X8Y80        DSP_OUTPUT (Prop_DSP_OUTPUT_DSP48E2_ALU_OUT[47]_PATTERN_DETECT)
                                                      0.363     6.291 r  <hidden>
                         net (fo=59, routed)          0.340     6.631    <hidden>
    SLICE_X59Y218        LUT5 (Prop_B6LUT_SLICEL_I3_O)
                                                      0.148     6.779 r  <hidden>
                         net (fo=1, routed)           0.009     6.788    <hidden>
    SLICE_X59Y218        CARRY8 (Prop_CARRY8_SLICEL_S[1]_CO[3])
                                                      0.180     6.968 f  <hidden>
                         net (fo=20, routed)          0.286     7.254    <hidden>
    SLICE_X59Y217        LUT5 (Prop_C5LUT_SLICEL_I3_O)
                                                      0.136     7.390 f  <hidden>
                         net (fo=1, routed)           0.351     7.741    <hidden>
    DSP48E2_X8Y81        DSP_A_B_DATA (Prop_DSP_A_B_DATA_DSP48E2_B[8]_B2_DATA[8])
                                                      0.151     7.892 r  <hidden>
                         net (fo=1, routed)           0.000     7.892    <hidden>
    DSP48E2_X8Y81        DSP_PREADD_DATA (Prop_DSP_PREADD_DATA_DSP48E2_B2_DATA[8]_B2B1[8])
                                                      0.073     7.965 r  <hidden>
                         net (fo=1, routed)           0.000     7.965    <hidden>
    DSP48E2_X8Y81        DSP_MULTIPLIER (Prop_DSP_MULTIPLIER_DSP48E2_B2B1[8]_V[27])
                                                      0.609     8.574 f  <hidden>
                         net (fo=1, routed)           0.000     8.574    <hidden>
    DSP48E2_X8Y81        DSP_M_DATA (Prop_DSP_M_DATA_DSP48E2_V[27]_V_DATA[27])
                                                      0.046     8.620 r  <hidden>
                         net (fo=1, routed)           0.000     8.620    <hidden>
    DSP48E2_X8Y81        DSP_ALU (Prop_DSP_ALU_DSP48E2_V_DATA[27]_ALU_OUT[27])
                                                      0.571     9.191 f  <hidden>
                         net (fo=1, routed)           0.000     9.191    <hidden>
    DSP48E2_X8Y81        DSP_OUTPUT (Prop_DSP_OUTPUT_DSP48E2_ALU_OUT[27]_P[27])
                                                      0.109     9.300 r  <hidden>
                         net (fo=1, routed)           0.354     9.654    <hidden>
    SLICE_X57Y217        LUT5 (Prop_D6LUT_SLICEM_I4_O)
                                                      0.088     9.742 r  <hidden>
                         net (fo=1, routed)           0.072     9.814    u_bd/split_d_system_i/fsa_0/inst/grp_run_fu_161/grp_runController_fu_106/grp_runQueryTile_fu_142/runQueryBlock_0_U0/grp_runQueryBlock_0_Outline_VITIS_LOOP_117_5_fu_168/grp_fu_884_p2[23]
    SLICE_X57Y217        FDRE                                         r  u_bd/split_d_system_i/fsa_0/inst/grp_run_fu_161/grp_runController_fu_106/grp_runQueryTile_fu_142/runQueryBlock_0_U0/grp_runQueryBlock_0_Outline_VITIS_LOOP_117_5_fu_168/acc_b_6_reg_2864_reg[23]/D
  -------------------------------------------------------------------    -------------------

                         (clock clk_out1_split_d_system_clk_wiz_0_0 rise edge)
                                                     10.000    10.000 r  
    BH42                                              0.000    10.000 r  board_clk_p (IN)
                         net (fo=0)                   0.079    10.079    u_board_clk/I
    HPIOBDIFFINBUF_X0Y36 DIFFINBUF (Prop_DIFFINBUF_HPIOBDIFFINBUF_DIFF_IN_P_O)
                                                      0.518    10.597 r  u_board_clk/DIFFINBUF_INST/O
                         net (fo=1, routed)           0.040    10.637    u_board_clk/OUT
    BH42                 IBUFCTRL (Prop_IBUFCTRL_HPIOB_M_I_O)
                                                      0.000    10.637 r  u_board_clk/IBUFCTRL_INST/O
                         net (fo=4, routed)           0.333    10.970    u_bd/split_d_system_i/clk_wiz_0/inst/clk_in1
    MMCM_X0Y1            MMCME4_ADV (Prop_MMCM_CLKIN1_CLKOUT0)
                                                      0.630    11.600 r  u_bd/split_d_system_i/clk_wiz_0/inst/mmcme4_adv_inst/CLKOUT0
                         net (fo=1, routed)           0.215    11.815    u_bd/split_d_system_i/clk_wiz_0/inst/clk_out1_split_d_system_clk_wiz_0_0
    BUFGCE_X0Y24         BUFGCE (Prop_BUFCE_BUFGCE_I_O)
                                                      0.024    11.839 r  u_bd/split_d_system_i/clk_wiz_0/inst/clkout1_buf/O
    X3Y1 (CLOCK_ROOT)    net (fo=50729, routed)       1.584    13.423    u_bd/split_d_system_i/fsa_0/inst/grp_run_fu_161/grp_runController_fu_106/grp_runQueryTile_fu_142/runQueryBlock_0_U0/grp_runQueryBlock_0_Outline_VITIS_LOOP_117_5_fu_168/ap_clk
    SLICE_X57Y217        FDRE                                         r  u_bd/split_d_system_i/fsa_0/inst/grp_run_fu_161/grp_runController_fu_106/grp_runQueryTile_fu_142/runQueryBlock_0_U0/grp_runQueryBlock_0_Outline_VITIS_LOOP_117_5_fu_168/acc_b_6_reg_2864_reg[23]/C
                         clock pessimism             -0.430    12.993    
                         clock uncertainty           -2.770    10.223    
    SLICE_X57Y217        FDRE (Setup_DFF_SLICEM_C_D)
                                                      0.025    10.248    u_bd/split_d_system_i/fsa_0/inst/grp_run_fu_161/grp_runController_fu_106/grp_runQueryTile_fu_142/runQueryBlock_0_U0/grp_runQueryBlock_0_Outline_VITIS_LOOP_117_5_fu_168/acc_b_6_reg_2864_reg[23]
  -------------------------------------------------------------------
                         required time                         10.248    
                         arrival time                          -9.814    
  -------------------------------------------------------------------
                         slack                                  0.434    

Slack (MET) :             0.436ns  (required time - arrival time)
  Source:                 <hidden>
                            (rising edge-triggered cell FDRE clocked by clk_out1_split_d_system_clk_wiz_0_0  {rise@0.000ns fall@5.000ns period=10.000ns})
  Destination:            u_bd/split_d_system_i/fsa_0/inst/grp_run_fu_161/grp_runController_fu_106/grp_runQueryTile_fu_142/runQueryBlock_0_U0/grp_runQueryBlock_0_Outline_VITIS_LOOP_117_5_fu_168/acc_b_6_reg_2864_reg[26]/D
                            (rising edge-triggered cell FDRE clocked by clk_out1_split_d_system_clk_wiz_0_0  {rise@0.000ns fall@5.000ns period=10.000ns})
  Path Group:             clk_out1_split_d_system_clk_wiz_0_0
  Path Type:              Setup (Max at Slow Process Corner)
  Requirement:            10.000ns  (clk_out1_split_d_system_clk_wiz_0_0 rise@10.000ns - clk_out1_split_d_system_clk_wiz_0_0 rise@0.000ns)
  Data Path Delay:        6.753ns  (logic 4.716ns (69.835%)  route 2.037ns (30.165%))
  Logic Levels:           19  (CARRY8=1 DSP_A_B_DATA=2 DSP_ALU=2 DSP_M_DATA=2 DSP_MULTIPLIER=2 DSP_OUTPUT=2 DSP_PREADD=1 DSP_PREADD_DATA=3 LUT3=1 LUT5=3)
  Clock Path Skew:        -0.066ns (DCD - SCD + CPR)
    Destination Clock Delay (DCD):    3.423ns = ( 13.423 - 10.000 ) 
    Source Clock Delay      (SCD):    3.059ns
    Clock Pessimism Removal (CPR):    -0.430ns
  Clock Uncertainty:      2.770ns  ((TSJ^2 + DJ^2)^1/2) / 2 + PE + UU
    Total System Jitter     (TSJ):    0.071ns
    Discrete Jitter          (DJ):    0.120ns
    Phase Error              (PE):    0.000ns
    User Uncertainty         (UU):    2.700ns
  Clock Net Delay (Source):      1.764ns (routing 0.581ns, distribution 1.183ns)
  Clock Net Delay (Destination): 1.584ns (routing 0.530ns, distribution 1.054ns)

    Location             Delay type                Incr(ns)  Path(ns)    Netlist Resource(s)
  -------------------------------------------------------------------    -------------------
                         (clock clk_out1_split_d_system_clk_wiz_0_0 rise edge)
                                                      0.000     0.000 r  
    BH42                                              0.000     0.000 r  board_clk_p (IN)
                         net (fo=0)                   0.100     0.100    u_board_clk/I
    HPIOBDIFFINBUF_X0Y36 DIFFINBUF (Prop_DIFFINBUF_HPIOBDIFFINBUF_DIFF_IN_P_O)
                                                      0.615     0.715 r  u_board_clk/DIFFINBUF_INST/O
                         net (fo=1, routed)           0.050     0.765    u_board_clk/OUT
    BH42                 IBUFCTRL (Prop_IBUFCTRL_HPIOB_M_I_O)
                                                      0.000     0.765 r  u_board_clk/IBUFCTRL_INST/O
                         net (fo=4, routed)           0.384     1.149    u_bd/split_d_system_i/clk_wiz_0/inst/clk_in1
    MMCM_X0Y1            MMCME4_ADV (Prop_MMCM_CLKIN1_CLKOUT0)
                                                     -0.127     1.022 r  u_bd/split_d_system_i/clk_wiz_0/inst/mmcme4_adv_inst/CLKOUT0
                         net (fo=1, routed)           0.245     1.267    u_bd/split_d_system_i/clk_wiz_0/inst/clk_out1_split_d_system_clk_wiz_0_0
    BUFGCE_X0Y24         BUFGCE (Prop_BUFCE_BUFGCE_I_O)
                                                      0.028     1.295 r  u_bd/split_d_system_i/clk_wiz_0/inst/clkout1_buf/O
    X3Y1 (CLOCK_ROOT)    net (fo=50729, routed)       1.764     3.059    <hidden>
    SLICE_X62Y220        FDRE                                         r  <hidden>
  -------------------------------------------------------------------    -------------------
    SLICE_X62Y220        FDRE (Prop_HFF_SLICEL_C_Q)
                                                      0.079     3.138 r  <hidden>
                         net (fo=54, routed)          0.360     3.498    <hidden>
    SLICE_X60Y216        LUT3 (Prop_H6LUT_SLICEM_I1_O)
                                                      0.053     3.551 r  <hidden>
                         net (fo=2, routed)           0.279     3.830    <hidden>
    DSP48E2_X8Y80        DSP_A_B_DATA (Prop_DSP_A_B_DATA_DSP48E2_A[19]_A2_DATA[19])
                                                      0.192     4.022 f  <hidden>
                         net (fo=1, routed)           0.000     4.022    <hidden>
    DSP48E2_X8Y80        DSP_PREADD_DATA (Prop_DSP_PREADD_DATA_DSP48E2_A2_DATA[19]_PREADD_AB[19])
                                                      0.124     4.146 r  <hidden>
                         net (fo=1, routed)           0.000     4.146    <hidden>
    DSP48E2_X8Y80        DSP_PREADD (Prop_DSP_PREADD_DSP48E2_PREADD_AB[19]_AD[26])
                                                      0.488     4.634 f  <hidden>
                         net (fo=1, routed)           0.000     4.634    <hidden>
    DSP48E2_X8Y80        DSP_PREADD_DATA (Prop_DSP_PREADD_DATA_DSP48E2_AD[26]_AD_DATA[26])
                                                      0.050     4.684 r  <hidden>
                         net (fo=1, routed)           0.000     4.684    <hidden>
    DSP48E2_X8Y80        DSP_MULTIPLIER (Prop_DSP_MULTIPLIER_DSP48E2_AD_DATA[26]_U[43])
                                                      0.612     5.296 f  <hidden>
                         net (fo=1, routed)           0.000     5.296    <hidden>
    DSP48E2_X8Y80        DSP_M_DATA (Prop_DSP_M_DATA_DSP48E2_U[43]_U_DATA[43])
                                                      0.047     5.343 r  <hidden>
                         net (fo=1, routed)           0.000     5.343    <hidden>
    DSP48E2_X8Y80        DSP_ALU (Prop_DSP_ALU_DSP48E2_U_DATA[43]_ALU_OUT[47])
                                                      0.585     5.928 r  <hidden>
                         net (fo=1, routed)           0.000     5.928    <hidden>
    DSP48E2_X8Y80        DSP_OUTPUT (Prop_DSP_OUTPUT_DSP48E2_ALU_OUT[47]_PATTERN_DETECT)
                                                      0.363     6.291 r  <hidden>
                         net (fo=59, routed)          0.340     6.631    <hidden>
    SLICE_X59Y218        LUT5 (Prop_B6LUT_SLICEL_I3_O)
                                                      0.148     6.779 r  <hidden>
                         net (fo=1, routed)           0.009     6.788    <hidden>
    SLICE_X59Y218        CARRY8 (Prop_CARRY8_SLICEL_S[1]_CO[3])
                                                      0.180     6.968 f  <hidden>
                         net (fo=20, routed)          0.286     7.254    <hidden>
    SLICE_X59Y217        LUT5 (Prop_C5LUT_SLICEL_I3_O)
                                                      0.136     7.390 f  <hidden>
                         net (fo=1, routed)           0.351     7.741    <hidden>
    DSP48E2_X8Y81        DSP_A_B_DATA (Prop_DSP_A_B_DATA_DSP48E2_B[8]_B2_DATA[8])
                                                      0.151     7.892 r  <hidden>
                         net (fo=1, routed)           0.000     7.892    <hidden>
    DSP48E2_X8Y81        DSP_PREADD_DATA (Prop_DSP_PREADD_DATA_DSP48E2_B2_DATA[8]_B2B1[8])
                                                      0.073     7.965 r  <hidden>
                         net (fo=1, routed)           0.000     7.965    <hidden>
    DSP48E2_X8Y81        DSP_MULTIPLIER (Prop_DSP_MULTIPLIER_DSP48E2_B2B1[8]_V[30])
                                                      0.609     8.574 f  <hidden>
                         net (fo=1, routed)           0.000     8.574    <hidden>
    DSP48E2_X8Y81        DSP_M_DATA (Prop_DSP_M_DATA_DSP48E2_V[30]_V_DATA[30])
                                                      0.046     8.620 r  <hidden>
                         net (fo=1, routed)           0.000     8.620    <hidden>
    DSP48E2_X8Y81        DSP_ALU (Prop_DSP_ALU_DSP48E2_V_DATA[30]_ALU_OUT[30])
                                                      0.571     9.191 f  <hidden>
                         net (fo=1, routed)           0.000     9.191    <hidden>
    DSP48E2_X8Y81        DSP_OUTPUT (Prop_DSP_OUTPUT_DSP48E2_ALU_OUT[30]_P[30])
                                                      0.109     9.300 r  <hidden>
                         net (fo=1, routed)           0.353     9.653    <hidden>
    SLICE_X57Y217        LUT5 (Prop_B6LUT_SLICEM_I4_O)
                                                      0.100     9.753 r  <hidden>
                         net (fo=1, routed)           0.059     9.812    u_bd/split_d_system_i/fsa_0/inst/grp_run_fu_161/grp_runController_fu_106/grp_runQueryTile_fu_142/runQueryBlock_0_U0/grp_runQueryBlock_0_Outline_VITIS_LOOP_117_5_fu_168/grp_fu_884_p2[26]
    SLICE_X57Y217        FDRE                                         r  u_bd/split_d_system_i/fsa_0/inst/grp_run_fu_161/grp_runController_fu_106/grp_runQueryTile_fu_142/runQueryBlock_0_U0/grp_runQueryBlock_0_Outline_VITIS_LOOP_117_5_fu_168/acc_b_6_reg_2864_reg[26]/D
  -------------------------------------------------------------------    -------------------

                         (clock clk_out1_split_d_system_clk_wiz_0_0 rise edge)
                                                     10.000    10.000 r  
    BH42                                              0.000    10.000 r  board_clk_p (IN)
                         net (fo=0)                   0.079    10.079    u_board_clk/I
    HPIOBDIFFINBUF_X0Y36 DIFFINBUF (Prop_DIFFINBUF_HPIOBDIFFINBUF_DIFF_IN_P_O)
                                                      0.518    10.597 r  u_board_clk/DIFFINBUF_INST/O
                         net (fo=1, routed)           0.040    10.637    u_board_clk/OUT
    BH42                 IBUFCTRL (Prop_IBUFCTRL_HPIOB_M_I_O)
                                                      0.000    10.637 r  u_board_clk/IBUFCTRL_INST/O
                         net (fo=4, routed)           0.333    10.970    u_bd/split_d_system_i/clk_wiz_0/inst/clk_in1
    MMCM_X0Y1            MMCME4_ADV (Prop_MMCM_CLKIN1_CLKOUT0)
                                                      0.630    11.600 r  u_bd/split_d_system_i/clk_wiz_0/inst/mmcme4_adv_inst/CLKOUT0
                         net (fo=1, routed)           0.215    11.815    u_bd/split_d_system_i/clk_wiz_0/inst/clk_out1_split_d_system_clk_wiz_0_0
    BUFGCE_X0Y24         BUFGCE (Prop_BUFCE_BUFGCE_I_O)
                                                      0.024    11.839 r  u_bd/split_d_system_i/clk_wiz_0/inst/clkout1_buf/O
    X3Y1 (CLOCK_ROOT)    net (fo=50729, routed)       1.584    13.423    u_bd/split_d_system_i/fsa_0/inst/grp_run_fu_161/grp_runController_fu_106/grp_runQueryTile_fu_142/runQueryBlock_0_U0/grp_runQueryBlock_0_Outline_VITIS_LOOP_117_5_fu_168/ap_clk
    SLICE_X57Y217        FDRE                                         r  u_bd/split_d_system_i/fsa_0/inst/grp_run_fu_161/grp_runController_fu_106/grp_runQueryTile_fu_142/runQueryBlock_0_U0/grp_runQueryBlock_0_Outline_VITIS_LOOP_117_5_fu_168/acc_b_6_reg_2864_reg[26]/C
                         clock pessimism             -0.430    12.993    
                         clock uncertainty           -2.770    10.223    
    SLICE_X57Y217        FDRE (Setup_BFF_SLICEM_C_D)
                                                      0.025    10.248    u_bd/split_d_system_i/fsa_0/inst/grp_run_fu_161/grp_runController_fu_106/grp_runQueryTile_fu_142/runQueryBlock_0_U0/grp_runQueryBlock_0_Outline_VITIS_LOOP_117_5_fu_168/acc_b_6_reg_2864_reg[26]
  -------------------------------------------------------------------
                         required time                         10.248    
                         arrival time                          -9.812    
  -------------------------------------------------------------------
                         slack                                  0.436    

Slack (MET) :             0.436ns  (required time - arrival time)
  Source:                 <hidden>
                            (rising edge-triggered cell FDRE clocked by clk_out1_split_d_system_clk_wiz_0_0  {rise@0.000ns fall@5.000ns period=10.000ns})
  Destination:            u_bd/split_d_system_i/fsa_0/inst/grp_run_fu_161/grp_runController_fu_106/grp_runQueryTile_fu_142/runQueryBlock_0_U0/grp_runQueryBlock_0_Outline_VITIS_LOOP_117_5_fu_168/acc_b_6_reg_2864_reg[13]/D
                            (rising edge-triggered cell FDRE clocked by clk_out1_split_d_system_clk_wiz_0_0  {rise@0.000ns fall@5.000ns period=10.000ns})
  Path Group:             clk_out1_split_d_system_clk_wiz_0_0
  Path Type:              Setup (Max at Slow Process Corner)
  Requirement:            10.000ns  (clk_out1_split_d_system_clk_wiz_0_0 rise@10.000ns - clk_out1_split_d_system_clk_wiz_0_0 rise@0.000ns)
  Data Path Delay:        6.746ns  (logic 4.682ns (69.404%)  route 2.064ns (30.596%))
  Logic Levels:           19  (CARRY8=1 DSP_A_B_DATA=2 DSP_ALU=2 DSP_M_DATA=2 DSP_MULTIPLIER=2 DSP_OUTPUT=2 DSP_PREADD=1 DSP_PREADD_DATA=3 LUT2=1 LUT3=1 LUT5=2)
  Clock Path Skew:        -0.073ns (DCD - SCD + CPR)
    Destination Clock Delay (DCD):    3.416ns = ( 13.416 - 10.000 ) 
    Source Clock Delay      (SCD):    3.059ns
    Clock Pessimism Removal (CPR):    -0.430ns
  Clock Uncertainty:      2.770ns  ((TSJ^2 + DJ^2)^1/2) / 2 + PE + UU
    Total System Jitter     (TSJ):    0.071ns
    Discrete Jitter          (DJ):    0.120ns
    Phase Error              (PE):    0.000ns
    User Uncertainty         (UU):    2.700ns
  Clock Net Delay (Source):      1.764ns (routing 0.581ns, distribution 1.183ns)
  Clock Net Delay (Destination): 1.577ns (routing 0.530ns, distribution 1.047ns)

    Location             Delay type                Incr(ns)  Path(ns)    Netlist Resource(s)
  -------------------------------------------------------------------    -------------------
                         (clock clk_out1_split_d_system_clk_wiz_0_0 rise edge)
                                                      0.000     0.000 r  
    BH42                                              0.000     0.000 r  board_clk_p (IN)
                         net (fo=0)                   0.100     0.100    u_board_clk/I
    HPIOBDIFFINBUF_X0Y36 DIFFINBUF (Prop_DIFFINBUF_HPIOBDIFFINBUF_DIFF_IN_P_O)
                                                      0.615     0.715 r  u_board_clk/DIFFINBUF_INST/O
                         net (fo=1, routed)           0.050     0.765    u_board_clk/OUT
    BH42                 IBUFCTRL (Prop_IBUFCTRL_HPIOB_M_I_O)
                                                      0.000     0.765 r  u_board_clk/IBUFCTRL_INST/O
                         net (fo=4, routed)           0.384     1.149    u_bd/split_d_system_i/clk_wiz_0/inst/clk_in1
    MMCM_X0Y1            MMCME4_ADV (Prop_MMCM_CLKIN1_CLKOUT0)
                                                     -0.127     1.022 r  u_bd/split_d_system_i/clk_wiz_0/inst/mmcme4_adv_inst/CLKOUT0
                         net (fo=1, routed)           0.245     1.267    u_bd/split_d_system_i/clk_wiz_0/inst/clk_out1_split_d_system_clk_wiz_0_0
    BUFGCE_X0Y24         BUFGCE (Prop_BUFCE_BUFGCE_I_O)
                                                      0.028     1.295 r  u_bd/split_d_system_i/clk_wiz_0/inst/clkout1_buf/O
    X3Y1 (CLOCK_ROOT)    net (fo=50729, routed)       1.764     3.059    <hidden>
    SLICE_X62Y220        FDRE                                         r  <hidden>
  -------------------------------------------------------------------    -------------------
    SLICE_X62Y220        FDRE (Prop_HFF_SLICEL_C_Q)
                                                      0.079     3.138 r  <hidden>
                         net (fo=54, routed)          0.360     3.498    <hidden>
    SLICE_X60Y216        LUT3 (Prop_H6LUT_SLICEM_I1_O)
                                                      0.053     3.551 r  <hidden>
                         net (fo=2, routed)           0.279     3.830    <hidden>
    DSP48E2_X8Y80        DSP_A_B_DATA (Prop_DSP_A_B_DATA_DSP48E2_A[19]_A2_DATA[19])
                                                      0.192     4.022 f  <hidden>
                         net (fo=1, routed)           0.000     4.022    <hidden>
    DSP48E2_X8Y80        DSP_PREADD_DATA (Prop_DSP_PREADD_DATA_DSP48E2_A2_DATA[19]_PREADD_AB[19])
                                                      0.124     4.146 r  <hidden>
                         net (fo=1, routed)           0.000     4.146    <hidden>
    DSP48E2_X8Y80        DSP_PREADD (Prop_DSP_PREADD_DSP48E2_PREADD_AB[19]_AD[26])
                                                      0.488     4.634 f  <hidden>
                         net (fo=1, routed)           0.000     4.634    <hidden>
    DSP48E2_X8Y80        DSP_PREADD_DATA (Prop_DSP_PREADD_DATA_DSP48E2_AD[26]_AD_DATA[26])
                                                      0.050     4.684 r  <hidden>
                         net (fo=1, routed)           0.000     4.684    <hidden>
    DSP48E2_X8Y80        DSP_MULTIPLIER (Prop_DSP_MULTIPLIER_DSP48E2_AD_DATA[26]_U[43])
                                                      0.612     5.296 f  <hidden>
                         net (fo=1, routed)           0.000     5.296    <hidden>
    DSP48E2_X8Y80        DSP_M_DATA (Prop_DSP_M_DATA_DSP48E2_U[43]_U_DATA[43])
                                                      0.047     5.343 r  <hidden>
                         net (fo=1, routed)           0.000     5.343    <hidden>
    DSP48E2_X8Y80        DSP_ALU (Prop_DSP_ALU_DSP48E2_U_DATA[43]_ALU_OUT[47])
                                                      0.585     5.928 r  <hidden>
                         net (fo=1, routed)           0.000     5.928    <hidden>
    DSP48E2_X8Y80        DSP_OUTPUT (Prop_DSP_OUTPUT_DSP48E2_ALU_OUT[47]_PATTERN_DETECT)
                                                      0.363     6.291 r  <hidden>
                         net (fo=59, routed)          0.340     6.631    <hidden>
    SLICE_X59Y218        LUT5 (Prop_B6LUT_SLICEL_I3_O)
                                                      0.148     6.779 r  <hidden>
                         net (fo=1, routed)           0.009     6.788    <hidden>
    SLICE_X59Y218        CARRY8 (Prop_CARRY8_SLICEL_S[1]_CO[3])
                                                      0.180     6.968 f  <hidden>
                         net (fo=20, routed)          0.286     7.254    <hidden>
    SLICE_X59Y217        LUT5 (Prop_C5LUT_SLICEL_I3_O)
                                                      0.136     7.390 f  <hidden>
                         net (fo=1, routed)           0.351     7.741    <hidden>
    DSP48E2_X8Y81        DSP_A_B_DATA (Prop_DSP_A_B_DATA_DSP48E2_B[8]_B2_DATA[8])
                                                      0.151     7.892 r  <hidden>
                         net (fo=1, routed)           0.000     7.892    <hidden>
    DSP48E2_X8Y81        DSP_PREADD_DATA (Prop_DSP_PREADD_DATA_DSP48E2_B2_DATA[8]_B2B1[8])
                                                      0.073     7.965 r  <hidden>
                         net (fo=1, routed)           0.000     7.965    <hidden>
    DSP48E2_X8Y81        DSP_MULTIPLIER (Prop_DSP_MULTIPLIER_DSP48E2_B2B1[8]_V[15])
                                                      0.609     8.574 f  <hidden>
                         net (fo=1, routed)           0.000     8.574    <hidden>
    DSP48E2_X8Y81        DSP_M_DATA (Prop_DSP_M_DATA_DSP48E2_V[15]_V_DATA[15])
                                                      0.046     8.620 r  <hidden>
                         net (fo=1, routed)           0.000     8.620    <hidden>
    DSP48E2_X8Y81        DSP_ALU (Prop_DSP_ALU_DSP48E2_V_DATA[15]_ALU_OUT[15])
                                                      0.571     9.191 f  <hidden>
                         net (fo=1, routed)           0.000     9.191    <hidden>
    DSP48E2_X8Y81        DSP_OUTPUT (Prop_DSP_OUTPUT_DSP48E2_ALU_OUT[15]_P[15])
                                                      0.109     9.300 r  <hidden>
                         net (fo=1, routed)           0.409     9.709    <hidden>
    SLICE_X57Y215        LUT2 (Prop_D5LUT_SLICEM_I0_O)
                                                      0.066     9.775 r  <hidden>
                         net (fo=1, routed)           0.030     9.805    u_bd/split_d_system_i/fsa_0/inst/grp_run_fu_161/grp_runController_fu_106/grp_runQueryTile_fu_142/runQueryBlock_0_U0/grp_runQueryBlock_0_Outline_VITIS_LOOP_117_5_fu_168/grp_fu_884_p2[13]
    SLICE_X57Y215        FDRE                                         r  u_bd/split_d_system_i/fsa_0/inst/grp_run_fu_161/grp_runController_fu_106/grp_runQueryTile_fu_142/runQueryBlock_0_U0/grp_runQueryBlock_0_Outline_VITIS_LOOP_117_5_fu_168/acc_b_6_reg_2864_reg[13]/D
  -------------------------------------------------------------------    -------------------

                         (clock clk_out1_split_d_system_clk_wiz_0_0 rise edge)
                                                     10.000    10.000 r  
    BH42                                              0.000    10.000 r  board_clk_p (IN)
                         net (fo=0)                   0.079    10.079    u_board_clk/I
    HPIOBDIFFINBUF_X0Y36 DIFFINBUF (Prop_DIFFINBUF_HPIOBDIFFINBUF_DIFF_IN_P_O)
                                                      0.518    10.597 r  u_board_clk/DIFFINBUF_INST/O
                         net (fo=1, routed)           0.040    10.637    u_board_clk/OUT
    BH42                 IBUFCTRL (Prop_IBUFCTRL_HPIOB_M_I_O)
                                                      0.000    10.637 r  u_board_clk/IBUFCTRL_INST/O
                         net (fo=4, routed)           0.333    10.970    u_bd/split_d_system_i/clk_wiz_0/inst/clk_in1
    MMCM_X0Y1            MMCME4_ADV (Prop_MMCM_CLKIN1_CLKOUT0)
                                                      0.630    11.600 r  u_bd/split_d_system_i/clk_wiz_0/inst/mmcme4_adv_inst/CLKOUT0
                         net (fo=1, routed)           0.215    11.815    u_bd/split_d_system_i/clk_wiz_0/inst/clk_out1_split_d_system_clk_wiz_0_0
    BUFGCE_X0Y24         BUFGCE (Prop_BUFCE_BUFGCE_I_O)
                                                      0.024    11.839 r  u_bd/split_d_system_i/clk_wiz_0/inst/clkout1_buf/O
    X3Y1 (CLOCK_ROOT)    net (fo=50729, routed)       1.577    13.416    u_bd/split_d_system_i/fsa_0/inst/grp_run_fu_161/grp_runController_fu_106/grp_runQueryTile_fu_142/runQueryBlock_0_U0/grp_runQueryBlock_0_Outline_VITIS_LOOP_117_5_fu_168/ap_clk
    SLICE_X57Y215        FDRE                                         r  u_bd/split_d_system_i/fsa_0/inst/grp_run_fu_161/grp_runController_fu_106/grp_runQueryTile_fu_142/runQueryBlock_0_U0/grp_runQueryBlock_0_Outline_VITIS_LOOP_117_5_fu_168/acc_b_6_reg_2864_reg[13]/C
                         clock pessimism             -0.430    12.986    
                         clock uncertainty           -2.770    10.216    
    SLICE_X57Y215        FDRE (Setup_DFF2_SLICEM_C_D)
                                                      0.025    10.241    u_bd/split_d_system_i/fsa_0/inst/grp_run_fu_161/grp_runController_fu_106/grp_runQueryTile_fu_142/runQueryBlock_0_U0/grp_runQueryBlock_0_Outline_VITIS_LOOP_117_5_fu_168/acc_b_6_reg_2864_reg[13]
  -------------------------------------------------------------------
                         required time                         10.241    
                         arrival time                          -9.805    
  -------------------------------------------------------------------
                         slack                                  0.436    

Slack (MET) :             0.442ns  (required time - arrival time)
  Source:                 <hidden>
                            (rising edge-triggered cell FDRE clocked by clk_out1_split_d_system_clk_wiz_0_0  {rise@0.000ns fall@5.000ns period=10.000ns})
  Destination:            u_bd/split_d_system_i/fsa_0/inst/grp_run_fu_161/grp_runController_fu_106/grp_runQueryTile_fu_142/runQueryBlock_0_U0/grp_runQueryBlock_0_Outline_VITIS_LOOP_117_5_fu_168/sub_i5_reg_2869_reg[30]/D
                            (rising edge-triggered cell FDRE clocked by clk_out1_split_d_system_clk_wiz_0_0  {rise@0.000ns fall@5.000ns period=10.000ns})
  Path Group:             clk_out1_split_d_system_clk_wiz_0_0
  Path Type:              Setup (Max at Slow Process Corner)
  Requirement:            10.000ns  (clk_out1_split_d_system_clk_wiz_0_0 rise@10.000ns - clk_out1_split_d_system_clk_wiz_0_0 rise@0.000ns)
  Data Path Delay:        6.751ns  (logic 4.265ns (63.175%)  route 2.486ns (36.825%))
  Logic Levels:           20  (DSP_A_B_DATA=1 DSP_ALU=2 DSP_C_DATA=1 DSP_M_DATA=1 DSP_MULTIPLIER=1 DSP_OUTPUT=2 DSP_PREADD=1 DSP_PREADD_DATA=2 LUT2=1 LUT3=3 LUT4=1 LUT5=1 LUT6=3)
  Clock Path Skew:        -0.062ns (DCD - SCD + CPR)
    Destination Clock Delay (DCD):    3.415ns = ( 13.415 - 10.000 ) 
    Source Clock Delay      (SCD):    3.047ns
    Clock Pessimism Removal (CPR):    -0.430ns
  Clock Uncertainty:      2.770ns  ((TSJ^2 + DJ^2)^1/2) / 2 + PE + UU
    Total System Jitter     (TSJ):    0.071ns
    Discrete Jitter          (DJ):    0.120ns
    Phase Error              (PE):    0.000ns
    User Uncertainty         (UU):    2.700ns
  Clock Net Delay (Source):      1.752ns (routing 0.581ns, distribution 1.171ns)
  Clock Net Delay (Destination): 1.576ns (routing 0.530ns, distribution 1.046ns)

    Location             Delay type                Incr(ns)  Path(ns)    Netlist Resource(s)
  -------------------------------------------------------------------    -------------------
                         (clock clk_out1_split_d_system_clk_wiz_0_0 rise edge)
                                                      0.000     0.000 r  
    BH42                                              0.000     0.000 r  board_clk_p (IN)
                         net (fo=0)                   0.100     0.100    u_board_clk/I
    HPIOBDIFFINBUF_X0Y36 DIFFINBUF (Prop_DIFFINBUF_HPIOBDIFFINBUF_DIFF_IN_P_O)
                                                      0.615     0.715 r  u_board_clk/DIFFINBUF_INST/O
                         net (fo=1, routed)           0.050     0.765    u_board_clk/OUT
    BH42                 IBUFCTRL (Prop_IBUFCTRL_HPIOB_M_I_O)
                                                      0.000     0.765 r  u_board_clk/IBUFCTRL_INST/O
                         net (fo=4, routed)           0.384     1.149    u_bd/split_d_system_i/clk_wiz_0/inst/clk_in1
    MMCM_X0Y1            MMCME4_ADV (Prop_MMCM_CLKIN1_CLKOUT0)
                                                     -0.127     1.022 r  u_bd/split_d_system_i/clk_wiz_0/inst/mmcme4_adv_inst/CLKOUT0
                         net (fo=1, routed)           0.245     1.267    u_bd/split_d_system_i/clk_wiz_0/inst/clk_out1_split_d_system_clk_wiz_0_0
    BUFGCE_X0Y24         BUFGCE (Prop_BUFCE_BUFGCE_I_O)
                                                      0.028     1.295 r  u_bd/split_d_system_i/clk_wiz_0/inst/clkout1_buf/O
    X3Y1 (CLOCK_ROOT)    net (fo=50729, routed)       1.752     3.047    <hidden>
    SLICE_X60Y210        FDRE                                         r  <hidden>
  -------------------------------------------------------------------    -------------------
    SLICE_X60Y210        FDRE (Prop_HFF_SLICEM_C_Q)
                                                      0.079     3.126 f  <hidden>
                         net (fo=54, routed)          0.311     3.437    <hidden>
    SLICE_X62Y207        LUT2 (Prop_G6LUT_SLICEL_I1_O)
                                                      0.050     3.487 r  <hidden>
                         net (fo=1, routed)           0.271     3.758    <hidden>
    DSP48E2_X8Y77        DSP_A_B_DATA (Prop_DSP_A_B_DATA_DSP48E2_A[8]_A2_DATA[8])
                                                      0.192     3.950 f  <hidden>
                         net (fo=1, routed)           0.000     3.950    <hidden>
    DSP48E2_X8Y77        DSP_PREADD_DATA (Prop_DSP_PREADD_DATA_DSP48E2_A2_DATA[8]_PREADD_AB[8])
                                                      0.124     4.074 r  <hidden>
                         net (fo=1, routed)           0.000     4.074    <hidden>
    DSP48E2_X8Y77        DSP_PREADD (Prop_DSP_PREADD_DSP48E2_PREADD_AB[8]_AD[26])
                                                      0.488     4.562 f  <hidden>
                         net (fo=1, routed)           0.000     4.562    <hidden>
    DSP48E2_X8Y77        DSP_PREADD_DATA (Prop_DSP_PREADD_DATA_DSP48E2_AD[26]_AD_DATA[26])
                                                      0.050     4.612 r  <hidden>
                         net (fo=1, routed)           0.000     4.612    <hidden>
    DSP48E2_X8Y77        DSP_MULTIPLIER (Prop_DSP_MULTIPLIER_DSP48E2_AD_DATA[26]_U[43])
                                                      0.612     5.224 f  <hidden>
                         net (fo=1, routed)           0.000     5.224    <hidden>
    DSP48E2_X8Y77        DSP_M_DATA (Prop_DSP_M_DATA_DSP48E2_U[43]_U_DATA[43])
                                                      0.047     5.271 r  <hidden>
                         net (fo=1, routed)           0.000     5.271    <hidden>
    DSP48E2_X8Y77        DSP_ALU (Prop_DSP_ALU_DSP48E2_U_DATA[43]_ALU_OUT[47])
                                                      0.585     5.856 r  <hidden>
                         net (fo=1, routed)           0.000     5.856    <hidden>
    DSP48E2_X8Y77        DSP_OUTPUT (Prop_DSP_OUTPUT_DSP48E2_ALU_OUT[47]_PATTERN_DETECT)
                                                      0.363     6.219 r  <hidden>
                         net (fo=60, routed)          0.402     6.621    <hidden>
    SLICE_X60Y204        LUT3 (Prop_C6LUT_SLICEM_I1_O)
                                                      0.145     6.766 r  <hidden>
                         net (fo=4, routed)           0.093     6.859    <hidden>
    SLICE_X60Y203        LUT4 (Prop_C5LUT_SLICEM_I1_O)
                                                      0.111     6.970 r  <hidden>
                         net (fo=1, routed)           0.367     7.337    <hidden>
    SLICE_X61Y202        LUT6 (Prop_G6LUT_SLICEM_I0_O)
                                                      0.150     7.487 r  <hidden>
                         net (fo=2, routed)           0.101     7.587    <hidden>
    SLICE_X61Y203        LUT6 (Prop_A6LUT_SLICEM_I1_O)
                                                      0.125     7.712 f  <hidden>
                         net (fo=6, routed)           0.116     7.828    <hidden>
    SLICE_X61Y203        LUT5 (Prop_D6LUT_SLICEM_I3_O)
                                                      0.122     7.950 r  <hidden>
                         net (fo=3, routed)           0.140     8.090    <hidden>
    SLICE_X62Y203        LUT6 (Prop_G6LUT_SLICEL_I3_O)
                                                      0.089     8.179 r  <hidden>
                         net (fo=2, routed)           0.140     8.319    <hidden>
    SLICE_X62Y204        LUT3 (Prop_C5LUT_SLICEL_I1_O)
                                                      0.068     8.387 r  <hidden>
                         net (fo=1, routed)           0.275     8.662    <hidden>
    DSP48E2_X8Y75        DSP_C_DATA (Prop_DSP_C_DATA_DSP48E2_C[34]_C_DATA[34])
                                                      0.105     8.767 r  <hidden>
                         net (fo=2, routed)           0.000     8.767    <hidden>
    DSP48E2_X8Y75        DSP_ALU (Prop_DSP_ALU_DSP48E2_C_DATA[34]_ALU_OUT[34])
                                                      0.585     9.352 f  <hidden>
                         net (fo=1, routed)           0.000     9.352    <hidden>
    DSP48E2_X8Y75        DSP_OUTPUT (Prop_DSP_OUTPUT_DSP48E2_ALU_OUT[34]_P[34])
                                                      0.109     9.461 r  <hidden>
                         net (fo=1, routed)           0.241     9.702    <hidden>
    SLICE_X60Y201        LUT3 (Prop_D5LUT_SLICEM_I2_O)
                                                      0.066     9.768 r  <hidden>
                         net (fo=1, routed)           0.030     9.798    u_bd/split_d_system_i/fsa_0/inst/grp_run_fu_161/grp_runController_fu_106/grp_runQueryTile_fu_142/runQueryBlock_0_U0/grp_runQueryBlock_0_Outline_VITIS_LOOP_117_5_fu_168/grp_fu_888_p2[30]
    SLICE_X60Y201        FDRE                                         r  u_bd/split_d_system_i/fsa_0/inst/grp_run_fu_161/grp_runController_fu_106/grp_runQueryTile_fu_142/runQueryBlock_0_U0/grp_runQueryBlock_0_Outline_VITIS_LOOP_117_5_fu_168/sub_i5_reg_2869_reg[30]/D
  -------------------------------------------------------------------    -------------------

                         (clock clk_out1_split_d_system_clk_wiz_0_0 rise edge)
                                                     10.000    10.000 r  
    BH42                                              0.000    10.000 r  board_clk_p (IN)
                         net (fo=0)                   0.079    10.079    u_board_clk/I
    HPIOBDIFFINBUF_X0Y36 DIFFINBUF (Prop_DIFFINBUF_HPIOBDIFFINBUF_DIFF_IN_P_O)
                                                      0.518    10.597 r  u_board_clk/DIFFINBUF_INST/O
                         net (fo=1, routed)           0.040    10.637    u_board_clk/OUT
    BH42                 IBUFCTRL (Prop_IBUFCTRL_HPIOB_M_I_O)
                                                      0.000    10.637 r  u_board_clk/IBUFCTRL_INST/O
                         net (fo=4, routed)           0.333    10.970    u_bd/split_d_system_i/clk_wiz_0/inst/clk_in1
    MMCM_X0Y1            MMCME4_ADV (Prop_MMCM_CLKIN1_CLKOUT0)
                                                      0.630    11.600 r  u_bd/split_d_system_i/clk_wiz_0/inst/mmcme4_adv_inst/CLKOUT0
                         net (fo=1, routed)           0.215    11.815    u_bd/split_d_system_i/clk_wiz_0/inst/clk_out1_split_d_system_clk_wiz_0_0
    BUFGCE_X0Y24         BUFGCE (Prop_BUFCE_BUFGCE_I_O)
                                                      0.024    11.839 r  u_bd/split_d_system_i/clk_wiz_0/inst/clkout1_buf/O
    X3Y1 (CLOCK_ROOT)    net (fo=50729, routed)       1.576    13.415    u_bd/split_d_system_i/fsa_0/inst/grp_run_fu_161/grp_runController_fu_106/grp_runQueryTile_fu_142/runQueryBlock_0_U0/grp_runQueryBlock_0_Outline_VITIS_LOOP_117_5_fu_168/ap_clk
    SLICE_X60Y201        FDRE                                         r  u_bd/split_d_system_i/fsa_0/inst/grp_run_fu_161/grp_runController_fu_106/grp_runQueryTile_fu_142/runQueryBlock_0_U0/grp_runQueryBlock_0_Outline_VITIS_LOOP_117_5_fu_168/sub_i5_reg_2869_reg[30]/C
                         clock pessimism             -0.430    12.985    
                         clock uncertainty           -2.770    10.215    
    SLICE_X60Y201        FDRE (Setup_DFF2_SLICEM_C_D)
                                                      0.025    10.240    u_bd/split_d_system_i/fsa_0/inst/grp_run_fu_161/grp_runController_fu_106/grp_runQueryTile_fu_142/runQueryBlock_0_U0/grp_runQueryBlock_0_Outline_VITIS_LOOP_117_5_fu_168/sub_i5_reg_2869_reg[30]
  -------------------------------------------------------------------
                         required time                         10.240    
                         arrival time                          -9.798    
  -------------------------------------------------------------------
                         slack                                  0.442    

Slack (MET) :             0.446ns  (required time - arrival time)
  Source:                 <hidden>
                            (rising edge-triggered cell FDRE clocked by clk_out1_split_d_system_clk_wiz_0_0  {rise@0.000ns fall@5.000ns period=10.000ns})
  Destination:            u_bd/split_d_system_i/fsa_0/inst/grp_run_fu_161/grp_runController_fu_106/grp_runQueryTile_fu_142/runQueryBlock_1_U0/grp_runQueryBlock_1_Outline_VITIS_LOOP_117_5_fu_172/acc_b_3_reg_2864_reg[23]/D
                            (rising edge-triggered cell FDRE clocked by clk_out1_split_d_system_clk_wiz_0_0  {rise@0.000ns fall@5.000ns period=10.000ns})
  Path Group:             clk_out1_split_d_system_clk_wiz_0_0
  Path Type:              Setup (Max at Slow Process Corner)
  Requirement:            10.000ns  (clk_out1_split_d_system_clk_wiz_0_0 rise@10.000ns - clk_out1_split_d_system_clk_wiz_0_0 rise@0.000ns)
  Data Path Delay:        6.768ns  (logic 4.805ns (70.996%)  route 1.963ns (29.004%))
  Logic Levels:           18  (CARRY8=1 DSP_A_B_DATA=1 DSP_ALU=2 DSP_M_DATA=2 DSP_MULTIPLIER=2 DSP_OUTPUT=2 DSP_PREADD=1 DSP_PREADD_DATA=3 LUT3=1 LUT5=3)
  Clock Path Skew:        -0.041ns (DCD - SCD + CPR)
    Destination Clock Delay (DCD):    3.494ns = ( 13.494 - 10.000 ) 
    Source Clock Delay      (SCD):    3.111ns
    Clock Pessimism Removal (CPR):    -0.424ns
  Clock Uncertainty:      2.770ns  ((TSJ^2 + DJ^2)^1/2) / 2 + PE + UU
    Total System Jitter     (TSJ):    0.071ns
    Discrete Jitter          (DJ):    0.120ns
    Phase Error              (PE):    0.000ns
    User Uncertainty         (UU):    2.700ns
  Clock Net Delay (Source):      1.816ns (routing 0.581ns, distribution 1.235ns)
  Clock Net Delay (Destination): 1.655ns (routing 0.530ns, distribution 1.125ns)

    Location             Delay type                Incr(ns)  Path(ns)    Netlist Resource(s)
  -------------------------------------------------------------------    -------------------
                         (clock clk_out1_split_d_system_clk_wiz_0_0 rise edge)
                                                      0.000     0.000 r  
    BH42                                              0.000     0.000 r  board_clk_p (IN)
                         net (fo=0)                   0.100     0.100    u_board_clk/I
    HPIOBDIFFINBUF_X0Y36 DIFFINBUF (Prop_DIFFINBUF_HPIOBDIFFINBUF_DIFF_IN_P_O)
                                                      0.615     0.715 r  u_board_clk/DIFFINBUF_INST/O
                         net (fo=1, routed)           0.050     0.765    u_board_clk/OUT
    BH42                 IBUFCTRL (Prop_IBUFCTRL_HPIOB_M_I_O)
                                                      0.000     0.765 r  u_board_clk/IBUFCTRL_INST/O
                         net (fo=4, routed)           0.384     1.149    u_bd/split_d_system_i/clk_wiz_0/inst/clk_in1
    MMCM_X0Y1            MMCME4_ADV (Prop_MMCM_CLKIN1_CLKOUT0)
                                                     -0.127     1.022 r  u_bd/split_d_system_i/clk_wiz_0/inst/mmcme4_adv_inst/CLKOUT0
                         net (fo=1, routed)           0.245     1.267    u_bd/split_d_system_i/clk_wiz_0/inst/clk_out1_split_d_system_clk_wiz_0_0
    BUFGCE_X0Y24         BUFGCE (Prop_BUFCE_BUFGCE_I_O)
                                                      0.028     1.295 r  u_bd/split_d_system_i/clk_wiz_0/inst/clkout1_buf/O
    X3Y1 (CLOCK_ROOT)    net (fo=50729, routed)       1.816     3.111    <hidden>
    SLICE_X122Y226       FDRE                                         r  <hidden>
  -------------------------------------------------------------------    -------------------
    SLICE_X122Y226       FDRE (Prop_HFF_SLICEM_C_Q)
                                                      0.079     3.190 r  <hidden>
                         net (fo=54, routed)          0.218     3.408    <hidden>
    SLICE_X126Y228       LUT3 (Prop_B6LUT_SLICEM_I1_O)
                                                      0.149     3.557 f  <hidden>
                         net (fo=2, routed)           0.554     4.111    <hidden>
    DSP48E2_X17Y84       DSP_PREADD_DATA (Prop_DSP_PREADD_DATA_DSP48E2_DIN[7]_D_DATA[7])
                                                      0.240     4.351 r  <hidden>
                         net (fo=1, routed)           0.000     4.351    <hidden>
    DSP48E2_X17Y84       DSP_PREADD (Prop_DSP_PREADD_DSP48E2_D_DATA[7]_AD[26])
                                                      0.524     4.875 f  <hidden>
                         net (fo=1, routed)           0.000     4.875    <hidden>
    DSP48E2_X17Y84       DSP_PREADD_DATA (Prop_DSP_PREADD_DATA_DSP48E2_AD[26]_AD_DATA[26])
                                                      0.050     4.925 r  <hidden>
                         net (fo=1, routed)           0.000     4.925    <hidden>
    DSP48E2_X17Y84       DSP_MULTIPLIER (Prop_DSP_MULTIPLIER_DSP48E2_AD_DATA[26]_U[43])
                                                      0.612     5.537 f  <hidden>
                         net (fo=1, routed)           0.000     5.537    <hidden>
    DSP48E2_X17Y84       DSP_M_DATA (Prop_DSP_M_DATA_DSP48E2_U[43]_U_DATA[43])
                                                      0.047     5.584 r  <hidden>
                         net (fo=1, routed)           0.000     5.584    <hidden>
    DSP48E2_X17Y84       DSP_ALU (Prop_DSP_ALU_DSP48E2_U_DATA[43]_ALU_OUT[47])
                                                      0.585     6.169 r  <hidden>
                         net (fo=1, routed)           0.000     6.169    <hidden>
    DSP48E2_X17Y84       DSP_OUTPUT (Prop_DSP_OUTPUT_DSP48E2_ALU_OUT[47]_PATTERN_DETECT)
                                                      0.363     6.532 r  <hidden>
                         net (fo=59, routed)          0.304     6.836    <hidden>
    SLICE_X128Y226       LUT5 (Prop_A6LUT_SLICEM_I3_O)
                                                      0.125     6.961 r  <hidden>
                         net (fo=1, routed)           0.013     6.974    <hidden>
    SLICE_X128Y226       CARRY8 (Prop_CARRY8_SLICEM_S[0]_CO[6])
                                                      0.217     7.191 r  <hidden>
                         net (fo=4, routed)           0.255     7.446    <hidden>
    SLICE_X127Y225       LUT5 (Prop_C5LUT_SLICEL_I2_O)
                                                      0.158     7.604 f  <hidden>
                         net (fo=1, routed)           0.310     7.914    <hidden>
    DSP48E2_X17Y82       DSP_A_B_DATA (Prop_DSP_A_B_DATA_DSP48E2_B[13]_B2_DATA[13])
                                                      0.151     8.065 r  <hidden>
                         net (fo=1, routed)           0.000     8.065    <hidden>
    DSP48E2_X17Y82       DSP_PREADD_DATA (Prop_DSP_PREADD_DATA_DSP48E2_B2_DATA[13]_B2B1[13])
                                                      0.073     8.138 r  <hidden>
                         net (fo=1, routed)           0.000     8.138    <hidden>
    DSP48E2_X17Y82       DSP_MULTIPLIER (Prop_DSP_MULTIPLIER_DSP48E2_B2B1[13]_V[27])
                                                      0.609     8.747 f  <hidden>
                         net (fo=1, routed)           0.000     8.747    <hidden>
    DSP48E2_X17Y82       DSP_M_DATA (Prop_DSP_M_DATA_DSP48E2_V[27]_V_DATA[27])
                                                      0.046     8.793 r  <hidden>
                         net (fo=1, routed)           0.000     8.793    <hidden>
    DSP48E2_X17Y82       DSP_ALU (Prop_DSP_ALU_DSP48E2_V_DATA[27]_ALU_OUT[27])
                                                      0.571     9.364 f  <hidden>
                         net (fo=1, routed)           0.000     9.364    <hidden>
    DSP48E2_X17Y82       DSP_OUTPUT (Prop_DSP_OUTPUT_DSP48E2_ALU_OUT[27]_P[27])
                                                      0.109     9.473 r  <hidden>
                         net (fo=1, routed)           0.261     9.734    <hidden>
    SLICE_X131Y223       LUT5 (Prop_G6LUT_SLICEL_I4_O)
                                                      0.097     9.831 r  <hidden>
                         net (fo=1, routed)           0.048     9.879    u_bd/split_d_system_i/fsa_0/inst/grp_run_fu_161/grp_runController_fu_106/grp_runQueryTile_fu_142/runQueryBlock_1_U0/grp_runQueryBlock_1_Outline_VITIS_LOOP_117_5_fu_172/grp_fu_884_p2[23]
    SLICE_X131Y223       FDRE                                         r  u_bd/split_d_system_i/fsa_0/inst/grp_run_fu_161/grp_runController_fu_106/grp_runQueryTile_fu_142/runQueryBlock_1_U0/grp_runQueryBlock_1_Outline_VITIS_LOOP_117_5_fu_172/acc_b_3_reg_2864_reg[23]/D
  -------------------------------------------------------------------    -------------------

                         (clock clk_out1_split_d_system_clk_wiz_0_0 rise edge)
                                                     10.000    10.000 r  
    BH42                                              0.000    10.000 r  board_clk_p (IN)
                         net (fo=0)                   0.079    10.079    u_board_clk/I
    HPIOBDIFFINBUF_X0Y36 DIFFINBUF (Prop_DIFFINBUF_HPIOBDIFFINBUF_DIFF_IN_P_O)
                                                      0.518    10.597 r  u_board_clk/DIFFINBUF_INST/O
                         net (fo=1, routed)           0.040    10.637    u_board_clk/OUT
    BH42                 IBUFCTRL (Prop_IBUFCTRL_HPIOB_M_I_O)
                                                      0.000    10.637 r  u_board_clk/IBUFCTRL_INST/O
                         net (fo=4, routed)           0.333    10.970    u_bd/split_d_system_i/clk_wiz_0/inst/clk_in1
    MMCM_X0Y1            MMCME4_ADV (Prop_MMCM_CLKIN1_CLKOUT0)
                                                      0.630    11.600 r  u_bd/split_d_system_i/clk_wiz_0/inst/mmcme4_adv_inst/CLKOUT0
                         net (fo=1, routed)           0.215    11.815    u_bd/split_d_system_i/clk_wiz_0/inst/clk_out1_split_d_system_clk_wiz_0_0
    BUFGCE_X0Y24         BUFGCE (Prop_BUFCE_BUFGCE_I_O)
                                                      0.024    11.839 r  u_bd/split_d_system_i/clk_wiz_0/inst/clkout1_buf/O
    X3Y1 (CLOCK_ROOT)    net (fo=50729, routed)       1.655    13.494    u_bd/split_d_system_i/fsa_0/inst/grp_run_fu_161/grp_runController_fu_106/grp_runQueryTile_fu_142/runQueryBlock_1_U0/grp_runQueryBlock_1_Outline_VITIS_LOOP_117_5_fu_172/ap_clk
    SLICE_X131Y223       FDRE                                         r  u_bd/split_d_system_i/fsa_0/inst/grp_run_fu_161/grp_runController_fu_106/grp_runQueryTile_fu_142/runQueryBlock_1_U0/grp_runQueryBlock_1_Outline_VITIS_LOOP_117_5_fu_172/acc_b_3_reg_2864_reg[23]/C
                         clock pessimism             -0.424    13.070    
                         clock uncertainty           -2.770    10.300    
    SLICE_X131Y223       FDRE (Setup_GFF_SLICEL_C_D)
                                                      0.025    10.325    u_bd/split_d_system_i/fsa_0/inst/grp_run_fu_161/grp_runController_fu_106/grp_runQueryTile_fu_142/runQueryBlock_1_U0/grp_runQueryBlock_1_Outline_VITIS_LOOP_117_5_fu_172/acc_b_3_reg_2864_reg[23]
  -------------------------------------------------------------------
                         required time                         10.325    
                         arrival time                          -9.879    
  -------------------------------------------------------------------
                         slack                                  0.446    

Slack (MET) :             0.447ns  (required time - arrival time)
  Source:                 <hidden>
                            (rising edge-triggered cell FDRE clocked by clk_out1_split_d_system_clk_wiz_0_0  {rise@0.000ns fall@5.000ns period=10.000ns})
  Destination:            u_bd/split_d_system_i/fsa_0/inst/grp_run_fu_161/grp_runController_fu_106/grp_runQueryTile_fu_142/runQueryBlock_1_U0/grp_runQueryBlock_1_Outline_VITIS_LOOP_117_5_fu_172/acc_b_3_reg_2864_reg[11]/D
                            (rising edge-triggered cell FDRE clocked by clk_out1_split_d_system_clk_wiz_0_0  {rise@0.000ns fall@5.000ns period=10.000ns})
  Path Group:             clk_out1_split_d_system_clk_wiz_0_0
  Path Type:              Setup (Max at Slow Process Corner)
  Requirement:            10.000ns  (clk_out1_split_d_system_clk_wiz_0_0 rise@10.000ns - clk_out1_split_d_system_clk_wiz_0_0 rise@0.000ns)
  Data Path Delay:        6.758ns  (logic 4.866ns (72.003%)  route 1.892ns (27.997%))
  Logic Levels:           18  (CARRY8=1 DSP_A_B_DATA=1 DSP_ALU=2 DSP_M_DATA=2 DSP_MULTIPLIER=2 DSP_OUTPUT=2 DSP_PREADD=1 DSP_PREADD_DATA=3 LUT2=1 LUT3=1 LUT5=2)
  Clock Path Skew:        -0.051ns (DCD - SCD + CPR)
    Destination Clock Delay (DCD):    3.484ns = ( 13.484 - 10.000 ) 
    Source Clock Delay      (SCD):    3.111ns
    Clock Pessimism Removal (CPR):    -0.424ns
  Clock Uncertainty:      2.770ns  ((TSJ^2 + DJ^2)^1/2) / 2 + PE + UU
    Total System Jitter     (TSJ):    0.071ns
    Discrete Jitter          (DJ):    0.120ns
    Phase Error              (PE):    0.000ns
    User Uncertainty         (UU):    2.700ns
  Clock Net Delay (Source):      1.816ns (routing 0.581ns, distribution 1.235ns)
  Clock Net Delay (Destination): 1.645ns (routing 0.530ns, distribution 1.115ns)

    Location             Delay type                Incr(ns)  Path(ns)    Netlist Resource(s)
  -------------------------------------------------------------------    -------------------
                         (clock clk_out1_split_d_system_clk_wiz_0_0 rise edge)
                                                      0.000     0.000 r  
    BH42                                              0.000     0.000 r  board_clk_p (IN)
                         net (fo=0)                   0.100     0.100    u_board_clk/I
    HPIOBDIFFINBUF_X0Y36 DIFFINBUF (Prop_DIFFINBUF_HPIOBDIFFINBUF_DIFF_IN_P_O)
                                                      0.615     0.715 r  u_board_clk/DIFFINBUF_INST/O
                         net (fo=1, routed)           0.050     0.765    u_board_clk/OUT
    BH42                 IBUFCTRL (Prop_IBUFCTRL_HPIOB_M_I_O)
                                                      0.000     0.765 r  u_board_clk/IBUFCTRL_INST/O
                         net (fo=4, routed)           0.384     1.149    u_bd/split_d_system_i/clk_wiz_0/inst/clk_in1
    MMCM_X0Y1            MMCME4_ADV (Prop_MMCM_CLKIN1_CLKOUT0)
                                                     -0.127     1.022 r  u_bd/split_d_system_i/clk_wiz_0/inst/mmcme4_adv_inst/CLKOUT0
                         net (fo=1, routed)           0.245     1.267    u_bd/split_d_system_i/clk_wiz_0/inst/clk_out1_split_d_system_clk_wiz_0_0
    BUFGCE_X0Y24         BUFGCE (Prop_BUFCE_BUFGCE_I_O)
                                                      0.028     1.295 r  u_bd/split_d_system_i/clk_wiz_0/inst/clkout1_buf/O
    X3Y1 (CLOCK_ROOT)    net (fo=50729, routed)       1.816     3.111    <hidden>
    SLICE_X122Y226       FDRE                                         r  <hidden>
  -------------------------------------------------------------------    -------------------
    SLICE_X122Y226       FDRE (Prop_HFF_SLICEM_C_Q)
                                                      0.079     3.190 r  <hidden>
                         net (fo=54, routed)          0.218     3.408    <hidden>
    SLICE_X126Y228       LUT3 (Prop_B6LUT_SLICEM_I1_O)
                                                      0.149     3.557 f  <hidden>
                         net (fo=2, routed)           0.554     4.111    <hidden>
    DSP48E2_X17Y84       DSP_PREADD_DATA (Prop_DSP_PREADD_DATA_DSP48E2_DIN[7]_D_DATA[7])
                                                      0.240     4.351 r  <hidden>
                         net (fo=1, routed)           0.000     4.351    <hidden>
    DSP48E2_X17Y84       DSP_PREADD (Prop_DSP_PREADD_DSP48E2_D_DATA[7]_AD[26])
                                                      0.524     4.875 f  <hidden>
                         net (fo=1, routed)           0.000     4.875    <hidden>
    DSP48E2_X17Y84       DSP_PREADD_DATA (Prop_DSP_PREADD_DATA_DSP48E2_AD[26]_AD_DATA[26])
                                                      0.050     4.925 r  <hidden>
                         net (fo=1, routed)           0.000     4.925    <hidden>
    DSP48E2_X17Y84       DSP_MULTIPLIER (Prop_DSP_MULTIPLIER_DSP48E2_AD_DATA[26]_U[43])
                                                      0.612     5.537 f  <hidden>
                         net (fo=1, routed)           0.000     5.537    <hidden>
    DSP48E2_X17Y84       DSP_M_DATA (Prop_DSP_M_DATA_DSP48E2_U[43]_U_DATA[43])
                                                      0.047     5.584 r  <hidden>
                         net (fo=1, routed)           0.000     5.584    <hidden>
    DSP48E2_X17Y84       DSP_ALU (Prop_DSP_ALU_DSP48E2_U_DATA[43]_ALU_OUT[47])
                                                      0.585     6.169 r  <hidden>
                         net (fo=1, routed)           0.000     6.169    <hidden>
    DSP48E2_X17Y84       DSP_OUTPUT (Prop_DSP_OUTPUT_DSP48E2_ALU_OUT[47]_PATTERN_DETECT)
                                                      0.363     6.532 r  <hidden>
                         net (fo=59, routed)          0.304     6.836    <hidden>
    SLICE_X128Y226       LUT5 (Prop_A6LUT_SLICEM_I3_O)
                                                      0.125     6.961 r  <hidden>
                         net (fo=1, routed)           0.013     6.974    <hidden>
    SLICE_X128Y226       CARRY8 (Prop_CARRY8_SLICEM_S[0]_CO[6])
                                                      0.217     7.191 r  <hidden>
                         net (fo=4, routed)           0.255     7.446    <hidden>
    SLICE_X127Y225       LUT5 (Prop_C5LUT_SLICEL_I2_O)
                                                      0.158     7.604 f  <hidden>
                         net (fo=1, routed)           0.310     7.914    <hidden>
    DSP48E2_X17Y82       DSP_A_B_DATA (Prop_DSP_A_B_DATA_DSP48E2_B[13]_B2_DATA[13])
                                                      0.151     8.065 r  <hidden>
                         net (fo=1, routed)           0.000     8.065    <hidden>
    DSP48E2_X17Y82       DSP_PREADD_DATA (Prop_DSP_PREADD_DATA_DSP48E2_B2_DATA[13]_B2B1[13])
                                                      0.073     8.138 r  <hidden>
                         net (fo=1, routed)           0.000     8.138    <hidden>
    DSP48E2_X17Y82       DSP_MULTIPLIER (Prop_DSP_MULTIPLIER_DSP48E2_B2B1[13]_V[13])
                                                      0.609     8.747 f  <hidden>
                         net (fo=1, routed)           0.000     8.747    <hidden>
    DSP48E2_X17Y82       DSP_M_DATA (Prop_DSP_M_DATA_DSP48E2_V[13]_V_DATA[13])
                                                      0.046     8.793 r  <hidden>
                         net (fo=1, routed)           0.000     8.793    <hidden>
    DSP48E2_X17Y82       DSP_ALU (Prop_DSP_ALU_DSP48E2_V_DATA[13]_ALU_OUT[13])
                                                      0.571     9.364 f  <hidden>
                         net (fo=1, routed)           0.000     9.364    <hidden>
    DSP48E2_X17Y82       DSP_OUTPUT (Prop_DSP_OUTPUT_DSP48E2_ALU_OUT[13]_P[13])
                                                      0.109     9.473 r  <hidden>
                         net (fo=1, routed)           0.222     9.695    <hidden>
    SLICE_X130Y221       LUT2 (Prop_C5LUT_SLICEL_I0_O)
                                                      0.158     9.853 r  <hidden>
                         net (fo=1, routed)           0.016     9.869    u_bd/split_d_system_i/fsa_0/inst/grp_run_fu_161/grp_runController_fu_106/grp_runQueryTile_fu_142/runQueryBlock_1_U0/grp_runQueryBlock_1_Outline_VITIS_LOOP_117_5_fu_172/grp_fu_884_p2[11]
    SLICE_X130Y221       FDRE                                         r  u_bd/split_d_system_i/fsa_0/inst/grp_run_fu_161/grp_runController_fu_106/grp_runQueryTile_fu_142/runQueryBlock_1_U0/grp_runQueryBlock_1_Outline_VITIS_LOOP_117_5_fu_172/acc_b_3_reg_2864_reg[11]/D
  -------------------------------------------------------------------    -------------------

                         (clock clk_out1_split_d_system_clk_wiz_0_0 rise edge)
                                                     10.000    10.000 r  
    BH42                                              0.000    10.000 r  board_clk_p (IN)
                         net (fo=0)                   0.079    10.079    u_board_clk/I
    HPIOBDIFFINBUF_X0Y36 DIFFINBUF (Prop_DIFFINBUF_HPIOBDIFFINBUF_DIFF_IN_P_O)
                                                      0.518    10.597 r  u_board_clk/DIFFINBUF_INST/O
                         net (fo=1, routed)           0.040    10.637    u_board_clk/OUT
    BH42                 IBUFCTRL (Prop_IBUFCTRL_HPIOB_M_I_O)
                                                      0.000    10.637 r  u_board_clk/IBUFCTRL_INST/O
                         net (fo=4, routed)           0.333    10.970    u_bd/split_d_system_i/clk_wiz_0/inst/clk_in1
    MMCM_X0Y1            MMCME4_ADV (Prop_MMCM_CLKIN1_CLKOUT0)
                                                      0.630    11.600 r  u_bd/split_d_system_i/clk_wiz_0/inst/mmcme4_adv_inst/CLKOUT0
                         net (fo=1, routed)           0.215    11.815    u_bd/split_d_system_i/clk_wiz_0/inst/clk_out1_split_d_system_clk_wiz_0_0
    BUFGCE_X0Y24         BUFGCE (Prop_BUFCE_BUFGCE_I_O)
                                                      0.024    11.839 r  u_bd/split_d_system_i/clk_wiz_0/inst/clkout1_buf/O
    X3Y1 (CLOCK_ROOT)    net (fo=50729, routed)       1.645    13.484    u_bd/split_d_system_i/fsa_0/inst/grp_run_fu_161/grp_runController_fu_106/grp_runQueryTile_fu_142/runQueryBlock_1_U0/grp_runQueryBlock_1_Outline_VITIS_LOOP_117_5_fu_172/ap_clk
    SLICE_X130Y221       FDRE                                         r  u_bd/split_d_system_i/fsa_0/inst/grp_run_fu_161/grp_runController_fu_106/grp_runQueryTile_fu_142/runQueryBlock_1_U0/grp_runQueryBlock_1_Outline_VITIS_LOOP_117_5_fu_172/acc_b_3_reg_2864_reg[11]/C
                         clock pessimism             -0.424    13.060    
                         clock uncertainty           -2.770    10.290    
    SLICE_X130Y221       FDRE (Setup_CFF2_SLICEL_C_D)
                                                      0.025    10.315    u_bd/split_d_system_i/fsa_0/inst/grp_run_fu_161/grp_runController_fu_106/grp_runQueryTile_fu_142/runQueryBlock_1_U0/grp_runQueryBlock_1_Outline_VITIS_LOOP_117_5_fu_172/acc_b_3_reg_2864_reg[11]
  -------------------------------------------------------------------
                         required time                         10.315    
                         arrival time                          -9.869    
  -------------------------------------------------------------------
                         slack                                  0.447    

Slack (MET) :             0.447ns  (required time - arrival time)
  Source:                 <hidden>
                            (rising edge-triggered cell FDRE clocked by clk_out1_split_d_system_clk_wiz_0_0  {rise@0.000ns fall@5.000ns period=10.000ns})
  Destination:            u_bd/split_d_system_i/fsa_0/inst/grp_run_fu_161/grp_runController_fu_106/grp_runQueryTile_fu_142/runQueryBlock_0_U0/grp_runQueryBlock_0_Outline_VITIS_LOOP_117_5_fu_168/acc_b_6_reg_2864_reg[14]/D
                            (rising edge-triggered cell FDRE clocked by clk_out1_split_d_system_clk_wiz_0_0  {rise@0.000ns fall@5.000ns period=10.000ns})
  Path Group:             clk_out1_split_d_system_clk_wiz_0_0
  Path Type:              Setup (Max at Slow Process Corner)
  Requirement:            10.000ns  (clk_out1_split_d_system_clk_wiz_0_0 rise@10.000ns - clk_out1_split_d_system_clk_wiz_0_0 rise@0.000ns)
  Data Path Delay:        6.741ns  (logic 4.766ns (70.701%)  route 1.975ns (29.299%))
  Logic Levels:           19  (CARRY8=1 DSP_A_B_DATA=2 DSP_ALU=2 DSP_M_DATA=2 DSP_MULTIPLIER=2 DSP_OUTPUT=2 DSP_PREADD=1 DSP_PREADD_DATA=3 LUT2=1 LUT3=1 LUT5=2)
  Clock Path Skew:        -0.067ns (DCD - SCD + CPR)
    Destination Clock Delay (DCD):    3.422ns = ( 13.422 - 10.000 ) 
    Source Clock Delay      (SCD):    3.059ns
    Clock Pessimism Removal (CPR):    -0.430ns
  Clock Uncertainty:      2.770ns  ((TSJ^2 + DJ^2)^1/2) / 2 + PE + UU
    Total System Jitter     (TSJ):    0.071ns
    Discrete Jitter          (DJ):    0.120ns
    Phase Error              (PE):    0.000ns
    User Uncertainty         (UU):    2.700ns
  Clock Net Delay (Source):      1.764ns (routing 0.581ns, distribution 1.183ns)
  Clock Net Delay (Destination): 1.583ns (routing 0.530ns, distribution 1.053ns)

    Location             Delay type                Incr(ns)  Path(ns)    Netlist Resource(s)
  -------------------------------------------------------------------    -------------------
                         (clock clk_out1_split_d_system_clk_wiz_0_0 rise edge)
                                                      0.000     0.000 r  
    BH42                                              0.000     0.000 r  board_clk_p (IN)
                         net (fo=0)                   0.100     0.100    u_board_clk/I
    HPIOBDIFFINBUF_X0Y36 DIFFINBUF (Prop_DIFFINBUF_HPIOBDIFFINBUF_DIFF_IN_P_O)
                                                      0.615     0.715 r  u_board_clk/DIFFINBUF_INST/O
                         net (fo=1, routed)           0.050     0.765    u_board_clk/OUT
    BH42                 IBUFCTRL (Prop_IBUFCTRL_HPIOB_M_I_O)
                                                      0.000     0.765 r  u_board_clk/IBUFCTRL_INST/O
                         net (fo=4, routed)           0.384     1.149    u_bd/split_d_system_i/clk_wiz_0/inst/clk_in1
    MMCM_X0Y1            MMCME4_ADV (Prop_MMCM_CLKIN1_CLKOUT0)
                                                     -0.127     1.022 r  u_bd/split_d_system_i/clk_wiz_0/inst/mmcme4_adv_inst/CLKOUT0
                         net (fo=1, routed)           0.245     1.267    u_bd/split_d_system_i/clk_wiz_0/inst/clk_out1_split_d_system_clk_wiz_0_0
    BUFGCE_X0Y24         BUFGCE (Prop_BUFCE_BUFGCE_I_O)
                                                      0.028     1.295 r  u_bd/split_d_system_i/clk_wiz_0/inst/clkout1_buf/O
    X3Y1 (CLOCK_ROOT)    net (fo=50729, routed)       1.764     3.059    <hidden>
    SLICE_X62Y220        FDRE                                         r  <hidden>
  -------------------------------------------------------------------    -------------------
    SLICE_X62Y220        FDRE (Prop_HFF_SLICEL_C_Q)
                                                      0.079     3.138 r  <hidden>
                         net (fo=54, routed)          0.360     3.498    <hidden>
    SLICE_X60Y216        LUT3 (Prop_H6LUT_SLICEM_I1_O)
                                                      0.053     3.551 r  <hidden>
                         net (fo=2, routed)           0.279     3.830    <hidden>
    DSP48E2_X8Y80        DSP_A_B_DATA (Prop_DSP_A_B_DATA_DSP48E2_A[19]_A2_DATA[19])
                                                      0.192     4.022 f  <hidden>
                         net (fo=1, routed)           0.000     4.022    <hidden>
    DSP48E2_X8Y80        DSP_PREADD_DATA (Prop_DSP_PREADD_DATA_DSP48E2_A2_DATA[19]_PREADD_AB[19])
                                                      0.124     4.146 r  <hidden>
                         net (fo=1, routed)           0.000     4.146    <hidden>
    DSP48E2_X8Y80        DSP_PREADD (Prop_DSP_PREADD_DSP48E2_PREADD_AB[19]_AD[26])
                                                      0.488     4.634 f  <hidden>
                         net (fo=1, routed)           0.000     4.634    <hidden>
    DSP48E2_X8Y80        DSP_PREADD_DATA (Prop_DSP_PREADD_DATA_DSP48E2_AD[26]_AD_DATA[26])
                                                      0.050     4.684 r  <hidden>
                         net (fo=1, routed)           0.000     4.684    <hidden>
    DSP48E2_X8Y80        DSP_MULTIPLIER (Prop_DSP_MULTIPLIER_DSP48E2_AD_DATA[26]_U[43])
                                                      0.612     5.296 f  <hidden>
                         net (fo=1, routed)           0.000     5.296    <hidden>
    DSP48E2_X8Y80        DSP_M_DATA (Prop_DSP_M_DATA_DSP48E2_U[43]_U_DATA[43])
                                                      0.047     5.343 r  <hidden>
                         net (fo=1, routed)           0.000     5.343    <hidden>
    DSP48E2_X8Y80        DSP_ALU (Prop_DSP_ALU_DSP48E2_U_DATA[43]_ALU_OUT[47])
                                                      0.585     5.928 r  <hidden>
                         net (fo=1, routed)           0.000     5.928    <hidden>
    DSP48E2_X8Y80        DSP_OUTPUT (Prop_DSP_OUTPUT_DSP48E2_ALU_OUT[47]_PATTERN_DETECT)
                                                      0.363     6.291 r  <hidden>
                         net (fo=59, routed)          0.340     6.631    <hidden>
    SLICE_X59Y218        LUT5 (Prop_B6LUT_SLICEL_I3_O)
                                                      0.148     6.779 r  <hidden>
                         net (fo=1, routed)           0.009     6.788    <hidden>
    SLICE_X59Y218        CARRY8 (Prop_CARRY8_SLICEL_S[1]_CO[3])
                                                      0.180     6.968 f  <hidden>
                         net (fo=20, routed)          0.286     7.254    <hidden>
    SLICE_X59Y217        LUT5 (Prop_C5LUT_SLICEL_I3_O)
                                                      0.136     7.390 f  <hidden>
                         net (fo=1, routed)           0.351     7.741    <hidden>
    DSP48E2_X8Y81        DSP_A_B_DATA (Prop_DSP_A_B_DATA_DSP48E2_B[8]_B2_DATA[8])
                                                      0.151     7.892 r  <hidden>
                         net (fo=1, routed)           0.000     7.892    <hidden>
    DSP48E2_X8Y81        DSP_PREADD_DATA (Prop_DSP_PREADD_DATA_DSP48E2_B2_DATA[8]_B2B1[8])
                                                      0.073     7.965 r  <hidden>
                         net (fo=1, routed)           0.000     7.965    <hidden>
    DSP48E2_X8Y81        DSP_MULTIPLIER (Prop_DSP_MULTIPLIER_DSP48E2_B2B1[8]_V[16])
                                                      0.609     8.574 f  <hidden>
                         net (fo=1, routed)           0.000     8.574    <hidden>
    DSP48E2_X8Y81        DSP_M_DATA (Prop_DSP_M_DATA_DSP48E2_V[16]_V_DATA[16])
                                                      0.046     8.620 r  <hidden>
                         net (fo=1, routed)           0.000     8.620    <hidden>
    DSP48E2_X8Y81        DSP_ALU (Prop_DSP_ALU_DSP48E2_V_DATA[16]_ALU_OUT[16])
                                                      0.571     9.191 f  <hidden>
                         net (fo=1, routed)           0.000     9.191    <hidden>
    DSP48E2_X8Y81        DSP_OUTPUT (Prop_DSP_OUTPUT_DSP48E2_ALU_OUT[16]_P[16])
                                                      0.109     9.300 r  <hidden>
                         net (fo=1, routed)           0.291     9.591    <hidden>
    SLICE_X57Y217        LUT2 (Prop_G6LUT_SLICEM_I0_O)
                                                      0.150     9.741 r  <hidden>
                         net (fo=1, routed)           0.059     9.800    u_bd/split_d_system_i/fsa_0/inst/grp_run_fu_161/grp_runController_fu_106/grp_runQueryTile_fu_142/runQueryBlock_0_U0/grp_runQueryBlock_0_Outline_VITIS_LOOP_117_5_fu_168/grp_fu_884_p2[14]
    SLICE_X57Y217        FDRE                                         r  u_bd/split_d_system_i/fsa_0/inst/grp_run_fu_161/grp_runController_fu_106/grp_runQueryTile_fu_142/runQueryBlock_0_U0/grp_runQueryBlock_0_Outline_VITIS_LOOP_117_5_fu_168/acc_b_6_reg_2864_reg[14]/D
  -------------------------------------------------------------------    -------------------

                         (clock clk_out1_split_d_system_clk_wiz_0_0 rise edge)
                                                     10.000    10.000 r  
    BH42                                              0.000    10.000 r  board_clk_p (IN)
                         net (fo=0)                   0.079    10.079    u_board_clk/I
    HPIOBDIFFINBUF_X0Y36 DIFFINBUF (Prop_DIFFINBUF_HPIOBDIFFINBUF_DIFF_IN_P_O)
                                                      0.518    10.597 r  u_board_clk/DIFFINBUF_INST/O
                         net (fo=1, routed)           0.040    10.637    u_board_clk/OUT
    BH42                 IBUFCTRL (Prop_IBUFCTRL_HPIOB_M_I_O)
                                                      0.000    10.637 r  u_board_clk/IBUFCTRL_INST/O
                         net (fo=4, routed)           0.333    10.970    u_bd/split_d_system_i/clk_wiz_0/inst/clk_in1
    MMCM_X0Y1            MMCME4_ADV (Prop_MMCM_CLKIN1_CLKOUT0)
                                                      0.630    11.600 r  u_bd/split_d_system_i/clk_wiz_0/inst/mmcme4_adv_inst/CLKOUT0
                         net (fo=1, routed)           0.215    11.815    u_bd/split_d_system_i/clk_wiz_0/inst/clk_out1_split_d_system_clk_wiz_0_0
    BUFGCE_X0Y24         BUFGCE (Prop_BUFCE_BUFGCE_I_O)
                                                      0.024    11.839 r  u_bd/split_d_system_i/clk_wiz_0/inst/clkout1_buf/O
    X3Y1 (CLOCK_ROOT)    net (fo=50729, routed)       1.583    13.422    u_bd/split_d_system_i/fsa_0/inst/grp_run_fu_161/grp_runController_fu_106/grp_runQueryTile_fu_142/runQueryBlock_0_U0/grp_runQueryBlock_0_Outline_VITIS_LOOP_117_5_fu_168/ap_clk
    SLICE_X57Y217        FDRE                                         r  u_bd/split_d_system_i/fsa_0/inst/grp_run_fu_161/grp_runController_fu_106/grp_runQueryTile_fu_142/runQueryBlock_0_U0/grp_runQueryBlock_0_Outline_VITIS_LOOP_117_5_fu_168/acc_b_6_reg_2864_reg[14]/C
                         clock pessimism             -0.430    12.992    
                         clock uncertainty           -2.770    10.222    
    SLICE_X57Y217        FDRE (Setup_GFF_SLICEM_C_D)
                                                      0.025    10.247    u_bd/split_d_system_i/fsa_0/inst/grp_run_fu_161/grp_runController_fu_106/grp_runQueryTile_fu_142/runQueryBlock_0_U0/grp_runQueryBlock_0_Outline_VITIS_LOOP_117_5_fu_168/acc_b_6_reg_2864_reg[14]
  -------------------------------------------------------------------
                         required time                         10.247    
                         arrival time                          -9.800    
  -------------------------------------------------------------------
                         slack                                  0.447    

Slack (MET) :             0.452ns  (required time - arrival time)
  Source:                 <hidden>
                            (rising edge-triggered cell FDRE clocked by clk_out1_split_d_system_clk_wiz_0_0  {rise@0.000ns fall@5.000ns period=10.000ns})
  Destination:            u_bd/split_d_system_i/fsa_0/inst/grp_run_fu_161/grp_runController_fu_106/grp_runQueryTile_fu_142/runQueryBlock_1_U0/grp_runQueryBlock_1_Outline_VITIS_LOOP_117_5_fu_172/acc_b_3_reg_2864_reg[30]/D
                            (rising edge-triggered cell FDRE clocked by clk_out1_split_d_system_clk_wiz_0_0  {rise@0.000ns fall@5.000ns period=10.000ns})
  Path Group:             clk_out1_split_d_system_clk_wiz_0_0
  Path Type:              Setup (Max at Slow Process Corner)
  Requirement:            10.000ns  (clk_out1_split_d_system_clk_wiz_0_0 rise@10.000ns - clk_out1_split_d_system_clk_wiz_0_0 rise@0.000ns)
  Data Path Delay:        6.762ns  (logic 4.333ns (64.081%)  route 2.429ns (35.919%))
  Logic Levels:           19  (CARRY8=1 DSP_ALU=2 DSP_C_DATA=1 DSP_M_DATA=1 DSP_MULTIPLIER=1 DSP_OUTPUT=2 DSP_PREADD=1 DSP_PREADD_DATA=2 LUT2=1 LUT3=1 LUT5=4 LUT6=2)
  Clock Path Skew:        -0.041ns (DCD - SCD + CPR)
    Destination Clock Delay (DCD):    3.494ns = ( 13.494 - 10.000 ) 
    Source Clock Delay      (SCD):    3.111ns
    Clock Pessimism Removal (CPR):    -0.424ns
  Clock Uncertainty:      2.770ns  ((TSJ^2 + DJ^2)^1/2) / 2 + PE + UU
    Total System Jitter     (TSJ):    0.071ns
    Discrete Jitter          (DJ):    0.120ns
    Phase Error              (PE):    0.000ns
    User Uncertainty         (UU):    2.700ns
  Clock Net Delay (Source):      1.816ns (routing 0.581ns, distribution 1.235ns)
  Clock Net Delay (Destination): 1.655ns (routing 0.530ns, distribution 1.125ns)

    Location             Delay type                Incr(ns)  Path(ns)    Netlist Resource(s)
  -------------------------------------------------------------------    -------------------
                         (clock clk_out1_split_d_system_clk_wiz_0_0 rise edge)
                                                      0.000     0.000 r  
    BH42                                              0.000     0.000 r  board_clk_p (IN)
                         net (fo=0)                   0.100     0.100    u_board_clk/I
    HPIOBDIFFINBUF_X0Y36 DIFFINBUF (Prop_DIFFINBUF_HPIOBDIFFINBUF_DIFF_IN_P_O)
                                                      0.615     0.715 r  u_board_clk/DIFFINBUF_INST/O
                         net (fo=1, routed)           0.050     0.765    u_board_clk/OUT
    BH42                 IBUFCTRL (Prop_IBUFCTRL_HPIOB_M_I_O)
                                                      0.000     0.765 r  u_board_clk/IBUFCTRL_INST/O
                         net (fo=4, routed)           0.384     1.149    u_bd/split_d_system_i/clk_wiz_0/inst/clk_in1
    MMCM_X0Y1            MMCME4_ADV (Prop_MMCM_CLKIN1_CLKOUT0)
                                                     -0.127     1.022 r  u_bd/split_d_system_i/clk_wiz_0/inst/mmcme4_adv_inst/CLKOUT0
                         net (fo=1, routed)           0.245     1.267    u_bd/split_d_system_i/clk_wiz_0/inst/clk_out1_split_d_system_clk_wiz_0_0
    BUFGCE_X0Y24         BUFGCE (Prop_BUFCE_BUFGCE_I_O)
                                                      0.028     1.295 r  u_bd/split_d_system_i/clk_wiz_0/inst/clkout1_buf/O
    X3Y1 (CLOCK_ROOT)    net (fo=50729, routed)       1.816     3.111    <hidden>
    SLICE_X122Y226       FDRE                                         r  <hidden>
  -------------------------------------------------------------------    -------------------
    SLICE_X122Y226       FDRE (Prop_HFF_SLICEM_C_Q)
                                                      0.079     3.190 r  <hidden>
                         net (fo=54, routed)          0.218     3.408    <hidden>
    SLICE_X126Y228       LUT3 (Prop_B6LUT_SLICEM_I1_O)
                                                      0.149     3.557 f  <hidden>
                         net (fo=2, routed)           0.554     4.111    <hidden>
    DSP48E2_X17Y84       DSP_PREADD_DATA (Prop_DSP_PREADD_DATA_DSP48E2_DIN[7]_D_DATA[7])
                                                      0.240     4.351 r  <hidden>
                         net (fo=1, routed)           0.000     4.351    <hidden>
    DSP48E2_X17Y84       DSP_PREADD (Prop_DSP_PREADD_DSP48E2_D_DATA[7]_AD[26])
                                                      0.524     4.875 f  <hidden>
                         net (fo=1, routed)           0.000     4.875    <hidden>
    DSP48E2_X17Y84       DSP_PREADD_DATA (Prop_DSP_PREADD_DATA_DSP48E2_AD[26]_AD_DATA[26])
                                                      0.050     4.925 r  <hidden>
                         net (fo=1, routed)           0.000     4.925    <hidden>
    DSP48E2_X17Y84       DSP_MULTIPLIER (Prop_DSP_MULTIPLIER_DSP48E2_AD_DATA[26]_U[43])
                                                      0.612     5.537 f  <hidden>
                         net (fo=1, routed)           0.000     5.537    <hidden>
    DSP48E2_X17Y84       DSP_M_DATA (Prop_DSP_M_DATA_DSP48E2_U[43]_U_DATA[43])
                                                      0.047     5.584 r  <hidden>
                         net (fo=1, routed)           0.000     5.584    <hidden>
    DSP48E2_X17Y84       DSP_ALU (Prop_DSP_ALU_DSP48E2_U_DATA[43]_ALU_OUT[47])
                                                      0.585     6.169 r  <hidden>
                         net (fo=1, routed)           0.000     6.169    <hidden>
    DSP48E2_X17Y84       DSP_OUTPUT (Prop_DSP_OUTPUT_DSP48E2_ALU_OUT[47]_PATTERN_DETECT)
                                                      0.363     6.532 r  <hidden>
                         net (fo=59, routed)          0.304     6.836    <hidden>
    SLICE_X128Y226       LUT5 (Prop_A6LUT_SLICEM_I3_O)
                                                      0.125     6.961 r  <hidden>
                         net (fo=1, routed)           0.013     6.974    <hidden>
    SLICE_X128Y226       CARRY8 (Prop_CARRY8_SLICEM_S[0]_CO[5])
                                                      0.201     7.175 r  <hidden>
                         net (fo=17, routed)          0.264     7.439    <hidden>
    SLICE_X127Y227       LUT6 (Prop_E6LUT_SLICEL_I5_O)
                                                      0.099     7.538 f  <hidden>
                         net (fo=4, routed)           0.105     7.643    <hidden>
    SLICE_X127Y228       LUT6 (Prop_H6LUT_SLICEL_I4_O)
                                                      0.150     7.793 r  <hidden>
                         net (fo=4, routed)           0.189     7.982    <hidden>
    SLICE_X127Y225       LUT5 (Prop_D6LUT_SLICEL_I3_O)
                                                      0.050     8.032 f  <hidden>
                         net (fo=3, routed)           0.186     8.218    <hidden>
    SLICE_X127Y224       LUT5 (Prop_A6LUT_SLICEL_I2_O)
                                                      0.124     8.342 r  <hidden>
                         net (fo=3, routed)           0.099     8.442    <hidden>
    SLICE_X127Y224       LUT2 (Prop_E6LUT_SLICEL_I0_O)
                                                      0.035     8.477 r  <hidden>
                         net (fo=1, routed)           0.261     8.738    <hidden>
    DSP48E2_X17Y82       DSP_C_DATA (Prop_DSP_C_DATA_DSP48E2_C[32]_C_DATA[32])
                                                      0.105     8.843 r  <hidden>
                         net (fo=2, routed)           0.000     8.843    <hidden>
    DSP48E2_X17Y82       DSP_ALU (Prop_DSP_ALU_DSP48E2_C_DATA[32]_ALU_OUT[34])
                                                      0.585     9.428 f  <hidden>
                         net (fo=1, routed)           0.000     9.428    <hidden>
    DSP48E2_X17Y82       DSP_OUTPUT (Prop_DSP_OUTPUT_DSP48E2_ALU_OUT[34]_P[34])
                                                      0.109     9.537 r  <hidden>
                         net (fo=1, routed)           0.177     9.714    <hidden>
    SLICE_X129Y224       LUT5 (Prop_H6LUT_SLICEM_I4_O)
                                                      0.101     9.815 r  <hidden>
                         net (fo=1, routed)           0.058     9.873    u_bd/split_d_system_i/fsa_0/inst/grp_run_fu_161/grp_runController_fu_106/grp_runQueryTile_fu_142/runQueryBlock_1_U0/grp_runQueryBlock_1_Outline_VITIS_LOOP_117_5_fu_172/grp_fu_884_p2[30]
    SLICE_X129Y224       FDRE                                         r  u_bd/split_d_system_i/fsa_0/inst/grp_run_fu_161/grp_runController_fu_106/grp_runQueryTile_fu_142/runQueryBlock_1_U0/grp_runQueryBlock_1_Outline_VITIS_LOOP_117_5_fu_172/acc_b_3_reg_2864_reg[30]/D
  -------------------------------------------------------------------    -------------------

                         (clock clk_out1_split_d_system_clk_wiz_0_0 rise edge)
                                                     10.000    10.000 r  
    BH42                                              0.000    10.000 r  board_clk_p (IN)
                         net (fo=0)                   0.079    10.079    u_board_clk/I
    HPIOBDIFFINBUF_X0Y36 DIFFINBUF (Prop_DIFFINBUF_HPIOBDIFFINBUF_DIFF_IN_P_O)
                                                      0.518    10.597 r  u_board_clk/DIFFINBUF_INST/O
                         net (fo=1, routed)           0.040    10.637    u_board_clk/OUT
    BH42                 IBUFCTRL (Prop_IBUFCTRL_HPIOB_M_I_O)
                                                      0.000    10.637 r  u_board_clk/IBUFCTRL_INST/O
                         net (fo=4, routed)           0.333    10.970    u_bd/split_d_system_i/clk_wiz_0/inst/clk_in1
    MMCM_X0Y1            MMCME4_ADV (Prop_MMCM_CLKIN1_CLKOUT0)
                                                      0.630    11.600 r  u_bd/split_d_system_i/clk_wiz_0/inst/mmcme4_adv_inst/CLKOUT0
                         net (fo=1, routed)           0.215    11.815    u_bd/split_d_system_i/clk_wiz_0/inst/clk_out1_split_d_system_clk_wiz_0_0
    BUFGCE_X0Y24         BUFGCE (Prop_BUFCE_BUFGCE_I_O)
                                                      0.024    11.839 r  u_bd/split_d_system_i/clk_wiz_0/inst/clkout1_buf/O
    X3Y1 (CLOCK_ROOT)    net (fo=50729, routed)       1.655    13.494    u_bd/split_d_system_i/fsa_0/inst/grp_run_fu_161/grp_runController_fu_106/grp_runQueryTile_fu_142/runQueryBlock_1_U0/grp_runQueryBlock_1_Outline_VITIS_LOOP_117_5_fu_172/ap_clk
    SLICE_X129Y224       FDRE                                         r  u_bd/split_d_system_i/fsa_0/inst/grp_run_fu_161/grp_runController_fu_106/grp_runQueryTile_fu_142/runQueryBlock_1_U0/grp_runQueryBlock_1_Outline_VITIS_LOOP_117_5_fu_172/acc_b_3_reg_2864_reg[30]/C
                         clock pessimism             -0.424    13.070    
                         clock uncertainty           -2.770    10.300    
    SLICE_X129Y224       FDRE (Setup_HFF_SLICEM_C_D)
                                                      0.025    10.325    u_bd/split_d_system_i/fsa_0/inst/grp_run_fu_161/grp_runController_fu_106/grp_runQueryTile_fu_142/runQueryBlock_1_U0/grp_runQueryBlock_1_Outline_VITIS_LOOP_117_5_fu_172/acc_b_3_reg_2864_reg[30]
  -------------------------------------------------------------------
                         required time                         10.325    
                         arrival time                          -9.873    
  -------------------------------------------------------------------
                         slack                                  0.452    

Slack (MET) :             0.453ns  (required time - arrival time)
  Source:                 u_bd/split_d_system_i/fsa_0/inst/grp_run_fu_161/grp_runController_fu_106/grp_runQueryTile_fu_142/runQueryBlock_0_U0/grp_runAccumulatorColumns_fu_512/icmp_ln123_reg_6488_reg[0]/C
                            (rising edge-triggered cell FDRE clocked by clk_out1_split_d_system_clk_wiz_0_0  {rise@0.000ns fall@5.000ns period=10.000ns})
  Destination:            u_bd/split_d_system_i/fsa_0/inst/grp_run_fu_161/grp_runController_fu_106/grp_runQueryTile_fu_142/runQueryBlock_0_U0/grp_runAccumulatorColumns_fu_512/significand_59_reg_6637_reg[50]/D
                            (rising edge-triggered cell FDRE clocked by clk_out1_split_d_system_clk_wiz_0_0  {rise@0.000ns fall@5.000ns period=10.000ns})
  Path Group:             clk_out1_split_d_system_clk_wiz_0_0
  Path Type:              Setup (Max at Slow Process Corner)
  Requirement:            10.000ns  (clk_out1_split_d_system_clk_wiz_0_0 rise@10.000ns - clk_out1_split_d_system_clk_wiz_0_0 rise@0.000ns)
  Data Path Delay:        6.761ns  (logic 2.384ns (35.261%)  route 4.377ns (64.739%))
  Logic Levels:           30  (CARRY8=12 LUT2=2 LUT3=3 LUT4=1 LUT5=5 LUT6=7)
  Clock Path Skew:        -0.041ns (DCD - SCD + CPR)
    Destination Clock Delay (DCD):    3.462ns = ( 13.462 - 10.000 ) 
    Source Clock Delay      (SCD):    3.131ns
    Clock Pessimism Removal (CPR):    -0.372ns
  Clock Uncertainty:      2.770ns  ((TSJ^2 + DJ^2)^1/2) / 2 + PE + UU
    Total System Jitter     (TSJ):    0.071ns
    Discrete Jitter          (DJ):    0.120ns
    Phase Error              (PE):    0.000ns
    User Uncertainty         (UU):    2.700ns
  Clock Net Delay (Source):      1.836ns (routing 0.581ns, distribution 1.255ns)
  Clock Net Delay (Destination): 1.623ns (routing 0.530ns, distribution 1.093ns)

    Location             Delay type                Incr(ns)  Path(ns)    Netlist Resource(s)
  -------------------------------------------------------------------    -------------------
                         (clock clk_out1_split_d_system_clk_wiz_0_0 rise edge)
                                                      0.000     0.000 r  
    BH42                                              0.000     0.000 r  board_clk_p (IN)
                         net (fo=0)                   0.100     0.100    u_board_clk/I
    HPIOBDIFFINBUF_X0Y36 DIFFINBUF (Prop_DIFFINBUF_HPIOBDIFFINBUF_DIFF_IN_P_O)
                                                      0.615     0.715 r  u_board_clk/DIFFINBUF_INST/O
                         net (fo=1, routed)           0.050     0.765    u_board_clk/OUT
    BH42                 IBUFCTRL (Prop_IBUFCTRL_HPIOB_M_I_O)
                                                      0.000     0.765 r  u_board_clk/IBUFCTRL_INST/O
                         net (fo=4, routed)           0.384     1.149    u_bd/split_d_system_i/clk_wiz_0/inst/clk_in1
    MMCM_X0Y1            MMCME4_ADV (Prop_MMCM_CLKIN1_CLKOUT0)
                                                     -0.127     1.022 r  u_bd/split_d_system_i/clk_wiz_0/inst/mmcme4_adv_inst/CLKOUT0
                         net (fo=1, routed)           0.245     1.267    u_bd/split_d_system_i/clk_wiz_0/inst/clk_out1_split_d_system_clk_wiz_0_0
    BUFGCE_X0Y24         BUFGCE (Prop_BUFCE_BUFGCE_I_O)
                                                      0.028     1.295 r  u_bd/split_d_system_i/clk_wiz_0/inst/clkout1_buf/O
    X3Y1 (CLOCK_ROOT)    net (fo=50729, routed)       1.836     3.131    u_bd/split_d_system_i/fsa_0/inst/grp_run_fu_161/grp_runController_fu_106/grp_runQueryTile_fu_142/runQueryBlock_0_U0/grp_runAccumulatorColumns_fu_512/ap_clk
    SLICE_X50Y169        FDRE                                         r  u_bd/split_d_system_i/fsa_0/inst/grp_run_fu_161/grp_runController_fu_106/grp_runQueryTile_fu_142/runQueryBlock_0_U0/grp_runAccumulatorColumns_fu_512/icmp_ln123_reg_6488_reg[0]/C
  -------------------------------------------------------------------    -------------------
    SLICE_X50Y169        FDRE (Prop_EFF_SLICEM_C_Q)
                                                      0.076     3.207 f  u_bd/split_d_system_i/fsa_0/inst/grp_run_fu_161/grp_runController_fu_106/grp_runQueryTile_fu_142/runQueryBlock_0_U0/grp_runAccumulatorColumns_fu_512/icmp_ln123_reg_6488_reg[0]/Q
                         net (fo=44, routed)          0.289     3.496    u_bd/split_d_system_i/fsa_0/inst/grp_run_fu_161/grp_runController_fu_106/grp_runQueryTile_fu_142/runQueryBlock_0_U0/grp_runAccumulatorColumns_fu_512/icmp_ln123_reg_6488
    SLICE_X51Y171        LUT3 (Prop_B6LUT_SLICEL_I0_O)
                                                      0.090     3.586 r  u_bd/split_d_system_i/fsa_0/inst/grp_run_fu_161/grp_runController_fu_106/grp_runQueryTile_fu_142/runQueryBlock_0_U0/grp_runAccumulatorColumns_fu_512/sign_25_reg_6624[0]_i_114/O
                         net (fo=1, routed)           0.009     3.595    u_bd/split_d_system_i/fsa_0/inst/grp_run_fu_161/grp_runController_fu_106/grp_runQueryTile_fu_142/runQueryBlock_0_U0/grp_runAccumulatorColumns_fu_512/sign_25_reg_6624[0]_i_114_n_0
    SLICE_X51Y171        CARRY8 (Prop_CARRY8_SLICEL_S[1]_O[5])
                                                      0.233     3.828 f  u_bd/split_d_system_i/fsa_0/inst/grp_run_fu_161/grp_runController_fu_106/grp_runQueryTile_fu_142/runQueryBlock_0_U0/grp_runAccumulatorColumns_fu_512/sign_25_reg_6624_reg[0]_i_54/O[5]
                         net (fo=55, routed)          0.249     4.077    u_bd/split_d_system_i/fsa_0/inst/grp_run_fu_161/grp_runController_fu_106/grp_runQueryTile_fu_142/runQueryBlock_0_U0/grp_runAccumulatorColumns_fu_512/zext_ln60_9_fu_3684_p1[5]
    SLICE_X52Y172        LUT6 (Prop_H6LUT_SLICEM_I4_O)
                                                      0.125     4.202 f  u_bd/split_d_system_i/fsa_0/inst/grp_run_fu_161/grp_runController_fu_106/grp_runQueryTile_fu_142/runQueryBlock_0_U0/grp_runAccumulatorColumns_fu_512/sign_25_reg_6624[0]_i_98/O
                         net (fo=1, routed)           0.124     4.326    u_bd/split_d_system_i/fsa_0/inst/grp_run_fu_161/grp_runController_fu_106/grp_runQueryTile_fu_142/runQueryBlock_0_U0/grp_runAccumulatorColumns_fu_512/sign_25_reg_6624[0]_i_98_n_0
    SLICE_X53Y173        LUT5 (Prop_G6LUT_SLICEM_I3_O)
                                                      0.150     4.476 f  u_bd/split_d_system_i/fsa_0/inst/grp_run_fu_161/grp_runController_fu_106/grp_runQueryTile_fu_142/runQueryBlock_0_U0/grp_runAccumulatorColumns_fu_512/sign_25_reg_6624[0]_i_52/O
                         net (fo=49, routed)          0.337     4.813    u_bd/split_d_system_i/fsa_0/inst/grp_run_fu_161/grp_runController_fu_106/grp_runQueryTile_fu_142/runQueryBlock_0_U0/grp_runAccumulatorColumns_fu_512/icmp_ln53_2_fu_3643_p2
    SLICE_X56Y172        LUT5 (Prop_E6LUT_SLICEM_I1_O)
                                                      0.052     4.865 r  u_bd/split_d_system_i/fsa_0/inst/grp_run_fu_161/grp_runController_fu_106/grp_runQueryTile_fu_142/runQueryBlock_0_U0/grp_runAccumulatorColumns_fu_512/significand_59_reg_6637[6]_i_108/O
                         net (fo=1, routed)           0.141     5.006    u_bd/split_d_system_i/fsa_0/inst/grp_run_fu_161/grp_runController_fu_106/grp_runQueryTile_fu_142/runQueryBlock_0_U0/grp_runAccumulatorColumns_fu_512/significand_59_reg_6637[6]_i_108_n_0
    SLICE_X56Y173        LUT6 (Prop_G6LUT_SLICEM_I5_O)
                                                      0.052     5.058 f  u_bd/split_d_system_i/fsa_0/inst/grp_run_fu_161/grp_runController_fu_106/grp_runQueryTile_fu_142/runQueryBlock_0_U0/grp_runAccumulatorColumns_fu_512/significand_59_reg_6637[6]_i_74/O
                         net (fo=1, routed)           0.147     5.205    u_bd/split_d_system_i/fsa_0/inst/grp_run_fu_161/grp_runController_fu_106/grp_runQueryTile_fu_142/runQueryBlock_0_U0/grp_runAccumulatorColumns_fu_512/significand_59_reg_6637[6]_i_74_n_0
    SLICE_X55Y175        LUT6 (Prop_D6LUT_SLICEL_I5_O)
                                                      0.122     5.327 r  u_bd/split_d_system_i/fsa_0/inst/grp_run_fu_161/grp_runController_fu_106/grp_runQueryTile_fu_142/runQueryBlock_0_U0/grp_runAccumulatorColumns_fu_512/significand_59_reg_6637[6]_i_41/O
                         net (fo=3, routed)           0.333     5.660    u_bd/split_d_system_i/fsa_0/inst/grp_run_fu_161/grp_runController_fu_106/grp_runQueryTile_fu_142/runQueryBlock_0_U0/grp_runAccumulatorColumns_fu_512/significand_59_reg_6637[6]_i_41_n_0
    SLICE_X52Y172        LUT6 (Prop_D6LUT_SLICEM_I3_O)
                                                      0.088     5.748 r  u_bd/split_d_system_i/fsa_0/inst/grp_run_fu_161/grp_runController_fu_106/grp_runQueryTile_fu_142/runQueryBlock_0_U0/grp_runAccumulatorColumns_fu_512/sign_25_reg_6624[0]_i_69/O
                         net (fo=1, routed)           0.224     5.972    u_bd/split_d_system_i/fsa_0/inst/grp_run_fu_161/grp_runController_fu_106/grp_runQueryTile_fu_142/runQueryBlock_0_U0/grp_runAccumulatorColumns_fu_512/sign_25_reg_6624[0]_i_69_n_0
    SLICE_X52Y169        CARRY8 (Prop_CARRY8_SLICEM_DI[0]_CO[7])
                                                      0.133     6.105 r  u_bd/split_d_system_i/fsa_0/inst/grp_run_fu_161/grp_runController_fu_106/grp_runQueryTile_fu_142/runQueryBlock_0_U0/grp_runAccumulatorColumns_fu_512/sign_25_reg_6624_reg[0]_i_31/CO[7]
                         net (fo=1, routed)           0.026     6.131    u_bd/split_d_system_i/fsa_0/inst/grp_run_fu_161/grp_runController_fu_106/grp_runQueryTile_fu_142/runQueryBlock_0_U0/grp_runAccumulatorColumns_fu_512/sign_25_reg_6624_reg[0]_i_31_n_0
    SLICE_X52Y170        CARRY8 (Prop_CARRY8_SLICEM_CI_CO[7])
                                                      0.015     6.146 r  u_bd/split_d_system_i/fsa_0/inst/grp_run_fu_161/grp_runController_fu_106/grp_runQueryTile_fu_142/runQueryBlock_0_U0/grp_runAccumulatorColumns_fu_512/sign_25_reg_6624_reg[0]_i_8/CO[7]
                         net (fo=1, routed)           0.026     6.172    u_bd/split_d_system_i/fsa_0/inst/grp_run_fu_161/grp_runController_fu_106/grp_runQueryTile_fu_142/runQueryBlock_0_U0/grp_runAccumulatorColumns_fu_512/sign_25_reg_6624_reg[0]_i_8_n_0
    SLICE_X52Y171        CARRY8 (Prop_CARRY8_SLICEM_CI_CO[7])
                                                      0.015     6.187 r  u_bd/split_d_system_i/fsa_0/inst/grp_run_fu_161/grp_runController_fu_106/grp_runQueryTile_fu_142/runQueryBlock_0_U0/grp_runAccumulatorColumns_fu_512/sign_25_reg_6624_reg[0]_i_3/CO[7]
                         net (fo=1, routed)           0.026     6.213    u_bd/split_d_system_i/fsa_0/inst/grp_run_fu_161/grp_runController_fu_106/grp_runQueryTile_fu_142/runQueryBlock_0_U0/grp_runAccumulatorColumns_fu_512/sign_25_reg_6624_reg[0]_i_3_n_0
    SLICE_X52Y172        CARRY8 (Prop_CARRY8_SLICEM_CI_CO[1])
                                                      0.042     6.255 r  u_bd/split_d_system_i/fsa_0/inst/grp_run_fu_161/grp_runController_fu_106/grp_runQueryTile_fu_142/runQueryBlock_0_U0/grp_runAccumulatorColumns_fu_512/sign_25_reg_6624_reg[0]_i_2/CO[1]
                         net (fo=53, routed)          0.301     6.556    u_bd/split_d_system_i/fsa_0/inst/grp_run_fu_161/grp_runController_fu_106/grp_runQueryTile_fu_142/runQueryBlock_0_U0/grp_runAccumulatorColumns_fu_512/icmp_ln133_fu_3890_p2
    SLICE_X52Y168        LUT2 (Prop_A5LUT_SLICEM_I1_O)
                                                      0.100     6.656 r  u_bd/split_d_system_i/fsa_0/inst/grp_run_fu_161/grp_runController_fu_106/grp_runQueryTile_fu_142/runQueryBlock_0_U0/grp_runAccumulatorColumns_fu_512/significand_59_reg_6637[6]_i_21/O
                         net (fo=1, routed)           0.178     6.834    u_bd/split_d_system_i/fsa_0/inst/grp_run_fu_161/grp_runController_fu_106/grp_runQueryTile_fu_142/runQueryBlock_0_U0/grp_runAccumulatorColumns_fu_512/and_ln133_fu_3914_p2
    SLICE_X52Y168        LUT6 (Prop_G6LUT_SLICEM_I0_O)
                                                      0.090     6.924 r  u_bd/split_d_system_i/fsa_0/inst/grp_run_fu_161/grp_runController_fu_106/grp_runQueryTile_fu_142/runQueryBlock_0_U0/grp_runAccumulatorColumns_fu_512/significand_59_reg_6637[6]_i_4/O
                         net (fo=1, routed)           0.240     7.164    u_bd/split_d_system_i/fsa_0/inst/grp_run_fu_161/grp_runController_fu_106/grp_runQueryTile_fu_142/runQueryBlock_0_U0/grp_runAccumulatorColumns_fu_512/significand_59_reg_6637[6]_i_4_n_0
    SLICE_X53Y167        CARRY8 (Prop_CARRY8_SLICEM_CI_CO[7])
                                                      0.153     7.317 r  u_bd/split_d_system_i/fsa_0/inst/grp_run_fu_161/grp_runController_fu_106/grp_runQueryTile_fu_142/runQueryBlock_0_U0/grp_runAccumulatorColumns_fu_512/significand_59_reg_6637_reg[6]_i_2/CO[7]
                         net (fo=1, routed)           0.026     7.343    u_bd/split_d_system_i/fsa_0/inst/grp_run_fu_161/grp_runController_fu_106/grp_runQueryTile_fu_142/runQueryBlock_0_U0/grp_runAccumulatorColumns_fu_512/significand_59_reg_6637_reg[6]_i_2_n_0
    SLICE_X53Y168        CARRY8 (Prop_CARRY8_SLICEM_CI_CO[7])
                                                      0.015     7.358 r  u_bd/split_d_system_i/fsa_0/inst/grp_run_fu_161/grp_runController_fu_106/grp_runQueryTile_fu_142/runQueryBlock_0_U0/grp_runAccumulatorColumns_fu_512/significand_59_reg_6637_reg[14]_i_2/CO[7]
                         net (fo=1, routed)           0.026     7.384    u_bd/split_d_system_i/fsa_0/inst/grp_run_fu_161/grp_runController_fu_106/grp_runQueryTile_fu_142/runQueryBlock_0_U0/grp_runAccumulatorColumns_fu_512/significand_59_reg_6637_reg[14]_i_2_n_0
    SLICE_X53Y169        CARRY8 (Prop_CARRY8_SLICEM_CI_CO[7])
                                                      0.015     7.399 r  u_bd/split_d_system_i/fsa_0/inst/grp_run_fu_161/grp_runController_fu_106/grp_runQueryTile_fu_142/runQueryBlock_0_U0/grp_runAccumulatorColumns_fu_512/significand_59_reg_6637_reg[22]_i_2/CO[7]
                         net (fo=1, routed)           0.026     7.425    u_bd/split_d_system_i/fsa_0/inst/grp_run_fu_161/grp_runController_fu_106/grp_runQueryTile_fu_142/runQueryBlock_0_U0/grp_runAccumulatorColumns_fu_512/significand_59_reg_6637_reg[22]_i_2_n_0
    SLICE_X53Y170        CARRY8 (Prop_CARRY8_SLICEM_CI_CO[7])
                                                      0.015     7.440 r  u_bd/split_d_system_i/fsa_0/inst/grp_run_fu_161/grp_runController_fu_106/grp_runQueryTile_fu_142/runQueryBlock_0_U0/grp_runAccumulatorColumns_fu_512/significand_59_reg_6637_reg[30]_i_2/CO[7]
                         net (fo=1, routed)           0.026     7.466    u_bd/split_d_system_i/fsa_0/inst/grp_run_fu_161/grp_runController_fu_106/grp_runQueryTile_fu_142/runQueryBlock_0_U0/grp_runAccumulatorColumns_fu_512/significand_59_reg_6637_reg[30]_i_2_n_0
    SLICE_X53Y171        CARRY8 (Prop_CARRY8_SLICEM_CI_CO[7])
                                                      0.015     7.481 r  u_bd/split_d_system_i/fsa_0/inst/grp_run_fu_161/grp_runController_fu_106/grp_runQueryTile_fu_142/runQueryBlock_0_U0/grp_runAccumulatorColumns_fu_512/significand_59_reg_6637_reg[38]_i_2/CO[7]
                         net (fo=1, routed)           0.026     7.507    u_bd/split_d_system_i/fsa_0/inst/grp_run_fu_161/grp_runController_fu_106/grp_runQueryTile_fu_142/runQueryBlock_0_U0/grp_runAccumulatorColumns_fu_512/significand_59_reg_6637_reg[38]_i_2_n_0
    SLICE_X53Y172        CARRY8 (Prop_CARRY8_SLICEM_CI_CO[7])
                                                      0.015     7.522 r  u_bd/split_d_system_i/fsa_0/inst/grp_run_fu_161/grp_runController_fu_106/grp_runQueryTile_fu_142/runQueryBlock_0_U0/grp_runAccumulatorColumns_fu_512/significand_59_reg_6637_reg[46]_i_2/CO[7]
                         net (fo=1, routed)           0.026     7.548    u_bd/split_d_system_i/fsa_0/inst/grp_run_fu_161/grp_runController_fu_106/grp_runQueryTile_fu_142/runQueryBlock_0_U0/grp_runAccumulatorColumns_fu_512/significand_59_reg_6637_reg[46]_i_2_n_0
    SLICE_X53Y173        CARRY8 (Prop_CARRY8_SLICEM_CI_O[2])
                                                      0.067     7.615 f  u_bd/split_d_system_i/fsa_0/inst/grp_run_fu_161/grp_runController_fu_106/grp_runQueryTile_fu_142/runQueryBlock_0_U0/grp_runAccumulatorColumns_fu_512/significand_59_reg_6637_reg[50]_i_6/O[2]
                         net (fo=7, routed)           0.361     7.976    u_bd/split_d_system_i/fsa_0/inst/grp_run_fu_161/grp_runController_fu_106/grp_runQueryTile_fu_142/runQueryBlock_0_U0/grp_runAccumulatorColumns_fu_512/ctlz_51_51_1_1_U305/dout_tmp0_in[50]
    SLICE_X52Y168        LUT4 (Prop_B6LUT_SLICEM_I2_O)
                                                      0.089     8.065 r  u_bd/split_d_system_i/fsa_0/inst/grp_run_fu_161/grp_runController_fu_106/grp_runQueryTile_fu_142/runQueryBlock_0_U0/grp_runAccumulatorColumns_fu_512/ctlz_51_51_1_1_U305/significand_59_reg_6637[50]_i_61/O
                         net (fo=1, routed)           0.091     8.156    u_bd/split_d_system_i/fsa_0/inst/grp_run_fu_161/grp_runController_fu_106/grp_runQueryTile_fu_142/runQueryBlock_0_U0/grp_runAccumulatorColumns_fu_512/ctlz_51_51_1_1_U305/significand_59_reg_6637[50]_i_61_n_0
    SLICE_X52Y168        LUT5 (Prop_C6LUT_SLICEM_I4_O)
                                                      0.098     8.254 r  u_bd/split_d_system_i/fsa_0/inst/grp_run_fu_161/grp_runController_fu_106/grp_runQueryTile_fu_142/runQueryBlock_0_U0/grp_runAccumulatorColumns_fu_512/ctlz_51_51_1_1_U305/significand_59_reg_6637[50]_i_40/O
                         net (fo=2, routed)           0.159     8.413    u_bd/split_d_system_i/fsa_0/inst/grp_run_fu_161/grp_runController_fu_106/grp_runQueryTile_fu_142/runQueryBlock_0_U0/grp_runAccumulatorColumns_fu_512/ctlz_51_51_1_1_U305/significand_59_reg_6637[50]_i_40_n_0
    SLICE_X53Y166        LUT6 (Prop_H6LUT_SLICEM_I5_O)
                                                      0.039     8.452 r  u_bd/split_d_system_i/fsa_0/inst/grp_run_fu_161/grp_runController_fu_106/grp_runQueryTile_fu_142/runQueryBlock_0_U0/grp_runAccumulatorColumns_fu_512/ctlz_51_51_1_1_U305/significand_59_reg_6637[2]_i_5/O
                         net (fo=2, routed)           0.143     8.595    u_bd/split_d_system_i/fsa_0/inst/grp_run_fu_161/grp_runController_fu_106/grp_runQueryTile_fu_142/runQueryBlock_0_U0/grp_runAccumulatorColumns_fu_512/ctlz_51_51_1_1_U305/significand_59_reg_6637[2]_i_5_n_0
    SLICE_X53Y166        LUT2 (Prop_A6LUT_SLICEM_I1_O)
                                                      0.090     8.685 r  u_bd/split_d_system_i/fsa_0/inst/grp_run_fu_161/grp_runController_fu_106/grp_runQueryTile_fu_142/runQueryBlock_0_U0/grp_runAccumulatorColumns_fu_512/ctlz_51_51_1_1_U305/significand_59_reg_6637[2]_i_4/O
                         net (fo=77, routed)          0.195     8.880    u_bd/split_d_system_i/fsa_0/inst/grp_run_fu_161/grp_runController_fu_106/grp_runQueryTile_fu_142/runQueryBlock_0_U0/grp_runAccumulatorColumns_fu_512/distance_26_fu_3999_p3[5]
    SLICE_X52Y166        LUT5 (Prop_G6LUT_SLICEM_I3_O)
                                                      0.052     8.932 r  u_bd/split_d_system_i/fsa_0/inst/grp_run_fu_161/grp_runController_fu_106/grp_runQueryTile_fu_142/runQueryBlock_0_U0/grp_runAccumulatorColumns_fu_512/significand_59_reg_6637[46]_i_38/O
                         net (fo=2, routed)           0.162     9.094    u_bd/split_d_system_i/fsa_0/inst/grp_run_fu_161/grp_runController_fu_106/grp_runQueryTile_fu_142/runQueryBlock_0_U0/grp_runAccumulatorColumns_fu_512/significand_59_reg_6637[46]_i_38_n_0
    SLICE_X51Y165        LUT3 (Prop_B6LUT_SLICEL_I0_O)
                                                      0.148     9.242 r  u_bd/split_d_system_i/fsa_0/inst/grp_run_fu_161/grp_runController_fu_106/grp_runQueryTile_fu_142/runQueryBlock_0_U0/grp_runAccumulatorColumns_fu_512/significand_59_reg_6637[46]_i_21/O
                         net (fo=3, routed)           0.148     9.390    u_bd/split_d_system_i/fsa_0/inst/grp_run_fu_161/grp_runController_fu_106/grp_runQueryTile_fu_142/runQueryBlock_0_U0/grp_runAccumulatorColumns_fu_512/significand_59_reg_6637[46]_i_21_n_0
    SLICE_X50Y164        LUT5 (Prop_E6LUT_SLICEM_I0_O)
                                                      0.100     9.490 r  u_bd/split_d_system_i/fsa_0/inst/grp_run_fu_161/grp_runController_fu_106/grp_runQueryTile_fu_142/runQueryBlock_0_U0/grp_runAccumulatorColumns_fu_512/significand_59_reg_6637[50]_i_8/O
                         net (fo=2, routed)           0.154     9.644    u_bd/split_d_system_i/fsa_0/inst/grp_run_fu_161/grp_runController_fu_106/grp_runQueryTile_fu_142/runQueryBlock_0_U0/grp_runAccumulatorColumns_fu_512/significand_59_reg_6637[50]_i_8_n_0
    SLICE_X50Y165        LUT3 (Prop_H6LUT_SLICEM_I0_O)
                                                      0.039     9.683 r  u_bd/split_d_system_i/fsa_0/inst/grp_run_fu_161/grp_runController_fu_106/grp_runQueryTile_fu_142/runQueryBlock_0_U0/grp_runAccumulatorColumns_fu_512/significand_59_reg_6637[50]_i_2/O
                         net (fo=2, routed)           0.092     9.775    u_bd/split_d_system_i/fsa_0/inst/grp_run_fu_161/grp_runController_fu_106/grp_runQueryTile_fu_142/runQueryBlock_0_U0/grp_runAccumulatorColumns_fu_512/significand_59_reg_6637[50]_i_2_n_0
    SLICE_X50Y165        LUT6 (Prop_C6LUT_SLICEM_I0_O)
                                                      0.051     9.826 r  u_bd/split_d_system_i/fsa_0/inst/grp_run_fu_161/grp_runController_fu_106/grp_runQueryTile_fu_142/runQueryBlock_0_U0/grp_runAccumulatorColumns_fu_512/significand_59_reg_6637[50]_i_1/O
                         net (fo=1, routed)           0.066     9.892    u_bd/split_d_system_i/fsa_0/inst/grp_run_fu_161/grp_runController_fu_106/grp_runQueryTile_fu_142/runQueryBlock_0_U0/grp_runAccumulatorColumns_fu_512/significand_59_fu_4043_p3[50]
    SLICE_X50Y165        FDRE                                         r  u_bd/split_d_system_i/fsa_0/inst/grp_run_fu_161/grp_runController_fu_106/grp_runQueryTile_fu_142/runQueryBlock_0_U0/grp_runAccumulatorColumns_fu_512/significand_59_reg_6637_reg[50]/D
  -------------------------------------------------------------------    -------------------

                         (clock clk_out1_split_d_system_clk_wiz_0_0 rise edge)
                                                     10.000    10.000 r  
    BH42                                              0.000    10.000 r  board_clk_p (IN)
                         net (fo=0)                   0.079    10.079    u_board_clk/I
    HPIOBDIFFINBUF_X0Y36 DIFFINBUF (Prop_DIFFINBUF_HPIOBDIFFINBUF_DIFF_IN_P_O)
                                                      0.518    10.597 r  u_board_clk/DIFFINBUF_INST/O
                         net (fo=1, routed)           0.040    10.637    u_board_clk/OUT
    BH42                 IBUFCTRL (Prop_IBUFCTRL_HPIOB_M_I_O)
                                                      0.000    10.637 r  u_board_clk/IBUFCTRL_INST/O
                         net (fo=4, routed)           0.333    10.970    u_bd/split_d_system_i/clk_wiz_0/inst/clk_in1
    MMCM_X0Y1            MMCME4_ADV (Prop_MMCM_CLKIN1_CLKOUT0)
                                                      0.630    11.600 r  u_bd/split_d_system_i/clk_wiz_0/inst/mmcme4_adv_inst/CLKOUT0
                         net (fo=1, routed)           0.215    11.815    u_bd/split_d_system_i/clk_wiz_0/inst/clk_out1_split_d_system_clk_wiz_0_0
    BUFGCE_X0Y24         BUFGCE (Prop_BUFCE_BUFGCE_I_O)
                                                      0.024    11.839 r  u_bd/split_d_system_i/clk_wiz_0/inst/clkout1_buf/O
    X3Y1 (CLOCK_ROOT)    net (fo=50729, routed)       1.623    13.462    u_bd/split_d_system_i/fsa_0/inst/grp_run_fu_161/grp_runController_fu_106/grp_runQueryTile_fu_142/runQueryBlock_0_U0/grp_runAccumulatorColumns_fu_512/ap_clk
    SLICE_X50Y165        FDRE                                         r  u_bd/split_d_system_i/fsa_0/inst/grp_run_fu_161/grp_runController_fu_106/grp_runQueryTile_fu_142/runQueryBlock_0_U0/grp_runAccumulatorColumns_fu_512/significand_59_reg_6637_reg[50]/C
                         clock pessimism             -0.372    13.090    
                         clock uncertainty           -2.770    10.320    
    SLICE_X50Y165        FDRE (Setup_CFF_SLICEM_C_D)
                                                      0.025    10.345    u_bd/split_d_system_i/fsa_0/inst/grp_run_fu_161/grp_runController_fu_106/grp_runQueryTile_fu_142/runQueryBlock_0_U0/grp_runAccumulatorColumns_fu_512/significand_59_reg_6637_reg[50]
  -------------------------------------------------------------------
                         required time                         10.345    
                         arrival time                          -9.892    
  -------------------------------------------------------------------
                         slack                                  0.453    

Slack (MET) :             0.455ns  (required time - arrival time)
  Source:                 <hidden>
                            (rising edge-triggered cell FDRE clocked by clk_out1_split_d_system_clk_wiz_0_0  {rise@0.000ns fall@5.000ns period=10.000ns})
  Destination:            u_bd/split_d_system_i/fsa_0/inst/grp_run_fu_161/grp_runController_fu_106/grp_runQueryTile_fu_142/runQueryBlock_1_U0/grp_runQueryBlock_1_Outline_VITIS_LOOP_117_5_fu_172/acc_b_3_reg_2864_reg[22]/D
                            (rising edge-triggered cell FDRE clocked by clk_out1_split_d_system_clk_wiz_0_0  {rise@0.000ns fall@5.000ns period=10.000ns})
  Path Group:             clk_out1_split_d_system_clk_wiz_0_0
  Path Type:              Setup (Max at Slow Process Corner)
  Requirement:            10.000ns  (clk_out1_split_d_system_clk_wiz_0_0 rise@10.000ns - clk_out1_split_d_system_clk_wiz_0_0 rise@0.000ns)
  Data Path Delay:        6.759ns  (logic 4.804ns (71.075%)  route 1.955ns (28.925%))
  Logic Levels:           18  (CARRY8=1 DSP_A_B_DATA=1 DSP_ALU=2 DSP_M_DATA=2 DSP_MULTIPLIER=2 DSP_OUTPUT=2 DSP_PREADD=1 DSP_PREADD_DATA=3 LUT3=1 LUT5=3)
  Clock Path Skew:        -0.041ns (DCD - SCD + CPR)
    Destination Clock Delay (DCD):    3.494ns = ( 13.494 - 10.000 ) 
    Source Clock Delay      (SCD):    3.111ns
    Clock Pessimism Removal (CPR):    -0.424ns
  Clock Uncertainty:      2.770ns  ((TSJ^2 + DJ^2)^1/2) / 2 + PE + UU
    Total System Jitter     (TSJ):    0.071ns
    Discrete Jitter          (DJ):    0.120ns
    Phase Error              (PE):    0.000ns
    User Uncertainty         (UU):    2.700ns
  Clock Net Delay (Source):      1.816ns (routing 0.581ns, distribution 1.235ns)
  Clock Net Delay (Destination): 1.655ns (routing 0.530ns, distribution 1.125ns)

    Location             Delay type                Incr(ns)  Path(ns)    Netlist Resource(s)
  -------------------------------------------------------------------    -------------------
                         (clock clk_out1_split_d_system_clk_wiz_0_0 rise edge)
                                                      0.000     0.000 r  
    BH42                                              0.000     0.000 r  board_clk_p (IN)
                         net (fo=0)                   0.100     0.100    u_board_clk/I
    HPIOBDIFFINBUF_X0Y36 DIFFINBUF (Prop_DIFFINBUF_HPIOBDIFFINBUF_DIFF_IN_P_O)
                                                      0.615     0.715 r  u_board_clk/DIFFINBUF_INST/O
                         net (fo=1, routed)           0.050     0.765    u_board_clk/OUT
    BH42                 IBUFCTRL (Prop_IBUFCTRL_HPIOB_M_I_O)
                                                      0.000     0.765 r  u_board_clk/IBUFCTRL_INST/O
                         net (fo=4, routed)           0.384     1.149    u_bd/split_d_system_i/clk_wiz_0/inst/clk_in1
    MMCM_X0Y1            MMCME4_ADV (Prop_MMCM_CLKIN1_CLKOUT0)
                                                     -0.127     1.022 r  u_bd/split_d_system_i/clk_wiz_0/inst/mmcme4_adv_inst/CLKOUT0
                         net (fo=1, routed)           0.245     1.267    u_bd/split_d_system_i/clk_wiz_0/inst/clk_out1_split_d_system_clk_wiz_0_0
    BUFGCE_X0Y24         BUFGCE (Prop_BUFCE_BUFGCE_I_O)
                                                      0.028     1.295 r  u_bd/split_d_system_i/clk_wiz_0/inst/clkout1_buf/O
    X3Y1 (CLOCK_ROOT)    net (fo=50729, routed)       1.816     3.111    <hidden>
    SLICE_X122Y226       FDRE                                         r  <hidden>
  -------------------------------------------------------------------    -------------------
    SLICE_X122Y226       FDRE (Prop_HFF_SLICEM_C_Q)
                                                      0.079     3.190 r  <hidden>
                         net (fo=54, routed)          0.218     3.408    <hidden>
    SLICE_X126Y228       LUT3 (Prop_B6LUT_SLICEM_I1_O)
                                                      0.149     3.557 f  <hidden>
                         net (fo=2, routed)           0.554     4.111    <hidden>
    DSP48E2_X17Y84       DSP_PREADD_DATA (Prop_DSP_PREADD_DATA_DSP48E2_DIN[7]_D_DATA[7])
                                                      0.240     4.351 r  <hidden>
                         net (fo=1, routed)           0.000     4.351    <hidden>
    DSP48E2_X17Y84       DSP_PREADD (Prop_DSP_PREADD_DSP48E2_D_DATA[7]_AD[26])
                                                      0.524     4.875 f  <hidden>
                         net (fo=1, routed)           0.000     4.875    <hidden>
    DSP48E2_X17Y84       DSP_PREADD_DATA (Prop_DSP_PREADD_DATA_DSP48E2_AD[26]_AD_DATA[26])
                                                      0.050     4.925 r  <hidden>
                         net (fo=1, routed)           0.000     4.925    <hidden>
    DSP48E2_X17Y84       DSP_MULTIPLIER (Prop_DSP_MULTIPLIER_DSP48E2_AD_DATA[26]_U[43])
                                                      0.612     5.537 f  <hidden>
                         net (fo=1, routed)           0.000     5.537    <hidden>
    DSP48E2_X17Y84       DSP_M_DATA (Prop_DSP_M_DATA_DSP48E2_U[43]_U_DATA[43])
                                                      0.047     5.584 r  <hidden>
                         net (fo=1, routed)           0.000     5.584    <hidden>
    DSP48E2_X17Y84       DSP_ALU (Prop_DSP_ALU_DSP48E2_U_DATA[43]_ALU_OUT[47])
                                                      0.585     6.169 r  <hidden>
                         net (fo=1, routed)           0.000     6.169    <hidden>
    DSP48E2_X17Y84       DSP_OUTPUT (Prop_DSP_OUTPUT_DSP48E2_ALU_OUT[47]_PATTERN_DETECT)
                                                      0.363     6.532 r  <hidden>
                         net (fo=59, routed)          0.304     6.836    <hidden>
    SLICE_X128Y226       LUT5 (Prop_A6LUT_SLICEM_I3_O)
                                                      0.125     6.961 r  <hidden>
                         net (fo=1, routed)           0.013     6.974    <hidden>
    SLICE_X128Y226       CARRY8 (Prop_CARRY8_SLICEM_S[0]_CO[6])
                                                      0.217     7.191 r  <hidden>
                         net (fo=4, routed)           0.255     7.446    <hidden>
    SLICE_X127Y225       LUT5 (Prop_C5LUT_SLICEL_I2_O)
                                                      0.158     7.604 f  <hidden>
                         net (fo=1, routed)           0.310     7.914    <hidden>
    DSP48E2_X17Y82       DSP_A_B_DATA (Prop_DSP_A_B_DATA_DSP48E2_B[13]_B2_DATA[13])
                                                      0.151     8.065 r  <hidden>
                         net (fo=1, routed)           0.000     8.065    <hidden>
    DSP48E2_X17Y82       DSP_PREADD_DATA (Prop_DSP_PREADD_DATA_DSP48E2_B2_DATA[13]_B2B1[13])
                                                      0.073     8.138 r  <hidden>
                         net (fo=1, routed)           0.000     8.138    <hidden>
    DSP48E2_X17Y82       DSP_MULTIPLIER (Prop_DSP_MULTIPLIER_DSP48E2_B2B1[13]_V[24])
                                                      0.609     8.747 f  <hidden>
                         net (fo=1, routed)           0.000     8.747    <hidden>
    DSP48E2_X17Y82       DSP_M_DATA (Prop_DSP_M_DATA_DSP48E2_V[24]_V_DATA[24])
                                                      0.046     8.793 r  <hidden>
                         net (fo=1, routed)           0.000     8.793    <hidden>
    DSP48E2_X17Y82       DSP_ALU (Prop_DSP_ALU_DSP48E2_V_DATA[24]_ALU_OUT[24])
                                                      0.571     9.364 f  <hidden>
                         net (fo=1, routed)           0.000     9.364    <hidden>
    DSP48E2_X17Y82       DSP_OUTPUT (Prop_DSP_OUTPUT_DSP48E2_ALU_OUT[24]_P[24])
                                                      0.109     9.473 r  <hidden>
                         net (fo=1, routed)           0.286     9.759    <hidden>
    SLICE_X131Y223       LUT5 (Prop_H5LUT_SLICEL_I4_O)
                                                      0.096     9.855 r  <hidden>
                         net (fo=1, routed)           0.015     9.870    u_bd/split_d_system_i/fsa_0/inst/grp_run_fu_161/grp_runController_fu_106/grp_runQueryTile_fu_142/runQueryBlock_1_U0/grp_runQueryBlock_1_Outline_VITIS_LOOP_117_5_fu_172/grp_fu_884_p2[22]
    SLICE_X131Y223       FDRE                                         r  u_bd/split_d_system_i/fsa_0/inst/grp_run_fu_161/grp_runController_fu_106/grp_runQueryTile_fu_142/runQueryBlock_1_U0/grp_runQueryBlock_1_Outline_VITIS_LOOP_117_5_fu_172/acc_b_3_reg_2864_reg[22]/D
  -------------------------------------------------------------------    -------------------

                         (clock clk_out1_split_d_system_clk_wiz_0_0 rise edge)
                                                     10.000    10.000 r  
    BH42                                              0.000    10.000 r  board_clk_p (IN)
                         net (fo=0)                   0.079    10.079    u_board_clk/I
    HPIOBDIFFINBUF_X0Y36 DIFFINBUF (Prop_DIFFINBUF_HPIOBDIFFINBUF_DIFF_IN_P_O)
                                                      0.518    10.597 r  u_board_clk/DIFFINBUF_INST/O
                         net (fo=1, routed)           0.040    10.637    u_board_clk/OUT
    BH42                 IBUFCTRL (Prop_IBUFCTRL_HPIOB_M_I_O)
                                                      0.000    10.637 r  u_board_clk/IBUFCTRL_INST/O
                         net (fo=4, routed)           0.333    10.970    u_bd/split_d_system_i/clk_wiz_0/inst/clk_in1
    MMCM_X0Y1            MMCME4_ADV (Prop_MMCM_CLKIN1_CLKOUT0)
                                                      0.630    11.600 r  u_bd/split_d_system_i/clk_wiz_0/inst/mmcme4_adv_inst/CLKOUT0
                         net (fo=1, routed)           0.215    11.815    u_bd/split_d_system_i/clk_wiz_0/inst/clk_out1_split_d_system_clk_wiz_0_0
    BUFGCE_X0Y24         BUFGCE (Prop_BUFCE_BUFGCE_I_O)
                                                      0.024    11.839 r  u_bd/split_d_system_i/clk_wiz_0/inst/clkout1_buf/O
    X3Y1 (CLOCK_ROOT)    net (fo=50729, routed)       1.655    13.494    u_bd/split_d_system_i/fsa_0/inst/grp_run_fu_161/grp_runController_fu_106/grp_runQueryTile_fu_142/runQueryBlock_1_U0/grp_runQueryBlock_1_Outline_VITIS_LOOP_117_5_fu_172/ap_clk
    SLICE_X131Y223       FDRE                                         r  u_bd/split_d_system_i/fsa_0/inst/grp_run_fu_161/grp_runController_fu_106/grp_runQueryTile_fu_142/runQueryBlock_1_U0/grp_runQueryBlock_1_Outline_VITIS_LOOP_117_5_fu_172/acc_b_3_reg_2864_reg[22]/C
                         clock pessimism             -0.424    13.070    
                         clock uncertainty           -2.770    10.300    
    SLICE_X131Y223       FDRE (Setup_HFF2_SLICEL_C_D)
                                                      0.025    10.325    u_bd/split_d_system_i/fsa_0/inst/grp_run_fu_161/grp_runController_fu_106/grp_runQueryTile_fu_142/runQueryBlock_1_U0/grp_runQueryBlock_1_Outline_VITIS_LOOP_117_5_fu_172/acc_b_3_reg_2864_reg[22]
  -------------------------------------------------------------------
                         required time                         10.325    
                         arrival time                          -9.870    
  -------------------------------------------------------------------
                         slack                                  0.455    




