source	destination	slack
ap_rst_n	grp_run_fu_161/grp_runController_fu_106/grp_runQueryTile_fu_142/runQueryBlock_0_U0/grp_runQueryBlock_0_Outline_VITIS_LOOP_116_5_fu_148/grp_runQueryBlock_0_Pipeline_VITIS_LOOP_297_25_fu_668/ap_enable_reg_pp0_iter5_reg/D	-2.328
ap_rst_n	grp_run_fu_161/grp_runController_fu_106/grp_runQueryTile_fu_142/runQueryBlock_0_U0/grp_runQueryBlock_0_Outline_VITIS_LOOP_116_5_fu_148/grp_runQueryBlock_0_Pipeline_VITIS_LOOP_239_15_fu_563/ap_enable_reg_pp0_iter1_reg/D	-2.310
ap_rst_n	grp_run_fu_161/grp_runController_fu_106/grp_runQueryTile_fu_142/runQueryBlock_0_U0/grp_runQueryBlock_0_Outline_VITIS_LOOP_116_5_fu_148/grp_runQueryBlock_0_Pipeline_VITIS_LOOP_162_1_fu_724/ap_enable_reg_pp0_iter1_reg/D	-2.278
ap_rst_n	grp_run_fu_161/grp_runController_fu_106/grp_runQueryTile_fu_142/runQueryBlock_0_U0/grp_runQueryBlock_0_Outline_VITIS_LOOP_116_5_fu_148/ap_CS_fsm_reg[7]/R	-2.270
ap_rst_n	grp_run_fu_161/grp_runController_fu_106/grp_runQueryTile_fu_142/runQueryBlock_0_U0/grp_runQueryBlock_0_Outline_VITIS_LOOP_116_5_fu_148/grp_runQueryBlock_0_Pipeline_VITIS_LOOP_187_122_fu_549_ap_start_reg_reg/R	-2.269
ap_rst_n	grp_run_fu_161/grp_runController_fu_106/grp_runQueryTile_fu_142/runQueryBlock_0_U0/grp_runQueryBlock_0_Outline_VITIS_LOOP_116_5_fu_148/grp_runQueryBlock_0_Pipeline_VITIS_LOOP_239_15_fu_563/ap_enable_reg_pp0_iter2_reg/R	-2.269
ap_rst_n	grp_run_fu_161/grp_runController_fu_106/grp_runQueryTile_fu_142/runQueryBlock_0_U0/grp_runQueryBlock_0_Outline_VITIS_LOOP_116_5_fu_148/grp_runQueryBlock_0_Pipeline_VITIS_LOOP_239_15_fu_563/ap_enable_reg_pp0_iter3_reg/R	-2.269
ap_rst_n	grp_run_fu_161/grp_runController_fu_106/grp_runQueryTile_fu_142/runQueryBlock_0_U0/grp_runQueryBlock_0_Outline_VITIS_LOOP_116_5_fu_148/grp_runQueryBlock_0_Pipeline_VITIS_LOOP_239_15_fu_563_ap_start_reg_reg/R	-2.269
ap_rst_n	grp_run_fu_161/grp_runController_fu_106/grp_runQueryTile_fu_142/runQueryBlock_0_U0/grp_runQueryBlock_0_Outline_VITIS_LOOP_116_5_fu_148/ap_CS_fsm_reg[6]/R	-2.262
ap_rst_n	grp_run_fu_161/grp_runController_fu_106/grp_runQueryTile_fu_142/runQueryBlock_1_U0/grp_reciprocalColumns_fu_181/grp_reciprocalColumns_Pipeline_VITIS_LOOP_369_1_fu_102/flow_control_loop_pipe_sequential_init_U/ap_done_cache_reg/D	-2.252
ap_rst_n	grp_run_fu_161/grp_runController_fu_106/grp_runQueryTile_fu_142/runQueryBlock_1_U0/grp_runAccumulatorColumns_fu_527/ap_enable_reg_pp0_iter2_reg/R	-2.251
ap_rst_n	grp_run_fu_161/grp_runController_fu_106/grp_runQueryTile_fu_142/runQueryBlock_1_U0/grp_runAccumulatorColumns_fu_527/ap_enable_reg_pp0_iter3_reg/R	-2.251
ap_rst_n	grp_run_fu_161/grp_runController_fu_106/grp_runQueryTile_fu_142/runQueryBlock_1_U0/grp_runAccumulatorColumns_fu_527/ap_enable_reg_pp0_iter4_reg/R	-2.251
ap_rst_n	grp_run_fu_161/grp_runController_fu_106/grp_runQueryTile_fu_142/runQueryBlock_1_U0/grp_runAccumulatorColumns_fu_527/ap_enable_reg_pp0_iter5_reg/R	-2.251
ap_rst_n	grp_run_fu_161/grp_runController_fu_106/grp_runQueryTile_fu_142/runQueryBlock_0_U0/grp_runQueryBlock_0_Outline_VITIS_LOOP_116_5_fu_148/grp_runQueryBlock_0_Pipeline_VITIS_LOOP_162_1_fu_724/ap_CS_fsm_reg[0]/S	-2.247
ap_rst_n	grp_run_fu_161/grp_runController_fu_106/grp_runQueryTile_fu_142/runQueryBlock_0_U0/grp_runQueryBlock_0_Outline_VITIS_LOOP_116_5_fu_148/grp_runQueryBlock_0_Pipeline_VITIS_LOOP_162_1_fu_724/ap_CS_fsm_reg[1]/R	-2.247
ap_rst_n	grp_run_fu_161/grp_runController_fu_106/grp_runQueryTile_fu_142/runQueryBlock_0_U0/grp_runQueryBlock_0_Outline_VITIS_LOOP_116_5_fu_148/grp_runQueryBlock_0_Pipeline_VITIS_LOOP_162_1_fu_724/ap_CS_fsm_reg[2]/R	-2.247
ap_rst_n	grp_run_fu_161/grp_runController_fu_106/grp_runQueryTile_fu_142/runQueryBlock_0_U0/grp_runQueryBlock_0_Outline_VITIS_LOOP_116_5_fu_148/grp_runQueryBlock_0_Pipeline_VITIS_LOOP_162_1_fu_724/ap_CS_fsm_reg[3]/R	-2.247
ap_rst_n	grp_run_fu_161/grp_runController_fu_106/grp_runQueryTile_fu_142/runQueryBlock_0_U0/grp_runQueryBlock_0_Outline_VITIS_LOOP_116_5_fu_148/grp_runQueryBlock_0_Pipeline_VITIS_LOOP_162_1_fu_724/ap_CS_fsm_reg[4]/R	-2.247
ap_rst_n	grp_run_fu_161/grp_runController_fu_106/grp_runQueryTile_fu_142/runQueryBlock_0_U0/grp_runQueryBlock_0_Outline_VITIS_LOOP_116_5_fu_148/grp_runQueryBlock_0_Pipeline_VITIS_LOOP_162_1_fu_724_ap_start_reg_reg/R	-2.244
ap_rst_n	grp_run_fu_161/grp_runController_fu_106/grp_runQueryTile_fu_142/runQueryBlock_0_U0/grp_runQueryBlock_0_Outline_VITIS_LOOP_116_5_fu_148/grp_runQueryBlock_0_Pipeline_VITIS_LOOP_162_1_fu_724/ap_enable_reg_pp0_iter0_reg_reg/D	-2.242
ap_rst_n	grp_run_fu_161/grp_runController_fu_106/grp_runQueryTile_fu_142/runQueryBlock_0_U0/grp_runQueryBlock_0_Outline_VITIS_LOOP_116_5_fu_148/grp_runQueryBlock_0_Pipeline_VITIS_LOOP_366_33_fu_738/ap_enable_reg_pp0_iter9_reg/R	-2.229
ap_rst_n	grp_run_fu_161/grp_runController_fu_106/grp_runQueryTile_fu_142/runQueryBlock_0_U0/grp_runQueryBlock_0_Outline_VITIS_LOOP_116_5_fu_148/grp_runQueryBlock_0_Pipeline_VITIS_LOOP_297_25_fu_668/ap_enable_reg_pp0_iter4_reg/R	-2.228
ap_rst_n	grp_run_fu_161/grp_runController_fu_106/grp_runQueryTile_fu_142/runQueryBlock_1_U0/grp_reciprocalColumns_fu_181/grp_reciprocalColumns_Pipeline_VITIS_LOOP_369_13_fu_125/ap_enable_reg_pp0_iter1_reg/D	-2.225
ap_rst_n	grp_run_fu_161/grp_runController_fu_106/grp_runQueryTile_fu_142/runQueryBlock_1_U0/grp_reciprocalColumns_fu_181/grp_reciprocalColumns_Pipeline_VITIS_LOOP_369_1_fu_102/ap_enable_reg_pp0_iter1_reg/D	-2.224
ap_rst_n	grp_run_fu_161/grp_runController_fu_106/grp_runQueryTile_fu_142/runQueryBlock_1_U0/grp_reciprocalColumns_fu_181/ap_CS_fsm_reg[3]/R	-2.220
ap_rst_n	grp_run_fu_161/grp_runController_fu_106/grp_runQueryTile_fu_142/runQueryBlock_1_U0/grp_reciprocalColumns_fu_181/ap_CS_fsm_reg[4]/R	-2.220
ap_rst_n	grp_run_fu_161/grp_runController_fu_106/grp_runQueryTile_fu_142/runQueryBlock_1_U0/grp_reciprocalColumns_fu_181/grp_reciprocalColumns_Pipeline_VITIS_LOOP_369_1_fu_102_ap_start_reg_reg/R	-2.220
ap_rst_n	grp_run_fu_161/grp_runController_fu_106/grp_runQueryTile_fu_142/runQueryBlock_0_U0/grp_runQueryBlock_0_Outline_VITIS_LOOP_116_5_fu_148/ap_CS_fsm_reg[23]/R	-2.219
ap_rst_n	grp_run_fu_161/grp_runController_fu_106/grp_runQueryTile_fu_142/runQueryBlock_1_U0/grp_reciprocalColumns_fu_181/grp_p_anonymous_namespace_begin_reciprocal_fu_97/ap_return_3_preg_reg[2]/R	-2.219
ap_rst_n	grp_run_fu_161/grp_runController_fu_106/grp_runQueryTile_fu_142/runQueryBlock_1_U0/grp_reciprocalColumns_fu_181/grp_p_anonymous_namespace_begin_reciprocal_fu_97/ap_return_3_preg_reg[3]/R	-2.219
ap_rst_n	grp_run_fu_161/grp_runController_fu_106/grp_runQueryTile_fu_142/runQueryBlock_0_U0/grp_runQueryBlock_0_Outline_VITIS_LOOP_116_5_fu_148/grp_runQueryBlock_0_Pipeline_VITIS_LOOP_187_12_fu_535_ap_start_reg_reg/R	-2.217
ap_rst_n	grp_run_fu_161/grp_runController_fu_106/grp_runQueryTile_fu_142/runQueryBlock_1_U0/grp_reciprocalColumns_fu_181/grp_p_anonymous_namespace_begin_reciprocal_fu_97/ap_return_0_preg_reg[24]/R	-2.217
ap_rst_n	grp_run_fu_161/grp_runController_fu_106/grp_runQueryTile_fu_142/runQueryBlock_1_U0/grp_reciprocalColumns_fu_181/grp_p_anonymous_namespace_begin_reciprocal_fu_97/ap_return_2_preg_reg[25]/R	-2.217
ap_rst_n	grp_run_fu_161/grp_runController_fu_106/grp_runQueryTile_fu_142/runQueryBlock_1_U0/grp_reciprocalColumns_fu_181/grp_p_anonymous_namespace_begin_reciprocal_fu_97/ap_return_5_preg_reg[0]/R	-2.217
ap_rst_n	grp_run_fu_161/grp_runController_fu_106/grp_runQueryTile_fu_142/runQueryBlock_0_U0/grp_runQueryBlock_0_Outline_VITIS_LOOP_116_5_fu_148/grp_runQueryBlock_0_Pipeline_VITIS_LOOP_297_25_fu_668/ap_enable_reg_pp0_iter3_reg/R	-2.217
ap_rst_n	grp_run_fu_161/grp_runController_fu_106/grp_runQueryTile_fu_142/runQueryBlock_1_U0/grp_runQueryBlock_1_Pipeline_VITIS_LOOP_448_40_fu_187/ap_enable_reg_pp0_iter1_reg/D	-2.216
ap_rst_n	grp_run_fu_161/grp_runController_fu_106/grp_runQueryTile_fu_142/runQueryBlock_0_U0/grp_runQueryBlock_0_Outline_VITIS_LOOP_116_5_fu_148/grp_runQueryBlock_0_Pipeline_VITIS_LOOP_297_25_fu_668/ap_enable_reg_pp0_iter1_reg/R	-2.215
ap_rst_n	grp_run_fu_161/grp_runController_fu_106/grp_runQueryTile_fu_142/runQueryBlock_0_U0/grp_runQueryBlock_0_Outline_VITIS_LOOP_116_5_fu_148/grp_runQueryBlock_0_Pipeline_VITIS_LOOP_297_25_fu_668/ap_enable_reg_pp0_iter2_reg/R	-2.215
ap_rst_n	grp_run_fu_161/grp_runController_fu_106/grp_runQueryTile_fu_142/runQueryBlock_1_U0/grp_reciprocalColumns_fu_181/grp_p_anonymous_namespace_begin_reciprocal_fu_97/ap_return_3_preg_reg[4]/R	-2.215
ap_rst_n	grp_run_fu_161/grp_runController_fu_106/grp_runQueryTile_fu_142/runQueryBlock_1_U0/grp_reciprocalColumns_fu_181/grp_p_anonymous_namespace_begin_reciprocal_fu_97/ap_return_3_preg_reg[5]/R	-2.215
ap_rst_n	grp_run_fu_161/grp_runController_fu_106/grp_runQueryTile_fu_142/runQueryBlock_1_U0/grp_reciprocalColumns_fu_181/grp_p_anonymous_namespace_begin_reciprocal_fu_97/ap_return_3_preg_reg[8]/R	-2.215
ap_rst_n	grp_run_fu_161/grp_runController_fu_106/grp_runQueryTile_fu_142/runQueryBlock_1_U0/grp_reciprocalColumns_fu_181/grp_p_anonymous_namespace_begin_reciprocal_fu_97/ap_return_3_preg_reg[9]/R	-2.215
ap_rst_n	grp_run_fu_161/grp_runController_fu_106/grp_runQueryTile_fu_142/runQueryBlock_1_U0/grp_reciprocalColumns_fu_181/grp_p_anonymous_namespace_begin_reciprocal_fu_97/ap_return_4_preg_reg[0]/R	-2.215
ap_rst_n	grp_run_fu_161/grp_runController_fu_106/grp_runQueryTile_fu_142/runQueryBlock_1_U0/grp_reciprocalColumns_fu_181/grp_p_anonymous_namespace_begin_reciprocal_fu_97/ap_return_6_preg_reg[22]/R	-2.215
ap_rst_n	grp_run_fu_161/grp_runController_fu_106/grp_runQueryTile_fu_142/runQueryBlock_1_U0/grp_reciprocalColumns_fu_181/grp_p_anonymous_namespace_begin_reciprocal_fu_97/ap_return_6_preg_reg[30]/R	-2.215
ap_rst_n	grp_run_fu_161/grp_runController_fu_106/grp_runQueryTile_fu_142/runQueryBlock_1_U0/grp_reciprocalColumns_fu_181/grp_p_anonymous_namespace_begin_reciprocal_fu_97/ap_return_1_preg_reg[0]/R	-2.215
ap_rst_n	grp_run_fu_161/grp_runController_fu_106/grp_runQueryTile_fu_142/runQueryBlock_1_U0/grp_reciprocalColumns_fu_181/grp_p_anonymous_namespace_begin_reciprocal_fu_97/ap_return_1_preg_reg[14]/R	-2.215
ap_rst_n	grp_run_fu_161/grp_runController_fu_106/grp_runQueryTile_fu_142/runQueryBlock_1_U0/grp_reciprocalColumns_fu_181/grp_p_anonymous_namespace_begin_reciprocal_fu_97/ap_return_1_preg_reg[6]/R	-2.215
ap_rst_n	grp_run_fu_161/grp_runController_fu_106/grp_runQueryTile_fu_142/runQueryBlock_1_U0/grp_reciprocalColumns_fu_181/grp_p_anonymous_namespace_begin_reciprocal_fu_97/ap_return_1_preg_reg[8]/R	-2.215
ap_rst_n	grp_run_fu_161/grp_runController_fu_106/grp_runQueryTile_fu_142/runQueryBlock_1_U0/grp_reciprocalColumns_fu_181/grp_p_anonymous_namespace_begin_reciprocal_fu_97/ap_return_3_preg_reg[0]/R	-2.215
ap_rst_n	grp_run_fu_161/grp_runController_fu_106/grp_runQueryTile_fu_142/runQueryBlock_1_U0/grp_reciprocalColumns_fu_181/grp_p_anonymous_namespace_begin_reciprocal_fu_97/ap_return_3_preg_reg[1]/R	-2.215
ap_rst_n	grp_run_fu_161/grp_runController_fu_106/grp_runQueryTile_fu_142/runQueryBlock_1_U0/grp_reciprocalColumns_fu_181/grp_p_anonymous_namespace_begin_reciprocal_fu_97/ap_return_3_preg_reg[6]/R	-2.215
ap_rst_n	grp_run_fu_161/grp_runController_fu_106/grp_runQueryTile_fu_142/runQueryBlock_1_U0/grp_reciprocalColumns_fu_181/grp_p_anonymous_namespace_begin_reciprocal_fu_97/ap_return_3_preg_reg[7]/R	-2.215
ap_rst_n	grp_run_fu_161/grp_runController_fu_106/grp_runQueryTile_fu_142/runQueryBlock_1_U0/grp_reciprocalColumns_fu_181/ap_return_1_preg_reg[17]/R	-2.214
ap_rst_n	grp_run_fu_161/grp_runController_fu_106/grp_runQueryTile_fu_142/runQueryBlock_1_U0/grp_reciprocalColumns_fu_181/grp_p_anonymous_namespace_begin_reciprocal_fu_97/ap_return_1_preg_reg[20]/R	-2.214
ap_rst_n	grp_run_fu_161/grp_runController_fu_106/grp_runQueryTile_fu_142/runQueryBlock_1_U0/grp_reciprocalColumns_fu_181/grp_p_anonymous_namespace_begin_reciprocal_fu_97/ap_return_1_preg_reg[21]/R	-2.214
ap_rst_n	grp_run_fu_161/grp_runController_fu_106/grp_runQueryTile_fu_142/runQueryBlock_1_U0/grp_reciprocalColumns_fu_181/grp_p_anonymous_namespace_begin_reciprocal_fu_97/ap_return_1_preg_reg[2]/R	-2.214
ap_rst_n	grp_run_fu_161/grp_runController_fu_106/grp_runQueryTile_fu_142/runQueryBlock_1_U0/grp_reciprocalColumns_fu_181/grp_p_anonymous_namespace_begin_reciprocal_fu_97/ap_return_1_preg_reg[3]/R	-2.214
ap_rst_n	grp_run_fu_161/grp_runController_fu_106/grp_runQueryTile_fu_142/runQueryBlock_1_U0/grp_reciprocalColumns_fu_181/ap_return_1_preg_reg[14]/R	-2.213
ap_rst_n	grp_run_fu_161/grp_runController_fu_106/grp_runQueryTile_fu_142/runQueryBlock_1_U0/grp_reciprocalColumns_fu_181/ap_return_1_preg_reg[18]/R	-2.213
ap_rst_n	grp_run_fu_161/grp_runController_fu_106/grp_runQueryTile_fu_142/runQueryBlock_1_U0/grp_reciprocalColumns_fu_181/ap_return_1_preg_reg[19]/R	-2.213
ap_rst_n	grp_run_fu_161/grp_runController_fu_106/grp_runQueryTile_fu_142/runQueryBlock_1_U0/grp_reciprocalColumns_fu_181/ap_return_1_preg_reg[20]/R	-2.213
ap_rst_n	grp_run_fu_161/grp_runController_fu_106/grp_runQueryTile_fu_142/runQueryBlock_1_U0/grp_reciprocalColumns_fu_181/ap_return_1_preg_reg[6]/R	-2.213
ap_rst_n	grp_run_fu_161/grp_runController_fu_106/grp_runQueryTile_fu_142/runQueryBlock_1_U0/grp_reciprocalColumns_fu_181/ap_return_1_preg_reg[7]/R	-2.213
ap_rst_n	grp_run_fu_161/grp_runController_fu_106/grp_runQueryTile_fu_142/runQueryBlock_1_U0/grp_reciprocalColumns_fu_181/grp_p_anonymous_namespace_begin_reciprocal_fu_97/ap_return_1_preg_reg[10]/R	-2.213
ap_rst_n	grp_run_fu_161/grp_runController_fu_106/grp_runQueryTile_fu_142/runQueryBlock_1_U0/grp_reciprocalColumns_fu_181/grp_p_anonymous_namespace_begin_reciprocal_fu_97/ap_return_1_preg_reg[16]/R	-2.213
ap_rst_n	grp_run_fu_161/grp_runController_fu_106/grp_runQueryTile_fu_142/runQueryBlock_1_U0/grp_reciprocalColumns_fu_181/grp_p_anonymous_namespace_begin_reciprocal_fu_97/ap_return_1_preg_reg[17]/R	-2.213
ap_rst_n	grp_run_fu_161/grp_runController_fu_106/grp_runQueryTile_fu_142/runQueryBlock_1_U0/grp_reciprocalColumns_fu_181/grp_p_anonymous_namespace_begin_reciprocal_fu_97/ap_return_1_preg_reg[18]/R	-2.213
ap_rst_n	grp_run_fu_161/grp_runController_fu_106/grp_runQueryTile_fu_142/runQueryBlock_1_U0/grp_reciprocalColumns_fu_181/grp_p_anonymous_namespace_begin_reciprocal_fu_97/ap_return_1_preg_reg[1]/R	-2.213
ap_rst_n	grp_run_fu_161/grp_runController_fu_106/grp_runQueryTile_fu_142/runQueryBlock_1_U0/grp_reciprocalColumns_fu_181/grp_p_anonymous_namespace_begin_reciprocal_fu_97/ap_return_1_preg_reg[5]/R	-2.213
ap_rst_n	grp_run_fu_161/grp_runController_fu_106/grp_runQueryTile_fu_142/runQueryBlock_1_U0/grp_reciprocalColumns_fu_181/grp_p_anonymous_namespace_begin_reciprocal_fu_97/ap_return_1_preg_reg[9]/R	-2.213
ap_rst_n	grp_run_fu_161/grp_runController_fu_106/grp_runQueryTile_fu_142/runQueryBlock_1_U0/grp_reciprocalColumns_fu_181/ap_CS_fsm_reg[2]/R	-2.212
ap_rst_n	grp_run_fu_161/grp_runController_fu_106/grp_runQueryTile_fu_142/runQueryBlock_1_U0/grp_reciprocalColumns_fu_181/ap_CS_fsm_reg[5]/R	-2.212
ap_rst_n	grp_run_fu_161/grp_runController_fu_106/grp_runQueryTile_fu_142/runQueryBlock_1_U0/grp_reciprocalColumns_fu_181/ap_return_0_preg_reg[16]/R	-2.212
ap_rst_n	grp_run_fu_161/grp_runController_fu_106/grp_runQueryTile_fu_142/runQueryBlock_1_U0/grp_reciprocalColumns_fu_181/ap_return_0_preg_reg[17]/R	-2.212
ap_rst_n	grp_run_fu_161/grp_runController_fu_106/grp_runQueryTile_fu_142/runQueryBlock_1_U0/grp_reciprocalColumns_fu_181/grp_p_anonymous_namespace_begin_reciprocal_fu_97/ap_return_1_preg_reg[4]/R	-2.212
ap_rst_n	grp_run_fu_161/grp_runController_fu_106/grp_runQueryTile_fu_142/runQueryBlock_1_U0/grp_reciprocalColumns_fu_181/grp_p_anonymous_namespace_begin_reciprocal_fu_97/ap_return_1_preg_reg[7]/R	-2.212
ap_rst_n	grp_run_fu_161/grp_runController_fu_106/grp_runQueryTile_fu_142/runQueryBlock_1_U0/grp_reciprocalColumns_fu_181/ap_return_1_preg_reg[13]/R	-2.211
ap_rst_n	grp_run_fu_161/grp_runController_fu_106/grp_runQueryTile_fu_142/runQueryBlock_1_U0/grp_reciprocalColumns_fu_181/ap_return_1_preg_reg[1]/R	-2.211
ap_rst_n	grp_run_fu_161/grp_runController_fu_106/grp_runQueryTile_fu_142/runQueryBlock_1_U0/grp_reciprocalColumns_fu_181/ap_return_1_preg_reg[24]/R	-2.211
ap_rst_n	grp_run_fu_161/grp_runController_fu_106/grp_runQueryTile_fu_142/runQueryBlock_1_U0/grp_reciprocalColumns_fu_181/ap_return_1_preg_reg[3]/R	-2.211
ap_rst_n	grp_run_fu_161/grp_runController_fu_106/grp_runQueryTile_fu_142/runQueryBlock_1_U0/grp_reciprocalColumns_fu_181/ap_return_1_preg_reg[8]/R	-2.211
ap_rst_n	grp_run_fu_161/grp_runController_fu_106/grp_runQueryTile_fu_142/runQueryBlock_1_U0/grp_reciprocalColumns_fu_181/ap_CS_fsm_reg[8]/R	-2.211
ap_rst_n	grp_run_fu_161/grp_runController_fu_106/grp_runQueryTile_fu_142/runQueryBlock_1_U0/grp_reciprocalColumns_fu_181/ap_CS_fsm_reg[9]/R	-2.211
ap_rst_n	grp_run_fu_161/grp_runController_fu_106/grp_runQueryTile_fu_142/runQueryBlock_1_U0/grp_reciprocalColumns_fu_181/ap_return_0_preg_reg[20]/R	-2.211
ap_rst_n	grp_run_fu_161/grp_runController_fu_106/grp_runQueryTile_fu_142/runQueryBlock_1_U0/grp_reciprocalColumns_fu_181/ap_return_0_preg_reg[21]/R	-2.211
ap_rst_n	grp_run_fu_161/grp_runController_fu_106/grp_runQueryTile_fu_142/runQueryBlock_1_U0/grp_reciprocalColumns_fu_181/ap_return_0_preg_reg[2]/R	-2.211
ap_rst_n	grp_run_fu_161/grp_runController_fu_106/grp_runQueryTile_fu_142/runQueryBlock_1_U0/grp_reciprocalColumns_fu_181/ap_return_0_preg_reg[3]/R	-2.211
ap_rst_n	grp_run_fu_161/grp_runController_fu_106/grp_runQueryTile_fu_142/runQueryBlock_1_U0/grp_reciprocalColumns_fu_181/ap_return_0_preg_reg[4]/R	-2.211
ap_rst_n	grp_run_fu_161/grp_runController_fu_106/grp_runQueryTile_fu_142/runQueryBlock_1_U0/grp_reciprocalColumns_fu_181/ap_return_0_preg_reg[5]/R	-2.211
ap_rst_n	grp_run_fu_161/grp_runController_fu_106/grp_runQueryTile_fu_142/runQueryBlock_1_U0/grp_reciprocalColumns_fu_181/ap_return_0_preg_reg[8]/R	-2.211
ap_rst_n	grp_run_fu_161/grp_runController_fu_106/grp_runQueryTile_fu_142/runQueryBlock_1_U0/grp_reciprocalColumns_fu_181/ap_return_0_preg_reg[9]/R	-2.211
ap_rst_n	grp_run_fu_161/grp_runController_fu_106/grp_runQueryTile_fu_142/runQueryBlock_1_U0/grp_reciprocalColumns_fu_181/grp_reciprocalColumns_Pipeline_VITIS_LOOP_369_13_fu_125_ap_start_reg_reg/R	-2.211
ap_rst_n	grp_run_fu_161/grp_runController_fu_106/grp_runQueryTile_fu_142/runQueryBlock_1_U0/grp_reciprocalColumns_fu_181/ap_return_0_preg_reg[10]/R	-2.210
ap_rst_n	grp_run_fu_161/grp_runController_fu_106/grp_runQueryTile_fu_142/runQueryBlock_1_U0/grp_reciprocalColumns_fu_181/ap_return_0_preg_reg[11]/R	-2.210
ap_rst_n	grp_run_fu_161/grp_runController_fu_106/grp_runQueryTile_fu_142/runQueryBlock_1_U0/grp_reciprocalColumns_fu_181/ap_return_0_preg_reg[14]/R	-2.210
ap_rst_n	grp_run_fu_161/grp_runController_fu_106/grp_runQueryTile_fu_142/runQueryBlock_1_U0/grp_reciprocalColumns_fu_181/ap_return_0_preg_reg[15]/R	-2.210
ap_rst_n	grp_run_fu_161/grp_runController_fu_106/grp_runQueryTile_fu_142/runQueryBlock_1_U0/grp_reciprocalColumns_fu_181/ap_return_0_preg_reg[18]/R	-2.210
ap_rst_n	grp_run_fu_161/grp_runController_fu_106/grp_runQueryTile_fu_142/runQueryBlock_1_U0/grp_reciprocalColumns_fu_181/ap_return_0_preg_reg[19]/R	-2.210
ap_rst_n	grp_run_fu_161/grp_runController_fu_106/grp_runQueryTile_fu_142/runQueryBlock_1_U0/grp_reciprocalColumns_fu_181/ap_return_0_preg_reg[6]/R	-2.210
ap_rst_n	grp_run_fu_161/grp_runController_fu_106/grp_runQueryTile_fu_142/runQueryBlock_1_U0/grp_reciprocalColumns_fu_181/ap_return_0_preg_reg[7]/R	-2.210
ap_rst_n	grp_run_fu_161/grp_runController_fu_106/grp_runQueryTile_fu_142/runQueryBlock_1_U0/grp_reciprocalColumns_fu_181/ap_return_1_preg_reg[21]/R	-2.210
ap_rst_n	grp_run_fu_161/grp_runController_fu_106/grp_runQueryTile_fu_142/runQueryBlock_1_U0/grp_reciprocalColumns_fu_181/ap_return_1_preg_reg[2]/R	-2.210
ap_rst_n	grp_run_fu_161/grp_runController_fu_106/grp_runQueryTile_fu_142/runQueryBlock_1_U0/grp_reciprocalColumns_fu_181/ap_return_1_preg_reg[4]/R	-2.210
ap_rst_n	grp_run_fu_161/grp_runController_fu_106/grp_runQueryTile_fu_142/runQueryBlock_1_U0/grp_reciprocalColumns_fu_181/ap_return_1_preg_reg[9]/R	-2.210
ap_rst_n	grp_run_fu_161/grp_runController_fu_106/grp_runQueryTile_fu_142/runQueryBlock_1_U0/grp_reciprocalColumns_fu_181/grp_p_anonymous_namespace_begin_reciprocal_fu_97/ap_return_1_preg_reg[12]/R	-2.210
ap_rst_n	grp_run_fu_161/grp_runController_fu_106/grp_runQueryTile_fu_142/runQueryBlock_1_U0/grp_reciprocalColumns_fu_181/grp_p_anonymous_namespace_begin_reciprocal_fu_97/ap_return_1_preg_reg[13]/R	-2.210
ap_rst_n	grp_run_fu_161/grp_runController_fu_106/grp_runQueryTile_fu_142/runQueryBlock_1_U0/grp_reciprocalColumns_fu_181/grp_p_anonymous_namespace_begin_reciprocal_fu_97/ap_return_1_preg_reg[15]/R	-2.210
ap_rst_n	grp_run_fu_161/grp_runController_fu_106/grp_runQueryTile_fu_142/runQueryBlock_1_U0/grp_reciprocalColumns_fu_181/grp_p_anonymous_namespace_begin_reciprocal_fu_97/ap_return_1_preg_reg[19]/R	-2.210
ap_rst_n	grp_run_fu_161/grp_runController_fu_106/grp_runQueryTile_fu_142/runQueryBlock_1_U0/grp_reciprocalColumns_fu_181/ap_return_1_preg_reg[15]/R	-2.209
ap_rst_n	grp_run_fu_161/grp_runController_fu_106/grp_runQueryTile_fu_142/runQueryBlock_1_U0/grp_reciprocalColumns_fu_181/ap_return_1_preg_reg[16]/R	-2.209
ap_rst_n	grp_run_fu_161/grp_runController_fu_106/grp_runQueryTile_fu_142/runQueryBlock_1_U0/grp_reciprocalColumns_fu_181/ap_return_1_preg_reg[22]/R	-2.209
ap_rst_n	grp_run_fu_161/grp_runController_fu_106/grp_runQueryTile_fu_142/runQueryBlock_1_U0/grp_reciprocalColumns_fu_181/ap_return_1_preg_reg[23]/R	-2.209
ap_rst_n	grp_run_fu_161/grp_runController_fu_106/grp_runQueryTile_fu_142/runQueryBlock_1_U0/grp_reciprocalColumns_fu_181/ap_return_1_preg_reg[25]/R	-2.209
ap_rst_n	grp_run_fu_161/grp_runController_fu_106/grp_runQueryTile_fu_142/runQueryBlock_1_U0/grp_reciprocalColumns_fu_181/ap_return_1_preg_reg[26]/R	-2.209
ap_rst_n	grp_run_fu_161/grp_runController_fu_106/grp_runQueryTile_fu_142/runQueryBlock_1_U0/grp_reciprocalColumns_fu_181/ap_return_1_preg_reg[30]/R	-2.209
ap_rst_n	grp_run_fu_161/grp_runController_fu_106/grp_runQueryTile_fu_142/runQueryBlock_1_U0/grp_reciprocalColumns_fu_181/grp_p_anonymous_namespace_begin_reciprocal_fu_97/ap_CS_fsm_reg[1]/R	-2.209
ap_rst_n	grp_run_fu_161/grp_runController_fu_106/grp_runQueryTile_fu_142/runQueryBlock_1_U0/grp_reciprocalColumns_fu_181/grp_p_anonymous_namespace_begin_reciprocal_fu_97/ap_return_1_preg_reg[11]/R	-2.209
ap_rst_n	grp_run_fu_161/grp_runController_fu_106/grp_runQueryTile_fu_142/runQueryBlock_1_U0/grp_reciprocalColumns_fu_181/grp_p_anonymous_namespace_begin_reciprocal_fu_97/ap_return_1_preg_reg[22]/R	-2.209
ap_rst_n	grp_run_fu_161/grp_runController_fu_106/grp_runQueryTile_fu_142/runQueryBlock_1_U0/grp_reciprocalColumns_fu_181/grp_p_anonymous_namespace_begin_reciprocal_fu_97/ap_return_1_preg_reg[23]/R	-2.209
ap_rst_n	grp_run_fu_161/grp_runController_fu_106/grp_runQueryTile_fu_142/runQueryBlock_1_U0/grp_reciprocalColumns_fu_181/grp_p_anonymous_namespace_begin_reciprocal_fu_97/ap_return_7_preg_reg[0]/R	-2.209
ap_rst_n	grp_run_fu_161/grp_runController_fu_106/grp_runQueryTile_fu_142/runQueryBlock_1_U0/grp_runAccumulatorColumns_fu_527/ap_enable_reg_pp0_iter1_reg/R	-2.209
ap_rst_n	grp_run_fu_161/grp_runController_fu_106/grp_runQueryTile_fu_142/runQueryBlock_1_U0/grp_reciprocalColumns_fu_181/ap_CS_fsm_reg[0]/S	-2.207
ap_rst_n	grp_run_fu_161/grp_runController_fu_106/grp_runQueryTile_fu_142/runQueryBlock_1_U0/grp_reciprocalColumns_fu_181/ap_CS_fsm_reg[10]/R	-2.207
ap_rst_n	grp_run_fu_161/grp_runController_fu_106/grp_runQueryTile_fu_142/runQueryBlock_1_U0/grp_reciprocalColumns_fu_181/ap_CS_fsm_reg[6]/R	-2.207
ap_rst_n	grp_run_fu_161/grp_runController_fu_106/grp_runQueryTile_fu_142/runQueryBlock_1_U0/grp_reciprocalColumns_fu_181/ap_return_0_preg_reg[0]/R	-2.207
ap_rst_n	grp_run_fu_161/grp_runController_fu_106/grp_runQueryTile_fu_142/runQueryBlock_1_U0/grp_reciprocalColumns_fu_181/ap_return_0_preg_reg[12]/R	-2.207
ap_rst_n	grp_run_fu_161/grp_runController_fu_106/grp_runQueryTile_fu_142/runQueryBlock_1_U0/grp_reciprocalColumns_fu_181/ap_return_0_preg_reg[13]/R	-2.207
ap_rst_n	grp_run_fu_161/grp_runController_fu_106/grp_runQueryTile_fu_142/runQueryBlock_1_U0/grp_reciprocalColumns_fu_181/ap_return_0_preg_reg[1]/R	-2.207
ap_rst_n	grp_run_fu_161/grp_runController_fu_106/grp_runQueryTile_fu_142/runQueryBlock_1_U0/grp_reciprocalColumns_fu_181/ap_return_1_preg_reg[0]/R	-2.207
ap_rst_n	grp_run_fu_161/grp_runController_fu_106/grp_runQueryTile_fu_142/runQueryBlock_1_U0/grp_reciprocalColumns_fu_181/grp_p_anonymous_namespace_begin_reciprocal_fu_97/ap_return_6_preg_reg[31]/R	-2.207
ap_rst_n	grp_run_fu_161/grp_runController_fu_106/grp_runQueryTile_fu_142/runQueryBlock_0_U0/grp_runQueryBlock_0_Outline_VITIS_LOOP_116_5_fu_148/grp_runPeArray_fu_614/ap_enable_reg_pp0_iter2_reg/R	-2.206
ap_rst_n	grp_run_fu_161/grp_runController_fu_106/grp_runQueryTile_fu_142/runQueryBlock_1_U0/grp_reciprocalColumns_fu_181/ap_return_1_preg_reg[27]/R	-2.205
ap_rst_n	grp_run_fu_161/grp_runController_fu_106/grp_runQueryTile_fu_142/runQueryBlock_1_U0/grp_reciprocalColumns_fu_181/ap_return_1_preg_reg[29]/R	-2.205
ap_rst_n	grp_run_fu_161/grp_runController_fu_106/grp_runQueryTile_fu_142/runQueryBlock_1_U0/grp_reciprocalColumns_fu_181/ap_return_1_preg_reg[31]/R	-2.205
ap_rst_n	grp_run_fu_161/grp_runController_fu_106/grp_runQueryTile_fu_142/runQueryBlock_1_U0/grp_reciprocalColumns_fu_181/ap_return_1_preg_reg[5]/R	-2.205
ap_rst_n	grp_run_fu_161/grp_runController_fu_106/grp_runQueryTile_fu_142/runQueryBlock_1_U0/grp_reciprocalColumns_fu_181/ap_return_1_preg_reg[10]/R	-2.204
ap_rst_n	grp_run_fu_161/grp_runController_fu_106/grp_runQueryTile_fu_142/runQueryBlock_1_U0/grp_reciprocalColumns_fu_181/ap_return_1_preg_reg[11]/R	-2.204
ap_rst_n	grp_run_fu_161/grp_runController_fu_106/grp_runQueryTile_fu_142/runQueryBlock_1_U0/grp_reciprocalColumns_fu_181/ap_return_1_preg_reg[12]/R	-2.204
ap_rst_n	grp_run_fu_161/grp_runController_fu_106/grp_runQueryTile_fu_142/runQueryBlock_1_U0/grp_reciprocalColumns_fu_181/ap_return_1_preg_reg[28]/R	-2.204
ap_rst_n	grp_run_fu_161/grp_runController_fu_106/grp_runQueryTile_fu_142/runQueryBlock_1_U0/grp_reciprocalColumns_fu_181/grp_p_anonymous_namespace_begin_reciprocal_fu_97_ap_start_reg_reg/R	-2.204
ap_rst_n	grp_run_fu_161/grp_runController_fu_106/grp_runQueryTile_fu_142/runQueryBlock_1_U0/grp_reciprocalColumns_fu_181/ap_CS_fsm_reg[1]/R	-2.202
ap_rst_n	grp_run_fu_161/grp_runController_fu_106/grp_runQueryTile_fu_142/runQueryBlock_1_U0/grp_reciprocalColumns_fu_181/ap_CS_fsm_reg[7]/R	-2.202
ap_rst_n	grp_run_fu_161/grp_runController_fu_106/grp_runQueryTile_fu_142/runQueryBlock_1_U0/grp_reciprocalColumns_fu_181_ap_start_reg_reg/R	-2.202
ap_rst_n	grp_run_fu_161/grp_runController_fu_106/grp_runQueryTile_fu_142/runQueryBlock_1_U0/grp_runQueryBlock_1_Pipeline_VITIS_LOOP_448_40_fu_187/flow_control_loop_pipe_sequential_init_U/ap_loop_init_int_reg/D	-2.201
ap_rst_n	grp_run_fu_161/grp_runController_fu_106/grp_runQueryTile_fu_142/runQueryBlock_1_U0/grp_reciprocalColumns_fu_181/grp_p_anonymous_namespace_begin_reciprocal_fu_97/ap_CS_fsm_reg[0]/S	-2.199
ap_rst_n	grp_run_fu_161/grp_runController_fu_106/grp_runQueryTile_fu_142/runQueryBlock_1_U0/grp_reciprocalColumns_fu_181/ap_return_0_preg_reg[26]/R	-2.195
ap_rst_n	grp_run_fu_161/grp_runController_fu_106/grp_runQueryTile_fu_142/runQueryBlock_1_U0/grp_reciprocalColumns_fu_181/ap_return_0_preg_reg[27]/R	-2.195
ap_rst_n	grp_run_fu_161/grp_runController_fu_106/grp_runQueryTile_fu_142/runQueryBlock_1_U0/grp_reciprocalColumns_fu_181/ap_return_0_preg_reg[30]/R	-2.195
ap_rst_n	grp_run_fu_161/grp_runController_fu_106/grp_runQueryTile_fu_142/runQueryBlock_1_U0/grp_reciprocalColumns_fu_181/ap_return_0_preg_reg[31]/R	-2.195
ap_rst_n	grp_run_fu_161/grp_runController_fu_106/grp_runQueryTile_fu_142/runQueryBlock_1_U0/ap_CS_fsm_reg[2]/R	-2.190
ap_rst_n	grp_run_fu_161/grp_runController_fu_106/grp_runQueryTile_fu_142/runQueryBlock_1_U0/ap_CS_fsm_reg[3]/R	-2.190
ap_rst_n	grp_run_fu_161/grp_runController_fu_106/grp_runQueryTile_fu_142/runQueryBlock_1_U0/ap_CS_fsm_reg[9]/R	-2.188
ap_rst_n	grp_run_fu_161/grp_runController_fu_106/grp_runQueryTile_fu_142/runQueryBlock_1_U0/grp_runQueryBlock_1_Pipeline_VITIS_LOOP_471_43_VITIS_LOOP_472_44_fu_201_ap_start_reg_reg/R	-2.188
ap_rst_n	grp_run_fu_161/grp_runController_fu_106/grp_runQueryTile_fu_142/runQueryBlock_1_U0/grp_runQueryBlock_1_Pipeline_VITIS_LOOP_448_40_fu_187/ap_enable_reg_pp0_iter7_reg/R	-2.187
ap_rst_n	grp_run_fu_161/grp_runController_fu_106/grp_runQueryTile_fu_142/runQueryBlock_1_U0/grp_runQueryBlock_1_Pipeline_VITIS_LOOP_448_40_fu_187/ap_enable_reg_pp0_iter8_reg/R	-2.187
ap_rst_n	grp_run_fu_161/grp_runController_fu_106/grp_runQueryTile_fu_142/runQueryBlock_0_U0/grp_runAccumulatorColumns_fu_488/ap_enable_reg_pp0_iter1_reg/R	-2.187
ap_rst_n	grp_run_fu_161/grp_runController_fu_106/grp_runQueryTile_fu_142/runQueryBlock_1_U0/grp_runQueryBlock_1_Pipeline_13_fu_146_ap_start_reg_reg/R	-2.183
ap_rst_n	grp_run_fu_161/grp_runController_fu_106/grp_runQueryTile_fu_142/runQueryBlock_1_U0/grp_runQueryBlock_1_Pipeline_2_fu_140_ap_start_reg_reg/R	-2.183
ap_rst_n	grp_run_fu_161/grp_runController_fu_106/grp_runQueryTile_fu_142/runQueryBlock_1_U0/grp_runQueryBlock_1_Pipeline_VITIS_LOOP_89_1_VITIS_LOOP_90_2_fu_130_ap_start_reg_reg/R	-2.183
ap_rst_n	grp_run_fu_161/grp_runController_fu_106/grp_runQueryTile_fu_142/runQueryBlock_0_U0/grp_runAccumulatorColumns_fu_488/ap_enable_reg_pp0_iter2_reg/R	-2.183
ap_rst_n	grp_run_fu_161/grp_runController_fu_106/grp_runQueryTile_fu_142/runQueryBlock_0_U0/grp_runAccumulatorColumns_fu_488/ap_enable_reg_pp0_iter3_reg/R	-2.183
ap_rst_n	grp_run_fu_161/grp_runController_fu_106/grp_runQueryTile_fu_142/runQueryBlock_0_U0/grp_runAccumulatorColumns_fu_488/ap_enable_reg_pp0_iter4_reg/R	-2.183
ap_rst_n	grp_run_fu_161/grp_runController_fu_106/grp_runQueryTile_fu_142/runQueryBlock_0_U0/grp_runAccumulatorColumns_fu_488/ap_enable_reg_pp0_iter5_reg/R	-2.183
ap_rst_n	grp_run_fu_161/grp_runController_fu_106/grp_runQueryTile_fu_142/runQueryBlock_1_U0/grp_reciprocalColumns_fu_181/ap_return_0_preg_reg[22]/R	-2.182
ap_rst_n	grp_run_fu_161/grp_runController_fu_106/grp_runQueryTile_fu_142/runQueryBlock_1_U0/grp_reciprocalColumns_fu_181/ap_return_0_preg_reg[23]/R	-2.182
ap_rst_n	grp_run_fu_161/grp_runController_fu_106/grp_runQueryTile_fu_142/runQueryBlock_1_U0/grp_reciprocalColumns_fu_181/ap_return_0_preg_reg[24]/R	-2.182
ap_rst_n	grp_run_fu_161/grp_runController_fu_106/grp_runQueryTile_fu_142/runQueryBlock_1_U0/grp_reciprocalColumns_fu_181/ap_return_0_preg_reg[25]/R	-2.182
ap_rst_n	grp_run_fu_161/grp_runController_fu_106/grp_runQueryTile_fu_142/runQueryBlock_1_U0/grp_reciprocalColumns_fu_181/ap_return_0_preg_reg[28]/R	-2.182
ap_rst_n	grp_run_fu_161/grp_runController_fu_106/grp_runQueryTile_fu_142/runQueryBlock_1_U0/grp_reciprocalColumns_fu_181/ap_return_0_preg_reg[29]/R	-2.182
ap_rst_n	grp_run_fu_161/grp_runController_fu_106/grp_runQueryTile_fu_142/runQueryBlock_1_U0/grp_runQueryBlock_1_Pipeline_VITIS_LOOP_448_40_fu_187/ap_enable_reg_pp0_iter2_reg/R	-2.181
ap_rst_n	grp_run_fu_161/grp_runController_fu_106/grp_runQueryTile_fu_142/runQueryBlock_1_U0/grp_runQueryBlock_1_Pipeline_VITIS_LOOP_448_40_fu_187/ap_enable_reg_pp0_iter3_reg/R	-2.181
ap_rst_n	grp_run_fu_161/grp_runController_fu_106/grp_runQueryTile_fu_142/runQueryBlock_1_U0/grp_runQueryBlock_1_Pipeline_VITIS_LOOP_448_40_fu_187/ap_enable_reg_pp0_iter4_reg/R	-2.179
ap_rst_n	grp_run_fu_161/grp_runController_fu_106/grp_runQueryTile_fu_142/runQueryBlock_1_U0/grp_runQueryBlock_1_Pipeline_VITIS_LOOP_448_40_fu_187/ap_enable_reg_pp0_iter5_reg/R	-2.179
ap_rst_n	grp_run_fu_161/grp_runController_fu_106/grp_runQueryTile_fu_142/runQueryBlock_1_U0/grp_runQueryBlock_1_Pipeline_VITIS_LOOP_448_40_fu_187/ap_enable_reg_pp0_iter6_reg/R	-2.179
ap_rst_n	grp_run_fu_161/grp_runController_fu_106/grp_runQueryTile_fu_142/runQueryBlock_0_U0/grp_runQueryBlock_0_Outline_VITIS_LOOP_116_5_fu_148/ap_CS_fsm_reg[20]/R	-2.178
ap_rst_n	grp_run_fu_161/grp_runController_fu_106/grp_runQueryTile_fu_142/runQueryBlock_0_U0/grp_runQueryBlock_0_Outline_VITIS_LOOP_116_5_fu_148/grp_runQueryBlock_0_Pipeline_VITIS_LOOP_297_25_fu_668/grp_runPeArray_fu_610_ap_start_reg_reg/R	-2.178
ap_rst_n	grp_run_fu_161/grp_runController_fu_106/grp_runQueryTile_fu_142/runQueryBlock_0_U0/grp_runQueryBlock_0_Outline_VITIS_LOOP_116_5_fu_148/grp_runQueryBlock_0_Pipeline_VITIS_LOOP_297_25_fu_668_ap_start_reg_reg/R	-2.178
ap_rst_n	grp_run_fu_161/grp_runController_fu_106/grp_runQueryTile_fu_142/runQueryBlock_0_U0/grp_runQueryBlock_0_Pipeline_VITIS_LOOP_448_40_fu_183/ap_enable_reg_pp0_iter1_reg/D	-2.177
ap_rst_n	grp_run_fu_161/grp_runController_fu_106/grp_runQueryTile_fu_142/runQueryBlock_1_U0/ap_CS_fsm_reg[4]/R	-2.176
ap_rst_n	grp_run_fu_161/grp_runController_fu_106/grp_runQueryTile_fu_142/runQueryBlock_1_U0/ap_CS_fsm_reg[5]/R	-2.176
ap_rst_n	grp_run_fu_161/grp_runController_fu_106/grp_runQueryTile_fu_142/runQueryBlock_1_U0/grp_runQueryBlock_1_Outline_VITIS_LOOP_116_5_fu_152/grp_runQueryBlock_1_Pipeline_VITIS_LOOP_239_15_fu_563/ap_enable_reg_pp0_iter1_reg/D	-2.174
ap_rst_n	grp_run_fu_161/grp_runController_fu_106/grp_runQueryTile_fu_142/runQueryBlock_1_U0/grp_runQueryBlock_1_Pipeline_VITIS_LOOP_448_40_fu_187/grp_runAccumulatorColumns_fu_118_ap_start_reg_reg/R	-2.174
ap_rst_n	grp_run_fu_161/grp_runController_fu_106/grp_runQueryTile_fu_142/runQueryBlock_0_U0/grp_runQueryBlock_0_Outline_VITIS_LOOP_116_5_fu_148/grp_runQueryBlock_0_Pipeline_VITIS_LOOP_366_33_fu_738/ap_enable_reg_pp0_iter9_reg_rep/R	-2.174
ap_rst_n	grp_run_fu_161/grp_runController_fu_106/grp_runQueryTile_fu_142/runQueryBlock_0_U0/grp_runQueryBlock_0_Outline_VITIS_LOOP_116_5_fu_148/grp_runQueryBlock_0_Pipeline_VITIS_LOOP_366_33_fu_738/ap_enable_reg_pp0_iter9_reg_rep__1/R	-2.174
ap_rst_n	grp_run_fu_161/grp_runController_fu_106/grp_runQueryTile_fu_142/runQueryBlock_1_U0/ap_CS_fsm_reg[7]_rep__0/R	-2.174
ap_rst_n	grp_run_fu_161/grp_runController_fu_106/grp_runQueryTile_fu_142/runQueryBlock_0_U0/grp_runQueryBlock_0_Outline_VITIS_LOOP_116_5_fu_148/ap_CS_fsm_reg[24]/R	-2.173
ap_rst_n	grp_run_fu_161/grp_runController_fu_106/grp_runQueryTile_fu_142/runQueryBlock_0_U0/grp_runQueryBlock_0_Outline_VITIS_LOOP_116_5_fu_148/grp_runQueryBlock_0_Pipeline_VITIS_LOOP_366_33_fu_738/ap_enable_reg_pp0_iter9_reg_rep__0/R	-2.172
ap_rst_n	v_gmem_m_axi_U/load_unit_0/buff_rdata/U_fifo_mem/mem_reg_bram_1/RSTRAMB	-2.172
ap_rst_n	grp_run_fu_161/grp_runController_fu_106/grp_runQueryTile_fu_142/runQueryBlock_0_U0/grp_runQueryBlock_0_Outline_VITIS_LOOP_116_5_fu_148/grp_runQueryBlock_0_Pipeline_VITIS_LOOP_366_33_fu_738/ap_enable_reg_pp0_iter9_reg_rep__2/R	-2.170
ap_rst_n	grp_run_fu_161/grp_runController_fu_106/grp_runQueryTile_fu_142/runQueryBlock_1_U0/ap_CS_fsm_reg[6]/R	-2.169
ap_rst_n	grp_run_fu_161/grp_runController_fu_106/grp_runQueryTile_fu_142/runQueryBlock_1_U0/ap_CS_fsm_reg[7]/R	-2.169
ap_rst_n	grp_run_fu_161/grp_runController_fu_106/grp_runQueryTile_fu_142/runQueryBlock_1_U0/ap_CS_fsm_reg[8]/R	-2.169
ap_rst_n	grp_run_fu_161/grp_runController_fu_106/grp_runQueryTile_fu_142/runQueryBlock_1_U0/grp_runQueryBlock_1_Pipeline_VITIS_LOOP_448_40_fu_187_ap_start_reg_reg/R	-2.169
ap_rst_n	o_gmem_m_axi_U/store_unit_0/buff_wdata/U_fifo_mem/mem_reg/RSTRAMARSTRAM	-2.169
ap_rst_n	v_gmem_m_axi_U/load_unit_0/buff_rdata/U_fifo_mem/mem_reg_bram_0/RSTRAMB	-2.169
ap_rst_n	grp_run_fu_161/grp_runController_fu_106/grp_runQueryTile_fu_142/runQueryBlock_1_U0/ap_CS_fsm_reg[7]_rep/R	-2.169
ap_rst_n	k_gmem_m_axi_U/load_unit_0/buff_rdata/U_fifo_mem/mem_reg_bram_1/RSTRAMB	-2.165
ap_rst_n	grp_run_fu_161/grp_runController_fu_106/grp_runQueryTile_fu_142/runQueryBlock_0_U0/grp_runQueryBlock_0_Outline_VITIS_LOOP_116_5_fu_148/grp_runQueryBlock_0_Pipeline_VITIS_LOOP_366_33_fu_738/ap_enable_reg_pp0_iter5_reg/R	-2.164
ap_rst_n	grp_run_fu_161/grp_runController_fu_106/grp_runQueryTile_fu_142/runQueryBlock_0_U0/grp_runQueryBlock_0_Outline_VITIS_LOOP_116_5_fu_148/grp_runQueryBlock_0_Pipeline_VITIS_LOOP_366_33_fu_738/ap_enable_reg_pp0_iter6_reg/R	-2.164
ap_rst_n	grp_run_fu_161/grp_runController_fu_106/grp_runQueryTile_fu_142/runQueryBlock_0_U0/grp_runQueryBlock_0_Outline_VITIS_LOOP_116_5_fu_148/grp_runQueryBlock_0_Pipeline_VITIS_LOOP_366_33_fu_738/ap_enable_reg_pp0_iter7_reg/R	-2.164
ap_rst_n	grp_run_fu_161/grp_runController_fu_106/grp_runQueryTile_fu_142/runQueryBlock_0_U0/grp_reciprocalColumns_fu_177/ap_return_1_preg_reg[10]/R	-2.161
ap_rst_n	grp_run_fu_161/grp_runController_fu_106/grp_runQueryTile_fu_142/runQueryBlock_0_U0/grp_reciprocalColumns_fu_177/ap_return_1_preg_reg[12]/R	-2.161
ap_rst_n	grp_run_fu_161/grp_runController_fu_106/grp_runQueryTile_fu_142/runQueryBlock_0_U0/grp_reciprocalColumns_fu_177/ap_return_1_preg_reg[13]/R	-2.161
ap_rst_n	grp_run_fu_161/grp_runController_fu_106/grp_runQueryTile_fu_142/runQueryBlock_0_U0/grp_reciprocalColumns_fu_177/ap_return_1_preg_reg[14]/R	-2.161
ap_rst_n	grp_run_fu_161/grp_runController_fu_106/grp_runQueryTile_fu_142/runQueryBlock_0_U0/grp_runQueryBlock_0_Outline_VITIS_LOOP_116_5_fu_148/ap_CS_fsm_reg[21]/R	-2.161
ap_rst_n	grp_run_fu_161/grp_runController_fu_106/grp_runQueryTile_fu_142/runQueryBlock_0_U0/grp_runQueryBlock_0_Outline_VITIS_LOOP_116_5_fu_148/ap_CS_fsm_reg[22]/R	-2.161
ap_rst_n	grp_run_fu_161/grp_runController_fu_106/grp_runQueryTile_fu_142/runQueryBlock_0_U0/grp_runQueryBlock_0_Outline_VITIS_LOOP_116_5_fu_148/grp_runQueryBlock_0_Pipeline_VITIS_LOOP_366_33_fu_738/ap_enable_reg_pp0_iter8_reg/R	-2.160
ap_rst_n	k_gmem_m_axi_U/load_unit_0/buff_rdata/U_fifo_mem/mem_reg_bram_0/RSTRAMB	-2.160
ap_rst_n	q_gmem_m_axi_U/load_unit_0/buff_rdata/U_fifo_mem/mem_reg_bram_1/RSTRAMB	-2.160
ap_rst_n	grp_run_fu_161/grp_runController_fu_106/grp_runQueryTile_fu_142/runQueryBlock_0_U0/grp_runQueryBlock_0_Outline_VITIS_LOOP_116_5_fu_148/ap_CS_fsm_reg[12]/R	-2.160
ap_rst_n	grp_run_fu_161/grp_runController_fu_106/grp_runQueryTile_fu_142/runQueryBlock_0_U0/grp_runQueryBlock_0_Outline_VITIS_LOOP_116_5_fu_148/ap_CS_fsm_reg[13]/R	-2.160
ap_rst_n	grp_run_fu_161/grp_runController_fu_106/grp_runQueryTile_fu_142/runQueryBlock_0_U0/grp_runQueryBlock_0_Outline_VITIS_LOOP_116_5_fu_148/ap_CS_fsm_reg[14]/R	-2.160
ap_rst_n	grp_run_fu_161/grp_runController_fu_106/grp_runQueryTile_fu_142/runQueryBlock_0_U0/grp_runQueryBlock_0_Outline_VITIS_LOOP_116_5_fu_148/ap_CS_fsm_reg[28]/R	-2.160
ap_rst_n	grp_run_fu_161/grp_runController_fu_106/grp_runQueryTile_fu_142/runQueryBlock_0_U0/grp_runQueryBlock_0_Outline_VITIS_LOOP_116_5_fu_148/ap_CS_fsm_reg[29]/R	-2.160
ap_rst_n	grp_run_fu_161/grp_runController_fu_106/grp_runQueryTile_fu_142/runQueryBlock_0_U0/grp_runQueryBlock_0_Outline_VITIS_LOOP_116_5_fu_148/ap_CS_fsm_reg[30]/R	-2.160
ap_rst_n	grp_run_fu_161/grp_runController_fu_106/grp_runQueryTile_fu_142/runQueryBlock_0_U0/grp_runQueryBlock_0_Outline_VITIS_LOOP_116_5_fu_148/ap_CS_fsm_reg[31]/R	-2.160
ap_rst_n	grp_run_fu_161/grp_runController_fu_106/grp_runQueryTile_fu_142/runQueryBlock_0_U0/grp_runQueryBlock_0_Outline_VITIS_LOOP_116_5_fu_148/ap_CS_fsm_reg[32]/R	-2.160
ap_rst_n	grp_run_fu_161/grp_runController_fu_106/grp_runQueryTile_fu_142/runQueryBlock_0_U0/grp_reciprocalColumns_fu_177/ap_return_0_preg_reg[6]/R	-2.159
ap_rst_n	grp_run_fu_161/grp_runController_fu_106/grp_runQueryTile_fu_142/runQueryBlock_0_U0/grp_reciprocalColumns_fu_177/ap_return_0_preg_reg[7]/R	-2.159
ap_rst_n	grp_run_fu_161/grp_runController_fu_106/grp_runQueryTile_fu_142/runQueryBlock_0_U0/grp_reciprocalColumns_fu_177/ap_return_0_preg_reg[8]/R	-2.159
ap_rst_n	grp_run_fu_161/grp_runController_fu_106/grp_runQueryTile_fu_142/runQueryBlock_0_U0/grp_reciprocalColumns_fu_177/ap_return_0_preg_reg[9]/R	-2.159
ap_rst_n	grp_run_fu_161/grp_runController_fu_106/grp_runQueryTile_fu_142/runQueryBlock_0_U0/grp_runQueryBlock_0_Outline_VITIS_LOOP_116_5_fu_148/grp_runQueryBlock_0_Pipeline_VITIS_LOOP_162_1_fu_724/grp_runPeArray_fu_146_ap_start_reg_reg/R	-2.158
ap_rst_n	grp_run_fu_161/grp_runController_fu_106/grp_runQueryTile_fu_142/runQueryBlock_0_U0/grp_reciprocalColumns_fu_177/ap_return_0_preg_reg[2]/R	-2.158
ap_rst_n	grp_run_fu_161/grp_runController_fu_106/grp_runQueryTile_fu_142/runQueryBlock_0_U0/grp_reciprocalColumns_fu_177/ap_return_0_preg_reg[3]/R	-2.158
ap_rst_n	grp_run_fu_161/grp_runController_fu_106/grp_runQueryTile_fu_142/runQueryBlock_0_U0/grp_runQueryBlock_0_Outline_VITIS_LOOP_116_5_fu_148/ap_CS_fsm_reg[19]/R	-2.158
ap_rst_n	grp_run_fu_161/grp_runController_fu_106/grp_runQueryTile_fu_142/runQueryBlock_0_U0/grp_runQueryBlock_0_Outline_VITIS_LOOP_116_5_fu_148/grp_runQueryBlock_0_Pipeline_VITIS_LOOP_366_33_fu_738_ap_start_reg_reg/R	-2.158
ap_rst_n	grp_run_fu_161/grp_runController_fu_106/grp_runQueryTile_fu_142/runQueryBlock_0_U0/grp_reciprocalColumns_fu_177/ap_return_0_preg_reg[0]/R	-2.157
ap_rst_n	grp_run_fu_161/grp_runController_fu_106/grp_runQueryTile_fu_142/runQueryBlock_0_U0/grp_reciprocalColumns_fu_177/ap_return_0_preg_reg[14]/R	-2.157
ap_rst_n	grp_run_fu_161/grp_runController_fu_106/grp_runQueryTile_fu_142/runQueryBlock_0_U0/grp_reciprocalColumns_fu_177/ap_return_0_preg_reg[15]/R	-2.157
ap_rst_n	grp_run_fu_161/grp_runController_fu_106/grp_runQueryTile_fu_142/runQueryBlock_0_U0/grp_reciprocalColumns_fu_177/ap_return_0_preg_reg[1]/R	-2.157
ap_rst_n	grp_run_fu_161/grp_runController_fu_106/grp_runQueryTile_fu_142/runQueryBlock_0_U0/grp_reciprocalColumns_fu_177/ap_return_0_preg_reg[4]/R	-2.157
ap_rst_n	grp_run_fu_161/grp_runController_fu_106/grp_runQueryTile_fu_142/runQueryBlock_0_U0/grp_reciprocalColumns_fu_177/ap_return_0_preg_reg[5]/R	-2.157
ap_rst_n	grp_run_fu_161/grp_runController_fu_106/grp_runQueryTile_fu_142/runQueryBlock_0_U0/grp_reciprocalColumns_fu_177/ap_return_1_preg_reg[30]/R	-2.157
ap_rst_n	grp_run_fu_161/grp_runController_fu_106/grp_runQueryTile_fu_142/runQueryBlock_0_U0/grp_runQueryBlock_0_Outline_VITIS_LOOP_116_5_fu_148/ap_CS_fsm_reg[4]/R	-2.157
ap_rst_n	grp_run_fu_161/grp_runController_fu_106/grp_runQueryTile_fu_142/runQueryBlock_0_U0/grp_runQueryBlock_0_Outline_VITIS_LOOP_116_5_fu_148/ap_CS_fsm_reg[5]/R	-2.157
ap_rst_n	grp_run_fu_161/grp_runController_fu_106/grp_runQueryTile_fu_142/runQueryBlock_0_U0/grp_runQueryBlock_0_Outline_VITIS_LOOP_116_5_fu_148/grp_runAccumulatorColumns_fu_593_ap_start_reg_reg/R	-2.157
ap_rst_n	grp_run_fu_161/grp_runController_fu_106/grp_runQueryTile_fu_142/runQueryBlock_0_U0/grp_runQueryBlock_0_Outline_VITIS_LOOP_116_5_fu_148/grp_runPeArray_fu_614_ap_start_reg_reg/R	-2.157
ap_rst_n	grp_run_fu_161/grp_runController_fu_106/grp_runQueryTile_fu_142/runQueryBlock_0_U0/grp_reciprocalColumns_fu_177/ap_return_0_preg_reg[26]/R	-2.156
ap_rst_n	grp_run_fu_161/grp_runController_fu_106/grp_runQueryTile_fu_142/runQueryBlock_0_U0/grp_reciprocalColumns_fu_177/ap_return_0_preg_reg[27]/R	-2.156
ap_rst_n	grp_run_fu_161/grp_runController_fu_106/grp_runQueryTile_fu_142/runQueryBlock_0_U0/grp_reciprocalColumns_fu_177/ap_return_0_preg_reg[28]/R	-2.156
ap_rst_n	grp_run_fu_161/grp_runController_fu_106/grp_runQueryTile_fu_142/runQueryBlock_0_U0/grp_reciprocalColumns_fu_177/ap_return_0_preg_reg[29]/R	-2.156
ap_rst_n	grp_run_fu_161/grp_runController_fu_106/grp_runQueryTile_fu_142/runQueryBlock_0_U0/grp_runQueryBlock_0_Outline_VITIS_LOOP_116_5_fu_148/grp_runPeArray_fu_614/ap_enable_reg_pp0_iter1_reg/R	-2.156
ap_rst_n	grp_run_fu_161/grp_runController_fu_106/grp_runQueryTile_fu_142/runQueryBlock_0_U0/grp_runQueryBlock_0_Outline_VITIS_LOOP_116_5_fu_148/ap_CS_fsm_reg[10]/R	-2.155
ap_rst_n	grp_run_fu_161/grp_runController_fu_106/grp_runQueryTile_fu_142/runQueryBlock_0_U0/grp_runQueryBlock_0_Outline_VITIS_LOOP_116_5_fu_148/ap_CS_fsm_reg[11]/R	-2.155
ap_rst_n	grp_run_fu_161/grp_runController_fu_106/grp_runQueryTile_fu_142/runQueryBlock_0_U0/grp_runQueryBlock_0_Outline_VITIS_LOOP_116_5_fu_148/ap_CS_fsm_reg[16]/R	-2.155
ap_rst_n	grp_run_fu_161/grp_runController_fu_106/grp_runQueryTile_fu_142/runQueryBlock_0_U0/grp_runQueryBlock_0_Outline_VITIS_LOOP_116_5_fu_148/ap_CS_fsm_reg[17]/R	-2.155
ap_rst_n	grp_run_fu_161/grp_runController_fu_106/grp_runQueryTile_fu_142/runQueryBlock_0_U0/grp_runQueryBlock_0_Outline_VITIS_LOOP_116_5_fu_148/ap_CS_fsm_reg[26]/R	-2.155
ap_rst_n	grp_run_fu_161/grp_runController_fu_106/grp_runQueryTile_fu_142/runQueryBlock_0_U0/grp_runQueryBlock_0_Outline_VITIS_LOOP_116_5_fu_148/ap_CS_fsm_reg[27]/R	-2.155
ap_rst_n	grp_run_fu_161/grp_runController_fu_106/grp_runQueryTile_fu_142/runQueryBlock_0_U0/grp_runQueryBlock_0_Outline_VITIS_LOOP_116_5_fu_148/ap_CS_fsm_reg[8]/R	-2.155
ap_rst_n	grp_run_fu_161/grp_runController_fu_106/grp_runQueryTile_fu_142/runQueryBlock_0_U0/grp_runQueryBlock_0_Outline_VITIS_LOOP_116_5_fu_148/ap_CS_fsm_reg[9]/R	-2.155
ap_rst_n	grp_run_fu_161/grp_runController_fu_106/grp_runQueryTile_fu_142/runQueryBlock_0_U0/ap_CS_fsm_reg[7]_rep__0/R	-2.154
ap_rst_n	grp_run_fu_161/grp_runController_fu_106/grp_runQueryTile_fu_142/runQueryBlock_0_U0/grp_reciprocalColumns_fu_177/ap_return_1_preg_reg[11]/R	-2.153
ap_rst_n	grp_run_fu_161/grp_runController_fu_106/grp_runQueryTile_fu_142/runQueryBlock_0_U0/grp_reciprocalColumns_fu_177/ap_return_1_preg_reg[1]/R	-2.153
ap_rst_n	grp_run_fu_161/grp_runController_fu_106/grp_runQueryTile_fu_142/runQueryBlock_0_U0/grp_reciprocalColumns_fu_177/ap_return_1_preg_reg[27]/R	-2.153
ap_rst_n	grp_run_fu_161/grp_runController_fu_106/grp_runQueryTile_fu_142/runQueryBlock_0_U0/grp_reciprocalColumns_fu_177/ap_return_1_preg_reg[29]/R	-2.153
ap_rst_n	q_gmem_m_axi_U/load_unit_0/buff_rdata/U_fifo_mem/mem_reg_bram_0/RSTRAMB	-2.153
ap_rst_n	grp_run_fu_161/grp_runController_fu_106/grp_runQueryTile_fu_142/runQueryBlock_0_U0/grp_reciprocalColumns_fu_177/ap_return_0_preg_reg[24]/R	-2.153
ap_rst_n	grp_run_fu_161/grp_runController_fu_106/grp_runQueryTile_fu_142/runQueryBlock_0_U0/grp_reciprocalColumns_fu_177/ap_return_0_preg_reg[25]/R	-2.153
ap_rst_n	grp_run_fu_161/grp_runController_fu_106/grp_runQueryTile_fu_142/runQueryBlock_1_U0/grp_runQueryBlock_1_Pipeline_VITIS_LOOP_471_43_VITIS_LOOP_472_44_fu_201/ap_enable_reg_pp0_iter1_reg/D	-2.153
ap_rst_n	grp_run_fu_161/grp_runController_fu_106/grp_runQueryTile_fu_142/runQueryBlock_0_U0/grp_reciprocalColumns_fu_177/ap_return_1_preg_reg[17]/R	-2.152
ap_rst_n	grp_run_fu_161/grp_runController_fu_106/grp_runQueryTile_fu_142/runQueryBlock_0_U0/grp_reciprocalColumns_fu_177/ap_return_1_preg_reg[24]/R	-2.152
ap_rst_n	grp_run_fu_161/grp_runController_fu_106/grp_runQueryTile_fu_142/runQueryBlock_0_U0/grp_reciprocalColumns_fu_177/ap_return_1_preg_reg[25]/R	-2.152
ap_rst_n	grp_run_fu_161/grp_runController_fu_106/grp_runQueryTile_fu_142/runQueryBlock_0_U0/grp_reciprocalColumns_fu_177/ap_return_1_preg_reg[5]/R	-2.152
ap_rst_n	grp_run_fu_161/grp_runController_fu_106/grp_runQueryTile_fu_142/runQueryBlock_0_U0/grp_reciprocalColumns_fu_177/ap_return_1_preg_reg[6]/R	-2.152
ap_rst_n	grp_run_fu_161/grp_runController_fu_106/grp_runQueryTile_fu_142/runQueryBlock_0_U0/grp_reciprocalColumns_fu_177/ap_return_1_preg_reg[9]/R	-2.152
ap_rst_n	grp_run_fu_161/grp_runController_fu_106/grp_runQueryTile_fu_142/runQueryBlock_0_U0/grp_reciprocalColumns_fu_177/ap_return_1_preg_reg[0]/R	-2.152
ap_rst_n	grp_run_fu_161/grp_runController_fu_106/grp_runQueryTile_fu_142/runQueryBlock_0_U0/grp_reciprocalColumns_fu_177/ap_return_0_preg_reg[16]/R	-2.151
ap_rst_n	grp_run_fu_161/grp_runController_fu_106/grp_runQueryTile_fu_142/runQueryBlock_0_U0/grp_reciprocalColumns_fu_177/ap_return_0_preg_reg[17]/R	-2.151
ap_rst_n	grp_run_fu_161/grp_runController_fu_106/grp_runQueryTile_fu_142/runQueryBlock_0_U0/grp_runQueryBlock_0_Outline_VITIS_LOOP_116_5_fu_148/ap_CS_fsm_reg[15]/R	-2.151
ap_rst_n	grp_run_fu_161/grp_runController_fu_106/grp_runQueryTile_fu_142/runQueryBlock_0_U0/grp_runQueryBlock_0_Outline_VITIS_LOOP_116_5_fu_148/grp_runQueryBlock_0_Pipeline_VITIS_LOOP_366_33_fu_738/grp_runAccumulatorColumns_fu_456_ap_start_reg_reg/R	-2.151
ap_rst_n	grp_run_fu_161/grp_runController_fu_106/grp_runQueryTile_fu_142/runQueryBlock_0_U0/grp_reciprocalColumns_fu_177/grp_reciprocalColumns_Pipeline_VITIS_LOOP_369_13_fu_125/ap_enable_reg_pp0_iter1_reg/D	-2.150
ap_rst_n	grp_run_fu_161/grp_runController_fu_106/grp_runQueryTile_fu_142/runQueryBlock_0_U0/grp_reciprocalColumns_fu_177/ap_return_0_preg_reg[22]/R	-2.150
ap_rst_n	grp_run_fu_161/grp_runController_fu_106/grp_runQueryTile_fu_142/runQueryBlock_0_U0/grp_reciprocalColumns_fu_177/ap_return_0_preg_reg[23]/R	-2.150
ap_rst_n	grp_run_fu_161/grp_runController_fu_106/grp_runQueryTile_fu_142/runQueryBlock_0_U0/grp_reciprocalColumns_fu_177/ap_return_0_preg_reg[30]/R	-2.150
ap_rst_n	grp_run_fu_161/grp_runController_fu_106/grp_runQueryTile_fu_142/runQueryBlock_0_U0/grp_reciprocalColumns_fu_177/ap_return_0_preg_reg[31]/R	-2.150
ap_rst_n	grp_run_fu_161/grp_runController_fu_106/grp_runQueryTile_fu_142/runQueryBlock_0_U0/grp_reciprocalColumns_fu_177/ap_return_0_preg_reg[12]/R	-2.150
ap_rst_n	grp_run_fu_161/grp_runController_fu_106/grp_runQueryTile_fu_142/runQueryBlock_0_U0/grp_reciprocalColumns_fu_177/ap_return_0_preg_reg[13]/R	-2.150
ap_rst_n	grp_run_fu_161/grp_runController_fu_106/grp_runQueryTile_fu_142/runQueryBlock_0_U0/grp_reciprocalColumns_fu_177/ap_return_0_preg_reg[20]/R	-2.150
ap_rst_n	grp_run_fu_161/grp_runController_fu_106/grp_runQueryTile_fu_142/runQueryBlock_0_U0/grp_reciprocalColumns_fu_177/ap_return_0_preg_reg[21]/R	-2.150
ap_rst_n	grp_run_fu_161/grp_runController_fu_106/grp_runQueryTile_fu_142/runQueryBlock_0_U0/grp_reciprocalColumns_fu_177/ap_return_1_preg_reg[15]/R	-2.148
ap_rst_n	grp_run_fu_161/grp_runController_fu_106/grp_runQueryTile_fu_142/runQueryBlock_0_U0/grp_reciprocalColumns_fu_177/ap_return_1_preg_reg[16]/R	-2.148
ap_rst_n	grp_run_fu_161/grp_runController_fu_106/grp_runQueryTile_fu_142/runQueryBlock_0_U0/grp_reciprocalColumns_fu_177/ap_return_1_preg_reg[4]/R	-2.148
ap_rst_n	grp_run_fu_161/grp_runController_fu_106/grp_runQueryTile_fu_142/runQueryBlock_0_U0/grp_reciprocalColumns_fu_177/ap_return_1_preg_reg[7]/R	-2.148
ap_rst_n	grp_run_fu_161/grp_runController_fu_106/grp_runQueryTile_fu_142/runQueryBlock_0_U0/grp_reciprocalColumns_fu_177/ap_return_1_preg_reg[8]/R	-2.148
ap_rst_n	grp_run_fu_161/grp_runController_fu_106/grp_runQueryTile_fu_142/runQueryBlock_0_U0/grp_runQueryBlock_0_Outline_VITIS_LOOP_116_5_fu_148/grp_runQueryBlock_0_Pipeline_VITIS_LOOP_366_33_fu_738/grp_runPeArray_fu_474_ap_start_reg_reg/R	-2.148
ap_rst_n	grp_run_fu_161/grp_runController_fu_106/grp_runQueryTile_fu_142/runQueryBlock_0_U0/grp_runQueryBlock_0_Outline_VITIS_LOOP_116_5_fu_148/grp_runQueryBlock_0_Pipeline_VITIS_LOOP_366_33_fu_738/ap_enable_reg_pp0_iter4_reg/R	-2.148
ap_rst_n	grp_run_fu_161/grp_runController_fu_106/grp_runQueryTile_fu_142/runQueryBlock_0_U0/grp_reciprocalColumns_fu_177/grp_reciprocalColumns_Pipeline_VITIS_LOOP_369_1_fu_102/ap_enable_reg_pp0_iter1_reg/D	-2.147
ap_rst_n	grp_run_fu_161/grp_runController_fu_106/grp_runQueryTile_fu_142/runQueryBlock_0_U0/grp_reciprocalColumns_fu_177/ap_return_1_preg_reg[19]/R	-2.146
ap_rst_n	grp_run_fu_161/grp_runController_fu_106/grp_runQueryTile_fu_142/runQueryBlock_0_U0/grp_reciprocalColumns_fu_177/ap_return_1_preg_reg[21]/R	-2.145
ap_rst_n	grp_run_fu_161/grp_runController_fu_106/grp_runQueryTile_fu_142/runQueryBlock_0_U0/grp_reciprocalColumns_fu_177/ap_return_1_preg_reg[26]/R	-2.145
ap_rst_n	grp_run_fu_161/grp_runController_fu_106/grp_runQueryTile_fu_142/runQueryBlock_0_U0/grp_reciprocalColumns_fu_177/ap_return_0_preg_reg[10]/R	-2.145
ap_rst_n	grp_run_fu_161/grp_runController_fu_106/grp_runQueryTile_fu_142/runQueryBlock_0_U0/grp_reciprocalColumns_fu_177/ap_return_0_preg_reg[11]/R	-2.145
ap_rst_n	grp_run_fu_161/grp_runController_fu_106/grp_runQueryTile_fu_142/runQueryBlock_0_U0/grp_reciprocalColumns_fu_177/ap_return_1_preg_reg[18]/R	-2.144
ap_rst_n	grp_run_fu_161/grp_runController_fu_106/grp_runQueryTile_fu_142/runQueryBlock_0_U0/grp_reciprocalColumns_fu_177/ap_return_1_preg_reg[20]/R	-2.144
ap_rst_n	grp_run_fu_161/grp_runController_fu_106/grp_runQueryTile_fu_142/runQueryBlock_0_U0/grp_reciprocalColumns_fu_177/grp_p_anonymous_namespace_begin_reciprocal_fu_97/ap_return_3_preg_reg[4]/R	-2.144
ap_rst_n	grp_run_fu_161/grp_runController_fu_106/grp_runQueryTile_fu_142/runQueryBlock_0_U0/grp_reciprocalColumns_fu_177/grp_p_anonymous_namespace_begin_reciprocal_fu_97/ap_return_3_preg_reg[5]/R	-2.144
ap_rst_n	grp_run_fu_161/grp_runController_fu_106/grp_runQueryTile_fu_142/runQueryBlock_0_U0/grp_runQueryBlock_0_Outline_VITIS_LOOP_116_5_fu_148/grp_runQueryBlock_0_Pipeline_VITIS_LOOP_366_33_fu_738/ap_enable_reg_pp0_iter3_reg/R	-2.144
ap_rst_n	grp_run_fu_161/grp_runController_fu_106/grp_runQueryTile_fu_142/runQueryBlock_1_U0/grp_runQueryBlock_1_Outline_VITIS_LOOP_116_5_fu_152/grp_runQueryBlock_1_Pipeline_VITIS_LOOP_297_25_fu_668/ap_enable_reg_pp0_iter5_reg/D	-2.144
ap_rst_n	grp_run_fu_161/grp_runController_fu_106/grp_runQueryTile_fu_142/runQueryBlock_0_U0/grp_runQueryBlock_0_Outline_VITIS_LOOP_116_5_fu_148/grp_runQueryBlock_0_Pipeline_VITIS_LOOP_187_122_fu_549/ap_enable_reg_pp0_iter1_reg/D	-2.143
ap_rst_n	grp_run_fu_161/grp_runController_fu_106/grp_runQueryTile_fu_142/output1_U/empty_n_reg/R	-2.142
ap_rst_n	grp_run_fu_161/grp_runController_fu_106/grp_runQueryTile_fu_142/output1_U/full_n_reg/S	-2.142
ap_rst_n	grp_run_fu_161/grp_runController_fu_106/grp_runQueryTile_fu_142/output1_U/mOutPtr_reg[1]/R	-2.142
ap_rst_n	grp_run_fu_161/grp_runController_fu_106/grp_runQueryTile_fu_142/output1_U/mOutPtr_reg[2]/R	-2.142
ap_rst_n	grp_run_fu_161/grp_runController_fu_106/grp_runQueryTile_fu_142/output1_U/mOutPtr_reg[3]/R	-2.142
ap_rst_n	grp_run_fu_161/grp_runController_fu_106/grp_runQueryTile_fu_142/runQueryBlock_0_U0/grp_reciprocalColumns_fu_177/ap_return_1_preg_reg[3]/R	-2.141
ap_rst_n	grp_run_fu_161/grp_runController_fu_106/grp_runQueryTile_fu_142/output1_U/addr_reg[0]/R	-2.141
ap_rst_n	grp_run_fu_161/grp_runController_fu_106/grp_runQueryTile_fu_142/output1_U/addr_reg[1]/R	-2.141
ap_rst_n	grp_run_fu_161/grp_runController_fu_106/grp_runQueryTile_fu_142/output1_U/addr_reg[2]/R	-2.141
ap_rst_n	grp_run_fu_161/grp_runController_fu_106/grp_runQueryTile_fu_142/runQueryBlock_0_U0/grp_reciprocalColumns_fu_177/grp_p_anonymous_namespace_begin_reciprocal_fu_97/ap_return_3_preg_reg[2]/R	-2.141
ap_rst_n	grp_run_fu_161/grp_runController_fu_106/grp_runQueryTile_fu_142/runQueryBlock_0_U0/grp_reciprocalColumns_fu_177/grp_p_anonymous_namespace_begin_reciprocal_fu_97/ap_return_3_preg_reg[3]/R	-2.141
ap_rst_n	grp_run_fu_161/grp_runController_fu_106/grp_runQueryTile_fu_142/runQueryBlock_0_U0/grp_reciprocalColumns_fu_177/grp_p_anonymous_namespace_begin_reciprocal_fu_97/ap_return_3_preg_reg[6]/R	-2.141
ap_rst_n	grp_run_fu_161/grp_runController_fu_106/grp_runQueryTile_fu_142/runQueryBlock_0_U0/grp_reciprocalColumns_fu_177/grp_p_anonymous_namespace_begin_reciprocal_fu_97/ap_return_3_preg_reg[7]/R	-2.141
ap_rst_n	grp_run_fu_161/grp_runController_fu_106/grp_runQueryTile_fu_142/runQueryBlock_0_U0/grp_reciprocalColumns_fu_177_ap_start_reg_reg/R	-2.141
ap_rst_n	grp_run_fu_161/grp_runController_fu_106/grp_runQueryTile_fu_142/output1_U/mOutPtr_reg[0]/R	-2.141
ap_rst_n	grp_run_fu_161/grp_runController_fu_106/grp_runQueryTile_fu_142/runQueryBlock_0_U0/grp_reciprocalColumns_fu_177/ap_CS_fsm_reg[0]/S	-2.140
ap_rst_n	grp_run_fu_161/grp_runController_fu_106/grp_runQueryTile_fu_142/runQueryBlock_0_U0/grp_reciprocalColumns_fu_177/ap_CS_fsm_reg[1]/R	-2.140
ap_rst_n	grp_run_fu_161/grp_runController_fu_106/grp_runQueryTile_fu_142/runQueryBlock_0_U0/grp_reciprocalColumns_fu_177/grp_p_anonymous_namespace_begin_reciprocal_fu_97/ap_return_3_preg_reg[8]/R	-2.140
ap_rst_n	grp_run_fu_161/grp_runController_fu_106/grp_runQueryTile_fu_142/runQueryBlock_0_U0/grp_reciprocalColumns_fu_177/grp_p_anonymous_namespace_begin_reciprocal_fu_97/ap_return_3_preg_reg[9]/R	-2.140
ap_rst_n	grp_run_fu_161/grp_runController_fu_106/grp_runQueryTile_fu_142/runQueryBlock_0_U0/ap_CS_fsm_reg[7]/R	-2.140
ap_rst_n	grp_run_fu_161/grp_runController_fu_106/grp_runQueryTile_fu_142/runQueryBlock_0_U0/ap_CS_fsm_reg[7]_rep/R	-2.140
ap_rst_n	grp_run_fu_161/grp_runController_fu_106/grp_runQueryTile_fu_142/runQueryBlock_0_U0/ap_CS_fsm_reg[8]/R	-2.140
ap_rst_n	grp_run_fu_161/grp_runController_fu_106/grp_runQueryTile_fu_142/runQueryBlock_0_U0/grp_runQueryBlock_0_Pipeline_VITIS_LOOP_448_40_fu_183/grp_runAccumulatorColumns_fu_118_ap_start_reg_reg/R	-2.140
ap_rst_n	grp_run_fu_161/grp_runController_fu_106/grp_runQueryTile_fu_142/runQueryBlock_1_U0/grp_runQueryBlock_1_Outline_VITIS_LOOP_116_5_fu_152/grp_runQueryBlock_1_Pipeline_VITIS_LOOP_366_33_fu_738/ap_enable_reg_pp0_iter9_reg_rep__0/R	-2.140
ap_rst_n	grp_run_fu_161/grp_runController_fu_106/grp_runQueryTile_fu_142/runQueryBlock_0_U0/grp_runQueryBlock_0_Pipeline_13_fu_142_ap_start_reg_reg/R	-2.139
ap_rst_n	grp_run_fu_161/grp_runController_fu_106/grp_runQueryTile_fu_142/runQueryBlock_1_U0/grp_runQueryBlock_1_Outline_VITIS_LOOP_116_5_fu_152/grp_runQueryBlock_1_Pipeline_VITIS_LOOP_366_33_fu_738/ap_enable_reg_pp0_iter9_reg_rep__2/R	-2.139
m_axi_v_gmem_RDATA[44]	v_gmem_m_axi_U/bus_read/rs_rdata/data_p2_reg[44]/D	-2.139
ap_rst_n	grp_run_fu_161/grp_runController_fu_106/grp_runQueryTile_fu_142/runQueryBlock_0_U0/grp_reciprocalColumns_fu_177/ap_return_0_preg_reg[18]/R	-2.138
ap_rst_n	grp_run_fu_161/grp_runController_fu_106/grp_runQueryTile_fu_142/runQueryBlock_0_U0/grp_reciprocalColumns_fu_177/ap_return_0_preg_reg[19]/R	-2.138
ap_rst_n	grp_run_fu_161/grp_runController_fu_106/grp_runQueryTile_fu_142/runQueryBlock_0_U0/grp_reciprocalColumns_fu_177/grp_p_anonymous_namespace_begin_reciprocal_fu_97/ap_return_3_preg_reg[0]/R	-2.138
ap_rst_n	grp_run_fu_161/grp_runController_fu_106/grp_runQueryTile_fu_142/runQueryBlock_0_U0/grp_reciprocalColumns_fu_177/grp_p_anonymous_namespace_begin_reciprocal_fu_97/ap_return_3_preg_reg[1]/R	-2.138
m_axi_v_gmem_RDATA[63]	v_gmem_m_axi_U/bus_read/rs_rdata/data_p2_reg[63]/D	-2.138
m_axi_v_gmem_RDATA[50]	v_gmem_m_axi_U/bus_read/rs_rdata/data_p2_reg[50]/D	-2.138
ap_rst_n	grp_run_fu_161/grp_runController_fu_106/grp_runQueryTile_fu_142/runQueryBlock_1_U0/grp_runQueryBlock_1_Outline_VITIS_LOOP_116_5_fu_152/ap_CS_fsm_reg[25]/R	-2.137
m_axi_v_gmem_RDATA[36]	v_gmem_m_axi_U/bus_read/rs_rdata/data_p2_reg[36]/D	-2.137
m_axi_v_gmem_RDATA[37]	v_gmem_m_axi_U/bus_read/rs_rdata/data_p2_reg[37]/D	-2.137
m_axi_v_gmem_RDATA[38]	v_gmem_m_axi_U/bus_read/rs_rdata/data_p2_reg[38]/D	-2.137
m_axi_v_gmem_RDATA[41]	v_gmem_m_axi_U/bus_read/rs_rdata/data_p2_reg[41]/D	-2.137
m_axi_v_gmem_RDATA[45]	v_gmem_m_axi_U/bus_read/rs_rdata/data_p2_reg[45]/D	-2.137
m_axi_v_gmem_RDATA[47]	v_gmem_m_axi_U/bus_read/rs_rdata/data_p2_reg[47]/D	-2.137
m_axi_v_gmem_RDATA[60]	v_gmem_m_axi_U/bus_read/rs_rdata/data_p2_reg[60]/D	-2.137
m_axi_v_gmem_RDATA[62]	v_gmem_m_axi_U/bus_read/rs_rdata/data_p2_reg[62]/D	-2.137
ap_rst_n	grp_run_fu_161/grp_runController_fu_106/grp_runQueryTile_fu_142/runQueryBlock_0_U0/grp_reciprocalColumns_fu_177/ap_CS_fsm_reg[8]/R	-2.136
ap_rst_n	grp_run_fu_161/grp_runController_fu_106/grp_runQueryTile_fu_142/runQueryBlock_0_U0/grp_reciprocalColumns_fu_177/ap_CS_fsm_reg[9]/R	-2.136
ap_rst_n	grp_run_fu_161/grp_runController_fu_106/grp_runQueryTile_fu_142/runQueryBlock_0_U0/grp_reciprocalColumns_fu_177/grp_reciprocalColumns_Pipeline_VITIS_LOOP_369_13_fu_125_ap_start_reg_reg/R	-2.136
ap_rst_n	grp_run_fu_161/grp_runController_fu_106/grp_runQueryTile_fu_142/runQueryBlock_0_U0/ap_CS_fsm_reg[2]/R	-2.136
ap_rst_n	grp_run_fu_161/grp_runController_fu_106/grp_runQueryTile_fu_142/runQueryBlock_0_U0/ap_CS_fsm_reg[3]/R	-2.136
ap_rst_n	grp_run_fu_161/grp_runController_fu_106/grp_runQueryTile_fu_142/runQueryBlock_0_U0/grp_runQueryBlock_0_Pipeline_2_fu_136_ap_start_reg_reg/R	-2.136
ap_rst_n	grp_run_fu_161/grp_runController_fu_106/grp_runQueryTile_fu_142/runQueryBlock_0_U0/grp_runQueryBlock_0_Pipeline_VITIS_LOOP_89_1_VITIS_LOOP_90_2_fu_126_ap_start_reg_reg/R	-2.136
ap_rst_n	grp_run_fu_161/grp_runController_fu_106/grp_runQueryTile_fu_142/runQueryBlock_1_U0/grp_runQueryBlock_1_Outline_VITIS_LOOP_116_5_fu_152/grp_runQueryBlock_1_Pipeline_VITIS_LOOP_366_33_fu_738/ap_enable_reg_pp0_iter9_reg_rep__1/R	-2.136
m_axi_v_gmem_RDATA[54]	v_gmem_m_axi_U/bus_read/rs_rdata/data_p2_reg[54]/D	-2.136
m_axi_v_gmem_RDATA[55]	v_gmem_m_axi_U/bus_read/rs_rdata/data_p2_reg[55]/D	-2.136
m_axi_v_gmem_RDATA[58]	v_gmem_m_axi_U/bus_read/rs_rdata/data_p2_reg[58]/D	-2.136
m_axi_v_gmem_RDATA[59]	v_gmem_m_axi_U/bus_read/rs_rdata/data_p2_reg[59]/D	-2.136
ap_rst_n	grp_run_fu_161/grp_runController_fu_106/grp_runQueryTile_fu_142/runQueryBlock_0_U0/ap_CS_fsm_reg[6]/R	-2.135
ap_rst_n	grp_run_fu_161/grp_runController_fu_106/grp_runQueryTile_fu_142/runQueryBlock_0_U0/grp_runQueryBlock_0_Pipeline_VITIS_LOOP_448_40_fu_183_ap_start_reg_reg/R	-2.135
ap_rst_n	grp_run_fu_161/grp_runController_fu_106/grp_runQueryTile_fu_142/runQueryBlock_1_U0/grp_runQueryBlock_1_Outline_VITIS_LOOP_116_5_fu_152/grp_runQueryBlock_1_Pipeline_VITIS_LOOP_239_15_fu_563/ap_enable_reg_pp0_iter2_reg/R	-2.135
ap_rst_n	grp_run_fu_161/grp_runController_fu_106/grp_runQueryTile_fu_142/runQueryBlock_1_U0/grp_runQueryBlock_1_Outline_VITIS_LOOP_116_5_fu_152/grp_runQueryBlock_1_Pipeline_VITIS_LOOP_239_15_fu_563/ap_enable_reg_pp0_iter3_reg/R	-2.135
ap_rst_n	grp_run_fu_161/grp_runController_fu_106/grp_runQueryTile_fu_142/runQueryBlock_1_U0/grp_runQueryBlock_1_Outline_VITIS_LOOP_116_5_fu_152/grp_runQueryBlock_1_Pipeline_VITIS_LOOP_366_33_fu_738/ap_enable_reg_pp0_iter7_reg/R	-2.135
ap_rst_n	grp_run_fu_161/grp_runController_fu_106/grp_runQueryTile_fu_142/runQueryBlock_1_U0/grp_runQueryBlock_1_Outline_VITIS_LOOP_116_5_fu_152/grp_runQueryBlock_1_Pipeline_VITIS_LOOP_366_33_fu_738/ap_enable_reg_pp0_iter9_reg_rep/R	-2.135
ap_rst_n	grp_run_fu_161/grp_runController_fu_106/grp_runQueryTile_fu_142/runQueryBlock_0_U0/grp_reciprocalColumns_fu_177/grp_p_anonymous_namespace_begin_reciprocal_fu_97/ap_return_6_preg_reg[22]/R	-2.134
ap_rst_n	grp_run_fu_161/grp_runController_fu_106/grp_runQueryTile_fu_142/runQueryBlock_0_U0/grp_reciprocalColumns_fu_177/grp_p_anonymous_namespace_begin_reciprocal_fu_97/ap_return_6_preg_reg[30]/R	-2.134
ap_rst_n	grp_run_fu_161/grp_runController_fu_106/grp_runQueryTile_fu_142/runQueryBlock_0_U0/grp_reciprocalColumns_fu_177/grp_p_anonymous_namespace_begin_reciprocal_fu_97/ap_return_6_preg_reg[31]/R	-2.134
ap_rst_n	grp_run_fu_161/grp_runController_fu_106/grp_runQueryTile_fu_142/runQueryBlock_0_U0/grp_reciprocalColumns_fu_177/ap_CS_fsm_reg[3]/R	-2.133
ap_rst_n	grp_run_fu_161/grp_runController_fu_106/grp_runQueryTile_fu_142/runQueryBlock_0_U0/grp_reciprocalColumns_fu_177/ap_CS_fsm_reg[4]/R	-2.133
ap_rst_n	grp_run_fu_161/grp_runController_fu_106/grp_runQueryTile_fu_142/runQueryBlock_0_U0/grp_reciprocalColumns_fu_177/grp_reciprocalColumns_Pipeline_VITIS_LOOP_369_1_fu_102_ap_start_reg_reg/R	-2.133
ap_rst_n	grp_run_fu_161/grp_runController_fu_106/grp_runQueryTile_fu_142/runQueryBlock_0_U0/grp_reciprocalColumns_fu_177/ap_return_1_preg_reg[22]/R	-2.133
ap_rst_n	grp_run_fu_161/grp_runController_fu_106/grp_runQueryTile_fu_142/runQueryBlock_0_U0/grp_reciprocalColumns_fu_177/ap_return_1_preg_reg[31]/R	-2.133
m_axi_v_gmem_RDATA[19]	v_gmem_m_axi_U/bus_read/rs_rdata/data_p2_reg[19]/D	-2.133
m_axi_v_gmem_RDATA[20]	v_gmem_m_axi_U/bus_read/rs_rdata/data_p2_reg[20]/D	-2.133
ap_rst_n	grp_run_fu_161/grp_runController_fu_106/grp_runQueryTile_fu_142/runQueryBlock_1_U0/grp_runQueryBlock_1_Outline_VITIS_LOOP_116_5_fu_152/grp_runQueryBlock_1_Pipeline_VITIS_LOOP_366_33_fu_738/ap_enable_reg_pp0_iter9_reg/R	-2.133
m_axi_v_gmem_RDATA[33]	v_gmem_m_axi_U/bus_read/rs_rdata/data_p2_reg[33]/D	-2.132
m_axi_v_gmem_RDATA[35]	v_gmem_m_axi_U/bus_read/rs_rdata/data_p2_reg[35]/D	-2.132
m_axi_v_gmem_RDATA[39]	v_gmem_m_axi_U/bus_read/rs_rdata/data_p2_reg[39]/D	-2.132
m_axi_v_gmem_RDATA[40]	v_gmem_m_axi_U/bus_read/rs_rdata/data_p2_reg[40]/D	-2.132
m_axi_v_gmem_RDATA[42]	v_gmem_m_axi_U/bus_read/rs_rdata/data_p2_reg[42]/D	-2.132
m_axi_v_gmem_RDATA[43]	v_gmem_m_axi_U/bus_read/rs_rdata/data_p2_reg[43]/D	-2.132
ap_rst_n	grp_run_fu_161/grp_runController_fu_106/grp_runQueryTile_fu_142/runQueryBlock_0_U0/grp_runQueryBlock_0_Pipeline_VITIS_LOOP_448_40_fu_183/ap_enable_reg_pp0_iter2_reg/R	-2.132
ap_rst_n	grp_run_fu_161/grp_runController_fu_106/grp_runQueryTile_fu_142/runQueryBlock_0_U0/grp_runQueryBlock_0_Pipeline_VITIS_LOOP_448_40_fu_183/ap_enable_reg_pp0_iter3_reg/R	-2.132
ap_rst_n	grp_run_fu_161/grp_runController_fu_106/grp_runQueryTile_fu_142/runQueryBlock_0_U0/grp_runQueryBlock_0_Pipeline_VITIS_LOOP_448_40_fu_183/ap_enable_reg_pp0_iter4_reg/R	-2.132
ap_rst_n	grp_run_fu_161/grp_runController_fu_106/grp_runQueryTile_fu_142/runQueryBlock_0_U0/grp_runQueryBlock_0_Pipeline_VITIS_LOOP_448_40_fu_183/ap_enable_reg_pp0_iter5_reg/R	-2.132
ap_rst_n	grp_run_fu_161/grp_runController_fu_106/grp_runQueryTile_fu_142/runQueryBlock_0_U0/grp_runQueryBlock_0_Pipeline_VITIS_LOOP_448_40_fu_183/ap_enable_reg_pp0_iter6_reg/R	-2.132
ap_rst_n	grp_run_fu_161/grp_runController_fu_106/grp_runQueryTile_fu_142/runQueryBlock_0_U0/grp_runQueryBlock_0_Pipeline_VITIS_LOOP_448_40_fu_183/ap_enable_reg_pp0_iter7_reg/R	-2.132
ap_rst_n	grp_run_fu_161/grp_runController_fu_106/grp_runQueryTile_fu_142/runQueryBlock_0_U0/grp_runQueryBlock_0_Pipeline_VITIS_LOOP_448_40_fu_183/ap_enable_reg_pp0_iter8_reg/R	-2.132
m_axi_v_gmem_RDATA[11]	v_gmem_m_axi_U/bus_read/rs_rdata/data_p2_reg[11]/D	-2.132
m_axi_v_gmem_RDATA[13]	v_gmem_m_axi_U/bus_read/rs_rdata/data_p2_reg[13]/D	-2.132
m_axi_v_gmem_RDATA[46]	v_gmem_m_axi_U/bus_read/rs_rdata/data_p2_reg[46]/D	-2.131
m_axi_v_gmem_RDATA[48]	v_gmem_m_axi_U/bus_read/rs_rdata/data_p2_reg[48]/D	-2.131
m_axi_v_gmem_RDATA[53]	v_gmem_m_axi_U/bus_read/rs_rdata/data_p2_reg[53]/D	-2.131
ap_rst_n	grp_run_fu_161/grp_runController_fu_106/grp_runQueryTile_fu_142/runQueryBlock_0_U0/grp_reciprocalColumns_fu_177/ap_CS_fsm_reg[7]/R	-2.131
ap_rst_n	grp_run_fu_161/grp_runController_fu_106/grp_runQueryTile_fu_142/runQueryBlock_1_U0/grp_runQueryBlock_1_Outline_VITIS_LOOP_116_5_fu_152/grp_runQueryBlock_1_Pipeline_VITIS_LOOP_162_1_fu_724/ap_enable_reg_pp0_iter1_reg/D	-2.131
m_axi_v_gmem_RDATA[15]	v_gmem_m_axi_U/bus_read/rs_rdata/data_p2_reg[15]/D	-2.131
m_axi_v_gmem_RDATA[9]	v_gmem_m_axi_U/bus_read/rs_rdata/data_p2_reg[9]/D	-2.131
ap_rst_n	grp_run_fu_161/grp_runController_fu_106/grp_runQueryTile_fu_142/runQueryBlock_0_U0/grp_reciprocalColumns_fu_177/grp_p_anonymous_namespace_begin_reciprocal_fu_97/ap_CS_fsm_reg[0]/S	-2.131
m_axi_v_gmem_RDATA[25]	v_gmem_m_axi_U/bus_read/rs_rdata/data_p2_reg[25]/D	-2.131
m_axi_v_gmem_RDATA[27]	v_gmem_m_axi_U/bus_read/rs_rdata/data_p2_reg[27]/D	-2.131
ap_rst_n	grp_run_fu_161/grp_runController_fu_106/grp_runQueryTile_fu_142/runQueryBlock_0_U0/grp_reciprocalColumns_fu_177/ap_return_1_preg_reg[23]/R	-2.130
ap_rst_n	grp_run_fu_161/grp_runController_fu_106/grp_runQueryTile_fu_142/runQueryBlock_0_U0/grp_reciprocalColumns_fu_177/ap_return_1_preg_reg[28]/R	-2.130
ap_rst_n	grp_run_fu_161/grp_runController_fu_106/grp_runQueryTile_fu_142/runQueryBlock_0_U0/grp_reciprocalColumns_fu_177/ap_return_1_preg_reg[2]/R	-2.130
m_axi_v_gmem_RDATA[2]	v_gmem_m_axi_U/bus_read/rs_rdata/data_p2_reg[2]/D	-2.130
m_axi_v_gmem_RDATA[4]	v_gmem_m_axi_U/bus_read/rs_rdata/data_p2_reg[4]/D	-2.130
ap_rst_n	grp_run_fu_161/grp_runController_fu_106/grp_runQueryTile_fu_142/runQueryBlock_0_U0/grp_reciprocalColumns_fu_177/ap_CS_fsm_reg[10]/R	-2.130
ap_rst_n	grp_run_fu_161/grp_runController_fu_106/grp_runQueryTile_fu_142/runQueryBlock_0_U0/grp_reciprocalColumns_fu_177/ap_CS_fsm_reg[6]/R	-2.130
ap_rst_n	grp_run_fu_161/grp_runController_fu_106/grp_runQueryTile_fu_142/runQueryBlock_1_U0/grp_runQueryBlock_1_Outline_VITIS_LOOP_116_5_fu_152/ap_CS_fsm_reg[24]/R	-2.130
ap_rst_n	grp_run_fu_161/grp_runController_fu_106/grp_runQueryTile_fu_142/runQueryBlock_1_U0/grp_runQueryBlock_1_Outline_VITIS_LOOP_116_5_fu_152/ap_CS_fsm_reg[33]/R	-2.130
ap_rst_n	grp_run_fu_161/grp_runController_fu_106/grp_runQueryTile_fu_142/runQueryBlock_1_U0/grp_runQueryBlock_1_Outline_VITIS_LOOP_116_5_fu_152/grp_runQueryBlock_1_Pipeline_VITIS_LOOP_366_33_fu_738/ap_enable_reg_pp0_iter3_reg/R	-2.130
ap_rst_n	grp_run_fu_161/grp_runController_fu_106/grp_runQueryTile_fu_142/runQueryBlock_1_U0/grp_runQueryBlock_1_Outline_VITIS_LOOP_116_5_fu_152/grp_runQueryBlock_1_Pipeline_VITIS_LOOP_366_33_fu_738_ap_start_reg_reg/R	-2.130
m_axi_k_gmem_RDATA[48]	k_gmem_m_axi_U/bus_read/rs_rdata/data_p2_reg[48]/D	-2.130
m_axi_k_gmem_RDATA[50]	k_gmem_m_axi_U/bus_read/rs_rdata/data_p2_reg[50]/D	-2.130
m_axi_v_gmem_RDATA[31]	v_gmem_m_axi_U/bus_read/rs_rdata/data_p2_reg[31]/D	-2.130
m_axi_v_gmem_RDATA[7]	v_gmem_m_axi_U/bus_read/rs_rdata/data_p2_reg[7]/D	-2.130
m_axi_v_gmem_RDATA[6]	v_gmem_m_axi_U/bus_read/rs_rdata/data_p2_reg[6]/D	-2.129
ap_rst_n	grp_run_fu_161/grp_runController_fu_106/grp_runQueryTile_fu_142/runQueryBlock_0_U0/grp_runQueryBlock_0_Outline_VITIS_LOOP_116_5_fu_148/grp_runQueryBlock_0_Pipeline_VITIS_LOOP_187_12_fu_535/ap_enable_reg_pp0_iter1_reg/D	-2.129
ap_rst_n	grp_run_fu_161/grp_runController_fu_106/grp_runQueryTile_fu_142/runQueryBlock_0_U0/grp_runQueryBlock_0_Outline_VITIS_LOOP_116_5_fu_148/ap_CS_fsm_reg[1]/R	-2.129
ap_rst_n	grp_run_fu_161/grp_runController_fu_106/grp_runQueryTile_fu_142/runQueryBlock_0_U0/grp_runQueryBlock_0_Outline_VITIS_LOOP_116_5_fu_148/ap_CS_fsm_reg[34]/R	-2.129
ap_rst_n	grp_run_fu_161/grp_runController_fu_106/grp_runQueryTile_fu_142/runQueryBlock_0_U0/grp_runQueryBlock_0_Outline_VITIS_LOOP_116_5_fu_148_ap_start_reg_reg/R	-2.129
ap_rst_n	grp_run_fu_161/grp_runController_fu_106/grp_runQueryTile_fu_142/runQueryBlock_1_U0/grp_runQueryBlock_1_Outline_VITIS_LOOP_116_5_fu_152/grp_runQueryBlock_1_Pipeline_VITIS_LOOP_366_33_fu_738/ap_enable_reg_pp0_iter8_reg/R	-2.129
m_axi_v_gmem_RDATA[21]	v_gmem_m_axi_U/bus_read/rs_rdata/data_p2_reg[21]/D	-2.128
m_axi_v_gmem_RDATA[26]	v_gmem_m_axi_U/bus_read/rs_rdata/data_p2_reg[26]/D	-2.128
ap_rst_n	grp_run_fu_161/grp_runController_fu_106/grp_runQueryTile_fu_142/runQueryBlock_0_U0/grp_runQueryBlock_0_Outline_VITIS_LOOP_116_5_fu_148/ap_CS_fsm_reg[18]/R	-2.128
ap_rst_n	grp_run_fu_161/grp_runController_fu_106/grp_runQueryTile_fu_142/runQueryBlock_0_U0/grp_runQueryBlock_0_Outline_VITIS_LOOP_116_5_fu_148/ap_CS_fsm_reg[25]/R	-2.128
m_axi_k_gmem_RDATA[37]	k_gmem_m_axi_U/bus_read/rs_rdata/data_p2_reg[37]/D	-2.128
m_axi_k_gmem_RDATA[43]	k_gmem_m_axi_U/bus_read/rs_rdata/data_p2_reg[43]/D	-2.128
ap_rst_n	grp_run_fu_161/grp_runController_fu_106/grp_runQueryTile_fu_142/runQueryBlock_0_U0/grp_runQueryBlock_0_Outline_VITIS_LOOP_116_5_fu_148/ap_CS_fsm_reg[33]/R	-2.128
m_axi_v_gmem_RDATA[3]	v_gmem_m_axi_U/bus_read/rs_rdata/data_p2_reg[3]/D	-2.127
m_axi_v_gmem_RDATA[8]	v_gmem_m_axi_U/bus_read/rs_rdata/data_p2_reg[8]/D	-2.127
m_axi_k_gmem_RDATA[57]	k_gmem_m_axi_U/bus_read/rs_rdata/data_p2_reg[57]/D	-2.127
m_axi_k_gmem_RDATA[59]	k_gmem_m_axi_U/bus_read/rs_rdata/data_p2_reg[59]/D	-2.127
m_axi_v_gmem_RDATA[14]	v_gmem_m_axi_U/bus_read/rs_rdata/data_p2_reg[14]/D	-2.127
m_axi_v_gmem_RDATA[23]	v_gmem_m_axi_U/bus_read/rs_rdata/data_p2_reg[23]/D	-2.127
ap_rst_n	grp_run_fu_161/grp_runController_fu_106/grp_runQueryTile_fu_142/runQueryBlock_1_U0/grp_runQueryBlock_1_Outline_VITIS_LOOP_116_5_fu_152/grp_runQueryBlock_1_Pipeline_VITIS_LOOP_187_12_fu_535_ap_start_reg_reg/R	-2.127
m_axi_k_gmem_RDATA[20]	k_gmem_m_axi_U/bus_read/rs_rdata/data_p2_reg[20]/D	-2.127
m_axi_k_gmem_RDATA[22]	k_gmem_m_axi_U/bus_read/rs_rdata/data_p2_reg[22]/D	-2.127
m_axi_q_gmem_RDATA[37]	q_gmem_m_axi_U/bus_read/rs_rdata/data_p2_reg[37]/D	-2.127
m_axi_q_gmem_RDATA[56]	q_gmem_m_axi_U/bus_read/rs_rdata/data_p2_reg[56]/D	-2.127
m_axi_v_gmem_RDATA[49]	v_gmem_m_axi_U/bus_read/rs_rdata/data_p2_reg[49]/D	-2.126
m_axi_v_gmem_RDATA[61]	v_gmem_m_axi_U/bus_read/rs_rdata/data_p2_reg[61]/D	-2.126
ap_rst_n	grp_run_fu_161/grp_runController_fu_106/grp_runQueryTile_fu_142/runQueryBlock_0_U0/grp_runQueryBlock_0_Outline_VITIS_LOOP_116_5_fu_148/ap_CS_fsm_reg[0]/S	-2.126
m_axi_k_gmem_RDATA[2]	k_gmem_m_axi_U/bus_read/rs_rdata/data_p2_reg[2]/D	-2.126
m_axi_k_gmem_RDATA[6]	k_gmem_m_axi_U/bus_read/rs_rdata/data_p2_reg[6]/D	-2.126
m_axi_q_gmem_RDATA[38]	q_gmem_m_axi_U/bus_read/rs_rdata/data_p2_reg[38]/D	-2.126
m_axi_v_gmem_RDATA[51]	v_gmem_m_axi_U/bus_read/rs_rdata/data_p2_reg[51]/D	-2.126
m_axi_v_gmem_RDATA[5]	v_gmem_m_axi_U/bus_read/rs_rdata/data_p2_reg[5]/D	-2.126
ap_rst_n	grp_run_fu_161/grp_runController_fu_106/grp_runQueryTile_fu_142/runQueryBlock_0_U0/grp_reciprocalColumns_fu_177/grp_p_anonymous_namespace_begin_reciprocal_fu_97/ap_return_4_preg_reg[0]/R	-2.126
ap_rst_n	grp_run_fu_161/grp_runController_fu_106/grp_runQueryTile_fu_142/runQueryBlock_0_U0/grp_reciprocalColumns_fu_177/grp_p_anonymous_namespace_begin_reciprocal_fu_97/ap_return_7_preg_reg[0]/R	-2.126
m_axi_q_gmem_RDATA[42]	q_gmem_m_axi_U/bus_read/rs_rdata/data_p2_reg[42]/D	-2.126
m_axi_q_gmem_RDATA[52]	q_gmem_m_axi_U/bus_read/rs_rdata/data_p2_reg[52]/D	-2.126
m_axi_q_gmem_RDATA[60]	q_gmem_m_axi_U/bus_read/rs_rdata/data_p2_reg[60]/D	-2.126
m_axi_k_gmem_RDATA[38]	k_gmem_m_axi_U/bus_read/rs_rdata/data_p2_reg[38]/D	-2.125
m_axi_k_gmem_RDATA[44]	k_gmem_m_axi_U/bus_read/rs_rdata/data_p2_reg[44]/D	-2.125
m_axi_k_gmem_RDATA[10]	k_gmem_m_axi_U/bus_read/rs_rdata/data_p2_reg[10]/D	-2.125
m_axi_k_gmem_RDATA[16]	k_gmem_m_axi_U/bus_read/rs_rdata/data_p2_reg[16]/D	-2.125
m_axi_q_gmem_RDATA[54]	q_gmem_m_axi_U/bus_read/rs_rdata/data_p2_reg[54]/D	-2.125
m_axi_q_gmem_RDATA[62]	q_gmem_m_axi_U/bus_read/rs_rdata/data_p2_reg[62]/D	-2.125
m_axi_k_gmem_RDATA[54]	k_gmem_m_axi_U/bus_read/rs_rdata/data_p2_reg[54]/D	-2.124
m_axi_k_gmem_RDATA[18]	k_gmem_m_axi_U/bus_read/rs_rdata/data_p2_reg[18]/D	-2.124
m_axi_k_gmem_RDATA[26]	k_gmem_m_axi_U/bus_read/rs_rdata/data_p2_reg[26]/D	-2.124
ap_rst_n	grp_run_fu_161/grp_runController_fu_106/grp_runQueryTile_fu_142/runQueryBlock_0_U0/grp_reciprocalColumns_fu_177/grp_p_anonymous_namespace_begin_reciprocal_fu_97/ap_return_1_preg_reg[11]/R	-2.124
m_axi_k_gmem_RDATA[17]	k_gmem_m_axi_U/bus_read/rs_rdata/data_p2_reg[17]/D	-2.124
m_axi_k_gmem_RDATA[1]	k_gmem_m_axi_U/bus_read/rs_rdata/data_p2_reg[1]/D	-2.124
m_axi_q_gmem_RDATA[41]	q_gmem_m_axi_U/bus_read/rs_rdata/data_p2_reg[41]/D	-2.124
m_axi_q_gmem_RDATA[43]	q_gmem_m_axi_U/bus_read/rs_rdata/data_p2_reg[43]/D	-2.124
m_axi_k_gmem_RDATA[41]	k_gmem_m_axi_U/bus_read/rs_rdata/data_p2_reg[41]/D	-2.123
m_axi_k_gmem_RDATA[53]	k_gmem_m_axi_U/bus_read/rs_rdata/data_p2_reg[53]/D	-2.123
ap_rst_n	grp_run_fu_161/grp_runController_fu_106/grp_runQueryTile_fu_142/runQueryBlock_1_U0/grp_runQueryBlock_1_Outline_VITIS_LOOP_116_5_fu_152/ap_CS_fsm_reg[18]/R	-2.123
ap_rst_n	grp_run_fu_161/grp_runController_fu_106/grp_runQueryTile_fu_142/runQueryBlock_1_U0/grp_runQueryBlock_1_Outline_VITIS_LOOP_116_5_fu_152/grp_runQueryBlock_1_Pipeline_VITIS_LOOP_366_33_fu_738/ap_enable_reg_pp0_iter5_reg/R	-2.123
ap_rst_n	grp_run_fu_161/grp_runController_fu_106/grp_runQueryTile_fu_142/runQueryBlock_1_U0/grp_runQueryBlock_1_Outline_VITIS_LOOP_116_5_fu_152/grp_runQueryBlock_1_Pipeline_VITIS_LOOP_366_33_fu_738/ap_enable_reg_pp0_iter6_reg/R	-2.123
m_axi_k_gmem_RDATA[15]	k_gmem_m_axi_U/bus_read/rs_rdata/data_p2_reg[15]/D	-2.123
m_axi_k_gmem_RDATA[23]	k_gmem_m_axi_U/bus_read/rs_rdata/data_p2_reg[23]/D	-2.123
m_axi_k_gmem_RDATA[31]	k_gmem_m_axi_U/bus_read/rs_rdata/data_p2_reg[31]/D	-2.123
m_axi_k_gmem_RDATA[3]	k_gmem_m_axi_U/bus_read/rs_rdata/data_p2_reg[3]/D	-2.123
m_axi_q_gmem_RDATA[53]	q_gmem_m_axi_U/bus_read/rs_rdata/data_p2_reg[53]/D	-2.123
m_axi_q_gmem_RDATA[57]	q_gmem_m_axi_U/bus_read/rs_rdata/data_p2_reg[57]/D	-2.123
ap_rst_n	grp_run_fu_161/grp_runController_fu_106/grp_runQueryTile_fu_142/runQueryBlock_0_U0/grp_reciprocalColumns_fu_177/ap_CS_fsm_reg[2]/R	-2.123
ap_rst_n	grp_run_fu_161/grp_runController_fu_106/grp_runQueryTile_fu_142/runQueryBlock_0_U0/grp_reciprocalColumns_fu_177/ap_CS_fsm_reg[5]/R	-2.123
ap_rst_n	grp_run_fu_161/grp_runController_fu_106/grp_runQueryTile_fu_142/runQueryBlock_0_U0/grp_reciprocalColumns_fu_177/grp_p_anonymous_namespace_begin_reciprocal_fu_97/ap_CS_fsm_reg[1]/R	-2.123
ap_rst_n	grp_run_fu_161/grp_runController_fu_106/grp_runQueryTile_fu_142/runQueryBlock_0_U0/grp_reciprocalColumns_fu_177/grp_p_anonymous_namespace_begin_reciprocal_fu_97_ap_start_reg_reg/R	-2.123
m_axi_k_gmem_RDATA[36]	k_gmem_m_axi_U/bus_read/rs_rdata/data_p2_reg[36]/D	-2.123
m_axi_k_gmem_RDATA[40]	k_gmem_m_axi_U/bus_read/rs_rdata/data_p2_reg[40]/D	-2.123
m_axi_q_gmem_RDATA[36]	q_gmem_m_axi_U/bus_read/rs_rdata/data_p2_reg[36]/D	-2.123
m_axi_q_gmem_RDATA[63]	q_gmem_m_axi_U/bus_read/rs_rdata/data_p2_reg[63]/D	-2.123
m_axi_k_gmem_RDATA[55]	k_gmem_m_axi_U/bus_read/rs_rdata/data_p2_reg[55]/D	-2.122
ap_rst_n	grp_run_fu_161/grp_runController_fu_106/grp_runQueryTile_fu_142/runQueryBlock_1_U0/grp_runQueryBlock_1_Outline_VITIS_LOOP_116_5_fu_152/ap_CS_fsm_reg[6]/R	-2.122
ap_rst_n	grp_run_fu_161/grp_runController_fu_106/grp_runQueryTile_fu_142/runQueryBlock_1_U0/grp_runQueryBlock_1_Outline_VITIS_LOOP_116_5_fu_152/ap_CS_fsm_reg[7]/R	-2.122
ap_rst_n	grp_run_fu_161/grp_runController_fu_106/grp_runQueryTile_fu_142/runQueryBlock_1_U0/grp_runQueryBlock_1_Outline_VITIS_LOOP_116_5_fu_152/grp_runQueryBlock_1_Pipeline_VITIS_LOOP_187_121_fu_549_ap_start_reg_reg/R	-2.122
ap_rst_n	grp_run_fu_161/grp_runController_fu_106/grp_runQueryTile_fu_142/runQueryBlock_1_U0/grp_runQueryBlock_1_Outline_VITIS_LOOP_116_5_fu_152/grp_runQueryBlock_1_Pipeline_VITIS_LOOP_239_15_fu_563_ap_start_reg_reg/R	-2.122
m_axi_k_gmem_RDATA[0]	k_gmem_m_axi_U/bus_read/rs_rdata/data_p2_reg[0]/D	-2.122
m_axi_k_gmem_RDATA[25]	k_gmem_m_axi_U/bus_read/rs_rdata/data_p2_reg[25]/D	-2.122
m_axi_k_gmem_RDATA[27]	k_gmem_m_axi_U/bus_read/rs_rdata/data_p2_reg[27]/D	-2.122
m_axi_k_gmem_RDATA[39]	k_gmem_m_axi_U/bus_read/rs_rdata/data_p2_reg[39]/D	-2.122
ap_rst_n	grp_run_fu_161/grp_runController_fu_106/grp_runQueryTile_fu_142/runQueryBlock_0_U0/grp_reciprocalColumns_fu_177/grp_p_anonymous_namespace_begin_reciprocal_fu_97/ap_return_1_preg_reg[16]/R	-2.122
ap_rst_n	grp_run_fu_161/grp_runController_fu_106/grp_runQueryTile_fu_142/runQueryBlock_0_U0/grp_reciprocalColumns_fu_177/grp_p_anonymous_namespace_begin_reciprocal_fu_97/ap_return_1_preg_reg[1]/R	-2.122
ap_rst_n	grp_run_fu_161/grp_runController_fu_106/grp_runQueryTile_fu_142/runQueryBlock_0_U0/grp_reciprocalColumns_fu_177/grp_p_anonymous_namespace_begin_reciprocal_fu_97/ap_return_1_preg_reg[22]/R	-2.122
m_axi_k_gmem_RDATA[42]	k_gmem_m_axi_U/bus_read/rs_rdata/data_p2_reg[42]/D	-2.122
m_axi_k_gmem_RDATA[52]	k_gmem_m_axi_U/bus_read/rs_rdata/data_p2_reg[52]/D	-2.122
m_axi_q_gmem_RDATA[51]	q_gmem_m_axi_U/bus_read/rs_rdata/data_p2_reg[51]/D	-2.122
m_axi_q_gmem_RDATA[40]	q_gmem_m_axi_U/bus_read/rs_rdata/data_p2_reg[40]/D	-2.122
m_axi_k_gmem_RDATA[60]	k_gmem_m_axi_U/bus_read/rs_rdata/data_p2_reg[60]/D	-2.121
m_axi_k_gmem_RDATA[63]	k_gmem_m_axi_U/bus_read/rs_rdata/data_p2_reg[63]/D	-2.121
ap_rst_n	grp_run_fu_161/grp_runController_fu_106/grp_runQueryTile_fu_142/runQueryBlock_0_U0/grp_reciprocalColumns_fu_177/grp_p_anonymous_namespace_begin_reciprocal_fu_97/ap_return_1_preg_reg[20]/R	-2.121
ap_rst_n	grp_run_fu_161/grp_runController_fu_106/grp_runQueryTile_fu_142/runQueryBlock_0_U0/grp_reciprocalColumns_fu_177/grp_p_anonymous_namespace_begin_reciprocal_fu_97/ap_return_1_preg_reg[21]/R	-2.121
ap_rst_n	grp_run_fu_161/grp_runController_fu_106/grp_runQueryTile_fu_142/runQueryBlock_0_U0/grp_reciprocalColumns_fu_177/grp_p_anonymous_namespace_begin_reciprocal_fu_97/ap_return_1_preg_reg[6]/R	-2.121
ap_rst_n	grp_run_fu_161/grp_runController_fu_106/grp_runQueryTile_fu_142/runQueryBlock_0_U0/grp_reciprocalColumns_fu_177/grp_p_anonymous_namespace_begin_reciprocal_fu_97/ap_return_1_preg_reg[8]/R	-2.121
m_axi_q_gmem_RDATA[44]	q_gmem_m_axi_U/bus_read/rs_rdata/data_p2_reg[44]/D	-2.121
m_axi_q_gmem_RDATA[46]	q_gmem_m_axi_U/bus_read/rs_rdata/data_p2_reg[46]/D	-2.121
m_axi_q_gmem_RDATA[45]	q_gmem_m_axi_U/bus_read/rs_rdata/data_p2_reg[45]/D	-2.121
m_axi_q_gmem_RDATA[47]	q_gmem_m_axi_U/bus_read/rs_rdata/data_p2_reg[47]/D	-2.121
ap_rst_n	grp_run_fu_161/grp_runController_fu_106/grp_runQueryTile_fu_142/runQueryBlock_0_U0/grp_reciprocalColumns_fu_177/grp_p_anonymous_namespace_begin_reciprocal_fu_97/ap_return_0_preg_reg[24]/R	-2.120
ap_rst_n	grp_run_fu_161/grp_runController_fu_106/grp_runQueryTile_fu_142/runQueryBlock_0_U0/grp_reciprocalColumns_fu_177/grp_p_anonymous_namespace_begin_reciprocal_fu_97/ap_return_2_preg_reg[25]/R	-2.120
ap_rst_n	grp_run_fu_161/grp_runController_fu_106/grp_runQueryTile_fu_142/runQueryBlock_0_U0/grp_reciprocalColumns_fu_177/grp_p_anonymous_namespace_begin_reciprocal_fu_97/ap_return_5_preg_reg[0]/R	-2.120
m_axi_k_gmem_RDATA[32]	k_gmem_m_axi_U/bus_read/rs_rdata/data_p2_reg[32]/D	-2.120
m_axi_k_gmem_RDATA[8]	k_gmem_m_axi_U/bus_read/rs_rdata/data_p2_reg[8]/D	-2.120
m_axi_q_gmem_RDATA[48]	q_gmem_m_axi_U/bus_read/rs_rdata/data_p2_reg[48]/D	-2.120
m_axi_q_gmem_RDATA[58]	q_gmem_m_axi_U/bus_read/rs_rdata/data_p2_reg[58]/D	-2.120
ap_rst_n	grp_run_fu_161/grp_runController_fu_106/grp_runQueryTile_fu_142/runQueryBlock_0_U0/grp_reciprocalColumns_fu_177/grp_p_anonymous_namespace_begin_reciprocal_fu_97/ap_return_1_preg_reg[12]/R	-2.120
ap_rst_n	grp_run_fu_161/grp_runController_fu_106/grp_runQueryTile_fu_142/runQueryBlock_0_U0/grp_reciprocalColumns_fu_177/grp_p_anonymous_namespace_begin_reciprocal_fu_97/ap_return_1_preg_reg[13]/R	-2.120
ap_rst_n	grp_run_fu_161/grp_runController_fu_106/grp_runQueryTile_fu_142/runQueryBlock_0_U0/grp_reciprocalColumns_fu_177/grp_p_anonymous_namespace_begin_reciprocal_fu_97/ap_return_1_preg_reg[2]/R	-2.120
ap_rst_n	grp_run_fu_161/grp_runController_fu_106/grp_runQueryTile_fu_142/runQueryBlock_0_U0/grp_reciprocalColumns_fu_177/grp_p_anonymous_namespace_begin_reciprocal_fu_97/ap_return_1_preg_reg[3]/R	-2.120
m_axi_k_gmem_RDATA[12]	k_gmem_m_axi_U/bus_read/rs_rdata/data_p2_reg[12]/D	-2.120
m_axi_k_gmem_RDATA[30]	k_gmem_m_axi_U/bus_read/rs_rdata/data_p2_reg[30]/D	-2.120
m_axi_k_gmem_RDATA[33]	k_gmem_m_axi_U/bus_read/rs_rdata/data_p2_reg[33]/D	-2.120
m_axi_q_gmem_RDATA[49]	q_gmem_m_axi_U/bus_read/rs_rdata/data_p2_reg[49]/D	-2.120
ap_rst_n	grp_run_fu_161/grp_runController_fu_106/grp_runQueryTile_fu_142/runQueryBlock_1_U0/grp_runQueryBlock_1_Outline_VITIS_LOOP_116_5_fu_152/grp_runQueryBlock_1_Pipeline_VITIS_LOOP_297_25_fu_668/flow_control_loop_pipe_sequential_init_U/ap_done_cache_reg/D	-2.120
ap_rst_n	grp_run_fu_161/grp_runController_fu_106/grp_runQueryTile_fu_142/runQueryBlock_1_U0/grp_runQueryBlock_1_Outline_VITIS_LOOP_116_5_fu_152/ap_CS_fsm_reg[1]/R	-2.119
ap_rst_n	grp_run_fu_161/grp_runController_fu_106/grp_runQueryTile_fu_142/runQueryBlock_1_U0/grp_runQueryBlock_1_Outline_VITIS_LOOP_116_5_fu_152/ap_CS_fsm_reg[34]/R	-2.119
m_axi_k_gmem_RDATA[11]	k_gmem_m_axi_U/bus_read/rs_rdata/data_p2_reg[11]/D	-2.119
m_axi_k_gmem_RDATA[19]	k_gmem_m_axi_U/bus_read/rs_rdata/data_p2_reg[19]/D	-2.119
m_axi_k_gmem_RDATA[21]	k_gmem_m_axi_U/bus_read/rs_rdata/data_p2_reg[21]/D	-2.119
m_axi_k_gmem_RDATA[9]	k_gmem_m_axi_U/bus_read/rs_rdata/data_p2_reg[9]/D	-2.119
m_axi_q_gmem_RDATA[39]	q_gmem_m_axi_U/bus_read/rs_rdata/data_p2_reg[39]/D	-2.119
m_axi_q_gmem_RDATA[50]	q_gmem_m_axi_U/bus_read/rs_rdata/data_p2_reg[50]/D	-2.119
ap_rst_n	grp_run_fu_161/grp_runController_fu_106/grp_runQueryTile_fu_142/runQueryBlock_0_U0/ap_CS_fsm_reg[4]/R	-2.119
ap_rst_n	grp_run_fu_161/grp_runController_fu_106/grp_runQueryTile_fu_142/runQueryBlock_0_U0/ap_CS_fsm_reg[5]/R	-2.119
m_axi_k_gmem_RDATA[14]	k_gmem_m_axi_U/bus_read/rs_rdata/data_p2_reg[14]/D	-2.119
m_axi_k_gmem_RDATA[24]	k_gmem_m_axi_U/bus_read/rs_rdata/data_p2_reg[24]/D	-2.119
m_axi_k_gmem_RDATA[46]	k_gmem_m_axi_U/bus_read/rs_rdata/data_p2_reg[46]/D	-2.119
m_axi_q_gmem_RDATA[61]	q_gmem_m_axi_U/bus_read/rs_rdata/data_p2_reg[61]/D	-2.119
ap_rst_n	grp_run_fu_161/grp_runController_fu_106/grp_runQueryTile_fu_142/runQueryBlock_1_U0/grp_runQueryBlock_1_Outline_VITIS_LOOP_116_5_fu_152/grp_runQueryBlock_1_Pipeline_VITIS_LOOP_366_33_fu_738/grp_runPeArray_fu_474_ap_start_reg_reg/R	-2.118
m_axi_k_gmem_RDATA[13]	k_gmem_m_axi_U/bus_read/rs_rdata/data_p2_reg[13]/D	-2.118
m_axi_k_gmem_RDATA[29]	k_gmem_m_axi_U/bus_read/rs_rdata/data_p2_reg[29]/D	-2.118
m_axi_k_gmem_RDATA[35]	k_gmem_m_axi_U/bus_read/rs_rdata/data_p2_reg[35]/D	-2.118
m_axi_q_gmem_RDATA[55]	q_gmem_m_axi_U/bus_read/rs_rdata/data_p2_reg[55]/D	-2.118
m_axi_q_gmem_RDATA[59]	q_gmem_m_axi_U/bus_read/rs_rdata/data_p2_reg[59]/D	-2.118
ap_rst_n	grp_run_fu_161/grp_runController_fu_106/grp_runQueryTile_fu_142/runQueryBlock_0_U0/grp_reciprocalColumns_fu_177/grp_p_anonymous_namespace_begin_reciprocal_fu_97/ap_return_1_preg_reg[0]/R	-2.118
ap_rst_n	grp_run_fu_161/grp_runController_fu_106/grp_runQueryTile_fu_142/runQueryBlock_0_U0/grp_reciprocalColumns_fu_177/grp_p_anonymous_namespace_begin_reciprocal_fu_97/ap_return_1_preg_reg[14]/R	-2.118
ap_rst_n	grp_run_fu_161/grp_runController_fu_106/grp_runQueryTile_fu_142/runQueryBlock_0_U0/grp_reciprocalColumns_fu_177/grp_p_anonymous_namespace_begin_reciprocal_fu_97/ap_return_1_preg_reg[15]/R	-2.118
ap_rst_n	grp_run_fu_161/grp_runController_fu_106/grp_runQueryTile_fu_142/runQueryBlock_0_U0/grp_reciprocalColumns_fu_177/grp_p_anonymous_namespace_begin_reciprocal_fu_97/ap_return_1_preg_reg[19]/R	-2.118
ap_rst_n	grp_run_fu_161/grp_runController_fu_106/grp_runQueryTile_fu_142/runQueryBlock_1_U0/grp_runQueryBlock_1_Outline_VITIS_LOOP_116_5_fu_152/ap_CS_fsm_reg[23]/R	-2.118
m_axi_k_gmem_RDATA[28]	k_gmem_m_axi_U/bus_read/rs_rdata/data_p2_reg[28]/D	-2.118
m_axi_k_gmem_RDATA[34]	k_gmem_m_axi_U/bus_read/rs_rdata/data_p2_reg[34]/D	-2.118
m_axi_k_gmem_RDATA[4]	k_gmem_m_axi_U/bus_read/rs_rdata/data_p2_reg[4]/D	-2.118
m_axi_k_gmem_RDATA[56]	k_gmem_m_axi_U/bus_read/rs_rdata/data_p2_reg[56]/D	-2.118
m_axi_k_gmem_RDATA[58]	k_gmem_m_axi_U/bus_read/rs_rdata/data_p2_reg[58]/D	-2.118
m_axi_k_gmem_RDATA[61]	k_gmem_m_axi_U/bus_read/rs_rdata/data_p2_reg[61]/D	-2.118
m_axi_k_gmem_RDATA[5]	k_gmem_m_axi_U/bus_read/rs_rdata/data_p2_reg[5]/D	-2.117
m_axi_k_gmem_RDATA[7]	k_gmem_m_axi_U/bus_read/rs_rdata/data_p2_reg[7]/D	-2.117
m_axi_k_gmem_RDATA[62]	k_gmem_m_axi_U/bus_read/rs_rdata/data_p2_reg[62]/D	-2.117
m_axi_k_gmem_RLAST	k_gmem_m_axi_U/bus_read/rs_rdata/data_p2_reg[64]/D	-2.117
ap_rst_n	grp_run_fu_161/grp_runController_fu_106/grp_runQueryTile_fu_142/runQueryBlock_1_U0/grp_runQueryBlock_1_Outline_VITIS_LOOP_116_5_fu_152/ap_CS_fsm_reg[15]/R	-2.117
m_axi_q_gmem_RDATA[20]	q_gmem_m_axi_U/bus_read/rs_rdata/data_p2_reg[20]/D	-2.117
ap_rst_n	grp_run_fu_161/grp_runController_fu_106/grp_runQueryTile_fu_142/runQueryBlock_0_U0/grp_reciprocalColumns_fu_177/grp_p_anonymous_namespace_begin_reciprocal_fu_97/ap_return_1_preg_reg[10]/R	-2.116
ap_rst_n	grp_run_fu_161/grp_runController_fu_106/grp_runQueryTile_fu_142/runQueryBlock_0_U0/grp_reciprocalColumns_fu_177/grp_p_anonymous_namespace_begin_reciprocal_fu_97/ap_return_1_preg_reg[17]/R	-2.116
ap_rst_n	grp_run_fu_161/grp_runController_fu_106/grp_runQueryTile_fu_142/runQueryBlock_0_U0/grp_reciprocalColumns_fu_177/grp_p_anonymous_namespace_begin_reciprocal_fu_97/ap_return_1_preg_reg[18]/R	-2.116
ap_rst_n	grp_run_fu_161/grp_runController_fu_106/grp_runQueryTile_fu_142/runQueryBlock_0_U0/grp_reciprocalColumns_fu_177/grp_p_anonymous_namespace_begin_reciprocal_fu_97/ap_return_1_preg_reg[9]/R	-2.116
m_axi_q_gmem_RDATA[16]	q_gmem_m_axi_U/bus_read/rs_rdata/data_p2_reg[16]/D	-2.116
m_axi_q_gmem_RDATA[18]	q_gmem_m_axi_U/bus_read/rs_rdata/data_p2_reg[18]/D	-2.116
m_axi_q_gmem_RDATA[1]	q_gmem_m_axi_U/bus_read/rs_rdata/data_p2_reg[1]/D	-2.116
m_axi_q_gmem_RDATA[2]	q_gmem_m_axi_U/bus_read/rs_rdata/data_p2_reg[2]/D	-2.116
m_axi_q_gmem_RDATA[33]	q_gmem_m_axi_U/bus_read/rs_rdata/data_p2_reg[33]/D	-2.116
ap_rst_n	grp_run_fu_161/grp_runController_fu_106/grp_runQueryTile_fu_142/runQueryBlock_1_U0/grp_runQueryBlock_1_Outline_VITIS_LOOP_116_5_fu_152/grp_runAccumulatorColumns_fu_593_ap_start_reg_reg/R	-2.115
ap_rst_n	grp_run_fu_161/grp_runController_fu_106/grp_runQueryTile_fu_142/runQueryBlock_1_U0/grp_runQueryBlock_1_Outline_VITIS_LOOP_116_5_fu_152/grp_runQueryBlock_1_Pipeline_VITIS_LOOP_366_33_fu_738/ap_enable_reg_pp0_iter4_reg/R	-2.115
ap_rst_n	grp_run_fu_161/grp_runController_fu_106/grp_runQueryTile_fu_142/runQueryBlock_1_U0/grp_runQueryBlock_1_Outline_VITIS_LOOP_116_5_fu_152/grp_runQueryBlock_1_Pipeline_VITIS_LOOP_366_33_fu_738/grp_runAccumulatorColumns_fu_456_ap_start_reg_reg/R	-2.115
m_axi_q_gmem_RDATA[0]	q_gmem_m_axi_U/bus_read/rs_rdata/data_p2_reg[0]/D	-2.115
m_axi_q_gmem_RDATA[4]	q_gmem_m_axi_U/bus_read/rs_rdata/data_p2_reg[4]/D	-2.115
m_axi_q_gmem_RDATA[13]	q_gmem_m_axi_U/bus_read/rs_rdata/data_p2_reg[13]/D	-2.115
m_axi_q_gmem_RDATA[21]	q_gmem_m_axi_U/bus_read/rs_rdata/data_p2_reg[21]/D	-2.115
m_axi_q_gmem_RDATA[22]	q_gmem_m_axi_U/bus_read/rs_rdata/data_p2_reg[22]/D	-2.115
m_axi_k_gmem_RDATA[45]	k_gmem_m_axi_U/bus_read/rs_rdata/data_p2_reg[45]/D	-2.114
m_axi_k_gmem_RDATA[47]	k_gmem_m_axi_U/bus_read/rs_rdata/data_p2_reg[47]/D	-2.114
m_axi_q_gmem_RDATA[30]	q_gmem_m_axi_U/bus_read/rs_rdata/data_p2_reg[30]/D	-2.114
m_axi_q_gmem_RDATA[34]	q_gmem_m_axi_U/bus_read/rs_rdata/data_p2_reg[34]/D	-2.114
m_axi_q_gmem_RDATA[3]	q_gmem_m_axi_U/bus_read/rs_rdata/data_p2_reg[3]/D	-2.114
m_axi_k_gmem_RDATA[49]	k_gmem_m_axi_U/bus_read/rs_rdata/data_p2_reg[49]/D	-2.113
m_axi_k_gmem_RDATA[51]	k_gmem_m_axi_U/bus_read/rs_rdata/data_p2_reg[51]/D	-2.113
m_axi_q_gmem_RDATA[14]	q_gmem_m_axi_U/bus_read/rs_rdata/data_p2_reg[14]/D	-2.113
m_axi_q_gmem_RDATA[8]	q_gmem_m_axi_U/bus_read/rs_rdata/data_p2_reg[8]/D	-2.113
ap_rst_n	grp_run_fu_161/grp_runController_fu_106/grp_runQueryTile_fu_142/runQueryBlock_1_U0/grp_runQueryBlock_1_Outline_VITIS_LOOP_116_5_fu_152/grp_runPeArray_fu_614/ap_enable_reg_pp0_iter2_reg/R	-2.113
ap_rst_n	grp_run_fu_161/grp_runController_fu_106/grp_runQueryTile_fu_142/runQueryBlock_0_U0/grp_reciprocalColumns_fu_177/grp_p_anonymous_namespace_begin_reciprocal_fu_97/ap_return_1_preg_reg[4]/R	-2.112
ap_rst_n	grp_run_fu_161/grp_runController_fu_106/grp_runQueryTile_fu_142/runQueryBlock_0_U0/grp_reciprocalColumns_fu_177/grp_p_anonymous_namespace_begin_reciprocal_fu_97/ap_return_1_preg_reg[5]/R	-2.112
ap_rst_n	grp_run_fu_161/grp_runController_fu_106/grp_runQueryTile_fu_142/runQueryBlock_0_U0/grp_reciprocalColumns_fu_177/grp_p_anonymous_namespace_begin_reciprocal_fu_97/ap_return_1_preg_reg[7]/R	-2.112
ap_rst_n	grp_run_fu_161/grp_runController_fu_106/grp_runQueryTile_fu_142/runQueryBlock_1_U0/grp_runQueryBlock_1_Outline_VITIS_LOOP_116_5_fu_152/grp_runQueryBlock_1_Pipeline_VITIS_LOOP_297_25_fu_668/ap_enable_reg_pp0_iter4_reg/R	-2.110
m_axi_q_gmem_RDATA[15]	q_gmem_m_axi_U/bus_read/rs_rdata/data_p2_reg[15]/D	-2.110
m_axi_q_gmem_RDATA[29]	q_gmem_m_axi_U/bus_read/rs_rdata/data_p2_reg[29]/D	-2.110
m_axi_q_gmem_RDATA[10]	q_gmem_m_axi_U/bus_read/rs_rdata/data_p2_reg[10]/D	-2.110
m_axi_q_gmem_RDATA[12]	q_gmem_m_axi_U/bus_read/rs_rdata/data_p2_reg[12]/D	-2.110
m_axi_q_gmem_RDATA[5]	q_gmem_m_axi_U/bus_read/rs_rdata/data_p2_reg[5]/D	-2.109
m_axi_q_gmem_RDATA[9]	q_gmem_m_axi_U/bus_read/rs_rdata/data_p2_reg[9]/D	-2.109
m_axi_q_gmem_RDATA[24]	q_gmem_m_axi_U/bus_read/rs_rdata/data_p2_reg[24]/D	-2.109
m_axi_q_gmem_RDATA[6]	q_gmem_m_axi_U/bus_read/rs_rdata/data_p2_reg[6]/D	-2.109
ap_rst_n	grp_run_fu_161/grp_runController_fu_106/grp_runQueryTile_fu_142/runQueryBlock_0_U0/grp_reciprocalColumns_fu_177/grp_p_anonymous_namespace_begin_reciprocal_fu_97/ap_return_1_preg_reg[23]/R	-2.109
ap_rst_n	grp_run_fu_161/grp_runController_fu_106/grp_runQueryTile_fu_142/runQueryBlock_1_U0/grp_runQueryBlock_1_Outline_VITIS_LOOP_116_5_fu_152/grp_runQueryBlock_1_Pipeline_VITIS_LOOP_187_12_fu_535/ap_enable_reg_pp0_iter1_reg/D	-2.109
ap_rst_n	grp_run_fu_161/grp_runController_fu_106/grp_runQueryTile_fu_142/runQueryBlock_0_U0/ap_CS_fsm_reg[9]/R	-2.108
ap_rst_n	grp_run_fu_161/grp_runController_fu_106/grp_runQueryTile_fu_142/runQueryBlock_0_U0/grp_runQueryBlock_0_Pipeline_VITIS_LOOP_471_43_VITIS_LOOP_472_44_fu_197_ap_start_reg_reg/R	-2.108
ap_rst_n	grp_run_fu_161/grp_runController_fu_106/grp_runQueryTile_fu_142/runQueryBlock_0_U0/grp_runQueryBlock_0_Outline_VITIS_LOOP_116_5_fu_148/grp_runQueryBlock_0_Pipeline_VITIS_LOOP_109_1_VITIS_LOOP_110_2_fu_500/ap_enable_reg_pp0_iter0_reg_reg/D	-2.107
m_axi_q_gmem_RDATA[11]	q_gmem_m_axi_U/bus_read/rs_rdata/data_p2_reg[11]/D	-2.107
m_axi_q_gmem_RDATA[23]	q_gmem_m_axi_U/bus_read/rs_rdata/data_p2_reg[23]/D	-2.107
ap_rst_n	grp_run_fu_161/grp_runController_fu_106/grp_runQueryTile_fu_142/output0_U/empty_n_reg/R	-2.106
ap_rst_n	grp_run_fu_161/grp_runController_fu_106/grp_runQueryTile_fu_142/output0_U/full_n_reg/S	-2.106
ap_rst_n	grp_run_fu_161/grp_runController_fu_106/grp_runQueryTile_fu_142/output0_U/mOutPtr_reg[2]/R	-2.106
ap_rst_n	grp_run_fu_161/grp_runController_fu_106/grp_runQueryTile_fu_142/output0_U/mOutPtr_reg[3]/R	-2.106
ap_rst_n	grp_run_fu_161/grp_runController_fu_106/grp_runQueryTile_fu_142/runQueryBlock_0_U0/grp_runQueryBlock_0_Outline_VITIS_LOOP_116_5_fu_148/grp_runQueryBlock_0_Pipeline_VITIS_LOOP_109_1_VITIS_LOOP_110_2_fu_500/ap_CS_fsm_reg[0]/S	-2.106
ap_rst_n	grp_run_fu_161/grp_runController_fu_106/grp_runQueryTile_fu_142/runQueryBlock_0_U0/grp_runQueryBlock_0_Outline_VITIS_LOOP_116_5_fu_148/grp_runQueryBlock_0_Pipeline_VITIS_LOOP_109_1_VITIS_LOOP_110_2_fu_500/grp_runPeArray_fu_420_ap_start_reg_reg/R	-2.106
ap_rst_n	grp_run_fu_161/grp_runController_fu_106/grp_runQueryTile_fu_142/runQueryBlock_1_U0/grp_runQueryBlock_1_Outline_VITIS_LOOP_116_5_fu_152/ap_CS_fsm_reg[10]/R	-2.106
ap_rst_n	grp_run_fu_161/grp_runController_fu_106/grp_runQueryTile_fu_142/runQueryBlock_1_U0/grp_runQueryBlock_1_Outline_VITIS_LOOP_116_5_fu_152/ap_CS_fsm_reg[8]/R	-2.106
ap_rst_n	grp_run_fu_161/grp_runController_fu_106/grp_runQueryTile_fu_142/runQueryBlock_1_U0/grp_runQueryBlock_1_Outline_VITIS_LOOP_116_5_fu_152/ap_CS_fsm_reg[9]/R	-2.106
ap_rst_n	grp_run_fu_161/grp_runController_fu_106/grp_runQueryTile_fu_142/runQueryBlock_1_U0/grp_runQueryBlock_1_Outline_VITIS_LOOP_116_5_fu_152_ap_start_reg_reg/R	-2.106
m_axi_q_gmem_RDATA[35]	q_gmem_m_axi_U/bus_read/rs_rdata/data_p2_reg[35]/D	-2.106
ap_rst_n	grp_run_fu_161/grp_runController_fu_106/grp_runQueryTile_fu_142/runQueryBlock_1_U0/grp_runQueryBlock_1_Outline_VITIS_LOOP_116_5_fu_152/ap_CS_fsm_reg[11]/R	-2.105
ap_rst_n	grp_run_fu_161/grp_runController_fu_106/grp_runQueryTile_fu_142/runQueryBlock_1_U0/grp_runQueryBlock_1_Outline_VITIS_LOOP_116_5_fu_152/ap_CS_fsm_reg[12]/R	-2.105
ap_rst_n	grp_run_fu_161/grp_runController_fu_106/grp_runQueryTile_fu_142/runQueryBlock_1_U0/grp_runQueryBlock_1_Outline_VITIS_LOOP_116_5_fu_152/ap_CS_fsm_reg[13]/R	-2.105
ap_rst_n	grp_run_fu_161/grp_runController_fu_106/grp_runQueryTile_fu_142/runQueryBlock_1_U0/grp_runQueryBlock_1_Outline_VITIS_LOOP_116_5_fu_152/ap_CS_fsm_reg[14]/R	-2.105
ap_rst_n	grp_run_fu_161/grp_runController_fu_106/grp_runQueryTile_fu_142/runQueryBlock_1_U0/grp_runQueryBlock_1_Outline_VITIS_LOOP_116_5_fu_152/ap_CS_fsm_reg[16]/R	-2.105
ap_rst_n	grp_run_fu_161/grp_runController_fu_106/grp_runQueryTile_fu_142/runQueryBlock_1_U0/grp_runQueryBlock_1_Outline_VITIS_LOOP_116_5_fu_152/ap_CS_fsm_reg[17]/R	-2.105
ap_rst_n	grp_run_fu_161/grp_runController_fu_106/grp_runQueryTile_fu_142/runQueryBlock_1_U0/grp_runQueryBlock_1_Outline_VITIS_LOOP_116_5_fu_152/ap_CS_fsm_reg[27]/R	-2.105
ap_rst_n	grp_run_fu_161/grp_runController_fu_106/grp_runQueryTile_fu_142/runQueryBlock_1_U0/grp_runQueryBlock_1_Outline_VITIS_LOOP_116_5_fu_152/ap_CS_fsm_reg[28]/R	-2.105
m_axi_q_gmem_RDATA[26]	q_gmem_m_axi_U/bus_read/rs_rdata/data_p2_reg[26]/D	-2.105
m_axi_q_gmem_RDATA[28]	q_gmem_m_axi_U/bus_read/rs_rdata/data_p2_reg[28]/D	-2.105
ap_rst_n	grp_run_fu_161/grp_runController_fu_106/grp_runQueryTile_fu_142/runQueryBlock_1_U0/grp_runQueryBlock_1_Outline_VITIS_LOOP_116_5_fu_152/grp_runQueryBlock_1_Pipeline_VITIS_LOOP_297_25_fu_668/ap_enable_reg_pp0_iter1_reg/R	-2.105
ap_rst_n	grp_run_fu_161/grp_runController_fu_106/grp_runQueryTile_fu_142/runQueryBlock_1_U0/grp_runQueryBlock_1_Outline_VITIS_LOOP_116_5_fu_152/grp_runQueryBlock_1_Pipeline_VITIS_LOOP_297_25_fu_668/ap_enable_reg_pp0_iter2_reg/R	-2.105
ap_rst_n	grp_run_fu_161/grp_runController_fu_106/grp_runQueryTile_fu_142/runQueryBlock_1_U0/grp_runQueryBlock_1_Outline_VITIS_LOOP_116_5_fu_152/grp_runQueryBlock_1_Pipeline_VITIS_LOOP_297_25_fu_668/ap_enable_reg_pp0_iter3_reg/R	-2.105
m_axi_q_gmem_RDATA[32]	q_gmem_m_axi_U/bus_read/rs_rdata/data_p2_reg[32]/D	-2.104
m_axi_v_gmem_RDATA[53]	v_gmem_m_axi_U/bus_read/rs_rdata/data_p1_reg[53]/D	-2.104
ap_rst_n	grp_run_fu_161/grp_runController_fu_106/grp_runQueryTile_fu_142/runQueryBlock_1_U0/grp_runQueryBlock_1_Outline_VITIS_LOOP_116_5_fu_152/ap_CS_fsm_reg[26]/R	-2.104
ap_rst_n	grp_run_fu_161/grp_runController_fu_106/grp_runQueryTile_fu_142/runQueryBlock_1_U0/grp_runQueryBlock_1_Outline_VITIS_LOOP_116_5_fu_152/ap_CS_fsm_reg[29]/R	-2.104
ap_rst_n	grp_run_fu_161/grp_runController_fu_106/grp_runQueryTile_fu_142/runQueryBlock_1_U0/grp_runQueryBlock_1_Outline_VITIS_LOOP_116_5_fu_152/ap_CS_fsm_reg[30]/R	-2.104
ap_rst_n	grp_run_fu_161/grp_runController_fu_106/grp_runQueryTile_fu_142/runQueryBlock_1_U0/grp_runQueryBlock_1_Outline_VITIS_LOOP_116_5_fu_152/ap_CS_fsm_reg[31]/R	-2.104
ap_rst_n	grp_run_fu_161/grp_runController_fu_106/grp_runQueryTile_fu_142/runQueryBlock_1_U0/grp_runQueryBlock_1_Outline_VITIS_LOOP_116_5_fu_152/ap_CS_fsm_reg[32]/R	-2.104
ap_rst_n	grp_run_fu_161/grp_runController_fu_106/grp_runQueryTile_fu_142/gatherQueryTile_U0/grp_gatherQueryTile_Pipeline_1_fu_94/flow_control_loop_pipe_sequential_init_U/ap_done_cache_reg/D	-2.104
ap_rst_n	grp_run_fu_161/grp_runController_fu_106/grp_runQueryTile_fu_142/runQueryBlock_1_U0/grp_runQueryBlock_1_Outline_VITIS_LOOP_116_5_fu_152/ap_CS_fsm_reg[20]/R	-2.103
ap_rst_n	grp_run_fu_161/grp_runController_fu_106/grp_runQueryTile_fu_142/runQueryBlock_1_U0/grp_runQueryBlock_1_Outline_VITIS_LOOP_116_5_fu_152/grp_runQueryBlock_1_Pipeline_VITIS_LOOP_297_25_fu_668_ap_start_reg_reg/R	-2.103
m_axi_q_gmem_RDATA[17]	q_gmem_m_axi_U/bus_read/rs_rdata/data_p2_reg[17]/D	-2.102
m_axi_q_gmem_RDATA[19]	q_gmem_m_axi_U/bus_read/rs_rdata/data_p2_reg[19]/D	-2.102
m_axi_v_gmem_RDATA[42]	v_gmem_m_axi_U/bus_read/rs_rdata/data_p1_reg[42]/D	-2.102
m_axi_v_gmem_RDATA[43]	v_gmem_m_axi_U/bus_read/rs_rdata/data_p1_reg[43]/D	-2.102
m_axi_q_gmem_RDATA[31]	q_gmem_m_axi_U/bus_read/rs_rdata/data_p2_reg[31]/D	-2.102
m_axi_v_gmem_RDATA[62]	v_gmem_m_axi_U/bus_read/rs_rdata/data_p1_reg[62]/D	-2.102
ap_rst_n	grp_run_fu_161/grp_runController_fu_106/grp_runQueryTile_fu_142/output0_U/addr_reg[0]/R	-2.101
ap_rst_n	grp_run_fu_161/grp_runController_fu_106/grp_runQueryTile_fu_142/output0_U/addr_reg[1]/R	-2.101
ap_rst_n	grp_run_fu_161/grp_runController_fu_106/grp_runQueryTile_fu_142/output0_U/addr_reg[2]/R	-2.101
ap_rst_n	grp_run_fu_161/grp_runController_fu_106/grp_runQueryTile_fu_142/output0_U/mOutPtr_reg[0]/R	-2.101
m_axi_q_gmem_RDATA[27]	q_gmem_m_axi_U/bus_read/rs_rdata/data_p2_reg[27]/D	-2.101
m_axi_q_gmem_RDATA[7]	q_gmem_m_axi_U/bus_read/rs_rdata/data_p2_reg[7]/D	-2.101
ap_rst_n	grp_run_fu_161/grp_runController_fu_106/grp_runQueryTile_fu_142/gatherQueryTile_U0/grp_gatherQueryTile_Pipeline_1_fu_94/flow_control_loop_pipe_sequential_init_U/ap_loop_init_int_reg/D	-2.100
ap_rst_n	grp_run_fu_161/grp_runController_fu_106/grp_runQueryTile_fu_142/output0_U/mOutPtr_reg[1]/R	-2.100
m_axi_v_gmem_RDATA[4]	v_gmem_m_axi_U/bus_read/rs_rdata/data_p1_reg[4]/D	-2.100
m_axi_v_gmem_RDATA[8]	v_gmem_m_axi_U/bus_read/rs_rdata/data_p1_reg[8]/D	-2.100
m_axi_v_gmem_RDATA[46]	v_gmem_m_axi_U/bus_read/rs_rdata/data_p1_reg[46]/D	-2.100
m_axi_v_gmem_RDATA[48]	v_gmem_m_axi_U/bus_read/rs_rdata/data_p1_reg[48]/D	-2.100
ap_rst_n	grp_run_fu_161/grp_runController_fu_106/grp_runQueryTile_fu_142/runQueryBlock_1_U0/grp_runQueryBlock_1_Outline_VITIS_LOOP_116_5_fu_152/ap_CS_fsm_reg[19]/R	-2.100
ap_rst_n	grp_run_fu_161/grp_runController_fu_106/grp_runQueryTile_fu_142/runQueryBlock_1_U0/grp_runQueryBlock_1_Outline_VITIS_LOOP_116_5_fu_152/ap_CS_fsm_reg[22]/R	-2.100
m_axi_v_gmem_RDATA[39]	v_gmem_m_axi_U/bus_read/rs_rdata/data_p1_reg[39]/D	-2.099
m_axi_v_gmem_RDATA[40]	v_gmem_m_axi_U/bus_read/rs_rdata/data_p1_reg[40]/D	-2.099
m_axi_v_gmem_RDATA[61]	v_gmem_m_axi_U/bus_read/rs_rdata/data_p1_reg[61]/D	-2.099
ap_rst_n	grp_run_fu_161/grp_runController_fu_106/grp_runQueryTile_fu_142/runQueryBlock_1_U0/grp_runQueryBlock_1_Outline_VITIS_LOOP_116_5_fu_152/ap_CS_fsm_reg[4]/R	-2.099
ap_rst_n	grp_run_fu_161/grp_runController_fu_106/grp_runQueryTile_fu_142/runQueryBlock_1_U0/grp_runQueryBlock_1_Outline_VITIS_LOOP_116_5_fu_152/ap_CS_fsm_reg[5]/R	-2.099
m_axi_q_gmem_RDATA[25]	q_gmem_m_axi_U/bus_read/rs_rdata/data_p2_reg[25]/D	-2.099
m_axi_v_gmem_RDATA[60]	v_gmem_m_axi_U/bus_read/rs_rdata/data_p1_reg[60]/D	-2.099
m_axi_v_gmem_RDATA[26]	v_gmem_m_axi_U/bus_read/rs_rdata/data_p1_reg[26]/D	-2.098
ap_rst_n	grp_run_fu_161/grp_runController_fu_106/grp_runQueryTile_fu_142/runQueryBlock_1_U0/grp_runQueryBlock_1_Outline_VITIS_LOOP_116_5_fu_152/grp_runQueryBlock_1_Pipeline_VITIS_LOOP_162_1_fu_724/grp_runPeArray_fu_146_ap_start_reg_reg/R	-2.098
ap_rst_n	grp_run_fu_161/grp_runController_fu_106/grp_runQueryTile_fu_142/runQueryBlock_1_U0/grp_runQueryBlock_1_Outline_VITIS_LOOP_116_5_fu_152/grp_runQueryBlock_1_Pipeline_VITIS_LOOP_297_25_fu_668/grp_runPeArray_fu_610_ap_start_reg_reg/R	-2.098
m_axi_v_gmem_RDATA[6]	v_gmem_m_axi_U/bus_read/rs_rdata/data_p1_reg[6]/D	-2.098
m_axi_q_gmem_RLAST	q_gmem_m_axi_U/bus_read/rs_rdata/data_p2_reg[64]/D	-2.098
m_axi_v_gmem_RDATA[36]	v_gmem_m_axi_U/bus_read/rs_rdata/data_p1_reg[36]/D	-2.097
m_axi_v_gmem_RDATA[37]	v_gmem_m_axi_U/bus_read/rs_rdata/data_p1_reg[37]/D	-2.097
m_axi_v_gmem_RDATA[45]	v_gmem_m_axi_U/bus_read/rs_rdata/data_p1_reg[45]/D	-2.097
ap_rst_n	grp_run_fu_161/grp_runController_fu_106/grp_runQueryTile_fu_142/runQueryBlock_1_U0/grp_runQueryBlock_1_Outline_VITIS_LOOP_116_5_fu_152/grp_runPeArray_fu_614/ap_enable_reg_pp0_iter1_reg/R	-2.097
m_axi_v_gmem_RDATA[23]	v_gmem_m_axi_U/bus_read/rs_rdata/data_p1_reg[23]/D	-2.097
m_axi_v_gmem_RDATA[2]	v_gmem_m_axi_U/bus_read/rs_rdata/data_p1_reg[2]/D	-2.097
ap_rst_n	grp_run_fu_161/grp_runController_fu_106/grp_runQueryTile_fu_142/runQueryBlock_1_U0/grp_runQueryBlock_1_Outline_VITIS_LOOP_116_5_fu_152/ap_CS_fsm_reg[0]/S	-2.096
m_axi_v_gmem_RDATA[54]	v_gmem_m_axi_U/bus_read/rs_rdata/data_p1_reg[54]/D	-2.096
m_axi_v_gmem_RDATA[55]	v_gmem_m_axi_U/bus_read/rs_rdata/data_p1_reg[55]/D	-2.096
m_axi_v_gmem_RDATA[58]	v_gmem_m_axi_U/bus_read/rs_rdata/data_p1_reg[58]/D	-2.096
m_axi_v_gmem_RDATA[59]	v_gmem_m_axi_U/bus_read/rs_rdata/data_p1_reg[59]/D	-2.096
m_axi_v_gmem_RDATA[3]	v_gmem_m_axi_U/bus_read/rs_rdata/data_p1_reg[3]/D	-2.096
m_axi_v_gmem_RDATA[5]	v_gmem_m_axi_U/bus_read/rs_rdata/data_p1_reg[5]/D	-2.096
m_axi_v_gmem_RDATA[63]	v_gmem_m_axi_U/bus_read/rs_rdata/data_p1_reg[63]/D	-2.096
ap_rst_n	grp_run_fu_161/grp_runController_fu_106/grp_runQueryTile_fu_142/runQueryBlock_1_U0/grp_runQueryBlock_1_Outline_VITIS_LOOP_116_5_fu_152/ap_CS_fsm_reg[21]/R	-2.095
m_axi_k_gmem_RDATA[44]	k_gmem_m_axi_U/bus_read/rs_rdata/data_p1_reg[44]/D	-2.095
m_axi_v_gmem_RDATA[21]	v_gmem_m_axi_U/bus_read/rs_rdata/data_p1_reg[21]/D	-2.095
m_axi_v_gmem_RDATA[38]	v_gmem_m_axi_U/bus_read/rs_rdata/data_p1_reg[38]/D	-2.095
m_axi_v_gmem_RDATA[41]	v_gmem_m_axi_U/bus_read/rs_rdata/data_p1_reg[41]/D	-2.095
m_axi_v_gmem_RDATA[47]	v_gmem_m_axi_U/bus_read/rs_rdata/data_p1_reg[47]/D	-2.095
ap_rst_n	grp_run_fu_161/grp_runController_fu_106/grp_runQueryTile_fu_142/runQueryBlock_0_U0/grp_runQueryBlock_0_Outline_VITIS_LOOP_116_5_fu_148/grp_runQueryBlock_0_Pipeline_VITIS_LOOP_109_1_VITIS_LOOP_110_2_fu_500_ap_start_reg_reg/R	-2.095
ap_rst_n	grp_run_fu_161/grp_runController_fu_106/grp_runQueryTile_fu_142/runQueryBlock_0_U0/grp_runQueryBlock_0_Pipeline_VITIS_LOOP_471_43_VITIS_LOOP_472_44_fu_197/ap_enable_reg_pp0_iter1_reg/D	-2.095
m_axi_v_gmem_RDATA[49]	v_gmem_m_axi_U/bus_read/rs_rdata/data_p1_reg[49]/D	-2.095
m_axi_k_gmem_RDATA[0]	k_gmem_m_axi_U/bus_read/rs_rdata/data_p1_reg[0]/D	-2.094
m_axi_v_gmem_RDATA[14]	v_gmem_m_axi_U/bus_read/rs_rdata/data_p1_reg[14]/D	-2.094
ap_rst_n	grp_run_fu_161/grp_runController_fu_106/grp_runQueryTile_fu_142/runQueryBlock_0_U0/grp_runQueryBlock_0_Outline_VITIS_LOOP_116_5_fu_148/grp_runQueryBlock_0_Pipeline_VITIS_LOOP_109_1_VITIS_LOOP_110_2_fu_500/ap_CS_fsm_reg[1]/R	-2.094
ap_rst_n	grp_run_fu_161/grp_runController_fu_106/grp_runQueryTile_fu_142/runQueryBlock_0_U0/grp_runQueryBlock_0_Outline_VITIS_LOOP_116_5_fu_148/grp_runQueryBlock_0_Pipeline_VITIS_LOOP_109_1_VITIS_LOOP_110_2_fu_500/ap_CS_fsm_reg[2]/R	-2.094
ap_rst_n	grp_run_fu_161/grp_runController_fu_106/grp_runQueryTile_fu_142/runQueryBlock_0_U0/grp_runQueryBlock_0_Outline_VITIS_LOOP_116_5_fu_148/grp_runQueryBlock_0_Pipeline_VITIS_LOOP_109_1_VITIS_LOOP_110_2_fu_500/ap_CS_fsm_reg[3]/R	-2.094
ap_rst_n	grp_run_fu_161/grp_runController_fu_106/grp_runQueryTile_fu_142/runQueryBlock_0_U0/grp_runQueryBlock_0_Outline_VITIS_LOOP_116_5_fu_148/grp_runQueryBlock_0_Pipeline_VITIS_LOOP_109_1_VITIS_LOOP_110_2_fu_500/ap_CS_fsm_reg[4]/R	-2.094
m_axi_v_gmem_RDATA[19]	v_gmem_m_axi_U/bus_read/rs_rdata/data_p1_reg[19]/D	-2.093
ap_rst_n	grp_run_fu_161/grp_runController_fu_106/grp_runQueryTile_fu_142/runQueryBlock_1_U0/grp_runQueryBlock_1_Outline_VITIS_LOOP_116_5_fu_152/grp_runQueryBlock_1_Pipeline_VITIS_LOOP_162_1_fu_724/ap_CS_fsm_reg[0]/S	-2.093
ap_rst_n	grp_run_fu_161/grp_runController_fu_106/grp_runQueryTile_fu_142/runQueryBlock_1_U0/grp_runQueryBlock_1_Outline_VITIS_LOOP_116_5_fu_152/grp_runQueryBlock_1_Pipeline_VITIS_LOOP_162_1_fu_724/ap_CS_fsm_reg[1]/R	-2.093
ap_rst_n	grp_run_fu_161/grp_runController_fu_106/grp_runQueryTile_fu_142/runQueryBlock_1_U0/grp_runQueryBlock_1_Outline_VITIS_LOOP_116_5_fu_152/grp_runQueryBlock_1_Pipeline_VITIS_LOOP_162_1_fu_724/ap_CS_fsm_reg[2]/R	-2.093
ap_rst_n	grp_run_fu_161/grp_runController_fu_106/grp_runQueryTile_fu_142/runQueryBlock_1_U0/grp_runQueryBlock_1_Outline_VITIS_LOOP_116_5_fu_152/grp_runQueryBlock_1_Pipeline_VITIS_LOOP_162_1_fu_724/ap_CS_fsm_reg[3]/R	-2.093
ap_rst_n	grp_run_fu_161/grp_runController_fu_106/grp_runQueryTile_fu_142/runQueryBlock_1_U0/grp_runQueryBlock_1_Outline_VITIS_LOOP_116_5_fu_152/grp_runQueryBlock_1_Pipeline_VITIS_LOOP_162_1_fu_724/ap_CS_fsm_reg[4]/R	-2.093
m_axi_k_gmem_RDATA[53]	k_gmem_m_axi_U/bus_read/rs_rdata/data_p1_reg[53]/D	-2.093
m_axi_k_gmem_RDATA[54]	k_gmem_m_axi_U/bus_read/rs_rdata/data_p1_reg[54]/D	-2.093
m_axi_q_gmem_RDATA[58]	q_gmem_m_axi_U/bus_read/rs_rdata/data_p1_reg[58]/D	-2.093
m_axi_v_gmem_RDATA[50]	v_gmem_m_axi_U/bus_read/rs_rdata/data_p1_reg[50]/D	-2.093
m_axi_v_gmem_RDATA[51]	v_gmem_m_axi_U/bus_read/rs_rdata/data_p1_reg[51]/D	-2.093
m_axi_v_gmem_RDATA[11]	v_gmem_m_axi_U/bus_read/rs_rdata/data_p1_reg[11]/D	-2.092
m_axi_v_gmem_RDATA[33]	v_gmem_m_axi_U/bus_read/rs_rdata/data_p1_reg[33]/D	-2.092
m_axi_v_gmem_RDATA[35]	v_gmem_m_axi_U/bus_read/rs_rdata/data_p1_reg[35]/D	-2.092
ap_rst_n	grp_run_fu_161/grp_runController_fu_106/grp_runQueryTile_fu_142/runQueryBlock_1_U0/grp_runQueryBlock_1_Outline_VITIS_LOOP_116_5_fu_152/grp_runPeArray_fu_614_ap_start_reg_reg/R	-2.092
ap_rst_n	grp_run_fu_161/grp_runController_fu_106/grp_runQueryTile_fu_142/runQueryBlock_1_U0/grp_runQueryBlock_1_Outline_VITIS_LOOP_116_5_fu_152/grp_runQueryBlock_1_Pipeline_VITIS_LOOP_162_1_fu_724_ap_start_reg_reg/R	-2.092
m_axi_k_gmem_RDATA[38]	k_gmem_m_axi_U/bus_read/rs_rdata/data_p1_reg[38]/D	-2.092
m_axi_k_gmem_RDATA[60]	k_gmem_m_axi_U/bus_read/rs_rdata/data_p1_reg[60]/D	-2.092
m_axi_v_gmem_RDATA[44]	v_gmem_m_axi_U/bus_read/rs_rdata/data_p1_reg[44]/D	-2.092
m_axi_v_gmem_RDATA[15]	v_gmem_m_axi_U/bus_read/rs_rdata/data_p1_reg[15]/D	-2.091
m_axi_v_gmem_RDATA[20]	v_gmem_m_axi_U/bus_read/rs_rdata/data_p1_reg[20]/D	-2.091
m_axi_v_gmem_RDATA[25]	v_gmem_m_axi_U/bus_read/rs_rdata/data_p1_reg[25]/D	-2.091
m_axi_v_gmem_RDATA[9]	v_gmem_m_axi_U/bus_read/rs_rdata/data_p1_reg[9]/D	-2.091
m_axi_k_gmem_RDATA[55]	k_gmem_m_axi_U/bus_read/rs_rdata/data_p1_reg[55]/D	-2.091
m_axi_q_gmem_RDATA[46]	q_gmem_m_axi_U/bus_read/rs_rdata/data_p1_reg[46]/D	-2.091
m_axi_q_gmem_RDATA[59]	q_gmem_m_axi_U/bus_read/rs_rdata/data_p1_reg[59]/D	-2.091
ap_rst_n	grp_run_fu_161/grp_runController_fu_106/grp_runQueryTile_fu_142/runQueryBlock_1_U0/grp_runQueryBlock_1_Outline_VITIS_LOOP_116_5_fu_152/grp_runQueryBlock_1_Pipeline_VITIS_LOOP_187_121_fu_549/ap_enable_reg_pp0_iter1_reg/D	-2.090
m_axi_k_gmem_RDATA[41]	k_gmem_m_axi_U/bus_read/rs_rdata/data_p1_reg[41]/D	-2.090
m_axi_k_gmem_RDATA[7]	k_gmem_m_axi_U/bus_read/rs_rdata/data_p1_reg[7]/D	-2.090
m_axi_k_gmem_RDATA[8]	k_gmem_m_axi_U/bus_read/rs_rdata/data_p1_reg[8]/D	-2.090
m_axi_v_gmem_RDATA[13]	v_gmem_m_axi_U/bus_read/rs_rdata/data_p1_reg[13]/D	-2.090
m_axi_v_gmem_RDATA[31]	v_gmem_m_axi_U/bus_read/rs_rdata/data_p1_reg[31]/D	-2.090
m_axi_v_gmem_RDATA[7]	v_gmem_m_axi_U/bus_read/rs_rdata/data_p1_reg[7]/D	-2.090
m_axi_k_gmem_RDATA[63]	k_gmem_m_axi_U/bus_read/rs_rdata/data_p1_reg[63]/D	-2.090
m_axi_k_gmem_RLAST	k_gmem_m_axi_U/bus_read/rs_rdata/data_p1_reg[64]/D	-2.090
m_axi_q_gmem_RDATA[62]	q_gmem_m_axi_U/bus_read/rs_rdata/data_p1_reg[62]/D	-2.090
m_axi_k_gmem_RDATA[50]	k_gmem_m_axi_U/bus_read/rs_rdata/data_p1_reg[50]/D	-2.089
m_axi_k_gmem_RDATA[21]	k_gmem_m_axi_U/bus_read/rs_rdata/data_p1_reg[21]/D	-2.089
m_axi_k_gmem_RDATA[39]	k_gmem_m_axi_U/bus_read/rs_rdata/data_p1_reg[39]/D	-2.089
m_axi_q_gmem_RDATA[50]	q_gmem_m_axi_U/bus_read/rs_rdata/data_p1_reg[50]/D	-2.089
m_axi_v_gmem_RDATA[27]	v_gmem_m_axi_U/bus_read/rs_rdata/data_p1_reg[27]/D	-2.089
ap_rst_n	grp_run_fu_161/grp_runController_fu_106/grp_runQueryTile_fu_142/runQueryBlock_1_U0/ap_CS_fsm_reg[1]/R	-2.089
m_axi_q_gmem_RDATA[48]	q_gmem_m_axi_U/bus_read/rs_rdata/data_p1_reg[48]/D	-2.089
m_axi_k_gmem_RDATA[37]	k_gmem_m_axi_U/bus_read/rs_rdata/data_p1_reg[37]/D	-2.088
m_axi_k_gmem_RDATA[29]	k_gmem_m_axi_U/bus_read/rs_rdata/data_p1_reg[29]/D	-2.088
m_axi_k_gmem_RDATA[48]	k_gmem_m_axi_U/bus_read/rs_rdata/data_p1_reg[48]/D	-2.088
m_axi_k_gmem_RDATA[58]	k_gmem_m_axi_U/bus_read/rs_rdata/data_p1_reg[58]/D	-2.088
ap_rst_n	o_gmem_m_axi_U/bus_write/wreq_throttle/data_fifo/U_fifo_srl/dout_reg[30]/R	-2.088
ap_rst_n	o_gmem_m_axi_U/bus_write/wreq_throttle/data_fifo/U_fifo_srl/dout_reg[37]/R	-2.088
m_axi_q_gmem_RDATA[44]	q_gmem_m_axi_U/bus_read/rs_rdata/data_p1_reg[44]/D	-2.088
m_axi_q_gmem_RDATA[40]	q_gmem_m_axi_U/bus_read/rs_rdata/data_p1_reg[40]/D	-2.088
m_axi_k_gmem_RDATA[20]	k_gmem_m_axi_U/bus_read/rs_rdata/data_p1_reg[20]/D	-2.087
m_axi_k_gmem_RDATA[57]	k_gmem_m_axi_U/bus_read/rs_rdata/data_p1_reg[57]/D	-2.087
m_axi_k_gmem_RDATA[59]	k_gmem_m_axi_U/bus_read/rs_rdata/data_p1_reg[59]/D	-2.087
m_axi_k_gmem_RDATA[32]	k_gmem_m_axi_U/bus_read/rs_rdata/data_p1_reg[32]/D	-2.087
m_axi_k_gmem_RDATA[35]	k_gmem_m_axi_U/bus_read/rs_rdata/data_p1_reg[35]/D	-2.087
ap_rst_n	o_gmem_m_axi_U/bus_write/wreq_throttle/data_fifo/U_fifo_srl/dout_reg[42]/R	-2.087
ap_rst_n	o_gmem_m_axi_U/bus_write/wreq_throttle/data_fifo/U_fifo_srl/dout_reg[60]/R	-2.087
m_axi_q_gmem_RDATA[55]	q_gmem_m_axi_U/bus_read/rs_rdata/data_p1_reg[55]/D	-2.087
m_axi_q_gmem_RDATA[60]	q_gmem_m_axi_U/bus_read/rs_rdata/data_p1_reg[60]/D	-2.087
m_axi_k_gmem_RDATA[2]	k_gmem_m_axi_U/bus_read/rs_rdata/data_p1_reg[2]/D	-2.086
m_axi_k_gmem_RDATA[43]	k_gmem_m_axi_U/bus_read/rs_rdata/data_p1_reg[43]/D	-2.086
m_axi_k_gmem_RDATA[6]	k_gmem_m_axi_U/bus_read/rs_rdata/data_p1_reg[6]/D	-2.086
m_axi_q_gmem_RDATA[42]	q_gmem_m_axi_U/bus_read/rs_rdata/data_p1_reg[42]/D	-2.086
m_axi_k_gmem_RDATA[19]	k_gmem_m_axi_U/bus_read/rs_rdata/data_p1_reg[19]/D	-2.086
m_axi_k_gmem_RDATA[51]	k_gmem_m_axi_U/bus_read/rs_rdata/data_p1_reg[51]/D	-2.086
m_axi_k_gmem_RDATA[5]	k_gmem_m_axi_U/bus_read/rs_rdata/data_p1_reg[5]/D	-2.086
ap_rst_n	o_gmem_m_axi_U/bus_write/wreq_throttle/data_fifo/U_fifo_srl/dout_reg[21]/R	-2.086
ap_rst_n	o_gmem_m_axi_U/bus_write/wreq_throttle/data_fifo/U_fifo_srl/dout_reg[51]/R	-2.086
m_axi_q_gmem_RDATA[39]	q_gmem_m_axi_U/bus_read/rs_rdata/data_p1_reg[39]/D	-2.086
m_axi_k_gmem_RDATA[62]	k_gmem_m_axi_U/bus_read/rs_rdata/data_p1_reg[62]/D	-2.086
m_axi_k_gmem_RDATA[10]	k_gmem_m_axi_U/bus_read/rs_rdata/data_p1_reg[10]/D	-2.085
m_axi_k_gmem_RDATA[13]	k_gmem_m_axi_U/bus_read/rs_rdata/data_p1_reg[13]/D	-2.085
m_axi_k_gmem_RDATA[22]	k_gmem_m_axi_U/bus_read/rs_rdata/data_p1_reg[22]/D	-2.085
m_axi_q_gmem_RDATA[54]	q_gmem_m_axi_U/bus_read/rs_rdata/data_p1_reg[54]/D	-2.085
m_axi_k_gmem_RDATA[56]	k_gmem_m_axi_U/bus_read/rs_rdata/data_p1_reg[56]/D	-2.085
ap_rst_n	o_gmem_m_axi_U/bus_write/wreq_throttle/data_fifo/U_fifo_srl/dout_reg[47]/R	-2.085
ap_rst_n	o_gmem_m_axi_U/bus_write/wreq_throttle/data_fifo/U_fifo_srl/dout_reg[57]/R	-2.085
ap_rst_n	o_gmem_m_axi_U/bus_write/wreq_throttle/data_fifo/U_fifo_srl/dout_reg[5]/R	-2.085
ap_rst_n	o_gmem_m_axi_U/bus_write/wreq_throttle/data_fifo/U_fifo_srl/dout_reg[65]/R	-2.085
m_axi_q_gmem_RDATA[38]	q_gmem_m_axi_U/bus_read/rs_rdata/data_p1_reg[38]/D	-2.085
m_axi_q_gmem_RDATA[63]	q_gmem_m_axi_U/bus_read/rs_rdata/data_p1_reg[63]/D	-2.085
m_axi_k_gmem_RDATA[17]	k_gmem_m_axi_U/bus_read/rs_rdata/data_p1_reg[17]/D	-2.084
m_axi_k_gmem_RDATA[18]	k_gmem_m_axi_U/bus_read/rs_rdata/data_p1_reg[18]/D	-2.084
m_axi_k_gmem_RDATA[26]	k_gmem_m_axi_U/bus_read/rs_rdata/data_p1_reg[26]/D	-2.084
m_axi_q_gmem_RDATA[41]	q_gmem_m_axi_U/bus_read/rs_rdata/data_p1_reg[41]/D	-2.084
m_axi_k_gmem_RDATA[47]	k_gmem_m_axi_U/bus_read/rs_rdata/data_p1_reg[47]/D	-2.084
m_axi_q_gmem_RDATA[52]	q_gmem_m_axi_U/bus_read/rs_rdata/data_p1_reg[52]/D	-2.084
ap_rst_n	o_gmem_m_axi_U/bus_write/wreq_throttle/data_fifo/U_fifo_srl/dout_reg[69]/R	-2.084
ap_rst_n	o_gmem_m_axi_U/bus_write/wreq_throttle/data_fifo/U_fifo_srl/dout_reg[71]/R	-2.084
m_axi_k_gmem_RDATA[15]	k_gmem_m_axi_U/bus_read/rs_rdata/data_p1_reg[15]/D	-2.083
m_axi_k_gmem_RDATA[16]	k_gmem_m_axi_U/bus_read/rs_rdata/data_p1_reg[16]/D	-2.083
m_axi_k_gmem_RDATA[31]	k_gmem_m_axi_U/bus_read/rs_rdata/data_p1_reg[31]/D	-2.083
m_axi_k_gmem_RDATA[36]	k_gmem_m_axi_U/bus_read/rs_rdata/data_p1_reg[36]/D	-2.083
m_axi_k_gmem_RDATA[3]	k_gmem_m_axi_U/bus_read/rs_rdata/data_p1_reg[3]/D	-2.083
m_axi_q_gmem_RDATA[53]	q_gmem_m_axi_U/bus_read/rs_rdata/data_p1_reg[53]/D	-2.083
m_axi_q_gmem_RDATA[57]	q_gmem_m_axi_U/bus_read/rs_rdata/data_p1_reg[57]/D	-2.083
m_axi_k_gmem_RDATA[34]	k_gmem_m_axi_U/bus_read/rs_rdata/data_p1_reg[34]/D	-2.083
m_axi_k_gmem_RDATA[25]	k_gmem_m_axi_U/bus_read/rs_rdata/data_p1_reg[25]/D	-2.082
m_axi_k_gmem_RDATA[27]	k_gmem_m_axi_U/bus_read/rs_rdata/data_p1_reg[27]/D	-2.082
m_axi_k_gmem_RDATA[1]	k_gmem_m_axi_U/bus_read/rs_rdata/data_p1_reg[1]/D	-2.082
m_axi_k_gmem_RDATA[42]	k_gmem_m_axi_U/bus_read/rs_rdata/data_p1_reg[42]/D	-2.082
m_axi_k_gmem_RDATA[52]	k_gmem_m_axi_U/bus_read/rs_rdata/data_p1_reg[52]/D	-2.082
m_axi_q_gmem_RDATA[43]	q_gmem_m_axi_U/bus_read/rs_rdata/data_p1_reg[43]/D	-2.082
m_axi_q_gmem_RDATA[9]	q_gmem_m_axi_U/bus_read/rs_rdata/data_p1_reg[9]/D	-2.082
m_axi_k_gmem_RDATA[49]	k_gmem_m_axi_U/bus_read/rs_rdata/data_p1_reg[49]/D	-2.082
m_axi_k_gmem_RDATA[9]	k_gmem_m_axi_U/bus_read/rs_rdata/data_p1_reg[9]/D	-2.082
m_axi_q_gmem_RDATA[36]	q_gmem_m_axi_U/bus_read/rs_rdata/data_p1_reg[36]/D	-2.082
m_axi_k_gmem_RDATA[23]	k_gmem_m_axi_U/bus_read/rs_rdata/data_p1_reg[23]/D	-2.081
m_axi_k_gmem_RDATA[40]	k_gmem_m_axi_U/bus_read/rs_rdata/data_p1_reg[40]/D	-2.081
m_axi_k_gmem_RDATA[45]	k_gmem_m_axi_U/bus_read/rs_rdata/data_p1_reg[45]/D	-2.081
m_axi_q_gmem_RDATA[37]	q_gmem_m_axi_U/bus_read/rs_rdata/data_p1_reg[37]/D	-2.081
m_axi_q_gmem_RDATA[51]	q_gmem_m_axi_U/bus_read/rs_rdata/data_p1_reg[51]/D	-2.081
m_axi_q_gmem_RDATA[18]	q_gmem_m_axi_U/bus_read/rs_rdata/data_p1_reg[18]/D	-2.080
m_axi_q_gmem_RDATA[20]	q_gmem_m_axi_U/bus_read/rs_rdata/data_p1_reg[20]/D	-2.080
m_axi_q_gmem_RDATA[29]	q_gmem_m_axi_U/bus_read/rs_rdata/data_p1_reg[29]/D	-2.080
m_axi_q_gmem_RDATA[47]	q_gmem_m_axi_U/bus_read/rs_rdata/data_p1_reg[47]/D	-2.080
m_axi_k_gmem_RDATA[28]	k_gmem_m_axi_U/bus_read/rs_rdata/data_p1_reg[28]/D	-2.080
m_axi_q_gmem_RDATA[56]	q_gmem_m_axi_U/bus_read/rs_rdata/data_p1_reg[56]/D	-2.080
m_axi_q_gmem_RDATA[49]	q_gmem_m_axi_U/bus_read/rs_rdata/data_p1_reg[49]/D	-2.080
m_axi_k_gmem_RDATA[24]	k_gmem_m_axi_U/bus_read/rs_rdata/data_p1_reg[24]/D	-2.079
m_axi_q_gmem_RDATA[34]	q_gmem_m_axi_U/bus_read/rs_rdata/data_p1_reg[34]/D	-2.079
m_axi_q_gmem_RDATA[45]	q_gmem_m_axi_U/bus_read/rs_rdata/data_p1_reg[45]/D	-2.079
m_axi_k_gmem_RDATA[4]	k_gmem_m_axi_U/bus_read/rs_rdata/data_p1_reg[4]/D	-2.078
m_axi_k_gmem_RDATA[61]	k_gmem_m_axi_U/bus_read/rs_rdata/data_p1_reg[61]/D	-2.078
m_axi_k_gmem_RDATA[30]	k_gmem_m_axi_U/bus_read/rs_rdata/data_p1_reg[30]/D	-2.078
m_axi_q_gmem_RDATA[0]	q_gmem_m_axi_U/bus_read/rs_rdata/data_p1_reg[0]/D	-2.078
m_axi_q_gmem_RDATA[5]	q_gmem_m_axi_U/bus_read/rs_rdata/data_p1_reg[5]/D	-2.078
m_axi_q_gmem_RDATA[14]	q_gmem_m_axi_U/bus_read/rs_rdata/data_p1_reg[14]/D	-2.077
m_axi_k_gmem_RDATA[46]	k_gmem_m_axi_U/bus_read/rs_rdata/data_p1_reg[46]/D	-2.077
m_axi_q_gmem_RDATA[15]	q_gmem_m_axi_U/bus_read/rs_rdata/data_p1_reg[15]/D	-2.077
m_axi_k_gmem_RDATA[11]	k_gmem_m_axi_U/bus_read/rs_rdata/data_p1_reg[11]/D	-2.077
m_axi_q_gmem_RDATA[8]	q_gmem_m_axi_U/bus_read/rs_rdata/data_p1_reg[8]/D	-2.076
m_axi_q_gmem_RDATA[30]	q_gmem_m_axi_U/bus_read/rs_rdata/data_p1_reg[30]/D	-2.076
m_axi_q_gmem_RDATA[61]	q_gmem_m_axi_U/bus_read/rs_rdata/data_p1_reg[61]/D	-2.076
m_axi_q_gmem_RDATA[13]	q_gmem_m_axi_U/bus_read/rs_rdata/data_p1_reg[13]/D	-2.075
m_axi_q_gmem_RDATA[28]	q_gmem_m_axi_U/bus_read/rs_rdata/data_p1_reg[28]/D	-2.075
m_axi_q_gmem_RDATA[33]	q_gmem_m_axi_U/bus_read/rs_rdata/data_p1_reg[33]/D	-2.075
m_axi_k_gmem_RVALID	k_gmem_m_axi_U/bus_read/rs_rdata/state_reg[1]/D	-2.075
m_axi_q_gmem_RDATA[3]	q_gmem_m_axi_U/bus_read/rs_rdata/data_p1_reg[3]/D	-2.074
m_axi_k_gmem_RDATA[14]	k_gmem_m_axi_U/bus_read/rs_rdata/data_p1_reg[14]/D	-2.074
m_axi_q_gmem_RDATA[2]	q_gmem_m_axi_U/bus_read/rs_rdata/data_p1_reg[2]/D	-2.074
m_axi_q_gmem_RDATA[7]	q_gmem_m_axi_U/bus_read/rs_rdata/data_p1_reg[7]/D	-2.074
m_axi_q_gmem_RDATA[21]	q_gmem_m_axi_U/bus_read/rs_rdata/data_p1_reg[21]/D	-2.073
m_axi_k_gmem_RDATA[12]	k_gmem_m_axi_U/bus_read/rs_rdata/data_p1_reg[12]/D	-2.073
m_axi_k_gmem_RDATA[33]	k_gmem_m_axi_U/bus_read/rs_rdata/data_p1_reg[33]/D	-2.073
m_axi_q_gmem_RDATA[16]	q_gmem_m_axi_U/bus_read/rs_rdata/data_p1_reg[16]/D	-2.073
m_axi_q_gmem_RDATA[32]	q_gmem_m_axi_U/bus_read/rs_rdata/data_p1_reg[32]/D	-2.073
m_axi_k_gmem_RVALID	k_gmem_m_axi_U/bus_read/rs_rdata/state_reg[0]/D	-2.072
m_axi_q_gmem_RDATA[19]	q_gmem_m_axi_U/bus_read/rs_rdata/data_p1_reg[19]/D	-2.072
m_axi_q_gmem_RDATA[26]	q_gmem_m_axi_U/bus_read/rs_rdata/data_p1_reg[26]/D	-2.072
m_axi_q_gmem_RDATA[10]	q_gmem_m_axi_U/bus_read/rs_rdata/data_p1_reg[10]/D	-2.070
m_axi_q_gmem_RDATA[22]	q_gmem_m_axi_U/bus_read/rs_rdata/data_p1_reg[22]/D	-2.070
ap_rst_n	grp_run_fu_161/grp_runController_fu_106/grp_runQueryTile_fu_142/runQueryBlock_0_U0/grp_runQueryBlock_0_Outline_VITIS_LOOP_116_5_fu_148/grp_runQueryBlock_0_Pipeline_VITIS_LOOP_109_1_VITIS_LOOP_110_2_fu_500/ap_enable_reg_pp0_iter1_reg/D	-2.070
m_axi_q_gmem_RDATA[27]	q_gmem_m_axi_U/bus_read/rs_rdata/data_p1_reg[27]/D	-2.070
ap_rst_n	grp_run_fu_161/grp_runController_fu_106/grp_runQueryTile_fu_142/gatherQueryTile_U0/ap_CS_fsm_reg[4]/R	-2.070
m_axi_q_gmem_RDATA[24]	q_gmem_m_axi_U/bus_read/rs_rdata/data_p1_reg[24]/D	-2.069
m_axi_q_gmem_RDATA[6]	q_gmem_m_axi_U/bus_read/rs_rdata/data_p1_reg[6]/D	-2.069
m_axi_q_gmem_RDATA[17]	q_gmem_m_axi_U/bus_read/rs_rdata/data_p1_reg[17]/D	-2.069
m_axi_q_gmem_RDATA[1]	q_gmem_m_axi_U/bus_read/rs_rdata/data_p1_reg[1]/D	-2.069
m_axi_q_gmem_RDATA[4]	q_gmem_m_axi_U/bus_read/rs_rdata/data_p1_reg[4]/D	-2.069
ap_rst_n	grp_run_fu_161/grp_runController_fu_106/grp_runQueryTile_fu_142/gatherQueryTile_U0/ap_CS_fsm_reg[2]/R	-2.069
ap_rst_n	grp_run_fu_161/grp_runController_fu_106/grp_runQueryTile_fu_142/gatherQueryTile_U0/ap_CS_fsm_reg[3]/R	-2.069
ap_rst_n	grp_run_fu_161/grp_runController_fu_106/grp_runQueryTile_fu_142/gatherQueryTile_U0/grp_gatherQueryTile_Pipeline_VITIS_LOOP_523_1_VITIS_LOOP_524_2_fu_106_ap_start_reg_reg/R	-2.069
ap_rst_n	o_gmem_m_axi_U/bus_write/wreq_throttle/data_fifo/U_fifo_srl/dout_reg[17]/R	-2.069
ap_rst_n	o_gmem_m_axi_U/bus_write/wreq_throttle/data_fifo/U_fifo_srl/dout_reg[18]/R	-2.069
ap_rst_n	o_gmem_m_axi_U/bus_write/wreq_throttle/data_fifo/U_fifo_srl/dout_reg[1]/R	-2.069
ap_rst_n	o_gmem_m_axi_U/bus_write/wreq_throttle/data_fifo/U_fifo_srl/dout_reg[24]/R	-2.069
m_axi_q_gmem_RDATA[12]	q_gmem_m_axi_U/bus_read/rs_rdata/data_p1_reg[12]/D	-2.068
m_axi_k_gmem_RVALID	k_gmem_m_axi_U/bus_read/rs_rdata/s_ready_t_reg/D	-2.068
ap_rst_n	o_gmem_m_axi_U/bus_write/wreq_throttle/data_fifo/U_fifo_srl/dout_reg[32]/R	-2.068
ap_rst_n	o_gmem_m_axi_U/bus_write/wreq_throttle/data_fifo/U_fifo_srl/dout_reg[34]/R	-2.068
ap_rst_n	o_gmem_m_axi_U/bus_write/wreq_throttle/data_fifo/U_fifo_srl/dout_reg[3]/R	-2.068
ap_rst_n	o_gmem_m_axi_U/bus_write/wreq_throttle/data_fifo/U_fifo_srl/dout_reg[49]/R	-2.068
m_axi_q_gmem_RDATA[11]	q_gmem_m_axi_U/bus_read/rs_rdata/data_p1_reg[11]/D	-2.067
ap_rst_n	o_gmem_m_axi_U/store_unit_0/buff_wdata/dout_vld_reg/R	-2.067
ap_rst_n	o_gmem_m_axi_U/store_unit_0/buff_wdata/raddr_reg[0]/R	-2.067
ap_rst_n	o_gmem_m_axi_U/store_unit_0/buff_wdata/raddr_reg[1]/R	-2.067
m_axi_q_gmem_RDATA[35]	q_gmem_m_axi_U/bus_read/rs_rdata/data_p1_reg[35]/D	-2.066
m_axi_v_gmem_RDATA[10]	v_gmem_m_axi_U/bus_read/rs_rdata/data_p2_reg[10]/D	-2.066
m_axi_v_gmem_RDATA[12]	v_gmem_m_axi_U/bus_read/rs_rdata/data_p2_reg[12]/D	-2.066
m_axi_v_gmem_RDATA[16]	v_gmem_m_axi_U/bus_read/rs_rdata/data_p2_reg[16]/D	-2.066
m_axi_v_gmem_RDATA[52]	v_gmem_m_axi_U/bus_read/rs_rdata/data_p2_reg[52]/D	-2.066
m_axi_v_gmem_RDATA[56]	v_gmem_m_axi_U/bus_read/rs_rdata/data_p2_reg[56]/D	-2.066
ap_rst_n	grp_run_fu_161/grp_runController_fu_106/grp_runQueryTile_fu_142/gatherQueryTile_U0/ap_CS_fsm_reg[1]/R	-2.065
ap_rst_n	grp_run_fu_161/grp_runController_fu_106/grp_runQueryTile_fu_142/gatherQueryTile_U0/grp_gatherQueryTile_Pipeline_1_fu_94_ap_start_reg_reg/R	-2.065
ap_rst_n	o_gmem_m_axi_U/bus_write/wreq_throttle/data_fifo/U_fifo_srl/dout_reg[23]/R	-2.065
ap_rst_n	o_gmem_m_axi_U/bus_write/wreq_throttle/data_fifo/U_fifo_srl/dout_reg[27]/R	-2.065
m_axi_q_gmem_RDATA[23]	q_gmem_m_axi_U/bus_read/rs_rdata/data_p1_reg[23]/D	-2.065
m_axi_v_gmem_RDATA[0]	v_gmem_m_axi_U/bus_read/rs_rdata/data_p2_reg[0]/D	-2.065
m_axi_v_gmem_RDATA[22]	v_gmem_m_axi_U/bus_read/rs_rdata/data_p2_reg[22]/D	-2.065
m_axi_k_gmem_RVALID	k_gmem_m_axi_U/bus_read/rs_rdata/FSM_sequential_state_reg[0]/D	-2.065
m_axi_v_gmem_RDATA[1]	v_gmem_m_axi_U/bus_read/rs_rdata/data_p2_reg[1]/D	-2.065
m_axi_v_gmem_RDATA[57]	v_gmem_m_axi_U/bus_read/rs_rdata/data_p2_reg[57]/D	-2.065
m_axi_v_gmem_RDATA[34]	v_gmem_m_axi_U/bus_read/rs_rdata/data_p2_reg[34]/D	-2.064
ap_rst_n	o_gmem_m_axi_U/bus_write/wreq_throttle/data_fifo/U_fifo_srl/dout_reg[31]/R	-2.064
ap_rst_n	o_gmem_m_axi_U/bus_write/wreq_throttle/data_fifo/U_fifo_srl/dout_reg[41]/R	-2.064
m_axi_q_gmem_RDATA[25]	q_gmem_m_axi_U/bus_read/rs_rdata/data_p1_reg[25]/D	-2.063
m_axi_v_gmem_RDATA[17]	v_gmem_m_axi_U/bus_read/rs_rdata/data_p2_reg[17]/D	-2.063
m_axi_v_gmem_RDATA[29]	v_gmem_m_axi_U/bus_read/rs_rdata/data_p2_reg[29]/D	-2.063
m_axi_q_gmem_RLAST	q_gmem_m_axi_U/bus_read/rs_rdata/data_p1_reg[64]/D	-2.062
m_axi_v_gmem_RDATA[30]	v_gmem_m_axi_U/bus_read/rs_rdata/data_p2_reg[30]/D	-2.062
m_axi_q_gmem_RDATA[31]	q_gmem_m_axi_U/bus_read/rs_rdata/data_p1_reg[31]/D	-2.061
m_axi_v_gmem_RLAST	v_gmem_m_axi_U/bus_read/rs_rdata/data_p2_reg[64]/D	-2.061
m_axi_q_gmem_RVALID	q_gmem_m_axi_U/bus_read/rs_rdata/state_reg[1]/D	-2.059
ap_rst_n	grp_run_fu_161/grp_runController_fu_106/grp_runQueryTile_fu_142/runQueryBlock_1_U0/grp_runQueryBlock_1_Outline_VITIS_LOOP_116_5_fu_152/ap_CS_fsm_reg[2]/R	-2.058
ap_rst_n	grp_run_fu_161/grp_runController_fu_106/grp_runQueryTile_fu_142/runQueryBlock_1_U0/grp_runQueryBlock_1_Outline_VITIS_LOOP_116_5_fu_152/ap_CS_fsm_reg[3]/R	-2.058
ap_rst_n	o_gmem_m_axi_U/bus_write/wreq_throttle/data_fifo/U_fifo_srl/dout_reg[10]/R	-2.058
ap_rst_n	o_gmem_m_axi_U/bus_write/wreq_throttle/data_fifo/U_fifo_srl/dout_reg[20]/R	-2.058
ap_rst_n	o_gmem_m_axi_U/bus_write/wreq_throttle/data_fifo/U_fifo_srl/dout_reg[22]/R	-2.058
ap_rst_n	o_gmem_m_axi_U/bus_write/wreq_throttle/data_fifo/U_fifo_srl/dout_reg[36]/R	-2.058
m_axi_v_gmem_RDATA[18]	v_gmem_m_axi_U/bus_read/rs_rdata/data_p2_reg[18]/D	-2.058
m_axi_v_gmem_RDATA[24]	v_gmem_m_axi_U/bus_read/rs_rdata/data_p2_reg[24]/D	-2.058
ap_rst_n	grp_run_fu_161/grp_runController_fu_106/grp_runQueryTile_fu_142/runQueryBlock_1_U0/grp_runQueryBlock_1_Outline_VITIS_LOOP_116_5_fu_152/grp_runQueryBlock_1_Pipeline_VITIS_LOOP_141_6_VITIS_LOOP_142_7_fu_478_ap_start_reg_reg/R	-2.057
m_axi_v_gmem_RDATA[28]	v_gmem_m_axi_U/bus_read/rs_rdata/data_p2_reg[28]/D	-2.057
m_axi_v_gmem_RDATA[32]	v_gmem_m_axi_U/bus_read/rs_rdata/data_p2_reg[32]/D	-2.057
ap_rst_n	o_gmem_m_axi_U/bus_write/wreq_throttle/data_fifo/U_fifo_srl/dout_reg[38]/R	-2.057
ap_rst_n	o_gmem_m_axi_U/bus_write/wreq_throttle/data_fifo/U_fifo_srl/dout_reg[48]/R	-2.057
ap_rst_n	o_gmem_m_axi_U/bus_write/wreq_throttle/data_fifo/U_fifo_srl/dout_reg[52]/R	-2.057
ap_rst_n	o_gmem_m_axi_U/bus_write/wreq_throttle/data_fifo/U_fifo_srl/dout_reg[58]/R	-2.057
ap_rst_n	grp_run_fu_161/grp_runController_fu_106/grp_runQueryTile_fu_142/runQueryBlock_1_U0/grp_runQueryBlock_1_Outline_VITIS_LOOP_116_5_fu_152/grp_runQueryBlock_1_Pipeline_VITIS_LOOP_109_1_VITIS_LOOP_110_2_fu_500/grp_runPeArray_fu_420_ap_start_reg_reg/R	-2.056
ap_rst_n	grp_run_fu_161/grp_runController_fu_106/grp_runQueryTile_fu_142/runQueryBlock_1_U0/grp_runQueryBlock_1_Outline_VITIS_LOOP_116_5_fu_152/grp_runQueryBlock_1_Pipeline_VITIS_LOOP_109_1_VITIS_LOOP_110_2_fu_500/ap_enable_reg_pp0_iter0_reg_reg/D	-2.056
m_axi_q_gmem_RVALID	q_gmem_m_axi_U/bus_read/rs_rdata/state_reg[0]/D	-2.055
ap_rst_n	o_gmem_m_axi_U/store_unit_0/buff_wdata/waddr_reg[1]/R	-2.055
ap_rst_n	o_gmem_m_axi_U/store_unit_0/buff_wdata/waddr_reg[2]/R	-2.055
ap_rst_n	o_gmem_m_axi_U/store_unit_0/buff_wdata/waddr_reg[3]/R	-2.055
ap_rst_n	o_gmem_m_axi_U/store_unit_0/buff_wdata/waddr_reg[4]/R	-2.055
m_axi_q_gmem_RVALID	q_gmem_m_axi_U/bus_read/rs_rdata/FSM_sequential_state_reg[0]/D	-2.054
m_axi_q_gmem_RVALID	q_gmem_m_axi_U/bus_read/rs_rdata/s_ready_t_reg/D	-2.054
ap_rst_n	grp_run_fu_161/grp_runController_fu_106/grp_runQueryTile_fu_142/runQueryBlock_1_U0/grp_runQueryBlock_1_Outline_VITIS_LOOP_116_5_fu_152/grp_runQueryBlock_1_Pipeline_VITIS_LOOP_109_1_VITIS_LOOP_110_2_fu_500_ap_start_reg_reg/R	-2.053
ap_rst_n	k_gmem_m_axi_U/load_unit_0/buff_rdata/waddr_reg[6]/R	-2.053
ap_rst_n	k_gmem_m_axi_U/load_unit_0/buff_rdata/waddr_reg[7]/R	-2.053
ap_rst_n	k_gmem_m_axi_U/load_unit_0/buff_rdata/waddr_reg[8]/R	-2.053
ap_rst_n	k_gmem_m_axi_U/load_unit_0/buff_rdata/waddr_reg[9]/R	-2.053
ap_rst_n	o_gmem_m_axi_U/bus_write/wreq_throttle/data_fifo/U_fifo_srl/dout_reg[25]/R	-2.053
ap_rst_n	o_gmem_m_axi_U/bus_write/wreq_throttle/data_fifo/U_fifo_srl/dout_reg[35]/R	-2.053
ap_rst_n	grp_run_fu_161/grp_runController_fu_106/grp_runQueryTile_fu_142/q0_U/addr_reg[0]/R	-2.052
ap_rst_n	grp_run_fu_161/grp_runController_fu_106/grp_runQueryTile_fu_142/q0_U/addr_reg[1]/R	-2.052
ap_rst_n	grp_run_fu_161/grp_runController_fu_106/grp_runQueryTile_fu_142/q0_U/addr_reg[2]/R	-2.052
ap_rst_n	grp_run_fu_161/grp_runController_fu_106/grp_runQueryTile_fu_142/q0_U/mOutPtr_reg[0]/R	-2.052
ap_rst_n	k_gmem_m_axi_U/load_unit_0/buff_rdata/waddr_reg[0]/R	-2.052
ap_rst_n	o_gmem_m_axi_U/bus_write/wreq_throttle/data_fifo/U_fifo_srl/dout_reg[43]/R	-2.052
ap_rst_n	o_gmem_m_axi_U/bus_write/wreq_throttle/data_fifo/U_fifo_srl/dout_reg[63]/R	-2.052
ap_rst_n	v_gmem_m_axi_U/load_unit_0/buff_rdata/waddr_reg[3]/R	-2.052
ap_rst_n	v_gmem_m_axi_U/load_unit_0/buff_rdata/waddr_reg[4]/R	-2.052
ap_rst_n	v_gmem_m_axi_U/load_unit_0/buff_rdata/waddr_reg[5]/R	-2.052
ap_rst_n	o_gmem_m_axi_U/store_unit_0/buff_wdata/waddr_reg[0]/R	-2.050
ap_rst_n	o_gmem_m_axi_U/store_unit_0/buff_wdata/waddr_reg[5]/R	-2.050
s_axi_control_WDATA[27]	control_s_axi_U/int_v_address_reg[27]/D	-2.049
ap_rst_n	grp_run_fu_161/grp_runController_fu_106/grp_runQueryTile_fu_142/runQueryBlock_0_U0/grp_runQueryBlock_0_Outline_VITIS_LOOP_116_5_fu_148/grp_runQueryBlock_0_Pipeline_VITIS_LOOP_141_6_VITIS_LOOP_142_7_fu_478_ap_start_reg_reg/R	-2.049
ap_rst_n	grp_run_fu_161/grp_runController_fu_106/grp_runQueryTile_fu_142/q0_U/mOutPtr_reg[1]/R	-2.048
ap_rst_n	grp_run_fu_161/grp_runController_fu_106/grp_runQueryTile_fu_142/runQueryBlock_0_U0/grp_runQueryBlock_0_Outline_VITIS_LOOP_116_5_fu_148/grp_runQueryBlock_0_Pipeline_4_fu_474_ap_start_reg_reg/R	-2.048
s_axi_control_WDATA[25]	control_s_axi_U/int_v_address_reg[25]/D	-2.048
ap_rst_n	grp_run_fu_161/grp_runController_fu_106/grp_runQueryTile_fu_142/q0_U/empty_n_reg/R	-2.047
ap_rst_n	grp_run_fu_161/grp_runController_fu_106/grp_runQueryTile_fu_142/q0_U/full_n_reg/S	-2.047
ap_rst_n	grp_run_fu_161/grp_runController_fu_106/grp_runQueryTile_fu_142/q0_U/mOutPtr_reg[2]/R	-2.047
ap_rst_n	grp_run_fu_161/grp_runController_fu_106/grp_runQueryTile_fu_142/q0_U/mOutPtr_reg[3]/R	-2.047
ap_rst_n	k_gmem_m_axi_U/bus_read/fifo_burst/U_fifo_srl/dout_reg[0]/R	-2.045
s_axi_control_WDATA[31]	control_s_axi_U/int_v_address_reg[31]/D	-2.045
m_axi_k_gmem_RVALID	k_gmem_m_axi_U/bus_read/rs_rdata/FSM_sequential_state_reg[1]/D	-2.045
s_axi_control_WDATA[27]	control_s_axi_U/int_v_address_reg[59]/D	-2.044
ap_rst_n	k_gmem_m_axi_U/bus_read/fifo_burst/raddr_reg[0]/R	-2.044
ap_rst_n	k_gmem_m_axi_U/bus_read/fifo_burst/raddr_reg[1]/R	-2.044
ap_rst_n	k_gmem_m_axi_U/bus_read/fifo_burst/raddr_reg[2]/R	-2.044
ap_rst_n	k_gmem_m_axi_U/bus_read/fifo_burst/raddr_reg[3]/R	-2.044
ap_rst_n	k_gmem_m_axi_U/bus_read/rs_rdata/FSM_sequential_state_reg[0]/R	-2.044
ap_rst_n	k_gmem_m_axi_U/bus_read/rs_rdata/FSM_sequential_state_reg[1]/R	-2.044
ap_rst_n	k_gmem_m_axi_U/bus_read/rs_rdata/s_ready_t_reg/R	-2.044
ap_rst_n	k_gmem_m_axi_U/bus_read/rs_rdata/state_reg[0]/R	-2.044
ap_rst_n	k_gmem_m_axi_U/bus_read/rs_rdata/state_reg[1]/S	-2.044
s_axi_control_WDATA[22]	control_s_axi_U/int_v_address_reg[54]/D	-2.043
ap_rst_n	k_gmem_m_axi_U/bus_read/fifo_burst/dout_vld_reg/R	-2.043
ap_rst_n	k_gmem_m_axi_U/load_unit_0/buff_rdata/dout_vld_reg/R	-2.043
ap_rst_n	grp_run_fu_161/grp_runController_fu_106/grp_runQueryTile_fu_142/runQueryBlock_1_U0/grp_runQueryBlock_1_Outline_VITIS_LOOP_116_5_fu_152/grp_runQueryBlock_1_Pipeline_VITIS_LOOP_109_1_VITIS_LOOP_110_2_fu_500/ap_CS_fsm_reg[1]/R	-2.042
ap_rst_n	grp_run_fu_161/grp_runController_fu_106/grp_runQueryTile_fu_142/runQueryBlock_1_U0/grp_runQueryBlock_1_Outline_VITIS_LOOP_116_5_fu_152/grp_runQueryBlock_1_Pipeline_VITIS_LOOP_109_1_VITIS_LOOP_110_2_fu_500/ap_CS_fsm_reg[2]/R	-2.042
ap_rst_n	grp_run_fu_161/grp_runController_fu_106/grp_runQueryTile_fu_142/runQueryBlock_1_U0/grp_runQueryBlock_1_Outline_VITIS_LOOP_116_5_fu_152/grp_runQueryBlock_1_Pipeline_VITIS_LOOP_109_1_VITIS_LOOP_110_2_fu_500/ap_CS_fsm_reg[3]/R	-2.042
ap_rst_n	grp_run_fu_161/grp_runController_fu_106/grp_runQueryTile_fu_142/runQueryBlock_1_U0/grp_runQueryBlock_1_Outline_VITIS_LOOP_116_5_fu_152/grp_runQueryBlock_1_Pipeline_VITIS_LOOP_109_1_VITIS_LOOP_110_2_fu_500/ap_CS_fsm_reg[4]/R	-2.042
ap_rst_n	k_gmem_m_axi_U/load_unit_0/buff_rdata/mOutPtr_reg[0]/R	-2.042
ap_rst_n	k_gmem_m_axi_U/load_unit_0/buff_rdata/mOutPtr_reg[1]/R	-2.042
s_axi_control_WDATA[23]	control_s_axi_U/int_v_address_reg[23]/D	-2.042
s_axi_control_WDATA[23]	control_s_axi_U/int_v_address_reg[55]/D	-2.041
ap_rst_n	k_gmem_m_axi_U/load_unit_0/buff_rdata/empty_n_reg/R	-2.041
ap_rst_n	k_gmem_m_axi_U/load_unit_0/buff_rdata/mOutPtr_reg[2]/R	-2.041
ap_rst_n	k_gmem_m_axi_U/load_unit_0/buff_rdata/mOutPtr_reg[3]/R	-2.041
ap_rst_n	k_gmem_m_axi_U/load_unit_0/buff_rdata/mOutPtr_reg[4]/R	-2.041
ap_rst_n	k_gmem_m_axi_U/load_unit_0/buff_rdata/mOutPtr_reg[5]/R	-2.041
ap_rst_n	grp_run_fu_161/grp_runController_fu_106/grp_runQueryTile_fu_142/distributeQueryTile_U0/grp_distributeQueryTile_Pipeline_VITIS_LOOP_498_3_VITIS_LOOP_503_4_VITIS_LOOP_504_5_fu_220/ap_enable_reg_pp0_iter74_reg/R	-2.040
ap_rst_n	grp_run_fu_161/grp_runController_fu_106/grp_runQueryTile_fu_142/runQueryBlock_0_U0/grp_runQueryBlock_0_Outline_VITIS_LOOP_116_5_fu_148/ap_CS_fsm_reg[2]/R	-2.040
ap_rst_n	grp_run_fu_161/grp_runController_fu_106/grp_runQueryTile_fu_142/runQueryBlock_0_U0/grp_runQueryBlock_0_Outline_VITIS_LOOP_116_5_fu_148/ap_CS_fsm_reg[3]/R	-2.040
ap_rst_n	k_gmem_m_axi_U/load_unit_0/buff_rdata/waddr_reg[3]/R	-2.040
ap_rst_n	k_gmem_m_axi_U/load_unit_0/buff_rdata/waddr_reg[4]/R	-2.040
ap_rst_n	k_gmem_m_axi_U/load_unit_0/buff_rdata/waddr_reg[5]/R	-2.040
s_axi_control_WDATA[25]	control_s_axi_U/int_v_address_reg[57]/D	-2.040
ap_rst_n	k_gmem_m_axi_U/load_unit_0/buff_rdata/raddr_reg[0]/R	-2.040
ap_rst_n	k_gmem_m_axi_U/load_unit_0/buff_rdata/raddr_reg[1]/R	-2.040
ap_rst_n	k_gmem_m_axi_U/load_unit_0/buff_rdata/raddr_reg[6]/R	-2.040
ap_rst_n	k_gmem_m_axi_U/load_unit_0/buff_rdata/raddr_reg[7]/R	-2.040
ap_rst_n	k_gmem_m_axi_U/load_unit_0/buff_rdata/raddr_reg[8]/R	-2.040
m_axi_k_gmem_ARREADY	k_gmem_m_axi_U/bus_read/rreq_burst_conv/could_multi_bursts.burst_valid_reg/D	-2.040
ap_rst_n	grp_run_fu_161/grp_runController_fu_106/grp_runQueryTile_fu_142/kv0_U/addr_reg[0]/R	-2.039
ap_rst_n	grp_run_fu_161/grp_runController_fu_106/grp_runQueryTile_fu_142/kv0_U/addr_reg[1]/R	-2.039
ap_rst_n	grp_run_fu_161/grp_runController_fu_106/grp_runQueryTile_fu_142/kv0_U/addr_reg[2]/R	-2.039
ap_rst_n	grp_run_fu_161/grp_runController_fu_106/grp_runQueryTile_fu_142/kv0_U/mOutPtr_reg[0]/R	-2.039
ap_rst_n	grp_run_fu_161/grp_runController_fu_106/grp_runQueryTile_fu_142/runQueryBlock_1_U0/grp_runQueryBlock_1_Outline_VITIS_LOOP_116_5_fu_152/grp_runQueryBlock_1_Pipeline_4_fu_474_ap_start_reg_reg/R	-2.039
ap_rst_n	k_gmem_m_axi_U/load_unit_0/ready_for_outstanding_reg/R	-2.038
ap_rst_n	grp_run_fu_161/grp_runController_fu_106/grp_runQueryTile_fu_142/runQueryBlock_1_U0/grp_runQueryBlock_1_Outline_VITIS_LOOP_116_5_fu_152/grp_runQueryBlock_1_Pipeline_VITIS_LOOP_109_1_VITIS_LOOP_110_2_fu_500/ap_CS_fsm_reg[0]/S	-2.037
ap_rst_n	o_gmem_m_axi_U/bus_write/wreq_burst_conv/last_sect_reg/D	-2.037
ap_rst_n	k_gmem_m_axi_U/bus_read/fifo_burst/full_n_reg/D	-2.036
ap_rst_n	k_gmem_m_axi_U/bus_read/rreq_burst_conv/last_sect_reg/D	-2.035
ap_rst_n	k_gmem_m_axi_U/bus_read/fifo_burst/mOutPtr_reg[0]/R	-2.035
ap_rst_n	k_gmem_m_axi_U/bus_read/fifo_burst/mOutPtr_reg[1]/R	-2.035
ap_rst_n	k_gmem_m_axi_U/bus_read/fifo_burst/mOutPtr_reg[2]/R	-2.035
ap_rst_n	k_gmem_m_axi_U/bus_read/fifo_burst/mOutPtr_reg[3]/R	-2.035
ap_rst_n	k_gmem_m_axi_U/bus_read/fifo_burst/mOutPtr_reg[4]/R	-2.035
ap_rst_n	k_gmem_m_axi_U/load_unit_0/buff_rdata/raddr_reg[3]/R	-2.035
ap_rst_n	k_gmem_m_axi_U/load_unit_0/buff_rdata/raddr_reg[5]/R	-2.035
m_axi_q_gmem_RVALID	q_gmem_m_axi_U/bus_read/rs_rdata/FSM_sequential_state_reg[1]/D	-2.035
ap_rst_n	k_gmem_m_axi_U/load_unit_0/fifo_rreq/full_n_reg/D	-2.035
ap_rst_n	q_gmem_m_axi_U/bus_read/fifo_rctl/full_n_reg/D	-2.035
ap_rst_n	grp_run_fu_161/grp_runController_fu_106/grp_runQueryTile_fu_142/kv0_U/empty_n_reg/R	-2.034
ap_rst_n	grp_run_fu_161/grp_runController_fu_106/grp_runQueryTile_fu_142/kv0_U/full_n_reg/S	-2.034
ap_rst_n	grp_run_fu_161/grp_runController_fu_106/grp_runQueryTile_fu_142/kv0_U/mOutPtr_reg[1]/R	-2.034
ap_rst_n	grp_run_fu_161/grp_runController_fu_106/grp_runQueryTile_fu_142/kv0_U/mOutPtr_reg[2]/R	-2.034
ap_rst_n	grp_run_fu_161/grp_runController_fu_106/grp_runQueryTile_fu_142/kv0_U/mOutPtr_reg[3]/R	-2.034
ap_rst_n	q_gmem_m_axi_U/bus_read/fifo_burst/U_fifo_srl/dout_reg[0]/R	-2.034
ap_rst_n	k_gmem_m_axi_U/load_unit_0/buff_rdata/raddr_reg[2]/R	-2.034
ap_rst_n	k_gmem_m_axi_U/load_unit_0/buff_rdata/raddr_reg[4]/R	-2.034
ap_rst_n	k_gmem_m_axi_U/load_unit_0/buff_rdata/raddr_reg[9]/R	-2.034
ap_rst_n	k_gmem_m_axi_U/load_unit_0/buff_rdata/mOutPtr_reg[6]/R	-2.033
ap_rst_n	k_gmem_m_axi_U/load_unit_0/buff_rdata/mOutPtr_reg[7]/R	-2.033
ap_rst_n	k_gmem_m_axi_U/load_unit_0/buff_rdata/waddr_reg[1]/R	-2.032
ap_rst_n	k_gmem_m_axi_U/load_unit_0/buff_rdata/waddr_reg[2]/R	-2.032
ap_rst_n	q_gmem_m_axi_U/bus_read/fifo_burst/empty_n_reg/R	-2.032
ap_rst_n	grp_run_fu_161/grp_runController_fu_106/grp_runQueryTile_fu_142/gatherQueryTile_U0/grp_gatherQueryTile_Pipeline_VITIS_LOOP_523_1_VITIS_LOOP_524_2_fu_106/ap_enable_reg_pp0_iter1_reg/D	-2.032
ap_rst_n	q_gmem_m_axi_U/load_unit_0/buff_rdata/mOutPtr_reg[0]/R	-2.031
ap_rst_n	q_gmem_m_axi_U/load_unit_0/buff_rdata/mOutPtr_reg[1]/R	-2.031
ap_rst_n	q_gmem_m_axi_U/load_unit_0/buff_rdata/mOutPtr_reg[2]/R	-2.031
ap_rst_n	q_gmem_m_axi_U/load_unit_0/buff_rdata/mOutPtr_reg[3]/R	-2.031
ap_rst_n	q_gmem_m_axi_U/load_unit_0/buff_rdata/mOutPtr_reg[4]/R	-2.031
ap_rst_n	q_gmem_m_axi_U/bus_read/fifo_burst/full_n_reg/D	-2.031
ap_rst_n	q_gmem_m_axi_U/bus_read/fifo_burst/mOutPtr_reg[0]/R	-2.031
ap_rst_n	q_gmem_m_axi_U/bus_read/fifo_burst/mOutPtr_reg[1]/R	-2.031
ap_rst_n	q_gmem_m_axi_U/bus_read/fifo_burst/mOutPtr_reg[2]/R	-2.031
ap_rst_n	q_gmem_m_axi_U/bus_read/fifo_burst/mOutPtr_reg[3]/R	-2.031
ap_rst_n	q_gmem_m_axi_U/bus_read/fifo_burst/mOutPtr_reg[4]/R	-2.031
m_axi_v_gmem_RLAST	v_gmem_m_axi_U/bus_read/rs_rdata/data_p1_reg[64]/D	-2.031
ap_rst_n	k_gmem_m_axi_U/bus_read/fifo_burst/empty_n_reg/R	-2.030
ap_rst_n	q_gmem_m_axi_U/load_unit_0/buff_rdata/mOutPtr_reg[10]/R	-2.030
ap_rst_n	q_gmem_m_axi_U/load_unit_0/buff_rdata/mOutPtr_reg[9]/R	-2.030
m_axi_v_gmem_RDATA[32]	v_gmem_m_axi_U/bus_read/rs_rdata/data_p1_reg[32]/D	-2.030
s_axi_control_WDATA[13]	control_s_axi_U/int_q_address_reg[45]/D	-2.030
ap_rst_n	q_gmem_m_axi_U/load_unit_0/ready_for_outstanding_reg/R	-2.029
ap_rst_n	k_gmem_m_axi_U/bus_read/fifo_rctl/full_n_reg/D	-2.029
ap_rst_n	k_gmem_m_axi_U/load_unit_0/buff_rdata/mOutPtr_reg[10]/R	-2.028
ap_rst_n	k_gmem_m_axi_U/load_unit_0/buff_rdata/mOutPtr_reg[8]/R	-2.028
ap_rst_n	k_gmem_m_axi_U/load_unit_0/buff_rdata/mOutPtr_reg[9]/R	-2.028
m_axi_v_gmem_RDATA[0]	v_gmem_m_axi_U/bus_read/rs_rdata/data_p1_reg[0]/D	-2.028
m_axi_v_gmem_RDATA[24]	v_gmem_m_axi_U/bus_read/rs_rdata/data_p1_reg[24]/D	-2.028
ap_rst_n	o_gmem_m_axi_U/store_unit_0/fifo_wrsp/full_n_reg/D	-2.027
ap_rst_n	q_gmem_m_axi_U/bus_read/rreq_burst_conv/last_sect_reg/D	-2.027
s_axi_control_WDATA[15]	control_s_axi_U/int_q_address_reg[47]/D	-2.027
m_axi_v_gmem_RDATA[52]	v_gmem_m_axi_U/bus_read/rs_rdata/data_p1_reg[52]/D	-2.026
ap_rst_n	grp_run_fu_161/grp_runController_fu_106/grp_runQueryTile_fu_142/distributeQueryTile_U0/grp_distributeQueryTile_Pipeline_VITIS_LOOP_486_1_VITIS_LOOP_487_2_fu_208/ap_enable_reg_pp0_iter1_reg/D	-2.026
m_axi_v_gmem_RDATA[34]	v_gmem_m_axi_U/bus_read/rs_rdata/data_p1_reg[34]/D	-2.026
m_axi_q_gmem_ARREADY	q_gmem_m_axi_U/bus_read/rreq_burst_conv/could_multi_bursts.burst_valid_reg/D	-2.026
m_axi_v_gmem_RDATA[28]	v_gmem_m_axi_U/bus_read/rs_rdata/data_p1_reg[28]/D	-2.026
m_axi_v_gmem_RDATA[57]	v_gmem_m_axi_U/bus_read/rs_rdata/data_p1_reg[57]/D	-2.025
s_axi_control_WDATA[23]	control_s_axi_U/int_q_address_reg[55]/D	-2.025
m_axi_v_gmem_RDATA[18]	v_gmem_m_axi_U/bus_read/rs_rdata/data_p1_reg[18]/D	-2.025
s_axi_control_WDATA[19]	control_s_axi_U/int_q_address_reg[51]/D	-2.025
s_axi_control_WDATA[31]	control_s_axi_U/int_q_address_reg[63]/D	-2.025
m_axi_v_gmem_RDATA[16]	v_gmem_m_axi_U/bus_read/rs_rdata/data_p1_reg[16]/D	-2.024
m_axi_v_gmem_RDATA[56]	v_gmem_m_axi_U/bus_read/rs_rdata/data_p1_reg[56]/D	-2.024
s_axi_control_WDATA[21]	control_s_axi_U/int_q_address_reg[53]/D	-2.024
ap_rst_n	q_gmem_m_axi_U/bus_read/rs_rdata/FSM_sequential_state_reg[0]/R	-2.024
ap_rst_n	q_gmem_m_axi_U/bus_read/rs_rdata/FSM_sequential_state_reg[1]/R	-2.024
ap_rst_n	q_gmem_m_axi_U/bus_read/rs_rdata/s_ready_t_reg/R	-2.024
ap_rst_n	q_gmem_m_axi_U/bus_read/rs_rdata/state_reg[0]/R	-2.024
ap_rst_n	q_gmem_m_axi_U/bus_read/rs_rdata/state_reg[1]/S	-2.024
ap_rst_n	q_gmem_m_axi_U/bus_read/fifo_burst/dout_vld_reg/R	-2.023
m_axi_v_gmem_RDATA[17]	v_gmem_m_axi_U/bus_read/rs_rdata/data_p1_reg[17]/D	-2.023
s_axi_control_WDATA[27]	control_s_axi_U/int_k_address_reg[59]/D	-2.023
ap_rst_n	q_gmem_m_axi_U/load_unit_0/buff_rdata/mOutPtr_reg[5]/R	-2.023
ap_rst_n	q_gmem_m_axi_U/load_unit_0/buff_rdata/mOutPtr_reg[6]/R	-2.023
ap_rst_n	q_gmem_m_axi_U/load_unit_0/buff_rdata/mOutPtr_reg[7]/R	-2.023
m_axi_v_gmem_RDATA[10]	v_gmem_m_axi_U/bus_read/rs_rdata/data_p1_reg[10]/D	-2.023
ap_rst_n	q_gmem_m_axi_U/load_unit_0/buff_rdata/waddr_reg[1]/R	-2.022
ap_rst_n	q_gmem_m_axi_U/load_unit_0/buff_rdata/waddr_reg[2]/R	-2.022
m_axi_v_gmem_RDATA[30]	v_gmem_m_axi_U/bus_read/rs_rdata/data_p1_reg[30]/D	-2.022
s_axi_control_WDATA[25]	control_s_axi_U/int_k_address_reg[57]/D	-2.022
s_axi_control_WDATA[31]	control_s_axi_U/int_k_address_reg[63]/D	-2.022
s_axi_control_WDATA[27]	control_s_axi_U/int_q_address_reg[59]/D	-2.022
s_axi_control_WDATA[22]	control_s_axi_U/int_v_address_reg[22]/D	-2.022
s_axi_control_WDATA[27]	control_s_axi_U/int_o_address_reg[27]/D	-2.021
ap_rst_n	q_gmem_m_axi_U/bus_read/fifo_burst/raddr_reg[0]/R	-2.021
ap_rst_n	q_gmem_m_axi_U/bus_read/fifo_burst/raddr_reg[1]/R	-2.021
ap_rst_n	q_gmem_m_axi_U/bus_read/fifo_burst/raddr_reg[2]/R	-2.021
ap_rst_n	q_gmem_m_axi_U/bus_read/fifo_burst/raddr_reg[3]/R	-2.021
ap_rst_n	q_gmem_m_axi_U/load_unit_0/buff_rdata/raddr_reg[9]/R	-2.021
ap_rst_n	v_gmem_m_axi_U/bus_read/rreq_burst_conv/sect_cnt_reg[2]/R	-2.021
ap_rst_n	v_gmem_m_axi_U/bus_read/rreq_burst_conv/sect_cnt_reg[3]/R	-2.021
ap_rst_n	v_gmem_m_axi_U/bus_read/rreq_burst_conv/sect_cnt_reg[8]/R	-2.021
ap_rst_n	v_gmem_m_axi_U/bus_read/rreq_burst_conv/sect_cnt_reg[9]/R	-2.021
m_axi_v_gmem_RDATA[29]	v_gmem_m_axi_U/bus_read/rs_rdata/data_p1_reg[29]/D	-2.021
s_axi_control_WDATA[23]	control_s_axi_U/int_k_address_reg[55]/D	-2.021
ap_rst_n	v_gmem_m_axi_U/bus_read/rreq_burst_conv/start_addr_reg[22]/R	-2.021
ap_rst_n	v_gmem_m_axi_U/bus_read/rreq_burst_conv/start_addr_reg[26]/R	-2.021
ap_rst_n	v_gmem_m_axi_U/bus_read/rreq_burst_conv/start_addr_reg[27]/R	-2.021
ap_rst_n	v_gmem_m_axi_U/bus_read/rreq_burst_conv/sect_addr_buf_reg[14]/R	-2.020
ap_rst_n	v_gmem_m_axi_U/bus_read/rreq_burst_conv/sect_addr_buf_reg[15]/R	-2.020
ap_rst_n	v_gmem_m_axi_U/bus_read/rreq_burst_conv/sect_addr_buf_reg[20]/R	-2.020
ap_rst_n	v_gmem_m_axi_U/bus_read/rreq_burst_conv/sect_addr_buf_reg[21]/R	-2.020
ap_rst_n	v_gmem_m_axi_U/bus_read/rreq_burst_conv/sect_addr_buf_reg[22]/R	-2.020
ap_rst_n	v_gmem_m_axi_U/bus_read/rreq_burst_conv/sect_addr_buf_reg[23]/R	-2.020
m_axi_v_gmem_RDATA[1]	v_gmem_m_axi_U/bus_read/rs_rdata/data_p1_reg[1]/D	-2.020
s_axi_control_WDATA[23]	control_s_axi_U/int_o_address_reg[23]/D	-2.020
s_axi_control_WDATA[4]	control_s_axi_U/int_q_address_reg[4]/D	-2.020
ap_rst_n	grp_run_fu_161/grp_runController_fu_106/grp_runQueryTile_fu_142/runQueryBlock_1_U0/grp_runQueryBlock_1_Outline_VITIS_LOOP_116_5_fu_152/grp_runQueryBlock_1_Pipeline_VITIS_LOOP_109_1_VITIS_LOOP_110_2_fu_500/ap_enable_reg_pp0_iter1_reg/D	-2.020
ap_rst_n	k_gmem_m_axi_U/bus_read/rreq_burst_conv/could_multi_bursts.addr_step_reg[5]/R	-2.020
ap_rst_n	k_gmem_m_axi_U/bus_read/rreq_burst_conv/could_multi_bursts.addr_step_reg[6]/R	-2.020
ap_rst_n	k_gmem_m_axi_U/bus_read/rreq_burst_conv/could_multi_bursts.addr_step_reg[7]/R	-2.020
ap_rst_n	k_gmem_m_axi_U/bus_read/rreq_burst_conv/could_multi_bursts.last_loop_reg/R	-2.020
ap_rst_n	k_gmem_m_axi_U/bus_read/rreq_burst_conv/could_multi_bursts.len_buf_reg[1]/R	-2.020
ap_rst_n	k_gmem_m_axi_U/bus_read/rreq_burst_conv/could_multi_bursts.len_buf_reg[2]/R	-2.020
ap_rst_n	k_gmem_m_axi_U/bus_read/rreq_burst_conv/could_multi_bursts.len_buf_reg[3]/R	-2.020
ap_rst_n	k_gmem_m_axi_U/bus_read/rreq_burst_conv/could_multi_bursts.len_buf_reg[4]/R	-2.020
ap_rst_n	k_gmem_m_axi_U/bus_read/rreq_burst_conv/start_to_4k_reg[5]/R	-2.020
ap_rst_n	k_gmem_m_axi_U/bus_read/rreq_burst_conv/start_to_4k_reg[7]/R	-2.020
ap_rst_n	q_gmem_m_axi_U/load_unit_0/buff_rdata/dout_vld_reg/R	-2.020
ap_rst_n	q_gmem_m_axi_U/load_unit_0/buff_rdata/raddr_reg[5]/R	-2.020
ap_rst_n	q_gmem_m_axi_U/load_unit_0/buff_rdata/waddr_reg[3]/R	-2.020
ap_rst_n	q_gmem_m_axi_U/load_unit_0/buff_rdata/waddr_reg[4]/R	-2.020
ap_rst_n	q_gmem_m_axi_U/load_unit_0/buff_rdata/waddr_reg[5]/R	-2.020
ap_rst_n	v_gmem_m_axi_U/bus_read/rreq_burst_conv/start_addr_reg[14]/R	-2.020
ap_rst_n	v_gmem_m_axi_U/bus_read/rreq_burst_conv/start_addr_reg[15]/R	-2.020
ap_rst_n	v_gmem_m_axi_U/bus_read/rreq_burst_conv/start_addr_reg[20]/R	-2.020
ap_rst_n	v_gmem_m_axi_U/bus_read/rreq_burst_conv/start_addr_reg[21]/R	-2.020
ap_rst_n	v_gmem_m_axi_U/bus_read/rreq_burst_conv/start_addr_reg[23]/R	-2.020
ap_rst_n	v_gmem_m_axi_U/bus_read/rreq_burst_conv/start_addr_reg[32]/R	-2.020
ap_rst_n	v_gmem_m_axi_U/bus_read/rreq_burst_conv/start_addr_reg[33]/R	-2.020
ap_rst_n	v_gmem_m_axi_U/bus_read/rreq_burst_conv/start_addr_reg[38]/R	-2.020
ap_rst_n	v_gmem_m_axi_U/bus_read/rreq_burst_conv/start_addr_reg[39]/R	-2.020
ap_rst_n	v_gmem_m_axi_U/bus_read/rreq_burst_conv/sect_addr_buf_reg[34]/R	-2.019
ap_rst_n	v_gmem_m_axi_U/bus_read/rreq_burst_conv/sect_addr_buf_reg[35]/R	-2.019
ap_rst_n	v_gmem_m_axi_U/bus_read/rreq_burst_conv/sect_addr_buf_reg[44]/R	-2.019
ap_rst_n	v_gmem_m_axi_U/bus_read/rreq_burst_conv/sect_addr_buf_reg[45]/R	-2.019
ap_rst_n	v_gmem_m_axi_U/bus_read/rreq_burst_conv/sect_cnt_reg[10]/R	-2.019
ap_rst_n	v_gmem_m_axi_U/bus_read/rreq_burst_conv/sect_cnt_reg[11]/R	-2.019
ap_rst_n	v_gmem_m_axi_U/bus_read/rreq_burst_conv/sect_cnt_reg[14]/R	-2.019
ap_rst_n	v_gmem_m_axi_U/bus_read/rreq_burst_conv/sect_cnt_reg[15]/R	-2.019
m_axi_v_gmem_RDATA[12]	v_gmem_m_axi_U/bus_read/rs_rdata/data_p1_reg[12]/D	-2.019
m_axi_v_gmem_RDATA[22]	v_gmem_m_axi_U/bus_read/rs_rdata/data_p1_reg[22]/D	-2.019
s_axi_control_WDATA[25]	control_s_axi_U/int_o_address_reg[25]/D	-2.019
s_axi_control_WDATA[11]	control_s_axi_U/int_q_address_reg[43]/D	-2.019
s_axi_control_WDATA[17]	control_s_axi_U/int_q_address_reg[49]/D	-2.019
ap_rst_n	k_gmem_m_axi_U/bus_read/rreq_burst_conv/could_multi_bursts.addr_step_reg[3]/R	-2.019
ap_rst_n	k_gmem_m_axi_U/bus_read/rreq_burst_conv/could_multi_bursts.addr_step_reg[4]/R	-2.019
ap_rst_n	k_gmem_m_axi_U/bus_read/rreq_burst_conv/could_multi_bursts.addr_step_reg[8]/R	-2.019
ap_rst_n	k_gmem_m_axi_U/bus_read/rreq_burst_conv/could_multi_bursts.addr_step_reg[9]/R	-2.019
ap_rst_n	k_gmem_m_axi_U/bus_read/rreq_burst_conv/could_multi_bursts.len_buf_reg[0]/R	-2.019
ap_rst_n	k_gmem_m_axi_U/bus_read/rreq_burst_conv/could_multi_bursts.len_buf_reg[5]/R	-2.019
ap_rst_n	k_gmem_m_axi_U/bus_read/rreq_burst_conv/could_multi_bursts.loop_cnt_reg[2]/R	-2.019
ap_rst_n	k_gmem_m_axi_U/bus_read/rreq_burst_conv/sect_len_buf_reg[2]/R	-2.019
ap_rst_n	k_gmem_m_axi_U/bus_read/rreq_burst_conv/sect_len_buf_reg[3]/R	-2.019
ap_rst_n	k_gmem_m_axi_U/load_unit_0/fifo_rreq/U_fifo_srl/dout_reg[2]/R	-2.019
ap_rst_n	k_gmem_m_axi_U/load_unit_0/fifo_rreq/U_fifo_srl/dout_reg[7]/R	-2.019
ap_rst_n	q_gmem_m_axi_U/load_unit_0/buff_rdata/mOutPtr_reg[8]/R	-2.018
ap_rst_n	q_gmem_m_axi_U/load_unit_0/buff_rdata/raddr_reg[2]/R	-2.018
ap_rst_n	q_gmem_m_axi_U/load_unit_0/buff_rdata/raddr_reg[3]/R	-2.018
ap_rst_n	q_gmem_m_axi_U/load_unit_0/buff_rdata/raddr_reg[4]/R	-2.018
ap_rst_n	v_gmem_m_axi_U/bus_read/rreq_burst_conv/sect_cnt_reg[20]/R	-2.018
ap_rst_n	v_gmem_m_axi_U/bus_read/rreq_burst_conv/sect_cnt_reg[21]/R	-2.018
ap_rst_n	v_gmem_m_axi_U/bus_read/rreq_burst_conv/sect_cnt_reg[22]/R	-2.018
ap_rst_n	v_gmem_m_axi_U/bus_read/rreq_burst_conv/sect_cnt_reg[23]/R	-2.018
ap_rst_n	v_gmem_m_axi_U/bus_read/rreq_burst_conv/sect_cnt_reg[26]/R	-2.018
ap_rst_n	v_gmem_m_axi_U/bus_read/rreq_burst_conv/sect_cnt_reg[27]/R	-2.018
ap_rst_n	v_gmem_m_axi_U/bus_read/rreq_burst_conv/sect_cnt_reg[32]/R	-2.018
ap_rst_n	v_gmem_m_axi_U/bus_read/rreq_burst_conv/sect_cnt_reg[33]/R	-2.018
ap_rst_n	v_gmem_m_axi_U/bus_read/rreq_burst_conv/start_addr_reg[34]/R	-2.018
ap_rst_n	v_gmem_m_axi_U/bus_read/rreq_burst_conv/start_addr_reg[35]/R	-2.018
ap_rst_n	v_gmem_m_axi_U/bus_read/rreq_burst_conv/start_addr_reg[44]/R	-2.018
ap_rst_n	v_gmem_m_axi_U/bus_read/rreq_burst_conv/start_addr_reg[45]/R	-2.018
s_axi_control_WDATA[25]	control_s_axi_U/int_q_address_reg[57]/D	-2.018
s_axi_control_WDATA[29]	control_s_axi_U/int_q_address_reg[61]/D	-2.018
m_axi_v_gmem_RVALID	v_gmem_m_axi_U/bus_read/rs_rdata/FSM_sequential_state_reg[0]/D	-2.018
ap_rst_n	q_gmem_m_axi_U/load_unit_0/buff_rdata/empty_n_reg/R	-2.017
ap_rst_n	v_gmem_m_axi_U/bus_read/rreq_burst_conv/sect_cnt_reg[42]/R	-2.017
ap_rst_n	v_gmem_m_axi_U/bus_read/rreq_burst_conv/sect_cnt_reg[43]/R	-2.017
s_axi_control_WDATA[20]	control_s_axi_U/int_q_address_reg[52]/D	-2.017
s_axi_control_WDATA[22]	control_s_axi_U/int_q_address_reg[54]/D	-2.017
ap_rst_n	v_gmem_m_axi_U/load_unit_0/tmp_addr_reg[14]/R	-2.017
ap_rst_n	v_gmem_m_axi_U/load_unit_0/tmp_addr_reg[20]/R	-2.017
ap_rst_n	v_gmem_m_axi_U/load_unit_0/tmp_addr_reg[21]/R	-2.017
ap_rst_n	v_gmem_m_axi_U/load_unit_0/tmp_addr_reg[23]/R	-2.017
ap_rst_n	v_gmem_m_axi_U/load_unit_0/tmp_addr_reg[26]/R	-2.017
ap_rst_n	k_gmem_m_axi_U/bus_read/rreq_burst_conv/beat_len_reg[3]/R	-2.016
ap_rst_n	k_gmem_m_axi_U/bus_read/rreq_burst_conv/start_to_4k_reg[6]/R	-2.016
ap_rst_n	k_gmem_m_axi_U/bus_read/rreq_burst_conv/start_to_4k_reg[8]/R	-2.016
ap_rst_n	k_gmem_m_axi_U/load_unit_0/fifo_rreq/U_fifo_srl/dout_reg[4]/R	-2.016
ap_rst_n	k_gmem_m_axi_U/load_unit_0/fifo_rreq/U_fifo_srl/dout_reg[70]/R	-2.016
ap_rst_n	k_gmem_m_axi_U/load_unit_0/tmp_addr_reg[7]/R	-2.016
ap_rst_n	v_gmem_m_axi_U/bus_read/rreq_burst_conv/sect_addr_buf_reg[26]/R	-2.016
ap_rst_n	v_gmem_m_axi_U/bus_read/rreq_burst_conv/sect_addr_buf_reg[27]/R	-2.016
ap_rst_n	k_gmem_m_axi_U/bus_read/rreq_burst_conv/last_sect_buf_reg/R	-2.016
ap_rst_n	k_gmem_m_axi_U/load_unit_0/tmp_addr_reg[10]/R	-2.016
ap_rst_n	k_gmem_m_axi_U/load_unit_0/tmp_addr_reg[5]/R	-2.016
ap_rst_n	k_gmem_m_axi_U/load_unit_0/tmp_addr_reg[8]/R	-2.016
s_axi_control_WDATA[1]	control_s_axi_U/int_ier_reg[1]/D	-2.015
ap_rst_n	v_gmem_m_axi_U/bus_read/rreq_burst_conv/sect_addr_buf_reg[32]/R	-2.015
ap_rst_n	v_gmem_m_axi_U/bus_read/rreq_burst_conv/sect_addr_buf_reg[33]/R	-2.015
ap_rst_n	v_gmem_m_axi_U/bus_read/rreq_burst_conv/sect_addr_buf_reg[38]/R	-2.015
ap_rst_n	v_gmem_m_axi_U/bus_read/rreq_burst_conv/sect_addr_buf_reg[39]/R	-2.015
m_axi_v_gmem_RVALID	v_gmem_m_axi_U/bus_read/rs_rdata/state_reg[1]/D	-2.015
s_axi_control_WDATA[0]	control_s_axi_U/int_ier_reg[0]/D	-2.014
ap_rst_n	q_gmem_m_axi_U/load_unit_0/buff_rdata/raddr_reg[0]/R	-2.014
ap_rst_n	q_gmem_m_axi_U/load_unit_0/buff_rdata/raddr_reg[1]/R	-2.014
ap_rst_n	q_gmem_m_axi_U/load_unit_0/buff_rdata/raddr_reg[6]/R	-2.014
ap_rst_n	q_gmem_m_axi_U/load_unit_0/buff_rdata/raddr_reg[7]/R	-2.014
ap_rst_n	q_gmem_m_axi_U/load_unit_0/buff_rdata/raddr_reg[8]/R	-2.014
ap_rst_n	v_gmem_m_axi_U/bus_read/rreq_burst_conv/start_addr_reg[52]/R	-2.014
ap_rst_n	v_gmem_m_axi_U/bus_read/rreq_burst_conv/start_addr_reg[53]/R	-2.014
ap_rst_n	v_gmem_m_axi_U/bus_read/rreq_burst_conv/start_addr_reg[58]/R	-2.014
m_axi_v_gmem_RVALID	v_gmem_m_axi_U/bus_read/rs_rdata/state_reg[0]/D	-2.014
ap_rst_n	v_gmem_m_axi_U/load_unit_0/tmp_addr_reg[32]/R	-2.014
ap_rst_n	v_gmem_m_axi_U/load_unit_0/tmp_addr_reg[37]/R	-2.014
ap_rst_n	v_gmem_m_axi_U/load_unit_0/tmp_addr_reg[38]/R	-2.014
s_axi_control_WDATA[26]	control_s_axi_U/int_q_address_reg[58]/D	-2.014
s_axi_control_WDATA[28]	control_s_axi_U/int_q_address_reg[60]/D	-2.014
ap_rst_n	v_gmem_m_axi_U/bus_read/rreq_burst_conv/sect_addr_buf_reg[52]/R	-2.013
ap_rst_n	v_gmem_m_axi_U/bus_read/rreq_burst_conv/sect_addr_buf_reg[53]/R	-2.013
ap_rst_n	v_gmem_m_axi_U/bus_read/rreq_burst_conv/sect_addr_buf_reg[58]/R	-2.013
ap_rst_n	v_gmem_m_axi_U/bus_read/rreq_burst_conv/sect_addr_buf_reg[59]/R	-2.013
m_axi_v_gmem_RVALID	v_gmem_m_axi_U/bus_read/rs_rdata/s_ready_t_reg/D	-2.013
s_axi_control_WDATA[30]	control_s_axi_U/int_q_address_reg[62]/D	-2.012
ap_rst_n	k_gmem_m_axi_U/bus_read/rreq_burst_conv/beat_len_reg[0]/R	-2.012
ap_rst_n	k_gmem_m_axi_U/bus_read/rreq_burst_conv/beat_len_reg[1]/R	-2.012
ap_rst_n	k_gmem_m_axi_U/bus_read/rreq_burst_conv/beat_len_reg[2]/R	-2.012
ap_rst_n	k_gmem_m_axi_U/bus_read/rreq_burst_conv/beat_len_reg[4]/R	-2.012
ap_rst_n	k_gmem_m_axi_U/bus_read/rreq_burst_conv/beat_len_reg[5]/R	-2.012
ap_rst_n	k_gmem_m_axi_U/bus_read/rreq_burst_conv/beat_len_reg[6]/R	-2.012
ap_rst_n	k_gmem_m_axi_U/bus_read/rreq_burst_conv/beat_len_reg[8]/R	-2.012
ap_rst_n	k_gmem_m_axi_U/bus_read/rreq_burst_conv/end_from_4k_reg[4]/R	-2.012
ap_rst_n	k_gmem_m_axi_U/bus_read/rreq_burst_conv/end_from_4k_reg[5]/R	-2.012
ap_rst_n	k_gmem_m_axi_U/bus_read/rreq_burst_conv/end_from_4k_reg[6]/R	-2.012
ap_rst_n	k_gmem_m_axi_U/bus_read/rreq_burst_conv/end_from_4k_reg[7]/R	-2.012
ap_rst_n	k_gmem_m_axi_U/bus_read/rreq_burst_conv/sect_len_buf_reg[0]/R	-2.012
ap_rst_n	k_gmem_m_axi_U/bus_read/rreq_burst_conv/sect_len_buf_reg[1]/R	-2.012
ap_rst_n	k_gmem_m_axi_U/bus_read/rreq_burst_conv/sect_len_buf_reg[4]/R	-2.012
ap_rst_n	k_gmem_m_axi_U/bus_read/rreq_burst_conv/sect_len_buf_reg[5]/R	-2.012
ap_rst_n	k_gmem_m_axi_U/bus_read/rreq_burst_conv/start_addr_reg[10]/R	-2.012
ap_rst_n	k_gmem_m_axi_U/bus_read/rreq_burst_conv/start_addr_reg[6]/R	-2.012
ap_rst_n	k_gmem_m_axi_U/bus_read/rreq_burst_conv/start_addr_reg[7]/R	-2.012
ap_rst_n	k_gmem_m_axi_U/bus_read/rreq_burst_conv/start_addr_reg[8]/R	-2.012
ap_rst_n	k_gmem_m_axi_U/load_unit_0/fifo_rreq/U_fifo_srl/dout_reg[79]/R	-2.012
ap_rst_n	o_gmem_m_axi_U/store_unit_0/fifo_wreq/full_n_reg/D	-2.012
ap_rst_n	grp_run_fu_161/grp_runController_fu_106/grp_runQueryTile_fu_142/runQueryBlock_0_U0/ap_CS_fsm_reg[1]/R	-2.011
ap_rst_n	k_gmem_m_axi_U/bus_read/rreq_burst_conv/could_multi_bursts.loop_cnt_reg[0]/R	-2.011
ap_rst_n	k_gmem_m_axi_U/bus_read/rreq_burst_conv/could_multi_bursts.loop_cnt_reg[1]/R	-2.011
ap_rst_n	k_gmem_m_axi_U/bus_read/rreq_burst_conv/start_to_4k_reg[2]/R	-2.011
ap_rst_n	k_gmem_m_axi_U/bus_read/rreq_burst_conv/start_to_4k_reg[3]/R	-2.011
ap_rst_n	k_gmem_m_axi_U/load_unit_0/fifo_rreq/U_fifo_srl/dout_reg[5]/R	-2.011
ap_rst_n	k_gmem_m_axi_U/load_unit_0/fifo_rreq/U_fifo_srl/dout_reg[66]/R	-2.011
ap_rst_n	k_gmem_m_axi_U/load_unit_0/fifo_rreq/U_fifo_srl/dout_reg[72]/R	-2.011
ap_rst_n	k_gmem_m_axi_U/load_unit_0/fifo_rreq/U_fifo_srl/dout_reg[73]/R	-2.011
ap_rst_n	k_gmem_m_axi_U/load_unit_0/fifo_rreq/U_fifo_srl/dout_reg[75]/R	-2.011
ap_rst_n	k_gmem_m_axi_U/load_unit_0/fifo_rreq/U_fifo_srl/dout_reg[80]/R	-2.011
ap_rst_n	v_gmem_m_axi_U/load_unit_0/fifo_rreq/U_fifo_srl/dout_reg[3]/R	-2.011
ap_rst_n	q_gmem_m_axi_U/load_unit_0/buff_rdata/waddr_reg[9]/R	-2.011
ap_rst_n	v_gmem_m_axi_U/bus_read/rreq_burst_conv/start_addr_reg[16]/R	-2.010
ap_rst_n	v_gmem_m_axi_U/load_unit_0/tmp_addr_reg[6]/R	-2.010
ap_rst_n	v_gmem_m_axi_U/bus_read/rreq_burst_conv/start_addr_reg[59]/R	-2.009
ap_rst_n	v_gmem_m_axi_U/load_unit_0/fifo_rreq/U_fifo_srl/dout_reg[17]/R	-2.009
ap_rst_n	v_gmem_m_axi_U/load_unit_0/fifo_rreq/U_fifo_srl/dout_reg[23]/R	-2.009
ap_rst_n	v_gmem_m_axi_U/load_unit_0/tmp_addr_reg[41]/R	-2.009
ap_rst_n	q_gmem_m_axi_U/load_unit_0/fifo_rreq/full_n_reg/D	-2.009
ap_rst_n	v_gmem_m_axi_U/bus_read/rreq_burst_conv/first_sect_reg/R	-2.009
ap_rst_n	v_gmem_m_axi_U/load_unit_0/fifo_rreq/U_fifo_srl/dout_reg[10]/R	-2.009
ap_rst_n	v_gmem_m_axi_U/load_unit_0/tmp_addr_reg[12]/R	-2.009
ap_rst_n	v_gmem_m_axi_U/load_unit_0/tmp_addr_reg[27]/R	-2.009
ap_rst_n	v_gmem_m_axi_U/bus_read/rreq_burst_conv/sect_cnt_reg[40]/R	-2.008
ap_rst_n	v_gmem_m_axi_U/bus_read/rreq_burst_conv/sect_cnt_reg[41]/R	-2.008
ap_rst_n	v_gmem_m_axi_U/bus_read/rreq_burst_conv/sect_cnt_reg[46]/R	-2.008
ap_rst_n	v_gmem_m_axi_U/bus_read/rreq_burst_conv/sect_cnt_reg[47]/R	-2.008
ap_rst_n	v_gmem_m_axi_U/bus_read/rreq_burst_conv/sect_cnt_reg[48]/R	-2.008
ap_rst_n	v_gmem_m_axi_U/bus_read/rreq_burst_conv/sect_cnt_reg[49]/R	-2.008
ap_rst_n	v_gmem_m_axi_U/bus_read/rreq_burst_conv/start_addr_reg[17]/R	-2.008
ap_rst_n	v_gmem_m_axi_U/bus_read/rreq_burst_conv/start_addr_reg[18]/R	-2.008
ap_rst_n	v_gmem_m_axi_U/bus_read/rreq_burst_conv/start_addr_reg[19]/R	-2.008
ap_rst_n	v_gmem_m_axi_U/bus_read/rreq_burst_conv/start_addr_reg[24]/R	-2.008
ap_rst_n	v_gmem_m_axi_U/bus_read/rreq_burst_conv/start_addr_reg[25]/R	-2.008
ap_rst_n	v_gmem_m_axi_U/bus_read/rreq_burst_conv/start_addr_reg[28]/R	-2.008
ap_rst_n	v_gmem_m_axi_U/bus_read/rreq_burst_conv/start_addr_reg[29]/R	-2.008
ap_rst_n	v_gmem_m_axi_U/bus_read/rreq_burst_conv/start_addr_reg[30]/R	-2.008
ap_rst_n	v_gmem_m_axi_U/bus_read/rreq_burst_conv/start_addr_reg[31]/R	-2.008
ap_rst_n	v_gmem_m_axi_U/load_unit_0/fifo_rreq/U_fifo_srl/dout_reg[11]/R	-2.008
ap_rst_n	grp_run_fu_161/grp_runController_fu_106/grp_runQueryTile_fu_142/distributeQueryTile_U0/ap_CS_fsm_reg[20]/R	-2.008
ap_rst_n	grp_run_fu_161/grp_runController_fu_106/grp_runQueryTile_fu_142/distributeQueryTile_U0/ap_CS_fsm_reg[21]/R	-2.008
ap_rst_n	grp_run_fu_161/grp_runController_fu_106/grp_runQueryTile_fu_142/distributeQueryTile_U0/ap_CS_fsm_reg[22]/R	-2.008
ap_rst_n	grp_run_fu_161/grp_runController_fu_106/grp_runQueryTile_fu_142/distributeQueryTile_U0/ap_CS_fsm_reg[23]/R	-2.008
ap_rst_n	grp_run_fu_161/grp_runController_fu_106/grp_runQueryTile_fu_142/distributeQueryTile_U0/ap_CS_fsm_reg[24]/R	-2.008
ap_rst_n	grp_run_fu_161/grp_runController_fu_106/grp_runQueryTile_fu_142/distributeQueryTile_U0/ap_CS_fsm_reg[25]/R	-2.008
ap_rst_n	grp_run_fu_161/grp_runController_fu_106/grp_runQueryTile_fu_142/distributeQueryTile_U0/ap_CS_fsm_reg[26]/R	-2.008
ap_rst_n	v_gmem_m_axi_U/bus_read/rreq_burst_conv/sect_addr_buf_reg[12]/R	-2.008
ap_rst_n	v_gmem_m_axi_U/bus_read/rreq_burst_conv/sect_addr_buf_reg[13]/R	-2.008
ap_rst_n	v_gmem_m_axi_U/bus_read/rreq_burst_conv/start_addr_reg[12]/R	-2.008
ap_rst_n	v_gmem_m_axi_U/bus_read/rreq_burst_conv/start_addr_reg[13]/R	-2.008
ap_rst_n	v_gmem_m_axi_U/load_unit_0/tmp_addr_reg[13]/R	-2.008
ap_rst_n	k_gmem_m_axi_U/bus_read/rreq_burst_conv/beat_len_reg[7]/R	-2.007
ap_rst_n	k_gmem_m_axi_U/bus_read/rreq_burst_conv/end_from_4k_reg[0]/R	-2.007
ap_rst_n	k_gmem_m_axi_U/bus_read/rreq_burst_conv/end_from_4k_reg[1]/R	-2.007
ap_rst_n	k_gmem_m_axi_U/bus_read/rreq_burst_conv/end_from_4k_reg[2]/R	-2.007
ap_rst_n	k_gmem_m_axi_U/bus_read/rreq_burst_conv/end_from_4k_reg[3]/R	-2.007
ap_rst_n	k_gmem_m_axi_U/bus_read/rreq_burst_conv/end_from_4k_reg[8]/R	-2.007
ap_rst_n	k_gmem_m_axi_U/bus_read/rreq_burst_conv/rs_req/FSM_sequential_state_reg[0]/R	-2.007
ap_rst_n	k_gmem_m_axi_U/bus_read/rreq_burst_conv/rs_req/FSM_sequential_state_reg[1]/R	-2.007
ap_rst_n	k_gmem_m_axi_U/bus_read/rreq_burst_conv/rs_req/s_ready_t_reg/R	-2.007
ap_rst_n	k_gmem_m_axi_U/bus_read/rreq_burst_conv/start_to_4k_reg[0]/R	-2.007
ap_rst_n	k_gmem_m_axi_U/bus_read/rreq_burst_conv/start_to_4k_reg[1]/R	-2.007
ap_rst_n	k_gmem_m_axi_U/bus_read/rreq_burst_conv/start_to_4k_reg[4]/R	-2.007
ap_rst_n	k_gmem_m_axi_U/load_unit_0/fifo_rreq/U_fifo_srl/dout_reg[67]/R	-2.007
ap_rst_n	k_gmem_m_axi_U/load_unit_0/fifo_rreq/U_fifo_srl/dout_reg[68]/R	-2.007
ap_rst_n	k_gmem_m_axi_U/load_unit_0/fifo_rreq/U_fifo_srl/dout_reg[78]/R	-2.007
ap_rst_n	k_gmem_m_axi_U/load_unit_0/fifo_rreq/U_fifo_srl/dout_reg[83]/R	-2.007
ap_rst_n	v_gmem_m_axi_U/bus_read/rreq_burst_conv/start_addr_reg[46]/R	-2.007
ap_rst_n	v_gmem_m_axi_U/bus_read/rreq_burst_conv/start_addr_reg[48]/R	-2.007
ap_rst_n	v_gmem_m_axi_U/bus_read/rreq_burst_conv/start_addr_reg[50]/R	-2.007
ap_rst_n	v_gmem_m_axi_U/bus_read/rreq_burst_conv/start_addr_reg[51]/R	-2.007
ap_rst_n	v_gmem_m_axi_U/bus_read/rreq_burst_conv/start_addr_reg[54]/R	-2.007
ap_rst_n	v_gmem_m_axi_U/bus_read/rreq_burst_conv/start_addr_reg[55]/R	-2.007
ap_rst_n	v_gmem_m_axi_U/bus_read/rreq_burst_conv/start_addr_reg[56]/R	-2.007
ap_rst_n	v_gmem_m_axi_U/bus_read/rreq_burst_conv/start_addr_reg[57]/R	-2.007
ap_rst_n	v_gmem_m_axi_U/bus_read/rreq_burst_conv/start_addr_reg[63]/R	-2.007
ap_rst_n	v_gmem_m_axi_U/load_unit_0/fifo_rreq/U_fifo_srl/dout_reg[30]/R	-2.007
ap_rst_n	v_gmem_m_axi_U/load_unit_0/fifo_rreq/U_fifo_srl/dout_reg[34]/R	-2.007
s_axi_control_WDATA[31]	control_s_axi_U/int_k_address_reg[31]/D	-2.007
s_axi_control_WDATA[31]	control_s_axi_U/int_q_address_reg[31]/D	-2.007
ap_rst_n	v_gmem_m_axi_U/bus_read/rreq_burst_conv/sect_addr_buf_reg[28]/R	-2.007
ap_rst_n	v_gmem_m_axi_U/bus_read/rreq_burst_conv/sect_addr_buf_reg[29]/R	-2.007
ap_rst_n	v_gmem_m_axi_U/bus_read/rreq_burst_conv/sect_addr_buf_reg[30]/R	-2.007
ap_rst_n	v_gmem_m_axi_U/bus_read/rreq_burst_conv/sect_addr_buf_reg[31]/R	-2.007
ap_rst_n	v_gmem_m_axi_U/bus_read/rreq_burst_conv/sect_cnt_reg[12]/R	-2.007
ap_rst_n	v_gmem_m_axi_U/bus_read/rreq_burst_conv/sect_cnt_reg[13]/R	-2.007
ap_rst_n	v_gmem_m_axi_U/bus_read/rreq_burst_conv/start_addr_reg[40]/R	-2.007
ap_rst_n	v_gmem_m_axi_U/bus_read/rreq_burst_conv/start_addr_reg[41]/R	-2.007
ap_rst_n	v_gmem_m_axi_U/bus_read/rreq_burst_conv/start_addr_reg[47]/R	-2.007
ap_rst_n	v_gmem_m_axi_U/bus_read/rreq_burst_conv/start_addr_reg[49]/R	-2.007
ap_rst_n	v_gmem_m_axi_U/load_unit_0/fifo_rreq/U_fifo_srl/dout_reg[20]/R	-2.007
s_axi_control_AWADDR[6]	control_s_axi_U/waddr_reg[6]/D	-2.006
ap_rst_n	k_gmem_m_axi_U/load_unit_0/fifo_rreq/U_fifo_srl/dout_reg[69]/R	-2.006
ap_rst_n	k_gmem_m_axi_U/load_unit_0/fifo_rreq/U_fifo_srl/dout_reg[71]/R	-2.006
ap_rst_n	k_gmem_m_axi_U/load_unit_0/fifo_rreq/U_fifo_srl/dout_reg[74]/R	-2.006
ap_rst_n	q_gmem_m_axi_U/load_unit_0/buff_rdata/waddr_reg[0]/R	-2.006
ap_rst_n	q_gmem_m_axi_U/load_unit_0/buff_rdata/waddr_reg[6]/R	-2.006
ap_rst_n	q_gmem_m_axi_U/load_unit_0/buff_rdata/waddr_reg[7]/R	-2.006
ap_rst_n	q_gmem_m_axi_U/load_unit_0/buff_rdata/waddr_reg[8]/R	-2.006
ap_rst_n	v_gmem_m_axi_U/bus_read/rreq_burst_conv/sect_addr_buf_reg[46]/R	-2.006
ap_rst_n	v_gmem_m_axi_U/bus_read/rreq_burst_conv/sect_addr_buf_reg[47]/R	-2.006
ap_rst_n	v_gmem_m_axi_U/bus_read/rreq_burst_conv/sect_addr_buf_reg[48]/R	-2.006
ap_rst_n	v_gmem_m_axi_U/bus_read/rreq_burst_conv/sect_addr_buf_reg[49]/R	-2.006
ap_rst_n	v_gmem_m_axi_U/bus_read/rreq_burst_conv/sect_addr_buf_reg[54]/R	-2.006
ap_rst_n	v_gmem_m_axi_U/bus_read/rreq_burst_conv/sect_addr_buf_reg[55]/R	-2.006
ap_rst_n	v_gmem_m_axi_U/bus_read/rreq_burst_conv/sect_addr_buf_reg[56]/R	-2.006
ap_rst_n	v_gmem_m_axi_U/bus_read/rreq_burst_conv/sect_addr_buf_reg[57]/R	-2.006
ap_rst_n	v_gmem_m_axi_U/bus_read/rreq_burst_conv/start_addr_reg[60]/R	-2.006
ap_rst_n	v_gmem_m_axi_U/bus_read/rreq_burst_conv/start_addr_reg[61]/R	-2.006
ap_rst_n	v_gmem_m_axi_U/bus_read/rreq_burst_conv/start_addr_reg[62]/R	-2.006
ap_rst_n	v_gmem_m_axi_U/load_unit_0/fifo_rreq/U_fifo_srl/dout_reg[42]/R	-2.006
ap_rst_n	v_gmem_m_axi_U/load_unit_0/tmp_addr_reg[33]/R	-2.006
ap_rst_n	v_gmem_m_axi_U/load_unit_0/tmp_addr_reg[44]/R	-2.006
ap_rst_n	v_gmem_m_axi_U/bus_read/rreq_burst_conv/sect_addr_buf_reg[36]/R	-2.006
ap_rst_n	v_gmem_m_axi_U/bus_read/rreq_burst_conv/sect_addr_buf_reg[37]/R	-2.006
ap_rst_n	v_gmem_m_axi_U/bus_read/rreq_burst_conv/sect_addr_buf_reg[40]/R	-2.006
ap_rst_n	v_gmem_m_axi_U/bus_read/rreq_burst_conv/sect_addr_buf_reg[41]/R	-2.006
ap_rst_n	v_gmem_m_axi_U/bus_read/rreq_burst_conv/sect_addr_buf_reg[42]/R	-2.006
ap_rst_n	v_gmem_m_axi_U/bus_read/rreq_burst_conv/sect_addr_buf_reg[43]/R	-2.006
ap_rst_n	v_gmem_m_axi_U/bus_read/rreq_burst_conv/start_addr_reg[36]/R	-2.006
ap_rst_n	v_gmem_m_axi_U/bus_read/rreq_burst_conv/start_addr_reg[37]/R	-2.006
ap_rst_n	v_gmem_m_axi_U/bus_read/rreq_burst_conv/start_addr_reg[42]/R	-2.006
ap_rst_n	v_gmem_m_axi_U/bus_read/rreq_burst_conv/start_addr_reg[43]/R	-2.006
s_axi_control_WSTRB[3]	control_s_axi_U/int_sequence_length_reg[30]/D	-2.005
s_axi_control_AWADDR[3]	control_s_axi_U/waddr_reg[3]/D	-2.005
s_axi_control_AWADDR[4]	control_s_axi_U/waddr_reg[4]/D	-2.005
s_axi_control_AWADDR[5]	control_s_axi_U/waddr_reg[5]/D	-2.005
ap_rst_n	k_gmem_m_axi_U/load_unit_0/buff_rdata/full_n_reg/D	-2.005
ap_rst_n	k_gmem_m_axi_U/load_unit_0/fifo_rreq/U_fifo_srl/dout_reg[10]/R	-2.005
ap_rst_n	k_gmem_m_axi_U/load_unit_0/fifo_rreq/U_fifo_srl/dout_reg[1]/R	-2.005
ap_rst_n	k_gmem_m_axi_U/load_unit_0/fifo_rreq/U_fifo_srl/dout_reg[77]/R	-2.005
ap_rst_n	k_gmem_m_axi_U/load_unit_0/tmp_addr_reg[3]/R	-2.005
ap_rst_n	k_gmem_m_axi_U/load_unit_0/tmp_addr_reg[4]/R	-2.005
ap_rst_n	v_gmem_m_axi_U/bus_read/rreq_burst_conv/sect_addr_buf_reg[50]/R	-2.005
ap_rst_n	v_gmem_m_axi_U/bus_read/rreq_burst_conv/sect_addr_buf_reg[51]/R	-2.005
ap_rst_n	v_gmem_m_axi_U/bus_read/rreq_burst_conv/sect_addr_buf_reg[60]/R	-2.005
ap_rst_n	v_gmem_m_axi_U/bus_read/rreq_burst_conv/sect_addr_buf_reg[61]/R	-2.005
ap_rst_n	v_gmem_m_axi_U/bus_read/rreq_burst_conv/sect_addr_buf_reg[62]/R	-2.005
ap_rst_n	v_gmem_m_axi_U/bus_read/rreq_burst_conv/sect_addr_buf_reg[63]/R	-2.005
s_axi_control_WDATA[23]	control_s_axi_U/int_q_address_reg[23]/D	-2.004
s_axi_control_AWADDR[2]	control_s_axi_U/waddr_reg[2]/D	-2.004
ap_rst_n	v_gmem_m_axi_U/load_unit_0/fifo_rreq/U_fifo_srl/dout_reg[58]/R	-2.004
s_axi_control_WDATA[13]	control_s_axi_U/int_k_address_reg[13]/D	-2.004
s_axi_control_WDATA[19]	control_s_axi_U/int_k_address_reg[19]/D	-2.004
s_axi_control_WSTRB[2]	control_s_axi_U/int_sequence_length_reg[22]/D	-2.004
ap_rst_n	grp_run_fu_161/grp_runController_fu_106/grp_runQueryTile_fu_142/gatherQueryTile_U0/ap_CS_fsm_reg[5]/R	-2.004
ap_rst_n	grp_run_fu_161/grp_runController_fu_106/grp_runQueryTile_fu_142/gatherQueryTile_U0/grp_storeOutputTile_fu_118/ap_CS_fsm_reg[71]/R	-2.004
ap_rst_n	grp_run_fu_161/grp_runController_fu_106/grp_runQueryTile_fu_142/gatherQueryTile_U0/grp_storeOutputTile_fu_118_ap_start_reg_reg/R	-2.004
ap_rst_n	k_gmem_m_axi_U/load_unit_0/fifo_rreq/U_fifo_srl/dout_reg[13]/R	-2.004
ap_rst_n	k_gmem_m_axi_U/load_unit_0/fifo_rreq/U_fifo_srl/dout_reg[14]/R	-2.004
ap_rst_n	k_gmem_m_axi_U/load_unit_0/tmp_addr_reg[12]/R	-2.004
ap_rst_n	k_gmem_m_axi_U/load_unit_0/tmp_addr_reg[13]/R	-2.004
ap_rst_n	k_gmem_m_axi_U/load_unit_0/tmp_addr_reg[16]/R	-2.004
ap_rst_n	k_gmem_m_axi_U/load_unit_0/tmp_addr_reg[17]/R	-2.004
ap_rst_n	k_gmem_m_axi_U/load_unit_0/tmp_addr_reg[24]/R	-2.004
ap_rst_n	k_gmem_m_axi_U/load_unit_0/tmp_addr_reg[25]/R	-2.004
s_axi_control_WDATA[8]	control_s_axi_U/int_k_address_reg[8]/D	-2.004
s_axi_control_WDATA[21]	control_s_axi_U/int_k_address_reg[21]/D	-2.003
ap_rst_n	grp_run_fu_161/grp_runController_fu_106/grp_runQueryTile_fu_142/distributeQueryTile_U0/ap_CS_fsm_reg[49]/R	-2.003
ap_rst_n	grp_run_fu_161/grp_runController_fu_106/grp_runQueryTile_fu_142/distributeQueryTile_U0/ap_CS_fsm_reg[50]/R	-2.003
ap_rst_n	grp_run_fu_161/grp_runController_fu_106/grp_runQueryTile_fu_142/distributeQueryTile_U0/ap_CS_fsm_reg[51]/R	-2.003
ap_rst_n	grp_run_fu_161/grp_runController_fu_106/grp_runQueryTile_fu_142/distributeQueryTile_U0/ap_CS_fsm_reg[52]/R	-2.003
ap_rst_n	grp_run_fu_161/grp_runController_fu_106/grp_runQueryTile_fu_142/distributeQueryTile_U0/ap_CS_fsm_reg[53]/R	-2.003
ap_rst_n	grp_run_fu_161/grp_runController_fu_106/grp_runQueryTile_fu_142/distributeQueryTile_U0/ap_CS_fsm_reg[54]/R	-2.003
ap_rst_n	grp_run_fu_161/grp_runController_fu_106/grp_runQueryTile_fu_142/distributeQueryTile_U0/ap_CS_fsm_reg[55]/R	-2.003
ap_rst_n	grp_run_fu_161/grp_runController_fu_106/grp_runQueryTile_fu_142/distributeQueryTile_U0/ap_CS_fsm_reg[56]/R	-2.003
ap_rst_n	k_gmem_m_axi_U/load_unit_0/fifo_rreq/U_fifo_srl/dout_reg[12]/R	-2.003
ap_rst_n	k_gmem_m_axi_U/load_unit_0/fifo_rreq/U_fifo_srl/dout_reg[29]/R	-2.003
ap_rst_n	k_gmem_m_axi_U/load_unit_0/fifo_rreq/U_fifo_srl/dout_reg[9]/R	-2.003
ap_rst_n	k_gmem_m_axi_U/load_unit_0/tmp_addr_reg[30]/R	-2.003
ap_rst_n	k_gmem_m_axi_U/load_unit_0/tmp_addr_reg[32]/R	-2.003
ap_rst_n	k_gmem_m_axi_U/load_unit_0/tmp_addr_reg[43]/R	-2.003
ap_rst_n	k_gmem_m_axi_U/load_unit_0/tmp_len_reg[14]/R	-2.003
ap_rst_n	k_gmem_m_axi_U/load_unit_0/tmp_len_reg[15]/R	-2.003
ap_rst_n	k_gmem_m_axi_U/load_unit_0/tmp_len_reg[16]/R	-2.003
ap_rst_n	k_gmem_m_axi_U/load_unit_0/tmp_len_reg[17]/R	-2.003
ap_rst_n	k_gmem_m_axi_U/load_unit_0/tmp_len_reg[22]/R	-2.003
ap_rst_n	k_gmem_m_axi_U/load_unit_0/tmp_len_reg[23]/R	-2.003
ap_rst_n	k_gmem_m_axi_U/load_unit_0/tmp_len_reg[24]/R	-2.003
ap_rst_n	k_gmem_m_axi_U/load_unit_0/tmp_len_reg[25]/R	-2.003
ap_rst_n	k_gmem_m_axi_U/load_unit_0/tmp_len_reg[6]/R	-2.003
ap_rst_n	k_gmem_m_axi_U/load_unit_0/tmp_len_reg[7]/R	-2.003
ap_rst_n	k_gmem_m_axi_U/load_unit_0/tmp_len_reg[8]/R	-2.003
ap_rst_n	k_gmem_m_axi_U/load_unit_0/tmp_len_reg[9]/R	-2.003
ap_rst_n	v_gmem_m_axi_U/bus_read/rreq_burst_conv/sect_cnt_reg[0]/R	-2.003
ap_rst_n	v_gmem_m_axi_U/bus_read/rreq_burst_conv/sect_cnt_reg[1]/R	-2.003
ap_rst_n	v_gmem_m_axi_U/bus_read/rreq_burst_conv/sect_cnt_reg[4]/R	-2.003
ap_rst_n	v_gmem_m_axi_U/bus_read/rreq_burst_conv/sect_cnt_reg[5]/R	-2.003
ap_rst_n	v_gmem_m_axi_U/bus_read/rreq_burst_conv/sect_cnt_reg[6]/R	-2.003
ap_rst_n	v_gmem_m_axi_U/bus_read/rreq_burst_conv/sect_cnt_reg[7]/R	-2.003
ap_rst_n	v_gmem_m_axi_U/load_unit_0/buff_rdata/mOutPtr_reg[10]/R	-2.003
ap_rst_n	v_gmem_m_axi_U/load_unit_0/buff_rdata/mOutPtr_reg[9]/R	-2.003
ap_rst_n	v_gmem_m_axi_U/load_unit_0/tmp_addr_reg[53]/R	-2.003
ap_rst_n	v_gmem_m_axi_U/load_unit_0/tmp_addr_reg[60]/R	-2.003
ap_rst_n	v_gmem_m_axi_U/load_unit_0/tmp_addr_reg[62]/R	-2.003
s_axi_control_WDATA[4]	control_s_axi_U/int_k_address_reg[4]/D	-2.003
ap_rst_n	grp_run_fu_161/grp_runController_fu_106/grp_runQueryTile_fu_142/gatherQueryTile_U0/grp_storeOutputTile_fu_118/ap_CS_fsm_reg[66]/R	-2.003
ap_rst_n	grp_run_fu_161/grp_runController_fu_106/grp_runQueryTile_fu_142/gatherQueryTile_U0/grp_storeOutputTile_fu_118/ap_CS_fsm_reg[67]/R	-2.003
ap_rst_n	grp_run_fu_161/grp_runController_fu_106/grp_runQueryTile_fu_142/gatherQueryTile_U0/grp_storeOutputTile_fu_118/ap_CS_fsm_reg[68]/R	-2.003
ap_rst_n	grp_run_fu_161/grp_runController_fu_106/grp_runQueryTile_fu_142/gatherQueryTile_U0/grp_storeOutputTile_fu_118/ap_CS_fsm_reg[69]/R	-2.003
ap_rst_n	grp_run_fu_161/grp_runController_fu_106/grp_runQueryTile_fu_142/gatherQueryTile_U0/grp_storeOutputTile_fu_118/ap_CS_fsm_reg[70]/R	-2.003
ap_rst_n	v_gmem_m_axi_U/load_unit_0/fifo_rreq/U_fifo_srl/dout_reg[49]/R	-2.003
ap_rst_n	v_gmem_m_axi_U/load_unit_0/tmp_addr_reg[35]/R	-2.003
ap_rst_n	v_gmem_m_axi_U/load_unit_0/tmp_addr_reg[39]/R	-2.003
ap_rst_n	v_gmem_m_axi_U/load_unit_0/tmp_addr_reg[45]/R	-2.003
ap_rst_n	v_gmem_m_axi_U/load_unit_0/tmp_addr_reg[46]/R	-2.003
s_axi_control_WDATA[4]	control_s_axi_U/int_q_address_reg[36]/D	-2.002
ap_rst_n	v_gmem_m_axi_U/bus_read/rreq_burst_conv/sect_addr_buf_reg[16]/R	-2.002
ap_rst_n	v_gmem_m_axi_U/bus_read/rreq_burst_conv/sect_addr_buf_reg[17]/R	-2.002
ap_rst_n	v_gmem_m_axi_U/bus_read/rreq_burst_conv/sect_addr_buf_reg[18]/R	-2.002
ap_rst_n	v_gmem_m_axi_U/bus_read/rreq_burst_conv/sect_addr_buf_reg[19]/R	-2.002
ap_rst_n	v_gmem_m_axi_U/bus_read/rreq_burst_conv/sect_addr_buf_reg[24]/R	-2.002
ap_rst_n	v_gmem_m_axi_U/bus_read/rreq_burst_conv/sect_addr_buf_reg[25]/R	-2.002
ap_rst_n	v_gmem_m_axi_U/bus_read/rreq_burst_conv/sect_cnt_reg[16]/R	-2.002
ap_rst_n	v_gmem_m_axi_U/bus_read/rreq_burst_conv/sect_cnt_reg[17]/R	-2.002
ap_rst_n	v_gmem_m_axi_U/bus_read/rreq_burst_conv/sect_cnt_reg[18]/R	-2.002
ap_rst_n	v_gmem_m_axi_U/bus_read/rreq_burst_conv/sect_cnt_reg[19]/R	-2.002
ap_rst_n	grp_run_fu_161/grp_runController_fu_106/grp_runQueryTile_fu_142/distributeQueryTile_U0/ap_CS_fsm_reg[27]/R	-2.002
ap_rst_n	grp_run_fu_161/grp_runController_fu_106/grp_runQueryTile_fu_142/distributeQueryTile_U0/ap_CS_fsm_reg[28]/R	-2.002
ap_rst_n	grp_run_fu_161/grp_runController_fu_106/grp_runQueryTile_fu_142/distributeQueryTile_U0/ap_CS_fsm_reg[29]/R	-2.002
ap_rst_n	grp_run_fu_161/grp_runController_fu_106/grp_runQueryTile_fu_142/distributeQueryTile_U0/ap_CS_fsm_reg[30]/R	-2.002
ap_rst_n	grp_run_fu_161/grp_runController_fu_106/grp_runQueryTile_fu_142/distributeQueryTile_U0/ap_CS_fsm_reg[31]/R	-2.002
ap_rst_n	grp_run_fu_161/grp_runController_fu_106/grp_runQueryTile_fu_142/distributeQueryTile_U0/ap_CS_fsm_reg[36]/R	-2.002
ap_rst_n	grp_run_fu_161/grp_runController_fu_106/grp_runQueryTile_fu_142/distributeQueryTile_U0/ap_CS_fsm_reg[38]/R	-2.002
ap_rst_n	grp_run_fu_161/grp_runController_fu_106/grp_runQueryTile_fu_142/distributeQueryTile_U0/ap_CS_fsm_reg[43]/R	-2.002
ap_rst_n	k_gmem_m_axi_U/bus_read/rreq_burst_conv/rs_req/state_reg[0]/R	-2.002
ap_rst_n	k_gmem_m_axi_U/bus_read/rreq_burst_conv/start_addr_reg[11]/R	-2.002
ap_rst_n	k_gmem_m_axi_U/bus_read/rreq_burst_conv/start_addr_reg[4]/R	-2.002
ap_rst_n	k_gmem_m_axi_U/load_unit_0/fifo_rreq/U_fifo_srl/dout_reg[15]/R	-2.002
ap_rst_n	k_gmem_m_axi_U/load_unit_0/fifo_rreq/U_fifo_srl/dout_reg[22]/R	-2.002
ap_rst_n	k_gmem_m_axi_U/load_unit_0/fifo_rreq/U_fifo_srl/dout_reg[40]/R	-2.002
ap_rst_n	k_gmem_m_axi_U/load_unit_0/fifo_rreq/U_fifo_srl/dout_reg[44]/R	-2.002
ap_rst_n	k_gmem_m_axi_U/load_unit_0/fifo_rreq/U_fifo_srl/dout_reg[8]/R	-2.002
ap_rst_n	k_gmem_m_axi_U/load_unit_0/tmp_addr_reg[15]/R	-2.002
ap_rst_n	k_gmem_m_axi_U/load_unit_0/tmp_addr_reg[23]/R	-2.002
ap_rst_n	k_gmem_m_axi_U/load_unit_0/tmp_addr_reg[31]/R	-2.002
ap_rst_n	k_gmem_m_axi_U/load_unit_0/tmp_addr_reg[42]/R	-2.002
ap_rst_n	k_gmem_m_axi_U/load_unit_0/tmp_addr_reg[47]/R	-2.002
s_axi_control_WDATA[16]	control_s_axi_U/int_k_address_reg[48]/D	-2.002
s_axi_control_WDATA[15]	control_s_axi_U/int_q_address_reg[15]/D	-2.001
s_axi_control_WDATA[15]	control_s_axi_U/int_k_address_reg[15]/D	-2.001
s_axi_control_WDATA[17]	control_s_axi_U/int_k_address_reg[17]/D	-2.001
s_axi_control_WDATA[27]	control_s_axi_U/int_k_address_reg[27]/D	-2.001
ap_rst_n	control_s_axi_U/int_v_address_reg[22]/R	-2.001
ap_rst_n	control_s_axi_U/int_v_address_reg[54]/R	-2.001
ap_rst_n	k_gmem_m_axi_U/load_unit_0/fifo_rreq/U_fifo_srl/dout_reg[39]/R	-2.001
ap_rst_n	k_gmem_m_axi_U/load_unit_0/fifo_rreq/U_fifo_srl/dout_reg[48]/R	-2.001
ap_rst_n	k_gmem_m_axi_U/load_unit_0/tmp_addr_reg[50]/R	-2.001
ap_rst_n	k_gmem_m_axi_U/load_unit_0/tmp_addr_reg[57]/R	-2.001
ap_rst_n	v_gmem_m_axi_U/bus_read/rreq_burst_conv/sect_cnt_reg[24]/R	-2.001
ap_rst_n	v_gmem_m_axi_U/bus_read/rreq_burst_conv/sect_cnt_reg[25]/R	-2.001
ap_rst_n	v_gmem_m_axi_U/bus_read/rreq_burst_conv/sect_cnt_reg[28]/R	-2.001
ap_rst_n	v_gmem_m_axi_U/bus_read/rreq_burst_conv/sect_cnt_reg[29]/R	-2.001
ap_rst_n	v_gmem_m_axi_U/bus_read/rreq_burst_conv/sect_cnt_reg[30]/R	-2.001
ap_rst_n	v_gmem_m_axi_U/bus_read/rreq_burst_conv/sect_cnt_reg[31]/R	-2.001
ap_rst_n	v_gmem_m_axi_U/bus_read/rreq_burst_conv/sect_cnt_reg[34]/R	-2.001
ap_rst_n	v_gmem_m_axi_U/bus_read/rreq_burst_conv/sect_cnt_reg[35]/R	-2.001
ap_rst_n	v_gmem_m_axi_U/bus_read/rreq_burst_conv/sect_cnt_reg[36]/R	-2.001
ap_rst_n	v_gmem_m_axi_U/bus_read/rreq_burst_conv/sect_cnt_reg[37]/R	-2.001
ap_rst_n	grp_run_fu_161/grp_runController_fu_106/grp_runQueryTile_fu_142/distributeQueryTile_U0/grp_distributeQueryTile_Pipeline_VITIS_LOOP_498_3_VITIS_LOOP_503_4_VITIS_LOOP_504_5_fu_220/ap_enable_reg_pp0_iter8_reg/R	-2.001
ap_rst_n	k_gmem_m_axi_U/bus_read/rreq_burst_conv/could_multi_bursts.burst_valid_reg/R	-2.001
ap_rst_n	k_gmem_m_axi_U/bus_read/rreq_burst_conv/could_multi_bursts.first_loop_reg/R	-2.001
ap_rst_n	k_gmem_m_axi_U/bus_read/rreq_burst_conv/rs_req/state_reg[1]/S	-2.001
ap_rst_n	k_gmem_m_axi_U/bus_read/rreq_burst_conv/start_addr_reg[16]/R	-2.001
ap_rst_n	k_gmem_m_axi_U/bus_read/rreq_burst_conv/start_addr_reg[17]/R	-2.001
ap_rst_n	k_gmem_m_axi_U/bus_read/rreq_burst_conv/start_addr_reg[22]/R	-2.001
ap_rst_n	k_gmem_m_axi_U/bus_read/rreq_burst_conv/start_addr_reg[23]/R	-2.001
ap_rst_n	k_gmem_m_axi_U/bus_read/rreq_burst_conv/start_addr_reg[3]/R	-2.001
ap_rst_n	k_gmem_m_axi_U/bus_read/rreq_burst_conv/start_addr_reg[58]/R	-2.001
ap_rst_n	k_gmem_m_axi_U/bus_read/rreq_burst_conv/start_addr_reg[59]/R	-2.001
ap_rst_n	k_gmem_m_axi_U/bus_read/rreq_burst_conv/start_addr_reg[5]/R	-2.001
ap_rst_n	k_gmem_m_axi_U/bus_read/rreq_burst_conv/start_addr_reg[9]/R	-2.001
ap_rst_n	k_gmem_m_axi_U/load_unit_0/tmp_addr_reg[11]/R	-2.001
ap_rst_n	k_gmem_m_axi_U/load_unit_0/tmp_addr_reg[14]/R	-2.001
ap_rst_n	k_gmem_m_axi_U/load_unit_0/tmp_addr_reg[18]/R	-2.001
ap_rst_n	k_gmem_m_axi_U/load_unit_0/tmp_addr_reg[6]/R	-2.001
s_axi_control_WDATA[2]	control_s_axi_U/int_q_address_reg[34]/D	-2.001
s_axi_control_WDATA[21]	control_s_axi_U/int_q_address_reg[21]/D	-2.000
ap_rst_n	v_gmem_m_axi_U/bus_read/rreq_burst_conv/sect_cnt_reg[38]/R	-2.000
ap_rst_n	v_gmem_m_axi_U/bus_read/rreq_burst_conv/sect_cnt_reg[39]/R	-2.000
ap_rst_n	v_gmem_m_axi_U/bus_read/rreq_burst_conv/sect_cnt_reg[44]/R	-2.000
ap_rst_n	v_gmem_m_axi_U/bus_read/rreq_burst_conv/sect_cnt_reg[45]/R	-2.000
ap_rst_n	v_gmem_m_axi_U/bus_read/rreq_burst_conv/sect_cnt_reg[50]/R	-2.000
ap_rst_n	v_gmem_m_axi_U/bus_read/rreq_burst_conv/sect_cnt_reg[51]/R	-2.000
s_axi_control_WDATA[29]	control_s_axi_U/int_k_address_reg[29]/D	-2.000
ap_rst_n	control_s_axi_U/int_k_address_reg[55]/R	-2.000
ap_rst_n	control_s_axi_U/int_k_address_reg[63]/R	-2.000
s_axi_control_WSTRB[2]	control_s_axi_U/int_sequence_length_reg[16]/D	-2.000
ap_rst_n	control_s_axi_U/int_v_address_reg[23]/R	-2.000
ap_rst_n	control_s_axi_U/int_v_address_reg[31]/R	-2.000
ap_rst_n	grp_run_fu_161/grp_runController_fu_106/grp_runQueryTile_fu_142/distributeQueryTile_U0/grp_distributeQueryTile_Pipeline_VITIS_LOOP_498_3_VITIS_LOOP_503_4_VITIS_LOOP_504_5_fu_220/ap_enable_reg_pp0_iter6_reg/R	-2.000
ap_rst_n	grp_run_fu_161/grp_runController_fu_106/grp_runQueryTile_fu_142/distributeQueryTile_U0/grp_distributeQueryTile_Pipeline_VITIS_LOOP_498_3_VITIS_LOOP_503_4_VITIS_LOOP_504_5_fu_220/ap_enable_reg_pp0_iter7_reg/R	-2.000
ap_rst_n	k_gmem_m_axi_U/bus_read/rreq_burst_conv/start_addr_reg[45]/R	-2.000
ap_rst_n	k_gmem_m_axi_U/load_unit_0/tmp_addr_reg[46]/R	-2.000
ap_rst_n	k_gmem_m_axi_U/load_unit_0/tmp_addr_reg[51]/R	-2.000
ap_rst_n	k_gmem_m_axi_U/load_unit_0/tmp_addr_reg[52]/R	-2.000
ap_rst_n	k_gmem_m_axi_U/load_unit_0/tmp_addr_reg[56]/R	-2.000
ap_rst_n	q_gmem_m_axi_U/load_unit_0/fifo_rreq/U_fifo_srl/dout_reg[3]/R	-2.000
s_axi_control_WDATA[6]	control_s_axi_U/int_k_address_reg[6]/D	-2.000
s_axi_control_WDATA[5]	control_s_axi_U/int_v_address_reg[5]/D	-2.000
ap_rst_n	k_gmem_m_axi_U/bus_read/rreq_burst_conv/start_addr_reg[24]/R	-2.000
ap_rst_n	k_gmem_m_axi_U/bus_read/rreq_burst_conv/start_addr_reg[25]/R	-2.000
ap_rst_n	k_gmem_m_axi_U/bus_read/rreq_burst_conv/start_addr_reg[30]/R	-2.000
ap_rst_n	k_gmem_m_axi_U/bus_read/rreq_burst_conv/start_addr_reg[31]/R	-2.000
s_axi_control_WDATA[19]	control_s_axi_U/int_q_address_reg[19]/D	-1.999
s_axi_control_WDATA[23]	control_s_axi_U/int_k_address_reg[23]/D	-1.999
ap_rst_n	control_s_axi_U/int_o_address_reg[23]/R	-1.999
ap_rst_n	control_s_axi_U/int_o_address_reg[27]/R	-1.999
s_axi_control_WDATA[22]	control_s_axi_U/int_q_address_reg[22]/D	-1.999
ap_rst_n	control_s_axi_U/int_v_address_reg[55]/R	-1.999
ap_rst_n	control_s_axi_U/int_v_address_reg[59]/R	-1.999
s_axi_control_WDATA[14]	control_s_axi_U/int_k_address_reg[46]/D	-1.999
ap_rst_n	k_gmem_m_axi_U/bus_read/rreq_burst_conv/sect_addr_buf_reg[42]/R	-1.999
ap_rst_n	k_gmem_m_axi_U/bus_read/rreq_burst_conv/sect_addr_buf_reg[43]/R	-1.999
ap_rst_n	k_gmem_m_axi_U/bus_read/rreq_burst_conv/start_addr_reg[39]/R	-1.999
ap_rst_n	k_gmem_m_axi_U/bus_read/rreq_burst_conv/start_addr_reg[40]/R	-1.999
ap_rst_n	k_gmem_m_axi_U/bus_read/rreq_burst_conv/start_addr_reg[44]/R	-1.999
ap_rst_n	k_gmem_m_axi_U/load_unit_0/fifo_rreq/U_fifo_srl/dout_reg[53]/R	-1.999
ap_rst_n	k_gmem_m_axi_U/load_unit_0/fifo_rreq/U_fifo_srl/dout_reg[59]/R	-1.999
ap_rst_n	k_gmem_m_axi_U/load_unit_0/tmp_addr_reg[62]/R	-1.999
ap_rst_n	o_gmem_m_axi_U/store_unit_0/user_resp/mOutPtr_reg[0]/R	-1.999
ap_rst_n	o_gmem_m_axi_U/store_unit_0/user_resp/mOutPtr_reg[5]/R	-1.999
ap_rst_n	o_gmem_m_axi_U/store_unit_0/user_resp/mOutPtr_reg[6]/R	-1.999
ap_rst_n	o_gmem_m_axi_U/store_unit_0/user_resp/mOutPtr_reg[7]/R	-1.999
ap_rst_n	v_gmem_m_axi_U/load_unit_0/buff_rdata/mOutPtr_reg[0]/R	-1.999
ap_rst_n	v_gmem_m_axi_U/load_unit_0/buff_rdata/mOutPtr_reg[1]/R	-1.999
ap_rst_n	v_gmem_m_axi_U/load_unit_0/buff_rdata/mOutPtr_reg[8]/R	-1.999
s_axi_control_WDATA[12]	control_s_axi_U/int_k_address_reg[44]/D	-1.999
s_axi_control_WDATA[6]	control_s_axi_U/int_q_address_reg[6]/D	-1.999
s_axi_control_WSTRB[1]	control_s_axi_U/int_sequence_length_reg[14]/D	-1.998
s_axi_control_WSTRB[2]	control_s_axi_U/int_sequence_length_reg[18]/D	-1.998
ap_rst_n	grp_run_fu_161/grp_runController_fu_106/grp_runQueryTile_fu_142/distributeQueryTile_U0/ap_CS_fsm_reg[34]/R	-1.998
ap_rst_n	grp_run_fu_161/grp_runController_fu_106/grp_runQueryTile_fu_142/distributeQueryTile_U0/ap_CS_fsm_reg[44]/R	-1.998
ap_rst_n	grp_run_fu_161/grp_runController_fu_106/grp_runQueryTile_fu_142/distributeQueryTile_U0/ap_CS_fsm_reg[45]/R	-1.998
ap_rst_n	grp_run_fu_161/grp_runController_fu_106/grp_runQueryTile_fu_142/distributeQueryTile_U0/ap_CS_fsm_reg[46]/R	-1.998
ap_rst_n	grp_run_fu_161/grp_runController_fu_106/grp_runQueryTile_fu_142/distributeQueryTile_U0/ap_CS_fsm_reg[47]/R	-1.998
ap_rst_n	grp_run_fu_161/grp_runController_fu_106/grp_runQueryTile_fu_142/distributeQueryTile_U0/ap_CS_fsm_reg[48]/R	-1.998
ap_rst_n	k_gmem_m_axi_U/load_unit_0/tmp_len_reg[10]/R	-1.998
ap_rst_n	k_gmem_m_axi_U/load_unit_0/tmp_len_reg[11]/R	-1.998
ap_rst_n	k_gmem_m_axi_U/load_unit_0/tmp_len_reg[12]/R	-1.998
ap_rst_n	k_gmem_m_axi_U/load_unit_0/tmp_len_reg[13]/R	-1.998
ap_rst_n	k_gmem_m_axi_U/load_unit_0/tmp_len_reg[18]/R	-1.998
ap_rst_n	k_gmem_m_axi_U/load_unit_0/tmp_len_reg[19]/R	-1.998
ap_rst_n	k_gmem_m_axi_U/load_unit_0/tmp_len_reg[20]/R	-1.998
ap_rst_n	k_gmem_m_axi_U/load_unit_0/tmp_len_reg[21]/R	-1.998
ap_rst_n	k_gmem_m_axi_U/load_unit_0/tmp_len_reg[3]/R	-1.998
ap_rst_n	k_gmem_m_axi_U/load_unit_0/tmp_len_reg[4]/R	-1.998
ap_rst_n	k_gmem_m_axi_U/load_unit_0/tmp_len_reg[5]/R	-1.998
s_axi_control_WDATA[11]	control_s_axi_U/int_k_address_reg[11]/D	-1.998
ap_rst_n	control_s_axi_U/int_k_address_reg[59]/R	-1.998
ap_rst_n	control_s_axi_U/int_o_address_reg[25]/R	-1.998
s_axi_control_WDATA[17]	control_s_axi_U/int_q_address_reg[17]/D	-1.998
ap_rst_n	control_s_axi_U/int_v_address_reg[27]/R	-1.998
ap_rst_n	control_s_axi_U/int_v_address_reg[57]/R	-1.998
ap_rst_n	k_gmem_m_axi_U/bus_read/rreq_burst_conv/sect_total_reg[0]/R	-1.998
ap_rst_n	k_gmem_m_axi_U/bus_read/rreq_burst_conv/sect_total_reg[10]/R	-1.998
ap_rst_n	k_gmem_m_axi_U/bus_read/rreq_burst_conv/sect_total_reg[15]/R	-1.998
ap_rst_n	k_gmem_m_axi_U/bus_read/rreq_burst_conv/sect_total_reg[16]/R	-1.998
ap_rst_n	k_gmem_m_axi_U/bus_read/rreq_burst_conv/sect_total_reg[17]/R	-1.998
ap_rst_n	k_gmem_m_axi_U/bus_read/rreq_burst_conv/sect_total_reg[18]/R	-1.998
ap_rst_n	k_gmem_m_axi_U/bus_read/rreq_burst_conv/sect_total_reg[1]/R	-1.998
ap_rst_n	k_gmem_m_axi_U/bus_read/rreq_burst_conv/sect_total_reg[2]/R	-1.998
ap_rst_n	k_gmem_m_axi_U/bus_read/rreq_burst_conv/sect_total_reg[7]/R	-1.998
ap_rst_n	k_gmem_m_axi_U/bus_read/rreq_burst_conv/sect_total_reg[8]/R	-1.998
ap_rst_n	k_gmem_m_axi_U/bus_read/rreq_burst_conv/sect_total_reg[9]/R	-1.998
ap_rst_n	k_gmem_m_axi_U/bus_read/rreq_burst_conv/start_addr_reg[60]/R	-1.998
ap_rst_n	k_gmem_m_axi_U/bus_read/rreq_burst_conv/start_addr_reg[61]/R	-1.998
ap_rst_n	k_gmem_m_axi_U/bus_read/rreq_burst_conv/start_addr_reg[63]/R	-1.998
ap_rst_n	k_gmem_m_axi_U/load_unit_0/fifo_rreq/U_fifo_srl/dout_reg[16]/R	-1.998
ap_rst_n	k_gmem_m_axi_U/load_unit_0/fifo_rreq/U_fifo_srl/dout_reg[95]/R	-1.998
ap_rst_n	k_gmem_m_axi_U/load_unit_0/tmp_addr_reg[19]/R	-1.998
ap_rst_n	k_gmem_m_axi_U/load_unit_0/tmp_addr_reg[21]/R	-1.998
ap_rst_n	o_gmem_m_axi_U/bus_write/wreq_throttle/data_fifo/U_fifo_srl/dout_reg[2]/R	-1.998
ap_rst_n	o_gmem_m_axi_U/bus_write/wreq_throttle/data_fifo/U_fifo_srl/dout_reg[44]/R	-1.998
ap_rst_n	o_gmem_m_axi_U/store_unit_0/fifo_wrsp/empty_n_reg/R	-1.998
ap_rst_n	o_gmem_m_axi_U/store_unit_0/user_resp/dout_vld_reg/R	-1.998
ap_rst_n	o_gmem_m_axi_U/store_unit_0/user_resp/empty_n_reg/R	-1.998
ap_rst_n	q_gmem_m_axi_U/bus_read/rreq_burst_conv/start_to_4k_reg[2]/R	-1.998
ap_rst_n	q_gmem_m_axi_U/load_unit_0/tmp_addr_reg[44]/R	-1.998
ap_rst_n	v_gmem_m_axi_U/load_unit_0/fifo_rreq/U_fifo_srl/dout_reg[35]/R	-1.998
ap_rst_n	v_gmem_m_axi_U/load_unit_0/fifo_rreq/U_fifo_srl/dout_reg[36]/R	-1.998
ap_rst_n	v_gmem_m_axi_U/load_unit_0/tmp_addr_reg[42]/R	-1.998
ap_rst_n	v_gmem_m_axi_U/load_unit_0/tmp_addr_reg[52]/R	-1.998
ap_rst_n	v_gmem_m_axi_U/load_unit_0/tmp_addr_reg[58]/R	-1.998
ap_rst_n	v_gmem_m_axi_U/load_unit_0/tmp_addr_reg[61]/R	-1.998
s_axi_control_WDATA[9]	control_s_axi_U/int_q_address_reg[41]/D	-1.998
s_axi_control_WDATA[10]	control_s_axi_U/int_q_address_reg[42]/D	-1.998
ap_rst_n	k_gmem_m_axi_U/bus_read/rreq_burst_conv/could_multi_bursts.addr_buf_reg[10]/R	-1.998
ap_rst_n	k_gmem_m_axi_U/bus_read/rreq_burst_conv/could_multi_bursts.addr_buf_reg[7]/R	-1.998
ap_rst_n	k_gmem_m_axi_U/bus_read/rreq_burst_conv/could_multi_bursts.addr_buf_reg[8]/R	-1.998
ap_rst_n	k_gmem_m_axi_U/bus_read/rreq_burst_conv/could_multi_bursts.addr_buf_reg[9]/R	-1.998
m_axi_k_gmem_ARREADY	k_gmem_m_axi_U/bus_read/rreq_burst_conv/could_multi_bursts.sect_handling_reg/D	-1.998
ap_rst_n	k_gmem_m_axi_U/bus_read/rreq_burst_conv/could_multi_bursts.sect_handling_reg/R	-1.998
ap_rst_n	k_gmem_m_axi_U/bus_read/rreq_burst_conv/sect_cnt_reg[46]/R	-1.998
ap_rst_n	k_gmem_m_axi_U/bus_read/rreq_burst_conv/sect_cnt_reg[47]/R	-1.998
ap_rst_n	k_gmem_m_axi_U/bus_read/rreq_burst_conv/start_addr_reg[42]/R	-1.998
ap_rst_n	k_gmem_m_axi_U/load_unit_0/tmp_addr_reg[9]/R	-1.998
s_axi_control_WDATA[3]	control_s_axi_U/int_q_address_reg[3]/D	-1.997
s_axi_control_WSTRB[1]	control_s_axi_U/int_sequence_length_reg[12]/D	-1.997
ap_rst_n	grp_run_fu_161/grp_runController_fu_106/grp_runQueryTile_fu_142/distributeQueryTile_U0/ap_CS_fsm_reg[1]/R	-1.997
ap_rst_n	grp_run_fu_161/grp_runController_fu_106/grp_runQueryTile_fu_142/distributeQueryTile_U0/ap_CS_fsm_reg[32]/R	-1.997
ap_rst_n	grp_run_fu_161/grp_runController_fu_106/grp_runQueryTile_fu_142/distributeQueryTile_U0/ap_CS_fsm_reg[33]/R	-1.997
ap_rst_n	grp_run_fu_161/grp_runController_fu_106/grp_runQueryTile_fu_142/distributeQueryTile_U0/ap_CS_fsm_reg[35]/R	-1.997
ap_rst_n	grp_run_fu_161/grp_runController_fu_106/grp_runQueryTile_fu_142/distributeQueryTile_U0/ap_CS_fsm_reg[37]/R	-1.997
ap_rst_n	grp_run_fu_161/grp_runController_fu_106/grp_runQueryTile_fu_142/distributeQueryTile_U0/ap_CS_fsm_reg[39]/R	-1.997
ap_rst_n	grp_run_fu_161/grp_runController_fu_106/grp_runQueryTile_fu_142/distributeQueryTile_U0/ap_CS_fsm_reg[40]/R	-1.997
ap_rst_n	grp_run_fu_161/grp_runController_fu_106/grp_runQueryTile_fu_142/distributeQueryTile_U0/ap_CS_fsm_reg[41]/R	-1.997
ap_rst_n	grp_run_fu_161/grp_runController_fu_106/grp_runQueryTile_fu_142/distributeQueryTile_U0/ap_CS_fsm_reg[42]/R	-1.997
ap_rst_n	grp_run_fu_161/grp_runController_fu_106/grp_runQueryTile_fu_142/distributeQueryTile_U0/ap_CS_fsm_reg[57]/R	-1.997
ap_rst_n	grp_run_fu_161/grp_runController_fu_106/grp_runQueryTile_fu_142/distributeQueryTile_U0/ap_CS_fsm_reg[58]/R	-1.997
ap_rst_n	grp_run_fu_161/grp_runController_fu_106/grp_runQueryTile_fu_142/distributeQueryTile_U0/ap_CS_fsm_reg[59]/R	-1.997
ap_rst_n	grp_run_fu_161/grp_runController_fu_106/grp_runQueryTile_fu_142/distributeQueryTile_U0/ap_CS_fsm_reg[60]/R	-1.997
ap_rst_n	grp_run_fu_161/grp_runController_fu_106/grp_runQueryTile_fu_142/distributeQueryTile_U0/ap_CS_fsm_reg[61]/R	-1.997
ap_rst_n	grp_run_fu_161/grp_runController_fu_106/grp_runQueryTile_fu_142/distributeQueryTile_U0/ap_CS_fsm_reg[62]/R	-1.997
ap_rst_n	grp_run_fu_161/grp_runController_fu_106/grp_runQueryTile_fu_142/distributeQueryTile_U0/ap_CS_fsm_reg[68]/R	-1.997
ap_rst_n	k_gmem_m_axi_U/load_unit_0/fifo_rreq/U_fifo_srl/dout_reg[76]/R	-1.997
ap_rst_n	k_gmem_m_axi_U/load_unit_0/fifo_rreq/U_fifo_srl/dout_reg[81]/R	-1.997
s_axi_control_WDATA[25]	control_s_axi_U/int_k_address_reg[25]/D	-1.997
ap_rst_n	control_s_axi_U/int_k_address_reg[57]/R	-1.997
s_axi_control_WDATA[28]	control_s_axi_U/int_k_address_reg[60]/D	-1.997
s_axi_control_WDATA[13]	control_s_axi_U/int_q_address_reg[13]/D	-1.997
ap_rst_n	control_s_axi_U/int_v_address_reg[25]/R	-1.997
ap_rst_n	grp_run_fu_161/grp_runController_fu_106/grp_runQueryTile_fu_142/distributeQueryTile_U0/grp_distributeQueryTile_Pipeline_VITIS_LOOP_498_3_VITIS_LOOP_503_4_VITIS_LOOP_504_5_fu_220/ap_enable_reg_pp0_iter10_reg/R	-1.997
ap_rst_n	grp_run_fu_161/grp_runController_fu_106/grp_runQueryTile_fu_142/distributeQueryTile_U0/grp_distributeQueryTile_Pipeline_VITIS_LOOP_498_3_VITIS_LOOP_503_4_VITIS_LOOP_504_5_fu_220/ap_enable_reg_pp0_iter11_reg/R	-1.997
ap_rst_n	grp_run_fu_161/grp_runController_fu_106/grp_runQueryTile_fu_142/distributeQueryTile_U0/grp_distributeQueryTile_Pipeline_VITIS_LOOP_498_3_VITIS_LOOP_503_4_VITIS_LOOP_504_5_fu_220/ap_enable_reg_pp0_iter12_reg/R	-1.997
ap_rst_n	grp_run_fu_161/grp_runController_fu_106/grp_runQueryTile_fu_142/distributeQueryTile_U0/grp_distributeQueryTile_Pipeline_VITIS_LOOP_498_3_VITIS_LOOP_503_4_VITIS_LOOP_504_5_fu_220/ap_enable_reg_pp0_iter13_reg/R	-1.997
ap_rst_n	grp_run_fu_161/grp_runController_fu_106/grp_runQueryTile_fu_142/distributeQueryTile_U0/grp_distributeQueryTile_Pipeline_VITIS_LOOP_498_3_VITIS_LOOP_503_4_VITIS_LOOP_504_5_fu_220/ap_enable_reg_pp0_iter9_reg/R	-1.997
ap_rst_n	k_gmem_m_axi_U/bus_read/rreq_burst_conv/sect_total_reg[11]/R	-1.997
ap_rst_n	k_gmem_m_axi_U/bus_read/rreq_burst_conv/sect_total_reg[12]/R	-1.997
ap_rst_n	k_gmem_m_axi_U/bus_read/rreq_burst_conv/sect_total_reg[13]/R	-1.997
ap_rst_n	k_gmem_m_axi_U/bus_read/rreq_burst_conv/sect_total_reg[14]/R	-1.997
ap_rst_n	k_gmem_m_axi_U/bus_read/rreq_burst_conv/sect_total_reg[19]/R	-1.997
ap_rst_n	k_gmem_m_axi_U/bus_read/rreq_burst_conv/sect_total_reg[3]/R	-1.997
ap_rst_n	k_gmem_m_axi_U/bus_read/rreq_burst_conv/sect_total_reg[4]/R	-1.997
ap_rst_n	k_gmem_m_axi_U/bus_read/rreq_burst_conv/sect_total_reg[5]/R	-1.997
ap_rst_n	k_gmem_m_axi_U/bus_read/rreq_burst_conv/sect_total_reg[6]/R	-1.997
ap_rst_n	k_gmem_m_axi_U/bus_read/rreq_burst_conv/start_addr_reg[29]/R	-1.997
ap_rst_n	k_gmem_m_axi_U/bus_read/rreq_burst_conv/start_addr_reg[32]/R	-1.997
ap_rst_n	k_gmem_m_axi_U/load_unit_0/fifo_rreq/U_fifo_srl/dout_reg[11]/R	-1.997
ap_rst_n	k_gmem_m_axi_U/load_unit_0/fifo_rreq/U_fifo_srl/dout_reg[18]/R	-1.997
ap_rst_n	k_gmem_m_axi_U/load_unit_0/fifo_rreq/U_fifo_srl/dout_reg[28]/R	-1.997
ap_rst_n	o_gmem_m_axi_U/bus_write/wreq_throttle/data_fifo/U_fifo_srl/dout_reg[14]/R	-1.997
ap_rst_n	o_gmem_m_axi_U/bus_write/wreq_throttle/data_fifo/U_fifo_srl/dout_reg[33]/R	-1.997
ap_rst_n	o_gmem_m_axi_U/bus_write/wreq_throttle/data_fifo/U_fifo_srl/dout_reg[4]/R	-1.997
ap_rst_n	o_gmem_m_axi_U/bus_write/wreq_throttle/data_fifo/U_fifo_srl/dout_reg[8]/R	-1.997
ap_rst_n	o_gmem_m_axi_U/store_unit_0/fifo_wrsp/U_fifo_srl/dout_reg[0]/R	-1.997
ap_rst_n	q_gmem_m_axi_U/bus_read/fifo_rctl/dout_vld_reg/R	-1.997
ap_rst_n	q_gmem_m_axi_U/bus_read/fifo_rctl/empty_n_reg/R	-1.997
ap_rst_n	v_gmem_m_axi_U/load_unit_0/buff_rdata/empty_n_reg/R	-1.997
s_axi_control_WDATA[5]	control_s_axi_U/int_v_address_reg[37]/D	-1.997
s_axi_control_WDATA[7]	control_s_axi_U/int_v_address_reg[7]/D	-1.997
ap_rst_n	k_gmem_m_axi_U/bus_read/rreq_burst_conv/could_multi_bursts.addr_buf_reg[15]/R	-1.997
ap_rst_n	k_gmem_m_axi_U/bus_read/rreq_burst_conv/could_multi_bursts.addr_buf_reg[16]/R	-1.997
ap_rst_n	k_gmem_m_axi_U/bus_read/rreq_burst_conv/could_multi_bursts.addr_buf_reg[17]/R	-1.997
ap_rst_n	k_gmem_m_axi_U/bus_read/rreq_burst_conv/could_multi_bursts.addr_buf_reg[18]/R	-1.997
ap_rst_n	k_gmem_m_axi_U/bus_read/rreq_burst_conv/could_multi_bursts.addr_buf_reg[23]/R	-1.997
ap_rst_n	k_gmem_m_axi_U/bus_read/rreq_burst_conv/could_multi_bursts.addr_buf_reg[24]/R	-1.997
ap_rst_n	k_gmem_m_axi_U/bus_read/rreq_burst_conv/could_multi_bursts.addr_buf_reg[25]/R	-1.997
ap_rst_n	k_gmem_m_axi_U/bus_read/rreq_burst_conv/could_multi_bursts.addr_buf_reg[26]/R	-1.997
ap_rst_n	k_gmem_m_axi_U/bus_read/rreq_burst_conv/could_multi_bursts.addr_buf_reg[31]/R	-1.997
ap_rst_n	k_gmem_m_axi_U/bus_read/rreq_burst_conv/could_multi_bursts.addr_buf_reg[32]/R	-1.997
ap_rst_n	k_gmem_m_axi_U/bus_read/rreq_burst_conv/could_multi_bursts.addr_buf_reg[33]/R	-1.997
ap_rst_n	k_gmem_m_axi_U/bus_read/rreq_burst_conv/could_multi_bursts.addr_buf_reg[34]/R	-1.997
s_axi_control_WSTRB[2]	control_s_axi_U/int_sequence_length_reg[20]/D	-1.996
s_axi_control_WDATA[20]	control_s_axi_U/int_q_address_reg[20]/D	-1.996
s_axi_control_WDATA[28]	control_s_axi_U/int_q_address_reg[28]/D	-1.996
s_axi_control_WDATA[9]	control_s_axi_U/int_q_address_reg[9]/D	-1.996
ap_rst_n	grp_run_fu_161/grp_runController_fu_106/grp_runQueryTile_fu_142/distributeQueryTile_U0/ap_CS_fsm_reg[63]/R	-1.996
ap_rst_n	grp_run_fu_161/grp_runController_fu_106/grp_runQueryTile_fu_142/distributeQueryTile_U0/ap_CS_fsm_reg[64]/R	-1.996
ap_rst_n	grp_run_fu_161/grp_runController_fu_106/grp_runQueryTile_fu_142/distributeQueryTile_U0/ap_CS_fsm_reg[65]/R	-1.996
ap_rst_n	grp_run_fu_161/grp_runController_fu_106/grp_runQueryTile_fu_142/distributeQueryTile_U0/ap_CS_fsm_reg[66]/R	-1.996
ap_rst_n	grp_run_fu_161/grp_runController_fu_106/grp_runQueryTile_fu_142/distributeQueryTile_U0/ap_CS_fsm_reg[67]/R	-1.996
ap_rst_n	grp_run_fu_161/grp_runController_fu_106/grp_runQueryTile_fu_142/distributeQueryTile_U0/ap_CS_fsm_reg[69]/R	-1.996
ap_rst_n	grp_run_fu_161/grp_runController_fu_106/grp_runQueryTile_fu_142/distributeQueryTile_U0/ap_CS_fsm_reg[70]/R	-1.996
ap_rst_n	grp_run_fu_161/grp_runController_fu_106/grp_runQueryTile_fu_142/distributeQueryTile_U0/ap_CS_fsm_reg[71]/R	-1.996
ap_rst_n	k_gmem_m_axi_U/bus_read/rreq_burst_conv/start_addr_reg[35]/R	-1.996
ap_rst_n	k_gmem_m_axi_U/bus_read/rreq_burst_conv/start_addr_reg[41]/R	-1.996
ap_rst_n	k_gmem_m_axi_U/load_unit_0/fifo_rreq/U_fifo_srl/dout_reg[20]/R	-1.996
ap_rst_n	q_gmem_m_axi_U/load_unit_0/tmp_len_reg[30]/R	-1.996
ap_rst_n	q_gmem_m_axi_U/load_unit_0/tmp_len_reg[31]/R	-1.996
s_axi_control_WDATA[2]	control_s_axi_U/int_k_address_reg[34]/D	-1.996
s_axi_control_WDATA[10]	control_s_axi_U/int_k_address_reg[42]/D	-1.996
ap_rst_n	grp_run_fu_161/grp_runController_fu_106/grp_runQueryTile_fu_142/distributeQueryTile_U0/grp_distributeQueryTile_Pipeline_VITIS_LOOP_498_3_VITIS_LOOP_503_4_VITIS_LOOP_504_5_fu_220/ap_enable_reg_pp0_iter4_reg/R	-1.996
ap_rst_n	grp_run_fu_161/grp_runController_fu_106/grp_runQueryTile_fu_142/distributeQueryTile_U0/grp_distributeQueryTile_Pipeline_VITIS_LOOP_498_3_VITIS_LOOP_503_4_VITIS_LOOP_504_5_fu_220/ap_enable_reg_pp0_iter5_reg/R	-1.996
ap_rst_n	k_gmem_m_axi_U/bus_read/rreq_burst_conv/could_multi_bursts.addr_buf_reg[39]/R	-1.996
ap_rst_n	k_gmem_m_axi_U/bus_read/rreq_burst_conv/could_multi_bursts.addr_buf_reg[40]/R	-1.996
ap_rst_n	k_gmem_m_axi_U/bus_read/rreq_burst_conv/could_multi_bursts.addr_buf_reg[41]/R	-1.996
ap_rst_n	k_gmem_m_axi_U/bus_read/rreq_burst_conv/could_multi_bursts.addr_buf_reg[42]/R	-1.996
ap_rst_n	k_gmem_m_axi_U/bus_read/rreq_burst_conv/could_multi_bursts.addr_buf_reg[47]/R	-1.996
ap_rst_n	k_gmem_m_axi_U/bus_read/rreq_burst_conv/could_multi_bursts.addr_buf_reg[48]/R	-1.996
ap_rst_n	k_gmem_m_axi_U/bus_read/rreq_burst_conv/could_multi_bursts.addr_buf_reg[49]/R	-1.996
ap_rst_n	k_gmem_m_axi_U/bus_read/rreq_burst_conv/could_multi_bursts.addr_buf_reg[50]/R	-1.996
ap_rst_n	k_gmem_m_axi_U/bus_read/rreq_burst_conv/sect_addr_buf_reg[20]/R	-1.996
ap_rst_n	k_gmem_m_axi_U/bus_read/rreq_burst_conv/sect_addr_buf_reg[21]/R	-1.996
ap_rst_n	k_gmem_m_axi_U/bus_read/rreq_burst_conv/sect_addr_buf_reg[26]/R	-1.996
ap_rst_n	k_gmem_m_axi_U/bus_read/rreq_burst_conv/sect_addr_buf_reg[27]/R	-1.996
ap_rst_n	k_gmem_m_axi_U/bus_read/rreq_burst_conv/sect_addr_buf_reg[28]/R	-1.996
ap_rst_n	k_gmem_m_axi_U/bus_read/rreq_burst_conv/sect_addr_buf_reg[29]/R	-1.996
ap_rst_n	k_gmem_m_axi_U/bus_read/rreq_burst_conv/sect_addr_buf_reg[34]/R	-1.996
ap_rst_n	k_gmem_m_axi_U/bus_read/rreq_burst_conv/sect_addr_buf_reg[35]/R	-1.996
ap_rst_n	k_gmem_m_axi_U/bus_read/rreq_burst_conv/sect_cnt_reg[48]/R	-1.996
ap_rst_n	k_gmem_m_axi_U/bus_read/rreq_burst_conv/sect_cnt_reg[49]/R	-1.996
ap_rst_n	k_gmem_m_axi_U/bus_read/rreq_burst_conv/sect_cnt_reg[50]/R	-1.996
ap_rst_n	k_gmem_m_axi_U/bus_read/rreq_burst_conv/sect_cnt_reg[51]/R	-1.996
ap_rst_n	k_gmem_m_axi_U/bus_read/rreq_burst_conv/start_addr_reg[18]/R	-1.996
ap_rst_n	k_gmem_m_axi_U/bus_read/rreq_burst_conv/start_addr_reg[19]/R	-1.996
ap_rst_n	k_gmem_m_axi_U/bus_read/rreq_burst_conv/start_addr_reg[20]/R	-1.996
ap_rst_n	k_gmem_m_axi_U/bus_read/rreq_burst_conv/start_addr_reg[21]/R	-1.996
ap_rst_n	o_gmem_m_axi_U/bus_write/wreq_throttle/data_fifo/U_fifo_srl/dout_reg[55]/R	-1.996
ap_rst_n	o_gmem_m_axi_U/bus_write/wreq_throttle/data_fifo/U_fifo_srl/dout_reg[68]/R	-1.996
ap_rst_n	o_gmem_m_axi_U/store_unit_0/fifo_wrsp/mOutPtr_reg[0]/R	-1.996
ap_rst_n	o_gmem_m_axi_U/store_unit_0/fifo_wrsp/mOutPtr_reg[1]/R	-1.996
ap_rst_n	o_gmem_m_axi_U/store_unit_0/fifo_wrsp/mOutPtr_reg[2]/R	-1.996
ap_rst_n	o_gmem_m_axi_U/store_unit_0/fifo_wrsp/mOutPtr_reg[3]/R	-1.996
s_axi_control_WDATA[26]	control_s_axi_U/int_k_address_reg[58]/D	-1.996
s_axi_control_WDATA[7]	control_s_axi_U/int_q_address_reg[39]/D	-1.996
s_axi_control_WDATA[8]	control_s_axi_U/int_q_address_reg[8]/D	-1.996
s_axi_control_WDATA[7]	control_s_axi_U/int_q_address_reg[7]/D	-1.995
s_axi_control_WDATA[24]	control_s_axi_U/int_k_address_reg[56]/D	-1.995
s_axi_control_WDATA[5]	control_s_axi_U/int_q_address_reg[37]/D	-1.995
ap_rst_n	k_gmem_m_axi_U/bus_read/fifo_rctl/dout_vld_reg/R	-1.995
ap_rst_n	k_gmem_m_axi_U/bus_read/fifo_rctl/empty_n_reg/R	-1.995
ap_rst_n	k_gmem_m_axi_U/bus_read/rreq_burst_conv/sect_addr_buf_reg[30]/R	-1.995
ap_rst_n	k_gmem_m_axi_U/bus_read/rreq_burst_conv/sect_addr_buf_reg[31]/R	-1.995
ap_rst_n	k_gmem_m_axi_U/bus_read/rreq_burst_conv/start_addr_reg[33]/R	-1.995
ap_rst_n	k_gmem_m_axi_U/bus_read/rreq_burst_conv/start_addr_reg[34]/R	-1.995
ap_rst_n	k_gmem_m_axi_U/bus_read/rreq_burst_conv/start_addr_reg[36]/R	-1.995
ap_rst_n	k_gmem_m_axi_U/bus_read/rreq_burst_conv/start_addr_reg[37]/R	-1.995
ap_rst_n	k_gmem_m_axi_U/bus_read/rreq_burst_conv/start_addr_reg[47]/R	-1.995
ap_rst_n	k_gmem_m_axi_U/bus_read/rreq_burst_conv/start_addr_reg[49]/R	-1.995
ap_rst_n	k_gmem_m_axi_U/bus_read/rreq_burst_conv/start_addr_reg[51]/R	-1.995
ap_rst_n	k_gmem_m_axi_U/load_unit_0/tmp_addr_reg[22]/R	-1.995
ap_rst_n	k_gmem_m_axi_U/load_unit_0/tmp_addr_reg[45]/R	-1.995
ap_rst_n	o_gmem_m_axi_U/store_unit_0/fifo_wrsp/dout_vld_reg/R	-1.995
ap_rst_n	q_gmem_m_axi_U/load_unit_0/tmp_len_reg[22]/R	-1.995
ap_rst_n	q_gmem_m_axi_U/load_unit_0/tmp_len_reg[23]/R	-1.995
ap_rst_n	q_gmem_m_axi_U/load_unit_0/tmp_len_reg[24]/R	-1.995
ap_rst_n	q_gmem_m_axi_U/load_unit_0/tmp_len_reg[25]/R	-1.995
s_axi_control_WDATA[12]	control_s_axi_U/int_q_address_reg[44]/D	-1.995
s_axi_control_WDATA[10]	control_s_axi_U/int_v_address_reg[42]/D	-1.995
ap_rst_n	grp_run_fu_161/grp_runController_fu_106/grp_runQueryTile_fu_142/distributeQueryTile_U0/grp_distributeQueryTile_Pipeline_VITIS_LOOP_498_3_VITIS_LOOP_503_4_VITIS_LOOP_504_5_fu_220/ap_enable_reg_pp0_iter18_reg/R	-1.995
ap_rst_n	grp_run_fu_161/grp_runController_fu_106/grp_runQueryTile_fu_142/distributeQueryTile_U0/grp_distributeQueryTile_Pipeline_VITIS_LOOP_498_3_VITIS_LOOP_503_4_VITIS_LOOP_504_5_fu_220/ap_enable_reg_pp0_iter19_reg/R	-1.995
ap_rst_n	grp_run_fu_161/grp_runController_fu_106/grp_runQueryTile_fu_142/distributeQueryTile_U0/grp_distributeQueryTile_Pipeline_VITIS_LOOP_498_3_VITIS_LOOP_503_4_VITIS_LOOP_504_5_fu_220/ap_enable_reg_pp0_iter20_reg/R	-1.995
ap_rst_n	grp_run_fu_161/grp_runController_fu_106/grp_runQueryTile_fu_142/distributeQueryTile_U0/grp_distributeQueryTile_Pipeline_VITIS_LOOP_498_3_VITIS_LOOP_503_4_VITIS_LOOP_504_5_fu_220/ap_enable_reg_pp0_iter21_reg/R	-1.995
ap_rst_n	grp_run_fu_161/grp_runController_fu_106/grp_runQueryTile_fu_142/distributeQueryTile_U0/grp_distributeQueryTile_Pipeline_VITIS_LOOP_498_3_VITIS_LOOP_503_4_VITIS_LOOP_504_5_fu_220/ap_enable_reg_pp0_iter22_reg/R	-1.995
ap_rst_n	grp_run_fu_161/grp_runController_fu_106/grp_runQueryTile_fu_142/distributeQueryTile_U0/grp_distributeQueryTile_Pipeline_VITIS_LOOP_498_3_VITIS_LOOP_503_4_VITIS_LOOP_504_5_fu_220/ap_enable_reg_pp0_iter23_reg/R	-1.995
ap_rst_n	grp_run_fu_161/grp_runController_fu_106/grp_runQueryTile_fu_142/distributeQueryTile_U0/grp_distributeQueryTile_Pipeline_VITIS_LOOP_498_3_VITIS_LOOP_503_4_VITIS_LOOP_504_5_fu_220/ap_enable_reg_pp0_iter24_reg/R	-1.995
ap_rst_n	k_gmem_m_axi_U/bus_read/rreq_burst_conv/could_multi_bursts.addr_buf_reg[55]/R	-1.995
ap_rst_n	k_gmem_m_axi_U/bus_read/rreq_burst_conv/could_multi_bursts.addr_buf_reg[56]/R	-1.995
ap_rst_n	k_gmem_m_axi_U/bus_read/rreq_burst_conv/could_multi_bursts.addr_buf_reg[57]/R	-1.995
ap_rst_n	k_gmem_m_axi_U/bus_read/rreq_burst_conv/could_multi_bursts.addr_buf_reg[58]/R	-1.995
ap_rst_n	k_gmem_m_axi_U/bus_read/rreq_burst_conv/could_multi_bursts.addr_buf_reg[63]/R	-1.995
ap_rst_n	k_gmem_m_axi_U/bus_read/rreq_burst_conv/start_addr_reg[52]/R	-1.995
ap_rst_n	k_gmem_m_axi_U/bus_read/rreq_burst_conv/start_addr_reg[56]/R	-1.995
ap_rst_n	k_gmem_m_axi_U/bus_read/rreq_burst_conv/start_addr_reg[57]/R	-1.995
s_axi_control_WDATA[30]	control_s_axi_U/int_q_address_reg[30]/D	-1.994
s_axi_control_WSTRB[0]	control_s_axi_U/int_sequence_length_reg[2]/D	-1.994
s_axi_control_WSTRB[0]	control_s_axi_U/int_sequence_length_reg[6]/D	-1.994
ap_rst_n	k_gmem_m_axi_U/bus_read/rreq_burst_conv/start_addr_reg[43]/R	-1.994
ap_rst_n	k_gmem_m_axi_U/load_unit_0/fifo_rreq/U_fifo_srl/dout_reg[49]/R	-1.994
ap_rst_n	o_gmem_m_axi_U/bus_write/wreq_throttle/data_fifo/U_fifo_srl/dout_reg[53]/R	-1.994
ap_rst_n	o_gmem_m_axi_U/store_unit_0/user_resp/mOutPtr_reg[1]/R	-1.994
ap_rst_n	o_gmem_m_axi_U/store_unit_0/user_resp/mOutPtr_reg[2]/R	-1.994
ap_rst_n	o_gmem_m_axi_U/store_unit_0/user_resp/mOutPtr_reg[3]/R	-1.994
ap_rst_n	o_gmem_m_axi_U/store_unit_0/user_resp/mOutPtr_reg[4]/R	-1.994
m_axi_v_gmem_RVALID	v_gmem_m_axi_U/bus_read/rs_rdata/FSM_sequential_state_reg[1]/D	-1.994
ap_rst_n	v_gmem_m_axi_U/load_unit_0/buff_rdata/mOutPtr_reg[2]/R	-1.994
ap_rst_n	v_gmem_m_axi_U/load_unit_0/buff_rdata/mOutPtr_reg[3]/R	-1.994
ap_rst_n	v_gmem_m_axi_U/load_unit_0/buff_rdata/mOutPtr_reg[4]/R	-1.994
ap_rst_n	v_gmem_m_axi_U/load_unit_0/buff_rdata/mOutPtr_reg[5]/R	-1.994
ap_rst_n	v_gmem_m_axi_U/load_unit_0/buff_rdata/mOutPtr_reg[6]/R	-1.994
ap_rst_n	v_gmem_m_axi_U/load_unit_0/buff_rdata/mOutPtr_reg[7]/R	-1.994
s_axi_control_WDATA[22]	control_s_axi_U/int_k_address_reg[54]/D	-1.994
ap_rst_n	k_gmem_m_axi_U/bus_read/fifo_rctl/mOutPtr_reg[0]/R	-1.994
ap_rst_n	k_gmem_m_axi_U/bus_read/fifo_rctl/mOutPtr_reg[1]/R	-1.994
ap_rst_n	k_gmem_m_axi_U/bus_read/fifo_rctl/mOutPtr_reg[2]/R	-1.994
ap_rst_n	k_gmem_m_axi_U/bus_read/fifo_rctl/mOutPtr_reg[3]/R	-1.994
ap_rst_n	k_gmem_m_axi_U/bus_read/fifo_rctl/mOutPtr_reg[4]/R	-1.994
ap_rst_n	k_gmem_m_axi_U/bus_read/rreq_burst_conv/first_sect_reg/R	-1.994
ap_rst_n	k_gmem_m_axi_U/bus_read/rreq_burst_conv/sect_cnt_reg[40]/R	-1.994
ap_rst_n	k_gmem_m_axi_U/bus_read/rreq_burst_conv/sect_cnt_reg[41]/R	-1.994
ap_rst_n	k_gmem_m_axi_U/bus_read/rreq_burst_conv/sect_total_buf_reg[12]/R	-1.994
ap_rst_n	k_gmem_m_axi_U/bus_read/rreq_burst_conv/sect_total_buf_reg[13]/R	-1.994
ap_rst_n	k_gmem_m_axi_U/bus_read/rreq_burst_conv/sect_total_buf_reg[14]/R	-1.994
ap_rst_n	k_gmem_m_axi_U/bus_read/rreq_burst_conv/sect_total_buf_reg[15]/R	-1.994
ap_rst_n	k_gmem_m_axi_U/bus_read/rreq_burst_conv/sect_total_buf_reg[4]/R	-1.994
ap_rst_n	k_gmem_m_axi_U/bus_read/rreq_burst_conv/sect_total_buf_reg[5]/R	-1.994
ap_rst_n	k_gmem_m_axi_U/bus_read/rreq_burst_conv/sect_total_buf_reg[6]/R	-1.994
ap_rst_n	k_gmem_m_axi_U/bus_read/rreq_burst_conv/sect_total_buf_reg[7]/R	-1.994
ap_rst_n	k_gmem_m_axi_U/bus_read/rreq_burst_conv/start_addr_reg[12]/R	-1.994
ap_rst_n	k_gmem_m_axi_U/bus_read/rreq_burst_conv/start_addr_reg[13]/R	-1.994
ap_rst_n	k_gmem_m_axi_U/bus_read/rreq_burst_conv/start_addr_reg[14]/R	-1.994
ap_rst_n	k_gmem_m_axi_U/bus_read/rreq_burst_conv/start_addr_reg[15]/R	-1.994
ap_rst_n	k_gmem_m_axi_U/bus_read/rreq_burst_conv/start_addr_reg[38]/R	-1.994
ap_rst_n	k_gmem_m_axi_U/bus_read/rreq_burst_conv/start_addr_reg[46]/R	-1.994
ap_rst_n	k_gmem_m_axi_U/bus_read/rreq_burst_conv/start_addr_reg[48]/R	-1.994
ap_rst_n	k_gmem_m_axi_U/bus_read/rreq_burst_conv/start_addr_reg[50]/R	-1.994
ap_rst_n	k_gmem_m_axi_U/bus_read/rreq_burst_conv/start_addr_reg[55]/R	-1.994
ap_rst_n	k_gmem_m_axi_U/load_unit_0/fifo_rreq/U_fifo_srl/dout_reg[52]/R	-1.994
ap_rst_n	k_gmem_m_axi_U/load_unit_0/fifo_rreq/raddr_reg[5]/R	-1.994
ap_rst_n	k_gmem_m_axi_U/load_unit_0/fifo_rreq/raddr_reg[6]/R	-1.994
ap_rst_n	k_gmem_m_axi_U/load_unit_0/tmp_addr_reg[49]/R	-1.994
ap_rst_n	k_gmem_m_axi_U/load_unit_0/tmp_addr_reg[58]/R	-1.994
ap_rst_n	k_gmem_m_axi_U/load_unit_0/tmp_addr_reg[61]/R	-1.994
ap_rst_n	o_gmem_m_axi_U/store_unit_0/tmp_len_reg[30]/R	-1.994
ap_rst_n	o_gmem_m_axi_U/store_unit_0/tmp_len_reg[31]/R	-1.994
ap_rst_n	q_gmem_m_axi_U/load_unit_0/tmp_len_reg[14]/R	-1.994
ap_rst_n	q_gmem_m_axi_U/load_unit_0/tmp_len_reg[15]/R	-1.994
ap_rst_n	q_gmem_m_axi_U/load_unit_0/tmp_len_reg[16]/R	-1.994
ap_rst_n	q_gmem_m_axi_U/load_unit_0/tmp_len_reg[17]/R	-1.994
s_axi_control_WDATA[30]	control_s_axi_U/int_k_address_reg[62]/D	-1.993
s_axi_control_WDATA[26]	control_s_axi_U/int_q_address_reg[26]/D	-1.993
ap_rst_n	grp_run_fu_161/grp_runController_fu_106/grp_runQueryTile_fu_142/distributeQueryTile_U0/grp_distributeQueryTile_Pipeline_VITIS_LOOP_486_1_VITIS_LOOP_487_2_fu_208/ap_enable_reg_pp0_iter2_reg/R	-1.993
ap_rst_n	k_gmem_m_axi_U/bus_read/rreq_burst_conv/could_multi_bursts.addr_buf_reg[3]/R	-1.993
ap_rst_n	k_gmem_m_axi_U/bus_read/rreq_burst_conv/could_multi_bursts.addr_buf_reg[4]/R	-1.993
ap_rst_n	k_gmem_m_axi_U/bus_read/rreq_burst_conv/could_multi_bursts.addr_buf_reg[5]/R	-1.993
ap_rst_n	k_gmem_m_axi_U/bus_read/rreq_burst_conv/could_multi_bursts.addr_buf_reg[6]/R	-1.993
ap_rst_n	k_gmem_m_axi_U/bus_read/rreq_burst_conv/req_handling_reg/R	-1.993
ap_rst_n	k_gmem_m_axi_U/bus_read/rreq_burst_conv/sect_addr_buf_reg[58]/R	-1.993
ap_rst_n	k_gmem_m_axi_U/bus_read/rreq_burst_conv/sect_addr_buf_reg[59]/R	-1.993
ap_rst_n	k_gmem_m_axi_U/bus_read/rreq_burst_conv/start_addr_reg[54]/R	-1.993
ap_rst_n	k_gmem_m_axi_U/load_unit_0/fifo_rreq/U_fifo_srl/dout_reg[0]/R	-1.993
ap_rst_n	k_gmem_m_axi_U/load_unit_0/fifo_rreq/U_fifo_srl/dout_reg[27]/R	-1.993
ap_rst_n	k_gmem_m_axi_U/load_unit_0/fifo_rreq/U_fifo_srl/dout_reg[6]/R	-1.993
ap_rst_n	k_gmem_m_axi_U/load_unit_0/fifo_rreq/U_fifo_srl/dout_reg[84]/R	-1.993
ap_rst_n	k_gmem_m_axi_U/load_unit_0/fifo_rreq/U_fifo_srl/dout_reg[90]/R	-1.993
ap_rst_n	k_gmem_m_axi_U/load_unit_0/tmp_addr_reg[54]/R	-1.993
ap_rst_n	k_gmem_m_axi_U/load_unit_0/tmp_addr_reg[55]/R	-1.993
ap_rst_n	k_gmem_m_axi_U/load_unit_0/tmp_addr_reg[59]/R	-1.993
ap_rst_n	k_gmem_m_axi_U/load_unit_0/tmp_valid_reg/R	-1.993
ap_rst_n	o_gmem_m_axi_U/bus_write/wreq_burst_conv/sect_total_reg[15]/R	-1.993
ap_rst_n	o_gmem_m_axi_U/bus_write/wreq_burst_conv/sect_total_reg[16]/R	-1.993
ap_rst_n	o_gmem_m_axi_U/bus_write/wreq_burst_conv/sect_total_reg[17]/R	-1.993
ap_rst_n	o_gmem_m_axi_U/bus_write/wreq_burst_conv/sect_total_reg[18]/R	-1.993
ap_rst_n	o_gmem_m_axi_U/bus_write/wreq_throttle/data_fifo/U_fifo_srl/dout_reg[16]/R	-1.993
ap_rst_n	o_gmem_m_axi_U/bus_write/wreq_throttle/data_fifo/U_fifo_srl/dout_reg[26]/R	-1.993
ap_rst_n	q_gmem_m_axi_U/load_unit_0/buff_rdata/full_n_reg/D	-1.993
ap_rst_n	q_gmem_m_axi_U/load_unit_0/fifo_rreq/U_fifo_srl/dout_reg[0]/R	-1.993
ap_rst_n	q_gmem_m_axi_U/load_unit_0/fifo_rreq/U_fifo_srl/dout_reg[21]/R	-1.993
ap_rst_n	q_gmem_m_axi_U/load_unit_0/fifo_rreq/U_fifo_srl/dout_reg[5]/R	-1.993
ap_rst_n	q_gmem_m_axi_U/load_unit_0/fifo_rreq/U_fifo_srl/dout_reg[67]/R	-1.993
ap_rst_n	q_gmem_m_axi_U/load_unit_0/tmp_addr_reg[55]/R	-1.993
s_axi_control_WDATA[20]	control_s_axi_U/int_k_address_reg[52]/D	-1.993
s_axi_control_WDATA[5]	control_s_axi_U/int_sequence_length_reg[5]/D	-1.993
ap_rst_n	k_gmem_m_axi_U/bus_read/rreq_burst_conv/sect_addr_buf_reg[32]/R	-1.993
ap_rst_n	k_gmem_m_axi_U/bus_read/rreq_burst_conv/sect_addr_buf_reg[33]/R	-1.993
ap_rst_n	k_gmem_m_axi_U/bus_read/rreq_burst_conv/sect_addr_buf_reg[36]/R	-1.993
ap_rst_n	k_gmem_m_axi_U/bus_read/rreq_burst_conv/sect_addr_buf_reg[37]/R	-1.993
ap_rst_n	k_gmem_m_axi_U/bus_read/rreq_burst_conv/sect_cnt_reg[10]/R	-1.993
ap_rst_n	k_gmem_m_axi_U/bus_read/rreq_burst_conv/sect_cnt_reg[11]/R	-1.993
ap_rst_n	k_gmem_m_axi_U/bus_read/rreq_burst_conv/sect_cnt_reg[4]/R	-1.993
ap_rst_n	k_gmem_m_axi_U/bus_read/rreq_burst_conv/sect_cnt_reg[5]/R	-1.993
ap_rst_n	k_gmem_m_axi_U/bus_read/rreq_burst_conv/sect_cnt_reg[6]/R	-1.993
ap_rst_n	k_gmem_m_axi_U/bus_read/rreq_burst_conv/sect_cnt_reg[7]/R	-1.993
ap_rst_n	k_gmem_m_axi_U/bus_read/rreq_burst_conv/sect_cnt_reg[8]/R	-1.993
ap_rst_n	k_gmem_m_axi_U/bus_read/rreq_burst_conv/sect_cnt_reg[9]/R	-1.993
ap_rst_n	k_gmem_m_axi_U/load_unit_0/fifo_rreq/mOutPtr_reg[0]/R	-1.993
ap_rst_n	k_gmem_m_axi_U/load_unit_0/fifo_rreq/mOutPtr_reg[1]/R	-1.993
ap_rst_n	k_gmem_m_axi_U/load_unit_0/fifo_rreq/mOutPtr_reg[3]/R	-1.993
ap_rst_n	k_gmem_m_axi_U/load_unit_0/fifo_rreq/mOutPtr_reg[4]/R	-1.993
ap_rst_n	k_gmem_m_axi_U/load_unit_0/fifo_rreq/mOutPtr_reg[5]/R	-1.993
s_axi_control_WDATA[11]	control_s_axi_U/int_q_address_reg[11]/D	-1.992
s_axi_control_WSTRB[1]	control_s_axi_U/int_sequence_length_reg[8]/D	-1.992
ap_rst_n	grp_run_fu_161/grp_runController_fu_106/grp_runQueryTile_fu_142/distributeQueryTile_U0/ap_CS_fsm_reg[72]/R	-1.992
ap_rst_n	grp_run_fu_161/grp_runController_fu_106/grp_runQueryTile_fu_142/distributeQueryTile_U0/ap_CS_fsm_reg[73]/R	-1.992
ap_rst_n	grp_run_fu_161/grp_runController_fu_106/grp_runQueryTile_fu_142/distributeQueryTile_U0/ap_CS_fsm_reg[74]/R	-1.992
ap_rst_n	grp_run_fu_161/grp_runController_fu_106/grp_runQueryTile_fu_142/distributeQueryTile_U0/grp_distributeQueryTile_Pipeline_VITIS_LOOP_486_1_VITIS_LOOP_487_2_fu_208_ap_start_reg_reg/R	-1.992
ap_rst_n	grp_run_fu_161/grp_runController_fu_106/grp_runQueryTile_fu_142/distributeQueryTile_U0/grp_distributeQueryTile_Pipeline_VITIS_LOOP_498_3_VITIS_LOOP_503_4_VITIS_LOOP_504_5_fu_220/ap_enable_reg_pp0_iter14_reg/R	-1.992
ap_rst_n	grp_run_fu_161/grp_runController_fu_106/grp_runQueryTile_fu_142/distributeQueryTile_U0/grp_distributeQueryTile_Pipeline_VITIS_LOOP_498_3_VITIS_LOOP_503_4_VITIS_LOOP_504_5_fu_220/ap_enable_reg_pp0_iter15_reg/R	-1.992
ap_rst_n	grp_run_fu_161/grp_runController_fu_106/grp_runQueryTile_fu_142/distributeQueryTile_U0/grp_distributeQueryTile_Pipeline_VITIS_LOOP_498_3_VITIS_LOOP_503_4_VITIS_LOOP_504_5_fu_220/ap_enable_reg_pp0_iter16_reg/R	-1.992
ap_rst_n	grp_run_fu_161/grp_runController_fu_106/grp_runQueryTile_fu_142/distributeQueryTile_U0/grp_distributeQueryTile_Pipeline_VITIS_LOOP_498_3_VITIS_LOOP_503_4_VITIS_LOOP_504_5_fu_220/ap_enable_reg_pp0_iter17_reg/R	-1.992
ap_rst_n	k_gmem_m_axi_U/load_unit_0/fifo_rreq/U_fifo_srl/dout_reg[43]/R	-1.992
ap_rst_n	o_gmem_m_axi_U/store_unit_0/fifo_wreq/U_fifo_srl/dout_reg[14]/R	-1.992
ap_rst_n	o_gmem_m_axi_U/store_unit_0/fifo_wreq/U_fifo_srl/dout_reg[5]/R	-1.992
ap_rst_n	q_gmem_m_axi_U/bus_read/rreq_burst_conv/start_to_4k_reg[6]/R	-1.992
s_axi_control_WDATA[1]	control_s_axi_U/int_q_address_reg[33]/D	-1.992
s_axi_control_WDATA[13]	control_s_axi_U/int_v_address_reg[13]/D	-1.992
ap_rst_n	k_gmem_m_axi_U/bus_read/rreq_burst_conv/could_multi_bursts.addr_buf_reg[11]/R	-1.992
ap_rst_n	k_gmem_m_axi_U/bus_read/rreq_burst_conv/could_multi_bursts.addr_buf_reg[12]/R	-1.992
ap_rst_n	k_gmem_m_axi_U/bus_read/rreq_burst_conv/could_multi_bursts.addr_buf_reg[13]/R	-1.992
ap_rst_n	k_gmem_m_axi_U/bus_read/rreq_burst_conv/could_multi_bursts.addr_buf_reg[14]/R	-1.992
ap_rst_n	k_gmem_m_axi_U/bus_read/rreq_burst_conv/could_multi_bursts.addr_buf_reg[19]/R	-1.992
ap_rst_n	k_gmem_m_axi_U/bus_read/rreq_burst_conv/could_multi_bursts.addr_buf_reg[20]/R	-1.992
ap_rst_n	k_gmem_m_axi_U/bus_read/rreq_burst_conv/could_multi_bursts.addr_buf_reg[21]/R	-1.992
ap_rst_n	k_gmem_m_axi_U/bus_read/rreq_burst_conv/could_multi_bursts.addr_buf_reg[22]/R	-1.992
ap_rst_n	k_gmem_m_axi_U/bus_read/rreq_burst_conv/could_multi_bursts.addr_buf_reg[27]/R	-1.992
ap_rst_n	k_gmem_m_axi_U/bus_read/rreq_burst_conv/could_multi_bursts.addr_buf_reg[28]/R	-1.992
ap_rst_n	k_gmem_m_axi_U/bus_read/rreq_burst_conv/could_multi_bursts.addr_buf_reg[29]/R	-1.992
ap_rst_n	k_gmem_m_axi_U/bus_read/rreq_burst_conv/could_multi_bursts.addr_buf_reg[30]/R	-1.992
ap_rst_n	k_gmem_m_axi_U/bus_read/rreq_burst_conv/sect_cnt_reg[18]/R	-1.992
ap_rst_n	k_gmem_m_axi_U/bus_read/rreq_burst_conv/sect_cnt_reg[19]/R	-1.992
ap_rst_n	k_gmem_m_axi_U/bus_read/rreq_burst_conv/sect_cnt_reg[20]/R	-1.992
ap_rst_n	k_gmem_m_axi_U/bus_read/rreq_burst_conv/sect_cnt_reg[21]/R	-1.992
ap_rst_n	k_gmem_m_axi_U/bus_read/rreq_burst_conv/sect_cnt_reg[22]/R	-1.992
ap_rst_n	k_gmem_m_axi_U/bus_read/rreq_burst_conv/sect_cnt_reg[23]/R	-1.992
ap_rst_n	k_gmem_m_axi_U/bus_read/rreq_burst_conv/sect_cnt_reg[24]/R	-1.992
ap_rst_n	k_gmem_m_axi_U/bus_read/rreq_burst_conv/sect_cnt_reg[25]/R	-1.992
ap_rst_n	k_gmem_m_axi_U/bus_read/rreq_burst_conv/sect_cnt_reg[26]/R	-1.992
ap_rst_n	k_gmem_m_axi_U/bus_read/rreq_burst_conv/sect_cnt_reg[27]/R	-1.992
ap_rst_n	k_gmem_m_axi_U/bus_read/rreq_burst_conv/sect_cnt_reg[28]/R	-1.992
ap_rst_n	k_gmem_m_axi_U/bus_read/rreq_burst_conv/sect_cnt_reg[29]/R	-1.992
ap_rst_n	k_gmem_m_axi_U/bus_read/rreq_burst_conv/sect_cnt_reg[32]/R	-1.992
ap_rst_n	k_gmem_m_axi_U/bus_read/rreq_burst_conv/sect_cnt_reg[33]/R	-1.992
ap_rst_n	k_gmem_m_axi_U/bus_read/rreq_burst_conv/start_addr_reg[26]/R	-1.992
ap_rst_n	k_gmem_m_axi_U/bus_read/rreq_burst_conv/start_addr_reg[27]/R	-1.992
ap_rst_n	k_gmem_m_axi_U/bus_read/rreq_burst_conv/start_addr_reg[28]/R	-1.992
ap_rst_n	k_gmem_m_axi_U/load_unit_0/fifo_rreq/U_fifo_srl/dout_reg[21]/R	-1.992
ap_rst_n	k_gmem_m_axi_U/load_unit_0/fifo_rreq/U_fifo_srl/dout_reg[24]/R	-1.992
ap_rst_n	k_gmem_m_axi_U/load_unit_0/fifo_rreq/U_fifo_srl/dout_reg[3]/R	-1.992
ap_rst_n	k_gmem_m_axi_U/load_unit_0/fifo_rreq/U_fifo_srl/dout_reg[93]/R	-1.992
ap_rst_n	k_gmem_m_axi_U/load_unit_0/fifo_rreq/dout_vld_reg/R	-1.992
ap_rst_n	o_gmem_m_axi_U/bus_write/wreq_burst_conv/sect_total_reg[10]/R	-1.992
ap_rst_n	o_gmem_m_axi_U/bus_write/wreq_burst_conv/sect_total_reg[19]/R	-1.992
ap_rst_n	o_gmem_m_axi_U/bus_write/wreq_burst_conv/sect_total_reg[7]/R	-1.992
ap_rst_n	o_gmem_m_axi_U/bus_write/wreq_burst_conv/sect_total_reg[8]/R	-1.992
ap_rst_n	o_gmem_m_axi_U/bus_write/wreq_burst_conv/sect_total_reg[9]/R	-1.992
ap_rst_n	o_gmem_m_axi_U/bus_write/wreq_throttle/data_fifo/U_fifo_srl/dout_reg[28]/R	-1.992
ap_rst_n	o_gmem_m_axi_U/bus_write/wreq_throttle/data_fifo/U_fifo_srl/dout_reg[40]/R	-1.992
ap_rst_n	o_gmem_m_axi_U/bus_write/wreq_throttle/data_fifo/U_fifo_srl/dout_reg[56]/R	-1.992
ap_rst_n	o_gmem_m_axi_U/bus_write/wreq_throttle/data_fifo/U_fifo_srl/dout_reg[6]/R	-1.992
ap_rst_n	o_gmem_m_axi_U/store_unit_0/tmp_len_reg[22]/R	-1.992
ap_rst_n	o_gmem_m_axi_U/store_unit_0/tmp_len_reg[23]/R	-1.992
ap_rst_n	o_gmem_m_axi_U/store_unit_0/tmp_len_reg[24]/R	-1.992
ap_rst_n	o_gmem_m_axi_U/store_unit_0/tmp_len_reg[25]/R	-1.992
ap_rst_n	q_gmem_m_axi_U/bus_read/rreq_burst_conv/could_multi_bursts.burst_valid_reg/R	-1.992
ap_rst_n	q_gmem_m_axi_U/bus_read/rreq_burst_conv/could_multi_bursts.sect_handling_reg/R	-1.992
ap_rst_n	q_gmem_m_axi_U/load_unit_0/tmp_addr_reg[10]/R	-1.992
ap_rst_n	q_gmem_m_axi_U/load_unit_0/tmp_addr_reg[11]/R	-1.992
ap_rst_n	q_gmem_m_axi_U/load_unit_0/tmp_addr_reg[24]/R	-1.992
ap_rst_n	q_gmem_m_axi_U/load_unit_0/tmp_addr_reg[37]/R	-1.992
ap_rst_n	q_gmem_m_axi_U/load_unit_0/tmp_addr_reg[51]/R	-1.992
ap_rst_n	q_gmem_m_axi_U/load_unit_0/tmp_addr_reg[6]/R	-1.992
ap_rst_n	q_gmem_m_axi_U/load_unit_0/tmp_addr_reg[7]/R	-1.992
ap_rst_n	q_gmem_m_axi_U/load_unit_0/tmp_addr_reg[8]/R	-1.992
ap_rst_n	q_gmem_m_axi_U/load_unit_0/tmp_addr_reg[9]/R	-1.992
ap_rst_n	q_gmem_m_axi_U/load_unit_0/tmp_len_reg[6]/R	-1.992
ap_rst_n	q_gmem_m_axi_U/load_unit_0/tmp_len_reg[7]/R	-1.992
ap_rst_n	q_gmem_m_axi_U/load_unit_0/tmp_len_reg[8]/R	-1.992
ap_rst_n	q_gmem_m_axi_U/load_unit_0/tmp_len_reg[9]/R	-1.992
s_axi_control_WDATA[12]	control_s_axi_U/int_v_address_reg[44]/D	-1.992
ap_rst_n	q_gmem_m_axi_U/load_unit_0/tmp_len_reg[26]/R	-1.991
ap_rst_n	q_gmem_m_axi_U/load_unit_0/tmp_len_reg[27]/R	-1.991
ap_rst_n	q_gmem_m_axi_U/load_unit_0/tmp_len_reg[28]/R	-1.991
ap_rst_n	q_gmem_m_axi_U/load_unit_0/tmp_len_reg[29]/R	-1.991
s_axi_control_WDATA[27]	control_s_axi_U/int_q_address_reg[27]/D	-1.991
s_axi_control_WDATA[29]	control_s_axi_U/int_q_address_reg[29]/D	-1.991
ap_rst_n	grp_run_fu_161/grp_runController_fu_106/grp_runQueryTile_fu_142/distributeQueryTile_U0/grp_distributeQueryTile_Pipeline_VITIS_LOOP_498_3_VITIS_LOOP_503_4_VITIS_LOOP_504_5_fu_220/ap_enable_reg_pp0_iter34_reg/R	-1.991
ap_rst_n	grp_run_fu_161/grp_runController_fu_106/grp_runQueryTile_fu_142/distributeQueryTile_U0/grp_distributeQueryTile_Pipeline_VITIS_LOOP_498_3_VITIS_LOOP_503_4_VITIS_LOOP_504_5_fu_220/ap_enable_reg_pp0_iter35_reg/R	-1.991
ap_rst_n	grp_run_fu_161/grp_runController_fu_106/grp_runQueryTile_fu_142/distributeQueryTile_U0/grp_distributeQueryTile_Pipeline_VITIS_LOOP_498_3_VITIS_LOOP_503_4_VITIS_LOOP_504_5_fu_220/ap_enable_reg_pp0_iter36_reg/R	-1.991
ap_rst_n	grp_run_fu_161/grp_runController_fu_106/grp_runQueryTile_fu_142/distributeQueryTile_U0/grp_distributeQueryTile_Pipeline_VITIS_LOOP_498_3_VITIS_LOOP_503_4_VITIS_LOOP_504_5_fu_220/ap_enable_reg_pp0_iter37_reg/R	-1.991
ap_rst_n	k_gmem_m_axi_U/bus_read/rreq_burst_conv/could_multi_bursts.addr_buf_reg[35]/R	-1.991
ap_rst_n	k_gmem_m_axi_U/bus_read/rreq_burst_conv/could_multi_bursts.addr_buf_reg[36]/R	-1.991
ap_rst_n	k_gmem_m_axi_U/bus_read/rreq_burst_conv/could_multi_bursts.addr_buf_reg[37]/R	-1.991
ap_rst_n	k_gmem_m_axi_U/bus_read/rreq_burst_conv/could_multi_bursts.addr_buf_reg[38]/R	-1.991
ap_rst_n	k_gmem_m_axi_U/bus_read/rreq_burst_conv/could_multi_bursts.addr_buf_reg[43]/R	-1.991
ap_rst_n	k_gmem_m_axi_U/bus_read/rreq_burst_conv/could_multi_bursts.addr_buf_reg[44]/R	-1.991
ap_rst_n	k_gmem_m_axi_U/bus_read/rreq_burst_conv/could_multi_bursts.addr_buf_reg[45]/R	-1.991
ap_rst_n	k_gmem_m_axi_U/bus_read/rreq_burst_conv/could_multi_bursts.addr_buf_reg[46]/R	-1.991
ap_rst_n	k_gmem_m_axi_U/load_unit_0/fifo_rreq/U_fifo_srl/dout_reg[19]/R	-1.991
ap_rst_n	k_gmem_m_axi_U/load_unit_0/fifo_rreq/U_fifo_srl/dout_reg[32]/R	-1.991
ap_rst_n	k_gmem_m_axi_U/load_unit_0/fifo_rreq/U_fifo_srl/dout_reg[47]/R	-1.991
ap_rst_n	o_gmem_m_axi_U/bus_write/wreq_throttle/data_fifo/U_fifo_srl/dout_reg[61]/R	-1.991
ap_rst_n	o_gmem_m_axi_U/bus_write/wreq_throttle/data_fifo/U_fifo_srl/dout_reg[7]/R	-1.991
ap_rst_n	o_gmem_m_axi_U/store_unit_0/fifo_wreq/U_fifo_srl/dout_reg[4]/R	-1.991
ap_rst_n	o_gmem_m_axi_U/store_unit_0/fifo_wreq/U_fifo_srl/dout_reg[8]/R	-1.991
ap_rst_n	o_gmem_m_axi_U/store_unit_0/fifo_wreq/U_fifo_srl/dout_reg[9]/R	-1.991
ap_rst_n	o_gmem_m_axi_U/store_unit_0/tmp_len_reg[14]/R	-1.991
ap_rst_n	o_gmem_m_axi_U/store_unit_0/tmp_len_reg[15]/R	-1.991
ap_rst_n	o_gmem_m_axi_U/store_unit_0/tmp_len_reg[16]/R	-1.991
ap_rst_n	o_gmem_m_axi_U/store_unit_0/tmp_len_reg[17]/R	-1.991
ap_rst_n	q_gmem_m_axi_U/bus_read/rreq_burst_conv/sect_addr_buf_reg[36]/R	-1.991
ap_rst_n	q_gmem_m_axi_U/bus_read/rreq_burst_conv/sect_addr_buf_reg[37]/R	-1.991
ap_rst_n	q_gmem_m_axi_U/bus_read/rreq_burst_conv/sect_addr_buf_reg[40]/R	-1.991
ap_rst_n	q_gmem_m_axi_U/bus_read/rreq_burst_conv/sect_addr_buf_reg[41]/R	-1.991
ap_rst_n	q_gmem_m_axi_U/bus_read/rreq_burst_conv/sect_addr_buf_reg[54]/R	-1.991
ap_rst_n	q_gmem_m_axi_U/bus_read/rreq_burst_conv/sect_addr_buf_reg[55]/R	-1.991
ap_rst_n	q_gmem_m_axi_U/bus_read/rreq_burst_conv/sect_total_reg[15]/R	-1.991
ap_rst_n	q_gmem_m_axi_U/bus_read/rreq_burst_conv/sect_total_reg[16]/R	-1.991
ap_rst_n	q_gmem_m_axi_U/bus_read/rreq_burst_conv/sect_total_reg[17]/R	-1.991
ap_rst_n	q_gmem_m_axi_U/bus_read/rreq_burst_conv/sect_total_reg[18]/R	-1.991
ap_rst_n	q_gmem_m_axi_U/load_unit_0/fifo_rreq/U_fifo_srl/dout_reg[52]/R	-1.991
ap_rst_n	q_gmem_m_axi_U/load_unit_0/fifo_rreq/U_fifo_srl/dout_reg[66]/R	-1.991
ap_rst_n	v_gmem_m_axi_U/load_unit_0/buff_rdata/raddr_reg[5]/R	-1.991
s_axi_control_WDATA[16]	control_s_axi_U/int_q_address_reg[48]/D	-1.991
s_axi_control_WDATA[1]	control_s_axi_U/int_v_address_reg[1]/D	-1.991
ap_rst_n	k_gmem_m_axi_U/bus_read/rreq_burst_conv/sect_cnt_reg[30]/R	-1.991
ap_rst_n	k_gmem_m_axi_U/bus_read/rreq_burst_conv/sect_cnt_reg[31]/R	-1.991
ap_rst_n	k_gmem_m_axi_U/bus_read/rreq_burst_conv/sect_cnt_reg[34]/R	-1.991
ap_rst_n	k_gmem_m_axi_U/bus_read/rreq_burst_conv/sect_cnt_reg[35]/R	-1.991
ap_rst_n	k_gmem_m_axi_U/bus_read/rreq_burst_conv/sect_cnt_reg[36]/R	-1.991
ap_rst_n	k_gmem_m_axi_U/bus_read/rreq_burst_conv/sect_cnt_reg[37]/R	-1.991
ap_rst_n	k_gmem_m_axi_U/bus_read/rreq_burst_conv/sect_cnt_reg[38]/R	-1.991
ap_rst_n	k_gmem_m_axi_U/bus_read/rreq_burst_conv/sect_cnt_reg[39]/R	-1.991
ap_rst_n	k_gmem_m_axi_U/bus_read/rreq_burst_conv/sect_cnt_reg[42]/R	-1.991
ap_rst_n	k_gmem_m_axi_U/bus_read/rreq_burst_conv/sect_cnt_reg[43]/R	-1.991
ap_rst_n	k_gmem_m_axi_U/bus_read/rreq_burst_conv/sect_cnt_reg[44]/R	-1.991
ap_rst_n	k_gmem_m_axi_U/bus_read/rreq_burst_conv/sect_cnt_reg[45]/R	-1.991
ap_rst_n	k_gmem_m_axi_U/load_unit_0/tmp_addr_reg[27]/R	-1.991
ap_rst_n	o_gmem_m_axi_U/bus_write/wreq_burst_conv/sect_total_reg[11]/R	-1.991
ap_rst_n	o_gmem_m_axi_U/bus_write/wreq_burst_conv/sect_total_reg[12]/R	-1.991
ap_rst_n	o_gmem_m_axi_U/bus_write/wreq_burst_conv/sect_total_reg[13]/R	-1.991
ap_rst_n	o_gmem_m_axi_U/bus_write/wreq_burst_conv/sect_total_reg[14]/R	-1.991
ap_rst_n	o_gmem_m_axi_U/bus_write/wreq_throttle/data_fifo/U_fifo_srl/dout_reg[46]/R	-1.991
ap_rst_n	o_gmem_m_axi_U/bus_write/wreq_throttle/data_fifo/U_fifo_srl/dout_reg[62]/R	-1.991
ap_rst_n	q_gmem_m_axi_U/bus_read/rreq_burst_conv/could_multi_bursts.first_loop_reg/R	-1.991
s_axi_control_WDATA[25]	control_s_axi_U/int_q_address_reg[25]/D	-1.990
ap_rst_n	q_gmem_m_axi_U/load_unit_0/tmp_len_reg[18]/R	-1.990
ap_rst_n	q_gmem_m_axi_U/load_unit_0/tmp_len_reg[19]/R	-1.990
ap_rst_n	q_gmem_m_axi_U/load_unit_0/tmp_len_reg[20]/R	-1.990
ap_rst_n	q_gmem_m_axi_U/load_unit_0/tmp_len_reg[21]/R	-1.990
s_axi_control_WDATA[18]	control_s_axi_U/int_k_address_reg[50]/D	-1.990
ap_rst_n	grp_run_fu_161/grp_runController_fu_106/grp_runQueryTile_fu_142/distributeQueryTile_U0/ap_CS_fsm_reg[11]/R	-1.990
ap_rst_n	grp_run_fu_161/grp_runController_fu_106/grp_runQueryTile_fu_142/distributeQueryTile_U0/ap_CS_fsm_reg[14]/R	-1.990
ap_rst_n	grp_run_fu_161/grp_runController_fu_106/grp_runQueryTile_fu_142/distributeQueryTile_U0/ap_CS_fsm_reg[15]/R	-1.990
ap_rst_n	grp_run_fu_161/grp_runController_fu_106/grp_runQueryTile_fu_142/distributeQueryTile_U0/ap_CS_fsm_reg[3]/R	-1.990
ap_rst_n	grp_run_fu_161/grp_runController_fu_106/grp_runQueryTile_fu_142/distributeQueryTile_U0/ap_CS_fsm_reg[4]/R	-1.990
ap_rst_n	grp_run_fu_161/grp_runController_fu_106/grp_runQueryTile_fu_142/distributeQueryTile_U0/ap_CS_fsm_reg[5]/R	-1.990
ap_rst_n	grp_run_fu_161/grp_runController_fu_106/grp_runQueryTile_fu_142/distributeQueryTile_U0/ap_CS_fsm_reg[6]/R	-1.990
ap_rst_n	grp_run_fu_161/grp_runController_fu_106/grp_runQueryTile_fu_142/distributeQueryTile_U0/ap_CS_fsm_reg[7]/R	-1.990
ap_rst_n	grp_run_fu_161/grp_runController_fu_106/grp_runQueryTile_fu_142/runQueryBlock_0_U0/ap_CS_fsm_reg[0]/S	-1.990
ap_rst_n	k_gmem_m_axi_U/bus_read/rreq_burst_conv/could_multi_bursts.addr_buf_reg[51]/R	-1.990
ap_rst_n	k_gmem_m_axi_U/bus_read/rreq_burst_conv/could_multi_bursts.addr_buf_reg[52]/R	-1.990
ap_rst_n	k_gmem_m_axi_U/bus_read/rreq_burst_conv/could_multi_bursts.addr_buf_reg[53]/R	-1.990
ap_rst_n	k_gmem_m_axi_U/bus_read/rreq_burst_conv/could_multi_bursts.addr_buf_reg[54]/R	-1.990
ap_rst_n	k_gmem_m_axi_U/bus_read/rreq_burst_conv/could_multi_bursts.addr_buf_reg[59]/R	-1.990
ap_rst_n	k_gmem_m_axi_U/bus_read/rreq_burst_conv/could_multi_bursts.addr_buf_reg[60]/R	-1.990
ap_rst_n	k_gmem_m_axi_U/bus_read/rreq_burst_conv/could_multi_bursts.addr_buf_reg[61]/R	-1.990
ap_rst_n	k_gmem_m_axi_U/bus_read/rreq_burst_conv/could_multi_bursts.addr_buf_reg[62]/R	-1.990
ap_rst_n	k_gmem_m_axi_U/load_unit_0/fifo_rreq/U_fifo_srl/dout_reg[33]/R	-1.990
ap_rst_n	k_gmem_m_axi_U/load_unit_0/tmp_addr_reg[36]/R	-1.990
ap_rst_n	k_gmem_m_axi_U/load_unit_0/tmp_addr_reg[40]/R	-1.990
ap_rst_n	o_gmem_m_axi_U/bus_write/wreq_burst_conv/sect_total_reg[0]/R	-1.990
ap_rst_n	o_gmem_m_axi_U/bus_write/wreq_burst_conv/sect_total_reg[1]/R	-1.990
ap_rst_n	o_gmem_m_axi_U/bus_write/wreq_burst_conv/sect_total_reg[2]/R	-1.990
ap_rst_n	o_gmem_m_axi_U/store_unit_0/tmp_addr_reg[8]/R	-1.990
ap_rst_n	o_gmem_m_axi_U/store_unit_0/tmp_len_reg[6]/R	-1.990
ap_rst_n	o_gmem_m_axi_U/store_unit_0/tmp_len_reg[7]/R	-1.990
ap_rst_n	o_gmem_m_axi_U/store_unit_0/tmp_len_reg[8]/R	-1.990
ap_rst_n	o_gmem_m_axi_U/store_unit_0/tmp_len_reg[9]/R	-1.990
ap_rst_n	q_gmem_m_axi_U/bus_read/rreq_burst_conv/sect_cnt_reg[26]/R	-1.990
ap_rst_n	q_gmem_m_axi_U/bus_read/rreq_burst_conv/sect_cnt_reg[27]/R	-1.990
ap_rst_n	q_gmem_m_axi_U/bus_read/rreq_burst_conv/sect_cnt_reg[42]/R	-1.990
ap_rst_n	q_gmem_m_axi_U/bus_read/rreq_burst_conv/sect_cnt_reg[43]/R	-1.990
ap_rst_n	q_gmem_m_axi_U/bus_read/rreq_burst_conv/sect_total_reg[10]/R	-1.990
ap_rst_n	q_gmem_m_axi_U/bus_read/rreq_burst_conv/sect_total_reg[19]/R	-1.990
ap_rst_n	q_gmem_m_axi_U/bus_read/rreq_burst_conv/sect_total_reg[7]/R	-1.990
ap_rst_n	q_gmem_m_axi_U/bus_read/rreq_burst_conv/sect_total_reg[8]/R	-1.990
ap_rst_n	q_gmem_m_axi_U/bus_read/rreq_burst_conv/sect_total_reg[9]/R	-1.990
ap_rst_n	q_gmem_m_axi_U/bus_read/rreq_burst_conv/start_addr_reg[10]/R	-1.990
ap_rst_n	q_gmem_m_axi_U/bus_read/rreq_burst_conv/start_addr_reg[9]/R	-1.990
ap_rst_n	q_gmem_m_axi_U/load_unit_0/fifo_rreq/U_fifo_srl/dout_reg[7]/R	-1.990
ap_rst_n	q_gmem_m_axi_U/load_unit_0/tmp_addr_reg[38]/R	-1.990
ap_rst_n	q_gmem_m_axi_U/load_unit_0/tmp_addr_reg[39]/R	-1.990
ap_rst_n	q_gmem_m_axi_U/load_unit_0/tmp_addr_reg[3]/R	-1.990
ap_rst_n	q_gmem_m_axi_U/load_unit_0/tmp_addr_reg[54]/R	-1.990
ap_rst_n	q_gmem_m_axi_U/load_unit_0/tmp_addr_reg[5]/R	-1.990
ap_rst_n	q_gmem_m_axi_U/load_unit_0/tmp_addr_reg[60]/R	-1.990
s_axi_control_WDATA[23]	control_s_axi_U/int_sequence_length_reg[23]/D	-1.990
ap_rst_n	grp_run_fu_161/grp_runController_fu_106/grp_runQueryTile_fu_142/distributeQueryTile_U0/grp_distributeQueryTile_Pipeline_VITIS_LOOP_498_3_VITIS_LOOP_503_4_VITIS_LOOP_504_5_fu_220/ap_enable_reg_pp0_iter25_reg/R	-1.990
ap_rst_n	grp_run_fu_161/grp_runController_fu_106/grp_runQueryTile_fu_142/distributeQueryTile_U0/grp_distributeQueryTile_Pipeline_VITIS_LOOP_498_3_VITIS_LOOP_503_4_VITIS_LOOP_504_5_fu_220/ap_enable_reg_pp0_iter26_reg/R	-1.990
ap_rst_n	grp_run_fu_161/grp_runController_fu_106/grp_runQueryTile_fu_142/distributeQueryTile_U0/grp_distributeQueryTile_Pipeline_VITIS_LOOP_498_3_VITIS_LOOP_503_4_VITIS_LOOP_504_5_fu_220/ap_enable_reg_pp0_iter27_reg/R	-1.990
ap_rst_n	grp_run_fu_161/grp_runController_fu_106/grp_runQueryTile_fu_142/distributeQueryTile_U0/grp_distributeQueryTile_Pipeline_VITIS_LOOP_498_3_VITIS_LOOP_503_4_VITIS_LOOP_504_5_fu_220/ap_enable_reg_pp0_iter28_reg/R	-1.990
s_axi_control_WSTRB[1]	control_s_axi_U/int_sequence_length_reg[10]/D	-1.989
s_axi_control_WDATA[13]	control_s_axi_U/int_sequence_length_reg[13]/D	-1.989
s_axi_control_WSTRB[3]	control_s_axi_U/int_sequence_length_reg[24]/D	-1.989
ap_rst_n	grp_run_fu_161/grp_runController_fu_106/grp_runQueryTile_fu_142/gatherQueryTile_U0/grp_storeOutputTile_fu_118/grp_storeOutputTile_Pipeline_VITIS_LOOP_76_1_fu_89/ap_enable_reg_pp0_iter2_reg/R	-1.989
ap_rst_n	k_gmem_m_axi_U/bus_read/rreq_burst_conv/sect_addr_buf_reg[52]/R	-1.989
ap_rst_n	k_gmem_m_axi_U/bus_read/rreq_burst_conv/sect_addr_buf_reg[53]/R	-1.989
ap_rst_n	k_gmem_m_axi_U/bus_read/rreq_burst_conv/sect_addr_buf_reg[56]/R	-1.989
ap_rst_n	k_gmem_m_axi_U/bus_read/rreq_burst_conv/sect_addr_buf_reg[57]/R	-1.989
ap_rst_n	k_gmem_m_axi_U/bus_read/rreq_burst_conv/sect_addr_buf_reg[60]/R	-1.989
ap_rst_n	k_gmem_m_axi_U/bus_read/rreq_burst_conv/sect_addr_buf_reg[61]/R	-1.989
ap_rst_n	k_gmem_m_axi_U/bus_read/rreq_burst_conv/sect_addr_buf_reg[62]/R	-1.989
ap_rst_n	k_gmem_m_axi_U/bus_read/rreq_burst_conv/sect_addr_buf_reg[63]/R	-1.989
ap_rst_n	k_gmem_m_axi_U/bus_read/rreq_burst_conv/sect_cnt_reg[0]/R	-1.989
ap_rst_n	k_gmem_m_axi_U/bus_read/rreq_burst_conv/sect_cnt_reg[1]/R	-1.989
ap_rst_n	k_gmem_m_axi_U/bus_read/rreq_burst_conv/sect_cnt_reg[2]/R	-1.989
ap_rst_n	k_gmem_m_axi_U/bus_read/rreq_burst_conv/sect_cnt_reg[3]/R	-1.989
ap_rst_n	k_gmem_m_axi_U/bus_read/rreq_burst_conv/sect_total_buf_reg[0]/R	-1.989
ap_rst_n	k_gmem_m_axi_U/bus_read/rreq_burst_conv/sect_total_buf_reg[10]/R	-1.989
ap_rst_n	k_gmem_m_axi_U/bus_read/rreq_burst_conv/sect_total_buf_reg[11]/R	-1.989
ap_rst_n	k_gmem_m_axi_U/bus_read/rreq_burst_conv/sect_total_buf_reg[16]/R	-1.989
ap_rst_n	k_gmem_m_axi_U/bus_read/rreq_burst_conv/sect_total_buf_reg[17]/R	-1.989
ap_rst_n	k_gmem_m_axi_U/bus_read/rreq_burst_conv/sect_total_buf_reg[18]/R	-1.989
ap_rst_n	k_gmem_m_axi_U/bus_read/rreq_burst_conv/sect_total_buf_reg[19]/R	-1.989
ap_rst_n	k_gmem_m_axi_U/bus_read/rreq_burst_conv/sect_total_buf_reg[1]/R	-1.989
ap_rst_n	k_gmem_m_axi_U/bus_read/rreq_burst_conv/sect_total_buf_reg[2]/R	-1.989
ap_rst_n	k_gmem_m_axi_U/bus_read/rreq_burst_conv/sect_total_buf_reg[3]/R	-1.989
ap_rst_n	k_gmem_m_axi_U/bus_read/rreq_burst_conv/sect_total_buf_reg[8]/R	-1.989
ap_rst_n	k_gmem_m_axi_U/bus_read/rreq_burst_conv/sect_total_buf_reg[9]/R	-1.989
ap_rst_n	k_gmem_m_axi_U/bus_read/rreq_burst_conv/start_addr_reg[53]/R	-1.989
ap_rst_n	k_gmem_m_axi_U/bus_read/rreq_burst_conv/start_addr_reg[62]/R	-1.989
ap_rst_n	k_gmem_m_axi_U/load_unit_0/fifo_rreq/U_fifo_srl/dout_reg[36]/R	-1.989
ap_rst_n	k_gmem_m_axi_U/load_unit_0/fifo_rreq/U_fifo_srl/dout_reg[37]/R	-1.989
ap_rst_n	k_gmem_m_axi_U/load_unit_0/fifo_rreq/U_fifo_srl/dout_reg[46]/R	-1.989
ap_rst_n	k_gmem_m_axi_U/load_unit_0/fifo_rreq/U_fifo_srl/dout_reg[50]/R	-1.989
ap_rst_n	k_gmem_m_axi_U/load_unit_0/fifo_rreq/U_fifo_srl/dout_reg[82]/R	-1.989
ap_rst_n	k_gmem_m_axi_U/load_unit_0/fifo_rreq/U_fifo_srl/dout_reg[86]/R	-1.989
ap_rst_n	k_gmem_m_axi_U/load_unit_0/fifo_rreq/U_fifo_srl/dout_reg[92]/R	-1.989
ap_rst_n	k_gmem_m_axi_U/load_unit_0/fifo_rreq/raddr_reg[1]/R	-1.989
ap_rst_n	k_gmem_m_axi_U/load_unit_0/fifo_rreq/raddr_reg[2]/R	-1.989
ap_rst_n	k_gmem_m_axi_U/load_unit_0/fifo_rreq/raddr_reg[3]/R	-1.989
ap_rst_n	k_gmem_m_axi_U/load_unit_0/fifo_rreq/raddr_reg[4]/R	-1.989
ap_rst_n	o_gmem_m_axi_U/bus_write/wreq_throttle/data_fifo/U_fifo_srl/dout_reg[0]/R	-1.989
ap_rst_n	o_gmem_m_axi_U/bus_write/wreq_throttle/data_fifo/U_fifo_srl/dout_reg[50]/R	-1.989
ap_rst_n	o_gmem_m_axi_U/store_unit_0/fifo_wreq/U_fifo_srl/dout_reg[6]/R	-1.989
ap_rst_n	o_gmem_m_axi_U/store_unit_0/tmp_addr_reg[10]/R	-1.989
ap_rst_n	o_gmem_m_axi_U/store_unit_0/tmp_addr_reg[9]/R	-1.989
ap_rst_n	o_gmem_m_axi_U/store_unit_0/tmp_len_reg[26]/R	-1.989
ap_rst_n	o_gmem_m_axi_U/store_unit_0/tmp_len_reg[27]/R	-1.989
ap_rst_n	o_gmem_m_axi_U/store_unit_0/tmp_len_reg[28]/R	-1.989
ap_rst_n	o_gmem_m_axi_U/store_unit_0/tmp_len_reg[29]/R	-1.989
ap_rst_n	q_gmem_m_axi_U/bus_read/rreq_burst_conv/sect_addr_buf_reg[56]/R	-1.989
ap_rst_n	q_gmem_m_axi_U/bus_read/rreq_burst_conv/sect_addr_buf_reg[57]/R	-1.989
ap_rst_n	q_gmem_m_axi_U/bus_read/rreq_burst_conv/sect_addr_buf_reg[58]/R	-1.989
ap_rst_n	q_gmem_m_axi_U/bus_read/rreq_burst_conv/sect_addr_buf_reg[59]/R	-1.989
ap_rst_n	q_gmem_m_axi_U/bus_read/rreq_burst_conv/sect_addr_buf_reg[60]/R	-1.989
ap_rst_n	q_gmem_m_axi_U/bus_read/rreq_burst_conv/sect_addr_buf_reg[61]/R	-1.989
ap_rst_n	q_gmem_m_axi_U/bus_read/rreq_burst_conv/sect_addr_buf_reg[62]/R	-1.989
ap_rst_n	q_gmem_m_axi_U/bus_read/rreq_burst_conv/sect_addr_buf_reg[63]/R	-1.989
ap_rst_n	q_gmem_m_axi_U/load_unit_0/tmp_len_reg[10]/R	-1.989
ap_rst_n	q_gmem_m_axi_U/load_unit_0/tmp_len_reg[11]/R	-1.989
ap_rst_n	q_gmem_m_axi_U/load_unit_0/tmp_len_reg[12]/R	-1.989
ap_rst_n	q_gmem_m_axi_U/load_unit_0/tmp_len_reg[13]/R	-1.989
s_axi_control_WDATA[0]	control_s_axi_U/int_v_address_reg[32]/D	-1.989
s_axi_control_WDATA[2]	control_s_axi_U/int_v_address_reg[34]/D	-1.989
s_axi_control_WDATA[9]	control_s_axi_U/int_v_address_reg[9]/D	-1.989
ap_rst_n	grp_run_fu_161/grp_runController_fu_106/grp_runQueryTile_fu_142/distributeQueryTile_U0/ap_CS_fsm_reg[8]/R	-1.989
ap_rst_n	k_gmem_m_axi_U/load_unit_0/fifo_rreq/U_fifo_srl/dout_reg[34]/R	-1.989
ap_rst_n	k_gmem_m_axi_U/load_unit_0/fifo_rreq/U_fifo_srl/dout_reg[60]/R	-1.989
ap_rst_n	k_gmem_m_axi_U/load_unit_0/tmp_addr_reg[37]/R	-1.989
ap_rst_n	k_gmem_m_axi_U/load_unit_0/tmp_addr_reg[48]/R	-1.989
ap_rst_n	k_gmem_m_axi_U/load_unit_0/tmp_addr_reg[63]/R	-1.989
ap_rst_n	o_gmem_m_axi_U/bus_write/wreq_burst_conv/sect_total_reg[3]/R	-1.989
ap_rst_n	o_gmem_m_axi_U/bus_write/wreq_burst_conv/sect_total_reg[4]/R	-1.989
ap_rst_n	o_gmem_m_axi_U/bus_write/wreq_burst_conv/sect_total_reg[5]/R	-1.989
ap_rst_n	o_gmem_m_axi_U/bus_write/wreq_burst_conv/sect_total_reg[6]/R	-1.989
ap_rst_n	q_gmem_m_axi_U/bus_read/rreq_burst_conv/could_multi_bursts.loop_cnt_reg[2]/R	-1.989
ap_rst_n	q_gmem_m_axi_U/bus_read/rreq_burst_conv/first_sect_reg/R	-1.989
ap_rst_n	q_gmem_m_axi_U/bus_read/rreq_burst_conv/sect_total_reg[11]/R	-1.989
ap_rst_n	q_gmem_m_axi_U/bus_read/rreq_burst_conv/sect_total_reg[12]/R	-1.989
ap_rst_n	q_gmem_m_axi_U/bus_read/rreq_burst_conv/sect_total_reg[13]/R	-1.989
ap_rst_n	q_gmem_m_axi_U/bus_read/rreq_burst_conv/sect_total_reg[14]/R	-1.989
ap_rst_n	q_gmem_m_axi_U/bus_read/rreq_burst_conv/start_addr_reg[36]/R	-1.989
ap_rst_n	q_gmem_m_axi_U/bus_read/rreq_burst_conv/start_addr_reg[40]/R	-1.989
ap_rst_n	q_gmem_m_axi_U/bus_read/rreq_burst_conv/start_addr_reg[54]/R	-1.989
ap_rst_n	q_gmem_m_axi_U/bus_read/rreq_burst_conv/start_addr_reg[55]/R	-1.989
ap_rst_n	q_gmem_m_axi_U/bus_read/rreq_burst_conv/start_to_4k_reg[8]/R	-1.989
ap_rst_n	q_gmem_m_axi_U/load_unit_0/fifo_rreq/U_fifo_srl/dout_reg[1]/R	-1.989
ap_rst_n	v_gmem_m_axi_U/load_unit_0/fifo_rreq/full_n_reg/D	-1.989
s_axi_control_WSTRB[3]	control_s_axi_U/int_sequence_length_reg[28]/D	-1.988
ap_rst_n	k_gmem_m_axi_U/bus_read/rreq_burst_conv/sect_addr_buf_reg[12]/R	-1.988
ap_rst_n	k_gmem_m_axi_U/bus_read/rreq_burst_conv/sect_addr_buf_reg[13]/R	-1.988
ap_rst_n	k_gmem_m_axi_U/bus_read/rreq_burst_conv/sect_addr_buf_reg[14]/R	-1.988
ap_rst_n	k_gmem_m_axi_U/bus_read/rreq_burst_conv/sect_addr_buf_reg[15]/R	-1.988
ap_rst_n	k_gmem_m_axi_U/bus_read/rreq_burst_conv/sect_addr_buf_reg[16]/R	-1.988
ap_rst_n	k_gmem_m_axi_U/bus_read/rreq_burst_conv/sect_addr_buf_reg[17]/R	-1.988
ap_rst_n	k_gmem_m_axi_U/bus_read/rreq_burst_conv/sect_addr_buf_reg[18]/R	-1.988
ap_rst_n	k_gmem_m_axi_U/bus_read/rreq_burst_conv/sect_addr_buf_reg[19]/R	-1.988
ap_rst_n	k_gmem_m_axi_U/bus_read/rreq_burst_conv/sect_addr_buf_reg[22]/R	-1.988
ap_rst_n	k_gmem_m_axi_U/bus_read/rreq_burst_conv/sect_addr_buf_reg[23]/R	-1.988
ap_rst_n	k_gmem_m_axi_U/bus_read/rreq_burst_conv/sect_addr_buf_reg[24]/R	-1.988
ap_rst_n	k_gmem_m_axi_U/bus_read/rreq_burst_conv/sect_addr_buf_reg[25]/R	-1.988
ap_rst_n	k_gmem_m_axi_U/bus_read/rreq_burst_conv/sect_cnt_reg[12]/R	-1.988
ap_rst_n	k_gmem_m_axi_U/bus_read/rreq_burst_conv/sect_cnt_reg[13]/R	-1.988
ap_rst_n	k_gmem_m_axi_U/bus_read/rreq_burst_conv/sect_cnt_reg[14]/R	-1.988
ap_rst_n	k_gmem_m_axi_U/bus_read/rreq_burst_conv/sect_cnt_reg[15]/R	-1.988
ap_rst_n	k_gmem_m_axi_U/bus_read/rreq_burst_conv/sect_cnt_reg[16]/R	-1.988
ap_rst_n	k_gmem_m_axi_U/bus_read/rreq_burst_conv/sect_cnt_reg[17]/R	-1.988
ap_rst_n	k_gmem_m_axi_U/load_unit_0/fifo_rreq/U_fifo_srl/dout_reg[26]/R	-1.988
ap_rst_n	k_gmem_m_axi_U/load_unit_0/fifo_rreq/U_fifo_srl/dout_reg[38]/R	-1.988
ap_rst_n	k_gmem_m_axi_U/load_unit_0/fifo_rreq/U_fifo_srl/dout_reg[45]/R	-1.988
ap_rst_n	k_gmem_m_axi_U/load_unit_0/fifo_rreq/U_fifo_srl/dout_reg[55]/R	-1.988
ap_rst_n	k_gmem_m_axi_U/load_unit_0/fifo_rreq/U_fifo_srl/dout_reg[88]/R	-1.988
ap_rst_n	k_gmem_m_axi_U/load_unit_0/fifo_rreq/U_fifo_srl/dout_reg[91]/R	-1.988
ap_rst_n	k_gmem_m_axi_U/load_unit_0/fifo_rreq/empty_n_reg/R	-1.988
ap_rst_n	k_gmem_m_axi_U/load_unit_0/tmp_addr_reg[20]/R	-1.988
ap_rst_n	k_gmem_m_axi_U/load_unit_0/tmp_addr_reg[29]/R	-1.988
ap_rst_n	k_gmem_m_axi_U/load_unit_0/tmp_addr_reg[53]/R	-1.988
ap_rst_n	o_gmem_m_axi_U/bus_write/wreq_throttle/data_fifo/U_fifo_srl/dout_reg[12]/R	-1.988
ap_rst_n	o_gmem_m_axi_U/bus_write/wreq_throttle/data_fifo/U_fifo_srl/dout_reg[54]/R	-1.988
ap_rst_n	o_gmem_m_axi_U/bus_write/wreq_throttle/data_fifo/U_fifo_srl/dout_reg[64]/R	-1.988
ap_rst_n	o_gmem_m_axi_U/bus_write/wreq_throttle/data_fifo/U_fifo_srl/dout_reg[66]/R	-1.988
ap_rst_n	o_gmem_m_axi_U/store_unit_0/fifo_wreq/U_fifo_srl/dout_reg[10]/R	-1.988
ap_rst_n	o_gmem_m_axi_U/store_unit_0/fifo_wreq/U_fifo_srl/dout_reg[7]/R	-1.988
ap_rst_n	o_gmem_m_axi_U/store_unit_0/tmp_addr_reg[17]/R	-1.988
ap_rst_n	o_gmem_m_axi_U/store_unit_0/tmp_addr_reg[7]/R	-1.988
ap_rst_n	q_gmem_m_axi_U/bus_read/fifo_rctl/mOutPtr_reg[0]/R	-1.988
ap_rst_n	q_gmem_m_axi_U/bus_read/fifo_rctl/mOutPtr_reg[1]/R	-1.988
ap_rst_n	q_gmem_m_axi_U/bus_read/fifo_rctl/mOutPtr_reg[2]/R	-1.988
ap_rst_n	q_gmem_m_axi_U/bus_read/fifo_rctl/mOutPtr_reg[3]/R	-1.988
ap_rst_n	q_gmem_m_axi_U/bus_read/fifo_rctl/mOutPtr_reg[4]/R	-1.988
ap_rst_n	q_gmem_m_axi_U/bus_read/rreq_burst_conv/req_handling_reg/R	-1.988
ap_rst_n	q_gmem_m_axi_U/bus_read/rreq_burst_conv/sect_addr_buf_reg[44]/R	-1.988
ap_rst_n	q_gmem_m_axi_U/bus_read/rreq_burst_conv/sect_addr_buf_reg[45]/R	-1.988
ap_rst_n	q_gmem_m_axi_U/bus_read/rreq_burst_conv/sect_addr_buf_reg[46]/R	-1.988
ap_rst_n	q_gmem_m_axi_U/bus_read/rreq_burst_conv/sect_addr_buf_reg[47]/R	-1.988
ap_rst_n	q_gmem_m_axi_U/bus_read/rreq_burst_conv/sect_addr_buf_reg[50]/R	-1.988
ap_rst_n	q_gmem_m_axi_U/bus_read/rreq_burst_conv/sect_addr_buf_reg[51]/R	-1.988
ap_rst_n	q_gmem_m_axi_U/bus_read/rreq_burst_conv/sect_total_reg[0]/R	-1.988
ap_rst_n	q_gmem_m_axi_U/bus_read/rreq_burst_conv/sect_total_reg[1]/R	-1.988
ap_rst_n	q_gmem_m_axi_U/bus_read/rreq_burst_conv/sect_total_reg[2]/R	-1.988
ap_rst_n	q_gmem_m_axi_U/bus_read/rreq_burst_conv/start_addr_reg[56]/R	-1.988
ap_rst_n	q_gmem_m_axi_U/bus_read/rreq_burst_conv/start_addr_reg[57]/R	-1.988
ap_rst_n	q_gmem_m_axi_U/bus_read/rreq_burst_conv/start_addr_reg[58]/R	-1.988
ap_rst_n	q_gmem_m_axi_U/bus_read/rreq_burst_conv/start_addr_reg[59]/R	-1.988
ap_rst_n	q_gmem_m_axi_U/bus_read/rreq_burst_conv/start_addr_reg[60]/R	-1.988
ap_rst_n	q_gmem_m_axi_U/bus_read/rreq_burst_conv/start_addr_reg[61]/R	-1.988
ap_rst_n	q_gmem_m_axi_U/load_unit_0/fifo_rreq/U_fifo_srl/dout_reg[4]/R	-1.988
ap_rst_n	q_gmem_m_axi_U/load_unit_0/fifo_rreq/U_fifo_srl/dout_reg[8]/R	-1.988
ap_rst_n	q_gmem_m_axi_U/load_unit_0/tmp_addr_reg[59]/R	-1.988
s_axi_control_WDATA[14]	control_s_axi_U/int_q_address_reg[46]/D	-1.988
s_axi_control_WDATA[19]	control_s_axi_U/int_v_address_reg[19]/D	-1.988
s_axi_control_WDATA[3]	control_s_axi_U/int_v_address_reg[3]/D	-1.988
ap_rst_n	grp_run_fu_161/grp_runController_fu_106/grp_runQueryTile_fu_142/distributeQueryTile_U0/ap_CS_fsm_reg[2]/R	-1.988
ap_rst_n	v_gmem_m_axi_U/bus_read/rs_rdata/FSM_sequential_state_reg[0]/R	-1.988
ap_rst_n	v_gmem_m_axi_U/load_unit_0/buff_rdata/dout_vld_reg/R	-1.988
s_axi_control_WSTRB[3]	control_s_axi_U/int_sequence_length_reg[26]/D	-1.987
ap_rst_n	k_gmem_m_axi_U/bus_read/rreq_burst_conv/sect_addr_buf_reg[38]/R	-1.987
ap_rst_n	k_gmem_m_axi_U/bus_read/rreq_burst_conv/sect_addr_buf_reg[39]/R	-1.987
ap_rst_n	k_gmem_m_axi_U/bus_read/rreq_burst_conv/sect_addr_buf_reg[40]/R	-1.987
ap_rst_n	k_gmem_m_axi_U/bus_read/rreq_burst_conv/sect_addr_buf_reg[41]/R	-1.987
ap_rst_n	k_gmem_m_axi_U/bus_read/rreq_burst_conv/sect_addr_buf_reg[44]/R	-1.987
ap_rst_n	k_gmem_m_axi_U/bus_read/rreq_burst_conv/sect_addr_buf_reg[45]/R	-1.987
ap_rst_n	o_gmem_m_axi_U/bus_write/wreq_throttle/data_fifo/U_fifo_srl/dout_reg[11]/R	-1.987
ap_rst_n	o_gmem_m_axi_U/bus_write/wreq_throttle/data_fifo/U_fifo_srl/dout_reg[15]/R	-1.987
ap_rst_n	o_gmem_m_axi_U/store_unit_0/tmp_len_reg[18]/R	-1.987
ap_rst_n	o_gmem_m_axi_U/store_unit_0/tmp_len_reg[19]/R	-1.987
ap_rst_n	o_gmem_m_axi_U/store_unit_0/tmp_len_reg[20]/R	-1.987
ap_rst_n	o_gmem_m_axi_U/store_unit_0/tmp_len_reg[21]/R	-1.987
ap_rst_n	q_gmem_m_axi_U/load_unit_0/tmp_len_reg[3]/R	-1.987
ap_rst_n	q_gmem_m_axi_U/load_unit_0/tmp_len_reg[4]/R	-1.987
ap_rst_n	q_gmem_m_axi_U/load_unit_0/tmp_len_reg[5]/R	-1.987
s_axi_control_WDATA[3]	control_s_axi_U/int_q_address_reg[35]/D	-1.987
s_axi_control_WDATA[27]	control_s_axi_U/int_sequence_length_reg[27]/D	-1.987
s_axi_control_WDATA[9]	control_s_axi_U/int_sequence_length_reg[9]/D	-1.987
s_axi_control_WDATA[15]	control_s_axi_U/int_v_address_reg[15]/D	-1.987
ap_rst_n	grp_run_fu_161/grp_runController_fu_106/grp_runQueryTile_fu_142/distributeQueryTile_U0/grp_distributeQueryTile_Pipeline_VITIS_LOOP_498_3_VITIS_LOOP_503_4_VITIS_LOOP_504_5_fu_220/ap_enable_reg_pp0_iter59_reg/R	-1.987
ap_rst_n	grp_run_fu_161/grp_runController_fu_106/grp_runQueryTile_fu_142/distributeQueryTile_U0/grp_distributeQueryTile_Pipeline_VITIS_LOOP_498_3_VITIS_LOOP_503_4_VITIS_LOOP_504_5_fu_220/ap_enable_reg_pp0_iter60_reg/R	-1.987
ap_rst_n	grp_run_fu_161/grp_runController_fu_106/grp_runQueryTile_fu_142/distributeQueryTile_U0/grp_distributeQueryTile_Pipeline_VITIS_LOOP_498_3_VITIS_LOOP_503_4_VITIS_LOOP_504_5_fu_220/ap_enable_reg_pp0_iter61_reg/R	-1.987
ap_rst_n	grp_run_fu_161/grp_runController_fu_106/grp_runQueryTile_fu_142/distributeQueryTile_U0/grp_distributeQueryTile_Pipeline_VITIS_LOOP_498_3_VITIS_LOOP_503_4_VITIS_LOOP_504_5_fu_220/ap_enable_reg_pp0_iter62_reg/R	-1.987
ap_rst_n	grp_run_fu_161/grp_runController_fu_106/grp_runQueryTile_fu_142/distributeQueryTile_U0/grp_distributeQueryTile_Pipeline_VITIS_LOOP_498_3_VITIS_LOOP_503_4_VITIS_LOOP_504_5_fu_220/ap_enable_reg_pp0_iter63_reg/R	-1.987
ap_rst_n	k_gmem_m_axi_U/load_unit_0/fifo_rreq/U_fifo_srl/dout_reg[54]/R	-1.987
ap_rst_n	k_gmem_m_axi_U/load_unit_0/fifo_rreq/U_fifo_srl/dout_reg[56]/R	-1.987
ap_rst_n	k_gmem_m_axi_U/load_unit_0/fifo_rreq/mOutPtr_reg[2]/R	-1.987
ap_rst_n	k_gmem_m_axi_U/load_unit_0/fifo_rreq/mOutPtr_reg[6]/R	-1.987
ap_rst_n	k_gmem_m_axi_U/load_unit_0/fifo_rreq/mOutPtr_reg[7]/R	-1.987
ap_rst_n	k_gmem_m_axi_U/load_unit_0/fifo_rreq/raddr_reg[0]/R	-1.987
ap_rst_n	o_gmem_m_axi_U/bus_write/wreq_burst_conv/sect_total_buf_reg[12]/R	-1.987
ap_rst_n	o_gmem_m_axi_U/bus_write/wreq_burst_conv/sect_total_buf_reg[13]/R	-1.987
ap_rst_n	o_gmem_m_axi_U/bus_write/wreq_burst_conv/sect_total_buf_reg[14]/R	-1.987
ap_rst_n	o_gmem_m_axi_U/bus_write/wreq_burst_conv/sect_total_buf_reg[15]/R	-1.987
ap_rst_n	o_gmem_m_axi_U/bus_write/wreq_throttle/data_fifo/U_fifo_srl/dout_reg[67]/R	-1.987
ap_rst_n	o_gmem_m_axi_U/bus_write/wreq_throttle/data_fifo/U_fifo_srl/dout_reg[70]/R	-1.987
ap_rst_n	o_gmem_m_axi_U/store_unit_0/fifo_wreq/U_fifo_srl/dout_reg[2]/R	-1.987
ap_rst_n	o_gmem_m_axi_U/store_unit_0/tmp_addr_reg[11]/R	-1.987
ap_rst_n	o_gmem_m_axi_U/store_unit_0/tmp_addr_reg[12]/R	-1.987
ap_rst_n	q_gmem_m_axi_U/bus_read/rreq_burst_conv/sect_cnt_reg[32]/R	-1.987
ap_rst_n	q_gmem_m_axi_U/bus_read/rreq_burst_conv/sect_cnt_reg[33]/R	-1.987
ap_rst_n	q_gmem_m_axi_U/bus_read/rreq_burst_conv/sect_cnt_reg[38]/R	-1.987
ap_rst_n	q_gmem_m_axi_U/bus_read/rreq_burst_conv/sect_cnt_reg[39]/R	-1.987
ap_rst_n	q_gmem_m_axi_U/bus_read/rreq_burst_conv/sect_cnt_reg[46]/R	-1.987
ap_rst_n	q_gmem_m_axi_U/bus_read/rreq_burst_conv/sect_cnt_reg[47]/R	-1.987
ap_rst_n	q_gmem_m_axi_U/bus_read/rreq_burst_conv/sect_cnt_reg[48]/R	-1.987
ap_rst_n	q_gmem_m_axi_U/bus_read/rreq_burst_conv/sect_cnt_reg[49]/R	-1.987
ap_rst_n	q_gmem_m_axi_U/bus_read/rreq_burst_conv/sect_total_reg[3]/R	-1.987
ap_rst_n	q_gmem_m_axi_U/bus_read/rreq_burst_conv/sect_total_reg[4]/R	-1.987
ap_rst_n	q_gmem_m_axi_U/bus_read/rreq_burst_conv/sect_total_reg[5]/R	-1.987
ap_rst_n	q_gmem_m_axi_U/bus_read/rreq_burst_conv/sect_total_reg[6]/R	-1.987
ap_rst_n	q_gmem_m_axi_U/bus_read/rreq_burst_conv/start_addr_reg[37]/R	-1.987
ap_rst_n	q_gmem_m_axi_U/bus_read/rreq_burst_conv/start_addr_reg[38]/R	-1.987
ap_rst_n	q_gmem_m_axi_U/bus_read/rreq_burst_conv/start_addr_reg[39]/R	-1.987
ap_rst_n	q_gmem_m_axi_U/bus_read/rreq_burst_conv/start_addr_reg[41]/R	-1.987
ap_rst_n	q_gmem_m_axi_U/bus_read/rreq_burst_conv/start_addr_reg[44]/R	-1.987
ap_rst_n	q_gmem_m_axi_U/bus_read/rreq_burst_conv/start_addr_reg[45]/R	-1.987
ap_rst_n	q_gmem_m_axi_U/bus_read/rreq_burst_conv/start_addr_reg[46]/R	-1.987
ap_rst_n	q_gmem_m_axi_U/bus_read/rreq_burst_conv/start_addr_reg[47]/R	-1.987
ap_rst_n	q_gmem_m_axi_U/bus_read/rreq_burst_conv/start_addr_reg[50]/R	-1.987
ap_rst_n	q_gmem_m_axi_U/bus_read/rreq_burst_conv/start_addr_reg[51]/R	-1.987
ap_rst_n	q_gmem_m_axi_U/load_unit_0/fifo_rreq/U_fifo_srl/dout_reg[12]/R	-1.987
ap_rst_n	o_gmem_m_axi_U/store_unit_0/tmp_len_reg[10]/R	-1.986
ap_rst_n	o_gmem_m_axi_U/store_unit_0/tmp_len_reg[11]/R	-1.986
ap_rst_n	o_gmem_m_axi_U/store_unit_0/tmp_len_reg[12]/R	-1.986
ap_rst_n	o_gmem_m_axi_U/store_unit_0/tmp_len_reg[13]/R	-1.986
ap_rst_n	grp_run_fu_161/grp_runController_fu_106/grp_runQueryTile_fu_142/distributeQueryTile_U0/grp_distributeQueryTile_Pipeline_VITIS_LOOP_498_3_VITIS_LOOP_503_4_VITIS_LOOP_504_5_fu_220/ap_enable_reg_pp0_iter29_reg/R	-1.986
ap_rst_n	grp_run_fu_161/grp_runController_fu_106/grp_runQueryTile_fu_142/distributeQueryTile_U0/grp_distributeQueryTile_Pipeline_VITIS_LOOP_498_3_VITIS_LOOP_503_4_VITIS_LOOP_504_5_fu_220/ap_enable_reg_pp0_iter30_reg/R	-1.986
ap_rst_n	grp_run_fu_161/grp_runController_fu_106/grp_runQueryTile_fu_142/distributeQueryTile_U0/grp_distributeQueryTile_Pipeline_VITIS_LOOP_498_3_VITIS_LOOP_503_4_VITIS_LOOP_504_5_fu_220/ap_enable_reg_pp0_iter31_reg/R	-1.986
ap_rst_n	grp_run_fu_161/grp_runController_fu_106/grp_runQueryTile_fu_142/distributeQueryTile_U0/grp_distributeQueryTile_Pipeline_VITIS_LOOP_498_3_VITIS_LOOP_503_4_VITIS_LOOP_504_5_fu_220/ap_enable_reg_pp0_iter32_reg/R	-1.986
ap_rst_n	grp_run_fu_161/grp_runController_fu_106/grp_runQueryTile_fu_142/distributeQueryTile_U0/grp_distributeQueryTile_Pipeline_VITIS_LOOP_498_3_VITIS_LOOP_503_4_VITIS_LOOP_504_5_fu_220/ap_enable_reg_pp0_iter33_reg/R	-1.986
ap_rst_n	grp_run_fu_161/grp_runController_fu_106/grp_runQueryTile_fu_142/distributeQueryTile_U0/grp_distributeQueryTile_Pipeline_VITIS_LOOP_498_3_VITIS_LOOP_503_4_VITIS_LOOP_504_5_fu_220/ap_enable_reg_pp0_iter68_reg/R	-1.986
ap_rst_n	grp_run_fu_161/grp_runController_fu_106/grp_runQueryTile_fu_142/distributeQueryTile_U0/grp_distributeQueryTile_Pipeline_VITIS_LOOP_498_3_VITIS_LOOP_503_4_VITIS_LOOP_504_5_fu_220/ap_enable_reg_pp0_iter69_reg/R	-1.986
ap_rst_n	grp_run_fu_161/grp_runController_fu_106/grp_runQueryTile_fu_142/distributeQueryTile_U0/grp_distributeQueryTile_Pipeline_VITIS_LOOP_498_3_VITIS_LOOP_503_4_VITIS_LOOP_504_5_fu_220/ap_enable_reg_pp0_iter70_reg/R	-1.986
ap_rst_n	grp_run_fu_161/grp_runController_fu_106/grp_runQueryTile_fu_142/distributeQueryTile_U0/grp_distributeQueryTile_Pipeline_VITIS_LOOP_498_3_VITIS_LOOP_503_4_VITIS_LOOP_504_5_fu_220/ap_enable_reg_pp0_iter71_reg/R	-1.986
ap_rst_n	grp_run_fu_161/grp_runController_fu_106/grp_runQueryTile_fu_142/distributeQueryTile_U0/grp_distributeQueryTile_Pipeline_VITIS_LOOP_498_3_VITIS_LOOP_503_4_VITIS_LOOP_504_5_fu_220/ap_enable_reg_pp0_iter72_reg/R	-1.986
ap_rst_n	grp_run_fu_161/grp_runController_fu_106/grp_runQueryTile_fu_142/distributeQueryTile_U0/grp_distributeQueryTile_Pipeline_VITIS_LOOP_498_3_VITIS_LOOP_503_4_VITIS_LOOP_504_5_fu_220/ap_enable_reg_pp0_iter73_reg/R	-1.986
ap_rst_n	k_gmem_m_axi_U/bus_read/rreq_burst_conv/sect_addr_buf_reg[46]/R	-1.986
ap_rst_n	k_gmem_m_axi_U/bus_read/rreq_burst_conv/sect_addr_buf_reg[47]/R	-1.986
ap_rst_n	k_gmem_m_axi_U/bus_read/rreq_burst_conv/sect_addr_buf_reg[48]/R	-1.986
ap_rst_n	k_gmem_m_axi_U/bus_read/rreq_burst_conv/sect_addr_buf_reg[49]/R	-1.986
ap_rst_n	k_gmem_m_axi_U/bus_read/rreq_burst_conv/sect_addr_buf_reg[50]/R	-1.986
ap_rst_n	k_gmem_m_axi_U/bus_read/rreq_burst_conv/sect_addr_buf_reg[51]/R	-1.986
ap_rst_n	k_gmem_m_axi_U/bus_read/rreq_burst_conv/sect_addr_buf_reg[54]/R	-1.986
ap_rst_n	k_gmem_m_axi_U/bus_read/rreq_burst_conv/sect_addr_buf_reg[55]/R	-1.986
ap_rst_n	o_gmem_m_axi_U/bus_write/wreq_burst_conv/sect_total_buf_reg[4]/R	-1.986
ap_rst_n	o_gmem_m_axi_U/bus_write/wreq_burst_conv/sect_total_buf_reg[5]/R	-1.986
ap_rst_n	o_gmem_m_axi_U/bus_write/wreq_burst_conv/sect_total_buf_reg[6]/R	-1.986
ap_rst_n	o_gmem_m_axi_U/bus_write/wreq_burst_conv/sect_total_buf_reg[7]/R	-1.986
ap_rst_n	o_gmem_m_axi_U/bus_write/wreq_throttle/data_fifo/U_fifo_srl/dout_reg[13]/R	-1.986
ap_rst_n	o_gmem_m_axi_U/bus_write/wreq_throttle/data_fifo/U_fifo_srl/dout_reg[19]/R	-1.986
ap_rst_n	o_gmem_m_axi_U/bus_write/wreq_throttle/data_fifo/U_fifo_srl/dout_reg[29]/R	-1.986
ap_rst_n	o_gmem_m_axi_U/bus_write/wreq_throttle/data_fifo/U_fifo_srl/dout_reg[59]/R	-1.986
ap_rst_n	o_gmem_m_axi_U/bus_write/wreq_throttle/data_fifo/U_fifo_srl/dout_reg[9]/R	-1.986
ap_rst_n	q_gmem_m_axi_U/bus_read/rreq_burst_conv/start_addr_reg[7]/R	-1.986
ap_rst_n	q_gmem_m_axi_U/load_unit_0/fifo_rreq/U_fifo_srl/dout_reg[11]/R	-1.986
ap_rst_n	q_gmem_m_axi_U/load_unit_0/fifo_rreq/U_fifo_srl/dout_reg[22]/R	-1.986
ap_rst_n	q_gmem_m_axi_U/load_unit_0/fifo_rreq/U_fifo_srl/dout_reg[41]/R	-1.986
ap_rst_n	q_gmem_m_axi_U/load_unit_0/fifo_rreq/U_fifo_srl/dout_reg[57]/R	-1.986
ap_rst_n	q_gmem_m_axi_U/load_unit_0/tmp_addr_reg[49]/R	-1.986
ap_rst_n	q_gmem_m_axi_U/load_unit_0/tmp_addr_reg[50]/R	-1.986
ap_rst_n	v_gmem_m_axi_U/load_unit_0/buff_rdata/raddr_reg[8]/R	-1.986
ap_rst_n	v_gmem_m_axi_U/load_unit_0/buff_rdata/raddr_reg[9]/R	-1.986
ap_rst_n	grp_run_fu_161/grp_runController_fu_106/grp_runQueryTile_fu_142/distributeQueryTile_U0/grp_distributeQueryTile_Pipeline_VITIS_LOOP_498_3_VITIS_LOOP_503_4_VITIS_LOOP_504_5_fu_220/ap_enable_reg_pp0_iter3_reg/R	-1.986
ap_rst_n	grp_run_fu_161/grp_runController_fu_106/grp_runQueryTile_fu_142/distributeQueryTile_U0/grp_distributeQueryTile_Pipeline_VITIS_LOOP_498_3_VITIS_LOOP_503_4_VITIS_LOOP_504_5_fu_220/ap_enable_reg_pp0_iter55_reg/R	-1.986
ap_rst_n	grp_run_fu_161/grp_runController_fu_106/grp_runQueryTile_fu_142/distributeQueryTile_U0/grp_distributeQueryTile_Pipeline_VITIS_LOOP_498_3_VITIS_LOOP_503_4_VITIS_LOOP_504_5_fu_220/ap_enable_reg_pp0_iter56_reg/R	-1.986
ap_rst_n	grp_run_fu_161/grp_runController_fu_106/grp_runQueryTile_fu_142/distributeQueryTile_U0/grp_distributeQueryTile_Pipeline_VITIS_LOOP_498_3_VITIS_LOOP_503_4_VITIS_LOOP_504_5_fu_220/ap_enable_reg_pp0_iter57_reg/R	-1.986
ap_rst_n	grp_run_fu_161/grp_runController_fu_106/grp_runQueryTile_fu_142/distributeQueryTile_U0/grp_distributeQueryTile_Pipeline_VITIS_LOOP_498_3_VITIS_LOOP_503_4_VITIS_LOOP_504_5_fu_220/ap_enable_reg_pp0_iter58_reg/R	-1.986
ap_rst_n	q_gmem_m_axi_U/bus_read/rreq_burst_conv/beat_len_reg[6]/R	-1.986
ap_rst_n	q_gmem_m_axi_U/bus_read/rreq_burst_conv/beat_len_reg[7]/R	-1.986
ap_rst_n	q_gmem_m_axi_U/bus_read/rreq_burst_conv/beat_len_reg[8]/R	-1.986
ap_rst_n	q_gmem_m_axi_U/bus_read/rreq_burst_conv/start_addr_reg[11]/R	-1.986
ap_rst_n	q_gmem_m_axi_U/bus_read/rreq_burst_conv/start_addr_reg[3]/R	-1.986
ap_rst_n	q_gmem_m_axi_U/bus_read/rreq_burst_conv/start_to_4k_reg[7]/R	-1.986
ap_rst_n	grp_run_fu_161/grp_runController_fu_106/grp_runQueryTile_fu_142/distributeQueryTile_U0/ap_CS_fsm_reg[10]/R	-1.985
ap_rst_n	grp_run_fu_161/grp_runController_fu_106/grp_runQueryTile_fu_142/distributeQueryTile_U0/ap_CS_fsm_reg[12]/R	-1.985
ap_rst_n	grp_run_fu_161/grp_runController_fu_106/grp_runQueryTile_fu_142/distributeQueryTile_U0/ap_CS_fsm_reg[13]/R	-1.985
ap_rst_n	grp_run_fu_161/grp_runController_fu_106/grp_runQueryTile_fu_142/distributeQueryTile_U0/ap_CS_fsm_reg[16]/R	-1.985
ap_rst_n	grp_run_fu_161/grp_runController_fu_106/grp_runQueryTile_fu_142/distributeQueryTile_U0/ap_CS_fsm_reg[17]/R	-1.985
ap_rst_n	grp_run_fu_161/grp_runController_fu_106/grp_runQueryTile_fu_142/distributeQueryTile_U0/ap_CS_fsm_reg[18]/R	-1.985
ap_rst_n	grp_run_fu_161/grp_runController_fu_106/grp_runQueryTile_fu_142/distributeQueryTile_U0/ap_CS_fsm_reg[19]/R	-1.985
ap_rst_n	grp_run_fu_161/grp_runController_fu_106/grp_runQueryTile_fu_142/distributeQueryTile_U0/ap_CS_fsm_reg[9]/R	-1.985
ap_rst_n	o_gmem_m_axi_U/store_unit_0/tmp_len_reg[3]/R	-1.985
ap_rst_n	o_gmem_m_axi_U/store_unit_0/tmp_len_reg[4]/R	-1.985
ap_rst_n	o_gmem_m_axi_U/store_unit_0/tmp_len_reg[5]/R	-1.985
ap_rst_n	q_gmem_m_axi_U/bus_read/rreq_burst_conv/sect_cnt_reg[50]/R	-1.985
ap_rst_n	q_gmem_m_axi_U/bus_read/rreq_burst_conv/sect_cnt_reg[51]/R	-1.985
ap_rst_n	q_gmem_m_axi_U/bus_read/rreq_burst_conv/start_addr_reg[28]/R	-1.985
ap_rst_n	q_gmem_m_axi_U/bus_read/rreq_burst_conv/start_addr_reg[30]/R	-1.985
ap_rst_n	q_gmem_m_axi_U/bus_read/rreq_burst_conv/start_addr_reg[31]/R	-1.985
ap_rst_n	q_gmem_m_axi_U/load_unit_0/fifo_rreq/U_fifo_srl/dout_reg[58]/R	-1.985
s_axi_control_RREADY	control_s_axi_U/FSM_onehot_rstate_reg[2]/D	-1.985
ap_rst_n	grp_run_fu_161/grp_runController_fu_106/grp_runQueryTile_fu_142/distributeQueryTile_U0/grp_distributeQueryTile_Pipeline_VITIS_LOOP_498_3_VITIS_LOOP_503_4_VITIS_LOOP_504_5_fu_220/ap_enable_reg_pp0_iter64_reg/R	-1.985
ap_rst_n	grp_run_fu_161/grp_runController_fu_106/grp_runQueryTile_fu_142/distributeQueryTile_U0/grp_distributeQueryTile_Pipeline_VITIS_LOOP_498_3_VITIS_LOOP_503_4_VITIS_LOOP_504_5_fu_220/ap_enable_reg_pp0_iter65_reg/R	-1.985
ap_rst_n	grp_run_fu_161/grp_runController_fu_106/grp_runQueryTile_fu_142/distributeQueryTile_U0/grp_distributeQueryTile_Pipeline_VITIS_LOOP_498_3_VITIS_LOOP_503_4_VITIS_LOOP_504_5_fu_220/ap_enable_reg_pp0_iter66_reg/R	-1.985
ap_rst_n	grp_run_fu_161/grp_runController_fu_106/grp_runQueryTile_fu_142/distributeQueryTile_U0/grp_distributeQueryTile_Pipeline_VITIS_LOOP_498_3_VITIS_LOOP_503_4_VITIS_LOOP_504_5_fu_220/ap_enable_reg_pp0_iter67_reg/R	-1.985
ap_rst_n	grp_run_fu_161/grp_runController_fu_106/grp_runQueryTile_fu_142/gatherQueryTile_U0/grp_storeOutputTile_fu_118/grp_storeOutputTile_Pipeline_VITIS_LOOP_76_1_fu_89_ap_start_reg_reg/R	-1.985
ap_rst_n	k_gmem_m_axi_U/load_unit_0/tmp_len_reg[30]/R	-1.985
ap_rst_n	k_gmem_m_axi_U/load_unit_0/tmp_len_reg[31]/R	-1.985
ap_rst_n	o_gmem_m_axi_U/bus_write/wreq_throttle/data_fifo/U_fifo_srl/dout_reg[39]/R	-1.985
ap_rst_n	o_gmem_m_axi_U/bus_write/wreq_throttle/data_fifo/U_fifo_srl/dout_reg[45]/R	-1.985
ap_rst_n	o_gmem_m_axi_U/store_unit_0/buff_wdata/mOutPtr_reg[2]/R	-1.985
ap_rst_n	o_gmem_m_axi_U/store_unit_0/buff_wdata/mOutPtr_reg[5]/R	-1.985
ap_rst_n	o_gmem_m_axi_U/store_unit_0/buff_wdata/mOutPtr_reg[6]/R	-1.985
ap_rst_n	o_gmem_m_axi_U/store_unit_0/fifo_wreq/U_fifo_srl/dout_reg[1]/R	-1.985
ap_rst_n	o_gmem_m_axi_U/store_unit_0/fifo_wreq/U_fifo_srl/dout_reg[3]/R	-1.985
ap_rst_n	q_gmem_m_axi_U/bus_read/rreq_burst_conv/beat_len_reg[0]/R	-1.985
ap_rst_n	q_gmem_m_axi_U/bus_read/rreq_burst_conv/beat_len_reg[5]/R	-1.985
ap_rst_n	q_gmem_m_axi_U/bus_read/rreq_burst_conv/could_multi_bursts.addr_step_reg[3]/R	-1.985
ap_rst_n	q_gmem_m_axi_U/bus_read/rreq_burst_conv/could_multi_bursts.addr_step_reg[4]/R	-1.985
ap_rst_n	q_gmem_m_axi_U/bus_read/rreq_burst_conv/could_multi_bursts.addr_step_reg[8]/R	-1.985
ap_rst_n	q_gmem_m_axi_U/bus_read/rreq_burst_conv/could_multi_bursts.addr_step_reg[9]/R	-1.985
ap_rst_n	q_gmem_m_axi_U/bus_read/rreq_burst_conv/could_multi_bursts.len_buf_reg[0]/R	-1.985
ap_rst_n	q_gmem_m_axi_U/bus_read/rreq_burst_conv/could_multi_bursts.len_buf_reg[3]/R	-1.985
ap_rst_n	q_gmem_m_axi_U/bus_read/rreq_burst_conv/could_multi_bursts.len_buf_reg[4]/R	-1.985
ap_rst_n	q_gmem_m_axi_U/bus_read/rreq_burst_conv/sect_cnt_reg[24]/R	-1.985
ap_rst_n	q_gmem_m_axi_U/bus_read/rreq_burst_conv/sect_cnt_reg[25]/R	-1.985
ap_rst_n	q_gmem_m_axi_U/bus_read/rreq_burst_conv/sect_cnt_reg[28]/R	-1.985
ap_rst_n	q_gmem_m_axi_U/bus_read/rreq_burst_conv/sect_cnt_reg[29]/R	-1.985
ap_rst_n	q_gmem_m_axi_U/bus_read/rreq_burst_conv/sect_len_buf_reg[0]/R	-1.985
ap_rst_n	q_gmem_m_axi_U/bus_read/rreq_burst_conv/sect_len_buf_reg[5]/R	-1.985
s_axi_control_WDATA[14]	control_s_axi_U/int_v_address_reg[46]/D	-1.985
s_axi_control_WDATA[3]	control_s_axi_U/int_sequence_length_reg[3]/D	-1.984
ap_rst_n	q_gmem_m_axi_U/bus_read/rreq_burst_conv/could_multi_bursts.last_loop_reg/R	-1.984
ap_rst_n	q_gmem_m_axi_U/bus_read/rreq_burst_conv/could_multi_bursts.loop_cnt_reg[0]/R	-1.984
ap_rst_n	q_gmem_m_axi_U/bus_read/rreq_burst_conv/could_multi_bursts.loop_cnt_reg[1]/R	-1.984
ap_rst_n	q_gmem_m_axi_U/bus_read/rreq_burst_conv/sect_addr_buf_reg[14]/R	-1.984
ap_rst_n	q_gmem_m_axi_U/bus_read/rreq_burst_conv/sect_addr_buf_reg[15]/R	-1.984
ap_rst_n	q_gmem_m_axi_U/bus_read/rreq_burst_conv/sect_addr_buf_reg[24]/R	-1.984
ap_rst_n	q_gmem_m_axi_U/bus_read/rreq_burst_conv/sect_addr_buf_reg[25]/R	-1.984
ap_rst_n	q_gmem_m_axi_U/bus_read/rreq_burst_conv/sect_addr_buf_reg[28]/R	-1.984
ap_rst_n	q_gmem_m_axi_U/bus_read/rreq_burst_conv/sect_addr_buf_reg[29]/R	-1.984
ap_rst_n	q_gmem_m_axi_U/bus_read/rreq_burst_conv/sect_addr_buf_reg[30]/R	-1.984
ap_rst_n	q_gmem_m_axi_U/bus_read/rreq_burst_conv/sect_addr_buf_reg[31]/R	-1.984
ap_rst_n	q_gmem_m_axi_U/bus_read/rreq_burst_conv/start_addr_reg[62]/R	-1.984
ap_rst_n	q_gmem_m_axi_U/bus_read/rreq_burst_conv/start_addr_reg[63]/R	-1.984
ap_rst_n	q_gmem_m_axi_U/bus_read/rreq_burst_conv/start_to_4k_reg[0]/R	-1.984
ap_rst_n	q_gmem_m_axi_U/bus_read/rreq_burst_conv/start_to_4k_reg[5]/R	-1.984
ap_rst_n	v_gmem_m_axi_U/load_unit_0/buff_rdata/waddr_reg[0]/R	-1.984
ap_rst_n	v_gmem_m_axi_U/load_unit_0/buff_rdata/waddr_reg[8]/R	-1.984
ap_rst_n	v_gmem_m_axi_U/load_unit_0/buff_rdata/waddr_reg[9]/R	-1.984
ap_rst_n	v_gmem_m_axi_U/load_unit_0/ready_for_outstanding_reg/R	-1.984
s_axi_control_WDATA[19]	control_s_axi_U/int_sequence_length_reg[19]/D	-1.984
s_axi_control_WDATA[29]	control_s_axi_U/int_sequence_length_reg[29]/D	-1.984
ap_rst_n	k_gmem_m_axi_U/load_unit_0/tmp_addr_reg[28]/R	-1.984
ap_rst_n	o_gmem_m_axi_U/store_unit_0/tmp_addr_reg[13]/R	-1.984
ap_rst_n	o_gmem_m_axi_U/store_unit_0/tmp_addr_reg[4]/R	-1.984
ap_rst_n	o_gmem_m_axi_U/store_unit_0/tmp_addr_reg[5]/R	-1.984
ap_rst_n	o_gmem_m_axi_U/store_unit_0/tmp_addr_reg[6]/R	-1.984
ap_rst_n	q_gmem_m_axi_U/bus_read/rreq_burst_conv/could_multi_bursts.addr_buf_reg[55]/R	-1.984
ap_rst_n	q_gmem_m_axi_U/bus_read/rreq_burst_conv/could_multi_bursts.addr_buf_reg[56]/R	-1.984
ap_rst_n	q_gmem_m_axi_U/bus_read/rreq_burst_conv/could_multi_bursts.addr_buf_reg[57]/R	-1.984
ap_rst_n	q_gmem_m_axi_U/bus_read/rreq_burst_conv/could_multi_bursts.addr_buf_reg[58]/R	-1.984
ap_rst_n	q_gmem_m_axi_U/bus_read/rreq_burst_conv/could_multi_bursts.addr_buf_reg[63]/R	-1.984
m_axi_q_gmem_ARREADY	q_gmem_m_axi_U/bus_read/rreq_burst_conv/could_multi_bursts.sect_handling_reg/D	-1.984
ap_rst_n	q_gmem_m_axi_U/bus_read/rreq_burst_conv/last_sect_buf_reg/R	-1.984
ap_rst_n	q_gmem_m_axi_U/bus_read/rreq_burst_conv/rs_req/FSM_sequential_state_reg[0]/R	-1.984
ap_rst_n	q_gmem_m_axi_U/bus_read/rreq_burst_conv/rs_req/state_reg[0]/R	-1.984
ap_rst_n	q_gmem_m_axi_U/bus_read/rreq_burst_conv/rs_req/state_reg[1]/S	-1.984
ap_rst_n	q_gmem_m_axi_U/bus_read/rreq_burst_conv/start_addr_reg[5]/R	-1.984
ap_rst_n	q_gmem_m_axi_U/bus_read/rreq_burst_conv/start_addr_reg[8]/R	-1.984
ap_rst_n	q_gmem_m_axi_U/load_unit_0/fifo_rreq/U_fifo_srl/dout_reg[2]/R	-1.984
ap_rst_n	q_gmem_m_axi_U/load_unit_0/tmp_addr_reg[61]/R	-1.984
ap_rst_n	o_gmem_m_axi_U/bus_write/wreq_burst_conv/sect_total_buf_reg[16]/R	-1.983
ap_rst_n	o_gmem_m_axi_U/bus_write/wreq_burst_conv/sect_total_buf_reg[17]/R	-1.983
ap_rst_n	o_gmem_m_axi_U/bus_write/wreq_burst_conv/sect_total_buf_reg[18]/R	-1.983
ap_rst_n	o_gmem_m_axi_U/bus_write/wreq_burst_conv/sect_total_buf_reg[19]/R	-1.983
m_axi_v_gmem_ARREADY	v_gmem_m_axi_U/bus_read/rreq_burst_conv/could_multi_bursts.burst_valid_reg/D	-1.983
s_axi_control_WDATA[1]	control_s_axi_U/int_v_address_reg[33]/D	-1.983
ap_rst_n	grp_run_fu_161/grp_runController_fu_106/grp_runQueryTile_fu_142/kv1_U/addr_reg[0]/R	-1.983
ap_rst_n	grp_run_fu_161/grp_runController_fu_106/grp_runQueryTile_fu_142/kv1_U/addr_reg[1]/R	-1.983
ap_rst_n	grp_run_fu_161/grp_runController_fu_106/grp_runQueryTile_fu_142/kv1_U/addr_reg[2]/R	-1.983
ap_rst_n	q_gmem_m_axi_U/bus_read/rreq_burst_conv/could_multi_bursts.addr_buf_reg[47]/R	-1.983
ap_rst_n	q_gmem_m_axi_U/bus_read/rreq_burst_conv/could_multi_bursts.addr_buf_reg[48]/R	-1.983
ap_rst_n	q_gmem_m_axi_U/bus_read/rreq_burst_conv/could_multi_bursts.addr_buf_reg[49]/R	-1.983
ap_rst_n	q_gmem_m_axi_U/bus_read/rreq_burst_conv/could_multi_bursts.addr_buf_reg[50]/R	-1.983
ap_rst_n	q_gmem_m_axi_U/bus_read/rreq_burst_conv/could_multi_bursts.len_buf_reg[5]/R	-1.983
ap_rst_n	q_gmem_m_axi_U/bus_read/rreq_burst_conv/end_from_4k_reg[4]/R	-1.983
ap_rst_n	q_gmem_m_axi_U/bus_read/rreq_burst_conv/end_from_4k_reg[5]/R	-1.983
ap_rst_n	q_gmem_m_axi_U/bus_read/rreq_burst_conv/end_from_4k_reg[6]/R	-1.983
ap_rst_n	q_gmem_m_axi_U/bus_read/rreq_burst_conv/end_from_4k_reg[7]/R	-1.983
ap_rst_n	q_gmem_m_axi_U/bus_read/rreq_burst_conv/start_addr_reg[12]/R	-1.983
ap_rst_n	q_gmem_m_axi_U/bus_read/rreq_burst_conv/start_addr_reg[13]/R	-1.983
ap_rst_n	q_gmem_m_axi_U/bus_read/rreq_burst_conv/start_addr_reg[14]/R	-1.983
ap_rst_n	q_gmem_m_axi_U/bus_read/rreq_burst_conv/start_addr_reg[15]/R	-1.983
ap_rst_n	q_gmem_m_axi_U/bus_read/rreq_burst_conv/start_addr_reg[24]/R	-1.983
ap_rst_n	q_gmem_m_axi_U/bus_read/rreq_burst_conv/start_addr_reg[25]/R	-1.983
ap_rst_n	q_gmem_m_axi_U/bus_read/rreq_burst_conv/start_addr_reg[4]/R	-1.983
ap_rst_n	q_gmem_m_axi_U/bus_read/rreq_burst_conv/start_addr_reg[6]/R	-1.983
ap_rst_n	q_gmem_m_axi_U/load_unit_0/fifo_rreq/U_fifo_srl/dout_reg[34]/R	-1.983
ap_rst_n	q_gmem_m_axi_U/load_unit_0/fifo_rreq/U_fifo_srl/dout_reg[68]/R	-1.983
ap_rst_n	q_gmem_m_axi_U/load_unit_0/tmp_addr_reg[36]/R	-1.983
ap_rst_n	q_gmem_m_axi_U/load_unit_0/tmp_addr_reg[40]/R	-1.983
ap_rst_n	q_gmem_m_axi_U/load_unit_0/tmp_addr_reg[45]/R	-1.983
ap_rst_n	q_gmem_m_axi_U/load_unit_0/tmp_addr_reg[57]/R	-1.983
ap_rst_n	v_gmem_m_axi_U/bus_read/rs_rdata/FSM_sequential_state_reg[1]/R	-1.983
ap_rst_n	v_gmem_m_axi_U/bus_read/rs_rdata/s_ready_t_reg/R	-1.983
ap_rst_n	v_gmem_m_axi_U/bus_read/rs_rdata/state_reg[0]/R	-1.983
ap_rst_n	v_gmem_m_axi_U/bus_read/rs_rdata/state_reg[1]/S	-1.983
ap_rst_n	v_gmem_m_axi_U/load_unit_0/buff_rdata/waddr_reg[1]/R	-1.983
ap_rst_n	v_gmem_m_axi_U/load_unit_0/buff_rdata/waddr_reg[2]/R	-1.983
ap_rst_n	v_gmem_m_axi_U/load_unit_0/buff_rdata/waddr_reg[6]/R	-1.983
ap_rst_n	v_gmem_m_axi_U/load_unit_0/buff_rdata/waddr_reg[7]/R	-1.983
s_axi_control_WDATA[11]	control_s_axi_U/int_v_address_reg[11]/D	-1.983
s_axi_control_WDATA[17]	control_s_axi_U/int_v_address_reg[17]/D	-1.983
s_axi_control_ARADDR[1]	control_s_axi_U/rdata_reg[9]/D	-1.983
ap_rst_n	k_gmem_m_axi_U/load_unit_0/fifo_rreq/U_fifo_srl/dout_reg[58]/R	-1.982
ap_rst_n	k_gmem_m_axi_U/load_unit_0/tmp_addr_reg[60]/R	-1.982
ap_rst_n	o_gmem_m_axi_U/bus_write/wreq_burst_conv/sect_total_buf_reg[10]/R	-1.982
ap_rst_n	o_gmem_m_axi_U/bus_write/wreq_burst_conv/sect_total_buf_reg[11]/R	-1.982
ap_rst_n	o_gmem_m_axi_U/bus_write/wreq_burst_conv/sect_total_buf_reg[8]/R	-1.982
ap_rst_n	o_gmem_m_axi_U/bus_write/wreq_burst_conv/sect_total_buf_reg[9]/R	-1.982
ap_rst_n	q_gmem_m_axi_U/bus_read/rreq_burst_conv/sect_addr_buf_reg[38]/R	-1.982
ap_rst_n	q_gmem_m_axi_U/bus_read/rreq_burst_conv/sect_addr_buf_reg[39]/R	-1.982
ap_rst_n	q_gmem_m_axi_U/load_unit_0/fifo_rreq/U_fifo_srl/dout_reg[48]/R	-1.982
s_axi_control_WDATA[16]	control_s_axi_U/int_k_address_reg[16]/D	-1.982
s_axi_control_WDATA[18]	control_s_axi_U/int_q_address_reg[50]/D	-1.982
s_axi_control_WDATA[24]	control_s_axi_U/int_q_address_reg[56]/D	-1.982
s_axi_control_WDATA[21]	control_s_axi_U/int_v_address_reg[21]/D	-1.982
ap_rst_n	grp_run_fu_161/grp_runController_fu_106/grp_runQueryTile_fu_142/distributeQueryTile_U0/grp_distributeQueryTile_Pipeline_VITIS_LOOP_498_3_VITIS_LOOP_503_4_VITIS_LOOP_504_5_fu_220/ap_enable_reg_pp0_iter38_reg/R	-1.982
ap_rst_n	grp_run_fu_161/grp_runController_fu_106/grp_runQueryTile_fu_142/header0_U/empty_n_reg/R	-1.982
ap_rst_n	grp_run_fu_161/grp_runController_fu_106/grp_runQueryTile_fu_142/header0_U/full_n_reg/S	-1.982
ap_rst_n	grp_run_fu_161/grp_runController_fu_106/grp_runQueryTile_fu_142/header0_U/mOutPtr_reg[0]/R	-1.982
ap_rst_n	grp_run_fu_161/grp_runController_fu_106/grp_runQueryTile_fu_142/header0_U/mOutPtr_reg[1]/R	-1.982
ap_rst_n	k_gmem_m_axi_U/load_unit_0/tmp_addr_reg[39]/R	-1.982
ap_rst_n	k_gmem_m_axi_U/load_unit_0/tmp_addr_reg[41]/R	-1.982
ap_rst_n	k_gmem_m_axi_U/load_unit_0/tmp_addr_reg[44]/R	-1.982
ap_rst_n	q_gmem_m_axi_U/bus_read/rreq_burst_conv/beat_len_reg[1]/R	-1.982
ap_rst_n	q_gmem_m_axi_U/bus_read/rreq_burst_conv/beat_len_reg[2]/R	-1.982
ap_rst_n	q_gmem_m_axi_U/bus_read/rreq_burst_conv/beat_len_reg[3]/R	-1.982
ap_rst_n	q_gmem_m_axi_U/bus_read/rreq_burst_conv/beat_len_reg[4]/R	-1.982
ap_rst_n	q_gmem_m_axi_U/bus_read/rreq_burst_conv/could_multi_bursts.addr_buf_reg[39]/R	-1.982
ap_rst_n	q_gmem_m_axi_U/bus_read/rreq_burst_conv/could_multi_bursts.addr_buf_reg[40]/R	-1.982
ap_rst_n	q_gmem_m_axi_U/bus_read/rreq_burst_conv/could_multi_bursts.addr_buf_reg[41]/R	-1.982
ap_rst_n	q_gmem_m_axi_U/bus_read/rreq_burst_conv/could_multi_bursts.addr_buf_reg[42]/R	-1.982
ap_rst_n	q_gmem_m_axi_U/bus_read/rreq_burst_conv/sect_addr_buf_reg[12]/R	-1.982
ap_rst_n	q_gmem_m_axi_U/bus_read/rreq_burst_conv/sect_addr_buf_reg[13]/R	-1.982
ap_rst_n	q_gmem_m_axi_U/bus_read/rreq_burst_conv/start_to_4k_reg[3]/R	-1.982
ap_rst_n	q_gmem_m_axi_U/bus_read/rreq_burst_conv/start_to_4k_reg[4]/R	-1.982
s_axi_control_WDATA[16]	control_s_axi_U/int_v_address_reg[48]/D	-1.982
ap_rst_n	o_gmem_m_axi_U/bus_write/wreq_burst_conv/sect_total_buf_reg[0]/R	-1.981
ap_rst_n	o_gmem_m_axi_U/bus_write/wreq_burst_conv/sect_total_buf_reg[1]/R	-1.981
ap_rst_n	o_gmem_m_axi_U/bus_write/wreq_burst_conv/sect_total_buf_reg[2]/R	-1.981
ap_rst_n	o_gmem_m_axi_U/bus_write/wreq_burst_conv/sect_total_buf_reg[3]/R	-1.981
s_axi_control_WDATA[1]	control_s_axi_U/int_sequence_length_reg[1]/D	-1.981
ap_rst_n	grp_run_fu_161/grp_runController_fu_106/grp_runQueryTile_fu_142/kv1_U/mOutPtr_reg[0]/R	-1.981
ap_rst_n	grp_run_fu_161/grp_runController_fu_106/grp_runQueryTile_fu_142/start_for_runQueryBlock_0_U0_U/empty_n_reg/R	-1.981
ap_rst_n	grp_run_fu_161/grp_runController_fu_106/grp_runQueryTile_fu_142/start_for_runQueryBlock_0_U0_U/full_n_reg/S	-1.981
ap_rst_n	q_gmem_m_axi_U/bus_read/rreq_burst_conv/could_multi_bursts.addr_buf_reg[31]/R	-1.981
ap_rst_n	q_gmem_m_axi_U/bus_read/rreq_burst_conv/could_multi_bursts.addr_buf_reg[32]/R	-1.981
ap_rst_n	q_gmem_m_axi_U/bus_read/rreq_burst_conv/could_multi_bursts.addr_buf_reg[33]/R	-1.981
ap_rst_n	q_gmem_m_axi_U/bus_read/rreq_burst_conv/could_multi_bursts.addr_buf_reg[34]/R	-1.981
ap_rst_n	q_gmem_m_axi_U/load_unit_0/tmp_addr_reg[14]/R	-1.981
ap_rst_n	q_gmem_m_axi_U/load_unit_0/tmp_addr_reg[25]/R	-1.981
ap_rst_n	q_gmem_m_axi_U/load_unit_0/tmp_addr_reg[4]/R	-1.981
s_axi_control_WDATA[21]	control_s_axi_U/int_sequence_length_reg[21]/D	-1.981
ap_rst_n	grp_run_fu_161/grp_runController_fu_106/grp_runQueryTile_fu_142/distributeQueryTile_U0/grp_distributeQueryTile_Pipeline_VITIS_LOOP_498_3_VITIS_LOOP_503_4_VITIS_LOOP_504_5_fu_220/ap_enable_reg_pp0_iter39_reg/R	-1.981
ap_rst_n	grp_run_fu_161/grp_runController_fu_106/grp_runQueryTile_fu_142/header0_U/mOutPtr_reg[2]/R	-1.981
ap_rst_n	k_gmem_m_axi_U/load_unit_0/fifo_rreq/U_fifo_srl/dout_reg[85]/R	-1.980
ap_rst_n	k_gmem_m_axi_U/load_unit_0/fifo_rreq/U_fifo_srl/dout_reg[87]/R	-1.980
ap_rst_n	k_gmem_m_axi_U/load_unit_0/fifo_rreq/U_fifo_srl/dout_reg[94]/R	-1.980
ap_rst_n	k_gmem_m_axi_U/load_unit_0/tmp_len_reg[26]/R	-1.980
ap_rst_n	k_gmem_m_axi_U/load_unit_0/tmp_len_reg[27]/R	-1.980
ap_rst_n	k_gmem_m_axi_U/load_unit_0/tmp_len_reg[28]/R	-1.980
ap_rst_n	k_gmem_m_axi_U/load_unit_0/tmp_len_reg[29]/R	-1.980
ap_rst_n	o_gmem_m_axi_U/store_unit_0/buff_wdata/empty_n_reg/R	-1.980
ap_rst_n	o_gmem_m_axi_U/store_unit_0/buff_wdata/mOutPtr_reg[0]/R	-1.980
ap_rst_n	o_gmem_m_axi_U/store_unit_0/buff_wdata/mOutPtr_reg[1]/R	-1.980
ap_rst_n	o_gmem_m_axi_U/store_unit_0/buff_wdata/mOutPtr_reg[3]/R	-1.980
ap_rst_n	o_gmem_m_axi_U/store_unit_0/buff_wdata/mOutPtr_reg[4]/R	-1.980
ap_rst_n	q_gmem_m_axi_U/load_unit_0/fifo_rreq/U_fifo_srl/dout_reg[55]/R	-1.980
ap_rst_n	q_gmem_m_axi_U/load_unit_0/tmp_addr_reg[58]/R	-1.980
s_axi_control_WDATA[0]	control_s_axi_U/int_o_address_reg[32]/D	-1.980
s_axi_control_WDATA[2]	control_s_axi_U/int_o_address_reg[34]/D	-1.980
s_axi_control_WDATA[20]	control_s_axi_U/int_o_address_reg[52]/D	-1.980
ap_rst_n	grp_run_fu_161/grp_runController_fu_106/grp_runQueryTile_fu_142/distributeQueryTile_U0/grp_distributeQueryTile_Pipeline_VITIS_LOOP_498_3_VITIS_LOOP_503_4_VITIS_LOOP_504_5_fu_220/ap_enable_reg_pp0_iter51_reg/R	-1.980
ap_rst_n	grp_run_fu_161/grp_runController_fu_106/grp_runQueryTile_fu_142/distributeQueryTile_U0/grp_distributeQueryTile_Pipeline_VITIS_LOOP_498_3_VITIS_LOOP_503_4_VITIS_LOOP_504_5_fu_220/ap_enable_reg_pp0_iter52_reg/R	-1.980
ap_rst_n	grp_run_fu_161/grp_runController_fu_106/grp_runQueryTile_fu_142/distributeQueryTile_U0/grp_distributeQueryTile_Pipeline_VITIS_LOOP_498_3_VITIS_LOOP_503_4_VITIS_LOOP_504_5_fu_220/ap_enable_reg_pp0_iter53_reg/R	-1.980
ap_rst_n	grp_run_fu_161/grp_runController_fu_106/grp_runQueryTile_fu_142/distributeQueryTile_U0/grp_distributeQueryTile_Pipeline_VITIS_LOOP_498_3_VITIS_LOOP_503_4_VITIS_LOOP_504_5_fu_220/ap_enable_reg_pp0_iter54_reg/R	-1.980
ap_rst_n	grp_run_fu_161/grp_runController_fu_106/grp_runQueryTile_fu_142/kv1_U/empty_n_reg/R	-1.980
ap_rst_n	q_gmem_m_axi_U/bus_read/rreq_burst_conv/could_multi_bursts.addr_buf_reg[23]/R	-1.980
ap_rst_n	q_gmem_m_axi_U/bus_read/rreq_burst_conv/could_multi_bursts.addr_buf_reg[24]/R	-1.980
ap_rst_n	q_gmem_m_axi_U/bus_read/rreq_burst_conv/could_multi_bursts.addr_buf_reg[25]/R	-1.980
ap_rst_n	q_gmem_m_axi_U/bus_read/rreq_burst_conv/could_multi_bursts.addr_buf_reg[26]/R	-1.980
ap_rst_n	q_gmem_m_axi_U/bus_read/rreq_burst_conv/sect_total_buf_reg[12]/R	-1.980
ap_rst_n	q_gmem_m_axi_U/bus_read/rreq_burst_conv/sect_total_buf_reg[13]/R	-1.980
ap_rst_n	q_gmem_m_axi_U/bus_read/rreq_burst_conv/sect_total_buf_reg[14]/R	-1.980
ap_rst_n	q_gmem_m_axi_U/bus_read/rreq_burst_conv/sect_total_buf_reg[15]/R	-1.980
ap_rst_n	q_gmem_m_axi_U/load_unit_0/fifo_rreq/U_fifo_srl/dout_reg[14]/R	-1.980
ap_rst_n	q_gmem_m_axi_U/load_unit_0/fifo_rreq/U_fifo_srl/dout_reg[15]/R	-1.980
ap_rst_n	q_gmem_m_axi_U/load_unit_0/fifo_rreq/U_fifo_srl/dout_reg[18]/R	-1.980
ap_rst_n	q_gmem_m_axi_U/load_unit_0/fifo_rreq/U_fifo_srl/dout_reg[33]/R	-1.980
ap_rst_n	q_gmem_m_axi_U/load_unit_0/fifo_rreq/U_fifo_srl/dout_reg[35]/R	-1.980
ap_rst_n	q_gmem_m_axi_U/load_unit_0/fifo_rreq/U_fifo_srl/dout_reg[36]/R	-1.980
ap_rst_n	q_gmem_m_axi_U/load_unit_0/fifo_rreq/U_fifo_srl/dout_reg[42]/R	-1.980
ap_rst_n	q_gmem_m_axi_U/load_unit_0/fifo_rreq/U_fifo_srl/dout_reg[51]/R	-1.980
ap_rst_n	q_gmem_m_axi_U/load_unit_0/fifo_rreq/U_fifo_srl/dout_reg[54]/R	-1.980
ap_rst_n	q_gmem_m_axi_U/load_unit_0/tmp_addr_reg[15]/R	-1.980
ap_rst_n	q_gmem_m_axi_U/load_unit_0/tmp_addr_reg[21]/R	-1.980
ap_rst_n	v_gmem_m_axi_U/load_unit_0/fifo_rreq/U_fifo_srl/dout_reg[69]/R	-1.980
s_axi_control_WSTRB[0]	control_s_axi_U/int_sequence_length_reg[0]/D	-1.980
s_axi_control_WDATA[18]	control_s_axi_U/int_v_address_reg[50]/D	-1.980
s_axi_control_ARADDR[1]	control_s_axi_U/rdata_reg[7]/D	-1.980
s_axi_control_WDATA[8]	control_s_axi_U/int_v_address_reg[8]/D	-1.979
ap_rst_n	k_gmem_m_axi_U/load_unit_0/fifo_rreq/U_fifo_srl/dout_reg[25]/R	-1.979
ap_rst_n	k_gmem_m_axi_U/load_unit_0/fifo_rreq/U_fifo_srl/dout_reg[30]/R	-1.979
ap_rst_n	o_gmem_m_axi_U/store_unit_0/buff_wdata/raddr_reg[2]/R	-1.979
ap_rst_n	o_gmem_m_axi_U/store_unit_0/buff_wdata/raddr_reg[3]/R	-1.979
ap_rst_n	o_gmem_m_axi_U/store_unit_0/buff_wdata/raddr_reg[4]/R	-1.979
ap_rst_n	o_gmem_m_axi_U/store_unit_0/buff_wdata/raddr_reg[5]/R	-1.979
ap_rst_n	q_gmem_m_axi_U/bus_read/rreq_burst_conv/could_multi_bursts.addr_buf_reg[51]/R	-1.979
ap_rst_n	q_gmem_m_axi_U/bus_read/rreq_burst_conv/could_multi_bursts.addr_buf_reg[52]/R	-1.979
ap_rst_n	q_gmem_m_axi_U/bus_read/rreq_burst_conv/could_multi_bursts.addr_buf_reg[53]/R	-1.979
ap_rst_n	q_gmem_m_axi_U/bus_read/rreq_burst_conv/could_multi_bursts.addr_buf_reg[54]/R	-1.979
ap_rst_n	q_gmem_m_axi_U/bus_read/rreq_burst_conv/could_multi_bursts.addr_buf_reg[59]/R	-1.979
ap_rst_n	q_gmem_m_axi_U/bus_read/rreq_burst_conv/could_multi_bursts.addr_buf_reg[60]/R	-1.979
ap_rst_n	q_gmem_m_axi_U/bus_read/rreq_burst_conv/could_multi_bursts.addr_buf_reg[61]/R	-1.979
ap_rst_n	q_gmem_m_axi_U/bus_read/rreq_burst_conv/could_multi_bursts.addr_buf_reg[62]/R	-1.979
ap_rst_n	q_gmem_m_axi_U/bus_read/rreq_burst_conv/end_from_4k_reg[8]/R	-1.979
ap_rst_n	q_gmem_m_axi_U/bus_read/rreq_burst_conv/rs_req/FSM_sequential_state_reg[1]/R	-1.979
ap_rst_n	q_gmem_m_axi_U/bus_read/rreq_burst_conv/rs_req/s_ready_t_reg/R	-1.979
ap_rst_n	q_gmem_m_axi_U/load_unit_0/fifo_rreq/U_fifo_srl/dout_reg[16]/R	-1.979
ap_rst_n	q_gmem_m_axi_U/load_unit_0/tmp_valid_reg/R	-1.979
ap_rst_n	control_s_axi_U/int_k_address_reg[13]/R	-1.979
s_axi_control_WDATA[6]	control_s_axi_U/int_k_address_reg[38]/D	-1.979
ap_rst_n	control_s_axi_U/int_q_address_reg[45]/R	-1.979
ap_rst_n	grp_run_fu_161/grp_runController_fu_106/grp_runQueryTile_fu_142/distributeQueryTile_U0/grp_distributeQueryTile_Pipeline_VITIS_LOOP_498_3_VITIS_LOOP_503_4_VITIS_LOOP_504_5_fu_220/ap_enable_reg_pp0_iter47_reg/R	-1.979
ap_rst_n	grp_run_fu_161/grp_runController_fu_106/grp_runQueryTile_fu_142/distributeQueryTile_U0/grp_distributeQueryTile_Pipeline_VITIS_LOOP_498_3_VITIS_LOOP_503_4_VITIS_LOOP_504_5_fu_220/ap_enable_reg_pp0_iter48_reg/R	-1.979
ap_rst_n	grp_run_fu_161/grp_runController_fu_106/grp_runQueryTile_fu_142/distributeQueryTile_U0/grp_distributeQueryTile_Pipeline_VITIS_LOOP_498_3_VITIS_LOOP_503_4_VITIS_LOOP_504_5_fu_220/ap_enable_reg_pp0_iter49_reg/R	-1.979
ap_rst_n	grp_run_fu_161/grp_runController_fu_106/grp_runQueryTile_fu_142/distributeQueryTile_U0/grp_distributeQueryTile_Pipeline_VITIS_LOOP_498_3_VITIS_LOOP_503_4_VITIS_LOOP_504_5_fu_220/ap_enable_reg_pp0_iter50_reg/R	-1.979
ap_rst_n	q_gmem_m_axi_U/bus_read/rreq_burst_conv/could_multi_bursts.addr_buf_reg[15]/R	-1.979
ap_rst_n	q_gmem_m_axi_U/bus_read/rreq_burst_conv/could_multi_bursts.addr_buf_reg[16]/R	-1.979
ap_rst_n	q_gmem_m_axi_U/bus_read/rreq_burst_conv/could_multi_bursts.addr_buf_reg[17]/R	-1.979
ap_rst_n	q_gmem_m_axi_U/bus_read/rreq_burst_conv/could_multi_bursts.addr_buf_reg[18]/R	-1.979
ap_rst_n	q_gmem_m_axi_U/bus_read/rreq_burst_conv/sect_total_buf_reg[4]/R	-1.979
ap_rst_n	q_gmem_m_axi_U/bus_read/rreq_burst_conv/sect_total_buf_reg[5]/R	-1.979
ap_rst_n	q_gmem_m_axi_U/bus_read/rreq_burst_conv/sect_total_buf_reg[6]/R	-1.979
ap_rst_n	q_gmem_m_axi_U/bus_read/rreq_burst_conv/sect_total_buf_reg[7]/R	-1.979
ap_rst_n	q_gmem_m_axi_U/load_unit_0/tmp_addr_reg[17]/R	-1.979
ap_rst_n	q_gmem_m_axi_U/load_unit_0/tmp_addr_reg[20]/R	-1.979
ap_rst_n	q_gmem_m_axi_U/load_unit_0/tmp_addr_reg[30]/R	-1.979
ap_rst_n	q_gmem_m_axi_U/load_unit_0/tmp_addr_reg[33]/R	-1.979
ap_rst_n	v_gmem_m_axi_U/load_unit_0/fifo_rreq/U_fifo_srl/dout_reg[67]/R	-1.979
s_axi_control_WDATA[29]	control_s_axi_U/int_v_address_reg[29]/D	-1.979
ap_rst_n	k_gmem_m_axi_U/load_unit_0/fifo_rreq/U_fifo_srl/dout_reg[23]/R	-1.978
ap_rst_n	k_gmem_m_axi_U/load_unit_0/fifo_rreq/U_fifo_srl/dout_reg[31]/R	-1.978
ap_rst_n	k_gmem_m_axi_U/load_unit_0/fifo_rreq/U_fifo_srl/dout_reg[42]/R	-1.978
ap_rst_n	k_gmem_m_axi_U/load_unit_0/tmp_addr_reg[26]/R	-1.978
ap_rst_n	k_gmem_m_axi_U/load_unit_0/tmp_addr_reg[33]/R	-1.978
ap_rst_n	k_gmem_m_axi_U/load_unit_0/tmp_addr_reg[34]/R	-1.978
ap_rst_n	k_gmem_m_axi_U/load_unit_0/tmp_addr_reg[35]/R	-1.978
ap_rst_n	q_gmem_m_axi_U/bus_read/rreq_burst_conv/could_multi_bursts.addr_buf_reg[43]/R	-1.978
ap_rst_n	q_gmem_m_axi_U/bus_read/rreq_burst_conv/could_multi_bursts.addr_buf_reg[44]/R	-1.978
ap_rst_n	q_gmem_m_axi_U/bus_read/rreq_burst_conv/could_multi_bursts.addr_buf_reg[45]/R	-1.978
ap_rst_n	q_gmem_m_axi_U/bus_read/rreq_burst_conv/could_multi_bursts.addr_buf_reg[46]/R	-1.978
ap_rst_n	q_gmem_m_axi_U/bus_read/rreq_burst_conv/end_from_4k_reg[0]/R	-1.978
ap_rst_n	q_gmem_m_axi_U/bus_read/rreq_burst_conv/end_from_4k_reg[1]/R	-1.978
ap_rst_n	q_gmem_m_axi_U/bus_read/rreq_burst_conv/end_from_4k_reg[2]/R	-1.978
ap_rst_n	q_gmem_m_axi_U/bus_read/rreq_burst_conv/end_from_4k_reg[3]/R	-1.978
ap_rst_n	v_gmem_m_axi_U/load_unit_0/buff_rdata/raddr_reg[0]/R	-1.978
ap_rst_n	v_gmem_m_axi_U/load_unit_0/buff_rdata/raddr_reg[1]/R	-1.978
ap_rst_n	v_gmem_m_axi_U/load_unit_0/buff_rdata/raddr_reg[2]/R	-1.978
ap_rst_n	v_gmem_m_axi_U/load_unit_0/buff_rdata/raddr_reg[3]/R	-1.978
ap_rst_n	v_gmem_m_axi_U/load_unit_0/buff_rdata/raddr_reg[4]/R	-1.978
ap_rst_n	v_gmem_m_axi_U/load_unit_0/buff_rdata/raddr_reg[6]/R	-1.978
ap_rst_n	v_gmem_m_axi_U/load_unit_0/buff_rdata/raddr_reg[7]/R	-1.978
s_axi_control_WDATA[9]	control_s_axi_U/int_k_address_reg[9]/D	-1.978
s_axi_control_WDATA[8]	control_s_axi_U/int_o_address_reg[8]/D	-1.978
s_axi_control_WDATA[7]	control_s_axi_U/int_v_address_reg[39]/D	-1.978
ap_rst_n	k_gmem_m_axi_U/load_unit_0/tmp_addr_reg[38]/R	-1.978
ap_rst_n	q_gmem_m_axi_U/bus_read/rreq_burst_conv/start_addr_reg[43]/R	-1.978
ap_rst_n	q_gmem_m_axi_U/load_unit_0/fifo_rreq/U_fifo_srl/dout_reg[37]/R	-1.978
ap_rst_n	q_gmem_m_axi_U/load_unit_0/fifo_rreq/U_fifo_srl/dout_reg[46]/R	-1.978
ap_rst_n	q_gmem_m_axi_U/load_unit_0/fifo_rreq/U_fifo_srl/dout_reg[47]/R	-1.978
ap_rst_n	q_gmem_m_axi_U/load_unit_0/fifo_rreq/U_fifo_srl/dout_reg[56]/R	-1.978
ap_rst_n	q_gmem_m_axi_U/load_unit_0/tmp_addr_reg[42]/R	-1.978
ap_rst_n	q_gmem_m_axi_U/load_unit_0/tmp_addr_reg[43]/R	-1.978
ap_rst_n	q_gmem_m_axi_U/load_unit_0/tmp_addr_reg[48]/R	-1.978
ap_rst_n	q_gmem_m_axi_U/load_unit_0/tmp_addr_reg[62]/R	-1.978
ap_rst_n	q_gmem_m_axi_U/load_unit_0/tmp_addr_reg[63]/R	-1.978
s_axi_control_WDATA[8]	control_s_axi_U/int_k_address_reg[40]/D	-1.978
s_axi_control_WDATA[4]	control_s_axi_U/int_o_address_reg[4]/D	-1.978
s_axi_control_ARADDR[1]	control_s_axi_U/rdata_reg[3]/D	-1.978
ap_rst_n	q_gmem_m_axi_U/bus_read/rreq_burst_conv/start_addr_reg[52]/R	-1.978
ap_rst_n	q_gmem_m_axi_U/bus_read/rreq_burst_conv/start_addr_reg[53]/R	-1.978
ap_rst_n	q_gmem_m_axi_U/load_unit_0/tmp_addr_reg[52]/R	-1.978
ap_rst_n	q_gmem_m_axi_U/load_unit_0/tmp_addr_reg[53]/R	-1.978
ap_rst_n	v_gmem_m_axi_U/bus_read/fifo_rctl/full_n_reg/D	-1.978
ap_rst_n	v_gmem_m_axi_U/load_unit_0/fifo_rreq/U_fifo_srl/dout_reg[68]/R	-1.978
s_axi_control_WDATA[12]	control_s_axi_U/int_o_address_reg[44]/D	-1.977
ap_rst_n	grp_run_fu_161/grp_runController_fu_106/grp_runQueryTile_fu_142/header0_U/addr_reg[0]/R	-1.977
ap_rst_n	grp_run_fu_161/grp_runController_fu_106/grp_runQueryTile_fu_142/q1_U/empty_n_reg/R	-1.977
ap_rst_n	grp_run_fu_161/grp_runController_fu_106/grp_runQueryTile_fu_142/q1_U/full_n_reg/S	-1.977
ap_rst_n	grp_run_fu_161/grp_runController_fu_106/grp_runQueryTile_fu_142/q1_U/mOutPtr_reg[2]/R	-1.977
ap_rst_n	grp_run_fu_161/grp_runController_fu_106/grp_runQueryTile_fu_142/q1_U/mOutPtr_reg[3]/R	-1.977
ap_rst_n	k_gmem_m_axi_U/load_unit_0/fifo_rreq/U_fifo_srl/dout_reg[41]/R	-1.977
ap_rst_n	q_gmem_m_axi_U/bus_read/rreq_burst_conv/could_multi_bursts.addr_buf_reg[35]/R	-1.977
ap_rst_n	q_gmem_m_axi_U/bus_read/rreq_burst_conv/could_multi_bursts.addr_buf_reg[36]/R	-1.977
ap_rst_n	q_gmem_m_axi_U/bus_read/rreq_burst_conv/could_multi_bursts.addr_buf_reg[37]/R	-1.977
ap_rst_n	q_gmem_m_axi_U/bus_read/rreq_burst_conv/could_multi_bursts.addr_buf_reg[38]/R	-1.977
ap_rst_n	q_gmem_m_axi_U/bus_read/rreq_burst_conv/sect_len_buf_reg[1]/R	-1.977
ap_rst_n	q_gmem_m_axi_U/bus_read/rreq_burst_conv/sect_len_buf_reg[2]/R	-1.977
ap_rst_n	q_gmem_m_axi_U/bus_read/rreq_burst_conv/sect_len_buf_reg[3]/R	-1.977
ap_rst_n	q_gmem_m_axi_U/bus_read/rreq_burst_conv/sect_len_buf_reg[4]/R	-1.977
s_axi_control_WDATA[4]	control_s_axi_U/int_k_address_reg[36]/D	-1.977
s_axi_control_WDATA[11]	control_s_axi_U/int_v_address_reg[43]/D	-1.977
s_axi_control_WDATA[15]	control_s_axi_U/int_v_address_reg[47]/D	-1.977
s_axi_control_WDATA[6]	control_s_axi_U/int_v_address_reg[6]/D	-1.977
ap_rst_n	grp_run_fu_161/grp_runController_fu_106/grp_runQueryTile_fu_142/distributeQueryTile_U0/grp_distributeQueryTile_Pipeline_VITIS_LOOP_498_3_VITIS_LOOP_503_4_VITIS_LOOP_504_5_fu_220/ap_enable_reg_pp0_iter45_reg/R	-1.977
ap_rst_n	grp_run_fu_161/grp_runController_fu_106/grp_runQueryTile_fu_142/distributeQueryTile_U0/grp_distributeQueryTile_Pipeline_VITIS_LOOP_498_3_VITIS_LOOP_503_4_VITIS_LOOP_504_5_fu_220/ap_enable_reg_pp0_iter46_reg/R	-1.977
ap_rst_n	grp_run_fu_161/grp_runController_fu_106/grp_runQueryTile_fu_142/start_for_runQueryBlock_0_U0_U/mOutPtr_reg[0]/R	-1.977
ap_rst_n	grp_run_fu_161/grp_runController_fu_106/grp_runQueryTile_fu_142/start_for_runQueryBlock_0_U0_U/mOutPtr_reg[1]/R	-1.977
ap_rst_n	q_gmem_m_axi_U/bus_read/rreq_burst_conv/could_multi_bursts.addr_buf_reg[10]/R	-1.977
ap_rst_n	q_gmem_m_axi_U/bus_read/rreq_burst_conv/could_multi_bursts.addr_buf_reg[7]/R	-1.977
ap_rst_n	q_gmem_m_axi_U/bus_read/rreq_burst_conv/could_multi_bursts.addr_buf_reg[8]/R	-1.977
ap_rst_n	q_gmem_m_axi_U/bus_read/rreq_burst_conv/could_multi_bursts.addr_buf_reg[9]/R	-1.977
ap_rst_n	q_gmem_m_axi_U/bus_read/rreq_burst_conv/start_addr_reg[16]/R	-1.977
ap_rst_n	q_gmem_m_axi_U/bus_read/rreq_burst_conv/start_addr_reg[18]/R	-1.977
ap_rst_n	q_gmem_m_axi_U/bus_read/rreq_burst_conv/start_addr_reg[34]/R	-1.977
ap_rst_n	q_gmem_m_axi_U/bus_read/rreq_burst_conv/start_addr_reg[35]/R	-1.977
ap_rst_n	q_gmem_m_axi_U/bus_read/rreq_burst_conv/start_addr_reg[42]/R	-1.977
ap_rst_n	q_gmem_m_axi_U/bus_read/rreq_burst_conv/start_addr_reg[48]/R	-1.977
ap_rst_n	q_gmem_m_axi_U/bus_read/rreq_burst_conv/start_addr_reg[49]/R	-1.977
ap_rst_n	q_gmem_m_axi_U/load_unit_0/fifo_rreq/U_fifo_srl/dout_reg[50]/R	-1.977
s_axi_control_WDATA[0]	control_s_axi_U/int_q_address_reg[32]/D	-1.977
ap_rst_n	grp_run_fu_161/grp_runController_fu_106/grp_runQueryTile_fu_142/kv1_U/full_n_reg/S	-1.976
ap_rst_n	grp_run_fu_161/grp_runController_fu_106/grp_runQueryTile_fu_142/kv1_U/mOutPtr_reg[2]/R	-1.976
ap_rst_n	grp_run_fu_161/grp_runController_fu_106/grp_runQueryTile_fu_142/kv1_U/mOutPtr_reg[3]/R	-1.976
ap_rst_n	q_gmem_m_axi_U/bus_read/rreq_burst_conv/could_multi_bursts.addr_buf_reg[27]/R	-1.976
ap_rst_n	q_gmem_m_axi_U/bus_read/rreq_burst_conv/could_multi_bursts.addr_buf_reg[28]/R	-1.976
ap_rst_n	q_gmem_m_axi_U/bus_read/rreq_burst_conv/could_multi_bursts.addr_buf_reg[29]/R	-1.976
ap_rst_n	q_gmem_m_axi_U/bus_read/rreq_burst_conv/could_multi_bursts.addr_buf_reg[30]/R	-1.976
ap_rst_n	control_s_axi_U/int_k_address_reg[15]/R	-1.976
ap_rst_n	control_s_axi_U/int_k_address_reg[21]/R	-1.976
ap_rst_n	control_s_axi_U/int_q_address_reg[13]/R	-1.976
ap_rst_n	control_s_axi_U/int_q_address_reg[17]/R	-1.976
ap_rst_n	control_s_axi_U/int_q_address_reg[23]/R	-1.976
ap_rst_n	control_s_axi_U/int_q_address_reg[31]/R	-1.976
ap_rst_n	control_s_axi_U/int_q_address_reg[47]/R	-1.976
ap_rst_n	control_s_axi_U/int_q_address_reg[53]/R	-1.976
ap_rst_n	control_s_axi_U/int_sequence_length_reg[12]/R	-1.976
ap_rst_n	control_s_axi_U/int_sequence_length_reg[16]/R	-1.976
ap_rst_n	control_s_axi_U/int_sequence_length_reg[22]/R	-1.976
ap_rst_n	control_s_axi_U/int_sequence_length_reg[30]/R	-1.976
s_axi_control_WDATA[3]	control_s_axi_U/int_v_address_reg[35]/D	-1.976
s_axi_control_WDATA[9]	control_s_axi_U/int_v_address_reg[41]/D	-1.976
s_axi_control_WDATA[13]	control_s_axi_U/int_v_address_reg[45]/D	-1.976
s_axi_control_WDATA[17]	control_s_axi_U/int_v_address_reg[49]/D	-1.976
s_axi_control_WDATA[19]	control_s_axi_U/int_v_address_reg[51]/D	-1.976
ap_rst_n	grp_run_fu_161/grp_runController_fu_106/grp_runQueryTile_fu_142/distributeQueryTile_U0/grp_distributeQueryTile_Pipeline_VITIS_LOOP_498_3_VITIS_LOOP_503_4_VITIS_LOOP_504_5_fu_220/ap_enable_reg_pp0_iter40_reg/R	-1.976
ap_rst_n	grp_run_fu_161/grp_runController_fu_106/grp_runQueryTile_fu_142/distributeQueryTile_U0/grp_distributeQueryTile_Pipeline_VITIS_LOOP_498_3_VITIS_LOOP_503_4_VITIS_LOOP_504_5_fu_220/ap_enable_reg_pp0_iter41_reg/R	-1.976
ap_rst_n	grp_run_fu_161/grp_runController_fu_106/grp_runQueryTile_fu_142/q1_U/addr_reg[0]/R	-1.976
ap_rst_n	grp_run_fu_161/grp_runController_fu_106/grp_runQueryTile_fu_142/q1_U/addr_reg[1]/R	-1.976
ap_rst_n	grp_run_fu_161/grp_runController_fu_106/grp_runQueryTile_fu_142/q1_U/addr_reg[2]/R	-1.976
ap_rst_n	q_gmem_m_axi_U/bus_read/rreq_burst_conv/could_multi_bursts.addr_step_reg[5]/R	-1.976
ap_rst_n	q_gmem_m_axi_U/bus_read/rreq_burst_conv/could_multi_bursts.addr_step_reg[6]/R	-1.976
ap_rst_n	q_gmem_m_axi_U/bus_read/rreq_burst_conv/could_multi_bursts.addr_step_reg[7]/R	-1.976
ap_rst_n	q_gmem_m_axi_U/bus_read/rreq_burst_conv/could_multi_bursts.len_buf_reg[1]/R	-1.976
ap_rst_n	q_gmem_m_axi_U/bus_read/rreq_burst_conv/could_multi_bursts.len_buf_reg[2]/R	-1.976
ap_rst_n	q_gmem_m_axi_U/bus_read/rreq_burst_conv/sect_total_buf_reg[16]/R	-1.976
ap_rst_n	q_gmem_m_axi_U/bus_read/rreq_burst_conv/sect_total_buf_reg[17]/R	-1.976
ap_rst_n	q_gmem_m_axi_U/bus_read/rreq_burst_conv/sect_total_buf_reg[18]/R	-1.976
ap_rst_n	q_gmem_m_axi_U/bus_read/rreq_burst_conv/sect_total_buf_reg[19]/R	-1.976
ap_rst_n	q_gmem_m_axi_U/load_unit_0/fifo_rreq/U_fifo_srl/dout_reg[23]/R	-1.976
ap_rst_n	q_gmem_m_axi_U/load_unit_0/fifo_rreq/U_fifo_srl/dout_reg[27]/R	-1.976
ap_rst_n	q_gmem_m_axi_U/load_unit_0/fifo_rreq/U_fifo_srl/dout_reg[43]/R	-1.976
ap_rst_n	q_gmem_m_axi_U/load_unit_0/fifo_rreq/U_fifo_srl/dout_reg[60]/R	-1.976
ap_rst_n	q_gmem_m_axi_U/load_unit_0/fifo_rreq/U_fifo_srl/dout_reg[6]/R	-1.976
ap_rst_n	q_gmem_m_axi_U/load_unit_0/tmp_addr_reg[31]/R	-1.976
ap_rst_n	q_gmem_m_axi_U/load_unit_0/tmp_addr_reg[32]/R	-1.976
s_axi_control_WDATA[14]	control_s_axi_U/int_k_address_reg[14]/D	-1.976
s_axi_control_WDATA[7]	control_s_axi_U/int_k_address_reg[39]/D	-1.976
s_axi_control_WDATA[26]	control_s_axi_U/int_o_address_reg[58]/D	-1.976
s_axi_control_WDATA[5]	control_s_axi_U/int_q_address_reg[5]/D	-1.976
s_axi_control_WSTRB[0]	control_s_axi_U/int_sequence_length_reg[4]/D	-1.976
s_axi_control_WDATA[24]	control_s_axi_U/int_v_address_reg[56]/D	-1.976
s_axi_control_WDATA[26]	control_s_axi_U/int_v_address_reg[58]/D	-1.976
s_axi_control_ARADDR[1]	control_s_axi_U/rdata_reg[2]/D	-1.976
ap_rst_n	q_gmem_m_axi_U/load_unit_0/fifo_rreq/U_fifo_srl/dout_reg[59]/R	-1.976
ap_rst_n	q_gmem_m_axi_U/load_unit_0/tmp_addr_reg[34]/R	-1.976
ap_rst_n	q_gmem_m_axi_U/load_unit_0/tmp_addr_reg[56]/R	-1.976
ap_rst_n	v_gmem_m_axi_U/bus_read/rreq_burst_conv/last_sect_reg/D	-1.976
s_axi_control_WDATA[28]	control_s_axi_U/int_v_address_reg[60]/D	-1.976
ap_rst_n	grp_run_fu_161/grp_runController_fu_106/grp_runQueryTile_fu_142/kv1_U/mOutPtr_reg[1]/R	-1.975
ap_rst_n	k_gmem_m_axi_U/load_unit_0/fifo_rreq/U_fifo_srl/dout_reg[89]/R	-1.975
ap_rst_n	q_gmem_m_axi_U/bus_read/rreq_burst_conv/could_multi_bursts.addr_buf_reg[19]/R	-1.975
ap_rst_n	q_gmem_m_axi_U/bus_read/rreq_burst_conv/could_multi_bursts.addr_buf_reg[20]/R	-1.975
ap_rst_n	q_gmem_m_axi_U/bus_read/rreq_burst_conv/could_multi_bursts.addr_buf_reg[21]/R	-1.975
ap_rst_n	q_gmem_m_axi_U/bus_read/rreq_burst_conv/could_multi_bursts.addr_buf_reg[22]/R	-1.975
ap_rst_n	q_gmem_m_axi_U/bus_read/rreq_burst_conv/sect_total_buf_reg[10]/R	-1.975
ap_rst_n	q_gmem_m_axi_U/bus_read/rreq_burst_conv/sect_total_buf_reg[11]/R	-1.975
ap_rst_n	q_gmem_m_axi_U/bus_read/rreq_burst_conv/sect_total_buf_reg[8]/R	-1.975
ap_rst_n	q_gmem_m_axi_U/bus_read/rreq_burst_conv/sect_total_buf_reg[9]/R	-1.975
ap_rst_n	q_gmem_m_axi_U/bus_read/rreq_burst_conv/start_to_4k_reg[1]/R	-1.975
ap_rst_n	q_gmem_m_axi_U/load_unit_0/fifo_rreq/U_fifo_srl/dout_reg[39]/R	-1.975
ap_rst_n	q_gmem_m_axi_U/load_unit_0/tmp_addr_reg[19]/R	-1.975
ap_rst_n	q_gmem_m_axi_U/load_unit_0/tmp_addr_reg[26]/R	-1.975
s_axi_control_WDATA[6]	control_s_axi_U/int_o_address_reg[6]/D	-1.975
s_axi_control_WDATA[11]	control_s_axi_U/int_sequence_length_reg[11]/D	-1.975
s_axi_control_WDATA[31]	control_s_axi_U/int_sequence_length_reg[31]/D	-1.975
s_axi_control_WDATA[7]	control_s_axi_U/int_sequence_length_reg[7]/D	-1.975
s_axi_control_WDATA[4]	control_s_axi_U/int_v_address_reg[4]/D	-1.975
ap_rst_n	grp_run_fu_161/grp_runController_fu_106/grp_runQueryTile_fu_142/q1_U/mOutPtr_reg[0]/R	-1.975
ap_rst_n	grp_run_fu_161/grp_runController_fu_106/grp_runQueryTile_fu_142/q1_U/mOutPtr_reg[1]/R	-1.975
ap_rst_n	q_gmem_m_axi_U/bus_read/rreq_burst_conv/sect_addr_buf_reg[20]/R	-1.975
ap_rst_n	q_gmem_m_axi_U/bus_read/rreq_burst_conv/sect_addr_buf_reg[21]/R	-1.975
ap_rst_n	q_gmem_m_axi_U/bus_read/rreq_burst_conv/sect_addr_buf_reg[26]/R	-1.975
ap_rst_n	q_gmem_m_axi_U/bus_read/rreq_burst_conv/sect_addr_buf_reg[27]/R	-1.975
ap_rst_n	q_gmem_m_axi_U/bus_read/rreq_burst_conv/start_addr_reg[29]/R	-1.975
ap_rst_n	q_gmem_m_axi_U/bus_read/rreq_burst_conv/start_addr_reg[32]/R	-1.975
ap_rst_n	q_gmem_m_axi_U/bus_read/rreq_burst_conv/start_addr_reg[33]/R	-1.975
ap_rst_n	q_gmem_m_axi_U/load_unit_0/fifo_rreq/U_fifo_srl/dout_reg[29]/R	-1.975
ap_rst_n	q_gmem_m_axi_U/load_unit_0/tmp_addr_reg[18]/R	-1.975
ap_rst_n	q_gmem_m_axi_U/load_unit_0/tmp_addr_reg[28]/R	-1.975
ap_rst_n	q_gmem_m_axi_U/load_unit_0/tmp_addr_reg[41]/R	-1.975
ap_rst_n	v_gmem_m_axi_U/load_unit_0/fifo_rreq/U_fifo_srl/dout_reg[66]/R	-1.975
ap_rst_n	v_gmem_m_axi_U/load_unit_0/fifo_rreq/U_fifo_srl/dout_reg[74]/R	-1.975
ap_rst_n	v_gmem_m_axi_U/load_unit_0/tmp_len_reg[3]/R	-1.975
ap_rst_n	v_gmem_m_axi_U/load_unit_0/tmp_len_reg[4]/R	-1.975
ap_rst_n	v_gmem_m_axi_U/load_unit_0/tmp_len_reg[5]/R	-1.975
ap_rst_n	v_gmem_m_axi_U/load_unit_0/tmp_valid_reg/R	-1.975
s_axi_control_WDATA[10]	control_s_axi_U/int_k_address_reg[10]/D	-1.975
s_axi_control_WDATA[26]	control_s_axi_U/int_k_address_reg[26]/D	-1.975
s_axi_control_WDATA[2]	control_s_axi_U/int_q_address_reg[2]/D	-1.975
s_axi_control_WDATA[8]	control_s_axi_U/int_q_address_reg[40]/D	-1.975
ap_rst_n	q_gmem_m_axi_U/bus_read/rreq_burst_conv/sect_cnt_reg[34]/R	-1.975
ap_rst_n	q_gmem_m_axi_U/bus_read/rreq_burst_conv/sect_cnt_reg[35]/R	-1.975
ap_rst_n	q_gmem_m_axi_U/bus_read/rreq_burst_conv/sect_cnt_reg[36]/R	-1.975
ap_rst_n	q_gmem_m_axi_U/bus_read/rreq_burst_conv/sect_cnt_reg[37]/R	-1.975
ap_rst_n	q_gmem_m_axi_U/bus_read/rreq_burst_conv/sect_cnt_reg[40]/R	-1.975
ap_rst_n	q_gmem_m_axi_U/bus_read/rreq_burst_conv/sect_cnt_reg[41]/R	-1.975
ap_rst_n	q_gmem_m_axi_U/bus_read/rreq_burst_conv/sect_cnt_reg[44]/R	-1.975
ap_rst_n	q_gmem_m_axi_U/bus_read/rreq_burst_conv/sect_cnt_reg[45]/R	-1.975
ap_rst_n	control_s_axi_U/int_k_address_reg[23]/R	-1.974
ap_rst_n	control_s_axi_U/int_k_address_reg[27]/R	-1.974
s_axi_control_WDATA[10]	control_s_axi_U/int_o_address_reg[42]/D	-1.974
ap_rst_n	control_s_axi_U/int_q_address_reg[55]/R	-1.974
ap_rst_n	control_s_axi_U/int_q_address_reg[59]/R	-1.974
s_axi_control_WDATA[15]	control_s_axi_U/int_sequence_length_reg[15]/D	-1.974
s_axi_control_WDATA[17]	control_s_axi_U/int_sequence_length_reg[17]/D	-1.974
s_axi_control_WDATA[25]	control_s_axi_U/int_sequence_length_reg[25]/D	-1.974
ap_rst_n	k_gmem_m_axi_U/load_unit_0/fifo_rreq/U_fifo_srl/dout_reg[17]/R	-1.974
ap_rst_n	q_gmem_m_axi_U/bus_read/rreq_burst_conv/could_multi_bursts.addr_buf_reg[11]/R	-1.974
ap_rst_n	q_gmem_m_axi_U/bus_read/rreq_burst_conv/could_multi_bursts.addr_buf_reg[12]/R	-1.974
ap_rst_n	q_gmem_m_axi_U/bus_read/rreq_burst_conv/could_multi_bursts.addr_buf_reg[13]/R	-1.974
ap_rst_n	q_gmem_m_axi_U/bus_read/rreq_burst_conv/could_multi_bursts.addr_buf_reg[14]/R	-1.974
ap_rst_n	q_gmem_m_axi_U/bus_read/rreq_burst_conv/sect_total_buf_reg[0]/R	-1.974
ap_rst_n	q_gmem_m_axi_U/bus_read/rreq_burst_conv/sect_total_buf_reg[1]/R	-1.974
ap_rst_n	q_gmem_m_axi_U/bus_read/rreq_burst_conv/sect_total_buf_reg[2]/R	-1.974
ap_rst_n	q_gmem_m_axi_U/bus_read/rreq_burst_conv/sect_total_buf_reg[3]/R	-1.974
ap_rst_n	q_gmem_m_axi_U/load_unit_0/fifo_rreq/U_fifo_srl/dout_reg[53]/R	-1.974
ap_rst_n	q_gmem_m_axi_U/load_unit_0/fifo_rreq/dout_vld_reg/R	-1.974
ap_rst_n	control_s_axi_U/int_k_address_reg[19]/R	-1.974
s_axi_control_WDATA[24]	control_s_axi_U/int_k_address_reg[24]/D	-1.974
s_axi_control_WDATA[28]	control_s_axi_U/int_k_address_reg[28]/D	-1.974
ap_rst_n	control_s_axi_U/int_k_address_reg[31]/R	-1.974
s_axi_control_WDATA[5]	control_s_axi_U/int_k_address_reg[37]/D	-1.974
s_axi_control_WDATA[12]	control_s_axi_U/int_q_address_reg[12]/D	-1.974
s_axi_control_WDATA[1]	control_s_axi_U/int_q_address_reg[1]/D	-1.974
ap_rst_n	control_s_axi_U/int_q_address_reg[51]/R	-1.974
ap_rst_n	control_s_axi_U/int_q_address_reg[63]/R	-1.974
s_axi_control_WDATA[30]	control_s_axi_U/int_v_address_reg[62]/D	-1.974
ap_rst_n	q_gmem_m_axi_U/bus_read/rreq_burst_conv/sect_cnt_reg[22]/R	-1.974
ap_rst_n	q_gmem_m_axi_U/bus_read/rreq_burst_conv/sect_cnt_reg[23]/R	-1.974
ap_rst_n	q_gmem_m_axi_U/bus_read/rreq_burst_conv/sect_cnt_reg[30]/R	-1.974
ap_rst_n	q_gmem_m_axi_U/bus_read/rreq_burst_conv/sect_cnt_reg[31]/R	-1.974
ap_rst_n	q_gmem_m_axi_U/bus_read/rreq_burst_conv/start_addr_reg[20]/R	-1.974
ap_rst_n	q_gmem_m_axi_U/bus_read/rreq_burst_conv/start_addr_reg[21]/R	-1.974
ap_rst_n	q_gmem_m_axi_U/bus_read/rreq_burst_conv/start_addr_reg[22]/R	-1.974
ap_rst_n	q_gmem_m_axi_U/bus_read/rreq_burst_conv/start_addr_reg[23]/R	-1.974
ap_rst_n	q_gmem_m_axi_U/bus_read/rreq_burst_conv/start_addr_reg[26]/R	-1.974
ap_rst_n	q_gmem_m_axi_U/bus_read/rreq_burst_conv/start_addr_reg[27]/R	-1.974
ap_rst_n	q_gmem_m_axi_U/load_unit_0/fifo_rreq/U_fifo_srl/dout_reg[49]/R	-1.974
ap_rst_n	v_gmem_m_axi_U/load_unit_0/fifo_rreq/U_fifo_srl/dout_reg[75]/R	-1.974
ap_rst_n	v_gmem_m_axi_U/load_unit_0/tmp_len_reg[6]/R	-1.974
ap_rst_n	v_gmem_m_axi_U/load_unit_0/tmp_len_reg[7]/R	-1.974
ap_rst_n	v_gmem_m_axi_U/load_unit_0/tmp_len_reg[8]/R	-1.974
ap_rst_n	v_gmem_m_axi_U/load_unit_0/tmp_len_reg[9]/R	-1.974
s_axi_control_WDATA[24]	control_s_axi_U/int_o_address_reg[56]/D	-1.974
ap_rst_n	k_gmem_m_axi_U/load_unit_0/fifo_rreq/U_fifo_srl/dout_reg[35]/R	-1.973
ap_rst_n	k_gmem_m_axi_U/load_unit_0/fifo_rreq/U_fifo_srl/dout_reg[51]/R	-1.973
ap_rst_n	k_gmem_m_axi_U/load_unit_0/fifo_rreq/U_fifo_srl/dout_reg[57]/R	-1.973
s_axi_control_WDATA[30]	control_s_axi_U/int_o_address_reg[62]/D	-1.973
ap_rst_n	grp_run_fu_161/grp_runController_fu_106/grp_runQueryTile_fu_142/start_for_runQueryBlock_1_U0_U/empty_n_reg/R	-1.973
ap_rst_n	grp_run_fu_161/grp_runController_fu_106/grp_runQueryTile_fu_142/start_for_runQueryBlock_1_U0_U/full_n_reg/S	-1.973
s_axi_control_WDATA[12]	control_s_axi_U/int_k_address_reg[12]/D	-1.973
s_axi_control_WDATA[22]	control_s_axi_U/int_k_address_reg[22]/D	-1.973
s_axi_control_WDATA[2]	control_s_axi_U/int_k_address_reg[2]/D	-1.973
s_axi_control_WDATA[6]	control_s_axi_U/int_q_address_reg[38]/D	-1.973
s_axi_control_WDATA[20]	control_s_axi_U/int_v_address_reg[52]/D	-1.973
ap_rst_n	q_gmem_m_axi_U/bus_read/rreq_burst_conv/sect_addr_buf_reg[34]/R	-1.973
ap_rst_n	q_gmem_m_axi_U/bus_read/rreq_burst_conv/sect_addr_buf_reg[35]/R	-1.973
ap_rst_n	q_gmem_m_axi_U/load_unit_0/fifo_rreq/raddr_reg[0]/R	-1.973
ap_rst_n	q_gmem_m_axi_U/bus_read/rreq_burst_conv/could_multi_bursts.addr_buf_reg[3]/R	-1.972
ap_rst_n	q_gmem_m_axi_U/bus_read/rreq_burst_conv/could_multi_bursts.addr_buf_reg[4]/R	-1.972
ap_rst_n	q_gmem_m_axi_U/bus_read/rreq_burst_conv/could_multi_bursts.addr_buf_reg[5]/R	-1.972
ap_rst_n	q_gmem_m_axi_U/bus_read/rreq_burst_conv/could_multi_bursts.addr_buf_reg[6]/R	-1.972
ap_rst_n	q_gmem_m_axi_U/load_unit_0/fifo_rreq/U_fifo_srl/dout_reg[10]/R	-1.972
ap_rst_n	q_gmem_m_axi_U/load_unit_0/fifo_rreq/U_fifo_srl/dout_reg[25]/R	-1.972
ap_rst_n	q_gmem_m_axi_U/load_unit_0/fifo_rreq/U_fifo_srl/dout_reg[9]/R	-1.972
s_axi_control_WDATA[0]	control_s_axi_U/int_k_address_reg[32]/D	-1.972
s_axi_control_WDATA[5]	control_s_axi_U/int_k_address_reg[5]/D	-1.972
s_axi_control_WDATA[10]	control_s_axi_U/int_q_address_reg[10]/D	-1.972
s_axi_control_WDATA[21]	control_s_axi_U/int_v_address_reg[53]/D	-1.972
s_axi_control_WDATA[31]	control_s_axi_U/int_v_address_reg[63]/D	-1.972
ap_rst_n	q_gmem_m_axi_U/bus_read/rreq_burst_conv/sect_cnt_reg[14]/R	-1.972
ap_rst_n	q_gmem_m_axi_U/bus_read/rreq_burst_conv/sect_cnt_reg[15]/R	-1.972
ap_rst_n	q_gmem_m_axi_U/bus_read/rreq_burst_conv/sect_cnt_reg[16]/R	-1.972
ap_rst_n	q_gmem_m_axi_U/bus_read/rreq_burst_conv/sect_cnt_reg[17]/R	-1.972
ap_rst_n	q_gmem_m_axi_U/bus_read/rreq_burst_conv/sect_cnt_reg[18]/R	-1.972
ap_rst_n	q_gmem_m_axi_U/bus_read/rreq_burst_conv/sect_cnt_reg[19]/R	-1.972
ap_rst_n	q_gmem_m_axi_U/bus_read/rreq_burst_conv/sect_cnt_reg[20]/R	-1.972
ap_rst_n	q_gmem_m_axi_U/bus_read/rreq_burst_conv/sect_cnt_reg[21]/R	-1.972
ap_rst_n	q_gmem_m_axi_U/load_unit_0/fifo_rreq/raddr_reg[1]/R	-1.972
ap_rst_n	q_gmem_m_axi_U/load_unit_0/fifo_rreq/raddr_reg[2]/R	-1.972
ap_rst_n	q_gmem_m_axi_U/load_unit_0/fifo_rreq/raddr_reg[3]/R	-1.972
ap_rst_n	q_gmem_m_axi_U/load_unit_0/fifo_rreq/raddr_reg[4]/R	-1.972
ap_rst_n	q_gmem_m_axi_U/load_unit_0/tmp_addr_reg[16]/R	-1.972
ap_rst_n	q_gmem_m_axi_U/load_unit_0/tmp_addr_reg[46]/R	-1.972
s_axi_control_WDATA[20]	control_s_axi_U/int_k_address_reg[20]/D	-1.972
ap_rst_n	q_gmem_m_axi_U/load_unit_0/fifo_rreq/U_fifo_srl/dout_reg[44]/R	-1.971
ap_rst_n	q_gmem_m_axi_U/load_unit_0/tmp_addr_reg[47]/R	-1.971
s_axi_control_WDATA[0]	control_s_axi_U/int_v_address_reg[0]/D	-1.971
ap_rst_n	grp_run_fu_161/grp_runController_fu_106/grp_runQueryTile_fu_142/distributeQueryTile_U0/ap_CS_fsm_reg[0]/S	-1.971
ap_rst_n	grp_run_fu_161/grp_runController_fu_106/grp_runQueryTile_fu_142/distributeQueryTile_U0/start_once_reg_reg/R	-1.971
ap_rst_n	q_gmem_m_axi_U/load_unit_0/fifo_rreq/U_fifo_srl/dout_reg[13]/R	-1.971
ap_rst_n	q_gmem_m_axi_U/load_unit_0/fifo_rreq/U_fifo_srl/dout_reg[17]/R	-1.971
ap_rst_n	q_gmem_m_axi_U/load_unit_0/fifo_rreq/U_fifo_srl/dout_reg[26]/R	-1.971
ap_rst_n	q_gmem_m_axi_U/load_unit_0/fifo_rreq/U_fifo_srl/dout_reg[40]/R	-1.971
ap_rst_n	q_gmem_m_axi_U/load_unit_0/fifo_rreq/mOutPtr_reg[5]/R	-1.971
ap_rst_n	q_gmem_m_axi_U/load_unit_0/tmp_addr_reg[22]/R	-1.971
ap_rst_n	q_gmem_m_axi_U/load_unit_0/tmp_addr_reg[29]/R	-1.971
ap_rst_n	q_gmem_m_axi_U/load_unit_0/tmp_addr_reg[35]/R	-1.971
s_axi_control_WDATA[1]	control_s_axi_U/int_k_address_reg[1]/D	-1.971
s_axi_control_WDATA[16]	control_s_axi_U/int_o_address_reg[48]/D	-1.971
s_axi_control_WDATA[5]	control_s_axi_U/int_o_address_reg[5]/D	-1.971
s_axi_control_WDATA[28]	control_s_axi_U/int_o_address_reg[60]/D	-1.971
s_axi_control_WDATA[12]	control_s_axi_U/int_v_address_reg[12]/D	-1.971
s_axi_control_WDATA[29]	control_s_axi_U/int_v_address_reg[61]/D	-1.971
ap_rst_n	q_gmem_m_axi_U/bus_read/rreq_burst_conv/sect_cnt_reg[10]/R	-1.971
ap_rst_n	q_gmem_m_axi_U/bus_read/rreq_burst_conv/sect_cnt_reg[11]/R	-1.971
ap_rst_n	q_gmem_m_axi_U/bus_read/rreq_burst_conv/sect_cnt_reg[12]/R	-1.971
ap_rst_n	q_gmem_m_axi_U/bus_read/rreq_burst_conv/sect_cnt_reg[13]/R	-1.971
ap_rst_n	q_gmem_m_axi_U/bus_read/rreq_burst_conv/sect_cnt_reg[2]/R	-1.971
ap_rst_n	q_gmem_m_axi_U/bus_read/rreq_burst_conv/sect_cnt_reg[3]/R	-1.971
ap_rst_n	q_gmem_m_axi_U/bus_read/rreq_burst_conv/sect_cnt_reg[8]/R	-1.971
ap_rst_n	q_gmem_m_axi_U/bus_read/rreq_burst_conv/sect_cnt_reg[9]/R	-1.971
ap_rst_n	q_gmem_m_axi_U/load_unit_0/fifo_rreq/raddr_reg[5]/R	-1.971
ap_rst_n	q_gmem_m_axi_U/load_unit_0/fifo_rreq/raddr_reg[6]/R	-1.971
ap_rst_n	q_gmem_m_axi_U/load_unit_0/fifo_rreq/U_fifo_srl/dout_reg[19]/R	-1.970
ap_rst_n	q_gmem_m_axi_U/load_unit_0/fifo_rreq/U_fifo_srl/dout_reg[28]/R	-1.970
ap_rst_n	q_gmem_m_axi_U/load_unit_0/fifo_rreq/U_fifo_srl/dout_reg[38]/R	-1.970
s_axi_control_WDATA[30]	control_s_axi_U/int_k_address_reg[30]/D	-1.970
s_axi_control_WDATA[13]	control_s_axi_U/int_o_address_reg[45]/D	-1.970
s_axi_control_WDATA[22]	control_s_axi_U/int_o_address_reg[54]/D	-1.970
ap_rst_n	q_gmem_m_axi_U/bus_read/rreq_burst_conv/sect_addr_buf_reg[52]/R	-1.970
ap_rst_n	q_gmem_m_axi_U/bus_read/rreq_burst_conv/sect_addr_buf_reg[53]/R	-1.970
s_axi_control_WDATA[7]	control_s_axi_U/int_k_address_reg[7]/D	-1.970
ap_rst_n	q_gmem_m_axi_U/bus_read/rreq_burst_conv/sect_addr_buf_reg[16]/R	-1.970
ap_rst_n	q_gmem_m_axi_U/bus_read/rreq_burst_conv/sect_addr_buf_reg[17]/R	-1.970
ap_rst_n	q_gmem_m_axi_U/bus_read/rreq_burst_conv/sect_addr_buf_reg[18]/R	-1.970
ap_rst_n	q_gmem_m_axi_U/bus_read/rreq_burst_conv/sect_addr_buf_reg[19]/R	-1.970
ap_rst_n	control_s_axi_U/int_q_address_reg[36]/R	-1.969
ap_rst_n	control_s_axi_U/int_q_address_reg[4]/R	-1.969
s_axi_control_WDATA[2]	control_s_axi_U/int_v_address_reg[2]/D	-1.969
ap_rst_n	q_gmem_m_axi_U/bus_read/rreq_burst_conv/sect_addr_buf_reg[42]/R	-1.969
ap_rst_n	q_gmem_m_axi_U/bus_read/rreq_burst_conv/sect_addr_buf_reg[43]/R	-1.969
ap_rst_n	q_gmem_m_axi_U/bus_read/rreq_burst_conv/sect_addr_buf_reg[48]/R	-1.969
ap_rst_n	q_gmem_m_axi_U/bus_read/rreq_burst_conv/sect_addr_buf_reg[49]/R	-1.969
ap_rst_n	q_gmem_m_axi_U/load_unit_0/fifo_rreq/U_fifo_srl/dout_reg[20]/R	-1.969
ap_rst_n	q_gmem_m_axi_U/load_unit_0/fifo_rreq/U_fifo_srl/dout_reg[24]/R	-1.969
ap_rst_n	q_gmem_m_axi_U/load_unit_0/tmp_addr_reg[27]/R	-1.969
ap_rst_n	v_gmem_m_axi_U/bus_read/rreq_burst_conv/rs_req/state_reg[0]/R	-1.969
ap_rst_n	v_gmem_m_axi_U/bus_read/rreq_burst_conv/rs_req/state_reg[1]/S	-1.969
s_axi_control_WDATA[18]	control_s_axi_U/int_k_address_reg[18]/D	-1.969
s_axi_control_WDATA[23]	control_s_axi_U/int_o_address_reg[55]/D	-1.969
s_axi_control_WDATA[10]	control_s_axi_U/int_v_address_reg[10]/D	-1.969
ap_rst_n	grp_run_fu_161/grp_runController_fu_106/grp_runQueryTile_fu_142/distributeQueryTile_U0/ap_CS_fsm_reg[75]/R	-1.969
ap_rst_n	grp_run_fu_161/grp_runController_fu_106/grp_runQueryTile_fu_142/distributeQueryTile_U0/grp_distributeQueryTile_Pipeline_VITIS_LOOP_498_3_VITIS_LOOP_503_4_VITIS_LOOP_504_5_fu_220_ap_start_reg_reg/R	-1.969
ap_rst_n	control_s_axi_U/int_q_address_reg[15]/R	-1.968
ap_rst_n	control_s_axi_U/int_q_address_reg[19]/R	-1.968
ap_rst_n	control_s_axi_U/int_q_address_reg[21]/R	-1.968
ap_rst_n	control_s_axi_U/int_sequence_length_reg[14]/R	-1.968
ap_rst_n	control_s_axi_U/int_sequence_length_reg[18]/R	-1.968
ap_rst_n	control_s_axi_U/int_sequence_length_reg[20]/R	-1.968
ap_rst_n	grp_run_fu_161/grp_runController_fu_106/grp_runQueryTile_fu_142/start_for_runQueryBlock_1_U0_U/mOutPtr_reg[0]/R	-1.968
ap_rst_n	grp_run_fu_161/grp_runController_fu_106/grp_runQueryTile_fu_142/start_for_runQueryBlock_1_U0_U/mOutPtr_reg[1]/R	-1.968
ap_rst_n	o_gmem_m_axi_U/store_unit_0/user_resp/full_n_reg/D	-1.968
ap_rst_n	control_s_axi_U/int_k_address_reg[11]/R	-1.968
ap_rst_n	control_s_axi_U/int_k_address_reg[17]/R	-1.968
ap_rst_n	control_s_axi_U/int_q_address_reg[43]/R	-1.968
ap_rst_n	control_s_axi_U/int_q_address_reg[49]/R	-1.968
ap_rst_n	q_gmem_m_axi_U/load_unit_0/fifo_rreq/U_fifo_srl/dout_reg[31]/R	-1.968
ap_rst_n	q_gmem_m_axi_U/load_unit_0/tmp_addr_reg[23]/R	-1.968
s_axi_control_WDATA[9]	control_s_axi_U/int_k_address_reg[41]/D	-1.968
s_axi_control_WDATA[14]	control_s_axi_U/int_o_address_reg[46]/D	-1.968
s_axi_control_WDATA[16]	control_s_axi_U/int_q_address_reg[16]/D	-1.968
ap_rst_n	q_gmem_m_axi_U/bus_read/rreq_burst_conv/start_addr_reg[17]/R	-1.968
ap_rst_n	q_gmem_m_axi_U/bus_read/rreq_burst_conv/start_addr_reg[19]/R	-1.968
ap_rst_n	q_gmem_m_axi_U/load_unit_0/fifo_rreq/mOutPtr_reg[2]/R	-1.968
ap_rst_n	q_gmem_m_axi_U/load_unit_0/fifo_rreq/mOutPtr_reg[3]/R	-1.968
s_axi_control_WDATA[9]	control_s_axi_U/int_o_address_reg[41]/D	-1.967
ap_rst_n	q_gmem_m_axi_U/bus_read/rreq_burst_conv/sect_addr_buf_reg[32]/R	-1.967
ap_rst_n	q_gmem_m_axi_U/bus_read/rreq_burst_conv/sect_addr_buf_reg[33]/R	-1.967
ap_rst_n	control_s_axi_U/int_k_address_reg[25]/R	-1.967
ap_rst_n	control_s_axi_U/int_k_address_reg[29]/R	-1.967
s_axi_control_WDATA[3]	control_s_axi_U/int_k_address_reg[35]/D	-1.967
s_axi_control_WDATA[5]	control_s_axi_U/int_o_address_reg[37]/D	-1.967
s_axi_control_WDATA[18]	control_s_axi_U/int_o_address_reg[50]/D	-1.967
ap_rst_n	control_s_axi_U/int_q_address_reg[57]/R	-1.967
ap_rst_n	control_s_axi_U/int_q_address_reg[61]/R	-1.967
ap_rst_n	grp_run_fu_161/grp_runController_fu_106/grp_runQueryTile_fu_142/header_active_queries_c_U/mOutPtr_reg[0]/R	-1.967
ap_rst_n	grp_run_fu_161/grp_runController_fu_106/grp_runQueryTile_fu_142/header_active_queries_c_U/mOutPtr_reg[1]/R	-1.967
ap_rst_n	grp_run_fu_161/grp_runController_fu_106/grp_runQueryTile_fu_142/header_active_queries_c_U/mOutPtr_reg[2]/R	-1.967
m_axi_o_gmem_BVALID	o_gmem_m_axi_U/bus_write/rs_resp/FSM_sequential_state_reg[0]/D	-1.967
s_axi_control_WDATA[14]	control_s_axi_U/int_q_address_reg[14]/D	-1.967
ap_rst_n	q_gmem_m_axi_U/load_unit_0/fifo_rreq/U_fifo_srl/dout_reg[32]/R	-1.966
s_axi_control_WDATA[13]	control_s_axi_U/int_k_address_reg[45]/D	-1.966
ap_rst_n	control_s_axi_U/int_q_address_reg[20]/R	-1.966
ap_rst_n	control_s_axi_U/int_q_address_reg[22]/R	-1.966
ap_rst_n	control_s_axi_U/int_q_address_reg[52]/R	-1.966
ap_rst_n	control_s_axi_U/int_q_address_reg[54]/R	-1.966
ap_rst_n	q_gmem_m_axi_U/bus_read/rreq_burst_conv/sect_addr_buf_reg[22]/R	-1.966
ap_rst_n	q_gmem_m_axi_U/bus_read/rreq_burst_conv/sect_addr_buf_reg[23]/R	-1.966
ap_rst_n	v_gmem_m_axi_U/load_unit_0/fifo_rreq/U_fifo_srl/dout_reg[71]/R	-1.966
ap_rst_n	v_gmem_m_axi_U/load_unit_0/fifo_rreq/U_fifo_srl/dout_reg[73]/R	-1.966
ap_rst_n	v_gmem_m_axi_U/load_unit_0/fifo_rreq/U_fifo_srl/dout_reg[76]/R	-1.966
ap_rst_n	v_gmem_m_axi_U/load_unit_0/fifo_rreq/U_fifo_srl/dout_reg[77]/R	-1.966
s_axi_control_WDATA[3]	control_s_axi_U/int_k_address_reg[3]/D	-1.966
ap_rst_n	o_gmem_m_axi_U/store_unit_0/fifo_wreq/mOutPtr_reg[0]/R	-1.966
ap_rst_n	o_gmem_m_axi_U/store_unit_0/fifo_wreq/mOutPtr_reg[1]/R	-1.966
ap_rst_n	o_gmem_m_axi_U/store_unit_0/fifo_wreq/mOutPtr_reg[3]/R	-1.966
ap_rst_n	q_gmem_m_axi_U/load_unit_0/tmp_addr_reg[12]/R	-1.966
ap_rst_n	q_gmem_m_axi_U/load_unit_0/tmp_addr_reg[13]/R	-1.966
s_axi_control_WDATA[1]	control_s_axi_U/int_k_address_reg[33]/D	-1.965
s_axi_control_WDATA[17]	control_s_axi_U/int_k_address_reg[49]/D	-1.965
ap_rst_n	q_gmem_m_axi_U/bus_read/rreq_burst_conv/sect_cnt_reg[0]/R	-1.965
ap_rst_n	q_gmem_m_axi_U/bus_read/rreq_burst_conv/sect_cnt_reg[1]/R	-1.965
ap_rst_n	q_gmem_m_axi_U/bus_read/rreq_burst_conv/sect_cnt_reg[4]/R	-1.965
ap_rst_n	q_gmem_m_axi_U/bus_read/rreq_burst_conv/sect_cnt_reg[5]/R	-1.965
ap_rst_n	q_gmem_m_axi_U/bus_read/rreq_burst_conv/sect_cnt_reg[6]/R	-1.965
ap_rst_n	q_gmem_m_axi_U/bus_read/rreq_burst_conv/sect_cnt_reg[7]/R	-1.965
ap_rst_n	o_gmem_m_axi_U/store_unit_0/tmp_addr_reg[51]/R	-1.965
s_axi_control_WDATA[18]	control_s_axi_U/int_q_address_reg[18]/D	-1.964
ap_rst_n	control_s_axi_U/int_q_address_reg[3]/R	-1.964
ap_rst_n	control_s_axi_U/int_q_address_reg[7]/R	-1.964
ap_rst_n	control_s_axi_U/int_q_address_reg[9]/R	-1.964
ap_rst_n	control_s_axi_U/int_sequence_length_reg[2]/R	-1.964
ap_rst_n	control_s_axi_U/int_sequence_length_reg[6]/R	-1.964
ap_rst_n	control_s_axi_U/int_sequence_length_reg[8]/R	-1.964
ap_rst_n	grp_run_fu_161/grp_runController_fu_106/grp_runQueryTile_fu_142/header_active_queries_c_U/addr_reg[0]/R	-1.964
ap_rst_n	grp_run_fu_161/grp_runController_fu_106/grp_runQueryTile_fu_142/header_active_queries_c_U/addr_reg[1]/R	-1.964
ap_rst_n	v_gmem_m_axi_U/load_unit_0/fifo_rreq/U_fifo_srl/dout_reg[72]/R	-1.964
ap_rst_n	v_gmem_m_axi_U/load_unit_0/fifo_rreq/U_fifo_srl/dout_reg[7]/R	-1.964
s_axi_control_RREADY	control_s_axi_U/FSM_onehot_rstate_reg[1]/D	-1.964
s_axi_control_WDATA[29]	control_s_axi_U/int_o_address_reg[61]/D	-1.964
ap_rst_n	grp_run_fu_161/grp_runController_fu_106/grp_runQueryTile_fu_142/distributeQueryTile_U0/grp_distributeQueryTile_Pipeline_VITIS_LOOP_498_3_VITIS_LOOP_503_4_VITIS_LOOP_504_5_fu_220/ap_enable_reg_pp0_iter42_reg/R	-1.963
ap_rst_n	grp_run_fu_161/grp_runController_fu_106/grp_runQueryTile_fu_142/distributeQueryTile_U0/grp_distributeQueryTile_Pipeline_VITIS_LOOP_498_3_VITIS_LOOP_503_4_VITIS_LOOP_504_5_fu_220/ap_enable_reg_pp0_iter43_reg/R	-1.963
ap_rst_n	grp_run_fu_161/grp_runController_fu_106/grp_runQueryTile_fu_142/distributeQueryTile_U0/grp_distributeQueryTile_Pipeline_VITIS_LOOP_498_3_VITIS_LOOP_503_4_VITIS_LOOP_504_5_fu_220/ap_enable_reg_pp0_iter44_reg/R	-1.963
ap_rst_n	q_gmem_m_axi_U/load_unit_0/fifo_rreq/U_fifo_srl/dout_reg[30]/R	-1.963
ap_rst_n	q_gmem_m_axi_U/load_unit_0/fifo_rreq/U_fifo_srl/dout_reg[45]/R	-1.963
ap_rst_n	control_s_axi_U/int_q_address_reg[26]/R	-1.963
ap_rst_n	control_s_axi_U/int_q_address_reg[28]/R	-1.963
ap_rst_n	control_s_axi_U/int_q_address_reg[30]/R	-1.963
ap_rst_n	control_s_axi_U/int_q_address_reg[58]/R	-1.963
ap_rst_n	control_s_axi_U/int_q_address_reg[60]/R	-1.963
ap_rst_n	control_s_axi_U/int_q_address_reg[62]/R	-1.963
m_axi_o_gmem_BVALID	o_gmem_m_axi_U/bus_write/rs_resp/state_reg[0]/D	-1.963
ap_rst_n	o_gmem_m_axi_U/store_unit_0/fifo_wreq/mOutPtr_reg[2]/R	-1.963
ap_rst_n	o_gmem_m_axi_U/store_unit_0/fifo_wreq/mOutPtr_reg[4]/R	-1.963
ap_rst_n	o_gmem_m_axi_U/store_unit_0/fifo_wreq/mOutPtr_reg[5]/R	-1.963
ap_rst_n	o_gmem_m_axi_U/store_unit_0/fifo_wreq/mOutPtr_reg[6]/R	-1.963
ap_rst_n	o_gmem_m_axi_U/store_unit_0/fifo_wreq/mOutPtr_reg[7]/R	-1.963
ap_rst_n	q_gmem_m_axi_U/load_unit_0/fifo_rreq/mOutPtr_reg[0]/R	-1.963
ap_rst_n	q_gmem_m_axi_U/load_unit_0/fifo_rreq/mOutPtr_reg[1]/R	-1.963
ap_rst_n	v_gmem_m_axi_U/load_unit_0/tmp_addr_reg[10]/R	-1.963
ap_rst_n	o_gmem_m_axi_U/store_unit_0/fifo_wreq/raddr_reg[0]/R	-1.963
ap_rst_n	o_gmem_m_axi_U/store_unit_0/tmp_addr_reg[50]/R	-1.963
ap_rst_n	o_gmem_m_axi_U/store_unit_0/tmp_addr_reg[56]/R	-1.963
ap_rst_n	o_gmem_m_axi_U/store_unit_0/tmp_addr_reg[62]/R	-1.963
ap_rst_n	o_gmem_m_axi_U/store_unit_0/tmp_addr_reg[63]/R	-1.963
s_axi_control_WDATA[24]	control_s_axi_U/int_q_address_reg[24]/D	-1.962
ap_rst_n	grp_run_fu_161/grp_runController_fu_106/grp_runQueryTile_fu_142/header_active_queries_c_U/empty_n_reg/R	-1.962
ap_rst_n	grp_run_fu_161/grp_runController_fu_106/grp_runQueryTile_fu_142/header_active_queries_c_U/full_n_reg/S	-1.962
ap_rst_n	q_gmem_m_axi_U/load_unit_0/fifo_rreq/mOutPtr_reg[4]/R	-1.962
ap_rst_n	q_gmem_m_axi_U/load_unit_0/fifo_rreq/mOutPtr_reg[6]/R	-1.962
ap_rst_n	q_gmem_m_axi_U/load_unit_0/fifo_rreq/mOutPtr_reg[7]/R	-1.962
s_axi_control_WDATA[11]	control_s_axi_U/int_k_address_reg[43]/D	-1.962
s_axi_control_WDATA[19]	control_s_axi_U/int_k_address_reg[51]/D	-1.962
s_axi_control_WDATA[21]	control_s_axi_U/int_k_address_reg[53]/D	-1.962
s_axi_control_WDATA[1]	control_s_axi_U/int_o_address_reg[1]/D	-1.962
ap_rst_n	grp_run_fu_161/grp_runController_fu_106/grp_runQueryTile_fu_142/header1_U/mOutPtr_reg[0]/R	-1.962
ap_rst_n	grp_run_fu_161/grp_runController_fu_106/grp_runQueryTile_fu_142/header1_U/mOutPtr_reg[1]/R	-1.962
ap_rst_n	grp_run_fu_161/grp_runController_fu_106/grp_runQueryTile_fu_142/runQueryBlock_1_U0/ap_CS_fsm_reg[0]/S	-1.962
ap_rst_n	v_gmem_m_axi_U/load_unit_0/fifo_rreq/U_fifo_srl/dout_reg[92]/R	-1.962
ap_rst_n	v_gmem_m_axi_U/load_unit_0/fifo_rreq/U_fifo_srl/dout_reg[95]/R	-1.962
s_axi_control_WDATA[15]	control_s_axi_U/int_k_address_reg[47]/D	-1.961
s_axi_control_WDATA[3]	control_s_axi_U/int_o_address_reg[35]/D	-1.961
s_axi_control_WDATA[27]	control_s_axi_U/int_o_address_reg[59]/D	-1.961
ap_rst_n	o_gmem_m_axi_U/store_unit_0/fifo_wreq/dout_vld_reg/R	-1.961
ap_rst_n	o_gmem_m_axi_U/store_unit_0/fifo_wreq/empty_n_reg/R	-1.961
ap_rst_n	o_gmem_m_axi_U/store_unit_0/tmp_addr_reg[52]/R	-1.961
ap_rst_n	o_gmem_m_axi_U/store_unit_0/tmp_addr_reg[60]/R	-1.961
ap_rst_n	q_gmem_m_axi_U/load_unit_0/fifo_rreq/empty_n_reg/R	-1.961
s_axi_control_WDATA[16]	control_s_axi_U/int_v_address_reg[16]/D	-1.961
ap_rst_n	v_gmem_m_axi_U/load_unit_0/buff_rdata/full_n_reg/D	-1.961
s_axi_control_WDATA[20]	control_s_axi_U/int_o_address_reg[20]/D	-1.960
s_axi_control_WDATA[7]	control_s_axi_U/int_o_address_reg[7]/D	-1.960
s_axi_control_WDATA[1]	control_s_axi_U/int_o_address_reg[33]/D	-1.960
s_axi_control_WDATA[21]	control_s_axi_U/int_o_address_reg[53]/D	-1.960
ap_rst_n	v_gmem_m_axi_U/bus_read/rreq_burst_conv/sect_len_buf_reg[2]/R	-1.960
ap_rst_n	v_gmem_m_axi_U/bus_read/rreq_burst_conv/sect_len_buf_reg[3]/R	-1.960
ap_rst_n	v_gmem_m_axi_U/bus_read/rreq_burst_conv/sect_len_buf_reg[4]/R	-1.960
ap_rst_n	v_gmem_m_axi_U/bus_read/rreq_burst_conv/start_to_4k_reg[7]/R	-1.960
ap_rst_n	v_gmem_m_axi_U/load_unit_0/fifo_rreq/U_fifo_srl/dout_reg[1]/R	-1.960
ap_rst_n	v_gmem_m_axi_U/load_unit_0/fifo_rreq/U_fifo_srl/dout_reg[70]/R	-1.960
ap_rst_n	v_gmem_m_axi_U/load_unit_0/tmp_addr_reg[5]/R	-1.960
s_axi_control_WDATA[11]	control_s_axi_U/int_o_address_reg[11]/D	-1.959
ap_rst_n	control_s_axi_U/int_q_address_reg[11]/R	-1.959
ap_rst_n	control_s_axi_U/int_q_address_reg[25]/R	-1.959
ap_rst_n	control_s_axi_U/int_q_address_reg[27]/R	-1.959
ap_rst_n	control_s_axi_U/int_q_address_reg[29]/R	-1.959
ap_rst_n	control_s_axi_U/int_sequence_length_reg[10]/R	-1.959
ap_rst_n	control_s_axi_U/int_sequence_length_reg[24]/R	-1.959
ap_rst_n	control_s_axi_U/int_sequence_length_reg[26]/R	-1.959
ap_rst_n	control_s_axi_U/int_sequence_length_reg[28]/R	-1.959
s_axi_control_WDATA[6]	control_s_axi_U/int_v_address_reg[38]/D	-1.959
s_axi_control_WDATA[2]	control_s_axi_U/int_o_address_reg[2]/D	-1.959
s_axi_control_WDATA[14]	control_s_axi_U/int_v_address_reg[14]/D	-1.959
s_axi_control_WDATA[18]	control_s_axi_U/int_v_address_reg[18]/D	-1.959
m_axi_o_gmem_BVALID	o_gmem_m_axi_U/bus_write/rs_resp/state_reg[1]/D	-1.959
ap_rst_n	o_gmem_m_axi_U/bus_write/wreq_throttle/req_fifo/full_n_reg/D	-1.959
ap_rst_n	v_gmem_m_axi_U/bus_read/rreq_burst_conv/beat_len_reg[2]/R	-1.959
ap_rst_n	v_gmem_m_axi_U/bus_read/rreq_burst_conv/beat_len_reg[3]/R	-1.959
ap_rst_n	v_gmem_m_axi_U/bus_read/rreq_burst_conv/beat_len_reg[4]/R	-1.959
ap_rst_n	v_gmem_m_axi_U/bus_read/rreq_burst_conv/beat_len_reg[7]/R	-1.959
ap_rst_n	v_gmem_m_axi_U/bus_read/rreq_burst_conv/start_to_4k_reg[2]/R	-1.959
ap_rst_n	v_gmem_m_axi_U/bus_read/rreq_burst_conv/start_to_4k_reg[3]/R	-1.959
ap_rst_n	v_gmem_m_axi_U/bus_read/rreq_burst_conv/start_to_4k_reg[4]/R	-1.959
ap_rst_n	v_gmem_m_axi_U/load_unit_0/tmp_addr_reg[4]/R	-1.959
s_axi_control_WDATA[13]	control_s_axi_U/int_o_address_reg[13]/D	-1.958
s_axi_control_WDATA[17]	control_s_axi_U/int_o_address_reg[17]/D	-1.958
s_axi_control_WDATA[19]	control_s_axi_U/int_o_address_reg[51]/D	-1.958
s_axi_control_WDATA[9]	control_s_axi_U/int_o_address_reg[9]/D	-1.958
s_axi_control_WDATA[8]	control_s_axi_U/int_v_address_reg[40]/D	-1.958
ap_rst_n	o_gmem_m_axi_U/store_unit_0/fifo_wreq/U_fifo_srl/dout_reg[53]/R	-1.958
ap_rst_n	o_gmem_m_axi_U/store_unit_0/fifo_wreq/U_fifo_srl/dout_reg[59]/R	-1.958
ap_rst_n	o_gmem_m_axi_U/store_unit_0/fifo_wreq/U_fifo_srl/dout_reg[60]/R	-1.958
s_axi_control_WDATA[15]	control_s_axi_U/int_o_address_reg[15]/D	-1.957
s_axi_control_WDATA[7]	control_s_axi_U/int_o_address_reg[39]/D	-1.957
s_axi_control_WDATA[4]	control_s_axi_U/int_v_address_reg[36]/D	-1.957
ap_rst_n	o_gmem_m_axi_U/store_unit_0/fifo_wreq/U_fifo_srl/dout_reg[47]/R	-1.957
ap_rst_n	o_gmem_m_axi_U/store_unit_0/fifo_wreq/U_fifo_srl/dout_reg[57]/R	-1.957
s_axi_control_WDATA[0]	control_s_axi_U/int_o_address_reg[0]/D	-1.957
ap_rst_n	o_gmem_m_axi_U/store_unit_0/buff_wdata/full_n_reg/D	-1.957
ap_rst_n	v_gmem_m_axi_U/load_unit_0/fifo_rreq/U_fifo_srl/dout_reg[80]/R	-1.957
ap_rst_n	v_gmem_m_axi_U/load_unit_0/fifo_rreq/U_fifo_srl/dout_reg[84]/R	-1.957
ap_rst_n	v_gmem_m_axi_U/load_unit_0/tmp_len_reg[10]/R	-1.957
ap_rst_n	v_gmem_m_axi_U/load_unit_0/tmp_len_reg[11]/R	-1.957
ap_rst_n	v_gmem_m_axi_U/load_unit_0/tmp_len_reg[12]/R	-1.957
ap_rst_n	v_gmem_m_axi_U/load_unit_0/tmp_len_reg[13]/R	-1.957
ap_rst_n	v_gmem_m_axi_U/load_unit_0/tmp_len_reg[18]/R	-1.957
ap_rst_n	v_gmem_m_axi_U/load_unit_0/tmp_len_reg[19]/R	-1.957
ap_rst_n	v_gmem_m_axi_U/load_unit_0/tmp_len_reg[20]/R	-1.957
ap_rst_n	v_gmem_m_axi_U/load_unit_0/tmp_len_reg[21]/R	-1.957
ap_rst_n	v_gmem_m_axi_U/load_unit_0/tmp_len_reg[26]/R	-1.957
ap_rst_n	v_gmem_m_axi_U/load_unit_0/tmp_len_reg[27]/R	-1.957
ap_rst_n	v_gmem_m_axi_U/load_unit_0/tmp_len_reg[28]/R	-1.957
ap_rst_n	v_gmem_m_axi_U/load_unit_0/tmp_len_reg[29]/R	-1.957
s_axi_control_WDATA[26]	control_s_axi_U/int_o_address_reg[26]/D	-1.957
s_axi_control_WDATA[3]	control_s_axi_U/int_o_address_reg[3]/D	-1.956
s_axi_control_WDATA[25]	control_s_axi_U/int_o_address_reg[57]/D	-1.956
s_axi_control_WDATA[15]	control_s_axi_U/int_o_address_reg[47]/D	-1.956
s_axi_control_WDATA[17]	control_s_axi_U/int_o_address_reg[49]/D	-1.956
ap_rst_n	o_gmem_m_axi_U/store_unit_0/fifo_wreq/U_fifo_srl/dout_reg[41]/R	-1.956
ap_rst_n	o_gmem_m_axi_U/store_unit_0/fifo_wreq/U_fifo_srl/dout_reg[49]/R	-1.956
s_axi_control_WDATA[0]	control_s_axi_U/int_q_address_reg[0]/D	-1.956
s_axi_control_WDATA[26]	control_s_axi_U/int_v_address_reg[26]/D	-1.956
ap_rst_n	v_gmem_m_axi_U/bus_read/rreq_burst_conv/end_from_4k_reg[4]/R	-1.956
ap_rst_n	v_gmem_m_axi_U/bus_read/rreq_burst_conv/end_from_4k_reg[5]/R	-1.956
ap_rst_n	v_gmem_m_axi_U/bus_read/rreq_burst_conv/end_from_4k_reg[6]/R	-1.956
ap_rst_n	v_gmem_m_axi_U/bus_read/rreq_burst_conv/end_from_4k_reg[7]/R	-1.956
ap_rst_n	v_gmem_m_axi_U/load_unit_0/fifo_rreq/U_fifo_srl/dout_reg[26]/R	-1.956
ap_rst_n	v_gmem_m_axi_U/load_unit_0/fifo_rreq/U_fifo_srl/dout_reg[83]/R	-1.956
ap_rst_n	v_gmem_m_axi_U/load_unit_0/fifo_rreq/U_fifo_srl/dout_reg[87]/R	-1.956
ap_rst_n	v_gmem_m_axi_U/load_unit_0/fifo_rreq/U_fifo_srl/dout_reg[91]/R	-1.956
ap_rst_n	v_gmem_m_axi_U/load_unit_0/fifo_rreq/U_fifo_srl/dout_reg[94]/R	-1.956
ap_rst_n	v_gmem_m_axi_U/load_unit_0/tmp_len_reg[14]/R	-1.956
ap_rst_n	v_gmem_m_axi_U/load_unit_0/tmp_len_reg[15]/R	-1.956
ap_rst_n	v_gmem_m_axi_U/load_unit_0/tmp_len_reg[16]/R	-1.956
ap_rst_n	v_gmem_m_axi_U/load_unit_0/tmp_len_reg[17]/R	-1.956
ap_rst_n	v_gmem_m_axi_U/load_unit_0/tmp_len_reg[22]/R	-1.956
ap_rst_n	v_gmem_m_axi_U/load_unit_0/tmp_len_reg[23]/R	-1.956
ap_rst_n	v_gmem_m_axi_U/load_unit_0/tmp_len_reg[24]/R	-1.956
ap_rst_n	v_gmem_m_axi_U/load_unit_0/tmp_len_reg[25]/R	-1.956
ap_rst_n	v_gmem_m_axi_U/load_unit_0/tmp_len_reg[30]/R	-1.956
ap_rst_n	v_gmem_m_axi_U/load_unit_0/tmp_len_reg[31]/R	-1.956
s_axi_control_WDATA[11]	control_s_axi_U/int_o_address_reg[43]/D	-1.955
ap_rst_n	o_gmem_m_axi_U/store_unit_0/fifo_wreq/U_fifo_srl/dout_reg[28]/R	-1.955
ap_rst_n	o_gmem_m_axi_U/store_unit_0/fifo_wreq/U_fifo_srl/dout_reg[31]/R	-1.955
ap_rst_n	o_gmem_m_axi_U/store_unit_0/fifo_wreq/U_fifo_srl/dout_reg[42]/R	-1.955
ap_rst_n	v_gmem_m_axi_U/bus_read/rreq_burst_conv/rs_req/FSM_sequential_state_reg[0]/R	-1.955
ap_rst_n	v_gmem_m_axi_U/bus_read/rreq_burst_conv/rs_req/FSM_sequential_state_reg[1]/R	-1.955
ap_rst_n	v_gmem_m_axi_U/bus_read/rreq_burst_conv/rs_req/s_ready_t_reg/R	-1.955
ap_rst_n	v_gmem_m_axi_U/load_unit_0/fifo_rreq/U_fifo_srl/dout_reg[2]/R	-1.955
ap_rst_n	v_gmem_m_axi_U/load_unit_0/fifo_rreq/U_fifo_srl/dout_reg[81]/R	-1.955
s_axi_control_WDATA[0]	control_s_axi_U/int_ap_start_reg/D	-1.955
s_axi_control_WDATA[19]	control_s_axi_U/int_o_address_reg[19]/D	-1.955
s_axi_control_WDATA[8]	control_s_axi_U/int_o_address_reg[40]/D	-1.955
s_axi_control_WDATA[31]	control_s_axi_U/int_o_address_reg[63]/D	-1.955
m_axi_o_gmem_BVALID	o_gmem_m_axi_U/bus_write/rs_resp/s_ready_t_reg/D	-1.955
ap_rst_n	v_gmem_m_axi_U/load_unit_0/fifo_rreq/U_fifo_srl/dout_reg[89]/R	-1.955
s_axi_control_WDATA[28]	control_s_axi_U/int_v_address_reg[28]/D	-1.955
ap_rst_n	v_gmem_m_axi_U/load_unit_0/tmp_addr_reg[29]/R	-1.955
s_axi_control_WDATA[0]	control_s_axi_U/int_k_address_reg[0]/D	-1.954
s_axi_control_WDATA[12]	control_s_axi_U/int_o_address_reg[12]/D	-1.954
s_axi_control_WDATA[21]	control_s_axi_U/int_o_address_reg[21]/D	-1.954
ap_rst_n	o_gmem_m_axi_U/store_unit_0/fifo_wreq/U_fifo_srl/dout_reg[48]/R	-1.954
ap_rst_n	control_s_axi_U/int_k_address_reg[10]/R	-1.954
ap_rst_n	control_s_axi_U/int_k_address_reg[14]/R	-1.954
ap_rst_n	control_s_axi_U/int_k_address_reg[16]/R	-1.954
ap_rst_n	control_s_axi_U/int_k_address_reg[42]/R	-1.954
ap_rst_n	control_s_axi_U/int_k_address_reg[46]/R	-1.954
ap_rst_n	control_s_axi_U/int_k_address_reg[48]/R	-1.954
s_axi_control_WDATA[24]	control_s_axi_U/int_o_address_reg[24]/D	-1.954
s_axi_control_WDATA[6]	control_s_axi_U/int_o_address_reg[38]/D	-1.954
ap_rst_n	v_gmem_m_axi_U/load_unit_0/fifo_rreq/U_fifo_srl/dout_reg[27]/R	-1.954
ap_rst_n	v_gmem_m_axi_U/load_unit_0/fifo_rreq/U_fifo_srl/dout_reg[28]/R	-1.954
ap_rst_n	v_gmem_m_axi_U/load_unit_0/fifo_rreq/dout_vld_reg/R	-1.954
ap_rst_n	v_gmem_m_axi_U/load_unit_0/fifo_rreq/empty_n_reg/R	-1.954
ap_rst_n	v_gmem_m_axi_U/load_unit_0/fifo_rreq/mOutPtr_reg[0]/R	-1.954
ap_rst_n	v_gmem_m_axi_U/load_unit_0/fifo_rreq/mOutPtr_reg[1]/R	-1.954
ap_rst_n	v_gmem_m_axi_U/load_unit_0/fifo_rreq/mOutPtr_reg[2]/R	-1.954
ap_rst_n	v_gmem_m_axi_U/load_unit_0/fifo_rreq/mOutPtr_reg[3]/R	-1.954
ap_rst_n	control_s_axi_U/int_k_address_reg[24]/R	-1.953
ap_rst_n	control_s_axi_U/int_k_address_reg[56]/R	-1.953
s_axi_control_WDATA[10]	control_s_axi_U/int_o_address_reg[10]/D	-1.953
s_axi_control_WDATA[28]	control_s_axi_U/int_o_address_reg[28]/D	-1.953
ap_rst_n	v_gmem_m_axi_U/bus_read/fifo_burst/mOutPtr_reg[0]/R	-1.953
ap_rst_n	v_gmem_m_axi_U/bus_read/fifo_burst/mOutPtr_reg[1]/R	-1.953
ap_rst_n	v_gmem_m_axi_U/bus_read/fifo_burst/mOutPtr_reg[2]/R	-1.953
ap_rst_n	v_gmem_m_axi_U/bus_read/fifo_burst/mOutPtr_reg[3]/R	-1.953
ap_rst_n	v_gmem_m_axi_U/bus_read/fifo_burst/mOutPtr_reg[4]/R	-1.953
ap_rst_n	v_gmem_m_axi_U/load_unit_0/fifo_rreq/U_fifo_srl/dout_reg[44]/R	-1.953
ap_rst_n	v_gmem_m_axi_U/load_unit_0/fifo_rreq/U_fifo_srl/dout_reg[48]/R	-1.953
ap_rst_n	v_gmem_m_axi_U/load_unit_0/tmp_addr_reg[47]/R	-1.953
ap_rst_n	v_gmem_m_axi_U/load_unit_0/tmp_addr_reg[51]/R	-1.953
ap_rst_n	control_s_axi_U/int_k_address_reg[40]/R	-1.953
s_axi_control_WDATA[29]	control_s_axi_U/int_k_address_reg[61]/D	-1.953
ap_rst_n	control_s_axi_U/int_k_address_reg[8]/R	-1.953
s_axi_control_WDATA[24]	control_s_axi_U/int_v_address_reg[24]/D	-1.953
s_axi_control_WDATA[30]	control_s_axi_U/int_v_address_reg[30]/D	-1.953
ap_rst_n	v_gmem_m_axi_U/load_unit_0/tmp_addr_reg[30]/R	-1.953
s_axi_control_WDATA[31]	control_s_axi_U/int_o_address_reg[31]/D	-1.952
ap_rst_n	control_s_axi_U/int_k_address_reg[22]/R	-1.952
ap_rst_n	control_s_axi_U/int_k_address_reg[28]/R	-1.952
ap_rst_n	control_s_axi_U/int_k_address_reg[36]/R	-1.952
ap_rst_n	control_s_axi_U/int_k_address_reg[38]/R	-1.952
ap_rst_n	control_s_axi_U/int_k_address_reg[4]/R	-1.952
ap_rst_n	control_s_axi_U/int_k_address_reg[54]/R	-1.952
ap_rst_n	control_s_axi_U/int_k_address_reg[60]/R	-1.952
ap_rst_n	control_s_axi_U/int_k_address_reg[6]/R	-1.952
s_axi_control_WDATA[4]	control_s_axi_U/int_o_address_reg[36]/D	-1.952
ap_rst_n	v_gmem_m_axi_U/bus_read/fifo_burst/empty_n_reg/R	-1.952
s_axi_control_WDATA[20]	control_s_axi_U/int_v_address_reg[20]/D	-1.952
ap_rst_n	v_gmem_m_axi_U/bus_read/rreq_burst_conv/end_from_4k_reg[0]/R	-1.951
ap_rst_n	v_gmem_m_axi_U/bus_read/rreq_burst_conv/end_from_4k_reg[1]/R	-1.951
ap_rst_n	v_gmem_m_axi_U/bus_read/rreq_burst_conv/end_from_4k_reg[2]/R	-1.951
ap_rst_n	v_gmem_m_axi_U/bus_read/rreq_burst_conv/end_from_4k_reg[3]/R	-1.951
ap_rst_n	v_gmem_m_axi_U/bus_read/rreq_burst_conv/end_from_4k_reg[8]/R	-1.951
ap_rst_n	v_gmem_m_axi_U/load_unit_0/fifo_rreq/U_fifo_srl/dout_reg[0]/R	-1.951
ap_rst_n	v_gmem_m_axi_U/load_unit_0/fifo_rreq/U_fifo_srl/dout_reg[78]/R	-1.951
ap_rst_n	v_gmem_m_axi_U/load_unit_0/fifo_rreq/U_fifo_srl/dout_reg[82]/R	-1.951
ap_rst_n	v_gmem_m_axi_U/load_unit_0/fifo_rreq/U_fifo_srl/dout_reg[85]/R	-1.951
ap_rst_n	v_gmem_m_axi_U/load_unit_0/fifo_rreq/U_fifo_srl/dout_reg[88]/R	-1.951
ap_rst_n	control_s_axi_U/int_k_address_reg[20]/R	-1.951
ap_rst_n	control_s_axi_U/int_k_address_reg[2]/R	-1.951
ap_rst_n	control_s_axi_U/int_k_address_reg[34]/R	-1.951
ap_rst_n	control_s_axi_U/int_k_address_reg[52]/R	-1.951
ap_rst_n	control_s_axi_U/int_k_address_reg[1]/R	-1.950
ap_rst_n	control_s_axi_U/int_k_address_reg[5]/R	-1.950
ap_rst_n	control_s_axi_U/int_k_address_reg[9]/R	-1.950
s_axi_control_WDATA[30]	control_s_axi_U/int_o_address_reg[30]/D	-1.950
ap_rst_n	control_s_axi_U/int_q_address_reg[33]/R	-1.950
ap_rst_n	control_s_axi_U/int_q_address_reg[37]/R	-1.950
ap_rst_n	control_s_axi_U/int_q_address_reg[41]/R	-1.950
ap_rst_n	grp_run_fu_161/grp_runController_fu_106/grp_runQueryTile_fu_142/entry_proc_U0/start_once_reg_reg/D	-1.950
ap_rst_n	v_gmem_m_axi_U/bus_read/fifo_rctl/mOutPtr_reg[0]/R	-1.950
ap_rst_n	v_gmem_m_axi_U/bus_read/fifo_rctl/mOutPtr_reg[1]/R	-1.950
ap_rst_n	v_gmem_m_axi_U/bus_read/fifo_rctl/mOutPtr_reg[2]/R	-1.950
ap_rst_n	v_gmem_m_axi_U/bus_read/fifo_rctl/mOutPtr_reg[3]/R	-1.950
ap_rst_n	v_gmem_m_axi_U/bus_read/fifo_rctl/mOutPtr_reg[4]/R	-1.950
ap_rst_n	v_gmem_m_axi_U/bus_read/rreq_burst_conv/last_sect_buf_reg/R	-1.950
ap_rst_n	v_gmem_m_axi_U/load_unit_0/fifo_rreq/U_fifo_srl/dout_reg[13]/R	-1.950
ap_rst_n	v_gmem_m_axi_U/load_unit_0/fifo_rreq/U_fifo_srl/dout_reg[15]/R	-1.950
ap_rst_n	v_gmem_m_axi_U/load_unit_0/fifo_rreq/U_fifo_srl/dout_reg[22]/R	-1.950
ap_rst_n	v_gmem_m_axi_U/load_unit_0/fifo_rreq/U_fifo_srl/dout_reg[79]/R	-1.950
s_axi_control_WDATA[29]	control_s_axi_U/int_o_address_reg[29]/D	-1.950
ap_rst_n	control_s_axi_U/int_q_address_reg[2]/R	-1.950
ap_rst_n	control_s_axi_U/int_q_address_reg[34]/R	-1.950
s_axi_control_WDATA[18]	control_s_axi_U/int_o_address_reg[18]/D	-1.949
ap_rst_n	v_gmem_m_axi_U/load_unit_0/fifo_rreq/U_fifo_srl/dout_reg[19]/R	-1.949
ap_rst_n	v_gmem_m_axi_U/load_unit_0/fifo_rreq/U_fifo_srl/dout_reg[21]/R	-1.949
ap_rst_n	v_gmem_m_axi_U/load_unit_0/fifo_rreq/U_fifo_srl/dout_reg[33]/R	-1.949
ap_rst_n	v_gmem_m_axi_U/load_unit_0/fifo_rreq/U_fifo_srl/dout_reg[47]/R	-1.949
ap_rst_n	control_s_axi_U/int_k_address_reg[37]/R	-1.949
ap_rst_n	control_s_axi_U/int_k_address_reg[39]/R	-1.949
s_axi_control_WDATA[22]	control_s_axi_U/int_o_address_reg[22]/D	-1.949
ap_rst_n	control_s_axi_U/int_q_address_reg[1]/R	-1.949
ap_rst_n	control_s_axi_U/int_q_address_reg[5]/R	-1.949
ap_rst_n	control_s_axi_U/int_sequence_length_reg[0]/R	-1.949
ap_rst_n	control_s_axi_U/int_sequence_length_reg[4]/R	-1.949
ap_rst_n	control_s_axi_U/int_v_address_reg[5]/R	-1.949
ap_rst_n	control_s_axi_U/int_v_address_reg[7]/R	-1.949
ap_rst_n	v_gmem_m_axi_U/load_unit_0/fifo_rreq/raddr_reg[0]/R	-1.949
ap_rst_n	v_gmem_m_axi_U/load_unit_0/fifo_rreq/raddr_reg[5]/R	-1.949
ap_rst_n	v_gmem_m_axi_U/load_unit_0/fifo_rreq/raddr_reg[6]/R	-1.949
ap_rst_n	control_s_axi_U/int_k_address_reg[18]/R	-1.948
ap_rst_n	control_s_axi_U/int_k_address_reg[30]/R	-1.948
ap_rst_n	control_s_axi_U/int_k_address_reg[50]/R	-1.948
ap_rst_n	control_s_axi_U/int_k_address_reg[62]/R	-1.948
ap_rst_n	v_gmem_m_axi_U/load_unit_0/fifo_rreq/U_fifo_srl/dout_reg[31]/R	-1.948
ap_rst_n	v_gmem_m_axi_U/load_unit_0/fifo_rreq/U_fifo_srl/dout_reg[86]/R	-1.948
ap_rst_n	v_gmem_m_axi_U/load_unit_0/fifo_rreq/U_fifo_srl/dout_reg[90]/R	-1.948
ap_rst_n	v_gmem_m_axi_U/load_unit_0/tmp_addr_reg[34]/R	-1.948
ap_rst_n	v_gmem_m_axi_U/load_unit_0/tmp_addr_reg[50]/R	-1.948
ap_rst_n	control_s_axi_U/int_k_address_reg[12]/R	-1.948
ap_rst_n	control_s_axi_U/int_k_address_reg[26]/R	-1.948
ap_rst_n	control_s_axi_U/int_k_address_reg[44]/R	-1.948
ap_rst_n	control_s_axi_U/int_k_address_reg[58]/R	-1.948
s_axi_control_WDATA[16]	control_s_axi_U/int_o_address_reg[16]/D	-1.948
ap_rst_n	control_s_axi_U/int_q_address_reg[38]/R	-1.948
ap_rst_n	control_s_axi_U/int_q_address_reg[40]/R	-1.948
ap_rst_n	control_s_axi_U/int_q_address_reg[6]/R	-1.948
ap_rst_n	control_s_axi_U/int_q_address_reg[8]/R	-1.948
ap_rst_n	v_gmem_m_axi_U/load_unit_0/fifo_rreq/U_fifo_srl/dout_reg[37]/R	-1.947
ap_rst_n	control_s_axi_U/int_k_address_reg[41]/R	-1.947
ap_rst_n	control_s_axi_U/int_q_address_reg[10]/R	-1.947
ap_rst_n	control_s_axi_U/int_q_address_reg[12]/R	-1.947
ap_rst_n	control_s_axi_U/int_q_address_reg[42]/R	-1.947
ap_rst_n	control_s_axi_U/int_q_address_reg[44]/R	-1.947
ap_rst_n	control_s_axi_U/int_v_address_reg[9]/R	-1.947
ap_rst_n	o_gmem_m_axi_U/bus_write/wreq_burst_conv/sect_addr_buf_reg[50]/R	-1.947
ap_rst_n	o_gmem_m_axi_U/bus_write/wreq_burst_conv/sect_addr_buf_reg[51]/R	-1.947
ap_rst_n	o_gmem_m_axi_U/bus_write/wreq_burst_conv/sect_addr_buf_reg[52]/R	-1.947
ap_rst_n	o_gmem_m_axi_U/bus_write/wreq_burst_conv/sect_addr_buf_reg[53]/R	-1.947
ap_rst_n	o_gmem_m_axi_U/bus_write/wreq_burst_conv/sect_addr_buf_reg[62]/R	-1.947
ap_rst_n	o_gmem_m_axi_U/bus_write/wreq_burst_conv/sect_addr_buf_reg[63]/R	-1.947
ap_rst_n	o_gmem_m_axi_U/store_unit_0/tmp_addr_reg[55]/R	-1.947
ap_rst_n	o_gmem_m_axi_U/store_unit_0/tmp_addr_reg[57]/R	-1.947
ap_rst_n	v_gmem_m_axi_U/bus_read/fifo_burst/U_fifo_srl/dout_reg[0]/R	-1.947
ap_rst_n	v_gmem_m_axi_U/bus_read/fifo_burst/dout_vld_reg/R	-1.947
ap_rst_n	v_gmem_m_axi_U/bus_read/fifo_burst/raddr_reg[0]/R	-1.947
ap_rst_n	v_gmem_m_axi_U/bus_read/fifo_burst/raddr_reg[1]/R	-1.947
ap_rst_n	v_gmem_m_axi_U/bus_read/fifo_burst/raddr_reg[2]/R	-1.947
ap_rst_n	v_gmem_m_axi_U/bus_read/fifo_burst/raddr_reg[3]/R	-1.947
ap_rst_n	v_gmem_m_axi_U/load_unit_0/fifo_rreq/U_fifo_srl/dout_reg[93]/R	-1.947
s_axi_control_WDATA[14]	control_s_axi_U/int_o_address_reg[14]/D	-1.947
ap_rst_n	o_gmem_m_axi_U/bus_write/wreq_burst_conv/sect_cnt_reg[32]/R	-1.946
ap_rst_n	o_gmem_m_axi_U/bus_write/wreq_burst_conv/sect_cnt_reg[33]/R	-1.946
ap_rst_n	o_gmem_m_axi_U/bus_write/wreq_burst_conv/sect_cnt_reg[38]/R	-1.946
ap_rst_n	o_gmem_m_axi_U/bus_write/wreq_burst_conv/sect_cnt_reg[39]/R	-1.946
ap_rst_n	o_gmem_m_axi_U/bus_write/wreq_burst_conv/sect_cnt_reg[40]/R	-1.946
ap_rst_n	o_gmem_m_axi_U/bus_write/wreq_burst_conv/sect_cnt_reg[41]/R	-1.946
ap_rst_n	o_gmem_m_axi_U/bus_write/wreq_burst_conv/sect_cnt_reg[50]/R	-1.946
ap_rst_n	o_gmem_m_axi_U/bus_write/wreq_burst_conv/sect_cnt_reg[51]/R	-1.946
ap_rst_n	v_gmem_m_axi_U/bus_read/rreq_burst_conv/sect_total_reg[0]/R	-1.946
ap_rst_n	v_gmem_m_axi_U/bus_read/rreq_burst_conv/sect_total_reg[10]/R	-1.946
ap_rst_n	v_gmem_m_axi_U/bus_read/rreq_burst_conv/sect_total_reg[15]/R	-1.946
ap_rst_n	v_gmem_m_axi_U/bus_read/rreq_burst_conv/sect_total_reg[16]/R	-1.946
ap_rst_n	v_gmem_m_axi_U/bus_read/rreq_burst_conv/sect_total_reg[17]/R	-1.946
ap_rst_n	v_gmem_m_axi_U/bus_read/rreq_burst_conv/sect_total_reg[18]/R	-1.946
ap_rst_n	v_gmem_m_axi_U/bus_read/rreq_burst_conv/sect_total_reg[1]/R	-1.946
ap_rst_n	v_gmem_m_axi_U/bus_read/rreq_burst_conv/sect_total_reg[2]/R	-1.946
ap_rst_n	v_gmem_m_axi_U/bus_read/rreq_burst_conv/sect_total_reg[7]/R	-1.946
ap_rst_n	v_gmem_m_axi_U/bus_read/rreq_burst_conv/sect_total_reg[8]/R	-1.946
ap_rst_n	v_gmem_m_axi_U/bus_read/rreq_burst_conv/sect_total_reg[9]/R	-1.946
ap_rst_n	v_gmem_m_axi_U/load_unit_0/fifo_rreq/mOutPtr_reg[4]/R	-1.946
ap_rst_n	v_gmem_m_axi_U/load_unit_0/fifo_rreq/mOutPtr_reg[5]/R	-1.946
ap_rst_n	v_gmem_m_axi_U/load_unit_0/fifo_rreq/mOutPtr_reg[6]/R	-1.946
ap_rst_n	v_gmem_m_axi_U/load_unit_0/fifo_rreq/mOutPtr_reg[7]/R	-1.946
ap_rst_n	control_s_axi_U/int_o_address_reg[5]/R	-1.946
ap_rst_n	control_s_axi_U/int_q_address_reg[14]/R	-1.946
ap_rst_n	control_s_axi_U/int_q_address_reg[16]/R	-1.946
ap_rst_n	control_s_axi_U/int_q_address_reg[46]/R	-1.946
ap_rst_n	control_s_axi_U/int_q_address_reg[48]/R	-1.946
ap_rst_n	control_s_axi_U/int_v_address_reg[37]/R	-1.946
ap_rst_n	o_gmem_m_axi_U/bus_write/wreq_burst_conv/start_addr_reg[50]/R	-1.946
ap_rst_n	o_gmem_m_axi_U/bus_write/wreq_burst_conv/start_addr_reg[51]/R	-1.946
ap_rst_n	o_gmem_m_axi_U/bus_write/wreq_burst_conv/start_addr_reg[52]/R	-1.946
ap_rst_n	o_gmem_m_axi_U/bus_write/wreq_burst_conv/start_addr_reg[53]/R	-1.946
ap_rst_n	o_gmem_m_axi_U/bus_write/wreq_burst_conv/start_addr_reg[62]/R	-1.946
ap_rst_n	o_gmem_m_axi_U/bus_write/wreq_burst_conv/start_addr_reg[63]/R	-1.946
ap_rst_n	control_s_axi_U/int_k_address_reg[3]/R	-1.945
ap_rst_n	control_s_axi_U/int_q_address_reg[35]/R	-1.945
ap_rst_n	o_gmem_m_axi_U/bus_write/wreq_burst_conv/first_sect_reg/R	-1.945
ap_rst_n	o_gmem_m_axi_U/bus_write/wreq_throttle/req_fifo/U_fifo_srl/dout_reg[35]/R	-1.945
ap_rst_n	o_gmem_m_axi_U/bus_write/wreq_throttle/req_fifo/U_fifo_srl/dout_reg[36]/R	-1.945
ap_rst_n	o_gmem_m_axi_U/bus_write/wreq_throttle/req_fifo/U_fifo_srl/dout_reg[37]/R	-1.945
ap_rst_n	o_gmem_m_axi_U/bus_write/wreq_throttle/req_fifo/U_fifo_srl/dout_reg[38]/R	-1.945
ap_rst_n	o_gmem_m_axi_U/bus_write/wreq_throttle/req_fifo/U_fifo_srl/dout_reg[43]/R	-1.945
ap_rst_n	o_gmem_m_axi_U/bus_write/wreq_throttle/req_fifo/U_fifo_srl/dout_reg[44]/R	-1.945
ap_rst_n	o_gmem_m_axi_U/bus_write/wreq_throttle/req_fifo/U_fifo_srl/dout_reg[45]/R	-1.945
ap_rst_n	o_gmem_m_axi_U/bus_write/wreq_throttle/req_fifo/U_fifo_srl/dout_reg[46]/R	-1.945
ap_rst_n	v_gmem_m_axi_U/bus_read/rreq_burst_conv/sect_total_reg[11]/R	-1.945
ap_rst_n	v_gmem_m_axi_U/bus_read/rreq_burst_conv/sect_total_reg[12]/R	-1.945
ap_rst_n	v_gmem_m_axi_U/bus_read/rreq_burst_conv/sect_total_reg[13]/R	-1.945
ap_rst_n	v_gmem_m_axi_U/bus_read/rreq_burst_conv/sect_total_reg[14]/R	-1.945
ap_rst_n	v_gmem_m_axi_U/bus_read/rreq_burst_conv/sect_total_reg[19]/R	-1.945
ap_rst_n	v_gmem_m_axi_U/bus_read/rreq_burst_conv/sect_total_reg[3]/R	-1.945
ap_rst_n	v_gmem_m_axi_U/bus_read/rreq_burst_conv/sect_total_reg[4]/R	-1.945
ap_rst_n	v_gmem_m_axi_U/bus_read/rreq_burst_conv/sect_total_reg[5]/R	-1.945
ap_rst_n	v_gmem_m_axi_U/bus_read/rreq_burst_conv/sect_total_reg[6]/R	-1.945
ap_rst_n	v_gmem_m_axi_U/load_unit_0/fifo_rreq/U_fifo_srl/dout_reg[16]/R	-1.945
ap_rst_n	v_gmem_m_axi_U/load_unit_0/fifo_rreq/U_fifo_srl/dout_reg[4]/R	-1.945
ap_rst_n	v_gmem_m_axi_U/load_unit_0/fifo_rreq/U_fifo_srl/dout_reg[60]/R	-1.945
ap_rst_n	v_gmem_m_axi_U/load_unit_0/tmp_addr_reg[11]/R	-1.945
ap_rst_n	v_gmem_m_axi_U/load_unit_0/tmp_addr_reg[15]/R	-1.945
ap_rst_n	v_gmem_m_axi_U/load_unit_0/tmp_addr_reg[18]/R	-1.945
ap_rst_n	v_gmem_m_axi_U/load_unit_0/tmp_addr_reg[7]/R	-1.945
ap_rst_n	v_gmem_m_axi_U/load_unit_0/tmp_addr_reg[8]/R	-1.945
ap_rst_n	control_s_axi_U/int_k_address_reg[7]/R	-1.945
ap_rst_n	control_s_axi_U/int_q_address_reg[39]/R	-1.945
ap_rst_n	grp_run_fu_161/grp_runController_fu_106/grp_runQueryTile_fu_142/header1_U/addr_reg[0]/R	-1.944
ap_rst_n	grp_run_fu_161/grp_runController_fu_106/grp_runQueryTile_fu_142/header1_U/mOutPtr_reg[2]/R	-1.944
ap_rst_n	o_gmem_m_axi_U/bus_write/wreq_burst_conv/sect_addr_buf_reg[34]/R	-1.944
ap_rst_n	o_gmem_m_axi_U/bus_write/wreq_burst_conv/sect_addr_buf_reg[35]/R	-1.944
ap_rst_n	o_gmem_m_axi_U/bus_write/wreq_burst_conv/sect_addr_buf_reg[38]/R	-1.944
ap_rst_n	o_gmem_m_axi_U/bus_write/wreq_burst_conv/sect_addr_buf_reg[39]/R	-1.944
ap_rst_n	o_gmem_m_axi_U/bus_write/wreq_burst_conv/sect_addr_buf_reg[42]/R	-1.944
ap_rst_n	o_gmem_m_axi_U/bus_write/wreq_burst_conv/sect_addr_buf_reg[43]/R	-1.944
ap_rst_n	o_gmem_m_axi_U/bus_write/wreq_burst_conv/sect_addr_buf_reg[46]/R	-1.944
ap_rst_n	o_gmem_m_axi_U/bus_write/wreq_burst_conv/sect_addr_buf_reg[47]/R	-1.944
ap_rst_n	v_gmem_m_axi_U/load_unit_0/fifo_rreq/U_fifo_srl/dout_reg[38]/R	-1.944
ap_rst_n	v_gmem_m_axi_U/load_unit_0/fifo_rreq/raddr_reg[1]/R	-1.944
ap_rst_n	v_gmem_m_axi_U/load_unit_0/fifo_rreq/raddr_reg[2]/R	-1.944
ap_rst_n	v_gmem_m_axi_U/load_unit_0/fifo_rreq/raddr_reg[3]/R	-1.944
ap_rst_n	v_gmem_m_axi_U/load_unit_0/fifo_rreq/raddr_reg[4]/R	-1.944
ap_rst_n	v_gmem_m_axi_U/load_unit_0/tmp_addr_reg[28]/R	-1.944
ap_rst_n	v_gmem_m_axi_U/load_unit_0/tmp_addr_reg[31]/R	-1.944
ap_rst_n	v_gmem_m_axi_U/load_unit_0/tmp_addr_reg[36]/R	-1.944
ap_rst_n	control_s_axi_U/int_v_address_reg[10]/R	-1.944
ap_rst_n	control_s_axi_U/int_v_address_reg[12]/R	-1.944
ap_rst_n	control_s_axi_U/int_v_address_reg[42]/R	-1.944
ap_rst_n	control_s_axi_U/int_v_address_reg[44]/R	-1.944
ap_rst_n	o_gmem_m_axi_U/bus_write/wreq_throttle/req_fifo/U_fifo_srl/dout_reg[39]/R	-1.944
ap_rst_n	o_gmem_m_axi_U/bus_write/wreq_throttle/req_fifo/U_fifo_srl/dout_reg[40]/R	-1.944
ap_rst_n	o_gmem_m_axi_U/bus_write/wreq_throttle/req_fifo/U_fifo_srl/dout_reg[41]/R	-1.944
ap_rst_n	o_gmem_m_axi_U/bus_write/wreq_throttle/req_fifo/U_fifo_srl/dout_reg[42]/R	-1.944
ap_rst_n	o_gmem_m_axi_U/bus_write/wreq_throttle/req_fifo/U_fifo_srl/dout_reg[47]/R	-1.944
ap_rst_n	o_gmem_m_axi_U/bus_write/wreq_throttle/req_fifo/U_fifo_srl/dout_reg[48]/R	-1.944
ap_rst_n	o_gmem_m_axi_U/bus_write/wreq_throttle/req_fifo/U_fifo_srl/dout_reg[49]/R	-1.944
ap_rst_n	o_gmem_m_axi_U/bus_write/wreq_throttle/req_fifo/U_fifo_srl/dout_reg[50]/R	-1.944
ap_rst_n	v_gmem_m_axi_U/bus_read/rreq_burst_conv/could_multi_bursts.first_loop_reg/R	-1.944
ap_rst_n	v_gmem_m_axi_U/load_unit_0/fifo_rreq/U_fifo_srl/dout_reg[12]/R	-1.944
ap_rst_n	v_gmem_m_axi_U/load_unit_0/fifo_rreq/U_fifo_srl/dout_reg[25]/R	-1.944
ap_rst_n	v_gmem_m_axi_U/load_unit_0/fifo_rreq/U_fifo_srl/dout_reg[8]/R	-1.944
ap_rst_n	v_gmem_m_axi_U/load_unit_0/tmp_addr_reg[16]/R	-1.944
ap_rst_n	v_gmem_m_axi_U/load_unit_0/tmp_addr_reg[19]/R	-1.944
ap_rst_n	v_gmem_m_axi_U/load_unit_0/tmp_addr_reg[22]/R	-1.944
ap_rst_n	control_s_axi_U/FSM_onehot_rstate_reg[1]/R	-1.943
ap_rst_n	control_s_axi_U/FSM_onehot_rstate_reg[2]/R	-1.943
s_axi_control_BREADY	control_s_axi_U/FSM_onehot_wstate_reg[1]/D	-1.943
ap_rst_n	control_s_axi_U/int_interrupt_reg/R	-1.943
ap_rst_n	control_s_axi_U/int_status_ap_vld_reg/R	-1.943
ap_rst_n	grp_run_fu_161/grp_runController_fu_106/grp_runQueryTile_fu_142/header1_U/empty_n_reg/R	-1.943
ap_rst_n	grp_run_fu_161/grp_runController_fu_106/grp_runQueryTile_fu_142/header1_U/full_n_reg/S	-1.943
ap_rst_n	o_gmem_m_axi_U/bus_write/wreq_burst_conv/start_addr_reg[34]/R	-1.943
ap_rst_n	o_gmem_m_axi_U/bus_write/wreq_burst_conv/start_addr_reg[35]/R	-1.943
ap_rst_n	o_gmem_m_axi_U/bus_write/wreq_burst_conv/start_addr_reg[38]/R	-1.943
ap_rst_n	o_gmem_m_axi_U/bus_write/wreq_burst_conv/start_addr_reg[39]/R	-1.943
ap_rst_n	o_gmem_m_axi_U/bus_write/wreq_burst_conv/start_addr_reg[42]/R	-1.943
ap_rst_n	o_gmem_m_axi_U/bus_write/wreq_burst_conv/start_addr_reg[43]/R	-1.943
ap_rst_n	o_gmem_m_axi_U/bus_write/wreq_burst_conv/start_addr_reg[46]/R	-1.943
ap_rst_n	o_gmem_m_axi_U/bus_write/wreq_burst_conv/start_addr_reg[47]/R	-1.943
ap_rst_n	o_gmem_m_axi_U/bus_write/wreq_throttle/req_fifo/U_fifo_srl/dout_reg[19]/R	-1.943
ap_rst_n	o_gmem_m_axi_U/bus_write/wreq_throttle/req_fifo/U_fifo_srl/dout_reg[20]/R	-1.943
ap_rst_n	o_gmem_m_axi_U/bus_write/wreq_throttle/req_fifo/U_fifo_srl/dout_reg[21]/R	-1.943
ap_rst_n	o_gmem_m_axi_U/bus_write/wreq_throttle/req_fifo/U_fifo_srl/dout_reg[22]/R	-1.943
ap_rst_n	o_gmem_m_axi_U/bus_write/wreq_throttle/req_fifo/U_fifo_srl/dout_reg[27]/R	-1.943
ap_rst_n	o_gmem_m_axi_U/bus_write/wreq_throttle/req_fifo/U_fifo_srl/dout_reg[28]/R	-1.943
ap_rst_n	o_gmem_m_axi_U/bus_write/wreq_throttle/req_fifo/U_fifo_srl/dout_reg[29]/R	-1.943
ap_rst_n	o_gmem_m_axi_U/bus_write/wreq_throttle/req_fifo/U_fifo_srl/dout_reg[30]/R	-1.943
ap_rst_n	o_gmem_m_axi_U/store_unit_0/tmp_addr_reg[44]/R	-1.943
ap_rst_n	v_gmem_m_axi_U/load_unit_0/fifo_rreq/U_fifo_srl/dout_reg[14]/R	-1.943
ap_rst_n	v_gmem_m_axi_U/load_unit_0/fifo_rreq/U_fifo_srl/dout_reg[52]/R	-1.943
ap_rst_n	v_gmem_m_axi_U/load_unit_0/tmp_addr_reg[17]/R	-1.943
ap_rst_n	v_gmem_m_axi_U/load_unit_0/tmp_addr_reg[24]/R	-1.943
ap_rst_n	control_s_axi_U/int_ap_ready_reg/R	-1.943
ap_rst_n	v_gmem_m_axi_U/bus_read/fifo_rctl/dout_vld_reg/R	-1.943
ap_rst_n	v_gmem_m_axi_U/bus_read/fifo_rctl/empty_n_reg/R	-1.943
ap_rst_n	v_gmem_m_axi_U/load_unit_0/fifo_rreq/U_fifo_srl/dout_reg[40]/R	-1.942
ap_rst_n	v_gmem_m_axi_U/load_unit_0/fifo_rreq/U_fifo_srl/dout_reg[45]/R	-1.942
ap_rst_n	v_gmem_m_axi_U/load_unit_0/tmp_addr_reg[40]/R	-1.942
ap_rst_n	v_gmem_m_axi_U/load_unit_0/tmp_addr_reg[43]/R	-1.942
ap_rst_n	v_gmem_m_axi_U/load_unit_0/tmp_addr_reg[48]/R	-1.942
ap_rst_n	control_s_axi_U/int_o_address_reg[37]/R	-1.942
ap_rst_n	control_s_axi_U/int_o_address_reg[55]/R	-1.942
ap_rst_n	control_s_axi_U/int_o_address_reg[61]/R	-1.942
ap_rst_n	control_s_axi_U/int_sequence_length_reg[23]/R	-1.942
ap_rst_n	control_s_axi_U/int_sequence_length_reg[29]/R	-1.942
ap_rst_n	control_s_axi_U/int_sequence_length_reg[5]/R	-1.942
ap_rst_n	grp_run_fu_161/grp_runController_fu_106/grp_runQueryTile_fu_142/header_query_base_c_U/empty_n_reg/R	-1.942
ap_rst_n	grp_run_fu_161/grp_runController_fu_106/grp_runQueryTile_fu_142/header_query_base_c_U/full_n_reg/S	-1.942
ap_rst_n	o_gmem_m_axi_U/bus_write/wreq_burst_conv/sect_addr_buf_reg[58]/R	-1.942
ap_rst_n	o_gmem_m_axi_U/bus_write/wreq_burst_conv/sect_addr_buf_reg[59]/R	-1.942
ap_rst_n	o_gmem_m_axi_U/bus_write/wreq_burst_conv/sect_addr_buf_reg[60]/R	-1.942
ap_rst_n	o_gmem_m_axi_U/bus_write/wreq_burst_conv/sect_addr_buf_reg[61]/R	-1.942
ap_rst_n	o_gmem_m_axi_U/bus_write/wreq_burst_conv/sect_cnt_reg[26]/R	-1.942
ap_rst_n	o_gmem_m_axi_U/bus_write/wreq_burst_conv/sect_cnt_reg[27]/R	-1.942
ap_rst_n	o_gmem_m_axi_U/bus_write/wreq_burst_conv/sect_cnt_reg[30]/R	-1.942
ap_rst_n	o_gmem_m_axi_U/bus_write/wreq_burst_conv/sect_cnt_reg[31]/R	-1.942
ap_rst_n	o_gmem_m_axi_U/bus_write/wreq_burst_conv/start_addr_reg[44]/R	-1.942
ap_rst_n	o_gmem_m_axi_U/bus_write/wreq_burst_conv/start_addr_reg[45]/R	-1.942
ap_rst_n	o_gmem_m_axi_U/bus_write/wreq_burst_conv/start_addr_reg[54]/R	-1.942
ap_rst_n	o_gmem_m_axi_U/bus_write/wreq_burst_conv/start_addr_reg[55]/R	-1.942
ap_rst_n	o_gmem_m_axi_U/bus_write/wreq_burst_conv/start_addr_reg[56]/R	-1.942
ap_rst_n	o_gmem_m_axi_U/bus_write/wreq_burst_conv/start_addr_reg[57]/R	-1.942
ap_rst_n	o_gmem_m_axi_U/bus_write/wreq_throttle/data_fifo/U_fifo_srl/dout_reg[72]/R	-1.942
ap_rst_n	o_gmem_m_axi_U/bus_write/wreq_throttle/data_fifo/empty_n_reg/R	-1.942
ap_rst_n	o_gmem_m_axi_U/bus_write/wreq_throttle/data_fifo/mOutPtr_reg[4]/R	-1.942
ap_rst_n	o_gmem_m_axi_U/bus_write/wreq_throttle/data_fifo/mOutPtr_reg[5]/R	-1.942
ap_rst_n	o_gmem_m_axi_U/bus_write/wreq_throttle/data_fifo/mOutPtr_reg[6]/R	-1.942
ap_rst_n	o_gmem_m_axi_U/bus_write/wreq_throttle/data_fifo/raddr_reg[0]/R	-1.942
ap_rst_n	o_gmem_m_axi_U/bus_write/wreq_throttle/data_fifo/raddr_reg[2]/R	-1.942
ap_rst_n	o_gmem_m_axi_U/bus_write/wreq_throttle/req_fifo/U_fifo_srl/dout_reg[23]/R	-1.942
ap_rst_n	o_gmem_m_axi_U/bus_write/wreq_throttle/req_fifo/U_fifo_srl/dout_reg[24]/R	-1.942
ap_rst_n	o_gmem_m_axi_U/bus_write/wreq_throttle/req_fifo/U_fifo_srl/dout_reg[25]/R	-1.942
ap_rst_n	o_gmem_m_axi_U/bus_write/wreq_throttle/req_fifo/U_fifo_srl/dout_reg[26]/R	-1.942
ap_rst_n	o_gmem_m_axi_U/bus_write/wreq_throttle/req_fifo/U_fifo_srl/dout_reg[31]/R	-1.942
ap_rst_n	o_gmem_m_axi_U/bus_write/wreq_throttle/req_fifo/U_fifo_srl/dout_reg[32]/R	-1.942
ap_rst_n	o_gmem_m_axi_U/bus_write/wreq_throttle/req_fifo/U_fifo_srl/dout_reg[33]/R	-1.942
ap_rst_n	o_gmem_m_axi_U/bus_write/wreq_throttle/req_fifo/U_fifo_srl/dout_reg[34]/R	-1.942
ap_rst_n	v_gmem_m_axi_U/bus_read/rreq_burst_conv/beat_len_reg[6]/R	-1.942
ap_rst_n	v_gmem_m_axi_U/bus_read/rreq_burst_conv/could_multi_bursts.last_loop_reg/R	-1.942
ap_rst_n	v_gmem_m_axi_U/bus_read/rreq_burst_conv/could_multi_bursts.loop_cnt_reg[0]/R	-1.942
ap_rst_n	v_gmem_m_axi_U/bus_read/rreq_burst_conv/could_multi_bursts.loop_cnt_reg[1]/R	-1.942
ap_rst_n	v_gmem_m_axi_U/bus_read/rreq_burst_conv/could_multi_bursts.loop_cnt_reg[2]/R	-1.942
ap_rst_n	v_gmem_m_axi_U/bus_read/rreq_burst_conv/sect_total_buf_reg[0]/R	-1.942
ap_rst_n	v_gmem_m_axi_U/bus_read/rreq_burst_conv/sect_total_buf_reg[10]/R	-1.942
ap_rst_n	v_gmem_m_axi_U/bus_read/rreq_burst_conv/sect_total_buf_reg[11]/R	-1.942
ap_rst_n	v_gmem_m_axi_U/bus_read/rreq_burst_conv/sect_total_buf_reg[16]/R	-1.942
ap_rst_n	v_gmem_m_axi_U/bus_read/rreq_burst_conv/sect_total_buf_reg[17]/R	-1.942
ap_rst_n	v_gmem_m_axi_U/bus_read/rreq_burst_conv/sect_total_buf_reg[18]/R	-1.942
ap_rst_n	v_gmem_m_axi_U/bus_read/rreq_burst_conv/sect_total_buf_reg[19]/R	-1.942
ap_rst_n	v_gmem_m_axi_U/bus_read/rreq_burst_conv/sect_total_buf_reg[1]/R	-1.942
ap_rst_n	v_gmem_m_axi_U/bus_read/rreq_burst_conv/sect_total_buf_reg[2]/R	-1.942
ap_rst_n	v_gmem_m_axi_U/bus_read/rreq_burst_conv/sect_total_buf_reg[3]/R	-1.942
ap_rst_n	v_gmem_m_axi_U/bus_read/rreq_burst_conv/sect_total_buf_reg[8]/R	-1.942
ap_rst_n	v_gmem_m_axi_U/bus_read/rreq_burst_conv/sect_total_buf_reg[9]/R	-1.942
ap_rst_n	v_gmem_m_axi_U/bus_read/rreq_burst_conv/start_to_4k_reg[6]/R	-1.942
ap_rst_n	v_gmem_m_axi_U/load_unit_0/tmp_addr_reg[3]/R	-1.942
ap_rst_n	v_gmem_m_axi_U/load_unit_0/tmp_addr_reg[9]/R	-1.942
ap_rst_n	control_s_axi_U/int_k_address_reg[45]/R	-1.941
ap_rst_n	control_s_axi_U/int_o_address_reg[1]/R	-1.941
ap_rst_n	control_s_axi_U/int_v_address_reg[13]/R	-1.941
ap_rst_n	control_s_axi_U/int_v_address_reg[33]/R	-1.941
ap_rst_n	v_gmem_m_axi_U/load_unit_0/fifo_rreq/U_fifo_srl/dout_reg[29]/R	-1.941
ap_rst_n	v_gmem_m_axi_U/load_unit_0/tmp_addr_reg[57]/R	-1.941
ap_rst_n	v_gmem_m_axi_U/load_unit_0/tmp_addr_reg[63]/R	-1.941
ap_rst_n	control_s_axi_U/int_isr_reg[0]/R	-1.941
ap_rst_n	o_gmem_m_axi_U/bus_write/wreq_burst_conv/could_multi_bursts.addr_buf_reg[59]/R	-1.941
ap_rst_n	o_gmem_m_axi_U/bus_write/wreq_burst_conv/could_multi_bursts.addr_buf_reg[60]/R	-1.941
ap_rst_n	o_gmem_m_axi_U/bus_write/wreq_burst_conv/could_multi_bursts.addr_buf_reg[61]/R	-1.941
ap_rst_n	o_gmem_m_axi_U/bus_write/wreq_burst_conv/could_multi_bursts.addr_buf_reg[62]/R	-1.941
ap_rst_n	o_gmem_m_axi_U/bus_write/wreq_burst_conv/sect_cnt_reg[42]/R	-1.941
ap_rst_n	o_gmem_m_axi_U/bus_write/wreq_burst_conv/sect_cnt_reg[43]/R	-1.941
ap_rst_n	o_gmem_m_axi_U/bus_write/wreq_burst_conv/sect_cnt_reg[44]/R	-1.941
ap_rst_n	o_gmem_m_axi_U/bus_write/wreq_burst_conv/sect_cnt_reg[45]/R	-1.941
ap_rst_n	o_gmem_m_axi_U/bus_write/wreq_burst_conv/start_addr_reg[58]/R	-1.941
ap_rst_n	o_gmem_m_axi_U/bus_write/wreq_burst_conv/start_addr_reg[59]/R	-1.941
ap_rst_n	o_gmem_m_axi_U/bus_write/wreq_burst_conv/start_addr_reg[60]/R	-1.941
ap_rst_n	o_gmem_m_axi_U/bus_write/wreq_burst_conv/start_addr_reg[61]/R	-1.941
ap_rst_n	o_gmem_m_axi_U/bus_write/wreq_throttle/data_fifo/dout_vld_reg/R	-1.941
ap_rst_n	o_gmem_m_axi_U/bus_write/wreq_throttle/data_fifo/raddr_reg[4]/R	-1.941
ap_rst_n	o_gmem_m_axi_U/bus_write/wreq_throttle/req_fifo/U_fifo_srl/dout_reg[51]/R	-1.941
ap_rst_n	o_gmem_m_axi_U/bus_write/wreq_throttle/req_fifo/U_fifo_srl/dout_reg[52]/R	-1.941
ap_rst_n	o_gmem_m_axi_U/bus_write/wreq_throttle/req_fifo/U_fifo_srl/dout_reg[53]/R	-1.941
ap_rst_n	o_gmem_m_axi_U/bus_write/wreq_throttle/req_fifo/U_fifo_srl/dout_reg[54]/R	-1.941
ap_rst_n	o_gmem_m_axi_U/bus_write/wreq_throttle/req_fifo/U_fifo_srl/dout_reg[59]/R	-1.941
ap_rst_n	o_gmem_m_axi_U/bus_write/wreq_throttle/req_fifo/U_fifo_srl/dout_reg[60]/R	-1.941
ap_rst_n	o_gmem_m_axi_U/bus_write/wreq_throttle/req_fifo/U_fifo_srl/dout_reg[61]/R	-1.941
ap_rst_n	o_gmem_m_axi_U/bus_write/wreq_throttle/req_fifo/U_fifo_srl/dout_reg[62]/R	-1.941
ap_rst_n	v_gmem_m_axi_U/bus_read/rreq_burst_conv/sect_total_buf_reg[12]/R	-1.941
ap_rst_n	v_gmem_m_axi_U/bus_read/rreq_burst_conv/sect_total_buf_reg[13]/R	-1.941
ap_rst_n	v_gmem_m_axi_U/bus_read/rreq_burst_conv/sect_total_buf_reg[14]/R	-1.941
ap_rst_n	v_gmem_m_axi_U/bus_read/rreq_burst_conv/sect_total_buf_reg[15]/R	-1.941
ap_rst_n	v_gmem_m_axi_U/bus_read/rreq_burst_conv/sect_total_buf_reg[4]/R	-1.941
ap_rst_n	v_gmem_m_axi_U/bus_read/rreq_burst_conv/sect_total_buf_reg[5]/R	-1.941
ap_rst_n	v_gmem_m_axi_U/bus_read/rreq_burst_conv/sect_total_buf_reg[6]/R	-1.941
ap_rst_n	v_gmem_m_axi_U/bus_read/rreq_burst_conv/sect_total_buf_reg[7]/R	-1.941
ap_rst_n	v_gmem_m_axi_U/bus_read/rreq_burst_conv/start_addr_reg[10]/R	-1.941
ap_rst_n	v_gmem_m_axi_U/bus_read/rreq_burst_conv/start_addr_reg[7]/R	-1.941
ap_rst_n	v_gmem_m_axi_U/bus_read/rreq_burst_conv/start_addr_reg[8]/R	-1.941
ap_rst_n	v_gmem_m_axi_U/bus_read/rreq_burst_conv/start_addr_reg[9]/R	-1.941
ap_rst_n	v_gmem_m_axi_U/load_unit_0/fifo_rreq/U_fifo_srl/dout_reg[18]/R	-1.941
ap_rst_n	v_gmem_m_axi_U/load_unit_0/fifo_rreq/U_fifo_srl/dout_reg[5]/R	-1.941
ap_rst_n	v_gmem_m_axi_U/load_unit_0/fifo_rreq/U_fifo_srl/dout_reg[6]/R	-1.941
ap_rst_n	v_gmem_m_axi_U/load_unit_0/fifo_rreq/U_fifo_srl/dout_reg[9]/R	-1.941
ap_rst_n	v_gmem_m_axi_U/load_unit_0/tmp_addr_reg[25]/R	-1.941
ap_rst_n	control_s_axi_U/int_isr_reg[1]/R	-1.940
ap_rst_n	control_s_axi_U/int_k_address_reg[33]/R	-1.940
ap_rst_n	control_s_axi_U/int_k_address_reg[35]/R	-1.940
ap_rst_n	control_s_axi_U/int_k_address_reg[53]/R	-1.940
s_axi_control_ARADDR[0]	control_s_axi_U/int_status_ap_vld_reg/D	-1.940
ap_rst_n	control_s_axi_U/int_v_address_reg[1]/R	-1.940
ap_rst_n	control_s_axi_U/int_v_address_reg[21]/R	-1.940
ap_rst_n	control_s_axi_U/int_v_address_reg[3]/R	-1.940
ap_rst_n	grp_run_fu_161/grp_runController_fu_106/grp_runQueryTile_fu_142/gatherQueryTile_U0/grp_storeOutputTile_fu_118/ap_CS_fsm_reg[18]/R	-1.940
ap_rst_n	grp_run_fu_161/grp_runController_fu_106/grp_runQueryTile_fu_142/gatherQueryTile_U0/grp_storeOutputTile_fu_118/ap_CS_fsm_reg[22]/R	-1.940
ap_rst_n	grp_run_fu_161/grp_runController_fu_106/grp_runQueryTile_fu_142/gatherQueryTile_U0/grp_storeOutputTile_fu_118/ap_CS_fsm_reg[23]/R	-1.940
ap_rst_n	grp_run_fu_161/grp_runController_fu_106/grp_runQueryTile_fu_142/gatherQueryTile_U0/grp_storeOutputTile_fu_118/ap_CS_fsm_reg[32]/R	-1.940
ap_rst_n	grp_run_fu_161/grp_runController_fu_106/grp_runQueryTile_fu_142/gatherQueryTile_U0/grp_storeOutputTile_fu_118/ap_CS_fsm_reg[33]/R	-1.940
ap_rst_n	grp_run_fu_161/grp_runController_fu_106/grp_runQueryTile_fu_142/gatherQueryTile_U0/grp_storeOutputTile_fu_118/ap_CS_fsm_reg[34]/R	-1.940
ap_rst_n	grp_run_fu_161/grp_runController_fu_106/grp_runQueryTile_fu_142/gatherQueryTile_U0/grp_storeOutputTile_fu_118/ap_CS_fsm_reg[35]/R	-1.940
ap_rst_n	grp_run_fu_161/grp_runController_fu_106/grp_runQueryTile_fu_142/gatherQueryTile_U0/grp_storeOutputTile_fu_118/ap_CS_fsm_reg[36]/R	-1.940
ap_rst_n	grp_run_fu_161/grp_runController_fu_106_ap_start_reg_reg/R	-1.940
ap_rst_n	o_gmem_m_axi_U/bus_write/wreq_burst_conv/could_multi_bursts.addr_buf_reg[51]/R	-1.940
ap_rst_n	o_gmem_m_axi_U/bus_write/wreq_burst_conv/could_multi_bursts.addr_buf_reg[52]/R	-1.940
ap_rst_n	o_gmem_m_axi_U/bus_write/wreq_burst_conv/could_multi_bursts.addr_buf_reg[53]/R	-1.940
ap_rst_n	o_gmem_m_axi_U/bus_write/wreq_burst_conv/could_multi_bursts.addr_buf_reg[54]/R	-1.940
ap_rst_n	o_gmem_m_axi_U/store_unit_0/tmp_addr_reg[53]/R	-1.940
ap_rst_n	o_gmem_m_axi_U/store_unit_0/tmp_addr_reg[59]/R	-1.940
ap_rst_n	v_gmem_m_axi_U/load_unit_0/fifo_rreq/U_fifo_srl/dout_reg[51]/R	-1.940
ap_rst_n	v_gmem_m_axi_U/load_unit_0/fifo_rreq/U_fifo_srl/dout_reg[54]/R	-1.940
ap_rst_n	v_gmem_m_axi_U/load_unit_0/fifo_rreq/U_fifo_srl/dout_reg[56]/R	-1.940
ap_rst_n	v_gmem_m_axi_U/load_unit_0/tmp_addr_reg[49]/R	-1.940
ap_rst_n	v_gmem_m_axi_U/load_unit_0/tmp_addr_reg[54]/R	-1.940
ap_rst_n	ap_CS_fsm_reg[0]/S	-1.940
ap_rst_n	control_s_axi_U/int_status_reg[0]/R	-1.940
ap_rst_n	grp_run_fu_161/ap_CS_fsm_reg[0]/S	-1.940
ap_rst_n	grp_run_fu_161/ap_CS_fsm_reg[1]/R	-1.940
ap_rst_n	grp_run_fu_161/grp_runController_fu_106/grp_runQueryTile_fu_142/gatherQueryTile_U0/grp_storeOutputTile_fu_118/ap_CS_fsm_reg[24]/R	-1.940
ap_rst_n	grp_run_fu_161/grp_runController_fu_106/grp_runQueryTile_fu_142/gatherQueryTile_U0/grp_storeOutputTile_fu_118/ap_CS_fsm_reg[25]/R	-1.940
ap_rst_n	grp_run_fu_161/grp_runController_fu_106/grp_runQueryTile_fu_142/gatherQueryTile_U0/grp_storeOutputTile_fu_118/ap_CS_fsm_reg[26]/R	-1.940
ap_rst_n	grp_run_fu_161/grp_runController_fu_106/grp_runQueryTile_fu_142/gatherQueryTile_U0/grp_storeOutputTile_fu_118/ap_CS_fsm_reg[27]/R	-1.940
ap_rst_n	grp_run_fu_161/grp_runController_fu_106/grp_runQueryTile_fu_142/gatherQueryTile_U0/grp_storeOutputTile_fu_118/ap_CS_fsm_reg[28]/R	-1.940
ap_rst_n	grp_run_fu_161/grp_runController_fu_106/grp_runQueryTile_fu_142/gatherQueryTile_U0/grp_storeOutputTile_fu_118/ap_CS_fsm_reg[29]/R	-1.940
ap_rst_n	grp_run_fu_161/grp_runController_fu_106/grp_runQueryTile_fu_142/gatherQueryTile_U0/grp_storeOutputTile_fu_118/ap_CS_fsm_reg[30]/R	-1.940
ap_rst_n	grp_run_fu_161/grp_runController_fu_106/grp_runQueryTile_fu_142/gatherQueryTile_U0/grp_storeOutputTile_fu_118/ap_CS_fsm_reg[31]/R	-1.940
ap_rst_n	o_gmem_m_axi_U/bus_write/WVALID_Dummy_reg/R	-1.940
ap_rst_n	o_gmem_m_axi_U/bus_write/wreq_burst_conv/could_multi_bursts.addr_buf_reg[63]/R	-1.940
ap_rst_n	o_gmem_m_axi_U/bus_write/wreq_throttle/last_cnt_reg[0]/R	-1.940
ap_rst_n	o_gmem_m_axi_U/bus_write/wreq_throttle/req_fifo/U_fifo_srl/dout_reg[55]/R	-1.940
ap_rst_n	o_gmem_m_axi_U/bus_write/wreq_throttle/req_fifo/U_fifo_srl/dout_reg[56]/R	-1.940
ap_rst_n	o_gmem_m_axi_U/bus_write/wreq_throttle/req_fifo/U_fifo_srl/dout_reg[57]/R	-1.940
ap_rst_n	o_gmem_m_axi_U/bus_write/wreq_throttle/req_fifo/U_fifo_srl/dout_reg[58]/R	-1.940
ap_rst_n	o_gmem_m_axi_U/bus_write/wreq_throttle/req_fifo/U_fifo_srl/dout_reg[63]/R	-1.940
ap_rst_n	o_gmem_m_axi_U/bus_write/wreq_throttle/req_fifo/U_fifo_srl/dout_reg[64]/R	-1.940
ap_rst_n	o_gmem_m_axi_U/bus_write/wreq_throttle/req_fifo/U_fifo_srl/dout_reg[65]/R	-1.940
ap_rst_n	o_gmem_m_axi_U/bus_write/wreq_throttle/req_fifo/U_fifo_srl/dout_reg[66]/R	-1.940
ap_rst_n	v_gmem_m_axi_U/bus_read/fifo_burst/full_n_reg/D	-1.940
ap_rst_n	v_gmem_m_axi_U/bus_read/rreq_burst_conv/could_multi_bursts.addr_step_reg[8]/R	-1.940
ap_rst_n	v_gmem_m_axi_U/bus_read/rreq_burst_conv/could_multi_bursts.addr_step_reg[9]/R	-1.940
ap_rst_n	v_gmem_m_axi_U/bus_read/rreq_burst_conv/could_multi_bursts.len_buf_reg[5]/R	-1.940
ap_rst_n	control_s_axi_U/int_o_address_reg[33]/R	-1.939
ap_rst_n	control_s_axi_U/int_o_address_reg[35]/R	-1.939
ap_rst_n	control_s_axi_U/int_o_address_reg[41]/R	-1.939
ap_rst_n	control_s_axi_U/int_o_address_reg[45]/R	-1.939
ap_rst_n	control_s_axi_U/int_sequence_length_reg[13]/R	-1.939
ap_rst_n	control_s_axi_U/int_sequence_length_reg[1]/R	-1.939
ap_rst_n	control_s_axi_U/int_sequence_length_reg[3]/R	-1.939
ap_rst_n	control_s_axi_U/int_sequence_length_reg[9]/R	-1.939
ap_rst_n	o_gmem_m_axi_U/bus_write/wreq_throttle/req_fifo/U_fifo_srl/dout_reg[11]/R	-1.939
ap_rst_n	o_gmem_m_axi_U/bus_write/wreq_throttle/req_fifo/U_fifo_srl/dout_reg[12]/R	-1.939
ap_rst_n	o_gmem_m_axi_U/bus_write/wreq_throttle/req_fifo/U_fifo_srl/dout_reg[13]/R	-1.939
ap_rst_n	o_gmem_m_axi_U/bus_write/wreq_throttle/req_fifo/U_fifo_srl/dout_reg[14]/R	-1.939
ap_rst_n	o_gmem_m_axi_U/bus_write/wreq_throttle/req_fifo/U_fifo_srl/dout_reg[3]/R	-1.939
ap_rst_n	o_gmem_m_axi_U/bus_write/wreq_throttle/req_fifo/U_fifo_srl/dout_reg[4]/R	-1.939
ap_rst_n	o_gmem_m_axi_U/bus_write/wreq_throttle/req_fifo/U_fifo_srl/dout_reg[5]/R	-1.939
ap_rst_n	o_gmem_m_axi_U/bus_write/wreq_throttle/req_fifo/U_fifo_srl/dout_reg[6]/R	-1.939
ap_rst_n	o_gmem_m_axi_U/store_unit_0/fifo_wreq/U_fifo_srl/dout_reg[44]/R	-1.939
ap_rst_n	o_gmem_m_axi_U/store_unit_0/tmp_addr_reg[45]/R	-1.939
ap_rst_n	o_gmem_m_axi_U/store_unit_0/tmp_addr_reg[46]/R	-1.939
ap_rst_n	v_gmem_m_axi_U/load_unit_0/fifo_rreq/U_fifo_srl/dout_reg[46]/R	-1.939
ap_rst_n	v_gmem_m_axi_U/load_unit_0/fifo_rreq/U_fifo_srl/dout_reg[50]/R	-1.939
ap_rst_n	ap_CS_fsm_reg[1]/R	-1.939
ap_rst_n	control_s_axi_U/int_auto_restart_reg/R	-1.939
ap_rst_n	grp_run_fu_161/grp_runController_fu_106/grp_runQueryTile_fu_142/gatherQueryTile_U0/grp_storeOutputTile_fu_118/ap_CS_fsm_reg[14]/R	-1.939
ap_rst_n	grp_run_fu_161/grp_runController_fu_106/grp_runQueryTile_fu_142/gatherQueryTile_U0/grp_storeOutputTile_fu_118/ap_CS_fsm_reg[15]/R	-1.939
ap_rst_n	grp_run_fu_161/grp_runController_fu_106/grp_runQueryTile_fu_142/gatherQueryTile_U0/grp_storeOutputTile_fu_118/ap_CS_fsm_reg[16]/R	-1.939
ap_rst_n	grp_run_fu_161/grp_runController_fu_106/grp_runQueryTile_fu_142/gatherQueryTile_U0/grp_storeOutputTile_fu_118/ap_CS_fsm_reg[17]/R	-1.939
ap_rst_n	grp_run_fu_161/grp_runController_fu_106/grp_runQueryTile_fu_142/gatherQueryTile_U0/grp_storeOutputTile_fu_118/ap_CS_fsm_reg[19]/R	-1.939
ap_rst_n	grp_run_fu_161/grp_runController_fu_106/grp_runQueryTile_fu_142/gatherQueryTile_U0/grp_storeOutputTile_fu_118/ap_CS_fsm_reg[20]/R	-1.939
ap_rst_n	grp_run_fu_161/grp_runController_fu_106/grp_runQueryTile_fu_142/gatherQueryTile_U0/grp_storeOutputTile_fu_118/ap_CS_fsm_reg[21]/R	-1.939
ap_rst_n	grp_run_fu_161/grp_runController_fu_106/grp_runQueryTile_fu_142/gatherQueryTile_U0/grp_storeOutputTile_fu_118/ap_CS_fsm_reg[37]/R	-1.939
ap_rst_n	grp_run_fu_161/grp_runController_fu_106/grp_runQueryTile_fu_142/gatherQueryTile_U0/grp_storeOutputTile_fu_118/ap_CS_fsm_reg[38]/R	-1.939
ap_rst_n	grp_run_fu_161/grp_runController_fu_106/grp_runQueryTile_fu_142/gatherQueryTile_U0/grp_storeOutputTile_fu_118/ap_CS_fsm_reg[39]/R	-1.939
ap_rst_n	grp_run_fu_161/grp_runController_fu_106/grp_runQueryTile_fu_142/gatherQueryTile_U0/grp_storeOutputTile_fu_118/ap_CS_fsm_reg[40]/R	-1.939
ap_rst_n	grp_run_fu_161/grp_runController_fu_106/grp_runQueryTile_fu_142/gatherQueryTile_U0/grp_storeOutputTile_fu_118/ap_CS_fsm_reg[41]/R	-1.939
ap_rst_n	grp_run_fu_161/grp_runController_fu_106/grp_runQueryTile_fu_142/gatherQueryTile_U0/grp_storeOutputTile_fu_118/ap_CS_fsm_reg[42]/R	-1.939
ap_rst_n	grp_run_fu_161/grp_runController_fu_106/grp_runQueryTile_fu_142/gatherQueryTile_U0/grp_storeOutputTile_fu_118/ap_CS_fsm_reg[43]/R	-1.939
ap_rst_n	grp_run_fu_161/grp_runController_fu_106/grp_runQueryTile_fu_142/gatherQueryTile_U0/grp_storeOutputTile_fu_118/ap_CS_fsm_reg[44]/R	-1.939
ap_rst_n	grp_run_fu_161/grp_runController_fu_106/grp_runQueryTile_fu_142/gatherQueryTile_U0/grp_storeOutputTile_fu_118/ap_CS_fsm_reg[45]/R	-1.939
ap_rst_n	grp_run_fu_161/grp_runController_fu_106/grp_runQueryTile_fu_142/gatherQueryTile_U0/grp_storeOutputTile_fu_118/ap_CS_fsm_reg[46]/R	-1.939
ap_rst_n	grp_run_fu_161/grp_runController_fu_106/grp_runQueryTile_fu_142/gatherQueryTile_U0/grp_storeOutputTile_fu_118/ap_CS_fsm_reg[47]/R	-1.939
ap_rst_n	o_gmem_m_axi_U/bus_write/wreq_burst_conv/could_multi_bursts.addr_buf_reg[43]/R	-1.939
ap_rst_n	o_gmem_m_axi_U/bus_write/wreq_burst_conv/could_multi_bursts.addr_buf_reg[44]/R	-1.939
ap_rst_n	o_gmem_m_axi_U/bus_write/wreq_burst_conv/could_multi_bursts.addr_buf_reg[45]/R	-1.939
ap_rst_n	o_gmem_m_axi_U/bus_write/wreq_burst_conv/could_multi_bursts.addr_buf_reg[46]/R	-1.939
ap_rst_n	o_gmem_m_axi_U/bus_write/wreq_burst_conv/could_multi_bursts.addr_buf_reg[55]/R	-1.939
ap_rst_n	o_gmem_m_axi_U/bus_write/wreq_burst_conv/could_multi_bursts.addr_buf_reg[56]/R	-1.939
ap_rst_n	o_gmem_m_axi_U/bus_write/wreq_burst_conv/could_multi_bursts.addr_buf_reg[57]/R	-1.939
ap_rst_n	o_gmem_m_axi_U/bus_write/wreq_burst_conv/could_multi_bursts.addr_buf_reg[58]/R	-1.939
ap_rst_n	o_gmem_m_axi_U/bus_write/wreq_burst_conv/sect_addr_buf_reg[14]/R	-1.939
ap_rst_n	o_gmem_m_axi_U/bus_write/wreq_burst_conv/sect_addr_buf_reg[15]/R	-1.939
ap_rst_n	o_gmem_m_axi_U/bus_write/wreq_burst_conv/sect_addr_buf_reg[16]/R	-1.939
ap_rst_n	o_gmem_m_axi_U/bus_write/wreq_burst_conv/sect_addr_buf_reg[17]/R	-1.939
ap_rst_n	o_gmem_m_axi_U/bus_write/wreq_burst_conv/sect_addr_buf_reg[18]/R	-1.939
ap_rst_n	o_gmem_m_axi_U/bus_write/wreq_burst_conv/sect_addr_buf_reg[19]/R	-1.939
ap_rst_n	o_gmem_m_axi_U/bus_write/wreq_throttle/flying_req_reg/R	-1.939
ap_rst_n	o_gmem_m_axi_U/bus_write/wreq_throttle/last_cnt_reg[1]/R	-1.939
ap_rst_n	o_gmem_m_axi_U/bus_write/wreq_throttle/last_cnt_reg[2]/R	-1.939
ap_rst_n	o_gmem_m_axi_U/bus_write/wreq_throttle/last_cnt_reg[3]/R	-1.939
ap_rst_n	o_gmem_m_axi_U/bus_write/wreq_throttle/last_cnt_reg[4]/R	-1.939
m_axi_v_gmem_ARREADY	v_gmem_m_axi_U/bus_read/rreq_burst_conv/could_multi_bursts.sect_handling_reg/D	-1.938
ap_rst_n	control_s_axi_U/int_o_address_reg[2]/R	-1.938
ap_rst_n	control_s_axi_U/int_o_address_reg[34]/R	-1.938
ap_rst_n	control_s_axi_U/int_v_address_reg[0]/R	-1.938
ap_rst_n	control_s_axi_U/int_v_address_reg[2]/R	-1.938
ap_rst_n	control_s_axi_U/int_v_address_reg[32]/R	-1.938
ap_rst_n	control_s_axi_U/int_v_address_reg[34]/R	-1.938
ap_rst_n	o_gmem_m_axi_U/bus_write/wreq_burst_conv/could_multi_bursts.addr_buf_reg[35]/R	-1.938
ap_rst_n	o_gmem_m_axi_U/bus_write/wreq_burst_conv/could_multi_bursts.addr_buf_reg[36]/R	-1.938
ap_rst_n	o_gmem_m_axi_U/bus_write/wreq_burst_conv/could_multi_bursts.addr_buf_reg[37]/R	-1.938
ap_rst_n	o_gmem_m_axi_U/bus_write/wreq_burst_conv/could_multi_bursts.addr_buf_reg[38]/R	-1.938
ap_rst_n	o_gmem_m_axi_U/bus_write/wreq_throttle/req_fifo/U_fifo_srl/dout_reg[10]/R	-1.938
ap_rst_n	o_gmem_m_axi_U/bus_write/wreq_throttle/req_fifo/U_fifo_srl/dout_reg[15]/R	-1.938
ap_rst_n	o_gmem_m_axi_U/bus_write/wreq_throttle/req_fifo/U_fifo_srl/dout_reg[16]/R	-1.938
ap_rst_n	o_gmem_m_axi_U/bus_write/wreq_throttle/req_fifo/U_fifo_srl/dout_reg[17]/R	-1.938
ap_rst_n	o_gmem_m_axi_U/bus_write/wreq_throttle/req_fifo/U_fifo_srl/dout_reg[18]/R	-1.938
ap_rst_n	o_gmem_m_axi_U/bus_write/wreq_throttle/req_fifo/U_fifo_srl/dout_reg[7]/R	-1.938
ap_rst_n	o_gmem_m_axi_U/bus_write/wreq_throttle/req_fifo/U_fifo_srl/dout_reg[8]/R	-1.938
ap_rst_n	o_gmem_m_axi_U/bus_write/wreq_throttle/req_fifo/U_fifo_srl/dout_reg[9]/R	-1.938
m_axi_o_gmem_AWREADY	o_gmem_m_axi_U/bus_write/wreq_throttle/rs_req/FSM_sequential_state_reg[0]/D	-1.938
ap_rst_n	o_gmem_m_axi_U/bus_write/wreq_throttle/rs_req/FSM_sequential_state_reg[0]/R	-1.938
ap_rst_n	o_gmem_m_axi_U/bus_write/wreq_throttle/rs_req/FSM_sequential_state_reg[1]/R	-1.938
m_axi_o_gmem_AWREADY	o_gmem_m_axi_U/bus_write/wreq_throttle/rs_req/s_ready_t_reg/D	-1.938
ap_rst_n	o_gmem_m_axi_U/bus_write/wreq_throttle/rs_req/s_ready_t_reg/R	-1.938
ap_rst_n	o_gmem_m_axi_U/bus_write/wreq_throttle/rs_req/state_reg[0]/R	-1.938
m_axi_o_gmem_AWREADY	o_gmem_m_axi_U/bus_write/wreq_throttle/rs_req/state_reg[1]/D	-1.938
ap_rst_n	o_gmem_m_axi_U/bus_write/wreq_throttle/rs_req/state_reg[1]/S	-1.938
ap_rst_n	o_gmem_m_axi_U/store_unit_0/fifo_wreq/U_fifo_srl/dout_reg[43]/R	-1.938
ap_rst_n	v_gmem_m_axi_U/load_unit_0/fifo_rreq/U_fifo_srl/dout_reg[32]/R	-1.938
ap_rst_n	v_gmem_m_axi_U/load_unit_0/fifo_rreq/U_fifo_srl/dout_reg[41]/R	-1.938
s_axi_control_WVALID	control_s_axi_U/FSM_onehot_wstate_reg[3]/D	-1.938
ap_rst_n	grp_run_fu_161/grp_runController_fu_106/grp_runQueryTile_fu_142/gatherQueryTile_U0/grp_storeOutputTile_fu_118/ap_CS_fsm_reg[48]/R	-1.938
ap_rst_n	o_gmem_m_axi_U/bus_write/wreq_burst_conv/could_multi_bursts.addr_buf_reg[47]/R	-1.938
ap_rst_n	o_gmem_m_axi_U/bus_write/wreq_burst_conv/could_multi_bursts.addr_buf_reg[48]/R	-1.938
ap_rst_n	o_gmem_m_axi_U/bus_write/wreq_burst_conv/could_multi_bursts.addr_buf_reg[49]/R	-1.938
ap_rst_n	o_gmem_m_axi_U/bus_write/wreq_burst_conv/could_multi_bursts.addr_buf_reg[50]/R	-1.938
ap_rst_n	o_gmem_m_axi_U/bus_write/wreq_throttle/data_fifo/raddr_reg[1]/R	-1.938
ap_rst_n	o_gmem_m_axi_U/bus_write/wreq_throttle/data_fifo/raddr_reg[3]/R	-1.938
ap_rst_n	o_gmem_m_axi_U/bus_write/wreq_throttle/last_cnt_reg[5]/R	-1.938
ap_rst_n	o_gmem_m_axi_U/bus_write/wreq_throttle/last_cnt_reg[6]/R	-1.938
ap_rst_n	o_gmem_m_axi_U/store_unit_0/fifo_wreq/raddr_reg[5]/R	-1.938
ap_rst_n	o_gmem_m_axi_U/store_unit_0/fifo_wreq/raddr_reg[6]/R	-1.938
ap_rst_n	o_gmem_m_axi_U/store_unit_0/tmp_addr_reg[47]/R	-1.938
ap_rst_n	o_gmem_m_axi_U/store_unit_0/tmp_addr_reg[61]/R	-1.938
ap_rst_n	v_gmem_m_axi_U/bus_read/rreq_burst_conv/beat_len_reg[0]/R	-1.938
ap_rst_n	v_gmem_m_axi_U/bus_read/rreq_burst_conv/beat_len_reg[1]/R	-1.938
ap_rst_n	v_gmem_m_axi_U/bus_read/rreq_burst_conv/beat_len_reg[5]/R	-1.938
ap_rst_n	v_gmem_m_axi_U/bus_read/rreq_burst_conv/beat_len_reg[8]/R	-1.938
ap_rst_n	v_gmem_m_axi_U/bus_read/rreq_burst_conv/could_multi_bursts.addr_step_reg[5]/R	-1.938
ap_rst_n	v_gmem_m_axi_U/bus_read/rreq_burst_conv/could_multi_bursts.addr_step_reg[6]/R	-1.938
ap_rst_n	v_gmem_m_axi_U/bus_read/rreq_burst_conv/could_multi_bursts.addr_step_reg[7]/R	-1.938
ap_rst_n	v_gmem_m_axi_U/bus_read/rreq_burst_conv/could_multi_bursts.len_buf_reg[1]/R	-1.938
ap_rst_n	v_gmem_m_axi_U/bus_read/rreq_burst_conv/could_multi_bursts.len_buf_reg[2]/R	-1.938
ap_rst_n	v_gmem_m_axi_U/bus_read/rreq_burst_conv/could_multi_bursts.len_buf_reg[3]/R	-1.938
ap_rst_n	v_gmem_m_axi_U/bus_read/rreq_burst_conv/could_multi_bursts.len_buf_reg[4]/R	-1.938
ap_rst_n	v_gmem_m_axi_U/bus_read/rreq_burst_conv/sect_len_buf_reg[0]/R	-1.938
ap_rst_n	v_gmem_m_axi_U/bus_read/rreq_burst_conv/sect_len_buf_reg[1]/R	-1.938
ap_rst_n	v_gmem_m_axi_U/bus_read/rreq_burst_conv/sect_len_buf_reg[5]/R	-1.938
ap_rst_n	v_gmem_m_axi_U/bus_read/rreq_burst_conv/start_addr_reg[11]/R	-1.938
ap_rst_n	v_gmem_m_axi_U/bus_read/rreq_burst_conv/start_addr_reg[3]/R	-1.938
ap_rst_n	v_gmem_m_axi_U/bus_read/rreq_burst_conv/start_addr_reg[5]/R	-1.938
ap_rst_n	control_s_axi_U/auto_restart_status_reg/R	-1.937
ap_rst_n	control_s_axi_U/int_ap_idle_reg/R	-1.937
ap_rst_n	control_s_axi_U/int_gie_reg/R	-1.937
ap_rst_n	control_s_axi_U/int_task_ap_done_reg/R	-1.937
ap_rst_n	control_s_axi_U/int_v_address_reg[40]/R	-1.937
ap_rst_n	control_s_axi_U/int_v_address_reg[8]/R	-1.937
ap_rst_n	o_gmem_m_axi_U/bus_write/wreq_burst_conv/sect_addr_buf_reg[44]/R	-1.937
ap_rst_n	o_gmem_m_axi_U/bus_write/wreq_burst_conv/sect_addr_buf_reg[45]/R	-1.937
ap_rst_n	o_gmem_m_axi_U/bus_write/wreq_burst_conv/sect_addr_buf_reg[54]/R	-1.937
ap_rst_n	o_gmem_m_axi_U/bus_write/wreq_burst_conv/sect_addr_buf_reg[55]/R	-1.937
ap_rst_n	o_gmem_m_axi_U/bus_write/wreq_burst_conv/sect_addr_buf_reg[56]/R	-1.937
ap_rst_n	o_gmem_m_axi_U/bus_write/wreq_burst_conv/sect_addr_buf_reg[57]/R	-1.937
ap_rst_n	v_gmem_m_axi_U/bus_read/rreq_burst_conv/could_multi_bursts.burst_valid_reg/R	-1.937
ap_rst_n	v_gmem_m_axi_U/bus_read/rreq_burst_conv/could_multi_bursts.len_buf_reg[0]/R	-1.937
ap_rst_n	v_gmem_m_axi_U/bus_read/rreq_burst_conv/could_multi_bursts.sect_handling_reg/R	-1.937
ap_rst_n	v_gmem_m_axi_U/bus_read/rreq_burst_conv/req_handling_reg/R	-1.937
ap_rst_n	control_s_axi_U/int_k_address_reg[51]/R	-1.937
ap_rst_n	control_s_axi_U/int_v_address_reg[19]/R	-1.937
ap_rst_n	o_gmem_m_axi_U/bus_write/wreq_burst_conv/could_multi_bursts.addr_buf_reg[27]/R	-1.937
ap_rst_n	o_gmem_m_axi_U/bus_write/wreq_burst_conv/could_multi_bursts.addr_buf_reg[28]/R	-1.937
ap_rst_n	o_gmem_m_axi_U/bus_write/wreq_burst_conv/could_multi_bursts.addr_buf_reg[29]/R	-1.937
ap_rst_n	o_gmem_m_axi_U/bus_write/wreq_burst_conv/could_multi_bursts.addr_buf_reg[30]/R	-1.937
ap_rst_n	o_gmem_m_axi_U/bus_write/wreq_burst_conv/could_multi_bursts.addr_buf_reg[39]/R	-1.937
ap_rst_n	o_gmem_m_axi_U/bus_write/wreq_burst_conv/could_multi_bursts.addr_buf_reg[40]/R	-1.937
ap_rst_n	o_gmem_m_axi_U/bus_write/wreq_burst_conv/could_multi_bursts.addr_buf_reg[41]/R	-1.937
ap_rst_n	o_gmem_m_axi_U/bus_write/wreq_burst_conv/could_multi_bursts.addr_buf_reg[42]/R	-1.937
ap_rst_n	o_gmem_m_axi_U/store_unit_0/fifo_wreq/U_fifo_srl/dout_reg[23]/R	-1.937
ap_rst_n	o_gmem_m_axi_U/store_unit_0/fifo_wreq/U_fifo_srl/dout_reg[27]/R	-1.937
ap_rst_n	o_gmem_m_axi_U/store_unit_0/fifo_wreq/U_fifo_srl/dout_reg[40]/R	-1.937
ap_rst_n	v_gmem_m_axi_U/load_unit_0/fifo_rreq/U_fifo_srl/dout_reg[55]/R	-1.937
ap_rst_n	grp_run_fu_161/grp_runController_fu_106/ap_CS_fsm_reg[0]/S	-1.937
ap_rst_n	grp_run_fu_161_ap_start_reg_reg/R	-1.937
ap_rst_n	v_gmem_m_axi_U/bus_read/rreq_burst_conv/could_multi_bursts.addr_buf_reg[10]/R	-1.937
ap_rst_n	v_gmem_m_axi_U/bus_read/rreq_burst_conv/could_multi_bursts.addr_buf_reg[7]/R	-1.937
ap_rst_n	v_gmem_m_axi_U/bus_read/rreq_burst_conv/could_multi_bursts.addr_buf_reg[8]/R	-1.937
ap_rst_n	v_gmem_m_axi_U/bus_read/rreq_burst_conv/could_multi_bursts.addr_buf_reg[9]/R	-1.937
ap_rst_n	v_gmem_m_axi_U/bus_read/rreq_burst_conv/start_addr_reg[4]/R	-1.937
ap_rst_n	v_gmem_m_axi_U/bus_read/rreq_burst_conv/start_addr_reg[6]/R	-1.937
ap_rst_n	control_s_axi_U/int_k_address_reg[47]/R	-1.936
ap_rst_n	control_s_axi_U/int_o_address_reg[59]/R	-1.936
ap_rst_n	control_s_axi_U/int_sequence_length_reg[27]/R	-1.936
ap_rst_n	control_s_axi_U/int_v_address_reg[15]/R	-1.936
ap_rst_n	o_gmem_m_axi_U/store_unit_0/fifo_wreq/U_fifo_srl/dout_reg[54]/R	-1.936
ap_rst_n	o_gmem_m_axi_U/store_unit_0/fifo_wreq/U_fifo_srl/dout_reg[58]/R	-1.936
ap_rst_n	o_gmem_m_axi_U/bus_write/wreq_burst_conv/could_multi_bursts.addr_buf_reg[19]/R	-1.936
ap_rst_n	o_gmem_m_axi_U/bus_write/wreq_burst_conv/could_multi_bursts.addr_buf_reg[20]/R	-1.936
ap_rst_n	o_gmem_m_axi_U/bus_write/wreq_burst_conv/could_multi_bursts.addr_buf_reg[21]/R	-1.936
ap_rst_n	o_gmem_m_axi_U/bus_write/wreq_burst_conv/could_multi_bursts.addr_buf_reg[22]/R	-1.936
ap_rst_n	o_gmem_m_axi_U/bus_write/wreq_burst_conv/could_multi_bursts.addr_buf_reg[31]/R	-1.936
ap_rst_n	o_gmem_m_axi_U/bus_write/wreq_burst_conv/could_multi_bursts.addr_buf_reg[32]/R	-1.936
ap_rst_n	o_gmem_m_axi_U/bus_write/wreq_burst_conv/could_multi_bursts.addr_buf_reg[33]/R	-1.936
ap_rst_n	o_gmem_m_axi_U/bus_write/wreq_burst_conv/could_multi_bursts.addr_buf_reg[34]/R	-1.936
ap_rst_n	o_gmem_m_axi_U/bus_write/wreq_throttle/req_fifo/raddr_reg[0]/R	-1.936
ap_rst_n	o_gmem_m_axi_U/bus_write/wreq_throttle/req_fifo/raddr_reg[1]/R	-1.936
ap_rst_n	o_gmem_m_axi_U/bus_write/wreq_throttle/req_fifo/raddr_reg[2]/R	-1.936
ap_rst_n	o_gmem_m_axi_U/store_unit_0/tmp_addr_reg[43]/R	-1.936
ap_rst_n	v_gmem_m_axi_U/bus_read/rreq_burst_conv/could_multi_bursts.addr_buf_reg[15]/R	-1.936
ap_rst_n	v_gmem_m_axi_U/bus_read/rreq_burst_conv/could_multi_bursts.addr_buf_reg[16]/R	-1.936
ap_rst_n	v_gmem_m_axi_U/bus_read/rreq_burst_conv/could_multi_bursts.addr_buf_reg[17]/R	-1.936
ap_rst_n	v_gmem_m_axi_U/bus_read/rreq_burst_conv/could_multi_bursts.addr_buf_reg[18]/R	-1.936
ap_rst_n	v_gmem_m_axi_U/bus_read/rreq_burst_conv/could_multi_bursts.addr_buf_reg[23]/R	-1.936
ap_rst_n	v_gmem_m_axi_U/bus_read/rreq_burst_conv/could_multi_bursts.addr_buf_reg[24]/R	-1.936
ap_rst_n	v_gmem_m_axi_U/bus_read/rreq_burst_conv/could_multi_bursts.addr_buf_reg[25]/R	-1.936
ap_rst_n	v_gmem_m_axi_U/bus_read/rreq_burst_conv/could_multi_bursts.addr_buf_reg[26]/R	-1.936
ap_rst_n	v_gmem_m_axi_U/load_unit_0/fifo_rreq/U_fifo_srl/dout_reg[43]/R	-1.936
ap_rst_n	v_gmem_m_axi_U/load_unit_0/fifo_rreq/U_fifo_srl/dout_reg[53]/R	-1.936
ap_rst_n	v_gmem_m_axi_U/load_unit_0/tmp_addr_reg[56]/R	-1.936
ap_rst_n	v_gmem_m_axi_U/load_unit_0/tmp_addr_reg[59]/R	-1.936
ap_rst_n	v_gmem_m_axi_U/load_unit_0/fifo_rreq/U_fifo_srl/dout_reg[24]/R	-1.935
ap_rst_n	control_s_axi_U/int_o_address_reg[0]/R	-1.935
ap_rst_n	control_s_axi_U/int_o_address_reg[32]/R	-1.935
ap_rst_n	grp_run_fu_161/grp_runController_fu_106/grp_runQueryTile_fu_142/gatherQueryTile_U0/grp_storeOutputTile_fu_118/ap_CS_fsm_reg[50]/R	-1.935
ap_rst_n	grp_run_fu_161/grp_runController_fu_106/grp_runQueryTile_fu_142/gatherQueryTile_U0/grp_storeOutputTile_fu_118/ap_CS_fsm_reg[51]/R	-1.935
ap_rst_n	grp_run_fu_161/grp_runController_fu_106/grp_runQueryTile_fu_142/gatherQueryTile_U0/grp_storeOutputTile_fu_118/ap_CS_fsm_reg[52]/R	-1.935
ap_rst_n	grp_run_fu_161/grp_runController_fu_106/grp_runQueryTile_fu_142/gatherQueryTile_U0/grp_storeOutputTile_fu_118/ap_CS_fsm_reg[53]/R	-1.935
ap_rst_n	grp_run_fu_161/grp_runController_fu_106/grp_runQueryTile_fu_142/gatherQueryTile_U0/grp_storeOutputTile_fu_118/ap_CS_fsm_reg[54]/R	-1.935
ap_rst_n	grp_run_fu_161/grp_runController_fu_106/grp_runQueryTile_fu_142/gatherQueryTile_U0/grp_storeOutputTile_fu_118/ap_CS_fsm_reg[55]/R	-1.935
ap_rst_n	grp_run_fu_161/grp_runController_fu_106/grp_runQueryTile_fu_142/gatherQueryTile_U0/grp_storeOutputTile_fu_118/ap_CS_fsm_reg[60]/R	-1.935
ap_rst_n	grp_run_fu_161/grp_runController_fu_106/grp_runQueryTile_fu_142/gatherQueryTile_U0/grp_storeOutputTile_fu_118/ap_CS_fsm_reg[62]/R	-1.935
ap_rst_n	o_gmem_m_axi_U/bus_write/wreq_throttle/req_fifo/U_fifo_srl/dout_reg[67]/R	-1.935
ap_rst_n	o_gmem_m_axi_U/bus_write/wreq_throttle/req_fifo/U_fifo_srl/dout_reg[68]/R	-1.935
ap_rst_n	o_gmem_m_axi_U/bus_write/wreq_throttle/req_fifo/U_fifo_srl/dout_reg[69]/R	-1.935
ap_rst_n	o_gmem_m_axi_U/store_unit_0/fifo_wreq/U_fifo_srl/dout_reg[51]/R	-1.935
ap_rst_n	o_gmem_m_axi_U/store_unit_0/fifo_wreq/U_fifo_srl/dout_reg[56]/R	-1.935
ap_rst_n	o_gmem_m_axi_U/store_unit_0/tmp_addr_reg[49]/R	-1.935
ap_rst_n	o_gmem_m_axi_U/store_unit_0/tmp_addr_reg[54]/R	-1.935
ap_rst_n	v_gmem_m_axi_U/load_unit_0/fifo_rreq/U_fifo_srl/dout_reg[57]/R	-1.935
ap_rst_n	v_gmem_m_axi_U/load_unit_0/fifo_rreq/U_fifo_srl/dout_reg[59]/R	-1.935
ap_rst_n	o_gmem_m_axi_U/bus_write/wreq_burst_conv/could_multi_bursts.addr_buf_reg[23]/R	-1.935
ap_rst_n	o_gmem_m_axi_U/bus_write/wreq_burst_conv/could_multi_bursts.addr_buf_reg[24]/R	-1.935
ap_rst_n	o_gmem_m_axi_U/bus_write/wreq_burst_conv/could_multi_bursts.addr_buf_reg[25]/R	-1.935
ap_rst_n	o_gmem_m_axi_U/bus_write/wreq_burst_conv/could_multi_bursts.addr_buf_reg[26]/R	-1.935
ap_rst_n	o_gmem_m_axi_U/bus_write/wreq_burst_conv/could_multi_bursts.len_buf_reg[1]/R	-1.935
ap_rst_n	v_gmem_m_axi_U/bus_read/rreq_burst_conv/could_multi_bursts.addr_buf_reg[31]/R	-1.935
ap_rst_n	v_gmem_m_axi_U/bus_read/rreq_burst_conv/could_multi_bursts.addr_buf_reg[32]/R	-1.935
ap_rst_n	v_gmem_m_axi_U/bus_read/rreq_burst_conv/could_multi_bursts.addr_buf_reg[33]/R	-1.935
ap_rst_n	v_gmem_m_axi_U/bus_read/rreq_burst_conv/could_multi_bursts.addr_buf_reg[34]/R	-1.935
ap_rst_n	v_gmem_m_axi_U/bus_read/rreq_burst_conv/could_multi_bursts.addr_buf_reg[39]/R	-1.935
ap_rst_n	v_gmem_m_axi_U/bus_read/rreq_burst_conv/could_multi_bursts.addr_buf_reg[40]/R	-1.935
ap_rst_n	v_gmem_m_axi_U/bus_read/rreq_burst_conv/could_multi_bursts.addr_buf_reg[41]/R	-1.935
ap_rst_n	v_gmem_m_axi_U/bus_read/rreq_burst_conv/could_multi_bursts.addr_buf_reg[42]/R	-1.935
ap_rst_n	control_s_axi_U/int_ap_start_reg/R	-1.934
ap_rst_n	control_s_axi_U/int_causal_reg[0]/R	-1.934
ap_rst_n	control_s_axi_U/int_ier_reg[0]/R	-1.934
ap_rst_n	control_s_axi_U/int_ier_reg[1]/R	-1.934
ap_rst_n	control_s_axi_U/int_o_address_reg[19]/R	-1.934
ap_rst_n	control_s_axi_U/int_v_address_reg[51]/R	-1.934
ap_rst_n	control_s_axi_U/int_v_address_reg[14]/R	-1.934
ap_rst_n	control_s_axi_U/int_v_address_reg[16]/R	-1.934
ap_rst_n	control_s_axi_U/int_v_address_reg[26]/R	-1.934
ap_rst_n	control_s_axi_U/int_v_address_reg[46]/R	-1.934
ap_rst_n	control_s_axi_U/int_v_address_reg[48]/R	-1.934
ap_rst_n	control_s_axi_U/int_v_address_reg[58]/R	-1.934
ap_rst_n	grp_run_fu_161/grp_runController_fu_106/grp_runQueryTile_fu_142/gatherQueryTile_U0/grp_storeOutputTile_fu_118/ap_CS_fsm_reg[56]/R	-1.934
ap_rst_n	grp_run_fu_161/grp_runController_fu_106/grp_runQueryTile_fu_142/gatherQueryTile_U0/grp_storeOutputTile_fu_118/ap_CS_fsm_reg[57]/R	-1.934
ap_rst_n	grp_run_fu_161/grp_runController_fu_106/grp_runQueryTile_fu_142/gatherQueryTile_U0/grp_storeOutputTile_fu_118/ap_CS_fsm_reg[58]/R	-1.934
ap_rst_n	grp_run_fu_161/grp_runController_fu_106/grp_runQueryTile_fu_142/gatherQueryTile_U0/grp_storeOutputTile_fu_118/ap_CS_fsm_reg[59]/R	-1.934
ap_rst_n	grp_run_fu_161/grp_runController_fu_106/grp_runQueryTile_fu_142/gatherQueryTile_U0/grp_storeOutputTile_fu_118/ap_CS_fsm_reg[61]/R	-1.934
ap_rst_n	grp_run_fu_161/grp_runController_fu_106/grp_runQueryTile_fu_142/gatherQueryTile_U0/grp_storeOutputTile_fu_118/ap_CS_fsm_reg[63]/R	-1.934
ap_rst_n	grp_run_fu_161/grp_runController_fu_106/grp_runQueryTile_fu_142/gatherQueryTile_U0/grp_storeOutputTile_fu_118/ap_CS_fsm_reg[64]/R	-1.934
ap_rst_n	grp_run_fu_161/grp_runController_fu_106/grp_runQueryTile_fu_142/gatherQueryTile_U0/grp_storeOutputTile_fu_118/ap_CS_fsm_reg[65]/R	-1.934
ap_rst_n	o_gmem_m_axi_U/bus_write/wreq_burst_conv/could_multi_bursts.addr_buf_reg[11]/R	-1.934
ap_rst_n	o_gmem_m_axi_U/bus_write/wreq_burst_conv/could_multi_bursts.addr_buf_reg[12]/R	-1.934
ap_rst_n	o_gmem_m_axi_U/bus_write/wreq_burst_conv/could_multi_bursts.addr_buf_reg[13]/R	-1.934
ap_rst_n	o_gmem_m_axi_U/bus_write/wreq_burst_conv/could_multi_bursts.addr_buf_reg[14]/R	-1.934
ap_rst_n	o_gmem_m_axi_U/bus_write/wreq_throttle/req_fifo/dout_vld_reg/R	-1.934
ap_rst_n	v_gmem_m_axi_U/bus_read/rreq_burst_conv/could_multi_bursts.addr_buf_reg[47]/R	-1.934
ap_rst_n	v_gmem_m_axi_U/bus_read/rreq_burst_conv/could_multi_bursts.addr_buf_reg[48]/R	-1.934
ap_rst_n	v_gmem_m_axi_U/bus_read/rreq_burst_conv/could_multi_bursts.addr_buf_reg[49]/R	-1.934
ap_rst_n	v_gmem_m_axi_U/bus_read/rreq_burst_conv/could_multi_bursts.addr_buf_reg[50]/R	-1.934
ap_rst_n	v_gmem_m_axi_U/bus_read/rreq_burst_conv/could_multi_bursts.addr_buf_reg[55]/R	-1.934
ap_rst_n	v_gmem_m_axi_U/bus_read/rreq_burst_conv/could_multi_bursts.addr_buf_reg[56]/R	-1.934
ap_rst_n	v_gmem_m_axi_U/bus_read/rreq_burst_conv/could_multi_bursts.addr_buf_reg[57]/R	-1.934
ap_rst_n	v_gmem_m_axi_U/bus_read/rreq_burst_conv/could_multi_bursts.addr_buf_reg[58]/R	-1.934
ap_rst_n	control_s_axi_U/int_o_address_reg[38]/R	-1.933
ap_rst_n	control_s_axi_U/int_o_address_reg[40]/R	-1.933
ap_rst_n	control_s_axi_U/int_o_address_reg[51]/R	-1.933
ap_rst_n	control_s_axi_U/int_o_address_reg[53]/R	-1.933
ap_rst_n	control_s_axi_U/int_o_address_reg[63]/R	-1.933
ap_rst_n	control_s_axi_U/int_o_address_reg[6]/R	-1.933
ap_rst_n	control_s_axi_U/int_o_address_reg[8]/R	-1.933
ap_rst_n	control_s_axi_U/int_sequence_length_reg[19]/R	-1.933
ap_rst_n	control_s_axi_U/int_sequence_length_reg[21]/R	-1.933
ap_rst_n	control_s_axi_U/int_sequence_length_reg[31]/R	-1.933
ap_rst_n	o_gmem_m_axi_U/bus_write/fifo_burst/raddr_reg[0]/R	-1.933
ap_rst_n	o_gmem_m_axi_U/bus_write/fifo_burst/raddr_reg[1]/R	-1.933
ap_rst_n	o_gmem_m_axi_U/bus_write/fifo_burst/raddr_reg[2]/R	-1.933
m_axi_o_gmem_BVALID	o_gmem_m_axi_U/bus_write/rs_resp/FSM_sequential_state_reg[1]/D	-1.933
ap_rst_n	o_gmem_m_axi_U/bus_write/wreq_burst_conv/could_multi_bursts.addr_buf_reg[3]/R	-1.933
ap_rst_n	o_gmem_m_axi_U/bus_write/wreq_burst_conv/could_multi_bursts.addr_buf_reg[4]/R	-1.933
ap_rst_n	o_gmem_m_axi_U/bus_write/wreq_burst_conv/could_multi_bursts.addr_buf_reg[5]/R	-1.933
ap_rst_n	o_gmem_m_axi_U/bus_write/wreq_burst_conv/could_multi_bursts.addr_buf_reg[6]/R	-1.933
ap_rst_n	o_gmem_m_axi_U/bus_write/wreq_burst_conv/sect_addr_buf_reg[36]/R	-1.933
ap_rst_n	o_gmem_m_axi_U/bus_write/wreq_burst_conv/sect_addr_buf_reg[37]/R	-1.933
ap_rst_n	o_gmem_m_axi_U/bus_write/wreq_throttle/data_fifo/mOutPtr_reg[0]/R	-1.933
ap_rst_n	o_gmem_m_axi_U/bus_write/wreq_throttle/data_fifo/mOutPtr_reg[1]/R	-1.933
ap_rst_n	o_gmem_m_axi_U/bus_write/wreq_throttle/data_fifo/mOutPtr_reg[2]/R	-1.933
ap_rst_n	o_gmem_m_axi_U/bus_write/wreq_throttle/data_fifo/mOutPtr_reg[3]/R	-1.933
ap_rst_n	o_gmem_m_axi_U/bus_write/wreq_throttle/data_fifo/raddr_reg[5]/R	-1.933
ap_rst_n	o_gmem_m_axi_U/store_unit_0/fifo_wreq/raddr_reg[1]/R	-1.933
ap_rst_n	o_gmem_m_axi_U/store_unit_0/fifo_wreq/raddr_reg[2]/R	-1.933
ap_rst_n	o_gmem_m_axi_U/store_unit_0/fifo_wreq/raddr_reg[3]/R	-1.933
ap_rst_n	o_gmem_m_axi_U/store_unit_0/fifo_wreq/raddr_reg[4]/R	-1.933
ap_rst_n	o_gmem_m_axi_U/store_unit_0/tmp_addr_reg[38]/R	-1.933
ap_rst_n	o_gmem_m_axi_U/store_unit_0/tmp_addr_reg[39]/R	-1.933
ap_rst_n	v_gmem_m_axi_U/bus_read/rreq_burst_conv/could_multi_bursts.addr_step_reg[3]/R	-1.933
ap_rst_n	v_gmem_m_axi_U/bus_read/rreq_burst_conv/could_multi_bursts.addr_step_reg[4]/R	-1.933
ap_rst_n	v_gmem_m_axi_U/bus_read/rreq_burst_conv/start_to_4k_reg[0]/R	-1.933
ap_rst_n	v_gmem_m_axi_U/bus_read/rreq_burst_conv/start_to_4k_reg[1]/R	-1.933
ap_rst_n	v_gmem_m_axi_U/bus_read/rreq_burst_conv/start_to_4k_reg[5]/R	-1.933
ap_rst_n	v_gmem_m_axi_U/bus_read/rreq_burst_conv/start_to_4k_reg[8]/R	-1.933
ap_rst_n	grp_run_fu_161/grp_runController_fu_106/grp_runQueryTile_fu_142/header_query_base_c_U/mOutPtr_reg[0]/R	-1.933
ap_rst_n	grp_run_fu_161/grp_runController_fu_106/grp_runQueryTile_fu_142/header_query_base_c_U/mOutPtr_reg[1]/R	-1.933
ap_rst_n	grp_run_fu_161/grp_runController_fu_106/grp_runQueryTile_fu_142/header_query_base_c_U/mOutPtr_reg[2]/R	-1.933
ap_rst_n	o_gmem_m_axi_U/bus_write/wreq_burst_conv/could_multi_bursts.addr_buf_reg[15]/R	-1.933
ap_rst_n	o_gmem_m_axi_U/bus_write/wreq_burst_conv/could_multi_bursts.addr_buf_reg[16]/R	-1.933
ap_rst_n	o_gmem_m_axi_U/bus_write/wreq_burst_conv/could_multi_bursts.addr_buf_reg[17]/R	-1.933
ap_rst_n	o_gmem_m_axi_U/bus_write/wreq_burst_conv/could_multi_bursts.addr_buf_reg[18]/R	-1.933
ap_rst_n	o_gmem_m_axi_U/bus_write/wreq_burst_conv/start_addr_reg[32]/R	-1.933
ap_rst_n	o_gmem_m_axi_U/bus_write/wreq_burst_conv/start_addr_reg[33]/R	-1.933
ap_rst_n	o_gmem_m_axi_U/bus_write/wreq_burst_conv/start_addr_reg[36]/R	-1.933
ap_rst_n	o_gmem_m_axi_U/bus_write/wreq_burst_conv/start_addr_reg[37]/R	-1.933
ap_rst_n	v_gmem_m_axi_U/bus_read/rreq_burst_conv/could_multi_bursts.addr_buf_reg[63]/R	-1.933
ap_rst_n	control_s_axi_U/int_o_address_reg[10]/R	-1.932
ap_rst_n	control_s_axi_U/int_o_address_reg[12]/R	-1.932
ap_rst_n	control_s_axi_U/int_o_address_reg[20]/R	-1.932
ap_rst_n	control_s_axi_U/int_o_address_reg[42]/R	-1.932
ap_rst_n	control_s_axi_U/int_o_address_reg[44]/R	-1.932
ap_rst_n	control_s_axi_U/int_o_address_reg[52]/R	-1.932
ap_rst_n	o_gmem_m_axi_U/store_unit_0/fifo_wreq/U_fifo_srl/dout_reg[24]/R	-1.932
ap_rst_n	control_s_axi_U/int_k_address_reg[43]/R	-1.932
ap_rst_n	control_s_axi_U/int_k_address_reg[49]/R	-1.932
ap_rst_n	control_s_axi_U/int_v_address_reg[11]/R	-1.932
ap_rst_n	control_s_axi_U/int_v_address_reg[17]/R	-1.932
ap_rst_n	control_s_axi_U/int_v_address_reg[30]/R	-1.932
ap_rst_n	control_s_axi_U/int_v_address_reg[62]/R	-1.932
ap_rst_n	o_gmem_m_axi_U/bus_write/fifo_burst/U_fifo_srl/dout_reg[0]/R	-1.932
ap_rst_n	o_gmem_m_axi_U/bus_write/fifo_burst/U_fifo_srl/dout_reg[1]/R	-1.932
ap_rst_n	o_gmem_m_axi_U/bus_write/fifo_burst/U_fifo_srl/dout_reg[2]/R	-1.932
ap_rst_n	o_gmem_m_axi_U/bus_write/fifo_burst/U_fifo_srl/dout_reg[3]/R	-1.932
ap_rst_n	o_gmem_m_axi_U/bus_write/wreq_burst_conv/could_multi_bursts.addr_buf_reg[10]/R	-1.932
ap_rst_n	o_gmem_m_axi_U/bus_write/wreq_burst_conv/could_multi_bursts.addr_buf_reg[7]/R	-1.932
ap_rst_n	o_gmem_m_axi_U/bus_write/wreq_burst_conv/could_multi_bursts.addr_buf_reg[8]/R	-1.932
ap_rst_n	o_gmem_m_axi_U/bus_write/wreq_burst_conv/could_multi_bursts.addr_buf_reg[9]/R	-1.932
ap_rst_n	o_gmem_m_axi_U/bus_write/wreq_burst_conv/sect_cnt_reg[16]/R	-1.932
ap_rst_n	o_gmem_m_axi_U/bus_write/wreq_burst_conv/sect_cnt_reg[17]/R	-1.932
ap_rst_n	o_gmem_m_axi_U/bus_write/wreq_burst_conv/sect_cnt_reg[20]/R	-1.932
ap_rst_n	o_gmem_m_axi_U/bus_write/wreq_burst_conv/sect_cnt_reg[21]/R	-1.932
ap_rst_n	o_gmem_m_axi_U/bus_write/wreq_burst_conv/sect_cnt_reg[22]/R	-1.932
ap_rst_n	o_gmem_m_axi_U/bus_write/wreq_burst_conv/sect_cnt_reg[23]/R	-1.932
ap_rst_n	o_gmem_m_axi_U/bus_write/wreq_burst_conv/sect_cnt_reg[24]/R	-1.932
ap_rst_n	o_gmem_m_axi_U/bus_write/wreq_burst_conv/sect_cnt_reg[25]/R	-1.932
ap_rst_n	o_gmem_m_axi_U/bus_write/wreq_burst_conv/start_addr_reg[30]/R	-1.932
ap_rst_n	o_gmem_m_axi_U/store_unit_0/fifo_wreq/U_fifo_srl/dout_reg[36]/R	-1.932
ap_rst_n	o_gmem_m_axi_U/store_unit_0/fifo_wreq/U_fifo_srl/dout_reg[39]/R	-1.932
ap_rst_n	o_gmem_m_axi_U/store_unit_0/tmp_addr_reg[35]/R	-1.932
ap_rst_n	v_gmem_m_axi_U/bus_read/rreq_burst_conv/could_multi_bursts.addr_buf_reg[3]/R	-1.932
ap_rst_n	v_gmem_m_axi_U/bus_read/rreq_burst_conv/could_multi_bursts.addr_buf_reg[4]/R	-1.932
ap_rst_n	v_gmem_m_axi_U/bus_read/rreq_burst_conv/could_multi_bursts.addr_buf_reg[5]/R	-1.932
ap_rst_n	v_gmem_m_axi_U/bus_read/rreq_burst_conv/could_multi_bursts.addr_buf_reg[6]/R	-1.932
ap_rst_n	o_gmem_m_axi_U/bus_write/wreq_burst_conv/sect_cnt_reg[34]/R	-1.932
ap_rst_n	o_gmem_m_axi_U/bus_write/wreq_burst_conv/sect_cnt_reg[35]/R	-1.932
ap_rst_n	o_gmem_m_axi_U/bus_write/wreq_burst_conv/sect_cnt_reg[36]/R	-1.932
ap_rst_n	o_gmem_m_axi_U/bus_write/wreq_burst_conv/sect_cnt_reg[37]/R	-1.932
ap_rst_n	o_gmem_m_axi_U/bus_write/wreq_burst_conv/sect_cnt_reg[46]/R	-1.932
ap_rst_n	o_gmem_m_axi_U/bus_write/wreq_burst_conv/sect_cnt_reg[47]/R	-1.932
ap_rst_n	o_gmem_m_axi_U/bus_write/wreq_burst_conv/sect_cnt_reg[48]/R	-1.932
ap_rst_n	o_gmem_m_axi_U/bus_write/wreq_burst_conv/sect_cnt_reg[49]/R	-1.932
ap_rst_n	o_gmem_m_axi_U/bus_write/wreq_burst_conv/start_addr_reg[48]/R	-1.932
ap_rst_n	o_gmem_m_axi_U/bus_write/wreq_burst_conv/start_addr_reg[49]/R	-1.932
ap_rst_n	control_s_axi_U/int_q_address_reg[18]/R	-1.931
ap_rst_n	control_s_axi_U/int_q_address_reg[24]/R	-1.931
ap_rst_n	control_s_axi_U/int_q_address_reg[50]/R	-1.931
ap_rst_n	control_s_axi_U/int_q_address_reg[56]/R	-1.931
ap_rst_n	o_gmem_m_axi_U/bus_write/fifo_resp/mOutPtr_reg[0]/R	-1.931
ap_rst_n	o_gmem_m_axi_U/bus_write/fifo_resp/mOutPtr_reg[1]/R	-1.931
ap_rst_n	o_gmem_m_axi_U/bus_write/fifo_resp/mOutPtr_reg[2]/R	-1.931
ap_rst_n	o_gmem_m_axi_U/bus_write/fifo_resp/mOutPtr_reg[3]/R	-1.931
ap_rst_n	o_gmem_m_axi_U/store_unit_0/fifo_wreq/U_fifo_srl/dout_reg[34]/R	-1.931
ap_rst_n	v_gmem_m_axi_U/bus_read/rreq_burst_conv/could_multi_bursts.addr_buf_reg[11]/R	-1.931
ap_rst_n	v_gmem_m_axi_U/bus_read/rreq_burst_conv/could_multi_bursts.addr_buf_reg[12]/R	-1.931
ap_rst_n	v_gmem_m_axi_U/bus_read/rreq_burst_conv/could_multi_bursts.addr_buf_reg[13]/R	-1.931
ap_rst_n	v_gmem_m_axi_U/bus_read/rreq_burst_conv/could_multi_bursts.addr_buf_reg[14]/R	-1.931
ap_rst_n	v_gmem_m_axi_U/bus_read/rreq_burst_conv/could_multi_bursts.addr_buf_reg[19]/R	-1.931
ap_rst_n	v_gmem_m_axi_U/bus_read/rreq_burst_conv/could_multi_bursts.addr_buf_reg[20]/R	-1.931
ap_rst_n	v_gmem_m_axi_U/bus_read/rreq_burst_conv/could_multi_bursts.addr_buf_reg[21]/R	-1.931
ap_rst_n	v_gmem_m_axi_U/bus_read/rreq_burst_conv/could_multi_bursts.addr_buf_reg[22]/R	-1.931
ap_rst_n	control_s_axi_U/int_v_address_reg[20]/R	-1.931
ap_rst_n	control_s_axi_U/int_v_address_reg[24]/R	-1.931
ap_rst_n	control_s_axi_U/int_v_address_reg[52]/R	-1.931
ap_rst_n	control_s_axi_U/int_v_address_reg[56]/R	-1.931
ap_rst_n	grp_run_fu_161/grp_runController_fu_106/grp_runQueryTile_fu_142/gatherQueryTile_U0/grp_storeOutputTile_fu_118/ap_CS_fsm_reg[13]/R	-1.931
ap_rst_n	grp_run_fu_161/grp_runController_fu_106/grp_runQueryTile_fu_142/gatherQueryTile_U0/grp_storeOutputTile_fu_118/ap_CS_fsm_reg[1]/R	-1.931
ap_rst_n	grp_run_fu_161/grp_runController_fu_106/grp_runQueryTile_fu_142/gatherQueryTile_U0/grp_storeOutputTile_fu_118/ap_CS_fsm_reg[3]/R	-1.931
ap_rst_n	grp_run_fu_161/grp_runController_fu_106/grp_runQueryTile_fu_142/gatherQueryTile_U0/grp_storeOutputTile_fu_118/ap_CS_fsm_reg[49]/R	-1.931
ap_rst_n	grp_run_fu_161/grp_runController_fu_106/grp_runQueryTile_fu_142/gatherQueryTile_U0/grp_storeOutputTile_fu_118/ap_CS_fsm_reg[4]/R	-1.931
ap_rst_n	o_gmem_m_axi_U/bus_write/fifo_burst/U_fifo_srl/dout_reg[4]/R	-1.931
ap_rst_n	o_gmem_m_axi_U/bus_write/fifo_burst/U_fifo_srl/dout_reg[5]/R	-1.931
ap_rst_n	o_gmem_m_axi_U/bus_write/wreq_burst_conv/sect_addr_buf_reg[20]/R	-1.931
ap_rst_n	o_gmem_m_axi_U/bus_write/wreq_burst_conv/sect_addr_buf_reg[21]/R	-1.931
ap_rst_n	o_gmem_m_axi_U/bus_write/wreq_burst_conv/sect_addr_buf_reg[22]/R	-1.931
ap_rst_n	o_gmem_m_axi_U/bus_write/wreq_burst_conv/sect_addr_buf_reg[23]/R	-1.931
ap_rst_n	o_gmem_m_axi_U/bus_write/wreq_burst_conv/sect_addr_buf_reg[24]/R	-1.931
ap_rst_n	o_gmem_m_axi_U/bus_write/wreq_burst_conv/sect_addr_buf_reg[25]/R	-1.931
ap_rst_n	o_gmem_m_axi_U/bus_write/wreq_burst_conv/sect_addr_buf_reg[28]/R	-1.931
ap_rst_n	o_gmem_m_axi_U/bus_write/wreq_burst_conv/sect_addr_buf_reg[29]/R	-1.931
ap_rst_n	o_gmem_m_axi_U/bus_write/wreq_burst_conv/sect_addr_buf_reg[32]/R	-1.931
ap_rst_n	o_gmem_m_axi_U/bus_write/wreq_burst_conv/sect_addr_buf_reg[33]/R	-1.931
ap_rst_n	o_gmem_m_axi_U/bus_write/wreq_burst_conv/sect_addr_buf_reg[40]/R	-1.931
ap_rst_n	o_gmem_m_axi_U/bus_write/wreq_burst_conv/sect_addr_buf_reg[41]/R	-1.931
ap_rst_n	o_gmem_m_axi_U/store_unit_0/tmp_addr_reg[42]/R	-1.931
ap_rst_n	control_s_axi_U/FSM_onehot_wstate_reg[3]/R	-1.930
ap_rst_n	o_gmem_m_axi_U/bus_write/fifo_resp/U_fifo_srl/dout_reg[0]/R	-1.930
ap_rst_n	o_gmem_m_axi_U/bus_write/wreq_burst_conv/could_multi_bursts.burst_valid_reg/R	-1.930
ap_rst_n	o_gmem_m_axi_U/bus_write/wreq_burst_conv/could_multi_bursts.len_buf_reg[3]/R	-1.930
ap_rst_n	o_gmem_m_axi_U/bus_write/wreq_burst_conv/could_multi_bursts.len_buf_reg[4]/R	-1.930
ap_rst_n	o_gmem_m_axi_U/bus_write/wreq_burst_conv/could_multi_bursts.len_buf_reg[5]/R	-1.930
ap_rst_n	v_gmem_m_axi_U/bus_read/rreq_burst_conv/could_multi_bursts.addr_buf_reg[27]/R	-1.930
ap_rst_n	v_gmem_m_axi_U/bus_read/rreq_burst_conv/could_multi_bursts.addr_buf_reg[28]/R	-1.930
ap_rst_n	v_gmem_m_axi_U/bus_read/rreq_burst_conv/could_multi_bursts.addr_buf_reg[29]/R	-1.930
ap_rst_n	v_gmem_m_axi_U/bus_read/rreq_burst_conv/could_multi_bursts.addr_buf_reg[30]/R	-1.930
ap_rst_n	v_gmem_m_axi_U/bus_read/rreq_burst_conv/could_multi_bursts.addr_buf_reg[35]/R	-1.930
ap_rst_n	v_gmem_m_axi_U/bus_read/rreq_burst_conv/could_multi_bursts.addr_buf_reg[36]/R	-1.930
ap_rst_n	v_gmem_m_axi_U/bus_read/rreq_burst_conv/could_multi_bursts.addr_buf_reg[37]/R	-1.930
ap_rst_n	v_gmem_m_axi_U/bus_read/rreq_burst_conv/could_multi_bursts.addr_buf_reg[38]/R	-1.930
ap_rst_n	o_gmem_m_axi_U/bus_write/wreq_burst_conv/sect_cnt_reg[10]/R	-1.930
ap_rst_n	o_gmem_m_axi_U/bus_write/wreq_burst_conv/sect_cnt_reg[11]/R	-1.930
ap_rst_n	o_gmem_m_axi_U/bus_write/wreq_burst_conv/sect_cnt_reg[28]/R	-1.930
ap_rst_n	o_gmem_m_axi_U/bus_write/wreq_burst_conv/sect_cnt_reg[29]/R	-1.930
ap_rst_n	o_gmem_m_axi_U/bus_write/fifo_resp/raddr_reg[0]/R	-1.929
ap_rst_n	o_gmem_m_axi_U/bus_write/fifo_resp/raddr_reg[1]/R	-1.929
ap_rst_n	o_gmem_m_axi_U/bus_write/fifo_resp/raddr_reg[2]/R	-1.929
ap_rst_n	o_gmem_m_axi_U/store_unit_0/fifo_wreq/U_fifo_srl/dout_reg[33]/R	-1.929
ap_rst_n	v_gmem_m_axi_U/bus_read/rreq_burst_conv/could_multi_bursts.addr_buf_reg[43]/R	-1.929
ap_rst_n	v_gmem_m_axi_U/bus_read/rreq_burst_conv/could_multi_bursts.addr_buf_reg[44]/R	-1.929
ap_rst_n	v_gmem_m_axi_U/bus_read/rreq_burst_conv/could_multi_bursts.addr_buf_reg[45]/R	-1.929
ap_rst_n	v_gmem_m_axi_U/bus_read/rreq_burst_conv/could_multi_bursts.addr_buf_reg[46]/R	-1.929
ap_rst_n	v_gmem_m_axi_U/bus_read/rreq_burst_conv/could_multi_bursts.addr_buf_reg[51]/R	-1.929
ap_rst_n	v_gmem_m_axi_U/bus_read/rreq_burst_conv/could_multi_bursts.addr_buf_reg[52]/R	-1.929
ap_rst_n	v_gmem_m_axi_U/bus_read/rreq_burst_conv/could_multi_bursts.addr_buf_reg[53]/R	-1.929
ap_rst_n	v_gmem_m_axi_U/bus_read/rreq_burst_conv/could_multi_bursts.addr_buf_reg[54]/R	-1.929
ap_rst_n	control_s_axi_U/int_o_address_reg[29]/R	-1.929
ap_rst_n	control_s_axi_U/int_v_address_reg[18]/R	-1.929
ap_rst_n	control_s_axi_U/int_v_address_reg[50]/R	-1.929
ap_rst_n	control_s_axi_U/int_v_address_reg[61]/R	-1.929
ap_rst_n	o_gmem_m_axi_U/bus_write/fifo_burst/dout_vld_reg/R	-1.929
ap_rst_n	o_gmem_m_axi_U/bus_write/fifo_burst/empty_n_reg/R	-1.929
ap_rst_n	o_gmem_m_axi_U/bus_write/fifo_resp/dout_vld_reg/R	-1.929
ap_rst_n	o_gmem_m_axi_U/bus_write/wreq_burst_conv/sect_addr_buf_reg[12]/R	-1.929
ap_rst_n	o_gmem_m_axi_U/bus_write/wreq_burst_conv/sect_addr_buf_reg[13]/R	-1.929
ap_rst_n	o_gmem_m_axi_U/bus_write/wreq_burst_conv/sect_addr_buf_reg[26]/R	-1.929
ap_rst_n	o_gmem_m_axi_U/bus_write/wreq_burst_conv/sect_addr_buf_reg[27]/R	-1.929
ap_rst_n	control_s_axi_U/int_o_address_reg[22]/R	-1.928
ap_rst_n	control_s_axi_U/int_o_address_reg[30]/R	-1.928
ap_rst_n	control_s_axi_U/int_o_address_reg[54]/R	-1.928
ap_rst_n	control_s_axi_U/int_o_address_reg[62]/R	-1.928
ap_rst_n	grp_run_fu_161/grp_runController_fu_106/grp_runQueryTile_fu_142/header_query_base_c_U/addr_reg[0]/R	-1.928
ap_rst_n	grp_run_fu_161/grp_runController_fu_106/grp_runQueryTile_fu_142/header_query_base_c_U/addr_reg[1]/R	-1.928
ap_rst_n	grp_run_fu_161/grp_runController_fu_106/grp_runQueryTile_fu_142/o_address_c_U/empty_n_reg/R	-1.928
ap_rst_n	o_gmem_m_axi_U/bus_write/rs_resp/FSM_sequential_state_reg[0]/R	-1.928
ap_rst_n	o_gmem_m_axi_U/bus_write/rs_resp/FSM_sequential_state_reg[1]/R	-1.928
ap_rst_n	o_gmem_m_axi_U/bus_write/rs_resp/s_ready_t_reg/R	-1.928
ap_rst_n	o_gmem_m_axi_U/bus_write/rs_resp/state_reg[0]/R	-1.928
ap_rst_n	o_gmem_m_axi_U/bus_write/rs_resp/state_reg[1]/S	-1.928
ap_rst_n	o_gmem_m_axi_U/bus_write/wreq_burst_conv/could_multi_bursts.addr_step_reg[3]/R	-1.928
ap_rst_n	o_gmem_m_axi_U/bus_write/wreq_burst_conv/could_multi_bursts.addr_step_reg[5]/R	-1.928
ap_rst_n	o_gmem_m_axi_U/bus_write/wreq_burst_conv/could_multi_bursts.addr_step_reg[6]/R	-1.928
ap_rst_n	o_gmem_m_axi_U/bus_write/wreq_burst_conv/could_multi_bursts.addr_step_reg[7]/R	-1.928
ap_rst_n	o_gmem_m_axi_U/bus_write/wreq_burst_conv/could_multi_bursts.addr_step_reg[8]/R	-1.928
ap_rst_n	o_gmem_m_axi_U/bus_write/wreq_burst_conv/could_multi_bursts.addr_step_reg[9]/R	-1.928
ap_rst_n	o_gmem_m_axi_U/store_unit_0/fifo_wreq/U_fifo_srl/dout_reg[52]/R	-1.928
ap_rst_n	o_gmem_m_axi_U/store_unit_0/tmp_addr_reg[26]/R	-1.928
ap_rst_n	o_gmem_m_axi_U/store_unit_0/tmp_addr_reg[30]/R	-1.928
ap_rst_n	o_gmem_m_axi_U/store_unit_0/tmp_addr_reg[31]/R	-1.928
ap_rst_n	v_gmem_m_axi_U/bus_read/rreq_burst_conv/could_multi_bursts.addr_buf_reg[59]/R	-1.928
ap_rst_n	v_gmem_m_axi_U/bus_read/rreq_burst_conv/could_multi_bursts.addr_buf_reg[60]/R	-1.928
ap_rst_n	v_gmem_m_axi_U/bus_read/rreq_burst_conv/could_multi_bursts.addr_buf_reg[61]/R	-1.928
ap_rst_n	v_gmem_m_axi_U/bus_read/rreq_burst_conv/could_multi_bursts.addr_buf_reg[62]/R	-1.928
ap_rst_n	control_s_axi_U/int_k_address_reg[61]/R	-1.928
ap_rst_n	control_s_axi_U/int_v_address_reg[29]/R	-1.928
ap_rst_n	grp_run_fu_161/grp_runController_fu_106/grp_runQueryTile_fu_142/start_for_gatherQueryTile_U0_U/mOutPtr_reg[0]/R	-1.928
ap_rst_n	grp_run_fu_161/grp_runController_fu_106/grp_runQueryTile_fu_142/start_for_gatherQueryTile_U0_U/mOutPtr_reg[1]/R	-1.928
ap_rst_n	grp_run_fu_161/grp_runController_fu_106/grp_runQueryTile_fu_142/start_for_gatherQueryTile_U0_U/mOutPtr_reg[2]/R	-1.928
ap_rst_n	o_gmem_m_axi_U/bus_write/WLAST_Dummy_reg/R	-1.928
ap_rst_n	o_gmem_m_axi_U/bus_write/wreq_burst_conv/could_multi_bursts.len_buf_reg[0]/R	-1.928
ap_rst_n	o_gmem_m_axi_U/bus_write/wreq_burst_conv/sect_cnt_reg[0]/R	-1.928
ap_rst_n	o_gmem_m_axi_U/bus_write/wreq_burst_conv/sect_cnt_reg[14]/R	-1.928
ap_rst_n	o_gmem_m_axi_U/bus_write/wreq_burst_conv/sect_cnt_reg[15]/R	-1.928
ap_rst_n	o_gmem_m_axi_U/bus_write/wreq_burst_conv/sect_cnt_reg[1]/R	-1.928
ap_rst_n	o_gmem_m_axi_U/bus_write/wreq_burst_conv/sect_cnt_reg[2]/R	-1.928
ap_rst_n	o_gmem_m_axi_U/bus_write/wreq_burst_conv/sect_cnt_reg[3]/R	-1.928
ap_rst_n	o_gmem_m_axi_U/bus_write/wreq_burst_conv/start_addr_reg[28]/R	-1.928
ap_rst_n	o_gmem_m_axi_U/bus_write/wreq_burst_conv/start_addr_reg[29]/R	-1.928
ap_rst_n	o_gmem_m_axi_U/bus_write/wreq_throttle/req_fifo/mOutPtr_reg[0]/R	-1.928
ap_rst_n	o_gmem_m_axi_U/bus_write/wreq_throttle/req_fifo/mOutPtr_reg[1]/R	-1.928
ap_rst_n	o_gmem_m_axi_U/bus_write/wreq_throttle/req_fifo/mOutPtr_reg[2]/R	-1.928
ap_rst_n	o_gmem_m_axi_U/bus_write/wreq_throttle/req_fifo/mOutPtr_reg[3]/R	-1.928
ap_rst_n	control_s_axi_U/int_o_address_reg[7]/R	-1.927
ap_rst_n	control_s_axi_U/int_v_address_reg[39]/R	-1.927
ap_rst_n	control_s_axi_U/int_o_address_reg[36]/R	-1.927
ap_rst_n	control_s_axi_U/int_o_address_reg[4]/R	-1.927
ap_rst_n	o_gmem_m_axi_U/bus_write/wreq_burst_conv/sect_addr_buf_reg[48]/R	-1.927
ap_rst_n	o_gmem_m_axi_U/bus_write/wreq_burst_conv/sect_addr_buf_reg[49]/R	-1.927
ap_rst_n	o_gmem_m_axi_U/store_unit_0/fifo_wrsp/raddr_reg[0]/R	-1.927
ap_rst_n	o_gmem_m_axi_U/store_unit_0/fifo_wrsp/raddr_reg[1]/R	-1.927
ap_rst_n	o_gmem_m_axi_U/store_unit_0/fifo_wrsp/raddr_reg[2]/R	-1.927
ap_rst_n	v_gmem_m_axi_U/load_unit_0/fifo_rreq/U_fifo_srl/dout_reg[39]/R	-1.927
ap_rst_n	v_gmem_m_axi_U/load_unit_0/tmp_addr_reg[55]/R	-1.927
ap_rst_n	o_gmem_m_axi_U/bus_write/wreq_burst_conv/start_addr_reg[20]/R	-1.927
ap_rst_n	o_gmem_m_axi_U/bus_write/wreq_burst_conv/start_addr_reg[21]/R	-1.927
ap_rst_n	o_gmem_m_axi_U/bus_write/wreq_burst_conv/start_addr_reg[40]/R	-1.927
ap_rst_n	o_gmem_m_axi_U/bus_write/wreq_burst_conv/start_addr_reg[41]/R	-1.927
ap_rst_n	control_s_axi_U/int_o_address_reg[11]/R	-1.926
ap_rst_n	control_s_axi_U/int_o_address_reg[15]/R	-1.926
ap_rst_n	control_s_axi_U/int_o_address_reg[17]/R	-1.926
ap_rst_n	control_s_axi_U/int_o_address_reg[9]/R	-1.926
ap_rst_n	control_s_axi_U/int_v_address_reg[38]/R	-1.926
ap_rst_n	control_s_axi_U/int_v_address_reg[41]/R	-1.926
ap_rst_n	control_s_axi_U/int_v_address_reg[43]/R	-1.926
ap_rst_n	control_s_axi_U/int_v_address_reg[47]/R	-1.926
ap_rst_n	control_s_axi_U/int_v_address_reg[49]/R	-1.926
ap_rst_n	control_s_axi_U/int_v_address_reg[6]/R	-1.926
ap_rst_n	grp_run_fu_161/grp_runController_fu_106/ap_CS_fsm_reg[1]/R	-1.926
ap_rst_n	grp_run_fu_161/grp_runController_fu_106/ap_CS_fsm_reg[2]/R	-1.926
ap_rst_n	grp_run_fu_161/grp_runController_fu_106/grp_runQueryTile_fu_142/gatherQueryTile_U0/grp_storeOutputTile_fu_118/ap_CS_fsm_reg[10]/R	-1.926
ap_rst_n	grp_run_fu_161/grp_runController_fu_106/grp_runQueryTile_fu_142/gatherQueryTile_U0/grp_storeOutputTile_fu_118/ap_CS_fsm_reg[11]/R	-1.926
ap_rst_n	grp_run_fu_161/grp_runController_fu_106/grp_runQueryTile_fu_142/gatherQueryTile_U0/grp_storeOutputTile_fu_118/ap_CS_fsm_reg[12]/R	-1.926
ap_rst_n	grp_run_fu_161/grp_runController_fu_106/grp_runQueryTile_fu_142/gatherQueryTile_U0/grp_storeOutputTile_fu_118/ap_CS_fsm_reg[5]/R	-1.926
ap_rst_n	grp_run_fu_161/grp_runController_fu_106/grp_runQueryTile_fu_142/gatherQueryTile_U0/grp_storeOutputTile_fu_118/ap_CS_fsm_reg[6]/R	-1.926
ap_rst_n	grp_run_fu_161/grp_runController_fu_106/grp_runQueryTile_fu_142/gatherQueryTile_U0/grp_storeOutputTile_fu_118/ap_CS_fsm_reg[7]/R	-1.926
ap_rst_n	grp_run_fu_161/grp_runController_fu_106/grp_runQueryTile_fu_142/gatherQueryTile_U0/grp_storeOutputTile_fu_118/ap_CS_fsm_reg[8]/R	-1.926
ap_rst_n	grp_run_fu_161/grp_runController_fu_106/grp_runQueryTile_fu_142/gatherQueryTile_U0/grp_storeOutputTile_fu_118/ap_CS_fsm_reg[9]/R	-1.926
ap_rst_n	grp_run_fu_161/grp_runController_fu_106/grp_runQueryTile_fu_142_ap_start_reg_reg/R	-1.926
ap_rst_n	o_gmem_m_axi_U/store_unit_0/tmp_addr_reg[34]/R	-1.926
ap_rst_n	control_s_axi_U/int_o_address_reg[14]/R	-1.926
ap_rst_n	control_s_axi_U/int_o_address_reg[16]/R	-1.926
ap_rst_n	control_s_axi_U/int_o_address_reg[24]/R	-1.926
ap_rst_n	control_s_axi_U/int_o_address_reg[26]/R	-1.926
ap_rst_n	control_s_axi_U/int_o_address_reg[46]/R	-1.926
ap_rst_n	control_s_axi_U/int_o_address_reg[48]/R	-1.926
ap_rst_n	control_s_axi_U/int_o_address_reg[56]/R	-1.926
ap_rst_n	control_s_axi_U/int_o_address_reg[58]/R	-1.926
ap_rst_n	control_s_axi_U/int_q_address_reg[0]/R	-1.926
ap_rst_n	control_s_axi_U/int_q_address_reg[32]/R	-1.926
ap_rst_n	o_gmem_m_axi_U/store_unit_0/fifo_wreq/U_fifo_srl/dout_reg[67]/R	-1.926
ap_rst_n	control_s_axi_U/int_o_address_reg[13]/R	-1.925
ap_rst_n	control_s_axi_U/int_o_address_reg[3]/R	-1.925
ap_rst_n	control_s_axi_U/int_v_address_reg[35]/R	-1.925
ap_rst_n	control_s_axi_U/int_v_address_reg[45]/R	-1.925
ap_rst_n	o_gmem_m_axi_U/bus_write/wreq_burst_conv/start_addr_reg[5]/R	-1.925
ap_rst_n	o_gmem_m_axi_U/bus_write/wreq_burst_conv/start_addr_reg[8]/R	-1.925
ap_rst_n	o_gmem_m_axi_U/store_unit_0/fifo_wreq/U_fifo_srl/dout_reg[69]/R	-1.925
ap_rst_n	control_s_axi_U/int_v_address_reg[28]/R	-1.925
ap_rst_n	control_s_axi_U/int_v_address_reg[60]/R	-1.925
ap_rst_n	o_gmem_m_axi_U/bus_write/wreq_burst_conv/start_addr_reg[23]/R	-1.925
ap_rst_n	o_gmem_m_axi_U/store_unit_0/fifo_wreq/U_fifo_srl/dout_reg[35]/R	-1.925
ap_rst_n	o_gmem_m_axi_U/store_unit_0/tmp_addr_reg[36]/R	-1.925
ap_rst_n	control_s_axi_U/int_o_address_reg[39]/R	-1.924
ap_rst_n	control_s_axi_U/int_o_address_reg[43]/R	-1.924
ap_rst_n	control_s_axi_U/int_o_address_reg[47]/R	-1.924
ap_rst_n	control_s_axi_U/int_o_address_reg[49]/R	-1.924
ap_rst_n	control_s_axi_U/int_sequence_length_reg[11]/R	-1.924
ap_rst_n	control_s_axi_U/int_sequence_length_reg[15]/R	-1.924
ap_rst_n	control_s_axi_U/int_sequence_length_reg[17]/R	-1.924
ap_rst_n	control_s_axi_U/int_sequence_length_reg[7]/R	-1.924
ap_rst_n	control_s_axi_U/int_v_address_reg[36]/R	-1.924
ap_rst_n	control_s_axi_U/int_v_address_reg[4]/R	-1.924
ap_rst_n	o_gmem_m_axi_U/bus_write/fifo_burst/mOutPtr_reg[0]/R	-1.924
ap_rst_n	o_gmem_m_axi_U/bus_write/fifo_burst/mOutPtr_reg[1]/R	-1.924
ap_rst_n	o_gmem_m_axi_U/bus_write/fifo_burst/mOutPtr_reg[2]/R	-1.924
ap_rst_n	o_gmem_m_axi_U/bus_write/fifo_burst/mOutPtr_reg[3]/R	-1.924
ap_rst_n	o_gmem_m_axi_U/bus_write/wreq_burst_conv/sect_len_buf_reg[4]/R	-1.924
ap_rst_n	o_gmem_m_axi_U/bus_write/wreq_burst_conv/sect_len_buf_reg[5]/R	-1.924
ap_rst_n	grp_run_fu_161/grp_runController_fu_106/grp_runQueryTile_fu_142/o_address_c_U/full_n_reg/S	-1.924
ap_rst_n	o_gmem_m_axi_U/bus_write/wreq_burst_conv/sect_cnt_reg[12]/R	-1.924
ap_rst_n	o_gmem_m_axi_U/bus_write/wreq_burst_conv/sect_cnt_reg[13]/R	-1.924
ap_rst_n	o_gmem_m_axi_U/bus_write/wreq_burst_conv/sect_cnt_reg[18]/R	-1.924
ap_rst_n	o_gmem_m_axi_U/bus_write/wreq_burst_conv/sect_cnt_reg[19]/R	-1.924
ap_rst_n	o_gmem_m_axi_U/bus_write/wreq_burst_conv/sect_cnt_reg[4]/R	-1.924
ap_rst_n	o_gmem_m_axi_U/bus_write/wreq_burst_conv/sect_cnt_reg[5]/R	-1.924
ap_rst_n	o_gmem_m_axi_U/bus_write/wreq_burst_conv/sect_cnt_reg[6]/R	-1.924
ap_rst_n	o_gmem_m_axi_U/bus_write/wreq_burst_conv/sect_cnt_reg[7]/R	-1.924
ap_rst_n	o_gmem_m_axi_U/bus_write/wreq_burst_conv/start_addr_reg[10]/R	-1.924
ap_rst_n	o_gmem_m_axi_U/bus_write/wreq_burst_conv/start_addr_reg[3]/R	-1.924
ap_rst_n	o_gmem_m_axi_U/bus_write/wreq_burst_conv/start_addr_reg[4]/R	-1.924
ap_rst_n	o_gmem_m_axi_U/bus_write/wreq_burst_conv/start_addr_reg[9]/R	-1.924
ap_rst_n	o_gmem_m_axi_U/store_unit_0/fifo_wreq/U_fifo_srl/dout_reg[21]/R	-1.924
ap_rst_n	o_gmem_m_axi_U/store_unit_0/fifo_wreq/U_fifo_srl/dout_reg[30]/R	-1.924
ap_rst_n	o_gmem_m_axi_U/store_unit_0/fifo_wreq/U_fifo_srl/dout_reg[68]/R	-1.924
ap_rst_n	o_gmem_m_axi_U/store_unit_0/tmp_addr_reg[28]/R	-1.924
ap_rst_n	o_gmem_m_axi_U/store_unit_0/tmp_addr_reg[41]/R	-1.924
ap_rst_n	control_s_axi_U/int_o_address_reg[57]/R	-1.923
ap_rst_n	control_s_axi_U/int_sequence_length_reg[25]/R	-1.923
ap_rst_n	grp_run_fu_161/grp_runController_fu_106/grp_runQueryTile_fu_142/o_address_c_U/addr_reg[1]/R	-1.923
ap_rst_n	o_gmem_m_axi_U/bus_write/wreq_burst_conv/could_multi_bursts.len_buf_reg[2]/R	-1.923
ap_rst_n	o_gmem_m_axi_U/bus_write/wreq_burst_conv/end_from_4k_reg[8]/R	-1.923
ap_rst_n	o_gmem_m_axi_U/bus_write/wreq_burst_conv/start_addr_reg[7]/R	-1.923
ap_rst_n	o_gmem_m_axi_U/bus_write/wreq_burst_conv/start_to_4k_reg[4]/R	-1.923
ap_rst_n	o_gmem_m_axi_U/bus_write/wreq_burst_conv/start_to_4k_reg[8]/R	-1.923
ap_rst_n	o_gmem_m_axi_U/bus_write/wreq_throttle/req_fifo/empty_n_reg/R	-1.923
ap_rst_n	o_gmem_m_axi_U/store_unit_0/fifo_wreq/U_fifo_srl/dout_reg[17]/R	-1.923
ap_rst_n	o_gmem_m_axi_U/store_unit_0/tmp_addr_reg[29]/R	-1.923
ap_rst_n	o_gmem_m_axi_U/bus_write/wreq_burst_conv/last_sect_buf_reg/R	-1.923
ap_rst_n	o_gmem_m_axi_U/bus_write/wreq_burst_conv/start_addr_reg[16]/R	-1.923
ap_rst_n	o_gmem_m_axi_U/bus_write/wreq_burst_conv/start_addr_reg[17]/R	-1.923
ap_rst_n	o_gmem_m_axi_U/bus_write/wreq_burst_conv/start_addr_reg[18]/R	-1.923
ap_rst_n	o_gmem_m_axi_U/bus_write/wreq_burst_conv/start_addr_reg[19]/R	-1.923
ap_rst_n	o_gmem_m_axi_U/store_unit_0/fifo_wreq/U_fifo_srl/dout_reg[25]/R	-1.923
ap_rst_n	o_gmem_m_axi_U/store_unit_0/fifo_wreq/U_fifo_srl/dout_reg[46]/R	-1.923
ap_rst_n	o_gmem_m_axi_U/store_unit_0/fifo_wreq/U_fifo_srl/dout_reg[50]/R	-1.923
ap_rst_n	o_gmem_m_axi_U/store_unit_0/tmp_addr_reg[24]/R	-1.923
ap_rst_n	o_gmem_m_axi_U/store_unit_0/tmp_addr_reg[48]/R	-1.923
ap_rst_n	grp_run_fu_161/grp_runController_fu_106/grp_runQueryTile_fu_142/gatherQueryTile_U0/grp_storeOutputTile_fu_118/ap_CS_fsm_reg[2]/R	-1.922
ap_rst_n	o_gmem_m_axi_U/bus_write/fifo_resp/empty_n_reg/R	-1.922
ap_rst_n	grp_run_fu_161/grp_runController_fu_106/grp_runQueryTile_fu_142/o_address_c_U/addr_reg[0]/R	-1.922
ap_rst_n	o_gmem_m_axi_U/bus_write/wreq_burst_conv/beat_len_reg[0]/R	-1.922
ap_rst_n	o_gmem_m_axi_U/bus_write/wreq_burst_conv/beat_len_reg[3]/R	-1.922
ap_rst_n	o_gmem_m_axi_U/bus_write/wreq_burst_conv/beat_len_reg[4]/R	-1.922
ap_rst_n	o_gmem_m_axi_U/bus_write/wreq_burst_conv/beat_len_reg[5]/R	-1.922
ap_rst_n	o_gmem_m_axi_U/bus_write/wreq_burst_conv/beat_len_reg[6]/R	-1.922
ap_rst_n	o_gmem_m_axi_U/bus_write/wreq_burst_conv/beat_len_reg[7]/R	-1.922
ap_rst_n	o_gmem_m_axi_U/bus_write/wreq_burst_conv/beat_len_reg[8]/R	-1.922
ap_rst_n	o_gmem_m_axi_U/bus_write/wreq_burst_conv/start_addr_reg[22]/R	-1.922
ap_rst_n	o_gmem_m_axi_U/store_unit_0/fifo_wreq/U_fifo_srl/dout_reg[37]/R	-1.922
ap_rst_n	o_gmem_m_axi_U/store_unit_0/fifo_wreq/U_fifo_srl/dout_reg[38]/R	-1.922
ap_rst_n	o_gmem_m_axi_U/store_unit_0/tmp_addr_reg[16]/R	-1.922
ap_rst_n	control_s_axi_U/int_k_address_reg[0]/R	-1.921
ap_rst_n	control_s_axi_U/int_k_address_reg[32]/R	-1.921
ap_rst_n	control_s_axi_U/int_o_address_reg[21]/R	-1.921
ap_rst_n	control_s_axi_U/int_o_address_reg[31]/R	-1.921
ap_rst_n	control_s_axi_U/int_v_address_reg[53]/R	-1.921
ap_rst_n	control_s_axi_U/int_v_address_reg[63]/R	-1.921
ap_rst_n	o_gmem_m_axi_U/bus_write/wreq_burst_conv/could_multi_bursts.first_loop_reg/R	-1.921
ap_rst_n	o_gmem_m_axi_U/bus_write/wreq_burst_conv/could_multi_bursts.sect_handling_reg/R	-1.921
ap_rst_n	o_gmem_m_axi_U/bus_write/wreq_burst_conv/end_from_4k_reg[0]/R	-1.921
ap_rst_n	o_gmem_m_axi_U/bus_write/wreq_burst_conv/end_from_4k_reg[1]/R	-1.921
ap_rst_n	o_gmem_m_axi_U/bus_write/wreq_burst_conv/end_from_4k_reg[2]/R	-1.921
ap_rst_n	o_gmem_m_axi_U/bus_write/wreq_burst_conv/end_from_4k_reg[3]/R	-1.921
ap_rst_n	grp_run_fu_161/grp_runController_fu_106/grp_runQueryTile_fu_142/o_address_c_U/mOutPtr_reg[1]/R	-1.921
ap_rst_n	o_gmem_m_axi_U/bus_write/wreq_burst_conv/rs_req/FSM_sequential_state_reg[1]/R	-1.921
ap_rst_n	o_gmem_m_axi_U/bus_write/wreq_burst_conv/rs_req/s_ready_t_reg/R	-1.921
ap_rst_n	o_gmem_m_axi_U/bus_write/wreq_burst_conv/rs_req/state_reg[0]/R	-1.921
ap_rst_n	o_gmem_m_axi_U/bus_write/wreq_burst_conv/rs_req/state_reg[1]/S	-1.921
ap_rst_n	o_gmem_m_axi_U/store_unit_0/tmp_addr_reg[18]/R	-1.921
ap_rst_n	o_gmem_m_axi_U/store_unit_0/tmp_addr_reg[32]/R	-1.921
ap_rst_n	o_gmem_m_axi_U/store_unit_0/tmp_addr_reg[37]/R	-1.921
ap_rst_n	control_s_axi_U/int_o_address_reg[28]/R	-1.920
ap_rst_n	control_s_axi_U/int_o_address_reg[60]/R	-1.920
ap_rst_n	o_gmem_m_axi_U/bus_write/wreq_burst_conv/end_from_4k_reg[4]/R	-1.920
ap_rst_n	o_gmem_m_axi_U/bus_write/wreq_burst_conv/end_from_4k_reg[5]/R	-1.920
ap_rst_n	o_gmem_m_axi_U/bus_write/wreq_burst_conv/end_from_4k_reg[6]/R	-1.920
ap_rst_n	o_gmem_m_axi_U/bus_write/wreq_burst_conv/end_from_4k_reg[7]/R	-1.920
ap_rst_n	o_gmem_m_axi_U/bus_write/wreq_burst_conv/sect_len_buf_reg[1]/R	-1.920
ap_rst_n	o_gmem_m_axi_U/bus_write/wreq_burst_conv/sect_len_buf_reg[2]/R	-1.920
ap_rst_n	o_gmem_m_axi_U/bus_write/wreq_burst_conv/start_addr_reg[12]/R	-1.920
ap_rst_n	o_gmem_m_axi_U/bus_write/wreq_burst_conv/start_addr_reg[13]/R	-1.920
ap_rst_n	o_gmem_m_axi_U/bus_write/wreq_burst_conv/start_addr_reg[14]/R	-1.920
ap_rst_n	o_gmem_m_axi_U/bus_write/wreq_burst_conv/start_addr_reg[27]/R	-1.920
ap_rst_n	o_gmem_m_axi_U/store_unit_0/fifo_wreq/U_fifo_srl/dout_reg[16]/R	-1.920
ap_rst_n	o_gmem_m_axi_U/store_unit_0/tmp_addr_reg[3]/R	-1.920
ap_rst_n	grp_run_fu_161/grp_runController_fu_106/grp_runQueryTile_fu_142/gatherQueryTile_U0/ap_CS_fsm_reg[0]/S	-1.920
ap_rst_n	grp_run_fu_161/grp_runController_fu_106/grp_runQueryTile_fu_142/gatherQueryTile_U0/grp_storeOutputTile_fu_118/ap_CS_fsm_reg[0]/S	-1.920
ap_rst_n	grp_run_fu_161/grp_runController_fu_106/grp_runQueryTile_fu_142/o_address_c_U/mOutPtr_reg[0]/R	-1.920
ap_rst_n	grp_run_fu_161/grp_runController_fu_106/grp_runQueryTile_fu_142/o_address_c_U/mOutPtr_reg[2]/R	-1.920
ap_rst_n	o_gmem_m_axi_U/store_unit_0/tmp_addr_reg[33]/R	-1.920
ap_rst_n	o_gmem_m_axi_U/store_unit_0/tmp_addr_reg[40]/R	-1.920
ap_rst_n	o_gmem_m_axi_U/bus_write/wreq_burst_conv/rs_req/FSM_sequential_state_reg[0]/R	-1.919
ap_rst_n	o_gmem_m_axi_U/bus_write/wreq_burst_conv/sect_addr_buf_reg[30]/R	-1.919
ap_rst_n	o_gmem_m_axi_U/bus_write/wreq_burst_conv/sect_addr_buf_reg[31]/R	-1.919
ap_rst_n	o_gmem_m_axi_U/bus_write/wreq_burst_conv/beat_len_reg[1]/R	-1.919
ap_rst_n	o_gmem_m_axi_U/bus_write/wreq_burst_conv/beat_len_reg[2]/R	-1.919
ap_rst_n	o_gmem_m_axi_U/bus_write/wreq_burst_conv/could_multi_bursts.addr_step_reg[4]/R	-1.919
ap_rst_n	o_gmem_m_axi_U/bus_write/wreq_burst_conv/start_addr_reg[11]/R	-1.919
ap_rst_n	o_gmem_m_axi_U/bus_write/wreq_burst_conv/start_addr_reg[6]/R	-1.919
ap_rst_n	o_gmem_m_axi_U/bus_write/wreq_burst_conv/start_to_4k_reg[0]/R	-1.919
ap_rst_n	o_gmem_m_axi_U/bus_write/wreq_burst_conv/start_to_4k_reg[3]/R	-1.919
m_axi_o_gmem_AWREADY	o_gmem_m_axi_U/bus_write/wreq_throttle/rs_req/state_reg[0]/D	-1.919
ap_rst_n	o_gmem_m_axi_U/store_unit_0/fifo_wreq/U_fifo_srl/dout_reg[0]/R	-1.919
ap_rst_n	o_gmem_m_axi_U/store_unit_0/fifo_wreq/U_fifo_srl/dout_reg[18]/R	-1.919
ap_rst_n	o_gmem_m_axi_U/store_unit_0/tmp_addr_reg[15]/R	-1.919
ap_rst_n	o_gmem_m_axi_U/store_unit_0/tmp_addr_reg[21]/R	-1.919
ap_rst_n	o_gmem_m_axi_U/bus_write/wreq_burst_conv/sect_cnt_reg[8]/R	-1.918
ap_rst_n	o_gmem_m_axi_U/bus_write/wreq_burst_conv/sect_cnt_reg[9]/R	-1.918
ap_rst_n	o_gmem_m_axi_U/bus_write/wreq_burst_conv/start_addr_reg[24]/R	-1.918
ap_rst_n	o_gmem_m_axi_U/bus_write/wreq_burst_conv/start_addr_reg[25]/R	-1.918
ap_rst_n	o_gmem_m_axi_U/bus_write/wreq_burst_conv/start_addr_reg[26]/R	-1.918
ap_rst_n	o_gmem_m_axi_U/bus_write/wreq_burst_conv/start_addr_reg[31]/R	-1.918
ap_rst_n	o_gmem_m_axi_U/store_unit_0/fifo_wreq/U_fifo_srl/dout_reg[12]/R	-1.918
ap_rst_n	o_gmem_m_axi_U/store_unit_0/fifo_wreq/U_fifo_srl/dout_reg[32]/R	-1.918
ap_rst_n	o_gmem_m_axi_U/store_unit_0/fifo_wreq/U_fifo_srl/dout_reg[45]/R	-1.918
ap_rst_n	o_gmem_m_axi_U/store_unit_0/tmp_addr_reg[27]/R	-1.918
ap_rst_n	control_s_axi_U/FSM_onehot_wstate_reg[2]/R	-1.918
ap_rst_n	o_gmem_m_axi_U/bus_write/wreq_burst_conv/start_to_4k_reg[5]/R	-1.917
ap_rst_n	o_gmem_m_axi_U/bus_write/wreq_burst_conv/start_to_4k_reg[6]/R	-1.917
ap_rst_n	o_gmem_m_axi_U/bus_write/wreq_burst_conv/start_to_4k_reg[7]/R	-1.917
ap_rst_n	control_s_axi_U/int_o_address_reg[18]/R	-1.916
ap_rst_n	control_s_axi_U/int_o_address_reg[50]/R	-1.916
ap_rst_n	o_gmem_m_axi_U/bus_write/wreq_burst_conv/req_handling_reg/R	-1.916
ap_rst_n	o_gmem_m_axi_U/bus_write/wreq_burst_conv/start_addr_reg[15]/R	-1.916
ap_rst_n	o_gmem_m_axi_U/store_unit_0/fifo_wreq/U_fifo_srl/dout_reg[55]/R	-1.916
ap_rst_n	o_gmem_m_axi_U/store_unit_0/tmp_addr_reg[58]/R	-1.916
ap_rst_n	o_gmem_m_axi_U/store_unit_0/tmp_valid_reg/R	-1.916
ap_rst_n	o_gmem_m_axi_U/bus_write/wreq_burst_conv/could_multi_bursts.last_loop_reg/R	-1.915
ap_rst_n	o_gmem_m_axi_U/bus_write/wreq_burst_conv/could_multi_bursts.loop_cnt_reg[0]/R	-1.915
ap_rst_n	o_gmem_m_axi_U/bus_write/wreq_burst_conv/could_multi_bursts.loop_cnt_reg[1]/R	-1.915
ap_rst_n	o_gmem_m_axi_U/bus_write/wreq_burst_conv/could_multi_bursts.loop_cnt_reg[2]/R	-1.915
ap_rst_n	grp_run_fu_161/grp_runController_fu_106/grp_runQueryTile_fu_142/start_for_gatherQueryTile_U0_U/empty_n_reg/R	-1.915
ap_rst_n	grp_run_fu_161/grp_runController_fu_106/grp_runQueryTile_fu_142/start_for_gatherQueryTile_U0_U/full_n_reg/S	-1.915
ap_rst_n	o_gmem_m_axi_U/bus_write/wreq_burst_conv/sect_len_buf_reg[0]/R	-1.914
ap_rst_n	o_gmem_m_axi_U/bus_write/wreq_burst_conv/sect_len_buf_reg[3]/R	-1.914
ap_rst_n	o_gmem_m_axi_U/store_unit_0/fifo_wreq/U_fifo_srl/dout_reg[13]/R	-1.914
ap_rst_n	o_gmem_m_axi_U/store_unit_0/fifo_wreq/U_fifo_srl/dout_reg[19]/R	-1.914
ap_rst_n	o_gmem_m_axi_U/store_unit_0/fifo_wreq/U_fifo_srl/dout_reg[20]/R	-1.914
ap_rst_n	o_gmem_m_axi_U/store_unit_0/tmp_addr_reg[23]/R	-1.914
ap_rst_n	o_gmem_m_axi_U/store_unit_0/tmp_addr_reg[25]/R	-1.914
m_axi_o_gmem_AWREADY	o_gmem_m_axi_U/bus_write/wreq_throttle/rs_req/FSM_sequential_state_reg[1]/D	-1.914
ap_rst_n	control_s_axi_U/FSM_onehot_wstate_reg[1]/R	-1.913
ap_rst_n	o_gmem_m_axi_U/store_unit_0/fifo_wreq/U_fifo_srl/dout_reg[11]/R	-1.913
ap_rst_n	o_gmem_m_axi_U/store_unit_0/fifo_wreq/U_fifo_srl/dout_reg[22]/R	-1.913
ap_rst_n	o_gmem_m_axi_U/store_unit_0/tmp_addr_reg[14]/R	-1.913
ap_rst_n	o_gmem_m_axi_U/store_unit_0/tmp_addr_reg[19]/R	-1.913
ap_rst_n	o_gmem_m_axi_U/store_unit_0/tmp_addr_reg[20]/R	-1.913
ap_rst_n	o_gmem_m_axi_U/store_unit_0/tmp_addr_reg[22]/R	-1.913
ap_rst_n	o_gmem_m_axi_U/store_unit_0/fifo_wreq/U_fifo_srl/dout_reg[26]/R	-1.912
ap_rst_n	o_gmem_m_axi_U/bus_write/wreq_burst_conv/start_to_4k_reg[1]/R	-1.911
ap_rst_n	o_gmem_m_axi_U/bus_write/wreq_burst_conv/start_to_4k_reg[2]/R	-1.911
ap_rst_n	o_gmem_m_axi_U/store_unit_0/fifo_wreq/U_fifo_srl/dout_reg[29]/R	-1.911
s_axi_control_WSTRB[0]	control_s_axi_U/int_causal_reg[0]/D	-1.910
ap_rst_n	o_gmem_m_axi_U/store_unit_0/fifo_wreq/U_fifo_srl/dout_reg[15]/R	-1.907
s_axi_control_WDATA[0]	control_s_axi_U/int_isr_reg[0]/D	-1.904
s_axi_control_WDATA[1]	control_s_axi_U/int_isr_reg[1]/D	-1.904
s_axi_control_ARADDR[1]	control_s_axi_U/rdata_reg[1]/D	-0.450
ap_rst_n	o_gmem_m_axi_U/bus_write/wreq_throttle/data_fifo/full_n_reg/D	-0.383
ap_rst_n	grp_run_fu_161/grp_runController_fu_106/grp_runQueryTile_fu_142/runQueryBlock_0_U0/grp_runQueryBlock_0_Outline_VITIS_LOOP_116_5_fu_148/grp_runQueryBlock_0_Pipeline_VITIS_LOOP_366_33_fu_738/ap_enable_reg_pp0_iter1_reg/R	-0.306
ap_rst_n	grp_run_fu_161/grp_runController_fu_106/grp_runQueryTile_fu_142/runQueryBlock_0_U0/grp_runQueryBlock_0_Outline_VITIS_LOOP_116_5_fu_148/grp_runQueryBlock_0_Pipeline_VITIS_LOOP_366_33_fu_738/ap_enable_reg_pp0_iter2_reg/R	-0.306
s_axi_control_WDATA[7]	control_s_axi_U/int_auto_restart_reg/D	-0.263
ap_rst_n	grp_run_fu_161/grp_runController_fu_106/grp_runQueryTile_fu_142/runQueryBlock_1_U0/grp_reciprocalColumns_fu_181/grp_reciprocalColumns_Pipeline_VITIS_LOOP_369_1_fu_102/flow_control_loop_pipe_sequential_init_U/ap_loop_init_int_reg/D	-0.225
m_axi_v_gmem_RVALID	v_gmem_m_axi_U/bus_read/rs_rdata/data_p2_reg[45]/CE	-0.213
m_axi_v_gmem_RVALID	v_gmem_m_axi_U/bus_read/rs_rdata/data_p2_reg[47]/CE	-0.213
s_axi_control_ARADDR[4]	control_s_axi_U/rdata_reg[21]/D	-0.213
s_axi_control_ARADDR[4]	control_s_axi_U/rdata_reg[6]/D	-0.212
ap_rst_n	grp_run_fu_161/grp_runController_fu_106/grp_runQueryTile_fu_142/runQueryBlock_1_U0/grp_runQueryBlock_1_Outline_VITIS_LOOP_116_5_fu_152/grp_runQueryBlock_1_Pipeline_VITIS_LOOP_366_33_fu_738/flow_control_loop_pipe_sequential_init_U/ap_loop_init_int_reg/D	-0.211
ap_rst_n	grp_run_fu_161/grp_runController_fu_106/grp_runQueryTile_fu_142/runQueryBlock_0_U0/grp_runQueryBlock_0_Outline_VITIS_LOOP_116_5_fu_148/grp_runQueryBlock_0_Pipeline_VITIS_LOOP_187_122_fu_549/flow_control_loop_pipe_sequential_init_U/ap_loop_init_int_reg/D	-0.203
ap_rst_n	grp_run_fu_161/grp_runController_fu_106/grp_runQueryTile_fu_142/runQueryBlock_1_U0/grp_runQueryBlock_1_Outline_VITIS_LOOP_116_5_fu_152/grp_runQueryBlock_1_Pipeline_VITIS_LOOP_366_33_fu_738/ap_enable_reg_pp0_iter1_reg/R	-0.203
ap_rst_n	grp_run_fu_161/grp_runController_fu_106/grp_runQueryTile_fu_142/runQueryBlock_1_U0/grp_runQueryBlock_1_Outline_VITIS_LOOP_116_5_fu_152/grp_runQueryBlock_1_Pipeline_VITIS_LOOP_366_33_fu_738/ap_enable_reg_pp0_iter2_reg/R	-0.203
ap_rst_n	o_gmem_m_axi_U/bus_write/data_buf_reg[14]/R	-0.202
ap_rst_n	o_gmem_m_axi_U/bus_write/data_buf_reg[28]/R	-0.202
ap_rst_n	o_gmem_m_axi_U/bus_write/data_buf_reg[33]/R	-0.202
ap_rst_n	o_gmem_m_axi_U/bus_write/data_buf_reg[40]/R	-0.202
ap_rst_n	o_gmem_m_axi_U/bus_write/data_buf_reg[46]/R	-0.202
ap_rst_n	o_gmem_m_axi_U/bus_write/data_buf_reg[55]/R	-0.202
ap_rst_n	o_gmem_m_axi_U/bus_write/data_buf_reg[62]/R	-0.202
ap_rst_n	o_gmem_m_axi_U/bus_write/strb_buf_reg[4]/R	-0.202
s_axi_control_ARADDR[4]	control_s_axi_U/rdata_reg[24]/D	-0.201
s_axi_control_WDATA[0]	control_s_axi_U/int_gie_reg/D	-0.199
ap_rst_n	grp_run_fu_161/grp_runController_fu_106/grp_runQueryTile_fu_142/runQueryBlock_0_U0/grp_runQueryBlock_0_Outline_VITIS_LOOP_116_5_fu_148/grp_runQueryBlock_0_Pipeline_VITIS_LOOP_366_33_fu_738/flow_control_loop_pipe_sequential_init_U/ap_loop_init_int_reg/D	-0.198
ap_rst_n	grp_run_fu_161/grp_runController_fu_106/grp_runQueryTile_fu_142/runQueryBlock_1_U0/grp_runQueryBlock_1_Pipeline_2_fu_140/flow_control_loop_pipe_sequential_init_U/ap_loop_init_int_reg/D	-0.196
ap_rst_n	grp_run_fu_161/grp_runController_fu_106/grp_runQueryTile_fu_142/runQueryBlock_1_U0/grp_runQueryBlock_1_Outline_VITIS_LOOP_116_5_fu_152/grp_runQueryBlock_1_Pipeline_VITIS_LOOP_187_121_fu_549/flow_control_loop_pipe_sequential_init_U/ap_done_cache_reg/D	-0.196
ap_rst_n	grp_run_fu_161/grp_runController_fu_106/grp_runQueryTile_fu_142/runQueryBlock_0_U0/grp_runQueryBlock_0_Outline_VITIS_LOOP_116_5_fu_148/grp_runQueryBlock_0_Pipeline_VITIS_LOOP_297_25_fu_668/flow_control_loop_pipe_sequential_init_U/ap_loop_init_int_reg/D	-0.194
s_axi_control_ARADDR[4]	control_s_axi_U/rdata_reg[8]/D	-0.194
s_axi_control_ARADDR[4]	control_s_axi_U/rdata_reg[30]/D	-0.191
ap_rst_n	grp_run_fu_161/grp_runController_fu_106/grp_runQueryTile_fu_142/runQueryBlock_1_U0/grp_runQueryBlock_1_Outline_VITIS_LOOP_116_5_fu_152/grp_runQueryBlock_1_Pipeline_VITIS_LOOP_239_15_fu_563/flow_control_loop_pipe_sequential_init_U/ap_loop_init_int_reg/D	-0.191
m_axi_v_gmem_RVALID	v_gmem_m_axi_U/bus_read/rs_rdata/data_p2_reg[2]/CE	-0.191
m_axi_v_gmem_RVALID	v_gmem_m_axi_U/bus_read/rs_rdata/data_p2_reg[4]/CE	-0.191
m_axi_v_gmem_RVALID	v_gmem_m_axi_U/bus_read/rs_rdata/data_p2_reg[6]/CE	-0.191
m_axi_v_gmem_RVALID	v_gmem_m_axi_U/bus_read/rs_rdata/data_p1_reg[45]/CE	-0.190
m_axi_v_gmem_RVALID	v_gmem_m_axi_U/bus_read/rs_rdata/data_p1_reg[47]/CE	-0.190
ap_rst_n	grp_run_fu_161/grp_runController_fu_106/grp_runQueryTile_fu_142/runQueryBlock_1_U0/grp_runQueryBlock_1_Outline_VITIS_LOOP_116_5_fu_152/grp_runQueryBlock_1_Pipeline_VITIS_LOOP_187_12_fu_535/flow_control_loop_pipe_sequential_init_U/ap_done_cache_reg/D	-0.189
s_axi_control_ARADDR[3]	control_s_axi_U/rdata_reg[14]/D	-0.188
ap_rst_n	grp_run_fu_161/grp_runController_fu_106/grp_runQueryTile_fu_142/gatherQueryTile_U0/grp_gatherQueryTile_Pipeline_VITIS_LOOP_523_1_VITIS_LOOP_524_2_fu_106/flow_control_loop_pipe_sequential_init_U/ap_loop_init_int_reg/D	-0.187
ap_rst_n	grp_run_fu_161/grp_runController_fu_106/grp_runQueryTile_fu_142/runQueryBlock_1_U0/grp_runQueryBlock_1_Outline_VITIS_LOOP_116_5_fu_152/grp_runQueryBlock_1_Pipeline_VITIS_LOOP_141_6_VITIS_LOOP_142_7_fu_478/ap_enable_reg_pp0_iter1_reg/D	-0.186
ap_rst_n	grp_run_fu_161/grp_runController_fu_106/grp_runQueryTile_fu_142/runQueryBlock_1_U0/grp_runQueryBlock_1_Outline_VITIS_LOOP_116_5_fu_152/grp_runQueryBlock_1_Pipeline_VITIS_LOOP_297_25_fu_668/flow_control_loop_pipe_sequential_init_U/ap_loop_init_int_reg/D	-0.185
ap_rst_n	k_gmem_m_axi_U/load_unit_0/buff_rdata/U_fifo_mem/mem_reg_bram_1/ENBWREN	-0.185
ap_rst_n	grp_run_fu_161/grp_runController_fu_106/grp_runQueryTile_fu_142/runQueryBlock_0_U0/grp_runQueryBlock_0_Pipeline_VITIS_LOOP_448_40_fu_183/flow_control_loop_pipe_sequential_init_U/ap_loop_init_int_reg/D	-0.184
ap_rst_n	grp_run_fu_161/grp_runController_fu_106/grp_runQueryTile_fu_142/runQueryBlock_0_U0/grp_runQueryBlock_0_Pipeline_VITIS_LOOP_471_43_VITIS_LOOP_472_44_fu_197/flow_control_loop_pipe_sequential_init_U/ap_loop_init_int_reg/D	-0.184
ap_rst_n	grp_run_fu_161/grp_runController_fu_106/grp_runQueryTile_fu_142/runQueryBlock_1_U0/grp_runQueryBlock_1_Outline_VITIS_LOOP_116_5_fu_152/grp_runQueryBlock_1_Pipeline_VITIS_LOOP_109_1_VITIS_LOOP_110_2_fu_500/flow_control_loop_pipe_sequential_init_U/ap_loop_init_int_reg/D	-0.184
ap_rst_n	o_gmem_m_axi_U/bus_write/data_buf_reg[26]/R	-0.182
ap_rst_n	o_gmem_m_axi_U/bus_write/data_buf_reg[2]/R	-0.182
ap_rst_n	o_gmem_m_axi_U/bus_write/data_buf_reg[44]/R	-0.182
ap_rst_n	o_gmem_m_axi_U/bus_write/data_buf_reg[4]/R	-0.182
ap_rst_n	o_gmem_m_axi_U/bus_write/data_buf_reg[6]/R	-0.182
ap_rst_n	o_gmem_m_axi_U/bus_write/data_buf_reg[8]/R	-0.182
ap_rst_n	grp_run_fu_161/grp_runController_fu_106/grp_runQueryTile_fu_142/runQueryBlock_0_U0/grp_runQueryBlock_0_Pipeline_2_fu_136/flow_control_loop_pipe_sequential_init_U/ap_done_cache_reg/D	-0.179
s_axi_control_WSTRB[0]	control_s_axi_U/int_ier_reg[0]/CE	-0.178
s_axi_control_WSTRB[0]	control_s_axi_U/int_ier_reg[1]/CE	-0.178
s_axi_control_ARADDR[4]	control_s_axi_U/rdata_reg[16]/D	-0.178
s_axi_control_ARADDR[4]	control_s_axi_U/rdata_reg[31]/D	-0.176
s_axi_control_ARADDR[4]	control_s_axi_U/rdata_reg[18]/D	-0.176
ap_rst_n	grp_run_fu_161/grp_runController_fu_106/grp_runQueryTile_fu_142/runQueryBlock_0_U0/grp_runQueryBlock_0_Pipeline_2_fu_136/flow_control_loop_pipe_sequential_init_U/ap_loop_init_int_reg/D	-0.176
ap_rst_n	grp_run_fu_161/grp_runController_fu_106/grp_runQueryTile_fu_142/runQueryBlock_1_U0/grp_runQueryBlock_1_Outline_VITIS_LOOP_116_5_fu_152/grp_runQueryBlock_1_Pipeline_VITIS_LOOP_141_6_VITIS_LOOP_142_7_fu_478/flow_control_loop_pipe_sequential_init_U/ap_loop_init_int_reg/D	-0.174
ap_rst_n	grp_run_fu_161/grp_runController_fu_106/grp_runQueryTile_fu_142/runQueryBlock_1_U0/grp_reciprocalColumns_fu_181/grp_reciprocalColumns_Pipeline_VITIS_LOOP_369_13_fu_125/flow_control_loop_pipe_sequential_init_U/ap_done_cache_reg/D	-0.174
ap_rst_n	grp_run_fu_161/grp_runController_fu_106/grp_runQueryTile_fu_142/runQueryBlock_1_U0/grp_runQueryBlock_1_Pipeline_13_fu_146/flow_control_loop_pipe_sequential_init_U/ap_done_cache_reg/D	-0.173
ap_rst_n	grp_run_fu_161/grp_runController_fu_106/grp_runQueryTile_fu_142/runQueryBlock_1_U0/grp_runQueryBlock_1_Outline_VITIS_LOOP_116_5_fu_152/grp_runQueryBlock_1_Pipeline_VITIS_LOOP_239_15_fu_563/flow_control_loop_pipe_sequential_init_U/ap_done_cache_reg/D	-0.170
ap_rst_n	o_gmem_m_axi_U/bus_write/data_buf_reg[2]/CE	-0.168
ap_rst_n	o_gmem_m_axi_U/bus_write/data_buf_reg[4]/CE	-0.168
ap_rst_n	o_gmem_m_axi_U/bus_write/data_buf_reg[8]/CE	-0.168
ap_rst_n	grp_run_fu_161/grp_runController_fu_106/grp_runQueryTile_fu_142/runQueryBlock_1_U0/grp_runQueryBlock_1_Pipeline_VITIS_LOOP_448_40_fu_187/flow_control_loop_pipe_sequential_init_U/ap_done_cache_reg/D	-0.168
ap_rst_n	o_gmem_m_axi_U/bus_write/data_buf_reg[26]/CE	-0.167
ap_rst_n	o_gmem_m_axi_U/bus_write/data_buf_reg[44]/CE	-0.167
ap_rst_n	o_gmem_m_axi_U/bus_write/data_buf_reg[6]/CE	-0.167
m_axi_k_gmem_ARREADY	k_gmem_m_axi_U/bus_read/rreq_burst_conv/could_multi_bursts.loop_cnt_reg[2]/CE	-0.166
m_axi_v_gmem_RVALID	v_gmem_m_axi_U/bus_read/rs_rdata/data_p2_reg[37]/CE	-0.165
m_axi_v_gmem_RVALID	v_gmem_m_axi_U/bus_read/rs_rdata/data_p2_reg[41]/CE	-0.165
m_axi_v_gmem_RVALID	v_gmem_m_axi_U/bus_read/rs_rdata/data_p2_reg[55]/CE	-0.165
m_axi_v_gmem_RVALID	v_gmem_m_axi_U/bus_read/rs_rdata/data_p2_reg[59]/CE	-0.165
ap_rst_n	grp_run_fu_161/grp_runController_fu_106/grp_runQueryTile_fu_142/runQueryBlock_1_U0/grp_runQueryBlock_1_Outline_VITIS_LOOP_116_5_fu_152/grp_runQueryBlock_1_Pipeline_VITIS_LOOP_187_121_fu_549/flow_control_loop_pipe_sequential_init_U/ap_loop_init_int_reg/D	-0.165
ap_rst_n	grp_run_fu_161/grp_runController_fu_106/grp_runQueryTile_fu_142/runQueryBlock_0_U0/grp_runQueryBlock_0_Pipeline_13_fu_142/flow_control_loop_pipe_sequential_init_U/ap_loop_init_int_reg/D	-0.164
s_axi_control_ARADDR[3]	control_s_axi_U/rdata_reg[17]/D	-0.163
ap_rst_n	grp_run_fu_161/grp_runController_fu_106/grp_runQueryTile_fu_142/runQueryBlock_0_U0/grp_runQueryBlock_0_Pipeline_VITIS_LOOP_89_1_VITIS_LOOP_90_2_fu_126/flow_control_loop_pipe_sequential_init_U/ap_done_cache_reg/D	-0.163
m_axi_v_gmem_RVALID	v_gmem_m_axi_U/bus_read/rs_rdata/data_p2_reg[39]/CE	-0.162
m_axi_v_gmem_RVALID	v_gmem_m_axi_U/bus_read/rs_rdata/data_p2_reg[43]/CE	-0.162
m_axi_v_gmem_RVALID	v_gmem_m_axi_U/bus_read/rs_rdata/data_p2_reg[46]/CE	-0.162
m_axi_v_gmem_RVALID	v_gmem_m_axi_U/bus_read/rs_rdata/data_p2_reg[53]/CE	-0.162
ap_rst_n	o_gmem_m_axi_U/bus_write/data_buf_reg[19]/CE	-0.162
ap_rst_n	o_gmem_m_axi_U/bus_write/data_buf_reg[59]/CE	-0.162
ap_rst_n	o_gmem_m_axi_U/bus_write/data_buf_reg[18]/CE	-0.161
ap_rst_n	o_gmem_m_axi_U/bus_write/data_buf_reg[24]/CE	-0.161
ap_rst_n	o_gmem_m_axi_U/bus_write/data_buf_reg[34]/CE	-0.161
ap_rst_n	o_gmem_m_axi_U/bus_write/data_buf_reg[52]/CE	-0.161
ap_rst_n	o_gmem_m_axi_U/bus_write/data_buf_reg[22]/CE	-0.161
ap_rst_n	o_gmem_m_axi_U/bus_write/data_buf_reg[32]/CE	-0.161
ap_rst_n	o_gmem_m_axi_U/bus_write/data_buf_reg[38]/CE	-0.161
ap_rst_n	o_gmem_m_axi_U/bus_write/data_buf_reg[54]/CE	-0.161
ap_rst_n	grp_run_fu_161/grp_runController_fu_106/grp_runQueryTile_fu_142/runQueryBlock_0_U0/grp_runQueryBlock_0_Outline_VITIS_LOOP_116_5_fu_148/grp_runQueryBlock_0_Pipeline_VITIS_LOOP_239_15_fu_563/flow_control_loop_pipe_sequential_init_U/ap_done_cache_reg/D	-0.161
s_axi_control_ARADDR[3]	control_s_axi_U/rdata_reg[0]/D	-0.160
ap_rst_n	grp_run_fu_161/grp_runController_fu_106/grp_runQueryTile_fu_142/runQueryBlock_0_U0/grp_reciprocalColumns_fu_177/grp_reciprocalColumns_Pipeline_VITIS_LOOP_369_1_fu_102/flow_control_loop_pipe_sequential_init_U/ap_loop_init_int_reg/D	-0.159
s_axi_control_ARADDR[4]	control_s_axi_U/rdata_reg[12]/D	-0.158
s_axi_control_ARADDR[4]	control_s_axi_U/rdata_reg[26]/D	-0.158
ap_rst_n	k_gmem_m_axi_U/load_unit_0/buff_rdata/U_fifo_mem/mem_reg_bram_0/ENBWREN	-0.157
ap_rst_n	o_gmem_m_axi_U/bus_write/wreq_burst_conv/sect_addr_buf_reg[11]/R	-0.156
ap_rst_n	o_gmem_m_axi_U/bus_write/wreq_burst_conv/sect_addr_buf_reg[10]/R	-0.156
ap_rst_n	o_gmem_m_axi_U/bus_write/wreq_burst_conv/sect_addr_buf_reg[3]/R	-0.156
ap_rst_n	o_gmem_m_axi_U/bus_write/wreq_burst_conv/sect_addr_buf_reg[4]/R	-0.156
ap_rst_n	o_gmem_m_axi_U/bus_write/wreq_burst_conv/sect_addr_buf_reg[7]/R	-0.156
ap_rst_n	o_gmem_m_axi_U/bus_write/wreq_burst_conv/sect_addr_buf_reg[8]/R	-0.156
ap_rst_n	o_gmem_m_axi_U/bus_write/wreq_burst_conv/sect_addr_buf_reg[9]/R	-0.156
ap_rst_n	grp_run_fu_161/grp_runController_fu_106/grp_runQueryTile_fu_142/distributeQueryTile_U0/grp_distributeQueryTile_Pipeline_VITIS_LOOP_486_1_VITIS_LOOP_487_2_fu_208/flow_control_loop_pipe_sequential_init_U/ap_loop_init_int_reg/D	-0.154
ap_rst_n	o_gmem_m_axi_U/bus_write/fifo_burst/full_n_reg/D	-0.154
ap_rst_n	o_gmem_m_axi_U/bus_write/strb_buf_reg[7]/CE	-0.153
s_axi_control_ARADDR[4]	control_s_axi_U/rdata_reg[29]/D	-0.153
ap_rst_n	o_gmem_m_axi_U/bus_write/data_buf_reg[13]/CE	-0.153
ap_rst_n	o_gmem_m_axi_U/bus_write/data_buf_reg[21]/CE	-0.153
ap_rst_n	o_gmem_m_axi_U/bus_write/data_buf_reg[47]/CE	-0.153
ap_rst_n	o_gmem_m_axi_U/bus_write/data_buf_reg[51]/CE	-0.153
ap_rst_n	o_gmem_m_axi_U/bus_write/data_buf_reg[57]/CE	-0.153
ap_rst_n	o_gmem_m_axi_U/bus_write/data_buf_reg[5]/CE	-0.153
ap_rst_n	o_gmem_m_axi_U/bus_write/strb_buf_reg[1]/CE	-0.153
ap_rst_n	o_gmem_m_axi_U/bus_write/strb_buf_reg[5]/CE	-0.153
ap_rst_n	grp_run_fu_161/grp_runController_fu_106/grp_runQueryTile_fu_142/runQueryBlock_1_U0/grp_runQueryBlock_1_Outline_VITIS_LOOP_116_5_fu_152/grp_runQueryBlock_1_Pipeline_VITIS_LOOP_162_1_fu_724/flow_control_loop_pipe_sequential_init_U/ap_loop_init_int_reg/D	-0.152
ap_rst_n	grp_run_fu_161/grp_runController_fu_106/grp_runQueryTile_fu_142/runQueryBlock_0_U0/grp_runQueryBlock_0_Outline_VITIS_LOOP_116_5_fu_148/grp_runQueryBlock_0_Pipeline_VITIS_LOOP_187_12_fu_535/flow_control_loop_pipe_sequential_init_U/ap_loop_init_int_reg/D	-0.152
ap_rst_n	o_gmem_m_axi_U/bus_write/data_buf_reg[39]/CE	-0.151
ap_rst_n	o_gmem_m_axi_U/bus_write/data_buf_reg[29]/CE	-0.151
ap_rst_n	o_gmem_m_axi_U/bus_write/data_buf_reg[45]/CE	-0.151
ap_rst_n	grp_run_fu_161/grp_runController_fu_106/grp_runQueryTile_fu_142/runQueryBlock_1_U0/grp_runQueryBlock_1_Pipeline_2_fu_140/flow_control_loop_pipe_sequential_init_U/ap_done_cache_reg/D	-0.150
ap_rst_n	o_gmem_m_axi_U/bus_write/data_buf_reg[10]/CE	-0.148
ap_rst_n	o_gmem_m_axi_U/bus_write/data_buf_reg[49]/CE	-0.148
ap_rst_n	o_gmem_m_axi_U/bus_write/data_buf_reg[9]/CE	-0.148
ap_rst_n	o_gmem_m_axi_U/bus_write/strb_buf_reg[3]/CE	-0.148
ap_rst_n	o_gmem_m_axi_U/bus_write/data_buf_reg[12]/CE	-0.148
ap_rst_n	o_gmem_m_axi_U/bus_write/data_buf_reg[58]/CE	-0.148
ap_rst_n	o_gmem_m_axi_U/bus_write/strb_buf_reg[2]/CE	-0.148
ap_rst_n	o_gmem_m_axi_U/bus_write/strb_buf_reg[6]/CE	-0.148
ap_rst_n	grp_run_fu_161/grp_runController_fu_106/grp_runQueryTile_fu_142/runQueryBlock_1_U0/grp_reciprocalColumns_fu_181/grp_reciprocalColumns_Pipeline_VITIS_LOOP_369_13_fu_125/flow_control_loop_pipe_sequential_init_U/ap_loop_init_int_reg/D	-0.147
ap_rst_n	o_gmem_m_axi_U/store_unit_0/buff_wdata/U_fifo_mem/mem_reg/ENARDEN	-0.146
ap_rst_n	o_gmem_m_axi_U/bus_write/data_buf_reg[18]/R	-0.146
ap_rst_n	o_gmem_m_axi_U/bus_write/data_buf_reg[22]/R	-0.146
ap_rst_n	o_gmem_m_axi_U/bus_write/data_buf_reg[24]/R	-0.146
ap_rst_n	o_gmem_m_axi_U/bus_write/data_buf_reg[32]/R	-0.146
ap_rst_n	o_gmem_m_axi_U/bus_write/data_buf_reg[34]/R	-0.146
ap_rst_n	o_gmem_m_axi_U/bus_write/data_buf_reg[38]/R	-0.146
ap_rst_n	o_gmem_m_axi_U/bus_write/data_buf_reg[52]/R	-0.146
ap_rst_n	o_gmem_m_axi_U/bus_write/data_buf_reg[54]/R	-0.146
ap_rst_n	grp_run_fu_161/grp_runController_fu_106/grp_runQueryTile_fu_142/runQueryBlock_0_U0/grp_runQueryBlock_0_Outline_VITIS_LOOP_116_5_fu_148/grp_runQueryBlock_0_Pipeline_VITIS_LOOP_162_1_fu_724/flow_control_loop_pipe_sequential_init_U/ap_loop_init_int_reg/D	-0.146
ap_rst_n	grp_run_fu_161/grp_runController_fu_106/grp_runQueryTile_fu_142/ap_sync_reg_distributeQueryTile_U0_ap_ready_reg/R	-0.145
ap_rst_n	grp_run_fu_161/grp_runController_fu_106/grp_runQueryTile_fu_142/ap_sync_reg_entry_proc_U0_ap_ready_reg/R	-0.145
ap_rst_n	grp_run_fu_161/grp_runController_fu_106/grp_runQueryTile_fu_142/runQueryBlock_1_U0/grp_runQueryBlock_1_Outline_VITIS_LOOP_116_5_fu_152/grp_runQueryBlock_1_Pipeline_VITIS_LOOP_162_1_fu_724/ap_enable_reg_pp0_iter0_reg_reg/D	-0.144
ap_rst_n	grp_run_fu_161/grp_runController_fu_106/grp_runQueryTile_fu_142/runQueryBlock_1_U0/grp_runQueryBlock_1_Pipeline_VITIS_LOOP_471_43_VITIS_LOOP_472_44_fu_201/flow_control_loop_pipe_sequential_init_U/ap_loop_init_int_reg/D	-0.144
ap_rst_n	o_gmem_m_axi_U/bus_write/data_buf_reg[61]/R	-0.143
ap_rst_n	o_gmem_m_axi_U/bus_write/data_buf_reg[7]/R	-0.143
ap_rst_n	grp_run_fu_161/grp_runController_fu_106/grp_runQueryTile_fu_142/runQueryBlock_0_U0/grp_runQueryBlock_0_Outline_VITIS_LOOP_116_5_fu_148/grp_runQueryBlock_0_Pipeline_VITIS_LOOP_239_15_fu_563/flow_control_loop_pipe_sequential_init_U/ap_loop_init_int_reg/D	-0.143
ap_rst_n	grp_run_fu_161/grp_runController_fu_106/grp_runQueryTile_fu_142/runQueryBlock_1_U0/grp_runQueryBlock_1_Outline_VITIS_LOOP_116_5_fu_152/grp_runQueryBlock_1_Pipeline_4_fu_474/flow_control_loop_pipe_sequential_init_U/ap_loop_init_int_reg/D	-0.142
ap_rst_n	grp_run_fu_161/grp_runController_fu_106/grp_runQueryTile_fu_142/runQueryBlock_0_U0/grp_runQueryBlock_0_Outline_VITIS_LOOP_116_5_fu_148/grp_runQueryBlock_0_Pipeline_VITIS_LOOP_109_1_VITIS_LOOP_110_2_fu_500/flow_control_loop_pipe_sequential_init_U/ap_done_cache_reg/D	-0.142
ap_rst_n	o_gmem_m_axi_U/bus_write/data_buf_reg[28]/CE	-0.141
ap_rst_n	o_gmem_m_axi_U/bus_write/data_buf_reg[40]/CE	-0.141
ap_rst_n	o_gmem_m_axi_U/bus_write/data_buf_reg[55]/CE	-0.141
ap_rst_n	o_gmem_m_axi_U/bus_write/strb_buf_reg[4]/CE	-0.141
ap_rst_n	o_gmem_m_axi_U/bus_write/data_buf_reg[0]/R	-0.141
ap_rst_n	o_gmem_m_axi_U/bus_write/data_buf_reg[16]/R	-0.141
ap_rst_n	o_gmem_m_axi_U/bus_write/data_buf_reg[20]/R	-0.141
ap_rst_n	o_gmem_m_axi_U/bus_write/data_buf_reg[36]/R	-0.141
ap_rst_n	o_gmem_m_axi_U/bus_write/data_buf_reg[48]/R	-0.141
ap_rst_n	o_gmem_m_axi_U/bus_write/data_buf_reg[50]/R	-0.141
ap_rst_n	o_gmem_m_axi_U/bus_write/data_buf_reg[56]/R	-0.141
ap_rst_n	o_gmem_m_axi_U/bus_write/strb_buf_reg[0]/R	-0.141
ap_rst_n	o_gmem_m_axi_U/bus_write/data_buf_reg[14]/CE	-0.140
ap_rst_n	o_gmem_m_axi_U/bus_write/data_buf_reg[33]/CE	-0.140
ap_rst_n	o_gmem_m_axi_U/bus_write/data_buf_reg[46]/CE	-0.140
ap_rst_n	o_gmem_m_axi_U/bus_write/data_buf_reg[62]/CE	-0.140
ap_rst_n	o_gmem_m_axi_U/bus_write/fifo_resp/full_n_reg/D	-0.140
ap_rst_n	grp_run_fu_161/grp_runController_fu_106/grp_runQueryTile_fu_142/runQueryBlock_0_U0/grp_runQueryBlock_0_Outline_VITIS_LOOP_116_5_fu_148/grp_runQueryBlock_0_Pipeline_VITIS_LOOP_366_33_fu_738/flow_control_loop_pipe_sequential_init_U/ap_done_cache_reg/D	-0.140
ap_rst_n	o_gmem_m_axi_U/bus_write/wreq_burst_conv/sect_addr_buf_reg[5]/R	-0.139
ap_rst_n	o_gmem_m_axi_U/bus_write/wreq_burst_conv/sect_addr_buf_reg[6]/R	-0.139
ap_rst_n	grp_run_fu_161/grp_runController_fu_106/grp_runQueryTile_fu_142/distributeQueryTile_U0/grp_distributeQueryTile_Pipeline_VITIS_LOOP_486_1_VITIS_LOOP_487_2_fu_208/flow_control_loop_pipe_sequential_init_U/ap_done_cache_reg/D	-0.138
ap_rst_n	grp_run_fu_161/grp_runController_fu_106/grp_runQueryTile_fu_142/runQueryBlock_0_U0/grp_runQueryBlock_0_Outline_VITIS_LOOP_116_5_fu_148/grp_runQueryBlock_0_Pipeline_VITIS_LOOP_187_12_fu_535/flow_control_loop_pipe_sequential_init_U/ap_done_cache_reg/D	-0.137
s_axi_control_ARADDR[4]	control_s_axi_U/rdata_reg[5]/D	-0.137
ap_rst_n	grp_run_fu_161/grp_runController_fu_106/grp_runQueryTile_fu_142/gatherQueryTile_U0/grp_storeOutputTile_fu_118/grp_storeOutputTile_Pipeline_VITIS_LOOP_76_1_fu_89/flow_control_loop_pipe_sequential_init_U/ap_done_cache_reg/D	-0.136
m_axi_k_gmem_ARREADY	k_gmem_m_axi_U/bus_read/rreq_burst_conv/could_multi_bursts.first_loop_reg/CE	-0.135
m_axi_v_gmem_RVALID	v_gmem_m_axi_U/bus_read/rs_rdata/data_p2_reg[21]/CE	-0.134
m_axi_v_gmem_RVALID	v_gmem_m_axi_U/bus_read/rs_rdata/data_p2_reg[26]/CE	-0.134
m_axi_v_gmem_RVALID	v_gmem_m_axi_U/bus_read/rs_rdata/data_p2_reg[3]/CE	-0.134
m_axi_v_gmem_RVALID	v_gmem_m_axi_U/bus_read/rs_rdata/data_p2_reg[8]/CE	-0.134
s_axi_control_ARADDR[3]	control_s_axi_U/rdata_reg[4]/D	-0.134
ap_rst_n	grp_run_fu_161/grp_runController_fu_106/grp_runQueryTile_fu_142/runQueryBlock_0_U0/grp_runQueryBlock_0_Outline_VITIS_LOOP_116_5_fu_148/grp_runQueryBlock_0_Pipeline_VITIS_LOOP_141_6_VITIS_LOOP_142_7_fu_478/flow_control_loop_pipe_sequential_init_U/ap_done_cache_reg/D	-0.134
ap_rst_n	grp_run_fu_161/grp_runController_fu_106/grp_runQueryTile_fu_142/runQueryBlock_0_U0/grp_runQueryBlock_0_Pipeline_VITIS_LOOP_471_43_VITIS_LOOP_472_44_fu_197/flow_control_loop_pipe_sequential_init_U/ap_done_cache_reg/D	-0.134
ap_rst_n	grp_run_fu_161/grp_runController_fu_106/grp_runQueryTile_fu_142/runQueryBlock_1_U0/grp_runQueryBlock_1_Pipeline_VITIS_LOOP_89_1_VITIS_LOOP_90_2_fu_130/flow_control_loop_pipe_sequential_init_U/ap_done_cache_reg/D	-0.133
ap_rst_n	grp_run_fu_161/grp_runController_fu_106/grp_runQueryTile_fu_142/runQueryBlock_1_U0/grp_runQueryBlock_1_Pipeline_VITIS_LOOP_89_1_VITIS_LOOP_90_2_fu_130/flow_control_loop_pipe_sequential_init_U/ap_loop_init_int_reg/D	-0.133
m_axi_v_gmem_RVALID	v_gmem_m_axi_U/bus_read/rs_rdata/data_p2_reg[19]/CE	-0.132
m_axi_v_gmem_RVALID	v_gmem_m_axi_U/bus_read/rs_rdata/data_p2_reg[20]/CE	-0.132
m_axi_v_gmem_RVALID	v_gmem_m_axi_U/bus_read/rs_rdata/data_p2_reg[33]/CE	-0.132
m_axi_v_gmem_RVALID	v_gmem_m_axi_U/bus_read/rs_rdata/data_p2_reg[35]/CE	-0.132
m_axi_k_gmem_ARREADY	k_gmem_m_axi_U/bus_read/rreq_burst_conv/could_multi_bursts.addr_buf_reg[51]/CE	-0.132
m_axi_k_gmem_ARREADY	k_gmem_m_axi_U/bus_read/rreq_burst_conv/could_multi_bursts.addr_buf_reg[52]/CE	-0.132
m_axi_k_gmem_ARREADY	k_gmem_m_axi_U/bus_read/rreq_burst_conv/could_multi_bursts.addr_buf_reg[53]/CE	-0.132
m_axi_k_gmem_ARREADY	k_gmem_m_axi_U/bus_read/rreq_burst_conv/could_multi_bursts.addr_buf_reg[54]/CE	-0.132
ap_rst_n	grp_run_fu_161/grp_runController_fu_106/grp_runQueryTile_fu_142/runQueryBlock_0_U0/grp_runQueryBlock_0_Outline_VITIS_LOOP_116_5_fu_148/grp_runQueryBlock_0_Pipeline_VITIS_LOOP_297_25_fu_668/flow_control_loop_pipe_sequential_init_U/ap_done_cache_reg/D	-0.131
ap_rst_n	grp_run_fu_161/grp_runController_fu_106/grp_runQueryTile_fu_142/runQueryBlock_0_U0/grp_runQueryBlock_0_Pipeline_13_fu_142/flow_control_loop_pipe_sequential_init_U/ap_done_cache_reg/D	-0.130
ap_rst_n	o_gmem_m_axi_U/bus_write/data_buf_reg[0]/CE	-0.129
ap_rst_n	o_gmem_m_axi_U/bus_write/data_buf_reg[20]/CE	-0.129
ap_rst_n	o_gmem_m_axi_U/bus_write/data_buf_reg[48]/CE	-0.129
ap_rst_n	o_gmem_m_axi_U/bus_write/data_buf_reg[56]/CE	-0.129
ap_rst_n	o_gmem_m_axi_U/bus_write/data_buf_reg[16]/CE	-0.129
ap_rst_n	o_gmem_m_axi_U/bus_write/data_buf_reg[36]/CE	-0.129
ap_rst_n	o_gmem_m_axi_U/bus_write/data_buf_reg[50]/CE	-0.129
ap_rst_n	o_gmem_m_axi_U/bus_write/strb_buf_reg[0]/CE	-0.129
s_axi_control_ARADDR[4]	control_s_axi_U/rdata_reg[20]/D	-0.127
ap_rst_n	grp_run_fu_161/grp_runController_fu_106/grp_runQueryTile_fu_142/runQueryBlock_1_U0/grp_runQueryBlock_1_Pipeline_13_fu_146/flow_control_loop_pipe_sequential_init_U/ap_loop_init_int_reg/D	-0.127
s_axi_control_ARADDR[3]	control_s_axi_U/rdata_reg[23]/D	-0.127
ap_rst_n	grp_run_fu_161/grp_runController_fu_106/grp_runQueryTile_fu_142/gatherQueryTile_U0/grp_gatherQueryTile_Pipeline_VITIS_LOOP_523_1_VITIS_LOOP_524_2_fu_106/flow_control_loop_pipe_sequential_init_U/ap_done_cache_reg/D	-0.126
ap_rst_n	k_gmem_m_axi_U/bus_read/rreq_burst_conv/sect_addr_buf_reg[7]/R	-0.126
ap_rst_n	k_gmem_m_axi_U/bus_read/rreq_burst_conv/sect_addr_buf_reg[8]/R	-0.126
s_axi_control_ARADDR[4]	control_s_axi_U/rdata_reg[13]/D	-0.124
ap_rst_n	grp_run_fu_161/grp_runController_fu_106/grp_runQueryTile_fu_142/distributeQueryTile_U0/grp_distributeQueryTile_Pipeline_VITIS_LOOP_498_3_VITIS_LOOP_503_4_VITIS_LOOP_504_5_fu_220/ap_enable_reg_pp0_iter1_reg/R	-0.124
ap_rst_n	grp_run_fu_161/grp_runController_fu_106/grp_runQueryTile_fu_142/distributeQueryTile_U0/grp_distributeQueryTile_Pipeline_VITIS_LOOP_498_3_VITIS_LOOP_503_4_VITIS_LOOP_504_5_fu_220/ap_enable_reg_pp0_iter2_reg/R	-0.124
ap_rst_n	grp_run_fu_161/grp_runController_fu_106/grp_runQueryTile_fu_142/runQueryBlock_1_U0/grp_runQueryBlock_1_Outline_VITIS_LOOP_116_5_fu_152/grp_runQueryBlock_1_Pipeline_VITIS_LOOP_109_1_VITIS_LOOP_110_2_fu_500/flow_control_loop_pipe_sequential_init_U/ap_done_cache_reg/D	-0.124
ap_rst_n	grp_run_fu_161/grp_runController_fu_106/grp_runQueryTile_fu_142/runQueryBlock_0_U0/grp_runQueryBlock_0_Outline_VITIS_LOOP_116_5_fu_148/grp_runQueryBlock_0_Pipeline_VITIS_LOOP_141_6_VITIS_LOOP_142_7_fu_478/ap_enable_reg_pp0_iter1_reg/D	-0.124
m_axi_v_gmem_RVALID	v_gmem_m_axi_U/bus_read/rs_rdata/data_p2_reg[36]/CE	-0.124
m_axi_v_gmem_RVALID	v_gmem_m_axi_U/bus_read/rs_rdata/data_p2_reg[38]/CE	-0.124
m_axi_v_gmem_RVALID	v_gmem_m_axi_U/bus_read/rs_rdata/data_p2_reg[54]/CE	-0.124
m_axi_v_gmem_RVALID	v_gmem_m_axi_U/bus_read/rs_rdata/data_p2_reg[58]/CE	-0.124
m_axi_k_gmem_ARREADY	k_gmem_m_axi_U/bus_read/rreq_burst_conv/could_multi_bursts.last_loop_reg/CE	-0.123
ap_rst_n	v_gmem_m_axi_U/bus_read/rreq_burst_conv/sect_addr_buf_reg[3]/R	-0.122
ap_rst_n	v_gmem_m_axi_U/bus_read/rreq_burst_conv/sect_addr_buf_reg[4]/R	-0.122
ap_rst_n	v_gmem_m_axi_U/bus_read/rreq_burst_conv/sect_addr_buf_reg[5]/R	-0.122
ap_rst_n	v_gmem_m_axi_U/bus_read/rreq_burst_conv/sect_addr_buf_reg[6]/R	-0.122
m_axi_q_gmem_RVALID	q_gmem_m_axi_U/bus_read/rs_rdata/data_p1_reg[64]/CE	-0.121
m_axi_v_gmem_RVALID	v_gmem_m_axi_U/bus_read/rs_rdata/data_p2_reg[40]/CE	-0.121
m_axi_v_gmem_RVALID	v_gmem_m_axi_U/bus_read/rs_rdata/data_p2_reg[42]/CE	-0.121
m_axi_v_gmem_RVALID	v_gmem_m_axi_U/bus_read/rs_rdata/data_p2_reg[48]/CE	-0.121
m_axi_v_gmem_RVALID	v_gmem_m_axi_U/bus_read/rs_rdata/data_p1_reg[2]/CE	-0.118
m_axi_v_gmem_RVALID	v_gmem_m_axi_U/bus_read/rs_rdata/data_p1_reg[4]/CE	-0.118
m_axi_v_gmem_RVALID	v_gmem_m_axi_U/bus_read/rs_rdata/data_p1_reg[6]/CE	-0.118
s_axi_control_AWVALID	control_s_axi_U/waddr_reg[6]/CE	-0.118
ap_rst_n	v_gmem_m_axi_U/bus_read/rreq_burst_conv/sect_addr_buf_reg[10]/R	-0.118
ap_rst_n	v_gmem_m_axi_U/bus_read/rreq_burst_conv/sect_addr_buf_reg[11]/R	-0.118
ap_rst_n	v_gmem_m_axi_U/bus_read/rreq_burst_conv/sect_addr_buf_reg[7]/R	-0.118
ap_rst_n	v_gmem_m_axi_U/bus_read/rreq_burst_conv/sect_addr_buf_reg[8]/R	-0.118
ap_rst_n	v_gmem_m_axi_U/bus_read/rreq_burst_conv/sect_addr_buf_reg[9]/R	-0.118
ap_rst_n	grp_run_fu_161/grp_runController_fu_106/grp_runQueryTile_fu_142/runQueryBlock_0_U0/grp_runQueryBlock_0_Outline_VITIS_LOOP_116_5_fu_148/grp_runQueryBlock_0_Pipeline_4_fu_474/flow_control_loop_pipe_sequential_init_U/ap_loop_init_int_reg/D	-0.118
ap_rst_n	o_gmem_m_axi_U/bus_write/data_buf_reg[61]/CE	-0.118
ap_rst_n	o_gmem_m_axi_U/bus_write/data_buf_reg[7]/CE	-0.118
ap_rst_n	grp_run_fu_161/grp_runController_fu_106/grp_runQueryTile_fu_142/runQueryBlock_0_U0/grp_runQueryBlock_0_Pipeline_VITIS_LOOP_448_40_fu_183/flow_control_loop_pipe_sequential_init_U/ap_done_cache_reg/D	-0.117
ap_rst_n	grp_run_fu_161/grp_runController_fu_106/grp_runQueryTile_fu_142/runQueryBlock_1_U0/grp_runQueryBlock_1_Outline_VITIS_LOOP_116_5_fu_152/grp_runQueryBlock_1_Pipeline_VITIS_LOOP_187_12_fu_535/flow_control_loop_pipe_sequential_init_U/ap_loop_init_int_reg/D	-0.116
m_axi_k_gmem_ARREADY	k_gmem_m_axi_U/bus_read/rreq_burst_conv/could_multi_bursts.loop_cnt_reg[0]/CE	-0.115
m_axi_k_gmem_ARREADY	k_gmem_m_axi_U/bus_read/rreq_burst_conv/could_multi_bursts.loop_cnt_reg[1]/CE	-0.115
m_axi_o_gmem_AWREADY	o_gmem_m_axi_U/bus_write/wreq_throttle/rs_req/data_p1_reg[23]/CE	-0.113
m_axi_o_gmem_AWREADY	o_gmem_m_axi_U/bus_write/wreq_throttle/rs_req/data_p1_reg[29]/CE	-0.113
s_axi_control_ARADDR[3]	control_s_axi_U/rdata_reg[19]/D	-0.112
ap_rst_n	grp_run_fu_161/grp_runController_fu_106/grp_runQueryTile_fu_142/gatherQueryTile_U0/grp_storeOutputTile_fu_118/grp_storeOutputTile_Pipeline_VITIS_LOOP_76_1_fu_89/ap_enable_reg_pp0_iter1_reg/D	-0.112
ap_rst_n	o_gmem_m_axi_U/bus_write/data_buf_reg[35]/CE	-0.112
ap_rst_n	o_gmem_m_axi_U/bus_write/data_buf_reg[53]/CE	-0.112
s_axi_control_ARADDR[3]	control_s_axi_U/rdata_reg[15]/D	-0.111
s_axi_control_ARADDR[3]	control_s_axi_U/rdata_reg[28]/D	-0.111
ap_rst_n	o_gmem_m_axi_U/bus_write/data_buf_reg[25]/CE	-0.111
ap_rst_n	o_gmem_m_axi_U/bus_write/data_buf_reg[43]/CE	-0.111
ap_rst_n	o_gmem_m_axi_U/bus_write/data_buf_reg[63]/CE	-0.111
m_axi_k_gmem_ARREADY	k_gmem_m_axi_U/bus_read/rreq_burst_conv/could_multi_bursts.addr_buf_reg[19]/CE	-0.111
m_axi_k_gmem_ARREADY	k_gmem_m_axi_U/bus_read/rreq_burst_conv/could_multi_bursts.addr_buf_reg[20]/CE	-0.111
m_axi_k_gmem_ARREADY	k_gmem_m_axi_U/bus_read/rreq_burst_conv/could_multi_bursts.addr_buf_reg[21]/CE	-0.111
m_axi_k_gmem_ARREADY	k_gmem_m_axi_U/bus_read/rreq_burst_conv/could_multi_bursts.addr_buf_reg[22]/CE	-0.111
m_axi_o_gmem_WREADY	o_gmem_m_axi_U/bus_write/wreq_throttle/flying_req_reg/D	-0.109
ap_rst_n	grp_run_fu_161/grp_runController_fu_106/grp_runQueryTile_fu_142/runQueryBlock_0_U0/grp_runQueryBlock_0_Outline_VITIS_LOOP_116_5_fu_148/grp_runQueryBlock_0_Pipeline_VITIS_LOOP_141_6_VITIS_LOOP_142_7_fu_478/flow_control_loop_pipe_sequential_init_U/ap_loop_init_int_reg/D	-0.108
ap_rst_n	grp_run_fu_161/grp_runController_fu_106/grp_runQueryTile_fu_142/runQueryBlock_1_U0/grp_runQueryBlock_1_Outline_VITIS_LOOP_116_5_fu_152/grp_runQueryBlock_1_Pipeline_VITIS_LOOP_366_33_fu_738/flow_control_loop_pipe_sequential_init_U/ap_done_cache_reg/D	-0.107
ap_rst_n	grp_run_fu_161/grp_runController_fu_106/grp_runQueryTile_fu_142/runQueryBlock_1_U0/grp_runQueryBlock_1_Pipeline_VITIS_LOOP_471_43_VITIS_LOOP_472_44_fu_201/flow_control_loop_pipe_sequential_init_U/ap_done_cache_reg/D	-0.107
ap_rst_n	o_gmem_m_axi_U/bus_write/data_buf_reg[10]/R	-0.107
ap_rst_n	o_gmem_m_axi_U/bus_write/data_buf_reg[12]/R	-0.107
ap_rst_n	o_gmem_m_axi_U/bus_write/data_buf_reg[49]/R	-0.107
ap_rst_n	o_gmem_m_axi_U/bus_write/data_buf_reg[58]/R	-0.107
ap_rst_n	o_gmem_m_axi_U/bus_write/data_buf_reg[9]/R	-0.107
ap_rst_n	o_gmem_m_axi_U/bus_write/strb_buf_reg[2]/R	-0.107
ap_rst_n	o_gmem_m_axi_U/bus_write/strb_buf_reg[3]/R	-0.107
ap_rst_n	o_gmem_m_axi_U/bus_write/strb_buf_reg[6]/R	-0.107
m_axi_k_gmem_ARREADY	k_gmem_m_axi_U/bus_read/rreq_burst_conv/could_multi_bursts.addr_buf_reg[63]/CE	-0.106
ap_rst_n	grp_run_fu_161/grp_runController_fu_106/grp_runQueryTile_fu_142/runQueryBlock_0_U0/grp_runQueryBlock_0_Outline_VITIS_LOOP_116_5_fu_148/grp_runQueryBlock_0_Pipeline_VITIS_LOOP_109_1_VITIS_LOOP_110_2_fu_500/flow_control_loop_pipe_sequential_init_U/ap_loop_init_int_reg/D	-0.106
m_axi_o_gmem_AWREADY	o_gmem_m_axi_U/bus_write/wreq_throttle/rs_req/data_p1_reg[38]/CE	-0.106
m_axi_o_gmem_AWREADY	o_gmem_m_axi_U/bus_write/wreq_throttle/rs_req/data_p1_reg[49]/CE	-0.106
ap_rst_n	k_gmem_m_axi_U/bus_read/rreq_burst_conv/sect_addr_buf_reg[11]/R	-0.105
ap_rst_n	k_gmem_m_axi_U/bus_read/rreq_burst_conv/sect_addr_buf_reg[10]/R	-0.105
ap_rst_n	k_gmem_m_axi_U/bus_read/rreq_burst_conv/sect_addr_buf_reg[3]/R	-0.105
ap_rst_n	k_gmem_m_axi_U/bus_read/rreq_burst_conv/sect_addr_buf_reg[4]/R	-0.105
ap_rst_n	k_gmem_m_axi_U/bus_read/rreq_burst_conv/sect_addr_buf_reg[5]/R	-0.105
ap_rst_n	k_gmem_m_axi_U/bus_read/rreq_burst_conv/sect_addr_buf_reg[6]/R	-0.105
ap_rst_n	k_gmem_m_axi_U/bus_read/rreq_burst_conv/sect_addr_buf_reg[9]/R	-0.105
s_axi_control_ARADDR[3]	control_s_axi_U/rdata_reg[25]/D	-0.105
ap_rst_n	grp_run_fu_161/grp_runController_fu_106/grp_runQueryTile_fu_142/runQueryBlock_0_U0/grp_runQueryBlock_0_Outline_VITIS_LOOP_116_5_fu_148/grp_runQueryBlock_0_Pipeline_VITIS_LOOP_162_1_fu_724/flow_control_loop_pipe_sequential_init_U/ap_done_cache_reg/D	-0.105
m_axi_v_gmem_RVALID	v_gmem_m_axi_U/bus_read/rs_rdata/data_p2_reg[14]/CE	-0.104
m_axi_v_gmem_RVALID	v_gmem_m_axi_U/bus_read/rs_rdata/data_p2_reg[23]/CE	-0.104
m_axi_v_gmem_RVALID	v_gmem_m_axi_U/bus_read/rs_rdata/data_p2_reg[49]/CE	-0.104
m_axi_v_gmem_RVALID	v_gmem_m_axi_U/bus_read/rs_rdata/data_p2_reg[61]/CE	-0.104
m_axi_k_gmem_ARREADY	k_gmem_m_axi_U/bus_read/rreq_burst_conv/could_multi_bursts.addr_buf_reg[59]/CE	-0.103
m_axi_k_gmem_ARREADY	k_gmem_m_axi_U/bus_read/rreq_burst_conv/could_multi_bursts.addr_buf_reg[60]/CE	-0.103
m_axi_k_gmem_ARREADY	k_gmem_m_axi_U/bus_read/rreq_burst_conv/could_multi_bursts.addr_buf_reg[61]/CE	-0.103
m_axi_k_gmem_ARREADY	k_gmem_m_axi_U/bus_read/rreq_burst_conv/could_multi_bursts.addr_buf_reg[62]/CE	-0.103
ap_rst_n	o_gmem_m_axi_U/bus_write/data_buf_reg[15]/CE	-0.103
m_axi_v_gmem_RVALID	v_gmem_m_axi_U/bus_read/rs_rdata/data_p2_reg[11]/CE	-0.102
m_axi_v_gmem_RVALID	v_gmem_m_axi_U/bus_read/rs_rdata/data_p2_reg[13]/CE	-0.102
m_axi_v_gmem_RVALID	v_gmem_m_axi_U/bus_read/rs_rdata/data_p2_reg[15]/CE	-0.102
m_axi_v_gmem_RVALID	v_gmem_m_axi_U/bus_read/rs_rdata/data_p2_reg[9]/CE	-0.102
m_axi_o_gmem_AWREADY	o_gmem_m_axi_U/bus_write/wreq_throttle/rs_req/data_p1_reg[32]/CE	-0.102
m_axi_o_gmem_WREADY	o_gmem_m_axi_U/bus_write/wreq_throttle/last_cnt_reg[1]/D	-0.102
ap_rst_n	o_gmem_m_axi_U/bus_write/data_buf_reg[11]/CE	-0.102
ap_rst_n	grp_run_fu_161/grp_runController_fu_106/grp_runQueryTile_fu_142/runQueryBlock_0_U0/grp_runQueryBlock_0_Outline_VITIS_LOOP_116_5_fu_148/grp_runQueryBlock_0_Pipeline_4_fu_474/flow_control_loop_pipe_sequential_init_U/ap_done_cache_reg/D	-0.102
ap_rst_n	grp_run_fu_161/grp_runController_fu_106/grp_runQueryTile_fu_142/gatherQueryTile_U0/grp_storeOutputTile_fu_118/grp_storeOutputTile_Pipeline_VITIS_LOOP_76_1_fu_89/flow_control_loop_pipe_sequential_init_U/ap_loop_init_int_reg/D	-0.099
m_axi_o_gmem_AWREADY	o_gmem_m_axi_U/bus_write/wreq_throttle/rs_req/data_p1_reg[47]/CE	-0.098
ap_rst_n	grp_run_fu_161/grp_runController_fu_106/grp_runQueryTile_fu_142/runQueryBlock_0_U0/grp_reciprocalColumns_fu_177/grp_reciprocalColumns_Pipeline_VITIS_LOOP_369_13_fu_125/flow_control_loop_pipe_sequential_init_U/ap_done_cache_reg/D	-0.096
m_axi_v_gmem_ARREADY	v_gmem_m_axi_U/bus_read/rreq_burst_conv/could_multi_bursts.first_loop_reg/CE	-0.095
m_axi_o_gmem_AWREADY	o_gmem_m_axi_U/bus_write/wreq_throttle/rs_req/data_p1_reg[27]/CE	-0.095
m_axi_o_gmem_AWREADY	o_gmem_m_axi_U/bus_write/wreq_throttle/rs_req/data_p1_reg[54]/CE	-0.095
m_axi_o_gmem_AWREADY	o_gmem_m_axi_U/bus_write/wreq_throttle/rs_req/data_p1_reg[67]/CE	-0.095
m_axi_o_gmem_AWREADY	o_gmem_m_axi_U/bus_write/wreq_throttle/rs_req/data_p1_reg[68]/CE	-0.095
ap_rst_n	grp_run_fu_161/grp_runController_fu_106/grp_runQueryTile_fu_142/runQueryBlock_0_U0/grp_runQueryBlock_0_Outline_VITIS_LOOP_116_5_fu_148/grp_runQueryBlock_0_Pipeline_VITIS_LOOP_187_122_fu_549/flow_control_loop_pipe_sequential_init_U/ap_done_cache_reg/D	-0.095
ap_rst_n	o_gmem_m_axi_U/bus_write/data_buf_reg[11]/R	-0.094
ap_rst_n	o_gmem_m_axi_U/bus_write/data_buf_reg[15]/R	-0.094
ap_rst_n	o_gmem_m_axi_U/bus_write/data_buf_reg[29]/R	-0.092
ap_rst_n	o_gmem_m_axi_U/bus_write/data_buf_reg[39]/R	-0.092
ap_rst_n	o_gmem_m_axi_U/bus_write/data_buf_reg[45]/R	-0.092
s_axi_control_ARADDR[3]	control_s_axi_U/rdata_reg[11]/D	-0.091
s_axi_control_ARADDR[3]	control_s_axi_U/rdata_reg[22]/D	-0.090
s_axi_control_WVALID	control_s_axi_U/FSM_onehot_wstate_reg[2]/D	-0.089
ap_rst_n	grp_run_fu_161/grp_runController_fu_106/grp_runQueryTile_fu_142/gatherQueryTile_U0/ap_done_reg_reg/D	-0.088
m_axi_o_gmem_AWREADY	o_gmem_m_axi_U/bus_write/wreq_throttle/rs_req/data_p1_reg[13]/CE	-0.088
m_axi_o_gmem_AWREADY	o_gmem_m_axi_U/bus_write/wreq_throttle/rs_req/data_p1_reg[6]/CE	-0.088
m_axi_q_gmem_RVALID	q_gmem_m_axi_U/bus_read/rs_rdata/data_p2_reg[64]/CE	-0.088
m_axi_o_gmem_WREADY	o_gmem_m_axi_U/bus_write/wreq_throttle/last_cnt_reg[2]/D	-0.086
m_axi_k_gmem_ARREADY	k_gmem_m_axi_U/bus_read/rreq_burst_conv/could_multi_bursts.addr_buf_reg[31]/CE	-0.086
m_axi_k_gmem_ARREADY	k_gmem_m_axi_U/bus_read/rreq_burst_conv/could_multi_bursts.addr_buf_reg[32]/CE	-0.086
m_axi_k_gmem_ARREADY	k_gmem_m_axi_U/bus_read/rreq_burst_conv/could_multi_bursts.addr_buf_reg[33]/CE	-0.086
m_axi_k_gmem_ARREADY	k_gmem_m_axi_U/bus_read/rreq_burst_conv/could_multi_bursts.addr_buf_reg[34]/CE	-0.086
m_axi_v_gmem_RVALID	v_gmem_m_axi_U/bus_read/rs_rdata/data_p1_reg[44]/CE	-0.085
m_axi_v_gmem_RVALID	v_gmem_m_axi_U/bus_read/rs_rdata/data_p1_reg[50]/CE	-0.085
m_axi_v_gmem_RVALID	v_gmem_m_axi_U/bus_read/rs_rdata/data_p1_reg[60]/CE	-0.085
m_axi_v_gmem_RVALID	v_gmem_m_axi_U/bus_read/rs_rdata/data_p1_reg[62]/CE	-0.085
ap_rst_n	grp_run_fu_161/grp_runController_fu_106/grp_runQueryTile_fu_142/distributeQueryTile_U0/grp_distributeQueryTile_Pipeline_VITIS_LOOP_498_3_VITIS_LOOP_503_4_VITIS_LOOP_504_5_fu_220/flow_control_loop_pipe_sequential_init_U/ap_done_cache_reg/D	-0.084
m_axi_k_gmem_RVALID	k_gmem_m_axi_U/bus_read/rs_rdata/data_p1_reg[41]/CE	-0.084
m_axi_k_gmem_RVALID	k_gmem_m_axi_U/bus_read/rs_rdata/data_p1_reg[53]/CE	-0.084
m_axi_k_gmem_RVALID	k_gmem_m_axi_U/bus_read/rs_rdata/data_p1_reg[55]/CE	-0.084
m_axi_v_gmem_RVALID	v_gmem_m_axi_U/bus_read/rs_rdata/data_p1_reg[39]/CE	-0.084
m_axi_v_gmem_RVALID	v_gmem_m_axi_U/bus_read/rs_rdata/data_p1_reg[43]/CE	-0.084
m_axi_v_gmem_RVALID	v_gmem_m_axi_U/bus_read/rs_rdata/data_p1_reg[46]/CE	-0.084
m_axi_v_gmem_RVALID	v_gmem_m_axi_U/bus_read/rs_rdata/data_p1_reg[53]/CE	-0.084
m_axi_o_gmem_WREADY	o_gmem_m_axi_U/bus_write/wreq_throttle/last_cnt_reg[1]/CE	-0.082
m_axi_o_gmem_WREADY	o_gmem_m_axi_U/bus_write/wreq_throttle/last_cnt_reg[2]/CE	-0.082
m_axi_o_gmem_WREADY	o_gmem_m_axi_U/bus_write/wreq_throttle/last_cnt_reg[3]/CE	-0.082
m_axi_o_gmem_WREADY	o_gmem_m_axi_U/bus_write/wreq_throttle/last_cnt_reg[4]/CE	-0.082
m_axi_v_gmem_RVALID	v_gmem_m_axi_U/bus_read/rs_rdata/data_p1_reg[63]/CE	-0.081
m_axi_o_gmem_AWREADY	o_gmem_m_axi_U/bus_write/wreq_throttle/rs_req/data_p1_reg[5]/CE	-0.081
m_axi_v_gmem_RVALID	v_gmem_m_axi_U/bus_read/rs_rdata/data_p1_reg[37]/CE	-0.081
m_axi_v_gmem_RVALID	v_gmem_m_axi_U/bus_read/rs_rdata/data_p1_reg[41]/CE	-0.081
m_axi_v_gmem_RVALID	v_gmem_m_axi_U/bus_read/rs_rdata/data_p1_reg[55]/CE	-0.081
m_axi_v_gmem_RVALID	v_gmem_m_axi_U/bus_read/rs_rdata/data_p1_reg[59]/CE	-0.081
ap_rst_n	grp_run_fu_161/grp_runController_fu_106/grp_runQueryTile_fu_142/runQueryBlock_0_U0/grp_runQueryBlock_0_Pipeline_VITIS_LOOP_89_1_VITIS_LOOP_90_2_fu_126/flow_control_loop_pipe_sequential_init_U/ap_loop_init_int_reg/D	-0.080
m_axi_q_gmem_ARREADY	q_gmem_m_axi_U/bus_read/rreq_burst_conv/could_multi_bursts.loop_cnt_reg[2]/CE	-0.079
m_axi_v_gmem_RVALID	v_gmem_m_axi_U/bus_read/rs_rdata/data_p1_reg[64]/CE	-0.077
m_axi_o_gmem_AWREADY	o_gmem_m_axi_U/bus_write/wreq_throttle/rs_req/data_p1_reg[19]/CE	-0.076
m_axi_o_gmem_AWREADY	o_gmem_m_axi_U/bus_write/wreq_throttle/rs_req/data_p1_reg[35]/CE	-0.076
m_axi_o_gmem_AWREADY	o_gmem_m_axi_U/bus_write/wreq_throttle/rs_req/data_p1_reg[43]/CE	-0.076
m_axi_o_gmem_AWREADY	o_gmem_m_axi_U/bus_write/wreq_throttle/rs_req/data_p1_reg[45]/CE	-0.076
m_axi_v_gmem_RVALID	v_gmem_m_axi_U/bus_read/rs_rdata/data_p1_reg[52]/CE	-0.076
m_axi_v_gmem_RVALID	v_gmem_m_axi_U/bus_read/rs_rdata/data_p1_reg[56]/CE	-0.076
m_axi_v_gmem_RVALID	v_gmem_m_axi_U/bus_read/rs_rdata/data_p1_reg[57]/CE	-0.076
s_axi_control_WVALID	control_s_axi_U/int_sequence_length_reg[25]/CE	-0.075
ap_rst_n	o_gmem_m_axi_U/bus_write/data_buf_reg[19]/R	-0.075
ap_rst_n	o_gmem_m_axi_U/bus_write/data_buf_reg[59]/R	-0.075
m_axi_q_gmem_RVALID	q_gmem_m_axi_U/bus_read/rs_rdata/data_p1_reg[17]/CE	-0.075
m_axi_q_gmem_RVALID	q_gmem_m_axi_U/bus_read/rs_rdata/data_p1_reg[19]/CE	-0.075
m_axi_q_gmem_RVALID	q_gmem_m_axi_U/bus_read/rs_rdata/data_p1_reg[27]/CE	-0.075
m_axi_q_gmem_RVALID	q_gmem_m_axi_U/bus_read/rs_rdata/data_p1_reg[7]/CE	-0.075
m_axi_q_gmem_ARREADY	q_gmem_m_axi_U/bus_read/rreq_burst_conv/could_multi_bursts.first_loop_reg/CE	-0.072
m_axi_q_gmem_ARREADY	q_gmem_m_axi_U/bus_read/rreq_burst_conv/could_multi_bursts.last_loop_reg/CE	-0.072
m_axi_q_gmem_ARREADY	q_gmem_m_axi_U/bus_read/rreq_burst_conv/could_multi_bursts.loop_cnt_reg[0]/CE	-0.072
m_axi_q_gmem_ARREADY	q_gmem_m_axi_U/bus_read/rreq_burst_conv/could_multi_bursts.loop_cnt_reg[1]/CE	-0.072
ap_rst_n	grp_run_fu_161/grp_runController_fu_106/grp_runQueryTile_fu_142/runQueryBlock_0_U0/grp_runQueryBlock_0_Pipeline_VITIS_LOOP_89_1_VITIS_LOOP_90_2_fu_126/ap_enable_reg_pp0_iter1_reg/D	-0.072
m_axi_o_gmem_AWREADY	o_gmem_m_axi_U/bus_write/wreq_throttle/rs_req/data_p1_reg[41]/CE	-0.072
m_axi_o_gmem_AWREADY	o_gmem_m_axi_U/bus_write/wreq_throttle/rs_req/data_p1_reg[64]/CE	-0.072
ap_rst_n	o_gmem_m_axi_U/bus_write/len_cnt_reg[0]/R	-0.071
ap_rst_n	o_gmem_m_axi_U/bus_write/len_cnt_reg[3]/R	-0.071
ap_rst_n	o_gmem_m_axi_U/bus_write/len_cnt_reg[4]/R	-0.071
ap_rst_n	o_gmem_m_axi_U/bus_write/len_cnt_reg[5]/R	-0.071
ap_rst_n	grp_run_fu_161/grp_runController_fu_106/ap_sync_reg_grp_runQueryTile_fu_142_ap_done_reg/R	-0.070
ap_rst_n	grp_run_fu_161/grp_runController_fu_106/ap_sync_reg_grp_runQueryTile_fu_142_ap_ready_reg/R	-0.070
m_axi_o_gmem_AWREADY	o_gmem_m_axi_U/bus_write/wreq_throttle/rs_req/data_p1_reg[40]/CE	-0.070
m_axi_o_gmem_AWREADY	o_gmem_m_axi_U/bus_write/wreq_throttle/rs_req/data_p1_reg[57]/CE	-0.070
m_axi_o_gmem_AWREADY	o_gmem_m_axi_U/bus_write/wreq_throttle/rs_req/data_p1_reg[58]/CE	-0.070
ap_rst_n	o_gmem_m_axi_U/bus_write/len_cnt_reg[1]/R	-0.070
ap_rst_n	o_gmem_m_axi_U/bus_write/len_cnt_reg[2]/R	-0.070
ap_rst_n	o_gmem_m_axi_U/bus_write/len_cnt_reg[6]/R	-0.070
ap_rst_n	o_gmem_m_axi_U/bus_write/len_cnt_reg[7]/R	-0.070
m_axi_o_gmem_WREADY	o_gmem_m_axi_U/bus_write/wreq_throttle/last_cnt_reg[3]/D	-0.069
s_axi_control_ARADDR[4]	control_s_axi_U/rdata_reg[27]/D	-0.068
ap_rst_n	o_gmem_m_axi_U/bus_write/data_buf_reg[23]/R	-0.067
ap_rst_n	o_gmem_m_axi_U/bus_write/data_buf_reg[27]/R	-0.067
ap_rst_n	o_gmem_m_axi_U/bus_write/data_buf_reg[31]/R	-0.067
ap_rst_n	o_gmem_m_axi_U/bus_write/data_buf_reg[41]/R	-0.067
ap_rst_n	grp_run_fu_161/grp_runController_fu_106/grp_runQueryTile_fu_142/runQueryBlock_0_U0/grp_reciprocalColumns_fu_177/grp_reciprocalColumns_Pipeline_VITIS_LOOP_369_1_fu_102/flow_control_loop_pipe_sequential_init_U/ap_done_cache_reg/D	-0.067
m_axi_o_gmem_AWREADY	o_gmem_m_axi_U/bus_write/wreq_throttle/rs_req/data_p1_reg[30]/CE	-0.066
m_axi_o_gmem_AWREADY	o_gmem_m_axi_U/bus_write/wreq_throttle/rs_req/data_p1_reg[31]/CE	-0.066
ap_rst_n	grp_run_fu_161/grp_runController_fu_106/grp_runQueryTile_fu_142/runQueryBlock_1_U0/grp_runQueryBlock_1_Pipeline_VITIS_LOOP_89_1_VITIS_LOOP_90_2_fu_130/ap_enable_reg_pp0_iter1_reg/D	-0.066
s_axi_control_AWVALID	control_s_axi_U/waddr_reg[2]/CE	-0.064
s_axi_control_AWVALID	control_s_axi_U/waddr_reg[3]/CE	-0.064
s_axi_control_AWVALID	control_s_axi_U/waddr_reg[4]/CE	-0.064
s_axi_control_AWVALID	control_s_axi_U/waddr_reg[5]/CE	-0.064
m_axi_q_gmem_RVALID	q_gmem_m_axi_U/bus_read/rs_rdata/data_p1_reg[15]/CE	-0.063
m_axi_q_gmem_RVALID	q_gmem_m_axi_U/bus_read/rs_rdata/data_p1_reg[29]/CE	-0.063
m_axi_q_gmem_RVALID	q_gmem_m_axi_U/bus_read/rs_rdata/data_p1_reg[5]/CE	-0.063
m_axi_q_gmem_RVALID	q_gmem_m_axi_U/bus_read/rs_rdata/data_p1_reg[9]/CE	-0.063
ap_rst_n	v_gmem_m_axi_U/load_unit_0/buff_rdata/U_fifo_mem/mem_reg_bram_1/ENBWREN	-0.063
m_axi_o_gmem_AWREADY	o_gmem_m_axi_U/bus_write/wreq_throttle/rs_req/data_p1_reg[37]/CE	-0.063
m_axi_o_gmem_AWREADY	o_gmem_m_axi_U/bus_write/wreq_throttle/rs_req/data_p1_reg[39]/CE	-0.063
m_axi_o_gmem_AWREADY	o_gmem_m_axi_U/bus_write/wreq_throttle/rs_req/data_p1_reg[42]/CE	-0.063
m_axi_o_gmem_AWREADY	o_gmem_m_axi_U/bus_write/wreq_throttle/rs_req/data_p1_reg[50]/CE	-0.063
ap_rst_n	v_gmem_m_axi_U/load_unit_0/buff_rdata/U_fifo_mem/mem_reg_bram_0/ENBWREN	-0.062
m_axi_o_gmem_AWREADY	o_gmem_m_axi_U/bus_write/wreq_throttle/rs_req/data_p1_reg[36]/CE	-0.062
m_axi_o_gmem_AWREADY	o_gmem_m_axi_U/bus_write/wreq_throttle/rs_req/data_p1_reg[46]/CE	-0.062
m_axi_o_gmem_AWREADY	o_gmem_m_axi_U/bus_write/wreq_throttle/rs_req/data_p1_reg[51]/CE	-0.062
m_axi_o_gmem_AWREADY	o_gmem_m_axi_U/bus_write/wreq_throttle/rs_req/data_p1_reg[63]/CE	-0.062
ap_rst_n	grp_run_fu_161/grp_runController_fu_106/grp_runQueryTile_fu_142/runQueryBlock_1_U0/grp_runQueryBlock_1_Outline_VITIS_LOOP_116_5_fu_152/grp_runQueryBlock_1_Pipeline_VITIS_LOOP_141_6_VITIS_LOOP_142_7_fu_478/flow_control_loop_pipe_sequential_init_U/ap_done_cache_reg/D	-0.062
ap_rst_n	q_gmem_m_axi_U/bus_read/rreq_burst_conv/sect_addr_buf_reg[3]/R	-0.062
ap_rst_n	q_gmem_m_axi_U/bus_read/rreq_burst_conv/sect_addr_buf_reg[4]/R	-0.062
ap_rst_n	q_gmem_m_axi_U/bus_read/rreq_burst_conv/sect_addr_buf_reg[5]/R	-0.062
ap_rst_n	q_gmem_m_axi_U/bus_read/rreq_burst_conv/sect_addr_buf_reg[6]/R	-0.062
ap_rst_n	q_gmem_m_axi_U/bus_read/rreq_burst_conv/sect_addr_buf_reg[7]/R	-0.062
ap_rst_n	q_gmem_m_axi_U/bus_read/rreq_burst_conv/sect_addr_buf_reg[8]/R	-0.062
ap_rst_n	q_gmem_m_axi_U/bus_read/rreq_burst_conv/sect_addr_buf_reg[10]/R	-0.061
ap_rst_n	q_gmem_m_axi_U/bus_read/rreq_burst_conv/sect_addr_buf_reg[11]/R	-0.061
ap_rst_n	q_gmem_m_axi_U/bus_read/rreq_burst_conv/sect_addr_buf_reg[9]/R	-0.061
m_axi_o_gmem_AWREADY	o_gmem_m_axi_U/bus_write/wreq_throttle/rs_req/data_p1_reg[28]/CE	-0.061
m_axi_o_gmem_AWREADY	o_gmem_m_axi_U/bus_write/wreq_throttle/rs_req/data_p1_reg[52]/CE	-0.061
m_axi_o_gmem_AWREADY	o_gmem_m_axi_U/bus_write/wreq_throttle/rs_req/data_p1_reg[60]/CE	-0.061
m_axi_v_gmem_RVALID	v_gmem_m_axi_U/bus_read/rs_rdata/data_p1_reg[36]/CE	-0.060
m_axi_v_gmem_RVALID	v_gmem_m_axi_U/bus_read/rs_rdata/data_p1_reg[38]/CE	-0.060
m_axi_v_gmem_RVALID	v_gmem_m_axi_U/bus_read/rs_rdata/data_p1_reg[54]/CE	-0.060
m_axi_v_gmem_RVALID	v_gmem_m_axi_U/bus_read/rs_rdata/data_p1_reg[58]/CE	-0.060
m_axi_v_gmem_RVALID	v_gmem_m_axi_U/bus_read/rs_rdata/data_p1_reg[40]/CE	-0.059
m_axi_v_gmem_RVALID	v_gmem_m_axi_U/bus_read/rs_rdata/data_p1_reg[42]/CE	-0.059
m_axi_v_gmem_RVALID	v_gmem_m_axi_U/bus_read/rs_rdata/data_p1_reg[48]/CE	-0.059
m_axi_o_gmem_AWREADY	o_gmem_m_axi_U/bus_write/wreq_throttle/rs_req/data_p1_reg[33]/CE	-0.059
m_axi_o_gmem_AWREADY	o_gmem_m_axi_U/bus_write/wreq_throttle/rs_req/data_p1_reg[69]/CE	-0.059
ap_rst_n	o_gmem_m_axi_U/bus_write/data_buf_reg[23]/CE	-0.058
ap_rst_n	o_gmem_m_axi_U/bus_write/data_buf_reg[27]/CE	-0.058
ap_rst_n	o_gmem_m_axi_U/bus_write/data_buf_reg[31]/CE	-0.058
ap_rst_n	o_gmem_m_axi_U/bus_write/data_buf_reg[41]/CE	-0.058
m_axi_o_gmem_AWREADY	o_gmem_m_axi_U/bus_write/wreq_throttle/rs_req/data_p1_reg[25]/CE	-0.056
m_axi_o_gmem_AWREADY	o_gmem_m_axi_U/bus_write/wreq_throttle/rs_req/data_p1_reg[44]/CE	-0.056
m_axi_k_gmem_ARREADY	k_gmem_m_axi_U/bus_read/rreq_burst_conv/could_multi_bursts.addr_buf_reg[10]/CE	-0.056
m_axi_k_gmem_ARREADY	k_gmem_m_axi_U/bus_read/rreq_burst_conv/could_multi_bursts.addr_buf_reg[7]/CE	-0.056
m_axi_k_gmem_ARREADY	k_gmem_m_axi_U/bus_read/rreq_burst_conv/could_multi_bursts.addr_buf_reg[8]/CE	-0.056
m_axi_k_gmem_ARREADY	k_gmem_m_axi_U/bus_read/rreq_burst_conv/could_multi_bursts.addr_buf_reg[9]/CE	-0.056
m_axi_v_gmem_RVALID	v_gmem_m_axi_U/bus_read/rs_rdata/data_p2_reg[63]/CE	-0.055
ap_rst_n	o_gmem_m_axi_U/bus_write/data_buf_reg[25]/R	-0.053
ap_rst_n	o_gmem_m_axi_U/bus_write/data_buf_reg[35]/R	-0.053
ap_rst_n	o_gmem_m_axi_U/bus_write/data_buf_reg[43]/R	-0.053
ap_rst_n	o_gmem_m_axi_U/bus_write/data_buf_reg[53]/R	-0.053
ap_rst_n	o_gmem_m_axi_U/bus_write/data_buf_reg[63]/R	-0.053
m_axi_k_gmem_ARREADY	k_gmem_m_axi_U/bus_read/rreq_burst_conv/could_multi_bursts.addr_buf_reg[3]/CE	-0.053
m_axi_k_gmem_ARREADY	k_gmem_m_axi_U/bus_read/rreq_burst_conv/could_multi_bursts.addr_buf_reg[4]/CE	-0.053
m_axi_k_gmem_ARREADY	k_gmem_m_axi_U/bus_read/rreq_burst_conv/could_multi_bursts.addr_buf_reg[5]/CE	-0.053
m_axi_k_gmem_ARREADY	k_gmem_m_axi_U/bus_read/rreq_burst_conv/could_multi_bursts.addr_buf_reg[6]/CE	-0.053
m_axi_v_gmem_ARREADY	v_gmem_m_axi_U/bus_read/rreq_burst_conv/could_multi_bursts.addr_buf_reg[47]/CE	-0.052
m_axi_v_gmem_ARREADY	v_gmem_m_axi_U/bus_read/rreq_burst_conv/could_multi_bursts.addr_buf_reg[48]/CE	-0.052
m_axi_v_gmem_ARREADY	v_gmem_m_axi_U/bus_read/rreq_burst_conv/could_multi_bursts.addr_buf_reg[49]/CE	-0.052
m_axi_v_gmem_ARREADY	v_gmem_m_axi_U/bus_read/rreq_burst_conv/could_multi_bursts.addr_buf_reg[50]/CE	-0.052
m_axi_o_gmem_AWREADY	o_gmem_m_axi_U/bus_write/wreq_throttle/rs_req/data_p1_reg[53]/CE	-0.052
m_axi_o_gmem_AWREADY	o_gmem_m_axi_U/bus_write/wreq_throttle/rs_req/data_p1_reg[56]/CE	-0.052
m_axi_o_gmem_AWREADY	o_gmem_m_axi_U/bus_write/wreq_throttle/rs_req/data_p1_reg[59]/CE	-0.052
m_axi_o_gmem_AWREADY	o_gmem_m_axi_U/bus_write/wreq_throttle/rs_req/data_p1_reg[66]/CE	-0.052
m_axi_v_gmem_ARREADY	v_gmem_m_axi_U/bus_read/rreq_burst_conv/could_multi_bursts.addr_buf_reg[43]/CE	-0.051
m_axi_v_gmem_ARREADY	v_gmem_m_axi_U/bus_read/rreq_burst_conv/could_multi_bursts.addr_buf_reg[44]/CE	-0.051
m_axi_v_gmem_ARREADY	v_gmem_m_axi_U/bus_read/rreq_burst_conv/could_multi_bursts.addr_buf_reg[45]/CE	-0.051
m_axi_v_gmem_ARREADY	v_gmem_m_axi_U/bus_read/rreq_burst_conv/could_multi_bursts.addr_buf_reg[46]/CE	-0.051
ap_rst_n	q_gmem_m_axi_U/load_unit_0/buff_rdata/U_fifo_mem/mem_reg_bram_1/ENBWREN	-0.051
m_axi_v_gmem_RVALID	v_gmem_m_axi_U/bus_read/rs_rdata/data_p2_reg[44]/CE	-0.051
m_axi_v_gmem_RVALID	v_gmem_m_axi_U/bus_read/rs_rdata/data_p2_reg[50]/CE	-0.051
m_axi_v_gmem_RVALID	v_gmem_m_axi_U/bus_read/rs_rdata/data_p2_reg[60]/CE	-0.051
m_axi_v_gmem_RVALID	v_gmem_m_axi_U/bus_read/rs_rdata/data_p2_reg[62]/CE	-0.051
m_axi_o_gmem_AWREADY	o_gmem_m_axi_U/bus_write/wreq_throttle/rs_req/data_p1_reg[21]/CE	-0.050
m_axi_o_gmem_AWREADY	o_gmem_m_axi_U/bus_write/wreq_throttle/rs_req/data_p1_reg[24]/CE	-0.050
m_axi_o_gmem_AWREADY	o_gmem_m_axi_U/bus_write/wreq_throttle/rs_req/data_p1_reg[26]/CE	-0.050
m_axi_o_gmem_AWREADY	o_gmem_m_axi_U/bus_write/wreq_throttle/rs_req/data_p1_reg[34]/CE	-0.050
m_axi_v_gmem_ARREADY	v_gmem_m_axi_U/bus_read/rreq_burst_conv/could_multi_bursts.last_loop_reg/CE	-0.049
m_axi_v_gmem_ARREADY	v_gmem_m_axi_U/bus_read/rreq_burst_conv/could_multi_bursts.loop_cnt_reg[0]/CE	-0.049
m_axi_v_gmem_ARREADY	v_gmem_m_axi_U/bus_read/rreq_burst_conv/could_multi_bursts.loop_cnt_reg[1]/CE	-0.049
m_axi_v_gmem_ARREADY	v_gmem_m_axi_U/bus_read/rreq_burst_conv/could_multi_bursts.loop_cnt_reg[2]/CE	-0.049
m_axi_q_gmem_RVALID	q_gmem_m_axi_U/bus_read/rs_rdata/data_p1_reg[11]/CE	-0.048
m_axi_q_gmem_RVALID	q_gmem_m_axi_U/bus_read/rs_rdata/data_p1_reg[23]/CE	-0.048
m_axi_q_gmem_RVALID	q_gmem_m_axi_U/bus_read/rs_rdata/data_p1_reg[35]/CE	-0.048
m_axi_v_gmem_ARREADY	v_gmem_m_axi_U/bus_read/rreq_burst_conv/could_multi_bursts.addr_buf_reg[39]/CE	-0.047
m_axi_v_gmem_ARREADY	v_gmem_m_axi_U/bus_read/rreq_burst_conv/could_multi_bursts.addr_buf_reg[40]/CE	-0.047
m_axi_v_gmem_ARREADY	v_gmem_m_axi_U/bus_read/rreq_burst_conv/could_multi_bursts.addr_buf_reg[41]/CE	-0.047
m_axi_v_gmem_ARREADY	v_gmem_m_axi_U/bus_read/rreq_burst_conv/could_multi_bursts.addr_buf_reg[42]/CE	-0.047
m_axi_k_gmem_ARREADY	k_gmem_m_axi_U/bus_read/rreq_burst_conv/could_multi_bursts.addr_buf_reg[55]/CE	-0.047
m_axi_k_gmem_ARREADY	k_gmem_m_axi_U/bus_read/rreq_burst_conv/could_multi_bursts.addr_buf_reg[56]/CE	-0.047
m_axi_k_gmem_ARREADY	k_gmem_m_axi_U/bus_read/rreq_burst_conv/could_multi_bursts.addr_buf_reg[57]/CE	-0.047
m_axi_k_gmem_ARREADY	k_gmem_m_axi_U/bus_read/rreq_burst_conv/could_multi_bursts.addr_buf_reg[58]/CE	-0.047
ap_rst_n	q_gmem_m_axi_U/load_unit_0/buff_rdata/U_fifo_mem/mem_reg_bram_0/ENBWREN	-0.046
m_axi_o_gmem_WREADY	o_gmem_m_axi_U/bus_write/wreq_throttle/last_cnt_reg[4]/D	-0.046
ap_rst_n	grp_run_fu_161/grp_runController_fu_106/grp_runQueryTile_fu_142/runQueryBlock_1_U0/grp_runQueryBlock_1_Outline_VITIS_LOOP_116_5_fu_152/grp_runQueryBlock_1_Pipeline_VITIS_LOOP_162_1_fu_724/flow_control_loop_pipe_sequential_init_U/ap_done_cache_reg/D	-0.044
m_axi_k_gmem_ARREADY	k_gmem_m_axi_U/bus_read/rreq_burst_conv/could_multi_bursts.addr_buf_reg[47]/CE	-0.044
m_axi_k_gmem_ARREADY	k_gmem_m_axi_U/bus_read/rreq_burst_conv/could_multi_bursts.addr_buf_reg[48]/CE	-0.044
m_axi_k_gmem_ARREADY	k_gmem_m_axi_U/bus_read/rreq_burst_conv/could_multi_bursts.addr_buf_reg[49]/CE	-0.044
m_axi_k_gmem_ARREADY	k_gmem_m_axi_U/bus_read/rreq_burst_conv/could_multi_bursts.addr_buf_reg[50]/CE	-0.044
m_axi_v_gmem_ARREADY	v_gmem_m_axi_U/bus_read/rreq_burst_conv/could_multi_bursts.len_buf_reg[0]/CE	-0.042
m_axi_k_gmem_ARREADY	k_gmem_m_axi_U/bus_read/rreq_burst_conv/could_multi_bursts.addr_buf_reg[43]/CE	-0.041
m_axi_k_gmem_ARREADY	k_gmem_m_axi_U/bus_read/rreq_burst_conv/could_multi_bursts.addr_buf_reg[44]/CE	-0.041
m_axi_k_gmem_ARREADY	k_gmem_m_axi_U/bus_read/rreq_burst_conv/could_multi_bursts.addr_buf_reg[45]/CE	-0.041
m_axi_k_gmem_ARREADY	k_gmem_m_axi_U/bus_read/rreq_burst_conv/could_multi_bursts.addr_buf_reg[46]/CE	-0.041
m_axi_k_gmem_ARREADY	k_gmem_m_axi_U/bus_read/rreq_burst_conv/could_multi_bursts.addr_step_reg[6]/CE	-0.039
m_axi_k_gmem_ARREADY	k_gmem_m_axi_U/bus_read/rreq_burst_conv/could_multi_bursts.len_buf_reg[2]/CE	-0.039
m_axi_k_gmem_ARREADY	k_gmem_m_axi_U/bus_read/rreq_burst_conv/could_multi_bursts.len_buf_reg[4]/CE	-0.039
m_axi_q_gmem_RVALID	q_gmem_m_axi_U/bus_read/rs_rdata/data_p1_reg[26]/CE	-0.039
m_axi_q_gmem_RVALID	q_gmem_m_axi_U/bus_read/rs_rdata/data_p1_reg[28]/CE	-0.039
m_axi_q_gmem_RVALID	q_gmem_m_axi_U/bus_read/rs_rdata/data_p1_reg[32]/CE	-0.039
s_axi_control_ARVALID	control_s_axi_U/rdata_reg[10]/R	-0.038
s_axi_control_ARVALID	control_s_axi_U/rdata_reg[12]/R	-0.038
s_axi_control_ARVALID	control_s_axi_U/rdata_reg[30]/R	-0.038
m_axi_k_gmem_ARREADY	k_gmem_m_axi_U/bus_read/rreq_burst_conv/could_multi_bursts.addr_step_reg[5]/CE	-0.038
m_axi_k_gmem_ARREADY	k_gmem_m_axi_U/bus_read/rreq_burst_conv/could_multi_bursts.addr_step_reg[7]/CE	-0.038
m_axi_k_gmem_ARREADY	k_gmem_m_axi_U/bus_read/rreq_burst_conv/could_multi_bursts.len_buf_reg[1]/CE	-0.038
m_axi_k_gmem_ARREADY	k_gmem_m_axi_U/bus_read/rreq_burst_conv/could_multi_bursts.len_buf_reg[3]/CE	-0.038
m_axi_o_gmem_WREADY	o_gmem_m_axi_U/bus_write/wreq_throttle/last_cnt_reg[5]/D	-0.034
m_axi_k_gmem_ARREADY	k_gmem_m_axi_U/bus_read/rreq_burst_conv/could_multi_bursts.addr_buf_reg[23]/CE	-0.032
m_axi_k_gmem_ARREADY	k_gmem_m_axi_U/bus_read/rreq_burst_conv/could_multi_bursts.addr_buf_reg[24]/CE	-0.032
m_axi_k_gmem_ARREADY	k_gmem_m_axi_U/bus_read/rreq_burst_conv/could_multi_bursts.addr_buf_reg[25]/CE	-0.032
m_axi_k_gmem_ARREADY	k_gmem_m_axi_U/bus_read/rreq_burst_conv/could_multi_bursts.addr_buf_reg[26]/CE	-0.032
m_axi_v_gmem_ARREADY	v_gmem_m_axi_U/bus_read/rreq_burst_conv/could_multi_bursts.addr_buf_reg[19]/CE	-0.031
m_axi_v_gmem_ARREADY	v_gmem_m_axi_U/bus_read/rreq_burst_conv/could_multi_bursts.addr_buf_reg[20]/CE	-0.031
m_axi_v_gmem_ARREADY	v_gmem_m_axi_U/bus_read/rreq_burst_conv/could_multi_bursts.addr_buf_reg[21]/CE	-0.031
m_axi_v_gmem_ARREADY	v_gmem_m_axi_U/bus_read/rreq_burst_conv/could_multi_bursts.addr_buf_reg[22]/CE	-0.031
m_axi_o_gmem_WREADY	o_gmem_m_axi_U/bus_write/wreq_throttle/last_cnt_reg[0]/CE	-0.031
ap_rst_n	grp_run_fu_161/grp_runController_fu_106/grp_runQueryTile_fu_142/runQueryBlock_1_U0/grp_runQueryBlock_1_Outline_VITIS_LOOP_116_5_fu_152/grp_runQueryBlock_1_Pipeline_4_fu_474/flow_control_loop_pipe_sequential_init_U/ap_done_cache_reg/D	-0.031
s_axi_control_ARADDR[0]	control_s_axi_U/int_task_ap_done_reg/D	-0.029
s_axi_control_ARVALID	control_s_axi_U/rdata_reg[5]/R	-0.025
s_axi_control_ARVALID	control_s_axi_U/rdata_reg[6]/R	-0.025
s_axi_control_ARVALID	control_s_axi_U/rdata_reg[8]/R	-0.025
m_axi_o_gmem_AWREADY	o_gmem_m_axi_U/bus_write/wreq_throttle/rs_req/data_p1_reg[55]/CE	-0.024
m_axi_o_gmem_AWREADY	o_gmem_m_axi_U/bus_write/wreq_throttle/rs_req/data_p1_reg[61]/CE	-0.024
m_axi_o_gmem_AWREADY	o_gmem_m_axi_U/bus_write/wreq_throttle/rs_req/data_p1_reg[62]/CE	-0.024
m_axi_o_gmem_AWREADY	o_gmem_m_axi_U/bus_write/wreq_throttle/rs_req/data_p1_reg[65]/CE	-0.024
m_axi_o_gmem_AWREADY	o_gmem_m_axi_U/bus_write/wreq_throttle/rs_req/data_p1_reg[18]/CE	-0.021
m_axi_o_gmem_AWREADY	o_gmem_m_axi_U/bus_write/wreq_throttle/rs_req/data_p1_reg[20]/CE	-0.021
m_axi_o_gmem_AWREADY	o_gmem_m_axi_U/bus_write/wreq_throttle/rs_req/data_p1_reg[48]/CE	-0.021
m_axi_v_gmem_ARREADY	v_gmem_m_axi_U/bus_read/rreq_burst_conv/could_multi_bursts.addr_buf_reg[23]/CE	-0.017
m_axi_v_gmem_ARREADY	v_gmem_m_axi_U/bus_read/rreq_burst_conv/could_multi_bursts.addr_buf_reg[24]/CE	-0.017
m_axi_v_gmem_ARREADY	v_gmem_m_axi_U/bus_read/rreq_burst_conv/could_multi_bursts.addr_buf_reg[25]/CE	-0.017
m_axi_v_gmem_ARREADY	v_gmem_m_axi_U/bus_read/rreq_burst_conv/could_multi_bursts.addr_buf_reg[26]/CE	-0.017
m_axi_q_gmem_RVALID	q_gmem_m_axi_U/bus_read/rs_rdata/data_p1_reg[0]/CE	-0.016
m_axi_q_gmem_RVALID	q_gmem_m_axi_U/bus_read/rs_rdata/data_p1_reg[16]/CE	-0.016
m_axi_q_gmem_RVALID	q_gmem_m_axi_U/bus_read/rs_rdata/data_p1_reg[2]/CE	-0.016
m_axi_q_gmem_RVALID	q_gmem_m_axi_U/bus_read/rs_rdata/data_p1_reg[4]/CE	-0.016
m_axi_o_gmem_AWREADY	o_gmem_m_axi_U/bus_write/wreq_throttle/rs_req/data_p1_reg[22]/CE	-0.015
m_axi_q_gmem_RVALID	q_gmem_m_axi_U/bus_read/rs_rdata/data_p1_reg[10]/CE	-0.014
m_axi_q_gmem_RVALID	q_gmem_m_axi_U/bus_read/rs_rdata/data_p1_reg[12]/CE	-0.014
m_axi_q_gmem_RVALID	q_gmem_m_axi_U/bus_read/rs_rdata/data_p1_reg[24]/CE	-0.014
m_axi_q_gmem_RVALID	q_gmem_m_axi_U/bus_read/rs_rdata/data_p1_reg[6]/CE	-0.014
m_axi_o_gmem_AWREADY	o_gmem_m_axi_U/bus_write/wreq_throttle/rs_req/data_p1_reg[16]/CE	-0.013
m_axi_o_gmem_AWREADY	o_gmem_m_axi_U/bus_write/wreq_throttle/rs_req/data_p1_reg[7]/CE	-0.013
m_axi_o_gmem_AWREADY	o_gmem_m_axi_U/bus_write/wreq_throttle/rs_req/data_p1_reg[9]/CE	-0.013
m_axi_v_gmem_RVALID	v_gmem_m_axi_U/bus_read/rs_rdata/data_p2_reg[51]/CE	-0.012
m_axi_v_gmem_RVALID	v_gmem_m_axi_U/bus_read/rs_rdata/data_p2_reg[5]/CE	-0.012
m_axi_o_gmem_AWREADY	o_gmem_m_axi_U/bus_write/wreq_throttle/rs_req/data_p1_reg[15]/CE	-0.011
m_axi_o_gmem_AWREADY	o_gmem_m_axi_U/bus_write/wreq_throttle/rs_req/data_p1_reg[17]/CE	-0.011
m_axi_o_gmem_AWREADY	o_gmem_m_axi_U/bus_write/wreq_throttle/rs_req/data_p1_reg[3]/CE	-0.011
m_axi_o_gmem_WREADY	o_gmem_m_axi_U/bus_write/wreq_throttle/last_cnt_reg[6]/D	-0.008
s_axi_control_ARVALID	control_s_axi_U/rdata_reg[14]/R	-0.008
s_axi_control_ARVALID	control_s_axi_U/rdata_reg[16]/R	-0.008
s_axi_control_ARVALID	control_s_axi_U/rdata_reg[26]/R	-0.008
m_axi_o_gmem_AWREADY	o_gmem_m_axi_U/bus_write/wreq_throttle/rs_req/data_p1_reg[11]/CE	-0.008
m_axi_o_gmem_AWREADY	o_gmem_m_axi_U/bus_write/wreq_throttle/rs_req/data_p1_reg[14]/CE	-0.008
m_axi_o_gmem_AWREADY	o_gmem_m_axi_U/bus_write/wreq_throttle/rs_req/data_p1_reg[4]/CE	-0.008
m_axi_o_gmem_AWREADY	o_gmem_m_axi_U/bus_write/wreq_throttle/rs_req/data_p1_reg[8]/CE	-0.008
ap_rst_n	o_gmem_m_axi_U/bus_write/data_buf_reg[13]/R	-0.007
ap_rst_n	o_gmem_m_axi_U/bus_write/data_buf_reg[21]/R	-0.007
ap_rst_n	o_gmem_m_axi_U/bus_write/data_buf_reg[47]/R	-0.007
ap_rst_n	o_gmem_m_axi_U/bus_write/data_buf_reg[51]/R	-0.007
ap_rst_n	o_gmem_m_axi_U/bus_write/data_buf_reg[57]/R	-0.007
ap_rst_n	o_gmem_m_axi_U/bus_write/data_buf_reg[5]/R	-0.007
ap_rst_n	o_gmem_m_axi_U/bus_write/strb_buf_reg[1]/R	-0.007
ap_rst_n	o_gmem_m_axi_U/bus_write/strb_buf_reg[5]/R	-0.007
m_axi_k_gmem_ARREADY	k_gmem_m_axi_U/bus_read/rreq_burst_conv/could_multi_bursts.addr_step_reg[4]/CE	-0.007
m_axi_k_gmem_ARREADY	k_gmem_m_axi_U/bus_read/rreq_burst_conv/could_multi_bursts.addr_step_reg[9]/CE	-0.007
m_axi_k_gmem_ARREADY	k_gmem_m_axi_U/bus_read/rreq_burst_conv/could_multi_bursts.len_buf_reg[5]/CE	-0.007
m_axi_v_gmem_ARREADY	v_gmem_m_axi_U/bus_read/rreq_burst_conv/could_multi_bursts.addr_buf_reg[27]/CE	-0.006
m_axi_v_gmem_ARREADY	v_gmem_m_axi_U/bus_read/rreq_burst_conv/could_multi_bursts.addr_buf_reg[28]/CE	-0.006
m_axi_v_gmem_ARREADY	v_gmem_m_axi_U/bus_read/rreq_burst_conv/could_multi_bursts.addr_buf_reg[29]/CE	-0.006
m_axi_v_gmem_ARREADY	v_gmem_m_axi_U/bus_read/rreq_burst_conv/could_multi_bursts.addr_buf_reg[30]/CE	-0.006
m_axi_v_gmem_ARREADY	v_gmem_m_axi_U/bus_read/rreq_burst_conv/first_sect_reg/CE	-0.006
m_axi_k_gmem_ARREADY	k_gmem_m_axi_U/bus_read/rreq_burst_conv/could_multi_bursts.addr_step_reg[3]/CE	-0.006
m_axi_k_gmem_ARREADY	k_gmem_m_axi_U/bus_read/rreq_burst_conv/could_multi_bursts.addr_step_reg[8]/CE	-0.006
m_axi_k_gmem_ARREADY	k_gmem_m_axi_U/bus_read/rreq_burst_conv/could_multi_bursts.len_buf_reg[0]/CE	-0.006
m_axi_q_gmem_RVALID	q_gmem_m_axi_U/bus_read/rs_rdata/data_p2_reg[42]/CE	-0.005
m_axi_q_gmem_RVALID	q_gmem_m_axi_U/bus_read/rs_rdata/data_p2_reg[52]/CE	-0.005
m_axi_q_gmem_RVALID	q_gmem_m_axi_U/bus_read/rs_rdata/data_p2_reg[54]/CE	-0.005
m_axi_v_gmem_ARREADY	v_gmem_m_axi_U/bus_read/rreq_burst_conv/could_multi_bursts.addr_buf_reg[31]/CE	-0.004
m_axi_v_gmem_ARREADY	v_gmem_m_axi_U/bus_read/rreq_burst_conv/could_multi_bursts.addr_buf_reg[32]/CE	-0.004
m_axi_v_gmem_ARREADY	v_gmem_m_axi_U/bus_read/rreq_burst_conv/could_multi_bursts.addr_buf_reg[33]/CE	-0.004
m_axi_v_gmem_ARREADY	v_gmem_m_axi_U/bus_read/rreq_burst_conv/could_multi_bursts.addr_buf_reg[34]/CE	-0.004
m_axi_v_gmem_ARREADY	v_gmem_m_axi_U/bus_read/rreq_burst_conv/could_multi_bursts.addr_buf_reg[35]/CE	-0.002
m_axi_v_gmem_ARREADY	v_gmem_m_axi_U/bus_read/rreq_burst_conv/could_multi_bursts.addr_buf_reg[36]/CE	-0.002
m_axi_v_gmem_ARREADY	v_gmem_m_axi_U/bus_read/rreq_burst_conv/could_multi_bursts.addr_buf_reg[37]/CE	-0.002
m_axi_v_gmem_ARREADY	v_gmem_m_axi_U/bus_read/rreq_burst_conv/could_multi_bursts.addr_buf_reg[38]/CE	-0.002
ap_rst_n	o_gmem_m_axi_U/bus_write/strb_buf_reg[7]/R	-0.002
m_axi_v_gmem_ARREADY	v_gmem_m_axi_U/bus_read/rreq_burst_conv/could_multi_bursts.addr_buf_reg[55]/CE	-0.001
m_axi_v_gmem_ARREADY	v_gmem_m_axi_U/bus_read/rreq_burst_conv/could_multi_bursts.addr_buf_reg[56]/CE	-0.001
m_axi_v_gmem_ARREADY	v_gmem_m_axi_U/bus_read/rreq_burst_conv/could_multi_bursts.addr_buf_reg[57]/CE	-0.001
m_axi_v_gmem_ARREADY	v_gmem_m_axi_U/bus_read/rreq_burst_conv/could_multi_bursts.addr_buf_reg[58]/CE	-0.001
