Copyright 1986-2022 Xilinx, Inc. All Rights Reserved. Copyright 2022-2024 Advanced Micro Devices, Inc. All Rights Reserved.
------------------------------------------------------------------------------------------------------------------------------------------------------------------------------------------------
| Tool Version      : Vivado v.2024.2 (lin64) Build 5239630 Fri Nov 08 22:34:34 MST 2024
| Date              : Sat Oct 10 18:52:55 2026
| Host              : lenovo-ThinkStation-P920 running 64-bit Ubuntu 24.04.3 LTS
| Command           : report_timing -delay_type max -path_type full_clock_expanded -max_paths 30 -file /home/zhangchenxuan/FSA_HLS/build/split_d_nm37_a0e137a_ipbf_impl/reports/setup_paths.rpt
| Design            : split_d_nm37_top
| Device            : xcvu37p_CIV-fsvh2892
| Speed File        : -2  PRODUCTION 1.30 05-01-2022
| Design State      : Routed
| Temperature Grade : E
------------------------------------------------------------------------------------------------------------------------------------------------------------------------------------------------

Timing Report

Slack (MET) :             0.200ns  (required time - arrival time)
  Source:                 <hidden>
                            (rising edge-triggered cell FDRE clocked by clk_out1_split_d_system_clk_wiz_0_0  {rise@0.000ns fall@5.000ns period=10.000ns})
  Destination:            u_bd/split_d_system_i/fsa_0/inst/grp_run_fu_161/grp_runController_fu_106/grp_runQueryTile_fu_142/runQueryBlock_0_U0/grp_runQueryBlock_0_Outline_VITIS_LOOP_117_5_fu_168/acc_b_reg_2859_reg[30]/D
                            (rising edge-triggered cell FDRE clocked by clk_out1_split_d_system_clk_wiz_0_0  {rise@0.000ns fall@5.000ns period=10.000ns})
  Path Group:             clk_out1_split_d_system_clk_wiz_0_0
  Path Type:              Setup (Max at Slow Process Corner)
  Requirement:            10.000ns  (clk_out1_split_d_system_clk_wiz_0_0 rise@10.000ns - clk_out1_split_d_system_clk_wiz_0_0 rise@0.000ns)
  Data Path Delay:        6.987ns  (logic 4.400ns (62.977%)  route 2.587ns (37.023%))
  Logic Levels:           20  (DSP_A_B_DATA=1 DSP_ALU=2 DSP_C_DATA=1 DSP_M_DATA=1 DSP_MULTIPLIER=1 DSP_OUTPUT=2 DSP_PREADD=1 DSP_PREADD_DATA=2 LUT3=3 LUT4=1 LUT5=3 LUT6=2)
  Clock Path Skew:        -0.068ns (DCD - SCD + CPR)
    Destination Clock Delay (DCD):    3.417ns = ( 13.417 - 10.000 ) 
    Source Clock Delay      (SCD):    3.058ns
    Clock Pessimism Removal (CPR):    -0.428ns
  Clock Uncertainty:      2.770ns  ((TSJ^2 + DJ^2)^1/2) / 2 + PE + UU
    Total System Jitter     (TSJ):    0.071ns
    Discrete Jitter          (DJ):    0.120ns
    Phase Error              (PE):    0.000ns
    User Uncertainty         (UU):    2.700ns
  Clock Net Delay (Source):      1.763ns (routing 0.581ns, distribution 1.182ns)
  Clock Net Delay (Destination): 1.579ns (routing 0.530ns, distribution 1.049ns)

    Location             Delay type                Incr(ns)  Path(ns)    Netlist Resource(s)
  -------------------------------------------------------------------    -------------------
                         (clock clk_out1_split_d_system_clk_wiz_0_0 rise edge)
                                                      0.000     0.000 r  
    BH42                                              0.000     0.000 r  board_clk_p (IN)
                         net (fo=0)                   0.100     0.100    u_board_clk/I
    HPIOBDIFFINBUF_X0Y36 DIFFINBUF (Prop_DIFFINBUF_HPIOBDIFFINBUF_DIFF_IN_P_O)
                                                      0.615     0.715 r  u_board_clk/DIFFINBUF_INST/O
                         net (fo=1, routed)           0.050     0.765    u_board_clk/OUT
    BH42                 IBUFCTRL (Prop_IBUFCTRL_HPIOB_M_I_O)
                                                      0.000     0.765 r  u_board_clk/IBUFCTRL_INST/O
                         net (fo=4, routed)           0.384     1.149    u_bd/split_d_system_i/clk_wiz_0/inst/clk_in1
    MMCM_X0Y1            MMCME4_ADV (Prop_MMCM_CLKIN1_CLKOUT0)
                                                     -0.127     1.022 r  u_bd/split_d_system_i/clk_wiz_0/inst/mmcme4_adv_inst/CLKOUT0
                         net (fo=1, routed)           0.245     1.267    u_bd/split_d_system_i/clk_wiz_0/inst/clk_out1_split_d_system_clk_wiz_0_0
    BUFGCE_X0Y24         BUFGCE (Prop_BUFCE_BUFGCE_I_O)
                                                      0.028     1.295 r  u_bd/split_d_system_i/clk_wiz_0/inst/clkout1_buf/O
    X3Y1 (CLOCK_ROOT)    net (fo=48822, routed)       1.763     3.058    <hidden>
    SLICE_X120Y54        FDRE                                         r  <hidden>
  -------------------------------------------------------------------    -------------------
    SLICE_X120Y54        FDRE (Prop_HFF_SLICEL_C_Q)
                                                      0.079     3.137 r  <hidden>
                         net (fo=54, routed)          0.307     3.444    <hidden>
    SLICE_X122Y51        LUT3 (Prop_B6LUT_SLICEM_I1_O)
                                                      0.149     3.593 r  <hidden>
                         net (fo=1, routed)           0.331     3.924    <hidden>
    DSP48E2_X16Y14       DSP_A_B_DATA (Prop_DSP_A_B_DATA_DSP48E2_A[7]_A2_DATA[7])
                                                      0.192     4.116 f  <hidden>
                         net (fo=1, routed)           0.000     4.116    <hidden>
    DSP48E2_X16Y14       DSP_PREADD_DATA (Prop_DSP_PREADD_DATA_DSP48E2_A2_DATA[7]_PREADD_AB[7])
                                                      0.124     4.240 r  <hidden>
                         net (fo=1, routed)           0.000     4.240    <hidden>
    DSP48E2_X16Y14       DSP_PREADD (Prop_DSP_PREADD_DSP48E2_PREADD_AB[7]_AD[26])
                                                      0.488     4.728 f  <hidden>
                         net (fo=1, routed)           0.000     4.728    <hidden>
    DSP48E2_X16Y14       DSP_PREADD_DATA (Prop_DSP_PREADD_DATA_DSP48E2_AD[26]_AD_DATA[26])
                                                      0.050     4.778 r  <hidden>
                         net (fo=1, routed)           0.000     4.778    <hidden>
    DSP48E2_X16Y14       DSP_MULTIPLIER (Prop_DSP_MULTIPLIER_DSP48E2_AD_DATA[26]_U[43])
                                                      0.612     5.390 f  <hidden>
                         net (fo=1, routed)           0.000     5.390    <hidden>
    DSP48E2_X16Y14       DSP_M_DATA (Prop_DSP_M_DATA_DSP48E2_U[43]_U_DATA[43])
                                                      0.047     5.437 r  <hidden>
                         net (fo=1, routed)           0.000     5.437    <hidden>
    DSP48E2_X16Y14       DSP_ALU (Prop_DSP_ALU_DSP48E2_U_DATA[43]_ALU_OUT[47])
                                                      0.585     6.022 r  <hidden>
                         net (fo=1, routed)           0.000     6.022    <hidden>
    DSP48E2_X16Y14       DSP_OUTPUT (Prop_DSP_OUTPUT_DSP48E2_ALU_OUT[47]_PATTERN_DETECT)
                                                      0.363     6.385 r  <hidden>
                         net (fo=59, routed)          0.404     6.788    <hidden>
    SLICE_X121Y47        LUT3 (Prop_D5LUT_SLICEM_I1_O)
                                                      0.158     6.946 r  <hidden>
                         net (fo=3, routed)           0.192     7.139    <hidden>
    SLICE_X121Y47        LUT4 (Prop_A5LUT_SLICEM_I2_O)
                                                      0.112     7.251 f  <hidden>
                         net (fo=1, routed)           0.286     7.537    <hidden>
    SLICE_X121Y47        LUT6 (Prop_G6LUT_SLICEM_I4_O)
                                                      0.037     7.574 f  <hidden>
                         net (fo=2, routed)           0.113     7.687    <hidden>
    SLICE_X120Y47        LUT6 (Prop_A6LUT_SLICEL_I0_O)
                                                      0.149     7.836 r  <hidden>
                         net (fo=4, routed)           0.090     7.926    <hidden>
    SLICE_X120Y48        LUT5 (Prop_C6LUT_SLICEL_I3_O)
                                                      0.096     8.022 f  <hidden>
                         net (fo=3, routed)           0.103     8.125    <hidden>
    SLICE_X120Y49        LUT5 (Prop_H5LUT_SLICEL_I2_O)
                                                      0.133     8.258 r  <hidden>
                         net (fo=3, routed)           0.228     8.486    <hidden>
    SLICE_X120Y49        LUT3 (Prop_B5LUT_SLICEL_I1_O)
                                                      0.104     8.590 r  <hidden>
                         net (fo=1, routed)           0.208     8.798    <hidden>
    DSP48E2_X16Y13       DSP_C_DATA (Prop_DSP_C_DATA_DSP48E2_C[33]_C_DATA[33])
                                                      0.105     8.903 r  <hidden>
                         net (fo=2, routed)           0.000     8.903    <hidden>
    DSP48E2_X16Y13       DSP_ALU (Prop_DSP_ALU_DSP48E2_C_DATA[33]_ALU_OUT[34])
                                                      0.585     9.488 f  <hidden>
                         net (fo=1, routed)           0.000     9.488    <hidden>
    DSP48E2_X16Y13       DSP_OUTPUT (Prop_DSP_OUTPUT_DSP48E2_ALU_OUT[34]_P[34])
                                                      0.109     9.597 r  <hidden>
                         net (fo=1, routed)           0.266     9.863    <hidden>
    SLICE_X122Y49        LUT5 (Prop_G6LUT_SLICEM_I4_O)
                                                      0.123     9.986 r  <hidden>
                         net (fo=1, routed)           0.059    10.045    u_bd/split_d_system_i/fsa_0/inst/grp_run_fu_161/grp_runController_fu_106/grp_runQueryTile_fu_142/runQueryBlock_0_U0/grp_runQueryBlock_0_Outline_VITIS_LOOP_117_5_fu_168/grp_fu_880_p2[30]
    SLICE_X122Y49        FDRE                                         r  u_bd/split_d_system_i/fsa_0/inst/grp_run_fu_161/grp_runController_fu_106/grp_runQueryTile_fu_142/runQueryBlock_0_U0/grp_runQueryBlock_0_Outline_VITIS_LOOP_117_5_fu_168/acc_b_reg_2859_reg[30]/D
  -------------------------------------------------------------------    -------------------

                         (clock clk_out1_split_d_system_clk_wiz_0_0 rise edge)
                                                     10.000    10.000 r  
    BH42                                              0.000    10.000 r  board_clk_p (IN)
                         net (fo=0)                   0.079    10.079    u_board_clk/I
    HPIOBDIFFINBUF_X0Y36 DIFFINBUF (Prop_DIFFINBUF_HPIOBDIFFINBUF_DIFF_IN_P_O)
                                                      0.518    10.597 r  u_board_clk/DIFFINBUF_INST/O
                         net (fo=1, routed)           0.040    10.637    u_board_clk/OUT
    BH42                 IBUFCTRL (Prop_IBUFCTRL_HPIOB_M_I_O)
                                                      0.000    10.637 r  u_board_clk/IBUFCTRL_INST/O
                         net (fo=4, routed)           0.333    10.970    u_bd/split_d_system_i/clk_wiz_0/inst/clk_in1
    MMCM_X0Y1            MMCME4_ADV (Prop_MMCM_CLKIN1_CLKOUT0)
                                                      0.630    11.600 r  u_bd/split_d_system_i/clk_wiz_0/inst/mmcme4_adv_inst/CLKOUT0
                         net (fo=1, routed)           0.215    11.815    u_bd/split_d_system_i/clk_wiz_0/inst/clk_out1_split_d_system_clk_wiz_0_0
    BUFGCE_X0Y24         BUFGCE (Prop_BUFCE_BUFGCE_I_O)
                                                      0.024    11.839 r  u_bd/split_d_system_i/clk_wiz_0/inst/clkout1_buf/O
    X3Y1 (CLOCK_ROOT)    net (fo=48822, routed)       1.579    13.417    u_bd/split_d_system_i/fsa_0/inst/grp_run_fu_161/grp_runController_fu_106/grp_runQueryTile_fu_142/runQueryBlock_0_U0/grp_runQueryBlock_0_Outline_VITIS_LOOP_117_5_fu_168/ap_clk
    SLICE_X122Y49        FDRE                                         r  u_bd/split_d_system_i/fsa_0/inst/grp_run_fu_161/grp_runController_fu_106/grp_runQueryTile_fu_142/runQueryBlock_0_U0/grp_runQueryBlock_0_Outline_VITIS_LOOP_117_5_fu_168/acc_b_reg_2859_reg[30]/C
                         clock pessimism             -0.428    12.990    
                         clock uncertainty           -2.770    10.220    
    SLICE_X122Y49        FDRE (Setup_GFF_SLICEM_C_D)
                                                      0.025    10.245    u_bd/split_d_system_i/fsa_0/inst/grp_run_fu_161/grp_runController_fu_106/grp_runQueryTile_fu_142/runQueryBlock_0_U0/grp_runQueryBlock_0_Outline_VITIS_LOOP_117_5_fu_168/acc_b_reg_2859_reg[30]
  -------------------------------------------------------------------
                         required time                         10.245    
                         arrival time                         -10.045    
  -------------------------------------------------------------------
                         slack                                  0.200    

Slack (MET) :             0.289ns  (required time - arrival time)
  Source:                 <hidden>
                            (rising edge-triggered cell FDRE clocked by clk_out1_split_d_system_clk_wiz_0_0  {rise@0.000ns fall@5.000ns period=10.000ns})
  Destination:            u_bd/split_d_system_i/fsa_0/inst/grp_run_fu_161/grp_runController_fu_106/grp_runQueryTile_fu_142/runQueryBlock_0_U0/grp_runQueryBlock_0_Outline_VITIS_LOOP_117_5_fu_168/acc_b_reg_2859_reg[29]/D
                            (rising edge-triggered cell FDRE clocked by clk_out1_split_d_system_clk_wiz_0_0  {rise@0.000ns fall@5.000ns period=10.000ns})
  Path Group:             clk_out1_split_d_system_clk_wiz_0_0
  Path Type:              Setup (Max at Slow Process Corner)
  Requirement:            10.000ns  (clk_out1_split_d_system_clk_wiz_0_0 rise@10.000ns - clk_out1_split_d_system_clk_wiz_0_0 rise@0.000ns)
  Data Path Delay:        6.898ns  (logic 4.367ns (63.311%)  route 2.531ns (36.689%))
  Logic Levels:           20  (DSP_A_B_DATA=1 DSP_ALU=2 DSP_C_DATA=1 DSP_M_DATA=1 DSP_MULTIPLIER=1 DSP_OUTPUT=2 DSP_PREADD=1 DSP_PREADD_DATA=2 LUT3=3 LUT4=1 LUT5=3 LUT6=2)
  Clock Path Skew:        -0.068ns (DCD - SCD + CPR)
    Destination Clock Delay (DCD):    3.417ns = ( 13.417 - 10.000 ) 
    Source Clock Delay      (SCD):    3.058ns
    Clock Pessimism Removal (CPR):    -0.428ns
  Clock Uncertainty:      2.770ns  ((TSJ^2 + DJ^2)^1/2) / 2 + PE + UU
    Total System Jitter     (TSJ):    0.071ns
    Discrete Jitter          (DJ):    0.120ns
    Phase Error              (PE):    0.000ns
    User Uncertainty         (UU):    2.700ns
  Clock Net Delay (Source):      1.763ns (routing 0.581ns, distribution 1.182ns)
  Clock Net Delay (Destination): 1.579ns (routing 0.530ns, distribution 1.049ns)

    Location             Delay type                Incr(ns)  Path(ns)    Netlist Resource(s)
  -------------------------------------------------------------------    -------------------
                         (clock clk_out1_split_d_system_clk_wiz_0_0 rise edge)
                                                      0.000     0.000 r  
    BH42                                              0.000     0.000 r  board_clk_p (IN)
                         net (fo=0)                   0.100     0.100    u_board_clk/I
    HPIOBDIFFINBUF_X0Y36 DIFFINBUF (Prop_DIFFINBUF_HPIOBDIFFINBUF_DIFF_IN_P_O)
                                                      0.615     0.715 r  u_board_clk/DIFFINBUF_INST/O
                         net (fo=1, routed)           0.050     0.765    u_board_clk/OUT
    BH42                 IBUFCTRL (Prop_IBUFCTRL_HPIOB_M_I_O)
                                                      0.000     0.765 r  u_board_clk/IBUFCTRL_INST/O
                         net (fo=4, routed)           0.384     1.149    u_bd/split_d_system_i/clk_wiz_0/inst/clk_in1
    MMCM_X0Y1            MMCME4_ADV (Prop_MMCM_CLKIN1_CLKOUT0)
                                                     -0.127     1.022 r  u_bd/split_d_system_i/clk_wiz_0/inst/mmcme4_adv_inst/CLKOUT0
                         net (fo=1, routed)           0.245     1.267    u_bd/split_d_system_i/clk_wiz_0/inst/clk_out1_split_d_system_clk_wiz_0_0
    BUFGCE_X0Y24         BUFGCE (Prop_BUFCE_BUFGCE_I_O)
                                                      0.028     1.295 r  u_bd/split_d_system_i/clk_wiz_0/inst/clkout1_buf/O
    X3Y1 (CLOCK_ROOT)    net (fo=48822, routed)       1.763     3.058    <hidden>
    SLICE_X120Y54        FDRE                                         r  <hidden>
  -------------------------------------------------------------------    -------------------
    SLICE_X120Y54        FDRE (Prop_HFF_SLICEL_C_Q)
                                                      0.079     3.137 r  <hidden>
                         net (fo=54, routed)          0.307     3.444    <hidden>
    SLICE_X122Y51        LUT3 (Prop_B6LUT_SLICEM_I1_O)
                                                      0.149     3.593 r  <hidden>
                         net (fo=1, routed)           0.331     3.924    <hidden>
    DSP48E2_X16Y14       DSP_A_B_DATA (Prop_DSP_A_B_DATA_DSP48E2_A[7]_A2_DATA[7])
                                                      0.192     4.116 f  <hidden>
                         net (fo=1, routed)           0.000     4.116    <hidden>
    DSP48E2_X16Y14       DSP_PREADD_DATA (Prop_DSP_PREADD_DATA_DSP48E2_A2_DATA[7]_PREADD_AB[7])
                                                      0.124     4.240 r  <hidden>
                         net (fo=1, routed)           0.000     4.240    <hidden>
    DSP48E2_X16Y14       DSP_PREADD (Prop_DSP_PREADD_DSP48E2_PREADD_AB[7]_AD[26])
                                                      0.488     4.728 f  <hidden>
                         net (fo=1, routed)           0.000     4.728    <hidden>
    DSP48E2_X16Y14       DSP_PREADD_DATA (Prop_DSP_PREADD_DATA_DSP48E2_AD[26]_AD_DATA[26])
                                                      0.050     4.778 r  <hidden>
                         net (fo=1, routed)           0.000     4.778    <hidden>
    DSP48E2_X16Y14       DSP_MULTIPLIER (Prop_DSP_MULTIPLIER_DSP48E2_AD_DATA[26]_U[43])
                                                      0.612     5.390 f  <hidden>
                         net (fo=1, routed)           0.000     5.390    <hidden>
    DSP48E2_X16Y14       DSP_M_DATA (Prop_DSP_M_DATA_DSP48E2_U[43]_U_DATA[43])
                                                      0.047     5.437 r  <hidden>
                         net (fo=1, routed)           0.000     5.437    <hidden>
    DSP48E2_X16Y14       DSP_ALU (Prop_DSP_ALU_DSP48E2_U_DATA[43]_ALU_OUT[47])
                                                      0.585     6.022 r  <hidden>
                         net (fo=1, routed)           0.000     6.022    <hidden>
    DSP48E2_X16Y14       DSP_OUTPUT (Prop_DSP_OUTPUT_DSP48E2_ALU_OUT[47]_PATTERN_DETECT)
                                                      0.363     6.385 r  <hidden>
                         net (fo=59, routed)          0.404     6.788    <hidden>
    SLICE_X121Y47        LUT3 (Prop_D5LUT_SLICEM_I1_O)
                                                      0.158     6.946 r  <hidden>
                         net (fo=3, routed)           0.192     7.139    <hidden>
    SLICE_X121Y47        LUT4 (Prop_A5LUT_SLICEM_I2_O)
                                                      0.112     7.251 f  <hidden>
                         net (fo=1, routed)           0.286     7.537    <hidden>
    SLICE_X121Y47        LUT6 (Prop_G6LUT_SLICEM_I4_O)
                                                      0.037     7.574 f  <hidden>
                         net (fo=2, routed)           0.113     7.687    <hidden>
    SLICE_X120Y47        LUT6 (Prop_A6LUT_SLICEL_I0_O)
                                                      0.149     7.836 r  <hidden>
                         net (fo=4, routed)           0.090     7.926    <hidden>
    SLICE_X120Y48        LUT5 (Prop_C6LUT_SLICEL_I3_O)
                                                      0.096     8.022 f  <hidden>
                         net (fo=3, routed)           0.103     8.125    <hidden>
    SLICE_X120Y49        LUT5 (Prop_H5LUT_SLICEL_I2_O)
                                                      0.133     8.258 r  <hidden>
                         net (fo=3, routed)           0.228     8.486    <hidden>
    SLICE_X120Y49        LUT3 (Prop_B5LUT_SLICEL_I1_O)
                                                      0.104     8.590 r  <hidden>
                         net (fo=1, routed)           0.208     8.798    <hidden>
    DSP48E2_X16Y13       DSP_C_DATA (Prop_DSP_C_DATA_DSP48E2_C[33]_C_DATA[33])
                                                      0.105     8.903 r  <hidden>
                         net (fo=2, routed)           0.000     8.903    <hidden>
    DSP48E2_X16Y13       DSP_ALU (Prop_DSP_ALU_DSP48E2_C_DATA[33]_ALU_OUT[33])
                                                      0.585     9.488 f  <hidden>
                         net (fo=1, routed)           0.000     9.488    <hidden>
    DSP48E2_X16Y13       DSP_OUTPUT (Prop_DSP_OUTPUT_DSP48E2_ALU_OUT[33]_P[33])
                                                      0.109     9.597 r  <hidden>
                         net (fo=1, routed)           0.211     9.808    <hidden>
    SLICE_X122Y49        LUT5 (Prop_H6LUT_SLICEM_I4_O)
                                                      0.090     9.898 r  <hidden>
                         net (fo=1, routed)           0.058     9.956    u_bd/split_d_system_i/fsa_0/inst/grp_run_fu_161/grp_runController_fu_106/grp_runQueryTile_fu_142/runQueryBlock_0_U0/grp_runQueryBlock_0_Outline_VITIS_LOOP_117_5_fu_168/grp_fu_880_p2[29]
    SLICE_X122Y49        FDRE                                         r  u_bd/split_d_system_i/fsa_0/inst/grp_run_fu_161/grp_runController_fu_106/grp_runQueryTile_fu_142/runQueryBlock_0_U0/grp_runQueryBlock_0_Outline_VITIS_LOOP_117_5_fu_168/acc_b_reg_2859_reg[29]/D
  -------------------------------------------------------------------    -------------------

                         (clock clk_out1_split_d_system_clk_wiz_0_0 rise edge)
                                                     10.000    10.000 r  
    BH42                                              0.000    10.000 r  board_clk_p (IN)
                         net (fo=0)                   0.079    10.079    u_board_clk/I
    HPIOBDIFFINBUF_X0Y36 DIFFINBUF (Prop_DIFFINBUF_HPIOBDIFFINBUF_DIFF_IN_P_O)
                                                      0.518    10.597 r  u_board_clk/DIFFINBUF_INST/O
                         net (fo=1, routed)           0.040    10.637    u_board_clk/OUT
    BH42                 IBUFCTRL (Prop_IBUFCTRL_HPIOB_M_I_O)
                                                      0.000    10.637 r  u_board_clk/IBUFCTRL_INST/O
                         net (fo=4, routed)           0.333    10.970    u_bd/split_d_system_i/clk_wiz_0/inst/clk_in1
    MMCM_X0Y1            MMCME4_ADV (Prop_MMCM_CLKIN1_CLKOUT0)
                                                      0.630    11.600 r  u_bd/split_d_system_i/clk_wiz_0/inst/mmcme4_adv_inst/CLKOUT0
                         net (fo=1, routed)           0.215    11.815    u_bd/split_d_system_i/clk_wiz_0/inst/clk_out1_split_d_system_clk_wiz_0_0
    BUFGCE_X0Y24         BUFGCE (Prop_BUFCE_BUFGCE_I_O)
                                                      0.024    11.839 r  u_bd/split_d_system_i/clk_wiz_0/inst/clkout1_buf/O
    X3Y1 (CLOCK_ROOT)    net (fo=48822, routed)       1.579    13.417    u_bd/split_d_system_i/fsa_0/inst/grp_run_fu_161/grp_runController_fu_106/grp_runQueryTile_fu_142/runQueryBlock_0_U0/grp_runQueryBlock_0_Outline_VITIS_LOOP_117_5_fu_168/ap_clk
    SLICE_X122Y49        FDRE                                         r  u_bd/split_d_system_i/fsa_0/inst/grp_run_fu_161/grp_runController_fu_106/grp_runQueryTile_fu_142/runQueryBlock_0_U0/grp_runQueryBlock_0_Outline_VITIS_LOOP_117_5_fu_168/acc_b_reg_2859_reg[29]/C
                         clock pessimism             -0.428    12.990    
                         clock uncertainty           -2.770    10.220    
    SLICE_X122Y49        FDRE (Setup_HFF_SLICEM_C_D)
                                                      0.025    10.245    u_bd/split_d_system_i/fsa_0/inst/grp_run_fu_161/grp_runController_fu_106/grp_runQueryTile_fu_142/runQueryBlock_0_U0/grp_runQueryBlock_0_Outline_VITIS_LOOP_117_5_fu_168/acc_b_reg_2859_reg[29]
  -------------------------------------------------------------------
                         required time                         10.245    
                         arrival time                          -9.956    
  -------------------------------------------------------------------
                         slack                                  0.289    

Slack (MET) :             0.294ns  (required time - arrival time)
  Source:                 <hidden>
                            (rising edge-triggered cell FDRE clocked by clk_out1_split_d_system_clk_wiz_0_0  {rise@0.000ns fall@5.000ns period=10.000ns})
  Destination:            u_bd/split_d_system_i/fsa_0/inst/grp_run_fu_161/grp_runController_fu_106/grp_runQueryTile_fu_142/runQueryBlock_0_U0/grp_runQueryBlock_0_Outline_VITIS_LOOP_117_5_fu_168/acc_b_reg_2859_reg[28]/D
                            (rising edge-triggered cell FDRE clocked by clk_out1_split_d_system_clk_wiz_0_0  {rise@0.000ns fall@5.000ns period=10.000ns})
  Path Group:             clk_out1_split_d_system_clk_wiz_0_0
  Path Type:              Setup (Max at Slow Process Corner)
  Requirement:            10.000ns  (clk_out1_split_d_system_clk_wiz_0_0 rise@10.000ns - clk_out1_split_d_system_clk_wiz_0_0 rise@0.000ns)
  Data Path Delay:        6.928ns  (logic 4.362ns (62.965%)  route 2.566ns (37.035%))
  Logic Levels:           20  (DSP_A_B_DATA=1 DSP_ALU=2 DSP_C_DATA=1 DSP_M_DATA=1 DSP_MULTIPLIER=1 DSP_OUTPUT=2 DSP_PREADD=1 DSP_PREADD_DATA=2 LUT2=1 LUT3=2 LUT4=1 LUT5=3 LUT6=2)
  Clock Path Skew:        -0.034ns (DCD - SCD + CPR)
    Destination Clock Delay (DCD):    3.400ns = ( 13.400 - 10.000 ) 
    Source Clock Delay      (SCD):    3.058ns
    Clock Pessimism Removal (CPR):    -0.376ns
  Clock Uncertainty:      2.770ns  ((TSJ^2 + DJ^2)^1/2) / 2 + PE + UU
    Total System Jitter     (TSJ):    0.071ns
    Discrete Jitter          (DJ):    0.120ns
    Phase Error              (PE):    0.000ns
    User Uncertainty         (UU):    2.700ns
  Clock Net Delay (Source):      1.763ns (routing 0.581ns, distribution 1.182ns)
  Clock Net Delay (Destination): 1.561ns (routing 0.530ns, distribution 1.031ns)

    Location             Delay type                Incr(ns)  Path(ns)    Netlist Resource(s)
  -------------------------------------------------------------------    -------------------
                         (clock clk_out1_split_d_system_clk_wiz_0_0 rise edge)
                                                      0.000     0.000 r  
    BH42                                              0.000     0.000 r  board_clk_p (IN)
                         net (fo=0)                   0.100     0.100    u_board_clk/I
    HPIOBDIFFINBUF_X0Y36 DIFFINBUF (Prop_DIFFINBUF_HPIOBDIFFINBUF_DIFF_IN_P_O)
                                                      0.615     0.715 r  u_board_clk/DIFFINBUF_INST/O
                         net (fo=1, routed)           0.050     0.765    u_board_clk/OUT
    BH42                 IBUFCTRL (Prop_IBUFCTRL_HPIOB_M_I_O)
                                                      0.000     0.765 r  u_board_clk/IBUFCTRL_INST/O
                         net (fo=4, routed)           0.384     1.149    u_bd/split_d_system_i/clk_wiz_0/inst/clk_in1
    MMCM_X0Y1            MMCME4_ADV (Prop_MMCM_CLKIN1_CLKOUT0)
                                                     -0.127     1.022 r  u_bd/split_d_system_i/clk_wiz_0/inst/mmcme4_adv_inst/CLKOUT0
                         net (fo=1, routed)           0.245     1.267    u_bd/split_d_system_i/clk_wiz_0/inst/clk_out1_split_d_system_clk_wiz_0_0
    BUFGCE_X0Y24         BUFGCE (Prop_BUFCE_BUFGCE_I_O)
                                                      0.028     1.295 r  u_bd/split_d_system_i/clk_wiz_0/inst/clkout1_buf/O
    X3Y1 (CLOCK_ROOT)    net (fo=48822, routed)       1.763     3.058    <hidden>
    SLICE_X120Y54        FDRE                                         r  <hidden>
  -------------------------------------------------------------------    -------------------
    SLICE_X120Y54        FDRE (Prop_HFF_SLICEL_C_Q)
                                                      0.079     3.137 r  <hidden>
                         net (fo=54, routed)          0.307     3.444    <hidden>
    SLICE_X122Y51        LUT3 (Prop_B6LUT_SLICEM_I1_O)
                                                      0.149     3.593 r  <hidden>
                         net (fo=1, routed)           0.331     3.924    <hidden>
    DSP48E2_X16Y14       DSP_A_B_DATA (Prop_DSP_A_B_DATA_DSP48E2_A[7]_A2_DATA[7])
                                                      0.192     4.116 f  <hidden>
                         net (fo=1, routed)           0.000     4.116    <hidden>
    DSP48E2_X16Y14       DSP_PREADD_DATA (Prop_DSP_PREADD_DATA_DSP48E2_A2_DATA[7]_PREADD_AB[7])
                                                      0.124     4.240 r  <hidden>
                         net (fo=1, routed)           0.000     4.240    <hidden>
    DSP48E2_X16Y14       DSP_PREADD (Prop_DSP_PREADD_DSP48E2_PREADD_AB[7]_AD[26])
                                                      0.488     4.728 f  <hidden>
                         net (fo=1, routed)           0.000     4.728    <hidden>
    DSP48E2_X16Y14       DSP_PREADD_DATA (Prop_DSP_PREADD_DATA_DSP48E2_AD[26]_AD_DATA[26])
                                                      0.050     4.778 r  <hidden>
                         net (fo=1, routed)           0.000     4.778    <hidden>
    DSP48E2_X16Y14       DSP_MULTIPLIER (Prop_DSP_MULTIPLIER_DSP48E2_AD_DATA[26]_U[43])
                                                      0.612     5.390 f  <hidden>
                         net (fo=1, routed)           0.000     5.390    <hidden>
    DSP48E2_X16Y14       DSP_M_DATA (Prop_DSP_M_DATA_DSP48E2_U[43]_U_DATA[43])
                                                      0.047     5.437 r  <hidden>
                         net (fo=1, routed)           0.000     5.437    <hidden>
    DSP48E2_X16Y14       DSP_ALU (Prop_DSP_ALU_DSP48E2_U_DATA[43]_ALU_OUT[47])
                                                      0.585     6.022 r  <hidden>
                         net (fo=1, routed)           0.000     6.022    <hidden>
    DSP48E2_X16Y14       DSP_OUTPUT (Prop_DSP_OUTPUT_DSP48E2_ALU_OUT[47]_PATTERN_DETECT)
                                                      0.363     6.385 r  <hidden>
                         net (fo=59, routed)          0.404     6.788    <hidden>
    SLICE_X121Y47        LUT3 (Prop_D5LUT_SLICEM_I1_O)
                                                      0.158     6.946 r  <hidden>
                         net (fo=3, routed)           0.192     7.139    <hidden>
    SLICE_X121Y47        LUT4 (Prop_A5LUT_SLICEM_I2_O)
                                                      0.112     7.251 f  <hidden>
                         net (fo=1, routed)           0.286     7.537    <hidden>
    SLICE_X121Y47        LUT6 (Prop_G6LUT_SLICEM_I4_O)
                                                      0.037     7.574 f  <hidden>
                         net (fo=2, routed)           0.113     7.687    <hidden>
    SLICE_X120Y47        LUT6 (Prop_A6LUT_SLICEL_I0_O)
                                                      0.149     7.836 r  <hidden>
                         net (fo=4, routed)           0.090     7.926    <hidden>
    SLICE_X120Y48        LUT5 (Prop_C6LUT_SLICEL_I3_O)
                                                      0.096     8.022 f  <hidden>
                         net (fo=3, routed)           0.103     8.125    <hidden>
    SLICE_X120Y49        LUT5 (Prop_H5LUT_SLICEL_I2_O)
                                                      0.133     8.258 r  <hidden>
                         net (fo=3, routed)           0.228     8.486    <hidden>
    SLICE_X120Y49        LUT2 (Prop_B6LUT_SLICEL_I0_O)
                                                      0.090     8.576 r  <hidden>
                         net (fo=1, routed)           0.207     8.783    <hidden>
    DSP48E2_X16Y13       DSP_C_DATA (Prop_DSP_C_DATA_DSP48E2_C[32]_C_DATA[32])
                                                      0.105     8.888 r  <hidden>
                         net (fo=2, routed)           0.000     8.888    <hidden>
    DSP48E2_X16Y13       DSP_ALU (Prop_DSP_ALU_DSP48E2_C_DATA[32]_ALU_OUT[32])
                                                      0.585     9.473 f  <hidden>
                         net (fo=1, routed)           0.000     9.473    <hidden>
    DSP48E2_X16Y13       DSP_OUTPUT (Prop_DSP_OUTPUT_DSP48E2_ALU_OUT[32]_P[32])
                                                      0.109     9.582 r  <hidden>
                         net (fo=1, routed)           0.256     9.838    <hidden>
    SLICE_X120Y48        LUT5 (Prop_D6LUT_SLICEL_I4_O)
                                                      0.099     9.937 r  <hidden>
                         net (fo=1, routed)           0.049     9.986    u_bd/split_d_system_i/fsa_0/inst/grp_run_fu_161/grp_runController_fu_106/grp_runQueryTile_fu_142/runQueryBlock_0_U0/grp_runQueryBlock_0_Outline_VITIS_LOOP_117_5_fu_168/grp_fu_880_p2[28]
    SLICE_X120Y48        FDRE                                         r  u_bd/split_d_system_i/fsa_0/inst/grp_run_fu_161/grp_runController_fu_106/grp_runQueryTile_fu_142/runQueryBlock_0_U0/grp_runQueryBlock_0_Outline_VITIS_LOOP_117_5_fu_168/acc_b_reg_2859_reg[28]/D
  -------------------------------------------------------------------    -------------------

                         (clock clk_out1_split_d_system_clk_wiz_0_0 rise edge)
                                                     10.000    10.000 r  
    BH42                                              0.000    10.000 r  board_clk_p (IN)
                         net (fo=0)                   0.079    10.079    u_board_clk/I
    HPIOBDIFFINBUF_X0Y36 DIFFINBUF (Prop_DIFFINBUF_HPIOBDIFFINBUF_DIFF_IN_P_O)
                                                      0.518    10.597 r  u_board_clk/DIFFINBUF_INST/O
                         net (fo=1, routed)           0.040    10.637    u_board_clk/OUT
    BH42                 IBUFCTRL (Prop_IBUFCTRL_HPIOB_M_I_O)
                                                      0.000    10.637 r  u_board_clk/IBUFCTRL_INST/O
                         net (fo=4, routed)           0.333    10.970    u_bd/split_d_system_i/clk_wiz_0/inst/clk_in1
    MMCM_X0Y1            MMCME4_ADV (Prop_MMCM_CLKIN1_CLKOUT0)
                                                      0.630    11.600 r  u_bd/split_d_system_i/clk_wiz_0/inst/mmcme4_adv_inst/CLKOUT0
                         net (fo=1, routed)           0.215    11.815    u_bd/split_d_system_i/clk_wiz_0/inst/clk_out1_split_d_system_clk_wiz_0_0
    BUFGCE_X0Y24         BUFGCE (Prop_BUFCE_BUFGCE_I_O)
                                                      0.024    11.839 r  u_bd/split_d_system_i/clk_wiz_0/inst/clkout1_buf/O
    X3Y1 (CLOCK_ROOT)    net (fo=48822, routed)       1.561    13.400    u_bd/split_d_system_i/fsa_0/inst/grp_run_fu_161/grp_runController_fu_106/grp_runQueryTile_fu_142/runQueryBlock_0_U0/grp_runQueryBlock_0_Outline_VITIS_LOOP_117_5_fu_168/ap_clk
    SLICE_X120Y48        FDRE                                         r  u_bd/split_d_system_i/fsa_0/inst/grp_run_fu_161/grp_runController_fu_106/grp_runQueryTile_fu_142/runQueryBlock_0_U0/grp_runQueryBlock_0_Outline_VITIS_LOOP_117_5_fu_168/acc_b_reg_2859_reg[28]/C
                         clock pessimism             -0.376    13.024    
                         clock uncertainty           -2.770    10.254    
    SLICE_X120Y48        FDRE (Setup_DFF_SLICEL_C_D)
                                                      0.025    10.279    u_bd/split_d_system_i/fsa_0/inst/grp_run_fu_161/grp_runController_fu_106/grp_runQueryTile_fu_142/runQueryBlock_0_U0/grp_runQueryBlock_0_Outline_VITIS_LOOP_117_5_fu_168/acc_b_reg_2859_reg[28]
  -------------------------------------------------------------------
                         required time                         10.279    
                         arrival time                          -9.986    
  -------------------------------------------------------------------
                         slack                                  0.294    

Slack (MET) :             0.394ns  (required time - arrival time)
  Source:                 <hidden>
                            (rising edge-triggered cell FDRE clocked by clk_out1_split_d_system_clk_wiz_0_0  {rise@0.000ns fall@5.000ns period=10.000ns})
  Destination:            u_bd/split_d_system_i/fsa_0/inst/grp_run_fu_161/grp_runController_fu_106/grp_runQueryTile_fu_142/runQueryBlock_0_U0/grp_runQueryBlock_0_Outline_VITIS_LOOP_117_5_fu_168/acc_b_reg_2859_reg[19]/D
                            (rising edge-triggered cell FDRE clocked by clk_out1_split_d_system_clk_wiz_0_0  {rise@0.000ns fall@5.000ns period=10.000ns})
  Path Group:             clk_out1_split_d_system_clk_wiz_0_0
  Path Type:              Setup (Max at Slow Process Corner)
  Requirement:            10.000ns  (clk_out1_split_d_system_clk_wiz_0_0 rise@10.000ns - clk_out1_split_d_system_clk_wiz_0_0 rise@0.000ns)
  Data Path Delay:        6.826ns  (logic 4.871ns (71.359%)  route 1.955ns (28.641%))
  Logic Levels:           19  (CARRY8=1 DSP_A_B_DATA=2 DSP_ALU=2 DSP_M_DATA=2 DSP_MULTIPLIER=2 DSP_OUTPUT=2 DSP_PREADD=1 DSP_PREADD_DATA=3 LUT2=1 LUT3=1 LUT5=2)
  Clock Path Skew:        -0.035ns (DCD - SCD + CPR)
    Destination Clock Delay (DCD):    3.399ns = ( 13.399 - 10.000 ) 
    Source Clock Delay      (SCD):    3.058ns
    Clock Pessimism Removal (CPR):    -0.376ns
  Clock Uncertainty:      2.770ns  ((TSJ^2 + DJ^2)^1/2) / 2 + PE + UU
    Total System Jitter     (TSJ):    0.071ns
    Discrete Jitter          (DJ):    0.120ns
    Phase Error              (PE):    0.000ns
    User Uncertainty         (UU):    2.700ns
  Clock Net Delay (Source):      1.763ns (routing 0.581ns, distribution 1.182ns)
  Clock Net Delay (Destination): 1.560ns (routing 0.530ns, distribution 1.030ns)

    Location             Delay type                Incr(ns)  Path(ns)    Netlist Resource(s)
  -------------------------------------------------------------------    -------------------
                         (clock clk_out1_split_d_system_clk_wiz_0_0 rise edge)
                                                      0.000     0.000 r  
    BH42                                              0.000     0.000 r  board_clk_p (IN)
                         net (fo=0)                   0.100     0.100    u_board_clk/I
    HPIOBDIFFINBUF_X0Y36 DIFFINBUF (Prop_DIFFINBUF_HPIOBDIFFINBUF_DIFF_IN_P_O)
                                                      0.615     0.715 r  u_board_clk/DIFFINBUF_INST/O
                         net (fo=1, routed)           0.050     0.765    u_board_clk/OUT
    BH42                 IBUFCTRL (Prop_IBUFCTRL_HPIOB_M_I_O)
                                                      0.000     0.765 r  u_board_clk/IBUFCTRL_INST/O
                         net (fo=4, routed)           0.384     1.149    u_bd/split_d_system_i/clk_wiz_0/inst/clk_in1
    MMCM_X0Y1            MMCME4_ADV (Prop_MMCM_CLKIN1_CLKOUT0)
                                                     -0.127     1.022 r  u_bd/split_d_system_i/clk_wiz_0/inst/mmcme4_adv_inst/CLKOUT0
                         net (fo=1, routed)           0.245     1.267    u_bd/split_d_system_i/clk_wiz_0/inst/clk_out1_split_d_system_clk_wiz_0_0
    BUFGCE_X0Y24         BUFGCE (Prop_BUFCE_BUFGCE_I_O)
                                                      0.028     1.295 r  u_bd/split_d_system_i/clk_wiz_0/inst/clkout1_buf/O
    X3Y1 (CLOCK_ROOT)    net (fo=48822, routed)       1.763     3.058    <hidden>
    SLICE_X120Y54        FDRE                                         r  <hidden>
  -------------------------------------------------------------------    -------------------
    SLICE_X120Y54        FDRE (Prop_HFF_SLICEL_C_Q)
                                                      0.079     3.137 r  <hidden>
                         net (fo=54, routed)          0.307     3.444    <hidden>
    SLICE_X122Y51        LUT3 (Prop_B6LUT_SLICEM_I1_O)
                                                      0.149     3.593 r  <hidden>
                         net (fo=1, routed)           0.331     3.924    <hidden>
    DSP48E2_X16Y14       DSP_A_B_DATA (Prop_DSP_A_B_DATA_DSP48E2_A[7]_A2_DATA[7])
                                                      0.192     4.116 f  <hidden>
                         net (fo=1, routed)           0.000     4.116    <hidden>
    DSP48E2_X16Y14       DSP_PREADD_DATA (Prop_DSP_PREADD_DATA_DSP48E2_A2_DATA[7]_PREADD_AB[7])
                                                      0.124     4.240 r  <hidden>
                         net (fo=1, routed)           0.000     4.240    <hidden>
    DSP48E2_X16Y14       DSP_PREADD (Prop_DSP_PREADD_DSP48E2_PREADD_AB[7]_AD[26])
                                                      0.488     4.728 f  <hidden>
                         net (fo=1, routed)           0.000     4.728    <hidden>
    DSP48E2_X16Y14       DSP_PREADD_DATA (Prop_DSP_PREADD_DATA_DSP48E2_AD[26]_AD_DATA[26])
                                                      0.050     4.778 r  <hidden>
                         net (fo=1, routed)           0.000     4.778    <hidden>
    DSP48E2_X16Y14       DSP_MULTIPLIER (Prop_DSP_MULTIPLIER_DSP48E2_AD_DATA[26]_U[43])
                                                      0.612     5.390 f  <hidden>
                         net (fo=1, routed)           0.000     5.390    <hidden>
    DSP48E2_X16Y14       DSP_M_DATA (Prop_DSP_M_DATA_DSP48E2_U[43]_U_DATA[43])
                                                      0.047     5.437 r  <hidden>
                         net (fo=1, routed)           0.000     5.437    <hidden>
    DSP48E2_X16Y14       DSP_ALU (Prop_DSP_ALU_DSP48E2_U_DATA[43]_ALU_OUT[47])
                                                      0.585     6.022 r  <hidden>
                         net (fo=1, routed)           0.000     6.022    <hidden>
    DSP48E2_X16Y14       DSP_OUTPUT (Prop_DSP_OUTPUT_DSP48E2_ALU_OUT[47]_PATTERN_DETECT)
                                                      0.363     6.385 r  <hidden>
                         net (fo=59, routed)          0.272     6.657    <hidden>
    SLICE_X121Y50        LUT5 (Prop_B6LUT_SLICEM_I3_O)
                                                      0.149     6.806 r  <hidden>
                         net (fo=1, routed)           0.016     6.822    <hidden>
    SLICE_X121Y50        CARRY8 (Prop_CARRY8_SLICEM_S[1]_CO[7])
                                                      0.197     7.019 r  <hidden>
                         net (fo=5, routed)           0.271     7.290    <hidden>
    SLICE_X120Y50        LUT5 (Prop_C5LUT_SLICEL_I2_O)
                                                      0.136     7.426 f  <hidden>
                         net (fo=1, routed)           0.375     7.801    <hidden>
    DSP48E2_X16Y13       DSP_A_B_DATA (Prop_DSP_A_B_DATA_DSP48E2_B[15]_B2_DATA[15])
                                                      0.151     7.952 r  <hidden>
                         net (fo=1, routed)           0.000     7.952    <hidden>
    DSP48E2_X16Y13       DSP_PREADD_DATA (Prop_DSP_PREADD_DATA_DSP48E2_B2_DATA[15]_B2B1[15])
                                                      0.073     8.025 r  <hidden>
                         net (fo=1, routed)           0.000     8.025    <hidden>
    DSP48E2_X16Y13       DSP_MULTIPLIER (Prop_DSP_MULTIPLIER_DSP48E2_B2B1[15]_V[21])
                                                      0.609     8.634 f  <hidden>
                         net (fo=1, routed)           0.000     8.634    <hidden>
    DSP48E2_X16Y13       DSP_M_DATA (Prop_DSP_M_DATA_DSP48E2_V[21]_V_DATA[21])
                                                      0.046     8.680 r  <hidden>
                         net (fo=1, routed)           0.000     8.680    <hidden>
    DSP48E2_X16Y13       DSP_ALU (Prop_DSP_ALU_DSP48E2_V_DATA[21]_ALU_OUT[21])
                                                      0.571     9.251 f  <hidden>
                         net (fo=1, routed)           0.000     9.251    <hidden>
    DSP48E2_X16Y13       DSP_OUTPUT (Prop_DSP_OUTPUT_DSP48E2_ALU_OUT[21]_P[21])
                                                      0.109     9.360 r  <hidden>
                         net (fo=1, routed)           0.365     9.725    <hidden>
    SLICE_X120Y46        LUT2 (Prop_B5LUT_SLICEL_I0_O)
                                                      0.141     9.866 r  <hidden>
                         net (fo=1, routed)           0.018     9.884    u_bd/split_d_system_i/fsa_0/inst/grp_run_fu_161/grp_runController_fu_106/grp_runQueryTile_fu_142/runQueryBlock_0_U0/grp_runQueryBlock_0_Outline_VITIS_LOOP_117_5_fu_168/grp_fu_880_p2[19]
    SLICE_X120Y46        FDRE                                         r  u_bd/split_d_system_i/fsa_0/inst/grp_run_fu_161/grp_runController_fu_106/grp_runQueryTile_fu_142/runQueryBlock_0_U0/grp_runQueryBlock_0_Outline_VITIS_LOOP_117_5_fu_168/acc_b_reg_2859_reg[19]/D
  -------------------------------------------------------------------    -------------------

                         (clock clk_out1_split_d_system_clk_wiz_0_0 rise edge)
                                                     10.000    10.000 r  
    BH42                                              0.000    10.000 r  board_clk_p (IN)
                         net (fo=0)                   0.079    10.079    u_board_clk/I
    HPIOBDIFFINBUF_X0Y36 DIFFINBUF (Prop_DIFFINBUF_HPIOBDIFFINBUF_DIFF_IN_P_O)
                                                      0.518    10.597 r  u_board_clk/DIFFINBUF_INST/O
                         net (fo=1, routed)           0.040    10.637    u_board_clk/OUT
    BH42                 IBUFCTRL (Prop_IBUFCTRL_HPIOB_M_I_O)
                                                      0.000    10.637 r  u_board_clk/IBUFCTRL_INST/O
                         net (fo=4, routed)           0.333    10.970    u_bd/split_d_system_i/clk_wiz_0/inst/clk_in1
    MMCM_X0Y1            MMCME4_ADV (Prop_MMCM_CLKIN1_CLKOUT0)
                                                      0.630    11.600 r  u_bd/split_d_system_i/clk_wiz_0/inst/mmcme4_adv_inst/CLKOUT0
                         net (fo=1, routed)           0.215    11.815    u_bd/split_d_system_i/clk_wiz_0/inst/clk_out1_split_d_system_clk_wiz_0_0
    BUFGCE_X0Y24         BUFGCE (Prop_BUFCE_BUFGCE_I_O)
                                                      0.024    11.839 r  u_bd/split_d_system_i/clk_wiz_0/inst/clkout1_buf/O
    X3Y1 (CLOCK_ROOT)    net (fo=48822, routed)       1.560    13.399    u_bd/split_d_system_i/fsa_0/inst/grp_run_fu_161/grp_runController_fu_106/grp_runQueryTile_fu_142/runQueryBlock_0_U0/grp_runQueryBlock_0_Outline_VITIS_LOOP_117_5_fu_168/ap_clk
    SLICE_X120Y46        FDRE                                         r  u_bd/split_d_system_i/fsa_0/inst/grp_run_fu_161/grp_runController_fu_106/grp_runQueryTile_fu_142/runQueryBlock_0_U0/grp_runQueryBlock_0_Outline_VITIS_LOOP_117_5_fu_168/acc_b_reg_2859_reg[19]/C
                         clock pessimism             -0.376    13.023    
                         clock uncertainty           -2.770    10.253    
    SLICE_X120Y46        FDRE (Setup_BFF2_SLICEL_C_D)
                                                      0.025    10.278    u_bd/split_d_system_i/fsa_0/inst/grp_run_fu_161/grp_runController_fu_106/grp_runQueryTile_fu_142/runQueryBlock_0_U0/grp_runQueryBlock_0_Outline_VITIS_LOOP_117_5_fu_168/acc_b_reg_2859_reg[19]
  -------------------------------------------------------------------
                         required time                         10.278    
                         arrival time                          -9.884    
  -------------------------------------------------------------------
                         slack                                  0.394    

Slack (MET) :             0.435ns  (required time - arrival time)
  Source:                 <hidden>
                            (rising edge-triggered cell FDRE clocked by clk_out1_split_d_system_clk_wiz_0_0  {rise@0.000ns fall@5.000ns period=10.000ns})
  Destination:            u_bd/split_d_system_i/fsa_0/inst/grp_run_fu_161/grp_runController_fu_106/grp_runQueryTile_fu_142/runQueryBlock_1_U0/grp_runQueryBlock_1_Outline_VITIS_LOOP_117_5_fu_172/acc_b_3_reg_2864_reg[30]/D
                            (rising edge-triggered cell FDRE clocked by clk_out1_split_d_system_clk_wiz_0_0  {rise@0.000ns fall@5.000ns period=10.000ns})
  Path Group:             clk_out1_split_d_system_clk_wiz_0_0
  Path Type:              Setup (Max at Slow Process Corner)
  Requirement:            10.000ns  (clk_out1_split_d_system_clk_wiz_0_0 rise@10.000ns - clk_out1_split_d_system_clk_wiz_0_0 rise@0.000ns)
  Data Path Delay:        6.725ns  (logic 4.161ns (61.877%)  route 2.564ns (38.123%))
  Logic Levels:           20  (DSP_A_B_DATA=1 DSP_ALU=2 DSP_C_DATA=1 DSP_M_DATA=1 DSP_MULTIPLIER=1 DSP_OUTPUT=2 DSP_PREADD=1 DSP_PREADD_DATA=2 LUT3=3 LUT4=1 LUT5=3 LUT6=2)
  Clock Path Skew:        -0.096ns (DCD - SCD + CPR)
    Destination Clock Delay (DCD):    3.411ns = ( 13.411 - 10.000 ) 
    Source Clock Delay      (SCD):    3.073ns
    Clock Pessimism Removal (CPR):    -0.434ns
  Clock Uncertainty:      2.770ns  ((TSJ^2 + DJ^2)^1/2) / 2 + PE + UU
    Total System Jitter     (TSJ):    0.071ns
    Discrete Jitter          (DJ):    0.120ns
    Phase Error              (PE):    0.000ns
    User Uncertainty         (UU):    2.700ns
  Clock Net Delay (Source):      1.778ns (routing 0.581ns, distribution 1.197ns)
  Clock Net Delay (Destination): 1.572ns (routing 0.530ns, distribution 1.042ns)

    Location             Delay type                Incr(ns)  Path(ns)    Netlist Resource(s)
  -------------------------------------------------------------------    -------------------
                         (clock clk_out1_split_d_system_clk_wiz_0_0 rise edge)
                                                      0.000     0.000 r  
    BH42                                              0.000     0.000 r  board_clk_p (IN)
                         net (fo=0)                   0.100     0.100    u_board_clk/I
    HPIOBDIFFINBUF_X0Y36 DIFFINBUF (Prop_DIFFINBUF_HPIOBDIFFINBUF_DIFF_IN_P_O)
                                                      0.615     0.715 r  u_board_clk/DIFFINBUF_INST/O
                         net (fo=1, routed)           0.050     0.765    u_board_clk/OUT
    BH42                 IBUFCTRL (Prop_IBUFCTRL_HPIOB_M_I_O)
                                                      0.000     0.765 r  u_board_clk/IBUFCTRL_INST/O
                         net (fo=4, routed)           0.384     1.149    u_bd/split_d_system_i/clk_wiz_0/inst/clk_in1
    MMCM_X0Y1            MMCME4_ADV (Prop_MMCM_CLKIN1_CLKOUT0)
                                                     -0.127     1.022 r  u_bd/split_d_system_i/clk_wiz_0/inst/mmcme4_adv_inst/CLKOUT0
                         net (fo=1, routed)           0.245     1.267    u_bd/split_d_system_i/clk_wiz_0/inst/clk_out1_split_d_system_clk_wiz_0_0
    BUFGCE_X0Y24         BUFGCE (Prop_BUFCE_BUFGCE_I_O)
                                                      0.028     1.295 r  u_bd/split_d_system_i/clk_wiz_0/inst/clkout1_buf/O
    X3Y1 (CLOCK_ROOT)    net (fo=48822, routed)       1.778     3.073    <hidden>
    SLICE_X64Y123        FDRE                                         r  <hidden>
  -------------------------------------------------------------------    -------------------
    SLICE_X64Y123        FDRE (Prop_HFF_SLICEL_C_Q)
                                                      0.079     3.152 r  <hidden>
                         net (fo=54, routed)          0.177     3.329    <hidden>
    SLICE_X62Y122        LUT3 (Prop_D6LUT_SLICEL_I1_O)
                                                      0.122     3.451 r  <hidden>
                         net (fo=1, routed)           0.352     3.803    <hidden>
    DSP48E2_X8Y43        DSP_A_B_DATA (Prop_DSP_A_B_DATA_DSP48E2_A[13]_A2_DATA[13])
                                                      0.192     3.995 f  <hidden>
                         net (fo=1, routed)           0.000     3.995    <hidden>
    DSP48E2_X8Y43        DSP_PREADD_DATA (Prop_DSP_PREADD_DATA_DSP48E2_A2_DATA[13]_PREADD_AB[13])
                                                      0.124     4.119 r  <hidden>
                         net (fo=1, routed)           0.000     4.119    <hidden>
    DSP48E2_X8Y43        DSP_PREADD (Prop_DSP_PREADD_DSP48E2_PREADD_AB[13]_AD[26])
                                                      0.488     4.607 f  <hidden>
                         net (fo=1, routed)           0.000     4.607    <hidden>
    DSP48E2_X8Y43        DSP_PREADD_DATA (Prop_DSP_PREADD_DATA_DSP48E2_AD[26]_AD_DATA[26])
                                                      0.050     4.657 r  <hidden>
                         net (fo=1, routed)           0.000     4.657    <hidden>
    DSP48E2_X8Y43        DSP_MULTIPLIER (Prop_DSP_MULTIPLIER_DSP48E2_AD_DATA[26]_U[43])
                                                      0.612     5.269 f  <hidden>
                         net (fo=1, routed)           0.000     5.269    <hidden>
    DSP48E2_X8Y43        DSP_M_DATA (Prop_DSP_M_DATA_DSP48E2_U[43]_U_DATA[43])
                                                      0.047     5.316 r  <hidden>
                         net (fo=1, routed)           0.000     5.316    <hidden>
    DSP48E2_X8Y43        DSP_ALU (Prop_DSP_ALU_DSP48E2_U_DATA[43]_ALU_OUT[47])
                                                      0.585     5.901 r  <hidden>
                         net (fo=1, routed)           0.000     5.901    <hidden>
    DSP48E2_X8Y43        DSP_OUTPUT (Prop_DSP_OUTPUT_DSP48E2_ALU_OUT[47]_PATTERN_DETECT)
                                                      0.363     6.264 r  <hidden>
                         net (fo=59, routed)          0.285     6.549    <hidden>
    SLICE_X59Y123        LUT3 (Prop_G6LUT_SLICEL_I1_O)
                                                      0.149     6.698 f  <hidden>
                         net (fo=4, routed)           0.235     6.933    <hidden>
    SLICE_X59Y125        LUT4 (Prop_B5LUT_SLICEL_I1_O)
                                                      0.104     7.037 f  <hidden>
                         net (fo=1, routed)           0.208     7.245    <hidden>
    SLICE_X59Y125        LUT6 (Prop_G6LUT_SLICEL_I0_O)
                                                      0.123     7.368 f  <hidden>
                         net (fo=2, routed)           0.103     7.471    <hidden>
    SLICE_X60Y125        LUT6 (Prop_G6LUT_SLICEM_I0_O)
                                                      0.052     7.523 r  <hidden>
                         net (fo=4, routed)           0.128     7.651    <hidden>
    SLICE_X60Y125        LUT5 (Prop_D6LUT_SLICEM_I3_O)
                                                      0.051     7.702 f  <hidden>
                         net (fo=3, routed)           0.146     7.849    <hidden>
    SLICE_X61Y125        LUT5 (Prop_C5LUT_SLICEM_I2_O)
                                                      0.068     7.917 r  <hidden>
                         net (fo=3, routed)           0.184     8.100    <hidden>
    SLICE_X61Y125        LUT3 (Prop_B5LUT_SLICEM_I1_O)
                                                      0.103     8.203 r  <hidden>
                         net (fo=1, routed)           0.313     8.516    <hidden>
    DSP48E2_X8Y44        DSP_C_DATA (Prop_DSP_C_DATA_DSP48E2_C[33]_C_DATA[33])
                                                      0.105     8.621 r  <hidden>
                         net (fo=2, routed)           0.000     8.621    <hidden>
    DSP48E2_X8Y44        DSP_ALU (Prop_DSP_ALU_DSP48E2_C_DATA[33]_ALU_OUT[34])
                                                      0.585     9.206 f  <hidden>
                         net (fo=1, routed)           0.000     9.206    <hidden>
    DSP48E2_X8Y44        DSP_OUTPUT (Prop_DSP_OUTPUT_DSP48E2_ALU_OUT[34]_P[34])
                                                      0.109     9.315 r  <hidden>
                         net (fo=1, routed)           0.382     9.697    <hidden>
    SLICE_X58Y129        LUT5 (Prop_C6LUT_SLICEL_I4_O)
                                                      0.050     9.747 r  <hidden>
                         net (fo=1, routed)           0.050     9.797    u_bd/split_d_system_i/fsa_0/inst/grp_run_fu_161/grp_runController_fu_106/grp_runQueryTile_fu_142/runQueryBlock_1_U0/grp_runQueryBlock_1_Outline_VITIS_LOOP_117_5_fu_172/grp_fu_884_p2[30]
    SLICE_X58Y129        FDRE                                         r  u_bd/split_d_system_i/fsa_0/inst/grp_run_fu_161/grp_runController_fu_106/grp_runQueryTile_fu_142/runQueryBlock_1_U0/grp_runQueryBlock_1_Outline_VITIS_LOOP_117_5_fu_172/acc_b_3_reg_2864_reg[30]/D
  -------------------------------------------------------------------    -------------------

                         (clock clk_out1_split_d_system_clk_wiz_0_0 rise edge)
                                                     10.000    10.000 r  
    BH42                                              0.000    10.000 r  board_clk_p (IN)
                         net (fo=0)                   0.079    10.079    u_board_clk/I
    HPIOBDIFFINBUF_X0Y36 DIFFINBUF (Prop_DIFFINBUF_HPIOBDIFFINBUF_DIFF_IN_P_O)
                                                      0.518    10.597 r  u_board_clk/DIFFINBUF_INST/O
                         net (fo=1, routed)           0.040    10.637    u_board_clk/OUT
    BH42                 IBUFCTRL (Prop_IBUFCTRL_HPIOB_M_I_O)
                                                      0.000    10.637 r  u_board_clk/IBUFCTRL_INST/O
                         net (fo=4, routed)           0.333    10.970    u_bd/split_d_system_i/clk_wiz_0/inst/clk_in1
    MMCM_X0Y1            MMCME4_ADV (Prop_MMCM_CLKIN1_CLKOUT0)
                                                      0.630    11.600 r  u_bd/split_d_system_i/clk_wiz_0/inst/mmcme4_adv_inst/CLKOUT0
                         net (fo=1, routed)           0.215    11.815    u_bd/split_d_system_i/clk_wiz_0/inst/clk_out1_split_d_system_clk_wiz_0_0
    BUFGCE_X0Y24         BUFGCE (Prop_BUFCE_BUFGCE_I_O)
                                                      0.024    11.839 r  u_bd/split_d_system_i/clk_wiz_0/inst/clkout1_buf/O
    X3Y1 (CLOCK_ROOT)    net (fo=48822, routed)       1.572    13.411    u_bd/split_d_system_i/fsa_0/inst/grp_run_fu_161/grp_runController_fu_106/grp_runQueryTile_fu_142/runQueryBlock_1_U0/grp_runQueryBlock_1_Outline_VITIS_LOOP_117_5_fu_172/ap_clk
    SLICE_X58Y129        FDRE                                         r  u_bd/split_d_system_i/fsa_0/inst/grp_run_fu_161/grp_runController_fu_106/grp_runQueryTile_fu_142/runQueryBlock_1_U0/grp_runQueryBlock_1_Outline_VITIS_LOOP_117_5_fu_172/acc_b_3_reg_2864_reg[30]/C
                         clock pessimism             -0.434    12.977    
                         clock uncertainty           -2.770    10.207    
    SLICE_X58Y129        FDRE (Setup_CFF_SLICEL_C_D)
                                                      0.025    10.232    u_bd/split_d_system_i/fsa_0/inst/grp_run_fu_161/grp_runController_fu_106/grp_runQueryTile_fu_142/runQueryBlock_1_U0/grp_runQueryBlock_1_Outline_VITIS_LOOP_117_5_fu_172/acc_b_3_reg_2864_reg[30]
  -------------------------------------------------------------------
                         required time                         10.232    
                         arrival time                          -9.797    
  -------------------------------------------------------------------
                         slack                                  0.435    

Slack (MET) :             0.463ns  (required time - arrival time)
  Source:                 <hidden>
                            (rising edge-triggered cell FDRE clocked by clk_out1_split_d_system_clk_wiz_0_0  {rise@0.000ns fall@5.000ns period=10.000ns})
  Destination:            u_bd/split_d_system_i/fsa_0/inst/grp_run_fu_161/grp_runController_fu_106/grp_runQueryTile_fu_142/runQueryBlock_0_U0/grp_runQueryBlock_0_Outline_VITIS_LOOP_117_5_fu_168/acc_b_reg_2859_reg[15]/D
                            (rising edge-triggered cell FDRE clocked by clk_out1_split_d_system_clk_wiz_0_0  {rise@0.000ns fall@5.000ns period=10.000ns})
  Path Group:             clk_out1_split_d_system_clk_wiz_0_0
  Path Type:              Setup (Max at Slow Process Corner)
  Requirement:            10.000ns  (clk_out1_split_d_system_clk_wiz_0_0 rise@10.000ns - clk_out1_split_d_system_clk_wiz_0_0 rise@0.000ns)
  Data Path Delay:        6.718ns  (logic 4.897ns (72.893%)  route 1.821ns (27.107%))
  Logic Levels:           19  (CARRY8=1 DSP_A_B_DATA=2 DSP_ALU=2 DSP_M_DATA=2 DSP_MULTIPLIER=2 DSP_OUTPUT=2 DSP_PREADD=1 DSP_PREADD_DATA=3 LUT2=1 LUT3=1 LUT5=2)
  Clock Path Skew:        -0.074ns (DCD - SCD + CPR)
    Destination Clock Delay (DCD):    3.411ns = ( 13.411 - 10.000 ) 
    Source Clock Delay      (SCD):    3.058ns
    Clock Pessimism Removal (CPR):    -0.428ns
  Clock Uncertainty:      2.770ns  ((TSJ^2 + DJ^2)^1/2) / 2 + PE + UU
    Total System Jitter     (TSJ):    0.071ns
    Discrete Jitter          (DJ):    0.120ns
    Phase Error              (PE):    0.000ns
    User Uncertainty         (UU):    2.700ns
  Clock Net Delay (Source):      1.763ns (routing 0.581ns, distribution 1.182ns)
  Clock Net Delay (Destination): 1.573ns (routing 0.530ns, distribution 1.043ns)

    Location             Delay type                Incr(ns)  Path(ns)    Netlist Resource(s)
  -------------------------------------------------------------------    -------------------
                         (clock clk_out1_split_d_system_clk_wiz_0_0 rise edge)
                                                      0.000     0.000 r  
    BH42                                              0.000     0.000 r  board_clk_p (IN)
                         net (fo=0)                   0.100     0.100    u_board_clk/I
    HPIOBDIFFINBUF_X0Y36 DIFFINBUF (Prop_DIFFINBUF_HPIOBDIFFINBUF_DIFF_IN_P_O)
                                                      0.615     0.715 r  u_board_clk/DIFFINBUF_INST/O
                         net (fo=1, routed)           0.050     0.765    u_board_clk/OUT
    BH42                 IBUFCTRL (Prop_IBUFCTRL_HPIOB_M_I_O)
                                                      0.000     0.765 r  u_board_clk/IBUFCTRL_INST/O
                         net (fo=4, routed)           0.384     1.149    u_bd/split_d_system_i/clk_wiz_0/inst/clk_in1
    MMCM_X0Y1            MMCME4_ADV (Prop_MMCM_CLKIN1_CLKOUT0)
                                                     -0.127     1.022 r  u_bd/split_d_system_i/clk_wiz_0/inst/mmcme4_adv_inst/CLKOUT0
                         net (fo=1, routed)           0.245     1.267    u_bd/split_d_system_i/clk_wiz_0/inst/clk_out1_split_d_system_clk_wiz_0_0
    BUFGCE_X0Y24         BUFGCE (Prop_BUFCE_BUFGCE_I_O)
                                                      0.028     1.295 r  u_bd/split_d_system_i/clk_wiz_0/inst/clkout1_buf/O
    X3Y1 (CLOCK_ROOT)    net (fo=48822, routed)       1.763     3.058    <hidden>
    SLICE_X120Y54        FDRE                                         r  <hidden>
  -------------------------------------------------------------------    -------------------
    SLICE_X120Y54        FDRE (Prop_HFF_SLICEL_C_Q)
                                                      0.079     3.137 r  <hidden>
                         net (fo=54, routed)          0.307     3.444    <hidden>
    SLICE_X122Y51        LUT3 (Prop_B6LUT_SLICEM_I1_O)
                                                      0.149     3.593 r  <hidden>
                         net (fo=1, routed)           0.331     3.924    <hidden>
    DSP48E2_X16Y14       DSP_A_B_DATA (Prop_DSP_A_B_DATA_DSP48E2_A[7]_A2_DATA[7])
                                                      0.192     4.116 f  <hidden>
                         net (fo=1, routed)           0.000     4.116    <hidden>
    DSP48E2_X16Y14       DSP_PREADD_DATA (Prop_DSP_PREADD_DATA_DSP48E2_A2_DATA[7]_PREADD_AB[7])
                                                      0.124     4.240 r  <hidden>
                         net (fo=1, routed)           0.000     4.240    <hidden>
    DSP48E2_X16Y14       DSP_PREADD (Prop_DSP_PREADD_DSP48E2_PREADD_AB[7]_AD[26])
                                                      0.488     4.728 f  <hidden>
                         net (fo=1, routed)           0.000     4.728    <hidden>
    DSP48E2_X16Y14       DSP_PREADD_DATA (Prop_DSP_PREADD_DATA_DSP48E2_AD[26]_AD_DATA[26])
                                                      0.050     4.778 r  <hidden>
                         net (fo=1, routed)           0.000     4.778    <hidden>
    DSP48E2_X16Y14       DSP_MULTIPLIER (Prop_DSP_MULTIPLIER_DSP48E2_AD_DATA[26]_U[43])
                                                      0.612     5.390 f  <hidden>
                         net (fo=1, routed)           0.000     5.390    <hidden>
    DSP48E2_X16Y14       DSP_M_DATA (Prop_DSP_M_DATA_DSP48E2_U[43]_U_DATA[43])
                                                      0.047     5.437 r  <hidden>
                         net (fo=1, routed)           0.000     5.437    <hidden>
    DSP48E2_X16Y14       DSP_ALU (Prop_DSP_ALU_DSP48E2_U_DATA[43]_ALU_OUT[47])
                                                      0.585     6.022 r  <hidden>
                         net (fo=1, routed)           0.000     6.022    <hidden>
    DSP48E2_X16Y14       DSP_OUTPUT (Prop_DSP_OUTPUT_DSP48E2_ALU_OUT[47]_PATTERN_DETECT)
                                                      0.363     6.385 r  <hidden>
                         net (fo=59, routed)          0.272     6.657    <hidden>
    SLICE_X121Y50        LUT5 (Prop_B6LUT_SLICEM_I3_O)
                                                      0.149     6.806 r  <hidden>
                         net (fo=1, routed)           0.016     6.822    <hidden>
    SLICE_X121Y50        CARRY8 (Prop_CARRY8_SLICEM_S[1]_CO[7])
                                                      0.197     7.019 r  <hidden>
                         net (fo=5, routed)           0.271     7.290    <hidden>
    SLICE_X120Y50        LUT5 (Prop_C5LUT_SLICEL_I2_O)
                                                      0.136     7.426 f  <hidden>
                         net (fo=1, routed)           0.375     7.801    <hidden>
    DSP48E2_X16Y13       DSP_A_B_DATA (Prop_DSP_A_B_DATA_DSP48E2_B[15]_B2_DATA[15])
                                                      0.151     7.952 r  <hidden>
                         net (fo=1, routed)           0.000     7.952    <hidden>
    DSP48E2_X16Y13       DSP_PREADD_DATA (Prop_DSP_PREADD_DATA_DSP48E2_B2_DATA[15]_B2B1[15])
                                                      0.073     8.025 r  <hidden>
                         net (fo=1, routed)           0.000     8.025    <hidden>
    DSP48E2_X16Y13       DSP_MULTIPLIER (Prop_DSP_MULTIPLIER_DSP48E2_B2B1[15]_V[17])
                                                      0.609     8.634 f  <hidden>
                         net (fo=1, routed)           0.000     8.634    <hidden>
    DSP48E2_X16Y13       DSP_M_DATA (Prop_DSP_M_DATA_DSP48E2_V[17]_V_DATA[17])
                                                      0.046     8.680 r  <hidden>
                         net (fo=1, routed)           0.000     8.680    <hidden>
    DSP48E2_X16Y13       DSP_ALU (Prop_DSP_ALU_DSP48E2_V_DATA[17]_ALU_OUT[17])
                                                      0.571     9.251 f  <hidden>
                         net (fo=1, routed)           0.000     9.251    <hidden>
    DSP48E2_X16Y13       DSP_OUTPUT (Prop_DSP_OUTPUT_DSP48E2_ALU_OUT[17]_P[17])
                                                      0.109     9.360 r  <hidden>
                         net (fo=1, routed)           0.223     9.583    <hidden>
    SLICE_X121Y46        LUT2 (Prop_B5LUT_SLICEM_I0_O)
                                                      0.167     9.750 r  <hidden>
                         net (fo=1, routed)           0.026     9.776    u_bd/split_d_system_i/fsa_0/inst/grp_run_fu_161/grp_runController_fu_106/grp_runQueryTile_fu_142/runQueryBlock_0_U0/grp_runQueryBlock_0_Outline_VITIS_LOOP_117_5_fu_168/grp_fu_880_p2[15]
    SLICE_X121Y46        FDRE                                         r  u_bd/split_d_system_i/fsa_0/inst/grp_run_fu_161/grp_runController_fu_106/grp_runQueryTile_fu_142/runQueryBlock_0_U0/grp_runQueryBlock_0_Outline_VITIS_LOOP_117_5_fu_168/acc_b_reg_2859_reg[15]/D
  -------------------------------------------------------------------    -------------------

                         (clock clk_out1_split_d_system_clk_wiz_0_0 rise edge)
                                                     10.000    10.000 r  
    BH42                                              0.000    10.000 r  board_clk_p (IN)
                         net (fo=0)                   0.079    10.079    u_board_clk/I
    HPIOBDIFFINBUF_X0Y36 DIFFINBUF (Prop_DIFFINBUF_HPIOBDIFFINBUF_DIFF_IN_P_O)
                                                      0.518    10.597 r  u_board_clk/DIFFINBUF_INST/O
                         net (fo=1, routed)           0.040    10.637    u_board_clk/OUT
    BH42                 IBUFCTRL (Prop_IBUFCTRL_HPIOB_M_I_O)
                                                      0.000    10.637 r  u_board_clk/IBUFCTRL_INST/O
                         net (fo=4, routed)           0.333    10.970    u_bd/split_d_system_i/clk_wiz_0/inst/clk_in1
    MMCM_X0Y1            MMCME4_ADV (Prop_MMCM_CLKIN1_CLKOUT0)
                                                      0.630    11.600 r  u_bd/split_d_system_i/clk_wiz_0/inst/mmcme4_adv_inst/CLKOUT0
                         net (fo=1, routed)           0.215    11.815    u_bd/split_d_system_i/clk_wiz_0/inst/clk_out1_split_d_system_clk_wiz_0_0
    BUFGCE_X0Y24         BUFGCE (Prop_BUFCE_BUFGCE_I_O)
                                                      0.024    11.839 r  u_bd/split_d_system_i/clk_wiz_0/inst/clkout1_buf/O
    X3Y1 (CLOCK_ROOT)    net (fo=48822, routed)       1.573    13.411    u_bd/split_d_system_i/fsa_0/inst/grp_run_fu_161/grp_runController_fu_106/grp_runQueryTile_fu_142/runQueryBlock_0_U0/grp_runQueryBlock_0_Outline_VITIS_LOOP_117_5_fu_168/ap_clk
    SLICE_X121Y46        FDRE                                         r  u_bd/split_d_system_i/fsa_0/inst/grp_run_fu_161/grp_runController_fu_106/grp_runQueryTile_fu_142/runQueryBlock_0_U0/grp_runQueryBlock_0_Outline_VITIS_LOOP_117_5_fu_168/acc_b_reg_2859_reg[15]/C
                         clock pessimism             -0.428    12.984    
                         clock uncertainty           -2.770    10.214    
    SLICE_X121Y46        FDRE (Setup_BFF2_SLICEM_C_D)
                                                      0.025    10.239    u_bd/split_d_system_i/fsa_0/inst/grp_run_fu_161/grp_runController_fu_106/grp_runQueryTile_fu_142/runQueryBlock_0_U0/grp_runQueryBlock_0_Outline_VITIS_LOOP_117_5_fu_168/acc_b_reg_2859_reg[15]
  -------------------------------------------------------------------
                         required time                         10.239    
                         arrival time                          -9.776    
  -------------------------------------------------------------------
                         slack                                  0.463    

Slack (MET) :             0.477ns  (required time - arrival time)
  Source:                 <hidden>
                            (rising edge-triggered cell FDRE clocked by clk_out1_split_d_system_clk_wiz_0_0  {rise@0.000ns fall@5.000ns period=10.000ns})
  Destination:            u_bd/split_d_system_i/fsa_0/inst/grp_run_fu_161/grp_runController_fu_106/grp_runQueryTile_fu_142/runQueryBlock_1_U0/grp_runQueryBlock_1_Outline_VITIS_LOOP_117_5_fu_172/acc_b_reg_2859_reg[30]/D
                            (rising edge-triggered cell FDRE clocked by clk_out1_split_d_system_clk_wiz_0_0  {rise@0.000ns fall@5.000ns period=10.000ns})
  Path Group:             clk_out1_split_d_system_clk_wiz_0_0
  Path Type:              Setup (Max at Slow Process Corner)
  Requirement:            10.000ns  (clk_out1_split_d_system_clk_wiz_0_0 rise@10.000ns - clk_out1_split_d_system_clk_wiz_0_0 rise@0.000ns)
  Data Path Delay:        6.689ns  (logic 4.368ns (65.297%)  route 2.321ns (34.703%))
  Logic Levels:           20  (DSP_A_B_DATA=1 DSP_ALU=2 DSP_C_DATA=1 DSP_M_DATA=1 DSP_MULTIPLIER=1 DSP_OUTPUT=2 DSP_PREADD=1 DSP_PREADD_DATA=2 LUT3=2 LUT4=2 LUT5=3 LUT6=2)
  Clock Path Skew:        -0.089ns (DCD - SCD + CPR)
    Destination Clock Delay (DCD):    3.405ns = ( 13.405 - 10.000 ) 
    Source Clock Delay      (SCD):    3.064ns
    Clock Pessimism Removal (CPR):    -0.430ns
  Clock Uncertainty:      2.770ns  ((TSJ^2 + DJ^2)^1/2) / 2 + PE + UU
    Total System Jitter     (TSJ):    0.071ns
    Discrete Jitter          (DJ):    0.120ns
    Phase Error              (PE):    0.000ns
    User Uncertainty         (UU):    2.700ns
  Clock Net Delay (Source):      1.769ns (routing 0.581ns, distribution 1.188ns)
  Clock Net Delay (Destination): 1.566ns (routing 0.530ns, distribution 1.036ns)

    Location             Delay type                Incr(ns)  Path(ns)    Netlist Resource(s)
  -------------------------------------------------------------------    -------------------
                         (clock clk_out1_split_d_system_clk_wiz_0_0 rise edge)
                                                      0.000     0.000 r  
    BH42                                              0.000     0.000 r  board_clk_p (IN)
                         net (fo=0)                   0.100     0.100    u_board_clk/I
    HPIOBDIFFINBUF_X0Y36 DIFFINBUF (Prop_DIFFINBUF_HPIOBDIFFINBUF_DIFF_IN_P_O)
                                                      0.615     0.715 r  u_board_clk/DIFFINBUF_INST/O
                         net (fo=1, routed)           0.050     0.765    u_board_clk/OUT
    BH42                 IBUFCTRL (Prop_IBUFCTRL_HPIOB_M_I_O)
                                                      0.000     0.765 r  u_board_clk/IBUFCTRL_INST/O
                         net (fo=4, routed)           0.384     1.149    u_bd/split_d_system_i/clk_wiz_0/inst/clk_in1
    MMCM_X0Y1            MMCME4_ADV (Prop_MMCM_CLKIN1_CLKOUT0)
                                                     -0.127     1.022 r  u_bd/split_d_system_i/clk_wiz_0/inst/mmcme4_adv_inst/CLKOUT0
                         net (fo=1, routed)           0.245     1.267    u_bd/split_d_system_i/clk_wiz_0/inst/clk_out1_split_d_system_clk_wiz_0_0
    BUFGCE_X0Y24         BUFGCE (Prop_BUFCE_BUFGCE_I_O)
                                                      0.028     1.295 r  u_bd/split_d_system_i/clk_wiz_0/inst/clkout1_buf/O
    X3Y1 (CLOCK_ROOT)    net (fo=48822, routed)       1.769     3.064    <hidden>
    SLICE_X59Y221        FDRE                                         r  <hidden>
  -------------------------------------------------------------------    -------------------
    SLICE_X59Y221        FDRE (Prop_HFF_SLICEL_C_Q)
                                                      0.079     3.143 r  <hidden>
                         net (fo=54, routed)          0.412     3.555    <hidden>
    SLICE_X61Y216        LUT3 (Prop_B6LUT_SLICEM_I1_O)
                                                      0.100     3.655 r  <hidden>
                         net (fo=1, routed)           0.210     3.865    <hidden>
    DSP48E2_X8Y80        DSP_A_B_DATA (Prop_DSP_A_B_DATA_DSP48E2_A[8]_A2_DATA[8])
                                                      0.192     4.057 f  <hidden>
                         net (fo=1, routed)           0.000     4.057    <hidden>
    DSP48E2_X8Y80        DSP_PREADD_DATA (Prop_DSP_PREADD_DATA_DSP48E2_A2_DATA[8]_PREADD_AB[8])
                                                      0.124     4.181 r  <hidden>
                         net (fo=1, routed)           0.000     4.181    <hidden>
    DSP48E2_X8Y80        DSP_PREADD (Prop_DSP_PREADD_DSP48E2_PREADD_AB[8]_AD[26])
                                                      0.488     4.669 f  <hidden>
                         net (fo=1, routed)           0.000     4.669    <hidden>
    DSP48E2_X8Y80        DSP_PREADD_DATA (Prop_DSP_PREADD_DATA_DSP48E2_AD[26]_AD_DATA[26])
                                                      0.050     4.719 r  <hidden>
                         net (fo=1, routed)           0.000     4.719    <hidden>
    DSP48E2_X8Y80        DSP_MULTIPLIER (Prop_DSP_MULTIPLIER_DSP48E2_AD_DATA[26]_U[43])
                                                      0.612     5.331 f  <hidden>
                         net (fo=1, routed)           0.000     5.331    <hidden>
    DSP48E2_X8Y80        DSP_M_DATA (Prop_DSP_M_DATA_DSP48E2_U[43]_U_DATA[43])
                                                      0.047     5.378 r  <hidden>
                         net (fo=1, routed)           0.000     5.378    <hidden>
    DSP48E2_X8Y80        DSP_ALU (Prop_DSP_ALU_DSP48E2_U_DATA[43]_ALU_OUT[47])
                                                      0.585     5.963 r  <hidden>
                         net (fo=1, routed)           0.000     5.963    <hidden>
    DSP48E2_X8Y80        DSP_OUTPUT (Prop_DSP_OUTPUT_DSP48E2_ALU_OUT[47]_PATTERN_DETECT)
                                                      0.363     6.326 r  <hidden>
                         net (fo=59, routed)          0.436     6.763    <hidden>
    SLICE_X58Y216        LUT3 (Prop_C5LUT_SLICEL_I1_O)
                                                      0.136     6.899 f  <hidden>
                         net (fo=4, routed)           0.179     7.078    <hidden>
    SLICE_X57Y214        LUT4 (Prop_C5LUT_SLICEM_I1_O)
                                                      0.137     7.215 f  <hidden>
                         net (fo=1, routed)           0.148     7.363    <hidden>
    SLICE_X57Y214        LUT6 (Prop_G6LUT_SLICEM_I0_O)
                                                      0.150     7.513 f  <hidden>
                         net (fo=2, routed)           0.101     7.614    <hidden>
    SLICE_X57Y216        LUT6 (Prop_H6LUT_SLICEM_I0_O)
                                                      0.053     7.667 r  <hidden>
                         net (fo=4, routed)           0.095     7.761    <hidden>
    SLICE_X58Y216        LUT5 (Prop_D6LUT_SLICEL_I3_O)
                                                      0.122     7.883 f  <hidden>
                         net (fo=3, routed)           0.144     8.027    <hidden>
    SLICE_X57Y218        LUT5 (Prop_D5LUT_SLICEM_I2_O)
                                                      0.097     8.124 r  <hidden>
                         net (fo=3, routed)           0.134     8.258    <hidden>
    SLICE_X57Y217        LUT4 (Prop_D5LUT_SLICEM_I1_O)
                                                      0.110     8.368 r  <hidden>
                         net (fo=1, routed)           0.237     8.605    <hidden>
    DSP48E2_X7Y79        DSP_C_DATA (Prop_DSP_C_DATA_DSP48E2_C[34]_C_DATA[34])
                                                      0.105     8.710 r  <hidden>
                         net (fo=2, routed)           0.000     8.710    <hidden>
    DSP48E2_X7Y79        DSP_ALU (Prop_DSP_ALU_DSP48E2_C_DATA[34]_ALU_OUT[34])
                                                      0.585     9.295 f  <hidden>
                         net (fo=1, routed)           0.000     9.295    <hidden>
    DSP48E2_X7Y79        DSP_OUTPUT (Prop_DSP_OUTPUT_DSP48E2_ALU_OUT[34]_P[34])
                                                      0.109     9.404 r  <hidden>
                         net (fo=1, routed)           0.170     9.574    <hidden>
    SLICE_X57Y214        LUT5 (Prop_E6LUT_SLICEM_I4_O)
                                                      0.124     9.698 r  <hidden>
                         net (fo=1, routed)           0.055     9.753    u_bd/split_d_system_i/fsa_0/inst/grp_run_fu_161/grp_runController_fu_106/grp_runQueryTile_fu_142/runQueryBlock_1_U0/grp_runQueryBlock_1_Outline_VITIS_LOOP_117_5_fu_172/grp_fu_880_p2[30]
    SLICE_X57Y214        FDRE                                         r  u_bd/split_d_system_i/fsa_0/inst/grp_run_fu_161/grp_runController_fu_106/grp_runQueryTile_fu_142/runQueryBlock_1_U0/grp_runQueryBlock_1_Outline_VITIS_LOOP_117_5_fu_172/acc_b_reg_2859_reg[30]/D
  -------------------------------------------------------------------    -------------------

                         (clock clk_out1_split_d_system_clk_wiz_0_0 rise edge)
                                                     10.000    10.000 r  
    BH42                                              0.000    10.000 r  board_clk_p (IN)
                         net (fo=0)                   0.079    10.079    u_board_clk/I
    HPIOBDIFFINBUF_X0Y36 DIFFINBUF (Prop_DIFFINBUF_HPIOBDIFFINBUF_DIFF_IN_P_O)
                                                      0.518    10.597 r  u_board_clk/DIFFINBUF_INST/O
                         net (fo=1, routed)           0.040    10.637    u_board_clk/OUT
    BH42                 IBUFCTRL (Prop_IBUFCTRL_HPIOB_M_I_O)
                                                      0.000    10.637 r  u_board_clk/IBUFCTRL_INST/O
                         net (fo=4, routed)           0.333    10.970    u_bd/split_d_system_i/clk_wiz_0/inst/clk_in1
    MMCM_X0Y1            MMCME4_ADV (Prop_MMCM_CLKIN1_CLKOUT0)
                                                      0.630    11.600 r  u_bd/split_d_system_i/clk_wiz_0/inst/mmcme4_adv_inst/CLKOUT0
                         net (fo=1, routed)           0.215    11.815    u_bd/split_d_system_i/clk_wiz_0/inst/clk_out1_split_d_system_clk_wiz_0_0
    BUFGCE_X0Y24         BUFGCE (Prop_BUFCE_BUFGCE_I_O)
                                                      0.024    11.839 r  u_bd/split_d_system_i/clk_wiz_0/inst/clkout1_buf/O
    X3Y1 (CLOCK_ROOT)    net (fo=48822, routed)       1.566    13.405    u_bd/split_d_system_i/fsa_0/inst/grp_run_fu_161/grp_runController_fu_106/grp_runQueryTile_fu_142/runQueryBlock_1_U0/grp_runQueryBlock_1_Outline_VITIS_LOOP_117_5_fu_172/ap_clk
    SLICE_X57Y214        FDRE                                         r  u_bd/split_d_system_i/fsa_0/inst/grp_run_fu_161/grp_runController_fu_106/grp_runQueryTile_fu_142/runQueryBlock_1_U0/grp_runQueryBlock_1_Outline_VITIS_LOOP_117_5_fu_172/acc_b_reg_2859_reg[30]/C
                         clock pessimism             -0.430    12.975    
                         clock uncertainty           -2.770    10.205    
    SLICE_X57Y214        FDRE (Setup_EFF_SLICEM_C_D)
                                                      0.025    10.230    u_bd/split_d_system_i/fsa_0/inst/grp_run_fu_161/grp_runController_fu_106/grp_runQueryTile_fu_142/runQueryBlock_1_U0/grp_runQueryBlock_1_Outline_VITIS_LOOP_117_5_fu_172/acc_b_reg_2859_reg[30]
  -------------------------------------------------------------------
                         required time                         10.230    
                         arrival time                          -9.753    
  -------------------------------------------------------------------
                         slack                                  0.477    

Slack (MET) :             0.480ns  (required time - arrival time)
  Source:                 <hidden>
                            (rising edge-triggered cell FDRE clocked by clk_out1_split_d_system_clk_wiz_0_0  {rise@0.000ns fall@5.000ns period=10.000ns})
  Destination:            u_bd/split_d_system_i/fsa_0/inst/grp_run_fu_161/grp_runController_fu_106/grp_runQueryTile_fu_142/runQueryBlock_0_U0/grp_runQueryBlock_0_Outline_VITIS_LOOP_117_5_fu_168/acc_b_6_reg_2864_reg[29]/D
                            (rising edge-triggered cell FDRE clocked by clk_out1_split_d_system_clk_wiz_0_0  {rise@0.000ns fall@5.000ns period=10.000ns})
  Path Group:             clk_out1_split_d_system_clk_wiz_0_0
  Path Type:              Setup (Max at Slow Process Corner)
  Requirement:            10.000ns  (clk_out1_split_d_system_clk_wiz_0_0 rise@10.000ns - clk_out1_split_d_system_clk_wiz_0_0 rise@0.000ns)
  Data Path Delay:        6.620ns  (logic 4.185ns (63.215%)  route 2.435ns (36.785%))
  Logic Levels:           18  (DSP_A_B_DATA=1 DSP_ALU=2 DSP_C_DATA=1 DSP_M_DATA=1 DSP_MULTIPLIER=1 DSP_OUTPUT=2 DSP_PREADD=1 DSP_PREADD_DATA=2 LUT3=3 LUT4=2 LUT5=1 LUT6=1)
  Clock Path Skew:        -0.155ns (DCD - SCD + CPR)
    Destination Clock Delay (DCD):    3.427ns = ( 13.427 - 10.000 ) 
    Source Clock Delay      (SCD):    3.093ns
    Clock Pessimism Removal (CPR):    -0.489ns
  Clock Uncertainty:      2.770ns  ((TSJ^2 + DJ^2)^1/2) / 2 + PE + UU
    Total System Jitter     (TSJ):    0.071ns
    Discrete Jitter          (DJ):    0.120ns
    Phase Error              (PE):    0.000ns
    User Uncertainty         (UU):    2.700ns
  Clock Net Delay (Source):      1.798ns (routing 0.581ns, distribution 1.217ns)
  Clock Net Delay (Destination): 1.589ns (routing 0.530ns, distribution 1.059ns)

    Location             Delay type                Incr(ns)  Path(ns)    Netlist Resource(s)
  -------------------------------------------------------------------    -------------------
                         (clock clk_out1_split_d_system_clk_wiz_0_0 rise edge)
                                                      0.000     0.000 r  
    BH42                                              0.000     0.000 r  board_clk_p (IN)
                         net (fo=0)                   0.100     0.100    u_board_clk/I
    HPIOBDIFFINBUF_X0Y36 DIFFINBUF (Prop_DIFFINBUF_HPIOBDIFFINBUF_DIFF_IN_P_O)
                                                      0.615     0.715 r  u_board_clk/DIFFINBUF_INST/O
                         net (fo=1, routed)           0.050     0.765    u_board_clk/OUT
    BH42                 IBUFCTRL (Prop_IBUFCTRL_HPIOB_M_I_O)
                                                      0.000     0.765 r  u_board_clk/IBUFCTRL_INST/O
                         net (fo=4, routed)           0.384     1.149    u_bd/split_d_system_i/clk_wiz_0/inst/clk_in1
    MMCM_X0Y1            MMCME4_ADV (Prop_MMCM_CLKIN1_CLKOUT0)
                                                     -0.127     1.022 r  u_bd/split_d_system_i/clk_wiz_0/inst/mmcme4_adv_inst/CLKOUT0
                         net (fo=1, routed)           0.245     1.267    u_bd/split_d_system_i/clk_wiz_0/inst/clk_out1_split_d_system_clk_wiz_0_0
    BUFGCE_X0Y24         BUFGCE (Prop_BUFCE_BUFGCE_I_O)
                                                      0.028     1.295 r  u_bd/split_d_system_i/clk_wiz_0/inst/clkout1_buf/O
    X3Y1 (CLOCK_ROOT)    net (fo=48822, routed)       1.798     3.093    <hidden>
    SLICE_X128Y60        FDRE                                         r  <hidden>
  -------------------------------------------------------------------    -------------------
    SLICE_X128Y60        FDRE (Prop_EFF2_SLICEM_C_Q)
                                                      0.079     3.172 r  <hidden>
                         net (fo=3, routed)           0.208     3.381    <hidden>
    SLICE_X128Y60        LUT3 (Prop_G6LUT_SLICEM_I0_O)
                                                      0.150     3.531 r  <hidden>
                         net (fo=1, routed)           0.200     3.731    <hidden>
    DSP48E2_X17Y16       DSP_A_B_DATA (Prop_DSP_A_B_DATA_DSP48E2_A[11]_A2_DATA[11])
                                                      0.192     3.923 f  <hidden>
                         net (fo=1, routed)           0.000     3.923    <hidden>
    DSP48E2_X17Y16       DSP_PREADD_DATA (Prop_DSP_PREADD_DATA_DSP48E2_A2_DATA[11]_PREADD_AB[11])
                                                      0.124     4.047 r  <hidden>
                         net (fo=1, routed)           0.000     4.047    <hidden>
    DSP48E2_X17Y16       DSP_PREADD (Prop_DSP_PREADD_DSP48E2_PREADD_AB[11]_AD[26])
                                                      0.488     4.535 f  <hidden>
                         net (fo=1, routed)           0.000     4.535    <hidden>
    DSP48E2_X17Y16       DSP_PREADD_DATA (Prop_DSP_PREADD_DATA_DSP48E2_AD[26]_AD_DATA[26])
                                                      0.050     4.585 r  <hidden>
                         net (fo=1, routed)           0.000     4.585    <hidden>
    DSP48E2_X17Y16       DSP_MULTIPLIER (Prop_DSP_MULTIPLIER_DSP48E2_AD_DATA[26]_U[43])
                                                      0.612     5.197 f  <hidden>
                         net (fo=1, routed)           0.000     5.197    <hidden>
    DSP48E2_X17Y16       DSP_M_DATA (Prop_DSP_M_DATA_DSP48E2_U[43]_U_DATA[43])
                                                      0.047     5.244 r  <hidden>
                         net (fo=1, routed)           0.000     5.244    <hidden>
    DSP48E2_X17Y16       DSP_ALU (Prop_DSP_ALU_DSP48E2_U_DATA[43]_ALU_OUT[47])
                                                      0.585     5.829 r  <hidden>
                         net (fo=1, routed)           0.000     5.829    <hidden>
    DSP48E2_X17Y16       DSP_OUTPUT (Prop_DSP_OUTPUT_DSP48E2_ALU_OUT[47]_PATTERN_DETECT)
                                                      0.363     6.192 r  <hidden>
                         net (fo=59, routed)          0.314     6.505    <hidden>
    SLICE_X129Y58        LUT3 (Prop_E6LUT_SLICEM_I1_O)
                                                      0.148     6.653 f  <hidden>
                         net (fo=4, routed)           0.244     6.898    <hidden>
    SLICE_X127Y58        LUT4 (Prop_B6LUT_SLICEL_I3_O)
                                                      0.090     6.988 r  <hidden>
                         net (fo=1, routed)           0.189     7.177    <hidden>
    SLICE_X127Y58        LUT6 (Prop_D6LUT_SLICEL_I0_O)
                                                      0.146     7.323 r  <hidden>
                         net (fo=2, routed)           0.088     7.411    <hidden>
    SLICE_X127Y57        LUT4 (Prop_F6LUT_SLICEL_I0_O)
                                                      0.097     7.508 r  <hidden>
                         net (fo=2, routed)           0.279     7.787    <hidden>
    SLICE_X126Y57        LUT3 (Prop_A6LUT_SLICEM_I1_O)
                                                      0.125     7.912 r  <hidden>
                         net (fo=2, routed)           0.415     8.327    <hidden>
    DSP48E2_X17Y17       DSP_C_DATA (Prop_DSP_C_DATA_DSP48E2_C[28]_C_DATA[28])
                                                      0.105     8.432 r  <hidden>
                         net (fo=2, routed)           0.000     8.432    <hidden>
    DSP48E2_X17Y17       DSP_ALU (Prop_DSP_ALU_DSP48E2_C_DATA[28]_ALU_OUT[33])
                                                      0.585     9.017 f  <hidden>
                         net (fo=1, routed)           0.000     9.017    <hidden>
    DSP48E2_X17Y17       DSP_OUTPUT (Prop_DSP_OUTPUT_DSP48E2_ALU_OUT[33]_P[33])
                                                      0.109     9.126 r  <hidden>
                         net (fo=1, routed)           0.439     9.565    <hidden>
    SLICE_X126Y57        LUT5 (Prop_G6LUT_SLICEM_I4_O)
                                                      0.090     9.655 r  <hidden>
                         net (fo=1, routed)           0.059     9.714    u_bd/split_d_system_i/fsa_0/inst/grp_run_fu_161/grp_runController_fu_106/grp_runQueryTile_fu_142/runQueryBlock_0_U0/grp_runQueryBlock_0_Outline_VITIS_LOOP_117_5_fu_168/grp_fu_884_p2[29]
    SLICE_X126Y57        FDRE                                         r  u_bd/split_d_system_i/fsa_0/inst/grp_run_fu_161/grp_runController_fu_106/grp_runQueryTile_fu_142/runQueryBlock_0_U0/grp_runQueryBlock_0_Outline_VITIS_LOOP_117_5_fu_168/acc_b_6_reg_2864_reg[29]/D
  -------------------------------------------------------------------    -------------------

                         (clock clk_out1_split_d_system_clk_wiz_0_0 rise edge)
                                                     10.000    10.000 r  
    BH42                                              0.000    10.000 r  board_clk_p (IN)
                         net (fo=0)                   0.079    10.079    u_board_clk/I
    HPIOBDIFFINBUF_X0Y36 DIFFINBUF (Prop_DIFFINBUF_HPIOBDIFFINBUF_DIFF_IN_P_O)
                                                      0.518    10.597 r  u_board_clk/DIFFINBUF_INST/O
                         net (fo=1, routed)           0.040    10.637    u_board_clk/OUT
    BH42                 IBUFCTRL (Prop_IBUFCTRL_HPIOB_M_I_O)
                                                      0.000    10.637 r  u_board_clk/IBUFCTRL_INST/O
                         net (fo=4, routed)           0.333    10.970    u_bd/split_d_system_i/clk_wiz_0/inst/clk_in1
    MMCM_X0Y1            MMCME4_ADV (Prop_MMCM_CLKIN1_CLKOUT0)
                                                      0.630    11.600 r  u_bd/split_d_system_i/clk_wiz_0/inst/mmcme4_adv_inst/CLKOUT0
                         net (fo=1, routed)           0.215    11.815    u_bd/split_d_system_i/clk_wiz_0/inst/clk_out1_split_d_system_clk_wiz_0_0
    BUFGCE_X0Y24         BUFGCE (Prop_BUFCE_BUFGCE_I_O)
                                                      0.024    11.839 r  u_bd/split_d_system_i/clk_wiz_0/inst/clkout1_buf/O
    X3Y1 (CLOCK_ROOT)    net (fo=48822, routed)       1.589    13.427    u_bd/split_d_system_i/fsa_0/inst/grp_run_fu_161/grp_runController_fu_106/grp_runQueryTile_fu_142/runQueryBlock_0_U0/grp_runQueryBlock_0_Outline_VITIS_LOOP_117_5_fu_168/ap_clk
    SLICE_X126Y57        FDRE                                         r  u_bd/split_d_system_i/fsa_0/inst/grp_run_fu_161/grp_runController_fu_106/grp_runQueryTile_fu_142/runQueryBlock_0_U0/grp_runQueryBlock_0_Outline_VITIS_LOOP_117_5_fu_168/acc_b_6_reg_2864_reg[29]/C
                         clock pessimism             -0.489    12.939    
                         clock uncertainty           -2.770    10.169    
    SLICE_X126Y57        FDRE (Setup_GFF_SLICEM_C_D)
                                                      0.025    10.194    u_bd/split_d_system_i/fsa_0/inst/grp_run_fu_161/grp_runController_fu_106/grp_runQueryTile_fu_142/runQueryBlock_0_U0/grp_runQueryBlock_0_Outline_VITIS_LOOP_117_5_fu_168/acc_b_6_reg_2864_reg[29]
  -------------------------------------------------------------------
                         required time                         10.194    
                         arrival time                          -9.714    
  -------------------------------------------------------------------
                         slack                                  0.480    

Slack (MET) :             0.482ns  (required time - arrival time)
  Source:                 <hidden>
                            (rising edge-triggered cell FDRE clocked by clk_out1_split_d_system_clk_wiz_0_0  {rise@0.000ns fall@5.000ns period=10.000ns})
  Destination:            u_bd/split_d_system_i/fsa_0/inst/grp_run_fu_161/grp_runController_fu_106/grp_runQueryTile_fu_142/runQueryBlock_0_U0/grp_runQueryBlock_0_Outline_VITIS_LOOP_117_5_fu_168/acc_b_reg_2859_reg[25]/D
                            (rising edge-triggered cell FDRE clocked by clk_out1_split_d_system_clk_wiz_0_0  {rise@0.000ns fall@5.000ns period=10.000ns})
  Path Group:             clk_out1_split_d_system_clk_wiz_0_0
  Path Type:              Setup (Max at Slow Process Corner)
  Requirement:            10.000ns  (clk_out1_split_d_system_clk_wiz_0_0 rise@10.000ns - clk_out1_split_d_system_clk_wiz_0_0 rise@0.000ns)
  Data Path Delay:        6.699ns  (logic 4.852ns (72.428%)  route 1.847ns (27.572%))
  Logic Levels:           19  (CARRY8=1 DSP_A_B_DATA=2 DSP_ALU=2 DSP_M_DATA=2 DSP_MULTIPLIER=2 DSP_OUTPUT=2 DSP_PREADD=1 DSP_PREADD_DATA=3 LUT3=1 LUT5=3)
  Clock Path Skew:        -0.074ns (DCD - SCD + CPR)
    Destination Clock Delay (DCD):    3.411ns = ( 13.411 - 10.000 ) 
    Source Clock Delay      (SCD):    3.058ns
    Clock Pessimism Removal (CPR):    -0.428ns
  Clock Uncertainty:      2.770ns  ((TSJ^2 + DJ^2)^1/2) / 2 + PE + UU
    Total System Jitter     (TSJ):    0.071ns
    Discrete Jitter          (DJ):    0.120ns
    Phase Error              (PE):    0.000ns
    User Uncertainty         (UU):    2.700ns
  Clock Net Delay (Source):      1.763ns (routing 0.581ns, distribution 1.182ns)
  Clock Net Delay (Destination): 1.573ns (routing 0.530ns, distribution 1.043ns)

    Location             Delay type                Incr(ns)  Path(ns)    Netlist Resource(s)
  -------------------------------------------------------------------    -------------------
                         (clock clk_out1_split_d_system_clk_wiz_0_0 rise edge)
                                                      0.000     0.000 r  
    BH42                                              0.000     0.000 r  board_clk_p (IN)
                         net (fo=0)                   0.100     0.100    u_board_clk/I
    HPIOBDIFFINBUF_X0Y36 DIFFINBUF (Prop_DIFFINBUF_HPIOBDIFFINBUF_DIFF_IN_P_O)
                                                      0.615     0.715 r  u_board_clk/DIFFINBUF_INST/O
                         net (fo=1, routed)           0.050     0.765    u_board_clk/OUT
    BH42                 IBUFCTRL (Prop_IBUFCTRL_HPIOB_M_I_O)
                                                      0.000     0.765 r  u_board_clk/IBUFCTRL_INST/O
                         net (fo=4, routed)           0.384     1.149    u_bd/split_d_system_i/clk_wiz_0/inst/clk_in1
    MMCM_X0Y1            MMCME4_ADV (Prop_MMCM_CLKIN1_CLKOUT0)
                                                     -0.127     1.022 r  u_bd/split_d_system_i/clk_wiz_0/inst/mmcme4_adv_inst/CLKOUT0
                         net (fo=1, routed)           0.245     1.267    u_bd/split_d_system_i/clk_wiz_0/inst/clk_out1_split_d_system_clk_wiz_0_0
    BUFGCE_X0Y24         BUFGCE (Prop_BUFCE_BUFGCE_I_O)
                                                      0.028     1.295 r  u_bd/split_d_system_i/clk_wiz_0/inst/clkout1_buf/O
    X3Y1 (CLOCK_ROOT)    net (fo=48822, routed)       1.763     3.058    <hidden>
    SLICE_X120Y54        FDRE                                         r  <hidden>
  -------------------------------------------------------------------    -------------------
    SLICE_X120Y54        FDRE (Prop_HFF_SLICEL_C_Q)
                                                      0.079     3.137 r  <hidden>
                         net (fo=54, routed)          0.307     3.444    <hidden>
    SLICE_X122Y51        LUT3 (Prop_B6LUT_SLICEM_I1_O)
                                                      0.149     3.593 r  <hidden>
                         net (fo=1, routed)           0.331     3.924    <hidden>
    DSP48E2_X16Y14       DSP_A_B_DATA (Prop_DSP_A_B_DATA_DSP48E2_A[7]_A2_DATA[7])
                                                      0.192     4.116 f  <hidden>
                         net (fo=1, routed)           0.000     4.116    <hidden>
    DSP48E2_X16Y14       DSP_PREADD_DATA (Prop_DSP_PREADD_DATA_DSP48E2_A2_DATA[7]_PREADD_AB[7])
                                                      0.124     4.240 r  <hidden>
                         net (fo=1, routed)           0.000     4.240    <hidden>
    DSP48E2_X16Y14       DSP_PREADD (Prop_DSP_PREADD_DSP48E2_PREADD_AB[7]_AD[26])
                                                      0.488     4.728 f  <hidden>
                         net (fo=1, routed)           0.000     4.728    <hidden>
    DSP48E2_X16Y14       DSP_PREADD_DATA (Prop_DSP_PREADD_DATA_DSP48E2_AD[26]_AD_DATA[26])
                                                      0.050     4.778 r  <hidden>
                         net (fo=1, routed)           0.000     4.778    <hidden>
    DSP48E2_X16Y14       DSP_MULTIPLIER (Prop_DSP_MULTIPLIER_DSP48E2_AD_DATA[26]_U[43])
                                                      0.612     5.390 f  <hidden>
                         net (fo=1, routed)           0.000     5.390    <hidden>
    DSP48E2_X16Y14       DSP_M_DATA (Prop_DSP_M_DATA_DSP48E2_U[43]_U_DATA[43])
                                                      0.047     5.437 r  <hidden>
                         net (fo=1, routed)           0.000     5.437    <hidden>
    DSP48E2_X16Y14       DSP_ALU (Prop_DSP_ALU_DSP48E2_U_DATA[43]_ALU_OUT[47])
                                                      0.585     6.022 r  <hidden>
                         net (fo=1, routed)           0.000     6.022    <hidden>
    DSP48E2_X16Y14       DSP_OUTPUT (Prop_DSP_OUTPUT_DSP48E2_ALU_OUT[47]_PATTERN_DETECT)
                                                      0.363     6.385 r  <hidden>
                         net (fo=59, routed)          0.272     6.657    <hidden>
    SLICE_X121Y50        LUT5 (Prop_B6LUT_SLICEM_I3_O)
                                                      0.149     6.806 r  <hidden>
                         net (fo=1, routed)           0.016     6.822    <hidden>
    SLICE_X121Y50        CARRY8 (Prop_CARRY8_SLICEM_S[1]_CO[7])
                                                      0.197     7.019 r  <hidden>
                         net (fo=5, routed)           0.271     7.290    <hidden>
    SLICE_X120Y50        LUT5 (Prop_C5LUT_SLICEL_I2_O)
                                                      0.136     7.426 f  <hidden>
                         net (fo=1, routed)           0.375     7.801    <hidden>
    DSP48E2_X16Y13       DSP_A_B_DATA (Prop_DSP_A_B_DATA_DSP48E2_B[15]_B2_DATA[15])
                                                      0.151     7.952 r  <hidden>
                         net (fo=1, routed)           0.000     7.952    <hidden>
    DSP48E2_X16Y13       DSP_PREADD_DATA (Prop_DSP_PREADD_DATA_DSP48E2_B2_DATA[15]_B2B1[15])
                                                      0.073     8.025 r  <hidden>
                         net (fo=1, routed)           0.000     8.025    <hidden>
    DSP48E2_X16Y13       DSP_MULTIPLIER (Prop_DSP_MULTIPLIER_DSP48E2_B2B1[15]_V[29])
                                                      0.609     8.634 f  <hidden>
                         net (fo=1, routed)           0.000     8.634    <hidden>
    DSP48E2_X16Y13       DSP_M_DATA (Prop_DSP_M_DATA_DSP48E2_V[29]_V_DATA[29])
                                                      0.046     8.680 r  <hidden>
                         net (fo=1, routed)           0.000     8.680    <hidden>
    DSP48E2_X16Y13       DSP_ALU (Prop_DSP_ALU_DSP48E2_V_DATA[29]_ALU_OUT[29])
                                                      0.571     9.251 f  <hidden>
                         net (fo=1, routed)           0.000     9.251    <hidden>
    DSP48E2_X16Y13       DSP_OUTPUT (Prop_DSP_OUTPUT_DSP48E2_ALU_OUT[29]_P[29])
                                                      0.109     9.360 r  <hidden>
                         net (fo=1, routed)           0.203     9.563    <hidden>
    SLICE_X121Y46        LUT5 (Prop_D6LUT_SLICEM_I4_O)
                                                      0.122     9.685 r  <hidden>
                         net (fo=1, routed)           0.072     9.757    u_bd/split_d_system_i/fsa_0/inst/grp_run_fu_161/grp_runController_fu_106/grp_runQueryTile_fu_142/runQueryBlock_0_U0/grp_runQueryBlock_0_Outline_VITIS_LOOP_117_5_fu_168/grp_fu_880_p2[25]
    SLICE_X121Y46        FDRE                                         r  u_bd/split_d_system_i/fsa_0/inst/grp_run_fu_161/grp_runController_fu_106/grp_runQueryTile_fu_142/runQueryBlock_0_U0/grp_runQueryBlock_0_Outline_VITIS_LOOP_117_5_fu_168/acc_b_reg_2859_reg[25]/D
  -------------------------------------------------------------------    -------------------

                         (clock clk_out1_split_d_system_clk_wiz_0_0 rise edge)
                                                     10.000    10.000 r  
    BH42                                              0.000    10.000 r  board_clk_p (IN)
                         net (fo=0)                   0.079    10.079    u_board_clk/I
    HPIOBDIFFINBUF_X0Y36 DIFFINBUF (Prop_DIFFINBUF_HPIOBDIFFINBUF_DIFF_IN_P_O)
                                                      0.518    10.597 r  u_board_clk/DIFFINBUF_INST/O
                         net (fo=1, routed)           0.040    10.637    u_board_clk/OUT
    BH42                 IBUFCTRL (Prop_IBUFCTRL_HPIOB_M_I_O)
                                                      0.000    10.637 r  u_board_clk/IBUFCTRL_INST/O
                         net (fo=4, routed)           0.333    10.970    u_bd/split_d_system_i/clk_wiz_0/inst/clk_in1
    MMCM_X0Y1            MMCME4_ADV (Prop_MMCM_CLKIN1_CLKOUT0)
                                                      0.630    11.600 r  u_bd/split_d_system_i/clk_wiz_0/inst/mmcme4_adv_inst/CLKOUT0
                         net (fo=1, routed)           0.215    11.815    u_bd/split_d_system_i/clk_wiz_0/inst/clk_out1_split_d_system_clk_wiz_0_0
    BUFGCE_X0Y24         BUFGCE (Prop_BUFCE_BUFGCE_I_O)
                                                      0.024    11.839 r  u_bd/split_d_system_i/clk_wiz_0/inst/clkout1_buf/O
    X3Y1 (CLOCK_ROOT)    net (fo=48822, routed)       1.573    13.411    u_bd/split_d_system_i/fsa_0/inst/grp_run_fu_161/grp_runController_fu_106/grp_runQueryTile_fu_142/runQueryBlock_0_U0/grp_runQueryBlock_0_Outline_VITIS_LOOP_117_5_fu_168/ap_clk
    SLICE_X121Y46        FDRE                                         r  u_bd/split_d_system_i/fsa_0/inst/grp_run_fu_161/grp_runController_fu_106/grp_runQueryTile_fu_142/runQueryBlock_0_U0/grp_runQueryBlock_0_Outline_VITIS_LOOP_117_5_fu_168/acc_b_reg_2859_reg[25]/C
                         clock pessimism             -0.428    12.984    
                         clock uncertainty           -2.770    10.214    
    SLICE_X121Y46        FDRE (Setup_DFF_SLICEM_C_D)
                                                      0.025    10.239    u_bd/split_d_system_i/fsa_0/inst/grp_run_fu_161/grp_runController_fu_106/grp_runQueryTile_fu_142/runQueryBlock_0_U0/grp_runQueryBlock_0_Outline_VITIS_LOOP_117_5_fu_168/acc_b_reg_2859_reg[25]
  -------------------------------------------------------------------
                         required time                         10.239    
                         arrival time                          -9.757    
  -------------------------------------------------------------------
                         slack                                  0.482    

Slack (MET) :             0.485ns  (required time - arrival time)
  Source:                 <hidden>
                            (rising edge-triggered cell FDRE clocked by clk_out1_split_d_system_clk_wiz_0_0  {rise@0.000ns fall@5.000ns period=10.000ns})
  Destination:            u_bd/split_d_system_i/fsa_0/inst/grp_run_fu_161/grp_runController_fu_106/grp_runQueryTile_fu_142/runQueryBlock_0_U0/grp_runQueryBlock_0_Outline_VITIS_LOOP_117_5_fu_168/acc_b_6_reg_2864_reg[26]/D
                            (rising edge-triggered cell FDRE clocked by clk_out1_split_d_system_clk_wiz_0_0  {rise@0.000ns fall@5.000ns period=10.000ns})
  Path Group:             clk_out1_split_d_system_clk_wiz_0_0
  Path Type:              Setup (Max at Slow Process Corner)
  Requirement:            10.000ns  (clk_out1_split_d_system_clk_wiz_0_0 rise@10.000ns - clk_out1_split_d_system_clk_wiz_0_0 rise@0.000ns)
  Data Path Delay:        6.616ns  (logic 4.217ns (63.737%)  route 2.399ns (36.264%))
  Logic Levels:           18  (DSP_A_B_DATA=1 DSP_ALU=2 DSP_C_DATA=1 DSP_M_DATA=1 DSP_MULTIPLIER=1 DSP_OUTPUT=2 DSP_PREADD=1 DSP_PREADD_DATA=2 LUT3=3 LUT4=2 LUT5=1 LUT6=1)
  Clock Path Skew:        -0.154ns (DCD - SCD + CPR)
    Destination Clock Delay (DCD):    3.428ns = ( 13.428 - 10.000 ) 
    Source Clock Delay      (SCD):    3.093ns
    Clock Pessimism Removal (CPR):    -0.489ns
  Clock Uncertainty:      2.770ns  ((TSJ^2 + DJ^2)^1/2) / 2 + PE + UU
    Total System Jitter     (TSJ):    0.071ns
    Discrete Jitter          (DJ):    0.120ns
    Phase Error              (PE):    0.000ns
    User Uncertainty         (UU):    2.700ns
  Clock Net Delay (Source):      1.798ns (routing 0.581ns, distribution 1.217ns)
  Clock Net Delay (Destination): 1.590ns (routing 0.530ns, distribution 1.060ns)

    Location             Delay type                Incr(ns)  Path(ns)    Netlist Resource(s)
  -------------------------------------------------------------------    -------------------
                         (clock clk_out1_split_d_system_clk_wiz_0_0 rise edge)
                                                      0.000     0.000 r  
    BH42                                              0.000     0.000 r  board_clk_p (IN)
                         net (fo=0)                   0.100     0.100    u_board_clk/I
    HPIOBDIFFINBUF_X0Y36 DIFFINBUF (Prop_DIFFINBUF_HPIOBDIFFINBUF_DIFF_IN_P_O)
                                                      0.615     0.715 r  u_board_clk/DIFFINBUF_INST/O
                         net (fo=1, routed)           0.050     0.765    u_board_clk/OUT
    BH42                 IBUFCTRL (Prop_IBUFCTRL_HPIOB_M_I_O)
                                                      0.000     0.765 r  u_board_clk/IBUFCTRL_INST/O
                         net (fo=4, routed)           0.384     1.149    u_bd/split_d_system_i/clk_wiz_0/inst/clk_in1
    MMCM_X0Y1            MMCME4_ADV (Prop_MMCM_CLKIN1_CLKOUT0)
                                                     -0.127     1.022 r  u_bd/split_d_system_i/clk_wiz_0/inst/mmcme4_adv_inst/CLKOUT0
                         net (fo=1, routed)           0.245     1.267    u_bd/split_d_system_i/clk_wiz_0/inst/clk_out1_split_d_system_clk_wiz_0_0
    BUFGCE_X0Y24         BUFGCE (Prop_BUFCE_BUFGCE_I_O)
                                                      0.028     1.295 r  u_bd/split_d_system_i/clk_wiz_0/inst/clkout1_buf/O
    X3Y1 (CLOCK_ROOT)    net (fo=48822, routed)       1.798     3.093    <hidden>
    SLICE_X128Y60        FDRE                                         r  <hidden>
  -------------------------------------------------------------------    -------------------
    SLICE_X128Y60        FDRE (Prop_EFF2_SLICEM_C_Q)
                                                      0.079     3.172 r  <hidden>
                         net (fo=3, routed)           0.208     3.381    <hidden>
    SLICE_X128Y60        LUT3 (Prop_G6LUT_SLICEM_I0_O)
                                                      0.150     3.531 r  <hidden>
                         net (fo=1, routed)           0.200     3.731    <hidden>
    DSP48E2_X17Y16       DSP_A_B_DATA (Prop_DSP_A_B_DATA_DSP48E2_A[11]_A2_DATA[11])
                                                      0.192     3.923 f  <hidden>
                         net (fo=1, routed)           0.000     3.923    <hidden>
    DSP48E2_X17Y16       DSP_PREADD_DATA (Prop_DSP_PREADD_DATA_DSP48E2_A2_DATA[11]_PREADD_AB[11])
                                                      0.124     4.047 r  <hidden>
                         net (fo=1, routed)           0.000     4.047    <hidden>
    DSP48E2_X17Y16       DSP_PREADD (Prop_DSP_PREADD_DSP48E2_PREADD_AB[11]_AD[26])
                                                      0.488     4.535 f  <hidden>
                         net (fo=1, routed)           0.000     4.535    <hidden>
    DSP48E2_X17Y16       DSP_PREADD_DATA (Prop_DSP_PREADD_DATA_DSP48E2_AD[26]_AD_DATA[26])
                                                      0.050     4.585 r  <hidden>
                         net (fo=1, routed)           0.000     4.585    <hidden>
    DSP48E2_X17Y16       DSP_MULTIPLIER (Prop_DSP_MULTIPLIER_DSP48E2_AD_DATA[26]_U[43])
                                                      0.612     5.197 f  <hidden>
                         net (fo=1, routed)           0.000     5.197    <hidden>
    DSP48E2_X17Y16       DSP_M_DATA (Prop_DSP_M_DATA_DSP48E2_U[43]_U_DATA[43])
                                                      0.047     5.244 r  <hidden>
                         net (fo=1, routed)           0.000     5.244    <hidden>
    DSP48E2_X17Y16       DSP_ALU (Prop_DSP_ALU_DSP48E2_U_DATA[43]_ALU_OUT[47])
                                                      0.585     5.829 r  <hidden>
                         net (fo=1, routed)           0.000     5.829    <hidden>
    DSP48E2_X17Y16       DSP_OUTPUT (Prop_DSP_OUTPUT_DSP48E2_ALU_OUT[47]_PATTERN_DETECT)
                                                      0.363     6.192 r  <hidden>
                         net (fo=59, routed)          0.314     6.505    <hidden>
    SLICE_X129Y58        LUT3 (Prop_E6LUT_SLICEM_I1_O)
                                                      0.148     6.653 f  <hidden>
                         net (fo=4, routed)           0.244     6.898    <hidden>
    SLICE_X127Y58        LUT4 (Prop_B6LUT_SLICEL_I3_O)
                                                      0.090     6.988 r  <hidden>
                         net (fo=1, routed)           0.189     7.177    <hidden>
    SLICE_X127Y58        LUT6 (Prop_D6LUT_SLICEL_I0_O)
                                                      0.146     7.323 r  <hidden>
                         net (fo=2, routed)           0.088     7.411    <hidden>
    SLICE_X127Y57        LUT4 (Prop_F6LUT_SLICEL_I0_O)
                                                      0.097     7.508 r  <hidden>
                         net (fo=2, routed)           0.279     7.787    <hidden>
    SLICE_X126Y57        LUT3 (Prop_A6LUT_SLICEM_I1_O)
                                                      0.125     7.912 r  <hidden>
                         net (fo=2, routed)           0.415     8.327    <hidden>
    DSP48E2_X17Y17       DSP_C_DATA (Prop_DSP_C_DATA_DSP48E2_C[28]_C_DATA[28])
                                                      0.105     8.432 r  <hidden>
                         net (fo=2, routed)           0.000     8.432    <hidden>
    DSP48E2_X17Y17       DSP_ALU (Prop_DSP_ALU_DSP48E2_C_DATA[28]_ALU_OUT[30])
                                                      0.585     9.017 f  <hidden>
                         net (fo=1, routed)           0.000     9.017    <hidden>
    DSP48E2_X17Y17       DSP_OUTPUT (Prop_DSP_OUTPUT_DSP48E2_ALU_OUT[30]_P[30])
                                                      0.109     9.126 r  <hidden>
                         net (fo=1, routed)           0.390     9.516    <hidden>
    SLICE_X126Y58        LUT5 (Prop_D6LUT_SLICEM_I4_O)
                                                      0.122     9.638 r  <hidden>
                         net (fo=1, routed)           0.072     9.710    u_bd/split_d_system_i/fsa_0/inst/grp_run_fu_161/grp_runController_fu_106/grp_runQueryTile_fu_142/runQueryBlock_0_U0/grp_runQueryBlock_0_Outline_VITIS_LOOP_117_5_fu_168/grp_fu_884_p2[26]
    SLICE_X126Y58        FDRE                                         r  u_bd/split_d_system_i/fsa_0/inst/grp_run_fu_161/grp_runController_fu_106/grp_runQueryTile_fu_142/runQueryBlock_0_U0/grp_runQueryBlock_0_Outline_VITIS_LOOP_117_5_fu_168/acc_b_6_reg_2864_reg[26]/D
  -------------------------------------------------------------------    -------------------

                         (clock clk_out1_split_d_system_clk_wiz_0_0 rise edge)
                                                     10.000    10.000 r  
    BH42                                              0.000    10.000 r  board_clk_p (IN)
                         net (fo=0)                   0.079    10.079    u_board_clk/I
    HPIOBDIFFINBUF_X0Y36 DIFFINBUF (Prop_DIFFINBUF_HPIOBDIFFINBUF_DIFF_IN_P_O)
                                                      0.518    10.597 r  u_board_clk/DIFFINBUF_INST/O
                         net (fo=1, routed)           0.040    10.637    u_board_clk/OUT
    BH42                 IBUFCTRL (Prop_IBUFCTRL_HPIOB_M_I_O)
                                                      0.000    10.637 r  u_board_clk/IBUFCTRL_INST/O
                         net (fo=4, routed)           0.333    10.970    u_bd/split_d_system_i/clk_wiz_0/inst/clk_in1
    MMCM_X0Y1            MMCME4_ADV (Prop_MMCM_CLKIN1_CLKOUT0)
                                                      0.630    11.600 r  u_bd/split_d_system_i/clk_wiz_0/inst/mmcme4_adv_inst/CLKOUT0
                         net (fo=1, routed)           0.215    11.815    u_bd/split_d_system_i/clk_wiz_0/inst/clk_out1_split_d_system_clk_wiz_0_0
    BUFGCE_X0Y24         BUFGCE (Prop_BUFCE_BUFGCE_I_O)
                                                      0.024    11.839 r  u_bd/split_d_system_i/clk_wiz_0/inst/clkout1_buf/O
    X3Y1 (CLOCK_ROOT)    net (fo=48822, routed)       1.590    13.428    u_bd/split_d_system_i/fsa_0/inst/grp_run_fu_161/grp_runController_fu_106/grp_runQueryTile_fu_142/runQueryBlock_0_U0/grp_runQueryBlock_0_Outline_VITIS_LOOP_117_5_fu_168/ap_clk
    SLICE_X126Y58        FDRE                                         r  u_bd/split_d_system_i/fsa_0/inst/grp_run_fu_161/grp_runController_fu_106/grp_runQueryTile_fu_142/runQueryBlock_0_U0/grp_runQueryBlock_0_Outline_VITIS_LOOP_117_5_fu_168/acc_b_6_reg_2864_reg[26]/C
                         clock pessimism             -0.489    12.940    
                         clock uncertainty           -2.770    10.170    
    SLICE_X126Y58        FDRE (Setup_DFF_SLICEM_C_D)
                                                      0.025    10.195    u_bd/split_d_system_i/fsa_0/inst/grp_run_fu_161/grp_runController_fu_106/grp_runQueryTile_fu_142/runQueryBlock_0_U0/grp_runQueryBlock_0_Outline_VITIS_LOOP_117_5_fu_168/acc_b_6_reg_2864_reg[26]
  -------------------------------------------------------------------
                         required time                         10.195    
                         arrival time                          -9.710    
  -------------------------------------------------------------------
                         slack                                  0.485    

Slack (MET) :             0.485ns  (required time - arrival time)
  Source:                 <hidden>
                            (rising edge-triggered cell FDRE clocked by clk_out1_split_d_system_clk_wiz_0_0  {rise@0.000ns fall@5.000ns period=10.000ns})
  Destination:            u_bd/split_d_system_i/fsa_0/inst/grp_run_fu_161/grp_runController_fu_106/grp_runQueryTile_fu_142/runQueryBlock_0_U0/grp_runQueryBlock_0_Outline_VITIS_LOOP_117_5_fu_168/acc_b_6_reg_2864_reg[20]/D
                            (rising edge-triggered cell FDRE clocked by clk_out1_split_d_system_clk_wiz_0_0  {rise@0.000ns fall@5.000ns period=10.000ns})
  Path Group:             clk_out1_split_d_system_clk_wiz_0_0
  Path Type:              Setup (Max at Slow Process Corner)
  Requirement:            10.000ns  (clk_out1_split_d_system_clk_wiz_0_0 rise@10.000ns - clk_out1_split_d_system_clk_wiz_0_0 rise@0.000ns)
  Data Path Delay:        6.612ns  (logic 4.848ns (73.325%)  route 1.764ns (26.675%))
  Logic Levels:           19  (CARRY8=1 DSP_A_B_DATA=2 DSP_ALU=2 DSP_M_DATA=2 DSP_MULTIPLIER=2 DSP_OUTPUT=2 DSP_PREADD=1 DSP_PREADD_DATA=3 LUT2=1 LUT3=1 LUT5=2)
  Clock Path Skew:        -0.158ns (DCD - SCD + CPR)
    Destination Clock Delay (DCD):    3.424ns = ( 13.424 - 10.000 ) 
    Source Clock Delay      (SCD):    3.093ns
    Clock Pessimism Removal (CPR):    -0.489ns
  Clock Uncertainty:      2.770ns  ((TSJ^2 + DJ^2)^1/2) / 2 + PE + UU
    Total System Jitter     (TSJ):    0.071ns
    Discrete Jitter          (DJ):    0.120ns
    Phase Error              (PE):    0.000ns
    User Uncertainty         (UU):    2.700ns
  Clock Net Delay (Source):      1.798ns (routing 0.581ns, distribution 1.217ns)
  Clock Net Delay (Destination): 1.585ns (routing 0.530ns, distribution 1.055ns)

    Location             Delay type                Incr(ns)  Path(ns)    Netlist Resource(s)
  -------------------------------------------------------------------    -------------------
                         (clock clk_out1_split_d_system_clk_wiz_0_0 rise edge)
                                                      0.000     0.000 r  
    BH42                                              0.000     0.000 r  board_clk_p (IN)
                         net (fo=0)                   0.100     0.100    u_board_clk/I
    HPIOBDIFFINBUF_X0Y36 DIFFINBUF (Prop_DIFFINBUF_HPIOBDIFFINBUF_DIFF_IN_P_O)
                                                      0.615     0.715 r  u_board_clk/DIFFINBUF_INST/O
                         net (fo=1, routed)           0.050     0.765    u_board_clk/OUT
    BH42                 IBUFCTRL (Prop_IBUFCTRL_HPIOB_M_I_O)
                                                      0.000     0.765 r  u_board_clk/IBUFCTRL_INST/O
                         net (fo=4, routed)           0.384     1.149    u_bd/split_d_system_i/clk_wiz_0/inst/clk_in1
    MMCM_X0Y1            MMCME4_ADV (Prop_MMCM_CLKIN1_CLKOUT0)
                                                     -0.127     1.022 r  u_bd/split_d_system_i/clk_wiz_0/inst/mmcme4_adv_inst/CLKOUT0
                         net (fo=1, routed)           0.245     1.267    u_bd/split_d_system_i/clk_wiz_0/inst/clk_out1_split_d_system_clk_wiz_0_0
    BUFGCE_X0Y24         BUFGCE (Prop_BUFCE_BUFGCE_I_O)
                                                      0.028     1.295 r  u_bd/split_d_system_i/clk_wiz_0/inst/clkout1_buf/O
    X3Y1 (CLOCK_ROOT)    net (fo=48822, routed)       1.798     3.093    <hidden>
    SLICE_X128Y60        FDRE                                         r  <hidden>
  -------------------------------------------------------------------    -------------------
    SLICE_X128Y60        FDRE (Prop_EFF2_SLICEM_C_Q)
                                                      0.079     3.172 r  <hidden>
                         net (fo=3, routed)           0.208     3.381    <hidden>
    SLICE_X128Y60        LUT3 (Prop_G6LUT_SLICEM_I0_O)
                                                      0.150     3.531 r  <hidden>
                         net (fo=1, routed)           0.200     3.731    <hidden>
    DSP48E2_X17Y16       DSP_A_B_DATA (Prop_DSP_A_B_DATA_DSP48E2_A[11]_A2_DATA[11])
                                                      0.192     3.923 f  <hidden>
                         net (fo=1, routed)           0.000     3.923    <hidden>
    DSP48E2_X17Y16       DSP_PREADD_DATA (Prop_DSP_PREADD_DATA_DSP48E2_A2_DATA[11]_PREADD_AB[11])
                                                      0.124     4.047 r  <hidden>
                         net (fo=1, routed)           0.000     4.047    <hidden>
    DSP48E2_X17Y16       DSP_PREADD (Prop_DSP_PREADD_DSP48E2_PREADD_AB[11]_AD[26])
                                                      0.488     4.535 f  <hidden>
                         net (fo=1, routed)           0.000     4.535    <hidden>
    DSP48E2_X17Y16       DSP_PREADD_DATA (Prop_DSP_PREADD_DATA_DSP48E2_AD[26]_AD_DATA[26])
                                                      0.050     4.585 r  <hidden>
                         net (fo=1, routed)           0.000     4.585    <hidden>
    DSP48E2_X17Y16       DSP_MULTIPLIER (Prop_DSP_MULTIPLIER_DSP48E2_AD_DATA[26]_U[43])
                                                      0.612     5.197 f  <hidden>
                         net (fo=1, routed)           0.000     5.197    <hidden>
    DSP48E2_X17Y16       DSP_M_DATA (Prop_DSP_M_DATA_DSP48E2_U[43]_U_DATA[43])
                                                      0.047     5.244 r  <hidden>
                         net (fo=1, routed)           0.000     5.244    <hidden>
    DSP48E2_X17Y16       DSP_ALU (Prop_DSP_ALU_DSP48E2_U_DATA[43]_ALU_OUT[47])
                                                      0.585     5.829 r  <hidden>
                         net (fo=1, routed)           0.000     5.829    <hidden>
    DSP48E2_X17Y16       DSP_OUTPUT (Prop_DSP_OUTPUT_DSP48E2_ALU_OUT[47]_PATTERN_DETECT)
                                                      0.363     6.192 r  <hidden>
                         net (fo=59, routed)          0.341     6.533    <hidden>
    SLICE_X128Y56        LUT5 (Prop_B6LUT_SLICEM_I3_O)
                                                      0.125     6.658 r  <hidden>
                         net (fo=1, routed)           0.016     6.674    <hidden>
    SLICE_X128Y56        CARRY8 (Prop_CARRY8_SLICEM_S[1]_CO[5])
                                                      0.199     6.873 r  <hidden>
                         net (fo=17, routed)          0.183     7.056    <hidden>
    SLICE_X128Y54        LUT5 (Prop_G6LUT_SLICEM_I0_O)
                                                      0.150     7.206 f  <hidden>
                         net (fo=1, routed)           0.308     7.514    <hidden>
    DSP48E2_X17Y17       DSP_A_B_DATA (Prop_DSP_A_B_DATA_DSP48E2_B[11]_B2_DATA[11])
                                                      0.151     7.665 r  <hidden>
                         net (fo=1, routed)           0.000     7.665    <hidden>
    DSP48E2_X17Y17       DSP_PREADD_DATA (Prop_DSP_PREADD_DATA_DSP48E2_B2_DATA[11]_B2B1[11])
                                                      0.073     7.738 r  <hidden>
                         net (fo=1, routed)           0.000     7.738    <hidden>
    DSP48E2_X17Y17       DSP_MULTIPLIER (Prop_DSP_MULTIPLIER_DSP48E2_B2B1[11]_V[22])
                                                      0.609     8.347 f  <hidden>
                         net (fo=1, routed)           0.000     8.347    <hidden>
    DSP48E2_X17Y17       DSP_M_DATA (Prop_DSP_M_DATA_DSP48E2_V[22]_V_DATA[22])
                                                      0.046     8.393 r  <hidden>
                         net (fo=1, routed)           0.000     8.393    <hidden>
    DSP48E2_X17Y17       DSP_ALU (Prop_DSP_ALU_DSP48E2_V_DATA[22]_ALU_OUT[22])
                                                      0.571     8.964 f  <hidden>
                         net (fo=1, routed)           0.000     8.964    <hidden>
    DSP48E2_X17Y17       DSP_OUTPUT (Prop_DSP_OUTPUT_DSP48E2_ALU_OUT[22]_P[22])
                                                      0.109     9.073 r  <hidden>
                         net (fo=1, routed)           0.448     9.521    <hidden>
    SLICE_X126Y55        LUT2 (Prop_B6LUT_SLICEM_I0_O)
                                                      0.125     9.646 r  <hidden>
                         net (fo=1, routed)           0.059     9.705    u_bd/split_d_system_i/fsa_0/inst/grp_run_fu_161/grp_runController_fu_106/grp_runQueryTile_fu_142/runQueryBlock_0_U0/grp_runQueryBlock_0_Outline_VITIS_LOOP_117_5_fu_168/grp_fu_884_p2[20]
    SLICE_X126Y55        FDRE                                         r  u_bd/split_d_system_i/fsa_0/inst/grp_run_fu_161/grp_runController_fu_106/grp_runQueryTile_fu_142/runQueryBlock_0_U0/grp_runQueryBlock_0_Outline_VITIS_LOOP_117_5_fu_168/acc_b_6_reg_2864_reg[20]/D
  -------------------------------------------------------------------    -------------------

                         (clock clk_out1_split_d_system_clk_wiz_0_0 rise edge)
                                                     10.000    10.000 r  
    BH42                                              0.000    10.000 r  board_clk_p (IN)
                         net (fo=0)                   0.079    10.079    u_board_clk/I
    HPIOBDIFFINBUF_X0Y36 DIFFINBUF (Prop_DIFFINBUF_HPIOBDIFFINBUF_DIFF_IN_P_O)
                                                      0.518    10.597 r  u_board_clk/DIFFINBUF_INST/O
                         net (fo=1, routed)           0.040    10.637    u_board_clk/OUT
    BH42                 IBUFCTRL (Prop_IBUFCTRL_HPIOB_M_I_O)
                                                      0.000    10.637 r  u_board_clk/IBUFCTRL_INST/O
                         net (fo=4, routed)           0.333    10.970    u_bd/split_d_system_i/clk_wiz_0/inst/clk_in1
    MMCM_X0Y1            MMCME4_ADV (Prop_MMCM_CLKIN1_CLKOUT0)
                                                      0.630    11.600 r  u_bd/split_d_system_i/clk_wiz_0/inst/mmcme4_adv_inst/CLKOUT0
                         net (fo=1, routed)           0.215    11.815    u_bd/split_d_system_i/clk_wiz_0/inst/clk_out1_split_d_system_clk_wiz_0_0
    BUFGCE_X0Y24         BUFGCE (Prop_BUFCE_BUFGCE_I_O)
                                                      0.024    11.839 r  u_bd/split_d_system_i/clk_wiz_0/inst/clkout1_buf/O
    X3Y1 (CLOCK_ROOT)    net (fo=48822, routed)       1.585    13.424    u_bd/split_d_system_i/fsa_0/inst/grp_run_fu_161/grp_runController_fu_106/grp_runQueryTile_fu_142/runQueryBlock_0_U0/grp_runQueryBlock_0_Outline_VITIS_LOOP_117_5_fu_168/ap_clk
    SLICE_X126Y55        FDRE                                         r  u_bd/split_d_system_i/fsa_0/inst/grp_run_fu_161/grp_runController_fu_106/grp_runQueryTile_fu_142/runQueryBlock_0_U0/grp_runQueryBlock_0_Outline_VITIS_LOOP_117_5_fu_168/acc_b_6_reg_2864_reg[20]/C
                         clock pessimism             -0.489    12.935    
                         clock uncertainty           -2.770    10.165    
    SLICE_X126Y55        FDRE (Setup_BFF_SLICEM_C_D)
                                                      0.025    10.190    u_bd/split_d_system_i/fsa_0/inst/grp_run_fu_161/grp_runController_fu_106/grp_runQueryTile_fu_142/runQueryBlock_0_U0/grp_runQueryBlock_0_Outline_VITIS_LOOP_117_5_fu_168/acc_b_6_reg_2864_reg[20]
  -------------------------------------------------------------------
                         required time                         10.190    
                         arrival time                          -9.705    
  -------------------------------------------------------------------
                         slack                                  0.485    

Slack (MET) :             0.486ns  (required time - arrival time)
  Source:                 <hidden>
                            (rising edge-triggered cell FDRE clocked by clk_out1_split_d_system_clk_wiz_0_0  {rise@0.000ns fall@5.000ns period=10.000ns})
  Destination:            u_bd/split_d_system_i/fsa_0/inst/grp_run_fu_161/grp_runController_fu_106/grp_runQueryTile_fu_142/runQueryBlock_0_U0/grp_runQueryBlock_0_Outline_VITIS_LOOP_117_5_fu_168/acc_b_reg_2859_reg[26]/D
                            (rising edge-triggered cell FDRE clocked by clk_out1_split_d_system_clk_wiz_0_0  {rise@0.000ns fall@5.000ns period=10.000ns})
  Path Group:             clk_out1_split_d_system_clk_wiz_0_0
  Path Type:              Setup (Max at Slow Process Corner)
  Requirement:            10.000ns  (clk_out1_split_d_system_clk_wiz_0_0 rise@10.000ns - clk_out1_split_d_system_clk_wiz_0_0 rise@0.000ns)
  Data Path Delay:        6.709ns  (logic 4.782ns (71.276%)  route 1.927ns (28.724%))
  Logic Levels:           19  (CARRY8=1 DSP_A_B_DATA=2 DSP_ALU=2 DSP_M_DATA=2 DSP_MULTIPLIER=2 DSP_OUTPUT=2 DSP_PREADD=1 DSP_PREADD_DATA=3 LUT3=1 LUT5=3)
  Clock Path Skew:        -0.060ns (DCD - SCD + CPR)
    Destination Clock Delay (DCD):    3.426ns = ( 13.426 - 10.000 ) 
    Source Clock Delay      (SCD):    3.058ns
    Clock Pessimism Removal (CPR):    -0.428ns
  Clock Uncertainty:      2.770ns  ((TSJ^2 + DJ^2)^1/2) / 2 + PE + UU
    Total System Jitter     (TSJ):    0.071ns
    Discrete Jitter          (DJ):    0.120ns
    Phase Error              (PE):    0.000ns
    User Uncertainty         (UU):    2.700ns
  Clock Net Delay (Source):      1.763ns (routing 0.581ns, distribution 1.182ns)
  Clock Net Delay (Destination): 1.587ns (routing 0.530ns, distribution 1.057ns)

    Location             Delay type                Incr(ns)  Path(ns)    Netlist Resource(s)
  -------------------------------------------------------------------    -------------------
                         (clock clk_out1_split_d_system_clk_wiz_0_0 rise edge)
                                                      0.000     0.000 r  
    BH42                                              0.000     0.000 r  board_clk_p (IN)
                         net (fo=0)                   0.100     0.100    u_board_clk/I
    HPIOBDIFFINBUF_X0Y36 DIFFINBUF (Prop_DIFFINBUF_HPIOBDIFFINBUF_DIFF_IN_P_O)
                                                      0.615     0.715 r  u_board_clk/DIFFINBUF_INST/O
                         net (fo=1, routed)           0.050     0.765    u_board_clk/OUT
    BH42                 IBUFCTRL (Prop_IBUFCTRL_HPIOB_M_I_O)
                                                      0.000     0.765 r  u_board_clk/IBUFCTRL_INST/O
                         net (fo=4, routed)           0.384     1.149    u_bd/split_d_system_i/clk_wiz_0/inst/clk_in1
    MMCM_X0Y1            MMCME4_ADV (Prop_MMCM_CLKIN1_CLKOUT0)
                                                     -0.127     1.022 r  u_bd/split_d_system_i/clk_wiz_0/inst/mmcme4_adv_inst/CLKOUT0
                         net (fo=1, routed)           0.245     1.267    u_bd/split_d_system_i/clk_wiz_0/inst/clk_out1_split_d_system_clk_wiz_0_0
    BUFGCE_X0Y24         BUFGCE (Prop_BUFCE_BUFGCE_I_O)
                                                      0.028     1.295 r  u_bd/split_d_system_i/clk_wiz_0/inst/clkout1_buf/O
    X3Y1 (CLOCK_ROOT)    net (fo=48822, routed)       1.763     3.058    <hidden>
    SLICE_X120Y54        FDRE                                         r  <hidden>
  -------------------------------------------------------------------    -------------------
    SLICE_X120Y54        FDRE (Prop_HFF_SLICEL_C_Q)
                                                      0.079     3.137 r  <hidden>
                         net (fo=54, routed)          0.307     3.444    <hidden>
    SLICE_X122Y51        LUT3 (Prop_B6LUT_SLICEM_I1_O)
                                                      0.149     3.593 r  <hidden>
                         net (fo=1, routed)           0.331     3.924    <hidden>
    DSP48E2_X16Y14       DSP_A_B_DATA (Prop_DSP_A_B_DATA_DSP48E2_A[7]_A2_DATA[7])
                                                      0.192     4.116 f  <hidden>
                         net (fo=1, routed)           0.000     4.116    <hidden>
    DSP48E2_X16Y14       DSP_PREADD_DATA (Prop_DSP_PREADD_DATA_DSP48E2_A2_DATA[7]_PREADD_AB[7])
                                                      0.124     4.240 r  <hidden>
                         net (fo=1, routed)           0.000     4.240    <hidden>
    DSP48E2_X16Y14       DSP_PREADD (Prop_DSP_PREADD_DSP48E2_PREADD_AB[7]_AD[26])
                                                      0.488     4.728 f  <hidden>
                         net (fo=1, routed)           0.000     4.728    <hidden>
    DSP48E2_X16Y14       DSP_PREADD_DATA (Prop_DSP_PREADD_DATA_DSP48E2_AD[26]_AD_DATA[26])
                                                      0.050     4.778 r  <hidden>
                         net (fo=1, routed)           0.000     4.778    <hidden>
    DSP48E2_X16Y14       DSP_MULTIPLIER (Prop_DSP_MULTIPLIER_DSP48E2_AD_DATA[26]_U[43])
                                                      0.612     5.390 f  <hidden>
                         net (fo=1, routed)           0.000     5.390    <hidden>
    DSP48E2_X16Y14       DSP_M_DATA (Prop_DSP_M_DATA_DSP48E2_U[43]_U_DATA[43])
                                                      0.047     5.437 r  <hidden>
                         net (fo=1, routed)           0.000     5.437    <hidden>
    DSP48E2_X16Y14       DSP_ALU (Prop_DSP_ALU_DSP48E2_U_DATA[43]_ALU_OUT[47])
                                                      0.585     6.022 r  <hidden>
                         net (fo=1, routed)           0.000     6.022    <hidden>
    DSP48E2_X16Y14       DSP_OUTPUT (Prop_DSP_OUTPUT_DSP48E2_ALU_OUT[47]_PATTERN_DETECT)
                                                      0.363     6.385 r  <hidden>
                         net (fo=59, routed)          0.272     6.657    <hidden>
    SLICE_X121Y50        LUT5 (Prop_B6LUT_SLICEM_I3_O)
                                                      0.149     6.806 r  <hidden>
                         net (fo=1, routed)           0.016     6.822    <hidden>
    SLICE_X121Y50        CARRY8 (Prop_CARRY8_SLICEM_S[1]_CO[7])
                                                      0.197     7.019 r  <hidden>
                         net (fo=5, routed)           0.271     7.290    <hidden>
    SLICE_X120Y50        LUT5 (Prop_C5LUT_SLICEL_I2_O)
                                                      0.136     7.426 f  <hidden>
                         net (fo=1, routed)           0.375     7.801    <hidden>
    DSP48E2_X16Y13       DSP_A_B_DATA (Prop_DSP_A_B_DATA_DSP48E2_B[15]_B2_DATA[15])
                                                      0.151     7.952 r  <hidden>
                         net (fo=1, routed)           0.000     7.952    <hidden>
    DSP48E2_X16Y13       DSP_PREADD_DATA (Prop_DSP_PREADD_DATA_DSP48E2_B2_DATA[15]_B2B1[15])
                                                      0.073     8.025 r  <hidden>
                         net (fo=1, routed)           0.000     8.025    <hidden>
    DSP48E2_X16Y13       DSP_MULTIPLIER (Prop_DSP_MULTIPLIER_DSP48E2_B2B1[15]_V[30])
                                                      0.609     8.634 f  <hidden>
                         net (fo=1, routed)           0.000     8.634    <hidden>
    DSP48E2_X16Y13       DSP_M_DATA (Prop_DSP_M_DATA_DSP48E2_V[30]_V_DATA[30])
                                                      0.046     8.680 r  <hidden>
                         net (fo=1, routed)           0.000     8.680    <hidden>
    DSP48E2_X16Y13       DSP_ALU (Prop_DSP_ALU_DSP48E2_V_DATA[30]_ALU_OUT[30])
                                                      0.571     9.251 f  <hidden>
                         net (fo=1, routed)           0.000     9.251    <hidden>
    DSP48E2_X16Y13       DSP_OUTPUT (Prop_DSP_OUTPUT_DSP48E2_ALU_OUT[30]_P[30])
                                                      0.109     9.360 r  <hidden>
                         net (fo=1, routed)           0.296     9.656    <hidden>
    SLICE_X122Y46        LUT5 (Prop_B6LUT_SLICEM_I4_O)
                                                      0.052     9.708 r  <hidden>
                         net (fo=1, routed)           0.059     9.767    u_bd/split_d_system_i/fsa_0/inst/grp_run_fu_161/grp_runController_fu_106/grp_runQueryTile_fu_142/runQueryBlock_0_U0/grp_runQueryBlock_0_Outline_VITIS_LOOP_117_5_fu_168/grp_fu_880_p2[26]
    SLICE_X122Y46        FDRE                                         r  u_bd/split_d_system_i/fsa_0/inst/grp_run_fu_161/grp_runController_fu_106/grp_runQueryTile_fu_142/runQueryBlock_0_U0/grp_runQueryBlock_0_Outline_VITIS_LOOP_117_5_fu_168/acc_b_reg_2859_reg[26]/D
  -------------------------------------------------------------------    -------------------

                         (clock clk_out1_split_d_system_clk_wiz_0_0 rise edge)
                                                     10.000    10.000 r  
    BH42                                              0.000    10.000 r  board_clk_p (IN)
                         net (fo=0)                   0.079    10.079    u_board_clk/I
    HPIOBDIFFINBUF_X0Y36 DIFFINBUF (Prop_DIFFINBUF_HPIOBDIFFINBUF_DIFF_IN_P_O)
                                                      0.518    10.597 r  u_board_clk/DIFFINBUF_INST/O
                         net (fo=1, routed)           0.040    10.637    u_board_clk/OUT
    BH42                 IBUFCTRL (Prop_IBUFCTRL_HPIOB_M_I_O)
                                                      0.000    10.637 r  u_board_clk/IBUFCTRL_INST/O
                         net (fo=4, routed)           0.333    10.970    u_bd/split_d_system_i/clk_wiz_0/inst/clk_in1
    MMCM_X0Y1            MMCME4_ADV (Prop_MMCM_CLKIN1_CLKOUT0)
                                                      0.630    11.600 r  u_bd/split_d_system_i/clk_wiz_0/inst/mmcme4_adv_inst/CLKOUT0
                         net (fo=1, routed)           0.215    11.815    u_bd/split_d_system_i/clk_wiz_0/inst/clk_out1_split_d_system_clk_wiz_0_0
    BUFGCE_X0Y24         BUFGCE (Prop_BUFCE_BUFGCE_I_O)
                                                      0.024    11.839 r  u_bd/split_d_system_i/clk_wiz_0/inst/clkout1_buf/O
    X3Y1 (CLOCK_ROOT)    net (fo=48822, routed)       1.587    13.426    u_bd/split_d_system_i/fsa_0/inst/grp_run_fu_161/grp_runController_fu_106/grp_runQueryTile_fu_142/runQueryBlock_0_U0/grp_runQueryBlock_0_Outline_VITIS_LOOP_117_5_fu_168/ap_clk
    SLICE_X122Y46        FDRE                                         r  u_bd/split_d_system_i/fsa_0/inst/grp_run_fu_161/grp_runController_fu_106/grp_runQueryTile_fu_142/runQueryBlock_0_U0/grp_runQueryBlock_0_Outline_VITIS_LOOP_117_5_fu_168/acc_b_reg_2859_reg[26]/C
                         clock pessimism             -0.428    12.998    
                         clock uncertainty           -2.770    10.228    
    SLICE_X122Y46        FDRE (Setup_BFF_SLICEM_C_D)
                                                      0.025    10.253    u_bd/split_d_system_i/fsa_0/inst/grp_run_fu_161/grp_runController_fu_106/grp_runQueryTile_fu_142/runQueryBlock_0_U0/grp_runQueryBlock_0_Outline_VITIS_LOOP_117_5_fu_168/acc_b_reg_2859_reg[26]
  -------------------------------------------------------------------
                         required time                         10.253    
                         arrival time                          -9.767    
  -------------------------------------------------------------------
                         slack                                  0.486    

Slack (MET) :             0.490ns  (required time - arrival time)
  Source:                 <hidden>
                            (rising edge-triggered cell FDRE clocked by clk_out1_split_d_system_clk_wiz_0_0  {rise@0.000ns fall@5.000ns period=10.000ns})
  Destination:            u_bd/split_d_system_i/fsa_0/inst/grp_run_fu_161/grp_runController_fu_106/grp_runQueryTile_fu_142/runQueryBlock_1_U0/grp_runQueryBlock_1_Outline_VITIS_LOOP_117_5_fu_172/acc_b_reg_2859_reg[28]/D
                            (rising edge-triggered cell FDRE clocked by clk_out1_split_d_system_clk_wiz_0_0  {rise@0.000ns fall@5.000ns period=10.000ns})
  Path Group:             clk_out1_split_d_system_clk_wiz_0_0
  Path Type:              Setup (Max at Slow Process Corner)
  Requirement:            10.000ns  (clk_out1_split_d_system_clk_wiz_0_0 rise@10.000ns - clk_out1_split_d_system_clk_wiz_0_0 rise@0.000ns)
  Data Path Delay:        6.683ns  (logic 4.345ns (65.011%)  route 2.338ns (34.989%))
  Logic Levels:           20  (DSP_A_B_DATA=1 DSP_ALU=2 DSP_C_DATA=1 DSP_M_DATA=1 DSP_MULTIPLIER=1 DSP_OUTPUT=2 DSP_PREADD=1 DSP_PREADD_DATA=2 LUT2=1 LUT3=2 LUT4=1 LUT5=3 LUT6=2)
  Clock Path Skew:        -0.082ns (DCD - SCD + CPR)
    Destination Clock Delay (DCD):    3.412ns = ( 13.412 - 10.000 ) 
    Source Clock Delay      (SCD):    3.064ns
    Clock Pessimism Removal (CPR):    -0.430ns
  Clock Uncertainty:      2.770ns  ((TSJ^2 + DJ^2)^1/2) / 2 + PE + UU
    Total System Jitter     (TSJ):    0.071ns
    Discrete Jitter          (DJ):    0.120ns
    Phase Error              (PE):    0.000ns
    User Uncertainty         (UU):    2.700ns
  Clock Net Delay (Source):      1.769ns (routing 0.581ns, distribution 1.188ns)
  Clock Net Delay (Destination): 1.573ns (routing 0.530ns, distribution 1.043ns)

    Location             Delay type                Incr(ns)  Path(ns)    Netlist Resource(s)
  -------------------------------------------------------------------    -------------------
                         (clock clk_out1_split_d_system_clk_wiz_0_0 rise edge)
                                                      0.000     0.000 r  
    BH42                                              0.000     0.000 r  board_clk_p (IN)
                         net (fo=0)                   0.100     0.100    u_board_clk/I
    HPIOBDIFFINBUF_X0Y36 DIFFINBUF (Prop_DIFFINBUF_HPIOBDIFFINBUF_DIFF_IN_P_O)
                                                      0.615     0.715 r  u_board_clk/DIFFINBUF_INST/O
                         net (fo=1, routed)           0.050     0.765    u_board_clk/OUT
    BH42                 IBUFCTRL (Prop_IBUFCTRL_HPIOB_M_I_O)
                                                      0.000     0.765 r  u_board_clk/IBUFCTRL_INST/O
                         net (fo=4, routed)           0.384     1.149    u_bd/split_d_system_i/clk_wiz_0/inst/clk_in1
    MMCM_X0Y1            MMCME4_ADV (Prop_MMCM_CLKIN1_CLKOUT0)
                                                     -0.127     1.022 r  u_bd/split_d_system_i/clk_wiz_0/inst/mmcme4_adv_inst/CLKOUT0
                         net (fo=1, routed)           0.245     1.267    u_bd/split_d_system_i/clk_wiz_0/inst/clk_out1_split_d_system_clk_wiz_0_0
    BUFGCE_X0Y24         BUFGCE (Prop_BUFCE_BUFGCE_I_O)
                                                      0.028     1.295 r  u_bd/split_d_system_i/clk_wiz_0/inst/clkout1_buf/O
    X3Y1 (CLOCK_ROOT)    net (fo=48822, routed)       1.769     3.064    <hidden>
    SLICE_X59Y221        FDRE                                         r  <hidden>
  -------------------------------------------------------------------    -------------------
    SLICE_X59Y221        FDRE (Prop_HFF_SLICEL_C_Q)
                                                      0.079     3.143 r  <hidden>
                         net (fo=54, routed)          0.412     3.555    <hidden>
    SLICE_X61Y216        LUT3 (Prop_B6LUT_SLICEM_I1_O)
                                                      0.100     3.655 r  <hidden>
                         net (fo=1, routed)           0.210     3.865    <hidden>
    DSP48E2_X8Y80        DSP_A_B_DATA (Prop_DSP_A_B_DATA_DSP48E2_A[8]_A2_DATA[8])
                                                      0.192     4.057 f  <hidden>
                         net (fo=1, routed)           0.000     4.057    <hidden>
    DSP48E2_X8Y80        DSP_PREADD_DATA (Prop_DSP_PREADD_DATA_DSP48E2_A2_DATA[8]_PREADD_AB[8])
                                                      0.124     4.181 r  <hidden>
                         net (fo=1, routed)           0.000     4.181    <hidden>
    DSP48E2_X8Y80        DSP_PREADD (Prop_DSP_PREADD_DSP48E2_PREADD_AB[8]_AD[26])
                                                      0.488     4.669 f  <hidden>
                         net (fo=1, routed)           0.000     4.669    <hidden>
    DSP48E2_X8Y80        DSP_PREADD_DATA (Prop_DSP_PREADD_DATA_DSP48E2_AD[26]_AD_DATA[26])
                                                      0.050     4.719 r  <hidden>
                         net (fo=1, routed)           0.000     4.719    <hidden>
    DSP48E2_X8Y80        DSP_MULTIPLIER (Prop_DSP_MULTIPLIER_DSP48E2_AD_DATA[26]_U[43])
                                                      0.612     5.331 f  <hidden>
                         net (fo=1, routed)           0.000     5.331    <hidden>
    DSP48E2_X8Y80        DSP_M_DATA (Prop_DSP_M_DATA_DSP48E2_U[43]_U_DATA[43])
                                                      0.047     5.378 r  <hidden>
                         net (fo=1, routed)           0.000     5.378    <hidden>
    DSP48E2_X8Y80        DSP_ALU (Prop_DSP_ALU_DSP48E2_U_DATA[43]_ALU_OUT[47])
                                                      0.585     5.963 r  <hidden>
                         net (fo=1, routed)           0.000     5.963    <hidden>
    DSP48E2_X8Y80        DSP_OUTPUT (Prop_DSP_OUTPUT_DSP48E2_ALU_OUT[47]_PATTERN_DETECT)
                                                      0.363     6.326 r  <hidden>
                         net (fo=59, routed)          0.436     6.763    <hidden>
    SLICE_X58Y216        LUT3 (Prop_C5LUT_SLICEL_I1_O)
                                                      0.136     6.899 f  <hidden>
                         net (fo=4, routed)           0.179     7.078    <hidden>
    SLICE_X57Y214        LUT4 (Prop_C5LUT_SLICEM_I1_O)
                                                      0.137     7.215 f  <hidden>
                         net (fo=1, routed)           0.148     7.363    <hidden>
    SLICE_X57Y214        LUT6 (Prop_G6LUT_SLICEM_I0_O)
                                                      0.150     7.513 f  <hidden>
                         net (fo=2, routed)           0.101     7.614    <hidden>
    SLICE_X57Y216        LUT6 (Prop_H6LUT_SLICEM_I0_O)
                                                      0.053     7.667 r  <hidden>
                         net (fo=4, routed)           0.095     7.761    <hidden>
    SLICE_X58Y216        LUT5 (Prop_D6LUT_SLICEL_I3_O)
                                                      0.122     7.883 f  <hidden>
                         net (fo=3, routed)           0.144     8.027    <hidden>
    SLICE_X57Y218        LUT5 (Prop_D5LUT_SLICEM_I2_O)
                                                      0.097     8.124 r  <hidden>
                         net (fo=3, routed)           0.182     8.306    <hidden>
    SLICE_X57Y214        LUT2 (Prop_D6LUT_SLICEM_I0_O)
                                                      0.088     8.394 r  <hidden>
                         net (fo=1, routed)           0.162     8.556    <hidden>
    DSP48E2_X7Y79        DSP_C_DATA (Prop_DSP_C_DATA_DSP48E2_C[32]_C_DATA[32])
                                                      0.105     8.661 r  <hidden>
                         net (fo=2, routed)           0.000     8.661    <hidden>
    DSP48E2_X7Y79        DSP_ALU (Prop_DSP_ALU_DSP48E2_C_DATA[32]_ALU_OUT[32])
                                                      0.585     9.246 f  <hidden>
                         net (fo=1, routed)           0.000     9.246    <hidden>
    DSP48E2_X7Y79        DSP_OUTPUT (Prop_DSP_OUTPUT_DSP48E2_ALU_OUT[32]_P[32])
                                                      0.109     9.355 r  <hidden>
                         net (fo=1, routed)           0.202     9.557    <hidden>
    SLICE_X57Y213        LUT5 (Prop_F6LUT_SLICEM_I4_O)
                                                      0.123     9.680 r  <hidden>
                         net (fo=1, routed)           0.067     9.747    u_bd/split_d_system_i/fsa_0/inst/grp_run_fu_161/grp_runController_fu_106/grp_runQueryTile_fu_142/runQueryBlock_1_U0/grp_runQueryBlock_1_Outline_VITIS_LOOP_117_5_fu_172/grp_fu_880_p2[28]
    SLICE_X57Y213        FDRE                                         r  u_bd/split_d_system_i/fsa_0/inst/grp_run_fu_161/grp_runController_fu_106/grp_runQueryTile_fu_142/runQueryBlock_1_U0/grp_runQueryBlock_1_Outline_VITIS_LOOP_117_5_fu_172/acc_b_reg_2859_reg[28]/D
  -------------------------------------------------------------------    -------------------

                         (clock clk_out1_split_d_system_clk_wiz_0_0 rise edge)
                                                     10.000    10.000 r  
    BH42                                              0.000    10.000 r  board_clk_p (IN)
                         net (fo=0)                   0.079    10.079    u_board_clk/I
    HPIOBDIFFINBUF_X0Y36 DIFFINBUF (Prop_DIFFINBUF_HPIOBDIFFINBUF_DIFF_IN_P_O)
                                                      0.518    10.597 r  u_board_clk/DIFFINBUF_INST/O
                         net (fo=1, routed)           0.040    10.637    u_board_clk/OUT
    BH42                 IBUFCTRL (Prop_IBUFCTRL_HPIOB_M_I_O)
                                                      0.000    10.637 r  u_board_clk/IBUFCTRL_INST/O
                         net (fo=4, routed)           0.333    10.970    u_bd/split_d_system_i/clk_wiz_0/inst/clk_in1
    MMCM_X0Y1            MMCME4_ADV (Prop_MMCM_CLKIN1_CLKOUT0)
                                                      0.630    11.600 r  u_bd/split_d_system_i/clk_wiz_0/inst/mmcme4_adv_inst/CLKOUT0
                         net (fo=1, routed)           0.215    11.815    u_bd/split_d_system_i/clk_wiz_0/inst/clk_out1_split_d_system_clk_wiz_0_0
    BUFGCE_X0Y24         BUFGCE (Prop_BUFCE_BUFGCE_I_O)
                                                      0.024    11.839 r  u_bd/split_d_system_i/clk_wiz_0/inst/clkout1_buf/O
    X3Y1 (CLOCK_ROOT)    net (fo=48822, routed)       1.573    13.412    u_bd/split_d_system_i/fsa_0/inst/grp_run_fu_161/grp_runController_fu_106/grp_runQueryTile_fu_142/runQueryBlock_1_U0/grp_runQueryBlock_1_Outline_VITIS_LOOP_117_5_fu_172/ap_clk
    SLICE_X57Y213        FDRE                                         r  u_bd/split_d_system_i/fsa_0/inst/grp_run_fu_161/grp_runController_fu_106/grp_runQueryTile_fu_142/runQueryBlock_1_U0/grp_runQueryBlock_1_Outline_VITIS_LOOP_117_5_fu_172/acc_b_reg_2859_reg[28]/C
                         clock pessimism             -0.430    12.982    
                         clock uncertainty           -2.770    10.212    
    SLICE_X57Y213        FDRE (Setup_FFF_SLICEM_C_D)
                                                      0.025    10.237    u_bd/split_d_system_i/fsa_0/inst/grp_run_fu_161/grp_runController_fu_106/grp_runQueryTile_fu_142/runQueryBlock_1_U0/grp_runQueryBlock_1_Outline_VITIS_LOOP_117_5_fu_172/acc_b_reg_2859_reg[28]
  -------------------------------------------------------------------
                         required time                         10.237    
                         arrival time                          -9.747    
  -------------------------------------------------------------------
                         slack                                  0.490    

Slack (MET) :             0.491ns  (required time - arrival time)
  Source:                 <hidden>
                            (rising edge-triggered cell FDRE clocked by clk_out1_split_d_system_clk_wiz_0_0  {rise@0.000ns fall@5.000ns period=10.000ns})
  Destination:            u_bd/split_d_system_i/fsa_0/inst/grp_run_fu_161/grp_runController_fu_106/grp_runQueryTile_fu_142/runQueryBlock_1_U0/grp_runQueryBlock_1_Outline_VITIS_LOOP_117_5_fu_172/sub_i3_reg_2877_reg[6]/D
                            (rising edge-triggered cell FDRE clocked by clk_out1_split_d_system_clk_wiz_0_0  {rise@0.000ns fall@5.000ns period=10.000ns})
  Path Group:             clk_out1_split_d_system_clk_wiz_0_0
  Path Type:              Setup (Max at Slow Process Corner)
  Requirement:            10.000ns  (clk_out1_split_d_system_clk_wiz_0_0 rise@10.000ns - clk_out1_split_d_system_clk_wiz_0_0 rise@0.000ns)
  Data Path Delay:        6.706ns  (logic 4.697ns (70.042%)  route 2.009ns (29.958%))
  Logic Levels:           19  (CARRY8=1 DSP_A_B_DATA=2 DSP_ALU=2 DSP_M_DATA=2 DSP_MULTIPLIER=2 DSP_OUTPUT=2 DSP_PREADD=1 DSP_PREADD_DATA=3 LUT2=1 LUT3=1 LUT5=2)
  Clock Path Skew:        -0.058ns (DCD - SCD + CPR)
    Destination Clock Delay (DCD):    3.396ns = ( 13.396 - 10.000 ) 
    Source Clock Delay      (SCD):    3.076ns
    Clock Pessimism Removal (CPR):    -0.379ns
  Clock Uncertainty:      2.770ns  ((TSJ^2 + DJ^2)^1/2) / 2 + PE + UU
    Total System Jitter     (TSJ):    0.071ns
    Discrete Jitter          (DJ):    0.120ns
    Phase Error              (PE):    0.000ns
    User Uncertainty         (UU):    2.700ns
  Clock Net Delay (Source):      1.781ns (routing 0.581ns, distribution 1.200ns)
  Clock Net Delay (Destination): 1.558ns (routing 0.530ns, distribution 1.028ns)

    Location             Delay type                Incr(ns)  Path(ns)    Netlist Resource(s)
  -------------------------------------------------------------------    -------------------
                         (clock clk_out1_split_d_system_clk_wiz_0_0 rise edge)
                                                      0.000     0.000 r  
    BH42                                              0.000     0.000 r  board_clk_p (IN)
                         net (fo=0)                   0.100     0.100    u_board_clk/I
    HPIOBDIFFINBUF_X0Y36 DIFFINBUF (Prop_DIFFINBUF_HPIOBDIFFINBUF_DIFF_IN_P_O)
                                                      0.615     0.715 r  u_board_clk/DIFFINBUF_INST/O
                         net (fo=1, routed)           0.050     0.765    u_board_clk/OUT
    BH42                 IBUFCTRL (Prop_IBUFCTRL_HPIOB_M_I_O)
                                                      0.000     0.765 r  u_board_clk/IBUFCTRL_INST/O
                         net (fo=4, routed)           0.384     1.149    u_bd/split_d_system_i/clk_wiz_0/inst/clk_in1
    MMCM_X0Y1            MMCME4_ADV (Prop_MMCM_CLKIN1_CLKOUT0)
                                                     -0.127     1.022 r  u_bd/split_d_system_i/clk_wiz_0/inst/mmcme4_adv_inst/CLKOUT0
                         net (fo=1, routed)           0.245     1.267    u_bd/split_d_system_i/clk_wiz_0/inst/clk_out1_split_d_system_clk_wiz_0_0
    BUFGCE_X0Y24         BUFGCE (Prop_BUFCE_BUFGCE_I_O)
                                                      0.028     1.295 r  u_bd/split_d_system_i/clk_wiz_0/inst/clkout1_buf/O
    X3Y1 (CLOCK_ROOT)    net (fo=48822, routed)       1.781     3.076    <hidden>
    SLICE_X70Y126        FDRE                                         r  <hidden>
  -------------------------------------------------------------------    -------------------
    SLICE_X70Y126        FDRE (Prop_EFF2_SLICEL_C_Q)
                                                      0.081     3.157 r  <hidden>
                         net (fo=2, routed)           0.268     3.425    <hidden>
    SLICE_X70Y126        LUT2 (Prop_G6LUT_SLICEL_I0_O)
                                                      0.089     3.514 r  <hidden>
                         net (fo=2, routed)           0.365     3.879    <hidden>
    DSP48E2_X9Y44        DSP_A_B_DATA (Prop_DSP_A_B_DATA_DSP48E2_A[17]_A2_DATA[17])
                                                      0.192     4.071 f  <hidden>
                         net (fo=1, routed)           0.000     4.071    <hidden>
    DSP48E2_X9Y44        DSP_PREADD_DATA (Prop_DSP_PREADD_DATA_DSP48E2_A2_DATA[17]_PREADD_AB[17])
                                                      0.124     4.195 r  <hidden>
                         net (fo=1, routed)           0.000     4.195    <hidden>
    DSP48E2_X9Y44        DSP_PREADD (Prop_DSP_PREADD_DSP48E2_PREADD_AB[17]_AD[26])
                                                      0.488     4.683 f  <hidden>
                         net (fo=1, routed)           0.000     4.683    <hidden>
    DSP48E2_X9Y44        DSP_PREADD_DATA (Prop_DSP_PREADD_DATA_DSP48E2_AD[26]_AD_DATA[26])
                                                      0.050     4.733 r  <hidden>
                         net (fo=1, routed)           0.000     4.733    <hidden>
    DSP48E2_X9Y44        DSP_MULTIPLIER (Prop_DSP_MULTIPLIER_DSP48E2_AD_DATA[26]_U[43])
                                                      0.612     5.345 f  <hidden>
                         net (fo=1, routed)           0.000     5.345    <hidden>
    DSP48E2_X9Y44        DSP_M_DATA (Prop_DSP_M_DATA_DSP48E2_U[43]_U_DATA[43])
                                                      0.047     5.392 r  <hidden>
                         net (fo=1, routed)           0.000     5.392    <hidden>
    DSP48E2_X9Y44        DSP_ALU (Prop_DSP_ALU_DSP48E2_U_DATA[43]_ALU_OUT[47])
                                                      0.585     5.977 r  <hidden>
                         net (fo=1, routed)           0.000     5.977    <hidden>
    DSP48E2_X9Y44        DSP_OUTPUT (Prop_DSP_OUTPUT_DSP48E2_ALU_OUT[47]_PATTERN_DETECT)
                                                      0.363     6.340 r  <hidden>
                         net (fo=60, routed)          0.227     6.566    <hidden>
    SLICE_X70Y127        LUT5 (Prop_A6LUT_SLICEL_I3_O)
                                                      0.124     6.690 r  <hidden>
                         net (fo=1, routed)           0.009     6.699    <hidden>
    SLICE_X70Y127        CARRY8 (Prop_CARRY8_SLICEL_S[0]_CO[2])
                                                      0.113     6.812 r  <hidden>
                         net (fo=4, routed)           0.332     7.144    <hidden>
    SLICE_X72Y126        LUT5 (Prop_G5LUT_SLICEM_I4_O)
                                                      0.137     7.281 f  <hidden>
                         net (fo=1, routed)           0.391     7.672    <hidden>
    DSP48E2_X9Y45        DSP_A_B_DATA (Prop_DSP_A_B_DATA_DSP48E2_B[4]_B2_DATA[4])
                                                      0.151     7.823 r  <hidden>
                         net (fo=1, routed)           0.000     7.823    <hidden>
    DSP48E2_X9Y45        DSP_PREADD_DATA (Prop_DSP_PREADD_DATA_DSP48E2_B2_DATA[4]_B2B1[4])
                                                      0.073     7.896 r  <hidden>
                         net (fo=1, routed)           0.000     7.896    <hidden>
    DSP48E2_X9Y45        DSP_MULTIPLIER (Prop_DSP_MULTIPLIER_DSP48E2_B2B1[4]_V[8])
                                                      0.609     8.505 f  <hidden>
                         net (fo=1, routed)           0.000     8.505    <hidden>
    DSP48E2_X9Y45        DSP_M_DATA (Prop_DSP_M_DATA_DSP48E2_V[8]_V_DATA[8])
                                                      0.046     8.551 r  <hidden>
                         net (fo=1, routed)           0.000     8.551    <hidden>
    DSP48E2_X9Y45        DSP_ALU (Prop_DSP_ALU_DSP48E2_V_DATA[8]_ALU_OUT[8])
                                                      0.571     9.122 f  <hidden>
                         net (fo=1, routed)           0.000     9.122    <hidden>
    DSP48E2_X9Y45        DSP_OUTPUT (Prop_DSP_OUTPUT_DSP48E2_ALU_OUT[8]_P[8])
                                                      0.109     9.231 r  <hidden>
                         net (fo=1, routed)           0.403     9.634    <hidden>
    SLICE_X70Y129        LUT3 (Prop_H5LUT_SLICEL_I0_O)
                                                      0.133     9.767 r  <hidden>
                         net (fo=1, routed)           0.015     9.782    u_bd/split_d_system_i/fsa_0/inst/grp_run_fu_161/grp_runController_fu_106/grp_runQueryTile_fu_142/runQueryBlock_1_U0/grp_runQueryBlock_1_Outline_VITIS_LOOP_117_5_fu_172/grp_fu_893_p2[6]
    SLICE_X70Y129        FDRE                                         r  u_bd/split_d_system_i/fsa_0/inst/grp_run_fu_161/grp_runController_fu_106/grp_runQueryTile_fu_142/runQueryBlock_1_U0/grp_runQueryBlock_1_Outline_VITIS_LOOP_117_5_fu_172/sub_i3_reg_2877_reg[6]/D
  -------------------------------------------------------------------    -------------------

                         (clock clk_out1_split_d_system_clk_wiz_0_0 rise edge)
                                                     10.000    10.000 r  
    BH42                                              0.000    10.000 r  board_clk_p (IN)
                         net (fo=0)                   0.079    10.079    u_board_clk/I
    HPIOBDIFFINBUF_X0Y36 DIFFINBUF (Prop_DIFFINBUF_HPIOBDIFFINBUF_DIFF_IN_P_O)
                                                      0.518    10.597 r  u_board_clk/DIFFINBUF_INST/O
                         net (fo=1, routed)           0.040    10.637    u_board_clk/OUT
    BH42                 IBUFCTRL (Prop_IBUFCTRL_HPIOB_M_I_O)
                                                      0.000    10.637 r  u_board_clk/IBUFCTRL_INST/O
                         net (fo=4, routed)           0.333    10.970    u_bd/split_d_system_i/clk_wiz_0/inst/clk_in1
    MMCM_X0Y1            MMCME4_ADV (Prop_MMCM_CLKIN1_CLKOUT0)
                                                      0.630    11.600 r  u_bd/split_d_system_i/clk_wiz_0/inst/mmcme4_adv_inst/CLKOUT0
                         net (fo=1, routed)           0.215    11.815    u_bd/split_d_system_i/clk_wiz_0/inst/clk_out1_split_d_system_clk_wiz_0_0
    BUFGCE_X0Y24         BUFGCE (Prop_BUFCE_BUFGCE_I_O)
                                                      0.024    11.839 r  u_bd/split_d_system_i/clk_wiz_0/inst/clkout1_buf/O
    X3Y1 (CLOCK_ROOT)    net (fo=48822, routed)       1.558    13.396    u_bd/split_d_system_i/fsa_0/inst/grp_run_fu_161/grp_runController_fu_106/grp_runQueryTile_fu_142/runQueryBlock_1_U0/grp_runQueryBlock_1_Outline_VITIS_LOOP_117_5_fu_172/ap_clk
    SLICE_X70Y129        FDRE                                         r  u_bd/split_d_system_i/fsa_0/inst/grp_run_fu_161/grp_runController_fu_106/grp_runQueryTile_fu_142/runQueryBlock_1_U0/grp_runQueryBlock_1_Outline_VITIS_LOOP_117_5_fu_172/sub_i3_reg_2877_reg[6]/C
                         clock pessimism             -0.379    13.018    
                         clock uncertainty           -2.770    10.248    
    SLICE_X70Y129        FDRE (Setup_HFF2_SLICEL_C_D)
                                                      0.025    10.273    u_bd/split_d_system_i/fsa_0/inst/grp_run_fu_161/grp_runController_fu_106/grp_runQueryTile_fu_142/runQueryBlock_1_U0/grp_runQueryBlock_1_Outline_VITIS_LOOP_117_5_fu_172/sub_i3_reg_2877_reg[6]
  -------------------------------------------------------------------
                         required time                         10.273    
                         arrival time                          -9.782    
  -------------------------------------------------------------------
                         slack                                  0.491    

Slack (MET) :             0.493ns  (required time - arrival time)
  Source:                 <hidden>
                            (rising edge-triggered cell FDRE clocked by clk_out1_split_d_system_clk_wiz_0_0  {rise@0.000ns fall@5.000ns period=10.000ns})
  Destination:            u_bd/split_d_system_i/fsa_0/inst/grp_run_fu_161/grp_runController_fu_106/grp_runQueryTile_fu_142/runQueryBlock_1_U0/grp_runQueryBlock_1_Outline_VITIS_LOOP_117_5_fu_172/sub_i2_reg_2869_reg[30]/D
                            (rising edge-triggered cell FDRE clocked by clk_out1_split_d_system_clk_wiz_0_0  {rise@0.000ns fall@5.000ns period=10.000ns})
  Path Group:             clk_out1_split_d_system_clk_wiz_0_0
  Path Type:              Setup (Max at Slow Process Corner)
  Requirement:            10.000ns  (clk_out1_split_d_system_clk_wiz_0_0 rise@10.000ns - clk_out1_split_d_system_clk_wiz_0_0 rise@0.000ns)
  Data Path Delay:        6.684ns  (logic 4.294ns (64.244%)  route 2.390ns (35.756%))
  Logic Levels:           19  (CARRY8=1 DSP_ALU=2 DSP_C_DATA=1 DSP_M_DATA=1 DSP_MULTIPLIER=1 DSP_OUTPUT=2 DSP_PREADD=1 DSP_PREADD_DATA=2 LUT2=1 LUT3=2 LUT5=2 LUT6=3)
  Clock Path Skew:        -0.078ns (DCD - SCD + CPR)
    Destination Clock Delay (DCD):    3.410ns = ( 13.410 - 10.000 ) 
    Source Clock Delay      (SCD):    3.058ns
    Clock Pessimism Removal (CPR):    -0.430ns
  Clock Uncertainty:      2.770ns  ((TSJ^2 + DJ^2)^1/2) / 2 + PE + UU
    Total System Jitter     (TSJ):    0.071ns
    Discrete Jitter          (DJ):    0.120ns
    Phase Error              (PE):    0.000ns
    User Uncertainty         (UU):    2.700ns
  Clock Net Delay (Source):      1.763ns (routing 0.581ns, distribution 1.182ns)
  Clock Net Delay (Destination): 1.571ns (routing 0.530ns, distribution 1.041ns)

    Location             Delay type                Incr(ns)  Path(ns)    Netlist Resource(s)
  -------------------------------------------------------------------    -------------------
                         (clock clk_out1_split_d_system_clk_wiz_0_0 rise edge)
                                                      0.000     0.000 r  
    BH42                                              0.000     0.000 r  board_clk_p (IN)
                         net (fo=0)                   0.100     0.100    u_board_clk/I
    HPIOBDIFFINBUF_X0Y36 DIFFINBUF (Prop_DIFFINBUF_HPIOBDIFFINBUF_DIFF_IN_P_O)
                                                      0.615     0.715 r  u_board_clk/DIFFINBUF_INST/O
                         net (fo=1, routed)           0.050     0.765    u_board_clk/OUT
    BH42                 IBUFCTRL (Prop_IBUFCTRL_HPIOB_M_I_O)
                                                      0.000     0.765 r  u_board_clk/IBUFCTRL_INST/O
                         net (fo=4, routed)           0.384     1.149    u_bd/split_d_system_i/clk_wiz_0/inst/clk_in1
    MMCM_X0Y1            MMCME4_ADV (Prop_MMCM_CLKIN1_CLKOUT0)
                                                     -0.127     1.022 r  u_bd/split_d_system_i/clk_wiz_0/inst/mmcme4_adv_inst/CLKOUT0
                         net (fo=1, routed)           0.245     1.267    u_bd/split_d_system_i/clk_wiz_0/inst/clk_out1_split_d_system_clk_wiz_0_0
    BUFGCE_X0Y24         BUFGCE (Prop_BUFCE_BUFGCE_I_O)
                                                      0.028     1.295 r  u_bd/split_d_system_i/clk_wiz_0/inst/clkout1_buf/O
    X3Y1 (CLOCK_ROOT)    net (fo=48822, routed)       1.763     3.058    <hidden>
    SLICE_X59Y216        FDRE                                         r  <hidden>
  -------------------------------------------------------------------    -------------------
    SLICE_X59Y216        FDRE (Prop_HFF_SLICEL_C_Q)
                                                      0.079     3.137 r  <hidden>
                         net (fo=54, routed)          0.312     3.449    <hidden>
    SLICE_X58Y213        LUT2 (Prop_H6LUT_SLICEL_I1_O)
                                                      0.036     3.485 f  <hidden>
                         net (fo=2, routed)           0.425     3.910    <hidden>
    DSP48E2_X8Y78        DSP_PREADD_DATA (Prop_DSP_PREADD_DATA_DSP48E2_DIN[2]_D_DATA[2])
                                                      0.240     4.150 r  <hidden>
                         net (fo=1, routed)           0.000     4.150    <hidden>
    DSP48E2_X8Y78        DSP_PREADD (Prop_DSP_PREADD_DSP48E2_D_DATA[2]_AD[26])
                                                      0.524     4.674 f  <hidden>
                         net (fo=1, routed)           0.000     4.674    <hidden>
    DSP48E2_X8Y78        DSP_PREADD_DATA (Prop_DSP_PREADD_DATA_DSP48E2_AD[26]_AD_DATA[26])
                                                      0.050     4.724 r  <hidden>
                         net (fo=1, routed)           0.000     4.724    <hidden>
    DSP48E2_X8Y78        DSP_MULTIPLIER (Prop_DSP_MULTIPLIER_DSP48E2_AD_DATA[26]_U[43])
                                                      0.612     5.336 f  <hidden>
                         net (fo=1, routed)           0.000     5.336    <hidden>
    DSP48E2_X8Y78        DSP_M_DATA (Prop_DSP_M_DATA_DSP48E2_U[43]_U_DATA[43])
                                                      0.047     5.383 r  <hidden>
                         net (fo=1, routed)           0.000     5.383    <hidden>
    DSP48E2_X8Y78        DSP_ALU (Prop_DSP_ALU_DSP48E2_U_DATA[43]_ALU_OUT[47])
                                                      0.585     5.968 r  <hidden>
                         net (fo=1, routed)           0.000     5.968    <hidden>
    DSP48E2_X8Y78        DSP_OUTPUT (Prop_DSP_OUTPUT_DSP48E2_ALU_OUT[47]_PATTERN_DETECT)
                                                      0.363     6.331 r  <hidden>
                         net (fo=60, routed)          0.284     6.615    <hidden>
    SLICE_X60Y212        LUT5 (Prop_A6LUT_SLICEM_I3_O)
                                                      0.100     6.715 r  <hidden>
                         net (fo=1, routed)           0.013     6.728    <hidden>
    SLICE_X60Y212        CARRY8 (Prop_CARRY8_SLICEM_S[0]_CO[5])
                                                      0.201     6.929 f  <hidden>
                         net (fo=14, routed)          0.215     7.144    <hidden>
    SLICE_X59Y213        LUT6 (Prop_G6LUT_SLICEL_I5_O)
                                                      0.149     7.293 r  <hidden>
                         net (fo=4, routed)           0.109     7.402    <hidden>
    SLICE_X59Y211        LUT6 (Prop_G6LUT_SLICEL_I3_O)
                                                      0.123     7.525 f  <hidden>
                         net (fo=6, routed)           0.187     7.712    <hidden>
    SLICE_X62Y211        LUT5 (Prop_B6LUT_SLICEL_I3_O)
                                                      0.124     7.836 r  <hidden>
                         net (fo=3, routed)           0.051     7.887    <hidden>
    SLICE_X62Y211        LUT6 (Prop_H6LUT_SLICEL_I3_O)
                                                      0.099     7.986 r  <hidden>
                         net (fo=2, routed)           0.185     8.171    <hidden>
    SLICE_X61Y214        LUT3 (Prop_G6LUT_SLICEM_I1_O)
                                                      0.052     8.223 r  <hidden>
                         net (fo=1, routed)           0.309     8.532    <hidden>
    DSP48E2_X8Y79        DSP_C_DATA (Prop_DSP_C_DATA_DSP48E2_C[34]_C_DATA[34])
                                                      0.105     8.637 r  <hidden>
                         net (fo=2, routed)           0.000     8.637    <hidden>
    DSP48E2_X8Y79        DSP_ALU (Prop_DSP_ALU_DSP48E2_C_DATA[34]_ALU_OUT[34])
                                                      0.585     9.222 f  <hidden>
                         net (fo=1, routed)           0.000     9.222    <hidden>
    DSP48E2_X8Y79        DSP_OUTPUT (Prop_DSP_OUTPUT_DSP48E2_ALU_OUT[34]_P[34])
                                                      0.109     9.331 r  <hidden>
                         net (fo=1, routed)           0.273     9.604    <hidden>
    SLICE_X61Y210        LUT3 (Prop_C5LUT_SLICEM_I2_O)
                                                      0.111     9.715 r  <hidden>
                         net (fo=1, routed)           0.027     9.742    u_bd/split_d_system_i/fsa_0/inst/grp_run_fu_161/grp_runController_fu_106/grp_runQueryTile_fu_142/runQueryBlock_1_U0/grp_runQueryBlock_1_Outline_VITIS_LOOP_117_5_fu_172/grp_fu_888_p2[30]
    SLICE_X61Y210        FDRE                                         r  u_bd/split_d_system_i/fsa_0/inst/grp_run_fu_161/grp_runController_fu_106/grp_runQueryTile_fu_142/runQueryBlock_1_U0/grp_runQueryBlock_1_Outline_VITIS_LOOP_117_5_fu_172/sub_i2_reg_2869_reg[30]/D
  -------------------------------------------------------------------    -------------------

                         (clock clk_out1_split_d_system_clk_wiz_0_0 rise edge)
                                                     10.000    10.000 r  
    BH42                                              0.000    10.000 r  board_clk_p (IN)
                         net (fo=0)                   0.079    10.079    u_board_clk/I
    HPIOBDIFFINBUF_X0Y36 DIFFINBUF (Prop_DIFFINBUF_HPIOBDIFFINBUF_DIFF_IN_P_O)
                                                      0.518    10.597 r  u_board_clk/DIFFINBUF_INST/O
                         net (fo=1, routed)           0.040    10.637    u_board_clk/OUT
    BH42                 IBUFCTRL (Prop_IBUFCTRL_HPIOB_M_I_O)
                                                      0.000    10.637 r  u_board_clk/IBUFCTRL_INST/O
                         net (fo=4, routed)           0.333    10.970    u_bd/split_d_system_i/clk_wiz_0/inst/clk_in1
    MMCM_X0Y1            MMCME4_ADV (Prop_MMCM_CLKIN1_CLKOUT0)
                                                      0.630    11.600 r  u_bd/split_d_system_i/clk_wiz_0/inst/mmcme4_adv_inst/CLKOUT0
                         net (fo=1, routed)           0.215    11.815    u_bd/split_d_system_i/clk_wiz_0/inst/clk_out1_split_d_system_clk_wiz_0_0
    BUFGCE_X0Y24         BUFGCE (Prop_BUFCE_BUFGCE_I_O)
                                                      0.024    11.839 r  u_bd/split_d_system_i/clk_wiz_0/inst/clkout1_buf/O
    X3Y1 (CLOCK_ROOT)    net (fo=48822, routed)       1.571    13.410    u_bd/split_d_system_i/fsa_0/inst/grp_run_fu_161/grp_runController_fu_106/grp_runQueryTile_fu_142/runQueryBlock_1_U0/grp_runQueryBlock_1_Outline_VITIS_LOOP_117_5_fu_172/ap_clk
    SLICE_X61Y210        FDRE                                         r  u_bd/split_d_system_i/fsa_0/inst/grp_run_fu_161/grp_runController_fu_106/grp_runQueryTile_fu_142/runQueryBlock_1_U0/grp_runQueryBlock_1_Outline_VITIS_LOOP_117_5_fu_172/sub_i2_reg_2869_reg[30]/C
                         clock pessimism             -0.430    12.980    
                         clock uncertainty           -2.770    10.210    
    SLICE_X61Y210        FDRE (Setup_CFF2_SLICEM_C_D)
                                                      0.025    10.235    u_bd/split_d_system_i/fsa_0/inst/grp_run_fu_161/grp_runController_fu_106/grp_runQueryTile_fu_142/runQueryBlock_1_U0/grp_runQueryBlock_1_Outline_VITIS_LOOP_117_5_fu_172/sub_i2_reg_2869_reg[30]
  -------------------------------------------------------------------
                         required time                         10.235    
                         arrival time                          -9.742    
  -------------------------------------------------------------------
                         slack                                  0.493    

Slack (MET) :             0.494ns  (required time - arrival time)
  Source:                 <hidden>
                            (rising edge-triggered cell FDRE clocked by clk_out1_split_d_system_clk_wiz_0_0  {rise@0.000ns fall@5.000ns period=10.000ns})
  Destination:            u_bd/split_d_system_i/fsa_0/inst/grp_run_fu_161/grp_runController_fu_106/grp_runQueryTile_fu_142/runQueryBlock_1_U0/grp_runQueryBlock_1_Outline_VITIS_LOOP_117_5_fu_172/acc_b_3_reg_2864_reg[29]/D
                            (rising edge-triggered cell FDRE clocked by clk_out1_split_d_system_clk_wiz_0_0  {rise@0.000ns fall@5.000ns period=10.000ns})
  Path Group:             clk_out1_split_d_system_clk_wiz_0_0
  Path Type:              Setup (Max at Slow Process Corner)
  Requirement:            10.000ns  (clk_out1_split_d_system_clk_wiz_0_0 rise@10.000ns - clk_out1_split_d_system_clk_wiz_0_0 rise@0.000ns)
  Data Path Delay:        6.666ns  (logic 4.161ns (62.425%)  route 2.505ns (37.575%))
  Logic Levels:           20  (DSP_A_B_DATA=1 DSP_ALU=2 DSP_C_DATA=1 DSP_M_DATA=1 DSP_MULTIPLIER=1 DSP_OUTPUT=2 DSP_PREADD=1 DSP_PREADD_DATA=2 LUT3=3 LUT4=1 LUT5=3 LUT6=2)
  Clock Path Skew:        -0.096ns (DCD - SCD + CPR)
    Destination Clock Delay (DCD):    3.411ns = ( 13.411 - 10.000 ) 
    Source Clock Delay      (SCD):    3.073ns
    Clock Pessimism Removal (CPR):    -0.434ns
  Clock Uncertainty:      2.770ns  ((TSJ^2 + DJ^2)^1/2) / 2 + PE + UU
    Total System Jitter     (TSJ):    0.071ns
    Discrete Jitter          (DJ):    0.120ns
    Phase Error              (PE):    0.000ns
    User Uncertainty         (UU):    2.700ns
  Clock Net Delay (Source):      1.778ns (routing 0.581ns, distribution 1.197ns)
  Clock Net Delay (Destination): 1.572ns (routing 0.530ns, distribution 1.042ns)

    Location             Delay type                Incr(ns)  Path(ns)    Netlist Resource(s)
  -------------------------------------------------------------------    -------------------
                         (clock clk_out1_split_d_system_clk_wiz_0_0 rise edge)
                                                      0.000     0.000 r  
    BH42                                              0.000     0.000 r  board_clk_p (IN)
                         net (fo=0)                   0.100     0.100    u_board_clk/I
    HPIOBDIFFINBUF_X0Y36 DIFFINBUF (Prop_DIFFINBUF_HPIOBDIFFINBUF_DIFF_IN_P_O)
                                                      0.615     0.715 r  u_board_clk/DIFFINBUF_INST/O
                         net (fo=1, routed)           0.050     0.765    u_board_clk/OUT
    BH42                 IBUFCTRL (Prop_IBUFCTRL_HPIOB_M_I_O)
                                                      0.000     0.765 r  u_board_clk/IBUFCTRL_INST/O
                         net (fo=4, routed)           0.384     1.149    u_bd/split_d_system_i/clk_wiz_0/inst/clk_in1
    MMCM_X0Y1            MMCME4_ADV (Prop_MMCM_CLKIN1_CLKOUT0)
                                                     -0.127     1.022 r  u_bd/split_d_system_i/clk_wiz_0/inst/mmcme4_adv_inst/CLKOUT0
                         net (fo=1, routed)           0.245     1.267    u_bd/split_d_system_i/clk_wiz_0/inst/clk_out1_split_d_system_clk_wiz_0_0
    BUFGCE_X0Y24         BUFGCE (Prop_BUFCE_BUFGCE_I_O)
                                                      0.028     1.295 r  u_bd/split_d_system_i/clk_wiz_0/inst/clkout1_buf/O
    X3Y1 (CLOCK_ROOT)    net (fo=48822, routed)       1.778     3.073    <hidden>
    SLICE_X64Y123        FDRE                                         r  <hidden>
  -------------------------------------------------------------------    -------------------
    SLICE_X64Y123        FDRE (Prop_HFF_SLICEL_C_Q)
                                                      0.079     3.152 r  <hidden>
                         net (fo=54, routed)          0.177     3.329    <hidden>
    SLICE_X62Y122        LUT3 (Prop_D6LUT_SLICEL_I1_O)
                                                      0.122     3.451 r  <hidden>
                         net (fo=1, routed)           0.352     3.803    <hidden>
    DSP48E2_X8Y43        DSP_A_B_DATA (Prop_DSP_A_B_DATA_DSP48E2_A[13]_A2_DATA[13])
                                                      0.192     3.995 f  <hidden>
                         net (fo=1, routed)           0.000     3.995    <hidden>
    DSP48E2_X8Y43        DSP_PREADD_DATA (Prop_DSP_PREADD_DATA_DSP48E2_A2_DATA[13]_PREADD_AB[13])
                                                      0.124     4.119 r  <hidden>
                         net (fo=1, routed)           0.000     4.119    <hidden>
    DSP48E2_X8Y43        DSP_PREADD (Prop_DSP_PREADD_DSP48E2_PREADD_AB[13]_AD[26])
                                                      0.488     4.607 f  <hidden>
                         net (fo=1, routed)           0.000     4.607    <hidden>
    DSP48E2_X8Y43        DSP_PREADD_DATA (Prop_DSP_PREADD_DATA_DSP48E2_AD[26]_AD_DATA[26])
                                                      0.050     4.657 r  <hidden>
                         net (fo=1, routed)           0.000     4.657    <hidden>
    DSP48E2_X8Y43        DSP_MULTIPLIER (Prop_DSP_MULTIPLIER_DSP48E2_AD_DATA[26]_U[43])
                                                      0.612     5.269 f  <hidden>
                         net (fo=1, routed)           0.000     5.269    <hidden>
    DSP48E2_X8Y43        DSP_M_DATA (Prop_DSP_M_DATA_DSP48E2_U[43]_U_DATA[43])
                                                      0.047     5.316 r  <hidden>
                         net (fo=1, routed)           0.000     5.316    <hidden>
    DSP48E2_X8Y43        DSP_ALU (Prop_DSP_ALU_DSP48E2_U_DATA[43]_ALU_OUT[47])
                                                      0.585     5.901 r  <hidden>
                         net (fo=1, routed)           0.000     5.901    <hidden>
    DSP48E2_X8Y43        DSP_OUTPUT (Prop_DSP_OUTPUT_DSP48E2_ALU_OUT[47]_PATTERN_DETECT)
                                                      0.363     6.264 r  <hidden>
                         net (fo=59, routed)          0.285     6.549    <hidden>
    SLICE_X59Y123        LUT3 (Prop_G6LUT_SLICEL_I1_O)
                                                      0.149     6.698 f  <hidden>
                         net (fo=4, routed)           0.235     6.933    <hidden>
    SLICE_X59Y125        LUT4 (Prop_B5LUT_SLICEL_I1_O)
                                                      0.104     7.037 f  <hidden>
                         net (fo=1, routed)           0.208     7.245    <hidden>
    SLICE_X59Y125        LUT6 (Prop_G6LUT_SLICEL_I0_O)
                                                      0.123     7.368 f  <hidden>
                         net (fo=2, routed)           0.103     7.471    <hidden>
    SLICE_X60Y125        LUT6 (Prop_G6LUT_SLICEM_I0_O)
                                                      0.052     7.523 r  <hidden>
                         net (fo=4, routed)           0.128     7.651    <hidden>
    SLICE_X60Y125        LUT5 (Prop_D6LUT_SLICEM_I3_O)
                                                      0.051     7.702 f  <hidden>
                         net (fo=3, routed)           0.146     7.849    <hidden>
    SLICE_X61Y125        LUT5 (Prop_C5LUT_SLICEM_I2_O)
                                                      0.068     7.917 r  <hidden>
                         net (fo=3, routed)           0.184     8.100    <hidden>
    SLICE_X61Y125        LUT3 (Prop_B5LUT_SLICEM_I1_O)
                                                      0.103     8.203 r  <hidden>
                         net (fo=1, routed)           0.313     8.516    <hidden>
    DSP48E2_X8Y44        DSP_C_DATA (Prop_DSP_C_DATA_DSP48E2_C[33]_C_DATA[33])
                                                      0.105     8.621 r  <hidden>
                         net (fo=2, routed)           0.000     8.621    <hidden>
    DSP48E2_X8Y44        DSP_ALU (Prop_DSP_ALU_DSP48E2_C_DATA[33]_ALU_OUT[33])
                                                      0.585     9.206 f  <hidden>
                         net (fo=1, routed)           0.000     9.206    <hidden>
    DSP48E2_X8Y44        DSP_OUTPUT (Prop_DSP_OUTPUT_DSP48E2_ALU_OUT[33]_P[33])
                                                      0.109     9.315 r  <hidden>
                         net (fo=1, routed)           0.324     9.639    <hidden>
    SLICE_X58Y129        LUT5 (Prop_D6LUT_SLICEL_I4_O)
                                                      0.050     9.689 r  <hidden>
                         net (fo=1, routed)           0.049     9.738    u_bd/split_d_system_i/fsa_0/inst/grp_run_fu_161/grp_runController_fu_106/grp_runQueryTile_fu_142/runQueryBlock_1_U0/grp_runQueryBlock_1_Outline_VITIS_LOOP_117_5_fu_172/grp_fu_884_p2[29]
    SLICE_X58Y129        FDRE                                         r  u_bd/split_d_system_i/fsa_0/inst/grp_run_fu_161/grp_runController_fu_106/grp_runQueryTile_fu_142/runQueryBlock_1_U0/grp_runQueryBlock_1_Outline_VITIS_LOOP_117_5_fu_172/acc_b_3_reg_2864_reg[29]/D
  -------------------------------------------------------------------    -------------------

                         (clock clk_out1_split_d_system_clk_wiz_0_0 rise edge)
                                                     10.000    10.000 r  
    BH42                                              0.000    10.000 r  board_clk_p (IN)
                         net (fo=0)                   0.079    10.079    u_board_clk/I
    HPIOBDIFFINBUF_X0Y36 DIFFINBUF (Prop_DIFFINBUF_HPIOBDIFFINBUF_DIFF_IN_P_O)
                                                      0.518    10.597 r  u_board_clk/DIFFINBUF_INST/O
                         net (fo=1, routed)           0.040    10.637    u_board_clk/OUT
    BH42                 IBUFCTRL (Prop_IBUFCTRL_HPIOB_M_I_O)
                                                      0.000    10.637 r  u_board_clk/IBUFCTRL_INST/O
                         net (fo=4, routed)           0.333    10.970    u_bd/split_d_system_i/clk_wiz_0/inst/clk_in1
    MMCM_X0Y1            MMCME4_ADV (Prop_MMCM_CLKIN1_CLKOUT0)
                                                      0.630    11.600 r  u_bd/split_d_system_i/clk_wiz_0/inst/mmcme4_adv_inst/CLKOUT0
                         net (fo=1, routed)           0.215    11.815    u_bd/split_d_system_i/clk_wiz_0/inst/clk_out1_split_d_system_clk_wiz_0_0
    BUFGCE_X0Y24         BUFGCE (Prop_BUFCE_BUFGCE_I_O)
                                                      0.024    11.839 r  u_bd/split_d_system_i/clk_wiz_0/inst/clkout1_buf/O
    X3Y1 (CLOCK_ROOT)    net (fo=48822, routed)       1.572    13.411    u_bd/split_d_system_i/fsa_0/inst/grp_run_fu_161/grp_runController_fu_106/grp_runQueryTile_fu_142/runQueryBlock_1_U0/grp_runQueryBlock_1_Outline_VITIS_LOOP_117_5_fu_172/ap_clk
    SLICE_X58Y129        FDRE                                         r  u_bd/split_d_system_i/fsa_0/inst/grp_run_fu_161/grp_runController_fu_106/grp_runQueryTile_fu_142/runQueryBlock_1_U0/grp_runQueryBlock_1_Outline_VITIS_LOOP_117_5_fu_172/acc_b_3_reg_2864_reg[29]/C
                         clock pessimism             -0.434    12.977    
                         clock uncertainty           -2.770    10.207    
    SLICE_X58Y129        FDRE (Setup_DFF_SLICEL_C_D)
                                                      0.025    10.232    u_bd/split_d_system_i/fsa_0/inst/grp_run_fu_161/grp_runController_fu_106/grp_runQueryTile_fu_142/runQueryBlock_1_U0/grp_runQueryBlock_1_Outline_VITIS_LOOP_117_5_fu_172/acc_b_3_reg_2864_reg[29]
  -------------------------------------------------------------------
                         required time                         10.232    
                         arrival time                          -9.738    
  -------------------------------------------------------------------
                         slack                                  0.494    

Slack (MET) :             0.500ns  (required time - arrival time)
  Source:                 <hidden>
                            (rising edge-triggered cell FDRE clocked by clk_out1_split_d_system_clk_wiz_0_0  {rise@0.000ns fall@5.000ns period=10.000ns})
  Destination:            u_bd/split_d_system_i/fsa_0/inst/grp_run_fu_161/grp_runController_fu_106/grp_runQueryTile_fu_142/runQueryBlock_0_U0/grp_runQueryBlock_0_Outline_VITIS_LOOP_117_5_fu_168/acc_b_reg_2859_reg[12]/D
                            (rising edge-triggered cell FDRE clocked by clk_out1_split_d_system_clk_wiz_0_0  {rise@0.000ns fall@5.000ns period=10.000ns})
  Path Group:             clk_out1_split_d_system_clk_wiz_0_0
  Path Type:              Setup (Max at Slow Process Corner)
  Requirement:            10.000ns  (clk_out1_split_d_system_clk_wiz_0_0 rise@10.000ns - clk_out1_split_d_system_clk_wiz_0_0 rise@0.000ns)
  Data Path Delay:        6.720ns  (logic 4.876ns (72.559%)  route 1.844ns (27.441%))
  Logic Levels:           19  (CARRY8=1 DSP_A_B_DATA=2 DSP_ALU=2 DSP_M_DATA=2 DSP_MULTIPLIER=2 DSP_OUTPUT=2 DSP_PREADD=1 DSP_PREADD_DATA=3 LUT2=1 LUT3=1 LUT5=2)
  Clock Path Skew:        -0.035ns (DCD - SCD + CPR)
    Destination Clock Delay (DCD):    3.399ns = ( 13.399 - 10.000 ) 
    Source Clock Delay      (SCD):    3.058ns
    Clock Pessimism Removal (CPR):    -0.376ns
  Clock Uncertainty:      2.770ns  ((TSJ^2 + DJ^2)^1/2) / 2 + PE + UU
    Total System Jitter     (TSJ):    0.071ns
    Discrete Jitter          (DJ):    0.120ns
    Phase Error              (PE):    0.000ns
    User Uncertainty         (UU):    2.700ns
  Clock Net Delay (Source):      1.763ns (routing 0.581ns, distribution 1.182ns)
  Clock Net Delay (Destination): 1.560ns (routing 0.530ns, distribution 1.030ns)

    Location             Delay type                Incr(ns)  Path(ns)    Netlist Resource(s)
  -------------------------------------------------------------------    -------------------
                         (clock clk_out1_split_d_system_clk_wiz_0_0 rise edge)
                                                      0.000     0.000 r  
    BH42                                              0.000     0.000 r  board_clk_p (IN)
                         net (fo=0)                   0.100     0.100    u_board_clk/I
    HPIOBDIFFINBUF_X0Y36 DIFFINBUF (Prop_DIFFINBUF_HPIOBDIFFINBUF_DIFF_IN_P_O)
                                                      0.615     0.715 r  u_board_clk/DIFFINBUF_INST/O
                         net (fo=1, routed)           0.050     0.765    u_board_clk/OUT
    BH42                 IBUFCTRL (Prop_IBUFCTRL_HPIOB_M_I_O)
                                                      0.000     0.765 r  u_board_clk/IBUFCTRL_INST/O
                         net (fo=4, routed)           0.384     1.149    u_bd/split_d_system_i/clk_wiz_0/inst/clk_in1
    MMCM_X0Y1            MMCME4_ADV (Prop_MMCM_CLKIN1_CLKOUT0)
                                                     -0.127     1.022 r  u_bd/split_d_system_i/clk_wiz_0/inst/mmcme4_adv_inst/CLKOUT0
                         net (fo=1, routed)           0.245     1.267    u_bd/split_d_system_i/clk_wiz_0/inst/clk_out1_split_d_system_clk_wiz_0_0
    BUFGCE_X0Y24         BUFGCE (Prop_BUFCE_BUFGCE_I_O)
                                                      0.028     1.295 r  u_bd/split_d_system_i/clk_wiz_0/inst/clkout1_buf/O
    X3Y1 (CLOCK_ROOT)    net (fo=48822, routed)       1.763     3.058    <hidden>
    SLICE_X120Y54        FDRE                                         r  <hidden>
  -------------------------------------------------------------------    -------------------
    SLICE_X120Y54        FDRE (Prop_HFF_SLICEL_C_Q)
                                                      0.079     3.137 r  <hidden>
                         net (fo=54, routed)          0.307     3.444    <hidden>
    SLICE_X122Y51        LUT3 (Prop_B6LUT_SLICEM_I1_O)
                                                      0.149     3.593 r  <hidden>
                         net (fo=1, routed)           0.331     3.924    <hidden>
    DSP48E2_X16Y14       DSP_A_B_DATA (Prop_DSP_A_B_DATA_DSP48E2_A[7]_A2_DATA[7])
                                                      0.192     4.116 f  <hidden>
                         net (fo=1, routed)           0.000     4.116    <hidden>
    DSP48E2_X16Y14       DSP_PREADD_DATA (Prop_DSP_PREADD_DATA_DSP48E2_A2_DATA[7]_PREADD_AB[7])
                                                      0.124     4.240 r  <hidden>
                         net (fo=1, routed)           0.000     4.240    <hidden>
    DSP48E2_X16Y14       DSP_PREADD (Prop_DSP_PREADD_DSP48E2_PREADD_AB[7]_AD[26])
                                                      0.488     4.728 f  <hidden>
                         net (fo=1, routed)           0.000     4.728    <hidden>
    DSP48E2_X16Y14       DSP_PREADD_DATA (Prop_DSP_PREADD_DATA_DSP48E2_AD[26]_AD_DATA[26])
                                                      0.050     4.778 r  <hidden>
                         net (fo=1, routed)           0.000     4.778    <hidden>
    DSP48E2_X16Y14       DSP_MULTIPLIER (Prop_DSP_MULTIPLIER_DSP48E2_AD_DATA[26]_U[43])
                                                      0.612     5.390 f  <hidden>
                         net (fo=1, routed)           0.000     5.390    <hidden>
    DSP48E2_X16Y14       DSP_M_DATA (Prop_DSP_M_DATA_DSP48E2_U[43]_U_DATA[43])
                                                      0.047     5.437 r  <hidden>
                         net (fo=1, routed)           0.000     5.437    <hidden>
    DSP48E2_X16Y14       DSP_ALU (Prop_DSP_ALU_DSP48E2_U_DATA[43]_ALU_OUT[47])
                                                      0.585     6.022 r  <hidden>
                         net (fo=1, routed)           0.000     6.022    <hidden>
    DSP48E2_X16Y14       DSP_OUTPUT (Prop_DSP_OUTPUT_DSP48E2_ALU_OUT[47]_PATTERN_DETECT)
                                                      0.363     6.385 r  <hidden>
                         net (fo=59, routed)          0.272     6.657    <hidden>
    SLICE_X121Y50        LUT5 (Prop_B6LUT_SLICEM_I3_O)
                                                      0.149     6.806 r  <hidden>
                         net (fo=1, routed)           0.016     6.822    <hidden>
    SLICE_X121Y50        CARRY8 (Prop_CARRY8_SLICEM_S[1]_CO[7])
                                                      0.197     7.019 r  <hidden>
                         net (fo=5, routed)           0.271     7.290    <hidden>
    SLICE_X120Y50        LUT5 (Prop_C5LUT_SLICEL_I2_O)
                                                      0.136     7.426 f  <hidden>
                         net (fo=1, routed)           0.375     7.801    <hidden>
    DSP48E2_X16Y13       DSP_A_B_DATA (Prop_DSP_A_B_DATA_DSP48E2_B[15]_B2_DATA[15])
                                                      0.151     7.952 r  <hidden>
                         net (fo=1, routed)           0.000     7.952    <hidden>
    DSP48E2_X16Y13       DSP_PREADD_DATA (Prop_DSP_PREADD_DATA_DSP48E2_B2_DATA[15]_B2B1[15])
                                                      0.073     8.025 r  <hidden>
                         net (fo=1, routed)           0.000     8.025    <hidden>
    DSP48E2_X16Y13       DSP_MULTIPLIER (Prop_DSP_MULTIPLIER_DSP48E2_B2B1[15]_V[14])
                                                      0.609     8.634 f  <hidden>
                         net (fo=1, routed)           0.000     8.634    <hidden>
    DSP48E2_X16Y13       DSP_M_DATA (Prop_DSP_M_DATA_DSP48E2_V[14]_V_DATA[14])
                                                      0.046     8.680 r  <hidden>
                         net (fo=1, routed)           0.000     8.680    <hidden>
    DSP48E2_X16Y13       DSP_ALU (Prop_DSP_ALU_DSP48E2_V_DATA[14]_ALU_OUT[14])
                                                      0.571     9.251 f  <hidden>
                         net (fo=1, routed)           0.000     9.251    <hidden>
    DSP48E2_X16Y13       DSP_OUTPUT (Prop_DSP_OUTPUT_DSP48E2_ALU_OUT[14]_P[14])
                                                      0.109     9.360 r  <hidden>
                         net (fo=1, routed)           0.223     9.583    <hidden>
    SLICE_X120Y46        LUT2 (Prop_D6LUT_SLICEL_I0_O)
                                                      0.146     9.729 r  <hidden>
                         net (fo=1, routed)           0.049     9.778    u_bd/split_d_system_i/fsa_0/inst/grp_run_fu_161/grp_runController_fu_106/grp_runQueryTile_fu_142/runQueryBlock_0_U0/grp_runQueryBlock_0_Outline_VITIS_LOOP_117_5_fu_168/grp_fu_880_p2[12]
    SLICE_X120Y46        FDRE                                         r  u_bd/split_d_system_i/fsa_0/inst/grp_run_fu_161/grp_runController_fu_106/grp_runQueryTile_fu_142/runQueryBlock_0_U0/grp_runQueryBlock_0_Outline_VITIS_LOOP_117_5_fu_168/acc_b_reg_2859_reg[12]/D
  -------------------------------------------------------------------    -------------------

                         (clock clk_out1_split_d_system_clk_wiz_0_0 rise edge)
                                                     10.000    10.000 r  
    BH42                                              0.000    10.000 r  board_clk_p (IN)
                         net (fo=0)                   0.079    10.079    u_board_clk/I
    HPIOBDIFFINBUF_X0Y36 DIFFINBUF (Prop_DIFFINBUF_HPIOBDIFFINBUF_DIFF_IN_P_O)
                                                      0.518    10.597 r  u_board_clk/DIFFINBUF_INST/O
                         net (fo=1, routed)           0.040    10.637    u_board_clk/OUT
    BH42                 IBUFCTRL (Prop_IBUFCTRL_HPIOB_M_I_O)
                                                      0.000    10.637 r  u_board_clk/IBUFCTRL_INST/O
                         net (fo=4, routed)           0.333    10.970    u_bd/split_d_system_i/clk_wiz_0/inst/clk_in1
    MMCM_X0Y1            MMCME4_ADV (Prop_MMCM_CLKIN1_CLKOUT0)
                                                      0.630    11.600 r  u_bd/split_d_system_i/clk_wiz_0/inst/mmcme4_adv_inst/CLKOUT0
                         net (fo=1, routed)           0.215    11.815    u_bd/split_d_system_i/clk_wiz_0/inst/clk_out1_split_d_system_clk_wiz_0_0
    BUFGCE_X0Y24         BUFGCE (Prop_BUFCE_BUFGCE_I_O)
                                                      0.024    11.839 r  u_bd/split_d_system_i/clk_wiz_0/inst/clkout1_buf/O
    X3Y1 (CLOCK_ROOT)    net (fo=48822, routed)       1.560    13.399    u_bd/split_d_system_i/fsa_0/inst/grp_run_fu_161/grp_runController_fu_106/grp_runQueryTile_fu_142/runQueryBlock_0_U0/grp_runQueryBlock_0_Outline_VITIS_LOOP_117_5_fu_168/ap_clk
    SLICE_X120Y46        FDRE                                         r  u_bd/split_d_system_i/fsa_0/inst/grp_run_fu_161/grp_runController_fu_106/grp_runQueryTile_fu_142/runQueryBlock_0_U0/grp_runQueryBlock_0_Outline_VITIS_LOOP_117_5_fu_168/acc_b_reg_2859_reg[12]/C
                         clock pessimism             -0.376    13.023    
                         clock uncertainty           -2.770    10.253    
    SLICE_X120Y46        FDRE (Setup_DFF_SLICEL_C_D)
                                                      0.025    10.278    u_bd/split_d_system_i/fsa_0/inst/grp_run_fu_161/grp_runController_fu_106/grp_runQueryTile_fu_142/runQueryBlock_0_U0/grp_runQueryBlock_0_Outline_VITIS_LOOP_117_5_fu_168/acc_b_reg_2859_reg[12]
  -------------------------------------------------------------------
                         required time                         10.278    
                         arrival time                          -9.778    
  -------------------------------------------------------------------
                         slack                                  0.500    

Slack (MET) :             0.502ns  (required time - arrival time)
  Source:                 <hidden>
                            (rising edge-triggered cell FDRE clocked by clk_out1_split_d_system_clk_wiz_0_0  {rise@0.000ns fall@5.000ns period=10.000ns})
  Destination:            u_bd/split_d_system_i/fsa_0/inst/grp_run_fu_161/grp_runController_fu_106/grp_runQueryTile_fu_142/runQueryBlock_1_U0/grp_runQueryBlock_1_Outline_VITIS_LOOP_117_5_fu_172/sub_i3_reg_2877_reg[22]/D
                            (rising edge-triggered cell FDRE clocked by clk_out1_split_d_system_clk_wiz_0_0  {rise@0.000ns fall@5.000ns period=10.000ns})
  Path Group:             clk_out1_split_d_system_clk_wiz_0_0
  Path Type:              Setup (Max at Slow Process Corner)
  Requirement:            10.000ns  (clk_out1_split_d_system_clk_wiz_0_0 rise@10.000ns - clk_out1_split_d_system_clk_wiz_0_0 rise@0.000ns)
  Data Path Delay:        6.697ns  (logic 4.714ns (70.390%)  route 1.983ns (29.610%))
  Logic Levels:           19  (CARRY8=1 DSP_A_B_DATA=2 DSP_ALU=2 DSP_M_DATA=2 DSP_MULTIPLIER=2 DSP_OUTPUT=2 DSP_PREADD=1 DSP_PREADD_DATA=3 LUT2=1 LUT3=1 LUT5=2)
  Clock Path Skew:        -0.057ns (DCD - SCD + CPR)
    Destination Clock Delay (DCD):    3.398ns = ( 13.398 - 10.000 ) 
    Source Clock Delay      (SCD):    3.076ns
    Clock Pessimism Removal (CPR):    -0.379ns
  Clock Uncertainty:      2.770ns  ((TSJ^2 + DJ^2)^1/2) / 2 + PE + UU
    Total System Jitter     (TSJ):    0.071ns
    Discrete Jitter          (DJ):    0.120ns
    Phase Error              (PE):    0.000ns
    User Uncertainty         (UU):    2.700ns
  Clock Net Delay (Source):      1.781ns (routing 0.581ns, distribution 1.200ns)
  Clock Net Delay (Destination): 1.559ns (routing 0.530ns, distribution 1.029ns)

    Location             Delay type                Incr(ns)  Path(ns)    Netlist Resource(s)
  -------------------------------------------------------------------    -------------------
                         (clock clk_out1_split_d_system_clk_wiz_0_0 rise edge)
                                                      0.000     0.000 r  
    BH42                                              0.000     0.000 r  board_clk_p (IN)
                         net (fo=0)                   0.100     0.100    u_board_clk/I
    HPIOBDIFFINBUF_X0Y36 DIFFINBUF (Prop_DIFFINBUF_HPIOBDIFFINBUF_DIFF_IN_P_O)
                                                      0.615     0.715 r  u_board_clk/DIFFINBUF_INST/O
                         net (fo=1, routed)           0.050     0.765    u_board_clk/OUT
    BH42                 IBUFCTRL (Prop_IBUFCTRL_HPIOB_M_I_O)
                                                      0.000     0.765 r  u_board_clk/IBUFCTRL_INST/O
                         net (fo=4, routed)           0.384     1.149    u_bd/split_d_system_i/clk_wiz_0/inst/clk_in1
    MMCM_X0Y1            MMCME4_ADV (Prop_MMCM_CLKIN1_CLKOUT0)
                                                     -0.127     1.022 r  u_bd/split_d_system_i/clk_wiz_0/inst/mmcme4_adv_inst/CLKOUT0
                         net (fo=1, routed)           0.245     1.267    u_bd/split_d_system_i/clk_wiz_0/inst/clk_out1_split_d_system_clk_wiz_0_0
    BUFGCE_X0Y24         BUFGCE (Prop_BUFCE_BUFGCE_I_O)
                                                      0.028     1.295 r  u_bd/split_d_system_i/clk_wiz_0/inst/clkout1_buf/O
    X3Y1 (CLOCK_ROOT)    net (fo=48822, routed)       1.781     3.076    <hidden>
    SLICE_X70Y126        FDRE                                         r  <hidden>
  -------------------------------------------------------------------    -------------------
    SLICE_X70Y126        FDRE (Prop_EFF2_SLICEL_C_Q)
                                                      0.081     3.157 r  <hidden>
                         net (fo=2, routed)           0.268     3.425    <hidden>
    SLICE_X70Y126        LUT2 (Prop_G6LUT_SLICEL_I0_O)
                                                      0.089     3.514 r  <hidden>
                         net (fo=2, routed)           0.365     3.879    <hidden>
    DSP48E2_X9Y44        DSP_A_B_DATA (Prop_DSP_A_B_DATA_DSP48E2_A[17]_A2_DATA[17])
                                                      0.192     4.071 f  <hidden>
                         net (fo=1, routed)           0.000     4.071    <hidden>
    DSP48E2_X9Y44        DSP_PREADD_DATA (Prop_DSP_PREADD_DATA_DSP48E2_A2_DATA[17]_PREADD_AB[17])
                                                      0.124     4.195 r  <hidden>
                         net (fo=1, routed)           0.000     4.195    <hidden>
    DSP48E2_X9Y44        DSP_PREADD (Prop_DSP_PREADD_DSP48E2_PREADD_AB[17]_AD[26])
                                                      0.488     4.683 f  <hidden>
                         net (fo=1, routed)           0.000     4.683    <hidden>
    DSP48E2_X9Y44        DSP_PREADD_DATA (Prop_DSP_PREADD_DATA_DSP48E2_AD[26]_AD_DATA[26])
                                                      0.050     4.733 r  <hidden>
                         net (fo=1, routed)           0.000     4.733    <hidden>
    DSP48E2_X9Y44        DSP_MULTIPLIER (Prop_DSP_MULTIPLIER_DSP48E2_AD_DATA[26]_U[43])
                                                      0.612     5.345 f  <hidden>
                         net (fo=1, routed)           0.000     5.345    <hidden>
    DSP48E2_X9Y44        DSP_M_DATA (Prop_DSP_M_DATA_DSP48E2_U[43]_U_DATA[43])
                                                      0.047     5.392 r  <hidden>
                         net (fo=1, routed)           0.000     5.392    <hidden>
    DSP48E2_X9Y44        DSP_ALU (Prop_DSP_ALU_DSP48E2_U_DATA[43]_ALU_OUT[47])
                                                      0.585     5.977 r  <hidden>
                         net (fo=1, routed)           0.000     5.977    <hidden>
    DSP48E2_X9Y44        DSP_OUTPUT (Prop_DSP_OUTPUT_DSP48E2_ALU_OUT[47]_PATTERN_DETECT)
                                                      0.363     6.340 r  <hidden>
                         net (fo=60, routed)          0.227     6.566    <hidden>
    SLICE_X70Y127        LUT5 (Prop_A6LUT_SLICEL_I3_O)
                                                      0.124     6.690 r  <hidden>
                         net (fo=1, routed)           0.009     6.699    <hidden>
    SLICE_X70Y127        CARRY8 (Prop_CARRY8_SLICEL_S[0]_CO[2])
                                                      0.113     6.812 r  <hidden>
                         net (fo=4, routed)           0.332     7.144    <hidden>
    SLICE_X72Y126        LUT5 (Prop_G5LUT_SLICEM_I4_O)
                                                      0.137     7.281 f  <hidden>
                         net (fo=1, routed)           0.391     7.672    <hidden>
    DSP48E2_X9Y45        DSP_A_B_DATA (Prop_DSP_A_B_DATA_DSP48E2_B[4]_B2_DATA[4])
                                                      0.151     7.823 r  <hidden>
                         net (fo=1, routed)           0.000     7.823    <hidden>
    DSP48E2_X9Y45        DSP_PREADD_DATA (Prop_DSP_PREADD_DATA_DSP48E2_B2_DATA[4]_B2B1[4])
                                                      0.073     7.896 r  <hidden>
                         net (fo=1, routed)           0.000     7.896    <hidden>
    DSP48E2_X9Y45        DSP_MULTIPLIER (Prop_DSP_MULTIPLIER_DSP48E2_B2B1[4]_V[24])
                                                      0.609     8.505 f  <hidden>
                         net (fo=1, routed)           0.000     8.505    <hidden>
    DSP48E2_X9Y45        DSP_M_DATA (Prop_DSP_M_DATA_DSP48E2_V[24]_V_DATA[24])
                                                      0.046     8.551 r  <hidden>
                         net (fo=1, routed)           0.000     8.551    <hidden>
    DSP48E2_X9Y45        DSP_ALU (Prop_DSP_ALU_DSP48E2_V_DATA[24]_ALU_OUT[24])
                                                      0.571     9.122 f  <hidden>
                         net (fo=1, routed)           0.000     9.122    <hidden>
    DSP48E2_X9Y45        DSP_OUTPUT (Prop_DSP_OUTPUT_DSP48E2_ALU_OUT[24]_P[24])
                                                      0.109     9.231 r  <hidden>
                         net (fo=1, routed)           0.341     9.572    <hidden>
    SLICE_X70Y135        LUT3 (Prop_H6LUT_SLICEL_I2_O)
                                                      0.150     9.722 r  <hidden>
                         net (fo=1, routed)           0.051     9.773    u_bd/split_d_system_i/fsa_0/inst/grp_run_fu_161/grp_runController_fu_106/grp_runQueryTile_fu_142/runQueryBlock_1_U0/grp_runQueryBlock_1_Outline_VITIS_LOOP_117_5_fu_172/grp_fu_893_p2[22]
    SLICE_X70Y135        FDRE                                         r  u_bd/split_d_system_i/fsa_0/inst/grp_run_fu_161/grp_runController_fu_106/grp_runQueryTile_fu_142/runQueryBlock_1_U0/grp_runQueryBlock_1_Outline_VITIS_LOOP_117_5_fu_172/sub_i3_reg_2877_reg[22]/D
  -------------------------------------------------------------------    -------------------

                         (clock clk_out1_split_d_system_clk_wiz_0_0 rise edge)
                                                     10.000    10.000 r  
    BH42                                              0.000    10.000 r  board_clk_p (IN)
                         net (fo=0)                   0.079    10.079    u_board_clk/I
    HPIOBDIFFINBUF_X0Y36 DIFFINBUF (Prop_DIFFINBUF_HPIOBDIFFINBUF_DIFF_IN_P_O)
                                                      0.518    10.597 r  u_board_clk/DIFFINBUF_INST/O
                         net (fo=1, routed)           0.040    10.637    u_board_clk/OUT
    BH42                 IBUFCTRL (Prop_IBUFCTRL_HPIOB_M_I_O)
                                                      0.000    10.637 r  u_board_clk/IBUFCTRL_INST/O
                         net (fo=4, routed)           0.333    10.970    u_bd/split_d_system_i/clk_wiz_0/inst/clk_in1
    MMCM_X0Y1            MMCME4_ADV (Prop_MMCM_CLKIN1_CLKOUT0)
                                                      0.630    11.600 r  u_bd/split_d_system_i/clk_wiz_0/inst/mmcme4_adv_inst/CLKOUT0
                         net (fo=1, routed)           0.215    11.815    u_bd/split_d_system_i/clk_wiz_0/inst/clk_out1_split_d_system_clk_wiz_0_0
    BUFGCE_X0Y24         BUFGCE (Prop_BUFCE_BUFGCE_I_O)
                                                      0.024    11.839 r  u_bd/split_d_system_i/clk_wiz_0/inst/clkout1_buf/O
    X3Y1 (CLOCK_ROOT)    net (fo=48822, routed)       1.559    13.398    u_bd/split_d_system_i/fsa_0/inst/grp_run_fu_161/grp_runController_fu_106/grp_runQueryTile_fu_142/runQueryBlock_1_U0/grp_runQueryBlock_1_Outline_VITIS_LOOP_117_5_fu_172/ap_clk
    SLICE_X70Y135        FDRE                                         r  u_bd/split_d_system_i/fsa_0/inst/grp_run_fu_161/grp_runController_fu_106/grp_runQueryTile_fu_142/runQueryBlock_1_U0/grp_runQueryBlock_1_Outline_VITIS_LOOP_117_5_fu_172/sub_i3_reg_2877_reg[22]/C
                         clock pessimism             -0.379    13.019    
                         clock uncertainty           -2.770    10.250    
    SLICE_X70Y135        FDRE (Setup_HFF_SLICEL_C_D)
                                                      0.025    10.275    u_bd/split_d_system_i/fsa_0/inst/grp_run_fu_161/grp_runController_fu_106/grp_runQueryTile_fu_142/runQueryBlock_1_U0/grp_runQueryBlock_1_Outline_VITIS_LOOP_117_5_fu_172/sub_i3_reg_2877_reg[22]
  -------------------------------------------------------------------
                         required time                         10.275    
                         arrival time                          -9.773    
  -------------------------------------------------------------------
                         slack                                  0.502    

Slack (MET) :             0.504ns  (required time - arrival time)
  Source:                 <hidden>
                            (rising edge-triggered cell FDRE clocked by clk_out1_split_d_system_clk_wiz_0_0  {rise@0.000ns fall@5.000ns period=10.000ns})
  Destination:            u_bd/split_d_system_i/fsa_0/inst/grp_run_fu_161/grp_runController_fu_106/grp_runQueryTile_fu_142/runQueryBlock_1_U0/grp_runQueryBlock_1_Outline_VITIS_LOOP_117_5_fu_172/acc_b_reg_2859_reg[29]/D
                            (rising edge-triggered cell FDRE clocked by clk_out1_split_d_system_clk_wiz_0_0  {rise@0.000ns fall@5.000ns period=10.000ns})
  Path Group:             clk_out1_split_d_system_clk_wiz_0_0
  Path Type:              Setup (Max at Slow Process Corner)
  Requirement:            10.000ns  (clk_out1_split_d_system_clk_wiz_0_0 rise@10.000ns - clk_out1_split_d_system_clk_wiz_0_0 rise@0.000ns)
  Data Path Delay:        6.669ns  (logic 4.322ns (64.803%)  route 2.347ns (35.197%))
  Logic Levels:           20  (DSP_A_B_DATA=1 DSP_ALU=2 DSP_C_DATA=1 DSP_M_DATA=1 DSP_MULTIPLIER=1 DSP_OUTPUT=2 DSP_PREADD=1 DSP_PREADD_DATA=2 LUT3=3 LUT4=1 LUT5=3 LUT6=2)
  Clock Path Skew:        -0.082ns (DCD - SCD + CPR)
    Destination Clock Delay (DCD):    3.412ns = ( 13.412 - 10.000 ) 
    Source Clock Delay      (SCD):    3.064ns
    Clock Pessimism Removal (CPR):    -0.430ns
  Clock Uncertainty:      2.770ns  ((TSJ^2 + DJ^2)^1/2) / 2 + PE + UU
    Total System Jitter     (TSJ):    0.071ns
    Discrete Jitter          (DJ):    0.120ns
    Phase Error              (PE):    0.000ns
    User Uncertainty         (UU):    2.700ns
  Clock Net Delay (Source):      1.769ns (routing 0.581ns, distribution 1.188ns)
  Clock Net Delay (Destination): 1.573ns (routing 0.530ns, distribution 1.043ns)

    Location             Delay type                Incr(ns)  Path(ns)    Netlist Resource(s)
  -------------------------------------------------------------------    -------------------
                         (clock clk_out1_split_d_system_clk_wiz_0_0 rise edge)
                                                      0.000     0.000 r  
    BH42                                              0.000     0.000 r  board_clk_p (IN)
                         net (fo=0)                   0.100     0.100    u_board_clk/I
    HPIOBDIFFINBUF_X0Y36 DIFFINBUF (Prop_DIFFINBUF_HPIOBDIFFINBUF_DIFF_IN_P_O)
                                                      0.615     0.715 r  u_board_clk/DIFFINBUF_INST/O
                         net (fo=1, routed)           0.050     0.765    u_board_clk/OUT
    BH42                 IBUFCTRL (Prop_IBUFCTRL_HPIOB_M_I_O)
                                                      0.000     0.765 r  u_board_clk/IBUFCTRL_INST/O
                         net (fo=4, routed)           0.384     1.149    u_bd/split_d_system_i/clk_wiz_0/inst/clk_in1
    MMCM_X0Y1            MMCME4_ADV (Prop_MMCM_CLKIN1_CLKOUT0)
                                                     -0.127     1.022 r  u_bd/split_d_system_i/clk_wiz_0/inst/mmcme4_adv_inst/CLKOUT0
                         net (fo=1, routed)           0.245     1.267    u_bd/split_d_system_i/clk_wiz_0/inst/clk_out1_split_d_system_clk_wiz_0_0
    BUFGCE_X0Y24         BUFGCE (Prop_BUFCE_BUFGCE_I_O)
                                                      0.028     1.295 r  u_bd/split_d_system_i/clk_wiz_0/inst/clkout1_buf/O
    X3Y1 (CLOCK_ROOT)    net (fo=48822, routed)       1.769     3.064    <hidden>
    SLICE_X59Y221        FDRE                                         r  <hidden>
  -------------------------------------------------------------------    -------------------
    SLICE_X59Y221        FDRE (Prop_HFF_SLICEL_C_Q)
                                                      0.079     3.143 r  <hidden>
                         net (fo=54, routed)          0.412     3.555    <hidden>
    SLICE_X61Y216        LUT3 (Prop_B6LUT_SLICEM_I1_O)
                                                      0.100     3.655 r  <hidden>
                         net (fo=1, routed)           0.210     3.865    <hidden>
    DSP48E2_X8Y80        DSP_A_B_DATA (Prop_DSP_A_B_DATA_DSP48E2_A[8]_A2_DATA[8])
                                                      0.192     4.057 f  <hidden>
                         net (fo=1, routed)           0.000     4.057    <hidden>
    DSP48E2_X8Y80        DSP_PREADD_DATA (Prop_DSP_PREADD_DATA_DSP48E2_A2_DATA[8]_PREADD_AB[8])
                                                      0.124     4.181 r  <hidden>
                         net (fo=1, routed)           0.000     4.181    <hidden>
    DSP48E2_X8Y80        DSP_PREADD (Prop_DSP_PREADD_DSP48E2_PREADD_AB[8]_AD[26])
                                                      0.488     4.669 f  <hidden>
                         net (fo=1, routed)           0.000     4.669    <hidden>
    DSP48E2_X8Y80        DSP_PREADD_DATA (Prop_DSP_PREADD_DATA_DSP48E2_AD[26]_AD_DATA[26])
                                                      0.050     4.719 r  <hidden>
                         net (fo=1, routed)           0.000     4.719    <hidden>
    DSP48E2_X8Y80        DSP_MULTIPLIER (Prop_DSP_MULTIPLIER_DSP48E2_AD_DATA[26]_U[43])
                                                      0.612     5.331 f  <hidden>
                         net (fo=1, routed)           0.000     5.331    <hidden>
    DSP48E2_X8Y80        DSP_M_DATA (Prop_DSP_M_DATA_DSP48E2_U[43]_U_DATA[43])
                                                      0.047     5.378 r  <hidden>
                         net (fo=1, routed)           0.000     5.378    <hidden>
    DSP48E2_X8Y80        DSP_ALU (Prop_DSP_ALU_DSP48E2_U_DATA[43]_ALU_OUT[47])
                                                      0.585     5.963 r  <hidden>
                         net (fo=1, routed)           0.000     5.963    <hidden>
    DSP48E2_X8Y80        DSP_OUTPUT (Prop_DSP_OUTPUT_DSP48E2_ALU_OUT[47]_PATTERN_DETECT)
                                                      0.363     6.326 r  <hidden>
                         net (fo=59, routed)          0.436     6.763    <hidden>
    SLICE_X58Y216        LUT3 (Prop_C5LUT_SLICEL_I1_O)
                                                      0.136     6.899 f  <hidden>
                         net (fo=4, routed)           0.179     7.078    <hidden>
    SLICE_X57Y214        LUT4 (Prop_C5LUT_SLICEM_I1_O)
                                                      0.137     7.215 f  <hidden>
                         net (fo=1, routed)           0.148     7.363    <hidden>
    SLICE_X57Y214        LUT6 (Prop_G6LUT_SLICEM_I0_O)
                                                      0.150     7.513 f  <hidden>
                         net (fo=2, routed)           0.101     7.614    <hidden>
    SLICE_X57Y216        LUT6 (Prop_H6LUT_SLICEM_I0_O)
                                                      0.053     7.667 r  <hidden>
                         net (fo=4, routed)           0.095     7.761    <hidden>
    SLICE_X58Y216        LUT5 (Prop_D6LUT_SLICEL_I3_O)
                                                      0.122     7.883 f  <hidden>
                         net (fo=3, routed)           0.144     8.027    <hidden>
    SLICE_X57Y218        LUT5 (Prop_D5LUT_SLICEM_I2_O)
                                                      0.097     8.124 r  <hidden>
                         net (fo=3, routed)           0.182     8.306    <hidden>
    SLICE_X57Y214        LUT3 (Prop_D5LUT_SLICEM_I1_O)
                                                      0.097     8.403 r  <hidden>
                         net (fo=1, routed)           0.178     8.581    <hidden>
    DSP48E2_X7Y79        DSP_C_DATA (Prop_DSP_C_DATA_DSP48E2_C[33]_C_DATA[33])
                                                      0.105     8.686 r  <hidden>
                         net (fo=2, routed)           0.000     8.686    <hidden>
    DSP48E2_X7Y79        DSP_ALU (Prop_DSP_ALU_DSP48E2_C_DATA[33]_ALU_OUT[33])
                                                      0.585     9.271 f  <hidden>
                         net (fo=1, routed)           0.000     9.271    <hidden>
    DSP48E2_X7Y79        DSP_OUTPUT (Prop_DSP_OUTPUT_DSP48E2_ALU_OUT[33]_P[33])
                                                      0.109     9.380 r  <hidden>
                         net (fo=1, routed)           0.207     9.587    <hidden>
    SLICE_X57Y213        LUT5 (Prop_E6LUT_SLICEM_I4_O)
                                                      0.091     9.678 r  <hidden>
                         net (fo=1, routed)           0.055     9.733    u_bd/split_d_system_i/fsa_0/inst/grp_run_fu_161/grp_runController_fu_106/grp_runQueryTile_fu_142/runQueryBlock_1_U0/grp_runQueryBlock_1_Outline_VITIS_LOOP_117_5_fu_172/grp_fu_880_p2[29]
    SLICE_X57Y213        FDRE                                         r  u_bd/split_d_system_i/fsa_0/inst/grp_run_fu_161/grp_runController_fu_106/grp_runQueryTile_fu_142/runQueryBlock_1_U0/grp_runQueryBlock_1_Outline_VITIS_LOOP_117_5_fu_172/acc_b_reg_2859_reg[29]/D
  -------------------------------------------------------------------    -------------------

                         (clock clk_out1_split_d_system_clk_wiz_0_0 rise edge)
                                                     10.000    10.000 r  
    BH42                                              0.000    10.000 r  board_clk_p (IN)
                         net (fo=0)                   0.079    10.079    u_board_clk/I
    HPIOBDIFFINBUF_X0Y36 DIFFINBUF (Prop_DIFFINBUF_HPIOBDIFFINBUF_DIFF_IN_P_O)
                                                      0.518    10.597 r  u_board_clk/DIFFINBUF_INST/O
                         net (fo=1, routed)           0.040    10.637    u_board_clk/OUT
    BH42                 IBUFCTRL (Prop_IBUFCTRL_HPIOB_M_I_O)
                                                      0.000    10.637 r  u_board_clk/IBUFCTRL_INST/O
                         net (fo=4, routed)           0.333    10.970    u_bd/split_d_system_i/clk_wiz_0/inst/clk_in1
    MMCM_X0Y1            MMCME4_ADV (Prop_MMCM_CLKIN1_CLKOUT0)
                                                      0.630    11.600 r  u_bd/split_d_system_i/clk_wiz_0/inst/mmcme4_adv_inst/CLKOUT0
                         net (fo=1, routed)           0.215    11.815    u_bd/split_d_system_i/clk_wiz_0/inst/clk_out1_split_d_system_clk_wiz_0_0
    BUFGCE_X0Y24         BUFGCE (Prop_BUFCE_BUFGCE_I_O)
                                                      0.024    11.839 r  u_bd/split_d_system_i/clk_wiz_0/inst/clkout1_buf/O
    X3Y1 (CLOCK_ROOT)    net (fo=48822, routed)       1.573    13.412    u_bd/split_d_system_i/fsa_0/inst/grp_run_fu_161/grp_runController_fu_106/grp_runQueryTile_fu_142/runQueryBlock_1_U0/grp_runQueryBlock_1_Outline_VITIS_LOOP_117_5_fu_172/ap_clk
    SLICE_X57Y213        FDRE                                         r  u_bd/split_d_system_i/fsa_0/inst/grp_run_fu_161/grp_runController_fu_106/grp_runQueryTile_fu_142/runQueryBlock_1_U0/grp_runQueryBlock_1_Outline_VITIS_LOOP_117_5_fu_172/acc_b_reg_2859_reg[29]/C
                         clock pessimism             -0.430    12.982    
                         clock uncertainty           -2.770    10.212    
    SLICE_X57Y213        FDRE (Setup_EFF_SLICEM_C_D)
                                                      0.025    10.237    u_bd/split_d_system_i/fsa_0/inst/grp_run_fu_161/grp_runController_fu_106/grp_runQueryTile_fu_142/runQueryBlock_1_U0/grp_runQueryBlock_1_Outline_VITIS_LOOP_117_5_fu_172/acc_b_reg_2859_reg[29]
  -------------------------------------------------------------------
                         required time                         10.237    
                         arrival time                          -9.733    
  -------------------------------------------------------------------
                         slack                                  0.504    

Slack (MET) :             0.510ns  (required time - arrival time)
  Source:                 <hidden>
                            (rising edge-triggered cell FDRE clocked by clk_out1_split_d_system_clk_wiz_0_0  {rise@0.000ns fall@5.000ns period=10.000ns})
  Destination:            u_bd/split_d_system_i/fsa_0/inst/grp_run_fu_161/grp_runController_fu_106/grp_runQueryTile_fu_142/runQueryBlock_0_U0/grp_runQueryBlock_0_Outline_VITIS_LOOP_117_5_fu_168/acc_b_reg_2859_reg[27]/D
                            (rising edge-triggered cell FDRE clocked by clk_out1_split_d_system_clk_wiz_0_0  {rise@0.000ns fall@5.000ns period=10.000ns})
  Path Group:             clk_out1_split_d_system_clk_wiz_0_0
  Path Type:              Setup (Max at Slow Process Corner)
  Requirement:            10.000ns  (clk_out1_split_d_system_clk_wiz_0_0 rise@10.000ns - clk_out1_split_d_system_clk_wiz_0_0 rise@0.000ns)
  Data Path Delay:        6.686ns  (logic 4.879ns (72.972%)  route 1.807ns (27.028%))
  Logic Levels:           19  (CARRY8=1 DSP_A_B_DATA=2 DSP_ALU=2 DSP_M_DATA=2 DSP_MULTIPLIER=2 DSP_OUTPUT=2 DSP_PREADD=1 DSP_PREADD_DATA=3 LUT3=1 LUT5=3)
  Clock Path Skew:        -0.059ns (DCD - SCD + CPR)
    Destination Clock Delay (DCD):    3.427ns = ( 13.427 - 10.000 ) 
    Source Clock Delay      (SCD):    3.058ns
    Clock Pessimism Removal (CPR):    -0.428ns
  Clock Uncertainty:      2.770ns  ((TSJ^2 + DJ^2)^1/2) / 2 + PE + UU
    Total System Jitter     (TSJ):    0.071ns
    Discrete Jitter          (DJ):    0.120ns
    Phase Error              (PE):    0.000ns
    User Uncertainty         (UU):    2.700ns
  Clock Net Delay (Source):      1.763ns (routing 0.581ns, distribution 1.182ns)
  Clock Net Delay (Destination): 1.588ns (routing 0.530ns, distribution 1.058ns)

    Location             Delay type                Incr(ns)  Path(ns)    Netlist Resource(s)
  -------------------------------------------------------------------    -------------------
                         (clock clk_out1_split_d_system_clk_wiz_0_0 rise edge)
                                                      0.000     0.000 r  
    BH42                                              0.000     0.000 r  board_clk_p (IN)
                         net (fo=0)                   0.100     0.100    u_board_clk/I
    HPIOBDIFFINBUF_X0Y36 DIFFINBUF (Prop_DIFFINBUF_HPIOBDIFFINBUF_DIFF_IN_P_O)
                                                      0.615     0.715 r  u_board_clk/DIFFINBUF_INST/O
                         net (fo=1, routed)           0.050     0.765    u_board_clk/OUT
    BH42                 IBUFCTRL (Prop_IBUFCTRL_HPIOB_M_I_O)
                                                      0.000     0.765 r  u_board_clk/IBUFCTRL_INST/O
                         net (fo=4, routed)           0.384     1.149    u_bd/split_d_system_i/clk_wiz_0/inst/clk_in1
    MMCM_X0Y1            MMCME4_ADV (Prop_MMCM_CLKIN1_CLKOUT0)
                                                     -0.127     1.022 r  u_bd/split_d_system_i/clk_wiz_0/inst/mmcme4_adv_inst/CLKOUT0
                         net (fo=1, routed)           0.245     1.267    u_bd/split_d_system_i/clk_wiz_0/inst/clk_out1_split_d_system_clk_wiz_0_0
    BUFGCE_X0Y24         BUFGCE (Prop_BUFCE_BUFGCE_I_O)
                                                      0.028     1.295 r  u_bd/split_d_system_i/clk_wiz_0/inst/clkout1_buf/O
    X3Y1 (CLOCK_ROOT)    net (fo=48822, routed)       1.763     3.058    <hidden>
    SLICE_X120Y54        FDRE                                         r  <hidden>
  -------------------------------------------------------------------    -------------------
    SLICE_X120Y54        FDRE (Prop_HFF_SLICEL_C_Q)
                                                      0.079     3.137 r  <hidden>
                         net (fo=54, routed)          0.307     3.444    <hidden>
    SLICE_X122Y51        LUT3 (Prop_B6LUT_SLICEM_I1_O)
                                                      0.149     3.593 r  <hidden>
                         net (fo=1, routed)           0.331     3.924    <hidden>
    DSP48E2_X16Y14       DSP_A_B_DATA (Prop_DSP_A_B_DATA_DSP48E2_A[7]_A2_DATA[7])
                                                      0.192     4.116 f  <hidden>
                         net (fo=1, routed)           0.000     4.116    <hidden>
    DSP48E2_X16Y14       DSP_PREADD_DATA (Prop_DSP_PREADD_DATA_DSP48E2_A2_DATA[7]_PREADD_AB[7])
                                                      0.124     4.240 r  <hidden>
                         net (fo=1, routed)           0.000     4.240    <hidden>
    DSP48E2_X16Y14       DSP_PREADD (Prop_DSP_PREADD_DSP48E2_PREADD_AB[7]_AD[26])
                                                      0.488     4.728 f  <hidden>
                         net (fo=1, routed)           0.000     4.728    <hidden>
    DSP48E2_X16Y14       DSP_PREADD_DATA (Prop_DSP_PREADD_DATA_DSP48E2_AD[26]_AD_DATA[26])
                                                      0.050     4.778 r  <hidden>
                         net (fo=1, routed)           0.000     4.778    <hidden>
    DSP48E2_X16Y14       DSP_MULTIPLIER (Prop_DSP_MULTIPLIER_DSP48E2_AD_DATA[26]_U[43])
                                                      0.612     5.390 f  <hidden>
                         net (fo=1, routed)           0.000     5.390    <hidden>
    DSP48E2_X16Y14       DSP_M_DATA (Prop_DSP_M_DATA_DSP48E2_U[43]_U_DATA[43])
                                                      0.047     5.437 r  <hidden>
                         net (fo=1, routed)           0.000     5.437    <hidden>
    DSP48E2_X16Y14       DSP_ALU (Prop_DSP_ALU_DSP48E2_U_DATA[43]_ALU_OUT[47])
                                                      0.585     6.022 r  <hidden>
                         net (fo=1, routed)           0.000     6.022    <hidden>
    DSP48E2_X16Y14       DSP_OUTPUT (Prop_DSP_OUTPUT_DSP48E2_ALU_OUT[47]_PATTERN_DETECT)
                                                      0.363     6.385 r  <hidden>
                         net (fo=59, routed)          0.272     6.657    <hidden>
    SLICE_X121Y50        LUT5 (Prop_B6LUT_SLICEM_I3_O)
                                                      0.149     6.806 r  <hidden>
                         net (fo=1, routed)           0.016     6.822    <hidden>
    SLICE_X121Y50        CARRY8 (Prop_CARRY8_SLICEM_S[1]_CO[7])
                                                      0.197     7.019 r  <hidden>
                         net (fo=5, routed)           0.271     7.290    <hidden>
    SLICE_X120Y50        LUT5 (Prop_C5LUT_SLICEL_I2_O)
                                                      0.136     7.426 f  <hidden>
                         net (fo=1, routed)           0.375     7.801    <hidden>
    DSP48E2_X16Y13       DSP_A_B_DATA (Prop_DSP_A_B_DATA_DSP48E2_B[15]_B2_DATA[15])
                                                      0.151     7.952 r  <hidden>
                         net (fo=1, routed)           0.000     7.952    <hidden>
    DSP48E2_X16Y13       DSP_PREADD_DATA (Prop_DSP_PREADD_DATA_DSP48E2_B2_DATA[15]_B2B1[15])
                                                      0.073     8.025 r  <hidden>
                         net (fo=1, routed)           0.000     8.025    <hidden>
    DSP48E2_X16Y13       DSP_MULTIPLIER (Prop_DSP_MULTIPLIER_DSP48E2_B2B1[15]_V[31])
                                                      0.609     8.634 f  <hidden>
                         net (fo=1, routed)           0.000     8.634    <hidden>
    DSP48E2_X16Y13       DSP_M_DATA (Prop_DSP_M_DATA_DSP48E2_V[31]_V_DATA[31])
                                                      0.046     8.680 r  <hidden>
                         net (fo=1, routed)           0.000     8.680    <hidden>
    DSP48E2_X16Y13       DSP_ALU (Prop_DSP_ALU_DSP48E2_V_DATA[31]_ALU_OUT[31])
                                                      0.571     9.251 f  <hidden>
                         net (fo=1, routed)           0.000     9.251    <hidden>
    DSP48E2_X16Y13       DSP_OUTPUT (Prop_DSP_OUTPUT_DSP48E2_ALU_OUT[31]_P[31])
                                                      0.109     9.360 r  <hidden>
                         net (fo=1, routed)           0.176     9.536    <hidden>
    SLICE_X122Y48        LUT5 (Prop_B6LUT_SLICEM_I4_O)
                                                      0.149     9.685 r  <hidden>
                         net (fo=1, routed)           0.059     9.744    u_bd/split_d_system_i/fsa_0/inst/grp_run_fu_161/grp_runController_fu_106/grp_runQueryTile_fu_142/runQueryBlock_0_U0/grp_runQueryBlock_0_Outline_VITIS_LOOP_117_5_fu_168/grp_fu_880_p2[27]
    SLICE_X122Y48        FDRE                                         r  u_bd/split_d_system_i/fsa_0/inst/grp_run_fu_161/grp_runController_fu_106/grp_runQueryTile_fu_142/runQueryBlock_0_U0/grp_runQueryBlock_0_Outline_VITIS_LOOP_117_5_fu_168/acc_b_reg_2859_reg[27]/D
  -------------------------------------------------------------------    -------------------

                         (clock clk_out1_split_d_system_clk_wiz_0_0 rise edge)
                                                     10.000    10.000 r  
    BH42                                              0.000    10.000 r  board_clk_p (IN)
                         net (fo=0)                   0.079    10.079    u_board_clk/I
    HPIOBDIFFINBUF_X0Y36 DIFFINBUF (Prop_DIFFINBUF_HPIOBDIFFINBUF_DIFF_IN_P_O)
                                                      0.518    10.597 r  u_board_clk/DIFFINBUF_INST/O
                         net (fo=1, routed)           0.040    10.637    u_board_clk/OUT
    BH42                 IBUFCTRL (Prop_IBUFCTRL_HPIOB_M_I_O)
                                                      0.000    10.637 r  u_board_clk/IBUFCTRL_INST/O
                         net (fo=4, routed)           0.333    10.970    u_bd/split_d_system_i/clk_wiz_0/inst/clk_in1
    MMCM_X0Y1            MMCME4_ADV (Prop_MMCM_CLKIN1_CLKOUT0)
                                                      0.630    11.600 r  u_bd/split_d_system_i/clk_wiz_0/inst/mmcme4_adv_inst/CLKOUT0
                         net (fo=1, routed)           0.215    11.815    u_bd/split_d_system_i/clk_wiz_0/inst/clk_out1_split_d_system_clk_wiz_0_0
    BUFGCE_X0Y24         BUFGCE (Prop_BUFCE_BUFGCE_I_O)
                                                      0.024    11.839 r  u_bd/split_d_system_i/clk_wiz_0/inst/clkout1_buf/O
    X3Y1 (CLOCK_ROOT)    net (fo=48822, routed)       1.588    13.427    u_bd/split_d_system_i/fsa_0/inst/grp_run_fu_161/grp_runController_fu_106/grp_runQueryTile_fu_142/runQueryBlock_0_U0/grp_runQueryBlock_0_Outline_VITIS_LOOP_117_5_fu_168/ap_clk
    SLICE_X122Y48        FDRE                                         r  u_bd/split_d_system_i/fsa_0/inst/grp_run_fu_161/grp_runController_fu_106/grp_runQueryTile_fu_142/runQueryBlock_0_U0/grp_runQueryBlock_0_Outline_VITIS_LOOP_117_5_fu_168/acc_b_reg_2859_reg[27]/C
                         clock pessimism             -0.428    12.999    
                         clock uncertainty           -2.770    10.229    
    SLICE_X122Y48        FDRE (Setup_BFF_SLICEM_C_D)
                                                      0.025    10.254    u_bd/split_d_system_i/fsa_0/inst/grp_run_fu_161/grp_runController_fu_106/grp_runQueryTile_fu_142/runQueryBlock_0_U0/grp_runQueryBlock_0_Outline_VITIS_LOOP_117_5_fu_168/acc_b_reg_2859_reg[27]
  -------------------------------------------------------------------
                         required time                         10.254    
                         arrival time                          -9.744    
  -------------------------------------------------------------------
                         slack                                  0.510    

Slack (MET) :             0.513ns  (required time - arrival time)
  Source:                 <hidden>
                            (rising edge-triggered cell FDRE clocked by clk_out1_split_d_system_clk_wiz_0_0  {rise@0.000ns fall@5.000ns period=10.000ns})
  Destination:            u_bd/split_d_system_i/fsa_0/inst/grp_run_fu_161/grp_runController_fu_106/grp_runQueryTile_fu_142/runQueryBlock_0_U0/grp_runQueryBlock_0_Outline_VITIS_LOOP_117_5_fu_168/acc_b_reg_2859_reg[24]/D
                            (rising edge-triggered cell FDRE clocked by clk_out1_split_d_system_clk_wiz_0_0  {rise@0.000ns fall@5.000ns period=10.000ns})
  Path Group:             clk_out1_split_d_system_clk_wiz_0_0
  Path Type:              Setup (Max at Slow Process Corner)
  Requirement:            10.000ns  (clk_out1_split_d_system_clk_wiz_0_0 rise@10.000ns - clk_out1_split_d_system_clk_wiz_0_0 rise@0.000ns)
  Data Path Delay:        6.683ns  (logic 4.875ns (72.945%)  route 1.808ns (27.055%))
  Logic Levels:           19  (CARRY8=1 DSP_A_B_DATA=2 DSP_ALU=2 DSP_M_DATA=2 DSP_MULTIPLIER=2 DSP_OUTPUT=2 DSP_PREADD=1 DSP_PREADD_DATA=3 LUT3=1 LUT5=3)
  Clock Path Skew:        -0.059ns (DCD - SCD + CPR)
    Destination Clock Delay (DCD):    3.427ns = ( 13.427 - 10.000 ) 
    Source Clock Delay      (SCD):    3.058ns
    Clock Pessimism Removal (CPR):    -0.428ns
  Clock Uncertainty:      2.770ns  ((TSJ^2 + DJ^2)^1/2) / 2 + PE + UU
    Total System Jitter     (TSJ):    0.071ns
    Discrete Jitter          (DJ):    0.120ns
    Phase Error              (PE):    0.000ns
    User Uncertainty         (UU):    2.700ns
  Clock Net Delay (Source):      1.763ns (routing 0.581ns, distribution 1.182ns)
  Clock Net Delay (Destination): 1.588ns (routing 0.530ns, distribution 1.058ns)

    Location             Delay type                Incr(ns)  Path(ns)    Netlist Resource(s)
  -------------------------------------------------------------------    -------------------
                         (clock clk_out1_split_d_system_clk_wiz_0_0 rise edge)
                                                      0.000     0.000 r  
    BH42                                              0.000     0.000 r  board_clk_p (IN)
                         net (fo=0)                   0.100     0.100    u_board_clk/I
    HPIOBDIFFINBUF_X0Y36 DIFFINBUF (Prop_DIFFINBUF_HPIOBDIFFINBUF_DIFF_IN_P_O)
                                                      0.615     0.715 r  u_board_clk/DIFFINBUF_INST/O
                         net (fo=1, routed)           0.050     0.765    u_board_clk/OUT
    BH42                 IBUFCTRL (Prop_IBUFCTRL_HPIOB_M_I_O)
                                                      0.000     0.765 r  u_board_clk/IBUFCTRL_INST/O
                         net (fo=4, routed)           0.384     1.149    u_bd/split_d_system_i/clk_wiz_0/inst/clk_in1
    MMCM_X0Y1            MMCME4_ADV (Prop_MMCM_CLKIN1_CLKOUT0)
                                                     -0.127     1.022 r  u_bd/split_d_system_i/clk_wiz_0/inst/mmcme4_adv_inst/CLKOUT0
                         net (fo=1, routed)           0.245     1.267    u_bd/split_d_system_i/clk_wiz_0/inst/clk_out1_split_d_system_clk_wiz_0_0
    BUFGCE_X0Y24         BUFGCE (Prop_BUFCE_BUFGCE_I_O)
                                                      0.028     1.295 r  u_bd/split_d_system_i/clk_wiz_0/inst/clkout1_buf/O
    X3Y1 (CLOCK_ROOT)    net (fo=48822, routed)       1.763     3.058    <hidden>
    SLICE_X120Y54        FDRE                                         r  <hidden>
  -------------------------------------------------------------------    -------------------
    SLICE_X120Y54        FDRE (Prop_HFF_SLICEL_C_Q)
                                                      0.079     3.137 r  <hidden>
                         net (fo=54, routed)          0.307     3.444    <hidden>
    SLICE_X122Y51        LUT3 (Prop_B6LUT_SLICEM_I1_O)
                                                      0.149     3.593 r  <hidden>
                         net (fo=1, routed)           0.331     3.924    <hidden>
    DSP48E2_X16Y14       DSP_A_B_DATA (Prop_DSP_A_B_DATA_DSP48E2_A[7]_A2_DATA[7])
                                                      0.192     4.116 f  <hidden>
                         net (fo=1, routed)           0.000     4.116    <hidden>
    DSP48E2_X16Y14       DSP_PREADD_DATA (Prop_DSP_PREADD_DATA_DSP48E2_A2_DATA[7]_PREADD_AB[7])
                                                      0.124     4.240 r  <hidden>
                         net (fo=1, routed)           0.000     4.240    <hidden>
    DSP48E2_X16Y14       DSP_PREADD (Prop_DSP_PREADD_DSP48E2_PREADD_AB[7]_AD[26])
                                                      0.488     4.728 f  <hidden>
                         net (fo=1, routed)           0.000     4.728    <hidden>
    DSP48E2_X16Y14       DSP_PREADD_DATA (Prop_DSP_PREADD_DATA_DSP48E2_AD[26]_AD_DATA[26])
                                                      0.050     4.778 r  <hidden>
                         net (fo=1, routed)           0.000     4.778    <hidden>
    DSP48E2_X16Y14       DSP_MULTIPLIER (Prop_DSP_MULTIPLIER_DSP48E2_AD_DATA[26]_U[43])
                                                      0.612     5.390 f  <hidden>
                         net (fo=1, routed)           0.000     5.390    <hidden>
    DSP48E2_X16Y14       DSP_M_DATA (Prop_DSP_M_DATA_DSP48E2_U[43]_U_DATA[43])
                                                      0.047     5.437 r  <hidden>
                         net (fo=1, routed)           0.000     5.437    <hidden>
    DSP48E2_X16Y14       DSP_ALU (Prop_DSP_ALU_DSP48E2_U_DATA[43]_ALU_OUT[47])
                                                      0.585     6.022 r  <hidden>
                         net (fo=1, routed)           0.000     6.022    <hidden>
    DSP48E2_X16Y14       DSP_OUTPUT (Prop_DSP_OUTPUT_DSP48E2_ALU_OUT[47]_PATTERN_DETECT)
                                                      0.363     6.385 r  <hidden>
                         net (fo=59, routed)          0.272     6.657    <hidden>
    SLICE_X121Y50        LUT5 (Prop_B6LUT_SLICEM_I3_O)
                                                      0.149     6.806 r  <hidden>
                         net (fo=1, routed)           0.016     6.822    <hidden>
    SLICE_X121Y50        CARRY8 (Prop_CARRY8_SLICEM_S[1]_CO[7])
                                                      0.197     7.019 r  <hidden>
                         net (fo=5, routed)           0.271     7.290    <hidden>
    SLICE_X120Y50        LUT5 (Prop_C5LUT_SLICEL_I2_O)
                                                      0.136     7.426 f  <hidden>
                         net (fo=1, routed)           0.375     7.801    <hidden>
    DSP48E2_X16Y13       DSP_A_B_DATA (Prop_DSP_A_B_DATA_DSP48E2_B[15]_B2_DATA[15])
                                                      0.151     7.952 r  <hidden>
                         net (fo=1, routed)           0.000     7.952    <hidden>
    DSP48E2_X16Y13       DSP_PREADD_DATA (Prop_DSP_PREADD_DATA_DSP48E2_B2_DATA[15]_B2B1[15])
                                                      0.073     8.025 r  <hidden>
                         net (fo=1, routed)           0.000     8.025    <hidden>
    DSP48E2_X16Y13       DSP_MULTIPLIER (Prop_DSP_MULTIPLIER_DSP48E2_B2B1[15]_V[28])
                                                      0.609     8.634 f  <hidden>
                         net (fo=1, routed)           0.000     8.634    <hidden>
    DSP48E2_X16Y13       DSP_M_DATA (Prop_DSP_M_DATA_DSP48E2_V[28]_V_DATA[28])
                                                      0.046     8.680 r  <hidden>
                         net (fo=1, routed)           0.000     8.680    <hidden>
    DSP48E2_X16Y13       DSP_ALU (Prop_DSP_ALU_DSP48E2_V_DATA[28]_ALU_OUT[28])
                                                      0.571     9.251 f  <hidden>
                         net (fo=1, routed)           0.000     9.251    <hidden>
    DSP48E2_X16Y13       DSP_OUTPUT (Prop_DSP_OUTPUT_DSP48E2_ALU_OUT[28]_P[28])
                                                      0.109     9.360 r  <hidden>
                         net (fo=1, routed)           0.170     9.530    <hidden>
    SLICE_X122Y48        LUT5 (Prop_C6LUT_SLICEM_I4_O)
                                                      0.145     9.675 r  <hidden>
                         net (fo=1, routed)           0.066     9.741    u_bd/split_d_system_i/fsa_0/inst/grp_run_fu_161/grp_runController_fu_106/grp_runQueryTile_fu_142/runQueryBlock_0_U0/grp_runQueryBlock_0_Outline_VITIS_LOOP_117_5_fu_168/grp_fu_880_p2[24]
    SLICE_X122Y48        FDRE                                         r  u_bd/split_d_system_i/fsa_0/inst/grp_run_fu_161/grp_runController_fu_106/grp_runQueryTile_fu_142/runQueryBlock_0_U0/grp_runQueryBlock_0_Outline_VITIS_LOOP_117_5_fu_168/acc_b_reg_2859_reg[24]/D
  -------------------------------------------------------------------    -------------------

                         (clock clk_out1_split_d_system_clk_wiz_0_0 rise edge)
                                                     10.000    10.000 r  
    BH42                                              0.000    10.000 r  board_clk_p (IN)
                         net (fo=0)                   0.079    10.079    u_board_clk/I
    HPIOBDIFFINBUF_X0Y36 DIFFINBUF (Prop_DIFFINBUF_HPIOBDIFFINBUF_DIFF_IN_P_O)
                                                      0.518    10.597 r  u_board_clk/DIFFINBUF_INST/O
                         net (fo=1, routed)           0.040    10.637    u_board_clk/OUT
    BH42                 IBUFCTRL (Prop_IBUFCTRL_HPIOB_M_I_O)
                                                      0.000    10.637 r  u_board_clk/IBUFCTRL_INST/O
                         net (fo=4, routed)           0.333    10.970    u_bd/split_d_system_i/clk_wiz_0/inst/clk_in1
    MMCM_X0Y1            MMCME4_ADV (Prop_MMCM_CLKIN1_CLKOUT0)
                                                      0.630    11.600 r  u_bd/split_d_system_i/clk_wiz_0/inst/mmcme4_adv_inst/CLKOUT0
                         net (fo=1, routed)           0.215    11.815    u_bd/split_d_system_i/clk_wiz_0/inst/clk_out1_split_d_system_clk_wiz_0_0
    BUFGCE_X0Y24         BUFGCE (Prop_BUFCE_BUFGCE_I_O)
                                                      0.024    11.839 r  u_bd/split_d_system_i/clk_wiz_0/inst/clkout1_buf/O
    X3Y1 (CLOCK_ROOT)    net (fo=48822, routed)       1.588    13.427    u_bd/split_d_system_i/fsa_0/inst/grp_run_fu_161/grp_runController_fu_106/grp_runQueryTile_fu_142/runQueryBlock_0_U0/grp_runQueryBlock_0_Outline_VITIS_LOOP_117_5_fu_168/ap_clk
    SLICE_X122Y48        FDRE                                         r  u_bd/split_d_system_i/fsa_0/inst/grp_run_fu_161/grp_runController_fu_106/grp_runQueryTile_fu_142/runQueryBlock_0_U0/grp_runQueryBlock_0_Outline_VITIS_LOOP_117_5_fu_168/acc_b_reg_2859_reg[24]/C
                         clock pessimism             -0.428    12.999    
                         clock uncertainty           -2.770    10.229    
    SLICE_X122Y48        FDRE (Setup_CFF_SLICEM_C_D)
                                                      0.025    10.254    u_bd/split_d_system_i/fsa_0/inst/grp_run_fu_161/grp_runController_fu_106/grp_runQueryTile_fu_142/runQueryBlock_0_U0/grp_runQueryBlock_0_Outline_VITIS_LOOP_117_5_fu_168/acc_b_reg_2859_reg[24]
  -------------------------------------------------------------------
                         required time                         10.254    
                         arrival time                          -9.741    
  -------------------------------------------------------------------
                         slack                                  0.513    

Slack (MET) :             0.514ns  (required time - arrival time)
  Source:                 <hidden>
                            (rising edge-triggered cell FDRE clocked by clk_out1_split_d_system_clk_wiz_0_0  {rise@0.000ns fall@5.000ns period=10.000ns})
  Destination:            u_bd/split_d_system_i/fsa_0/inst/grp_run_fu_161/grp_runController_fu_106/grp_runQueryTile_fu_142/runQueryBlock_0_U0/grp_runQueryBlock_0_Outline_VITIS_LOOP_117_5_fu_168/acc_b_6_reg_2864_reg[16]/D
                            (rising edge-triggered cell FDRE clocked by clk_out1_split_d_system_clk_wiz_0_0  {rise@0.000ns fall@5.000ns period=10.000ns})
  Path Group:             clk_out1_split_d_system_clk_wiz_0_0
  Path Type:              Setup (Max at Slow Process Corner)
  Requirement:            10.000ns  (clk_out1_split_d_system_clk_wiz_0_0 rise@10.000ns - clk_out1_split_d_system_clk_wiz_0_0 rise@0.000ns)
  Data Path Delay:        6.583ns  (logic 4.872ns (74.013%)  route 1.711ns (25.987%))
  Logic Levels:           19  (CARRY8=1 DSP_A_B_DATA=2 DSP_ALU=2 DSP_M_DATA=2 DSP_MULTIPLIER=2 DSP_OUTPUT=2 DSP_PREADD=1 DSP_PREADD_DATA=3 LUT2=1 LUT3=1 LUT5=2)
  Clock Path Skew:        -0.158ns (DCD - SCD + CPR)
    Destination Clock Delay (DCD):    3.424ns = ( 13.424 - 10.000 ) 
    Source Clock Delay      (SCD):    3.093ns
    Clock Pessimism Removal (CPR):    -0.489ns
  Clock Uncertainty:      2.770ns  ((TSJ^2 + DJ^2)^1/2) / 2 + PE + UU
    Total System Jitter     (TSJ):    0.071ns
    Discrete Jitter          (DJ):    0.120ns
    Phase Error              (PE):    0.000ns
    User Uncertainty         (UU):    2.700ns
  Clock Net Delay (Source):      1.798ns (routing 0.581ns, distribution 1.217ns)
  Clock Net Delay (Destination): 1.585ns (routing 0.530ns, distribution 1.055ns)

    Location             Delay type                Incr(ns)  Path(ns)    Netlist Resource(s)
  -------------------------------------------------------------------    -------------------
                         (clock clk_out1_split_d_system_clk_wiz_0_0 rise edge)
                                                      0.000     0.000 r  
    BH42                                              0.000     0.000 r  board_clk_p (IN)
                         net (fo=0)                   0.100     0.100    u_board_clk/I
    HPIOBDIFFINBUF_X0Y36 DIFFINBUF (Prop_DIFFINBUF_HPIOBDIFFINBUF_DIFF_IN_P_O)
                                                      0.615     0.715 r  u_board_clk/DIFFINBUF_INST/O
                         net (fo=1, routed)           0.050     0.765    u_board_clk/OUT
    BH42                 IBUFCTRL (Prop_IBUFCTRL_HPIOB_M_I_O)
                                                      0.000     0.765 r  u_board_clk/IBUFCTRL_INST/O
                         net (fo=4, routed)           0.384     1.149    u_bd/split_d_system_i/clk_wiz_0/inst/clk_in1
    MMCM_X0Y1            MMCME4_ADV (Prop_MMCM_CLKIN1_CLKOUT0)
                                                     -0.127     1.022 r  u_bd/split_d_system_i/clk_wiz_0/inst/mmcme4_adv_inst/CLKOUT0
                         net (fo=1, routed)           0.245     1.267    u_bd/split_d_system_i/clk_wiz_0/inst/clk_out1_split_d_system_clk_wiz_0_0
    BUFGCE_X0Y24         BUFGCE (Prop_BUFCE_BUFGCE_I_O)
                                                      0.028     1.295 r  u_bd/split_d_system_i/clk_wiz_0/inst/clkout1_buf/O
    X3Y1 (CLOCK_ROOT)    net (fo=48822, routed)       1.798     3.093    <hidden>
    SLICE_X128Y60        FDRE                                         r  <hidden>
  -------------------------------------------------------------------    -------------------
    SLICE_X128Y60        FDRE (Prop_EFF2_SLICEM_C_Q)
                                                      0.079     3.172 r  <hidden>
                         net (fo=3, routed)           0.208     3.381    <hidden>
    SLICE_X128Y60        LUT3 (Prop_G6LUT_SLICEM_I0_O)
                                                      0.150     3.531 r  <hidden>
                         net (fo=1, routed)           0.200     3.731    <hidden>
    DSP48E2_X17Y16       DSP_A_B_DATA (Prop_DSP_A_B_DATA_DSP48E2_A[11]_A2_DATA[11])
                                                      0.192     3.923 f  <hidden>
                         net (fo=1, routed)           0.000     3.923    <hidden>
    DSP48E2_X17Y16       DSP_PREADD_DATA (Prop_DSP_PREADD_DATA_DSP48E2_A2_DATA[11]_PREADD_AB[11])
                                                      0.124     4.047 r  <hidden>
                         net (fo=1, routed)           0.000     4.047    <hidden>
    DSP48E2_X17Y16       DSP_PREADD (Prop_DSP_PREADD_DSP48E2_PREADD_AB[11]_AD[26])
                                                      0.488     4.535 f  <hidden>
                         net (fo=1, routed)           0.000     4.535    <hidden>
    DSP48E2_X17Y16       DSP_PREADD_DATA (Prop_DSP_PREADD_DATA_DSP48E2_AD[26]_AD_DATA[26])
                                                      0.050     4.585 r  <hidden>
                         net (fo=1, routed)           0.000     4.585    <hidden>
    DSP48E2_X17Y16       DSP_MULTIPLIER (Prop_DSP_MULTIPLIER_DSP48E2_AD_DATA[26]_U[43])
                                                      0.612     5.197 f  <hidden>
                         net (fo=1, routed)           0.000     5.197    <hidden>
    DSP48E2_X17Y16       DSP_M_DATA (Prop_DSP_M_DATA_DSP48E2_U[43]_U_DATA[43])
                                                      0.047     5.244 r  <hidden>
                         net (fo=1, routed)           0.000     5.244    <hidden>
    DSP48E2_X17Y16       DSP_ALU (Prop_DSP_ALU_DSP48E2_U_DATA[43]_ALU_OUT[47])
                                                      0.585     5.829 r  <hidden>
                         net (fo=1, routed)           0.000     5.829    <hidden>
    DSP48E2_X17Y16       DSP_OUTPUT (Prop_DSP_OUTPUT_DSP48E2_ALU_OUT[47]_PATTERN_DETECT)
                                                      0.363     6.192 r  <hidden>
                         net (fo=59, routed)          0.341     6.533    <hidden>
    SLICE_X128Y56        LUT5 (Prop_B6LUT_SLICEM_I3_O)
                                                      0.125     6.658 r  <hidden>
                         net (fo=1, routed)           0.016     6.674    <hidden>
    SLICE_X128Y56        CARRY8 (Prop_CARRY8_SLICEM_S[1]_CO[5])
                                                      0.199     6.873 r  <hidden>
                         net (fo=17, routed)          0.183     7.056    <hidden>
    SLICE_X128Y54        LUT5 (Prop_G6LUT_SLICEM_I0_O)
                                                      0.150     7.206 f  <hidden>
                         net (fo=1, routed)           0.308     7.514    <hidden>
    DSP48E2_X17Y17       DSP_A_B_DATA (Prop_DSP_A_B_DATA_DSP48E2_B[11]_B2_DATA[11])
                                                      0.151     7.665 r  <hidden>
                         net (fo=1, routed)           0.000     7.665    <hidden>
    DSP48E2_X17Y17       DSP_PREADD_DATA (Prop_DSP_PREADD_DATA_DSP48E2_B2_DATA[11]_B2B1[11])
                                                      0.073     7.738 r  <hidden>
                         net (fo=1, routed)           0.000     7.738    <hidden>
    DSP48E2_X17Y17       DSP_MULTIPLIER (Prop_DSP_MULTIPLIER_DSP48E2_B2B1[11]_V[18])
                                                      0.609     8.347 f  <hidden>
                         net (fo=1, routed)           0.000     8.347    <hidden>
    DSP48E2_X17Y17       DSP_M_DATA (Prop_DSP_M_DATA_DSP48E2_V[18]_V_DATA[18])
                                                      0.046     8.393 r  <hidden>
                         net (fo=1, routed)           0.000     8.393    <hidden>
    DSP48E2_X17Y17       DSP_ALU (Prop_DSP_ALU_DSP48E2_V_DATA[18]_ALU_OUT[18])
                                                      0.571     8.964 f  <hidden>
                         net (fo=1, routed)           0.000     8.964    <hidden>
    DSP48E2_X17Y17       DSP_OUTPUT (Prop_DSP_OUTPUT_DSP48E2_ALU_OUT[18]_P[18])
                                                      0.109     9.073 r  <hidden>
                         net (fo=1, routed)           0.395     9.468    <hidden>
    SLICE_X126Y56        LUT2 (Prop_B6LUT_SLICEM_I0_O)
                                                      0.149     9.617 r  <hidden>
                         net (fo=1, routed)           0.059     9.676    u_bd/split_d_system_i/fsa_0/inst/grp_run_fu_161/grp_runController_fu_106/grp_runQueryTile_fu_142/runQueryBlock_0_U0/grp_runQueryBlock_0_Outline_VITIS_LOOP_117_5_fu_168/grp_fu_884_p2[16]
    SLICE_X126Y56        FDRE                                         r  u_bd/split_d_system_i/fsa_0/inst/grp_run_fu_161/grp_runController_fu_106/grp_runQueryTile_fu_142/runQueryBlock_0_U0/grp_runQueryBlock_0_Outline_VITIS_LOOP_117_5_fu_168/acc_b_6_reg_2864_reg[16]/D
  -------------------------------------------------------------------    -------------------

                         (clock clk_out1_split_d_system_clk_wiz_0_0 rise edge)
                                                     10.000    10.000 r  
    BH42                                              0.000    10.000 r  board_clk_p (IN)
                         net (fo=0)                   0.079    10.079    u_board_clk/I
    HPIOBDIFFINBUF_X0Y36 DIFFINBUF (Prop_DIFFINBUF_HPIOBDIFFINBUF_DIFF_IN_P_O)
                                                      0.518    10.597 r  u_board_clk/DIFFINBUF_INST/O
                         net (fo=1, routed)           0.040    10.637    u_board_clk/OUT
    BH42                 IBUFCTRL (Prop_IBUFCTRL_HPIOB_M_I_O)
                                                      0.000    10.637 r  u_board_clk/IBUFCTRL_INST/O
                         net (fo=4, routed)           0.333    10.970    u_bd/split_d_system_i/clk_wiz_0/inst/clk_in1
    MMCM_X0Y1            MMCME4_ADV (Prop_MMCM_CLKIN1_CLKOUT0)
                                                      0.630    11.600 r  u_bd/split_d_system_i/clk_wiz_0/inst/mmcme4_adv_inst/CLKOUT0
                         net (fo=1, routed)           0.215    11.815    u_bd/split_d_system_i/clk_wiz_0/inst/clk_out1_split_d_system_clk_wiz_0_0
    BUFGCE_X0Y24         BUFGCE (Prop_BUFCE_BUFGCE_I_O)
                                                      0.024    11.839 r  u_bd/split_d_system_i/clk_wiz_0/inst/clkout1_buf/O
    X3Y1 (CLOCK_ROOT)    net (fo=48822, routed)       1.585    13.424    u_bd/split_d_system_i/fsa_0/inst/grp_run_fu_161/grp_runController_fu_106/grp_runQueryTile_fu_142/runQueryBlock_0_U0/grp_runQueryBlock_0_Outline_VITIS_LOOP_117_5_fu_168/ap_clk
    SLICE_X126Y56        FDRE                                         r  u_bd/split_d_system_i/fsa_0/inst/grp_run_fu_161/grp_runController_fu_106/grp_runQueryTile_fu_142/runQueryBlock_0_U0/grp_runQueryBlock_0_Outline_VITIS_LOOP_117_5_fu_168/acc_b_6_reg_2864_reg[16]/C
                         clock pessimism             -0.489    12.935    
                         clock uncertainty           -2.770    10.165    
    SLICE_X126Y56        FDRE (Setup_BFF_SLICEM_C_D)
                                                      0.025    10.190    u_bd/split_d_system_i/fsa_0/inst/grp_run_fu_161/grp_runController_fu_106/grp_runQueryTile_fu_142/runQueryBlock_0_U0/grp_runQueryBlock_0_Outline_VITIS_LOOP_117_5_fu_168/acc_b_6_reg_2864_reg[16]
  -------------------------------------------------------------------
                         required time                         10.190    
                         arrival time                          -9.676    
  -------------------------------------------------------------------
                         slack                                  0.514    

Slack (MET) :             0.515ns  (required time - arrival time)
  Source:                 <hidden>
                            (rising edge-triggered cell FDRE clocked by clk_out1_split_d_system_clk_wiz_0_0  {rise@0.000ns fall@5.000ns period=10.000ns})
  Destination:            u_bd/split_d_system_i/fsa_0/inst/grp_run_fu_161/grp_runController_fu_106/grp_runQueryTile_fu_142/runQueryBlock_0_U0/grp_runQueryBlock_0_Outline_VITIS_LOOP_117_5_fu_168/sub_i6_reg_2877_reg[30]/D
                            (rising edge-triggered cell FDRE clocked by clk_out1_split_d_system_clk_wiz_0_0  {rise@0.000ns fall@5.000ns period=10.000ns})
  Path Group:             clk_out1_split_d_system_clk_wiz_0_0
  Path Type:              Setup (Max at Slow Process Corner)
  Requirement:            10.000ns  (clk_out1_split_d_system_clk_wiz_0_0 rise@10.000ns - clk_out1_split_d_system_clk_wiz_0_0 rise@0.000ns)
  Data Path Delay:        6.665ns  (logic 4.481ns (67.228%)  route 2.184ns (32.772%))
  Logic Levels:           20  (CARRY8=1 DSP_A_B_DATA=1 DSP_ALU=2 DSP_C_DATA=1 DSP_M_DATA=1 DSP_MULTIPLIER=1 DSP_OUTPUT=2 DSP_PREADD=1 DSP_PREADD_DATA=2 LUT2=2 LUT3=1 LUT5=2 LUT6=3)
  Clock Path Skew:        -0.075ns (DCD - SCD + CPR)
    Destination Clock Delay (DCD):    3.431ns = ( 13.431 - 10.000 ) 
    Source Clock Delay      (SCD):    3.075ns
    Clock Pessimism Removal (CPR):    -0.432ns
  Clock Uncertainty:      2.770ns  ((TSJ^2 + DJ^2)^1/2) / 2 + PE + UU
    Total System Jitter     (TSJ):    0.071ns
    Discrete Jitter          (DJ):    0.120ns
    Phase Error              (PE):    0.000ns
    User Uncertainty         (UU):    2.700ns
  Clock Net Delay (Source):      1.780ns (routing 0.581ns, distribution 1.199ns)
  Clock Net Delay (Destination): 1.593ns (routing 0.530ns, distribution 1.063ns)

    Location             Delay type                Incr(ns)  Path(ns)    Netlist Resource(s)
  -------------------------------------------------------------------    -------------------
                         (clock clk_out1_split_d_system_clk_wiz_0_0 rise edge)
                                                      0.000     0.000 r  
    BH42                                              0.000     0.000 r  board_clk_p (IN)
                         net (fo=0)                   0.100     0.100    u_board_clk/I
    HPIOBDIFFINBUF_X0Y36 DIFFINBUF (Prop_DIFFINBUF_HPIOBDIFFINBUF_DIFF_IN_P_O)
                                                      0.615     0.715 r  u_board_clk/DIFFINBUF_INST/O
                         net (fo=1, routed)           0.050     0.765    u_board_clk/OUT
    BH42                 IBUFCTRL (Prop_IBUFCTRL_HPIOB_M_I_O)
                                                      0.000     0.765 r  u_board_clk/IBUFCTRL_INST/O
                         net (fo=4, routed)           0.384     1.149    u_bd/split_d_system_i/clk_wiz_0/inst/clk_in1
    MMCM_X0Y1            MMCME4_ADV (Prop_MMCM_CLKIN1_CLKOUT0)
                                                     -0.127     1.022 r  u_bd/split_d_system_i/clk_wiz_0/inst/mmcme4_adv_inst/CLKOUT0
                         net (fo=1, routed)           0.245     1.267    u_bd/split_d_system_i/clk_wiz_0/inst/clk_out1_split_d_system_clk_wiz_0_0
    BUFGCE_X0Y24         BUFGCE (Prop_BUFCE_BUFGCE_I_O)
                                                      0.028     1.295 r  u_bd/split_d_system_i/clk_wiz_0/inst/clkout1_buf/O
    X3Y1 (CLOCK_ROOT)    net (fo=48822, routed)       1.780     3.075    <hidden>
    SLICE_X127Y62        FDRE                                         r  <hidden>
  -------------------------------------------------------------------    -------------------
    SLICE_X127Y62        FDRE (Prop_HFF_SLICEL_C_Q)
                                                      0.079     3.154 f  <hidden>
                         net (fo=54, routed)          0.250     3.404    <hidden>
    SLICE_X128Y61        LUT2 (Prop_B6LUT_SLICEM_I1_O)
                                                      0.149     3.553 r  <hidden>
                         net (fo=2, routed)           0.267     3.820    <hidden>
    DSP48E2_X17Y19       DSP_A_B_DATA (Prop_DSP_A_B_DATA_DSP48E2_A[14]_A2_DATA[14])
                                                      0.192     4.012 f  <hidden>
                         net (fo=1, routed)           0.000     4.012    <hidden>
    DSP48E2_X17Y19       DSP_PREADD_DATA (Prop_DSP_PREADD_DATA_DSP48E2_A2_DATA[14]_PREADD_AB[14])
                                                      0.124     4.136 r  <hidden>
                         net (fo=1, routed)           0.000     4.136    <hidden>
    DSP48E2_X17Y19       DSP_PREADD (Prop_DSP_PREADD_DSP48E2_PREADD_AB[14]_AD[26])
                                                      0.488     4.624 f  <hidden>
                         net (fo=1, routed)           0.000     4.624    <hidden>
    DSP48E2_X17Y19       DSP_PREADD_DATA (Prop_DSP_PREADD_DATA_DSP48E2_AD[26]_AD_DATA[26])
                                                      0.050     4.674 r  <hidden>
                         net (fo=1, routed)           0.000     4.674    <hidden>
    DSP48E2_X17Y19       DSP_MULTIPLIER (Prop_DSP_MULTIPLIER_DSP48E2_AD_DATA[26]_U[43])
                                                      0.612     5.286 f  <hidden>
                         net (fo=1, routed)           0.000     5.286    <hidden>
    DSP48E2_X17Y19       DSP_M_DATA (Prop_DSP_M_DATA_DSP48E2_U[43]_U_DATA[43])
                                                      0.047     5.333 r  <hidden>
                         net (fo=1, routed)           0.000     5.333    <hidden>
    DSP48E2_X17Y19       DSP_ALU (Prop_DSP_ALU_DSP48E2_U_DATA[43]_ALU_OUT[47])
                                                      0.585     5.918 r  <hidden>
                         net (fo=1, routed)           0.000     5.918    <hidden>
    DSP48E2_X17Y19       DSP_OUTPUT (Prop_DSP_OUTPUT_DSP48E2_ALU_OUT[47]_PATTERN_DETECT)
                                                      0.363     6.281 r  <hidden>
                         net (fo=60, routed)          0.294     6.575    <hidden>
    SLICE_X127Y65        LUT5 (Prop_A6LUT_SLICEL_I3_O)
                                                      0.090     6.665 r  <hidden>
                         net (fo=1, routed)           0.009     6.674    <hidden>
    SLICE_X127Y65        CARRY8 (Prop_CARRY8_SLICEL_S[0]_CO[3])
                                                      0.184     6.858 r  <hidden>
                         net (fo=19, routed)          0.213     7.071    <hidden>
    SLICE_X127Y67        LUT6 (Prop_H6LUT_SLICEL_I2_O)
                                                      0.150     7.221 r  <hidden>
                         net (fo=4, routed)           0.254     7.475    <hidden>
    SLICE_X126Y67        LUT6 (Prop_G6LUT_SLICEM_I3_O)
                                                      0.123     7.598 f  <hidden>
                         net (fo=6, routed)           0.105     7.703    <hidden>
    SLICE_X126Y68        LUT5 (Prop_B6LUT_SLICEM_I3_O)
                                                      0.125     7.828 r  <hidden>
                         net (fo=3, routed)           0.099     7.927    <hidden>
    SLICE_X126Y69        LUT6 (Prop_G6LUT_SLICEM_I3_O)
                                                      0.100     8.027 r  <hidden>
                         net (fo=2, routed)           0.056     8.082    <hidden>
    SLICE_X126Y69        LUT2 (Prop_B6LUT_SLICEM_I1_O)
                                                      0.125     8.207 r  <hidden>
                         net (fo=1, routed)           0.369     8.576    <hidden>
    DSP48E2_X17Y20       DSP_C_DATA (Prop_DSP_C_DATA_DSP48E2_C[33]_C_DATA[33])
                                                      0.105     8.681 r  <hidden>
                         net (fo=2, routed)           0.000     8.681    <hidden>
    DSP48E2_X17Y20       DSP_ALU (Prop_DSP_ALU_DSP48E2_C_DATA[33]_ALU_OUT[34])
                                                      0.585     9.266 f  <hidden>
                         net (fo=1, routed)           0.000     9.266    <hidden>
    DSP48E2_X17Y20       DSP_OUTPUT (Prop_DSP_OUTPUT_DSP48E2_ALU_OUT[34]_P[34])
                                                      0.109     9.375 r  <hidden>
                         net (fo=1, routed)           0.251     9.626    <hidden>
    SLICE_X128Y69        LUT3 (Prop_H5LUT_SLICEM_I2_O)
                                                      0.096     9.722 r  <hidden>
                         net (fo=1, routed)           0.018     9.740    u_bd/split_d_system_i/fsa_0/inst/grp_run_fu_161/grp_runController_fu_106/grp_runQueryTile_fu_142/runQueryBlock_0_U0/grp_runQueryBlock_0_Outline_VITIS_LOOP_117_5_fu_168/grp_fu_893_p2[30]
    SLICE_X128Y69        FDRE                                         r  u_bd/split_d_system_i/fsa_0/inst/grp_run_fu_161/grp_runController_fu_106/grp_runQueryTile_fu_142/runQueryBlock_0_U0/grp_runQueryBlock_0_Outline_VITIS_LOOP_117_5_fu_168/sub_i6_reg_2877_reg[30]/D
  -------------------------------------------------------------------    -------------------

                         (clock clk_out1_split_d_system_clk_wiz_0_0 rise edge)
                                                     10.000    10.000 r  
    BH42                                              0.000    10.000 r  board_clk_p (IN)
                         net (fo=0)                   0.079    10.079    u_board_clk/I
    HPIOBDIFFINBUF_X0Y36 DIFFINBUF (Prop_DIFFINBUF_HPIOBDIFFINBUF_DIFF_IN_P_O)
                                                      0.518    10.597 r  u_board_clk/DIFFINBUF_INST/O
                         net (fo=1, routed)           0.040    10.637    u_board_clk/OUT
    BH42                 IBUFCTRL (Prop_IBUFCTRL_HPIOB_M_I_O)
                                                      0.000    10.637 r  u_board_clk/IBUFCTRL_INST/O
                         net (fo=4, routed)           0.333    10.970    u_bd/split_d_system_i/clk_wiz_0/inst/clk_in1
    MMCM_X0Y1            MMCME4_ADV (Prop_MMCM_CLKIN1_CLKOUT0)
                                                      0.630    11.600 r  u_bd/split_d_system_i/clk_wiz_0/inst/mmcme4_adv_inst/CLKOUT0
                         net (fo=1, routed)           0.215    11.815    u_bd/split_d_system_i/clk_wiz_0/inst/clk_out1_split_d_system_clk_wiz_0_0
    BUFGCE_X0Y24         BUFGCE (Prop_BUFCE_BUFGCE_I_O)
                                                      0.024    11.839 r  u_bd/split_d_system_i/clk_wiz_0/inst/clkout1_buf/O
    X3Y1 (CLOCK_ROOT)    net (fo=48822, routed)       1.593    13.431    u_bd/split_d_system_i/fsa_0/inst/grp_run_fu_161/grp_runController_fu_106/grp_runQueryTile_fu_142/runQueryBlock_0_U0/grp_runQueryBlock_0_Outline_VITIS_LOOP_117_5_fu_168/ap_clk
    SLICE_X128Y69        FDRE                                         r  u_bd/split_d_system_i/fsa_0/inst/grp_run_fu_161/grp_runController_fu_106/grp_runQueryTile_fu_142/runQueryBlock_0_U0/grp_runQueryBlock_0_Outline_VITIS_LOOP_117_5_fu_168/sub_i6_reg_2877_reg[30]/C
                         clock pessimism             -0.432    12.999    
                         clock uncertainty           -2.770    10.230    
    SLICE_X128Y69        FDRE (Setup_HFF2_SLICEM_C_D)
                                                      0.025    10.255    u_bd/split_d_system_i/fsa_0/inst/grp_run_fu_161/grp_runController_fu_106/grp_runQueryTile_fu_142/runQueryBlock_0_U0/grp_runQueryBlock_0_Outline_VITIS_LOOP_117_5_fu_168/sub_i6_reg_2877_reg[30]
  -------------------------------------------------------------------
                         required time                         10.255    
                         arrival time                          -9.740    
  -------------------------------------------------------------------
                         slack                                  0.515    

Slack (MET) :             0.517ns  (required time - arrival time)
  Source:                 <hidden>
                            (rising edge-triggered cell FDRE clocked by clk_out1_split_d_system_clk_wiz_0_0  {rise@0.000ns fall@5.000ns period=10.000ns})
  Destination:            u_bd/split_d_system_i/fsa_0/inst/grp_run_fu_161/grp_runController_fu_106/grp_runQueryTile_fu_142/runQueryBlock_0_U0/grp_runQueryBlock_0_Outline_VITIS_LOOP_117_5_fu_168/acc_b_6_reg_2864_reg[23]/D
                            (rising edge-triggered cell FDRE clocked by clk_out1_split_d_system_clk_wiz_0_0  {rise@0.000ns fall@5.000ns period=10.000ns})
  Path Group:             clk_out1_split_d_system_clk_wiz_0_0
  Path Type:              Setup (Max at Slow Process Corner)
  Requirement:            10.000ns  (clk_out1_split_d_system_clk_wiz_0_0 rise@10.000ns - clk_out1_split_d_system_clk_wiz_0_0 rise@0.000ns)
  Data Path Delay:        6.577ns  (logic 4.869ns (74.035%)  route 1.708ns (25.965%))
  Logic Levels:           19  (CARRY8=1 DSP_A_B_DATA=2 DSP_ALU=2 DSP_M_DATA=2 DSP_MULTIPLIER=2 DSP_OUTPUT=2 DSP_PREADD=1 DSP_PREADD_DATA=3 LUT3=1 LUT5=3)
  Clock Path Skew:        -0.162ns (DCD - SCD + CPR)
    Destination Clock Delay (DCD):    3.420ns = ( 13.420 - 10.000 ) 
    Source Clock Delay      (SCD):    3.093ns
    Clock Pessimism Removal (CPR):    -0.489ns
  Clock Uncertainty:      2.770ns  ((TSJ^2 + DJ^2)^1/2) / 2 + PE + UU
    Total System Jitter     (TSJ):    0.071ns
    Discrete Jitter          (DJ):    0.120ns
    Phase Error              (PE):    0.000ns
    User Uncertainty         (UU):    2.700ns
  Clock Net Delay (Source):      1.798ns (routing 0.581ns, distribution 1.217ns)
  Clock Net Delay (Destination): 1.582ns (routing 0.530ns, distribution 1.052ns)

    Location             Delay type                Incr(ns)  Path(ns)    Netlist Resource(s)
  -------------------------------------------------------------------    -------------------
                         (clock clk_out1_split_d_system_clk_wiz_0_0 rise edge)
                                                      0.000     0.000 r  
    BH42                                              0.000     0.000 r  board_clk_p (IN)
                         net (fo=0)                   0.100     0.100    u_board_clk/I
    HPIOBDIFFINBUF_X0Y36 DIFFINBUF (Prop_DIFFINBUF_HPIOBDIFFINBUF_DIFF_IN_P_O)
                                                      0.615     0.715 r  u_board_clk/DIFFINBUF_INST/O
                         net (fo=1, routed)           0.050     0.765    u_board_clk/OUT
    BH42                 IBUFCTRL (Prop_IBUFCTRL_HPIOB_M_I_O)
                                                      0.000     0.765 r  u_board_clk/IBUFCTRL_INST/O
                         net (fo=4, routed)           0.384     1.149    u_bd/split_d_system_i/clk_wiz_0/inst/clk_in1
    MMCM_X0Y1            MMCME4_ADV (Prop_MMCM_CLKIN1_CLKOUT0)
                                                     -0.127     1.022 r  u_bd/split_d_system_i/clk_wiz_0/inst/mmcme4_adv_inst/CLKOUT0
                         net (fo=1, routed)           0.245     1.267    u_bd/split_d_system_i/clk_wiz_0/inst/clk_out1_split_d_system_clk_wiz_0_0
    BUFGCE_X0Y24         BUFGCE (Prop_BUFCE_BUFGCE_I_O)
                                                      0.028     1.295 r  u_bd/split_d_system_i/clk_wiz_0/inst/clkout1_buf/O
    X3Y1 (CLOCK_ROOT)    net (fo=48822, routed)       1.798     3.093    <hidden>
    SLICE_X128Y60        FDRE                                         r  <hidden>
  -------------------------------------------------------------------    -------------------
    SLICE_X128Y60        FDRE (Prop_EFF2_SLICEM_C_Q)
                                                      0.079     3.172 r  <hidden>
                         net (fo=3, routed)           0.208     3.381    <hidden>
    SLICE_X128Y60        LUT3 (Prop_G6LUT_SLICEM_I0_O)
                                                      0.150     3.531 r  <hidden>
                         net (fo=1, routed)           0.200     3.731    <hidden>
    DSP48E2_X17Y16       DSP_A_B_DATA (Prop_DSP_A_B_DATA_DSP48E2_A[11]_A2_DATA[11])
                                                      0.192     3.923 f  <hidden>
                         net (fo=1, routed)           0.000     3.923    <hidden>
    DSP48E2_X17Y16       DSP_PREADD_DATA (Prop_DSP_PREADD_DATA_DSP48E2_A2_DATA[11]_PREADD_AB[11])
                                                      0.124     4.047 r  <hidden>
                         net (fo=1, routed)           0.000     4.047    <hidden>
    DSP48E2_X17Y16       DSP_PREADD (Prop_DSP_PREADD_DSP48E2_PREADD_AB[11]_AD[26])
                                                      0.488     4.535 f  <hidden>
                         net (fo=1, routed)           0.000     4.535    <hidden>
    DSP48E2_X17Y16       DSP_PREADD_DATA (Prop_DSP_PREADD_DATA_DSP48E2_AD[26]_AD_DATA[26])
                                                      0.050     4.585 r  <hidden>
                         net (fo=1, routed)           0.000     4.585    <hidden>
    DSP48E2_X17Y16       DSP_MULTIPLIER (Prop_DSP_MULTIPLIER_DSP48E2_AD_DATA[26]_U[43])
                                                      0.612     5.197 f  <hidden>
                         net (fo=1, routed)           0.000     5.197    <hidden>
    DSP48E2_X17Y16       DSP_M_DATA (Prop_DSP_M_DATA_DSP48E2_U[43]_U_DATA[43])
                                                      0.047     5.244 r  <hidden>
                         net (fo=1, routed)           0.000     5.244    <hidden>
    DSP48E2_X17Y16       DSP_ALU (Prop_DSP_ALU_DSP48E2_U_DATA[43]_ALU_OUT[47])
                                                      0.585     5.829 r  <hidden>
                         net (fo=1, routed)           0.000     5.829    <hidden>
    DSP48E2_X17Y16       DSP_OUTPUT (Prop_DSP_OUTPUT_DSP48E2_ALU_OUT[47]_PATTERN_DETECT)
                                                      0.363     6.192 r  <hidden>
                         net (fo=59, routed)          0.341     6.533    <hidden>
    SLICE_X128Y56        LUT5 (Prop_B6LUT_SLICEM_I3_O)
                                                      0.125     6.658 r  <hidden>
                         net (fo=1, routed)           0.016     6.674    <hidden>
    SLICE_X128Y56        CARRY8 (Prop_CARRY8_SLICEM_S[1]_CO[5])
                                                      0.199     6.873 r  <hidden>
                         net (fo=17, routed)          0.183     7.056    <hidden>
    SLICE_X128Y54        LUT5 (Prop_G6LUT_SLICEM_I0_O)
                                                      0.150     7.206 f  <hidden>
                         net (fo=1, routed)           0.308     7.514    <hidden>
    DSP48E2_X17Y17       DSP_A_B_DATA (Prop_DSP_A_B_DATA_DSP48E2_B[11]_B2_DATA[11])
                                                      0.151     7.665 r  <hidden>
                         net (fo=1, routed)           0.000     7.665    <hidden>
    DSP48E2_X17Y17       DSP_PREADD_DATA (Prop_DSP_PREADD_DATA_DSP48E2_B2_DATA[11]_B2B1[11])
                                                      0.073     7.738 r  <hidden>
                         net (fo=1, routed)           0.000     7.738    <hidden>
    DSP48E2_X17Y17       DSP_MULTIPLIER (Prop_DSP_MULTIPLIER_DSP48E2_B2B1[11]_V[27])
                                                      0.609     8.347 f  <hidden>
                         net (fo=1, routed)           0.000     8.347    <hidden>
    DSP48E2_X17Y17       DSP_M_DATA (Prop_DSP_M_DATA_DSP48E2_V[27]_V_DATA[27])
                                                      0.046     8.393 r  <hidden>
                         net (fo=1, routed)           0.000     8.393    <hidden>
    DSP48E2_X17Y17       DSP_ALU (Prop_DSP_ALU_DSP48E2_V_DATA[27]_ALU_OUT[27])
                                                      0.571     8.964 f  <hidden>
                         net (fo=1, routed)           0.000     8.964    <hidden>
    DSP48E2_X17Y17       DSP_OUTPUT (Prop_DSP_OUTPUT_DSP48E2_ALU_OUT[27]_P[27])
                                                      0.109     9.073 r  <hidden>
                         net (fo=1, routed)           0.401     9.474    <hidden>
    SLICE_X125Y57        LUT5 (Prop_C6LUT_SLICEL_I4_O)
                                                      0.146     9.620 r  <hidden>
                         net (fo=1, routed)           0.050     9.670    u_bd/split_d_system_i/fsa_0/inst/grp_run_fu_161/grp_runController_fu_106/grp_runQueryTile_fu_142/runQueryBlock_0_U0/grp_runQueryBlock_0_Outline_VITIS_LOOP_117_5_fu_168/grp_fu_884_p2[23]
    SLICE_X125Y57        FDRE                                         r  u_bd/split_d_system_i/fsa_0/inst/grp_run_fu_161/grp_runController_fu_106/grp_runQueryTile_fu_142/runQueryBlock_0_U0/grp_runQueryBlock_0_Outline_VITIS_LOOP_117_5_fu_168/acc_b_6_reg_2864_reg[23]/D
  -------------------------------------------------------------------    -------------------

                         (clock clk_out1_split_d_system_clk_wiz_0_0 rise edge)
                                                     10.000    10.000 r  
    BH42                                              0.000    10.000 r  board_clk_p (IN)
                         net (fo=0)                   0.079    10.079    u_board_clk/I
    HPIOBDIFFINBUF_X0Y36 DIFFINBUF (Prop_DIFFINBUF_HPIOBDIFFINBUF_DIFF_IN_P_O)
                                                      0.518    10.597 r  u_board_clk/DIFFINBUF_INST/O
                         net (fo=1, routed)           0.040    10.637    u_board_clk/OUT
    BH42                 IBUFCTRL (Prop_IBUFCTRL_HPIOB_M_I_O)
                                                      0.000    10.637 r  u_board_clk/IBUFCTRL_INST/O
                         net (fo=4, routed)           0.333    10.970    u_bd/split_d_system_i/clk_wiz_0/inst/clk_in1
    MMCM_X0Y1            MMCME4_ADV (Prop_MMCM_CLKIN1_CLKOUT0)
                                                      0.630    11.600 r  u_bd/split_d_system_i/clk_wiz_0/inst/mmcme4_adv_inst/CLKOUT0
                         net (fo=1, routed)           0.215    11.815    u_bd/split_d_system_i/clk_wiz_0/inst/clk_out1_split_d_system_clk_wiz_0_0
    BUFGCE_X0Y24         BUFGCE (Prop_BUFCE_BUFGCE_I_O)
                                                      0.024    11.839 r  u_bd/split_d_system_i/clk_wiz_0/inst/clkout1_buf/O
    X3Y1 (CLOCK_ROOT)    net (fo=48822, routed)       1.582    13.420    u_bd/split_d_system_i/fsa_0/inst/grp_run_fu_161/grp_runController_fu_106/grp_runQueryTile_fu_142/runQueryBlock_0_U0/grp_runQueryBlock_0_Outline_VITIS_LOOP_117_5_fu_168/ap_clk
    SLICE_X125Y57        FDRE                                         r  u_bd/split_d_system_i/fsa_0/inst/grp_run_fu_161/grp_runController_fu_106/grp_runQueryTile_fu_142/runQueryBlock_0_U0/grp_runQueryBlock_0_Outline_VITIS_LOOP_117_5_fu_168/acc_b_6_reg_2864_reg[23]/C
                         clock pessimism             -0.489    12.932    
                         clock uncertainty           -2.770    10.162    
    SLICE_X125Y57        FDRE (Setup_CFF_SLICEL_C_D)
                                                      0.025    10.187    u_bd/split_d_system_i/fsa_0/inst/grp_run_fu_161/grp_runController_fu_106/grp_runQueryTile_fu_142/runQueryBlock_0_U0/grp_runQueryBlock_0_Outline_VITIS_LOOP_117_5_fu_168/acc_b_6_reg_2864_reg[23]
  -------------------------------------------------------------------
                         required time                         10.187    
                         arrival time                          -9.670    
  -------------------------------------------------------------------
                         slack                                  0.517    

Slack (MET) :             0.519ns  (required time - arrival time)
  Source:                 <hidden>
                            (rising edge-triggered cell FDRE clocked by clk_out1_split_d_system_clk_wiz_0_0  {rise@0.000ns fall@5.000ns period=10.000ns})
  Destination:            u_bd/split_d_system_i/fsa_0/inst/grp_run_fu_161/grp_runController_fu_106/grp_runQueryTile_fu_142/runQueryBlock_0_U0/grp_runQueryBlock_0_Outline_VITIS_LOOP_117_5_fu_168/acc_b_reg_2859_reg[23]/D
                            (rising edge-triggered cell FDRE clocked by clk_out1_split_d_system_clk_wiz_0_0  {rise@0.000ns fall@5.000ns period=10.000ns})
  Path Group:             clk_out1_split_d_system_clk_wiz_0_0
  Path Type:              Setup (Max at Slow Process Corner)
  Requirement:            10.000ns  (clk_out1_split_d_system_clk_wiz_0_0 rise@10.000ns - clk_out1_split_d_system_clk_wiz_0_0 rise@0.000ns)
  Data Path Delay:        6.661ns  (logic 4.783ns (71.805%)  route 1.878ns (28.195%))
  Logic Levels:           19  (CARRY8=1 DSP_A_B_DATA=2 DSP_ALU=2 DSP_M_DATA=2 DSP_MULTIPLIER=2 DSP_OUTPUT=2 DSP_PREADD=1 DSP_PREADD_DATA=3 LUT3=1 LUT5=3)
  Clock Path Skew:        -0.075ns (DCD - SCD + CPR)
    Destination Clock Delay (DCD):    3.410ns = ( 13.410 - 10.000 ) 
    Source Clock Delay      (SCD):    3.058ns
    Clock Pessimism Removal (CPR):    -0.428ns
  Clock Uncertainty:      2.770ns  ((TSJ^2 + DJ^2)^1/2) / 2 + PE + UU
    Total System Jitter     (TSJ):    0.071ns
    Discrete Jitter          (DJ):    0.120ns
    Phase Error              (PE):    0.000ns
    User Uncertainty         (UU):    2.700ns
  Clock Net Delay (Source):      1.763ns (routing 0.581ns, distribution 1.182ns)
  Clock Net Delay (Destination): 1.572ns (routing 0.530ns, distribution 1.042ns)

    Location             Delay type                Incr(ns)  Path(ns)    Netlist Resource(s)
  -------------------------------------------------------------------    -------------------
                         (clock clk_out1_split_d_system_clk_wiz_0_0 rise edge)
                                                      0.000     0.000 r  
    BH42                                              0.000     0.000 r  board_clk_p (IN)
                         net (fo=0)                   0.100     0.100    u_board_clk/I
    HPIOBDIFFINBUF_X0Y36 DIFFINBUF (Prop_DIFFINBUF_HPIOBDIFFINBUF_DIFF_IN_P_O)
                                                      0.615     0.715 r  u_board_clk/DIFFINBUF_INST/O
                         net (fo=1, routed)           0.050     0.765    u_board_clk/OUT
    BH42                 IBUFCTRL (Prop_IBUFCTRL_HPIOB_M_I_O)
                                                      0.000     0.765 r  u_board_clk/IBUFCTRL_INST/O
                         net (fo=4, routed)           0.384     1.149    u_bd/split_d_system_i/clk_wiz_0/inst/clk_in1
    MMCM_X0Y1            MMCME4_ADV (Prop_MMCM_CLKIN1_CLKOUT0)
                                                     -0.127     1.022 r  u_bd/split_d_system_i/clk_wiz_0/inst/mmcme4_adv_inst/CLKOUT0
                         net (fo=1, routed)           0.245     1.267    u_bd/split_d_system_i/clk_wiz_0/inst/clk_out1_split_d_system_clk_wiz_0_0
    BUFGCE_X0Y24         BUFGCE (Prop_BUFCE_BUFGCE_I_O)
                                                      0.028     1.295 r  u_bd/split_d_system_i/clk_wiz_0/inst/clkout1_buf/O
    X3Y1 (CLOCK_ROOT)    net (fo=48822, routed)       1.763     3.058    <hidden>
    SLICE_X120Y54        FDRE                                         r  <hidden>
  -------------------------------------------------------------------    -------------------
    SLICE_X120Y54        FDRE (Prop_HFF_SLICEL_C_Q)
                                                      0.079     3.137 r  <hidden>
                         net (fo=54, routed)          0.307     3.444    <hidden>
    SLICE_X122Y51        LUT3 (Prop_B6LUT_SLICEM_I1_O)
                                                      0.149     3.593 r  <hidden>
                         net (fo=1, routed)           0.331     3.924    <hidden>
    DSP48E2_X16Y14       DSP_A_B_DATA (Prop_DSP_A_B_DATA_DSP48E2_A[7]_A2_DATA[7])
                                                      0.192     4.116 f  <hidden>
                         net (fo=1, routed)           0.000     4.116    <hidden>
    DSP48E2_X16Y14       DSP_PREADD_DATA (Prop_DSP_PREADD_DATA_DSP48E2_A2_DATA[7]_PREADD_AB[7])
                                                      0.124     4.240 r  <hidden>
                         net (fo=1, routed)           0.000     4.240    <hidden>
    DSP48E2_X16Y14       DSP_PREADD (Prop_DSP_PREADD_DSP48E2_PREADD_AB[7]_AD[26])
                                                      0.488     4.728 f  <hidden>
                         net (fo=1, routed)           0.000     4.728    <hidden>
    DSP48E2_X16Y14       DSP_PREADD_DATA (Prop_DSP_PREADD_DATA_DSP48E2_AD[26]_AD_DATA[26])
                                                      0.050     4.778 r  <hidden>
                         net (fo=1, routed)           0.000     4.778    <hidden>
    DSP48E2_X16Y14       DSP_MULTIPLIER (Prop_DSP_MULTIPLIER_DSP48E2_AD_DATA[26]_U[43])
                                                      0.612     5.390 f  <hidden>
                         net (fo=1, routed)           0.000     5.390    <hidden>
    DSP48E2_X16Y14       DSP_M_DATA (Prop_DSP_M_DATA_DSP48E2_U[43]_U_DATA[43])
                                                      0.047     5.437 r  <hidden>
                         net (fo=1, routed)           0.000     5.437    <hidden>
    DSP48E2_X16Y14       DSP_ALU (Prop_DSP_ALU_DSP48E2_U_DATA[43]_ALU_OUT[47])
                                                      0.585     6.022 r  <hidden>
                         net (fo=1, routed)           0.000     6.022    <hidden>
    DSP48E2_X16Y14       DSP_OUTPUT (Prop_DSP_OUTPUT_DSP48E2_ALU_OUT[47]_PATTERN_DETECT)
                                                      0.363     6.385 r  <hidden>
                         net (fo=59, routed)          0.272     6.657    <hidden>
    SLICE_X121Y50        LUT5 (Prop_B6LUT_SLICEM_I3_O)
                                                      0.149     6.806 r  <hidden>
                         net (fo=1, routed)           0.016     6.822    <hidden>
    SLICE_X121Y50        CARRY8 (Prop_CARRY8_SLICEM_S[1]_CO[7])
                                                      0.197     7.019 r  <hidden>
                         net (fo=5, routed)           0.271     7.290    <hidden>
    SLICE_X120Y50        LUT5 (Prop_C5LUT_SLICEL_I2_O)
                                                      0.136     7.426 f  <hidden>
                         net (fo=1, routed)           0.375     7.801    <hidden>
    DSP48E2_X16Y13       DSP_A_B_DATA (Prop_DSP_A_B_DATA_DSP48E2_B[15]_B2_DATA[15])
                                                      0.151     7.952 r  <hidden>
                         net (fo=1, routed)           0.000     7.952    <hidden>
    DSP48E2_X16Y13       DSP_PREADD_DATA (Prop_DSP_PREADD_DATA_DSP48E2_B2_DATA[15]_B2B1[15])
                                                      0.073     8.025 r  <hidden>
                         net (fo=1, routed)           0.000     8.025    <hidden>
    DSP48E2_X16Y13       DSP_MULTIPLIER (Prop_DSP_MULTIPLIER_DSP48E2_B2B1[15]_V[27])
                                                      0.609     8.634 f  <hidden>
                         net (fo=1, routed)           0.000     8.634    <hidden>
    DSP48E2_X16Y13       DSP_M_DATA (Prop_DSP_M_DATA_DSP48E2_V[27]_V_DATA[27])
                                                      0.046     8.680 r  <hidden>
                         net (fo=1, routed)           0.000     8.680    <hidden>
    DSP48E2_X16Y13       DSP_ALU (Prop_DSP_ALU_DSP48E2_V_DATA[27]_ALU_OUT[27])
                                                      0.571     9.251 f  <hidden>
                         net (fo=1, routed)           0.000     9.251    <hidden>
    DSP48E2_X16Y13       DSP_OUTPUT (Prop_DSP_OUTPUT_DSP48E2_ALU_OUT[27]_P[27])
                                                      0.109     9.360 r  <hidden>
                         net (fo=1, routed)           0.248     9.608    <hidden>
    SLICE_X121Y46        LUT5 (Prop_H6LUT_SLICEM_I4_O)
                                                      0.053     9.661 r  <hidden>
                         net (fo=1, routed)           0.058     9.719    u_bd/split_d_system_i/fsa_0/inst/grp_run_fu_161/grp_runController_fu_106/grp_runQueryTile_fu_142/runQueryBlock_0_U0/grp_runQueryBlock_0_Outline_VITIS_LOOP_117_5_fu_168/grp_fu_880_p2[23]
    SLICE_X121Y46        FDRE                                         r  u_bd/split_d_system_i/fsa_0/inst/grp_run_fu_161/grp_runController_fu_106/grp_runQueryTile_fu_142/runQueryBlock_0_U0/grp_runQueryBlock_0_Outline_VITIS_LOOP_117_5_fu_168/acc_b_reg_2859_reg[23]/D
  -------------------------------------------------------------------    -------------------

                         (clock clk_out1_split_d_system_clk_wiz_0_0 rise edge)
                                                     10.000    10.000 r  
    BH42                                              0.000    10.000 r  board_clk_p (IN)
                         net (fo=0)                   0.079    10.079    u_board_clk/I
    HPIOBDIFFINBUF_X0Y36 DIFFINBUF (Prop_DIFFINBUF_HPIOBDIFFINBUF_DIFF_IN_P_O)
                                                      0.518    10.597 r  u_board_clk/DIFFINBUF_INST/O
                         net (fo=1, routed)           0.040    10.637    u_board_clk/OUT
    BH42                 IBUFCTRL (Prop_IBUFCTRL_HPIOB_M_I_O)
                                                      0.000    10.637 r  u_board_clk/IBUFCTRL_INST/O
                         net (fo=4, routed)           0.333    10.970    u_bd/split_d_system_i/clk_wiz_0/inst/clk_in1
    MMCM_X0Y1            MMCME4_ADV (Prop_MMCM_CLKIN1_CLKOUT0)
                                                      0.630    11.600 r  u_bd/split_d_system_i/clk_wiz_0/inst/mmcme4_adv_inst/CLKOUT0
                         net (fo=1, routed)           0.215    11.815    u_bd/split_d_system_i/clk_wiz_0/inst/clk_out1_split_d_system_clk_wiz_0_0
    BUFGCE_X0Y24         BUFGCE (Prop_BUFCE_BUFGCE_I_O)
                                                      0.024    11.839 r  u_bd/split_d_system_i/clk_wiz_0/inst/clkout1_buf/O
    X3Y1 (CLOCK_ROOT)    net (fo=48822, routed)       1.572    13.410    u_bd/split_d_system_i/fsa_0/inst/grp_run_fu_161/grp_runController_fu_106/grp_runQueryTile_fu_142/runQueryBlock_0_U0/grp_runQueryBlock_0_Outline_VITIS_LOOP_117_5_fu_168/ap_clk
    SLICE_X121Y46        FDRE                                         r  u_bd/split_d_system_i/fsa_0/inst/grp_run_fu_161/grp_runController_fu_106/grp_runQueryTile_fu_142/runQueryBlock_0_U0/grp_runQueryBlock_0_Outline_VITIS_LOOP_117_5_fu_168/acc_b_reg_2859_reg[23]/C
                         clock pessimism             -0.428    12.983    
                         clock uncertainty           -2.770    10.213    
    SLICE_X121Y46        FDRE (Setup_HFF_SLICEM_C_D)
                                                      0.025    10.238    u_bd/split_d_system_i/fsa_0/inst/grp_run_fu_161/grp_runController_fu_106/grp_runQueryTile_fu_142/runQueryBlock_0_U0/grp_runQueryBlock_0_Outline_VITIS_LOOP_117_5_fu_168/acc_b_reg_2859_reg[23]
  -------------------------------------------------------------------
                         required time                         10.238    
                         arrival time                          -9.719    
  -------------------------------------------------------------------
                         slack                                  0.519    

Slack (MET) :             0.521ns  (required time - arrival time)
  Source:                 <hidden>
                            (rising edge-triggered cell FDRE clocked by clk_out1_split_d_system_clk_wiz_0_0  {rise@0.000ns fall@5.000ns period=10.000ns})
  Destination:            u_bd/split_d_system_i/fsa_0/inst/grp_run_fu_161/grp_runController_fu_106/grp_runQueryTile_fu_142/runQueryBlock_1_U0/grp_runQueryBlock_1_Outline_VITIS_LOOP_117_5_fu_172/sub_i3_reg_2877_reg[12]/D
                            (rising edge-triggered cell FDRE clocked by clk_out1_split_d_system_clk_wiz_0_0  {rise@0.000ns fall@5.000ns period=10.000ns})
  Path Group:             clk_out1_split_d_system_clk_wiz_0_0
  Path Type:              Setup (Max at Slow Process Corner)
  Requirement:            10.000ns  (clk_out1_split_d_system_clk_wiz_0_0 rise@10.000ns - clk_out1_split_d_system_clk_wiz_0_0 rise@0.000ns)
  Data Path Delay:        6.674ns  (logic 4.705ns (70.498%)  route 1.969ns (29.502%))
  Logic Levels:           19  (CARRY8=1 DSP_A_B_DATA=2 DSP_ALU=2 DSP_M_DATA=2 DSP_MULTIPLIER=2 DSP_OUTPUT=2 DSP_PREADD=1 DSP_PREADD_DATA=3 LUT2=1 LUT3=1 LUT5=2)
  Clock Path Skew:        -0.060ns (DCD - SCD + CPR)
    Destination Clock Delay (DCD):    3.394ns = ( 13.394 - 10.000 ) 
    Source Clock Delay      (SCD):    3.076ns
    Clock Pessimism Removal (CPR):    -0.379ns
  Clock Uncertainty:      2.770ns  ((TSJ^2 + DJ^2)^1/2) / 2 + PE + UU
    Total System Jitter     (TSJ):    0.071ns
    Discrete Jitter          (DJ):    0.120ns
    Phase Error              (PE):    0.000ns
    User Uncertainty         (UU):    2.700ns
  Clock Net Delay (Source):      1.781ns (routing 0.581ns, distribution 1.200ns)
  Clock Net Delay (Destination): 1.556ns (routing 0.530ns, distribution 1.026ns)

    Location             Delay type                Incr(ns)  Path(ns)    Netlist Resource(s)
  -------------------------------------------------------------------    -------------------
                         (clock clk_out1_split_d_system_clk_wiz_0_0 rise edge)
                                                      0.000     0.000 r  
    BH42                                              0.000     0.000 r  board_clk_p (IN)
                         net (fo=0)                   0.100     0.100    u_board_clk/I
    HPIOBDIFFINBUF_X0Y36 DIFFINBUF (Prop_DIFFINBUF_HPIOBDIFFINBUF_DIFF_IN_P_O)
                                                      0.615     0.715 r  u_board_clk/DIFFINBUF_INST/O
                         net (fo=1, routed)           0.050     0.765    u_board_clk/OUT
    BH42                 IBUFCTRL (Prop_IBUFCTRL_HPIOB_M_I_O)
                                                      0.000     0.765 r  u_board_clk/IBUFCTRL_INST/O
                         net (fo=4, routed)           0.384     1.149    u_bd/split_d_system_i/clk_wiz_0/inst/clk_in1
    MMCM_X0Y1            MMCME4_ADV (Prop_MMCM_CLKIN1_CLKOUT0)
                                                     -0.127     1.022 r  u_bd/split_d_system_i/clk_wiz_0/inst/mmcme4_adv_inst/CLKOUT0
                         net (fo=1, routed)           0.245     1.267    u_bd/split_d_system_i/clk_wiz_0/inst/clk_out1_split_d_system_clk_wiz_0_0
    BUFGCE_X0Y24         BUFGCE (Prop_BUFCE_BUFGCE_I_O)
                                                      0.028     1.295 r  u_bd/split_d_system_i/clk_wiz_0/inst/clkout1_buf/O
    X3Y1 (CLOCK_ROOT)    net (fo=48822, routed)       1.781     3.076    <hidden>
    SLICE_X70Y126        FDRE                                         r  <hidden>
  -------------------------------------------------------------------    -------------------
    SLICE_X70Y126        FDRE (Prop_EFF2_SLICEL_C_Q)
                                                      0.081     3.157 r  <hidden>
                         net (fo=2, routed)           0.268     3.425    <hidden>
    SLICE_X70Y126        LUT2 (Prop_G6LUT_SLICEL_I0_O)
                                                      0.089     3.514 r  <hidden>
                         net (fo=2, routed)           0.365     3.879    <hidden>
    DSP48E2_X9Y44        DSP_A_B_DATA (Prop_DSP_A_B_DATA_DSP48E2_A[17]_A2_DATA[17])
                                                      0.192     4.071 f  <hidden>
                         net (fo=1, routed)           0.000     4.071    <hidden>
    DSP48E2_X9Y44        DSP_PREADD_DATA (Prop_DSP_PREADD_DATA_DSP48E2_A2_DATA[17]_PREADD_AB[17])
                                                      0.124     4.195 r  <hidden>
                         net (fo=1, routed)           0.000     4.195    <hidden>
    DSP48E2_X9Y44        DSP_PREADD (Prop_DSP_PREADD_DSP48E2_PREADD_AB[17]_AD[26])
                                                      0.488     4.683 f  <hidden>
                         net (fo=1, routed)           0.000     4.683    <hidden>
    DSP48E2_X9Y44        DSP_PREADD_DATA (Prop_DSP_PREADD_DATA_DSP48E2_AD[26]_AD_DATA[26])
                                                      0.050     4.733 r  <hidden>
                         net (fo=1, routed)           0.000     4.733    <hidden>
    DSP48E2_X9Y44        DSP_MULTIPLIER (Prop_DSP_MULTIPLIER_DSP48E2_AD_DATA[26]_U[43])
                                                      0.612     5.345 f  <hidden>
                         net (fo=1, routed)           0.000     5.345    <hidden>
    DSP48E2_X9Y44        DSP_M_DATA (Prop_DSP_M_DATA_DSP48E2_U[43]_U_DATA[43])
                                                      0.047     5.392 r  <hidden>
                         net (fo=1, routed)           0.000     5.392    <hidden>
    DSP48E2_X9Y44        DSP_ALU (Prop_DSP_ALU_DSP48E2_U_DATA[43]_ALU_OUT[47])
                                                      0.585     5.977 r  <hidden>
                         net (fo=1, routed)           0.000     5.977    <hidden>
    DSP48E2_X9Y44        DSP_OUTPUT (Prop_DSP_OUTPUT_DSP48E2_ALU_OUT[47]_PATTERN_DETECT)
                                                      0.363     6.340 r  <hidden>
                         net (fo=60, routed)          0.227     6.566    <hidden>
    SLICE_X70Y127        LUT5 (Prop_A6LUT_SLICEL_I3_O)
                                                      0.124     6.690 r  <hidden>
                         net (fo=1, routed)           0.009     6.699    <hidden>
    SLICE_X70Y127        CARRY8 (Prop_CARRY8_SLICEL_S[0]_CO[2])
                                                      0.113     6.812 r  <hidden>
                         net (fo=4, routed)           0.332     7.144    <hidden>
    SLICE_X72Y126        LUT5 (Prop_G5LUT_SLICEM_I4_O)
                                                      0.137     7.281 f  <hidden>
                         net (fo=1, routed)           0.391     7.672    <hidden>
    DSP48E2_X9Y45        DSP_A_B_DATA (Prop_DSP_A_B_DATA_DSP48E2_B[4]_B2_DATA[4])
                                                      0.151     7.823 r  <hidden>
                         net (fo=1, routed)           0.000     7.823    <hidden>
    DSP48E2_X9Y45        DSP_PREADD_DATA (Prop_DSP_PREADD_DATA_DSP48E2_B2_DATA[4]_B2B1[4])
                                                      0.073     7.896 r  <hidden>
                         net (fo=1, routed)           0.000     7.896    <hidden>
    DSP48E2_X9Y45        DSP_MULTIPLIER (Prop_DSP_MULTIPLIER_DSP48E2_B2B1[4]_V[14])
                                                      0.609     8.505 f  <hidden>
                         net (fo=1, routed)           0.000     8.505    <hidden>
    DSP48E2_X9Y45        DSP_M_DATA (Prop_DSP_M_DATA_DSP48E2_V[14]_V_DATA[14])
                                                      0.046     8.551 r  <hidden>
                         net (fo=1, routed)           0.000     8.551    <hidden>
    DSP48E2_X9Y45        DSP_ALU (Prop_DSP_ALU_DSP48E2_V_DATA[14]_ALU_OUT[14])
                                                      0.571     9.122 f  <hidden>
                         net (fo=1, routed)           0.000     9.122    <hidden>
    DSP48E2_X9Y45        DSP_OUTPUT (Prop_DSP_OUTPUT_DSP48E2_ALU_OUT[14]_P[14])
                                                      0.109     9.231 r  <hidden>
                         net (fo=1, routed)           0.360     9.591    <hidden>
    SLICE_X70Y129        LUT3 (Prop_B5LUT_SLICEL_I0_O)
                                                      0.141     9.732 r  <hidden>
                         net (fo=1, routed)           0.018     9.750    u_bd/split_d_system_i/fsa_0/inst/grp_run_fu_161/grp_runController_fu_106/grp_runQueryTile_fu_142/runQueryBlock_1_U0/grp_runQueryBlock_1_Outline_VITIS_LOOP_117_5_fu_172/grp_fu_893_p2[12]
    SLICE_X70Y129        FDRE                                         r  u_bd/split_d_system_i/fsa_0/inst/grp_run_fu_161/grp_runController_fu_106/grp_runQueryTile_fu_142/runQueryBlock_1_U0/grp_runQueryBlock_1_Outline_VITIS_LOOP_117_5_fu_172/sub_i3_reg_2877_reg[12]/D
  -------------------------------------------------------------------    -------------------

                         (clock clk_out1_split_d_system_clk_wiz_0_0 rise edge)
                                                     10.000    10.000 r  
    BH42                                              0.000    10.000 r  board_clk_p (IN)
                         net (fo=0)                   0.079    10.079    u_board_clk/I
    HPIOBDIFFINBUF_X0Y36 DIFFINBUF (Prop_DIFFINBUF_HPIOBDIFFINBUF_DIFF_IN_P_O)
                                                      0.518    10.597 r  u_board_clk/DIFFINBUF_INST/O
                         net (fo=1, routed)           0.040    10.637    u_board_clk/OUT
    BH42                 IBUFCTRL (Prop_IBUFCTRL_HPIOB_M_I_O)
                                                      0.000    10.637 r  u_board_clk/IBUFCTRL_INST/O
                         net (fo=4, routed)           0.333    10.970    u_bd/split_d_system_i/clk_wiz_0/inst/clk_in1
    MMCM_X0Y1            MMCME4_ADV (Prop_MMCM_CLKIN1_CLKOUT0)
                                                      0.630    11.600 r  u_bd/split_d_system_i/clk_wiz_0/inst/mmcme4_adv_inst/CLKOUT0
                         net (fo=1, routed)           0.215    11.815    u_bd/split_d_system_i/clk_wiz_0/inst/clk_out1_split_d_system_clk_wiz_0_0
    BUFGCE_X0Y24         BUFGCE (Prop_BUFCE_BUFGCE_I_O)
                                                      0.024    11.839 r  u_bd/split_d_system_i/clk_wiz_0/inst/clkout1_buf/O
    X3Y1 (CLOCK_ROOT)    net (fo=48822, routed)       1.556    13.394    u_bd/split_d_system_i/fsa_0/inst/grp_run_fu_161/grp_runController_fu_106/grp_runQueryTile_fu_142/runQueryBlock_1_U0/grp_runQueryBlock_1_Outline_VITIS_LOOP_117_5_fu_172/ap_clk
    SLICE_X70Y129        FDRE                                         r  u_bd/split_d_system_i/fsa_0/inst/grp_run_fu_161/grp_runController_fu_106/grp_runQueryTile_fu_142/runQueryBlock_1_U0/grp_runQueryBlock_1_Outline_VITIS_LOOP_117_5_fu_172/sub_i3_reg_2877_reg[12]/C
                         clock pessimism             -0.379    13.016    
                         clock uncertainty           -2.770    10.246    
    SLICE_X70Y129        FDRE (Setup_BFF2_SLICEL_C_D)
                                                      0.025    10.271    u_bd/split_d_system_i/fsa_0/inst/grp_run_fu_161/grp_runController_fu_106/grp_runQueryTile_fu_142/runQueryBlock_1_U0/grp_runQueryBlock_1_Outline_VITIS_LOOP_117_5_fu_172/sub_i3_reg_2877_reg[12]
  -------------------------------------------------------------------
                         required time                         10.271    
                         arrival time                          -9.750    
  -------------------------------------------------------------------
                         slack                                  0.521    

Slack (MET) :             0.535ns  (required time - arrival time)
  Source:                 <hidden>
                            (rising edge-triggered cell FDRE clocked by clk_out1_split_d_system_clk_wiz_0_0  {rise@0.000ns fall@5.000ns period=10.000ns})
  Destination:            u_bd/split_d_system_i/fsa_0/inst/grp_run_fu_161/grp_runController_fu_106/grp_runQueryTile_fu_142/runQueryBlock_0_U0/grp_runQueryBlock_0_Outline_VITIS_LOOP_117_5_fu_168/acc_b_reg_2859_reg[20]/D
                            (rising edge-triggered cell FDRE clocked by clk_out1_split_d_system_clk_wiz_0_0  {rise@0.000ns fall@5.000ns period=10.000ns})
  Path Group:             clk_out1_split_d_system_clk_wiz_0_0
  Path Type:              Setup (Max at Slow Process Corner)
  Requirement:            10.000ns  (clk_out1_split_d_system_clk_wiz_0_0 rise@10.000ns - clk_out1_split_d_system_clk_wiz_0_0 rise@0.000ns)
  Data Path Delay:        6.685ns  (logic 4.853ns (72.594%)  route 1.832ns (27.406%))
  Logic Levels:           19  (CARRY8=1 DSP_A_B_DATA=2 DSP_ALU=2 DSP_M_DATA=2 DSP_MULTIPLIER=2 DSP_OUTPUT=2 DSP_PREADD=1 DSP_PREADD_DATA=3 LUT2=1 LUT3=1 LUT5=2)
  Clock Path Skew:        -0.035ns (DCD - SCD + CPR)
    Destination Clock Delay (DCD):    3.399ns = ( 13.399 - 10.000 ) 
    Source Clock Delay      (SCD):    3.058ns
    Clock Pessimism Removal (CPR):    -0.376ns
  Clock Uncertainty:      2.770ns  ((TSJ^2 + DJ^2)^1/2) / 2 + PE + UU
    Total System Jitter     (TSJ):    0.071ns
    Discrete Jitter          (DJ):    0.120ns
    Phase Error              (PE):    0.000ns
    User Uncertainty         (UU):    2.700ns
  Clock Net Delay (Source):      1.763ns (routing 0.581ns, distribution 1.182ns)
  Clock Net Delay (Destination): 1.560ns (routing 0.530ns, distribution 1.030ns)

    Location             Delay type                Incr(ns)  Path(ns)    Netlist Resource(s)
  -------------------------------------------------------------------    -------------------
                         (clock clk_out1_split_d_system_clk_wiz_0_0 rise edge)
                                                      0.000     0.000 r  
    BH42                                              0.000     0.000 r  board_clk_p (IN)
                         net (fo=0)                   0.100     0.100    u_board_clk/I
    HPIOBDIFFINBUF_X0Y36 DIFFINBUF (Prop_DIFFINBUF_HPIOBDIFFINBUF_DIFF_IN_P_O)
                                                      0.615     0.715 r  u_board_clk/DIFFINBUF_INST/O
                         net (fo=1, routed)           0.050     0.765    u_board_clk/OUT
    BH42                 IBUFCTRL (Prop_IBUFCTRL_HPIOB_M_I_O)
                                                      0.000     0.765 r  u_board_clk/IBUFCTRL_INST/O
                         net (fo=4, routed)           0.384     1.149    u_bd/split_d_system_i/clk_wiz_0/inst/clk_in1
    MMCM_X0Y1            MMCME4_ADV (Prop_MMCM_CLKIN1_CLKOUT0)
                                                     -0.127     1.022 r  u_bd/split_d_system_i/clk_wiz_0/inst/mmcme4_adv_inst/CLKOUT0
                         net (fo=1, routed)           0.245     1.267    u_bd/split_d_system_i/clk_wiz_0/inst/clk_out1_split_d_system_clk_wiz_0_0
    BUFGCE_X0Y24         BUFGCE (Prop_BUFCE_BUFGCE_I_O)
                                                      0.028     1.295 r  u_bd/split_d_system_i/clk_wiz_0/inst/clkout1_buf/O
    X3Y1 (CLOCK_ROOT)    net (fo=48822, routed)       1.763     3.058    <hidden>
    SLICE_X120Y54        FDRE                                         r  <hidden>
  -------------------------------------------------------------------    -------------------
    SLICE_X120Y54        FDRE (Prop_HFF_SLICEL_C_Q)
                                                      0.079     3.137 r  <hidden>
                         net (fo=54, routed)          0.307     3.444    <hidden>
    SLICE_X122Y51        LUT3 (Prop_B6LUT_SLICEM_I1_O)
                                                      0.149     3.593 r  <hidden>
                         net (fo=1, routed)           0.331     3.924    <hidden>
    DSP48E2_X16Y14       DSP_A_B_DATA (Prop_DSP_A_B_DATA_DSP48E2_A[7]_A2_DATA[7])
                                                      0.192     4.116 f  <hidden>
                         net (fo=1, routed)           0.000     4.116    <hidden>
    DSP48E2_X16Y14       DSP_PREADD_DATA (Prop_DSP_PREADD_DATA_DSP48E2_A2_DATA[7]_PREADD_AB[7])
                                                      0.124     4.240 r  <hidden>
                         net (fo=1, routed)           0.000     4.240    <hidden>
    DSP48E2_X16Y14       DSP_PREADD (Prop_DSP_PREADD_DSP48E2_PREADD_AB[7]_AD[26])
                                                      0.488     4.728 f  <hidden>
                         net (fo=1, routed)           0.000     4.728    <hidden>
    DSP48E2_X16Y14       DSP_PREADD_DATA (Prop_DSP_PREADD_DATA_DSP48E2_AD[26]_AD_DATA[26])
                                                      0.050     4.778 r  <hidden>
                         net (fo=1, routed)           0.000     4.778    <hidden>
    DSP48E2_X16Y14       DSP_MULTIPLIER (Prop_DSP_MULTIPLIER_DSP48E2_AD_DATA[26]_U[43])
                                                      0.612     5.390 f  <hidden>
                         net (fo=1, routed)           0.000     5.390    <hidden>
    DSP48E2_X16Y14       DSP_M_DATA (Prop_DSP_M_DATA_DSP48E2_U[43]_U_DATA[43])
                                                      0.047     5.437 r  <hidden>
                         net (fo=1, routed)           0.000     5.437    <hidden>
    DSP48E2_X16Y14       DSP_ALU (Prop_DSP_ALU_DSP48E2_U_DATA[43]_ALU_OUT[47])
                                                      0.585     6.022 r  <hidden>
                         net (fo=1, routed)           0.000     6.022    <hidden>
    DSP48E2_X16Y14       DSP_OUTPUT (Prop_DSP_OUTPUT_DSP48E2_ALU_OUT[47]_PATTERN_DETECT)
                                                      0.363     6.385 r  <hidden>
                         net (fo=59, routed)          0.272     6.657    <hidden>
    SLICE_X121Y50        LUT5 (Prop_B6LUT_SLICEM_I3_O)
                                                      0.149     6.806 r  <hidden>
                         net (fo=1, routed)           0.016     6.822    <hidden>
    SLICE_X121Y50        CARRY8 (Prop_CARRY8_SLICEM_S[1]_CO[7])
                                                      0.197     7.019 r  <hidden>
                         net (fo=5, routed)           0.271     7.290    <hidden>
    SLICE_X120Y50        LUT5 (Prop_C5LUT_SLICEL_I2_O)
                                                      0.136     7.426 f  <hidden>
                         net (fo=1, routed)           0.375     7.801    <hidden>
    DSP48E2_X16Y13       DSP_A_B_DATA (Prop_DSP_A_B_DATA_DSP48E2_B[15]_B2_DATA[15])
                                                      0.151     7.952 r  <hidden>
                         net (fo=1, routed)           0.000     7.952    <hidden>
    DSP48E2_X16Y13       DSP_PREADD_DATA (Prop_DSP_PREADD_DATA_DSP48E2_B2_DATA[15]_B2B1[15])
                                                      0.073     8.025 r  <hidden>
                         net (fo=1, routed)           0.000     8.025    <hidden>
    DSP48E2_X16Y13       DSP_MULTIPLIER (Prop_DSP_MULTIPLIER_DSP48E2_B2B1[15]_V[22])
                                                      0.609     8.634 f  <hidden>
                         net (fo=1, routed)           0.000     8.634    <hidden>
    DSP48E2_X16Y13       DSP_M_DATA (Prop_DSP_M_DATA_DSP48E2_V[22]_V_DATA[22])
                                                      0.046     8.680 r  <hidden>
                         net (fo=1, routed)           0.000     8.680    <hidden>
    DSP48E2_X16Y13       DSP_ALU (Prop_DSP_ALU_DSP48E2_V_DATA[22]_ALU_OUT[22])
                                                      0.571     9.251 f  <hidden>
                         net (fo=1, routed)           0.000     9.251    <hidden>
    DSP48E2_X16Y13       DSP_OUTPUT (Prop_DSP_OUTPUT_DSP48E2_ALU_OUT[22]_P[22])
                                                      0.109     9.360 r  <hidden>
                         net (fo=1, routed)           0.210     9.570    <hidden>
    SLICE_X120Y46        LUT2 (Prop_C6LUT_SLICEL_I0_O)
                                                      0.123     9.693 r  <hidden>
                         net (fo=1, routed)           0.050     9.743    u_bd/split_d_system_i/fsa_0/inst/grp_run_fu_161/grp_runController_fu_106/grp_runQueryTile_fu_142/runQueryBlock_0_U0/grp_runQueryBlock_0_Outline_VITIS_LOOP_117_5_fu_168/grp_fu_880_p2[20]
    SLICE_X120Y46        FDRE                                         r  u_bd/split_d_system_i/fsa_0/inst/grp_run_fu_161/grp_runController_fu_106/grp_runQueryTile_fu_142/runQueryBlock_0_U0/grp_runQueryBlock_0_Outline_VITIS_LOOP_117_5_fu_168/acc_b_reg_2859_reg[20]/D
  -------------------------------------------------------------------    -------------------

                         (clock clk_out1_split_d_system_clk_wiz_0_0 rise edge)
                                                     10.000    10.000 r  
    BH42                                              0.000    10.000 r  board_clk_p (IN)
                         net (fo=0)                   0.079    10.079    u_board_clk/I
    HPIOBDIFFINBUF_X0Y36 DIFFINBUF (Prop_DIFFINBUF_HPIOBDIFFINBUF_DIFF_IN_P_O)
                                                      0.518    10.597 r  u_board_clk/DIFFINBUF_INST/O
                         net (fo=1, routed)           0.040    10.637    u_board_clk/OUT
    BH42                 IBUFCTRL (Prop_IBUFCTRL_HPIOB_M_I_O)
                                                      0.000    10.637 r  u_board_clk/IBUFCTRL_INST/O
                         net (fo=4, routed)           0.333    10.970    u_bd/split_d_system_i/clk_wiz_0/inst/clk_in1
    MMCM_X0Y1            MMCME4_ADV (Prop_MMCM_CLKIN1_CLKOUT0)
                                                      0.630    11.600 r  u_bd/split_d_system_i/clk_wiz_0/inst/mmcme4_adv_inst/CLKOUT0
                         net (fo=1, routed)           0.215    11.815    u_bd/split_d_system_i/clk_wiz_0/inst/clk_out1_split_d_system_clk_wiz_0_0
    BUFGCE_X0Y24         BUFGCE (Prop_BUFCE_BUFGCE_I_O)
                                                      0.024    11.839 r  u_bd/split_d_system_i/clk_wiz_0/inst/clkout1_buf/O
    X3Y1 (CLOCK_ROOT)    net (fo=48822, routed)       1.560    13.399    u_bd/split_d_system_i/fsa_0/inst/grp_run_fu_161/grp_runController_fu_106/grp_runQueryTile_fu_142/runQueryBlock_0_U0/grp_runQueryBlock_0_Outline_VITIS_LOOP_117_5_fu_168/ap_clk
    SLICE_X120Y46        FDRE                                         r  u_bd/split_d_system_i/fsa_0/inst/grp_run_fu_161/grp_runController_fu_106/grp_runQueryTile_fu_142/runQueryBlock_0_U0/grp_runQueryBlock_0_Outline_VITIS_LOOP_117_5_fu_168/acc_b_reg_2859_reg[20]/C
                         clock pessimism             -0.376    13.023    
                         clock uncertainty           -2.770    10.253    
    SLICE_X120Y46        FDRE (Setup_CFF_SLICEL_C_D)
                                                      0.025    10.278    u_bd/split_d_system_i/fsa_0/inst/grp_run_fu_161/grp_runController_fu_106/grp_runQueryTile_fu_142/runQueryBlock_0_U0/grp_runQueryBlock_0_Outline_VITIS_LOOP_117_5_fu_168/acc_b_reg_2859_reg[20]
  -------------------------------------------------------------------
                         required time                         10.278    
                         arrival time                          -9.743    
  -------------------------------------------------------------------
                         slack                                  0.535    

Slack (MET) :             0.536ns  (required time - arrival time)
  Source:                 <hidden>
                            (rising edge-triggered cell FDRE clocked by clk_out1_split_d_system_clk_wiz_0_0  {rise@0.000ns fall@5.000ns period=10.000ns})
  Destination:            u_bd/split_d_system_i/fsa_0/inst/grp_run_fu_161/grp_runController_fu_106/grp_runQueryTile_fu_142/runQueryBlock_0_U0/grp_runQueryBlock_0_Outline_VITIS_LOOP_117_5_fu_168/acc_b_6_reg_2864_reg[13]/D
                            (rising edge-triggered cell FDRE clocked by clk_out1_split_d_system_clk_wiz_0_0  {rise@0.000ns fall@5.000ns period=10.000ns})
  Path Group:             clk_out1_split_d_system_clk_wiz_0_0
  Path Type:              Setup (Max at Slow Process Corner)
  Requirement:            10.000ns  (clk_out1_split_d_system_clk_wiz_0_0 rise@10.000ns - clk_out1_split_d_system_clk_wiz_0_0 rise@0.000ns)
  Data Path Delay:        6.558ns  (logic 4.833ns (73.700%)  route 1.725ns (26.300%))
  Logic Levels:           19  (CARRY8=1 DSP_A_B_DATA=2 DSP_ALU=2 DSP_M_DATA=2 DSP_MULTIPLIER=2 DSP_OUTPUT=2 DSP_PREADD=1 DSP_PREADD_DATA=3 LUT2=1 LUT3=1 LUT5=2)
  Clock Path Skew:        -0.162ns (DCD - SCD + CPR)
    Destination Clock Delay (DCD):    3.420ns = ( 13.420 - 10.000 ) 
    Source Clock Delay      (SCD):    3.093ns
    Clock Pessimism Removal (CPR):    -0.489ns
  Clock Uncertainty:      2.770ns  ((TSJ^2 + DJ^2)^1/2) / 2 + PE + UU
    Total System Jitter     (TSJ):    0.071ns
    Discrete Jitter          (DJ):    0.120ns
    Phase Error              (PE):    0.000ns
    User Uncertainty         (UU):    2.700ns
  Clock Net Delay (Source):      1.798ns (routing 0.581ns, distribution 1.217ns)
  Clock Net Delay (Destination): 1.582ns (routing 0.530ns, distribution 1.052ns)

    Location             Delay type                Incr(ns)  Path(ns)    Netlist Resource(s)
  -------------------------------------------------------------------    -------------------
                         (clock clk_out1_split_d_system_clk_wiz_0_0 rise edge)
                                                      0.000     0.000 r  
    BH42                                              0.000     0.000 r  board_clk_p (IN)
                         net (fo=0)                   0.100     0.100    u_board_clk/I
    HPIOBDIFFINBUF_X0Y36 DIFFINBUF (Prop_DIFFINBUF_HPIOBDIFFINBUF_DIFF_IN_P_O)
                                                      0.615     0.715 r  u_board_clk/DIFFINBUF_INST/O
                         net (fo=1, routed)           0.050     0.765    u_board_clk/OUT
    BH42                 IBUFCTRL (Prop_IBUFCTRL_HPIOB_M_I_O)
                                                      0.000     0.765 r  u_board_clk/IBUFCTRL_INST/O
                         net (fo=4, routed)           0.384     1.149    u_bd/split_d_system_i/clk_wiz_0/inst/clk_in1
    MMCM_X0Y1            MMCME4_ADV (Prop_MMCM_CLKIN1_CLKOUT0)
                                                     -0.127     1.022 r  u_bd/split_d_system_i/clk_wiz_0/inst/mmcme4_adv_inst/CLKOUT0
                         net (fo=1, routed)           0.245     1.267    u_bd/split_d_system_i/clk_wiz_0/inst/clk_out1_split_d_system_clk_wiz_0_0
    BUFGCE_X0Y24         BUFGCE (Prop_BUFCE_BUFGCE_I_O)
                                                      0.028     1.295 r  u_bd/split_d_system_i/clk_wiz_0/inst/clkout1_buf/O
    X3Y1 (CLOCK_ROOT)    net (fo=48822, routed)       1.798     3.093    <hidden>
    SLICE_X128Y60        FDRE                                         r  <hidden>
  -------------------------------------------------------------------    -------------------
    SLICE_X128Y60        FDRE (Prop_EFF2_SLICEM_C_Q)
                                                      0.079     3.172 r  <hidden>
                         net (fo=3, routed)           0.208     3.381    <hidden>
    SLICE_X128Y60        LUT3 (Prop_G6LUT_SLICEM_I0_O)
                                                      0.150     3.531 r  <hidden>
                         net (fo=1, routed)           0.200     3.731    <hidden>
    DSP48E2_X17Y16       DSP_A_B_DATA (Prop_DSP_A_B_DATA_DSP48E2_A[11]_A2_DATA[11])
                                                      0.192     3.923 f  <hidden>
                         net (fo=1, routed)           0.000     3.923    <hidden>
    DSP48E2_X17Y16       DSP_PREADD_DATA (Prop_DSP_PREADD_DATA_DSP48E2_A2_DATA[11]_PREADD_AB[11])
                                                      0.124     4.047 r  <hidden>
                         net (fo=1, routed)           0.000     4.047    <hidden>
    DSP48E2_X17Y16       DSP_PREADD (Prop_DSP_PREADD_DSP48E2_PREADD_AB[11]_AD[26])
                                                      0.488     4.535 f  <hidden>
                         net (fo=1, routed)           0.000     4.535    <hidden>
    DSP48E2_X17Y16       DSP_PREADD_DATA (Prop_DSP_PREADD_DATA_DSP48E2_AD[26]_AD_DATA[26])
                                                      0.050     4.585 r  <hidden>
                         net (fo=1, routed)           0.000     4.585    <hidden>
    DSP48E2_X17Y16       DSP_MULTIPLIER (Prop_DSP_MULTIPLIER_DSP48E2_AD_DATA[26]_U[43])
                                                      0.612     5.197 f  <hidden>
                         net (fo=1, routed)           0.000     5.197    <hidden>
    DSP48E2_X17Y16       DSP_M_DATA (Prop_DSP_M_DATA_DSP48E2_U[43]_U_DATA[43])
                                                      0.047     5.244 r  <hidden>
                         net (fo=1, routed)           0.000     5.244    <hidden>
    DSP48E2_X17Y16       DSP_ALU (Prop_DSP_ALU_DSP48E2_U_DATA[43]_ALU_OUT[47])
                                                      0.585     5.829 r  <hidden>
                         net (fo=1, routed)           0.000     5.829    <hidden>
    DSP48E2_X17Y16       DSP_OUTPUT (Prop_DSP_OUTPUT_DSP48E2_ALU_OUT[47]_PATTERN_DETECT)
                                                      0.363     6.192 r  <hidden>
                         net (fo=59, routed)          0.341     6.533    <hidden>
    SLICE_X128Y56        LUT5 (Prop_B6LUT_SLICEM_I3_O)
                                                      0.125     6.658 r  <hidden>
                         net (fo=1, routed)           0.016     6.674    <hidden>
    SLICE_X128Y56        CARRY8 (Prop_CARRY8_SLICEM_S[1]_CO[5])
                                                      0.199     6.873 r  <hidden>
                         net (fo=17, routed)          0.183     7.056    <hidden>
    SLICE_X128Y54        LUT5 (Prop_G6LUT_SLICEM_I0_O)
                                                      0.150     7.206 f  <hidden>
                         net (fo=1, routed)           0.308     7.514    <hidden>
    DSP48E2_X17Y17       DSP_A_B_DATA (Prop_DSP_A_B_DATA_DSP48E2_B[11]_B2_DATA[11])
                                                      0.151     7.665 r  <hidden>
                         net (fo=1, routed)           0.000     7.665    <hidden>
    DSP48E2_X17Y17       DSP_PREADD_DATA (Prop_DSP_PREADD_DATA_DSP48E2_B2_DATA[11]_B2B1[11])
                                                      0.073     7.738 r  <hidden>
                         net (fo=1, routed)           0.000     7.738    <hidden>
    DSP48E2_X17Y17       DSP_MULTIPLIER (Prop_DSP_MULTIPLIER_DSP48E2_B2B1[11]_V[15])
                                                      0.609     8.347 f  <hidden>
                         net (fo=1, routed)           0.000     8.347    <hidden>
    DSP48E2_X17Y17       DSP_M_DATA (Prop_DSP_M_DATA_DSP48E2_V[15]_V_DATA[15])
                                                      0.046     8.393 r  <hidden>
                         net (fo=1, routed)           0.000     8.393    <hidden>
    DSP48E2_X17Y17       DSP_ALU (Prop_DSP_ALU_DSP48E2_V_DATA[15]_ALU_OUT[15])
                                                      0.571     8.964 f  <hidden>
                         net (fo=1, routed)           0.000     8.964    <hidden>
    DSP48E2_X17Y17       DSP_OUTPUT (Prop_DSP_OUTPUT_DSP48E2_ALU_OUT[15]_P[15])
                                                      0.109     9.073 r  <hidden>
                         net (fo=1, routed)           0.453     9.526    <hidden>
    SLICE_X125Y56        LUT2 (Prop_D5LUT_SLICEL_I0_O)
                                                      0.110     9.636 r  <hidden>
                         net (fo=1, routed)           0.015     9.651    u_bd/split_d_system_i/fsa_0/inst/grp_run_fu_161/grp_runController_fu_106/grp_runQueryTile_fu_142/runQueryBlock_0_U0/grp_runQueryBlock_0_Outline_VITIS_LOOP_117_5_fu_168/grp_fu_884_p2[13]
    SLICE_X125Y56        FDRE                                         r  u_bd/split_d_system_i/fsa_0/inst/grp_run_fu_161/grp_runController_fu_106/grp_runQueryTile_fu_142/runQueryBlock_0_U0/grp_runQueryBlock_0_Outline_VITIS_LOOP_117_5_fu_168/acc_b_6_reg_2864_reg[13]/D
  -------------------------------------------------------------------    -------------------

                         (clock clk_out1_split_d_system_clk_wiz_0_0 rise edge)
                                                     10.000    10.000 r  
    BH42                                              0.000    10.000 r  board_clk_p (IN)
                         net (fo=0)                   0.079    10.079    u_board_clk/I
    HPIOBDIFFINBUF_X0Y36 DIFFINBUF (Prop_DIFFINBUF_HPIOBDIFFINBUF_DIFF_IN_P_O)
                                                      0.518    10.597 r  u_board_clk/DIFFINBUF_INST/O
                         net (fo=1, routed)           0.040    10.637    u_board_clk/OUT
    BH42                 IBUFCTRL (Prop_IBUFCTRL_HPIOB_M_I_O)
                                                      0.000    10.637 r  u_board_clk/IBUFCTRL_INST/O
                         net (fo=4, routed)           0.333    10.970    u_bd/split_d_system_i/clk_wiz_0/inst/clk_in1
    MMCM_X0Y1            MMCME4_ADV (Prop_MMCM_CLKIN1_CLKOUT0)
                                                      0.630    11.600 r  u_bd/split_d_system_i/clk_wiz_0/inst/mmcme4_adv_inst/CLKOUT0
                         net (fo=1, routed)           0.215    11.815    u_bd/split_d_system_i/clk_wiz_0/inst/clk_out1_split_d_system_clk_wiz_0_0
    BUFGCE_X0Y24         BUFGCE (Prop_BUFCE_BUFGCE_I_O)
                                                      0.024    11.839 r  u_bd/split_d_system_i/clk_wiz_0/inst/clkout1_buf/O
    X3Y1 (CLOCK_ROOT)    net (fo=48822, routed)       1.582    13.420    u_bd/split_d_system_i/fsa_0/inst/grp_run_fu_161/grp_runController_fu_106/grp_runQueryTile_fu_142/runQueryBlock_0_U0/grp_runQueryBlock_0_Outline_VITIS_LOOP_117_5_fu_168/ap_clk
    SLICE_X125Y56        FDRE                                         r  u_bd/split_d_system_i/fsa_0/inst/grp_run_fu_161/grp_runController_fu_106/grp_runQueryTile_fu_142/runQueryBlock_0_U0/grp_runQueryBlock_0_Outline_VITIS_LOOP_117_5_fu_168/acc_b_6_reg_2864_reg[13]/C
                         clock pessimism             -0.489    12.932    
                         clock uncertainty           -2.770    10.162    
    SLICE_X125Y56        FDRE (Setup_DFF2_SLICEL_C_D)
                                                      0.025    10.187    u_bd/split_d_system_i/fsa_0/inst/grp_run_fu_161/grp_runController_fu_106/grp_runQueryTile_fu_142/runQueryBlock_0_U0/grp_runQueryBlock_0_Outline_VITIS_LOOP_117_5_fu_168/acc_b_6_reg_2864_reg[13]
  -------------------------------------------------------------------
                         required time                         10.187    
                         arrival time                          -9.651    
  -------------------------------------------------------------------
                         slack                                  0.536    

Slack (MET) :             0.542ns  (required time - arrival time)
  Source:                 <hidden>
                            (rising edge-triggered cell FDRE clocked by clk_out1_split_d_system_clk_wiz_0_0  {rise@0.000ns fall@5.000ns period=10.000ns})
  Destination:            u_bd/split_d_system_i/fsa_0/inst/grp_run_fu_161/grp_runController_fu_106/grp_runQueryTile_fu_142/runQueryBlock_1_U0/grp_runQueryBlock_1_Outline_VITIS_LOOP_117_5_fu_172/sub_i3_reg_2877_reg[30]/D
                            (rising edge-triggered cell FDRE clocked by clk_out1_split_d_system_clk_wiz_0_0  {rise@0.000ns fall@5.000ns period=10.000ns})
  Path Group:             clk_out1_split_d_system_clk_wiz_0_0
  Path Type:              Setup (Max at Slow Process Corner)
  Requirement:            10.000ns  (clk_out1_split_d_system_clk_wiz_0_0 rise@10.000ns - clk_out1_split_d_system_clk_wiz_0_0 rise@0.000ns)
  Data Path Delay:        6.652ns  (logic 4.702ns (70.686%)  route 1.950ns (29.314%))
  Logic Levels:           19  (CARRY8=1 DSP_A_B_DATA=2 DSP_ALU=2 DSP_M_DATA=2 DSP_MULTIPLIER=2 DSP_OUTPUT=2 DSP_PREADD=1 DSP_PREADD_DATA=3 LUT2=1 LUT3=1 LUT5=2)
  Clock Path Skew:        -0.061ns (DCD - SCD + CPR)
    Destination Clock Delay (DCD):    3.393ns = ( 13.393 - 10.000 ) 
    Source Clock Delay      (SCD):    3.076ns
    Clock Pessimism Removal (CPR):    -0.379ns
  Clock Uncertainty:      2.770ns  ((TSJ^2 + DJ^2)^1/2) / 2 + PE + UU
    Total System Jitter     (TSJ):    0.071ns
    Discrete Jitter          (DJ):    0.120ns
    Phase Error              (PE):    0.000ns
    User Uncertainty         (UU):    2.700ns
  Clock Net Delay (Source):      1.781ns (routing 0.581ns, distribution 1.200ns)
  Clock Net Delay (Destination): 1.555ns (routing 0.530ns, distribution 1.025ns)

    Location             Delay type                Incr(ns)  Path(ns)    Netlist Resource(s)
  -------------------------------------------------------------------    -------------------
                         (clock clk_out1_split_d_system_clk_wiz_0_0 rise edge)
                                                      0.000     0.000 r  
    BH42                                              0.000     0.000 r  board_clk_p (IN)
                         net (fo=0)                   0.100     0.100    u_board_clk/I
    HPIOBDIFFINBUF_X0Y36 DIFFINBUF (Prop_DIFFINBUF_HPIOBDIFFINBUF_DIFF_IN_P_O)
                                                      0.615     0.715 r  u_board_clk/DIFFINBUF_INST/O
                         net (fo=1, routed)           0.050     0.765    u_board_clk/OUT
    BH42                 IBUFCTRL (Prop_IBUFCTRL_HPIOB_M_I_O)
                                                      0.000     0.765 r  u_board_clk/IBUFCTRL_INST/O
                         net (fo=4, routed)           0.384     1.149    u_bd/split_d_system_i/clk_wiz_0/inst/clk_in1
    MMCM_X0Y1            MMCME4_ADV (Prop_MMCM_CLKIN1_CLKOUT0)
                                                     -0.127     1.022 r  u_bd/split_d_system_i/clk_wiz_0/inst/mmcme4_adv_inst/CLKOUT0
                         net (fo=1, routed)           0.245     1.267    u_bd/split_d_system_i/clk_wiz_0/inst/clk_out1_split_d_system_clk_wiz_0_0
    BUFGCE_X0Y24         BUFGCE (Prop_BUFCE_BUFGCE_I_O)
                                                      0.028     1.295 r  u_bd/split_d_system_i/clk_wiz_0/inst/clkout1_buf/O
    X3Y1 (CLOCK_ROOT)    net (fo=48822, routed)       1.781     3.076    <hidden>
    SLICE_X70Y126        FDRE                                         r  <hidden>
  -------------------------------------------------------------------    -------------------
    SLICE_X70Y126        FDRE (Prop_EFF2_SLICEL_C_Q)
                                                      0.081     3.157 r  <hidden>
                         net (fo=2, routed)           0.268     3.425    <hidden>
    SLICE_X70Y126        LUT2 (Prop_G6LUT_SLICEL_I0_O)
                                                      0.089     3.514 r  <hidden>
                         net (fo=2, routed)           0.365     3.879    <hidden>
    DSP48E2_X9Y44        DSP_A_B_DATA (Prop_DSP_A_B_DATA_DSP48E2_A[17]_A2_DATA[17])
                                                      0.192     4.071 f  <hidden>
                         net (fo=1, routed)           0.000     4.071    <hidden>
    DSP48E2_X9Y44        DSP_PREADD_DATA (Prop_DSP_PREADD_DATA_DSP48E2_A2_DATA[17]_PREADD_AB[17])
                                                      0.124     4.195 r  <hidden>
                         net (fo=1, routed)           0.000     4.195    <hidden>
    DSP48E2_X9Y44        DSP_PREADD (Prop_DSP_PREADD_DSP48E2_PREADD_AB[17]_AD[26])
                                                      0.488     4.683 f  <hidden>
                         net (fo=1, routed)           0.000     4.683    <hidden>
    DSP48E2_X9Y44        DSP_PREADD_DATA (Prop_DSP_PREADD_DATA_DSP48E2_AD[26]_AD_DATA[26])
                                                      0.050     4.733 r  <hidden>
                         net (fo=1, routed)           0.000     4.733    <hidden>
    DSP48E2_X9Y44        DSP_MULTIPLIER (Prop_DSP_MULTIPLIER_DSP48E2_AD_DATA[26]_U[43])
                                                      0.612     5.345 f  <hidden>
                         net (fo=1, routed)           0.000     5.345    <hidden>
    DSP48E2_X9Y44        DSP_M_DATA (Prop_DSP_M_DATA_DSP48E2_U[43]_U_DATA[43])
                                                      0.047     5.392 r  <hidden>
                         net (fo=1, routed)           0.000     5.392    <hidden>
    DSP48E2_X9Y44        DSP_ALU (Prop_DSP_ALU_DSP48E2_U_DATA[43]_ALU_OUT[47])
                                                      0.585     5.977 r  <hidden>
                         net (fo=1, routed)           0.000     5.977    <hidden>
    DSP48E2_X9Y44        DSP_OUTPUT (Prop_DSP_OUTPUT_DSP48E2_ALU_OUT[47]_PATTERN_DETECT)
                                                      0.363     6.340 r  <hidden>
                         net (fo=60, routed)          0.227     6.566    <hidden>
    SLICE_X70Y127        LUT5 (Prop_A6LUT_SLICEL_I3_O)
                                                      0.124     6.690 r  <hidden>
                         net (fo=1, routed)           0.009     6.699    <hidden>
    SLICE_X70Y127        CARRY8 (Prop_CARRY8_SLICEL_S[0]_CO[2])
                                                      0.113     6.812 r  <hidden>
                         net (fo=4, routed)           0.332     7.144    <hidden>
    SLICE_X72Y126        LUT5 (Prop_G5LUT_SLICEM_I4_O)
                                                      0.137     7.281 f  <hidden>
                         net (fo=1, routed)           0.391     7.672    <hidden>
    DSP48E2_X9Y45        DSP_A_B_DATA (Prop_DSP_A_B_DATA_DSP48E2_B[4]_B2_DATA[4])
                                                      0.151     7.823 r  <hidden>
                         net (fo=1, routed)           0.000     7.823    <hidden>
    DSP48E2_X9Y45        DSP_PREADD_DATA (Prop_DSP_PREADD_DATA_DSP48E2_B2_DATA[4]_B2B1[4])
                                                      0.073     7.896 r  <hidden>
                         net (fo=1, routed)           0.000     7.896    <hidden>
    DSP48E2_X9Y45        DSP_MULTIPLIER (Prop_DSP_MULTIPLIER_DSP48E2_B2B1[4]_V[34])
                                                      0.609     8.505 f  <hidden>
                         net (fo=1, routed)           0.000     8.505    <hidden>
    DSP48E2_X9Y45        DSP_M_DATA (Prop_DSP_M_DATA_DSP48E2_V[34]_V_DATA[34])
                                                      0.046     8.551 r  <hidden>
                         net (fo=1, routed)           0.000     8.551    <hidden>
    DSP48E2_X9Y45        DSP_ALU (Prop_DSP_ALU_DSP48E2_V_DATA[34]_ALU_OUT[34])
                                                      0.571     9.122 f  <hidden>
                         net (fo=1, routed)           0.000     9.122    <hidden>
    DSP48E2_X9Y45        DSP_OUTPUT (Prop_DSP_OUTPUT_DSP48E2_ALU_OUT[34]_P[34])
                                                      0.109     9.231 r  <hidden>
                         net (fo=1, routed)           0.342     9.573    <hidden>
    SLICE_X70Y132        LUT3 (Prop_A5LUT_SLICEL_I2_O)
                                                      0.138     9.711 r  <hidden>
                         net (fo=1, routed)           0.017     9.728    u_bd/split_d_system_i/fsa_0/inst/grp_run_fu_161/grp_runController_fu_106/grp_runQueryTile_fu_142/runQueryBlock_1_U0/grp_runQueryBlock_1_Outline_VITIS_LOOP_117_5_fu_172/grp_fu_893_p2[30]
    SLICE_X70Y132        FDRE                                         r  u_bd/split_d_system_i/fsa_0/inst/grp_run_fu_161/grp_runController_fu_106/grp_runQueryTile_fu_142/runQueryBlock_1_U0/grp_runQueryBlock_1_Outline_VITIS_LOOP_117_5_fu_172/sub_i3_reg_2877_reg[30]/D
  -------------------------------------------------------------------    -------------------

                         (clock clk_out1_split_d_system_clk_wiz_0_0 rise edge)
                                                     10.000    10.000 r  
    BH42                                              0.000    10.000 r  board_clk_p (IN)
                         net (fo=0)                   0.079    10.079    u_board_clk/I
    HPIOBDIFFINBUF_X0Y36 DIFFINBUF (Prop_DIFFINBUF_HPIOBDIFFINBUF_DIFF_IN_P_O)
                                                      0.518    10.597 r  u_board_clk/DIFFINBUF_INST/O
                         net (fo=1, routed)           0.040    10.637    u_board_clk/OUT
    BH42                 IBUFCTRL (Prop_IBUFCTRL_HPIOB_M_I_O)
                                                      0.000    10.637 r  u_board_clk/IBUFCTRL_INST/O
                         net (fo=4, routed)           0.333    10.970    u_bd/split_d_system_i/clk_wiz_0/inst/clk_in1
    MMCM_X0Y1            MMCME4_ADV (Prop_MMCM_CLKIN1_CLKOUT0)
                                                      0.630    11.600 r  u_bd/split_d_system_i/clk_wiz_0/inst/mmcme4_adv_inst/CLKOUT0
                         net (fo=1, routed)           0.215    11.815    u_bd/split_d_system_i/clk_wiz_0/inst/clk_out1_split_d_system_clk_wiz_0_0
    BUFGCE_X0Y24         BUFGCE (Prop_BUFCE_BUFGCE_I_O)
                                                      0.024    11.839 r  u_bd/split_d_system_i/clk_wiz_0/inst/clkout1_buf/O
    X3Y1 (CLOCK_ROOT)    net (fo=48822, routed)       1.555    13.393    u_bd/split_d_system_i/fsa_0/inst/grp_run_fu_161/grp_runController_fu_106/grp_runQueryTile_fu_142/runQueryBlock_1_U0/grp_runQueryBlock_1_Outline_VITIS_LOOP_117_5_fu_172/ap_clk
    SLICE_X70Y132        FDRE                                         r  u_bd/split_d_system_i/fsa_0/inst/grp_run_fu_161/grp_runController_fu_106/grp_runQueryTile_fu_142/runQueryBlock_1_U0/grp_runQueryBlock_1_Outline_VITIS_LOOP_117_5_fu_172/sub_i3_reg_2877_reg[30]/C
                         clock pessimism             -0.379    13.015    
                         clock uncertainty           -2.770    10.245    
    SLICE_X70Y132        FDRE (Setup_AFF2_SLICEL_C_D)
                                                      0.025    10.270    u_bd/split_d_system_i/fsa_0/inst/grp_run_fu_161/grp_runController_fu_106/grp_runQueryTile_fu_142/runQueryBlock_1_U0/grp_runQueryBlock_1_Outline_VITIS_LOOP_117_5_fu_172/sub_i3_reg_2877_reg[30]
  -------------------------------------------------------------------
                         required time                         10.270    
                         arrival time                          -9.728    
  -------------------------------------------------------------------
                         slack                                  0.542    

Slack (MET) :             0.544ns  (required time - arrival time)
  Source:                 <hidden>
                            (rising edge-triggered cell FDRE clocked by clk_out1_split_d_system_clk_wiz_0_0  {rise@0.000ns fall@5.000ns period=10.000ns})
  Destination:            u_bd/split_d_system_i/fsa_0/inst/grp_run_fu_161/grp_runController_fu_106/grp_runQueryTile_fu_142/runQueryBlock_0_U0/grp_runQueryBlock_0_Outline_VITIS_LOOP_117_5_fu_168/acc_b_reg_2859_reg[14]/D
                            (rising edge-triggered cell FDRE clocked by clk_out1_split_d_system_clk_wiz_0_0  {rise@0.000ns fall@5.000ns period=10.000ns})
  Path Group:             clk_out1_split_d_system_clk_wiz_0_0
  Path Type:              Setup (Max at Slow Process Corner)
  Requirement:            10.000ns  (clk_out1_split_d_system_clk_wiz_0_0 rise@10.000ns - clk_out1_split_d_system_clk_wiz_0_0 rise@0.000ns)
  Data Path Delay:        6.637ns  (logic 4.819ns (72.607%)  route 1.818ns (27.393%))
  Logic Levels:           19  (CARRY8=1 DSP_A_B_DATA=2 DSP_ALU=2 DSP_M_DATA=2 DSP_MULTIPLIER=2 DSP_OUTPUT=2 DSP_PREADD=1 DSP_PREADD_DATA=3 LUT2=1 LUT3=1 LUT5=2)
  Clock Path Skew:        -0.074ns (DCD - SCD + CPR)
    Destination Clock Delay (DCD):    3.411ns = ( 13.411 - 10.000 ) 
    Source Clock Delay      (SCD):    3.058ns
    Clock Pessimism Removal (CPR):    -0.428ns
  Clock Uncertainty:      2.770ns  ((TSJ^2 + DJ^2)^1/2) / 2 + PE + UU
    Total System Jitter     (TSJ):    0.071ns
    Discrete Jitter          (DJ):    0.120ns
    Phase Error              (PE):    0.000ns
    User Uncertainty         (UU):    2.700ns
  Clock Net Delay (Source):      1.763ns (routing 0.581ns, distribution 1.182ns)
  Clock Net Delay (Destination): 1.573ns (routing 0.530ns, distribution 1.043ns)

    Location             Delay type                Incr(ns)  Path(ns)    Netlist Resource(s)
  -------------------------------------------------------------------    -------------------
                         (clock clk_out1_split_d_system_clk_wiz_0_0 rise edge)
                                                      0.000     0.000 r  
    BH42                                              0.000     0.000 r  board_clk_p (IN)
                         net (fo=0)                   0.100     0.100    u_board_clk/I
    HPIOBDIFFINBUF_X0Y36 DIFFINBUF (Prop_DIFFINBUF_HPIOBDIFFINBUF_DIFF_IN_P_O)
                                                      0.615     0.715 r  u_board_clk/DIFFINBUF_INST/O
                         net (fo=1, routed)           0.050     0.765    u_board_clk/OUT
    BH42                 IBUFCTRL (Prop_IBUFCTRL_HPIOB_M_I_O)
                                                      0.000     0.765 r  u_board_clk/IBUFCTRL_INST/O
                         net (fo=4, routed)           0.384     1.149    u_bd/split_d_system_i/clk_wiz_0/inst/clk_in1
    MMCM_X0Y1            MMCME4_ADV (Prop_MMCM_CLKIN1_CLKOUT0)
                                                     -0.127     1.022 r  u_bd/split_d_system_i/clk_wiz_0/inst/mmcme4_adv_inst/CLKOUT0
                         net (fo=1, routed)           0.245     1.267    u_bd/split_d_system_i/clk_wiz_0/inst/clk_out1_split_d_system_clk_wiz_0_0
    BUFGCE_X0Y24         BUFGCE (Prop_BUFCE_BUFGCE_I_O)
                                                      0.028     1.295 r  u_bd/split_d_system_i/clk_wiz_0/inst/clkout1_buf/O
    X3Y1 (CLOCK_ROOT)    net (fo=48822, routed)       1.763     3.058    <hidden>
    SLICE_X120Y54        FDRE                                         r  <hidden>
  -------------------------------------------------------------------    -------------------
    SLICE_X120Y54        FDRE (Prop_HFF_SLICEL_C_Q)
                                                      0.079     3.137 r  <hidden>
                         net (fo=54, routed)          0.307     3.444    <hidden>
    SLICE_X122Y51        LUT3 (Prop_B6LUT_SLICEM_I1_O)
                                                      0.149     3.593 r  <hidden>
                         net (fo=1, routed)           0.331     3.924    <hidden>
    DSP48E2_X16Y14       DSP_A_B_DATA (Prop_DSP_A_B_DATA_DSP48E2_A[7]_A2_DATA[7])
                                                      0.192     4.116 f  <hidden>
                         net (fo=1, routed)           0.000     4.116    <hidden>
    DSP48E2_X16Y14       DSP_PREADD_DATA (Prop_DSP_PREADD_DATA_DSP48E2_A2_DATA[7]_PREADD_AB[7])
                                                      0.124     4.240 r  <hidden>
                         net (fo=1, routed)           0.000     4.240    <hidden>
    DSP48E2_X16Y14       DSP_PREADD (Prop_DSP_PREADD_DSP48E2_PREADD_AB[7]_AD[26])
                                                      0.488     4.728 f  <hidden>
                         net (fo=1, routed)           0.000     4.728    <hidden>
    DSP48E2_X16Y14       DSP_PREADD_DATA (Prop_DSP_PREADD_DATA_DSP48E2_AD[26]_AD_DATA[26])
                                                      0.050     4.778 r  <hidden>
                         net (fo=1, routed)           0.000     4.778    <hidden>
    DSP48E2_X16Y14       DSP_MULTIPLIER (Prop_DSP_MULTIPLIER_DSP48E2_AD_DATA[26]_U[43])
                                                      0.612     5.390 f  <hidden>
                         net (fo=1, routed)           0.000     5.390    <hidden>
    DSP48E2_X16Y14       DSP_M_DATA (Prop_DSP_M_DATA_DSP48E2_U[43]_U_DATA[43])
                                                      0.047     5.437 r  <hidden>
                         net (fo=1, routed)           0.000     5.437    <hidden>
    DSP48E2_X16Y14       DSP_ALU (Prop_DSP_ALU_DSP48E2_U_DATA[43]_ALU_OUT[47])
                                                      0.585     6.022 r  <hidden>
                         net (fo=1, routed)           0.000     6.022    <hidden>
    DSP48E2_X16Y14       DSP_OUTPUT (Prop_DSP_OUTPUT_DSP48E2_ALU_OUT[47]_PATTERN_DETECT)
                                                      0.363     6.385 r  <hidden>
                         net (fo=59, routed)          0.272     6.657    <hidden>
    SLICE_X121Y50        LUT5 (Prop_B6LUT_SLICEM_I3_O)
                                                      0.149     6.806 r  <hidden>
                         net (fo=1, routed)           0.016     6.822    <hidden>
    SLICE_X121Y50        CARRY8 (Prop_CARRY8_SLICEM_S[1]_CO[7])
                                                      0.197     7.019 r  <hidden>
                         net (fo=5, routed)           0.271     7.290    <hidden>
    SLICE_X120Y50        LUT5 (Prop_C5LUT_SLICEL_I2_O)
                                                      0.136     7.426 f  <hidden>
                         net (fo=1, routed)           0.375     7.801    <hidden>
    DSP48E2_X16Y13       DSP_A_B_DATA (Prop_DSP_A_B_DATA_DSP48E2_B[15]_B2_DATA[15])
                                                      0.151     7.952 r  <hidden>
                         net (fo=1, routed)           0.000     7.952    <hidden>
    DSP48E2_X16Y13       DSP_PREADD_DATA (Prop_DSP_PREADD_DATA_DSP48E2_B2_DATA[15]_B2B1[15])
                                                      0.073     8.025 r  <hidden>
                         net (fo=1, routed)           0.000     8.025    <hidden>
    DSP48E2_X16Y13       DSP_MULTIPLIER (Prop_DSP_MULTIPLIER_DSP48E2_B2B1[15]_V[16])
                                                      0.609     8.634 f  <hidden>
                         net (fo=1, routed)           0.000     8.634    <hidden>
    DSP48E2_X16Y13       DSP_M_DATA (Prop_DSP_M_DATA_DSP48E2_V[16]_V_DATA[16])
                                                      0.046     8.680 r  <hidden>
                         net (fo=1, routed)           0.000     8.680    <hidden>
    DSP48E2_X16Y13       DSP_ALU (Prop_DSP_ALU_DSP48E2_V_DATA[16]_ALU_OUT[16])
                                                      0.571     9.251 f  <hidden>
                         net (fo=1, routed)           0.000     9.251    <hidden>
    DSP48E2_X16Y13       DSP_OUTPUT (Prop_DSP_OUTPUT_DSP48E2_ALU_OUT[16]_P[16])
                                                      0.109     9.360 r  <hidden>
                         net (fo=1, routed)           0.187     9.547    <hidden>
    SLICE_X121Y46        LUT2 (Prop_B6LUT_SLICEM_I0_O)
                                                      0.089     9.636 r  <hidden>
                         net (fo=1, routed)           0.059     9.695    u_bd/split_d_system_i/fsa_0/inst/grp_run_fu_161/grp_runController_fu_106/grp_runQueryTile_fu_142/runQueryBlock_0_U0/grp_runQueryBlock_0_Outline_VITIS_LOOP_117_5_fu_168/grp_fu_880_p2[14]
    SLICE_X121Y46        FDRE                                         r  u_bd/split_d_system_i/fsa_0/inst/grp_run_fu_161/grp_runController_fu_106/grp_runQueryTile_fu_142/runQueryBlock_0_U0/grp_runQueryBlock_0_Outline_VITIS_LOOP_117_5_fu_168/acc_b_reg_2859_reg[14]/D
  -------------------------------------------------------------------    -------------------

                         (clock clk_out1_split_d_system_clk_wiz_0_0 rise edge)
                                                     10.000    10.000 r  
    BH42                                              0.000    10.000 r  board_clk_p (IN)
                         net (fo=0)                   0.079    10.079    u_board_clk/I
    HPIOBDIFFINBUF_X0Y36 DIFFINBUF (Prop_DIFFINBUF_HPIOBDIFFINBUF_DIFF_IN_P_O)
                                                      0.518    10.597 r  u_board_clk/DIFFINBUF_INST/O
                         net (fo=1, routed)           0.040    10.637    u_board_clk/OUT
    BH42                 IBUFCTRL (Prop_IBUFCTRL_HPIOB_M_I_O)
                                                      0.000    10.637 r  u_board_clk/IBUFCTRL_INST/O
                         net (fo=4, routed)           0.333    10.970    u_bd/split_d_system_i/clk_wiz_0/inst/clk_in1
    MMCM_X0Y1            MMCME4_ADV (Prop_MMCM_CLKIN1_CLKOUT0)
                                                      0.630    11.600 r  u_bd/split_d_system_i/clk_wiz_0/inst/mmcme4_adv_inst/CLKOUT0
                         net (fo=1, routed)           0.215    11.815    u_bd/split_d_system_i/clk_wiz_0/inst/clk_out1_split_d_system_clk_wiz_0_0
    BUFGCE_X0Y24         BUFGCE (Prop_BUFCE_BUFGCE_I_O)
                                                      0.024    11.839 r  u_bd/split_d_system_i/clk_wiz_0/inst/clkout1_buf/O
    X3Y1 (CLOCK_ROOT)    net (fo=48822, routed)       1.573    13.411    u_bd/split_d_system_i/fsa_0/inst/grp_run_fu_161/grp_runController_fu_106/grp_runQueryTile_fu_142/runQueryBlock_0_U0/grp_runQueryBlock_0_Outline_VITIS_LOOP_117_5_fu_168/ap_clk
    SLICE_X121Y46        FDRE                                         r  u_bd/split_d_system_i/fsa_0/inst/grp_run_fu_161/grp_runController_fu_106/grp_runQueryTile_fu_142/runQueryBlock_0_U0/grp_runQueryBlock_0_Outline_VITIS_LOOP_117_5_fu_168/acc_b_reg_2859_reg[14]/C
                         clock pessimism             -0.428    12.984    
                         clock uncertainty           -2.770    10.214    
    SLICE_X121Y46        FDRE (Setup_BFF_SLICEM_C_D)
                                                      0.025    10.239    u_bd/split_d_system_i/fsa_0/inst/grp_run_fu_161/grp_runController_fu_106/grp_runQueryTile_fu_142/runQueryBlock_0_U0/grp_runQueryBlock_0_Outline_VITIS_LOOP_117_5_fu_168/acc_b_reg_2859_reg[14]
  -------------------------------------------------------------------
                         required time                         10.239    
                         arrival time                          -9.695    
  -------------------------------------------------------------------
                         slack                                  0.544    




